{"type":"FeatureCollection","features":[{"type":"Feature","geometry":{"type":"Polygon","coordinates":[[[-4.031752,51.210007],[-4.028441,51.20612],[-4.008181,51.198503],[-3.984407,51.193219],[-3.973305,51.187716],[-3.961674,51.169704],[-3.948916,51.167641],[-3.936492,51.173537],[-3.919927,51.166982],[-3.919691,51.161296],[-3.910319,51.153483],[-3.897614,51.152552],[-3.884816,51.149345],[-3.873092,51.127911],[-3.861973,51.121261],[-3.856233,51.113386],[-3.855413,51.092914],[-3.850267,51.099824],[-3.808411,51.092513],[-3.80779,51.07659],[-3.798762,51.07673],[-3.782032,51.064468],[-3.773007,51.064605],[-3.758309,51.057999],[-3.741938,51.05483],[-3.723975,51.057373],[-3.714783,51.052956],[-3.696529,51.047532],[-3.682135,51.048878],[-3.647769,51.047092],[-3.62772,51.041683],[-3.613326,51.043021],[-3.578927,51.040077],[-3.562689,51.040295],[-3.551635,51.033614],[-3.520632,51.02378],[-3.492065,51.033252],[-3.474133,51.036894],[-3.46706,51.041535],[-3.467204,51.046085],[-3.450963,51.046288],[-3.440312,51.05211],[-3.435073,51.057864],[-3.432235,51.082935],[-3.42338,51.088733],[-3.414383,51.08998],[-3.410909,51.094574],[-3.395492,51.095689],[-3.368078,51.102222],[-3.350298,51.101187],[-3.328434,51.095229],[-3.295131,51.103053],[-3.315587,51.1289],[-3.343529,51.139758],[-3.377071,51.139367],[-3.394979,51.144122],[-3.410689,51.14145],[-3.41862,51.142596],[-3.405147,51.153934],[-3.405298,51.158899],[-3.423216,51.163649],[-3.425611,51.177278],[-3.441718,51.187014],[-3.45171,51.190616],[-3.467512,51.190418],[-3.489399,51.195109],[-3.499517,51.202429],[-3.499719,51.208635],[-3.483951,51.210078],[-3.484151,51.216284],[-3.49621,51.222339],[-3.521986,51.22449],[-3.524086,51.228187],[-3.579647,51.233659],[-3.585321,51.226132],[-3.614623,51.215798],[-3.624591,51.218143],[-3.628718,51.223053],[-3.656388,51.222664],[-3.670403,51.227432],[-3.69219,51.22836],[-3.736002,51.23641],[-3.751817,51.236175],[-3.767822,51.240901],[-3.790739,51.243002],[-3.799576,51.237177],[-3.819326,51.232319],[-3.828383,51.232178],[-3.839343,51.234282],[-3.855601,51.232887],[-3.875296,51.226883],[-3.896984,51.225396],[-3.906181,51.22866],[-3.92253,51.229531],[-3.938688,51.22585],[-3.947551,51.221151],[-3.965515,51.217436],[-4.005302,51.215623],[-4.025319,51.217554],[-4.031752,51.210007]]]},"properties":{"OBJECTID_1":1,"OBJECTID":1,"NAME":"Devon & Cornwall Exmoor","REGION":"Exeter","SHORT_NAME":"EXMR","Shape_Leng":136688.021133,"DisplayOrd":44,"Shape_Le_1":0,"Shape_Area":0}},{"type":"Feature","geometry":{"type":"Polygon","coordinates":[[[-2.629629,51.328298],[-2.653427,51.329409],[-2.685281,51.33916],[-2.693322,51.346562],[-2.707237,51.348962],[-2.724805,51.331472],[-2.736696,51.331398],[-2.756411,51.325065],[-2.786238,51.331076],[-2.809931,51.325948],[-2.831772,51.328278],[-2.849583,51.326909],[-2.86336,51.321842],[-2.875248,51.321753],[-2.887087,51.319181],[-2.910984,51.325206],[-2.932804,51.326275],[-2.93476,51.325018],[-2.932351,51.30393],[-2.912349,51.294155],[-2.894408,51.288085],[-2.878522,51.285722],[-2.854743,51.284657],[-2.832989,51.286055],[-2.787327,51.278921],[-2.781157,51.265305],[-2.759246,51.256758],[-2.745256,51.248156],[-2.737185,51.238275],[-2.721227,51.229683],[-2.701434,51.228562],[-2.68556,51.224931],[-2.675565,51.217539],[-2.655779,51.21641],[-2.643935,51.217718],[-2.620146,51.21288],[-2.588677,51.225458],[-2.596618,51.227901],[-2.614447,51.230292],[-2.616557,51.240214],[-2.59895,51.255205],[-2.587143,51.260231],[-2.577358,51.268971],[-2.575503,51.278913],[-2.567707,51.288884],[-2.579806,51.306207],[-2.572084,51.322386],[-2.580182,51.336003],[-2.590092,51.335954],[-2.59984,51.323488],[-2.613677,51.320933],[-2.629629,51.328298]]]},"properties":{"OBJECTID_1":2,"OBJECTID":2,"NAME":"Wessex Mendips","REGION":"Exeter","SHORT_NAME":"MDPS","Shape_Leng":74522.8592287,"DisplayOrd":45,"Shape_Le_1":0,"Shape_Area":0}},{"type":"Feature","geometry":{"type":"Polygon","coordinates":[[[-3.875013,50.727738],[-3.882363,50.732172],[-3.89863,50.735323],[-3.954376,50.738954],[-3.970458,50.737545],[-4.002184,50.724485],[-4.011191,50.725468],[-4.044836,50.715777],[-4.058867,50.708702],[-4.081093,50.684406],[-4.085202,50.655879],[-4.097522,50.651105],[-4.10483,50.654388],[-4.10984,50.64633],[-4.137785,50.631025],[-4.163456,50.605511],[-4.157575,50.594239],[-4.131946,50.581053],[-4.124341,50.570949],[-4.127451,50.560649],[-4.11827,50.555125],[-4.115975,50.543785],[-4.123012,50.541381],[-4.119238,50.536897],[-4.124081,50.525427],[-4.114754,50.516492],[-4.102066,50.512169],[-4.096111,50.498618],[-4.088578,50.489649],[-4.091841,50.482761],[-4.094652,50.465638],[-4.085493,50.460112],[-4.074803,50.460303],[-4.067429,50.454743],[-4.05976,50.442359],[-4.050659,50.437967],[-4.04195,50.442673],[-4.033046,50.442829],[-4.027994,50.449747],[-4.033582,50.45534],[-4.028432,50.459982],[-4.010375,50.454605],[-4.003201,50.453591],[-3.999734,50.455927],[-3.987025,50.450454],[-3.981348,50.442583],[-3.986358,50.434531],[-3.980636,50.425523],[-3.971451,50.41885],[-3.965686,50.408704],[-3.953041,50.404365],[-3.938479,50.396641],[-3.907909,50.38918],[-3.893677,50.389412],[-3.869037,50.39664],[-3.856625,50.397977],[-3.843007,50.414128],[-3.816697,50.424785],[-3.800802,50.428447],[-3.802971,50.438656],[-3.792715,50.450196],[-3.77779,50.480017],[-3.758561,50.490552],[-3.762466,50.499598],[-3.754097,50.51452],[-3.719161,50.535527],[-3.692755,50.546157],[-3.676809,50.549802],[-3.6779,50.580515],[-3.685127,50.582687],[-3.701699,50.596103],[-3.696583,50.603007],[-3.646854,50.612825],[-3.638191,50.620914],[-3.63668,50.628902],[-3.640494,50.635677],[-3.64268,50.647027],[-3.639537,50.65959],[-3.645264,50.669752],[-3.656203,50.675287],[-3.674793,50.694369],[-3.718064,50.701705],[-3.723521,50.703901],[-3.723896,50.714138],[-3.751108,50.722837],[-3.772739,50.725924],[-3.790355,50.717689],[-3.82789,50.71483],[-3.85324,50.721258],[-3.86923,50.717588],[-3.878324,50.720856],[-3.875013,50.727738]]]},"properties":{"OBJECTID_1":3,"OBJECTID":3,"NAME":"Devon & Cornwall Dartmoor","REGION":"Exeter","SHORT_NAME":"DTMR","Shape_Leng":133989.962338,"DisplayOrd":43,"Shape_Le_1":0,"Shape_Area":0}},{"type":"Feature","geometry":{"type":"Polygon","coordinates":[[[-2.336001,52.966515],[-2.339434,52.967674],[-2.346865,52.965855],[-2.352864,52.971231],[-2.367777,52.973882],[-2.373772,52.978358],[-2.372322,52.982858],[-2.397633,52.981877],[-2.402076,52.979165],[-2.412484,52.977331],[-2.419878,52.971912],[-2.43919,52.967347],[-2.452515,52.960106],[-2.455454,52.956499],[-2.461408,52.956476],[-2.464366,52.954667],[-2.468753,52.947458],[-2.468714,52.943862],[-2.476046,52.933945],[-2.472826,52.911484],[-2.478724,52.906966],[-2.490567,52.902423],[-2.523186,52.895092],[-2.535188,52.904028],[-2.544142,52.906684],[-2.560508,52.907507],[-2.568048,52.915562],[-2.575507,52.917324],[-2.577018,52.919114],[-2.568189,52.926348],[-2.568248,52.930843],[-2.596574,52.935199],[-2.599636,52.941476],[-2.614618,52.948591],[-2.62356,52.949443],[-2.628064,52.952116],[-2.642973,52.953834],[-2.647492,52.957405],[-2.66534,52.956408],[-2.672824,52.959063],[-2.692146,52.957154],[-2.698056,52.954422],[-2.699443,52.948122],[-2.705337,52.944491],[-2.711127,52.934568],[-2.718491,52.930029],[-2.739332,52.9308],[-2.74384,52.933469],[-2.748427,52.940632],[-2.761834,52.941445],[-2.781031,52.93323],[-2.803245,52.927688],[-2.825556,52.927535],[-2.832872,52.921192],[-2.846117,52.913906],[-2.846011,52.908513],[-2.841481,52.90495],[-2.8518,52.900381],[-2.856259,52.900349],[-2.866772,52.905667],[-2.866969,52.915554],[-2.869979,52.91733],[-2.907211,52.919748],[-2.92496,52.915116],[-2.927973,52.916891],[-2.932627,52.925844],[-2.938595,52.926696],[-2.945993,52.924839],[-2.960626,52.913934],[-2.972501,52.912939],[-2.977063,52.917396],[-2.992097,52.924463],[-3.002549,52.926173],[-3.006969,52.924338],[-3.005253,52.914464],[-3.014132,52.912591],[-3.033289,52.905234],[-3.042187,52.904257],[-3.04975,52.909584],[-3.054144,52.906848],[-3.068944,52.904019],[-3.080701,52.898519],[-3.091038,52.895727],[-3.092434,52.892119],[-3.107225,52.889285],[-3.128052,52.889988],[-3.135529,52.891714],[-3.13816,52.894774],[-3.14482,52.892883],[-3.147488,52.89012],[-3.135613,52.88504],[-3.147007,52.884676],[-3.148391,52.881272],[-3.15244,52.878732],[-3.138911,52.873206],[-3.135163,52.870095],[-3.127722,52.867239],[-3.134419,52.861783],[-3.140591,52.860785],[-3.147607,52.855695],[-3.153947,52.854261],[-3.163071,52.847472],[-3.151325,52.842567],[-3.156597,52.837028],[-3.154081,52.832138],[-3.15888,52.830555],[-3.167845,52.819261],[-3.165403,52.812143],[-3.168179,52.807299],[-3.162196,52.80363],[-3.156328,52.807987],[-3.153186,52.806327],[-3.154059,52.802494],[-3.161816,52.799346],[-3.158472,52.793479],[-3.147982,52.792041],[-3.144657,52.7885],[-3.142495,52.790341],[-3.131149,52.787506],[-3.118899,52.787183],[-3.113787,52.786575],[-3.109765,52.786671],[-3.106174,52.792906],[-3.097715,52.791368],[-3.090299,52.796251],[-3.086756,52.79559],[-3.085674,52.790399],[-3.091709,52.786631],[-3.087844,52.779825],[-3.088859,52.777543],[-3.080738,52.777442],[-3.077903,52.773765],[-3.079525,52.77155],[-3.072194,52.769737],[-3.068588,52.77418],[-3.062107,52.769117],[-3.057906,52.773684],[-3.046536,52.767017],[-3.044465,52.769275],[-3.038985,52.770358],[-3.032613,52.76714],[-3.026352,52.767039],[-3.022675,52.764171],[-3.017098,52.767672],[-3.010696,52.761874],[-3.010795,52.758521],[-3.014467,52.75288],[-3.02178,52.751915],[-3.01587,52.748064],[-3.009757,52.750298],[-3.008005,52.747646],[-2.997624,52.743881],[-2.990627,52.74252],[-2.992506,52.738531],[-2.996529,52.736014],[-2.991112,52.733676],[-2.983057,52.733344],[-2.971101,52.735409],[-2.969194,52.732033],[-2.965041,52.732213],[-2.966656,52.72562],[-2.961838,52.72568],[-2.961515,52.715622],[-2.967178,52.714249],[-2.978122,52.715289],[-2.975475,52.721572],[-2.977522,52.726453],[-2.982146,52.725699],[-2.985687,52.722513],[-2.996667,52.721793],[-3.000609,52.720213],[-3.008383,52.721981],[-3.011428,52.720568],[-3.020485,52.721129],[-3.025436,52.716164],[-3.021793,52.710423],[-3.022521,52.706642],[-3.032037,52.699921],[-3.034226,52.693426],[-3.046961,52.691213],[-3.042722,52.686897],[-3.042084,52.681482],[-3.045641,52.675428],[-3.043049,52.671997],[-3.043949,52.666211],[-3.049076,52.662244],[-3.048593,52.657504],[-3.050859,52.653309],[-3.051091,52.647306],[-3.058136,52.647403],[-3.061651,52.645393],[-3.069887,52.645781],[-3.083524,52.641272],[-3.08129,52.639342],[-3.069402,52.637393],[-3.05979,52.630677],[-3.073103,52.628944],[-3.072206,52.625939],[-3.081619,52.621382],[-3.082702,52.615518],[-3.093644,52.609291],[-3.089305,52.603284],[-3.089359,52.599572],[-3.100332,52.59757],[-3.109793,52.590265],[-3.113631,52.59061],[-3.117447,52.585746],[-3.122174,52.587626],[-3.134418,52.58494],[-3.138571,52.582841],[-3.137774,52.573837],[-3.127428,52.56601],[-3.111487,52.541398],[-3.116975,52.53837],[-3.130088,52.536691],[-3.136986,52.534085],[-3.134621,52.528235],[-3.130734,52.527039],[-3.108745,52.529196],[-3.085332,52.534541],[-3.080807,52.539128],[-3.083474,52.541467],[-3.090567,52.542751],[-3.093944,52.544887],[-3.092333,52.547771],[-3.086156,52.548633],[-3.087283,52.551273],[-3.071406,52.553965],[-3.064998,52.556794],[-3.059818,52.555546],[-3.05704,52.558546],[-3.050032,52.56065],[-3.043934,52.568112],[-3.036453,52.571789],[-3.025129,52.57359],[-3.026016,52.57909],[-3.022827,52.582632],[-3.007072,52.589611],[-2.999593,52.58847],[-2.991638,52.589816],[-2.978394,52.587216],[-2.972106,52.590886],[-2.96978,52.588567],[-2.964009,52.590631],[-2.952443,52.587495],[-2.932676,52.58696],[-2.927716,52.587813],[-2.923574,52.591058],[-2.906724,52.583799],[-2.904625,52.579359],[-2.895362,52.577624],[-2.891698,52.584637],[-2.871172,52.590734],[-2.868883,52.586067],[-2.860473,52.584549],[-2.854581,52.578717],[-2.845382,52.575776],[-2.846852,52.567355],[-2.838446,52.562291],[-2.839567,52.558448],[-2.856268,52.550278],[-2.855528,52.547141],[-2.845012,52.543869],[-2.83841,52.539358],[-2.833263,52.540151],[-2.832464,52.545535],[-2.820984,52.544901],[-2.787714,52.533319],[-2.766636,52.539518],[-2.766564,52.544265],[-2.771304,52.549769],[-2.769979,52.553212],[-2.756169,52.553451],[-2.737116,52.56626],[-2.727703,52.569716],[-2.718286,52.565052],[-2.711035,52.564543],[-2.706275,52.566014],[-2.690467,52.56123],[-2.693156,52.555488],[-2.682847,52.548484],[-2.682956,52.540877],[-2.677653,52.538977],[-2.673896,52.534834],[-2.652685,52.548618],[-2.641824,52.559],[-2.611421,52.574794],[-2.60091,52.584826],[-2.597722,52.585251],[-2.59117,52.582142],[-2.57171,52.588456],[-2.531047,52.593054],[-2.519227,52.592041],[-2.511461,52.589637],[-2.499643,52.575135],[-2.490974,52.570109],[-2.482762,52.569091],[-2.466324,52.573315],[-2.451527,52.573193],[-2.402835,52.554902],[-2.398744,52.551838],[-2.398852,52.546862],[-2.390966,52.535586],[-2.38279,52.529401],[-2.3799,52.524901],[-2.36259,52.522884],[-2.350363,52.515404],[-2.343548,52.524363],[-2.339164,52.526446],[-2.334862,52.521208],[-2.336012,52.510108],[-2.332504,52.507783],[-2.32563,52.506333],[-2.319995,52.499673],[-2.311409,52.495146],[-2.305326,52.49769],[-2.278874,52.498854],[-2.264989,52.506471],[-2.253806,52.505553],[-2.229332,52.515445],[-2.228326,52.517508],[-2.231937,52.521037],[-2.242104,52.522992],[-2.242186,52.529568],[-2.259958,52.545495],[-2.273309,52.553208],[-2.266543,52.567479],[-2.250491,52.583969],[-2.250928,52.588713],[-2.255658,52.590806],[-2.245089,52.595545],[-2.241006,52.599854],[-2.241068,52.609804],[-2.246578,52.610121],[-2.248065,52.611916],[-2.240755,52.625416],[-2.239331,52.635307],[-2.233464,52.64341],[-2.236483,52.65509],[-2.233598,52.668581],[-2.239533,52.672165],[-2.242515,52.676653],[-2.249916,52.677537],[-2.252889,52.680228],[-2.252926,52.68652],[-2.255916,52.691908],[-2.267791,52.698174],[-2.282669,52.710725],[-2.279824,52.728711],[-2.271006,52.739519],[-2.265104,52.743128],[-2.265126,52.746724],[-2.268116,52.751212],[-2.277028,52.754787],[-2.277056,52.759282],[-2.272639,52.763787],[-2.281583,52.771857],[-2.278653,52.777257],[-2.281641,52.780846],[-2.280211,52.78894],[-2.286165,52.792522],[-2.292151,52.800598],[-2.290704,52.805995],[-2.281816,52.807814],[-2.280344,52.809616],[-2.29226,52.816778],[-2.292338,52.828465],[-2.270099,52.832113],[-2.267163,52.837513],[-2.282048,52.843772],[-2.293938,52.845541],[-2.296926,52.84823],[-2.310328,52.853589],[-2.319251,52.855364],[-2.325231,52.860741],[-2.341611,52.866089],[-2.366818,52.86062],[-2.369827,52.865105],[-2.361041,52.880414],[-2.361071,52.88401],[-2.355142,52.885826],[-2.355186,52.891219],[-2.359689,52.896599],[-2.36716,52.901071],[-2.376095,52.902841],[-2.380587,52.906422],[-2.382113,52.910912],[-2.377746,52.921713],[-2.371835,52.926227],[-2.365893,52.927144],[-2.36294,52.92985],[-2.35104,52.929886],[-2.346591,52.931696],[-2.331721,52.932638],[-2.330254,52.935339],[-2.322842,52.938955],[-2.306462,52.9372],[-2.303543,52.945298],[-2.315501,52.952459],[-2.321454,52.952443],[-2.330405,52.955115],[-2.330453,52.961407],[-2.336001,52.966515]]]},"properties":{"OBJECTID_1":4,"OBJECTID":4,"NAME":"Shropshire","REGION":"Birmingham","SHORT_NAME":"S","Shape_Leng":341881.51979,"DisplayOrd":14,"Shape_Le_1":0,"Shape_Area":0}},{"type":"Feature","geometry":{"type":"Polygon","coordinates":[[[-1.677937,52.330649],[-1.669962,52.338495],[-1.691731,52.339379],[-1.69466,52.340285],[-1.697559,52.345687],[-1.706354,52.347507],[-1.737187,52.346681],[-1.748957,52.342211],[-1.756296,52.342226],[-1.762148,52.345834],[-1.770965,52.344054],[-1.782646,52.356662],[-1.788519,52.356673],[-1.81939,52.347734],[-1.82528,52.343247],[-1.834084,52.344159],[-1.850245,52.339686],[-1.866415,52.331614],[-1.873747,52.33342],[-1.886939,52.339726],[-1.894258,52.347824],[-1.898658,52.349626],[-1.900108,52.357718],[-1.908904,52.364918],[-1.91329,52.37481],[-1.920631,52.376613],[-1.9265,52.381112],[-1.935312,52.382915],[-1.944121,52.387415],[-1.954405,52.389217],[-1.96763,52.388323],[-1.972039,52.386526],[-1.988201,52.389225],[-2.020523,52.380234],[-2.023464,52.385627],[-2.039632,52.392815],[-2.042582,52.403602],[-2.027887,52.4099],[-2.020537,52.4108],[-2.014659,52.417094],[-2.01172,52.423388],[-2.014663,52.42968],[-2.007312,52.442267],[-2.011725,52.441368],[-2.016139,52.443165],[-2.016141,52.44766],[-2.020558,52.453952],[-2.01173,52.461146],[-2.03234,52.467435],[-2.044121,52.472825],[-2.050029,52.489903],[-2.048571,52.50249],[-2.057412,52.504284],[-2.064775,52.502482],[-2.067723,52.503379],[-2.078055,52.514161],[-2.085414,52.509661],[-2.091309,52.510556],[-2.094283,52.523139],[-2.100172,52.520437],[-2.107554,52.525825],[-2.114929,52.527616],[-2.119365,52.533005],[-2.119377,52.5375],[-2.113503,52.546496],[-2.134209,52.566252],[-2.134217,52.568949],[-2.125377,52.573453],[-2.122439,52.577951],[-2.122459,52.585143],[-2.104748,52.58516],[-2.101809,52.590557],[-2.09444,52.595957],[-2.091508,52.605848],[-2.10483,52.619321],[-2.109245,52.613024],[-2.119581,52.612115],[-2.132861,52.608505],[-2.137297,52.610298],[-2.146158,52.610288],[-2.162392,52.60757],[-2.166812,52.604866],[-2.169734,52.596771],[-2.180038,52.589564],[-2.184463,52.588659],[-2.190375,52.590447],[-2.222849,52.59039],[-2.224339,52.593085],[-2.217011,52.603886],[-2.217038,52.60928],[-2.220014,52.613769],[-2.225926,52.614657],[-2.23181,52.610151],[-2.241068,52.609804],[-2.241006,52.599854],[-2.245089,52.595545],[-2.255658,52.590806],[-2.250928,52.588713],[-2.250491,52.583969],[-2.266543,52.567479],[-2.273309,52.553208],[-2.262427,52.547428],[-2.242186,52.529568],[-2.242104,52.522992],[-2.231937,52.521037],[-2.228127,52.516652],[-2.253806,52.505553],[-2.264989,52.506471],[-2.278874,52.498854],[-2.305326,52.49769],[-2.310882,52.495436],[-2.307669,52.484126],[-2.301718,52.48124],[-2.301347,52.47478],[-2.290018,52.462771],[-2.294295,52.453258],[-2.318568,52.439349],[-2.312398,52.433891],[-2.313593,52.432169],[-2.304037,52.425757],[-2.309231,52.421899],[-2.301713,52.420337],[-2.310665,52.41074],[-2.305484,52.406337],[-2.312182,52.39209],[-2.328058,52.382855],[-2.337986,52.370449],[-2.344658,52.365952],[-2.356255,52.365486],[-2.372015,52.362023],[-2.385601,52.363202],[-2.400799,52.359794],[-2.407266,52.360498],[-2.409815,52.356194],[-2.421678,52.346378],[-2.419294,52.344432],[-2.435465,52.337761],[-2.443111,52.330136],[-2.452322,52.325595],[-2.460487,52.323991],[-2.501714,52.323717],[-2.524289,52.315372],[-2.53573,52.313449],[-2.535917,52.306503],[-2.527684,52.301291],[-2.514865,52.296963],[-2.497757,52.293933],[-2.493815,52.291613],[-2.490822,52.285717],[-2.482248,52.284853],[-2.483656,52.279453],[-2.477677,52.268689],[-2.476125,52.260604],[-2.475903,52.239927],[-2.472917,52.234545],[-2.472831,52.226454],[-2.469865,52.22287],[-2.472659,52.210272],[-2.475586,52.21026],[-2.479928,52.205747],[-2.484308,52.20483],[-2.47987,52.200353],[-2.481255,52.193155],[-2.45921,52.183353],[-2.459164,52.178858],[-2.453287,52.176184],[-2.456101,52.165385],[-2.44428,52.152843],[-2.442774,52.148353],[-2.445661,52.144746],[-2.450044,52.14473],[-2.455926,52.148303],[-2.461763,52.147381],[-2.461697,52.141088],[-2.470426,52.137458],[-2.47036,52.131164],[-2.480364,52.110446],[-2.480209,52.096061],[-2.48593,52.085249],[-2.496106,52.081611],[-2.498994,52.078901],[-2.50628,52.077971],[-2.522193,52.066214],[-2.528038,52.067087],[-2.533809,52.061666],[-2.529391,52.05809],[-2.549588,52.040016],[-2.539307,52.03377],[-2.539275,52.031073],[-2.543615,52.028356],[-2.540635,52.022975],[-2.539026,52.010395],[-2.543288,52.001385],[-2.5373,51.987926],[-2.545895,51.976199],[-2.550251,51.975279],[-2.548719,51.968993],[-2.544287,51.963619],[-2.534056,51.960069],[-2.528235,51.960096],[-2.52232,51.95203],[-2.525199,51.94932],[-2.520813,51.947542],[-2.517831,51.941261],[-2.504648,51.933227],[-2.485576,51.918022],[-2.478163,51.904566],[-2.477991,51.888383],[-2.482302,51.88387],[-2.47932,51.87669],[-2.480753,51.874886],[-2.492344,51.87214],[-2.499606,51.87211],[-2.505476,51.877479],[-2.508381,51.877467],[-2.52273,51.862119],[-2.532863,51.859376],[-2.540047,51.85305],[-2.532756,51.850386],[-2.525362,51.838731],[-2.525299,51.833337],[-2.555662,51.824206],[-2.562939,51.82597],[-2.570182,51.825036],[-2.576009,51.826805],[-2.587593,51.82495],[-2.587476,51.815959],[-2.600472,51.811398],[-2.598759,51.791626],[-2.607337,51.782591],[-2.607265,51.777197],[-2.617385,51.775346],[-2.624508,51.766317],[-2.636011,51.759962],[-2.621424,51.752847],[-2.615618,51.751978],[-2.615483,51.742089],[-2.621227,51.738462],[-2.627019,51.738431],[-2.635746,51.741081],[-2.640065,51.73926],[-2.639925,51.72937],[-2.642744,51.72396],[-2.634033,51.722209],[-2.631063,51.71683],[-2.622304,51.711482],[-2.629441,51.704251],[-2.642451,51.703282],[-2.649596,51.696949],[-2.643732,51.691586],[-2.642146,51.681704],[-2.649338,51.678967],[-2.655006,51.670844],[-2.66221,51.669005],[-2.659174,51.659132],[-2.666336,51.654595],[-2.666284,51.650999],[-2.64885,51.644803],[-2.650166,51.635804],[-2.65303,51.63399],[-2.651201,51.610184],[-2.644827,51.615784],[-2.648359,51.620958],[-2.648303,51.628382],[-2.643491,51.633773],[-2.638891,51.635417],[-2.622406,51.655646],[-2.621777,51.662206],[-2.607746,51.672716],[-2.590212,51.681078],[-2.574928,51.68484],[-2.548991,51.693056],[-2.541971,51.698843],[-2.527253,51.702417],[-2.517628,51.708484],[-2.505201,51.710246],[-2.49237,51.728193],[-2.476958,51.735809],[-2.469085,51.744652],[-2.453631,51.749029],[-2.436634,51.758894],[-2.40444,51.771776],[-2.403468,51.776545],[-2.411623,51.780832],[-2.424828,51.782314],[-2.43685,51.781281],[-2.444997,51.784307],[-2.449529,51.788066],[-2.451206,51.796331],[-2.449935,51.799753],[-2.445182,51.803098],[-2.443072,51.809759],[-2.43212,51.817173],[-2.42402,51.819809],[-2.415448,51.818401],[-2.402574,51.806398],[-2.38484,51.801782],[-2.366073,51.79447],[-2.3529,51.797207],[-2.347001,51.803339],[-2.356725,51.804209],[-2.359638,51.805818],[-2.362957,51.821722],[-2.359594,51.818406],[-2.357794,51.811039],[-2.346736,51.806576],[-2.344944,51.799748],[-2.349983,51.795058],[-2.35707,51.792789],[-2.371711,51.792384],[-2.390043,51.799697],[-2.400645,51.80146],[-2.41185,51.805737],[-2.42136,51.814514],[-2.428171,51.81386],[-2.441687,51.801582],[-2.445654,51.792127],[-2.436189,51.787937],[-2.408616,51.784889],[-2.387673,51.776958],[-2.382694,51.77104],[-2.382025,51.760433],[-2.399468,51.750394],[-2.410169,51.748379],[-2.429054,51.738781],[-2.437157,51.738032],[-2.448186,51.740328],[-2.470206,51.727025],[-2.481257,51.725014],[-2.48241,51.717454],[-2.473693,51.714334],[-2.457628,51.714487],[-2.455805,51.720339],[-2.450737,51.720178],[-2.449321,51.723421],[-2.443088,51.722635],[-2.437604,51.709349],[-2.428024,51.706417],[-2.417781,51.70987],[-2.413659,51.702243],[-2.409007,51.699831],[-2.407644,51.693093],[-2.405017,51.690584],[-2.391684,51.687842],[-2.388608,51.683357],[-2.371852,51.686108],[-2.369632,51.680001],[-2.35991,51.675985],[-2.359602,51.673649],[-2.352917,51.669443],[-2.345686,51.669285],[-2.341914,51.667587],[-2.330806,51.671126],[-2.322566,51.671419],[-2.30489,51.666341],[-2.295654,51.669152],[-2.281336,51.668647],[-2.274674,51.666955],[-2.265516,51.658614],[-2.261464,51.657814],[-2.2518,51.661701],[-2.247605,51.661351],[-2.241112,51.663792],[-2.229957,51.659229],[-2.22215,51.659154],[-2.214785,51.660876],[-2.196835,51.655513],[-2.185152,51.661915],[-2.184453,51.667671],[-2.175637,51.668853],[-2.178832,51.672355],[-2.171316,51.673265],[-2.168432,51.675607],[-2.153828,51.676257],[-2.15138,51.679497],[-2.145743,51.680403],[-2.141849,51.683914],[-2.133033,51.686442],[-2.126252,51.692744],[-2.123793,51.693106],[-2.12226,51.714686],[-2.111699,51.716675],[-2.108954,51.718835],[-2.099257,51.719653],[-2.09579,51.722983],[-2.083633,51.72506],[-2.066702,51.730375],[-2.0508,51.752771],[-2.058192,51.755915],[-2.057326,51.758702],[-2.066468,51.768318],[-2.061843,51.777042],[-2.067358,51.781624],[-2.073591,51.78198],[-2.071425,51.787196],[-2.058813,51.787293],[-2.050991,51.793591],[-2.054331,51.797905],[-2.051145,51.801682],[-2.054484,51.804019],[-2.061882,51.805184],[-2.056095,51.816965],[-2.067849,51.819116],[-2.07627,51.822708],[-2.076279,51.828012],[-2.080922,51.828279],[-2.088329,51.83151],[-2.096884,51.828357],[-2.106609,51.829607],[-2.102412,51.834376],[-2.093563,51.836271],[-2.092266,51.840678],[-2.101566,51.845525],[-2.09418,51.853803],[-2.086338,51.852371],[-2.079229,51.855523],[-2.074582,51.855166],[-2.07619,51.861279],[-2.074598,51.864696],[-2.059495,51.864525],[-2.059489,51.85994],[-2.05571,51.857694],[-2.048305,51.857338],[-2.043224,51.859048],[-2.035964,51.85923],[-2.035677,51.863096],[-2.028851,51.862289],[-2.017816,51.866067],[-2.016509,51.864989],[-2.006343,51.865439],[-1.996613,51.863731],[-1.990367,51.871463],[-1.990802,51.87425],[-1.986734,51.877127],[-1.986733,51.880723],[-1.999808,51.890074],[-2.012014,51.892411],[-2.012307,51.899784],[-2.009401,51.905628],[-2.013182,51.911562],[-2.010858,51.917856],[-2.004315,51.920104],[-1.99879,51.918396],[-1.992247,51.922801],[-1.984394,51.92334],[-1.981776,51.926126],[-1.972903,51.928732],[-1.965926,51.923875],[-1.968111,51.918931],[-1.950816,51.912092],[-1.924348,51.917832],[-1.919836,51.920257],[-1.922882,51.924754],[-1.924462,51.936443],[-1.922855,51.940937],[-1.927358,51.944896],[-1.928225,51.948313],[-1.913822,51.947764],[-1.903777,51.950813],[-1.903182,51.956657],[-1.907248,51.961245],[-1.906945,51.966999],[-1.898942,51.965824],[-1.898641,51.970229],[-1.89092,51.97247],[-1.888293,51.975524],[-1.888419,51.983346],[-1.883758,51.983791],[-1.879959,51.988643],[-1.879351,51.998352],[-1.85881,51.999408],[-1.845962,52.008113],[-1.836048,52.010077],[-1.835271,52.023472],[-1.829271,52.028449],[-1.828539,52.031882],[-1.830526,52.043089],[-1.821249,52.047445],[-1.807971,52.05009],[-1.804731,52.055012],[-1.790623,52.061545],[-1.784029,52.067873],[-1.778923,52.0663],[-1.765261,52.066996],[-1.763128,52.0698],[-1.767052,52.081349],[-1.76436,52.083295],[-1.754968,52.082671],[-1.744928,52.084736],[-1.731818,52.084169],[-1.728565,52.0856],[-1.725131,52.094065],[-1.720949,52.098355],[-1.720677,52.105676],[-1.7059,52.139876],[-1.714755,52.154286],[-1.734794,52.170235],[-1.735918,52.174065],[-1.734059,52.178355],[-1.701726,52.18088],[-1.692221,52.176705],[-1.681599,52.166354],[-1.672285,52.161893],[-1.655614,52.157772],[-1.63672,52.156335],[-1.633159,52.162346],[-1.624466,52.167142],[-1.618141,52.173181],[-1.614357,52.187305],[-1.62382,52.200541],[-1.62343,52.205838],[-1.639213,52.216261],[-1.664047,52.228694],[-1.68143,52.230599],[-1.713576,52.230773],[-1.722089,52.235743],[-1.717888,52.238063],[-1.706885,52.252648],[-1.69998,52.258653],[-1.704183,52.261226],[-1.703717,52.264657],[-1.693542,52.266716],[-1.681869,52.271348],[-1.674585,52.277638],[-1.671407,52.285643],[-1.657767,52.290558],[-1.655524,52.292788],[-1.651415,52.303332],[-1.657195,52.307828],[-1.673173,52.314808],[-1.677192,52.319326],[-1.677937,52.330649]]]},"properties":{"OBJECTID_1":5,"OBJECTID":5,"NAME":"Severn Lowlands","REGION":"Birmingham","SHORT_NAME":"SL","Shape_Leng":526621.127039,"DisplayOrd":15,"Shape_Le_1":0,"Shape_Area":0}},{"type":"Feature","geometry":{"type":"Polygon","coordinates":[[[-2.310882,52.495436],[-2.319995,52.499673],[-2.32563,52.506333],[-2.332504,52.507783],[-2.336012,52.510108],[-2.334862,52.521208],[-2.339164,52.526446],[-2.343548,52.524363],[-2.350363,52.515404],[-2.36259,52.522884],[-2.3799,52.524901],[-2.38279,52.529401],[-2.390966,52.535586],[-2.398852,52.546862],[-2.398744,52.551838],[-2.402835,52.554902],[-2.451527,52.573193],[-2.466324,52.573315],[-2.482762,52.569091],[-2.490974,52.570109],[-2.499643,52.575135],[-2.509452,52.588254],[-2.513802,52.590801],[-2.522127,52.592458],[-2.536886,52.592864],[-2.568855,52.58892],[-2.57994,52.586606],[-2.59117,52.582142],[-2.597722,52.585251],[-2.60091,52.584826],[-2.611421,52.574794],[-2.641824,52.559],[-2.652685,52.548618],[-2.673896,52.534834],[-2.677653,52.538977],[-2.682956,52.540877],[-2.682847,52.548484],[-2.693156,52.555488],[-2.690467,52.56123],[-2.706275,52.566014],[-2.711035,52.564543],[-2.718286,52.565052],[-2.727703,52.569716],[-2.737116,52.56626],[-2.756169,52.553451],[-2.769979,52.553212],[-2.771304,52.549769],[-2.766564,52.544265],[-2.766636,52.539518],[-2.787714,52.533319],[-2.820984,52.544901],[-2.832464,52.545535],[-2.833263,52.540151],[-2.83841,52.539358],[-2.845012,52.543869],[-2.855528,52.547141],[-2.856268,52.550278],[-2.839567,52.558448],[-2.838446,52.562291],[-2.846852,52.567355],[-2.845382,52.575776],[-2.854581,52.578717],[-2.860473,52.584549],[-2.868883,52.586067],[-2.871172,52.590734],[-2.891698,52.584637],[-2.895362,52.577624],[-2.904625,52.579359],[-2.906724,52.583799],[-2.923574,52.591058],[-2.927716,52.587813],[-2.932676,52.58696],[-2.952443,52.587495],[-2.964009,52.590631],[-2.96978,52.588567],[-2.972106,52.590886],[-2.978394,52.587216],[-2.991638,52.589816],[-2.999593,52.58847],[-3.007072,52.589611],[-3.022827,52.582632],[-3.0262,52.577093],[-3.025129,52.57359],[-3.014521,52.575485],[-3.006593,52.573837],[-2.997649,52.563819],[-2.999749,52.554718],[-2.994281,52.552367],[-3.003862,52.533545],[-3.005102,52.529436],[-3.000882,52.523996],[-3.003817,52.519804],[-3.010724,52.520051],[-3.013042,52.522102],[-3.032417,52.523692],[-3.030798,52.519507],[-3.036431,52.511491],[-3.032172,52.509666],[-3.034589,52.505049],[-3.029204,52.501253],[-3.046366,52.499047],[-3.055827,52.499994],[-3.085216,52.498517],[-3.107925,52.499326],[-3.12654,52.492308],[-3.140404,52.491596],[-3.145222,52.488496],[-3.157755,52.485068],[-3.179605,52.474117],[-3.197307,52.476003],[-3.196899,52.474577],[-3.215901,52.465468],[-3.219703,52.459525],[-3.231878,52.453112],[-3.234138,52.449429],[-3.235554,52.4425],[-3.233287,52.4397],[-3.228337,52.439438],[-3.230685,52.430469],[-3.222325,52.426725],[-3.219742,52.421308],[-3.199278,52.417047],[-3.17907,52.409465],[-3.172943,52.406518],[-3.170083,52.402969],[-3.160654,52.399918],[-3.159261,52.398025],[-3.161547,52.392129],[-3.158182,52.391494],[-3.154615,52.387777],[-3.14934,52.388119],[-3.129591,52.384466],[-3.120239,52.37743],[-3.110604,52.377146],[-3.104317,52.37376],[-3.100987,52.367913],[-3.097609,52.367945],[-3.091932,52.362564],[-3.070544,52.355965],[-3.065301,52.353331],[-3.065215,52.350053],[-3.060665,52.348227],[-3.052327,52.347779],[-3.040027,52.344363],[-3.021758,52.346518],[-3.010038,52.349499],[-3.005219,52.349057],[-2.998326,52.351881],[-2.98607,52.350882],[-2.974299,52.354723],[-2.970584,52.351395],[-2.964162,52.351487],[-2.960358,52.349227],[-2.954728,52.349237],[-2.961652,52.335923],[-2.966806,52.332417],[-2.966841,52.329489],[-2.981084,52.326988],[-2.986028,52.323456],[-2.997149,52.324515],[-3.000868,52.321754],[-3.003848,52.311219],[-3.000601,52.304393],[-3.001295,52.300065],[-3.005524,52.290671],[-3.011949,52.28804],[-3.009343,52.282832],[-3.011661,52.277396],[-3.001341,52.274965],[-2.996024,52.275775],[-2.992675,52.272843],[-2.979061,52.272626],[-2.965036,52.2743],[-2.963407,52.272608],[-2.954493,52.271609],[-2.955954,52.270909],[-2.965065,52.268112],[-2.96499,52.262325],[-2.977287,52.259676],[-2.978584,52.262375],[-2.984794,52.262261],[-2.989778,52.260486],[-2.996255,52.261497],[-2.998688,52.26415],[-3.005614,52.2642],[-3.025369,52.258166],[-3.03601,52.256759],[-3.03892,52.253589],[-3.04518,52.253344],[-3.048328,52.250245],[-3.045257,52.246847],[-3.049949,52.245003],[-3.043707,52.245512],[-3.043146,52.24275],[-3.049159,52.238893],[-3.058684,52.236072],[-3.073122,52.235782],[-3.073952,52.234061],[-3.07208,52.228686],[-3.072134,52.222843],[-3.077224,52.219088],[-3.076794,52.213305],[-3.094143,52.203741],[-3.101792,52.202636],[-3.096389,52.194703],[-3.097348,52.184317],[-3.094722,52.183722],[-3.101408,52.177258],[-3.112487,52.173614],[-3.112457,52.170222],[-3.121992,52.166908],[-3.122427,52.163411],[-3.112064,52.158993],[-3.10168,52.157383],[-3.098873,52.154697],[-3.090075,52.157296],[-3.084891,52.162782],[-3.08254,52.163038],[-3.071568,52.158181],[-3.072535,52.155764],[-3.083296,52.148337],[-3.093685,52.144297],[-3.11535,52.139172],[-3.135868,52.1379],[-3.134132,52.133569],[-3.141224,52.129915],[-3.141915,52.127859],[-3.136809,52.123312],[-3.128056,52.124562],[-3.123543,52.121853],[-3.115026,52.12157],[-3.106712,52.118732],[-3.107901,52.114082],[-3.10546,52.105378],[-3.122709,52.10315],[-3.118853,52.08872],[-3.125972,52.078324],[-3.121327,52.076151],[-3.116456,52.065849],[-3.111445,52.064868],[-3.106956,52.059873],[-3.101498,52.05825],[-3.090582,52.050507],[-3.092806,52.047472],[-3.08628,52.040188],[-3.092348,52.033183],[-3.092756,52.028971],[-3.099193,52.022679],[-3.086891,52.013905],[-3.084082,52.004102],[-3.069419,51.989482],[-3.068307,51.983888],[-3.056953,51.975222],[-3.039602,51.966474],[-3.035329,51.959734],[-3.025938,51.957276],[-3.021617,51.950029],[-3.013156,51.944948],[-3.008517,51.938075],[-3.010268,51.932049],[-3.008117,51.927124],[-2.999236,51.923452],[-2.97666,51.927484],[-2.973982,51.922585],[-2.9762,51.921184],[-2.971167,51.913414],[-2.972889,51.908962],[-2.971841,51.904976],[-2.964939,51.90477],[-2.960776,51.90674],[-2.952329,51.906265],[-2.948723,51.909398],[-2.942626,51.909379],[-2.935637,51.912607],[-2.934003,51.915008],[-2.927414,51.91396],[-2.920269,51.917377],[-2.91611,51.917654],[-2.908166,51.921147],[-2.904131,51.925176],[-2.892269,51.925422],[-2.887023,51.928197],[-2.888515,51.933566],[-2.877831,51.933807],[-2.872075,51.930445],[-2.87014,51.92695],[-2.859004,51.927726],[-2.854382,51.923809],[-2.848026,51.923666],[-2.846432,51.919945],[-2.863313,51.917181],[-2.861916,51.914012],[-2.847397,51.91694],[-2.845146,51.915215],[-2.83714,51.9139],[-2.836147,51.906027],[-2.820946,51.905329],[-2.817638,51.903609],[-2.814334,51.897989],[-2.802851,51.894041],[-2.801626,51.89038],[-2.786329,51.884687],[-2.779422,51.884103],[-2.776778,51.881674],[-2.768328,51.880499],[-2.776891,51.873318],[-2.778838,51.865954],[-2.775894,51.863617],[-2.769608,51.862366],[-2.75773,51.849513],[-2.756819,51.846011],[-2.746617,51.844758],[-2.738872,51.836659],[-2.731534,51.841404],[-2.727572,51.840087],[-2.719708,51.848791],[-2.715042,51.840223],[-2.707192,51.83935],[-2.705145,51.845653],[-2.697322,51.844763],[-2.693293,51.833835],[-2.686999,51.83305],[-2.686769,51.836373],[-2.682854,51.83845],[-2.676818,51.836345],[-2.666154,51.835644],[-2.658192,51.832705],[-2.656854,51.826875],[-2.650226,51.82614],[-2.650095,51.824119],[-2.660869,51.822748],[-2.661104,51.818111],[-2.659536,51.810677],[-2.672575,51.808875],[-2.67854,51.802701],[-2.676744,51.798598],[-2.669552,51.794361],[-2.672466,51.79336],[-2.673358,51.784729],[-2.676222,51.780108],[-2.675066,51.777042],[-2.680449,51.768925],[-2.673262,51.759872],[-2.662689,51.753891],[-2.668778,51.744558],[-2.670742,51.737323],[-2.686769,51.730578],[-2.67984,51.72474],[-2.678884,51.714368],[-2.667926,51.706178],[-2.66958,51.700869],[-2.675027,51.699927],[-2.681558,51.703174],[-2.683122,51.700847],[-2.672907,51.697676],[-2.668274,51.693618],[-2.671244,51.681291],[-2.657547,51.676318],[-2.658583,51.671289],[-2.667333,51.668838],[-2.683338,51.668028],[-2.685165,51.662718],[-2.678075,51.660303],[-2.668106,51.666814],[-2.663016,51.664775],[-2.666091,51.657564],[-2.676099,51.650134],[-2.674591,51.645827],[-2.66753,51.647306],[-2.662568,51.644007],[-2.664741,51.634464],[-2.653313,51.623469],[-2.656975,51.616974],[-2.654875,51.611591],[-2.652108,51.609988],[-2.65303,51.63399],[-2.650166,51.635804],[-2.64885,51.644803],[-2.666284,51.650999],[-2.666336,51.654595],[-2.659174,51.659132],[-2.66221,51.669005],[-2.655006,51.670844],[-2.649338,51.678967],[-2.642146,51.681704],[-2.643732,51.691586],[-2.649596,51.696949],[-2.642451,51.703282],[-2.629441,51.704251],[-2.622304,51.711482],[-2.631063,51.71683],[-2.634033,51.722209],[-2.642744,51.72396],[-2.639925,51.72937],[-2.640065,51.73926],[-2.635746,51.741081],[-2.627019,51.738431],[-2.621227,51.738462],[-2.615483,51.742089],[-2.615618,51.751978],[-2.621424,51.752847],[-2.636011,51.759962],[-2.624508,51.766317],[-2.617385,51.775346],[-2.607265,51.777197],[-2.607337,51.782591],[-2.598759,51.791626],[-2.600472,51.811398],[-2.587476,51.815959],[-2.587593,51.82495],[-2.576009,51.826805],[-2.570182,51.825036],[-2.562939,51.82597],[-2.555662,51.824206],[-2.525299,51.833337],[-2.525362,51.838731],[-2.532756,51.850386],[-2.540047,51.85305],[-2.532863,51.859376],[-2.52273,51.862119],[-2.508381,51.877467],[-2.504013,51.876587],[-2.499606,51.87211],[-2.492344,51.87214],[-2.480753,51.874886],[-2.47932,51.87669],[-2.482302,51.88387],[-2.477991,51.888383],[-2.478163,51.904566],[-2.485576,51.918022],[-2.504648,51.933227],[-2.517831,51.941261],[-2.520813,51.947542],[-2.525199,51.94932],[-2.52232,51.95203],[-2.528235,51.960096],[-2.534056,51.960069],[-2.544287,51.963619],[-2.548719,51.968993],[-2.550251,51.975279],[-2.545895,51.976199],[-2.5373,51.987926],[-2.537332,51.990623],[-2.543288,52.001385],[-2.539026,52.010395],[-2.539091,52.01579],[-2.543615,52.028356],[-2.539275,52.031073],[-2.539307,52.03377],[-2.549588,52.040016],[-2.529391,52.05809],[-2.533809,52.061666],[-2.528038,52.067087],[-2.522193,52.066214],[-2.50628,52.077971],[-2.498994,52.078901],[-2.496106,52.081611],[-2.48593,52.085249],[-2.480209,52.096061],[-2.480364,52.110446],[-2.47036,52.131164],[-2.470426,52.137458],[-2.461697,52.141088],[-2.461763,52.147381],[-2.455926,52.148303],[-2.450044,52.14473],[-2.445661,52.144746],[-2.442774,52.148353],[-2.44428,52.152843],[-2.456101,52.165385],[-2.453287,52.176184],[-2.459164,52.178858],[-2.45921,52.183353],[-2.481255,52.193155],[-2.47987,52.200353],[-2.484308,52.20483],[-2.479928,52.205747],[-2.47704,52.209355],[-2.471215,52.212076],[-2.469865,52.22287],[-2.472831,52.226454],[-2.472917,52.234545],[-2.475903,52.239927],[-2.476125,52.260604],[-2.477677,52.268689],[-2.483656,52.279453],[-2.482248,52.284853],[-2.490822,52.285717],[-2.493815,52.291613],[-2.497757,52.293933],[-2.514865,52.296963],[-2.527684,52.301291],[-2.535917,52.306503],[-2.53573,52.313449],[-2.524289,52.315372],[-2.501714,52.323717],[-2.460487,52.323991],[-2.452322,52.325595],[-2.443111,52.330136],[-2.435465,52.337761],[-2.419294,52.344432],[-2.421678,52.346378],[-2.405872,52.361079],[-2.400799,52.359794],[-2.385601,52.363202],[-2.372015,52.362023],[-2.341402,52.367284],[-2.328058,52.382855],[-2.312182,52.39209],[-2.309979,52.395247],[-2.305484,52.406337],[-2.310665,52.41074],[-2.301713,52.420337],[-2.309231,52.421899],[-2.304037,52.425757],[-2.313593,52.432169],[-2.312398,52.433891],[-2.318568,52.439349],[-2.294295,52.453258],[-2.290018,52.462771],[-2.301347,52.47478],[-2.301718,52.48124],[-2.307669,52.484126],[-2.310882,52.495436]]]},"properties":{"OBJECTID_1":6,"OBJECTID":6,"NAME":"Teme and Wye","REGION":"Birmingham","SHORT_NAME":"TAW","Shape_Leng":451325.075038,"DisplayOrd":13,"Shape_Le_1":0,"Shape_Area":0}},{"type":"Feature","geometry":{"type":"Polygon","coordinates":[[[-0.805128,52.840153],[-0.794128,52.834704],[-0.767034,52.839304],[-0.757468,52.8453],[-0.748369,52.847999],[-0.749114,52.853073],[-0.738833,52.859347],[-0.736796,52.863011],[-0.739487,52.867535],[-0.738494,52.87103],[-0.745523,52.874611],[-0.750706,52.875205],[-0.752854,52.878014],[-0.758338,52.878521],[-0.761222,52.881608],[-0.757725,52.884358],[-0.756721,52.888303],[-0.75076,52.893994],[-0.746409,52.895387],[-0.745547,52.899513],[-0.74223,52.901096],[-0.750678,52.907209],[-0.751168,52.916024],[-0.750279,52.921049],[-0.751655,52.924929],[-0.74703,52.92542],[-0.745919,52.932959],[-0.7603,52.939943],[-0.76246,52.942482],[-0.773421,52.944304],[-0.787131,52.943635],[-0.791923,52.947909],[-0.798512,52.951842],[-0.792501,52.959242],[-0.79202,52.9658],[-0.774826,52.978839],[-0.776504,52.982722],[-0.771275,52.988511],[-0.762011,52.989494],[-0.75712,52.998972],[-0.762349,53.003701],[-0.763827,53.00938],[-0.776725,53.006547],[-0.801582,53.007699],[-0.809859,53.015603],[-0.801248,53.019742],[-0.802008,53.024604],[-0.804644,53.026339],[-0.799729,53.031503],[-0.799619,53.035457],[-0.793873,53.038276],[-0.791546,53.041489],[-0.780327,53.042633],[-0.774556,53.035741],[-0.770179,53.037584],[-0.776054,53.040791],[-0.772694,53.043543],[-0.771965,53.04821],[-0.765118,53.052904],[-0.768364,53.055634],[-0.765555,53.063696],[-0.761633,53.065183],[-0.763155,53.069335],[-0.758396,53.070646],[-0.757327,53.073477],[-0.748815,53.072841],[-0.742087,53.076718],[-0.738072,53.082979],[-0.73421,53.084686],[-0.73606,53.087607],[-0.733384,53.096022],[-0.722709,53.103555],[-0.717517,53.114069],[-0.712846,53.114738],[-0.71121,53.119485],[-0.707908,53.119989],[-0.708824,53.124314],[-0.706043,53.12734],[-0.716342,53.127811],[-0.719511,53.126766],[-0.720109,53.131807],[-0.706854,53.13517],[-0.704704,53.142068],[-0.673645,53.155391],[-0.671269,53.154825],[-0.660445,53.161446],[-0.661278,53.163523],[-0.6718,53.166697],[-0.669673,53.172606],[-0.678151,53.174229],[-0.684638,53.177357],[-0.683054,53.180216],[-0.685964,53.182945],[-0.683803,53.185079],[-0.689711,53.187661],[-0.691231,53.191813],[-0.701207,53.188596],[-0.717865,53.192103],[-0.718682,53.194808],[-0.72171,53.193672],[-0.727204,53.195169],[-0.725423,53.209803],[-0.715793,53.216352],[-0.721886,53.217946],[-0.720081,53.22323],[-0.714211,53.22919],[-0.706374,53.230723],[-0.710452,53.235786],[-0.708428,53.245064],[-0.69955,53.24624],[-0.697298,53.248423],[-0.695926,53.255893],[-0.697505,53.260036],[-0.721656,53.290813],[-0.73109,53.292591],[-0.740525,53.291668],[-0.731218,53.292961],[-0.721329,53.291119],[-0.697162,53.260247],[-0.692962,53.258131],[-0.692114,53.261132],[-0.691036,53.266963],[-0.695462,53.274293],[-0.687058,53.27447],[-0.684438,53.276779],[-0.674612,53.274422],[-0.666783,53.275414],[-0.670878,53.278786],[-0.669994,53.283091],[-0.673473,53.286995],[-0.670012,53.29217],[-0.673672,53.295088],[-0.670786,53.301078],[-0.677339,53.312388],[-0.675386,53.317311],[-0.679802,53.320146],[-0.689031,53.317821],[-0.69828,53.31972],[-0.703167,53.321931],[-0.703157,53.327234],[-0.706377,53.329966],[-0.705051,53.334087],[-0.702213,53.333606],[-0.704596,53.339206],[-0.705044,53.344244],[-0.706331,53.35136],[-0.712506,53.355831],[-0.724697,53.350119],[-0.732925,53.351286],[-0.740026,53.349923],[-0.749148,53.351367],[-0.746703,53.357903],[-0.74106,53.360721],[-0.744212,53.365968],[-0.749658,53.36989],[-0.749508,53.375012],[-0.759673,53.38213],[-0.75825,53.384542],[-0.762712,53.386207],[-0.763909,53.391613],[-0.762211,53.393123],[-0.76585,53.397296],[-0.763063,53.400054],[-0.764433,53.404652],[-0.762459,53.410475],[-0.736113,53.411098],[-0.729312,53.40707],[-0.71434,53.409697],[-0.709851,53.413873],[-0.704907,53.413191],[-0.702582,53.415413],[-0.695191,53.411107],[-0.689741,53.412216],[-0.681224,53.410324],[-0.680569,53.407171],[-0.671713,53.406534],[-0.673906,53.398917],[-0.664561,53.399532],[-0.659693,53.401275],[-0.650998,53.400368],[-0.642317,53.389573],[-0.632503,53.386135],[-0.626589,53.387685],[-0.615822,53.385853],[-0.60691,53.387097],[-0.596957,53.392554],[-0.590832,53.391313],[-0.585343,53.393586],[-0.594573,53.405561],[-0.59278,53.409765],[-0.59433,53.412929],[-0.591251,53.41505],[-0.591828,53.420361],[-0.589101,53.425452],[-0.591392,53.428985],[-0.581302,53.438215],[-0.582362,53.442542],[-0.579614,53.443678],[-0.578396,53.453102],[-0.581745,53.456558],[-0.580249,53.460765],[-0.582139,53.471845],[-0.587107,53.476488],[-0.582178,53.488745],[-0.587668,53.495911],[-0.585772,53.507575],[-0.58902,53.509681],[-0.583439,53.523278],[-0.578792,53.526909],[-0.582071,53.532611],[-0.580594,53.536189],[-0.575541,53.538376],[-0.571778,53.547051],[-0.576081,53.549259],[-0.576401,53.553219],[-0.580249,53.555512],[-0.57935,53.559816],[-0.582592,53.562191],[-0.581838,53.566677],[-0.579064,53.568352],[-0.580006,53.571779],[-0.573288,53.582935],[-0.576233,53.585218],[-0.580135,53.594972],[-0.58606,53.598548],[-0.591755,53.599964],[-0.596041,53.602891],[-0.606421,53.60436],[-0.619551,53.609546],[-0.624897,53.612484],[-0.625658,53.616988],[-0.638233,53.616143],[-0.641456,53.614651],[-0.650617,53.616552],[-0.657229,53.613031],[-0.661943,53.616949],[-0.666653,53.616193],[-0.673422,53.622111],[-0.673342,53.629481],[-0.680575,53.635134],[-0.677953,53.651285],[-0.680107,53.654994],[-0.67742,53.65865],[-0.681459,53.664987],[-0.677419,53.668358],[-0.676611,53.674821],[-0.673317,53.67847],[-0.668291,53.679403],[-0.664979,53.683591],[-0.656043,53.688435],[-0.65556,53.694092],[-0.650309,53.697269],[-0.651982,53.701783],[-0.649647,53.703734],[-0.630345,53.710346],[-0.6307,53.711565],[-0.665619,53.701666],[-0.669542,53.702159],[-0.68526,53.698467],[-0.693268,53.69424],[-0.684164,53.680208],[-0.683782,53.673012],[-0.693149,53.654059],[-0.696128,53.650675],[-0.708445,53.643708],[-0.70988,53.636352],[-0.707564,53.623024],[-0.697362,53.615542],[-0.697335,53.611497],[-0.707926,53.606218],[-0.723915,53.607289],[-0.72868,53.604643],[-0.736114,53.593575],[-0.72865,53.585496],[-0.729521,53.58164],[-0.743548,53.57217],[-0.745151,53.569041],[-0.744869,53.558161],[-0.736167,53.546204],[-0.740407,53.535552],[-0.735549,53.526422],[-0.740521,53.511373],[-0.749884,53.500684],[-0.760891,53.500619],[-0.765301,53.499316],[-0.772494,53.490401],[-0.770863,53.478519],[-0.783145,53.475849],[-0.785222,53.461128],[-0.805091,53.444968],[-0.818048,53.439254],[-0.815087,53.427189],[-0.812025,53.423653],[-0.797499,53.415777],[-0.789506,53.416415],[-0.786995,53.414772],[-0.788364,53.408943],[-0.791517,53.409694],[-0.789577,53.414438],[-0.797552,53.414429],[-0.815046,53.423773],[-0.820378,53.437758],[-0.817865,53.441509],[-0.808754,53.444295],[-0.787016,53.462144],[-0.784809,53.476145],[-0.780978,53.478353],[-0.771885,53.480148],[-0.775245,53.489081],[-0.767536,53.500238],[-0.751653,53.502051],[-0.742782,53.511397],[-0.737676,53.525905],[-0.742948,53.536388],[-0.73826,53.546855],[-0.745428,53.554571],[-0.748373,53.562692],[-0.744082,53.574513],[-0.735971,53.578113],[-0.730929,53.585071],[-0.738115,53.592338],[-0.736909,53.599346],[-0.727422,53.607776],[-0.722383,53.60898],[-0.706226,53.608438],[-0.699918,53.612055],[-0.700109,53.615203],[-0.709872,53.62224],[-0.713881,53.629114],[-0.713531,53.640616],[-0.710004,53.64714],[-0.699255,53.652327],[-0.696099,53.656518],[-0.688365,53.676568],[-0.694293,53.680678],[-0.696736,53.684929],[-0.700036,53.685954],[-0.699277,53.695833],[-0.697828,53.698604],[-0.709989,53.702152],[-0.730517,53.704618],[-0.745399,53.703426],[-0.759819,53.697982],[-0.763911,53.690078],[-0.763222,53.68092],[-0.766266,53.675806],[-0.761519,53.673468],[-0.763564,53.669486],[-0.775961,53.67362],[-0.780793,53.673097],[-0.794638,53.66066],[-0.811018,53.660256],[-0.820905,53.651205],[-0.820073,53.646622],[-0.826085,53.638267],[-0.830139,53.641183],[-0.835436,53.641055],[-0.843772,53.634934],[-0.855653,53.631812],[-0.857704,53.628685],[-0.864293,53.631085],[-0.868608,53.62807],[-0.869347,53.623043],[-0.884787,53.622379],[-0.88726,53.620334],[-0.88854,53.61765],[-0.894973,53.620226],[-0.894147,53.622915],[-0.898507,53.623854],[-0.898504,53.629787],[-0.901216,53.630171],[-0.90614,53.62689],[-0.910203,53.627647],[-0.914623,53.632181],[-0.921324,53.630354],[-0.919702,53.634654],[-0.922341,53.637914],[-0.929554,53.639776],[-0.927973,53.642459],[-0.939888,53.642034],[-0.944659,53.640582],[-0.94091,53.629162],[-0.951856,53.624818],[-0.962496,53.623408],[-0.964857,53.619392],[-0.969904,53.61631],[-0.978467,53.618631],[-0.988476,53.610985],[-0.995605,53.609967],[-0.996569,53.607548],[-1.003575,53.605269],[-1.018087,53.60512],[-1.019329,53.603692],[-1.029953,53.601711],[-1.028452,53.594688],[-1.046077,53.590335],[-1.06011,53.584334],[-1.061099,53.580566],[-1.064728,53.580415],[-1.065685,53.578085],[-1.056008,53.571807],[-1.058674,53.567334],[-1.056015,53.564706],[-1.059978,53.56303],[-1.058664,53.55421],[-1.061277,53.552074],[-1.053325,53.549944],[-1.053167,53.54347],[-1.060571,53.543079],[-1.067795,53.537113],[-1.083861,53.540743],[-1.093552,53.539199],[-1.094337,53.537767],[-1.120331,53.528523],[-1.12468,53.522442],[-1.13136,53.520334],[-1.131127,53.517006],[-1.140222,53.514735],[-1.140865,53.512762],[-1.150177,53.507076],[-1.159698,53.505975],[-1.162628,53.502669],[-1.17185,53.501385],[-1.17708,53.503758],[-1.185876,53.501122],[-1.185525,53.495816],[-1.190857,53.492886],[-1.201572,53.492149],[-1.204464,53.490641],[-1.205334,53.484444],[-1.214827,53.476327],[-1.209164,53.472964],[-1.207472,53.466751],[-1.213401,53.463823],[-1.21422,53.460233],[-1.219698,53.457213],[-1.212675,53.454201],[-1.218134,53.452169],[-1.218668,53.447678],[-1.223991,53.444747],[-1.227674,53.440905],[-1.234003,53.440587],[-1.239166,53.438103],[-1.244694,53.440475],[-1.267294,53.439357],[-1.273196,53.437595],[-1.268304,53.433161],[-1.27343,53.432653],[-1.280441,53.427482],[-1.285546,53.428232],[-1.291145,53.426378],[-1.287591,53.422941],[-1.282925,53.423003],[-1.279049,53.420822],[-1.279288,53.41561],[-1.277575,53.410117],[-1.265448,53.406717],[-1.261738,53.403817],[-1.2551,53.404945],[-1.267973,53.391092],[-1.271443,53.390394],[-1.268958,53.386244],[-1.275397,53.378912],[-1.274265,53.374771],[-1.282841,53.374283],[-1.282287,53.371493],[-1.27729,53.364811],[-1.272217,53.362623],[-1.267109,53.362592],[-1.259544,53.356882],[-1.250876,53.354222],[-1.250497,53.350174],[-1.254429,53.348671],[-1.266718,53.350365],[-1.272032,53.347071],[-1.272369,53.344916],[-1.281127,53.342183],[-1.285099,53.338162],[-1.284649,53.32917],[-1.278836,53.326618],[-1.275972,53.318421],[-1.281865,53.316119],[-1.282093,53.311447],[-1.287356,53.310849],[-1.281579,53.30632],[-1.282846,53.293383],[-1.287373,53.291792],[-1.274613,53.283446],[-1.275108,53.280752],[-1.268025,53.273967],[-1.269633,53.267595],[-1.271347,53.26383],[-1.276531,53.258648],[-1.280298,53.257502],[-1.278928,53.249853],[-1.282875,53.246821],[-1.285286,53.237037],[-1.293591,53.233132],[-1.285689,53.230837],[-1.289806,53.226457],[-1.283577,53.222734],[-1.290265,53.207763],[-1.282959,53.196932],[-1.279621,53.19071],[-1.283672,53.190105],[-1.284504,53.185076],[-1.293689,53.181625],[-1.303872,53.181146],[-1.311127,53.176603],[-1.305034,53.174051],[-1.308403,53.169216],[-1.297052,53.168161],[-1.293987,53.163469],[-1.297836,53.15675],[-1.296565,53.152158],[-1.301276,53.147511],[-1.320671,53.140702],[-1.323152,53.144581],[-1.330614,53.145432],[-1.335514,53.147617],[-1.335004,53.151569],[-1.338673,53.156084],[-1.348881,53.163422],[-1.356992,53.161129],[-1.36126,53.155758],[-1.379842,53.15307],[-1.383782,53.149405],[-1.382915,53.147333],[-1.387442,53.14439],[-1.390874,53.144857],[-1.396308,53.141199],[-1.401537,53.141405],[-1.408292,53.139371],[-1.415274,53.142642],[-1.413212,53.151351],[-1.416526,53.160536],[-1.414376,53.164661],[-1.425978,53.180807],[-1.431992,53.178589],[-1.435532,53.182471],[-1.445424,53.181259],[-1.453093,53.190014],[-1.455205,53.188765],[-1.467475,53.18891],[-1.486,53.191598],[-1.490899,53.195035],[-1.496438,53.194969],[-1.501132,53.190314],[-1.510343,53.196285],[-1.52126,53.197228],[-1.527732,53.194018],[-1.532595,53.200959],[-1.541883,53.200366],[-1.54416,53.197408],[-1.552525,53.199118],[-1.571765,53.196762],[-1.580797,53.18824],[-1.587925,53.18592],[-1.608843,53.184834],[-1.616324,53.187071],[-1.637257,53.181654],[-1.643889,53.176528],[-1.651555,53.158454],[-1.648806,53.14792],[-1.656561,53.143262],[-1.651217,53.136869],[-1.656444,53.133955],[-1.691229,53.136766],[-1.70489,53.135304],[-1.711103,53.131027],[-1.719194,53.118467],[-1.716813,53.113499],[-1.718071,53.110874],[-1.751277,53.111621],[-1.775775,53.081665],[-1.776349,53.053012],[-1.792011,53.05014],[-1.800463,53.04674],[-1.814697,53.047503],[-1.82267,53.046043],[-1.831534,53.039385],[-1.833947,53.030387],[-1.852826,53.019887],[-1.85588,53.015462],[-1.852762,52.995738],[-1.848405,52.983995],[-1.85172,52.97278],[-1.844416,52.965176],[-1.840637,52.953267],[-1.847239,52.94328],[-1.847548,52.938183],[-1.826675,52.93918],[-1.809847,52.952234],[-1.787013,52.95875],[-1.779871,52.970612],[-1.758084,52.972964],[-1.748193,52.977375],[-1.73776,52.977213],[-1.732926,52.973681],[-1.726878,52.962544],[-1.731513,52.949232],[-1.730535,52.946939],[-1.716432,52.939258],[-1.722356,52.920593],[-1.718935,52.900576],[-1.722329,52.884112],[-1.718763,52.879565],[-1.717785,52.873903],[-1.711903,52.870987],[-1.68792,52.869023],[-1.647359,52.861278],[-1.628231,52.855415],[-1.615163,52.845749],[-1.607319,52.846931],[-1.585057,52.841111],[-1.58647,52.838272],[-1.593334,52.837014],[-1.581758,52.833097],[-1.579131,52.819412],[-1.575638,52.815344],[-1.568644,52.812301],[-1.570734,52.807323],[-1.565561,52.792604],[-1.54262,52.778491],[-1.534173,52.76441],[-1.505864,52.773451],[-1.489404,52.777026],[-1.481725,52.782393],[-1.477567,52.781926],[-1.472316,52.771783],[-1.46629,52.766446],[-1.454316,52.760353],[-1.438167,52.758427],[-1.428405,52.739048],[-1.382231,52.729689],[-1.360435,52.721472],[-1.35004,52.721908],[-1.322304,52.716461],[-1.308529,52.721702],[-1.305323,52.721659],[-1.29804,52.716936],[-1.289098,52.713788],[-1.283327,52.709028],[-1.311978,52.699936],[-1.298616,52.70107],[-1.286097,52.700386],[-1.269643,52.691311],[-1.229502,52.680589],[-1.218103,52.680371],[-1.210389,52.682431],[-1.166932,52.701563],[-1.155995,52.708654],[-1.136598,52.717162],[-1.129665,52.718315],[-1.121571,52.71066],[-1.10762,52.71747],[-1.09156,52.722537],[-1.072753,52.734641],[-1.062289,52.745614],[-1.053411,52.768261],[-1.045945,52.775054],[-1.043808,52.779642],[-1.013371,52.783393],[-1.001847,52.787663],[-0.995062,52.795247],[-0.968165,52.803567],[-0.936179,52.806355],[-0.924198,52.809982],[-0.907479,52.824208],[-0.899053,52.828521],[-0.873892,52.836661],[-0.865146,52.841651],[-0.86073,52.847057],[-0.854649,52.847581],[-0.840072,52.845617],[-0.833755,52.843109],[-0.827908,52.836668],[-0.823538,52.83505],[-0.811925,52.836503],[-0.805128,52.840153]]]},"properties":{"OBJECTID_1":7,"OBJECTID":7,"NAME":"Trent Lowlands","REGION":"Birmingham","SHORT_NAME":"TL","Shape_Leng":670587.837723,"DisplayOrd":19,"Shape_Le_1":0,"Shape_Area":0}},{"type":"Feature","geometry":{"type":"Polygon","coordinates":[[[-0.68161,52.723244],[-0.676755,52.732001],[-0.677518,52.736145],[-0.68693,52.738407],[-0.69047,52.74384],[-0.69864,52.748065],[-0.696324,52.751187],[-0.700247,52.758781],[-0.699063,52.763713],[-0.689378,52.780238],[-0.696437,52.792093],[-0.695448,52.795408],[-0.723853,52.792751],[-0.725662,52.796816],[-0.718379,52.802401],[-0.717963,52.806442],[-0.720538,52.809706],[-0.72552,52.811827],[-0.722628,52.814314],[-0.717275,52.814705],[-0.714656,52.818003],[-0.721816,52.821767],[-0.721382,52.826437],[-0.730814,52.83382],[-0.729715,52.835876],[-0.738039,52.840639],[-0.73495,52.844742],[-0.741911,52.845355],[-0.74844,52.847993],[-0.754954,52.846397],[-0.769904,52.83867],[-0.795736,52.834732],[-0.801568,52.839404],[-0.805128,52.840153],[-0.811925,52.836503],[-0.823538,52.83505],[-0.827908,52.836668],[-0.833755,52.843109],[-0.837835,52.844893],[-0.859197,52.847488],[-0.865146,52.841651],[-0.873892,52.836661],[-0.899053,52.828521],[-0.907479,52.824208],[-0.924198,52.809982],[-0.936179,52.806355],[-0.968165,52.803567],[-0.995062,52.795247],[-1.001847,52.787663],[-1.013371,52.783393],[-1.043808,52.779642],[-1.045945,52.775054],[-1.053411,52.768261],[-1.062289,52.745614],[-1.072753,52.734641],[-1.09156,52.722537],[-1.10762,52.71747],[-1.121571,52.71066],[-1.129665,52.718315],[-1.136598,52.717162],[-1.155995,52.708654],[-1.166932,52.701563],[-1.21421,52.681115],[-1.229502,52.680589],[-1.261059,52.688852],[-1.272711,52.692495],[-1.280984,52.698318],[-1.290313,52.701129],[-1.311978,52.699936],[-1.318671,52.696713],[-1.332981,52.697417],[-1.358206,52.693407],[-1.358262,52.691752],[-1.348535,52.68683],[-1.346117,52.683201],[-1.346485,52.672699],[-1.341841,52.657392],[-1.35602,52.647927],[-1.361797,52.625334],[-1.369231,52.61184],[-1.377009,52.604575],[-1.37322,52.599844],[-1.350515,52.584475],[-1.344469,52.574517],[-1.348121,52.561489],[-1.353467,52.556476],[-1.355237,52.548791],[-1.354625,52.542102],[-1.348454,52.53043],[-1.349295,52.525188],[-1.346091,52.520121],[-1.352696,52.513813],[-1.349154,52.502289],[-1.352745,52.493542],[-1.349933,52.490707],[-1.33147,52.48464],[-1.320867,52.475829],[-1.322742,52.473593],[-1.330143,52.470938],[-1.341919,52.471004],[-1.350778,52.469255],[-1.37296,52.462183],[-1.378846,52.462214],[-1.383211,52.465833],[-1.390571,52.465871],[-1.397967,52.463212],[-1.421539,52.461531],[-1.449412,52.468856],[-1.474275,52.482454],[-1.480196,52.479783],[-1.48903,52.479822],[-1.497823,52.483456],[-1.518409,52.486238],[-1.531566,52.495281],[-1.535928,52.500692],[-1.535871,52.506086],[-1.549094,52.509733],[-1.560881,52.509777],[-1.563925,52.4999],[-1.571395,52.489139],[-1.568485,52.485532],[-1.568538,52.480138],[-1.574445,52.478362],[-1.577415,52.475675],[-1.574557,52.466675],[-1.577535,52.46309],[-1.583414,52.46401],[-1.59523,52.459556],[-1.617313,52.45873],[-1.623238,52.454254],[-1.623323,52.444365],[-1.617453,52.442548],[-1.6175,52.437155],[-1.621928,52.435371],[-1.621997,52.42728],[-1.629433,52.417414],[-1.629456,52.414717],[-1.614895,52.398489],[-1.617865,52.394902],[-1.617935,52.386811],[-1.625373,52.376047],[-1.629877,52.364374],[-1.649032,52.356341],[-1.65055,52.350052],[-1.6535,52.348263],[-1.660847,52.347385],[-1.666746,52.343806],[-1.670082,52.336766],[-1.677937,52.330649],[-1.678966,52.327732],[-1.677192,52.319326],[-1.673173,52.314808],[-1.657195,52.307828],[-1.651415,52.303332],[-1.655524,52.292788],[-1.657767,52.290558],[-1.671407,52.285643],[-1.674585,52.277638],[-1.681869,52.271348],[-1.693542,52.266716],[-1.703717,52.264657],[-1.704183,52.261226],[-1.69998,52.258653],[-1.706885,52.252648],[-1.717888,52.238063],[-1.722089,52.235743],[-1.713576,52.230773],[-1.675544,52.230241],[-1.664047,52.228694],[-1.656629,52.226029],[-1.62343,52.205838],[-1.62382,52.200541],[-1.614357,52.187305],[-1.614586,52.182001],[-1.619432,52.171578],[-1.633159,52.162346],[-1.63672,52.156335],[-1.655614,52.157772],[-1.672285,52.161893],[-1.681599,52.166354],[-1.692221,52.176705],[-1.701726,52.18088],[-1.734059,52.178355],[-1.735918,52.174065],[-1.734794,52.170235],[-1.714755,52.154286],[-1.7059,52.139876],[-1.720677,52.105676],[-1.720949,52.098355],[-1.725131,52.094065],[-1.728565,52.0856],[-1.731818,52.084169],[-1.744928,52.084736],[-1.754968,52.082671],[-1.76436,52.083295],[-1.767052,52.081349],[-1.763128,52.0698],[-1.765261,52.066996],[-1.778923,52.0663],[-1.784029,52.067873],[-1.790623,52.061545],[-1.804731,52.055012],[-1.807971,52.05009],[-1.821249,52.047445],[-1.830526,52.043089],[-1.831262,52.040857],[-1.828539,52.031882],[-1.831257,52.026074],[-1.81705,52.024345],[-1.807586,52.022262],[-1.803232,52.018119],[-1.793916,52.015855],[-1.788423,52.006675],[-1.785422,51.994352],[-1.783827,51.992821],[-1.773934,51.990914],[-1.768003,51.983081],[-1.75471,51.990966],[-1.753815,51.99483],[-1.747659,52.00174],[-1.730286,52.008175],[-1.713247,52.007236],[-1.708889,52.005157],[-1.702471,52.00649],[-1.69871,52.002524],[-1.690999,52.001066],[-1.683993,52.003025],[-1.67818,52.001121],[-1.671182,52.002001],[-1.669742,51.999659],[-1.662912,51.997572],[-1.661036,51.995319],[-1.65242,51.998261],[-1.645002,51.99689],[-1.64752,51.991593],[-1.643648,51.984029],[-1.646893,51.978735],[-1.638598,51.97826],[-1.627262,51.975797],[-1.620982,51.978115],[-1.609925,51.977269],[-1.597388,51.979115],[-1.593777,51.975866],[-1.593227,51.972358],[-1.584339,51.973136],[-1.542484,51.980533],[-1.533541,51.986432],[-1.518645,52.004084],[-1.506239,52.006191],[-1.504474,52.007712],[-1.492078,52.008828],[-1.486102,52.009071],[-1.479354,52.013088],[-1.466685,52.012402],[-1.462045,52.010582],[-1.439433,52.012905],[-1.438485,52.018744],[-1.441189,52.023972],[-1.451642,52.027257],[-1.453931,52.030774],[-1.461079,52.030358],[-1.467743,52.033804],[-1.465496,52.038829],[-1.471864,52.042814],[-1.47653,52.042835],[-1.482323,52.046187],[-1.486178,52.053306],[-1.497841,52.053716],[-1.498619,52.06235],[-1.503254,52.065337],[-1.498812,52.071162],[-1.495047,52.068629],[-1.493128,52.070688],[-1.485078,52.072901],[-1.485149,52.079465],[-1.4822,52.082059],[-1.485656,52.08612],[-1.483015,52.087277],[-1.481352,52.092305],[-1.484469,52.1005],[-1.479162,52.104882],[-1.471385,52.108174],[-1.473832,52.111152],[-1.462229,52.116763],[-1.460715,52.121162],[-1.451943,52.121841],[-1.44452,52.131516],[-1.433559,52.131823],[-1.432762,52.137124],[-1.428662,52.137823],[-1.421837,52.145792],[-1.426608,52.149861],[-1.419587,52.150276],[-1.413745,52.161126],[-1.408792,52.159752],[-1.402855,52.155587],[-1.394668,52.15569],[-1.385696,52.158769],[-1.380598,52.165616],[-1.371324,52.166746],[-1.367962,52.168523],[-1.360352,52.175714],[-1.340358,52.180877],[-1.329561,52.179198],[-1.319741,52.18058],[-1.313659,52.195649],[-1.307451,52.199749],[-1.311587,52.216136],[-1.302154,52.220306],[-1.301518,52.223539],[-1.294717,52.227724],[-1.286834,52.226328],[-1.275275,52.216907],[-1.263019,52.214494],[-1.250112,52.216121],[-1.243849,52.214283],[-1.233996,52.217006],[-1.233064,52.220147],[-1.227215,52.219749],[-1.22039,52.225009],[-1.21905,52.226259],[-1.220418,52.231752],[-1.218722,52.236596],[-1.21386,52.238272],[-1.208683,52.241204],[-1.211045,52.248412],[-1.206772,52.249822],[-1.202001,52.246284],[-1.190436,52.245935],[-1.189591,52.252133],[-1.184937,52.258304],[-1.186626,52.262092],[-1.184807,52.265406],[-1.188308,52.266239],[-1.190092,52.272904],[-1.186371,52.276025],[-1.175749,52.279728],[-1.166051,52.28883],[-1.16977,52.293801],[-1.173846,52.295358],[-1.17867,52.304112],[-1.192943,52.309605],[-1.195045,52.315014],[-1.199444,52.315133],[-1.206663,52.321565],[-1.193876,52.322827],[-1.189648,52.32136],[-1.1871,52.324309],[-1.179596,52.325426],[-1.175431,52.328454],[-1.163414,52.32765],[-1.162308,52.331778],[-1.147473,52.332481],[-1.146404,52.334631],[-1.131453,52.341175],[-1.124002,52.339412],[-1.117964,52.340446],[-1.110642,52.339582],[-1.107357,52.342344],[-1.108747,52.34622],[-1.106614,52.35007],[-1.098346,52.352345],[-1.092322,52.352568],[-1.070794,52.342961],[-1.067054,52.339336],[-1.061169,52.346931],[-1.053314,52.350374],[-1.050309,52.353587],[-1.041598,52.355854],[-1.049765,52.358437],[-1.05188,52.3625],[-1.046173,52.375221],[-1.048546,52.380994],[-1.038099,52.381718],[-1.031864,52.377981],[-1.023217,52.377011],[-1.011488,52.382578],[-1.00603,52.383521],[-0.997535,52.388843],[-0.985263,52.392155],[-0.980878,52.397512],[-0.981161,52.404347],[-0.996111,52.406273],[-0.997659,52.409343],[-0.995233,52.412559],[-0.985946,52.413648],[-0.987417,52.420044],[-0.991662,52.420889],[-0.987736,52.425351],[-0.984738,52.434226],[-1.005753,52.435123],[-1.012401,52.433831],[-1.019402,52.436496],[-1.024009,52.441029],[-1.035824,52.438968],[-1.042805,52.435879],[-1.049529,52.437821],[-1.053257,52.435513],[-1.056436,52.438146],[-1.056466,52.44363],[-1.064582,52.449448],[-1.066524,52.455038],[-1.063232,52.457619],[-1.067945,52.464399],[-1.066826,52.468615],[-1.0619,52.471813],[-1.0655,52.475617],[-1.074566,52.478565],[-1.06712,52.482553],[-1.064053,52.488282],[-1.072694,52.490598],[-1.073362,52.493839],[-1.069627,52.50334],[-1.066682,52.503227],[-1.059669,52.507397],[-1.060817,52.515767],[-1.043876,52.522284],[-1.031217,52.521552],[-1.029112,52.523422],[-1.030929,52.527932],[-1.022602,52.53119],[-1.015786,52.532752],[-1.014209,52.537324],[-1.003582,52.544337],[-1.000222,52.549433],[-0.974152,52.554335],[-0.971767,52.561686],[-0.972825,52.56691],[-0.966889,52.568386],[-0.956113,52.574855],[-0.946495,52.575938],[-0.924371,52.587516],[-0.931443,52.594143],[-0.939778,52.597455],[-0.933617,52.601894],[-0.932856,52.6089],[-0.921385,52.618955],[-0.919159,52.625408],[-0.920057,52.6309],[-0.926789,52.633568],[-0.928913,52.637363],[-0.920076,52.642138],[-0.913299,52.641267],[-0.900155,52.646809],[-0.893562,52.6445],[-0.891952,52.638012],[-0.888136,52.636988],[-0.882038,52.638548],[-0.876737,52.637779],[-0.873104,52.641161],[-0.869246,52.641753],[-0.867375,52.645511],[-0.862014,52.647078],[-0.85998,52.651374],[-0.856236,52.653226],[-0.849204,52.65082],[-0.840623,52.651096],[-0.842664,52.657769],[-0.829625,52.664384],[-0.829357,52.668876],[-0.831796,52.671687],[-0.826687,52.674693],[-0.828246,52.677226],[-0.824181,52.679883],[-0.817129,52.678104],[-0.810906,52.678492],[-0.801932,52.671299],[-0.797336,52.671702],[-0.788575,52.667657],[-0.780747,52.667307],[-0.761002,52.680498],[-0.7627,52.683213],[-0.757848,52.687387],[-0.737352,52.695262],[-0.734591,52.693524],[-0.72822,52.693816],[-0.726821,52.691014],[-0.719946,52.688333],[-0.713129,52.688708],[-0.70346,52.685457],[-0.696921,52.686464],[-0.691938,52.68488],[-0.685619,52.688407],[-0.678816,52.69813],[-0.683118,52.707618],[-0.682099,52.716867],[-0.678487,52.718804],[-0.68161,52.723244]]]},"properties":{"OBJECTID_1":8,"OBJECTID":8,"NAME":"Avon / Soar Headwaters","REGION":"Birmingham","SHORT_NAME":"ASH","Shape_Leng":473969.629056,"DisplayOrd":18,"Shape_Le_1":0,"Shape_Area":0}},{"type":"Feature","geometry":{"type":"Polygon","coordinates":[[[-1.552525,53.199118],[-1.559684,53.201691],[-1.553906,53.210299],[-1.562549,53.214376],[-1.558604,53.219395],[-1.548263,53.220076],[-1.548818,53.224303],[-1.541174,53.224723],[-1.531078,53.230257],[-1.535816,53.235399],[-1.533854,53.23674],[-1.549436,53.251002],[-1.546215,53.258001],[-1.547977,53.261424],[-1.553048,53.26396],[-1.551374,53.26629],[-1.553871,53.271333],[-1.565136,53.269398],[-1.570951,53.272744],[-1.572552,53.277604],[-1.577167,53.281036],[-1.577274,53.285351],[-1.573041,53.288752],[-1.57571,53.291818],[-1.576691,53.298832],[-1.573604,53.307451],[-1.583313,53.312159],[-1.584785,53.31522],[-1.589116,53.317483],[-1.58776,53.333568],[-1.588638,53.335998],[-1.594317,53.338894],[-1.590811,53.344275],[-1.592582,53.347607],[-1.597814,53.350321],[-1.594773,53.354176],[-1.607699,53.35359],[-1.613428,53.351272],[-1.624841,53.351847],[-1.630812,53.35618],[-1.639806,53.358635],[-1.645322,53.363865],[-1.652992,53.363168],[-1.662733,53.366522],[-1.662675,53.373892],[-1.651616,53.384467],[-1.654698,53.393734],[-1.668683,53.393774],[-1.682602,53.402711],[-1.686674,53.401103],[-1.693893,53.401122],[-1.704244,53.405013],[-1.703127,53.414269],[-1.706872,53.416615],[-1.699935,53.418935],[-1.694791,53.422787],[-1.692938,53.429344],[-1.68781,53.430948],[-1.68685,53.438676],[-1.703498,53.447437],[-1.710271,53.447903],[-1.714924,53.449982],[-1.715478,53.457174],[-1.725512,53.465916],[-1.733932,53.468452],[-1.736301,53.475019],[-1.742454,53.479167],[-1.766851,53.481374],[-1.784012,53.484822],[-1.796384,53.481788],[-1.811913,53.479926],[-1.814177,53.47885],[-1.81347,53.468333],[-1.816784,53.468428],[-1.828855,53.463412],[-1.842107,53.46415],[-1.852666,53.459669],[-1.861701,53.460219],[-1.863079,53.453209],[-1.860218,53.453206],[-1.853008,53.447894],[-1.852716,53.445197],[-1.866442,53.437124],[-1.869015,53.432722],[-1.865124,53.425437],[-1.878665,53.42644],[-1.887257,53.421415],[-1.897641,53.420616],[-1.909548,53.411097],[-1.890019,53.400385],[-1.885956,53.40128],[-1.873777,53.400189],[-1.857567,53.390193],[-1.866604,53.38535],[-1.878788,53.383385],[-1.885272,53.376021],[-1.876722,53.369721],[-1.877936,53.365677],[-1.87599,53.362978],[-1.866086,53.358563],[-1.864151,53.352988],[-1.856508,53.347406],[-1.846602,53.345057],[-1.857575,53.342644],[-1.870076,53.331152],[-1.870093,53.32549],[-1.865296,53.323237],[-1.859592,53.323051],[-1.85706,53.317115],[-1.862184,53.310559],[-1.86909,53.309758],[-1.877669,53.301498],[-1.888623,53.301329],[-1.898967,53.305113],[-1.908136,53.298289],[-1.906797,53.292985],[-1.910865,53.284808],[-1.918363,53.285622],[-1.924365,53.284368],[-1.936523,53.278263],[-1.950324,53.274764],[-1.950928,53.270988],[-1.946287,53.265413],[-1.952739,53.261102],[-1.956637,53.260474],[-1.956646,53.251395],[-1.960844,53.249958],[-1.959351,53.243486],[-1.96205,53.241869],[-1.962804,53.236745],[-1.959061,53.232969],[-1.954268,53.232338],[-1.958471,53.22398],[-1.952781,53.222809],[-1.953083,53.219933],[-1.959231,53.212385],[-1.956539,53.208339],[-1.961484,53.204835],[-1.958192,53.202946],[-1.955652,53.197642],[-1.957302,53.193867],[-1.954169,53.184877],[-1.958668,53.174721],[-1.968398,53.167083],[-1.971094,53.16214],[-1.976927,53.161962],[-1.980665,53.16358],[-1.995323,53.162773],[-1.999361,53.166818],[-2.000109,53.17338],[-2.014773,53.179581],[-2.021804,53.176614],[-2.025387,53.164478],[-2.037799,53.161778],[-2.046468,53.156292],[-2.048407,53.152156],[-2.072332,53.152054],[-2.079213,53.153398],[-2.090278,53.15312],[-2.106871,53.150949],[-2.11585,53.153997],[-2.117058,53.158221],[-2.124992,53.160909],[-2.130216,53.157488],[-2.137097,53.158019],[-2.139183,53.15541],[-2.138413,53.14858],[-2.141691,53.14525],[-2.134648,53.140044],[-2.126719,53.137986],[-2.127722,53.123243],[-2.134589,53.120988],[-2.142958,53.121607],[-2.147569,53.115399],[-2.152936,53.112156],[-2.152912,53.105235],[-2.164263,53.10513],[-2.167112,53.108002],[-2.172931,53.106376],[-2.178912,53.107895],[-2.191307,53.106977],[-2.195801,53.109846],[-2.205355,53.108572],[-2.209794,53.099845],[-2.205887,53.094728],[-2.207972,53.093555],[-2.207199,53.088074],[-2.210911,53.083842],[-2.22404,53.08211],[-2.226705,53.07806],[-2.239228,53.075069],[-2.237712,53.070847],[-2.244433,53.071733],[-2.253512,53.067489],[-2.25793,53.057501],[-2.266428,53.056404],[-2.279062,53.049094],[-2.285914,53.047549],[-2.277885,53.040735],[-2.290012,53.035853],[-2.288513,53.034689],[-2.29369,53.028473],[-2.300674,53.02504],[-2.291852,53.021197],[-2.292721,53.017419],[-2.287318,53.011949],[-2.274476,53.008204],[-2.280259,53.003606],[-2.282796,53.004229],[-2.293784,52.998359],[-2.289735,52.994594],[-2.297166,52.991879],[-2.292076,52.988206],[-2.292791,52.986102],[-2.300696,52.985398],[-2.306468,52.980079],[-2.30885,52.979893],[-2.300439,52.969757],[-2.310368,52.963169],[-2.323942,52.966639],[-2.330921,52.964193],[-2.336001,52.966515],[-2.330453,52.961407],[-2.330405,52.955115],[-2.321454,52.952443],[-2.315501,52.952459],[-2.303543,52.945298],[-2.306462,52.9372],[-2.322842,52.938955],[-2.330254,52.935339],[-2.331721,52.932638],[-2.346591,52.931696],[-2.35104,52.929886],[-2.359973,52.930758],[-2.365893,52.927144],[-2.371835,52.926227],[-2.379218,52.919911],[-2.382145,52.914508],[-2.380587,52.906422],[-2.374601,52.901947],[-2.36716,52.901071],[-2.359689,52.896599],[-2.355186,52.891219],[-2.355142,52.885826],[-2.361071,52.88401],[-2.361041,52.880414],[-2.369827,52.865105],[-2.366818,52.86062],[-2.341611,52.866089],[-2.325231,52.860741],[-2.319251,52.855364],[-2.310328,52.853589],[-2.296926,52.84823],[-2.293938,52.845541],[-2.282048,52.843772],[-2.267163,52.837513],[-2.270935,52.83175],[-2.261863,52.820922],[-2.254374,52.816197],[-2.242121,52.814013],[-2.241124,52.811324],[-2.246334,52.804618],[-2.243018,52.799176],[-2.238717,52.796296],[-2.183992,52.77569],[-2.159739,52.774846],[-2.147686,52.778247],[-2.141139,52.79042],[-2.145512,52.799355],[-2.142918,52.801735],[-2.121262,52.802728],[-2.105245,52.800331],[-2.089068,52.803661],[-2.099158,52.8117],[-2.110051,52.827637],[-2.097179,52.836817],[-2.091193,52.847955],[-2.079826,52.843991],[-2.071018,52.844612],[-2.067199,52.841672],[-2.056648,52.839538],[-2.053269,52.833632],[-2.055805,52.815669],[-2.041635,52.801404],[-2.023198,52.806514],[-2.016613,52.805092],[-2.012778,52.799772],[-2.002424,52.801326],[-1.969826,52.801347],[-1.966579,52.802862],[-1.96592,52.807024],[-1.987273,52.833402],[-1.988414,52.850594],[-1.977279,52.853644],[-1.975439,52.855627],[-1.976654,52.860603],[-1.984134,52.869056],[-1.982144,52.877831],[-1.98408,52.880245],[-1.99495,52.885357],[-2.001091,52.894824],[-2.020821,52.905575],[-1.967965,52.928347],[-1.950519,52.924496],[-1.939602,52.917097],[-1.922784,52.915126],[-1.912399,52.909556],[-1.898087,52.905948],[-1.867052,52.904642],[-1.844398,52.912883],[-1.841481,52.91965],[-1.835385,52.924674],[-1.835691,52.927588],[-1.826675,52.93918],[-1.847823,52.93889],[-1.847239,52.94328],[-1.840637,52.953267],[-1.844416,52.965176],[-1.85172,52.97278],[-1.848405,52.983995],[-1.853448,52.998713],[-1.854575,53.018304],[-1.833947,53.030387],[-1.831534,53.039385],[-1.82267,53.046043],[-1.814697,53.047503],[-1.800463,53.04674],[-1.792011,53.05014],[-1.776349,53.053012],[-1.775775,53.081665],[-1.751277,53.111621],[-1.718071,53.110874],[-1.716813,53.113499],[-1.719194,53.118467],[-1.711103,53.131027],[-1.70489,53.135304],[-1.691229,53.136766],[-1.656444,53.133955],[-1.651217,53.136869],[-1.656561,53.143262],[-1.648806,53.14792],[-1.651009,53.160903],[-1.64589,53.173238],[-1.640156,53.180372],[-1.616324,53.187071],[-1.608843,53.184834],[-1.584279,53.186622],[-1.571765,53.196762],[-1.552525,53.199118]]]},"properties":{"OBJECTID_1":9,"OBJECTID":9,"NAME":"Staffs / High Peaks","REGION":"Birmingham","SHORT_NAME":"SHP","Shape_Leng":358100.876578,"DisplayOrd":16,"Shape_Le_1":0,"Shape_Area":0}},{"type":"Feature","geometry":{"type":"Polygon","coordinates":[[[-1.311978,52.699936],[-1.293711,52.706256],[-1.283929,52.708065],[-1.284321,52.71024],[-1.305323,52.721659],[-1.308529,52.721702],[-1.322304,52.716461],[-1.35004,52.721908],[-1.360435,52.721472],[-1.382231,52.729689],[-1.428405,52.739048],[-1.438167,52.758427],[-1.454316,52.760353],[-1.46629,52.766446],[-1.472316,52.771783],[-1.477567,52.781926],[-1.481725,52.782393],[-1.489404,52.777026],[-1.505864,52.773451],[-1.534173,52.76441],[-1.54262,52.778491],[-1.565561,52.792604],[-1.570734,52.807323],[-1.568644,52.812301],[-1.575638,52.815344],[-1.579131,52.819412],[-1.581758,52.833097],[-1.593334,52.837014],[-1.58647,52.838272],[-1.585057,52.841111],[-1.607319,52.846931],[-1.615163,52.845749],[-1.628231,52.855415],[-1.647359,52.861278],[-1.68792,52.869023],[-1.711903,52.870987],[-1.717785,52.873903],[-1.718763,52.879565],[-1.722329,52.884112],[-1.718935,52.900576],[-1.722356,52.920593],[-1.716432,52.939258],[-1.730535,52.946939],[-1.731513,52.949232],[-1.726878,52.962544],[-1.732926,52.973681],[-1.738888,52.977624],[-1.748193,52.977375],[-1.758084,52.972964],[-1.7772,52.971156],[-1.781892,52.96949],[-1.787013,52.95875],[-1.809847,52.952234],[-1.827642,52.938531],[-1.844398,52.912883],[-1.86391,52.905298],[-1.877856,52.90434],[-1.904312,52.90703],[-1.922784,52.915126],[-1.939602,52.917097],[-1.950519,52.924496],[-1.967965,52.928347],[-2.020821,52.905575],[-2.001091,52.894824],[-1.99495,52.885357],[-1.98408,52.880245],[-1.982144,52.877831],[-1.984134,52.869056],[-1.976654,52.860603],[-1.975439,52.855627],[-1.977279,52.853644],[-1.988414,52.850594],[-1.987273,52.833402],[-1.96592,52.807024],[-1.966579,52.802862],[-1.969826,52.801347],[-2.002424,52.801326],[-2.012778,52.799772],[-2.016613,52.805092],[-2.023198,52.806514],[-2.041635,52.801404],[-2.055805,52.815669],[-2.053269,52.833632],[-2.056648,52.839538],[-2.067199,52.841672],[-2.071018,52.844612],[-2.079826,52.843991],[-2.091193,52.847955],[-2.097179,52.836817],[-2.110051,52.827637],[-2.099158,52.8117],[-2.089068,52.803661],[-2.105245,52.800331],[-2.121262,52.802728],[-2.142918,52.801735],[-2.145512,52.799355],[-2.141139,52.79042],[-2.147686,52.778247],[-2.155196,52.775444],[-2.173438,52.774537],[-2.186722,52.776222],[-2.239935,52.796931],[-2.246,52.801762],[-2.246334,52.804618],[-2.241124,52.811324],[-2.242121,52.814013],[-2.254374,52.816197],[-2.258124,52.81816],[-2.267453,52.826262],[-2.270839,52.831887],[-2.292338,52.828465],[-2.29226,52.816778],[-2.280344,52.809616],[-2.281816,52.807814],[-2.290704,52.805995],[-2.292151,52.800598],[-2.286165,52.792522],[-2.280211,52.78894],[-2.281641,52.780846],[-2.278653,52.777257],[-2.281583,52.771857],[-2.272639,52.763787],[-2.277056,52.759282],[-2.277028,52.754787],[-2.268116,52.751212],[-2.265126,52.746724],[-2.265104,52.743128],[-2.271006,52.739519],[-2.279824,52.728711],[-2.282669,52.710725],[-2.267791,52.698174],[-2.255916,52.691908],[-2.252926,52.68652],[-2.252889,52.680228],[-2.249916,52.677537],[-2.242515,52.676653],[-2.239533,52.672165],[-2.233598,52.668581],[-2.236468,52.652393],[-2.233464,52.64341],[-2.239331,52.635307],[-2.240755,52.625416],[-2.248065,52.611916],[-2.246578,52.610121],[-2.234759,52.609246],[-2.225926,52.614657],[-2.220014,52.613769],[-2.217038,52.60928],[-2.217011,52.603886],[-2.22433,52.591287],[-2.21694,52.589502],[-2.190375,52.590447],[-2.184463,52.588659],[-2.180038,52.589564],[-2.169734,52.596771],[-2.165342,52.606666],[-2.146158,52.610288],[-2.137297,52.610298],[-2.132861,52.608505],[-2.119581,52.612115],[-2.109245,52.613024],[-2.10483,52.619321],[-2.091508,52.605848],[-2.09444,52.595957],[-2.101809,52.590557],[-2.104748,52.58516],[-2.122459,52.585143],[-2.122439,52.577951],[-2.125377,52.573453],[-2.134217,52.568949],[-2.132725,52.563557],[-2.126814,52.559967],[-2.113503,52.546496],[-2.119377,52.5375],[-2.119365,52.533005],[-2.114929,52.527616],[-2.107554,52.525825],[-2.100172,52.520437],[-2.094283,52.523139],[-2.091309,52.510556],[-2.085414,52.509661],[-2.078055,52.514161],[-2.067723,52.503379],[-2.064775,52.502482],[-2.057412,52.504284],[-2.048571,52.50249],[-2.050029,52.489903],[-2.044121,52.472825],[-2.03234,52.467435],[-2.01173,52.461146],[-2.020558,52.453952],[-2.016141,52.44766],[-2.016139,52.443165],[-2.011725,52.441368],[-2.007312,52.442267],[-2.014663,52.42968],[-2.01172,52.423388],[-2.014659,52.417094],[-2.020537,52.4108],[-2.027887,52.4099],[-2.042582,52.403602],[-2.039632,52.392815],[-2.023464,52.385627],[-2.020523,52.380234],[-1.988201,52.389225],[-1.972039,52.386526],[-1.96763,52.388323],[-1.954405,52.389217],[-1.944121,52.387415],[-1.935312,52.382915],[-1.9265,52.381112],[-1.920631,52.376613],[-1.91329,52.37481],[-1.908904,52.364918],[-1.900108,52.357718],[-1.898658,52.349626],[-1.894258,52.347824],[-1.886939,52.339726],[-1.873747,52.33342],[-1.866415,52.331614],[-1.850245,52.339686],[-1.834084,52.344159],[-1.82528,52.343247],[-1.81939,52.347734],[-1.788519,52.356673],[-1.782646,52.356662],[-1.770965,52.344054],[-1.762148,52.345834],[-1.756296,52.342226],[-1.748957,52.342211],[-1.737187,52.346681],[-1.706354,52.347507],[-1.697559,52.345687],[-1.69466,52.340285],[-1.691731,52.339379],[-1.669722,52.33842],[-1.666746,52.343806],[-1.660847,52.347385],[-1.656443,52.347373],[-1.65055,52.350052],[-1.649032,52.356341],[-1.629877,52.364374],[-1.625373,52.376047],[-1.617935,52.386811],[-1.617865,52.394902],[-1.614895,52.398489],[-1.629456,52.414717],[-1.629433,52.417414],[-1.621997,52.42728],[-1.621928,52.435371],[-1.6175,52.437155],[-1.617453,52.442548],[-1.623323,52.444365],[-1.623238,52.454254],[-1.617313,52.45873],[-1.59523,52.459556],[-1.583414,52.46401],[-1.577535,52.46309],[-1.57454,52.468473],[-1.577415,52.475675],[-1.574445,52.478362],[-1.568538,52.480138],[-1.568485,52.485532],[-1.571395,52.489139],[-1.563925,52.4999],[-1.560881,52.509777],[-1.549094,52.509733],[-1.535871,52.506086],[-1.535928,52.500692],[-1.531566,52.495281],[-1.518409,52.486238],[-1.497823,52.483456],[-1.48903,52.479822],[-1.480196,52.479783],[-1.474275,52.482454],[-1.449412,52.468856],[-1.421539,52.461531],[-1.397967,52.463212],[-1.390571,52.465871],[-1.383211,52.465833],[-1.378846,52.462214],[-1.37296,52.462183],[-1.350778,52.469255],[-1.341919,52.471004],[-1.330143,52.470938],[-1.322742,52.473593],[-1.320867,52.475829],[-1.327337,52.482072],[-1.349933,52.490707],[-1.352745,52.493542],[-1.349154,52.502289],[-1.352696,52.513813],[-1.346091,52.520121],[-1.349295,52.525188],[-1.348454,52.53043],[-1.354625,52.542102],[-1.355237,52.548791],[-1.353467,52.556476],[-1.348121,52.561489],[-1.344469,52.574517],[-1.350515,52.584475],[-1.37322,52.599844],[-1.377009,52.604575],[-1.369231,52.61184],[-1.361797,52.625334],[-1.35602,52.647927],[-1.341841,52.657392],[-1.346485,52.672699],[-1.346117,52.683201],[-1.348535,52.68683],[-1.358794,52.69273],[-1.351447,52.695203],[-1.332981,52.697417],[-1.318671,52.696713],[-1.311978,52.699936]]]},"properties":{"OBJECTID_1":10,"OBJECTID":10,"NAME":"Central Area","REGION":"Birmingham","SHORT_NAME":"CA","Shape_Leng":323111.658766,"DisplayOrd":17,"Shape_Le_1":0,"Shape_Area":0}},{"type":"Feature","geometry":{"type":"Polygon","coordinates":[[[-4.054488,50.71091],[-4.058766,50.7185],[-4.066794,50.720678],[-4.066811,50.729871],[-4.075449,50.731464],[-4.080872,50.72736],[-4.098078,50.728878],[-4.104295,50.726542],[-4.112568,50.725897],[-4.133456,50.729134],[-4.193584,50.779314],[-4.206354,50.784163],[-4.252059,50.792086],[-4.255521,50.794729],[-4.260872,50.807108],[-4.277223,50.806948],[-4.301047,50.825677],[-4.320831,50.83114],[-4.346163,50.856268],[-4.359052,50.860926],[-4.380606,50.859454],[-4.395514,50.881423],[-4.408334,50.89372],[-4.405425,50.899057],[-4.421059,50.903947],[-4.430854,50.909744],[-4.447253,50.922603],[-4.457873,50.933899],[-4.46366,50.935458],[-4.544292,50.932886],[-4.543802,50.928131],[-4.55512,50.92586],[-4.550252,50.923763],[-4.563711,50.911541],[-4.561983,50.907541],[-4.567256,50.903315],[-4.561995,50.899221],[-4.558868,50.891465],[-4.561893,50.886991],[-4.56584,50.886365],[-4.557189,50.879],[-4.555969,50.874889],[-4.552718,50.846628],[-4.554273,50.837375],[-4.552668,50.832688],[-4.545498,50.829076],[-4.556054,50.828648],[-4.553542,50.825294],[-4.553902,50.811075],[-4.557132,50.805248],[-4.558251,50.799737],[-4.554589,50.79505],[-4.559972,50.78189],[-4.570626,50.776978],[-4.574362,50.772669],[-4.581078,50.770991],[-4.588211,50.766605],[-4.61142,50.760601],[-4.616735,50.751667],[-4.633147,50.748509],[-4.638168,50.744528],[-4.633552,50.740585],[-4.642046,50.737874],[-4.651602,50.738916],[-4.647526,50.729475],[-4.651947,50.722448],[-4.653113,50.715496],[-4.665152,50.710454],[-4.666348,50.706559],[-4.676886,50.705058],[-4.683291,50.698165],[-4.678873,50.695208],[-4.696364,50.693995],[-4.696356,50.691387],[-4.704491,50.690029],[-4.702875,50.686559],[-4.716419,50.683275],[-4.720498,50.685249],[-4.725206,50.68343],[-4.727784,50.676623],[-4.73456,50.671427],[-4.740099,50.676604],[-4.745224,50.674685],[-4.744873,50.671095],[-4.755385,50.671746],[-4.763984,50.669689],[-4.759214,50.666564],[-4.765377,50.656308],[-4.764701,50.654435],[-4.758509,50.652603],[-4.760981,50.644089],[-4.76663,50.641527],[-4.767004,50.635851],[-4.771372,50.628371],[-4.770177,50.622463],[-4.77688,50.613848],[-4.780748,50.612317],[-4.781566,50.609419],[-4.79213,50.60161],[-4.793533,50.599058],[-4.803002,50.596672],[-4.823252,50.595013],[-4.837819,50.595198],[-4.840506,50.592884],[-4.848168,50.598094],[-4.859142,50.592608],[-4.868602,50.594804],[-4.874063,50.587023],[-4.88034,50.585698],[-4.880588,50.582814],[-4.887597,50.581921],[-4.894843,50.584889],[-4.90737,50.584127],[-4.909415,50.587494],[-4.914928,50.587536],[-4.92037,50.590997],[-4.931935,50.588368],[-4.93421,50.586332],[-4.924018,50.581461],[-4.916572,50.579849],[-4.918007,50.577924],[-4.915044,50.573411],[-4.920425,50.573635],[-4.92371,50.571934],[-4.930276,50.563943],[-4.925412,50.560647],[-4.929281,50.552454],[-4.926265,50.544794],[-4.91246,50.542982],[-4.916152,50.538751],[-4.901297,50.531297],[-4.892837,50.531418],[-4.884411,50.534415],[-4.868286,50.533825],[-4.85995,50.536009],[-4.852622,50.531511],[-4.850372,50.531656],[-4.846536,50.526533],[-4.838625,50.521689],[-4.834649,50.516569],[-4.853868,50.528782],[-4.88682,50.529948],[-4.896837,50.525768],[-4.907857,50.528282],[-4.909729,50.530727],[-4.918695,50.531941],[-4.924671,50.530676],[-4.92755,50.524523],[-4.933799,50.525175],[-4.930036,50.530487],[-4.934019,50.533265],[-4.935355,50.541147],[-4.93388,50.546941],[-4.938923,50.55311],[-4.951976,50.554129],[-4.946278,50.562369],[-4.945937,50.568225],[-4.953129,50.568043],[-4.956807,50.563631],[-4.955172,50.562324],[-4.96547,50.557654],[-4.972039,50.556587],[-4.973984,50.55159],[-4.980067,50.547296],[-4.984107,50.541976],[-4.991791,50.542948],[-4.995267,50.53989],[-4.999078,50.539881],[-5.004041,50.542452],[-5.00397,50.545782],[-5.014731,50.544065],[-5.019767,50.545553],[-5.023764,50.550667],[-5.034548,50.549306],[-5.034824,50.544801],[-5.031973,50.542177],[-5.024964,50.54074],[-5.022025,50.53452],[-5.026917,50.524948],[-5.025315,50.519772],[-5.028342,50.511957],[-5.022209,50.508699],[-5.031915,50.508266],[-5.033569,50.503275],[-5.039483,50.503121],[-5.041131,50.498041],[-5.045579,50.497025],[-5.03476,50.493259],[-5.03497,50.489926],[-5.032042,50.486044],[-5.038859,50.473632],[-5.031239,50.466905],[-5.041309,50.463493],[-5.037667,50.459451],[-5.041965,50.458349],[-5.038625,50.452409],[-5.041634,50.444414],[-5.055195,50.427507],[-5.056059,50.423436],[-5.064692,50.424109],[-5.064659,50.421411],[-5.070891,50.419807],[-5.076251,50.415617],[-5.082658,50.414548],[-5.086803,50.419835],[-5.093186,50.420565],[-5.10125,50.412524],[-5.110584,50.413174],[-5.116497,50.411037],[-5.123489,50.412468],[-5.125261,50.409452],[-5.108492,50.409182],[-5.0916,50.407024],[-5.087965,50.403073],[-5.100172,50.406796],[-5.108819,50.407734],[-5.125041,50.403971],[-5.134318,50.408039],[-5.137528,50.403364],[-5.146462,50.404382],[-5.147716,50.39994],[-5.14327,50.396552],[-5.142652,50.393601],[-5.14589,50.389375],[-5.156535,50.388637],[-5.149392,50.380644],[-5.155458,50.37877],[-5.146143,50.374075],[-5.15303,50.354908],[-5.153581,50.346257],[-5.158541,50.346842],[-5.172453,50.340435],[-5.180573,50.339943],[-5.180165,50.333838],[-5.188327,50.331905],[-5.188331,50.327766],[-5.195963,50.324228],[-5.199198,50.320091],[-5.20349,50.321232],[-5.216649,50.320509],[-5.220112,50.321852],[-5.233082,50.318343],[-5.233405,50.300342],[-5.235922,50.300182],[-5.240505,50.293217],[-5.241802,50.287514],[-5.249344,50.282805],[-5.260382,50.279977],[-5.262304,50.275245],[-5.276272,50.274222],[-5.280897,50.270043],[-5.286237,50.268093],[-5.285168,50.264794],[-5.30197,50.260179],[-5.308907,50.257013],[-5.313323,50.24987],[-5.3179,50.24911],[-5.327384,50.242271],[-5.341266,50.238184],[-5.35135,50.239962],[-5.359494,50.239673],[-5.364252,50.236332],[-5.371439,50.236412],[-5.377133,50.243533],[-5.383623,50.240106],[-5.393861,50.240077],[-5.390844,50.233148],[-5.391785,50.226643],[-5.409561,50.208489],[-5.426963,50.19898],[-5.432082,50.194151],[-5.430084,50.191691],[-5.423535,50.188888],[-5.427502,50.187152],[-5.432155,50.177595],[-5.436403,50.180168],[-5.430601,50.187177],[-5.436251,50.193667],[-5.450518,50.195223],[-5.4544,50.198526],[-5.459389,50.197748],[-5.466818,50.199685],[-5.468458,50.206834],[-5.472293,50.207529],[-5.477612,50.211661],[-5.475627,50.218674],[-5.484059,50.215093],[-5.496311,50.219672],[-5.503035,50.21767],[-5.508371,50.217779],[-5.510858,50.215365],[-5.526433,50.213633],[-5.536677,50.21566],[-5.539795,50.212326],[-5.546649,50.212117],[-5.548421,50.209544],[-5.553543,50.208667],[-5.553123,50.204902],[-5.558657,50.203922],[-5.56357,50.200263],[-5.568764,50.198484],[-5.575769,50.198448],[-5.574988,50.195503],[-5.584542,50.194138],[-5.588572,50.188822],[-5.597162,50.19032],[-5.601512,50.186676],[-5.606617,50.185618],[-5.604635,50.181631],[-5.612589,50.181203],[-5.618237,50.17437],[-5.628269,50.168119],[-5.650388,50.167964],[-5.656814,50.164073],[-5.670958,50.165876],[-5.671214,50.161909],[-5.677315,50.159287],[-5.691252,50.147508],[-5.691803,50.138314],[-5.70218,50.134924],[-5.701045,50.128752],[-5.705621,50.12947],[-5.698051,50.117691],[-5.69418,50.094693],[-5.693184,50.092655],[-5.687472,50.091128],[-5.687649,50.087973],[-5.693061,50.080153],[-5.696284,50.078431],[-5.706151,50.077666],[-5.707165,50.070886],[-5.715553,50.069088],[-5.71184,50.062639],[-5.703165,50.055269],[-5.69807,50.056242],[-5.691241,50.05466],[-5.692889,50.050649],[-5.68627,50.04816],[-5.686895,50.043552],[-5.680593,50.039704],[-5.681494,50.036886],[-5.677309,50.035129],[-5.660201,50.03792],[-5.65322,50.037043],[-5.648666,50.040533],[-5.648856,50.043046],[-5.639287,50.043977],[-5.634284,50.040625],[-5.631999,50.043666],[-5.626206,50.044657],[-5.621733,50.050195],[-5.617174,50.050877],[-5.605269,50.048639],[-5.596477,50.052511],[-5.587401,50.050723],[-5.579894,50.053114],[-5.574735,50.051942],[-5.563046,50.057682],[-5.561274,50.062055],[-5.551792,50.060456],[-5.547781,50.062918],[-5.539272,50.072625],[-5.531295,50.087515],[-5.540907,50.100662],[-5.547186,50.104051],[-5.547272,50.107107],[-5.536662,50.113099],[-5.528187,50.115616],[-5.52632,50.12466],[-5.515168,50.127158],[-5.487877,50.129061],[-5.472347,50.12332],[-5.458241,50.121762],[-5.452936,50.118052],[-5.451052,50.11325],[-5.435837,50.109833],[-5.432503,50.106243],[-5.427368,50.104866],[-5.42792,50.096932],[-5.417411,50.100571],[-5.414448,50.100209],[-5.4111,50.104266],[-5.404501,50.10392],[-5.396316,50.100921],[-5.393702,50.103517],[-5.388963,50.103745],[-5.377346,50.099676],[-5.370326,50.093313],[-5.365308,50.093548],[-5.36165,50.089246],[-5.343957,50.092187],[-5.337354,50.091747],[-5.327767,50.088604],[-5.325456,50.085522],[-5.306631,50.077738],[-5.282236,50.060754],[-5.274662,50.050083],[-5.280157,50.044619],[-5.27904,50.042582],[-5.269134,50.040702],[-5.265822,50.035128],[-5.260439,50.03402],[-5.265555,50.029558],[-5.255589,50.024261],[-5.254873,50.021942],[-5.259562,50.016952],[-5.257259,50.013868],[-5.267034,50.005676],[-5.263936,49.999106],[-5.253646,49.997596],[-5.251017,49.993802],[-5.25227,49.987559],[-5.243321,49.985201],[-5.247027,49.980149],[-5.244696,49.976616],[-5.240713,49.975468],[-5.235349,49.976607],[-5.230272,49.975777],[-5.218287,49.971775],[-5.214102,49.965503],[-5.213562,49.959491],[-5.198886,49.959618],[-5.196617,49.964098],[-5.189502,49.962584],[-5.184998,49.964058],[-5.183146,49.967707],[-5.187152,49.973445],[-5.184232,49.979912],[-5.180433,49.981546],[-5.178486,49.987987],[-5.171368,49.990071],[-5.169699,49.992276],[-5.170913,49.998],[-5.165336,50.00445],[-5.155225,50.007784],[-5.122085,50.009041],[-5.114531,50.006636],[-5.111814,50.00347],[-5.104417,50.005647],[-5.100486,50.005303],[-5.095804,50.014964],[-5.090605,50.016632],[-5.094972,50.019394],[-5.095764,50.027379],[-5.088072,50.031543],[-5.067527,50.035687],[-5.06879,50.040151],[-5.065237,50.043574],[-5.066337,50.047683],[-5.063027,50.050559],[-5.057679,50.052139],[-5.062656,50.055696],[-5.060448,50.060523],[-5.065409,50.06381],[-5.065744,50.06686],[-5.078567,50.068499],[-5.078167,50.075347],[-5.074429,50.082463],[-5.089495,50.08629],[-5.097439,50.085899],[-5.100311,50.087081],[-5.118159,50.082015],[-5.116793,50.08466],[-5.107942,50.086157],[-5.101003,50.089132],[-5.100188,50.091673],[-5.103695,50.094008],[-5.122431,50.096114],[-5.134522,50.092819],[-5.140073,50.096447],[-5.153966,50.092921],[-5.168626,50.090453],[-5.177752,50.086784],[-5.181791,50.088653],[-5.193394,50.082307],[-5.1937,50.084817],[-5.188594,50.087926],[-5.204114,50.090017],[-5.198455,50.093232],[-5.195891,50.090424],[-5.181443,50.089742],[-5.158364,50.093881],[-5.164806,50.096135],[-5.164416,50.100823],[-5.160213,50.109214],[-5.157599,50.107756],[-5.163029,50.098882],[-5.160077,50.096533],[-5.155592,50.096386],[-5.148894,50.098727],[-5.143414,50.098336],[-5.140479,50.102643],[-5.143561,50.107211],[-5.139394,50.10744],[-5.137401,50.111183],[-5.130441,50.109572],[-5.138962,50.105113],[-5.13879,50.10035],[-5.122089,50.099451],[-5.113009,50.103924],[-5.103951,50.102277],[-5.098221,50.100181],[-5.090453,50.103357],[-5.085639,50.108973],[-5.080943,50.109907],[-5.090036,50.114253],[-5.089404,50.123986],[-5.092593,50.1257],[-5.08134,50.129148],[-5.07929,50.132081],[-5.073805,50.133846],[-5.075785,50.14072],[-5.067771,50.144531],[-5.051848,50.14729],[-5.046052,50.144203],[-5.040725,50.144073],[-5.049251,50.152665],[-5.056599,50.153732],[-5.062874,50.151137],[-5.079265,50.164377],[-5.086564,50.164633],[-5.094241,50.166408],[-5.09055,50.169538],[-5.083013,50.166688],[-5.074608,50.166866],[-5.068444,50.161605],[-5.054558,50.161252],[-5.044716,50.169427],[-5.045104,50.175534],[-5.065151,50.177975],[-5.054352,50.179969],[-5.053417,50.182872],[-5.05699,50.190568],[-5.060369,50.191253],[-5.064367,50.196347],[-5.073015,50.200076],[-5.076014,50.205304],[-5.100313,50.208256],[-5.099182,50.210265],[-5.085615,50.208558],[-5.082029,50.209463],[-5.067752,50.205433],[-5.057335,50.198151],[-5.041051,50.204337],[-5.036365,50.207788],[-5.035799,50.21212],[-5.027545,50.210177],[-5.028514,50.221037],[-5.027513,50.222952],[-5.019077,50.224791],[-5.018286,50.230029],[-5.021656,50.234529],[-5.017286,50.24085],[-5.023265,50.242223],[-5.030838,50.242206],[-5.044014,50.246449],[-5.040201,50.248258],[-5.046134,50.259887],[-5.038489,50.25442],[-5.038809,50.250633],[-5.033092,50.248984],[-5.028795,50.243159],[-5.026251,50.242865],[-5.021237,50.247647],[-5.011714,50.25035],[-5.013735,50.255695],[-5.008501,50.263927],[-5.005508,50.263194],[-5.008234,50.257457],[-5.008542,50.248993],[-5.020074,50.245005],[-5.012396,50.241156],[-5.014914,50.236593],[-5.013647,50.227631],[-5.006384,50.228089],[-4.999696,50.224304],[-4.991241,50.225871],[-4.984303,50.229288],[-4.98409,50.232622],[-4.973682,50.233708],[-4.966453,50.235413],[-4.962265,50.231202],[-4.972463,50.230581],[-4.971187,50.225846],[-4.978366,50.226292],[-4.99362,50.223561],[-5.005305,50.22209],[-5.008382,50.226418],[-5.01553,50.221914],[-5.023732,50.220801],[-5.023164,50.21182],[-5.027989,50.206117],[-5.034161,50.203977],[-5.03035,50.199129],[-5.025638,50.18225],[-5.019204,50.182418],[-5.019027,50.177385],[-5.021854,50.173353],[-5.020688,50.170415],[-5.027283,50.159538],[-5.02478,50.155375],[-5.020977,50.155024],[-5.017921,50.158072],[-5.012861,50.159553],[-5.004567,50.1568],[-5.004212,50.162296],[-4.999918,50.165286],[-5.004708,50.1702],[-4.997398,50.172008],[-4.994065,50.176952],[-4.988304,50.178899],[-4.995177,50.170086],[-4.99286,50.167528],[-4.995169,50.16325],[-4.990309,50.161666],[-4.998221,50.158313],[-5.003933,50.151149],[-5.009548,50.153612],[-5.017221,50.148735],[-5.017065,50.141812],[-5.008656,50.139422],[-4.992504,50.149735],[-4.98509,50.149836],[-4.982239,50.151259],[-4.982454,50.158081],[-4.971557,50.164127],[-4.973261,50.17128],[-4.970625,50.178454],[-4.973786,50.179722],[-4.972817,50.184425],[-4.967434,50.185732],[-4.966767,50.193035],[-4.951342,50.204223],[-4.933411,50.206657],[-4.922457,50.201716],[-4.92069,50.195733],[-4.911372,50.199206],[-4.909209,50.205107],[-4.903638,50.205696],[-4.901931,50.212216],[-4.894562,50.213209],[-4.890349,50.217722],[-4.887,50.217985],[-4.882286,50.2235],[-4.874785,50.224675],[-4.871496,50.230604],[-4.862067,50.235676],[-4.845368,50.234575],[-4.840637,50.236373],[-4.837657,50.232245],[-4.831441,50.232667],[-4.8291,50.229846],[-4.815528,50.230355],[-4.81268,50.229615],[-4.811684,50.224602],[-4.803759,50.218586],[-4.798481,50.219433],[-4.796271,50.224794],[-4.797443,50.230433],[-4.780175,50.237324],[-4.787522,50.240656],[-4.784287,50.245321],[-4.780258,50.248386],[-4.768029,50.252816],[-4.768409,50.256945],[-4.783819,50.261344],[-4.781221,50.26925],[-4.783556,50.273674],[-4.776991,50.279049],[-4.781743,50.281094],[-4.783749,50.284194],[-4.780003,50.289771],[-4.773668,50.291901],[-4.771602,50.295009],[-4.762914,50.300163],[-4.75171,50.29827],[-4.754286,50.301538],[-4.753419,50.305966],[-4.762619,50.309615],[-4.765301,50.317108],[-4.76524,50.323316],[-4.754878,50.331208],[-4.745065,50.33162],[-4.73865,50.33492],[-4.704815,50.34048],[-4.70579,50.342796],[-4.702171,50.348367],[-4.68984,50.346584],[-4.687866,50.341503],[-4.680364,50.338078],[-4.680933,50.323223],[-4.683292,50.3202],[-4.675979,50.31758],[-4.671829,50.313718],[-4.66741,50.315079],[-4.662721,50.321663],[-4.652698,50.323331],[-4.64949,50.326283],[-4.632331,50.334112],[-4.629797,50.338604],[-4.635855,50.346472],[-4.637744,50.3628],[-4.636262,50.36904],[-4.652314,50.379469],[-4.650507,50.382389],[-4.645921,50.380874],[-4.634635,50.372675],[-4.633539,50.378277],[-4.630579,50.378164],[-4.632468,50.371645],[-4.631188,50.363758],[-4.633827,50.36064],[-4.632119,50.35771],[-4.63379,50.354884],[-4.631923,50.346561],[-4.629328,50.342842],[-4.62834,50.335129],[-4.626662,50.332738],[-4.636875,50.32684],[-4.630977,50.324365],[-4.616905,50.323963],[-4.610797,50.327878],[-4.602275,50.328789],[-4.601082,50.324948],[-4.596528,50.32388],[-4.588019,50.330187],[-4.577265,50.331415],[-4.556919,50.326738],[-4.549157,50.32349],[-4.536363,50.32332],[-4.513894,50.328846],[-4.499924,50.330407],[-4.494789,50.336993],[-4.470845,50.333277],[-4.470947,50.337952],[-4.457918,50.341467],[-4.449608,50.346589],[-4.449316,50.349114],[-4.453437,50.351609],[-4.455967,50.358148],[-4.458565,50.359443],[-4.457322,50.365316],[-4.452061,50.353284],[-4.448878,50.353171],[-4.435001,50.360568],[-4.408591,50.363817],[-4.384983,50.364124],[-4.364676,50.360132],[-4.352527,50.361817],[-4.34067,50.360887],[-4.336512,50.359262],[-4.330885,50.362073],[-4.314292,50.362045],[-4.311863,50.3598],[-4.302879,50.36068],[-4.274861,50.354908],[-4.24047,50.341095],[-4.224889,50.33249],[-4.216675,50.325091],[-4.216575,50.322935],[-4.223846,50.319198],[-4.218125,50.314001],[-4.206928,50.317901],[-4.186969,50.317649],[-4.187221,50.323131],[-4.19777,50.329498],[-4.19889,50.332445],[-4.185767,50.340428],[-4.165709,50.344401],[-4.16419,50.351175],[-4.169113,50.354321],[-4.169273,50.357826],[-4.174052,50.360885],[-4.177416,50.360642],[-4.19053,50.355359],[-4.188778,50.350895],[-4.200682,50.346892],[-4.198663,50.351877],[-4.193157,50.35441],[-4.195475,50.358953],[-4.204706,50.360937],[-4.209651,50.358415],[-4.216718,50.360718],[-4.21598,50.36299],[-4.23252,50.363375],[-4.233009,50.364804],[-4.202908,50.370685],[-4.193787,50.371128],[-4.190676,50.373795],[-4.195227,50.377936],[-4.195414,50.38198],[-4.206394,50.38519],[-4.199458,50.387301],[-4.207406,50.391827],[-4.224152,50.388899],[-4.228688,50.389622],[-4.234467,50.380876],[-4.246524,50.374078],[-4.25774,50.376289],[-4.274802,50.374248],[-4.285176,50.382319],[-4.298712,50.388798],[-4.303337,50.3893],[-4.30017,50.395371],[-4.305193,50.400003],[-4.298254,50.399691],[-4.296411,50.396489],[-4.300235,50.391197],[-4.296379,50.390014],[-4.27887,50.400432],[-4.289613,50.39003],[-4.288313,50.387582],[-4.282215,50.390392],[-4.282114,50.383009],[-4.274127,50.377769],[-4.268208,50.380493],[-4.269317,50.386048],[-4.264151,50.386868],[-4.253418,50.383029],[-4.243695,50.385646],[-4.249759,50.391915],[-4.245857,50.39271],[-4.243319,50.389611],[-4.230151,50.393821],[-4.226433,50.392544],[-4.220697,50.396251],[-4.209005,50.398992],[-4.204517,50.405373],[-4.203955,50.408442],[-4.206377,50.412084],[-4.212541,50.414485],[-4.208968,50.416352],[-4.208278,50.425719],[-4.211687,50.426374],[-4.21865,50.424712],[-4.225977,50.424842],[-4.224705,50.427745],[-4.226514,50.433287],[-4.224748,50.43467],[-4.219147,50.426322],[-4.212512,50.428967],[-4.202375,50.428979],[-4.197043,50.435466],[-4.201535,50.441228],[-4.207484,50.444982],[-4.209211,50.454843],[-4.215697,50.463984],[-4.221893,50.460898],[-4.222138,50.457116],[-4.22652,50.454423],[-4.236099,50.457388],[-4.237591,50.462126],[-4.233084,50.468149],[-4.216697,50.473319],[-4.2332,50.464639],[-4.232925,50.458798],[-4.226779,50.456937],[-4.220225,50.467406],[-4.212191,50.467379],[-4.198841,50.454824],[-4.191855,50.449676],[-4.196496,50.447979],[-4.196197,50.445178],[-4.188663,50.440031],[-4.186862,50.434579],[-4.181516,50.434679],[-4.176996,50.437462],[-4.170178,50.445415],[-4.168699,50.450029],[-4.162702,50.454458],[-4.156289,50.455926],[-4.152704,50.454554],[-4.159322,50.451373],[-4.163263,50.442036],[-4.169174,50.438867],[-4.173024,50.433759],[-4.181827,50.429187],[-4.187131,50.428188],[-4.173511,50.422867],[-4.174024,50.421778],[-4.189911,50.424358],[-4.197169,50.410819],[-4.200163,50.396461],[-4.193568,50.393798],[-4.182251,50.392482],[-4.189854,50.389551],[-4.186324,50.38467],[-4.182743,50.376229],[-4.183691,50.367486],[-4.178179,50.365035],[-4.171289,50.365344],[-4.167852,50.363681],[-4.161578,50.366388],[-4.159273,50.360531],[-4.154773,50.360525],[-4.14323,50.363346],[-4.132239,50.362829],[-4.133577,50.367571],[-4.127784,50.366958],[-4.122337,50.364629],[-4.119796,50.361258],[-4.114188,50.361315],[-4.107583,50.368046],[-4.10832,50.371981],[-4.10554,50.376546],[-4.098838,50.382757],[-4.086845,50.386732],[-4.086848,50.382631],[-4.097661,50.379018],[-4.1015,50.370404],[-4.105315,50.367637],[-4.110424,50.35918],[-4.113554,50.360022],[-4.124151,50.35803],[-4.119741,50.350555],[-4.120415,50.346765],[-4.125828,50.342079],[-4.124729,50.336343],[-4.119269,50.333654],[-4.116715,50.329923],[-4.119591,50.328252],[-4.116969,50.319845],[-4.112618,50.319924],[-4.109319,50.315217],[-4.096064,50.317256],[-4.081974,50.317248],[-4.066782,50.312563],[-4.059082,50.31315],[-4.052829,50.311462],[-4.053529,50.317925],[-4.044818,50.327703],[-4.039776,50.334627],[-4.033249,50.338762],[-4.018885,50.341378],[-4.017404,50.340594],[-4.037667,50.331336],[-4.043626,50.326105],[-4.040721,50.323907],[-4.050449,50.318159],[-4.047098,50.312102],[-4.052179,50.309404],[-4.058591,50.31154],[-4.062989,50.309303],[-4.069156,50.309013],[-4.073397,50.303181],[-4.06366,50.302096],[-4.055737,50.297469],[-4.050667,50.297109],[-4.048314,50.294632],[-4.031526,50.292768],[-4.023647,50.295694],[-4.017697,50.294448],[-4.014854,50.300254],[-4.009059,50.302693],[-4.001554,50.301203],[-3.988322,50.307187],[-3.973712,50.307076],[-3.966621,50.305136],[-3.965283,50.314272],[-3.974368,50.324887],[-3.975431,50.329239],[-3.973612,50.342365],[-3.96593,50.356667],[-3.935163,50.395139],[-3.93496,50.395783],[-3.938479,50.396641],[-3.953041,50.404365],[-3.965686,50.408704],[-3.971451,50.41885],[-3.980636,50.425523],[-3.986358,50.434531],[-3.981348,50.442583],[-3.987025,50.450454],[-3.999734,50.455927],[-4.003201,50.453591],[-4.010375,50.454605],[-4.028432,50.459982],[-4.033582,50.45534],[-4.027994,50.449747],[-4.033046,50.442829],[-4.04195,50.442673],[-4.050659,50.437967],[-4.05976,50.442359],[-4.067429,50.454743],[-4.074803,50.460303],[-4.085493,50.460112],[-4.094652,50.465638],[-4.091841,50.482761],[-4.088578,50.489649],[-4.096111,50.498618],[-4.102066,50.512169],[-4.114754,50.516492],[-4.124081,50.525427],[-4.119238,50.536897],[-4.123012,50.541381],[-4.115975,50.543785],[-4.11827,50.555125],[-4.127451,50.560649],[-4.124341,50.570949],[-4.131946,50.581053],[-4.157575,50.594239],[-4.163456,50.605511],[-4.137785,50.631025],[-4.10984,50.64633],[-4.10483,50.654388],[-4.097522,50.651105],[-4.085202,50.655879],[-4.081093,50.684406],[-4.058867,50.708702],[-4.054488,50.71091]]]},"properties":{"OBJECTID_1":11,"OBJECTID":11,"NAME":"Cornwall Low Ground","REGION":"Exeter","SHORT_NAME":"CWL","Shape_Leng":952853.941854,"DisplayOrd":41,"Shape_Le_1":0,"Shape_Area":0}},{"type":"Feature","geometry":{"type":"MultiPolygon","coordinates":[[[[-3.918374,51.230665],[-3.92529,51.232665],[-3.927349,51.229834],[-3.938485,51.228652],[-3.940143,51.225828],[-3.946619,51.222168],[-3.956747,51.2202],[-3.971025,51.220878],[-3.97982,51.218931],[-3.999312,51.219318],[-4.005302,51.215623],[-3.965515,51.217436],[-3.947551,51.221151],[-3.938688,51.22585],[-3.918374,51.230665]]],[[[-4.031752,51.210007],[-4.039607,51.210511],[-4.0507,51.208509],[-4.053268,51.212817],[-4.057286,51.212378],[-4.066263,51.217472],[-4.066372,51.213836],[-4.072695,51.215307],[-4.077017,51.21461],[-4.082238,51.216073],[-4.088038,51.215466],[-4.094172,51.213054],[-4.099242,51.21371],[-4.10657,51.209882],[-4.111075,51.21195],[-4.121584,51.211004],[-4.142215,51.207283],[-4.145399,51.20432],[-4.157434,51.204539],[-4.16057,51.20181],[-4.167805,51.202845],[-4.170691,51.199365],[-4.191227,51.200763],[-4.19355,51.199352],[-4.201664,51.200495],[-4.203642,51.196357],[-4.208253,51.194903],[-4.209911,51.190968],[-4.231046,51.187932],[-4.214408,51.182672],[-4.210507,51.178303],[-4.212927,51.176549],[-4.209472,51.172504],[-4.211309,51.160976],[-4.220173,51.146302],[-4.224012,51.144664],[-4.256132,51.146881],[-4.259333,51.14333],[-4.256975,51.139544],[-4.235855,51.132926],[-4.234854,51.129977],[-4.239821,51.123317],[-4.236817,51.120317],[-4.22065,51.116938],[-4.221263,51.0883],[-4.216106,51.076023],[-4.206524,51.070871],[-4.197524,51.068918],[-4.186424,51.072957],[-4.184652,51.076552],[-4.167439,51.080011],[-4.167921,51.087872],[-4.162782,51.083308],[-4.152711,51.084753],[-4.134722,51.084814],[-4.127671,51.086741],[-4.126101,51.092975],[-4.108007,51.093932],[-4.095589,51.08777],[-4.078557,51.083065],[-4.073533,51.079935],[-4.075924,51.077203],[-4.083796,51.078601],[-4.089215,51.081319],[-4.101818,51.083432],[-4.113078,51.089254],[-4.116172,51.088209],[-4.115192,51.082381],[-4.117074,51.079829],[-4.125245,51.077432],[-4.153966,51.079505],[-4.152224,51.072423],[-4.168412,51.072412],[-4.173923,51.068775],[-4.180232,51.066949],[-4.181868,51.064724],[-4.181668,51.051048],[-4.178291,51.048719],[-4.18849,51.03717],[-4.198362,51.032676],[-4.197394,51.023665],[-4.2028,51.008957],[-4.200736,51.004212],[-4.187959,50.999865],[-4.193004,50.998952],[-4.203564,51.004033],[-4.205461,51.007954],[-4.202095,51.024467],[-4.202905,51.034641],[-4.195845,51.038875],[-4.188402,51.046812],[-4.189242,51.054036],[-4.193824,51.057368],[-4.197744,51.057285],[-4.204589,51.052983],[-4.210078,51.051989],[-4.214335,51.05717],[-4.211569,51.060514],[-4.218628,51.065165],[-4.223482,51.064596],[-4.226462,51.060977],[-4.23532,51.041922],[-4.256054,51.039095],[-4.264589,51.031879],[-4.27779,51.015748],[-4.28491,51.012956],[-4.28719,51.008873],[-4.298868,50.999407],[-4.315604,50.992601],[-4.343762,50.988621],[-4.373757,50.989994],[-4.389532,50.994709],[-4.40111,51.003645],[-4.417419,51.012446],[-4.424899,51.01427],[-4.433722,51.013403],[-4.441848,51.015284],[-4.450632,51.015307],[-4.461514,51.020213],[-4.471605,51.022258],[-4.494611,51.020743],[-4.500167,51.01905],[-4.513451,51.022111],[-4.517262,51.02032],[-4.524298,51.020168],[-4.528766,51.016582],[-4.526035,51.012261],[-4.533717,51.010116],[-4.531248,51.006401],[-4.532448,51.000699],[-4.528671,50.997022],[-4.534433,50.990295],[-4.530727,50.989755],[-4.530616,50.981959],[-4.535889,50.979111],[-4.530887,50.973058],[-4.532896,50.969147],[-4.531331,50.966033],[-4.544007,50.952482],[-4.540952,50.949977],[-4.542815,50.944468],[-4.545691,50.941599],[-4.549902,50.9413],[-4.544292,50.932886],[-4.46366,50.935458],[-4.457873,50.933899],[-4.447253,50.922603],[-4.430854,50.909744],[-4.421059,50.903947],[-4.405425,50.899057],[-4.408334,50.89372],[-4.395514,50.881423],[-4.380606,50.859454],[-4.359052,50.860926],[-4.346163,50.856268],[-4.320831,50.83114],[-4.301047,50.825677],[-4.277223,50.806948],[-4.260872,50.807108],[-4.255521,50.794729],[-4.252059,50.792086],[-4.206354,50.784163],[-4.193584,50.779314],[-4.133456,50.729134],[-4.112568,50.725897],[-4.104295,50.726542],[-4.098078,50.728878],[-4.080872,50.72736],[-4.075449,50.731464],[-4.066811,50.729871],[-4.066794,50.720678],[-4.058766,50.7185],[-4.054488,50.71091],[-4.044836,50.715777],[-4.011191,50.725468],[-4.002184,50.724485],[-3.970458,50.737545],[-3.954376,50.738954],[-3.89863,50.735323],[-3.882363,50.732172],[-3.875013,50.727738],[-3.878324,50.720856],[-3.86923,50.717588],[-3.85324,50.721258],[-3.82789,50.71483],[-3.790355,50.717689],[-3.772739,50.725924],[-3.751108,50.722837],[-3.723896,50.714138],[-3.723521,50.703901],[-3.718064,50.701705],[-3.674793,50.694369],[-3.656203,50.675287],[-3.645264,50.669752],[-3.639537,50.65959],[-3.64268,50.647027],[-3.640494,50.635677],[-3.63668,50.628902],[-3.638191,50.620914],[-3.646854,50.612825],[-3.696583,50.603007],[-3.701699,50.596103],[-3.685127,50.582687],[-3.6779,50.580515],[-3.676809,50.549802],[-3.692755,50.546157],[-3.719161,50.535527],[-3.754097,50.51452],[-3.762466,50.499598],[-3.758561,50.490552],[-3.77779,50.480017],[-3.792715,50.450196],[-3.802971,50.438656],[-3.800802,50.428447],[-3.816697,50.424785],[-3.843007,50.414128],[-3.856625,50.397977],[-3.869037,50.39664],[-3.893677,50.389412],[-3.907909,50.38918],[-3.93496,50.395783],[-3.935163,50.395139],[-3.96593,50.356667],[-3.973612,50.342365],[-3.975431,50.329239],[-3.974368,50.324887],[-3.965283,50.314272],[-3.966621,50.305136],[-3.959692,50.304255],[-3.953875,50.306242],[-3.951611,50.309248],[-3.946562,50.309423],[-3.933189,50.322508],[-3.940332,50.308178],[-3.944321,50.306132],[-3.944854,50.301986],[-3.941856,50.300777],[-3.941821,50.29646],[-3.93664,50.296817],[-3.931926,50.294826],[-3.92146,50.296439],[-3.90971,50.294024],[-3.896831,50.287939],[-3.892499,50.281354],[-3.88591,50.281551],[-3.878581,50.284368],[-3.87212,50.280695],[-3.866846,50.282219],[-3.864809,50.287558],[-3.859586,50.29043],[-3.860849,50.297605],[-3.851109,50.303517],[-3.850128,50.299935],[-3.855955,50.298133],[-3.856278,50.292012],[-3.850484,50.291025],[-3.861687,50.286709],[-3.86492,50.279642],[-3.869514,50.278668],[-3.877188,50.281063],[-3.879016,50.274018],[-3.868222,50.267177],[-3.866693,50.263963],[-3.860797,50.263878],[-3.85692,50.261601],[-3.855528,50.258296],[-3.858322,50.254384],[-3.859217,50.244925],[-3.868765,50.241624],[-3.85824,50.234238],[-3.852197,50.233885],[-3.846025,50.230205],[-3.839261,50.229323],[-3.829074,50.223278],[-3.825548,50.222704],[-3.821959,50.216824],[-3.81176,50.214015],[-3.799156,50.214301],[-3.793968,50.210514],[-3.786907,50.209094],[-3.782462,50.210152],[-3.78471,50.214074],[-3.77885,50.214794],[-3.779641,50.22249],[-3.781743,50.224733],[-3.774464,50.228802],[-3.764213,50.235974],[-3.766582,50.239356],[-3.760415,50.239449],[-3.757472,50.247139],[-3.763636,50.250733],[-3.763325,50.253706],[-3.78497,50.254814],[-3.782079,50.256298],[-3.771861,50.256904],[-3.770291,50.259986],[-3.766148,50.261758],[-3.768661,50.269005],[-3.765418,50.272382],[-3.759356,50.275442],[-3.756986,50.267851],[-3.759994,50.262301],[-3.757668,50.260087],[-3.749603,50.25823],[-3.743966,50.261373],[-3.742106,50.256544],[-3.747162,50.252871],[-3.75437,50.250513],[-3.750694,50.245892],[-3.75452,50.243136],[-3.751858,50.239399],[-3.746167,50.241013],[-3.738376,50.238882],[-3.759575,50.235684],[-3.768275,50.228267],[-3.771045,50.223548],[-3.761081,50.219472],[-3.746158,50.217718],[-3.741997,50.215083],[-3.734513,50.213576],[-3.729777,50.206631],[-3.724897,50.207333],[-3.721497,50.202437],[-3.718091,50.201228],[-3.711093,50.205379],[-3.70506,50.205198],[-3.700627,50.210569],[-3.689242,50.213613],[-3.687133,50.217422],[-3.679685,50.220857],[-3.659175,50.219623],[-3.654324,50.217174],[-3.645271,50.22171],[-3.639362,50.222333],[-3.653162,50.228163],[-3.656918,50.239442],[-3.649205,50.267884],[-3.639202,50.29123],[-3.625535,50.306262],[-3.611369,50.315093],[-3.606866,50.319023],[-3.594227,50.319107],[-3.591419,50.323373],[-3.584894,50.32571],[-3.580646,50.324689],[-3.569737,50.326186],[-3.570011,50.330229],[-3.561585,50.33466],[-3.563638,50.341558],[-3.571008,50.343437],[-3.574499,50.346987],[-3.575753,50.359382],[-3.579293,50.360143],[-3.592442,50.358165],[-3.586128,50.362748],[-3.583189,50.363148],[-3.57858,50.372564],[-3.59511,50.383221],[-3.592796,50.389729],[-3.598325,50.391002],[-3.604037,50.385167],[-3.605834,50.38838],[-3.622549,50.391746],[-3.632168,50.397367],[-3.639074,50.39772],[-3.642081,50.395159],[-3.660837,50.392374],[-3.662604,50.394598],[-3.642272,50.396595],[-3.642628,50.398749],[-3.636073,50.40046],[-3.632827,50.404283],[-3.643489,50.403324],[-3.647693,50.406862],[-3.643573,50.409798],[-3.653448,50.410467],[-3.654373,50.412793],[-3.640943,50.411094],[-3.640741,50.405251],[-3.633242,50.408145],[-3.629146,50.403615],[-3.630557,50.399638],[-3.622192,50.397777],[-3.619838,50.398889],[-3.613708,50.396546],[-3.61106,50.393165],[-3.605949,50.391796],[-3.599266,50.393867],[-3.588465,50.394824],[-3.573738,50.391967],[-3.576437,50.388513],[-3.589288,50.381592],[-3.579043,50.378044],[-3.575987,50.374938],[-3.572806,50.368056],[-3.574571,50.361916],[-3.568605,50.355791],[-3.570858,50.347396],[-3.554373,50.341862],[-3.550463,50.338316],[-3.543987,50.337953],[-3.542644,50.335542],[-3.533956,50.336287],[-3.528866,50.344089],[-3.519325,50.344574],[-3.516159,50.346684],[-3.512454,50.353927],[-3.519162,50.357077],[-3.51179,50.368416],[-3.513172,50.372085],[-3.506146,50.376673],[-3.505786,50.378656],[-3.494601,50.380779],[-3.495372,50.382928],[-3.501917,50.385272],[-3.501026,50.388251],[-3.491144,50.391616],[-3.486264,50.397525],[-3.480123,50.399132],[-3.496371,50.401262],[-3.502799,50.39983],[-3.508311,50.396162],[-3.515957,50.402088],[-3.521021,50.402022],[-3.527296,50.404638],[-3.542975,50.402092],[-3.546189,50.405737],[-3.553545,50.406898],[-3.551942,50.413845],[-3.554803,50.415246],[-3.55393,50.418675],[-3.557206,50.424117],[-3.556332,50.427547],[-3.551601,50.429229],[-3.555905,50.431689],[-3.554819,50.441507],[-3.550303,50.445525],[-3.548763,50.450132],[-3.541224,50.452211],[-3.53576,50.461816],[-3.530112,50.461441],[-3.526247,50.459567],[-3.528397,50.456337],[-3.520796,50.456527],[-3.51366,50.453652],[-3.502138,50.459018],[-3.490264,50.457731],[-3.48569,50.460128],[-3.481329,50.460364],[-3.478879,50.463093],[-3.486783,50.463532],[-3.489377,50.469884],[-3.49759,50.471128],[-3.499757,50.472809],[-3.495639,50.476279],[-3.502771,50.478975],[-3.509131,50.479522],[-3.512771,50.483163],[-3.510186,50.491407],[-3.512481,50.493509],[-3.511087,50.505489],[-3.507101,50.517592],[-3.496626,50.534275],[-3.492093,50.5382],[-3.505519,50.543244],[-3.510969,50.541554],[-3.535645,50.540872],[-3.537982,50.538952],[-3.547677,50.541971],[-3.56605,50.538488],[-3.579006,50.537683],[-3.582998,50.538888],[-3.572694,50.543075],[-3.566601,50.542348],[-3.558802,50.54551],[-3.526114,50.547293],[-3.514634,50.545824],[-3.498271,50.546125],[-3.49526,50.544635],[-3.489086,50.545794],[-3.480592,50.553996],[-3.470117,50.562133],[-3.464793,50.563459],[-3.462819,50.577244],[-3.453451,50.584916],[-3.440949,50.591816],[-3.439236,50.595885],[-3.422425,50.609563],[-3.43,50.608139],[-3.441005,50.603363],[-3.443245,50.625765],[-3.450419,50.642511],[-3.44748,50.648124],[-3.453544,50.656682],[-3.464787,50.663376],[-3.463041,50.666366],[-3.464742,50.680104],[-3.4815,50.690864],[-3.474806,50.6896],[-3.464679,50.682623],[-3.459254,50.676576],[-3.45312,50.675034],[-3.448415,50.67851],[-3.447081,50.671961],[-3.432894,50.656848],[-3.431592,50.646611],[-3.42924,50.643672],[-3.422484,50.640563],[-3.417098,50.630762],[-3.416976,50.621519],[-3.423387,50.618473],[-3.422661,50.616899],[-3.400063,50.609456],[-3.381206,50.60693],[-3.361079,50.609775],[-3.358869,50.606653],[-3.354926,50.607148],[-3.354465,50.615697],[-3.347222,50.619469],[-3.321565,50.627047],[-3.304142,50.628907],[-3.307263,50.630311],[-3.304556,50.648967],[-3.30409,50.632145],[-3.301077,50.629014],[-3.286189,50.641473],[-3.281134,50.65322],[-3.272809,50.659246],[-3.273031,50.662212],[-3.267704,50.664068],[-3.262076,50.670515],[-3.230015,50.678322],[-3.176391,50.684721],[-3.148352,50.684281],[-3.12009,50.686355],[-3.09316,50.684902],[-3.089441,50.695459],[-3.085635,50.696214],[-3.081211,50.700841],[-3.067088,50.7025],[-3.052637,50.702182],[-3.057513,50.704926],[-3.055286,50.719245],[-3.051966,50.716487],[-3.055794,50.704042],[-3.051223,50.702285],[-3.020697,50.698599],[-3.005584,50.700349],[-2.991261,50.706048],[-2.979631,50.705247],[-2.964066,50.712751],[-2.951331,50.713395],[-2.945058,50.718392],[-2.93729,50.719534],[-2.93535,50.721708],[-2.927473,50.724558],[-2.925145,50.728624],[-2.907387,50.73353],[-2.901132,50.733036],[-2.913534,50.744389],[-2.924996,50.749968],[-2.928062,50.749781],[-2.948846,50.756691],[-2.95505,50.760569],[-2.954837,50.763962],[-2.941736,50.774319],[-2.921553,50.782754],[-2.895868,50.78644],[-2.883682,50.792819],[-2.873201,50.792751],[-2.861664,50.800619],[-2.851858,50.803593],[-2.824006,50.808594],[-2.785257,50.810179],[-2.781837,50.811341],[-2.769688,50.822251],[-2.718563,50.833399],[-2.707269,50.841885],[-2.708656,50.844526],[-2.715293,50.847495],[-2.724611,50.847695],[-2.732167,50.84428],[-2.741292,50.843446],[-2.749478,50.847213],[-2.759318,50.845743],[-2.779666,50.852455],[-2.806841,50.868451],[-2.804085,50.878637],[-2.805972,50.884207],[-2.815393,50.884688],[-2.834932,50.890071],[-2.842854,50.886992],[-2.871165,50.885491],[-2.883806,50.883365],[-2.895788,50.879805],[-2.91151,50.872429],[-2.966515,50.871409],[-3.006937,50.884875],[-3.007825,50.889009],[-3.004596,50.900697],[-3.010618,50.913311],[-3.02883,50.91844],[-3.032255,50.927274],[-3.041525,50.933659],[-3.045713,50.934669],[-3.069598,50.932687],[-3.075442,50.935008],[-3.085679,50.944028],[-3.091569,50.943934],[-3.102795,50.938804],[-3.11039,50.938008],[-3.116582,50.939405],[-3.124836,50.948549],[-3.14778,50.944775],[-3.185293,50.948368],[-3.219987,50.943403],[-3.229161,50.944255],[-3.246529,50.942802],[-3.254186,50.940732],[-3.270542,50.931119],[-3.297365,50.942404],[-3.295644,50.961103],[-3.325272,50.960286],[-3.345436,50.975984],[-3.374884,50.971363],[-3.378792,50.982137],[-3.400784,50.987059],[-3.375677,51.005332],[-3.373287,51.035592],[-3.375722,51.041895],[-3.385371,51.049629],[-3.392334,51.065606],[-3.409795,51.072867],[-3.413575,51.078237],[-3.413144,51.085886],[-3.403713,51.093559],[-3.410909,51.094574],[-3.414383,51.08998],[-3.42338,51.088733],[-3.432235,51.082935],[-3.435073,51.057864],[-3.440312,51.05211],[-3.450963,51.046288],[-3.467204,51.046085],[-3.46706,51.041535],[-3.474133,51.036894],[-3.492065,51.033252],[-3.520632,51.02378],[-3.551635,51.033614],[-3.562689,51.040295],[-3.578927,51.040077],[-3.613326,51.043021],[-3.62772,51.041683],[-3.647769,51.047092],[-3.682135,51.048878],[-3.696529,51.047532],[-3.714783,51.052956],[-3.723975,51.057373],[-3.741938,51.05483],[-3.758309,51.057999],[-3.773007,51.064605],[-3.782032,51.064468],[-3.798762,51.07673],[-3.80779,51.07659],[-3.808411,51.092513],[-3.850267,51.099824],[-3.855413,51.092914],[-3.856233,51.113386],[-3.861973,51.121261],[-3.873092,51.127911],[-3.884816,51.149345],[-3.897614,51.152552],[-3.910319,51.153483],[-3.919691,51.161296],[-3.919927,51.166982],[-3.936492,51.173537],[-3.948916,51.167641],[-3.961674,51.169704],[-3.973305,51.187716],[-3.984407,51.193219],[-4.008181,51.198503],[-4.028441,51.20612],[-4.031752,51.210007]]]]},"properties":{"OBJECTID_1":12,"OBJECTID":12,"NAME":"Devon Low Ground","REGION":"Exeter","SHORT_NAME":"DEV(L)","Shape_Leng":749030.640781,"DisplayOrd":42,"Shape_Le_1":0,"Shape_Area":0}},{"type":"Feature","geometry":{"type":"MultiPolygon","coordinates":[[[[-2.416781,50.56905],[-2.413842,50.570463],[-2.411073,50.584889],[-2.412684,50.584982],[-2.415386,50.570943],[-2.416781,50.56905]]],[[[-2.416092,50.587038],[-2.427745,50.59464],[-2.428784,50.593953],[-2.417217,50.586405],[-2.416092,50.587038]]],[[[-2.014246,50.68913],[-2.016796,50.694076],[-2.020617,50.692097],[-2.017075,50.684903],[-2.012829,50.685263],[-2.014246,50.68913]]],[[[-1.965402,50.694162],[-1.976303,50.696233],[-1.986923,50.691648],[-1.983527,50.687152],[-1.960879,50.685887],[-1.955497,50.688943],[-1.955493,50.693439],[-1.965402,50.694162]]],[[[-1.844223,51.372254],[-1.850676,51.37577],[-1.852103,51.378829],[-1.857987,51.380994],[-1.883707,51.381292],[-1.886432,51.383183],[-1.89405,51.382111],[-1.898643,51.384723],[-1.910426,51.384732],[-1.913585,51.386173],[-1.920917,51.38411],[-1.93197,51.39221],[-1.942175,51.391496],[-1.953536,51.384757],[-1.973944,51.379188],[-1.98339,51.358686],[-1.97728,51.354642],[-1.966687,51.351273],[-1.964246,51.344884],[-1.960419,51.341939],[-1.933864,51.332361],[-1.939214,51.322434],[-1.934044,51.314885],[-1.931891,51.306771],[-1.953594,51.295178],[-1.969834,51.277239],[-1.983483,51.265212],[-1.999128,51.25497],[-2.003879,51.252628],[-2.012369,51.251561],[-2.026231,51.253556],[-2.038083,51.257037],[-2.064976,51.268951],[-2.074374,51.2711],[-2.082958,51.267786],[-2.104153,51.252715],[-2.150778,51.251485],[-2.152968,51.247061],[-2.152606,51.236254],[-2.162183,51.231038],[-2.174403,51.23169],[-2.197565,51.227298],[-2.220999,51.226235],[-2.2261,51.220608],[-2.232,51.203138],[-2.241096,51.19188],[-2.242333,51.169748],[-2.24895,51.151761],[-2.297279,51.147197],[-2.317102,51.140767],[-2.323554,51.137377],[-2.342604,51.120939],[-2.352059,51.119388],[-2.358142,51.116571],[-2.357917,51.106108],[-2.360893,51.100187],[-2.369156,51.097255],[-2.395806,51.098456],[-2.39987,51.092821],[-2.409201,51.086436],[-2.420306,51.072346],[-2.43688,51.062621],[-2.454926,51.056801],[-2.459269,51.053922],[-2.46459,51.047882],[-2.461631,51.039605],[-2.461292,51.029201],[-2.465179,51.01241],[-2.443411,51.00001],[-2.434957,50.98185],[-2.416667,50.954438],[-2.435614,50.938732],[-2.450737,50.936824],[-2.456362,50.937911],[-2.462555,50.942792],[-2.477594,50.941916],[-2.491163,50.938165],[-2.520586,50.922548],[-2.522719,50.917026],[-2.52088,50.913522],[-2.512697,50.909278],[-2.492475,50.905739],[-2.49072,50.900739],[-2.497485,50.896994],[-2.511493,50.893413],[-2.517807,50.8903],[-2.526827,50.874362],[-2.507061,50.85697],[-2.501486,50.8491],[-2.501625,50.843236],[-2.511868,50.834254],[-2.542655,50.828404],[-2.552977,50.830284],[-2.572476,50.837092],[-2.579253,50.836677],[-2.581984,50.838569],[-2.594301,50.840556],[-2.601017,50.84313],[-2.609321,50.841446],[-2.619572,50.835386],[-2.642733,50.836597],[-2.65786,50.839032],[-2.676103,50.836914],[-2.682923,50.832066],[-2.68788,50.830673],[-2.698484,50.832885],[-2.707269,50.841885],[-2.718563,50.833399],[-2.769688,50.822251],[-2.781837,50.811341],[-2.785257,50.810179],[-2.81092,50.809853],[-2.841589,50.805878],[-2.861664,50.800619],[-2.873201,50.792751],[-2.883682,50.792819],[-2.895868,50.78644],[-2.926409,50.781409],[-2.941736,50.774319],[-2.954837,50.763962],[-2.95505,50.760569],[-2.948846,50.756691],[-2.928062,50.749781],[-2.924996,50.749968],[-2.909438,50.742166],[-2.901132,50.733036],[-2.880982,50.730944],[-2.839599,50.722527],[-2.829126,50.723141],[-2.809053,50.717437],[-2.802841,50.718649],[-2.786522,50.716962],[-2.770011,50.712126],[-2.72318,50.696958],[-2.660418,50.674129],[-2.621151,50.658428],[-2.568646,50.633426],[-2.487585,50.588559],[-2.452024,50.562983],[-2.446458,50.556619],[-2.45352,50.542293],[-2.451097,50.539785],[-2.453502,50.525746],[-2.457671,50.519165],[-2.454506,50.512792],[-2.439913,50.520852],[-2.434079,50.530676],[-2.425817,50.537632],[-2.414857,50.542887],[-2.412801,50.549909],[-2.419967,50.562114],[-2.425092,50.566772],[-2.438945,50.568519],[-2.448122,50.568394],[-2.45492,50.570436],[-2.465972,50.581453],[-2.469498,50.579533],[-2.532391,50.615881],[-2.607935,50.653821],[-2.595909,50.653704],[-2.597421,50.650189],[-2.59457,50.648495],[-2.569977,50.638276],[-2.559212,50.636799],[-2.554471,50.630437],[-2.543715,50.629588],[-2.545638,50.624633],[-2.541679,50.624652],[-2.533838,50.618842],[-2.52477,50.616905],[-2.520825,50.618092],[-2.513892,50.617403],[-2.511132,50.610581],[-2.50605,50.611143],[-2.492955,50.602296],[-2.49659,50.598593],[-2.493453,50.595819],[-2.471234,50.583636],[-2.466087,50.585949],[-2.455473,50.598492],[-2.447724,50.60086],[-2.429591,50.595712],[-2.428696,50.596696],[-2.446886,50.601852],[-2.447353,50.606437],[-2.457383,50.606038],[-2.45501,50.609105],[-2.4481,50.610661],[-2.448149,50.615786],[-2.437936,50.627156],[-2.420911,50.636302],[-2.410436,50.63499],[-2.406318,50.633026],[-2.39136,50.636585],[-2.377778,50.63573],[-2.373517,50.633406],[-2.362613,50.631192],[-2.334057,50.631997],[-2.329786,50.627693],[-2.321425,50.624838],[-2.30814,50.625414],[-2.288893,50.622136],[-2.270092,50.622271],[-2.258338,50.618341],[-2.242778,50.616306],[-2.22059,50.61698],[-2.218907,50.619771],[-2.195312,50.62251],[-2.183421,50.618393],[-2.184116,50.615154],[-2.16588,50.614373],[-2.15599,50.615735],[-2.144096,50.608826],[-2.140428,50.610809],[-2.132376,50.611987],[-2.127705,50.609655],[-2.129252,50.606865],[-2.106762,50.597805],[-2.093481,50.597906],[-2.080477,50.594589],[-2.074968,50.595402],[-2.071149,50.592347],[-2.062532,50.593071],[-2.064081,50.589473],[-2.061814,50.584348],[-2.057003,50.577336],[-2.053754,50.575989],[-2.039069,50.579322],[-2.027492,50.58697],[-2.020995,50.588859],[-2.003196,50.59075],[-1.982571,50.590029],[-1.956577,50.591731],[-1.950357,50.595056],[-1.95205,50.597934],[-1.950774,50.602071],[-1.943844,50.607103],[-1.952888,50.607557],[-1.95543,50.609267],[-1.955991,50.614483],[-1.951457,50.624733],[-1.942969,50.629405],[-1.933212,50.630839],[-1.923722,50.640995],[-1.938007,50.640374],[-1.949311,50.648563],[-1.950434,50.657106],[-1.939096,50.673108],[-1.946452,50.67518],[-1.949136,50.680127],[-1.956786,50.672487],[-1.965702,50.671141],[-1.969807,50.668804],[-1.96868,50.661249],[-1.976177,50.665298],[-1.98127,50.666108],[-1.983816,50.670515],[-1.979426,50.676629],[-1.991032,50.672944],[-1.993863,50.667548],[-2.000231,50.672225],[-1.997683,50.675732],[-2.003627,50.67753],[-2.012687,50.682656],[-2.02132,50.681665],[-2.025138,50.67474],[-2.027972,50.681124],[-2.03434,50.679054],[-2.0475,50.676711],[-2.044674,50.680579],[-2.035474,50.680942],[-2.024013,50.68733],[-2.0243,50.695603],[-2.027982,50.697311],[-2.030392,50.701087],[-2.025153,50.702797],[-2.02232,50.70019],[-2.017081,50.70145],[-2.024872,50.706934],[-2.031388,50.708191],[-2.040167,50.70666],[-2.042429,50.703062],[-2.05347,50.699191],[-2.059689,50.689925],[-2.064073,50.687225],[-2.081343,50.687034],[-2.076961,50.690634],[-2.080366,50.695038],[-2.075977,50.695221],[-2.069327,50.698193],[-2.072028,50.704936],[-2.066362,50.70422],[-2.065518,50.708177],[-2.071466,50.707904],[-2.063405,50.716002],[-2.052641,50.717446],[-2.045275,50.71673],[-2.040606,50.723206],[-2.041317,50.725904],[-2.05,50.724911],[-2.04094,50.732118],[-2.034549,50.73176],[-2.033554,50.727894],[-2.034826,50.723028],[-2.039214,50.71871],[-2.034381,50.714845],[-2.011845,50.710803],[-2.001491,50.710624],[-1.998815,50.707791],[-1.987882,50.707485],[-1.986762,50.710542],[-1.996534,50.71396],[-1.993559,50.717827],[-2.001506,50.718555],[-2.010305,50.729796],[-2.006197,50.734742],[-1.993345,50.733348],[-1.993488,50.723078],[-1.99016,50.718159],[-1.991577,50.712611],[-1.972869,50.709829],[-1.964283,50.71435],[-1.954162,50.708025],[-1.949628,50.710181],[-1.948486,50.705415],[-1.933895,50.698213],[-1.93376,50.693717],[-1.939145,50.690203],[-1.950615,50.686702],[-1.948892,50.683167],[-1.944676,50.681834],[-1.912363,50.703694],[-1.873501,50.716095],[-1.824164,50.720545],[-1.783068,50.717518],[-1.748506,50.712241],[-1.74876,50.717647],[-1.761519,50.718384],[-1.772534,50.728397],[-1.765749,50.728104],[-1.763507,50.723154],[-1.760101,50.724226],[-1.757389,50.728087],[-1.750887,50.725196],[-1.740963,50.726523],[-1.740836,50.723825],[-1.727185,50.732607],[-1.718725,50.734662],[-1.714255,50.738511],[-1.700083,50.738566],[-1.698509,50.74099],[-1.690841,50.743308],[-1.688249,50.749506],[-1.688648,50.753463],[-1.68563,50.75957],[-1.685868,50.766315],[-1.691118,50.76588],[-1.697477,50.769134],[-1.696529,50.784239],[-1.698493,50.787571],[-1.70316,50.789921],[-1.705149,50.789387],[-1.712604,50.799927],[-1.720129,50.799136],[-1.729202,50.800596],[-1.73118,50.802129],[-1.727181,50.806526],[-1.72716,50.810213],[-1.715208,50.81513],[-1.721426,50.819642],[-1.714315,50.821873],[-1.712857,50.828074],[-1.717822,50.828805],[-1.719735,50.84131],[-1.727075,50.849151],[-1.727905,50.852929],[-1.724336,50.855978],[-1.723458,50.860203],[-1.716056,50.862523],[-1.709063,50.867452],[-1.699262,50.866797],[-1.692988,50.870018],[-1.690538,50.875228],[-1.690913,50.883052],[-1.683026,50.893102],[-1.682965,50.902185],[-1.672259,50.90791],[-1.667134,50.908525],[-1.663837,50.912113],[-1.654434,50.914243],[-1.651137,50.917561],[-1.657889,50.928012],[-1.651983,50.937616],[-1.655225,50.941942],[-1.663321,50.944214],[-1.664866,50.947096],[-1.691722,50.954364],[-1.698365,50.961755],[-1.702915,50.962846],[-1.710832,50.971948],[-1.718645,50.975384],[-1.718736,50.983837],[-1.716148,50.987787],[-1.71869,50.99148],[-1.712683,50.995242],[-1.710205,51.004049],[-1.702733,51.013741],[-1.706559,51.017348],[-1.705678,51.021392],[-1.717311,51.03244],[-1.720978,51.042161],[-1.739134,51.054436],[-1.728815,51.063352],[-1.735799,51.064807],[-1.736628,51.069664],[-1.728735,51.07711],[-1.724441,51.078988],[-1.729405,51.084665],[-1.717206,51.094977],[-1.717611,51.098934],[-1.712891,51.100002],[-1.70972,51.10467],[-1.711407,51.10899],[-1.701081,51.115439],[-1.690776,51.118199],[-1.68718,51.121877],[-1.669556,51.128752],[-1.66269,51.129722],[-1.656459,51.141303],[-1.652599,51.141382],[-1.641958,51.149532],[-1.6423,51.160773],[-1.635554,51.1639],[-1.624092,51.166471],[-1.626898,51.173224],[-1.626422,51.179068],[-1.631997,51.179625],[-1.643831,51.184787],[-1.641514,51.188466],[-1.647499,51.191722],[-1.64777,51.193701],[-1.64274,51.196383],[-1.649879,51.198653],[-1.651277,51.203063],[-1.648674,51.206562],[-1.65367,51.208375],[-1.657937,51.212164],[-1.65901,51.221879],[-1.654413,51.223844],[-1.656396,51.226817],[-1.650648,51.229407],[-1.651748,51.235435],[-1.646022,51.253762],[-1.648297,51.256016],[-1.647673,51.262669],[-1.640024,51.269479],[-1.636962,51.276124],[-1.616689,51.283163],[-1.615086,51.286215],[-1.606183,51.287804],[-1.603942,51.298226],[-1.593138,51.303495],[-1.593921,51.312309],[-1.620748,51.330023],[-1.629476,51.333468],[-1.634316,51.338518],[-1.641935,51.337193],[-1.648502,51.341979],[-1.653809,51.342534],[-1.655797,51.345507],[-1.664987,51.345354],[-1.668363,51.354985],[-1.672641,51.359313],[-1.660949,51.367192],[-1.659623,51.371774],[-1.67267,51.375408],[-1.675375,51.378922],[-1.684989,51.380747],[-1.691618,51.377797],[-1.698491,51.381412],[-1.701811,51.379172],[-1.708568,51.37847],[-1.721344,51.380389],[-1.72911,51.379238],[-1.73672,51.380065],[-1.745209,51.378016],[-1.746097,51.373252],[-1.750551,51.373262],[-1.762599,51.376973],[-1.779135,51.374398],[-1.783144,51.377193],[-1.795488,51.379912],[-1.801382,51.379293],[-1.807288,51.375616],[-1.825542,51.373487],[-1.828136,51.371513],[-1.844223,51.372254]]]]},"properties":{"OBJECTID_1":13,"OBJECTID":13,"NAME":"Wessex South","REGION":"Exeter","SHORT_NAME":"WSXS","Shape_Leng":592180.617526,"DisplayOrd":47,"Shape_Le_1":0,"Shape_Area":0}},{"type":"Feature","geometry":{"type":"MultiPolygon","coordinates":[[[[-2.708656,50.844526],[-2.698484,50.832885],[-2.690595,50.830952],[-2.682923,50.832066],[-2.676103,50.836914],[-2.65786,50.839032],[-2.642733,50.836597],[-2.619572,50.835386],[-2.609321,50.841446],[-2.601017,50.84313],[-2.594301,50.840556],[-2.581984,50.838569],[-2.579253,50.836677],[-2.572476,50.837092],[-2.552977,50.830284],[-2.542655,50.828404],[-2.511868,50.834254],[-2.501625,50.843236],[-2.501486,50.8491],[-2.507061,50.85697],[-2.526827,50.874362],[-2.517807,50.8903],[-2.511493,50.893413],[-2.497485,50.896994],[-2.49072,50.900739],[-2.492475,50.905739],[-2.512697,50.909278],[-2.52088,50.913522],[-2.522719,50.917026],[-2.520586,50.922548],[-2.491163,50.938165],[-2.477594,50.941916],[-2.462555,50.942792],[-2.456362,50.937911],[-2.450737,50.936824],[-2.435614,50.938732],[-2.416667,50.954438],[-2.434957,50.98185],[-2.443411,51.00001],[-2.465179,51.01241],[-2.461292,51.029201],[-2.461631,51.039605],[-2.46459,51.047882],[-2.459269,51.053922],[-2.454926,51.056801],[-2.43688,51.062621],[-2.420306,51.072346],[-2.409201,51.086436],[-2.39987,51.092821],[-2.395806,51.098456],[-2.369156,51.097255],[-2.360893,51.100187],[-2.357917,51.106108],[-2.358142,51.116571],[-2.352059,51.119388],[-2.342604,51.120939],[-2.323554,51.137377],[-2.317102,51.140767],[-2.297279,51.147197],[-2.24895,51.151761],[-2.242333,51.169748],[-2.241096,51.19188],[-2.232,51.203138],[-2.2261,51.220608],[-2.220999,51.226235],[-2.197565,51.227298],[-2.174403,51.23169],[-2.162183,51.231038],[-2.152606,51.236254],[-2.152968,51.247061],[-2.150778,51.251485],[-2.104153,51.252715],[-2.082958,51.267786],[-2.074374,51.2711],[-2.060143,51.267156],[-2.038083,51.257037],[-2.026231,51.253556],[-2.012369,51.251561],[-2.002054,51.25314],[-1.983483,51.265212],[-1.953594,51.295178],[-1.931891,51.306771],[-1.934044,51.314885],[-1.939214,51.322434],[-1.933864,51.332361],[-1.960419,51.341939],[-1.964246,51.344884],[-1.966687,51.351273],[-1.982299,51.357131],[-1.98339,51.358686],[-1.975669,51.37793],[-1.987883,51.375144],[-1.993055,51.375954],[-1.992048,51.38054],[-1.997508,51.383058],[-1.995352,51.386385],[-1.990466,51.388003],[-1.987878,51.392498],[-1.983567,51.39034],[-1.970199,51.394204],[-1.967608,51.399418],[-1.949488,51.406605],[-1.936401,51.409836],[-1.92503,51.417831],[-1.930629,51.4235],[-1.928612,51.426016],[-1.922857,51.427091],[-1.922415,51.433205],[-1.928164,51.436806],[-1.930459,51.441213],[-1.935349,51.442385],[-1.935487,51.446611],[-1.927706,51.45317],[-1.92741,51.458295],[-1.929699,51.467558],[-1.924077,51.47241],[-1.922197,51.477264],[-1.914419,51.478517],[-1.895537,51.486774],[-1.889921,51.486319],[-1.864119,51.494025],[-1.853876,51.499048],[-1.855583,51.506063],[-1.84564,51.50641],[-1.833652,51.514486],[-1.834643,51.519433],[-1.839957,51.524476],[-1.847724,51.527723],[-1.851174,51.537179],[-1.857935,51.537177],[-1.860941,51.544463],[-1.869455,51.542315],[-1.875211,51.546547],[-1.880406,51.545294],[-1.884441,51.546287],[-1.88645,51.550335],[-1.891785,51.55088],[-1.891629,51.555825],[-1.896242,51.557088],[-1.897099,51.560775],[-1.89363,51.563649],[-1.899538,51.566711],[-1.90502,51.567165],[-1.910349,51.571396],[-1.922465,51.574012],[-1.928239,51.572397],[-1.935741,51.57366],[-1.941802,51.573034],[-1.946268,51.57942],[-1.952613,51.583109],[-1.971953,51.582216],[-1.97137,51.592466],[-1.979021,51.592288],[-1.980895,51.596604],[-1.993167,51.596695],[-1.998219,51.599662],[-2.020889,51.605415],[-2.026523,51.60973],[-2.033887,51.608019],[-2.041831,51.610804],[-2.04674,51.609543],[-2.053672,51.61008],[-2.052088,51.613497],[-2.05657,51.617361],[-2.065235,51.616997],[-2.076202,51.611056],[-2.079523,51.610605],[-2.086892,51.612667],[-2.09398,51.618326],[-2.093984,51.620574],[-2.101645,51.623085],[-2.102087,51.626682],[-2.109899,51.63135],[-2.111783,51.633776],[-2.110783,51.638093],[-2.115703,51.640875],[-2.131168,51.642028],[-2.129151,51.644188],[-2.130035,51.649941],[-2.112718,51.660928],[-2.119245,51.669014],[-2.124023,51.671437],[-2.122748,51.681149],[-2.125645,51.682854],[-2.125371,51.688069],[-2.129281,51.689683],[-2.134188,51.685901],[-2.141849,51.683914],[-2.145743,51.680403],[-2.15138,51.679497],[-2.153828,51.676257],[-2.168432,51.675607],[-2.171316,51.673265],[-2.178832,51.672355],[-2.175637,51.668853],[-2.184453,51.667671],[-2.185152,51.661915],[-2.196835,51.655513],[-2.214785,51.660876],[-2.22215,51.659154],[-2.229957,51.659229],[-2.241112,51.663792],[-2.247605,51.661351],[-2.2518,51.661701],[-2.261464,51.657814],[-2.265516,51.658614],[-2.274674,51.666955],[-2.281336,51.668647],[-2.295654,51.669152],[-2.30489,51.666341],[-2.322566,51.671419],[-2.330806,51.671126],[-2.341914,51.667587],[-2.356252,51.670602],[-2.35991,51.675985],[-2.369632,51.680001],[-2.371852,51.686108],[-2.388608,51.683357],[-2.391684,51.687842],[-2.405017,51.690584],[-2.407644,51.693093],[-2.409007,51.699831],[-2.413659,51.702243],[-2.417781,51.70987],[-2.428024,51.706417],[-2.437604,51.709349],[-2.441913,51.720841],[-2.445847,51.723434],[-2.450737,51.720178],[-2.455805,51.720339],[-2.457628,51.714487],[-2.473693,51.714334],[-2.479504,51.716378],[-2.485406,51.705196],[-2.497481,51.692566],[-2.512432,51.68414],[-2.525992,51.681023],[-2.539784,51.673138],[-2.555332,51.667401],[-2.569761,51.653485],[-2.578754,51.633211],[-2.588033,51.624533],[-2.606808,51.613378],[-2.62563,51.606266],[-2.636684,51.591371],[-2.653228,51.577343],[-2.664819,51.572611],[-2.667336,51.567121],[-2.667704,51.553839],[-2.671545,51.547298],[-2.699056,51.516836],[-2.708747,51.509854],[-2.697122,51.512891],[-2.705174,51.502412],[-2.705532,51.497645],[-2.696703,51.49491],[-2.679089,51.482515],[-2.671306,51.48202],[-2.661026,51.488193],[-2.654508,51.485622],[-2.649414,51.481874],[-2.6473,51.474962],[-2.632086,51.468032],[-2.621599,51.448486],[-2.629926,51.457523],[-2.632785,51.466499],[-2.645955,51.471463],[-2.649758,51.475668],[-2.650397,51.48007],[-2.65768,51.485874],[-2.66201,51.486479],[-2.664556,51.483318],[-2.671291,51.481031],[-2.680521,51.481967],[-2.699703,51.493274],[-2.708531,51.495918],[-2.71676,51.501677],[-2.72355,51.501968],[-2.712351,51.495203],[-2.717852,51.491411],[-2.724192,51.49611],[-2.734264,51.492703],[-2.746055,51.491459],[-2.753662,51.492436],[-2.758225,51.495697],[-2.768141,51.494284],[-2.772692,51.490837],[-2.784582,51.487072],[-2.794364,51.486376],[-2.805226,51.481627],[-2.823124,51.467925],[-2.850075,51.454065],[-2.859426,51.446174],[-2.865742,51.437765],[-2.877135,51.431656],[-2.872633,51.429442],[-2.882323,51.424693],[-2.885879,51.415225],[-2.89577,51.406248],[-2.913652,51.39674],[-2.92911,51.394901],[-2.936442,51.398467],[-2.944608,51.397142],[-2.955864,51.392375],[-2.961472,51.392509],[-2.969602,51.388863],[-2.963704,51.386547],[-2.960971,51.375429],[-2.962413,51.368853],[-2.966473,51.363784],[-2.985708,51.361223],[-2.994528,51.357281],[-2.994696,51.354456],[-2.991334,51.351697],[-2.983951,51.349602],[-2.986358,51.335302],[-2.992015,51.322728],[-2.982179,51.312399],[-2.994813,51.319396],[-3.003126,51.325529],[-3.033605,51.327872],[-3.026788,51.324695],[-3.010827,51.323305],[-3.009347,51.321249],[-3.009143,51.305425],[-3.020026,51.265676],[-2.999206,51.244184],[-2.997053,51.237369],[-2.999986,51.227272],[-2.992751,51.223827],[-2.996427,51.221638],[-3.001867,51.221591],[-3.010857,51.213601],[-3.013796,51.204044],[-3.017909,51.202299],[-3.019499,51.19653],[-3.024124,51.192084],[-3.0305,51.18924],[-3.047343,51.187382],[-3.053061,51.180856],[-3.052119,51.177178],[-3.041439,51.166663],[-3.035519,51.164197],[-3.029981,51.165955],[-3.027907,51.175595],[-3.019941,51.177643],[-3.004537,51.17319],[-2.999399,51.167119],[-3.000845,51.161262],[-3.007834,51.173521],[-3.019327,51.17576],[-3.025594,51.174536],[-3.027955,51.164894],[-3.036623,51.162389],[-3.042687,51.164943],[-3.054472,51.17374],[-3.057603,51.179287],[-3.053924,51.187323],[-3.044779,51.194239],[-3.030191,51.194638],[-3.028143,51.199063],[-3.030527,51.203268],[-3.02794,51.209226],[-3.015423,51.219406],[-3.026436,51.21886],[-3.046371,51.207623],[-3.056442,51.203576],[-3.068552,51.201128],[-3.077717,51.201314],[-3.098781,51.208312],[-3.11364,51.207092],[-3.124023,51.21023],[-3.131184,51.210341],[-3.153887,51.207961],[-3.162064,51.202934],[-3.181173,51.200135],[-3.188683,51.202757],[-3.19596,51.201873],[-3.21522,51.194031],[-3.248238,51.187209],[-3.254253,51.187415],[-3.273073,51.179748],[-3.290884,51.18225],[-3.31027,51.179696],[-3.327689,51.183457],[-3.349656,51.181137],[-3.370663,51.185119],[-3.38932,51.182201],[-3.405652,51.182905],[-3.430081,51.195559],[-3.441476,51.207559],[-3.451973,51.209047],[-3.46724,51.207418],[-3.472547,51.214033],[-3.492095,51.22347],[-3.504996,51.223844],[-3.538351,51.232044],[-3.550992,51.233136],[-3.560133,51.231741],[-3.524086,51.228187],[-3.521986,51.22449],[-3.49621,51.222339],[-3.484151,51.216284],[-3.483951,51.210078],[-3.499719,51.208635],[-3.499517,51.202429],[-3.489399,51.195109],[-3.467512,51.190418],[-3.45171,51.190616],[-3.441718,51.187014],[-3.425611,51.177278],[-3.423216,51.163649],[-3.405298,51.158899],[-3.405147,51.153934],[-3.41862,51.142596],[-3.410689,51.14145],[-3.394979,51.144122],[-3.377071,51.139367],[-3.343529,51.139758],[-3.315587,51.1289],[-3.295131,51.103053],[-3.328434,51.095229],[-3.350298,51.101187],[-3.368078,51.102222],[-3.403713,51.093559],[-3.413144,51.085886],[-3.413575,51.078237],[-3.409795,51.072867],[-3.392334,51.065606],[-3.385371,51.049629],[-3.375722,51.041895],[-3.373287,51.035592],[-3.375677,51.005332],[-3.400784,50.987059],[-3.378792,50.982137],[-3.374884,50.971363],[-3.345436,50.975984],[-3.325272,50.960286],[-3.295644,50.961103],[-3.297365,50.942404],[-3.270542,50.931119],[-3.254186,50.940732],[-3.246529,50.942802],[-3.229161,50.944255],[-3.219987,50.943403],[-3.185293,50.948368],[-3.14778,50.944775],[-3.124836,50.948549],[-3.116582,50.939405],[-3.11039,50.938008],[-3.102795,50.938804],[-3.087952,50.944359],[-3.080997,50.94101],[-3.075442,50.935008],[-3.069598,50.932687],[-3.045713,50.934669],[-3.041525,50.933659],[-3.032255,50.927274],[-3.02883,50.91844],[-3.010618,50.913311],[-3.004596,50.900697],[-3.007825,50.889009],[-3.006937,50.884875],[-2.966515,50.871409],[-2.91151,50.872429],[-2.895788,50.879805],[-2.883806,50.883365],[-2.871165,50.885491],[-2.842854,50.886992],[-2.834932,50.890071],[-2.815393,50.884688],[-2.805972,50.884207],[-2.804085,50.878637],[-2.806841,50.868451],[-2.779666,50.852455],[-2.759318,50.845743],[-2.749478,50.847213],[-2.741292,50.843446],[-2.732167,50.84428],[-2.724611,50.847695],[-2.715293,50.847495],[-2.708656,50.844526]],[[-2.736696,51.331398],[-2.724805,51.331472],[-2.707237,51.348962],[-2.693322,51.346562],[-2.685281,51.33916],[-2.653427,51.329409],[-2.629629,51.328298],[-2.613677,51.320933],[-2.59984,51.323488],[-2.590092,51.335954],[-2.580182,51.336003],[-2.572084,51.322386],[-2.579806,51.306207],[-2.567707,51.288884],[-2.575503,51.278913],[-2.577358,51.268971],[-2.587143,51.260231],[-2.59895,51.255205],[-2.616557,51.240214],[-2.614447,51.230292],[-2.596618,51.227901],[-2.588677,51.225458],[-2.620146,51.21288],[-2.643935,51.217718],[-2.655779,51.21641],[-2.675565,51.217539],[-2.68556,51.224931],[-2.701434,51.228562],[-2.721227,51.229683],[-2.737185,51.238275],[-2.745256,51.248156],[-2.759246,51.256758],[-2.781157,51.265305],[-2.787327,51.278921],[-2.832989,51.286055],[-2.854743,51.284657],[-2.878522,51.285722],[-2.894408,51.288085],[-2.912349,51.294155],[-2.932351,51.30393],[-2.93476,51.325018],[-2.932804,51.326275],[-2.910984,51.325206],[-2.887087,51.319181],[-2.875248,51.321753],[-2.86336,51.321842],[-2.849583,51.326909],[-2.831772,51.328278],[-2.809931,51.325948],[-2.786238,51.331076],[-2.756411,51.325065],[-2.736696,51.331398]]],[[[-2.575425,51.644197],[-2.569511,51.656634],[-2.564799,51.661332],[-2.573595,51.659491],[-2.582068,51.655044],[-2.580211,51.645522],[-2.575425,51.644197]]],[[[-3.783843,51.24684],[-3.786407,51.242605],[-3.778456,51.241876],[-3.783843,51.24684]]],[[[-3.639148,51.222907],[-3.665917,51.225906],[-3.656388,51.222664],[-3.639148,51.222907]]]]},"properties":{"OBJECTID_1":14,"OBJECTID":14,"NAME":"Wessex North Low Ground","REGION":"Exeter","SHORT_NAME":"WSXN(L)","Shape_Leng":611263.848845,"DisplayOrd":46,"Shape_Le_1":0,"Shape_Area":0}},{"type":"Feature","geometry":{"type":"Polygon","coordinates":[[[-0.352109,51.184157],[-0.357965,51.184989],[-0.361901,51.182406],[-0.362607,51.178639],[-0.370554,51.176412],[-0.375238,51.177466],[-0.380368,51.182124],[-0.391977,51.185701],[-0.400347,51.183657],[-0.414602,51.1852],[-0.417884,51.181288],[-0.423066,51.180369],[-0.421702,51.174235],[-0.425711,51.16152],[-0.419543,51.153703],[-0.417526,51.145762],[-0.407949,51.145722],[-0.404724,51.139743],[-0.409097,51.137284],[-0.406993,51.13195],[-0.399422,51.12771],[-0.390569,51.127499],[-0.385111,51.124186],[-0.385755,51.11799],[-0.398062,51.113303],[-0.39701,51.110681],[-0.400968,51.107767],[-0.421776,51.104992],[-0.421685,51.103462],[-0.43349,51.100743],[-0.43687,51.097911],[-0.442152,51.097981],[-0.446005,51.102349],[-0.456769,51.100783],[-0.461394,51.099136],[-0.467967,51.099042],[-0.473488,51.100553],[-0.476429,51.097983],[-0.485193,51.096389],[-0.485394,51.094593],[-0.495835,51.094098],[-0.495614,51.092117],[-0.498148,51.093229],[-0.506297,51.092973],[-0.514342,51.10036],[-0.520639,51.09999],[-0.527226,51.10394],[-0.533976,51.102766],[-0.537498,51.108835],[-0.535568,51.111149],[-0.543545,51.111878],[-0.544599,51.119265],[-0.541706,51.120398],[-0.541279,51.124889],[-0.551376,51.126454],[-0.560555,51.139157],[-0.56589,51.137693],[-0.572937,51.140927],[-0.575892,51.137816],[-0.57992,51.141642],[-0.587804,51.140928],[-0.591766,51.137558],[-0.598112,51.140422],[-0.614917,51.137745],[-0.619023,51.139052],[-0.626658,51.137074],[-0.643823,51.136645],[-0.652441,51.135216],[-0.65854,51.136814],[-0.675859,51.130987],[-0.69205,51.12955],[-0.695117,51.132282],[-0.701737,51.130647],[-0.70066,51.128297],[-0.707157,51.120816],[-0.717245,51.117689],[-0.716884,51.115257],[-0.707069,51.113711],[-0.709765,51.109244],[-0.7085,51.103385],[-0.715693,51.09636],[-0.711826,51.091641],[-0.704217,51.093086],[-0.71317,51.084372],[-0.699066,51.078191],[-0.697429,51.075475],[-0.688849,51.070973],[-0.688094,51.062331],[-0.690162,51.059837],[-0.688256,51.056578],[-0.693187,51.053755],[-0.700006,51.054821],[-0.705206,51.062792],[-0.708888,51.063822],[-0.710733,51.069328],[-0.720994,51.064674],[-0.728563,51.064487],[-0.730207,51.072239],[-0.735592,51.073646],[-0.740926,51.071725],[-0.745306,51.073391],[-0.749359,51.071276],[-0.764292,51.073323],[-0.771603,51.066746],[-0.772071,51.059826],[-0.775711,51.057077],[-0.790416,51.05678],[-0.789904,51.054527],[-0.798037,51.054521],[-0.808126,51.050578],[-0.816588,51.05444],[-0.819157,51.048801],[-0.824369,51.045796],[-0.850606,51.040482],[-0.854071,51.044562],[-0.852868,51.047068],[-0.85569,51.05411],[-0.848779,51.05665],[-0.849494,51.062323],[-0.857321,51.063209],[-0.863774,51.067768],[-0.870913,51.067657],[-0.875871,51.075079],[-0.885104,51.082901],[-0.887739,51.086163],[-0.898496,51.090132],[-0.904677,51.088391],[-0.916422,51.092907],[-0.91734,51.096422],[-0.927144,51.092376],[-0.940185,51.084132],[-0.940389,51.081436],[-0.933691,51.080926],[-0.93676,51.077807],[-0.945623,51.077257],[-0.949299,51.078819],[-0.953795,51.075712],[-0.964283,51.072658],[-0.950571,51.060486],[-0.955372,51.056392],[-0.964403,51.054494],[-0.968947,51.049049],[-0.964033,51.045499],[-0.95694,51.043727],[-0.95347,51.03947],[-0.957831,51.035822],[-0.963458,51.032904],[-0.963277,51.028226],[-0.970533,51.022535],[-1.00277,51.015261],[-1.008529,51.012612],[-1.009682,51.005338],[-1.014312,51.00205],[-1.002345,50.995204],[-1.004097,50.986586],[-0.993419,50.97966],[-0.984657,50.976437],[-0.979072,50.977827],[-0.974704,50.975631],[-0.97351,50.971664],[-0.968668,50.971621],[-0.962214,50.973632],[-0.955818,50.973036],[-0.952321,50.970217],[-0.942056,50.970664],[-0.93257,50.968239],[-0.924833,50.970237],[-0.916809,50.966206],[-0.916176,50.962783],[-0.909561,50.959484],[-0.910246,50.954544],[-0.915429,50.952075],[-0.916197,50.949654],[-0.910658,50.936923],[-0.911274,50.928835],[-0.916023,50.926541],[-0.91354,50.917076],[-0.910476,50.914259],[-0.910978,50.911027],[-0.923879,50.900535],[-0.929286,50.900405],[-0.933864,50.892983],[-0.947988,50.884568],[-0.943383,50.880749],[-0.94518,50.876719],[-0.943328,50.870587],[-0.934881,50.867093],[-0.930991,50.86319],[-0.932216,50.859335],[-0.936843,50.85578],[-0.936932,50.844555],[-0.930455,50.843132],[-0.942086,50.824982],[-0.93824,50.819282],[-0.942415,50.816712],[-0.925773,50.811973],[-0.920085,50.806255],[-0.915866,50.804598],[-0.909341,50.804447],[-0.906909,50.817464],[-0.907349,50.822953],[-0.916409,50.836347],[-0.912041,50.840983],[-0.902368,50.841612],[-0.896995,50.840572],[-0.892696,50.836215],[-0.895495,50.831925],[-0.890323,50.816498],[-0.884702,50.814106],[-0.875217,50.813026],[-0.866621,50.828051],[-0.868388,50.831305],[-0.868323,50.839848],[-0.863952,50.838546],[-0.859374,50.839941],[-0.860084,50.828257],[-0.852449,50.826923],[-0.858357,50.823384],[-0.863489,50.822535],[-0.869589,50.816838],[-0.868244,50.813768],[-0.857671,50.810787],[-0.855639,50.80681],[-0.844753,50.805084],[-0.820638,50.815904],[-0.821399,50.819509],[-0.817014,50.824501],[-0.816182,50.829348],[-0.810222,50.829198],[-0.812117,50.821663],[-0.815303,50.819178],[-0.81471,50.814585],[-0.824038,50.810543],[-0.825466,50.804532],[-0.833826,50.805065],[-0.840745,50.800728],[-0.845019,50.800051],[-0.858999,50.802886],[-0.869092,50.808021],[-0.87675,50.808274],[-0.887387,50.802621],[-0.893042,50.791523],[-0.896364,50.789037],[-0.900757,50.789258],[-0.903897,50.782363],[-0.913706,50.781466],[-0.913086,50.783708],[-0.908053,50.786629],[-0.910702,50.788632],[-0.915673,50.782293],[-0.907041,50.775288],[-0.865221,50.762749],[-0.834494,50.749676],[-0.793492,50.723449],[-0.784163,50.722632],[-0.772005,50.732487],[-0.762825,50.742103],[-0.761364,50.749102],[-0.761628,50.75522],[-0.769013,50.760154],[-0.777615,50.761953],[-0.777356,50.766447],[-0.780277,50.768636],[-0.764987,50.767666],[-0.764712,50.772699],[-0.756208,50.772519],[-0.755243,50.766123],[-0.749075,50.763449],[-0.751198,50.758256],[-0.72903,50.770607],[-0.700185,50.777753],[-0.675655,50.780481],[-0.661164,50.783247],[-0.648708,50.787241],[-0.601228,50.790458],[-0.58674,50.795679],[-0.578795,50.795673],[-0.566339,50.799297],[-0.55209,50.80119],[-0.543028,50.800537],[-0.547631,50.807699],[-0.560812,50.812899],[-0.562912,50.8185],[-0.570371,50.815984],[-0.573187,50.816738],[-0.574119,50.823404],[-0.576996,50.826857],[-0.574659,50.828987],[-0.571312,50.817704],[-0.566123,50.820249],[-0.56075,50.819553],[-0.559352,50.81423],[-0.545588,50.809032],[-0.541102,50.802681],[-0.443472,50.802849],[-0.370123,50.809536],[-0.350684,50.814183],[-0.301213,50.823977],[-0.277351,50.827683],[-0.248988,50.826721],[-0.253971,50.830564],[-0.280892,50.831404],[-0.288325,50.838627],[-0.285859,50.84003],[-0.278744,50.83229],[-0.26467,50.833062],[-0.24657,50.830993],[-0.245076,50.829172],[-0.16733,50.823749],[-0.137576,50.818601],[-0.108463,50.814266],[-0.100158,50.814985],[-0.090283,50.812747],[-0.058148,50.803097],[-0.04207,50.800669],[0.008171,50.787143],[0.033776,50.781834],[0.051573,50.780713],[0.055697,50.781899],[0.050017,50.793781],[0.051474,50.794655],[0.059088,50.782892],[0.070919,50.7819],[0.084724,50.776527],[0.115856,50.760731],[0.135567,50.75609],[0.147825,50.759355],[0.189609,50.747443],[0.208337,50.738726],[0.241065,50.735493],[0.257783,50.738318],[0.273872,50.754464],[0.29056,50.7652],[0.301228,50.774524],[0.314026,50.780926],[0.329131,50.785123],[0.330758,50.789317],[0.349806,50.809801],[0.367977,50.818248],[0.408167,50.829477],[0.448509,50.835113],[0.481468,50.837924],[0.528385,50.849239],[0.557462,50.850682],[0.575682,50.853879],[0.59636,50.85522],[0.608405,50.859979],[0.623174,50.86128],[0.621112,50.863561],[0.625283,50.869494],[0.624946,50.876157],[0.616645,50.877693],[0.607285,50.875564],[0.596834,50.876786],[0.592328,50.880125],[0.592188,50.882736],[0.57363,50.883956],[0.567183,50.888236],[0.559317,50.887419],[0.558289,50.88942],[0.549352,50.892404],[0.545193,50.891776],[0.5408,50.894659],[0.535637,50.893872],[0.528902,50.895548],[0.526055,50.898128],[0.515635,50.900062],[0.511939,50.902749],[0.510991,50.906278],[0.502307,50.908803],[0.491792,50.909028],[0.491507,50.91434],[0.484743,50.915564],[0.483746,50.920891],[0.466703,50.916126],[0.445764,50.918366],[0.44399,50.925238],[0.437801,50.926627],[0.43456,50.935419],[0.435192,50.942061],[0.427138,50.943234],[0.415428,50.939774],[0.411325,50.943006],[0.3955,50.948099],[0.374868,50.951129],[0.367701,50.950195],[0.366583,50.945001],[0.368474,50.940196],[0.363232,50.937874],[0.358553,50.938238],[0.349647,50.942285],[0.345234,50.942284],[0.342198,50.947022],[0.32914,50.947823],[0.325942,50.952204],[0.326283,50.959032],[0.318406,50.963866],[0.311296,50.961219],[0.301902,50.961314],[0.296401,50.96529],[0.278099,50.966728],[0.271028,50.973611],[0.266954,50.974769],[0.262312,50.97306],[0.25383,50.974394],[0.243995,50.968377],[0.237342,50.969224],[0.233219,50.975329],[0.225452,50.973769],[0.218353,50.974263],[0.221944,50.980851],[0.216083,50.989416],[0.211281,50.990316],[0.214058,50.994761],[0.217401,50.996136],[0.220505,51.004441],[0.219115,51.008155],[0.224168,51.009498],[0.225428,51.011992],[0.226467,51.021775],[0.223168,51.027324],[0.218284,51.029576],[0.207731,51.029596],[0.199196,51.033084],[0.191807,51.033673],[0.186713,51.03152],[0.184775,51.035783],[0.166818,51.036118],[0.15697,51.042146],[0.150507,51.050449],[0.134891,51.039763],[0.125782,51.040199],[0.116862,51.035415],[0.114081,51.036994],[0.103555,51.037633],[0.0996,51.041662],[0.092722,51.040976],[0.086582,51.037668],[0.075641,51.04182],[0.065559,51.03966],[0.062598,51.040432],[0.059013,51.036808],[0.053961,51.035458],[0.044333,51.040303],[0.03814,51.04221],[0.033427,51.04535],[0.016295,51.05191],[0.016209,51.054669],[0.024388,51.067091],[0.022244,51.070276],[0.014799,51.069775],[0.004704,51.073995],[0.002541,51.073493],[-0.005902,51.076335],[-0.01059,51.073537],[-0.020467,51.072896],[-0.028691,51.074204],[-0.034038,51.072675],[-0.039097,51.074559],[-0.048084,51.074709],[-0.05769,51.080535],[-0.065853,51.079951],[-0.072947,51.091309],[-0.070563,51.093698],[-0.083537,51.097689],[-0.088032,51.102978],[-0.10002,51.099756],[-0.10458,51.10001],[-0.114366,51.094683],[-0.120251,51.093968],[-0.130512,51.094493],[-0.132575,51.092907],[-0.130838,51.086404],[-0.133728,51.085551],[-0.135204,51.080808],[-0.149166,51.077972],[-0.152024,51.07433],[-0.15584,51.07529],[-0.161735,51.074214],[-0.164959,51.068509],[-0.162915,51.066048],[-0.167771,51.062348],[-0.173962,51.064603],[-0.1791,51.064593],[-0.191942,51.061015],[-0.194464,51.058536],[-0.202096,51.067827],[-0.202886,51.073235],[-0.207106,51.074828],[-0.207973,51.081946],[-0.224035,51.08381],[-0.230525,51.08211],[-0.240048,51.083243],[-0.247818,51.081651],[-0.257574,51.088002],[-0.259218,51.097469],[-0.266741,51.102527],[-0.27781,51.100623],[-0.303559,51.103427],[-0.302996,51.107106],[-0.294736,51.110313],[-0.290197,51.117171],[-0.278586,51.122037],[-0.281431,51.126215],[-0.280886,51.129355],[-0.287447,51.133588],[-0.29826,51.134915],[-0.301628,51.140539],[-0.309143,51.13831],[-0.318526,51.139704],[-0.321338,51.144961],[-0.328508,51.148301],[-0.327986,51.150901],[-0.334212,51.152699],[-0.325387,51.159497],[-0.329847,51.166665],[-0.334818,51.167635],[-0.335787,51.172505],[-0.341826,51.175648],[-0.341017,51.178245],[-0.352109,51.184157]]]},"properties":{"OBJECTID_1":15,"OBJECTID":15,"NAME":"Sussex","REGION":"Worthing","SHORT_NAME":"Sussex","Shape_Leng":563758.427688,"DisplayOrd":52,"Shape_Le_1":0,"Shape_Area":0}},{"type":"Feature","geometry":{"type":"Polygon","coordinates":[[[-0.667193,51.5796],[-0.672662,51.581101],[-0.678305,51.579636],[-0.674635,51.576807],[-0.682032,51.575541],[-0.684545,51.573457],[-0.692168,51.573558],[-0.694819,51.572267],[-0.703279,51.574339],[-0.706138,51.571979],[-0.712796,51.575627],[-0.700772,51.582693],[-0.697166,51.586671],[-0.700856,51.589222],[-0.700986,51.594078],[-0.706659,51.60251],[-0.715894,51.608638],[-0.737034,51.612215],[-0.747921,51.617186],[-0.768926,51.616069],[-0.783388,51.618229],[-0.792026,51.616978],[-0.800729,51.613218],[-0.804762,51.613259],[-0.822354,51.619128],[-0.838497,51.618787],[-0.848142,51.620221],[-0.85233,51.624782],[-0.866021,51.625751],[-0.876155,51.629197],[-0.893888,51.641083],[-0.892343,51.64927],[-0.89832,51.658031],[-0.904451,51.660432],[-0.921104,51.661925],[-0.923952,51.666638],[-0.92795,51.668349],[-0.941501,51.664454],[-0.94615,51.661316],[-0.959427,51.645699],[-0.968141,51.641088],[-0.968577,51.633727],[-0.973962,51.621555],[-0.986755,51.614635],[-0.994057,51.612689],[-1.001743,51.605557],[-1.017361,51.60435],[-1.059774,51.594152],[-1.119547,51.592942],[-1.121235,51.587578],[-1.1197,51.585037],[-1.12039,51.579894],[-1.117343,51.577205],[-1.117587,51.572206],[-1.122761,51.571693],[-1.124191,51.566371],[-1.133168,51.559727],[-1.139069,51.551864],[-1.135234,51.544113],[-1.133203,51.532406],[-1.139307,51.523038],[-1.138268,51.519738],[-1.132241,51.515389],[-1.11834,51.512662],[-1.111437,51.509258],[-1.104173,51.496515],[-1.093374,51.491468],[-1.08545,51.490027],[-1.092077,51.483592],[-1.108841,51.476355],[-1.121386,51.479128],[-1.133467,51.478214],[-1.139279,51.482776],[-1.145933,51.485336],[-1.156943,51.484411],[-1.159605,51.485434],[-1.161032,51.495321],[-1.170387,51.497061],[-1.174271,51.504789],[-1.180456,51.503828],[-1.186059,51.50554],[-1.195302,51.513807],[-1.20833,51.520591],[-1.21276,51.528154],[-1.217549,51.530529],[-1.219082,51.535058],[-1.229462,51.540316],[-1.235014,51.545374],[-1.238885,51.554774],[-1.251723,51.557869],[-1.257802,51.563766],[-1.269517,51.570201],[-1.277039,51.570079],[-1.281119,51.566924],[-1.285969,51.565949],[-1.310598,51.553543],[-1.317297,51.554419],[-1.34749,51.564801],[-1.35909,51.561182],[-1.396234,51.554851],[-1.401665,51.550192],[-1.417671,51.558307],[-1.425469,51.557509],[-1.430823,51.558874],[-1.45531,51.554638],[-1.462561,51.554671],[-1.468766,51.552189],[-1.495555,51.557663],[-1.5057,51.563063],[-1.513208,51.564266],[-1.519064,51.569312],[-1.534058,51.573892],[-1.55633,51.576321],[-1.567896,51.574858],[-1.583474,51.575082],[-1.594257,51.570935],[-1.60079,51.561081],[-1.613442,51.557441],[-1.626691,51.546269],[-1.636375,51.543956],[-1.640478,51.53426],[-1.647731,51.533445],[-1.658973,51.537496],[-1.663825,51.534664],[-1.680218,51.531697],[-1.68426,51.529532],[-1.685103,51.523842],[-1.701529,51.515014],[-1.710376,51.516208],[-1.725425,51.511892],[-1.735619,51.511915],[-1.755987,51.515809],[-1.766191,51.513821],[-1.771848,51.508978],[-1.811289,51.507206],[-1.815019,51.513238],[-1.827895,51.513593],[-1.833652,51.514486],[-1.839144,51.509819],[-1.84564,51.50641],[-1.855583,51.506063],[-1.853876,51.499048],[-1.864119,51.494025],[-1.889921,51.486319],[-1.895537,51.486774],[-1.914419,51.478517],[-1.922197,51.477264],[-1.924077,51.47241],[-1.929699,51.467558],[-1.92741,51.458295],[-1.927706,51.45317],[-1.935487,51.446611],[-1.935349,51.442385],[-1.930459,51.441213],[-1.928164,51.436806],[-1.922415,51.433205],[-1.922857,51.427091],[-1.928612,51.426016],[-1.930629,51.4235],[-1.92503,51.417831],[-1.936401,51.409836],[-1.949488,51.406605],[-1.967608,51.399418],[-1.970199,51.394204],[-1.983567,51.39034],[-1.987878,51.392498],[-1.990466,51.388003],[-1.995352,51.386385],[-1.997508,51.383058],[-1.992192,51.38081],[-1.993055,51.375954],[-1.986446,51.375324],[-1.975669,51.37793],[-1.96877,51.381345],[-1.954255,51.384488],[-1.942175,51.391496],[-1.93197,51.39221],[-1.920917,51.38411],[-1.913585,51.386173],[-1.910426,51.384732],[-1.898643,51.384723],[-1.89405,51.382111],[-1.886432,51.383183],[-1.883707,51.381292],[-1.857987,51.380994],[-1.852103,51.378829],[-1.850676,51.37577],[-1.844223,51.372254],[-1.82871,51.371514],[-1.821373,51.37438],[-1.806569,51.375795],[-1.801382,51.379293],[-1.795488,51.379912],[-1.783144,51.377193],[-1.779135,51.374398],[-1.765185,51.377068],[-1.746097,51.373252],[-1.745209,51.378016],[-1.73672,51.380065],[-1.72911,51.379238],[-1.721344,51.380389],[-1.708568,51.37847],[-1.701811,51.379172],[-1.698491,51.381412],[-1.6909,51.377795],[-1.684414,51.380745],[-1.675375,51.378922],[-1.669233,51.37387],[-1.659764,51.372134],[-1.660949,51.367192],[-1.672641,51.359313],[-1.668363,51.354985],[-1.664987,51.345354],[-1.655797,51.345507],[-1.653809,51.342534],[-1.648502,51.341979],[-1.641935,51.337193],[-1.634316,51.338518],[-1.629476,51.333468],[-1.620748,51.330023],[-1.605341,51.319092],[-1.595297,51.319058],[-1.584151,51.313894],[-1.573329,51.320419],[-1.57353,51.329771],[-1.576515,51.332929],[-1.576764,51.336976],[-1.556122,51.348859],[-1.542334,51.349255],[-1.537005,51.350853],[-1.52625,51.349371],[-1.517328,51.351223],[-1.511828,51.355337],[-1.489717,51.354883],[-1.48394,51.357825],[-1.478336,51.35807],[-1.46931,51.356231],[-1.464754,51.352793],[-1.458146,51.353033],[-1.454442,51.350498],[-1.448133,51.349749],[-1.44028,51.346115],[-1.43104,51.338607],[-1.419574,51.337112],[-1.415904,51.332238],[-1.40734,51.328509],[-1.409956,51.325914],[-1.401391,51.322364],[-1.40014,51.3193],[-1.394411,51.318462],[-1.38244,51.312285],[-1.365497,51.313273],[-1.363171,51.315419],[-1.352819,51.316981],[-1.347816,51.315604],[-1.344699,51.312799],[-1.336226,51.313381],[-1.322474,51.311863],[-1.31392,51.308217],[-1.30373,51.308517],[-1.300749,51.306431],[-1.292572,51.306382],[-1.287649,51.309319],[-1.272299,51.309315],[-1.266209,51.304331],[-1.263485,51.304224],[-1.250804,51.30774],[-1.246371,51.306903],[-1.250017,51.303239],[-1.245206,51.299162],[-1.236721,51.300546],[-1.232756,51.297463],[-1.226613,51.295984],[-1.220249,51.299179],[-1.211788,51.299032],[-1.206104,51.295936],[-1.195654,51.294786],[-1.18989,51.288182],[-1.18386,51.28859],[-1.181741,51.286777],[-1.175676,51.289162],[-1.172253,51.288149],[-1.162767,51.28934],[-1.161547,51.293288],[-1.144997,51.288672],[-1.141923,51.284334],[-1.128652,51.280909],[-1.13234,51.275451],[-1.14577,51.270154],[-1.146429,51.265573],[-1.161771,51.265234],[-1.157942,51.255136],[-1.160904,51.249852],[-1.159083,51.247591],[-1.159097,51.238958],[-1.161871,51.236101],[-1.156655,51.231478],[-1.149515,51.230347],[-1.145341,51.231485],[-1.136538,51.227374],[-1.130665,51.227421],[-1.120739,51.222221],[-1.120059,51.220328],[-1.105255,51.223183],[-1.098757,51.218637],[-1.092578,51.219758],[-1.089504,51.215868],[-1.077352,51.214963],[-1.07458,51.217549],[-1.06743,51.217133],[-1.062803,51.219344],[-1.046785,51.211481],[-1.047142,51.208067],[-1.040619,51.205046],[-1.037181,51.205198],[-1.034245,51.201847],[-1.037391,51.195128],[-1.054167,51.193557],[-1.054661,51.190413],[-1.063376,51.191113],[-1.077938,51.185653],[-1.084524,51.185435],[-1.08386,51.182822],[-1.076142,51.182402],[-1.076509,51.178358],[-1.067549,51.17577],[-1.065386,51.169548],[-1.066329,51.165329],[-1.086362,51.157574],[-1.108614,51.145606],[-1.103142,51.140259],[-1.107952,51.13544],[-1.107865,51.132562],[-1.102661,51.128205],[-1.086206,51.129247],[-1.077006,51.131962],[-1.065893,51.130256],[-1.068261,51.126228],[-1.067776,51.121908],[-1.063841,51.118639],[-1.060967,51.112411],[-1.056026,51.109494],[-1.062946,51.106402],[-1.0638,51.099485],[-1.062887,51.095162],[-1.059054,51.094052],[-1.056133,51.090251],[-1.055842,51.083505],[-1.058347,51.079658],[-1.049259,51.070323],[-1.059418,51.069056],[-1.062343,51.065572],[-1.06906,51.065086],[-1.074722,51.060275],[-1.074649,51.056768],[-1.065974,51.048246],[-1.065207,51.043834],[-1.05784,51.041346],[-1.042171,51.04032],[-1.036366,51.038204],[-1.033073,51.038806],[-1.030831,51.043734],[-1.028101,51.0447],[-1.021574,51.043027],[-1.010298,51.043382],[-0.987089,51.028345],[-0.978,51.026647],[-0.969549,51.028372],[-0.964149,51.027515],[-0.963458,51.032904],[-0.957831,51.035822],[-0.95347,51.03947],[-0.95694,51.043727],[-0.964033,51.045499],[-0.968947,51.049049],[-0.964403,51.054494],[-0.955372,51.056392],[-0.950571,51.060486],[-0.964283,51.072658],[-0.953795,51.075712],[-0.949299,51.078819],[-0.945623,51.077257],[-0.93676,51.077807],[-0.933691,51.080926],[-0.940389,51.081436],[-0.940185,51.084132],[-0.917483,51.096424],[-0.916422,51.092907],[-0.904677,51.088391],[-0.898496,51.090132],[-0.887739,51.086163],[-0.885104,51.082901],[-0.875871,51.075079],[-0.870913,51.067657],[-0.863774,51.067768],[-0.857321,51.063209],[-0.849494,51.062323],[-0.848779,51.05665],[-0.85569,51.05411],[-0.852868,51.047068],[-0.854071,51.044562],[-0.850606,51.040482],[-0.824369,51.045796],[-0.819157,51.048801],[-0.816588,51.05444],[-0.808126,51.050578],[-0.798037,51.054521],[-0.789904,51.054527],[-0.790416,51.05678],[-0.775711,51.057077],[-0.772071,51.059826],[-0.771603,51.066746],[-0.764292,51.073323],[-0.749359,51.071276],[-0.745306,51.073391],[-0.740926,51.071725],[-0.735592,51.073646],[-0.730207,51.072239],[-0.728563,51.064487],[-0.720994,51.064674],[-0.710733,51.069328],[-0.708888,51.063822],[-0.705206,51.062792],[-0.700006,51.054821],[-0.693187,51.053755],[-0.688256,51.056578],[-0.690162,51.059837],[-0.688094,51.062331],[-0.688849,51.070973],[-0.697429,51.075475],[-0.699066,51.078191],[-0.71317,51.084372],[-0.704217,51.093086],[-0.711826,51.091641],[-0.715693,51.09636],[-0.7085,51.103385],[-0.709765,51.109244],[-0.707069,51.113711],[-0.716884,51.115257],[-0.717248,51.117599],[-0.707157,51.120816],[-0.70066,51.128297],[-0.701737,51.130647],[-0.694117,51.132271],[-0.69205,51.12955],[-0.675428,51.131072],[-0.65854,51.136814],[-0.652441,51.135216],[-0.643823,51.136645],[-0.626658,51.137074],[-0.619023,51.139052],[-0.614917,51.137745],[-0.598112,51.140422],[-0.591766,51.137558],[-0.587804,51.140928],[-0.57992,51.141642],[-0.575892,51.137816],[-0.572937,51.140927],[-0.56589,51.137693],[-0.560555,51.139157],[-0.551376,51.126454],[-0.541279,51.124889],[-0.541706,51.120398],[-0.544599,51.119265],[-0.543545,51.111878],[-0.535568,51.111149],[-0.537498,51.108835],[-0.533976,51.102766],[-0.527226,51.10394],[-0.520639,51.09999],[-0.514342,51.10036],[-0.504455,51.0925],[-0.495614,51.092117],[-0.495547,51.094184],[-0.485394,51.094593],[-0.485193,51.096389],[-0.476429,51.097983],[-0.473488,51.100553],[-0.467967,51.099042],[-0.461394,51.099136],[-0.456769,51.100783],[-0.446005,51.102349],[-0.442152,51.097981],[-0.43687,51.097911],[-0.43349,51.100743],[-0.421685,51.103462],[-0.421776,51.104992],[-0.400968,51.107767],[-0.39701,51.110681],[-0.398062,51.113303],[-0.385755,51.11799],[-0.385111,51.124186],[-0.390569,51.127499],[-0.399422,51.12771],[-0.406993,51.13195],[-0.409097,51.137284],[-0.404724,51.139743],[-0.407949,51.145722],[-0.417526,51.145762],[-0.419543,51.153703],[-0.425711,51.16152],[-0.421702,51.174235],[-0.423669,51.179478],[-0.417884,51.181288],[-0.414602,51.1852],[-0.400347,51.183657],[-0.391977,51.185701],[-0.380368,51.182124],[-0.375238,51.177466],[-0.370554,51.176412],[-0.362607,51.178639],[-0.361901,51.182406],[-0.35813,51.18532],[-0.364332,51.192445],[-0.371596,51.206441],[-0.38252,51.214126],[-0.393948,51.215121],[-0.40043,51.220399],[-0.405504,51.220134],[-0.41978,51.231376],[-0.419414,51.242086],[-0.415548,51.245884],[-0.4146,51.250223],[-0.41761,51.255789],[-0.41896,51.270874],[-0.423867,51.275628],[-0.419372,51.289964],[-0.4377,51.308458],[-0.438303,51.314325],[-0.445559,51.32095],[-0.445611,51.327312],[-0.437632,51.33407],[-0.442634,51.344181],[-0.440315,51.349508],[-0.446167,51.35829],[-0.446151,51.36666],[-0.448198,51.369366],[-0.45746,51.372335],[-0.455554,51.377011],[-0.453,51.378071],[-0.442689,51.376088],[-0.437542,51.377249],[-0.42952,51.382059],[-0.426571,51.387127],[-0.41584,51.395047],[-0.414294,51.398383],[-0.400149,51.40364],[-0.401941,51.405351],[-0.391875,51.408835],[-0.380219,51.407234],[-0.373942,51.407821],[-0.359944,51.401747],[-0.359563,51.399787],[-0.35278,51.398169],[-0.3427,51.402311],[-0.33851,51.394388],[-0.325298,51.38902],[-0.324891,51.390551],[-0.312643,51.394841],[-0.304948,51.405511],[-0.300774,51.404505],[-0.302624,51.409634],[-0.303478,51.413226],[-0.301764,51.418633],[-0.305242,51.422469],[-0.304438,51.424639],[-0.327306,51.433321],[-0.328321,51.432311],[-0.322149,51.424482],[-0.315219,51.425],[-0.310314,51.420567],[-0.311377,51.411365],[-0.316632,51.409967],[-0.320559,51.406806],[-0.318181,51.3999],[-0.321967,51.398524],[-0.327337,51.400468],[-0.330733,51.396623],[-0.336127,51.400238],[-0.336627,51.402797],[-0.347145,51.408501],[-0.366647,51.413301],[-0.37978,51.411525],[-0.381284,51.410103],[-0.392151,51.41032],[-0.420599,51.402025],[-0.425742,51.397855],[-0.443182,51.399728],[-0.466427,51.406398],[-0.465575,51.408354],[-0.472207,51.409916],[-0.472059,51.414339],[-0.477902,51.421295],[-0.489055,51.427446],[-0.496866,51.429003],[-0.502584,51.432262],[-0.51377,51.432071],[-0.518906,51.434464],[-0.531316,51.436414],[-0.552564,51.444995],[-0.558647,51.450714],[-0.56044,51.458563],[-0.554049,51.474762],[-0.559324,51.476446],[-0.561545,51.479081],[-0.561802,51.484659],[-0.552045,51.488046],[-0.537282,51.49029],[-0.538229,51.492191],[-0.531392,51.494263],[-0.528327,51.49998],[-0.528825,51.502414],[-0.537697,51.504323],[-0.536902,51.506651],[-0.542992,51.509964],[-0.559806,51.511431],[-0.567774,51.514676],[-0.563198,51.518127],[-0.564779,51.527646],[-0.559061,51.536357],[-0.56024,51.537659],[-0.55085,51.54369],[-0.552217,51.550813],[-0.573706,51.555482],[-0.571198,51.561836],[-0.577425,51.561102],[-0.582746,51.566292],[-0.591874,51.565053],[-0.599611,51.562088],[-0.605922,51.568008],[-0.613453,51.567108],[-0.618544,51.570495],[-0.623903,51.569839],[-0.628223,51.574925],[-0.634132,51.575174],[-0.636711,51.580599],[-0.644286,51.578259],[-0.648213,51.572369],[-0.655468,51.571014],[-0.653848,51.567219],[-0.668802,51.569008],[-0.670189,51.570912],[-0.667193,51.5796]]]},"properties":{"OBJECTID_1":16,"OBJECTID":16,"NAME":"West Thames (South)","REGION":"Reading","SHORT_NAME":"WT(S)","Shape_Leng":593703.380819,"DisplayOrd":56,"Shape_Le_1":0,"Shape_Area":0}},{"type":"Feature","geometry":{"type":"Polygon","coordinates":[[[0.273216,51.939338],[0.268451,51.942937],[0.262987,51.941334],[0.258133,51.934503],[0.2495,51.933499],[0.250943,51.927446],[0.239838,51.923522],[0.231019,51.915776],[0.223644,51.913667],[0.219032,51.917441],[0.215637,51.916426],[0.214891,51.927861],[0.216653,51.931155],[0.20907,51.933725],[0.204393,51.94127],[0.192542,51.944032],[0.18308,51.943742],[0.17867,51.945802],[0.175023,51.951625],[0.175976,51.956283],[0.165559,51.966636],[0.161204,51.966896],[0.15939,51.974573],[0.153877,51.981059],[0.148232,51.981791],[0.14026,51.985623],[0.13184,51.995398],[0.123539,51.998515],[0.120245,52.002801],[0.09698,52.006904],[0.084139,52.006502],[0.074605,52.011437],[0.065342,52.006474],[0.055942,52.00484],[0.053324,52.008123],[0.0478,52.008399],[0.046463,52.01103],[0.040724,52.013018],[0.034499,52.010698],[0.035719,52.008698],[0.029753,52.005654],[0.024613,52.00799],[0.017896,52.007656],[0.003436,52.010151],[-0.005769,52.009588],[-0.018136,52.013303],[-0.024536,52.010264],[-0.028585,52.010961],[-0.032446,52.015971],[-0.038011,52.018672],[-0.050934,52.019785],[-0.056925,52.019435],[-0.067868,52.015748],[-0.065765,52.013825],[-0.067342,52.000903],[-0.072006,51.997473],[-0.073639,51.993363],[-0.082484,51.987483],[-0.092986,51.987114],[-0.096356,51.983212],[-0.103791,51.979555],[-0.110914,51.97985],[-0.115933,51.978222],[-0.126574,51.981449],[-0.131298,51.979905],[-0.13513,51.97529],[-0.143292,51.971553],[-0.14607,51.96773],[-0.158201,51.966571],[-0.170206,51.95417],[-0.172987,51.953764],[-0.166543,51.947639],[-0.168828,51.94156],[-0.174117,51.936697],[-0.17725,51.938364],[-0.187314,51.93771],[-0.193554,51.934479],[-0.201059,51.925062],[-0.210611,51.918914],[-0.211871,51.912818],[-0.214104,51.911503],[-0.230999,51.914456],[-0.238005,51.910065],[-0.232007,51.903591],[-0.226536,51.90225],[-0.218015,51.897176],[-0.213054,51.890357],[-0.218899,51.885859],[-0.222859,51.88493],[-0.222423,51.881237],[-0.220508,51.878241],[-0.227449,51.875378],[-0.229832,51.877572],[-0.239804,51.875204],[-0.244014,51.875267],[-0.24822,51.879196],[-0.253249,51.880619],[-0.262304,51.886958],[-0.262753,51.890381],[-0.268736,51.893527],[-0.267899,51.896392],[-0.272347,51.897896],[-0.274959,51.901801],[-0.279995,51.903133],[-0.276523,51.906499],[-0.285068,51.907344],[-0.288685,51.911622],[-0.296734,51.914077],[-0.298072,51.917154],[-0.320328,51.9208],[-0.332112,51.928521],[-0.341214,51.930178],[-0.342667,51.934155],[-0.35035,51.934892],[-0.348351,51.941788],[-0.354208,51.944747],[-0.359281,51.945268],[-0.367397,51.950146],[-0.376667,51.947307],[-0.37997,51.948521],[-0.390079,51.946592],[-0.402644,51.945145],[-0.411893,51.951024],[-0.41694,51.948215],[-0.422296,51.953142],[-0.428139,51.952501],[-0.438103,51.94634],[-0.451078,51.949838],[-0.455924,51.948553],[-0.45855,51.944092],[-0.464318,51.945606],[-0.474748,51.942684],[-0.478941,51.943458],[-0.480223,51.935651],[-0.48523,51.933828],[-0.485406,51.924299],[-0.49132,51.92254],[-0.49802,51.916728],[-0.513046,51.91521],[-0.519547,51.907649],[-0.529706,51.903731],[-0.542345,51.903293],[-0.553551,51.891571],[-0.553386,51.888683],[-0.546175,51.887043],[-0.540873,51.882163],[-0.541044,51.878323],[-0.535015,51.874574],[-0.534325,51.868991],[-0.538908,51.862034],[-0.547609,51.857916],[-0.547059,51.852424],[-0.552327,51.846645],[-0.552184,51.842057],[-0.569787,51.840834],[-0.576265,51.842531],[-0.589482,51.842331],[-0.594069,51.844184],[-0.608075,51.841923],[-0.60773,51.834276],[-0.602716,51.827473],[-0.609802,51.828276],[-0.620594,51.821749],[-0.623159,51.818542],[-0.618836,51.812827],[-0.621258,51.809528],[-0.628918,51.805662],[-0.633164,51.809128],[-0.637453,51.80639],[-0.641054,51.807241],[-0.647187,51.805873],[-0.649724,51.803475],[-0.649099,51.800141],[-0.655048,51.795174],[-0.651429,51.790097],[-0.647813,51.789785],[-0.648436,51.783499],[-0.659919,51.777606],[-0.673242,51.778026],[-0.68081,51.771997],[-0.690066,51.767695],[-0.702126,51.76657],[-0.697943,51.760859],[-0.703118,51.752194],[-0.708696,51.749648],[-0.708462,51.747667],[-0.7415,51.747306],[-0.751171,51.743273],[-0.757371,51.744328],[-0.766877,51.751622],[-0.771599,51.748434],[-0.771986,51.744841],[-0.777798,51.744183],[-0.790761,51.746924],[-0.793133,51.744881],[-0.790663,51.73973],[-0.795638,51.737803],[-0.792537,51.734624],[-0.795205,51.732314],[-0.793811,51.724836],[-0.801203,51.724552],[-0.804724,51.72279],[-0.797143,51.719296],[-0.795645,51.715774],[-0.791014,51.715726],[-0.788033,51.718932],[-0.773638,51.715906],[-0.770694,51.712368],[-0.760085,51.70866],[-0.759482,51.704248],[-0.751922,51.705517],[-0.742004,51.703073],[-0.743949,51.695541],[-0.73468,51.690676],[-0.733075,51.685983],[-0.734299,51.683568],[-0.742043,51.680774],[-0.737695,51.675872],[-0.739423,51.670945],[-0.738239,51.666706],[-0.73429,51.663157],[-0.738035,51.658432],[-0.733875,51.652093],[-0.71481,51.651526],[-0.711756,51.647087],[-0.706499,51.643882],[-0.70715,51.636246],[-0.701527,51.635824],[-0.697022,51.631638],[-0.692212,51.633113],[-0.688828,51.630198],[-0.682571,51.631747],[-0.673216,51.630472],[-0.670385,51.628462],[-0.664676,51.631005],[-0.655758,51.629644],[-0.658353,51.620053],[-0.655175,51.615161],[-0.647627,51.616423],[-0.64965,51.609265],[-0.647496,51.606261],[-0.65703,51.601245],[-0.661232,51.600753],[-0.663823,51.596107],[-0.666628,51.593981],[-0.668368,51.588785],[-0.675769,51.582485],[-0.667193,51.5796],[-0.670189,51.570912],[-0.668802,51.569008],[-0.653848,51.567219],[-0.655468,51.571014],[-0.648213,51.572369],[-0.644286,51.578259],[-0.636711,51.580599],[-0.634132,51.575174],[-0.628223,51.574925],[-0.623903,51.569839],[-0.618544,51.570495],[-0.613453,51.567108],[-0.605922,51.568008],[-0.599611,51.562088],[-0.591874,51.565053],[-0.582746,51.566292],[-0.577425,51.561102],[-0.571198,51.561836],[-0.573706,51.555482],[-0.552217,51.550813],[-0.55085,51.54369],[-0.56024,51.537659],[-0.559061,51.536357],[-0.564779,51.527646],[-0.563198,51.518127],[-0.567774,51.514676],[-0.559806,51.511431],[-0.542992,51.509964],[-0.536902,51.506651],[-0.537697,51.504323],[-0.528825,51.502414],[-0.528327,51.49998],[-0.531392,51.494263],[-0.538229,51.492191],[-0.537282,51.49029],[-0.552045,51.488046],[-0.561802,51.484659],[-0.561545,51.479081],[-0.559324,51.476446],[-0.554049,51.474762],[-0.56044,51.458563],[-0.558647,51.450714],[-0.554854,51.446298],[-0.531316,51.436414],[-0.518906,51.434464],[-0.51377,51.432071],[-0.502584,51.432262],[-0.496866,51.429003],[-0.489055,51.427446],[-0.477902,51.421295],[-0.472059,51.414339],[-0.472207,51.409916],[-0.465575,51.408354],[-0.466427,51.406398],[-0.443182,51.399728],[-0.425742,51.397855],[-0.420599,51.402025],[-0.392151,51.41032],[-0.381284,51.410103],[-0.37978,51.411525],[-0.366647,51.413301],[-0.347145,51.408501],[-0.336627,51.402797],[-0.336127,51.400238],[-0.330733,51.396623],[-0.327337,51.400468],[-0.321967,51.398524],[-0.318181,51.3999],[-0.320559,51.406806],[-0.316632,51.409967],[-0.311377,51.411365],[-0.310314,51.420567],[-0.315219,51.425],[-0.322149,51.424482],[-0.331786,51.437109],[-0.332058,51.44187],[-0.328472,51.445515],[-0.31316,51.447085],[-0.307621,51.448984],[-0.304757,51.452099],[-0.308345,51.456287],[-0.321366,51.462319],[-0.324041,51.468283],[-0.322231,51.470505],[-0.308521,51.475254],[-0.294142,51.486287],[-0.283061,51.486035],[-0.276879,51.481898],[-0.27212,51.474454],[-0.267322,51.471865],[-0.260291,51.471221],[-0.255334,51.472856],[-0.251766,51.483324],[-0.248619,51.486515],[-0.241311,51.489283],[-0.234545,51.489181],[-0.227332,51.485745],[-0.224528,51.476351],[-0.219013,51.470062],[-0.206673,51.465288],[-0.19217,51.464346],[-0.185707,51.467573],[-0.179769,51.478236],[-0.174883,51.481928],[-0.150556,51.485899],[-0.134129,51.485019],[-0.129773,51.486928],[-0.1267,51.490566],[-0.122466,51.506657],[-0.118495,51.508959],[-0.109969,51.509883],[-0.088669,51.508522],[-0.06128,51.502272],[-0.050691,51.507312],[-0.03909,51.509007],[-0.029483,51.504529],[-0.028949,51.493549],[-0.025015,51.487908],[-0.019487,51.485836],[-0.01273,51.485542],[-0.004794,51.488833],[-0.009357,51.500143],[-0.006885,51.503968],[-0.000844,51.507012],[0.006636,51.506705],[0.016278,51.499885],[0.021529,51.498086],[0.042033,51.499079],[0.064599,51.497875],[0.072178,51.49981],[0.082657,51.511584],[0.0953,51.516692],[0.09979,51.514336],[0.10901,51.514261],[0.120468,51.51891],[0.12667,51.518978],[0.143716,51.513632],[0.162609,51.510857],[0.173508,51.506698],[0.180203,51.49902],[0.181735,51.491887],[0.186262,51.487126],[0.208406,51.489319],[0.214996,51.488565],[0.225558,51.484422],[0.227026,51.485475],[0.226409,51.486373],[0.233012,51.488855],[0.24584,51.491937],[0.254048,51.49187],[0.248984,51.497273],[0.249763,51.501395],[0.246271,51.50362],[0.265343,51.50757],[0.267285,51.511849],[0.272194,51.512024],[0.268214,51.507335],[0.272656,51.503921],[0.288419,51.505053],[0.290404,51.510141],[0.292635,51.508658],[0.29861,51.50998],[0.299133,51.514646],[0.305393,51.515872],[0.306407,51.51882],[0.30116,51.520542],[0.296737,51.524316],[0.299936,51.533426],[0.304989,51.539262],[0.299965,51.542598],[0.300817,51.54519],[0.286768,51.541148],[0.281096,51.537301],[0.276025,51.545493],[0.266337,51.550807],[0.266291,51.552786],[0.255959,51.553885],[0.253019,51.552772],[0.245961,51.558843],[0.252652,51.562851],[0.256924,51.567536],[0.258178,51.572458],[0.266307,51.579225],[0.264305,51.582501],[0.27024,51.582836],[0.271731,51.586675],[0.28312,51.592119],[0.291879,51.599772],[0.303851,51.59666],[0.306741,51.605236],[0.312345,51.604676],[0.310775,51.610733],[0.322057,51.616715],[0.316693,51.619159],[0.309057,51.61958],[0.303539,51.624724],[0.295132,51.627047],[0.291912,51.629088],[0.280498,51.629131],[0.277827,51.636377],[0.269809,51.637881],[0.271721,51.644319],[0.267117,51.647646],[0.260594,51.650199],[0.264067,51.656068],[0.272038,51.659331],[0.27229,51.664362],[0.275332,51.667361],[0.288213,51.670438],[0.298926,51.676344],[0.29909,51.679578],[0.302731,51.682924],[0.300669,51.68791],[0.295955,51.69196],[0.299192,51.698731],[0.317576,51.71015],[0.317009,51.713219],[0.321068,51.718984],[0.320327,51.724304],[0.326021,51.730847],[0.324708,51.73348],[0.335013,51.733906],[0.337755,51.739337],[0.336144,51.741797],[0.338201,51.745173],[0.334506,51.752171],[0.325669,51.757832],[0.332456,51.763003],[0.331356,51.76977],[0.33481,51.774917],[0.330236,51.776177],[0.331986,51.78519],[0.328048,51.790263],[0.318397,51.791894],[0.311587,51.796957],[0.312466,51.802785],[0.306142,51.806776],[0.307321,51.815655],[0.304633,51.819845],[0.308813,51.824978],[0.327016,51.831814],[0.341866,51.835476],[0.343596,51.840837],[0.346356,51.840872],[0.352059,51.844445],[0.353669,51.853046],[0.352457,51.854868],[0.345283,51.85654],[0.341501,51.859224],[0.344468,51.863211],[0.335504,51.866807],[0.336763,51.86867],[0.334744,51.871768],[0.328068,51.8719],[0.325365,51.875821],[0.327578,51.879284],[0.314398,51.891414],[0.308237,51.893154],[0.302365,51.89201],[0.29776,51.892909],[0.299428,51.897103],[0.295217,51.897186],[0.286125,51.907075],[0.280121,51.909079],[0.274715,51.908555],[0.275196,51.912322],[0.272358,51.916603],[0.275173,51.920506],[0.274851,51.928515],[0.26937,51.929431],[0.270814,51.9321],[0.275846,51.933802],[0.273216,51.939338]]]},"properties":{"OBJECTID_1":17,"OBJECTID":17,"NAME":"North East Thames","REGION":"Reading","SHORT_NAME":"NET","Shape_Leng":462116.81058,"DisplayOrd":54,"Shape_Le_1":0,"Shape_Area":0}},{"type":"Feature","geometry":{"type":"Polygon","coordinates":[[[-1.215334,52.221109],[-1.211031,52.224407],[-1.22039,52.225009],[-1.227215,52.219749],[-1.233064,52.220147],[-1.233996,52.217006],[-1.243849,52.214283],[-1.250112,52.216121],[-1.263019,52.214494],[-1.275275,52.216907],[-1.286834,52.226328],[-1.294717,52.227724],[-1.299139,52.225862],[-1.302154,52.220306],[-1.311587,52.216136],[-1.307451,52.199749],[-1.313659,52.195649],[-1.319741,52.18058],[-1.329561,52.179198],[-1.340358,52.180877],[-1.360352,52.175714],[-1.367962,52.168523],[-1.371324,52.166746],[-1.380598,52.165616],[-1.385696,52.158769],[-1.394668,52.15569],[-1.403292,52.155679],[-1.408356,52.15957],[-1.414769,52.161041],[-1.420031,52.149829],[-1.426608,52.149861],[-1.421837,52.145792],[-1.428662,52.137823],[-1.432762,52.137124],[-1.433559,52.131823],[-1.444226,52.131694],[-1.451943,52.121841],[-1.460715,52.121162],[-1.462229,52.116763],[-1.473832,52.111152],[-1.471385,52.108174],[-1.479162,52.104882],[-1.484618,52.100231],[-1.481351,52.092394],[-1.483015,52.087277],[-1.485656,52.08612],[-1.4822,52.082059],[-1.485149,52.079465],[-1.484338,52.073797],[-1.495047,52.068629],[-1.498812,52.071162],[-1.503254,52.065337],[-1.498619,52.06235],[-1.497841,52.053716],[-1.486178,52.053306],[-1.482323,52.046187],[-1.47653,52.042835],[-1.471864,52.042814],[-1.465496,52.038829],[-1.467743,52.033804],[-1.461079,52.030358],[-1.453931,52.030774],[-1.451642,52.027257],[-1.441189,52.023972],[-1.438485,52.018744],[-1.440167,52.012459],[-1.462482,52.010584],[-1.466685,52.012402],[-1.479354,52.013088],[-1.486102,52.009071],[-1.492078,52.008828],[-1.510902,52.00612],[-1.520546,52.003373],[-1.522053,51.998704],[-1.533541,51.986432],[-1.542484,51.980533],[-1.593227,51.972358],[-1.593777,51.975866],[-1.597388,51.979115],[-1.609925,51.977269],[-1.620982,51.978115],[-1.627262,51.975797],[-1.646748,51.978644],[-1.643651,51.98358],[-1.64752,51.991593],[-1.645002,51.99689],[-1.65242,51.998261],[-1.661036,51.995319],[-1.662912,51.997572],[-1.669742,51.999659],[-1.671182,52.002001],[-1.67818,52.001121],[-1.683993,52.003025],[-1.690999,52.001066],[-1.69871,52.002524],[-1.702471,52.00649],[-1.708889,52.005157],[-1.713247,52.007236],[-1.730432,52.008175],[-1.747659,52.00174],[-1.753815,51.99483],[-1.75471,51.990966],[-1.767712,51.982991],[-1.773934,51.990914],[-1.783827,51.992821],[-1.785422,51.994352],[-1.788423,52.006675],[-1.793916,52.015855],[-1.803232,52.018119],[-1.807586,52.022262],[-1.81705,52.024345],[-1.825642,52.025976],[-1.833075,52.026077],[-1.835419,52.022753],[-1.834428,52.01493],[-1.836194,52.009988],[-1.845962,52.008113],[-1.85881,51.999408],[-1.879351,51.998352],[-1.879959,51.988643],[-1.883758,51.983791],[-1.888419,51.983346],[-1.888293,51.975524],[-1.89092,51.97247],[-1.898641,51.970229],[-1.898942,51.965824],[-1.906945,51.966999],[-1.907248,51.961245],[-1.903182,51.956657],[-1.904069,51.950544],[-1.913822,51.947764],[-1.928225,51.948313],[-1.927358,51.944896],[-1.922855,51.940937],[-1.924463,51.936083],[-1.922882,51.924754],[-1.919836,51.920257],[-1.924348,51.917832],[-1.950816,51.912092],[-1.968111,51.918931],[-1.965926,51.923875],[-1.972903,51.928732],[-1.981776,51.926126],[-1.984394,51.92334],[-1.992247,51.922801],[-1.99879,51.918396],[-2.004315,51.920104],[-2.010858,51.917856],[-2.013182,51.911562],[-2.009401,51.905628],[-2.012307,51.899784],[-2.012014,51.892411],[-1.999808,51.890074],[-1.986733,51.880723],[-1.986734,51.877127],[-1.990802,51.87425],[-1.990367,51.871463],[-1.996613,51.863731],[-2.006343,51.865439],[-2.016509,51.864989],[-2.017816,51.866067],[-2.028851,51.862289],[-2.035677,51.863096],[-2.035964,51.85923],[-2.043224,51.859048],[-2.048305,51.857338],[-2.05571,51.857694],[-2.059489,51.85994],[-2.059495,51.864525],[-2.074598,51.864696],[-2.07619,51.861279],[-2.074582,51.855166],[-2.079229,51.855523],[-2.086338,51.852371],[-2.09447,51.853623],[-2.101566,51.845525],[-2.092266,51.840678],[-2.092984,51.836901],[-2.102412,51.834376],[-2.107192,51.830416],[-2.105302,51.829069],[-2.096884,51.828357],[-2.088329,51.83151],[-2.080922,51.828279],[-2.076279,51.828012],[-2.07627,51.822708],[-2.067849,51.819116],[-2.056095,51.816965],[-2.061882,51.805184],[-2.054484,51.804019],[-2.051145,51.801682],[-2.054331,51.797905],[-2.050991,51.793591],[-2.058813,51.787293],[-2.071715,51.787106],[-2.073591,51.78207],[-2.067358,51.781624],[-2.061843,51.777042],[-2.066468,51.768318],[-2.057326,51.758702],[-2.058192,51.755915],[-2.0508,51.752771],[-2.055136,51.744767],[-2.069017,51.729115],[-2.09579,51.722983],[-2.099257,51.719653],[-2.108954,51.718835],[-2.111699,51.716675],[-2.12226,51.714686],[-2.123217,51.694005],[-2.129571,51.689773],[-2.125371,51.688069],[-2.125645,51.682854],[-2.122748,51.681149],[-2.124023,51.671437],[-2.119245,51.669014],[-2.112718,51.660928],[-2.130035,51.649941],[-2.129151,51.644188],[-2.131168,51.642028],[-2.115703,51.640875],[-2.110783,51.638093],[-2.111783,51.633776],[-2.109899,51.63135],[-2.102087,51.626682],[-2.101645,51.623085],[-2.093984,51.620574],[-2.09398,51.618326],[-2.086892,51.612667],[-2.079523,51.610605],[-2.076202,51.611056],[-2.065235,51.616997],[-2.05657,51.617361],[-2.052088,51.613497],[-2.053672,51.61008],[-2.04674,51.609543],[-2.041831,51.610804],[-2.033887,51.608019],[-2.026523,51.60973],[-2.020889,51.605415],[-1.998219,51.599662],[-1.993167,51.596695],[-1.980895,51.596604],[-1.979021,51.592288],[-1.97137,51.592466],[-1.971953,51.582216],[-1.952613,51.583109],[-1.946268,51.57942],[-1.941802,51.573034],[-1.935741,51.57366],[-1.928239,51.572397],[-1.922465,51.574012],[-1.910349,51.571396],[-1.90502,51.567165],[-1.899538,51.566711],[-1.89363,51.563649],[-1.897101,51.559966],[-1.896242,51.557088],[-1.891485,51.555645],[-1.891785,51.55088],[-1.88645,51.550335],[-1.882281,51.545296],[-1.874923,51.546457],[-1.869455,51.542315],[-1.860941,51.544463],[-1.857935,51.537177],[-1.851174,51.537179],[-1.847724,51.527723],[-1.841394,51.525736],[-1.832784,51.515205],[-1.824946,51.513086],[-1.815019,51.513238],[-1.811289,51.507206],[-1.771848,51.508978],[-1.766191,51.513821],[-1.755987,51.515809],[-1.735619,51.511915],[-1.725425,51.511892],[-1.710376,51.516208],[-1.701529,51.515014],[-1.685103,51.523842],[-1.68426,51.529532],[-1.680218,51.531697],[-1.663825,51.534664],[-1.658973,51.537496],[-1.647731,51.533445],[-1.640478,51.53426],[-1.636375,51.543956],[-1.626691,51.546269],[-1.613442,51.557441],[-1.59917,51.56208],[-1.594257,51.570935],[-1.591016,51.572933],[-1.578096,51.575732],[-1.567896,51.574858],[-1.55633,51.576321],[-1.534058,51.573892],[-1.519064,51.569312],[-1.513208,51.564266],[-1.5057,51.563063],[-1.495555,51.557663],[-1.468766,51.552189],[-1.462561,51.554671],[-1.45531,51.554638],[-1.430823,51.558874],[-1.425469,51.557509],[-1.417671,51.558307],[-1.401665,51.550192],[-1.396234,51.554851],[-1.35909,51.561182],[-1.34749,51.564801],[-1.317297,51.554419],[-1.310598,51.553543],[-1.285969,51.565949],[-1.281119,51.566924],[-1.277039,51.570079],[-1.269517,51.570201],[-1.257802,51.563766],[-1.251723,51.557869],[-1.238885,51.554774],[-1.235014,51.545374],[-1.229462,51.540316],[-1.219082,51.535058],[-1.217549,51.530529],[-1.21276,51.528154],[-1.20833,51.520591],[-1.195302,51.513807],[-1.186059,51.50554],[-1.180456,51.503828],[-1.174271,51.504789],[-1.170387,51.497061],[-1.161032,51.495321],[-1.159605,51.485434],[-1.152922,51.484382],[-1.145933,51.485336],[-1.139279,51.482776],[-1.133467,51.478214],[-1.121386,51.479128],[-1.111521,51.476375],[-1.105334,51.4775],[-1.092077,51.483592],[-1.08545,51.490027],[-1.093374,51.491468],[-1.104173,51.496515],[-1.109132,51.506574],[-1.114342,51.511394],[-1.132241,51.515389],[-1.138865,51.521294],[-1.138679,51.525641],[-1.133203,51.532406],[-1.135234,51.544113],[-1.139069,51.551864],[-1.133168,51.559727],[-1.124191,51.566371],[-1.122761,51.571693],[-1.117587,51.572206],[-1.117343,51.577205],[-1.12039,51.579894],[-1.1197,51.585037],[-1.121235,51.587578],[-1.119547,51.592942],[-1.059774,51.594152],[-1.017361,51.60435],[-1.001743,51.605557],[-0.994057,51.612689],[-0.986755,51.614635],[-0.973962,51.621555],[-0.968577,51.633727],[-0.968141,51.641088],[-0.959427,51.645699],[-0.94615,51.661316],[-0.941501,51.664454],[-0.92795,51.668349],[-0.923952,51.666638],[-0.921104,51.661925],[-0.904451,51.660432],[-0.89832,51.658031],[-0.892343,51.64927],[-0.893888,51.641083],[-0.876155,51.629197],[-0.866021,51.625751],[-0.85233,51.624782],[-0.848142,51.620221],[-0.838497,51.618787],[-0.822354,51.619128],[-0.811936,51.616513],[-0.808247,51.613629],[-0.800729,51.613218],[-0.792026,51.616978],[-0.783388,51.618229],[-0.768926,51.616069],[-0.750865,51.61772],[-0.737034,51.612215],[-0.715894,51.608638],[-0.706659,51.60251],[-0.700986,51.594078],[-0.700856,51.589222],[-0.697166,51.586671],[-0.700772,51.582693],[-0.712796,51.575627],[-0.706138,51.571979],[-0.701836,51.574323],[-0.694819,51.572267],[-0.692168,51.573558],[-0.684545,51.573457],[-0.682032,51.575541],[-0.676269,51.575207],[-0.67269,51.581011],[-0.675766,51.582575],[-0.668368,51.588785],[-0.666628,51.593981],[-0.663823,51.596107],[-0.661232,51.600753],[-0.65703,51.601245],[-0.647496,51.606261],[-0.64965,51.609265],[-0.647627,51.616423],[-0.655175,51.615161],[-0.658353,51.620053],[-0.655758,51.629644],[-0.664676,51.631005],[-0.670385,51.628462],[-0.673216,51.630472],[-0.682571,51.631747],[-0.688828,51.630198],[-0.692212,51.633113],[-0.697022,51.631638],[-0.701527,51.635824],[-0.70715,51.636246],[-0.706499,51.643882],[-0.711756,51.647087],[-0.71481,51.651526],[-0.733875,51.652093],[-0.738035,51.658432],[-0.73429,51.663157],[-0.738239,51.666706],[-0.739423,51.670945],[-0.737695,51.675872],[-0.742043,51.680774],[-0.734299,51.683568],[-0.733075,51.685983],[-0.73468,51.690676],[-0.743949,51.695541],[-0.742004,51.703073],[-0.751922,51.705517],[-0.759482,51.704248],[-0.760085,51.70866],[-0.770694,51.712368],[-0.773638,51.715906],[-0.788033,51.718932],[-0.791014,51.715726],[-0.795645,51.715774],[-0.797143,51.719296],[-0.804724,51.72279],[-0.801203,51.724552],[-0.793811,51.724836],[-0.795205,51.732314],[-0.792537,51.734624],[-0.795638,51.737803],[-0.790663,51.73973],[-0.793133,51.744881],[-0.790761,51.746924],[-0.777798,51.744183],[-0.771986,51.744841],[-0.771599,51.748434],[-0.766877,51.751622],[-0.757371,51.744328],[-0.751171,51.743273],[-0.7415,51.747306],[-0.708462,51.747667],[-0.708696,51.749648],[-0.703118,51.752194],[-0.697943,51.760859],[-0.702126,51.76657],[-0.690066,51.767695],[-0.68081,51.771997],[-0.673242,51.778026],[-0.662645,51.778536],[-0.660501,51.777522],[-0.647687,51.784299],[-0.647813,51.789785],[-0.651429,51.790097],[-0.655037,51.795533],[-0.651064,51.797466],[-0.647187,51.805873],[-0.641054,51.807241],[-0.637453,51.80639],[-0.633019,51.809126],[-0.628918,51.805662],[-0.620814,51.809793],[-0.618836,51.812827],[-0.622757,51.817459],[-0.63092,51.814075],[-0.636325,51.818365],[-0.648408,51.823241],[-0.659397,51.824536],[-0.649273,51.828286],[-0.650552,51.838911],[-0.655193,51.843909],[-0.664612,51.844466],[-0.667444,51.841981],[-0.66337,51.852095],[-0.671424,51.854704],[-0.671832,51.860553],[-0.68407,51.864197],[-0.682692,51.866609],[-0.689879,51.869207],[-0.700432,51.865907],[-0.710486,51.864759],[-0.721632,51.86605],[-0.727526,51.868182],[-0.737223,51.86424],[-0.748495,51.866249],[-0.753223,51.863332],[-0.757854,51.86392],[-0.758939,51.866719],[-0.766349,51.871922],[-0.779053,51.874842],[-0.775689,51.881011],[-0.780487,51.880881],[-0.785125,51.886683],[-0.783859,51.890536],[-0.780006,51.893284],[-0.774023,51.894211],[-0.77639,51.898012],[-0.772113,51.900305],[-0.763414,51.899495],[-0.759264,51.902418],[-0.748774,51.903296],[-0.75022,51.908796],[-0.755959,51.911554],[-0.755497,51.917753],[-0.76218,51.928524],[-0.766426,51.932794],[-0.771336,51.934104],[-0.772997,51.937179],[-0.787336,51.93409],[-0.793674,51.931008],[-0.795119,51.925898],[-0.799328,51.926211],[-0.806593,51.92098],[-0.802767,51.91177],[-0.812535,51.905215],[-0.82056,51.904037],[-0.82346,51.898761],[-0.839966,51.889934],[-0.847842,51.883088],[-0.852527,51.881695],[-0.86042,51.885548],[-0.876715,51.878871],[-0.880491,51.878907],[-0.888324,51.885276],[-0.895576,51.885793],[-0.902547,51.885949],[-0.910985,51.885487],[-0.911622,51.88918],[-0.91561,51.892543],[-0.922302,51.892245],[-0.938626,51.89635],[-0.946053,51.895697],[-0.94917,51.899142],[-0.946155,51.90379],[-0.950256,51.908682],[-0.957232,51.908744],[-0.968074,51.905063],[-0.972053,51.909054],[-0.984357,51.911409],[-0.985489,51.912767],[-1.000366,51.904083],[-1.006294,51.905482],[-1.01255,51.905265],[-1.014942,51.908881],[-1.012724,51.917225],[-1.019534,51.91827],[-1.025361,51.917779],[-1.027875,51.915822],[-1.040666,51.916017],[-1.044809,51.919467],[-1.045431,51.924417],[-1.05325,51.926009],[-1.059049,51.919942],[-1.063224,51.921953],[-1.073576,51.920596],[-1.080632,51.923978],[-1.080998,51.927398],[-1.077142,51.931054],[-1.078237,51.934389],[-1.082536,51.93757],[-1.087832,51.934644],[-1.092768,51.935131],[-1.097951,51.937779],[-1.10551,51.938016],[-1.109834,51.940027],[-1.114993,51.944022],[-1.115926,51.948345],[-1.119792,51.95152],[-1.126597,51.953279],[-1.132635,51.949548],[-1.146204,51.947579],[-1.150328,51.944911],[-1.157306,51.945231],[-1.164825,51.947712],[-1.172545,51.947227],[-1.178852,51.944484],[-1.185216,51.946507],[-1.187995,51.945717],[-1.196843,51.947216],[-1.206628,51.945124],[-1.210034,51.941731],[-1.216143,51.941771],[-1.220185,51.943596],[-1.244569,51.938271],[-1.261344,51.944311],[-1.263599,51.948731],[-1.268683,51.949302],[-1.267733,51.953972],[-1.260922,51.961122],[-1.246148,51.965614],[-1.23539,51.964825],[-1.237232,51.967804],[-1.23292,51.973081],[-1.204544,51.972443],[-1.19315,51.974613],[-1.189581,51.978814],[-1.174861,51.979611],[-1.174681,51.981498],[-1.168948,51.984425],[-1.169237,51.992429],[-1.155526,51.9935],[-1.146092,51.999456],[-1.153957,51.999513],[-1.159742,52.001712],[-1.159887,52.009535],[-1.163629,52.011989],[-1.179779,52.013272],[-1.185341,52.011872],[-1.188794,52.014323],[-1.191437,52.021264],[-1.206463,52.020377],[-1.215045,52.021334],[-1.215421,52.024843],[-1.210531,52.029395],[-1.211662,52.031381],[-1.20978,52.038921],[-1.220096,52.040967],[-1.223391,52.044316],[-1.21974,52.053013],[-1.213269,52.056117],[-1.214957,52.059634],[-1.209358,52.062833],[-1.208437,52.065435],[-1.199212,52.06735],[-1.195239,52.077393],[-1.197357,52.081363],[-1.196253,52.085941],[-1.205661,52.09032],[-1.206794,52.092306],[-1.200475,52.094691],[-1.203251,52.102711],[-1.19727,52.110583],[-1.195785,52.120103],[-1.188799,52.118706],[-1.184094,52.120472],[-1.176656,52.119881],[-1.167108,52.122781],[-1.160142,52.120394],[-1.145144,52.125591],[-1.142615,52.128],[-1.144732,52.131881],[-1.131449,52.138797],[-1.136004,52.145034],[-1.131619,52.145092],[-1.131966,52.149769],[-1.127095,52.152251],[-1.135322,52.157616],[-1.142486,52.16513],[-1.15823,52.167581],[-1.173178,52.165709],[-1.176381,52.174363],[-1.174359,52.180912],[-1.178918,52.187507],[-1.182494,52.191937],[-1.191536,52.193438],[-1.188487,52.20025],[-1.192429,52.200726],[-1.198606,52.19897],[-1.204428,52.200628],[-1.203808,52.202602],[-1.212074,52.206793],[-1.211072,52.213799],[-1.215334,52.221109]]]},"properties":{"OBJECTID_1":18,"OBJECTID":18,"NAME":"West Thames (North)","REGION":"Reading","SHORT_NAME":"WT(N)","Shape_Leng":633921.758151,"DisplayOrd":55,"Shape_Le_1":0,"Shape_Area":0}},{"type":"Feature","geometry":{"type":"MultiPolygon","coordinates":[[[[-1.285482,50.735054],[-1.292189,50.750743],[-1.291216,50.75883],[-1.296502,50.765607],[-1.309086,50.76802],[-1.316756,50.767166],[-1.329088,50.757615],[-1.343349,50.751582],[-1.349021,50.741272],[-1.35643,50.738345],[-1.375037,50.735209],[-1.409879,50.725229],[-1.397393,50.726694],[-1.386956,50.723132],[-1.392862,50.715519],[-1.399348,50.717891],[-1.413114,50.715803],[-1.413598,50.72246],[-1.412151,50.72488],[-1.427008,50.726393],[-1.466151,50.710392],[-1.48191,50.706956],[-1.498197,50.706847],[-1.500074,50.702134],[-1.496545,50.697092],[-1.50257,50.697711],[-1.502423,50.706263],[-1.519294,50.707206],[-1.530821,50.701587],[-1.533294,50.695032],[-1.542568,50.687695],[-1.548605,50.678186],[-1.567049,50.67331],[-1.566968,50.666655],[-1.570241,50.664599],[-1.584262,50.663121],[-1.576502,50.660665],[-1.571833,50.660738],[-1.535134,50.666443],[-1.511345,50.668054],[-1.508354,50.66993],[-1.504124,50.668473],[-1.486592,50.667228],[-1.472928,50.661682],[-1.464253,50.653189],[-1.458889,50.652175],[-1.447807,50.644299],[-1.412559,50.635494],[-1.386515,50.626547],[-1.361728,50.609057],[-1.351857,50.607474],[-1.336404,50.600912],[-1.317635,50.589472],[-1.310931,50.584217],[-1.306929,50.577808],[-1.296664,50.574779],[-1.273719,50.579135],[-1.257042,50.579839],[-1.240754,50.582702],[-1.235484,50.585365],[-1.210081,50.59248],[-1.197624,50.593924],[-1.179149,50.60018],[-1.174522,50.606173],[-1.175419,50.611485],[-1.170962,50.61577],[-1.174947,50.622273],[-1.167964,50.633465],[-1.169218,50.634553],[-1.166541,50.641998],[-1.158479,50.649944],[-1.149025,50.65653],[-1.125254,50.664358],[-1.112491,50.66588],[-1.097217,50.665493],[-1.094128,50.671584],[-1.080961,50.679125],[-1.070554,50.68291],[-1.068498,50.68667],[-1.076168,50.692577],[-1.082356,50.694694],[-1.093374,50.696039],[-1.092711,50.693696],[-1.097719,50.690947],[-1.103335,50.693418],[-1.102429,50.696379],[-1.095793,50.695429],[-1.098115,50.699853],[-1.097854,50.706056],[-1.103263,50.712033],[-1.107747,50.72205],[-1.130461,50.727167],[-1.136841,50.726945],[-1.15753,50.733049],[-1.157263,50.740799],[-1.160309,50.740093],[-1.160067,50.732987],[-1.19596,50.732943],[-1.207956,50.735813],[-1.214788,50.73406],[-1.223868,50.724769],[-1.219301,50.718263],[-1.221746,50.716032],[-1.226403,50.725685],[-1.221486,50.731767],[-1.212451,50.738181],[-1.238423,50.744559],[-1.246113,50.751174],[-1.25485,50.754377],[-1.267314,50.764168],[-1.273947,50.766188],[-1.279913,50.765506],[-1.288352,50.760701],[-1.289066,50.750994],[-1.284142,50.739273],[-1.280067,50.737],[-1.279555,50.733399],[-1.276049,50.73104],[-1.277119,50.72601],[-1.288882,50.707018],[-1.281737,50.729726],[-1.285482,50.735054]]],[[[-0.968926,50.831158],[-0.967721,50.834294],[-0.980731,50.830272],[-0.986225,50.825734],[-0.982922,50.820939],[-0.985508,50.819522],[-0.988945,50.804984],[-0.998803,50.795267],[-1.005375,50.793165],[-1.015987,50.794514],[-1.02317,50.797092],[-1.021935,50.788269],[-1.014748,50.78596],[-0.979912,50.783143],[-0.949976,50.777032],[-0.936646,50.776911],[-0.936662,50.782487],[-0.94199,50.785233],[-0.950652,50.784861],[-0.952697,50.788567],[-0.963049,50.788749],[-0.95485,50.793802],[-0.956131,50.800019],[-0.951974,50.80187],[-0.956874,50.804881],[-0.964838,50.804143],[-0.959568,50.81138],[-0.955671,50.807928],[-0.952556,50.813925],[-0.957481,50.815858],[-0.950041,50.824784],[-0.95236,50.829032],[-0.957269,50.831773],[-0.968926,50.831158]]],[[[-1.041603,50.825482],[-1.050141,50.832926],[-1.070354,50.835472],[-1.076493,50.834576],[-1.081536,50.830839],[-1.083198,50.825726],[-1.09477,50.826446],[-1.090446,50.818058],[-1.096492,50.821064],[-1.100454,50.81435],[-1.090293,50.817176],[-1.090904,50.809824],[-1.102913,50.810502],[-1.111185,50.806887],[-1.111384,50.798633],[-1.104401,50.793517],[-1.10843,50.79058],[-1.090788,50.778484],[-1.08712,50.777466],[-1.074308,50.779145],[-1.029176,50.787969],[-1.031941,50.7915],[-1.041616,50.790141],[-1.036688,50.795226],[-1.040428,50.806588],[-1.039048,50.811612],[-1.041603,50.825482]],[[-1.095969,50.809207],[-1.096128,50.805351],[-1.101706,50.805358],[-1.101634,50.809098],[-1.095969,50.809207]]],[[[-1.162767,51.28934],[-1.172253,51.288149],[-1.175676,51.289162],[-1.181741,51.286777],[-1.18386,51.28859],[-1.18989,51.288182],[-1.195654,51.294786],[-1.206104,51.295936],[-1.211788,51.299032],[-1.220249,51.299179],[-1.226613,51.295984],[-1.232756,51.297463],[-1.236721,51.300546],[-1.245206,51.299162],[-1.250017,51.303239],[-1.246371,51.306903],[-1.250804,51.30774],[-1.263485,51.304224],[-1.266209,51.304331],[-1.272299,51.309315],[-1.287649,51.309319],[-1.292572,51.306382],[-1.300749,51.306431],[-1.30373,51.308517],[-1.31392,51.308217],[-1.322474,51.311863],[-1.336226,51.313381],[-1.344699,51.312799],[-1.347816,51.315604],[-1.352819,51.316981],[-1.363171,51.315419],[-1.365497,51.313273],[-1.38244,51.312285],[-1.394411,51.318462],[-1.40014,51.3193],[-1.401391,51.322364],[-1.409956,51.325914],[-1.40734,51.328509],[-1.415904,51.332238],[-1.419574,51.337112],[-1.43104,51.338607],[-1.44028,51.346115],[-1.448133,51.349749],[-1.454442,51.350498],[-1.458146,51.353033],[-1.464754,51.352793],[-1.46931,51.356231],[-1.478336,51.35807],[-1.48394,51.357825],[-1.489717,51.354883],[-1.511828,51.355337],[-1.517328,51.351223],[-1.52625,51.349371],[-1.537005,51.350853],[-1.542334,51.349255],[-1.556122,51.348859],[-1.576764,51.336976],[-1.576515,51.332929],[-1.57353,51.329771],[-1.573477,51.31997],[-1.583577,51.313892],[-1.595297,51.319058],[-1.602906,51.318544],[-1.594062,51.31258],[-1.593138,51.303495],[-1.603942,51.298226],[-1.606183,51.287804],[-1.615086,51.286215],[-1.616689,51.283163],[-1.638691,51.27496],[-1.640024,51.269479],[-1.647819,51.262399],[-1.648297,51.256016],[-1.646022,51.253762],[-1.651748,51.235435],[-1.650648,51.229407],[-1.656396,51.226817],[-1.654413,51.223844],[-1.65901,51.221879],[-1.657937,51.212164],[-1.65367,51.208375],[-1.648674,51.206562],[-1.651277,51.203063],[-1.649879,51.198653],[-1.64274,51.196383],[-1.64777,51.193701],[-1.647499,51.191722],[-1.641514,51.188466],[-1.643831,51.184787],[-1.631997,51.179625],[-1.626422,51.179068],[-1.626898,51.173224],[-1.624092,51.166471],[-1.635554,51.1639],[-1.6423,51.160773],[-1.641958,51.149532],[-1.652599,51.141382],[-1.656459,51.141303],[-1.66269,51.129722],[-1.669556,51.128752],[-1.68718,51.121877],[-1.690776,51.118199],[-1.701081,51.115439],[-1.711407,51.10899],[-1.70972,51.10467],[-1.712891,51.100002],[-1.717611,51.098934],[-1.717206,51.094977],[-1.729405,51.084665],[-1.724441,51.078988],[-1.728735,51.07711],[-1.736628,51.069664],[-1.735799,51.064807],[-1.728815,51.063352],[-1.739134,51.054436],[-1.720978,51.042161],[-1.717311,51.03244],[-1.705678,51.021392],[-1.706559,51.017348],[-1.702733,51.013741],[-1.710205,51.004049],[-1.712683,50.995242],[-1.71869,50.99148],[-1.716148,50.987787],[-1.718736,50.983837],[-1.718645,50.975384],[-1.710832,50.971948],[-1.702915,50.962846],[-1.698365,50.961755],[-1.691722,50.954364],[-1.664866,50.947096],[-1.663321,50.944214],[-1.655225,50.941942],[-1.651983,50.937616],[-1.657889,50.928012],[-1.651137,50.917561],[-1.654434,50.914243],[-1.663837,50.912113],[-1.667134,50.908525],[-1.672259,50.90791],[-1.682965,50.902185],[-1.683026,50.893102],[-1.690913,50.883052],[-1.690538,50.875228],[-1.692988,50.870018],[-1.699262,50.866797],[-1.709063,50.867452],[-1.716056,50.862523],[-1.723458,50.860203],[-1.724336,50.855978],[-1.727905,50.852929],[-1.727075,50.849151],[-1.719735,50.84131],[-1.717822,50.828805],[-1.712857,50.828074],[-1.714315,50.821873],[-1.721426,50.819642],[-1.715208,50.81513],[-1.72716,50.810213],[-1.727181,50.806526],[-1.73118,50.802129],[-1.729202,50.800596],[-1.720129,50.799136],[-1.712604,50.799927],[-1.704867,50.789206],[-1.70316,50.789921],[-1.698493,50.787571],[-1.696529,50.784239],[-1.697477,50.769134],[-1.691118,50.76588],[-1.685868,50.766315],[-1.68563,50.75957],[-1.688648,50.753463],[-1.688249,50.749506],[-1.690556,50.743487],[-1.698509,50.74099],[-1.700083,50.738566],[-1.714255,50.738511],[-1.718725,50.734662],[-1.679128,50.735902],[-1.636374,50.730651],[-1.586313,50.719603],[-1.579534,50.71724],[-1.564185,50.707472],[-1.559372,50.707274],[-1.574467,50.715289],[-1.563499,50.720329],[-1.5574,50.721205],[-1.548121,50.728544],[-1.543315,50.727356],[-1.533893,50.734603],[-1.531863,50.739181],[-1.535107,50.740813],[-1.534932,50.744139],[-1.528138,50.743213],[-1.525108,50.748506],[-1.529774,50.749694],[-1.528296,50.755713],[-1.525016,50.757678],[-1.518395,50.753515],[-1.49713,50.753605],[-1.459477,50.76117],[-1.418585,50.765919],[-1.39367,50.773706],[-1.410856,50.782967],[-1.413349,50.799076],[-1.424249,50.801199],[-1.420937,50.805139],[-1.439044,50.809994],[-1.450396,50.819868],[-1.44603,50.819289],[-1.444506,50.816135],[-1.43842,50.814667],[-1.437465,50.811425],[-1.429524,50.810847],[-1.426998,50.808496],[-1.411999,50.804915],[-1.405211,50.791841],[-1.407274,50.785736],[-1.39821,50.784611],[-1.379192,50.785321],[-1.354258,50.782937],[-1.34031,50.786276],[-1.32846,50.801496],[-1.321711,50.806943],[-1.309843,50.812988],[-1.312656,50.815703],[-1.321972,50.818365],[-1.320738,50.821244],[-1.324161,50.826048],[-1.328481,50.82771],[-1.335241,50.833657],[-1.334885,50.837674],[-1.329963,50.83931],[-1.334236,50.842365],[-1.338589,50.840924],[-1.341469,50.845185],[-1.351473,50.846877],[-1.360031,50.85054],[-1.385404,50.863319],[-1.38735,50.866657],[-1.393585,50.867948],[-1.397955,50.870759],[-1.396295,50.874905],[-1.409191,50.881247],[-1.430733,50.89817],[-1.44108,50.901008],[-1.460391,50.903527],[-1.466911,50.905445],[-1.478499,50.912062],[-1.478565,50.9227],[-1.477148,50.92344],[-1.467285,50.915051],[-1.465557,50.910699],[-1.452213,50.904829],[-1.445566,50.908826],[-1.440564,50.908469],[-1.411835,50.899291],[-1.401185,50.894794],[-1.399554,50.890101],[-1.394531,50.882701],[-1.388903,50.894551],[-1.385812,50.897133],[-1.388018,50.902451],[-1.379497,50.912297],[-1.388432,50.914233],[-1.389111,50.916754],[-1.3795,50.922729],[-1.376533,50.921184],[-1.386116,50.917278],[-1.384146,50.915649],[-1.374752,50.916049],[-1.372245,50.912079],[-1.374851,50.908676],[-1.382724,50.904851],[-1.383215,50.889206],[-1.371611,50.885188],[-1.324165,50.853269],[-1.309019,50.849583],[-1.311975,50.85532],[-1.309006,50.869727],[-1.312236,50.872354],[-1.302761,50.878682],[-1.302403,50.883626],[-1.293748,50.891937],[-1.289468,50.8929],[-1.288278,50.8964],[-1.26206,50.899834],[-1.262803,50.897771],[-1.269196,50.898171],[-1.287455,50.894417],[-1.287213,50.891627],[-1.29845,50.881804],[-1.297358,50.87883],[-1.30252,50.875803],[-1.303645,50.857555],[-1.306362,50.856312],[-1.303063,50.848918],[-1.306979,50.843456],[-1.304897,50.840207],[-1.299408,50.836846],[-1.260102,50.825903],[-1.248011,50.818451],[-1.236533,50.817208],[-1.214937,50.80987],[-1.189867,50.790455],[-1.179858,50.786788],[-1.167112,50.785618],[-1.157086,50.783028],[-1.145442,50.775929],[-1.137971,50.773446],[-1.134122,50.774497],[-1.115425,50.788295],[-1.124798,50.787737],[-1.132942,50.78465],[-1.134829,50.78997],[-1.129831,50.791731],[-1.122019,50.792212],[-1.119074,50.790391],[-1.115985,50.796213],[-1.122148,50.800486],[-1.124162,50.806617],[-1.133112,50.813788],[-1.141425,50.817176],[-1.143828,50.825467],[-1.151165,50.828039],[-1.152031,50.83506],[-1.158513,50.837894],[-1.16421,50.836946],[-1.175811,50.839456],[-1.177483,50.84936],[-1.171529,50.840685],[-1.163998,50.840901],[-1.162389,50.843498],[-1.155251,50.845514],[-1.15292,50.840911],[-1.149216,50.841514],[-1.14074,50.839024],[-1.134911,50.83934],[-1.115383,50.835597],[-1.111791,50.837818],[-1.117206,50.844334],[-1.109649,50.846614],[-1.101401,50.846371],[-1.096689,50.841758],[-1.103626,50.842189],[-1.105098,50.838756],[-1.093874,50.831646],[-1.087061,50.831512],[-1.080458,50.835147],[-1.07076,50.837229],[-1.051501,50.834511],[-1.036285,50.83551],[-1.033566,50.829642],[-1.023834,50.826504],[-1.02112,50.84087],[-1.014823,50.843155],[-1.002618,50.842691],[-0.998764,50.843558],[-0.991903,50.839002],[-0.984548,50.83759],[-0.978431,50.838076],[-0.973935,50.842353],[-0.958078,50.840054],[-0.950768,50.843046],[-0.93984,50.842678],[-0.936932,50.844555],[-0.936843,50.85578],[-0.932216,50.859335],[-0.930991,50.86319],[-0.934881,50.867093],[-0.943328,50.870587],[-0.94518,50.876719],[-0.943383,50.880749],[-0.947988,50.884568],[-0.933864,50.892983],[-0.9316,50.898717],[-0.927992,50.901022],[-0.923879,50.900535],[-0.910674,50.911833],[-0.916023,50.926541],[-0.911274,50.928835],[-0.911691,50.941429],[-0.916212,50.949024],[-0.915429,50.952075],[-0.910246,50.954544],[-0.909561,50.959484],[-0.915896,50.9626],[-0.916809,50.966206],[-0.924833,50.970237],[-0.93257,50.968239],[-0.942056,50.970664],[-0.952321,50.970217],[-0.955818,50.973036],[-0.962214,50.973632],[-0.968668,50.971621],[-0.973793,50.971756],[-0.974704,50.975631],[-0.978648,50.977644],[-0.984657,50.976437],[-1.00186,50.984589],[-1.004097,50.986586],[-1.002345,50.995204],[-1.014312,51.00205],[-1.009682,51.005338],[-1.008529,51.012612],[-1.00277,51.015261],[-0.97384,51.021305],[-0.96544,51.027166],[-0.969549,51.028372],[-0.978,51.026647],[-0.987089,51.028345],[-1.010298,51.043382],[-1.021574,51.043027],[-1.02853,51.044614],[-1.03394,51.038274],[-1.042171,51.04032],[-1.05784,51.041346],[-1.065207,51.043834],[-1.065974,51.048246],[-1.074649,51.056768],[-1.074722,51.060275],[-1.06906,51.065086],[-1.062343,51.065572],[-1.059418,51.069056],[-1.049259,51.070323],[-1.058347,51.079658],[-1.055842,51.083505],[-1.056133,51.090251],[-1.059054,51.094052],[-1.062887,51.095162],[-1.0638,51.099485],[-1.062946,51.106402],[-1.056026,51.109494],[-1.060967,51.112411],[-1.063841,51.118639],[-1.067776,51.121908],[-1.068261,51.126228],[-1.065893,51.130256],[-1.077006,51.131962],[-1.086206,51.129247],[-1.102661,51.128205],[-1.107865,51.132562],[-1.107952,51.13544],[-1.103142,51.140259],[-1.108614,51.145606],[-1.086362,51.157574],[-1.066329,51.165329],[-1.065386,51.169548],[-1.067549,51.17577],[-1.076509,51.178358],[-1.076142,51.182402],[-1.08386,51.182822],[-1.084524,51.185435],[-1.077938,51.185653],[-1.063376,51.191113],[-1.054661,51.190413],[-1.054167,51.193557],[-1.037391,51.195128],[-1.034245,51.201847],[-1.037181,51.205198],[-1.040619,51.205046],[-1.047142,51.208067],[-1.046785,51.211481],[-1.062803,51.219344],[-1.06743,51.217133],[-1.07458,51.217549],[-1.077352,51.214963],[-1.089504,51.215868],[-1.092578,51.219758],[-1.098757,51.218637],[-1.105255,51.223183],[-1.120059,51.220328],[-1.120739,51.222221],[-1.130665,51.227421],[-1.136538,51.227374],[-1.145341,51.231485],[-1.149515,51.230347],[-1.156655,51.231478],[-1.161871,51.236101],[-1.159097,51.238958],[-1.159083,51.247591],[-1.160904,51.249852],[-1.157942,51.255136],[-1.161771,51.265234],[-1.146429,51.265573],[-1.14577,51.270154],[-1.13234,51.275451],[-1.128652,51.280909],[-1.141923,51.284334],[-1.144997,51.288672],[-1.161261,51.293286],[-1.162767,51.28934]]]]},"properties":{"OBJECTID_1":19,"OBJECTID":19,"NAME":"Hampshire & IOW","REGION":"Worthing","SHORT_NAME":"HIOW","Shape_Leng":746166.368142,"DisplayOrd":51,"Shape_Le_1":0,"Shape_Area":0}},{"type":"Feature","geometry":{"type":"Polygon","coordinates":[[[0.29825,52.80111],[0.317962,52.81334],[0.314029,52.816879],[0.309873,52.815458],[0.301693,52.815402],[0.296096,52.817335],[0.272529,52.811657],[0.260708,52.813492],[0.254414,52.812002],[0.243085,52.8162],[0.222586,52.818735],[0.21648,52.817455],[0.208049,52.784911],[0.198766,52.76845],[0.19715,52.76875],[0.206208,52.784874],[0.214105,52.822984],[0.211865,52.82798],[0.209067,52.829004],[0.201287,52.836899],[0.196777,52.839032],[0.195669,52.848853],[0.185123,52.854748],[0.184401,52.858106],[0.179202,52.860782],[0.176875,52.86416],[0.178602,52.870162],[0.172473,52.87566],[0.157191,52.876154],[0.151086,52.882505],[0.143962,52.882418],[0.141846,52.886232],[0.13228,52.887259],[0.124076,52.890642],[0.105899,52.890103],[0.091666,52.89057],[0.069649,52.897106],[0.065138,52.900421],[0.053263,52.901463],[0.045787,52.900891],[0.042906,52.906029],[0.030098,52.897681],[-0.009917,52.883595],[-0.017923,52.878487],[-0.019719,52.87983],[-0.004564,52.888504],[0.009212,52.89292],[0.001624,52.894711],[-0.00157,52.893418],[-0.00375,52.894463],[-0.018674,52.893669],[-0.029204,52.901462],[-0.035379,52.900515],[-0.038539,52.902491],[-0.038222,52.90753],[-0.044298,52.906166],[-0.051728,52.908621],[-0.053177,52.91434],[-0.055721,52.915684],[-0.066834,52.91413],[-0.078392,52.917895],[-0.082817,52.911708],[-0.087439,52.909611],[-0.090617,52.904958],[-0.097713,52.904709],[-0.104991,52.907792],[-0.112137,52.913903],[-0.117097,52.91329],[-0.126607,52.922172],[-0.125886,52.92371],[-0.134226,52.925925],[-0.139885,52.922256],[-0.150533,52.922416],[-0.145487,52.906648],[-0.137358,52.900955],[-0.13163,52.886393],[-0.140706,52.884086],[-0.146287,52.885535],[-0.146759,52.890379],[-0.153081,52.892997],[-0.150781,52.896639],[-0.156848,52.897346],[-0.15812,52.89396],[-0.166678,52.895117],[-0.171322,52.892701],[-0.178625,52.89259],[-0.184118,52.894363],[-0.189791,52.892902],[-0.188094,52.889424],[-0.192945,52.886491],[-0.201623,52.884968],[-0.205186,52.876673],[-0.20635,52.863956],[-0.203191,52.857927],[-0.201824,52.846725],[-0.204789,52.837228],[-0.195045,52.836207],[-0.192461,52.833922],[-0.185268,52.8335],[-0.167146,52.835779],[-0.15819,52.833096],[-0.162393,52.822077],[-0.165514,52.81874],[-0.179449,52.815956],[-0.195286,52.815383],[-0.210015,52.811019],[-0.248326,52.792265],[-0.260958,52.789017],[-0.264114,52.786555],[-0.262876,52.770233],[-0.291702,52.755002],[-0.316959,52.761907],[-0.345155,52.767429],[-0.360408,52.765814],[-0.367795,52.767306],[-0.366653,52.771899],[-0.379607,52.772957],[-0.395463,52.771839],[-0.406589,52.772861],[-0.411259,52.774668],[-0.411486,52.782364],[-0.41512,52.785957],[-0.416166,52.791621],[-0.420137,52.79336],[-0.421042,52.806781],[-0.428257,52.811263],[-0.426305,52.8152],[-0.431313,52.819145],[-0.435139,52.836652],[-0.442988,52.842997],[-0.448699,52.854708],[-0.445092,52.859183],[-0.455187,52.872081],[-0.463021,52.875219],[-0.473739,52.883536],[-0.48285,52.906085],[-0.489739,52.908534],[-0.49654,52.913512],[-0.500868,52.929589],[-0.503567,52.932237],[-0.500383,52.936532],[-0.50414,52.939918],[-0.509111,52.941498],[-0.510263,52.948597],[-0.514366,52.951094],[-0.520858,52.963202],[-0.524835,52.964336],[-0.532746,52.963221],[-0.543507,52.951135],[-0.552465,52.94879],[-0.559462,52.941704],[-0.575133,52.945635],[-0.575652,52.941367],[-0.581673,52.933106],[-0.579621,52.930293],[-0.580925,52.925726],[-0.589024,52.925026],[-0.59028,52.921853],[-0.594771,52.920612],[-0.593226,52.912326],[-0.604616,52.901404],[-0.604818,52.895131],[-0.601577,52.8935],[-0.590826,52.893599],[-0.584907,52.889517],[-0.582376,52.883192],[-0.588709,52.877736],[-0.595649,52.875159],[-0.601185,52.867033],[-0.595618,52.852246],[-0.601031,52.849096],[-0.600768,52.84073],[-0.597557,52.837396],[-0.598911,52.832427],[-0.594499,52.82932],[-0.594326,52.826424],[-0.602125,52.823301],[-0.609641,52.817307],[-0.593554,52.799399],[-0.596871,52.79068],[-0.602985,52.786771],[-0.608857,52.786357],[-0.615717,52.781254],[-0.612065,52.76088],[-0.608773,52.759795],[-0.605335,52.75074],[-0.617029,52.747014],[-0.617721,52.737765],[-0.635988,52.727835],[-0.653075,52.727737],[-0.65829,52.729136],[-0.667533,52.726905],[-0.675908,52.727436],[-0.678128,52.726237],[-0.68161,52.723244],[-0.678487,52.718804],[-0.68226,52.716419],[-0.683018,52.705999],[-0.678816,52.69813],[-0.685619,52.688407],[-0.691938,52.68488],[-0.696921,52.686464],[-0.70346,52.685457],[-0.713129,52.688708],[-0.719946,52.688333],[-0.726821,52.691014],[-0.72822,52.693816],[-0.734591,52.693524],[-0.737352,52.695262],[-0.757848,52.687387],[-0.7627,52.683213],[-0.761002,52.680498],[-0.780747,52.667307],[-0.788575,52.667657],[-0.797336,52.671702],[-0.801932,52.671299],[-0.810906,52.678492],[-0.817129,52.678104],[-0.824181,52.679883],[-0.828246,52.677226],[-0.826687,52.674693],[-0.831796,52.671687],[-0.829357,52.668876],[-0.829625,52.664384],[-0.842664,52.657769],[-0.840623,52.651096],[-0.849204,52.65082],[-0.856236,52.653226],[-0.85998,52.651374],[-0.862014,52.647078],[-0.867375,52.645511],[-0.869246,52.641753],[-0.873104,52.641161],[-0.876737,52.637779],[-0.882038,52.638548],[-0.888136,52.636988],[-0.891952,52.638012],[-0.893562,52.6445],[-0.900155,52.646809],[-0.913299,52.641267],[-0.920076,52.642138],[-0.929063,52.637275],[-0.926789,52.633568],[-0.920057,52.6309],[-0.919159,52.625408],[-0.921385,52.618955],[-0.932856,52.6089],[-0.933617,52.601894],[-0.939778,52.597455],[-0.931443,52.594143],[-0.924371,52.587516],[-0.946495,52.575938],[-0.956113,52.574855],[-0.966889,52.568386],[-0.972825,52.56691],[-0.971767,52.561686],[-0.974152,52.554335],[-1.000222,52.549433],[-1.003582,52.544337],[-1.014209,52.537324],[-1.015786,52.532752],[-1.022602,52.53119],[-1.030929,52.527932],[-1.029112,52.523422],[-1.031217,52.521552],[-1.043876,52.522284],[-1.05947,52.516745],[-1.061485,52.512086],[-1.059669,52.507397],[-1.066682,52.503227],[-1.069627,52.50334],[-1.072865,52.496443],[-1.072694,52.490598],[-1.064053,52.488282],[-1.06712,52.482553],[-1.074568,52.478476],[-1.0655,52.475617],[-1.0619,52.471813],[-1.067603,52.466644],[-1.067957,52.463859],[-1.064472,52.461584],[-1.063232,52.457619],[-1.066532,52.454678],[-1.064009,52.448725],[-1.056466,52.44363],[-1.056293,52.437965],[-1.053257,52.435513],[-1.049529,52.437821],[-1.042805,52.435879],[-1.035824,52.438968],[-1.024009,52.441029],[-1.019402,52.436496],[-1.012401,52.433831],[-1.005753,52.435123],[-0.984738,52.434226],[-0.987736,52.425351],[-0.991662,52.420889],[-0.987417,52.420044],[-0.985946,52.413648],[-0.995233,52.412559],[-0.997659,52.409343],[-0.996111,52.406273],[-0.981161,52.404347],[-0.980878,52.397512],[-0.985263,52.392155],[-0.997535,52.388843],[-1.00603,52.383521],[-1.011488,52.382578],[-1.023217,52.377011],[-1.031864,52.377981],[-1.038099,52.381718],[-1.048546,52.380994],[-1.046173,52.375221],[-1.05188,52.3625],[-1.049765,52.358437],[-1.041598,52.355854],[-1.050309,52.353587],[-1.053314,52.350374],[-1.061169,52.346931],[-1.067054,52.339336],[-1.070794,52.342961],[-1.092322,52.352568],[-1.098346,52.352345],[-1.106614,52.35007],[-1.108747,52.34622],[-1.107357,52.342344],[-1.110642,52.339582],[-1.117964,52.340446],[-1.124002,52.339412],[-1.131453,52.341175],[-1.146404,52.334631],[-1.147473,52.332481],[-1.162308,52.331778],[-1.163414,52.32765],[-1.175431,52.328454],[-1.179596,52.325426],[-1.1871,52.324309],[-1.189648,52.32136],[-1.193876,52.322827],[-1.206663,52.321565],[-1.199444,52.315133],[-1.195045,52.315014],[-1.192943,52.309605],[-1.17867,52.304112],[-1.173846,52.295358],[-1.16977,52.293801],[-1.166049,52.28892],[-1.175749,52.279728],[-1.186371,52.276025],[-1.190092,52.272904],[-1.188308,52.266239],[-1.184807,52.265406],[-1.186629,52.261912],[-1.184937,52.258304],[-1.189591,52.252133],[-1.190436,52.245935],[-1.202001,52.246284],[-1.208531,52.249744],[-1.211049,52.248142],[-1.208683,52.241204],[-1.21386,52.238272],[-1.220213,52.235077],[-1.21905,52.226259],[-1.211029,52.224497],[-1.215334,52.221109],[-1.211072,52.213799],[-1.212358,52.207334],[-1.208033,52.203619],[-1.203808,52.202602],[-1.204428,52.200628],[-1.198167,52.198967],[-1.189358,52.200615],[-1.187628,52.199165],[-1.191536,52.193438],[-1.182494,52.191937],[-1.178918,52.187507],[-1.173794,52.187741],[-1.169888,52.185376],[-1.151764,52.184707],[-1.146848,52.181705],[-1.125707,52.185776],[-1.114111,52.180475],[-1.104438,52.181481],[-1.09498,52.179071],[-1.073921,52.178997],[-1.064908,52.176409],[-1.062764,52.174054],[-1.057499,52.174102],[-1.053591,52.172183],[-1.041025,52.171722],[-1.031579,52.175781],[-1.027407,52.172599],[-1.028794,52.169374],[-1.020459,52.169395],[-1.008681,52.16642],[-1.003062,52.16925],[-1.001089,52.17247],[-0.987941,52.171908],[-0.978673,52.174346],[-0.973482,52.171154],[-0.970545,52.171668],[-0.966629,52.163991],[-0.956882,52.161927],[-0.953659,52.155965],[-0.945988,52.15275],[-0.936425,52.155361],[-0.927943,52.161578],[-0.923484,52.170708],[-0.918164,52.166973],[-0.907626,52.167416],[-0.905623,52.165599],[-0.879897,52.165357],[-0.867362,52.163799],[-0.855821,52.157754],[-0.846512,52.155955],[-0.843977,52.152244],[-0.838005,52.151466],[-0.833564,52.15358],[-0.829067,52.152277],[-0.822169,52.153377],[-0.817989,52.156662],[-0.810694,52.156139],[-0.805502,52.158963],[-0.797759,52.158795],[-0.794734,52.16254],[-0.78629,52.166589],[-0.784422,52.165401],[-0.77447,52.165748],[-0.765484,52.168172],[-0.765407,52.170958],[-0.759956,52.172429],[-0.756496,52.1759],[-0.750267,52.178981],[-0.739218,52.18183],[-0.733974,52.181055],[-0.727035,52.183318],[-0.718811,52.184487],[-0.716491,52.188868],[-0.708703,52.190041],[-0.705227,52.193869],[-0.696144,52.194309],[-0.671217,52.201044],[-0.663219,52.209135],[-0.655072,52.212369],[-0.650232,52.217529],[-0.642008,52.22202],[-0.641107,52.227242],[-0.612844,52.228874],[-0.607567,52.233757],[-0.603758,52.233801],[-0.59884,52.23653],[-0.595047,52.240711],[-0.595254,52.243411],[-0.587894,52.244582],[-0.588463,52.249713],[-0.582514,52.252519],[-0.578796,52.263444],[-0.581622,52.266714],[-0.567379,52.272117],[-0.568726,52.275819],[-0.561072,52.276805],[-0.544865,52.288295],[-0.544645,52.29054],[-0.536597,52.294487],[-0.531077,52.301791],[-0.525163,52.316462],[-0.511855,52.323938],[-0.510084,52.328591],[-0.514367,52.336557],[-0.512279,52.341925],[-0.508193,52.34556],[-0.508075,52.349065],[-0.502114,52.356002],[-0.497788,52.358015],[-0.49677,52.366364],[-0.486875,52.372261],[-0.4744,52.371921],[-0.460517,52.374079],[-0.449406,52.380946],[-0.433074,52.385766],[-0.436088,52.387784],[-0.433707,52.392787],[-0.435546,52.39479],[-0.432615,52.398707],[-0.435267,52.406834],[-0.430712,52.410909],[-0.434774,52.420763],[-0.429706,52.422674],[-0.431538,52.424946],[-0.429508,52.428246],[-0.432037,52.431606],[-0.425359,52.437361],[-0.427658,52.443056],[-0.418315,52.449225],[-0.414036,52.449528],[-0.407027,52.456177],[-0.403788,52.456223],[-0.40018,52.462378],[-0.392951,52.466865],[-0.380201,52.469299],[-0.363714,52.469251],[-0.3532,52.466948],[-0.339924,52.467661],[-0.34315,52.471932],[-0.346233,52.495711],[-0.338027,52.498473],[-0.331535,52.498742],[-0.325392,52.501442],[-0.313541,52.499296],[-0.300663,52.504686],[-0.295225,52.504338],[-0.295055,52.508741],[-0.282014,52.506844],[-0.274247,52.513295],[-0.268783,52.513574],[-0.259474,52.517933],[-0.251621,52.518986],[-0.245999,52.523219],[-0.241285,52.523149],[-0.238087,52.529395],[-0.228799,52.536719],[-0.231846,52.54162],[-0.218144,52.548607],[-0.217225,52.553089],[-0.223802,52.558222],[-0.21857,52.560768],[-0.17702,52.566612],[-0.173218,52.558043],[-0.166432,52.557207],[-0.145952,52.561116],[-0.145471,52.562803],[-0.121497,52.556463],[-0.101131,52.557627],[-0.091844,52.55712],[-0.090147,52.555755],[-0.071809,52.560061],[-0.07172,52.562754],[-0.061969,52.56081],[-0.056002,52.566636],[-0.056906,52.574002],[-0.010485,52.58704],[0.062985,52.60325],[0.061068,52.589902],[0.114808,52.575501],[0.116916,52.580353],[0.1038,52.583548],[0.110796,52.598679],[0.116672,52.604462],[0.123782,52.603621],[0.126742,52.607868],[0.137359,52.605607],[0.151115,52.62138],[0.163802,52.620632],[0.168825,52.619041],[0.175667,52.621057],[0.179874,52.624298],[0.203636,52.622806],[0.210662,52.617929],[0.217957,52.621914],[0.202958,52.630312],[0.191045,52.634869],[0.185438,52.640628],[0.175132,52.645165],[0.17112,52.650598],[0.170078,52.660377],[0.177516,52.661828],[0.172275,52.665618],[0.181083,52.668632],[0.179983,52.670722],[0.1716,52.674498],[0.169932,52.678739],[0.164586,52.681656],[0.165701,52.68995],[0.168492,52.691166],[0.167507,52.695573],[0.162658,52.699069],[0.165369,52.705782],[0.164282,52.709335],[0.168068,52.71105],[0.180728,52.712174],[0.184821,52.715899],[0.200032,52.721559],[0.207922,52.728834],[0.208714,52.734047],[0.233893,52.745887],[0.234298,52.754943],[0.25395,52.755677],[0.252242,52.759046],[0.257361,52.764766],[0.26418,52.763529],[0.294165,52.768235],[0.292758,52.775042],[0.305337,52.783701],[0.309372,52.789886],[0.319456,52.793543],[0.311265,52.800037],[0.29825,52.80111]]]},"properties":{"OBJECTID_1":20,"OBJECTID":20,"NAME":"Welland & Nene","REGION":"Peterborough","SHORT_NAME":"W&N","Shape_Leng":571883.018683,"DisplayOrd":22,"Shape_Le_1":0,"Shape_Area":0}},{"type":"Feature","geometry":{"type":"Polygon","coordinates":[[[0.617681,52.948054],[0.614957,52.95225],[0.60706,52.952154],[0.598726,52.949729],[0.5904,52.949911],[0.585129,52.943911],[0.573864,52.947213],[0.565458,52.946046],[0.55914,52.947441],[0.550788,52.947171],[0.53319,52.941523],[0.534281,52.937274],[0.5257,52.933051],[0.51835,52.932038],[0.496311,52.931784],[0.493348,52.942366],[0.499839,52.943938],[0.491822,52.949116],[0.489146,52.94695],[0.478086,52.927939],[0.476195,52.918268],[0.47183,52.912155],[0.468046,52.900544],[0.454435,52.88599],[0.445936,52.872319],[0.444157,52.848618],[0.440062,52.844188],[0.428943,52.845594],[0.426685,52.840263],[0.417089,52.840459],[0.417337,52.838512],[0.409063,52.833618],[0.393575,52.830056],[0.393486,52.825211],[0.388092,52.824025],[0.38385,52.821098],[0.373951,52.809131],[0.376015,52.807795],[0.372893,52.802795],[0.374164,52.78717],[0.38965,52.76206],[0.394759,52.749818],[0.391422,52.75002],[0.388299,52.75903],[0.370827,52.786625],[0.352557,52.802877],[0.334155,52.807763],[0.329649,52.81313],[0.317203,52.816277],[0.318341,52.81285],[0.29825,52.80111],[0.311265,52.800037],[0.319456,52.793543],[0.309372,52.789886],[0.305337,52.783701],[0.292758,52.775042],[0.294165,52.768235],[0.26418,52.763529],[0.257361,52.764766],[0.252242,52.759046],[0.25395,52.755677],[0.234298,52.754943],[0.233893,52.745887],[0.208714,52.734047],[0.207922,52.728834],[0.200032,52.721559],[0.184821,52.715899],[0.180728,52.712174],[0.168068,52.71105],[0.164282,52.709335],[0.165369,52.705782],[0.162658,52.699069],[0.167507,52.695573],[0.168492,52.691166],[0.165701,52.68995],[0.164586,52.681656],[0.169932,52.678739],[0.1716,52.674498],[0.179983,52.670722],[0.181083,52.668632],[0.172275,52.665618],[0.177516,52.661828],[0.170078,52.660377],[0.17112,52.650598],[0.175132,52.645165],[0.185438,52.640628],[0.191045,52.634869],[0.202958,52.630312],[0.217957,52.621914],[0.210662,52.617929],[0.203636,52.622806],[0.179874,52.624298],[0.175667,52.621057],[0.168825,52.619041],[0.163802,52.620632],[0.151115,52.62138],[0.137359,52.605607],[0.126742,52.607868],[0.123782,52.603621],[0.116672,52.604462],[0.110796,52.598679],[0.1038,52.583548],[0.116916,52.580353],[0.114808,52.575501],[0.061068,52.589902],[0.062985,52.60325],[-0.010485,52.58704],[-0.056906,52.574002],[-0.056002,52.566636],[-0.061969,52.56081],[-0.07172,52.562754],[-0.071809,52.560061],[-0.090147,52.555755],[-0.091844,52.55712],[-0.101131,52.557627],[-0.121497,52.556463],[-0.145471,52.562803],[-0.145952,52.561116],[-0.166432,52.557207],[-0.173218,52.558043],[-0.17702,52.566612],[-0.21857,52.560768],[-0.223802,52.558222],[-0.217225,52.553089],[-0.218144,52.548607],[-0.231846,52.54162],[-0.228799,52.536719],[-0.238087,52.529395],[-0.241285,52.523149],[-0.245999,52.523219],[-0.251621,52.518986],[-0.259474,52.517933],[-0.268783,52.513574],[-0.274247,52.513295],[-0.282014,52.506844],[-0.295055,52.508741],[-0.295225,52.504338],[-0.300663,52.504686],[-0.313541,52.499296],[-0.325392,52.501442],[-0.331535,52.498742],[-0.338027,52.498473],[-0.346233,52.495711],[-0.34315,52.471932],[-0.339924,52.467661],[-0.3532,52.466948],[-0.363714,52.469251],[-0.380201,52.469299],[-0.392951,52.466865],[-0.40018,52.462378],[-0.403788,52.456223],[-0.407027,52.456177],[-0.414036,52.449528],[-0.418315,52.449225],[-0.427658,52.443056],[-0.425519,52.437004],[-0.432037,52.431606],[-0.429508,52.428246],[-0.431541,52.424856],[-0.429706,52.422674],[-0.434774,52.420763],[-0.430712,52.410909],[-0.435267,52.406834],[-0.432615,52.398707],[-0.435546,52.39479],[-0.433707,52.392787],[-0.436088,52.387784],[-0.433074,52.385766],[-0.449406,52.380946],[-0.460517,52.374079],[-0.4744,52.371921],[-0.486875,52.372261],[-0.49677,52.366364],[-0.497788,52.358015],[-0.502114,52.356002],[-0.508075,52.349065],[-0.508193,52.34556],[-0.512279,52.341925],[-0.514367,52.336557],[-0.510084,52.328591],[-0.511855,52.323938],[-0.525163,52.316462],[-0.531077,52.301791],[-0.536597,52.294487],[-0.544645,52.29054],[-0.544865,52.288295],[-0.561072,52.276805],[-0.568726,52.275819],[-0.567379,52.272117],[-0.581622,52.266714],[-0.578784,52.263803],[-0.579847,52.258062],[-0.582514,52.252519],[-0.588463,52.249713],[-0.586992,52.24529],[-0.595254,52.243411],[-0.595047,52.240711],[-0.59884,52.23653],[-0.603758,52.233801],[-0.607567,52.233757],[-0.612107,52.229045],[-0.642071,52.226843],[-0.642008,52.22202],[-0.650232,52.217529],[-0.655072,52.212369],[-0.663219,52.209135],[-0.671217,52.201044],[-0.696144,52.194309],[-0.705227,52.193869],[-0.708703,52.190041],[-0.716491,52.188868],[-0.718811,52.184487],[-0.727035,52.183318],[-0.733974,52.181055],[-0.739218,52.18183],[-0.750267,52.178981],[-0.756496,52.1759],[-0.759956,52.172429],[-0.765407,52.170958],[-0.765484,52.168172],[-0.77447,52.165748],[-0.784422,52.165401],[-0.78629,52.166589],[-0.794734,52.16254],[-0.797464,52.158882],[-0.805502,52.158963],[-0.810694,52.156139],[-0.817989,52.156662],[-0.822169,52.153377],[-0.829067,52.152277],[-0.833564,52.15358],[-0.836105,52.151447],[-0.843977,52.152244],[-0.846512,52.155955],[-0.855821,52.157754],[-0.867362,52.163799],[-0.879897,52.165357],[-0.905623,52.165599],[-0.907626,52.167416],[-0.918164,52.166973],[-0.923045,52.170704],[-0.927943,52.161578],[-0.936425,52.155361],[-0.945988,52.15275],[-0.953659,52.155965],[-0.956882,52.161927],[-0.966629,52.163991],[-0.970545,52.171668],[-0.973482,52.171154],[-0.978673,52.174346],[-0.987941,52.171908],[-1.001089,52.17247],[-1.003955,52.168538],[-1.008681,52.16642],[-1.020459,52.169395],[-1.028794,52.169374],[-1.027407,52.172599],[-1.031579,52.175781],[-1.041025,52.171722],[-1.053591,52.172183],[-1.057499,52.174102],[-1.062764,52.174054],[-1.064908,52.176409],[-1.073921,52.178997],[-1.09498,52.179071],[-1.104438,52.181481],[-1.114111,52.180475],[-1.125707,52.185776],[-1.146263,52.181701],[-1.153223,52.184898],[-1.162297,52.184603],[-1.172498,52.186653],[-1.176186,52.18497],[-1.174369,52.180372],[-1.176381,52.174363],[-1.173178,52.165709],[-1.158815,52.167586],[-1.149467,52.167069],[-1.139591,52.163671],[-1.135322,52.157616],[-1.127095,52.152251],[-1.131966,52.149769],[-1.131619,52.145092],[-1.136004,52.145034],[-1.131449,52.138797],[-1.144732,52.131881],[-1.143074,52.126924],[-1.154857,52.121795],[-1.161164,52.120401],[-1.167108,52.122781],[-1.176656,52.119881],[-1.184094,52.120472],[-1.188799,52.118706],[-1.195785,52.120103],[-1.19727,52.110583],[-1.203251,52.102711],[-1.200475,52.094691],[-1.206794,52.092306],[-1.205661,52.09032],[-1.196253,52.085941],[-1.197357,52.081363],[-1.195239,52.077393],[-1.199212,52.06735],[-1.208437,52.065435],[-1.209358,52.062833],[-1.214957,52.059634],[-1.213269,52.056117],[-1.21974,52.053013],[-1.223391,52.044316],[-1.220096,52.040967],[-1.20978,52.038921],[-1.211662,52.031381],[-1.210531,52.029395],[-1.215421,52.024843],[-1.215045,52.021334],[-1.206463,52.020377],[-1.191437,52.021264],[-1.188794,52.014323],[-1.185341,52.011872],[-1.179779,52.013272],[-1.163629,52.011989],[-1.159887,52.009535],[-1.159742,52.001712],[-1.153957,51.999513],[-1.146092,51.999456],[-1.155526,51.9935],[-1.169237,51.992429],[-1.168948,51.984425],[-1.174681,51.981498],[-1.174861,51.979611],[-1.189581,51.978814],[-1.19315,51.974613],[-1.204544,51.972443],[-1.23292,51.973081],[-1.237232,51.967804],[-1.23539,51.964825],[-1.246148,51.965614],[-1.260922,51.961122],[-1.267733,51.953972],[-1.268683,51.949302],[-1.263599,51.948731],[-1.261344,51.944311],[-1.244569,51.938271],[-1.220185,51.943596],[-1.216143,51.941771],[-1.210034,51.941731],[-1.206628,51.945124],[-1.196843,51.947216],[-1.187995,51.945717],[-1.185216,51.946507],[-1.178852,51.944484],[-1.172545,51.947227],[-1.164825,51.947712],[-1.157306,51.945231],[-1.150328,51.944911],[-1.146204,51.947579],[-1.132635,51.949548],[-1.126597,51.953279],[-1.119792,51.95152],[-1.115926,51.948345],[-1.114993,51.944022],[-1.109834,51.940027],[-1.10551,51.938016],[-1.097951,51.937779],[-1.092768,51.935131],[-1.087832,51.934644],[-1.082536,51.93757],[-1.078237,51.934389],[-1.077142,51.931054],[-1.080998,51.927398],[-1.080632,51.923978],[-1.073576,51.920596],[-1.063224,51.921953],[-1.059049,51.919942],[-1.05325,51.926009],[-1.045431,51.924417],[-1.044809,51.919467],[-1.040666,51.916017],[-1.027875,51.915822],[-1.025361,51.917779],[-1.019534,51.91827],[-1.012724,51.917225],[-1.014942,51.908881],[-1.01255,51.905265],[-1.006294,51.905482],[-1.000366,51.904083],[-0.985489,51.912767],[-0.984357,51.911409],[-0.972053,51.909054],[-0.968074,51.905063],[-0.957232,51.908744],[-0.950256,51.908682],[-0.946155,51.90379],[-0.94917,51.899142],[-0.946053,51.895697],[-0.938626,51.89635],[-0.922302,51.892245],[-0.91561,51.892543],[-0.911622,51.88918],[-0.910985,51.885487],[-0.902547,51.885949],[-0.895576,51.885793],[-0.888324,51.885276],[-0.880491,51.878907],[-0.876715,51.878871],[-0.86042,51.885548],[-0.852527,51.881695],[-0.847842,51.883088],[-0.839966,51.889934],[-0.82346,51.898761],[-0.82056,51.904037],[-0.812535,51.905215],[-0.802767,51.91177],[-0.806593,51.92098],[-0.799328,51.926211],[-0.795119,51.925898],[-0.793674,51.931008],[-0.787336,51.93409],[-0.772997,51.937179],[-0.771336,51.934104],[-0.766426,51.932794],[-0.76218,51.928524],[-0.755497,51.917753],[-0.755959,51.911554],[-0.75022,51.908796],[-0.748774,51.903296],[-0.759264,51.902418],[-0.763414,51.899495],[-0.772113,51.900305],[-0.77639,51.898012],[-0.774023,51.894211],[-0.780006,51.893284],[-0.783859,51.890536],[-0.785125,51.886683],[-0.780487,51.880881],[-0.775689,51.881011],[-0.779053,51.874842],[-0.766349,51.871922],[-0.758939,51.866719],[-0.757854,51.86392],[-0.753223,51.863332],[-0.748495,51.866249],[-0.737223,51.86424],[-0.727526,51.868182],[-0.721632,51.86605],[-0.710486,51.864759],[-0.700432,51.865907],[-0.689879,51.869207],[-0.682692,51.866609],[-0.68407,51.864197],[-0.671832,51.860553],[-0.671424,51.854704],[-0.66337,51.852095],[-0.667444,51.841981],[-0.664612,51.844466],[-0.655193,51.843909],[-0.650552,51.838911],[-0.649273,51.828286],[-0.659397,51.824536],[-0.648408,51.823241],[-0.636325,51.818365],[-0.63092,51.814075],[-0.622902,51.81746],[-0.619549,51.822726],[-0.609802,51.828276],[-0.602716,51.827473],[-0.60773,51.834276],[-0.608075,51.841923],[-0.594069,51.844184],[-0.589482,51.842331],[-0.576265,51.842531],[-0.569787,51.840834],[-0.552184,51.842057],[-0.552327,51.846645],[-0.547059,51.852424],[-0.547609,51.857916],[-0.538908,51.862034],[-0.534334,51.868721],[-0.535015,51.874574],[-0.541044,51.878323],[-0.540873,51.882163],[-0.546175,51.887043],[-0.553709,51.889586],[-0.544094,51.902111],[-0.538225,51.903837],[-0.529706,51.903731],[-0.519547,51.907649],[-0.513046,51.91521],[-0.49802,51.916728],[-0.49132,51.92254],[-0.485406,51.924299],[-0.48523,51.933828],[-0.480223,51.935651],[-0.478941,51.943458],[-0.474748,51.942684],[-0.464318,51.945606],[-0.45855,51.944092],[-0.455924,51.948553],[-0.451078,51.949838],[-0.438103,51.94634],[-0.428139,51.952501],[-0.422005,51.953138],[-0.41694,51.948215],[-0.411893,51.951024],[-0.404951,51.945715],[-0.399448,51.945011],[-0.390079,51.946592],[-0.37997,51.948521],[-0.376667,51.947307],[-0.367397,51.950146],[-0.359281,51.945268],[-0.354208,51.944747],[-0.348351,51.941788],[-0.35035,51.934892],[-0.342667,51.934155],[-0.341214,51.930178],[-0.332112,51.928521],[-0.320328,51.9208],[-0.298072,51.917154],[-0.296734,51.914077],[-0.288685,51.911622],[-0.285068,51.907344],[-0.276523,51.906499],[-0.279995,51.903133],[-0.274959,51.901801],[-0.272347,51.897896],[-0.267899,51.896392],[-0.268736,51.893527],[-0.262753,51.890381],[-0.262304,51.886958],[-0.253249,51.880619],[-0.24822,51.879196],[-0.244014,51.875267],[-0.239804,51.875204],[-0.229832,51.877572],[-0.22657,51.875545],[-0.219434,51.879663],[-0.222423,51.881237],[-0.222859,51.88493],[-0.218899,51.885859],[-0.213046,51.890536],[-0.218015,51.897176],[-0.226536,51.90225],[-0.232007,51.903591],[-0.238005,51.910065],[-0.230999,51.914456],[-0.214104,51.911503],[-0.211871,51.912818],[-0.210611,51.918914],[-0.201059,51.925062],[-0.193554,51.934479],[-0.187314,51.93771],[-0.17725,51.938364],[-0.174117,51.936697],[-0.168828,51.94156],[-0.166543,51.947639],[-0.172987,51.953764],[-0.170206,51.95417],[-0.158201,51.966571],[-0.14607,51.96773],[-0.143292,51.971553],[-0.13513,51.97529],[-0.131298,51.979905],[-0.126574,51.981449],[-0.115933,51.978222],[-0.110914,51.97985],[-0.103791,51.979555],[-0.096356,51.983212],[-0.092986,51.987114],[-0.082484,51.987483],[-0.073639,51.993363],[-0.072006,51.997473],[-0.067342,52.000903],[-0.065765,52.013825],[-0.067868,52.015748],[-0.056925,52.019435],[-0.038298,52.018766],[-0.032446,52.015971],[-0.028585,52.010961],[-0.024536,52.010264],[-0.018136,52.013303],[-0.005769,52.009588],[0.003436,52.010151],[0.017896,52.007656],[0.024613,52.00799],[0.029753,52.005654],[0.035719,52.008698],[0.034499,52.010698],[0.040724,52.013018],[0.04717,52.010568],[0.0478,52.008399],[0.053324,52.008123],[0.055942,52.00484],[0.065342,52.006474],[0.074605,52.011437],[0.084139,52.006502],[0.09698,52.006904],[0.120245,52.002801],[0.123539,51.998515],[0.13184,51.995398],[0.14026,51.985623],[0.148232,51.981791],[0.153877,51.981059],[0.15939,51.974573],[0.161204,51.966896],[0.165559,51.966636],[0.175976,51.956283],[0.175023,51.951625],[0.17867,51.945802],[0.18308,51.943742],[0.192542,51.944032],[0.204393,51.94127],[0.20907,51.933725],[0.216653,51.931155],[0.214891,51.927861],[0.215637,51.916426],[0.219032,51.917441],[0.224661,51.913648],[0.231019,51.915776],[0.239838,51.923522],[0.250943,51.927446],[0.2495,51.933499],[0.258133,51.934503],[0.262987,51.941334],[0.274075,51.944807],[0.278682,51.949574],[0.286033,51.95105],[0.281659,51.953742],[0.277157,51.962552],[0.288855,51.963584],[0.295483,51.967951],[0.29088,51.971908],[0.286826,51.972346],[0.289396,51.977062],[0.28776,51.979252],[0.277945,51.980972],[0.279219,51.985983],[0.275964,51.990722],[0.281033,52.004472],[0.273655,52.008391],[0.277672,52.0129],[0.278825,52.018363],[0.284727,52.019777],[0.292744,52.028344],[0.307021,52.02249],[0.314159,52.025228],[0.324737,52.026818],[0.324683,52.031405],[0.337109,52.034846],[0.348179,52.040201],[0.3516,52.038694],[0.362426,52.039377],[0.368695,52.047614],[0.382093,52.052739],[0.383814,52.05765],[0.381344,52.066063],[0.375021,52.067899],[0.366458,52.074276],[0.369134,52.083485],[0.361347,52.088047],[0.367447,52.092961],[0.367065,52.099533],[0.369649,52.101459],[0.36993,52.106759],[0.376566,52.11346],[0.374779,52.121049],[0.368897,52.125844],[0.368787,52.129263],[0.357055,52.133995],[0.357014,52.138761],[0.353883,52.140353],[0.366512,52.152509],[0.374744,52.161606],[0.379675,52.163575],[0.376928,52.169655],[0.379752,52.170497],[0.385556,52.177844],[0.394931,52.178103],[0.402157,52.184611],[0.410418,52.185881],[0.413005,52.187716],[0.418992,52.187504],[0.424697,52.190174],[0.427176,52.187336],[0.432485,52.185428],[0.436319,52.185978],[0.439142,52.181424],[0.454824,52.1793],[0.464411,52.172805],[0.473822,52.171079],[0.480686,52.165629],[0.487974,52.165206],[0.48973,52.15213],[0.484918,52.147106],[0.486767,52.140952],[0.500414,52.141922],[0.510492,52.13919],[0.522861,52.143422],[0.524626,52.14878],[0.521179,52.152451],[0.521513,52.155771],[0.526268,52.159716],[0.53093,52.172295],[0.541302,52.177198],[0.546544,52.184459],[0.547944,52.188475],[0.547829,52.194143],[0.550161,52.201646],[0.554388,52.203893],[0.562904,52.20182],[0.57301,52.20196],[0.57856,52.19923],[0.580372,52.195144],[0.588672,52.191905],[0.591046,52.187446],[0.612931,52.183906],[0.619768,52.178269],[0.627814,52.178269],[0.628442,52.186439],[0.635267,52.190513],[0.646428,52.188734],[0.654195,52.179117],[0.657783,52.177957],[0.674161,52.175429],[0.67929,52.170726],[0.685646,52.169412],[0.694976,52.164073],[0.703246,52.162985],[0.706998,52.159751],[0.714277,52.159224],[0.718227,52.161651],[0.72863,52.159612],[0.729269,52.165263],[0.747007,52.163592],[0.746673,52.172413],[0.750152,52.176648],[0.746023,52.18322],[0.748232,52.188204],[0.754335,52.187522],[0.75503,52.1822],[0.773876,52.17942],[0.775235,52.182446],[0.780859,52.183482],[0.78727,52.187738],[0.791265,52.188452],[0.798395,52.183157],[0.809514,52.183163],[0.817812,52.186667],[0.831381,52.188845],[0.845989,52.195328],[0.850209,52.194956],[0.87176,52.200099],[0.876227,52.199001],[0.8831,52.201171],[0.890412,52.201082],[0.89182,52.206983],[0.910685,52.208947],[0.917393,52.213009],[0.922544,52.213421],[0.92056,52.221114],[0.922172,52.227819],[0.917482,52.230004],[0.917936,52.236917],[0.91658,52.240818],[0.922287,52.245173],[0.926155,52.246067],[0.929137,52.251299],[0.935849,52.250862],[0.93663,52.25381],[0.951612,52.254336],[0.959258,52.256932],[0.96223,52.264142],[0.967708,52.267152],[0.970832,52.276606],[0.968743,52.280436],[0.978779,52.283601],[0.98243,52.287735],[0.982023,52.292602],[0.985994,52.29493],[0.998885,52.294693],[0.999687,52.304385],[1.004599,52.307588],[1.011617,52.309388],[1.015712,52.31351],[1.03287,52.315498],[1.038948,52.314263],[1.04073,52.32312],[1.051712,52.329132],[1.04935,52.331082],[1.05241,52.339277],[1.051516,52.343347],[1.047656,52.351271],[1.040675,52.35226],[1.036816,52.355957],[1.02987,52.357485],[1.013283,52.355481],[1.009965,52.358533],[1.004644,52.355881],[1.001595,52.358566],[1.001997,52.364492],[0.994424,52.367652],[0.992308,52.371123],[0.988818,52.371661],[0.983748,52.377095],[0.986832,52.383582],[0.975802,52.385659],[0.977122,52.394349],[0.974882,52.396025],[0.97856,52.400428],[0.989083,52.40385],[0.9881,52.413228],[0.988531,52.419602],[0.99112,52.418727],[1.016804,52.420053],[1.022322,52.419012],[1.028013,52.420485],[1.033372,52.419269],[1.047078,52.421794],[1.056039,52.419494],[1.060786,52.424317],[1.062216,52.427967],[1.056957,52.437007],[1.061505,52.436799],[1.067549,52.439071],[1.079053,52.437333],[1.088776,52.439597],[1.085602,52.444716],[1.091634,52.448875],[1.085861,52.452624],[1.082799,52.459359],[1.089044,52.462343],[1.098908,52.464423],[1.101122,52.468682],[1.095631,52.47647],[1.096003,52.481767],[1.089399,52.488415],[1.094714,52.499068],[1.09188,52.500671],[1.089551,52.507387],[1.085427,52.511631],[1.079135,52.514403],[1.081065,52.520918],[1.076003,52.526536],[1.0717,52.528266],[1.075722,52.53095],[1.072261,52.534187],[1.074727,52.53781],[1.073186,52.541088],[1.069195,52.54308],[1.051706,52.546141],[1.043439,52.550311],[1.035166,52.548005],[1.01523,52.547706],[1.012168,52.550392],[1.017785,52.554835],[1.010531,52.558797],[0.995931,52.554581],[0.987503,52.558661],[0.984824,52.564844],[0.96982,52.56774],[0.969295,52.5709],[0.962035,52.574859],[0.960244,52.578951],[0.956139,52.581572],[0.947606,52.579806],[0.941506,52.581307],[0.938119,52.579233],[0.927642,52.583719],[0.924381,52.58353],[0.92123,52.587205],[0.916985,52.587759],[0.913361,52.590996],[0.900341,52.592844],[0.895159,52.597108],[0.883599,52.598739],[0.871375,52.610547],[0.866018,52.612206],[0.84494,52.608398],[0.843514,52.606903],[0.839889,52.610227],[0.832777,52.612196],[0.835191,52.617534],[0.831647,52.619867],[0.829013,52.627124],[0.855021,52.629378],[0.860987,52.632471],[0.88213,52.632588],[0.896345,52.635208],[0.901646,52.637147],[0.900012,52.639255],[0.904913,52.641833],[0.896957,52.646704],[0.887049,52.646676],[0.879828,52.64928],[0.876379,52.653051],[0.864426,52.653431],[0.847811,52.657159],[0.831972,52.656909],[0.824624,52.66221],[0.800485,52.670967],[0.795303,52.670909],[0.786915,52.676232],[0.773443,52.680775],[0.769653,52.686349],[0.780946,52.687074],[0.799569,52.693649],[0.81448,52.695364],[0.821527,52.694477],[0.834113,52.699123],[0.838381,52.698751],[0.844029,52.703651],[0.837445,52.713971],[0.842028,52.713861],[0.842853,52.717438],[0.839929,52.720296],[0.840557,52.725406],[0.844833,52.727372],[0.845907,52.730224],[0.839047,52.734075],[0.838987,52.74226],[0.829714,52.747787],[0.824716,52.75528],[0.811699,52.75568],[0.793829,52.761318],[0.780523,52.757224],[0.76615,52.757291],[0.75518,52.759615],[0.749169,52.758315],[0.713477,52.758778],[0.704046,52.757285],[0.686842,52.76433],[0.679494,52.762968],[0.668918,52.764555],[0.666654,52.766315],[0.656537,52.76816],[0.651459,52.77241],[0.645332,52.774076],[0.646821,52.781506],[0.652723,52.781015],[0.660879,52.783439],[0.670615,52.780163],[0.681612,52.780545],[0.692217,52.791365],[0.683671,52.794706],[0.671084,52.79508],[0.666569,52.801296],[0.655604,52.806398],[0.65326,52.809328],[0.641227,52.814002],[0.631423,52.81386],[0.625295,52.822988],[0.615854,52.826434],[0.616523,52.832623],[0.61225,52.833167],[0.608415,52.838557],[0.617238,52.842049],[0.615011,52.844526],[0.621692,52.849414],[0.622284,52.856774],[0.634803,52.862342],[0.631036,52.866382],[0.639294,52.870245],[0.645239,52.875148],[0.646981,52.879336],[0.651098,52.88347],[0.64086,52.883788],[0.642441,52.890227],[0.63579,52.89577],[0.631835,52.896757],[0.63159,52.902517],[0.642946,52.90829],[0.647934,52.914473],[0.651989,52.915102],[0.656412,52.919319],[0.660748,52.919671],[0.660644,52.925249],[0.655663,52.928957],[0.650418,52.930783],[0.648348,52.933436],[0.649954,52.937807],[0.655459,52.940201],[0.653994,52.945449],[0.646108,52.950391],[0.639556,52.950357],[0.635691,52.948015],[0.622616,52.945967],[0.617681,52.948054]]]},"properties":{"OBJECTID_1":21,"OBJECTID":21,"NAME":"Central","REGION":"Peterborough","SHORT_NAME":"Central","Shape_Leng":961119.697943,"DisplayOrd":23,"Shape_Le_1":0,"Shape_Area":0}},{"type":"Feature","geometry":{"type":"MultiPolygon","coordinates":[[[[1.532688,52.079067],[1.523228,52.07944],[1.518148,52.072396],[1.512298,52.068523],[1.507131,52.067778],[1.502849,52.069569],[1.500407,52.065226],[1.51459,52.067609],[1.53634,52.076331],[1.532688,52.079067]]],[[[1.645536,52.576367],[1.647224,52.577853],[1.646341,52.586056],[1.64284,52.586047],[1.641902,52.581687],[1.637396,52.578983],[1.632468,52.578307],[1.627526,52.572648],[1.621961,52.571047],[1.611928,52.572181],[1.612746,52.567767],[1.602905,52.564047],[1.597318,52.557462],[1.582675,52.554345],[1.600797,52.543019],[1.618733,52.533477],[1.616585,52.539461],[1.606747,52.540193],[1.605043,52.545138],[1.610576,52.550897],[1.623487,52.554288],[1.629348,52.559325],[1.63428,52.574339],[1.637524,52.575894],[1.645536,52.576367]]],[[[1.733627,52.572629],[1.725909,52.603455],[1.720068,52.609485],[1.713574,52.611309],[1.707383,52.607995],[1.692114,52.603885],[1.68636,52.600467],[1.66317,52.596959],[1.652713,52.593775],[1.65269,52.5864],[1.648834,52.582651],[1.648672,52.575371],[1.63627,52.573594],[1.63457,52.563752],[1.630996,52.558016],[1.624038,52.552383],[1.612645,52.550213],[1.606448,52.542847],[1.609775,52.540424],[1.617733,52.540505],[1.620984,52.532868],[1.627694,52.52857],[1.628089,52.52478],[1.63718,52.519338],[1.645476,52.517139],[1.645267,52.508205],[1.657917,52.501131],[1.671414,52.504275],[1.674213,52.499663],[1.682417,52.496602],[1.682996,52.476921],[1.688788,52.47308],[1.691418,52.47494],[1.698682,52.473202],[1.708441,52.475918],[1.714891,52.474681],[1.722575,52.476706],[1.75593,52.47226],[1.759616,52.476613],[1.761476,52.481834],[1.752481,52.513386],[1.740676,52.535798],[1.737074,52.548954],[1.734502,52.567295],[1.739417,52.571277],[1.733627,52.572629]]],[[[0.950783,52.963976],[0.945629,52.963744],[0.946133,52.959559],[0.961855,52.961677],[0.950783,52.963976]]],[[[0.741545,52.96577],[0.745723,52.966843],[0.74612,52.970277],[0.737385,52.967575],[0.741545,52.96577]]],[[[0.872314,52.967401],[0.861908,52.966357],[0.861874,52.96313],[0.872165,52.959761],[0.874919,52.966259],[0.872314,52.967401]]],[[[1.000672,52.966278],[0.99969,52.965008],[0.988555,52.965739],[0.991776,52.960622],[0.997586,52.96043],[1.000243,52.95816],[1.007962,52.958225],[1.01023,52.960003],[1.016822,52.957362],[1.014172,52.965505],[1.00644,52.964622],[1.000672,52.966278]]],[[[0.895154,52.970183],[0.892648,52.967447],[0.882092,52.964152],[0.876054,52.967203],[0.875262,52.963346],[0.882206,52.963178],[0.886237,52.959528],[0.893952,52.962892],[0.900088,52.96134],[0.901232,52.96508],[0.895154,52.970183]]],[[[0.712236,52.97601],[0.715761,52.972594],[0.722977,52.976736],[0.712236,52.97601]]],[[[0.870322,52.980263],[0.867394,52.979255],[0.864347,52.973735],[0.855626,52.968667],[0.854959,52.961255],[0.861617,52.961949],[0.861551,52.969064],[0.866468,52.970663],[0.877025,52.968366],[0.881228,52.964605],[0.885774,52.965996],[0.881821,52.970831],[0.88078,52.976674],[0.876711,52.979785],[0.870322,52.980263]]],[[[1.270346,51.954646],[1.274955,51.956568],[1.27893,51.960766],[1.271666,51.967165],[1.269556,51.975786],[1.270055,51.985036],[1.267696,51.988439],[1.248651,51.990585],[1.226469,51.996745],[1.21202,51.99642],[1.204002,52.004302],[1.195996,52.006885],[1.18707,52.006587],[1.179021,52.009818],[1.154606,52.031521],[1.149669,52.033884],[1.151979,52.039362],[1.157604,52.042395],[1.157629,52.04896],[1.163497,52.044881],[1.158117,52.037264],[1.157916,52.034409],[1.163908,52.029023],[1.169799,52.029854],[1.173982,52.023859],[1.188707,52.014845],[1.20039,52.014743],[1.210991,52.011541],[1.216294,52.00644],[1.230252,52.006382],[1.254528,51.997096],[1.259167,51.998371],[1.263866,51.995866],[1.269529,51.997004],[1.278908,51.993946],[1.282692,51.990711],[1.279949,51.977107],[1.281461,51.969096],[1.286562,51.966372],[1.286408,51.964272],[1.315124,51.950118],[1.311642,51.948498],[1.317554,51.945373],[1.319271,51.940053],[1.316333,51.933759],[1.318534,51.932627],[1.325357,51.940286],[1.344384,51.956216],[1.348163,51.958087],[1.368551,51.963981],[1.388378,51.979745],[1.390935,51.988522],[1.388103,51.989989],[1.383862,51.996147],[1.378013,51.999544],[1.364176,52.003709],[1.357454,52.009504],[1.358085,52.013255],[1.352649,52.01287],[1.354184,52.017027],[1.35841,52.019919],[1.355112,52.023575],[1.344868,52.026772],[1.336806,52.033252],[1.34193,52.036443],[1.337198,52.038511],[1.346389,52.042451],[1.331248,52.051839],[1.333797,52.058647],[1.325427,52.063624],[1.321002,52.065152],[1.320893,52.070749],[1.317103,52.076136],[1.303538,52.077057],[1.293295,52.075725],[1.294558,52.078604],[1.313275,52.078834],[1.311892,52.081454],[1.31655,52.0852],[1.316988,52.08874],[1.323944,52.090595],[1.331041,52.100198],[1.332389,52.094772],[1.327961,52.094142],[1.326249,52.089774],[1.321694,52.088607],[1.322232,52.084068],[1.319879,52.08069],[1.324644,52.074097],[1.327967,52.074219],[1.329021,52.069558],[1.34277,52.064104],[1.340504,52.061902],[1.343551,52.058155],[1.342443,52.052691],[1.351172,52.045553],[1.352022,52.038198],[1.343672,52.031654],[1.358775,52.025962],[1.362844,52.021888],[1.364912,52.016433],[1.363582,52.010355],[1.365673,52.007147],[1.387063,51.998978],[1.391999,51.995265],[1.394158,51.987017],[1.404886,51.990368],[1.430775,52.005015],[1.435524,52.00994],[1.441487,52.022673],[1.46023,52.038809],[1.461127,52.045879],[1.463692,52.050373],[1.494023,52.06439],[1.501205,52.070383],[1.48833,52.073733],[1.488806,52.079835],[1.494824,52.083974],[1.495798,52.087094],[1.490997,52.094792],[1.49151,52.097807],[1.482674,52.098933],[1.485732,52.102179],[1.493294,52.100453],[1.495717,52.09726],[1.49407,52.09488],[1.497272,52.091007],[1.497377,52.084888],[1.490193,52.078895],[1.490275,52.074152],[1.509683,52.069797],[1.523173,52.081142],[1.537667,52.080923],[1.535437,52.087979],[1.537849,52.090785],[1.551905,52.091261],[1.564196,52.099075],[1.566646,52.103417],[1.564209,52.108015],[1.565201,52.111655],[1.57842,52.117281],[1.58865,52.131298],[1.589826,52.13719],[1.594104,52.140397],[1.586092,52.140749],[1.572919,52.142552],[1.567772,52.148204],[1.572376,52.15312],[1.567656,52.155529],[1.558749,52.15149],[1.553576,52.150243],[1.541566,52.153303],[1.53721,52.155908],[1.523994,52.157059],[1.52271,52.151926],[1.516804,52.150267],[1.508625,52.150943],[1.501614,52.153094],[1.502045,52.158577],[1.499054,52.162759],[1.502218,52.165246],[1.509931,52.163083],[1.510019,52.159734],[1.518414,52.157334],[1.524291,52.160819],[1.536182,52.164879],[1.554733,52.164753],[1.557846,52.16197],[1.554944,52.158603],[1.566809,52.160295],[1.577275,52.157495],[1.579697,52.152682],[1.577389,52.15017],[1.570739,52.148006],[1.572784,52.145246],[1.580831,52.14296],[1.595842,52.144544],[1.598102,52.14211],[1.586869,52.120046],[1.577044,52.11323],[1.567853,52.10974],[1.569946,52.103218],[1.567476,52.097896],[1.55322,52.089422],[1.540155,52.088557],[1.540792,52.079642],[1.537979,52.075094],[1.48488,52.057555],[1.470423,52.050445],[1.464709,52.041088],[1.46658,52.040763],[1.471475,52.049154],[1.491189,52.057998],[1.574123,52.082403],[1.578264,52.084886],[1.585481,52.092942],[1.588249,52.109228],[1.60273,52.147464],[1.605205,52.159981],[1.611446,52.172023],[1.621705,52.184841],[1.621917,52.20903],[1.627259,52.235041],[1.630432,52.270293],[1.634276,52.281418],[1.652018,52.300803],[1.669451,52.313232],[1.667333,52.313541],[1.657446,52.323194],[1.650345,52.324493],[1.643834,52.328679],[1.639494,52.329461],[1.631151,52.326372],[1.629056,52.322127],[1.620444,52.320026],[1.614899,52.316644],[1.607113,52.316018],[1.598058,52.323616],[1.602715,52.329078],[1.606652,52.327663],[1.610189,52.321528],[1.613675,52.327556],[1.623299,52.331245],[1.633842,52.333404],[1.644459,52.329847],[1.651101,52.325117],[1.659846,52.324523],[1.665938,52.317434],[1.675102,52.313596],[1.696242,52.35219],[1.724317,52.389931],[1.731947,52.404019],[1.728103,52.420512],[1.733496,52.448954],[1.736657,52.454989],[1.74161,52.457656],[1.755094,52.471611],[1.742851,52.471919],[1.728683,52.473338],[1.725154,52.475501],[1.718848,52.471822],[1.709765,52.473628],[1.703492,52.472251],[1.704333,52.469634],[1.687222,52.471788],[1.680997,52.473269],[1.681463,52.489418],[1.672823,52.483003],[1.673383,52.477175],[1.663835,52.474665],[1.660127,52.468322],[1.653443,52.468529],[1.647404,52.472269],[1.644078,52.468387],[1.638707,52.467365],[1.635329,52.462837],[1.61564,52.463549],[1.610402,52.466299],[1.604633,52.466898],[1.602896,52.471583],[1.597498,52.472395],[1.586781,52.477353],[1.582415,52.47566],[1.568931,52.474665],[1.566996,52.470415],[1.561579,52.46681],[1.561083,52.460124],[1.557047,52.457547],[1.550558,52.459064],[1.547609,52.46195],[1.542142,52.461898],[1.530589,52.467308],[1.531725,52.468245],[1.545156,52.462024],[1.556501,52.458454],[1.559486,52.460406],[1.560007,52.466857],[1.56525,52.470683],[1.565317,52.473695],[1.569203,52.475844],[1.58127,52.476603],[1.590217,52.477942],[1.598626,52.473225],[1.603857,52.472525],[1.605418,52.467846],[1.610674,52.467469],[1.616609,52.464598],[1.633114,52.46366],[1.638117,52.468786],[1.642013,52.468882],[1.644619,52.472786],[1.649582,52.472957],[1.653558,52.46992],[1.658797,52.469335],[1.663052,52.475877],[1.671106,52.477246],[1.671643,52.483688],[1.681056,52.490726],[1.681622,52.495556],[1.673056,52.498512],[1.669922,52.50335],[1.659939,52.500106],[1.654027,52.501144],[1.643123,52.507947],[1.643649,52.51644],[1.633147,52.519777],[1.627277,52.523519],[1.625417,52.528856],[1.578445,52.554949],[1.572946,52.556654],[1.563642,52.554569],[1.556258,52.557229],[1.541978,52.552171],[1.53367,52.55161],[1.52776,52.547829],[1.525047,52.543628],[1.515196,52.539613],[1.482551,52.537746],[1.486071,52.539351],[1.503615,52.540713],[1.504473,52.543889],[1.520401,52.542903],[1.533144,52.552597],[1.5396,52.553231],[1.536777,52.559234],[1.529045,52.557216],[1.521057,52.561961],[1.519739,52.564842],[1.523123,52.570785],[1.516749,52.573583],[1.509479,52.570364],[1.49824,52.568439],[1.489371,52.576643],[1.485709,52.58445],[1.478432,52.58336],[1.469944,52.58432],[1.462885,52.591047],[1.452721,52.592882],[1.451858,52.599185],[1.442968,52.602412],[1.43214,52.610903],[1.431752,52.61577],[1.424213,52.618948],[1.415579,52.618136],[1.411807,52.612201],[1.405728,52.611549],[1.404415,52.607197],[1.39691,52.603384],[1.390486,52.603217],[1.381046,52.60704],[1.374714,52.620163],[1.366515,52.622699],[1.354892,52.620106],[1.350808,52.620222],[1.345182,52.622989],[1.32173,52.62087],[1.334026,52.627288],[1.341903,52.625924],[1.351242,52.621657],[1.365751,52.624106],[1.370695,52.623641],[1.378372,52.620265],[1.379647,52.614185],[1.38422,52.607777],[1.393143,52.604913],[1.401995,52.607996],[1.403129,52.613089],[1.408752,52.613197],[1.40967,52.617398],[1.413376,52.61945],[1.42329,52.621502],[1.43081,52.617507],[1.437437,52.619113],[1.438525,52.616024],[1.434544,52.612362],[1.445927,52.603037],[1.45486,52.600168],[1.455523,52.593583],[1.465037,52.592495],[1.468443,52.586999],[1.47862,52.584991],[1.48495,52.586604],[1.488562,52.585598],[1.492793,52.575669],[1.499426,52.569987],[1.510546,52.572446],[1.515068,52.575459],[1.521448,52.57401],[1.525844,52.569922],[1.522291,52.564271],[1.525964,52.560384],[1.530825,52.55844],[1.537549,52.561298],[1.540315,52.557167],[1.545811,52.555411],[1.555182,52.55852],[1.563395,52.556429],[1.572127,52.55819],[1.582249,52.555635],[1.594245,52.557969],[1.601502,52.565484],[1.610293,52.568274],[1.610271,52.573401],[1.61477,52.574253],[1.622759,52.57266],[1.626721,52.574157],[1.630685,52.579252],[1.637778,52.581103],[1.641385,52.587198],[1.646872,52.587479],[1.649819,52.594494],[1.661507,52.603577],[1.671061,52.606519],[1.681776,52.607445],[1.696437,52.616612],[1.700935,52.617371],[1.717366,52.615957],[1.718294,52.612959],[1.722518,52.610488],[1.729511,52.600643],[1.730316,52.590993],[1.735544,52.576077],[1.739763,52.573605],[1.741859,52.618962],[1.745399,52.624067],[1.74547,52.630092],[1.729919,52.666202],[1.705183,52.709523],[1.704383,52.717554],[1.687356,52.735175],[1.657695,52.757861],[1.61387,52.785577],[1.597148,52.793983],[1.593246,52.79813],[1.587238,52.801577],[1.579029,52.803705],[1.535662,52.825243],[1.509023,52.841054],[1.483776,52.852232],[1.438445,52.880176],[1.408804,52.894612],[1.345227,52.920613],[1.2991,52.934315],[1.237047,52.944477],[1.18109,52.946799],[1.127732,52.952173],[0.989844,52.980094],[0.973525,52.981115],[0.972313,52.974096],[0.975201,52.972548],[0.983288,52.972957],[0.996304,52.977845],[1.00365,52.97507],[1.01093,52.974796],[1.012708,52.972502],[1.024434,52.969776],[1.035599,52.969671],[1.039041,52.967785],[1.01813,52.964811],[1.016762,52.956501],[1.010586,52.957628],[0.999983,52.956548],[0.984442,52.960087],[0.985501,52.964646],[0.965769,52.962074],[0.9511,52.958798],[0.944871,52.958952],[0.944665,52.963804],[0.935151,52.962745],[0.918255,52.966174],[0.914846,52.963991],[0.909182,52.963923],[0.900202,52.960375],[0.893737,52.962358],[0.885837,52.95889],[0.874334,52.960141],[0.87559,52.95752],[0.852427,52.957863],[0.851235,52.972324],[0.852027,52.973492],[0.839411,52.976915],[0.834974,52.980141],[0.813581,52.977637],[0.819516,52.975671],[0.812378,52.97013],[0.800304,52.97644],[0.786027,52.976353],[0.772718,52.978814],[0.751382,52.977376],[0.754424,52.974608],[0.754178,52.970738],[0.745594,52.965038],[0.736975,52.963924],[0.734864,52.961383],[0.729346,52.961726],[0.734544,52.96764],[0.749731,52.970841],[0.751122,52.973282],[0.73539,52.975372],[0.726071,52.971926],[0.715363,52.971956],[0.699688,52.975217],[0.699945,52.977909],[0.693732,52.978374],[0.687034,52.973894],[0.674442,52.972128],[0.674243,52.968905],[0.662054,52.968099],[0.661645,52.970159],[0.649299,52.969464],[0.642559,52.967132],[0.641659,52.969957],[0.661355,52.97102],[0.668994,52.97074],[0.674852,52.972982],[0.674687,52.976106],[0.669617,52.977947],[0.661785,52.978015],[0.628511,52.973693],[0.619951,52.973774],[0.621025,52.970846],[0.616401,52.968035],[0.612615,52.96872],[0.617419,52.97329],[0.588701,52.976293],[0.585029,52.971419],[0.571772,52.970412],[0.570606,52.974852],[0.560158,52.976264],[0.542509,52.97632],[0.536225,52.972794],[0.523827,52.968104],[0.510987,52.959079],[0.497861,52.953511],[0.491822,52.949116],[0.499839,52.943938],[0.493348,52.942366],[0.495484,52.938095],[0.494114,52.934977],[0.496311,52.931784],[0.51835,52.932038],[0.5257,52.933051],[0.534281,52.937274],[0.53319,52.941523],[0.550788,52.947171],[0.55914,52.947441],[0.565458,52.946046],[0.573864,52.947213],[0.585129,52.943911],[0.5904,52.949911],[0.600075,52.949879],[0.60706,52.952154],[0.615249,52.952154],[0.617681,52.948054],[0.622616,52.945967],[0.635691,52.948015],[0.639556,52.950357],[0.646108,52.950391],[0.653994,52.945449],[0.655459,52.940201],[0.649954,52.937807],[0.648348,52.933436],[0.650418,52.930783],[0.655663,52.928957],[0.660644,52.925249],[0.660748,52.919671],[0.656412,52.919319],[0.651989,52.915102],[0.647934,52.914473],[0.642946,52.90829],[0.63159,52.902517],[0.631835,52.896757],[0.63579,52.89577],[0.642441,52.890227],[0.64086,52.883788],[0.651098,52.88347],[0.646981,52.879336],[0.645239,52.875148],[0.639294,52.870245],[0.631036,52.866382],[0.634803,52.862342],[0.622284,52.856774],[0.621692,52.849414],[0.615011,52.844526],[0.617238,52.842049],[0.608087,52.838024],[0.61225,52.833167],[0.616523,52.832623],[0.615854,52.826434],[0.625295,52.822988],[0.631423,52.81386],[0.641227,52.814002],[0.647041,52.811984],[0.666569,52.801296],[0.671084,52.79508],[0.683671,52.794706],[0.692183,52.790826],[0.681612,52.780545],[0.670615,52.780163],[0.660879,52.783439],[0.652723,52.781015],[0.646821,52.781506],[0.645332,52.774076],[0.651459,52.77241],[0.656537,52.76816],[0.666654,52.766315],[0.668918,52.764555],[0.679494,52.762968],[0.686842,52.76433],[0.704046,52.757285],[0.713477,52.758778],[0.749169,52.758315],[0.75518,52.759615],[0.76615,52.757291],[0.780523,52.757224],[0.793829,52.761318],[0.811699,52.75568],[0.824716,52.75528],[0.829714,52.747787],[0.838987,52.74226],[0.839047,52.734075],[0.845907,52.730224],[0.844833,52.727372],[0.840557,52.725406],[0.839929,52.720296],[0.842853,52.717438],[0.842028,52.713861],[0.837445,52.713971],[0.844029,52.703651],[0.838381,52.698751],[0.834113,52.699123],[0.821527,52.694477],[0.81448,52.695364],[0.799569,52.693649],[0.780946,52.687074],[0.769653,52.686349],[0.773443,52.680775],[0.786915,52.676232],[0.795303,52.670909],[0.800485,52.670967],[0.824624,52.66221],[0.831972,52.656909],[0.847811,52.657159],[0.864426,52.653431],[0.876379,52.653051],[0.879828,52.64928],[0.887049,52.646676],[0.896957,52.646704],[0.904913,52.641833],[0.900012,52.639255],[0.901646,52.637147],[0.896345,52.635208],[0.88213,52.632588],[0.860987,52.632471],[0.855021,52.629378],[0.829013,52.627124],[0.831647,52.619867],[0.835191,52.617534],[0.832777,52.612196],[0.839889,52.610227],[0.843514,52.606903],[0.84494,52.608398],[0.866018,52.612206],[0.871375,52.610547],[0.883599,52.598739],[0.895159,52.597108],[0.900341,52.592844],[0.913361,52.590996],[0.916985,52.587759],[0.92123,52.587205],[0.924381,52.58353],[0.927642,52.583719],[0.938119,52.579233],[0.941506,52.581307],[0.947606,52.579806],[0.956139,52.581572],[0.960244,52.578951],[0.962035,52.574859],[0.969295,52.5709],[0.96982,52.56774],[0.984824,52.564844],[0.987503,52.558661],[0.995931,52.554581],[1.010531,52.558797],[1.017785,52.554835],[1.012168,52.550392],[1.01523,52.547706],[1.035166,52.548005],[1.043439,52.550311],[1.051706,52.546141],[1.069195,52.54308],[1.073186,52.541088],[1.074727,52.53781],[1.072261,52.534187],[1.075722,52.53095],[1.0717,52.528266],[1.076003,52.526536],[1.081065,52.520918],[1.079135,52.514403],[1.085427,52.511631],[1.089551,52.507387],[1.09188,52.500671],[1.094714,52.499068],[1.089399,52.488415],[1.096003,52.481767],[1.095631,52.47647],[1.101122,52.468682],[1.098908,52.464423],[1.089044,52.462343],[1.082799,52.459359],[1.085861,52.452624],[1.091634,52.448875],[1.085602,52.444716],[1.088776,52.439597],[1.079053,52.437333],[1.067549,52.439071],[1.061505,52.436799],[1.056957,52.437007],[1.062216,52.427967],[1.060786,52.424317],[1.056039,52.419494],[1.047078,52.421794],[1.033372,52.419269],[1.028013,52.420485],[1.022322,52.419012],[1.016804,52.420053],[0.99112,52.418727],[0.988531,52.419602],[0.9881,52.413228],[0.989083,52.40385],[0.97856,52.400428],[0.974882,52.396025],[0.977122,52.394349],[0.975802,52.385659],[0.986832,52.383582],[0.983748,52.377095],[0.988818,52.371661],[0.992308,52.371123],[0.994424,52.367652],[1.001997,52.364492],[1.001595,52.358566],[1.004644,52.355881],[1.009965,52.358533],[1.013283,52.355481],[1.02987,52.357485],[1.036816,52.355957],[1.040247,52.352451],[1.048199,52.350627],[1.051516,52.343347],[1.05241,52.339277],[1.049332,52.330813],[1.051712,52.329132],[1.042477,52.325054],[1.040241,52.322414],[1.040176,52.315041],[1.017207,52.313921],[1.011312,52.309215],[1.004294,52.307416],[0.99934,52.303585],[0.998885,52.294693],[0.985994,52.29493],[0.982023,52.292602],[0.98243,52.287735],[0.978779,52.283601],[0.968743,52.280436],[0.970832,52.276606],[0.967708,52.267152],[0.96223,52.264142],[0.959258,52.256932],[0.951612,52.254336],[0.93663,52.25381],[0.935849,52.250862],[0.927463,52.250351],[0.926155,52.246067],[0.922287,52.245173],[0.914023,52.237554],[0.917936,52.236917],[0.917482,52.230004],[0.922172,52.227819],[0.92056,52.221114],[0.922544,52.213421],[0.917393,52.213009],[0.910685,52.208947],[0.89182,52.206983],[0.890412,52.201082],[0.8831,52.201171],[0.876227,52.199001],[0.87176,52.200099],[0.850209,52.194956],[0.845989,52.195328],[0.831381,52.188845],[0.813078,52.185088],[0.81,52.182267],[0.815811,52.176564],[0.825445,52.173406],[0.830706,52.163016],[0.830002,52.159572],[0.832763,52.157238],[0.849412,52.159641],[0.854532,52.162323],[0.869305,52.165723],[0.87933,52.160167],[0.88518,52.153102],[0.895654,52.14634],[0.89617,52.142329],[0.902401,52.13973],[0.916945,52.139669],[0.932408,52.141792],[0.945388,52.138604],[0.955232,52.124267],[0.960774,52.123356],[0.964346,52.120487],[0.957715,52.113639],[0.947978,52.108894],[0.953066,52.101627],[0.96595,52.08988],[0.976537,52.08704],[0.997298,52.066494],[0.99727,52.059856],[1.00775,52.04777],[1.004208,52.042428],[1.013654,52.039878],[1.022579,52.033127],[1.031927,52.031668],[1.041466,52.036986],[1.058747,52.037313],[1.069168,52.028817],[1.082445,52.026421],[1.090039,52.02723],[1.112948,52.021563],[1.120151,52.0132],[1.129629,52.014203],[1.129331,52.009087],[1.136487,52.010115],[1.142766,52.005646],[1.157077,52.008118],[1.172518,52.006748],[1.17898,52.002452],[1.177658,52.000194],[1.182681,51.997335],[1.198252,51.992612],[1.212013,51.984137],[1.219288,51.984404],[1.222012,51.979492],[1.230644,51.974453],[1.244898,51.969724],[1.249961,51.970731],[1.25862,51.966734],[1.268275,51.958073],[1.270346,51.954646]]],[[[0.681376,52.989093],[0.66117,52.988369],[0.66677,52.986625],[0.675776,52.987933],[0.68377,52.987321],[0.67845,52.982271],[0.681391,52.97779],[0.689101,52.981275],[0.702697,52.979024],[0.710599,52.978422],[0.712819,52.976752],[0.721617,52.977846],[0.732224,52.9762],[0.739926,52.97667],[0.750778,52.978892],[0.745752,52.981382],[0.681376,52.989093]]]]},"properties":{"OBJECTID_1":22,"OBJECTID":22,"NAME":"Norfolk & Suffolk","REGION":"Peterborough","SHORT_NAME":"N&S","Shape_Leng":1139698.88266,"DisplayOrd":24,"Shape_Le_1":0,"Shape_Area":0}},{"type":"Feature","geometry":{"type":"MultiPolygon","coordinates":[[[[-0.521408,53.684332],[-0.533955,53.687974],[-0.556441,53.691591],[-0.554751,53.687885],[-0.542648,53.683154],[-0.533298,53.682051],[-0.521408,53.684332]]],[[[-0.00157,52.893418],[0.004977,52.894889],[0.010411,52.893134],[0.028302,52.900283],[0.033623,52.903743],[0.037656,52.909815],[0.045099,52.912807],[0.04445,52.917988],[0.051631,52.919158],[0.063975,52.924105],[0.065612,52.928491],[0.077688,52.931194],[0.051976,52.930238],[0.030182,52.936349],[0.021202,52.941627],[-0.009931,52.966967],[-0.023521,52.966114],[-0.020073,52.969563],[-0.008563,52.967573],[0.02913,52.938686],[0.032774,52.938642],[0.044263,52.932961],[0.05556,52.930824],[0.0772,52.932173],[0.077253,52.937019],[0.081367,52.944912],[0.079885,52.947519],[0.081755,52.952979],[0.086471,52.958174],[0.095812,52.959835],[0.103471,52.970687],[0.108491,52.971029],[0.114448,52.97986],[0.125236,52.985377],[0.124973,52.987917],[0.131187,52.990054],[0.13415,52.995755],[0.141443,52.998591],[0.14417,53.002498],[0.147302,53.002531],[0.156475,53.013154],[0.164094,53.013465],[0.169433,53.015885],[0.170264,53.020545],[0.176407,53.021152],[0.18764,53.028606],[0.19488,53.030514],[0.19609,53.033189],[0.204365,53.034321],[0.247757,53.054728],[0.290074,53.08084],[0.298163,53.088326],[0.309561,53.090902],[0.326771,53.091538],[0.339945,53.096773],[0.342158,53.104803],[0.338957,53.113264],[0.341004,53.114626],[0.341752,53.123441],[0.347628,53.126229],[0.349345,53.154409],[0.355752,53.176338],[0.357062,53.192046],[0.343124,53.219204],[0.341529,53.233891],[0.318826,53.274074],[0.288886,53.308818],[0.275446,53.332721],[0.247981,53.364502],[0.246323,53.369559],[0.238505,53.378148],[0.233027,53.386953],[0.238325,53.385029],[0.235877,53.391683],[0.230287,53.391203],[0.226121,53.398401],[0.229506,53.401287],[0.228406,53.406153],[0.218963,53.413773],[0.215471,53.409694],[0.207222,53.411087],[0.212735,53.417],[0.204643,53.419703],[0.213036,53.421912],[0.209837,53.426116],[0.203951,53.430468],[0.194811,53.433055],[0.188325,53.436033],[0.18978,53.439719],[0.197351,53.436182],[0.200831,53.437089],[0.194088,53.443857],[0.186986,53.442198],[0.185879,53.44879],[0.192178,53.447119],[0.194199,53.449501],[0.182654,53.454333],[0.186697,53.455913],[0.172195,53.467488],[0.157198,53.47541],[0.156446,53.481969],[0.166414,53.479703],[0.148314,53.49374],[0.144941,53.491715],[0.149431,53.485422],[0.144956,53.480971],[0.128779,53.483876],[0.128455,53.49094],[0.13491,53.49371],[0.135646,53.496952],[0.113131,53.505344],[0.106866,53.503072],[0.114903,53.499128],[0.117051,53.495035],[0.113466,53.491754],[0.105651,53.489519],[0.100901,53.493135],[0.095598,53.495045],[0.085488,53.495176],[0.076709,53.50681],[0.082502,53.51115],[0.08836,53.510365],[0.089543,53.512933],[0.086284,53.516604],[0.077626,53.510129],[0.068124,53.51291],[0.069588,53.517263],[0.053683,53.519938],[0.045935,53.516295],[0.053258,53.514272],[0.042448,53.511859],[0.04148,53.514312],[0.027348,53.516216],[0.027134,53.518683],[0.021877,53.520435],[0.007833,53.537645],[-0.020319,53.555285],[-0.031271,53.566523],[-0.035602,53.567583],[-0.058089,53.581076],[-0.064955,53.582895],[-0.073099,53.576554],[-0.081186,53.579417],[-0.091344,53.580622],[-0.128698,53.60018],[-0.135675,53.606492],[-0.142679,53.608759],[-0.152924,53.616468],[-0.186187,53.630551],[-0.190203,53.625039],[-0.198509,53.62885],[-0.195085,53.631135],[-0.187524,53.631111],[-0.202817,53.637814],[-0.212959,53.644798],[-0.229926,53.66231],[-0.244667,53.671786],[-0.262193,53.691009],[-0.264146,53.695083],[-0.275218,53.70585],[-0.288085,53.713585],[-0.302897,53.714515],[-0.33209,53.712049],[-0.363105,53.705492],[-0.386552,53.702457],[-0.39223,53.700556],[-0.412321,53.698037],[-0.440952,53.697964],[-0.443997,53.697554],[-0.46911,53.698417],[-0.487108,53.690735],[-0.501966,53.681753],[-0.512355,53.679096],[-0.521912,53.678585],[-0.543096,53.678934],[-0.554802,53.681953],[-0.578619,53.694103],[-0.593389,53.700839],[-0.607371,53.713228],[-0.610965,53.714528],[-0.618562,53.713896],[-0.6307,53.711565],[-0.630345,53.710346],[-0.649647,53.703734],[-0.651982,53.701783],[-0.650309,53.697269],[-0.65556,53.694092],[-0.656043,53.688435],[-0.664979,53.683591],[-0.668291,53.679403],[-0.673782,53.678116],[-0.676611,53.674821],[-0.677419,53.668358],[-0.681459,53.664987],[-0.67742,53.65865],[-0.680107,53.654994],[-0.677953,53.651285],[-0.680575,53.635134],[-0.673342,53.629481],[-0.671693,53.619395],[-0.666054,53.616006],[-0.661943,53.616949],[-0.657531,53.613035],[-0.650617,53.616552],[-0.641456,53.614651],[-0.638233,53.616143],[-0.625658,53.616988],[-0.624897,53.612484],[-0.619551,53.609546],[-0.606421,53.60436],[-0.596041,53.602891],[-0.591755,53.599964],[-0.58606,53.598548],[-0.580135,53.594972],[-0.576233,53.585218],[-0.573288,53.582935],[-0.580006,53.571779],[-0.579064,53.568352],[-0.581838,53.566677],[-0.582592,53.562191],[-0.57935,53.559816],[-0.580249,53.555512],[-0.576401,53.553219],[-0.576081,53.549259],[-0.571778,53.547051],[-0.575541,53.538376],[-0.580594,53.536189],[-0.582071,53.532611],[-0.578792,53.526909],[-0.583439,53.523278],[-0.58902,53.509681],[-0.585772,53.507575],[-0.587668,53.495911],[-0.582178,53.488745],[-0.587107,53.476488],[-0.582139,53.471845],[-0.580249,53.460765],[-0.581745,53.456558],[-0.578396,53.453102],[-0.579614,53.443678],[-0.582362,53.442542],[-0.581302,53.438215],[-0.591392,53.428985],[-0.589101,53.425452],[-0.591828,53.420361],[-0.591251,53.41505],[-0.59433,53.412929],[-0.592806,53.408956],[-0.594573,53.405561],[-0.585343,53.393586],[-0.590832,53.391313],[-0.596957,53.392554],[-0.60691,53.387097],[-0.615822,53.385853],[-0.626589,53.387685],[-0.632503,53.386135],[-0.642317,53.389573],[-0.650998,53.400368],[-0.659693,53.401275],[-0.664561,53.399532],[-0.673906,53.398917],[-0.671713,53.406534],[-0.680569,53.407171],[-0.681224,53.410324],[-0.689741,53.412216],[-0.695191,53.411107],[-0.700786,53.415123],[-0.704907,53.413191],[-0.709851,53.413873],[-0.71434,53.409697],[-0.729312,53.40707],[-0.736113,53.411098],[-0.7531,53.411546],[-0.764132,53.409863],[-0.763063,53.400054],[-0.765876,53.396397],[-0.762211,53.393123],[-0.76343,53.387383],[-0.75825,53.384542],[-0.759673,53.38213],[-0.749508,53.375012],[-0.749658,53.36989],[-0.744212,53.365968],[-0.74106,53.360721],[-0.746703,53.357903],[-0.749148,53.351367],[-0.740026,53.349923],[-0.732925,53.351286],[-0.724697,53.350119],[-0.712806,53.355835],[-0.708813,53.353724],[-0.705044,53.344244],[-0.704596,53.339206],[-0.701241,53.335933],[-0.702213,53.333606],[-0.705051,53.334087],[-0.706369,53.330236],[-0.703157,53.327234],[-0.703167,53.321931],[-0.69828,53.31972],[-0.689031,53.317821],[-0.679802,53.320146],[-0.675386,53.317311],[-0.677339,53.312388],[-0.670786,53.301078],[-0.673672,53.295088],[-0.670012,53.29217],[-0.673473,53.286995],[-0.669994,53.283091],[-0.670878,53.278786],[-0.666783,53.275414],[-0.674612,53.274422],[-0.684438,53.276779],[-0.687058,53.27447],[-0.695462,53.274293],[-0.691036,53.266963],[-0.692114,53.261132],[-0.692962,53.258131],[-0.697162,53.260247],[-0.721329,53.291119],[-0.731218,53.292961],[-0.740525,53.291668],[-0.731784,53.292634],[-0.721656,53.290813],[-0.697505,53.260036],[-0.695926,53.255893],[-0.69955,53.24624],[-0.708428,53.245064],[-0.710771,53.237014],[-0.706374,53.230723],[-0.714211,53.22919],[-0.720081,53.22323],[-0.721886,53.217946],[-0.715793,53.216352],[-0.725423,53.209803],[-0.725192,53.202429],[-0.727771,53.196254],[-0.72171,53.193672],[-0.718682,53.194808],[-0.718602,53.19247],[-0.709409,53.189584],[-0.699409,53.188666],[-0.691231,53.191813],[-0.689711,53.187661],[-0.683803,53.185079],[-0.685964,53.182945],[-0.683054,53.180216],[-0.684638,53.177357],[-0.678151,53.174229],[-0.669673,53.172606],[-0.6718,53.166697],[-0.661278,53.163523],[-0.660453,53.161176],[-0.671269,53.154825],[-0.673645,53.155391],[-0.704704,53.142068],[-0.706854,53.13517],[-0.720109,53.131807],[-0.719511,53.126766],[-0.716342,53.127811],[-0.706043,53.12734],[-0.708824,53.124314],[-0.707908,53.119989],[-0.71121,53.119485],[-0.712846,53.114738],[-0.717517,53.114069],[-0.722709,53.103555],[-0.733384,53.096022],[-0.73606,53.087607],[-0.73421,53.084686],[-0.738072,53.082979],[-0.742087,53.076718],[-0.748815,53.072841],[-0.757327,53.073477],[-0.758396,53.070646],[-0.763155,53.069335],[-0.761633,53.065183],[-0.765555,53.063696],[-0.768364,53.055634],[-0.765118,53.052904],[-0.771965,53.04821],[-0.772694,53.043543],[-0.776054,53.040791],[-0.770179,53.037584],[-0.774556,53.035741],[-0.780327,53.042633],[-0.791546,53.041489],[-0.793873,53.038276],[-0.799619,53.035457],[-0.799729,53.031503],[-0.804644,53.026339],[-0.802008,53.024604],[-0.801248,53.019742],[-0.809862,53.015513],[-0.801582,53.007699],[-0.776725,53.006547],[-0.763827,53.00938],[-0.762349,53.003701],[-0.75712,52.998972],[-0.762011,52.989494],[-0.771275,52.988511],[-0.776504,52.982722],[-0.774826,52.978839],[-0.79202,52.9658],[-0.792501,52.959242],[-0.798512,52.951842],[-0.791923,52.947909],[-0.787131,52.943635],[-0.773421,52.944304],[-0.76246,52.942482],[-0.7603,52.939943],[-0.745919,52.932959],[-0.74703,52.92542],[-0.751655,52.924929],[-0.750279,52.921049],[-0.751168,52.916024],[-0.750678,52.907209],[-0.74223,52.901096],[-0.745547,52.899513],[-0.746409,52.895387],[-0.75076,52.893994],[-0.756721,52.888303],[-0.761227,52.881428],[-0.758338,52.878521],[-0.752854,52.878014],[-0.750706,52.875205],[-0.745523,52.874611],[-0.738494,52.87103],[-0.739487,52.867535],[-0.736796,52.863011],[-0.738833,52.859347],[-0.749114,52.853073],[-0.749537,52.848672],[-0.746039,52.846388],[-0.73495,52.844742],[-0.738039,52.840639],[-0.729715,52.835876],[-0.730814,52.83382],[-0.721382,52.826437],[-0.721816,52.821767],[-0.714656,52.818003],[-0.717275,52.814705],[-0.722628,52.814314],[-0.72552,52.811827],[-0.720538,52.809706],[-0.717963,52.806442],[-0.718379,52.802401],[-0.725662,52.796816],[-0.723853,52.792751],[-0.698893,52.794278],[-0.696437,52.792093],[-0.689378,52.780238],[-0.699063,52.763713],[-0.700247,52.758781],[-0.696324,52.751187],[-0.69864,52.748065],[-0.69047,52.74384],[-0.68693,52.738407],[-0.677518,52.736145],[-0.676755,52.732001],[-0.680129,52.728172],[-0.678128,52.726237],[-0.65829,52.729136],[-0.653075,52.727737],[-0.635988,52.727835],[-0.617721,52.737765],[-0.617029,52.747014],[-0.605335,52.75074],[-0.608773,52.759795],[-0.612065,52.76088],[-0.615717,52.781254],[-0.608857,52.786357],[-0.602985,52.786771],[-0.596871,52.79068],[-0.593554,52.799399],[-0.609641,52.817307],[-0.602125,52.823301],[-0.594326,52.826424],[-0.594499,52.82932],[-0.598911,52.832427],[-0.597557,52.837396],[-0.600768,52.84073],[-0.601031,52.849096],[-0.595618,52.852246],[-0.601185,52.867033],[-0.595649,52.875159],[-0.588709,52.877736],[-0.582376,52.883192],[-0.584907,52.889517],[-0.590826,52.893599],[-0.601577,52.8935],[-0.604818,52.895131],[-0.604616,52.901404],[-0.593226,52.912326],[-0.594771,52.920612],[-0.59028,52.921853],[-0.589024,52.925026],[-0.580925,52.925726],[-0.579621,52.930293],[-0.581673,52.933106],[-0.575652,52.941367],[-0.575133,52.945635],[-0.559462,52.941704],[-0.552465,52.94879],[-0.543507,52.951135],[-0.537676,52.959582],[-0.531618,52.96375],[-0.524835,52.964336],[-0.519227,52.961459],[-0.514366,52.951094],[-0.510263,52.948597],[-0.509111,52.941498],[-0.50414,52.939918],[-0.500383,52.936532],[-0.503567,52.932237],[-0.500868,52.929589],[-0.49654,52.913512],[-0.489739,52.908534],[-0.48285,52.906085],[-0.473739,52.883536],[-0.463021,52.875219],[-0.455187,52.872081],[-0.445092,52.859183],[-0.448699,52.854708],[-0.442988,52.842997],[-0.435139,52.836652],[-0.431313,52.819145],[-0.426305,52.8152],[-0.428257,52.811263],[-0.421042,52.806781],[-0.420137,52.79336],[-0.416166,52.791621],[-0.41512,52.785957],[-0.411486,52.782364],[-0.411259,52.774668],[-0.406589,52.772861],[-0.395463,52.771839],[-0.379607,52.772957],[-0.366653,52.771899],[-0.367795,52.767306],[-0.360408,52.765814],[-0.345155,52.767429],[-0.289908,52.754922],[-0.262876,52.770233],[-0.264114,52.786555],[-0.260958,52.789017],[-0.248326,52.792265],[-0.210015,52.811019],[-0.195286,52.815383],[-0.179449,52.815956],[-0.165514,52.81874],[-0.162393,52.822077],[-0.15819,52.833096],[-0.167146,52.835779],[-0.185268,52.8335],[-0.192461,52.833922],[-0.195045,52.836207],[-0.204789,52.837228],[-0.201824,52.846725],[-0.203191,52.857927],[-0.20635,52.863956],[-0.205186,52.876673],[-0.201623,52.884968],[-0.192945,52.886491],[-0.188094,52.889424],[-0.189791,52.892902],[-0.184118,52.894363],[-0.178625,52.89259],[-0.171322,52.892701],[-0.166678,52.895117],[-0.15812,52.89396],[-0.156848,52.897346],[-0.150781,52.896639],[-0.153081,52.892997],[-0.146759,52.890379],[-0.146287,52.885535],[-0.140706,52.884086],[-0.13163,52.886393],[-0.137358,52.900955],[-0.145487,52.906648],[-0.150533,52.922416],[-0.139885,52.922256],[-0.134226,52.925925],[-0.125886,52.92371],[-0.126607,52.922172],[-0.117097,52.91329],[-0.112137,52.913903],[-0.104991,52.907792],[-0.097713,52.904709],[-0.090617,52.904958],[-0.087439,52.909611],[-0.082817,52.911708],[-0.078392,52.917895],[-0.066834,52.91413],[-0.055721,52.915684],[-0.053177,52.91434],[-0.051728,52.908621],[-0.044298,52.906166],[-0.038222,52.90753],[-0.038539,52.902491],[-0.035379,52.900515],[-0.029204,52.901462],[-0.018674,52.893669],[-0.00375,52.894463],[-0.00157,52.893418]]]]},"properties":{"OBJECTID_1":23,"OBJECTID":23,"NAME":"Lincolnshire","REGION":"Peterborough","SHORT_NAME":"LINCS","Shape_Leng":638417.267062,"DisplayOrd":21,"Shape_Le_1":0,"Shape_Area":0}},{"type":"Feature","geometry":{"type":"Polygon","coordinates":[[[-3.654351,51.871427],[-3.662074,51.883907],[-3.665211,51.890157],[-3.67264,51.894547],[-3.68264,51.889909],[-3.691321,51.888885],[-3.70277,51.884224],[-3.709997,51.88322],[-3.717292,51.884013],[-3.723032,51.88213],[-3.727423,51.882965],[-3.731676,51.880205],[-3.76642,51.876991],[-3.776654,51.878635],[-3.777574,51.865133],[-3.783025,51.856059],[-3.788687,51.852376],[-3.797394,51.852243],[-3.805993,51.849414],[-3.82482,51.848224],[-3.830551,51.846337],[-3.849707,51.853231],[-3.865632,51.85208],[-3.868348,51.847541],[-3.885684,51.845465],[-3.897101,51.840786],[-3.904506,51.844263],[-3.90756,51.84781],[-3.925047,51.849324],[-3.940814,51.844568],[-3.952147,51.838086],[-3.958105,51.841584],[-3.98994,51.839251],[-4.011898,51.843373],[-4.026808,51.85211],[-4.048531,51.850834],[-4.054375,51.851631],[-4.077465,51.848528],[-4.080284,51.84668],[-4.079062,51.843568],[-4.097252,51.841807],[-4.117416,51.835426],[-4.131531,51.833249],[-4.142225,51.833511],[-4.152066,51.835586],[-4.161382,51.84331],[-4.180121,51.838173],[-4.193085,51.832412],[-4.223419,51.832015],[-4.23446,51.825059],[-4.270483,51.815839],[-4.302113,51.7974],[-4.323388,51.789749],[-4.326263,51.786646],[-4.325852,51.77953],[-4.329034,51.776626],[-4.33872,51.774928],[-4.353842,51.778036],[-4.361028,51.778072],[-4.362427,51.773336],[-4.366909,51.772284],[-4.371932,51.765797],[-4.374926,51.748291],[-4.371544,51.741794],[-4.362897,51.737112],[-4.34433,51.736585],[-4.338865,51.734536],[-4.333455,51.736352],[-4.323478,51.733852],[-4.325117,51.731931],[-4.323697,51.726833],[-4.312535,51.726604],[-4.321026,51.72275],[-4.331412,51.724792],[-4.337174,51.727016],[-4.344113,51.724],[-4.34527,51.729552],[-4.358635,51.727576],[-4.365611,51.728065],[-4.378497,51.730772],[-4.381628,51.72972],[-4.382395,51.725028],[-4.37563,51.717521],[-4.344773,51.691972],[-4.32195,51.675789],[-4.316279,51.673796],[-4.2981,51.670412],[-4.280414,51.669588],[-4.268332,51.670902],[-4.265752,51.674279],[-4.285535,51.676503],[-4.270587,51.678412],[-4.263828,51.676294],[-4.260894,51.677502],[-4.248459,51.678478],[-4.244212,51.678011],[-4.230154,51.679816],[-4.225841,51.683316],[-4.205887,51.683512],[-4.182974,51.679354],[-4.173239,51.667287],[-4.171055,51.672111],[-4.163681,51.664577],[-4.163283,51.661086],[-4.153492,51.654953],[-4.147224,51.655383],[-4.139119,51.660737],[-4.131172,51.65992],[-4.129946,51.657208],[-4.122809,51.659801],[-4.11133,51.658911],[-4.087989,51.662881],[-4.084465,51.660462],[-4.080408,51.663429],[-4.078296,51.671947],[-4.08178,51.687037],[-4.068979,51.688702],[-4.064226,51.69553],[-4.05795,51.697529],[-4.067634,51.684886],[-4.07606,51.682193],[-4.070775,51.676054],[-4.067827,51.669128],[-4.079068,51.661322],[-4.073866,51.65698],[-4.080138,51.65597],[-4.081757,51.657857],[-4.090499,51.65647],[-4.100049,51.653835],[-4.10292,51.654332],[-4.110257,51.651053],[-4.114476,51.647281],[-4.112415,51.645547],[-4.1256,51.640651],[-4.141552,51.638724],[-4.139629,51.635333],[-4.152396,51.635792],[-4.157812,51.634182],[-4.168783,51.624546],[-4.173605,51.624178],[-4.177473,51.627119],[-4.184847,51.624221],[-4.193862,51.629583],[-4.209897,51.636935],[-4.220577,51.636635],[-4.208924,51.627628],[-4.213726,51.627124],[-4.218905,51.629625],[-4.225475,51.629231],[-4.231377,51.631142],[-4.234934,51.633835],[-4.236375,51.640786],[-4.232282,51.64251],[-4.245736,51.647721],[-4.254303,51.633042],[-4.261376,51.626215],[-4.271872,51.625185],[-4.285688,51.61346],[-4.29643,51.614509],[-4.307192,51.610251],[-4.296349,51.598593],[-4.287322,51.577007],[-4.288321,51.571052],[-4.297966,51.567716],[-4.306222,51.562608],[-4.294671,51.559597],[-4.28919,51.562492],[-4.277893,51.561632],[-4.278321,51.558656],[-4.258281,51.553109],[-4.255955,51.549826],[-4.243957,51.546369],[-4.239339,51.5434],[-4.232322,51.541465],[-4.218573,51.540467],[-4.214582,51.541442],[-4.212548,51.538153],[-4.206982,51.538159],[-4.206648,51.544379],[-4.194696,51.547751],[-4.181162,51.548273],[-4.161935,51.544313],[-4.153696,51.540867],[-4.146296,51.542981],[-4.145304,51.546417],[-4.156834,51.555378],[-4.157318,51.559506],[-4.139284,51.568739],[-4.12639,51.570115],[-4.122676,51.568132],[-4.111455,51.572301],[-4.101743,51.565119],[-4.094187,51.565533],[-4.083618,51.560964],[-4.0726,51.562328],[-4.062158,51.557315],[-4.057847,51.558955],[-4.057208,51.564308],[-4.046632,51.56559],[-4.043406,51.564756],[-4.03495,51.569273],[-4.030455,51.569423],[-4.023091,51.563157],[-4.012043,51.563895],[-4.010014,51.567617],[-3.992716,51.563398],[-3.983057,51.565891],[-3.980042,51.564575],[-3.976177,51.568947],[-3.995689,51.574948],[-3.998913,51.580981],[-3.993121,51.596403],[-3.983201,51.603],[-3.965274,51.610208],[-3.941742,51.612821],[-3.927289,51.61261],[-3.927692,51.615301],[-3.922868,51.617358],[-3.916745,51.61602],[-3.903293,51.619026],[-3.892991,51.617934],[-3.875916,51.617219],[-3.864178,51.619834],[-3.851534,51.617966],[-3.8444,51.620147],[-3.833194,51.625268],[-3.831153,51.629113],[-3.830968,51.636714],[-3.829098,51.636914],[-3.82931,51.625688],[-3.842044,51.619743],[-3.850508,51.612632],[-3.835432,51.60554],[-3.80208,51.583846],[-3.787183,51.586771],[-3.787891,51.589359],[-3.780357,51.589393],[-3.77648,51.586214],[-3.783098,51.585664],[-3.812301,51.581341],[-3.802215,51.581047],[-3.796158,51.574234],[-3.797364,51.568586],[-3.791053,51.571021],[-3.782525,51.567329],[-3.770136,51.549262],[-3.757954,51.536316],[-3.759681,51.532514],[-3.752526,51.515895],[-3.7453,51.507451],[-3.746258,51.503885],[-3.742357,51.499428],[-3.733305,51.49744],[-3.735093,51.495571],[-3.725287,51.488458],[-3.720935,51.48381],[-3.719497,51.480055],[-3.714915,51.479205],[-3.709646,51.475792],[-3.703818,51.475131],[-3.699095,51.472816],[-3.69767,51.477477],[-3.682576,51.476634],[-3.678205,51.473684],[-3.675549,51.478991],[-3.666509,51.48028],[-3.656397,51.479434],[-3.648966,51.477021],[-3.639957,51.470763],[-3.627734,51.47525],[-3.626122,51.474463],[-3.642712,51.467281],[-3.641434,51.462155],[-3.637903,51.461251],[-3.631007,51.455187],[-3.606414,51.446706],[-3.604201,51.443112],[-3.597825,51.441832],[-3.591257,51.435834],[-3.58753,51.429176],[-3.582443,51.427671],[-3.576776,51.417254],[-3.568269,51.41449],[-3.562668,51.40417],[-3.557416,51.401093],[-3.543985,51.397988],[-3.523281,51.40004],[-3.484463,51.395502],[-3.476189,51.392999],[-3.470485,51.39442],[-3.446013,51.388699],[-3.433387,51.389394],[-3.410262,51.387934],[-3.407159,51.392959],[-3.410302,51.395527],[-3.433141,51.392336],[-3.443885,51.395256],[-3.446703,51.400871],[-3.440468,51.414593],[-3.440623,51.419651],[-3.459395,51.42683],[-3.48927,51.428178],[-3.494224,51.435446],[-3.488695,51.452254],[-3.480629,51.454796],[-3.476192,51.459272],[-3.487959,51.492489],[-3.486175,51.503132],[-3.481038,51.509557],[-3.473569,51.513717],[-3.436906,51.51994],[-3.437106,51.526299],[-3.432896,51.529947],[-3.437333,51.53349],[-3.437531,51.539782],[-3.436175,51.542496],[-3.429108,51.547079],[-3.423369,51.548048],[-3.432302,51.556931],[-3.449691,51.559415],[-3.45119,51.561195],[-3.461256,51.560171],[-3.464227,51.562831],[-3.471495,51.564539],[-3.467342,51.569986],[-3.46893,51.574462],[-3.466363,51.584385],[-3.460736,51.588951],[-3.463766,51.59341],[-3.462699,51.605113],[-3.465673,51.607773],[-3.477338,51.611224],[-3.48043,51.617479],[-3.509366,51.618909],[-3.519834,51.629564],[-3.521428,51.634039],[-3.525852,51.63668],[-3.544874,51.643624],[-3.560888,51.647009],[-3.561073,51.652402],[-3.564087,51.655959],[-3.571343,51.656761],[-3.575928,51.663893],[-3.584662,51.665574],[-3.580514,51.671025],[-3.590884,51.678079],[-3.589627,51.683491],[-3.586798,51.685328],[-3.58139,51.696191],[-3.590226,51.700568],[-3.584628,51.706038],[-3.583559,51.716843],[-3.564686,51.715298],[-3.551695,51.716369],[-3.544644,51.721857],[-3.538916,51.723731],[-3.544858,51.728149],[-3.544981,51.731744],[-3.5407,51.733599],[-3.529696,51.750827],[-3.54174,51.764157],[-3.53465,51.768746],[-3.534742,51.771442],[-3.524722,51.775169],[-3.523455,51.780581],[-3.517809,51.78515],[-3.512043,51.786123],[-3.502018,51.789848],[-3.499208,51.792582],[-3.489151,51.795407],[-3.47924,51.802726],[-3.479505,51.810815],[-3.482523,51.814374],[-3.478261,51.817125],[-3.474233,51.827066],[-3.476154,51.841429],[-3.497094,51.860046],[-3.500236,51.8672],[-3.507766,51.875196],[-3.509489,51.883266],[-3.515329,51.88409],[-3.519655,51.883135],[-3.526795,51.879446],[-3.538321,51.876599],[-3.536531,51.866731],[-3.539251,51.861301],[-3.548115,51.86568],[-3.553953,51.866502],[-3.571248,51.862676],[-3.579706,51.855369],[-3.598893,51.864102],[-3.616119,51.858471],[-3.621925,51.858391],[-3.630731,51.860967],[-3.636504,51.859988],[-3.64386,51.862582],[-3.645541,51.868853],[-3.654351,51.871427]]]},"properties":{"OBJECTID_1":24,"OBJECTID":24,"NAME":"Southwest Area - East","REGION":"Wales","SHORT_NAME":"SAE","Shape_Leng":454784.703354,"DisplayOrd":35,"Shape_Le_1":0,"Shape_Area":0}},{"type":"Feature","geometry":{"type":"MultiPolygon","coordinates":[[[[-4.703732,51.642856],[-4.709513,51.642111],[-4.705473,51.63885],[-4.701494,51.638537],[-4.703543,51.632401],[-4.694341,51.634663],[-4.692959,51.631817],[-4.685672,51.629322],[-4.682256,51.63289],[-4.675472,51.637217],[-4.681683,51.641797],[-4.686543,51.642091],[-4.693666,51.640084],[-4.703732,51.642856]]],[[[-5.272078,51.701983],[-5.274027,51.702918],[-5.282237,51.700351],[-5.283316,51.697262],[-5.288005,51.696052],[-5.290094,51.692935],[-5.27852,51.692989],[-5.272157,51.695055],[-5.272078,51.701983]]],[[[-5.287375,51.741222],[-5.302358,51.74404],[-5.311343,51.740099],[-5.313137,51.7369],[-5.311994,51.733154],[-5.30723,51.7314],[-5.29604,51.730905],[-5.290358,51.728456],[-5.288772,51.732548],[-5.283034,51.735317],[-5.281591,51.7314],[-5.269643,51.734432],[-5.276993,51.737914],[-5.281548,51.736798],[-5.282413,51.740731],[-5.287375,51.741222]]],[[[-5.337729,51.877688],[-5.34975,51.875187],[-5.347966,51.870741],[-5.343008,51.868543],[-5.346364,51.865795],[-5.352625,51.865985],[-5.354537,51.863367],[-5.349828,51.857475],[-5.344481,51.857663],[-5.345094,51.853005],[-5.335936,51.853679],[-5.333364,51.86387],[-5.335896,51.866677],[-5.331598,51.877322],[-5.337729,51.877688]]],[[[-3.796103,52.509542],[-3.808106,52.514754],[-3.811015,52.513811],[-3.821473,52.517246],[-3.843679,52.5196],[-3.849986,52.529392],[-3.858712,52.526557],[-3.866903,52.511144],[-3.875625,52.508308],[-3.882603,52.499206],[-3.87052,52.492205],[-3.870444,52.490408],[-3.877612,52.485799],[-3.868629,52.482345],[-3.8684,52.476953],[-3.86391,52.475226],[-3.863454,52.464444],[-3.854325,52.457394],[-3.851157,52.452049],[-3.852515,52.449331],[-3.859754,52.44652],[-3.876197,52.452554],[-3.88208,52.45246],[-3.886415,52.450593],[-3.891951,52.442412],[-3.903714,52.442223],[-3.90383,52.444919],[-3.909829,52.44752],[-3.920122,52.447353],[-3.930573,52.450779],[-3.939436,52.451533],[-3.945477,52.455031],[-3.949889,52.454958],[-3.957561,52.462024],[-3.964956,52.462801],[-3.968179,52.469041],[-3.98154,52.471515],[-3.992985,52.46413],[-4.001934,52.466676],[-4.009289,52.466551],[-4.01828,52.469995],[-4.032867,52.467047],[-4.049048,52.466768],[-4.050854,52.47393],[-4.059025,52.478643],[-4.068558,52.468406],[-4.083491,52.438562],[-4.079528,52.432518],[-4.085564,52.426387],[-4.087172,52.416827],[-4.091456,52.414144],[-4.085435,52.411193],[-4.089172,52.406272],[-4.090406,52.398158],[-4.108695,52.377871],[-4.112251,52.369266],[-4.11767,52.362785],[-4.120127,52.35276],[-4.127118,52.339326],[-4.134507,52.334247],[-4.141654,52.32117],[-4.149651,52.316619],[-4.156183,52.309126],[-4.161932,52.306683],[-4.16919,52.296119],[-4.174173,52.29306],[-4.182165,52.291564],[-4.186845,52.28833],[-4.186428,52.28582],[-4.191626,52.278261],[-4.199725,52.273075],[-4.207892,52.263391],[-4.214414,52.26192],[-4.235988,52.250902],[-4.256791,52.247988],[-4.268132,52.240577],[-4.282246,52.233021],[-4.297476,52.227331],[-4.311519,52.218604],[-4.324419,52.213314],[-4.330509,52.212205],[-4.336604,52.213973],[-4.344887,52.210032],[-4.351726,52.209266],[-4.35743,52.21194],[-4.357318,52.215359],[-4.362872,52.217946],[-4.380187,52.213191],[-4.383676,52.207276],[-4.396214,52.200907],[-4.398666,52.19753],[-4.407096,52.193761],[-4.416597,52.188171],[-4.429625,52.177562],[-4.442119,52.173348],[-4.445575,52.169679],[-4.455082,52.167053],[-4.463146,52.167425],[-4.468836,52.169824],[-4.468448,52.162818],[-4.471683,52.160502],[-4.480704,52.157075],[-4.487322,52.152529],[-4.491763,52.150907],[-4.491432,52.147586],[-4.49847,52.142761],[-4.519056,52.134589],[-4.537749,52.134368],[-4.543966,52.135763],[-4.545692,52.13221],[-4.552132,52.138014],[-4.558944,52.139575],[-4.558812,52.142366],[-4.568258,52.143959],[-4.576632,52.142158],[-4.584531,52.137218],[-4.593142,52.137029],[-4.606327,52.140066],[-4.620927,52.137314],[-4.643008,52.13754],[-4.640962,52.135068],[-4.646558,52.133324],[-4.659594,52.13384],[-4.662103,52.131805],[-4.670984,52.131244],[-4.673319,52.128763],[-4.679383,52.127546],[-4.686636,52.129089],[-4.691963,52.118086],[-4.688662,52.116633],[-4.685632,52.109724],[-4.68828,52.104456],[-4.681072,52.104576],[-4.675218,52.101921],[-4.675458,52.093732],[-4.680638,52.085161],[-4.674057,52.082522],[-4.645898,52.080281],[-4.646245,52.078744],[-4.678662,52.081429],[-4.682068,52.084678],[-4.681165,52.093962],[-4.692077,52.101078],[-4.689029,52.103315],[-4.710761,52.107673],[-4.713533,52.110038],[-4.720016,52.110967],[-4.732069,52.116983],[-4.737538,52.108493],[-4.749637,52.103355],[-4.745151,52.101661],[-4.74243,52.097767],[-4.748575,52.093218],[-4.753034,52.092124],[-4.753137,52.089064],[-4.763523,52.07758],[-4.768771,52.075118],[-4.775314,52.06768],[-4.786047,52.064279],[-4.788092,52.059644],[-4.798368,52.055982],[-4.816728,52.055635],[-4.828536,52.053193],[-4.830859,52.050709],[-4.842214,52.045759],[-4.848684,52.037419],[-4.838459,52.03254],[-4.841295,52.024377],[-4.83769,52.025004],[-4.826669,52.021312],[-4.826998,52.019595],[-4.859829,52.022399],[-4.867964,52.019683],[-4.872999,52.02091],[-4.879282,52.018868],[-4.887373,52.020018],[-4.889602,52.022931],[-4.895587,52.023054],[-4.894421,52.029828],[-4.903271,52.033657],[-4.911907,52.034163],[-4.912838,52.030543],[-4.917974,52.028797],[-4.913768,52.022426],[-4.917742,52.014053],[-4.922189,52.012954],[-4.922065,52.00882],[-4.930051,52.0106],[-4.938051,52.005904],[-4.942201,52.006969],[-4.947488,52.003149],[-4.958467,52.001705],[-4.96458,51.999392],[-4.972111,52.000911],[-4.987672,51.998269],[-4.994147,52.00359],[-4.983009,52.013586],[-4.98807,52.015167],[-4.987761,52.02147],[-4.99049,52.024998],[-4.994679,52.022463],[-4.99902,52.024152],[-5.012277,52.021835],[-5.018322,52.022849],[-5.021754,52.019703],[-5.026241,52.023545],[-5.039583,52.026799],[-5.046641,52.025537],[-5.049808,52.027074],[-5.058971,52.026746],[-5.058985,52.029084],[-5.065827,52.031065],[-5.07269,52.029087],[-5.074572,52.024631],[-5.085645,52.020294],[-5.090258,52.015316],[-5.080774,52.008819],[-5.079945,52.005243],[-5.072907,52.004618],[-5.086365,51.996891],[-5.091916,51.992878],[-5.089707,51.990418],[-5.09204,51.986219],[-5.081952,51.985674],[-5.087979,51.98012],[-5.082644,51.972435],[-5.088106,51.967165],[-5.105931,51.968045],[-5.104143,51.963236],[-5.10831,51.960338],[-5.123132,51.959945],[-5.128301,51.958908],[-5.139942,51.963005],[-5.144726,51.961663],[-5.142989,51.958697],[-5.150205,51.953647],[-5.156908,51.951668],[-5.154514,51.948675],[-5.160331,51.94654],[-5.181794,51.949559],[-5.186259,51.948898],[-5.195046,51.949649],[-5.195031,51.947401],[-5.200825,51.942926],[-5.200236,51.940784],[-5.213922,51.936813],[-5.209237,51.935789],[-5.210785,51.931592],[-5.223076,51.930536],[-5.224544,51.928697],[-5.231043,51.930048],[-5.23676,51.928631],[-5.244941,51.92103],[-5.255211,51.918228],[-5.254461,51.91591],[-5.25926,51.913889],[-5.273168,51.913143],[-5.286225,51.91071],[-5.291066,51.913273],[-5.316067,51.903216],[-5.307315,51.902833],[-5.305356,51.89992],[-5.300699,51.899871],[-5.297831,51.896443],[-5.297515,51.892135],[-5.305626,51.885791],[-5.312938,51.886395],[-5.317618,51.882845],[-5.308929,51.875354],[-5.311907,51.868435],[-5.315657,51.868059],[-5.32193,51.862485],[-5.317171,51.859022],[-5.310556,51.859532],[-5.306714,51.863004],[-5.30251,51.863123],[-5.297503,51.860817],[-5.291063,51.863534],[-5.275956,51.867553],[-5.266489,51.871235],[-5.261054,51.868418],[-5.254933,51.872185],[-5.249011,51.867636],[-5.24726,51.872577],[-5.240396,51.870068],[-5.222919,51.872132],[-5.21262,51.869113],[-5.194669,51.866553],[-5.185717,51.867336],[-5.17938,51.866068],[-5.176696,51.863236],[-5.166443,51.863899],[-5.154428,51.860355],[-5.152063,51.861857],[-5.143144,51.861017],[-5.137873,51.862507],[-5.128194,51.857009],[-5.117797,51.841096],[-5.114808,51.831461],[-5.117245,51.82681],[-5.105485,51.812011],[-5.106178,51.807316],[-5.103795,51.804321],[-5.107627,51.796754],[-5.104977,51.785222],[-5.10276,51.783976],[-5.107205,51.773965],[-5.110008,51.773828],[-5.11865,51.767321],[-5.131086,51.768969],[-5.137051,51.77283],[-5.141293,51.770657],[-5.160794,51.772562],[-5.16623,51.769241],[-5.166942,51.766577],[-5.174957,51.764904],[-5.179688,51.759208],[-5.184386,51.758002],[-5.186079,51.753225],[-5.194696,51.756229],[-5.205655,51.751766],[-5.203298,51.748763],[-5.205873,51.738079],[-5.211483,51.733429],[-5.219546,51.733352],[-5.225478,51.736499],[-5.255241,51.73762],[-5.254123,51.732947],[-5.246012,51.731553],[-5.245881,51.728714],[-5.232982,51.72433],[-5.228131,51.721099],[-5.221768,51.723253],[-5.214043,51.722565],[-5.20201,51.716238],[-5.203961,51.711058],[-5.187498,51.707549],[-5.185854,51.70414],[-5.19083,51.699364],[-5.186701,51.6921],[-5.188396,51.689446],[-5.182385,51.68835],[-5.183226,51.685899],[-5.178762,51.682692],[-5.177647,51.679169],[-5.171167,51.68064],[-5.170542,51.686602],[-5.158284,51.687202],[-5.161435,51.690895],[-5.153941,51.695504],[-5.159191,51.700219],[-5.153178,51.703259],[-5.166012,51.704623],[-5.169492,51.706777],[-5.16855,51.709861],[-5.173673,51.714175],[-5.169618,51.718916],[-5.15935,51.714966],[-5.156819,51.711886],[-5.148136,51.711939],[-5.144928,51.713914],[-5.134846,51.712385],[-5.13206,51.716057],[-5.122459,51.715413],[-5.11803,51.710602],[-5.111733,51.715248],[-5.10665,51.715023],[-5.107853,51.722007],[-5.105263,51.734496],[-5.102572,51.731591],[-5.104716,51.72272],[-5.096473,51.720779],[-5.094069,51.715266],[-5.087754,51.711834],[-5.087411,51.706807],[-5.079583,51.706652],[-5.082152,51.697591],[-5.080406,51.697457],[-5.078126,51.706511],[-5.064705,51.706925],[-5.057031,51.709257],[-5.054516,51.706318],[-5.041845,51.70689],[-5.035887,51.709581],[-5.025315,51.708235],[-5.01388,51.703681],[-4.994519,51.699194],[-4.98581,51.698372],[-4.978662,51.699723],[-4.973479,51.703677],[-4.956338,51.707186],[-4.949567,51.704145],[-4.943396,51.703401],[-4.943378,51.713816],[-4.954343,51.727652],[-4.946297,51.723978],[-4.947942,51.722543],[-4.943165,51.718346],[-4.941488,51.707235],[-4.931735,51.70819],[-4.919912,51.704437],[-4.907153,51.710654],[-4.896271,51.710509],[-4.892263,51.713486],[-4.894868,51.718008],[-4.889655,51.722544],[-4.888152,51.730765],[-4.901101,51.736202],[-4.905566,51.742567],[-4.901538,51.745275],[-4.90105,51.751223],[-4.906532,51.759406],[-4.901763,51.760757],[-4.901721,51.763492],[-4.912032,51.768759],[-4.919506,51.770012],[-4.93668,51.764368],[-4.942955,51.76502],[-4.94738,51.768417],[-4.947327,51.774264],[-4.945758,51.777109],[-4.936997,51.78241],[-4.954218,51.789425],[-4.952963,51.790419],[-4.943256,51.787902],[-4.934507,51.783588],[-4.933695,51.78091],[-4.942129,51.776822],[-4.943824,51.773902],[-4.94327,51.76762],[-4.940571,51.766249],[-4.923797,51.773593],[-4.910371,51.772217],[-4.906727,51.772811],[-4.894971,51.76695],[-4.88398,51.774397],[-4.874901,51.775249],[-4.861738,51.787173],[-4.860528,51.786393],[-4.846241,51.789798],[-4.831878,51.789695],[-4.857448,51.785838],[-4.859827,51.782183],[-4.864587,51.781797],[-4.871928,51.771815],[-4.887963,51.766385],[-4.888579,51.762413],[-4.894175,51.752472],[-4.892468,51.750715],[-4.895598,51.740745],[-4.894141,51.738352],[-4.883025,51.734399],[-4.879154,51.735033],[-4.87229,51.731874],[-4.883669,51.730875],[-4.883967,51.719626],[-4.881083,51.717538],[-4.8732,51.718811],[-4.86987,51.723389],[-4.856026,51.722018],[-4.848632,51.724176],[-4.835834,51.723316],[-4.833825,51.721296],[-4.847722,51.72123],[-4.848098,51.717983],[-4.854847,51.7171],[-4.860854,51.718213],[-4.847888,51.707735],[-4.845912,51.699329],[-4.858156,51.707576],[-4.863133,51.713031],[-4.867045,51.715363],[-4.875787,51.716229],[-4.885878,51.715532],[-4.891035,51.705601],[-4.905558,51.707464],[-4.917564,51.698766],[-4.913877,51.696583],[-4.896999,51.69405],[-4.904101,51.691959],[-4.908649,51.6945],[-4.915125,51.692127],[-4.922396,51.698286],[-4.920543,51.700761],[-4.933464,51.704486],[-4.939436,51.699696],[-4.943419,51.699083],[-4.941665,51.694801],[-4.956295,51.696547],[-4.959904,51.691968],[-4.966116,51.69093],[-4.975987,51.685886],[-4.948298,51.680181],[-4.940467,51.677212],[-4.96086,51.675593],[-4.964379,51.676979],[-4.973117,51.674771],[-4.979145,51.677343],[-4.986422,51.685253],[-4.981892,51.688318],[-5.004322,51.688996],[-5.028766,51.693584],[-5.050304,51.693206],[-5.051838,51.690198],[-5.056165,51.687837],[-5.04447,51.683914],[-5.043272,51.678998],[-5.046684,51.675942],[-5.073257,51.677407],[-5.079745,51.679216],[-5.080545,51.684591],[-5.076876,51.688105],[-5.107053,51.691358],[-5.113305,51.689663],[-5.107219,51.685327],[-5.124519,51.682098],[-5.118565,51.674836],[-5.113928,51.673457],[-5.107663,51.668586],[-5.099449,51.666915],[-5.095179,51.667927],[-5.088932,51.665393],[-5.076676,51.663826],[-5.067556,51.663705],[-5.06409,51.661637],[-5.058707,51.654933],[-5.059422,51.652459],[-5.053021,51.645647],[-5.050033,51.637099],[-5.061768,51.628716],[-5.06363,51.623748],[-5.061392,51.619696],[-5.053991,51.620716],[-5.039082,51.617956],[-5.034147,51.618254],[-5.029051,51.615508],[-5.017785,51.61337],[-5.009123,51.609095],[-5.0052,51.608746],[-4.988552,51.612589],[-4.982571,51.609504],[-4.974236,51.610165],[-4.973706,51.606491],[-4.954738,51.603553],[-4.94768,51.597165],[-4.941135,51.598678],[-4.928574,51.598722],[-4.920516,51.605939],[-4.915307,51.607597],[-4.914496,51.610495],[-4.909656,51.610481],[-4.90217,51.61269],[-4.895231,51.610343],[-4.902421,51.618889],[-4.897302,51.622434],[-4.897466,51.627286],[-4.889609,51.630988],[-4.879543,51.631775],[-4.876826,51.636788],[-4.860648,51.639252],[-4.865643,51.642818],[-4.860119,51.64691],[-4.848017,51.647582],[-4.847038,51.646032],[-4.838654,51.645354],[-4.832245,51.648512],[-4.824581,51.647321],[-4.82449,51.643546],[-4.817406,51.643536],[-4.8116,51.645474],[-4.804763,51.643156],[-4.806296,51.639423],[-4.792304,51.638938],[-4.783991,51.635133],[-4.775147,51.639651],[-4.774454,51.642743],[-4.765533,51.642477],[-4.756471,51.643446],[-4.761036,51.647916],[-4.757194,51.653691],[-4.710788,51.652343],[-4.714588,51.654954],[-4.712675,51.659962],[-4.705275,51.66633],[-4.693428,51.67118],[-4.699971,51.671749],[-4.702036,51.674849],[-4.697155,51.685214],[-4.690995,51.688683],[-4.684335,51.69594],[-4.693957,51.704444],[-4.695482,51.713042],[-4.689725,51.716052],[-4.684501,51.723187],[-4.67774,51.726399],[-4.654777,51.732406],[-4.628333,51.733451],[-4.618229,51.736554],[-4.595594,51.735887],[-4.578805,51.733559],[-4.574096,51.73735],[-4.568232,51.736129],[-4.562928,51.739663],[-4.557337,51.740684],[-4.492874,51.735415],[-4.464548,51.731246],[-4.449518,51.731831],[-4.436909,51.737039],[-4.423728,51.73974],[-4.418884,51.743977],[-4.425347,51.745642],[-4.443811,51.75758],[-4.455336,51.761656],[-4.461112,51.769269],[-4.453329,51.772759],[-4.447791,51.780249],[-4.459073,51.787747],[-4.456669,51.788877],[-4.437335,51.779927],[-4.436683,51.775893],[-4.438724,51.773423],[-4.449032,51.769162],[-4.443138,51.766586],[-4.437313,51.766078],[-4.434944,51.76244],[-4.426832,51.762518],[-4.418479,51.760802],[-4.41353,51.757666],[-4.404609,51.75614],[-4.401313,51.756837],[-4.396803,51.761965],[-4.387348,51.764046],[-4.38363,51.770507],[-4.375981,51.773899],[-4.373806,51.776641],[-4.373091,51.785109],[-4.361384,51.794158],[-4.355869,51.794088],[-4.342895,51.798394],[-4.330294,51.798735],[-4.326465,51.80043],[-4.319124,51.81847],[-4.31786,51.813639],[-4.322005,51.8096],[-4.323114,51.800136],[-4.332071,51.796074],[-4.344055,51.795584],[-4.363499,51.78746],[-4.365951,51.784443],[-4.361028,51.778072],[-4.353842,51.778036],[-4.33872,51.774928],[-4.329034,51.776626],[-4.325852,51.77953],[-4.326263,51.786646],[-4.323388,51.789749],[-4.302113,51.7974],[-4.270483,51.815839],[-4.23446,51.825059],[-4.223419,51.832015],[-4.193085,51.832412],[-4.180121,51.838173],[-4.161382,51.84331],[-4.153251,51.836012],[-4.134914,51.833116],[-4.118199,51.835239],[-4.096985,51.841858],[-4.079062,51.843568],[-4.080284,51.84668],[-4.077465,51.848528],[-4.054375,51.851631],[-4.04708,51.850859],[-4.026808,51.85211],[-4.011898,51.843373],[-3.98994,51.839251],[-3.958105,51.841584],[-3.952147,51.838086],[-3.940814,51.844568],[-3.925047,51.849324],[-3.90756,51.84781],[-3.898552,51.840762],[-3.885684,51.845465],[-3.868348,51.847541],[-3.865632,51.85208],[-3.849707,51.853231],[-3.830551,51.846337],[-3.82482,51.848224],[-3.805993,51.849414],[-3.797394,51.852243],[-3.785821,51.853319],[-3.777574,51.865133],[-3.776654,51.878635],[-3.76642,51.876991],[-3.731676,51.880205],[-3.727423,51.882965],[-3.723032,51.88213],[-3.717292,51.884013],[-3.713004,51.885874],[-3.713243,51.892164],[-3.720815,51.900147],[-3.726764,51.903656],[-3.738456,51.905282],[-3.738594,51.908877],[-3.731364,51.909883],[-3.730015,51.9126],[-3.730118,51.915296],[-3.737627,51.92148],[-3.730602,51.927878],[-3.739498,51.932242],[-3.745661,51.941143],[-3.753107,51.945528],[-3.728801,51.956678],[-3.724609,51.961235],[-3.707426,51.968679],[-3.699981,51.964291],[-3.694128,51.963476],[-3.673393,51.953882],[-3.654286,51.948757],[-3.645593,51.949778],[-3.642782,51.952515],[-3.643012,51.958806],[-3.634448,51.963421],[-3.633091,51.966137],[-3.633778,51.98501],[-3.629803,51.995855],[-3.637246,52.000247],[-3.641581,51.999288],[-3.653328,52.001821],[-3.650615,52.007254],[-3.640717,52.015485],[-3.639392,52.0191],[-3.645251,52.019917],[-3.651277,52.025228],[-3.658594,52.026024],[-3.650217,52.036033],[-3.661941,52.037666],[-3.669093,52.033968],[-3.667937,52.042077],[-3.660917,52.04937],[-3.666781,52.050186],[-3.675426,52.047366],[-3.675661,52.053656],[-3.672779,52.054597],[-3.671489,52.059111],[-3.677489,52.063521],[-3.667417,52.067261],[-3.6646,52.069998],[-3.666226,52.074471],[-3.679284,52.072487],[-3.686678,52.075079],[-3.691019,52.074118],[-3.710321,52.08283],[-3.706048,52.08559],[-3.699164,52.096479],[-3.706597,52.099968],[-3.703884,52.105403],[-3.709825,52.108014],[-3.709928,52.11071],[-3.719135,52.122265],[-3.707661,52.127827],[-3.706373,52.132341],[-3.716906,52.14028],[-3.720069,52.146528],[-3.720347,52.153717],[-3.717598,52.158253],[-3.723616,52.162661],[-3.718117,52.171733],[-3.73176,52.184121],[-3.727548,52.188679],[-3.729219,52.194049],[-3.733711,52.196681],[-3.735348,52.201152],[-3.731101,52.204811],[-3.725285,52.205796],[-3.726852,52.20847],[-3.725598,52.213883],[-3.730197,52.219211],[-3.723055,52.223811],[-3.727724,52.230936],[-3.724971,52.235472],[-3.72654,52.238146],[-3.713332,52.23744],[-3.711937,52.239258],[-3.71943,52.243645],[-3.72532,52.244458],[-3.729817,52.247089],[-3.725739,52.255241],[-3.74181,52.254106],[-3.753737,52.259324],[-3.763917,52.257374],[-3.768381,52.259106],[-3.771489,52.263555],[-3.773348,52.273417],[-3.764666,52.276245],[-3.767882,52.28339],[-3.763879,52.29334],[-3.775819,52.298556],[-3.775963,52.30215],[-3.784938,52.306511],[-3.785047,52.309207],[-3.780793,52.312867],[-3.780937,52.316462],[-3.773714,52.319268],[-3.768242,52.32924],[-3.760802,52.326654],[-3.752073,52.328582],[-3.749211,52.330423],[-3.749423,52.335814],[-3.740657,52.336843],[-3.739296,52.33956],[-3.733498,52.341444],[-3.736749,52.349488],[-3.73392,52.352227],[-3.701911,52.359886],[-3.693242,52.363607],[-3.675695,52.365655],[-3.669993,52.370231],[-3.671698,52.376501],[-3.670366,52.380116],[-3.663159,52.383814],[-3.660356,52.38745],[-3.681055,52.390754],[-3.687033,52.393366],[-3.687375,52.402352],[-3.705248,52.408389],[-3.705491,52.41468],[-3.708569,52.418232],[-3.715918,52.418125],[-3.72449,52.411707],[-3.730403,52.412519],[-3.736246,52.411535],[-3.745169,52.414101],[-3.761334,52.413861],[-3.75886,52.425586],[-3.767967,52.432643],[-3.768111,52.436237],[-3.772666,52.439766],[-3.78432,52.436893],[-3.787369,52.439544],[-3.78766,52.446733],[-3.792182,52.449362],[-3.785155,52.45756],[-3.784048,52.466568],[-3.770842,52.467665],[-3.765101,52.471348],[-3.756237,52.47058],[-3.746079,52.474327],[-3.739076,52.483422],[-3.741045,52.49598],[-3.736663,52.496943],[-3.735368,52.501458],[-3.729655,52.506037],[-3.732812,52.511386],[-3.738632,52.509502],[-3.749191,52.51564],[-3.756448,52.512835],[-3.757813,52.510118],[-3.762339,52.512748],[-3.76823,52.51266],[-3.766938,52.517174],[-3.771574,52.5225],[-3.777212,52.516121],[-3.787486,52.515068],[-3.788776,52.510553],[-3.796103,52.509542]]]]},"properties":{"OBJECTID_1":25,"OBJECTID":25,"NAME":"Southwest Area - West","REGION":"Wales","SHORT_NAME":"SAW","Shape_Leng":841633.954053,"DisplayOrd":34,"Shape_Le_1":0,"Shape_Area":0}},{"type":"Feature","geometry":{"type":"Polygon","coordinates":[[[-3.097966,52.021475],[-3.110512,52.018584],[-3.112967,52.007118],[-3.116666,52.003336],[-3.120912,52.002889],[-3.130231,52.005327],[-3.135475,52.003932],[-3.138468,51.994354],[-3.143579,51.987629],[-3.150177,51.993346],[-3.157342,51.98878],[-3.156994,51.975297],[-3.183075,51.970542],[-3.196005,51.964117],[-3.203281,51.964043],[-3.213345,51.959444],[-3.214703,51.955834],[-3.223236,51.948552],[-3.221391,51.934185],[-3.228416,51.925121],[-3.22243,51.918889],[-3.22083,51.913511],[-3.227852,51.904447],[-3.229158,51.899038],[-3.240584,51.891725],[-3.245016,51.894376],[-3.253759,51.895182],[-3.267037,51.902233],[-3.268667,51.90851],[-3.276163,51.916521],[-3.276239,51.919217],[-3.283559,51.920936],[-3.290956,51.925351],[-3.298225,51.925271],[-3.302665,51.927919],[-3.307209,51.934163],[-3.304588,51.944082],[-3.311886,51.9449],[-3.317862,51.950228],[-3.322226,51.950179],[-3.329579,51.952794],[-3.332595,51.956356],[-3.332728,51.960851],[-3.329978,51.966276],[-3.334477,51.970721],[-3.341861,51.974234],[-3.357815,51.972253],[-3.365584,51.988347],[-3.364374,51.996453],[-3.361543,51.999183],[-3.366076,52.004526],[-3.376326,52.006205],[-3.38229,52.01063],[-3.382511,52.017821],[-3.385564,52.022281],[-3.378307,52.023265],[-3.375448,52.025097],[-3.375531,52.027793],[-3.380013,52.031337],[-3.393212,52.033879],[-3.406525,52.040015],[-3.415525,52.047999],[-3.415667,52.052493],[-3.411407,52.056141],[-3.420269,52.059631],[-3.420354,52.062327],[-3.426359,52.067649],[-3.425158,52.075756],[-3.46364,52.092368],[-3.465188,52.095046],[-3.481269,52.095744],[-3.492823,52.092002],[-3.520974,52.10423],[-3.53377,52.094173],[-3.548206,52.089489],[-3.559595,52.081246],[-3.573929,52.073863],[-3.593804,52.05831],[-3.592218,52.054735],[-3.596559,52.053777],[-3.610652,52.040098],[-3.632217,52.031709],[-3.634935,52.026276],[-3.631857,52.021823],[-3.639389,52.019021],[-3.640717,52.015485],[-3.650615,52.007254],[-3.653362,52.00272],[-3.651839,52.000943],[-3.641581,51.999288],[-3.637246,52.000247],[-3.629803,51.995855],[-3.633778,51.98501],[-3.633091,51.966137],[-3.634448,51.963421],[-3.643012,51.958806],[-3.642782,51.952515],[-3.645593,51.949778],[-3.654286,51.948757],[-3.673393,51.953882],[-3.694128,51.963476],[-3.699981,51.964291],[-3.707426,51.968679],[-3.724609,51.961235],[-3.728801,51.956678],[-3.753107,51.945528],[-3.745661,51.941143],[-3.739498,51.932242],[-3.730602,51.927878],[-3.737593,51.920581],[-3.731641,51.917072],[-3.730015,51.9126],[-3.731364,51.909883],[-3.738594,51.908877],[-3.738456,51.905282],[-3.726764,51.903656],[-3.720815,51.900147],[-3.713243,51.892164],[-3.713004,51.885874],[-3.709997,51.88322],[-3.70277,51.884224],[-3.691321,51.888885],[-3.68264,51.889909],[-3.67264,51.894547],[-3.663692,51.88838],[-3.660456,51.879434],[-3.655968,51.8759],[-3.654351,51.871427],[-3.645541,51.868853],[-3.64386,51.862582],[-3.636504,51.859988],[-3.630731,51.860967],[-3.621925,51.858391],[-3.616119,51.858471],[-3.598893,51.864102],[-3.579706,51.855369],[-3.571248,51.862676],[-3.553953,51.866502],[-3.548115,51.86568],[-3.539251,51.861301],[-3.536531,51.866731],[-3.538321,51.876599],[-3.515329,51.88409],[-3.508007,51.882386],[-3.507839,51.877362],[-3.498416,51.868787],[-3.490981,51.866661],[-3.473785,51.872021],[-3.456677,51.891872],[-3.447477,51.887777],[-3.432489,51.88574],[-3.42521,51.888517],[-3.412291,51.880139],[-3.40174,51.880967],[-3.398309,51.879956],[-3.391409,51.87057],[-3.384295,51.866445],[-3.37771,51.854834],[-3.357902,51.830167],[-3.335246,51.829608],[-3.328563,51.826878],[-3.31797,51.812971],[-3.304289,51.809383],[-3.275606,51.79532],[-3.269616,51.790125],[-3.27253,51.779807],[-3.26117,51.764383],[-3.242534,51.758036],[-3.229507,51.74999],[-3.209965,51.723425],[-3.2075,51.708606],[-3.197022,51.696556],[-3.195718,51.689907],[-3.198405,51.677723],[-3.193267,51.653929],[-3.197013,51.646293],[-3.192489,51.617116],[-3.179227,51.605327],[-3.167496,51.601704],[-3.145123,51.600288],[-3.121371,51.60379],[-3.09563,51.587201],[-3.079545,51.573556],[-3.071414,51.570826],[-3.065452,51.556502],[-3.089947,51.545757],[-3.09482,51.53788],[-3.08922,51.538867],[-3.07869,51.537445],[-3.068552,51.52877],[-3.066567,51.523996],[-3.056855,51.517304],[-3.062697,51.510705],[-3.073092,51.506636],[-3.072689,51.505468],[-3.045464,51.515176],[-3.040661,51.519436],[-3.029444,51.519895],[-2.999004,51.531757],[-2.993638,51.536928],[-2.987511,51.553605],[-2.991011,51.555374],[-2.982126,51.559405],[-2.991737,51.567507],[-2.989436,51.568551],[-2.982618,51.562791],[-2.974803,51.559646],[-2.986225,51.554156],[-2.985143,51.550838],[-2.968531,51.556371],[-2.970499,51.560761],[-2.98039,51.564545],[-2.985975,51.569264],[-2.982617,51.574148],[-2.97473,51.576461],[-2.972824,51.575038],[-2.981266,51.571731],[-2.981928,51.568938],[-2.964734,51.560988],[-2.964868,51.553704],[-2.977879,51.548381],[-2.979098,51.544684],[-2.95644,51.536959],[-2.931783,51.536887],[-2.921735,51.539125],[-2.904181,51.532976],[-2.897603,51.536434],[-2.839841,51.547203],[-2.811469,51.557473],[-2.793456,51.566768],[-2.780944,51.569099],[-2.752101,51.578639],[-2.723735,51.582684],[-2.711179,51.582671],[-2.689962,51.601679],[-2.677492,51.607776],[-2.666419,51.610987],[-2.656632,51.62327],[-2.66571,51.631581],[-2.665596,51.64354],[-2.66751,51.645957],[-2.674423,51.644299],[-2.679674,51.647506],[-2.666853,51.660257],[-2.67373,51.660383],[-2.679123,51.659137],[-2.686027,51.660974],[-2.687172,51.663369],[-2.684335,51.668902],[-2.678757,51.670235],[-2.669294,51.669622],[-2.659832,51.671723],[-2.659629,51.676085],[-2.667999,51.677914],[-2.673904,51.682974],[-2.669859,51.687998],[-2.670123,51.693858],[-2.673516,51.696985],[-2.681915,51.698629],[-2.684183,51.700531],[-2.68188,51.703573],[-2.675436,51.700532],[-2.671032,51.700984],[-2.668874,51.705797],[-2.67981,51.714068],[-2.681975,51.721341],[-2.680744,51.724428],[-2.687902,51.730605],[-2.673124,51.736178],[-2.662689,51.753891],[-2.673262,51.759872],[-2.680449,51.768925],[-2.675066,51.777042],[-2.676222,51.780108],[-2.673358,51.784729],[-2.672466,51.79336],[-2.669552,51.794361],[-2.676744,51.798598],[-2.67854,51.802701],[-2.672575,51.808875],[-2.659536,51.810677],[-2.661104,51.818111],[-2.660869,51.822748],[-2.649799,51.824955],[-2.650226,51.82614],[-2.656854,51.826875],[-2.658192,51.832705],[-2.666154,51.835644],[-2.676818,51.836345],[-2.682854,51.83845],[-2.686769,51.836373],[-2.686999,51.83305],[-2.693293,51.833835],[-2.697322,51.844763],[-2.705145,51.845653],[-2.707192,51.83935],[-2.715042,51.840223],[-2.719708,51.848791],[-2.727572,51.840087],[-2.731534,51.841404],[-2.738872,51.836659],[-2.746617,51.844758],[-2.756819,51.846011],[-2.75773,51.849513],[-2.769608,51.862366],[-2.775894,51.863617],[-2.778838,51.865954],[-2.776891,51.873318],[-2.768328,51.880499],[-2.776778,51.881674],[-2.779422,51.884103],[-2.786329,51.884687],[-2.801626,51.89038],[-2.802851,51.894041],[-2.814334,51.897989],[-2.817638,51.903609],[-2.820946,51.905329],[-2.836147,51.906027],[-2.83714,51.9139],[-2.845146,51.915215],[-2.847397,51.91694],[-2.861916,51.914012],[-2.863313,51.917181],[-2.846432,51.919945],[-2.848026,51.923666],[-2.854382,51.923809],[-2.859004,51.927726],[-2.87014,51.92695],[-2.872075,51.930445],[-2.877831,51.933807],[-2.888515,51.933566],[-2.887023,51.928197],[-2.892269,51.925422],[-2.904131,51.925176],[-2.908166,51.921147],[-2.91611,51.917654],[-2.920269,51.917377],[-2.927414,51.91396],[-2.934003,51.915008],[-2.935637,51.912607],[-2.942626,51.909379],[-2.948723,51.909398],[-2.952329,51.906265],[-2.960776,51.90674],[-2.964939,51.90477],[-2.971841,51.904976],[-2.972889,51.908962],[-2.971167,51.913414],[-2.9762,51.921184],[-2.973982,51.922585],[-2.97666,51.927484],[-2.999236,51.923452],[-3.008117,51.927124],[-3.010268,51.932049],[-3.008493,51.937997],[-3.013156,51.944948],[-3.021471,51.949883],[-3.025938,51.957276],[-3.035329,51.959734],[-3.039602,51.966474],[-3.056953,51.975222],[-3.068247,51.983833],[-3.069419,51.989482],[-3.084082,52.004102],[-3.086891,52.013905],[-3.097966,52.021475]]]},"properties":{"OBJECTID_1":26,"OBJECTID":26,"NAME":"Usk and Lower Wye","REGION":"Wales","SHORT_NAME":"ULW","Shape_Leng":347897.12014,"DisplayOrd":36,"Shape_Le_1":0,"Shape_Area":0}},{"type":"Feature","geometry":{"type":"Polygon","coordinates":[[[-3.197013,51.646293],[-3.193267,51.653929],[-3.198405,51.677723],[-3.195718,51.689907],[-3.197022,51.696556],[-3.2075,51.708606],[-3.209965,51.723425],[-3.229507,51.74999],[-3.242534,51.758036],[-3.26117,51.764383],[-3.27253,51.779807],[-3.269616,51.790125],[-3.275606,51.79532],[-3.304289,51.809383],[-3.31797,51.812971],[-3.328563,51.826878],[-3.335246,51.829608],[-3.357902,51.830167],[-3.37771,51.854834],[-3.384295,51.866445],[-3.391409,51.87057],[-3.398309,51.879956],[-3.40174,51.880967],[-3.412291,51.880139],[-3.42521,51.888517],[-3.432489,51.88574],[-3.447477,51.887777],[-3.456677,51.891872],[-3.473785,51.872021],[-3.490981,51.866661],[-3.498416,51.868787],[-3.507839,51.877362],[-3.494072,51.856488],[-3.476154,51.841429],[-3.474233,51.827066],[-3.478261,51.817125],[-3.482523,51.814374],[-3.479505,51.810815],[-3.47924,51.802726],[-3.489151,51.795407],[-3.499208,51.792582],[-3.502018,51.789848],[-3.512043,51.786123],[-3.517809,51.78515],[-3.523455,51.780581],[-3.524722,51.775169],[-3.534742,51.771442],[-3.53465,51.768746],[-3.54174,51.764157],[-3.529696,51.750827],[-3.5407,51.733599],[-3.544981,51.731744],[-3.544858,51.728149],[-3.538916,51.723731],[-3.544644,51.721857],[-3.551695,51.716369],[-3.564686,51.715298],[-3.583559,51.716843],[-3.584628,51.706038],[-3.590226,51.700568],[-3.58139,51.696191],[-3.590947,51.679876],[-3.590884,51.678079],[-3.580514,51.671025],[-3.584662,51.665574],[-3.575928,51.663893],[-3.571343,51.656761],[-3.564087,51.655959],[-3.561073,51.652402],[-3.560888,51.647009],[-3.541954,51.642764],[-3.521428,51.634039],[-3.519834,51.629564],[-3.509366,51.618909],[-3.48043,51.617479],[-3.477338,51.611224],[-3.465673,51.607773],[-3.462699,51.605113],[-3.463766,51.59341],[-3.460736,51.588951],[-3.466363,51.584385],[-3.46893,51.574462],[-3.467342,51.569986],[-3.471495,51.564539],[-3.464227,51.562831],[-3.461256,51.560171],[-3.45119,51.561195],[-3.449691,51.559415],[-3.432302,51.556931],[-3.423369,51.548048],[-3.429108,51.547079],[-3.436175,51.542496],[-3.437531,51.539782],[-3.437333,51.53349],[-3.432896,51.529947],[-3.437106,51.526299],[-3.436906,51.51994],[-3.473569,51.513717],[-3.481038,51.509557],[-3.486175,51.503132],[-3.487959,51.492489],[-3.476192,51.459272],[-3.480629,51.454796],[-3.488695,51.452254],[-3.494224,51.435446],[-3.48927,51.428178],[-3.459395,51.42683],[-3.440623,51.419651],[-3.440468,51.414593],[-3.446703,51.400871],[-3.443885,51.395256],[-3.433141,51.392336],[-3.410302,51.395527],[-3.407159,51.392959],[-3.410262,51.387934],[-3.40586,51.38694],[-3.401977,51.382131],[-3.36109,51.384411],[-3.339595,51.381602],[-3.30859,51.392833],[-3.298072,51.391961],[-3.288304,51.387033],[-3.283192,51.394373],[-3.277968,51.393638],[-3.273462,51.390792],[-3.263189,51.388296],[-3.262867,51.392256],[-3.25887,51.394322],[-3.265173,51.397716],[-3.273211,51.397269],[-3.275136,51.399316],[-3.258067,51.399627],[-3.24944,51.405879],[-3.247541,51.405305],[-3.255925,51.398058],[-3.252848,51.393802],[-3.248459,51.396277],[-3.235711,51.39794],[-3.227499,51.402613],[-3.221776,51.403662],[-3.202571,51.400443],[-3.188614,51.399956],[-3.186229,51.402229],[-3.168515,51.406633],[-3.169613,51.427124],[-3.16279,51.441669],[-3.165341,51.44578],[-3.16444,51.451633],[-3.160123,51.453924],[-3.152601,51.461003],[-3.160193,51.462933],[-3.146683,51.470691],[-3.144443,51.469185],[-3.1512,51.465396],[-3.148219,51.460767],[-3.155471,51.456092],[-3.155494,51.451317],[-3.134514,51.467663],[-3.1384,51.47338],[-3.134369,51.473419],[-3.126319,51.479791],[-3.119216,51.48966],[-3.113508,51.493023],[-3.109732,51.491746],[-3.096823,51.494026],[-3.062697,51.510705],[-3.056855,51.517304],[-3.066567,51.523996],[-3.068552,51.52877],[-3.07869,51.537445],[-3.08922,51.538867],[-3.09482,51.53788],[-3.089947,51.545757],[-3.065452,51.556502],[-3.069481,51.568389],[-3.071414,51.570826],[-3.079545,51.573556],[-3.09563,51.587201],[-3.121371,51.60379],[-3.145123,51.600288],[-3.167496,51.601704],[-3.179227,51.605327],[-3.192489,51.617116],[-3.197013,51.646293]]]},"properties":{"OBJECTID_1":27,"OBJECTID":27,"NAME":"Eastern Valleys","REGION":"Wales","SHORT_NAME":"EV","Shape_Leng":207659.42754,"DisplayOrd":37,"Shape_Le_1":0,"Shape_Area":0}},{"type":"Feature","geometry":{"type":"Polygon","coordinates":[[[-2.647492,52.957405],[-2.644582,52.961916],[-2.638667,52.964645],[-2.640249,52.970929],[-2.649236,52.974476],[-2.652364,52.984347],[-2.674803,52.990514],[-2.679314,52.993185],[-2.694211,52.993099],[-2.703178,52.994844],[-2.709211,52.999303],[-2.72119,53.002827],[-2.715304,53.007357],[-2.715497,53.019042],[-2.736656,53.035993],[-2.735334,53.045889],[-2.741469,53.055739],[-2.750483,53.059278],[-2.752163,53.070055],[-2.746302,53.076384],[-2.73587,53.077348],[-2.731422,53.079173],[-2.729991,53.082778],[-2.736069,53.089033],[-2.733098,53.08995],[-2.733205,53.096242],[-2.731773,53.099847],[-2.727354,53.103469],[-2.728938,53.108853],[-2.723039,53.113384],[-2.723084,53.11608],[-2.744201,53.127636],[-2.75021,53.129396],[-2.756266,53.133852],[-2.768303,53.13827],[-2.778896,53.145392],[-2.786518,53.153433],[-2.800092,53.159635],[-2.815284,53.172116],[-2.818413,53.179286],[-2.827563,53.188212],[-2.842703,53.197095],[-2.851897,53.207817],[-2.864018,53.214921],[-2.88389,53.234551],[-2.88992,53.236304],[-2.900727,53.251504],[-2.915866,53.25858],[-2.923341,53.257623],[-2.936732,53.253024],[-2.953236,53.253792],[-2.957792,53.256453],[-2.96399,53.265392],[-2.973065,53.268914],[-2.991159,53.273259],[-3.013882,53.282956],[-3.036377,53.282763],[-3.042419,53.284508],[-3.042485,53.287204],[-3.036573,53.290851],[-3.03516,53.294459],[-3.039812,53.300711],[-3.053514,53.308681],[-3.055081,53.311364],[-3.073178,53.314798],[-3.085389,53.322778],[-3.094625,53.331683],[-3.115807,53.337779],[-3.120382,53.340433],[-3.120453,53.343129],[-3.135757,53.353771],[-3.150753,53.352728],[-3.16156,53.363411],[-3.166165,53.366961],[-3.173925,53.375874],[-3.190732,53.385596],[-3.198298,53.387318],[-3.196302,53.375113],[-3.18206,53.365636],[-3.177833,53.364959],[-3.163345,53.351707],[-3.14765,53.343499],[-3.141345,53.337987],[-3.113734,53.321618],[-3.119104,53.320309],[-3.107964,53.301716],[-3.102775,53.298348],[-3.095955,53.295714],[-3.099618,53.292264],[-3.095019,53.288441],[-3.089892,53.287409],[-3.088006,53.284011],[-3.073974,53.280722],[-3.079259,53.27618],[-3.089859,53.280218],[-3.092455,53.27615],[-3.08397,53.272721],[-3.090797,53.264029],[-3.092297,53.269948],[-3.096954,53.270265],[-3.098833,53.273394],[-3.104092,53.273795],[-3.104609,53.270554],[-3.112097,53.270215],[-3.109777,53.261697],[-3.087842,53.259831],[-3.076411,53.252384],[-3.083005,53.252324],[-3.087285,53.255611],[-3.098626,53.25362],[-3.091888,53.248018],[-3.083164,53.24675],[-3.084751,53.244308],[-3.073001,53.241897],[-3.071355,53.235979],[-3.079223,53.239055],[-3.081534,53.241551],[-3.090507,53.24084],[-3.065842,53.231175],[-3.055638,53.224434],[-3.043315,53.222744],[-3.030286,53.218489],[-3.031458,53.2174],[-3.045543,53.222006],[-3.05847,53.223869],[-3.06913,53.230876],[-3.091033,53.237958],[-3.110433,53.246499],[-3.130559,53.259524],[-3.142766,53.261924],[-3.150678,53.266253],[-3.169321,53.279106],[-3.173365,53.278886],[-3.182397,53.285539],[-3.195312,53.291433],[-3.199795,53.296152],[-3.257881,53.317218],[-3.258599,53.319701],[-3.266718,53.321619],[-3.288333,53.331456],[-3.292555,53.332039],[-3.306179,53.340521],[-3.3077,53.350932],[-3.31197,53.357896],[-3.318907,53.358719],[-3.335235,53.357099],[-3.362224,53.352863],[-3.35949,53.349634],[-3.360705,53.34063],[-3.356058,53.336189],[-3.358718,53.325371],[-3.387206,53.324144],[-3.397595,53.320427],[-3.395889,53.314155],[-3.383769,53.3107],[-3.370236,53.309957],[-3.362791,53.31184],[-3.344786,53.312045],[-3.3387,53.309417],[-3.335587,53.305856],[-3.319084,53.306039],[-3.313028,53.304308],[-3.308307,53.297169],[-3.300643,53.291859],[-3.30048,53.286467],[-3.27927,53.279505],[-3.2582,53.277032],[-3.238527,53.270946],[-3.235321,53.263788],[-3.216978,53.251391],[-3.212254,53.243349],[-3.201565,53.236266],[-3.19857,53.236296],[-3.196896,53.23002],[-3.190806,53.226485],[-3.187686,53.222022],[-3.189009,53.215716],[-3.194998,53.215656],[-3.20261,53.220074],[-3.214563,53.219054],[-3.226336,53.211742],[-3.232273,53.209883],[-3.239498,53.200819],[-3.249791,53.194418],[-3.270688,53.192399],[-3.279425,53.184215],[-3.277822,53.180637],[-3.270289,53.178919],[-3.277635,53.174346],[-3.278917,53.167141],[-3.27128,53.161829],[-3.268131,53.156469],[-3.254596,53.153915],[-3.258766,53.143084],[-3.253994,53.133245],[-3.243378,53.127963],[-3.243171,53.120774],[-3.249016,53.116218],[-3.245872,53.110857],[-3.236808,53.107355],[-3.239717,53.104628],[-3.238121,53.101049],[-3.242367,53.092914],[-3.239278,53.089351],[-3.240538,53.081247],[-3.235932,53.0768],[-3.240254,53.071361],[-3.23853,53.063288],[-3.234003,53.061538],[-3.222119,53.063458],[-3.211474,53.056375],[-3.209856,53.051897],[-3.218603,53.044616],[-3.23187,53.039086],[-3.23624,53.035444],[-3.242307,53.038977],[-3.26169,53.038773],[-3.279316,53.029595],[-3.280727,53.026883],[-3.286663,53.02592],[-3.291,53.021378],[-3.308858,53.020284],[-3.320561,53.012962],[-3.323596,53.014727],[-3.325279,53.021001],[-3.328287,53.021866],[-3.352246,53.025192],[-3.367122,53.024123],[-3.37466,53.026733],[-3.383344,53.018541],[-3.390738,53.016657],[-3.403858,53.007513],[-3.408444,53.011055],[-3.418903,53.011829],[-3.41011,53.016429],[-3.411717,53.020006],[-3.422268,53.023476],[-3.426739,53.023422],[-3.431329,53.026963],[-3.444773,53.0277],[-3.452166,53.025812],[-3.451037,53.036613],[-3.464607,53.040942],[-3.470693,53.044463],[-3.469355,53.048974],[-3.463451,53.050845],[-3.463542,53.053541],[-3.471275,53.061536],[-3.48041,53.066817],[-3.480533,53.070411],[-3.474719,53.074979],[-3.480872,53.080296],[-3.486872,53.08112],[-3.492966,53.08464],[-3.494739,53.092708],[-3.497849,53.096265],[-3.506963,53.100645],[-3.508739,53.108714],[-3.516364,53.113112],[-3.52542,53.115693],[-3.528598,53.121046],[-3.536066,53.12095],[-3.540644,53.123588],[-3.558569,53.123354],[-3.567466,53.121439],[-3.574803,53.117747],[-3.574606,53.112355],[-3.592493,53.111218],[-3.601319,53.107504],[-3.605598,53.102052],[-3.618832,53.096479],[-3.62633,53.097276],[-3.639936,53.101584],[-3.650352,53.100541],[-3.653269,53.098702],[-3.655909,53.089675],[-3.654106,53.08161],[-3.649527,53.078976],[-3.627009,53.07569],[-3.607076,53.061577],[-3.593519,53.058163],[-3.587355,53.052852],[-3.591697,53.049198],[-3.592823,53.039294],[-3.600311,53.040092],[-3.604616,53.035539],[-3.604483,53.031945],[-3.596632,53.021262],[-3.605439,53.017548],[-3.620475,53.02094],[-3.632328,53.01898],[-3.63524,53.017142],[-3.645739,53.018795],[-3.65312,53.016894],[-3.665179,53.020322],[-3.675505,53.01748],[-3.68392,53.003876],[-3.674809,52.999509],[-3.686234,52.986761],[-3.687863,52.990334],[-3.702788,52.991021],[-3.70559,52.986485],[-3.710198,52.990015],[-3.731296,52.996003],[-3.733037,53.002271],[-3.738851,52.99859],[-3.74775,52.99756],[-3.751636,52.983118],[-3.760276,52.975799],[-3.76917,52.974767],[-3.770549,52.97205],[-3.770255,52.964862],[-3.762558,52.958683],[-3.78045,52.959315],[-3.802656,52.956283],[-3.814333,52.950711],[-3.807783,52.936426],[-3.806847,52.913964],[-3.816725,52.901227],[-3.816387,52.893141],[-3.814826,52.891366],[-3.807323,52.889683],[-3.811218,52.876137],[-3.803681,52.873555],[-3.791801,52.873735],[-3.78575,52.871129],[-3.779811,52.871218],[-3.775173,52.866792],[-3.770682,52.86596],[-3.757319,52.866159],[-3.751525,52.869841],[-3.746998,52.868109],[-3.742219,52.860088],[-3.73451,52.853009],[-3.741823,52.850204],[-3.750476,52.843784],[-3.751779,52.839269],[-3.756121,52.836508],[-3.767845,52.832738],[-3.766143,52.827369],[-3.7601,52.824761],[-3.752684,52.824871],[-3.745159,52.822285],[-3.733006,52.81527],[-3.73004,52.815314],[-3.715599,52.825413],[-3.706734,52.82644],[-3.686823,52.810542],[-3.680787,52.80793],[-3.686475,52.801556],[-3.686231,52.795266],[-3.678716,52.792676],[-3.677095,52.789102],[-3.65631,52.788495],[-3.653584,52.794827],[-3.647791,52.798504],[-3.641725,52.794992],[-3.641421,52.786904],[-3.620771,52.789885],[-3.599031,52.803666],[-3.599097,52.805463],[-3.606644,52.808957],[-3.608359,52.815228],[-3.605624,52.821558],[-3.594152,52.832501],[-3.576445,52.835435],[-3.559962,52.831157],[-3.557316,52.840182],[-3.548412,52.840299],[-3.544023,52.842154],[-3.533476,52.837796],[-3.521605,52.837948],[-3.514341,52.842536],[-3.506952,52.84353],[-3.504139,52.84806],[-3.498325,52.85173],[-3.497088,52.858938],[-3.492758,52.862588],[-3.493004,52.869777],[-3.479425,52.863654],[-3.470455,52.861968],[-3.461576,52.862976],[-3.452577,52.86039],[-3.436274,52.861487],[-3.427542,52.866987],[-3.420175,52.868873],[-3.417323,52.872503],[-3.409867,52.871693],[-3.386276,52.877365],[-3.376334,52.891864],[-3.367475,52.893765],[-3.355503,52.891205],[-3.345157,52.893121],[-3.321054,52.882603],[-3.316651,52.88445],[-3.310709,52.884516],[-3.306198,52.882768],[-3.295771,52.881983],[-3.297096,52.876575],[-3.292506,52.87213],[-3.280624,52.872258],[-3.270148,52.869674],[-3.264259,52.871535],[-3.243517,52.873552],[-3.225921,52.881826],[-3.217057,52.883715],[-3.214186,52.88734],[-3.199377,52.889289],[-3.190585,52.893872],[-3.172752,52.89405],[-3.169853,52.896775],[-3.169998,52.902168],[-3.17453,52.90482],[-3.14926,52.905067],[-3.140199,52.89976],[-3.137038,52.892599],[-3.132533,52.890844],[-3.107225,52.889285],[-3.092434,52.892119],[-3.091038,52.895727],[-3.080701,52.898519],[-3.068944,52.904019],[-3.054144,52.906848],[-3.04975,52.909584],[-3.042187,52.904257],[-3.037727,52.904296],[-3.011179,52.913515],[-3.006719,52.913553],[-3.006969,52.924338],[-3.002549,52.926173],[-2.992097,52.924463],[-2.975556,52.91651],[-2.972501,52.912939],[-2.960626,52.913934],[-2.945993,52.924839],[-2.938595,52.926696],[-2.932627,52.925844],[-2.927973,52.916891],[-2.92496,52.915116],[-2.907211,52.919748],[-2.869979,52.91733],[-2.866969,52.915554],[-2.866772,52.905667],[-2.856259,52.900349],[-2.8518,52.900381],[-2.841481,52.90495],[-2.846011,52.908513],[-2.846117,52.913906],[-2.822598,52.928455],[-2.812153,52.926729],[-2.803245,52.927688],[-2.781031,52.93323],[-2.761834,52.941445],[-2.748427,52.940632],[-2.74384,52.933469],[-2.739332,52.9308],[-2.718491,52.930029],[-2.711127,52.934568],[-2.705337,52.944491],[-2.699443,52.948122],[-2.699516,52.952616],[-2.695109,52.956238],[-2.680267,52.95902],[-2.672824,52.959063],[-2.66534,52.956408],[-2.647492,52.957405]]]},"properties":{"OBJECTID_1":28,"OBJECTID":28,"NAME":"River Dee","REGION":"Wales","SHORT_NAME":"RD","Shape_Leng":433099.908075,"DisplayOrd":33,"Shape_Le_1":0,"Shape_Area":0}},{"type":"Feature","geometry":{"type":"Polygon","coordinates":[[[-3.655795,53.086716],[-3.653269,53.098702],[-3.6474,53.101481],[-3.639936,53.101584],[-3.62633,53.097276],[-3.618832,53.096479],[-3.605598,53.102052],[-3.601319,53.107504],[-3.592493,53.111218],[-3.574606,53.112355],[-3.574803,53.117747],[-3.567466,53.121439],[-3.558569,53.123354],[-3.540644,53.123588],[-3.536066,53.12095],[-3.528598,53.121046],[-3.52542,53.115693],[-3.516364,53.113112],[-3.508739,53.108714],[-3.506963,53.100645],[-3.497849,53.096265],[-3.494739,53.092708],[-3.492966,53.08464],[-3.486872,53.08112],[-3.480872,53.080296],[-3.474719,53.074979],[-3.480533,53.070411],[-3.48041,53.066817],[-3.471275,53.061536],[-3.463542,53.053541],[-3.463451,53.050845],[-3.470785,53.047159],[-3.470693,53.044463],[-3.464607,53.040942],[-3.451037,53.036613],[-3.452166,53.025812],[-3.444773,53.0277],[-3.431329,53.026963],[-3.426739,53.023422],[-3.422268,53.023476],[-3.411717,53.020006],[-3.41011,53.016429],[-3.418903,53.011829],[-3.408444,53.011055],[-3.403858,53.007513],[-3.390738,53.016657],[-3.383344,53.018541],[-3.37466,53.026733],[-3.367122,53.024123],[-3.352246,53.025192],[-3.328287,53.021866],[-3.323734,53.01922],[-3.323596,53.014727],[-3.320561,53.012962],[-3.308858,53.020284],[-3.291,53.021378],[-3.286663,53.02592],[-3.280727,53.026883],[-3.279316,53.029595],[-3.270531,53.035083],[-3.26169,53.038773],[-3.242307,53.038977],[-3.23624,53.035444],[-3.23187,53.039086],[-3.212739,53.048272],[-3.209932,53.054593],[-3.222119,53.063458],[-3.234003,53.061538],[-3.23853,53.063288],[-3.240254,53.071361],[-3.235932,53.0768],[-3.240538,53.081247],[-3.239278,53.089351],[-3.242367,53.092914],[-3.238121,53.101049],[-3.239717,53.104628],[-3.236808,53.107355],[-3.245872,53.110857],[-3.249016,53.116218],[-3.243171,53.120774],[-3.243378,53.127963],[-3.253994,53.133245],[-3.258766,53.143084],[-3.254596,53.153915],[-3.268131,53.156469],[-3.27128,53.161829],[-3.278917,53.167141],[-3.277635,53.174346],[-3.270289,53.178919],[-3.277822,53.180637],[-3.279425,53.184215],[-3.270688,53.192399],[-3.249791,53.194418],[-3.239498,53.200819],[-3.232273,53.209883],[-3.226336,53.211742],[-3.214563,53.219054],[-3.20261,53.220074],[-3.194998,53.215656],[-3.189009,53.215716],[-3.187686,53.222022],[-3.193876,53.229152],[-3.196896,53.23002],[-3.19857,53.236296],[-3.201565,53.236266],[-3.212254,53.243349],[-3.216978,53.251391],[-3.235321,53.263788],[-3.238527,53.270946],[-3.2582,53.277032],[-3.27927,53.279505],[-3.30048,53.286467],[-3.300643,53.291859],[-3.308307,53.297169],[-3.313028,53.304308],[-3.319084,53.306039],[-3.335587,53.305856],[-3.3387,53.309417],[-3.344786,53.312045],[-3.362791,53.31184],[-3.370236,53.309957],[-3.383769,53.3107],[-3.395889,53.314155],[-3.397595,53.320427],[-3.387206,53.324144],[-3.358718,53.325371],[-3.356058,53.336189],[-3.360705,53.34063],[-3.35949,53.349634],[-3.362224,53.352863],[-3.385202,53.350327],[-3.455834,53.333305],[-3.481704,53.330109],[-3.493683,53.324836],[-3.508202,53.315034],[-3.505821,53.311379],[-3.496528,53.30745],[-3.498662,53.304098],[-3.509882,53.311597],[-3.51117,53.318323],[-3.537589,53.309895],[-3.598841,53.294967],[-3.599711,53.287454],[-3.604938,53.282011],[-3.606514,53.275852],[-3.595023,53.256444],[-3.594377,53.247476],[-3.589756,53.23879],[-3.6142,53.23225],[-3.711718,53.223955],[-3.726131,53.216888],[-3.743722,53.203494],[-3.747126,53.195808],[-3.740631,53.178259],[-3.740426,53.171982],[-3.743104,53.166873],[-3.753909,53.158295],[-3.753194,53.154826],[-3.728505,53.140955],[-3.725599,53.136812],[-3.726088,53.127837],[-3.711387,53.108777],[-3.687914,53.101398],[-3.667047,53.086204],[-3.655795,53.086716]]]},"properties":{"OBJECTID_1":29,"OBJECTID":29,"NAME":"Vale of Clwyd","REGION":"Wales","SHORT_NAME":"VOC","Shape_Leng":162497.185573,"DisplayOrd":32,"Shape_Le_1":0,"Shape_Area":0}},{"type":"Feature","geometry":{"type":"MultiPolygon","coordinates":[[[[-4.791699,52.768729],[-4.798541,52.76677],[-4.798037,52.754282],[-4.787535,52.754619],[-4.783763,52.758215],[-4.783442,52.767125],[-4.791699,52.768729]]],[[[-3.598841,53.294967],[-3.618164,53.292908],[-3.640192,53.296481],[-3.667113,53.29422],[-3.67736,53.295335],[-3.682843,53.297415],[-3.702921,53.296681],[-3.720887,53.299389],[-3.73663,53.306443],[-3.737529,53.313801],[-3.74005,53.316731],[-3.764683,53.320685],[-3.778156,53.330553],[-3.78629,53.327555],[-3.801806,53.325164],[-3.819517,53.324985],[-3.829882,53.328602],[-3.827509,53.332091],[-3.831972,53.335312],[-3.832303,53.339533],[-3.839173,53.338618],[-3.853952,53.343423],[-3.868683,53.343643],[-3.879381,53.340958],[-3.877303,53.334697],[-3.8466,53.322771],[-3.838123,53.296741],[-3.824655,53.290565],[-3.825587,53.28673],[-3.809126,53.279186],[-3.803362,53.274823],[-3.798328,53.273866],[-3.801874,53.266189],[-3.817346,53.259751],[-3.821562,53.253123],[-3.812482,53.244002],[-3.827823,53.252308],[-3.82823,53.254819],[-3.822562,53.262548],[-3.815135,53.264189],[-3.810173,53.267411],[-3.813295,53.269953],[-3.814757,53.276511],[-3.823477,53.280514],[-3.839569,53.29546],[-3.84764,53.298212],[-3.851374,53.297794],[-3.860875,53.291983],[-3.86666,53.290454],[-3.883244,53.292261],[-3.91305,53.277671],[-3.936277,53.270554],[-3.954814,53.269262],[-3.983843,53.261411],[-4.002341,53.25265],[-4.000546,53.249534],[-4.007498,53.247529],[-4.010846,53.244146],[-4.025442,53.242838],[-4.029066,53.239288],[-4.039266,53.236012],[-4.053051,53.233798],[-4.066589,53.23395],[-4.082355,53.230601],[-4.085679,53.231172],[-4.090116,53.236129],[-4.098134,53.237696],[-4.108029,53.234734],[-4.115479,53.233883],[-4.12335,53.238508],[-4.1474,53.230975],[-4.161074,53.222816],[-4.19483,53.215006],[-4.206726,53.207503],[-4.210399,53.20321],[-4.210359,53.190803],[-4.213563,53.186158],[-4.232498,53.176095],[-4.244743,53.172718],[-4.279797,53.145259],[-4.280897,53.140625],[-4.285637,53.140903],[-4.308113,53.132305],[-4.313441,53.128516],[-4.313506,53.107475],[-4.317559,53.102272],[-4.323047,53.101535],[-4.326032,53.104264],[-4.327282,53.110803],[-4.334834,53.115061],[-4.328804,53.122372],[-4.331787,53.125011],[-4.338173,53.124256],[-4.34649,53.117799],[-4.348595,53.112542],[-4.344658,53.097874],[-4.338499,53.086217],[-4.337806,53.078948],[-4.340686,53.054975],[-4.344162,53.047534],[-4.350016,53.04544],[-4.350851,53.03886],[-4.356339,53.032817],[-4.361952,53.031807],[-4.374698,53.022202],[-4.390924,53.013605],[-4.409224,52.999568],[-4.414766,52.997388],[-4.423679,53.000866],[-4.437504,52.998902],[-4.445681,52.990641],[-4.461773,52.982756],[-4.472779,52.966793],[-4.483484,52.966479],[-4.496147,52.953626],[-4.501057,52.951005],[-4.506236,52.950446],[-4.512933,52.945269],[-4.525542,52.939427],[-4.536899,52.937656],[-4.538606,52.941396],[-4.549565,52.937925],[-4.564483,52.938502],[-4.568942,52.940924],[-4.569851,52.943692],[-4.566018,52.946832],[-4.569852,52.948727],[-4.5726,52.939856],[-4.580541,52.938245],[-4.592198,52.929089],[-4.601107,52.926286],[-4.60841,52.926486],[-4.619194,52.922742],[-4.62521,52.913977],[-4.634705,52.906213],[-4.639101,52.905126],[-4.650657,52.906847],[-4.654998,52.900006],[-4.668768,52.889357],[-4.66571,52.885559],[-4.67159,52.877244],[-4.680231,52.875161],[-4.686405,52.87646],[-4.690648,52.875374],[-4.694419,52.869084],[-4.693261,52.864794],[-4.699186,52.859714],[-4.706643,52.860174],[-4.718055,52.854967],[-4.723485,52.856281],[-4.726535,52.852794],[-4.728228,52.846641],[-4.725129,52.842216],[-4.725037,52.836013],[-4.738384,52.83103],[-4.740554,52.825405],[-4.754108,52.816728],[-4.755165,52.805283],[-4.770806,52.796916],[-4.769154,52.794257],[-4.759908,52.788807],[-4.757042,52.790403],[-4.748214,52.784493],[-4.741897,52.785448],[-4.735024,52.78228],[-4.73395,52.786441],[-4.728637,52.791599],[-4.728315,52.795923],[-4.721681,52.803719],[-4.710694,52.803611],[-4.695594,52.799369],[-4.69445,52.795259],[-4.685639,52.796717],[-4.680423,52.801152],[-4.674957,52.801545],[-4.662188,52.806238],[-4.653286,52.80383],[-4.650785,52.7993],[-4.642465,52.801554],[-4.625913,52.810014],[-4.617125,52.821808],[-4.610362,52.825374],[-4.595583,52.82399],[-4.57462,52.818422],[-4.538834,52.800311],[-4.544081,52.793634],[-4.544354,52.788143],[-4.535519,52.781589],[-4.532909,52.777508],[-4.52059,52.782447],[-4.521443,52.786924],[-4.51633,52.793417],[-4.500432,52.795552],[-4.492905,52.791035],[-4.48813,52.795721],[-4.484702,52.803256],[-4.486931,52.808514],[-4.490203,52.811233],[-4.49515,52.80951],[-4.502644,52.813399],[-4.50345,52.819676],[-4.499083,52.826332],[-4.507294,52.827148],[-4.493827,52.840829],[-4.472105,52.847938],[-4.47256,52.850716],[-4.481109,52.854763],[-4.48004,52.856854],[-4.465338,52.864803],[-4.466284,52.86838],[-4.459036,52.871588],[-4.426516,52.87999],[-4.39873,52.882802],[-4.404269,52.888894],[-4.401196,52.892463],[-4.396543,52.894356],[-4.376008,52.896746],[-4.346167,52.894822],[-4.327884,52.892125],[-4.329327,52.896862],[-4.327068,52.904639],[-4.319732,52.909278],[-4.284159,52.911587],[-4.270141,52.910866],[-4.242578,52.915706],[-4.232594,52.915355],[-4.231024,52.917506],[-4.216219,52.917999],[-4.187972,52.912409],[-4.170276,52.90653],[-4.153579,52.906897],[-4.150981,52.910297],[-4.140371,52.912287],[-4.133009,52.916825],[-4.12806,52.925096],[-4.128218,52.930137],[-4.121629,52.926847],[-4.107237,52.925198],[-4.104824,52.921464],[-4.108461,52.920087],[-4.123771,52.924696],[-4.124438,52.922823],[-4.108492,52.917353],[-4.112745,52.913052],[-4.103375,52.909981],[-4.083268,52.920828],[-4.075333,52.923206],[-4.062787,52.921536],[-4.053657,52.928213],[-4.047272,52.9288],[-4.038212,52.938],[-4.012047,52.941773],[-4.024367,52.937878],[-4.039424,52.935282],[-4.045838,52.926784],[-4.05828,52.922478],[-4.060308,52.91819],[-4.072985,52.915164],[-4.078907,52.912103],[-4.08388,52.906639],[-4.083062,52.901978],[-4.109529,52.898903],[-4.114081,52.896512],[-4.121333,52.895528],[-4.136938,52.897829],[-4.142051,52.901108],[-4.149478,52.89495],[-4.148118,52.888501],[-4.123496,52.859184],[-4.119212,52.850539],[-4.129512,52.827337],[-4.126503,52.829549],[-4.117927,52.830242],[-4.118921,52.826268],[-4.12313,52.824305],[-4.136019,52.823804],[-4.146658,52.819836],[-4.152246,52.815778],[-4.151957,52.809939],[-4.135632,52.791712],[-4.112546,52.774413],[-4.084746,52.749263],[-4.065288,52.725075],[-4.053038,52.718077],[-4.041967,52.721344],[-4.034571,52.72183],[-4.029046,52.730413],[-4.022957,52.735156],[-4.000398,52.737427],[-3.997104,52.73991],[-3.988223,52.74006],[-3.976127,52.744488],[-3.969956,52.748906],[-3.951025,52.752995],[-3.949152,52.750868],[-3.971031,52.739897],[-3.988207,52.736463],[-4.000237,52.724213],[-4.008831,52.721101],[-4.015635,52.714512],[-4.016356,52.720523],[-4.025723,52.71496],[-4.037815,52.713925],[-4.03482,52.708744],[-4.040847,52.70561],[-4.053505,52.70407],[-4.059157,52.708099],[-4.057521,52.689066],[-4.083832,52.672962],[-4.096457,52.667884],[-4.1158,52.642724],[-4.130213,52.610816],[-4.119992,52.605928],[-4.11056,52.604514],[-4.099293,52.606692],[-4.088049,52.601937],[-4.091892,52.60017],[-4.103965,52.599416],[-4.111173,52.601896],[-4.110955,52.603518],[-4.125559,52.606224],[-4.114515,52.5977],[-4.091325,52.572756],[-4.076036,52.549018],[-4.072005,52.544863],[-4.064502,52.542117],[-4.04975,52.542014],[-4.029122,52.545606],[-4.013079,52.54633],[-3.992564,52.552521],[-3.975036,52.555045],[-3.971404,52.554315],[-3.960674,52.559807],[-3.941273,52.560117],[-3.933106,52.555576],[-3.937764,52.554151],[-3.943066,52.557301],[-3.948305,52.555686],[-3.952281,52.552204],[-3.979557,52.538498],[-3.994256,52.535176],[-4.011022,52.527465],[-4.021201,52.525997],[-4.02975,52.527577],[-4.044587,52.527061],[-4.048533,52.528548],[-4.051907,52.534514],[-4.057569,52.532617],[-4.059299,52.522337],[-4.051462,52.485743],[-4.053496,52.480088],[-4.058932,52.478677],[-4.050854,52.47393],[-4.049048,52.466768],[-4.032867,52.467047],[-4.01828,52.469995],[-4.009289,52.466551],[-4.001934,52.466676],[-3.992985,52.46413],[-3.98154,52.471515],[-3.968179,52.469041],[-3.964956,52.462801],[-3.957561,52.462024],[-3.949889,52.454958],[-3.945477,52.455031],[-3.939436,52.451533],[-3.930573,52.450779],[-3.920122,52.447353],[-3.909829,52.44752],[-3.90383,52.444919],[-3.903714,52.442223],[-3.891951,52.442412],[-3.886415,52.450593],[-3.88208,52.45246],[-3.876197,52.452554],[-3.859754,52.44652],[-3.851082,52.450252],[-3.854325,52.457394],[-3.863454,52.464444],[-3.86391,52.475226],[-3.8684,52.476953],[-3.868629,52.482345],[-3.877612,52.485799],[-3.870444,52.490408],[-3.87052,52.492205],[-3.882603,52.499206],[-3.875625,52.508308],[-3.866903,52.511144],[-3.858712,52.526557],[-3.849986,52.529392],[-3.843679,52.5196],[-3.821473,52.517246],[-3.811015,52.513811],[-3.808106,52.514754],[-3.796103,52.509542],[-3.78734,52.511473],[-3.787486,52.515068],[-3.777212,52.516121],[-3.771574,52.5225],[-3.766938,52.517174],[-3.76823,52.51266],[-3.762339,52.512748],[-3.757813,52.510118],[-3.755011,52.513756],[-3.749191,52.51564],[-3.738632,52.509502],[-3.728464,52.513247],[-3.733095,52.518574],[-3.733236,52.522168],[-3.723452,52.535798],[-3.725243,52.543864],[-3.710469,52.543179],[-3.708925,52.541403],[-3.711523,52.532375],[-3.709805,52.526106],[-3.698088,52.528073],[-3.672972,52.526632],[-3.658341,52.529536],[-3.654022,52.532293],[-3.657172,52.537644],[-3.654326,52.540381],[-3.646788,52.535991],[-3.636473,52.536134],[-3.623441,52.542607],[-3.622133,52.54712],[-3.617777,52.548978],[-3.62538,52.555167],[-3.622664,52.561498],[-3.611098,52.56795],[-3.605068,52.564435],[-3.599136,52.563616],[-3.599463,52.572603],[-3.590939,52.581708],[-3.56618,52.591029],[-3.545617,52.593997],[-3.53984,52.597668],[-3.534251,52.606731],[-3.537329,52.610288],[-3.55225,52.614588],[-3.557996,52.610017],[-3.562393,52.60906],[-3.568458,52.613476],[-3.590668,52.614977],[-3.599952,52.62654],[-3.598836,52.636445],[-3.590071,52.63926],[-3.581143,52.637582],[-3.576841,52.641235],[-3.5771,52.648424],[-3.583237,52.654636],[-3.578934,52.658289],[-3.582084,52.663642],[-3.582311,52.669932],[-3.588452,52.676143],[-3.59292,52.676982],[-3.585821,52.685169],[-3.596369,52.690422],[-3.589301,52.699507],[-3.576085,52.702381],[-3.573256,52.706015],[-3.579238,52.707733],[-3.5794,52.712227],[-3.58249,52.715782],[-3.592914,52.71744],[-3.594656,52.724609],[-3.586102,52.733714],[-3.586265,52.738207],[-3.59087,52.742641],[-3.588105,52.748072],[-3.594127,52.750689],[-3.595706,52.753364],[-3.59452,52.761472],[-3.591689,52.765106],[-3.593499,52.774072],[-3.59959,52.778485],[-3.598273,52.782998],[-3.607265,52.785574],[-3.607695,52.797256],[-3.620771,52.789885],[-3.635492,52.786986],[-3.642937,52.787782],[-3.641725,52.794992],[-3.647791,52.798504],[-3.653584,52.794827],[-3.65631,52.788495],[-3.677095,52.789102],[-3.678716,52.792676],[-3.686231,52.795266],[-3.686475,52.801556],[-3.680787,52.80793],[-3.686823,52.810542],[-3.706734,52.82644],[-3.715599,52.825413],[-3.73004,52.815314],[-3.733006,52.81527],[-3.745159,52.822285],[-3.752684,52.824871],[-3.7601,52.824761],[-3.767699,52.829144],[-3.767845,52.832738],[-3.751779,52.839269],[-3.750476,52.843784],[-3.734546,52.853907],[-3.73755,52.854762],[-3.742327,52.862784],[-3.75004,52.869863],[-3.757319,52.866159],[-3.770682,52.86596],[-3.775173,52.866792],[-3.779811,52.871218],[-3.809695,52.875262],[-3.811405,52.88063],[-3.807174,52.886089],[-3.807323,52.889683],[-3.814826,52.891366],[-3.816387,52.893141],[-3.816725,52.901227],[-3.806847,52.913964],[-3.807783,52.936426],[-3.814333,52.950711],[-3.802656,52.956283],[-3.78045,52.959315],[-3.762558,52.958683],[-3.770255,52.964862],[-3.770549,52.97205],[-3.76917,52.974767],[-3.760276,52.975799],[-3.751636,52.983118],[-3.74775,52.99756],[-3.738851,52.99859],[-3.733037,53.002271],[-3.731296,52.996003],[-3.710198,52.990015],[-3.70559,52.986485],[-3.702788,52.991021],[-3.687863,52.990334],[-3.686234,52.986761],[-3.674809,52.999509],[-3.68392,53.003876],[-3.68399,53.005673],[-3.675505,53.01748],[-3.665179,53.020322],[-3.65312,53.016894],[-3.645739,53.018795],[-3.63524,53.017142],[-3.632328,53.01898],[-3.620475,53.02094],[-3.605439,53.017548],[-3.596632,53.021262],[-3.604483,53.031945],[-3.604616,53.035539],[-3.600311,53.040092],[-3.592823,53.039294],[-3.591697,53.049198],[-3.587355,53.052852],[-3.59047,53.056406],[-3.607076,53.061577],[-3.627009,53.07569],[-3.649527,53.078976],[-3.654106,53.08161],[-3.655795,53.086716],[-3.667047,53.086204],[-3.687914,53.101398],[-3.710382,53.108116],[-3.717089,53.114046],[-3.719985,53.120998],[-3.726088,53.127837],[-3.725599,53.136812],[-3.728505,53.140955],[-3.73509,53.145798],[-3.749882,53.151837],[-3.754294,53.157418],[-3.743104,53.166873],[-3.740426,53.171982],[-3.740631,53.178259],[-3.747126,53.195808],[-3.746285,53.200251],[-3.728985,53.214804],[-3.717002,53.222315],[-3.704573,53.225279],[-3.668733,53.226752],[-3.6142,53.23225],[-3.589756,53.23879],[-3.594377,53.247476],[-3.595023,53.256444],[-3.606514,53.275852],[-3.604938,53.282011],[-3.599711,53.287454],[-3.598841,53.294967]]],[[[-4.645006,53.325355],[-4.628952,53.326591],[-4.62953,53.327676],[-4.64525,53.326878],[-4.650665,53.322172],[-4.655337,53.322428],[-4.663317,53.320362],[-4.681443,53.324451],[-4.682345,53.3149],[-4.69447,53.311929],[-4.697385,53.308869],[-4.691407,53.303816],[-4.691744,53.30201],[-4.681673,53.301788],[-4.678591,53.300508],[-4.680191,53.294897],[-4.687563,53.290415],[-4.686509,53.285584],[-4.681113,53.283278],[-4.675755,53.286365],[-4.667906,53.283214],[-4.652525,53.289222],[-4.651076,53.285208],[-4.642425,53.28603],[-4.625874,53.277944],[-4.618367,53.277839],[-4.626643,53.270914],[-4.621369,53.268063],[-4.621914,53.264724],[-4.610366,53.257335],[-4.613272,53.250887],[-4.598945,53.244547],[-4.58185,53.241951],[-4.580687,53.245034],[-4.567128,53.246405],[-4.563478,53.25053],[-4.564275,53.25384],[-4.560634,53.255626],[-4.565079,53.259757],[-4.573837,53.263254],[-4.564316,53.264539],[-4.569233,53.267759],[-4.576781,53.267327],[-4.579123,53.27384],[-4.584912,53.276565],[-4.595881,53.275634],[-4.596788,53.278222],[-4.5935,53.280901],[-4.59991,53.285167],[-4.599491,53.288143],[-4.591772,53.291998],[-4.589563,53.300138],[-4.590097,53.303255],[-4.595962,53.306652],[-4.604679,53.306822],[-4.606502,53.304714],[-4.612237,53.305218],[-4.629922,53.316967],[-4.646583,53.319296],[-4.649388,53.320942],[-4.645006,53.325355]]],[[[-4.421282,53.429368],[-4.438159,53.429654],[-4.445626,53.425994],[-4.447587,53.423437],[-4.456006,53.418049],[-4.469022,53.416702],[-4.476166,53.42051],[-4.48687,53.420827],[-4.494842,53.413018],[-4.501125,53.414954],[-4.506696,53.410135],[-4.515006,53.41326],[-4.528991,53.412839],[-4.532128,53.407377],[-4.549452,53.407728],[-4.556842,53.405502],[-4.564105,53.408673],[-4.575604,53.404739],[-4.576621,53.40166],[-4.571296,53.398178],[-4.573268,53.39346],[-4.566678,53.391444],[-4.566825,53.383888],[-4.563691,53.37928],[-4.557598,53.377973],[-4.555945,53.37549],[-4.560982,53.361716],[-4.567581,53.358967],[-4.569305,53.355153],[-4.567192,53.352501],[-4.570925,53.347116],[-4.567971,53.345471],[-4.572005,53.342597],[-4.570449,53.339214],[-4.57529,53.334794],[-4.581185,53.335386],[-4.583841,53.327146],[-4.572805,53.325946],[-4.571586,53.320667],[-4.561505,53.317827],[-4.566909,53.302786],[-4.563819,53.301324],[-4.558129,53.306571],[-4.551517,53.306443],[-4.538622,53.311753],[-4.537332,53.310252],[-4.546237,53.306016],[-4.547469,53.301494],[-4.557004,53.300301],[-4.573922,53.292115],[-4.584646,53.283341],[-4.587303,53.280136],[-4.580778,53.276411],[-4.576,53.276785],[-4.565726,53.27305],[-4.567025,53.269695],[-4.5585,53.265581],[-4.559442,53.260777],[-4.549997,53.255765],[-4.555425,53.251243],[-4.540396,53.243022],[-4.536687,53.238606],[-4.522453,53.236121],[-4.525254,53.227699],[-4.505025,53.217427],[-4.50622,53.209669],[-4.500038,53.206383],[-4.507192,53.195533],[-4.505469,53.189095],[-4.500319,53.188583],[-4.495039,53.190195],[-4.490132,53.189228],[-4.488302,53.185283],[-4.490502,53.181407],[-4.468516,53.184292],[-4.46663,53.185321],[-4.459774,53.180607],[-4.457229,53.172747],[-4.453183,53.172651],[-4.453473,53.16725],[-4.443628,53.162508],[-4.437997,53.160825],[-4.430009,53.162427],[-4.428439,53.166415],[-4.415074,53.17352],[-4.412731,53.179772],[-4.405083,53.182174],[-4.396858,53.190342],[-4.388215,53.193752],[-4.386315,53.192694],[-4.382119,53.183715],[-4.387446,53.17183],[-4.389598,53.170168],[-4.399891,53.169601],[-4.416603,53.166116],[-4.420585,53.162439],[-4.409329,53.146052],[-4.416376,53.134922],[-4.408449,53.139137],[-4.407093,53.145899],[-4.395894,53.146215],[-4.378607,53.141886],[-4.361539,53.133325],[-4.330503,53.128902],[-4.330595,53.130609],[-4.351886,53.134505],[-4.338105,53.145027],[-4.337683,53.148272],[-4.326032,53.151287],[-4.327018,53.147402],[-4.323818,53.146296],[-4.300214,53.149541],[-4.284392,53.158567],[-4.275714,53.167005],[-4.267896,53.169132],[-4.247137,53.181304],[-4.232292,53.183651],[-4.223689,53.188038],[-4.220086,53.187835],[-4.215259,53.195837],[-4.215512,53.206531],[-4.209729,53.213472],[-4.198891,53.218257],[-4.189196,53.219065],[-4.179502,53.225806],[-4.173125,53.224125],[-4.16321,53.223586],[-4.155688,53.230717],[-4.157755,53.233368],[-4.10686,53.256692],[-4.098925,53.263035],[-4.088345,53.26439],[-4.086072,53.276207],[-4.07533,53.283587],[-4.071246,53.292199],[-4.068091,53.295221],[-4.05818,53.298179],[-4.057428,53.304396],[-4.046164,53.307376],[-4.040396,53.31233],[-4.057274,53.316805],[-4.070949,53.313961],[-4.095768,53.318023],[-4.101583,53.320258],[-4.118443,53.321128],[-4.136379,53.316493],[-4.145951,53.306791],[-4.172426,53.304963],[-4.189554,53.299435],[-4.198419,53.299632],[-4.202783,53.296944],[-4.211576,53.298669],[-4.214723,53.301487],[-4.206907,53.309994],[-4.205005,53.316772],[-4.217828,53.32085],[-4.224965,53.339687],[-4.228956,53.338443],[-4.233552,53.343033],[-4.229209,53.346171],[-4.236461,53.352688],[-4.230067,53.35973],[-4.237415,53.359413],[-4.248414,53.362802],[-4.259032,53.361793],[-4.26734,53.365411],[-4.265471,53.369852],[-4.272778,53.374388],[-4.273813,53.376886],[-4.28062,53.377655],[-4.277643,53.372587],[-4.288473,53.367075],[-4.292284,53.368081],[-4.270344,53.390797],[-4.270848,53.397441],[-4.276242,53.399855],[-4.274537,53.404563],[-4.285323,53.409302],[-4.285041,53.412454],[-4.291713,53.413405],[-4.307114,53.417154],[-4.326679,53.419921],[-4.335078,53.419397],[-4.341782,53.420884],[-4.34439,53.419035],[-4.3575,53.416619],[-4.366273,53.420132],[-4.370512,53.425981],[-4.393623,53.427408],[-4.404216,53.42306],[-4.408056,53.424421],[-4.406018,53.428328],[-4.419561,53.428234],[-4.421282,53.429368]]],[[[-4.603252,53.421878],[-4.599434,53.427149],[-4.607077,53.425841],[-4.613333,53.420094],[-4.6072,53.418753],[-4.603252,53.421878]]]]},"properties":{"OBJECTID_1":30,"OBJECTID":30,"NAME":"Gwynedd, Conwy and Anglesey","REGION":"Wales","SHORT_NAME":"GCA","Shape_Leng":856091.739517,"DisplayOrd":31,"Shape_Le_1":0,"Shape_Area":0}},{"type":"Feature","geometry":{"type":"Polygon","coordinates":[[[-1.431579,53.801096],[-1.446524,53.811795],[-1.455328,53.828382],[-1.468024,53.843365],[-1.481647,53.847919],[-1.481681,53.853666],[-1.490823,53.855494],[-1.492338,53.859133],[-1.510092,53.863974],[-1.532812,53.865448],[-1.536081,53.862522],[-1.559159,53.863947],[-1.560791,53.86854],[-1.567433,53.875308],[-1.577516,53.874461],[-1.584709,53.87798],[-1.58922,53.883388],[-1.593766,53.885201],[-1.596527,53.892106],[-1.638834,53.899789],[-1.674366,53.900287],[-1.681433,53.898916],[-1.686388,53.892668],[-1.698685,53.8927],[-1.70411,53.896591],[-1.709815,53.898392],[-1.716753,53.898409],[-1.725848,53.896444],[-1.727228,53.891083],[-1.707734,53.886431],[-1.713862,53.880154],[-1.723001,53.878378],[-1.730635,53.873901],[-1.739901,53.871225],[-1.742576,53.876219],[-1.751918,53.881381],[-1.759439,53.879563],[-1.767211,53.882966],[-1.770224,53.888364],[-1.782354,53.896476],[-1.792993,53.899191],[-1.80404,53.899209],[-1.834018,53.904523],[-1.836555,53.909736],[-1.847628,53.906463],[-1.858407,53.906476],[-1.875121,53.916381],[-1.888814,53.91999],[-1.890519,53.914871],[-1.886654,53.901734],[-1.888585,53.888604],[-1.885689,53.88175],[-1.886653,53.872045],[-1.982213,53.869259],[-1.994758,53.86755],[-2.03949,53.855231],[-2.04052,53.851128],[-2.047288,53.848269],[-2.058893,53.849409],[-2.060825,53.847121],[-2.055985,53.840261],[-2.061782,53.835685],[-2.06081,53.828824],[-2.066608,53.827106],[-2.082071,53.825957],[-2.099461,53.821372],[-2.098484,53.815083],[-2.103308,53.811077],[-2.106191,53.802498],[-2.112952,53.801921],[-2.121651,53.804203],[-2.125509,53.801912],[-2.125474,53.787045],[-2.129323,53.781323],[-2.134144,53.779031],[-2.132198,53.772743],[-2.12833,53.769887],[-2.12542,53.763599],[-2.128302,53.758451],[-2.134083,53.755014],[-2.143729,53.753862],[-2.144681,53.749286],[-2.153364,53.749278],[-2.161097,53.753844],[-2.166886,53.753837],[-2.169769,53.750402],[-2.169753,53.745828],[-2.172639,53.743537],[-2.182276,53.740666],[-2.18612,53.73723],[-2.18611,53.734371],[-2.179336,53.72809],[-2.173542,53.725809],[-2.169673,53.722383],[-2.162856,53.701233],[-2.144521,53.692103],[-2.141613,53.685815],[-2.14256,53.679524],[-2.129085,53.68354],[-2.128101,53.674391],[-2.112692,53.674975],[-2.097277,53.671554],[-2.087649,53.672131],[-2.077059,53.674996],[-2.063583,53.682434],[-2.044318,53.684154],[-2.049126,53.66757],[-2.03757,53.661853],[-2.032754,53.65442],[-2.036604,53.649844],[-2.035641,53.645842],[-2.04045,53.637264],[-2.045259,53.63326],[-2.027941,53.636693],[-2.025054,53.633833],[-2.027941,53.627543],[-2.023131,53.622969],[-2.023132,53.620109],[-2.018324,53.616678],[-2.007744,53.618392],[-2.003898,53.615532],[-2.005823,53.612673],[-1.995249,53.606953],[-1.977964,53.586933],[-1.973163,53.584071],[-1.965474,53.584639],[-1.959712,53.581777],[-1.952985,53.582345],[-1.948183,53.581198],[-1.950133,53.565188],[-1.94533,53.565185],[-1.940536,53.561178],[-1.918471,53.550867],[-1.868581,53.539374],[-1.856126,53.533067],[-1.840821,53.521035],[-1.826425,53.521584],[-1.813046,53.510695],[-1.785297,53.498061],[-1.784361,53.494056],[-1.788225,53.488917],[-1.787291,53.484648],[-1.742454,53.479167],[-1.736301,53.475019],[-1.733932,53.468452],[-1.725512,53.465916],[-1.715478,53.457174],[-1.714924,53.449982],[-1.710271,53.447903],[-1.703498,53.447437],[-1.686998,53.438946],[-1.68781,53.430948],[-1.692938,53.429344],[-1.694791,53.422787],[-1.699935,53.418935],[-1.706872,53.416615],[-1.703127,53.414269],[-1.704244,53.405013],[-1.693893,53.401122],[-1.686674,53.401103],[-1.682602,53.402711],[-1.668683,53.393774],[-1.654698,53.393734],[-1.651616,53.384467],[-1.662675,53.373892],[-1.663031,53.366792],[-1.652992,53.363168],[-1.645322,53.363865],[-1.639806,53.358635],[-1.630812,53.35618],[-1.624841,53.351847],[-1.613428,53.351272],[-1.607699,53.35359],[-1.594773,53.354176],[-1.597814,53.350321],[-1.592582,53.347607],[-1.590811,53.344275],[-1.594317,53.338894],[-1.588638,53.335998],[-1.58776,53.333568],[-1.589116,53.317483],[-1.584785,53.31522],[-1.583313,53.312159],[-1.573604,53.307451],[-1.576691,53.298832],[-1.57571,53.291818],[-1.573041,53.288752],[-1.577274,53.285351],[-1.577167,53.281036],[-1.572552,53.277604],[-1.570951,53.272744],[-1.565136,53.269398],[-1.553871,53.271333],[-1.551374,53.26629],[-1.553048,53.26396],[-1.547977,53.261424],[-1.546215,53.258001],[-1.549436,53.251002],[-1.533854,53.23674],[-1.535816,53.235399],[-1.531078,53.230257],[-1.541174,53.224723],[-1.548818,53.224303],[-1.548263,53.220076],[-1.558604,53.219395],[-1.562549,53.214376],[-1.553906,53.210299],[-1.558793,53.200969],[-1.54416,53.197408],[-1.541883,53.200366],[-1.532595,53.200959],[-1.527732,53.194018],[-1.52126,53.197228],[-1.510343,53.196285],[-1.501431,53.190316],[-1.496438,53.194969],[-1.492992,53.195224],[-1.486,53.191598],[-1.467475,53.18891],[-1.455205,53.188765],[-1.453093,53.190014],[-1.445424,53.181259],[-1.435532,53.182471],[-1.431992,53.178589],[-1.425978,53.180807],[-1.414376,53.164661],[-1.416526,53.160536],[-1.413212,53.151351],[-1.415274,53.142642],[-1.408292,53.139371],[-1.401537,53.141405],[-1.396308,53.141199],[-1.390874,53.144857],[-1.387442,53.14439],[-1.382915,53.147333],[-1.383782,53.149405],[-1.379842,53.15307],[-1.36126,53.155758],[-1.356992,53.161129],[-1.348881,53.163422],[-1.338673,53.156084],[-1.335004,53.151569],[-1.335514,53.147617],[-1.330614,53.145432],[-1.323152,53.144581],[-1.320372,53.1407],[-1.301276,53.147511],[-1.296565,53.152158],[-1.297836,53.15675],[-1.293987,53.163469],[-1.297052,53.168161],[-1.308403,53.169216],[-1.305034,53.174051],[-1.311127,53.176603],[-1.303872,53.181146],[-1.293689,53.181625],[-1.284504,53.185076],[-1.283672,53.190105],[-1.279464,53.191158],[-1.282959,53.196932],[-1.290265,53.207763],[-1.283577,53.222734],[-1.289806,53.226457],[-1.285689,53.230837],[-1.293591,53.233132],[-1.285286,53.237037],[-1.282875,53.246821],[-1.278928,53.249853],[-1.280298,53.257502],[-1.276531,53.258648],[-1.271347,53.26383],[-1.269633,53.267595],[-1.268019,53.274327],[-1.275108,53.280752],[-1.274613,53.283446],[-1.287373,53.291792],[-1.282846,53.293383],[-1.281579,53.30632],[-1.287356,53.310849],[-1.282093,53.311447],[-1.281865,53.316119],[-1.275972,53.318421],[-1.278836,53.326618],[-1.284649,53.32917],[-1.285099,53.338162],[-1.281127,53.342183],[-1.272369,53.344916],[-1.272032,53.347071],[-1.266718,53.350365],[-1.254429,53.348671],[-1.250343,53.350353],[-1.250876,53.354222],[-1.259544,53.356882],[-1.267109,53.362592],[-1.272217,53.362623],[-1.27729,53.364811],[-1.282287,53.371493],[-1.282841,53.374283],[-1.274265,53.374771],[-1.275397,53.378912],[-1.268958,53.386244],[-1.271443,53.390394],[-1.267973,53.391092],[-1.2551,53.404945],[-1.261738,53.403817],[-1.265448,53.406717],[-1.277575,53.410117],[-1.279288,53.41561],[-1.279049,53.420822],[-1.282925,53.423003],[-1.287591,53.422941],[-1.291145,53.426378],[-1.285546,53.428232],[-1.280441,53.427482],[-1.27343,53.432653],[-1.268304,53.433161],[-1.273196,53.437595],[-1.267294,53.439357],[-1.244694,53.440475],[-1.239166,53.438103],[-1.234003,53.440587],[-1.227674,53.440905],[-1.223991,53.444747],[-1.218668,53.447678],[-1.218134,53.452169],[-1.212675,53.454201],[-1.219698,53.457213],[-1.21422,53.460233],[-1.213401,53.463823],[-1.207472,53.466751],[-1.209164,53.472964],[-1.214827,53.476327],[-1.205334,53.484444],[-1.204464,53.490641],[-1.201572,53.492149],[-1.190857,53.492886],[-1.185525,53.495816],[-1.185876,53.501122],[-1.17708,53.503758],[-1.17185,53.501385],[-1.162628,53.502669],[-1.159698,53.505975],[-1.150177,53.507076],[-1.140865,53.512762],[-1.140222,53.514735],[-1.131127,53.517006],[-1.13136,53.520334],[-1.12468,53.522442],[-1.120331,53.528523],[-1.094337,53.537767],[-1.093552,53.539199],[-1.083861,53.540743],[-1.067795,53.537113],[-1.060571,53.543079],[-1.053167,53.54347],[-1.053325,53.549944],[-1.061277,53.552074],[-1.058664,53.55421],[-1.059978,53.56303],[-1.056015,53.564706],[-1.058674,53.567334],[-1.056008,53.571807],[-1.065693,53.577726],[-1.064728,53.580415],[-1.061099,53.580566],[-1.06011,53.584334],[-1.046077,53.590335],[-1.028452,53.594688],[-1.029953,53.601711],[-1.019329,53.603692],[-1.018087,53.60512],[-1.003575,53.605269],[-0.996569,53.607548],[-0.995605,53.609967],[-0.988476,53.610985],[-0.978467,53.618631],[-0.969904,53.61631],[-0.964857,53.619392],[-0.962496,53.623408],[-0.951856,53.624818],[-0.94091,53.629162],[-0.942013,53.631827],[-0.950278,53.631279],[-0.950208,53.634125],[-1.036205,53.628201],[-1.043496,53.611358],[-1.066939,53.605882],[-1.079402,53.606218],[-1.119746,53.615226],[-1.148458,53.616204],[-1.168535,53.636056],[-1.173321,53.644354],[-1.178216,53.643763],[-1.184153,53.649646],[-1.19622,53.651526],[-1.203708,53.65562],[-1.210002,53.656283],[-1.213433,53.661527],[-1.219477,53.662016],[-1.226312,53.664783],[-1.211803,53.667808],[-1.198737,53.667274],[-1.198711,53.668624],[-1.207719,53.672277],[-1.206033,53.677851],[-1.209111,53.678577],[-1.217269,53.687616],[-1.217191,53.692567],[-1.22607,53.703408],[-1.231311,53.706588],[-1.2278,53.710606],[-1.22894,53.714894],[-1.238491,53.712721],[-1.257278,53.712163],[-1.268606,53.715259],[-1.265362,53.721627],[-1.260301,53.718586],[-1.251572,53.7184],[-1.250767,53.720193],[-1.242656,53.721436],[-1.22502,53.719578],[-1.21278,53.725433],[-1.231927,53.726363],[-1.240939,53.730915],[-1.234836,53.733123],[-1.249753,53.7467],[-1.236107,53.746614],[-1.23455,53.748851],[-1.223969,53.746985],[-1.193654,53.746336],[-1.198143,53.749512],[-1.211014,53.750496],[-1.211739,53.752298],[-1.178335,53.754321],[-1.172975,53.756933],[-1.18763,53.759115],[-1.212739,53.756884],[-1.22316,53.761033],[-1.248033,53.756051],[-1.26142,53.756565],[-1.277411,53.762127],[-1.298497,53.765811],[-1.318799,53.772956],[-1.364261,53.781385],[-1.367881,53.783816],[-1.371217,53.791332],[-1.38098,53.795753],[-1.416463,53.797281],[-1.431579,53.801096]]]},"properties":{"OBJECTID_1":31,"OBJECTID":31,"NAME":"South Pennines","REGION":"Leeds","SHORT_NAME":"SPN","Shape_Leng":434180.287149,"DisplayOrd":75,"Shape_Le_1":0,"Shape_Area":0}},{"type":"Feature","geometry":{"type":"Polygon","coordinates":[[[-1.673017,54.535371],[-1.682415,54.533349],[-1.694197,54.5358],[-1.703479,54.526995],[-1.699436,54.513432],[-1.684664,54.482374],[-1.658012,54.475566],[-1.627421,54.463639],[-1.608541,54.437578],[-1.622719,54.401118],[-1.62806,54.393066],[-1.622432,54.385231],[-1.620258,54.370754],[-1.622089,54.326186],[-1.619728,54.292747],[-1.610125,54.270429],[-1.61023,54.259286],[-1.60505,54.248125],[-1.591417,54.236936],[-1.591527,54.225792],[-1.553971,54.181084],[-1.554091,54.16994],[-1.573312,54.147722],[-1.562686,54.142808],[-1.55445,54.136509],[-1.535846,54.103007],[-1.517014,54.091789],[-1.517401,54.058358],[-1.508863,54.052245],[-1.498669,54.040946],[-1.479835,54.032874],[-1.468289,54.024718],[-1.461154,54.013542],[-1.447541,54.002336],[-1.442531,53.991169],[-1.423774,53.979936],[-1.415528,53.968752],[-1.410855,53.957584],[-1.405661,53.924125],[-1.411435,53.916353],[-1.424695,53.913074],[-1.427751,53.901944],[-1.409062,53.888994],[-1.406293,53.87955],[-1.398583,53.872979],[-1.396166,53.868355],[-1.406609,53.857263],[-1.405578,53.834968],[-1.414553,53.828326],[-1.425916,53.823923],[-1.433253,53.817099],[-1.431579,53.801096],[-1.416463,53.797281],[-1.38098,53.795753],[-1.371217,53.791332],[-1.367881,53.783816],[-1.364261,53.781385],[-1.318799,53.772956],[-1.298497,53.765811],[-1.277411,53.762127],[-1.26142,53.756565],[-1.248033,53.756051],[-1.22316,53.761033],[-1.212739,53.756884],[-1.18763,53.759115],[-1.172975,53.756933],[-1.178335,53.754321],[-1.211739,53.752298],[-1.211014,53.750496],[-1.198143,53.749512],[-1.193654,53.746336],[-1.223969,53.746985],[-1.23455,53.748851],[-1.236107,53.746614],[-1.249753,53.7467],[-1.234836,53.733123],[-1.240939,53.730915],[-1.231927,53.726363],[-1.21278,53.725433],[-1.22502,53.719578],[-1.242656,53.721436],[-1.250767,53.720193],[-1.251572,53.7184],[-1.260301,53.718586],[-1.265362,53.721627],[-1.268606,53.715259],[-1.257278,53.712163],[-1.238491,53.712721],[-1.22894,53.714894],[-1.2278,53.710606],[-1.231311,53.706588],[-1.22607,53.703408],[-1.217191,53.692567],[-1.217269,53.687616],[-1.209111,53.678577],[-1.206033,53.677851],[-1.207719,53.672277],[-1.198711,53.668624],[-1.198737,53.667274],[-1.211803,53.667808],[-1.226312,53.664783],[-1.219477,53.662016],[-1.213433,53.661527],[-1.210002,53.656283],[-1.203708,53.65562],[-1.19622,53.651526],[-1.184153,53.649646],[-1.178216,53.643763],[-1.173321,53.644354],[-1.168535,53.636056],[-1.148458,53.616204],[-1.119746,53.615226],[-1.079402,53.606218],[-1.066939,53.605882],[-1.043496,53.611358],[-1.036205,53.628201],[-0.950208,53.634125],[-0.950278,53.631279],[-0.942013,53.631827],[-0.944659,53.640582],[-0.930592,53.642739],[-0.927771,53.638502],[-0.923235,53.638461],[-0.919837,53.635284],[-0.921324,53.630354],[-0.914623,53.632181],[-0.910203,53.627647],[-0.906745,53.626896],[-0.901216,53.630171],[-0.898504,53.629787],[-0.898507,53.623854],[-0.894147,53.622915],[-0.894678,53.619954],[-0.88726,53.620334],[-0.884787,53.622379],[-0.869347,53.623043],[-0.868608,53.62807],[-0.864293,53.631085],[-0.857704,53.628685],[-0.855653,53.631812],[-0.841474,53.63599],[-0.836046,53.640881],[-0.830139,53.641183],[-0.826085,53.638267],[-0.820073,53.646622],[-0.820905,53.651205],[-0.811997,53.659694],[-0.794638,53.66066],[-0.780793,53.673097],[-0.775961,53.67362],[-0.763564,53.669486],[-0.761519,53.673468],[-0.766266,53.675806],[-0.763222,53.68092],[-0.763911,53.690078],[-0.759819,53.697982],[-0.771384,53.695426],[-0.780607,53.69597],[-0.799615,53.703982],[-0.810653,53.704721],[-0.824118,53.69991],[-0.845385,53.685538],[-0.852979,53.685251],[-0.860869,53.690818],[-0.866246,53.699238],[-0.86188,53.70387],[-0.846453,53.708487],[-0.843966,53.7108],[-0.843822,53.721585],[-0.84982,53.729463],[-0.856141,53.730027],[-0.856302,53.72521],[-0.862746,53.722305],[-0.871996,53.722123],[-0.888708,53.726324],[-0.904311,53.726647],[-0.911699,53.728153],[-0.910993,53.732012],[-0.930878,53.730932],[-0.961233,53.735514],[-0.959386,53.736666],[-0.930837,53.73255],[-0.910342,53.733714],[-0.907602,53.728295],[-0.884116,53.727989],[-0.871325,53.724544],[-0.859321,53.731261],[-0.849608,53.731708],[-0.841199,53.723267],[-0.839717,53.711029],[-0.845005,53.706046],[-0.859493,53.702499],[-0.863078,53.698758],[-0.857399,53.690345],[-0.850078,53.686679],[-0.842571,53.689843],[-0.826024,53.702176],[-0.811508,53.706617],[-0.804531,53.706907],[-0.795498,53.704929],[-0.778141,53.697473],[-0.738473,53.707039],[-0.71773,53.706639],[-0.696002,53.703798],[-0.688323,53.70713],[-0.680425,53.712616],[-0.6746,53.719563],[-0.669222,53.72193],[-0.623632,53.730314],[-0.610435,53.730612],[-0.594132,53.728534],[-0.583777,53.725446],[-0.568068,53.714922],[-0.550992,53.709143],[-0.541309,53.708756],[-0.481761,53.717275],[-0.463384,53.717131],[-0.447963,53.713264],[-0.367233,53.727994],[-0.365194,53.729764],[-0.341617,53.735643],[-0.340324,53.737692],[-0.333194,53.737773],[-0.309649,53.742657],[-0.301129,53.743346],[-0.301183,53.745774],[-0.292078,53.745914],[-0.29187,53.743574],[-0.273942,53.74071],[-0.274793,53.745846],[-0.257778,53.742903],[-0.257798,53.738768],[-0.269056,53.741538],[-0.27199,53.740232],[-0.251354,53.733281],[-0.242977,53.737833],[-0.242361,53.730812],[-0.234304,53.727727],[-0.235029,53.721266],[-0.227882,53.711002],[-0.182707,53.686863],[-0.147812,53.660708],[-0.113299,53.640167],[-0.094625,53.633255],[-0.053465,53.629096],[-0.048504,53.631712],[-0.004907,53.64214],[0.013927,53.643713],[0.018133,53.646249],[0.03342,53.649496],[0.072334,53.643885],[0.112781,53.629782],[0.137811,53.616302],[0.146007,53.609161],[0.146847,53.606054],[0.142776,53.597011],[0.126036,53.586575],[0.116134,53.577994],[0.111327,53.576407],[0.112533,53.573329],[0.145016,53.597366],[0.148892,53.605837],[0.142696,53.621995],[0.130188,53.639363],[0.128873,53.647181],[0.115504,53.666054],[0.072219,53.70322],[0.044701,53.723111],[0.035455,53.732528],[-0.025472,53.781462],[-0.121928,53.868141],[-0.157144,53.90779],[-0.180739,53.946354],[-0.206482,53.996271],[-0.21368,54.020558],[-0.214529,54.036392],[-0.211167,54.061331],[-0.202366,54.074054],[-0.195381,54.080062],[-0.188134,54.081481],[-0.175811,54.094059],[-0.16484,54.100094],[-0.138001,54.105165],[-0.116597,54.104922],[-0.11237,54.103687],[-0.082485,54.111575],[-0.075505,54.116946],[-0.081326,54.123422],[-0.102361,54.131935],[-0.10841,54.133558],[-0.123955,54.13506],[-0.146092,54.143224],[-0.155683,54.14445],[-0.170368,54.151685],[-0.182932,54.155021],[-0.224036,54.160758],[-0.246494,54.169357],[-0.269689,54.182546],[-0.283366,54.196405],[-0.284848,54.205055],[-0.281739,54.21346],[-0.27563,54.220204],[-0.289982,54.225532],[-0.311628,54.228893],[-0.313606,54.233056],[-0.334689,54.239101],[-0.340169,54.244031],[-0.349751,54.242365],[-0.362364,54.245503],[-0.368811,54.249366],[-0.367678,54.254743],[-0.374973,54.260504],[-0.375774,54.263571],[-0.383101,54.264659],[-0.39135,54.269712],[-0.39334,54.272356],[-0.426088,54.261352],[-0.432793,54.233801],[-0.525868,54.23316],[-0.582045,54.229992],[-0.671949,54.233835],[-0.675692,54.237481],[-0.695798,54.241345],[-0.734856,54.24209],[-0.743921,54.247917],[-0.750601,54.255092],[-0.754189,54.264633],[-0.79127,54.264958],[-0.810415,54.261248],[-0.82943,54.261991],[-0.867266,54.270649],[-0.886435,54.265874],[-0.906058,54.243765],[-0.982333,54.237147],[-1.001447,54.233449],[-1.008846,54.222366],[-0.994651,54.199959],[-1.002372,54.195071],[-1.027853,54.189088],[-1.033179,54.177986],[-1.014609,54.160005],[-1.003325,54.155454],[-1.022346,54.154018],[-1.136268,54.153859],[-1.155198,54.156615],[-1.174183,54.156747],[-1.198926,54.168995],[-1.188796,54.190769],[-1.211416,54.195809],[-1.23266,54.20291],[-1.238776,54.207989],[-1.251086,54.21404],[-1.260447,54.224925],[-1.264568,54.235031],[-1.288492,54.242922],[-1.293511,54.247618],[-1.299363,54.26912],[-1.306979,54.280925],[-1.306769,54.302951],[-1.344565,54.314736],[-1.353329,54.325984],[-1.356988,54.337111],[-1.343871,54.348334],[-1.336182,54.359492],[-1.332016,54.370016],[-1.33183,54.381496],[-1.317094,54.392614],[-1.299344,54.411179],[-1.289779,54.418404],[-1.279298,54.422822],[-1.253882,54.429761],[-1.225126,54.435087],[-1.209247,54.436571],[-1.152093,54.436183],[-1.132979,54.439035],[-1.123313,54.441765],[-1.113273,54.446919],[-1.112871,54.458116],[-1.131695,54.469453],[-1.139316,54.490822],[-1.137731,54.50099],[-1.166468,54.503714],[-1.184863,54.507271],[-1.203555,54.50688],[-1.213614,54.509991],[-1.230374,54.511868],[-1.234635,54.510302],[-1.23415,54.506128],[-1.238282,54.506218],[-1.24209,54.501644],[-1.256444,54.501094],[-1.253032,54.497769],[-1.256995,54.493194],[-1.257173,54.487308],[-1.269069,54.488294],[-1.274173,54.491056],[-1.280748,54.49043],[-1.285266,54.487813],[-1.28648,54.482721],[-1.308575,54.476475],[-1.312886,54.477264],[-1.318083,54.472186],[-1.340045,54.466351],[-1.344685,54.472395],[-1.356261,54.472913],[-1.36392,54.466137],[-1.370311,54.47101],[-1.372514,54.481156],[-1.368033,54.484827],[-1.380782,54.494016],[-1.382836,54.487274],[-1.394821,54.485667],[-1.396949,54.491581],[-1.40195,54.49422],[-1.406671,54.493616],[-1.40996,54.489673],[-1.407756,54.483896],[-1.409238,54.478845],[-1.417659,54.477074],[-1.422911,54.478867],[-1.431065,54.479251],[-1.42458,54.483853],[-1.441239,54.490169],[-1.456841,54.503229],[-1.461549,54.50427],[-1.472938,54.501437],[-1.475369,54.498327],[-1.472689,54.496006],[-1.462014,54.496281],[-1.458246,54.492827],[-1.4616,54.485939],[-1.457357,54.48147],[-1.461418,54.477999],[-1.462687,54.472754],[-1.496908,54.474496],[-1.497179,54.476912],[-1.488305,54.483298],[-1.491876,54.486281],[-1.505197,54.482307],[-1.511114,54.475],[-1.511281,54.482087],[-1.51735,54.484964],[-1.526338,54.485206],[-1.530498,54.483296],[-1.529977,54.475828],[-1.519265,54.471546],[-1.533482,54.469188],[-1.547623,54.472309],[-1.552927,54.48367],[-1.571901,54.489752],[-1.581226,54.496618],[-1.576475,54.502575],[-1.578989,54.505176],[-1.58971,54.503578],[-1.577293,54.509782],[-1.580842,54.512834],[-1.594427,54.512334],[-1.601455,54.510527],[-1.598848,54.516335],[-1.604214,54.519501],[-1.611504,54.519994],[-1.622121,54.514975],[-1.633391,54.513958],[-1.629414,54.521249],[-1.634113,54.52563],[-1.653899,54.524433],[-1.653192,54.531604],[-1.660414,54.535189],[-1.673017,54.535371]]]},"properties":{"OBJECTID_1":32,"OBJECTID":32,"NAME":"Vale & Wolds","REGION":"Leeds","SHORT_NAME":"VWD","Shape_Leng":637813.363826,"DisplayOrd":77,"Shape_Le_1":0,"Shape_Area":0}},{"type":"Feature","geometry":{"type":"Polygon","coordinates":[[[-0.81011,54.559692],[-0.859702,54.544228],[-0.878559,54.555548],[-0.917191,54.544756],[-0.936064,54.556067],[-0.955186,54.558053],[-0.974402,54.556398],[-0.993498,54.559508],[-1.051008,54.560088],[-1.060135,54.562896],[-1.069996,54.568314],[-1.082589,54.564534],[-1.12776,54.557601],[-1.135768,54.546515],[-1.136977,54.530357],[-1.133477,54.521335],[-1.133399,54.513067],[-1.139316,54.490822],[-1.131695,54.469453],[-1.112871,54.458116],[-1.113273,54.446919],[-1.123313,54.441765],[-1.132979,54.439035],[-1.152093,54.436183],[-1.209247,54.436571],[-1.225126,54.435087],[-1.253882,54.429761],[-1.279298,54.422822],[-1.29528,54.414889],[-1.317094,54.392614],[-1.33183,54.381496],[-1.332016,54.370016],[-1.336182,54.359492],[-1.343871,54.348334],[-1.356988,54.337111],[-1.353329,54.325984],[-1.344565,54.314736],[-1.306769,54.302951],[-1.306979,54.280925],[-1.299363,54.26912],[-1.293511,54.247618],[-1.288492,54.242922],[-1.264568,54.235031],[-1.260447,54.224925],[-1.251086,54.21404],[-1.238776,54.207989],[-1.23266,54.20291],[-1.211416,54.195809],[-1.188796,54.190769],[-1.198926,54.168995],[-1.174183,54.156747],[-1.155198,54.156615],[-1.136268,54.153859],[-1.022346,54.154018],[-1.003325,54.155454],[-1.014609,54.160005],[-1.033179,54.177986],[-1.027853,54.189088],[-1.002372,54.195071],[-0.994651,54.199959],[-1.008846,54.222366],[-1.001447,54.233449],[-0.982333,54.237147],[-0.906058,54.243765],[-0.886435,54.265874],[-0.867266,54.270649],[-0.82943,54.261991],[-0.810415,54.261248],[-0.79127,54.264958],[-0.754189,54.264633],[-0.750601,54.255092],[-0.743921,54.247917],[-0.734856,54.24209],[-0.695798,54.241345],[-0.675692,54.237481],[-0.671949,54.233835],[-0.582045,54.229992],[-0.525868,54.23316],[-0.432793,54.233801],[-0.426088,54.261352],[-0.39334,54.272356],[-0.397224,54.280577],[-0.39155,54.284276],[-0.383642,54.285375],[-0.38338,54.289326],[-0.388876,54.292195],[-0.396463,54.289501],[-0.408307,54.295914],[-0.409897,54.302496],[-0.407734,54.306782],[-0.415305,54.309758],[-0.418649,54.314745],[-0.418073,54.321749],[-0.421248,54.327183],[-0.418117,54.332625],[-0.422618,54.339605],[-0.432382,54.34171],[-0.430831,54.346094],[-0.434583,54.352614],[-0.439632,54.357443],[-0.446917,54.360144],[-0.4472,54.368956],[-0.457462,54.382659],[-0.474265,54.399168],[-0.477032,54.398906],[-0.491048,54.407351],[-0.502628,54.406687],[-0.524097,54.418096],[-0.53058,54.426444],[-0.529609,54.437182],[-0.523277,54.441338],[-0.521801,54.446784],[-0.533166,54.451147],[-0.541812,54.459584],[-0.557628,54.464744],[-0.569248,54.480179],[-0.578944,54.483646],[-0.585352,54.483595],[-0.592887,54.488033],[-0.605024,54.490664],[-0.609728,54.49034],[-0.612595,54.487767],[-0.608759,54.483876],[-0.613279,54.480315],[-0.615727,54.49102],[-0.626535,54.491899],[-0.636891,54.495251],[-0.66298,54.500144],[-0.674111,54.505983],[-0.671987,54.512422],[-0.676003,54.513841],[-0.681575,54.519744],[-0.696246,54.521889],[-0.703575,54.52657],[-0.706191,54.531316],[-0.713995,54.534761],[-0.719265,54.530341],[-0.72782,54.530054],[-0.730592,54.52735],[-0.73915,54.526937],[-0.744885,54.528371],[-0.74946,54.532391],[-0.746785,54.535968],[-0.750264,54.540983],[-0.766552,54.546246],[-0.764762,54.549211],[-0.772358,54.552641],[-0.775627,54.557069],[-0.795967,54.55952],[-0.81011,54.559692]]]},"properties":{"OBJECTID_1":33,"OBJECTID":33,"NAME":"Moors","REGION":"Leeds","SHORT_NAME":"MOOR","Shape_Leng":218107.52693,"DisplayOrd":76,"Shape_Le_1":0,"Shape_Area":0}},{"type":"Feature","geometry":{"type":"Polygon","coordinates":[[[-2.193557,54.833861],[-2.198095,54.839496],[-2.222584,54.839165],[-2.222523,54.828022],[-2.241823,54.827985],[-2.245108,54.839121],[-2.251093,54.844961],[-2.272947,54.854625],[-2.290517,54.872449],[-2.300091,54.877254],[-2.319417,54.877441],[-2.323597,54.874787],[-2.323369,54.852475],[-2.338511,54.850039],[-2.353333,54.8526],[-2.377237,54.861068],[-2.382171,54.872195],[-2.38559,54.894469],[-2.396991,54.905575],[-2.397101,54.916717],[-2.405345,54.923121],[-2.416558,54.927795],[-2.435954,54.932153],[-2.468285,54.923992],[-2.486882,54.912426],[-2.493676,54.905221],[-2.493404,54.882936],[-2.51273,54.882856],[-2.516643,54.893982],[-2.53235,54.905057],[-2.57118,54.916023],[-2.590359,54.904789],[-2.622793,54.901064],[-2.647051,54.895053],[-2.619119,54.890307],[-2.609086,54.882351],[-2.593092,54.873279],[-2.579009,54.858478],[-2.577933,54.852194],[-2.581817,54.84646],[-2.572661,54.828777],[-2.565638,54.821948],[-2.546679,54.810596],[-2.546547,54.800305],[-2.549427,54.793431],[-2.552373,54.791704],[-2.549228,54.777996],[-2.553995,54.764254],[-2.554782,54.748813],[-2.551713,54.740822],[-2.544709,54.733991],[-2.48705,54.702778],[-2.479075,54.695947],[-2.4672,54.693132],[-2.455283,54.686314],[-2.433345,54.66352],[-2.426311,54.650393],[-2.423242,54.638968],[-2.41729,54.634985],[-2.391583,54.625918],[-2.385625,54.62079],[-2.38555,54.612213],[-2.382579,54.610507],[-2.360895,54.608853],[-2.355952,54.60658],[-2.34407,54.598607],[-2.330183,54.584921],[-2.30549,54.572973],[-2.294654,54.571283],[-2.279903,54.57303],[-2.275957,54.571323],[-2.263114,54.562772],[-2.253206,54.550213],[-2.24632,54.550225],[-2.239424,54.54795],[-2.244324,54.544512],[-2.243331,54.542798],[-2.225591,54.534824],[-2.216735,54.533122],[-2.210807,54.526842],[-2.210794,54.523984],[-2.203906,54.522279],[-2.188189,54.524588],[-2.182289,54.524024],[-2.177366,54.521743],[-2.181271,54.514877],[-2.193046,54.510288],[-2.194009,54.505712],[-2.206754,54.499405],[-2.206707,54.488541],[-2.203738,54.4834],[-2.194877,54.477694],[-2.192885,54.470836],[-2.201713,54.469108],[-2.210524,54.46395],[-2.223279,54.462786],[-2.226214,54.461066],[-2.236029,54.461049],[-2.248756,54.455308],[-2.270342,54.454695],[-2.273278,54.453546],[-2.270297,54.447263],[-2.272235,54.443256],[-2.278104,54.440386],[-2.287913,54.440364],[-2.291825,54.438641],[-2.293762,54.434634],[-2.30255,54.428897],[-2.310328,54.419159],[-2.307332,54.411161],[-2.307258,54.400297],[-2.29741,54.392887],[-2.306048,54.366566],[-2.309962,54.365985],[-2.317807,54.367682],[-2.324636,54.364234],[-2.338344,54.3642],[-2.354925,54.356151],[-2.333244,54.336767],[-2.322436,54.330505],[-2.314594,54.328236],[-2.311635,54.324813],[-2.312558,54.316806],[-2.325222,54.309913],[-2.32228,54.308778],[-2.32518,54.304196],[-2.319286,54.300209],[-2.320235,54.296203],[-2.314346,54.292787],[-2.319196,54.287629],[-2.32504,54.284757],[-2.325992,54.281323],[-2.320947,54.259036],[-2.310158,54.252201],[-2.290632,54.252817],[-2.289642,54.250531],[-2.29351,54.244805],[-2.289576,54.240239],[-2.286643,54.239674],[-2.265231,54.250582],[-2.254471,54.247172],[-2.257349,54.238018],[-2.262197,54.232292],[-2.260229,54.229436],[-2.250457,54.227167],[-2.266022,54.218561],[-2.275761,54.215683],[-2.284488,54.207087],[-2.279549,54.196806],[-2.272695,54.192245],[-2.264904,54.193976],[-2.259076,54.19799],[-2.250303,54.198579],[-2.251238,54.191144],[-2.240489,54.186588],[-2.250211,54.181425],[-2.251169,54.178564],[-2.239426,54.169436],[-2.244268,54.16371],[-2.251077,54.16141],[-2.250081,54.15741],[-2.258811,54.150532],[-2.255869,54.147107],[-2.249042,54.145404],[-2.246102,54.141979],[-2.236367,54.142568],[-2.223685,54.138015],[-2.213957,54.140317],[-2.20518,54.137472],[-2.198345,54.132907],[-2.198336,54.130621],[-2.208993,54.118597],[-2.207987,54.111165],[-2.211869,54.108872],[-2.20893,54.104303],[-2.211819,54.097437],[-2.220545,54.091133],[-2.213718,54.087141],[-2.213705,54.084282],[-2.203948,54.076863],[-2.20879,54.072282],[-2.202927,54.065429],[-2.204861,54.063139],[-2.215546,54.061408],[-2.223301,54.05682],[-2.226172,54.047667],[-2.237814,54.044216],[-2.238725,54.032207],[-2.22417,54.035091],[-2.200799,54.021404],[-2.204627,54.008246],[-2.196843,54.003683],[-2.192928,53.995683],[-2.181259,53.989409],[-2.178334,53.98541],[-2.190917,53.97796],[-2.189918,53.970528],[-2.182149,53.967679],[-2.178249,53.961966],[-2.163689,53.957409],[-2.154939,53.949413],[-2.152978,53.941982],[-2.156847,53.93969],[-2.157804,53.935687],[-2.165547,53.932819],[-2.165501,53.919095],[-2.174195,53.912223],[-2.18097,53.911071],[-2.18096,53.908212],[-2.186759,53.905346],[-2.187694,53.896767],[-2.19059,53.894476],[-2.199296,53.892748],[-2.201226,53.89103],[-2.199253,53.882455],[-2.190542,53.881895],[-2.185708,53.883617],[-2.174072,53.877342],[-2.168266,53.877349],[-2.153762,53.881368],[-2.133442,53.883104],[-2.123776,53.888259],[-2.1199,53.886546],[-2.114094,53.887122],[-2.110231,53.891128],[-2.10539,53.891131],[-2.093763,53.884276],[-2.078273,53.880853],[-2.074395,53.875136],[-2.068587,53.872279],[-2.06858,53.865989],[-2.065676,53.864274],[-2.042457,53.860849],[-2.039555,53.859134],[-2.03949,53.855231],[-1.994758,53.86755],[-1.982213,53.869259],[-1.886653,53.872045],[-1.885689,53.88175],[-1.888585,53.888604],[-1.886654,53.901734],[-1.890519,53.914871],[-1.888814,53.91999],[-1.893382,53.919994],[-1.890031,53.922927],[-1.905546,53.927194],[-1.914672,53.932594],[-1.923813,53.934118],[-1.92912,53.938264],[-1.92399,53.940036],[-1.925988,53.952751],[-1.937487,53.953279],[-1.937485,53.955077],[-1.946625,53.957778],[-1.950894,53.961499],[-1.958814,53.960422],[-1.960335,53.963176],[-1.955758,53.967668],[-1.971102,53.973627],[-1.966421,53.976659],[-1.961841,53.983848],[-1.958929,53.995085],[-1.946924,54.013085],[-1.972027,54.037034],[-1.980651,54.043101],[-2.001731,54.052985],[-2.009897,54.059325],[-2.017282,54.070468],[-2.016876,54.07457],[-2.009902,54.081613],[-1.990951,54.078018],[-1.971997,54.08161],[-1.97199,54.092754],[-1.953032,54.092748],[-1.947107,54.08509],[-1.934092,54.081595],[-1.915139,54.081583],[-1.902467,54.077886],[-1.872637,54.07312],[-1.858329,54.0676],[-1.839395,54.064462],[-1.820425,54.070335],[-1.830132,54.075771],[-1.839286,54.09265],[-1.83138,54.103783],[-1.832503,54.110985],[-1.848562,54.148382],[-1.851111,54.152452],[-1.866904,54.159547],[-1.868473,54.164546],[-1.876971,54.170702],[-1.865888,54.17534],[-1.857939,54.181825],[-1.819894,54.192918],[-1.83372,54.195967],[-1.843102,54.212729],[-1.846219,54.23753],[-1.851,54.24148],[-1.876752,54.244439],[-1.933845,54.237609],[-1.948353,54.24876],[-1.946738,54.252339],[-1.952843,54.259906],[-1.957175,54.251294],[-1.966911,54.245852],[-1.990915,54.243199],[-1.998362,54.24441],[-2.01822,54.255068],[-2.024046,54.259912],[-2.028989,54.271055],[-2.03635,54.277885],[-2.05893,54.286963],[-2.08616,54.293314],[-2.105199,54.291846],[-2.114889,54.293291],[-2.124286,54.304425],[-2.143341,54.304406],[-2.14338,54.315547],[-2.128845,54.318205],[-2.105289,54.32673],[-2.086231,54.33036],[-2.067158,54.326758],[-2.029028,54.326773],[-2.019501,54.337919],[-2.009967,54.342622],[-2.001414,54.344066],[-1.990893,54.349063],[-1.971817,54.34906],[-1.971802,54.371347],[-1.990887,54.376029],[-2.009975,54.377944],[-2.038608,54.376916],[-2.048146,54.371341],[-2.048159,54.382484],[-2.03264,54.384574],[-2.020353,54.388547],[-2.009981,54.400905],[-1.990881,54.404781],[-2.00647,54.40683],[-2.009983,54.409026],[-2.012192,54.414636],[-2.00999,54.437555],[-1.996336,54.435027],[-1.990874,54.435374],[-1.981376,54.432604],[-1.971764,54.427065],[-1.952655,54.424884],[-1.94399,54.433152],[-1.914383,54.449324],[-1.91436,54.460468],[-1.933479,54.465545],[-1.95261,54.464203],[-1.971734,54.471638],[-2.01,54.475886],[-2.015324,54.474741],[-2.029134,54.475151],[-2.048264,54.471631],[-2.067396,54.471622],[-2.091901,54.479631],[-2.105719,54.493881],[-2.116134,54.498961],[-2.144044,54.504985],[-2.144083,54.516128],[-2.130989,54.519662],[-2.117351,54.534004],[-2.114447,54.538446],[-2.114489,54.549589],[-2.129261,54.558275],[-2.14424,54.560701],[-2.14428,54.571844],[-2.159903,54.569763],[-2.164528,54.571196],[-2.166768,54.582958],[-2.163517,54.586203],[-2.132859,54.5986],[-2.125203,54.605294],[-2.10603,54.613691],[-2.103318,54.616458],[-2.106044,54.61922],[-2.146827,54.637356],[-2.163728,54.638677],[-2.16517,54.650627],[-2.163783,54.652392],[-2.153401,54.654951],[-2.144596,54.660988],[-2.125375,54.661009],[-2.112058,54.657594],[-2.086923,54.657024],[-2.067705,54.657584],[-2.048489,54.661064],[-2.029268,54.661071],[-2.02563,54.672214],[-2.029284,54.683357],[-2.048543,54.705636],[-2.061661,54.709179],[-2.106294,54.714776],[-2.125547,54.716723],[-2.144795,54.716702],[-2.166671,54.726318],[-2.18334,54.727793],[-2.185673,54.737608],[-2.198756,54.736665],[-2.2054,54.7389],[-2.202672,54.743577],[-2.183405,54.742119],[-2.176721,54.750088],[-2.144942,54.758034],[-2.106503,54.759787],[-2.104126,54.761318],[-2.106504,54.766544],[-2.12572,54.772437],[-2.145034,54.783558],[-2.123068,54.793156],[-2.126165,54.795264],[-2.141023,54.797284],[-2.149856,54.803381],[-2.164719,54.805544],[-2.164515,54.81747],[-2.193557,54.833861]]]},"properties":{"OBJECTID_1":34,"OBJECTID":34,"NAME":"West Pennines","REGION":"Leeds","SHORT_NAME":"WPN","Shape_Leng":472813.186644,"DisplayOrd":74,"Shape_Le_1":0,"Shape_Area":0}},{"type":"Feature","geometry":{"type":"Polygon","coordinates":[[[-1.796672,54.983097],[-1.791274,55.020643],[-1.837814,55.03599],[-1.854925,55.039836],[-1.874327,55.039858],[-1.887657,55.043353],[-1.910264,55.052662],[-1.926673,55.062185],[-1.942888,55.067292],[-1.997767,55.022068],[-2.00402,54.963765],[-2.040469,54.893717],[-2.169305,54.837384],[-2.198106,54.839509],[-2.193557,54.833861],[-2.164515,54.81747],[-2.164719,54.805544],[-2.149856,54.803381],[-2.141023,54.797284],[-2.126165,54.795264],[-2.123068,54.793156],[-2.145034,54.783558],[-2.12572,54.772437],[-2.106504,54.766544],[-2.104126,54.761318],[-2.106503,54.759787],[-2.144942,54.758034],[-2.176721,54.750088],[-2.183405,54.742119],[-2.202672,54.743577],[-2.2054,54.7389],[-2.198756,54.736665],[-2.185673,54.737608],[-2.18334,54.727793],[-2.166671,54.726318],[-2.144795,54.716702],[-2.125547,54.716723],[-2.106294,54.714776],[-2.061661,54.709179],[-2.048543,54.705636],[-2.029284,54.683357],[-2.02563,54.672214],[-2.029268,54.661071],[-2.048489,54.661064],[-2.067705,54.657584],[-2.086923,54.657024],[-2.112058,54.657594],[-2.125375,54.661009],[-2.144596,54.660988],[-2.153401,54.654951],[-2.163783,54.652392],[-2.16517,54.650627],[-2.163728,54.638677],[-2.146827,54.637356],[-2.106044,54.61922],[-2.103318,54.616458],[-2.10603,54.613691],[-2.125203,54.605294],[-2.132859,54.5986],[-2.163517,54.586203],[-2.166768,54.582958],[-2.164528,54.571196],[-2.159903,54.569763],[-2.14428,54.571844],[-2.14424,54.560701],[-2.129261,54.558275],[-2.114489,54.549589],[-2.114447,54.538446],[-2.117351,54.534004],[-2.130989,54.519662],[-2.144083,54.516128],[-2.144044,54.504985],[-2.116134,54.498961],[-2.105719,54.493881],[-2.091901,54.479631],[-2.067396,54.471622],[-2.048264,54.471631],[-2.029134,54.475151],[-2.015324,54.474741],[-2.01,54.475886],[-1.971734,54.471638],[-1.95261,54.464203],[-1.933479,54.465545],[-1.91436,54.460468],[-1.914383,54.449324],[-1.94399,54.433152],[-1.952655,54.424884],[-1.971764,54.427065],[-1.981376,54.432604],[-1.990874,54.435374],[-1.996336,54.435027],[-2.00999,54.437555],[-2.012192,54.414636],[-2.009983,54.409026],[-2.00647,54.40683],[-1.990881,54.404781],[-2.009981,54.400905],[-2.020353,54.388547],[-2.03264,54.384574],[-2.048159,54.382484],[-2.048146,54.371341],[-2.038608,54.376916],[-2.009975,54.377944],[-1.990887,54.376029],[-1.971802,54.371347],[-1.971817,54.34906],[-1.990893,54.349063],[-2.001414,54.344066],[-2.009967,54.342622],[-2.019501,54.337919],[-2.029028,54.326773],[-2.067158,54.326758],[-2.086231,54.33036],[-2.105289,54.32673],[-2.128845,54.318205],[-2.14338,54.315547],[-2.143341,54.304406],[-2.124286,54.304425],[-2.114889,54.293291],[-2.105199,54.291846],[-2.08616,54.293314],[-2.05893,54.286963],[-2.03635,54.277885],[-2.028989,54.271055],[-2.024046,54.259912],[-2.01822,54.255068],[-1.998362,54.24441],[-1.990915,54.243199],[-1.966911,54.245852],[-1.957175,54.251294],[-1.952843,54.259906],[-1.946738,54.252339],[-1.948353,54.24876],[-1.933845,54.237609],[-1.876752,54.244439],[-1.851,54.24148],[-1.846219,54.23753],[-1.843102,54.212729],[-1.83372,54.195967],[-1.819894,54.192918],[-1.857939,54.181825],[-1.865888,54.17534],[-1.876971,54.170702],[-1.868473,54.164546],[-1.866904,54.159547],[-1.851111,54.152452],[-1.848562,54.148382],[-1.832503,54.110985],[-1.83138,54.103783],[-1.839286,54.09265],[-1.830132,54.075771],[-1.820425,54.070335],[-1.839395,54.064462],[-1.858329,54.0676],[-1.872637,54.07312],[-1.902467,54.077886],[-1.915139,54.081583],[-1.934092,54.081595],[-1.947107,54.08509],[-1.953032,54.092748],[-1.97199,54.092754],[-1.971997,54.08161],[-1.990951,54.078018],[-2.009902,54.081613],[-2.016876,54.07457],[-2.017282,54.070468],[-2.009897,54.059325],[-2.001731,54.052985],[-1.980651,54.043101],[-1.972027,54.037034],[-1.946924,54.013085],[-1.958929,53.995085],[-1.961841,53.983848],[-1.966421,53.976659],[-1.971102,53.973627],[-1.955758,53.967668],[-1.960335,53.963176],[-1.958814,53.960422],[-1.950894,53.961499],[-1.946625,53.957778],[-1.937485,53.955077],[-1.937487,53.953279],[-1.925988,53.952751],[-1.92399,53.940036],[-1.92912,53.938264],[-1.922572,53.933498],[-1.914672,53.932594],[-1.905546,53.927194],[-1.890031,53.922927],[-1.893382,53.919994],[-1.875121,53.916381],[-1.858407,53.906476],[-1.847628,53.906463],[-1.836555,53.909736],[-1.834018,53.904523],[-1.80404,53.899209],[-1.792993,53.899191],[-1.782354,53.896476],[-1.770224,53.888364],[-1.767211,53.882966],[-1.759439,53.879563],[-1.751918,53.881381],[-1.742576,53.876219],[-1.739901,53.871225],[-1.730635,53.873901],[-1.723001,53.878378],[-1.713862,53.880154],[-1.707734,53.886431],[-1.727228,53.891083],[-1.725848,53.896444],[-1.716753,53.898409],[-1.709815,53.898392],[-1.70411,53.896591],[-1.698685,53.8927],[-1.689548,53.893575],[-1.686388,53.892668],[-1.681433,53.898916],[-1.674366,53.900287],[-1.638834,53.899789],[-1.596527,53.892106],[-1.593766,53.885201],[-1.58922,53.883388],[-1.584709,53.87798],[-1.577516,53.874461],[-1.567433,53.875308],[-1.560791,53.86854],[-1.559159,53.863947],[-1.536081,53.862522],[-1.532812,53.865448],[-1.510092,53.863974],[-1.492338,53.859133],[-1.490823,53.855494],[-1.481681,53.853666],[-1.481647,53.847919],[-1.468024,53.843365],[-1.455328,53.828382],[-1.446524,53.811795],[-1.431579,53.801096],[-1.433253,53.817099],[-1.425916,53.823923],[-1.414553,53.828326],[-1.405578,53.834968],[-1.406609,53.857263],[-1.396166,53.868355],[-1.398583,53.872979],[-1.406293,53.87955],[-1.409062,53.888994],[-1.427751,53.901944],[-1.424695,53.913074],[-1.411435,53.916353],[-1.405661,53.924125],[-1.410855,53.957584],[-1.415528,53.968752],[-1.423774,53.979936],[-1.442531,53.991169],[-1.447541,54.002336],[-1.461154,54.013542],[-1.468289,54.024718],[-1.479835,54.032874],[-1.498669,54.040946],[-1.508863,54.052245],[-1.517401,54.058358],[-1.517014,54.091789],[-1.535846,54.103007],[-1.55445,54.136509],[-1.562686,54.142808],[-1.573312,54.147722],[-1.554091,54.16994],[-1.553971,54.181084],[-1.591527,54.225792],[-1.591417,54.236936],[-1.60505,54.248125],[-1.61023,54.259286],[-1.610125,54.270429],[-1.619728,54.292747],[-1.622089,54.326186],[-1.620258,54.370754],[-1.622432,54.385231],[-1.62806,54.393066],[-1.622719,54.401118],[-1.608541,54.437578],[-1.627421,54.463639],[-1.658012,54.475566],[-1.684664,54.482374],[-1.699436,54.513432],[-1.703479,54.526995],[-1.741725,54.538225],[-1.760888,54.538265],[-1.772852,54.549574],[-1.780012,54.560654],[-1.796926,54.565277],[-1.807575,54.571777],[-1.798996,54.582907],[-1.741443,54.582797],[-1.729962,54.578315],[-1.703127,54.575499],[-1.683927,54.577947],[-1.664752,54.577038],[-1.640433,54.579568],[-1.626338,54.582497],[-1.607047,54.593579],[-1.606811,54.618093],[-1.582719,54.626927],[-1.568198,54.63802],[-1.572883,54.649179],[-1.57763,54.654767],[-1.587182,54.660372],[-1.579425,54.667031],[-1.567843,54.671447],[-1.567607,54.693733],[-1.586843,54.6938],[-1.598429,54.689381],[-1.606133,54.688292],[-1.610968,54.685522],[-1.625418,54.682782],[-1.636997,54.67836],[-1.644747,54.671697],[-1.663973,54.671752],[-1.675544,54.667326],[-1.683234,54.667347],[-1.688692,54.671818],[-1.694864,54.69412],[-1.702181,54.705281],[-1.689896,54.727536],[-1.682591,54.749802],[-1.663287,54.754703],[-1.644004,54.75666],[-1.624699,54.76078],[-1.643772,54.783123],[-1.62439,54.794208],[-1.643613,54.80123],[-1.662865,54.805463],[-1.662773,54.816606],[-1.651706,54.82135],[-1.64338,54.827693],[-1.624028,54.833206],[-1.618079,54.849902],[-1.623769,54.861062],[-1.635319,54.865554],[-1.649744,54.879492],[-1.655646,54.898299],[-1.671583,54.90575],[-1.669745,54.910105],[-1.662,54.917027],[-1.661842,54.928029],[-1.67903,54.926793],[-1.699,54.915978],[-1.718371,54.916756],[-1.733422,54.912746],[-1.739553,54.905969],[-1.758639,54.906009],[-1.749013,54.911527],[-1.74657,54.926816],[-1.739316,54.938648],[-1.739091,54.950505],[-1.796112,54.981192],[-1.796672,54.983097]]]},"properties":{"OBJECTID_1":35,"OBJECTID":35,"NAME":"Central & Northern Pennines","REGION":"Leeds","SHORT_NAME":"CNPN","Shape_Leng":505911.910346,"DisplayOrd":73,"Shape_Le_1":0,"Shape_Area":0}},{"type":"Feature","geometry":{"type":"Polygon","coordinates":[[[-1.942888,55.067292],[-1.925236,55.081863],[-2.059509,55.118706],[-2.050245,55.2484],[-1.978812,55.53794],[-2.002056,55.588462],[-2.068044,55.620292],[-2.161359,55.658644],[-2.215663,55.677051],[-2.218277,55.673733],[-2.216022,55.668346],[-2.217905,55.66403],[-2.226963,55.663475],[-2.236456,55.656089],[-2.247398,55.652293],[-2.241334,55.648262],[-2.232424,55.646213],[-2.234306,55.642166],[-2.243677,55.641788],[-2.257679,55.644994],[-2.283406,55.64341],[-2.295347,55.646796],[-2.306631,55.647128],[-2.316135,55.64342],[-2.324394,55.643129],[-2.326888,55.637461],[-2.334177,55.635285],[-2.335429,55.633035],[-2.324333,55.626165],[-2.308601,55.628883],[-2.308932,55.622502],[-2.316156,55.620489],[-2.306872,55.610854],[-2.305181,55.611855],[-2.293948,55.608441],[-2.292653,55.605111],[-2.28787,55.602157],[-2.285921,55.596142],[-2.290274,55.588143],[-2.28906,55.580599],[-2.285454,55.577723],[-2.276335,55.575596],[-2.270033,55.570084],[-2.251107,55.561534],[-2.246983,55.556206],[-2.240895,55.556137],[-2.240442,55.551977],[-2.232396,55.54502],[-2.233493,55.52951],[-2.227405,55.528766],[-2.224917,55.522957],[-2.227167,55.520374],[-2.227873,55.51101],[-2.225404,55.508427],[-2.218763,55.507262],[-2.202751,55.490711],[-2.204777,55.481776],[-2.199263,55.476942],[-2.189501,55.476913],[-2.167012,55.471105],[-2.165417,55.468142],[-2.189004,55.46224],[-2.186462,55.456467],[-2.192113,55.451112],[-2.193833,55.444028],[-2.202325,55.438668],[-2.222172,55.432173],[-2.229171,55.432034],[-2.231117,55.429667],[-2.237468,55.432019],[-2.259106,55.43272],[-2.260818,55.428745],[-2.270009,55.430217],[-2.273256,55.426849],[-2.279815,55.427086],[-2.282859,55.424095],[-2.292446,55.421467],[-2.293495,55.415992],[-2.308803,55.410159],[-2.309985,55.40773],[-2.335636,55.408192],[-2.333331,55.402601],[-2.338837,55.4021],[-2.344971,55.399279],[-2.334638,55.39097],[-2.334713,55.383071],[-2.330057,55.381179],[-2.34591,55.372994],[-2.337337,55.36689],[-2.354826,55.362527],[-2.371413,55.356628],[-2.38161,55.350846],[-2.393222,55.348185],[-2.397047,55.349089],[-2.401793,55.355283],[-2.415288,55.359182],[-2.430097,55.357514],[-2.444059,55.359243],[-2.466626,55.353381],[-2.475414,55.356303],[-2.478814,55.355715],[-2.495004,55.347509],[-2.502197,55.340229],[-2.501891,55.337229],[-2.513476,55.32974],[-2.519916,55.323198],[-2.525334,55.321809],[-2.530736,55.322693],[-2.543095,55.319575],[-2.550417,55.315768],[-2.559018,55.317868],[-2.557273,55.311406],[-2.564268,55.306953],[-2.566328,55.303358],[-2.57371,55.300798],[-2.57337,55.296909],[-2.609164,55.283311],[-2.627544,55.266791],[-2.626732,55.262222],[-2.64241,55.260613],[-2.619234,55.247523],[-2.630669,55.244499],[-2.635468,55.229827],[-2.63469,55.225437],[-2.631471,55.223692],[-2.648182,55.219866],[-2.659846,55.219867],[-2.665511,55.22122],[-2.6842,55.202803],[-2.683015,55.196951],[-2.686129,55.195316],[-2.686641,55.190335],[-2.69147,55.186401],[-2.690372,55.181515],[-2.68026,55.174138],[-2.686092,55.164387],[-2.679979,55.156988],[-2.677861,55.149567],[-2.663731,55.139922],[-2.652584,55.129118],[-2.643561,55.126305],[-2.626567,55.124104],[-2.617597,55.124719],[-2.601578,55.120794],[-2.58565,55.123154],[-2.573656,55.121494],[-2.568614,55.117514],[-2.56754,55.111802],[-2.563543,55.111248],[-2.540445,55.09877],[-2.528489,55.099392],[-2.524529,55.101695],[-2.517564,55.102867],[-2.495642,55.104097],[-2.487652,55.102983],[-2.48268,55.104146],[-2.473649,55.099034],[-2.467647,55.09734],[-2.459672,55.097369],[-2.446664,55.092841],[-2.442641,55.089424],[-2.453533,55.082526],[-2.458515,55.082509],[-2.46148,55.080211],[-2.47142,55.077889],[-2.477353,55.073865],[-2.476312,55.069867],[-2.468311,55.067038],[-2.458355,55.067645],[-2.453338,55.064232],[-2.45429,55.060227],[-2.463205,55.055622],[-2.467107,55.048176],[-2.461998,55.036188],[-2.466951,55.033884],[-2.481848,55.03097],[-2.504583,55.017733],[-2.546319,55.01356],[-2.559176,55.007788],[-2.564998,54.996899],[-2.561909,54.988909],[-2.571796,54.984863],[-2.571595,54.969999],[-2.568544,54.964867],[-2.571463,54.96028],[-2.582313,54.954514],[-2.605053,54.946975],[-2.628864,54.945144],[-2.64268,54.939358],[-2.649481,54.929604],[-2.652308,54.91987],[-2.66604,54.909508],[-2.668844,54.89863],[-2.659818,54.892388],[-2.651927,54.895288],[-2.647051,54.895053],[-2.622793,54.901064],[-2.590359,54.904789],[-2.57118,54.916023],[-2.53235,54.905057],[-2.516643,54.893982],[-2.51273,54.882856],[-2.493404,54.882936],[-2.493676,54.905221],[-2.486882,54.912426],[-2.468285,54.923992],[-2.435954,54.932153],[-2.416558,54.927795],[-2.405345,54.923121],[-2.397101,54.916717],[-2.396991,54.905575],[-2.38559,54.894469],[-2.382171,54.872195],[-2.377237,54.861068],[-2.353333,54.8526],[-2.338511,54.850039],[-2.323369,54.852475],[-2.323597,54.874787],[-2.319417,54.877441],[-2.300091,54.877254],[-2.290517,54.872449],[-2.272947,54.854625],[-2.251093,54.844961],[-2.245108,54.839121],[-2.241823,54.827985],[-2.222523,54.828022],[-2.222584,54.839165],[-2.203289,54.840011],[-2.169305,54.837384],[-2.040469,54.893717],[-2.00402,54.963765],[-1.997767,55.022068],[-1.942888,55.067292]]]},"properties":{"OBJECTID_1":36,"OBJECTID":36,"NAME":"Cheviot","REGION":"Leeds","SHORT_NAME":"CVHT","Shape_Leng":327217.176592,"DisplayOrd":72,"Shape_Le_1":0,"Shape_Area":0}},{"type":"Feature","geometry":{"type":"MultiPolygon","coordinates":[[[[-0.81011,54.559692],[-0.84929,54.571543],[-0.861499,54.571928],[-0.871604,54.570135],[-0.89675,54.572614],[-0.915966,54.581802],[-0.917405,54.584169],[-0.926385,54.5869],[-0.939796,54.588906],[-0.956144,54.585004],[-0.996511,54.592085],[-1.025537,54.601489],[-1.052736,54.616804],[-1.072607,54.621451],[-1.083165,54.620273],[-1.091356,54.621054],[-1.111066,54.626233],[-1.137488,54.640264],[-1.142896,54.637319],[-1.134927,54.629551],[-1.151884,54.627559],[-1.150235,54.614498],[-1.157919,54.605349],[-1.196154,54.581928],[-1.203459,54.580242],[-1.213728,54.580426],[-1.223191,54.578321],[-1.226979,54.580889],[-1.216907,54.581696],[-1.235231,54.585542],[-1.247767,54.590465],[-1.25467,54.590382],[-1.262045,54.573648],[-1.258535,54.589785],[-1.253555,54.59299],[-1.246081,54.592072],[-1.235847,54.58817],[-1.213886,54.582665],[-1.205108,54.583731],[-1.16681,54.605096],[-1.165622,54.610193],[-1.160465,54.611766],[-1.158634,54.617226],[-1.163287,54.619864],[-1.172944,54.621728],[-1.199946,54.622916],[-1.186331,54.633062],[-1.169197,54.633071],[-1.165677,54.633991],[-1.168878,54.64495],[-1.165597,54.648531],[-1.183494,54.660264],[-1.199185,54.681389],[-1.199249,54.685991],[-1.195763,54.692061],[-1.187986,54.694615],[-1.195638,54.698396],[-1.192137,54.701231],[-1.183851,54.697329],[-1.185646,54.693737],[-1.177507,54.694931],[-1.17759,54.699272],[-1.212576,54.709938],[-1.240003,54.722282],[-1.265456,54.739963],[-1.268917,54.746184],[-1.284238,54.753888],[-1.300696,54.76812],[-1.308397,54.781374],[-1.307692,54.786223],[-1.310958,54.795318],[-1.30975,54.802321],[-1.313804,54.808203],[-1.312544,54.811881],[-1.319761,54.819443],[-1.323808,54.832451],[-1.320412,54.837222],[-1.330148,54.839721],[-1.343724,54.851352],[-1.348138,54.858708],[-1.347599,54.86505],[-1.354555,54.874406],[-1.35382,54.880369],[-1.357912,54.884758],[-1.361073,54.897761],[-1.350063,54.90659],[-1.358628,54.914265],[-1.357236,54.902755],[-1.359998,54.902653],[-1.3624,54.913494],[-1.367976,54.916992],[-1.36325,54.918935],[-1.364321,54.923245],[-1.367801,54.928161],[-1.365786,54.931269],[-1.367349,54.938116],[-1.363198,54.944933],[-1.35768,54.948319],[-1.353972,54.9576],[-1.35787,54.966778],[-1.361128,54.971171],[-1.37906,54.979334],[-1.384404,54.986469],[-1.388634,54.989905],[-1.39261,54.989467],[-1.405196,54.995451],[-1.412585,55.005399],[-1.417364,55.003598],[-1.424248,55.006479],[-1.424216,55.008761],[-1.43914,55.004841],[-1.441244,54.996305],[-1.449701,54.985973],[-1.448967,54.981414],[-1.453127,54.981091],[-1.451676,54.986674],[-1.462011,54.983979],[-1.472864,54.986875],[-1.512903,54.986737],[-1.523586,54.984595],[-1.530589,54.979096],[-1.533599,54.964676],[-1.538594,54.960866],[-1.556146,54.958173],[-1.566554,54.96327],[-1.579379,54.963045],[-1.587624,54.96922],[-1.592129,54.970197],[-1.60498,54.967507],[-1.620494,54.960439],[-1.630726,54.958422],[-1.641643,54.95832],[-1.674956,54.963715],[-1.677973,54.963328],[-1.701209,54.970082],[-1.705007,54.969822],[-1.707644,54.966],[-1.720221,54.967665],[-1.728041,54.970828],[-1.728966,54.974937],[-1.746685,54.98184],[-1.766408,54.981197],[-1.786832,54.983831],[-1.796112,54.981192],[-1.739091,54.950505],[-1.739316,54.938648],[-1.74657,54.926816],[-1.749013,54.911527],[-1.758639,54.906009],[-1.739553,54.905969],[-1.733422,54.912746],[-1.718371,54.916756],[-1.699,54.915978],[-1.67903,54.926793],[-1.661842,54.928029],[-1.662,54.917027],[-1.669745,54.910105],[-1.671583,54.90575],[-1.655646,54.898299],[-1.649744,54.879492],[-1.635319,54.865554],[-1.623769,54.861062],[-1.618079,54.849902],[-1.624028,54.833206],[-1.64338,54.827693],[-1.651706,54.82135],[-1.662773,54.816606],[-1.662865,54.805463],[-1.643613,54.80123],[-1.62439,54.794208],[-1.643772,54.783123],[-1.624699,54.76078],[-1.644004,54.75666],[-1.663287,54.754703],[-1.682591,54.749802],[-1.689896,54.727536],[-1.702181,54.705281],[-1.694864,54.69412],[-1.688692,54.671818],[-1.683234,54.667347],[-1.675544,54.667326],[-1.663973,54.671752],[-1.644747,54.671697],[-1.636997,54.67836],[-1.625418,54.682782],[-1.610968,54.685522],[-1.606133,54.688292],[-1.598429,54.689381],[-1.586843,54.6938],[-1.567607,54.693733],[-1.567843,54.671447],[-1.579425,54.667031],[-1.587182,54.660372],[-1.57763,54.654767],[-1.572883,54.649179],[-1.568198,54.63802],[-1.582719,54.626927],[-1.606811,54.618093],[-1.607047,54.593579],[-1.626338,54.582497],[-1.640433,54.579568],[-1.664752,54.577038],[-1.683927,54.577947],[-1.703127,54.575499],[-1.729962,54.578315],[-1.741443,54.582797],[-1.798996,54.582907],[-1.807575,54.571777],[-1.796926,54.565277],[-1.780012,54.560654],[-1.772852,54.549574],[-1.760888,54.538265],[-1.741725,54.538225],[-1.703479,54.526995],[-1.694197,54.5358],[-1.682032,54.533328],[-1.673017,54.535371],[-1.660414,54.535189],[-1.653192,54.531604],[-1.654448,54.524638],[-1.646087,54.52425],[-1.636535,54.525912],[-1.63136,54.524024],[-1.629414,54.521249],[-1.630658,54.517398],[-1.634995,54.514333],[-1.623351,54.514637],[-1.614603,54.519323],[-1.603729,54.519353],[-1.598848,54.516335],[-1.601455,54.510527],[-1.594427,54.512334],[-1.580842,54.512834],[-1.577293,54.509782],[-1.58971,54.503578],[-1.580092,54.505414],[-1.576944,54.50388],[-1.577949,54.499193],[-1.581226,54.496618],[-1.571901,54.489752],[-1.552927,54.48367],[-1.548861,54.473192],[-1.545447,54.471226],[-1.532494,54.469137],[-1.519606,54.471035],[-1.529924,54.475739],[-1.531067,54.480708],[-1.528611,54.484801],[-1.517848,54.485023],[-1.50979,54.480238],[-1.511114,54.475],[-1.505197,54.482307],[-1.492758,54.486391],[-1.488305,54.483298],[-1.497179,54.476912],[-1.496908,54.474496],[-1.462687,54.472754],[-1.461418,54.477999],[-1.457357,54.48147],[-1.4616,54.485939],[-1.458246,54.492827],[-1.462014,54.496281],[-1.472689,54.496006],[-1.475369,54.498327],[-1.472938,54.501437],[-1.460243,54.50429],[-1.456656,54.503097],[-1.442923,54.491127],[-1.42458,54.483853],[-1.431065,54.479251],[-1.422911,54.478867],[-1.417659,54.477074],[-1.409238,54.478845],[-1.407756,54.483896],[-1.40996,54.489673],[-1.406671,54.493616],[-1.40195,54.49422],[-1.396949,54.491581],[-1.394821,54.485667],[-1.382836,54.487274],[-1.380782,54.494016],[-1.368033,54.484827],[-1.372514,54.481156],[-1.370311,54.47101],[-1.36392,54.466137],[-1.356261,54.472913],[-1.344685,54.472395],[-1.340045,54.466351],[-1.318083,54.472186],[-1.312886,54.477264],[-1.308575,54.476475],[-1.28648,54.482721],[-1.285266,54.487813],[-1.280748,54.49043],[-1.274173,54.491056],[-1.269069,54.488294],[-1.257173,54.487308],[-1.256995,54.493194],[-1.253032,54.497769],[-1.256444,54.501094],[-1.24209,54.501644],[-1.238282,54.506218],[-1.23415,54.506128],[-1.234635,54.510302],[-1.230374,54.511868],[-1.213614,54.509991],[-1.203555,54.50688],[-1.184863,54.507271],[-1.166468,54.503714],[-1.137731,54.50099],[-1.133399,54.513067],[-1.133477,54.521335],[-1.136977,54.530357],[-1.135768,54.546515],[-1.12776,54.557601],[-1.082589,54.564534],[-1.069996,54.568314],[-1.060135,54.562896],[-1.051008,54.560088],[-0.993498,54.559508],[-0.974402,54.556398],[-0.955186,54.558053],[-0.936064,54.556067],[-0.917191,54.544756],[-0.878559,54.555548],[-0.859702,54.544228],[-0.81011,54.559692]]],[[[-1.795516,55.658969],[-1.789665,55.653415],[-1.790678,55.648286],[-1.783576,55.648139],[-1.786211,55.657425],[-1.795516,55.658969]]],[[[-1.798197,55.687869],[-1.80064,55.688987],[-1.813417,55.684847],[-1.822087,55.684303],[-1.848695,55.688409],[-1.854763,55.686107],[-1.852156,55.681665],[-1.84285,55.678329],[-1.830425,55.6833],[-1.814574,55.68236],[-1.804957,55.678185],[-1.807104,55.671719],[-1.803034,55.668487],[-1.795197,55.668375],[-1.792242,55.671048],[-1.786546,55.668738],[-1.777552,55.668075],[-1.781111,55.676941],[-1.779129,55.678878],[-1.77973,55.687936],[-1.784165,55.685446],[-1.792003,55.686017],[-1.798197,55.687869]]],[[[-1.796672,54.983097],[-1.784215,54.985058],[-1.770196,54.982848],[-1.745491,54.982934],[-1.725401,54.975333],[-1.724964,54.970686],[-1.72235,54.969171],[-1.710253,54.968055],[-1.703567,54.972406],[-1.686331,54.96698],[-1.661062,54.964801],[-1.637128,54.960221],[-1.626193,54.960601],[-1.605685,54.968875],[-1.588323,54.971136],[-1.580776,54.965368],[-1.564871,54.96436],[-1.552803,54.95967],[-1.537207,54.964689],[-1.533416,54.980527],[-1.529648,54.986039],[-1.516509,54.988396],[-1.473901,54.988875],[-1.455805,54.988741],[-1.450778,54.994075],[-1.442088,55.006454],[-1.431351,55.009478],[-1.428716,55.013339],[-1.417146,55.014308],[-1.415905,55.017933],[-1.420194,55.023111],[-1.424002,55.023678],[-1.430307,55.031292],[-1.431806,55.034857],[-1.429731,55.03881],[-1.433006,55.041836],[-1.448351,55.050246],[-1.454746,55.061139],[-1.455053,55.06504],[-1.451407,55.070559],[-1.456159,55.071201],[-1.463371,55.080003],[-1.468134,55.07988],[-1.473318,55.084693],[-1.484648,55.092945],[-1.49332,55.103504],[-1.49813,55.119933],[-1.496893,55.123486],[-1.499948,55.127462],[-1.516783,55.134638],[-1.527744,55.136181],[-1.544252,55.131463],[-1.543967,55.135839],[-1.541075,55.139108],[-1.534397,55.138669],[-1.518713,55.142355],[-1.516388,55.137476],[-1.503957,55.130479],[-1.500369,55.131426],[-1.516889,55.14667],[-1.526099,55.162504],[-1.522504,55.163856],[-1.520983,55.171641],[-1.514741,55.173674],[-1.515905,55.176132],[-1.512004,55.183089],[-1.508165,55.184988],[-1.499311,55.185913],[-1.504226,55.193589],[-1.503226,55.198231],[-1.511336,55.199225],[-1.514894,55.201154],[-1.517679,55.207311],[-1.527008,55.216989],[-1.528871,55.221642],[-1.526143,55.229018],[-1.538477,55.237809],[-1.545632,55.239201],[-1.55394,55.245801],[-1.561944,55.257449],[-1.569386,55.276345],[-1.568364,55.295131],[-1.561792,55.301245],[-1.558205,55.308016],[-1.548932,55.311658],[-1.548022,55.322419],[-1.56972,55.337189],[-1.581131,55.337435],[-1.581467,55.339935],[-1.593144,55.349742],[-1.598543,55.356966],[-1.600406,55.364592],[-1.60338,55.365392],[-1.608907,55.384046],[-1.615731,55.383448],[-1.623454,55.389636],[-1.610486,55.385651],[-1.595856,55.394706],[-1.59372,55.401285],[-1.58978,55.405217],[-1.578925,55.407193],[-1.577265,55.408885],[-1.580584,55.41755],[-1.575306,55.432502],[-1.576269,55.434096],[-1.587639,55.434862],[-1.591745,55.438273],[-1.591963,55.441661],[-1.586651,55.447744],[-1.592387,55.45878],[-1.589423,55.462436],[-1.594205,55.483442],[-1.593052,55.489396],[-1.602513,55.494351],[-1.610672,55.495204],[-1.617617,55.503789],[-1.61402,55.510561],[-1.618488,55.515149],[-1.612341,55.520323],[-1.612191,55.522686],[-1.619925,55.523779],[-1.619294,55.526824],[-1.626495,55.527538],[-1.637904,55.540915],[-1.626874,55.557784],[-1.634045,55.560573],[-1.642907,55.574616],[-1.639949,55.577312],[-1.649712,55.583486],[-1.66363,55.588287],[-1.677183,55.599466],[-1.684147,55.60173],[-1.690613,55.607048],[-1.723577,55.616552],[-1.742407,55.61901],[-1.749391,55.614289],[-1.759685,55.610707],[-1.762761,55.605933],[-1.767914,55.604145],[-1.775327,55.612471],[-1.785598,55.6154],[-1.771014,55.617081],[-1.765104,55.623027],[-1.765572,55.627044],[-1.778478,55.639261],[-1.784088,55.641769],[-1.785311,55.644674],[-1.790429,55.647315],[-1.797066,55.64207],[-1.800463,55.636208],[-1.810797,55.634427],[-1.830152,55.639847],[-1.839825,55.644173],[-1.838858,55.647316],[-1.846141,55.654064],[-1.853131,55.654612],[-1.859619,55.662527],[-1.868055,55.668385],[-1.873581,55.675507],[-1.874047,55.683891],[-1.879923,55.686575],[-1.88357,55.695581],[-1.897464,55.699655],[-1.904151,55.704279],[-1.911993,55.7053],[-1.918857,55.710291],[-1.91917,55.713068],[-1.928189,55.715868],[-1.941389,55.723332],[-1.945362,55.727827],[-1.957298,55.732773],[-1.960159,55.738704],[-1.968597,55.741762],[-1.971461,55.745985],[-1.984838,55.754164],[-1.991209,55.762611],[-2.001568,55.761892],[-2.013363,55.771505],[-2.02946,55.767819],[-2.035031,55.760539],[-2.046661,55.75793],[-2.055106,55.757926],[-2.090443,55.762847],[-2.104843,55.760616],[-2.106348,55.757542],[-2.104478,55.749358],[-2.115625,55.747731],[-2.116874,55.739284],[-2.122125,55.737751],[-2.132007,55.740347],[-2.139494,55.740518],[-2.146812,55.738263],[-2.149028,55.734936],[-2.147408,55.72748],[-2.150099,55.723524],[-2.168722,55.722781],[-2.175551,55.719087],[-2.174253,55.713608],[-2.165954,55.708049],[-2.166265,55.706521],[-2.182796,55.702454],[-2.18713,55.696994],[-2.190011,55.697465],[-2.196414,55.689405],[-2.204828,55.686156],[-2.207666,55.681479],[-2.215663,55.677051],[-2.161359,55.658644],[-2.068044,55.620292],[-2.002056,55.588462],[-1.978812,55.53794],[-2.050245,55.2484],[-2.059509,55.118706],[-1.925236,55.081863],[-1.942888,55.067292],[-1.926673,55.062185],[-1.910264,55.052662],[-1.887657,55.043353],[-1.874327,55.039858],[-1.854925,55.039836],[-1.837814,55.03599],[-1.791274,55.020643],[-1.796672,54.983097]]],[[[-1.99296,55.775639],[-1.993438,55.780131],[-1.999018,55.782917],[-1.998539,55.786601],[-2.004758,55.790285],[-2.009064,55.790823],[-2.02135,55.801694],[-2.029807,55.805106],[-2.028214,55.808161],[-2.032844,55.811844],[-2.052601,55.802538],[-2.063001,55.802515],[-2.067062,55.798523],[-2.076911,55.79416],[-2.084979,55.793265],[-2.086889,55.791512],[-2.085679,55.763115],[-2.046503,55.759547],[-2.036468,55.763684],[-2.033129,55.771681],[-2.016712,55.774739],[-2.009538,55.773123],[-2.000452,55.766205],[-1.989774,55.767678],[-1.988817,55.769439],[-1.99296,55.775639]]]]},"properties":{"OBJECTID_1":37,"OBJECTID":37,"NAME":"North East Coast","REGION":"Leeds","SHORT_NAME":"NEC","Shape_Leng":835032.960198,"DisplayOrd":71,"Shape_Le_1":0,"Shape_Area":0}},{"type":"Feature","geometry":{"type":"Polygon","coordinates":[[[-2.599647,53.376669],[-2.615821,53.378706],[-2.62269,53.374541],[-2.635513,53.377709],[-2.642354,53.372818],[-2.649892,53.374306],[-2.65649,53.373281],[-2.662557,53.367135],[-2.663479,53.35877],[-2.670347,53.355945],[-2.676797,53.35528],[-2.69606,53.357236],[-2.715111,53.346427],[-2.741242,53.346088],[-2.746771,53.344435],[-2.754955,53.340069],[-2.763209,53.331297],[-2.763137,53.327253],[-2.751852,53.317347],[-2.751191,53.313935],[-2.774735,53.304436],[-2.789732,53.295798],[-2.813781,53.305974],[-2.826129,53.308136],[-2.8426,53.306223],[-2.843429,53.302621],[-2.839013,53.299327],[-2.853335,53.29518],[-2.854504,53.293644],[-2.885758,53.295932],[-2.902713,53.303086],[-2.928527,53.310169],[-2.947455,53.324493],[-2.969261,53.352543],[-2.975218,53.356836],[-2.981834,53.363587],[-2.984966,53.362572],[-3.002463,53.378157],[-3.006185,53.38298],[-3.004129,53.385065],[-3.00836,53.398692],[-3.013021,53.405565],[-3.020165,53.403635],[-3.020276,53.400137],[-3.030942,53.403964],[-3.022034,53.404419],[-3.01368,53.407366],[-3.015166,53.412927],[-3.026766,53.426041],[-3.035127,53.44188],[-3.037728,53.443565],[-3.048245,53.442664],[-3.062324,53.439753],[-3.102809,53.421858],[-3.139901,53.413329],[-3.176124,53.401112],[-3.180511,53.396574],[-3.189742,53.393247],[-3.19849,53.387303],[-3.190732,53.385596],[-3.173925,53.375874],[-3.166165,53.366961],[-3.166018,53.361569],[-3.160033,53.362527],[-3.156883,53.357164],[-3.150753,53.352728],[-3.135757,53.353771],[-3.120453,53.343129],[-3.120382,53.340433],[-3.115807,53.337779],[-3.094625,53.331683],[-3.085389,53.322778],[-3.073178,53.314798],[-3.055081,53.311364],[-3.053514,53.308681],[-3.039812,53.300711],[-3.03516,53.294459],[-3.036573,53.290851],[-3.042485,53.287204],[-3.042419,53.284508],[-3.036377,53.282763],[-3.013882,53.282956],[-2.991159,53.273259],[-2.973065,53.268914],[-2.96399,53.265392],[-2.957792,53.256453],[-2.953236,53.253792],[-2.936732,53.253024],[-2.917365,53.258569],[-2.909833,53.256828],[-2.900727,53.251504],[-2.88992,53.236304],[-2.88389,53.234551],[-2.864018,53.214921],[-2.851897,53.207817],[-2.842703,53.197095],[-2.836663,53.194441],[-2.835114,53.191755],[-2.827563,53.188212],[-2.821474,53.182861],[-2.815284,53.172116],[-2.800092,53.159635],[-2.786518,53.153433],[-2.778896,53.145392],[-2.768303,53.13827],[-2.756266,53.133852],[-2.75021,53.129396],[-2.744201,53.127636],[-2.723084,53.11608],[-2.725966,53.10977],[-2.728938,53.108853],[-2.727354,53.103469],[-2.731773,53.099847],[-2.733205,53.096242],[-2.733098,53.08995],[-2.736069,53.089033],[-2.729991,53.082778],[-2.731422,53.079173],[-2.73587,53.077348],[-2.746302,53.076384],[-2.752163,53.070055],[-2.750483,53.059278],[-2.741469,53.055739],[-2.735334,53.045889],[-2.736656,53.035993],[-2.715497,53.019042],[-2.715304,53.007357],[-2.72119,53.002827],[-2.709211,52.999303],[-2.703178,52.994844],[-2.694211,52.993099],[-2.679314,52.993185],[-2.674803,52.990514],[-2.652364,52.984347],[-2.649236,52.974476],[-2.640249,52.970929],[-2.638667,52.964645],[-2.644582,52.961916],[-2.647506,52.958304],[-2.642973,52.953834],[-2.628064,52.952116],[-2.62356,52.949443],[-2.614618,52.948591],[-2.599636,52.941476],[-2.596574,52.935199],[-2.568248,52.930843],[-2.568189,52.926348],[-2.577018,52.919114],[-2.575507,52.917324],[-2.568048,52.915562],[-2.560508,52.907507],[-2.544142,52.906684],[-2.535188,52.904028],[-2.523186,52.895092],[-2.49353,52.901512],[-2.478724,52.906966],[-2.472826,52.911484],[-2.476046,52.933945],[-2.468714,52.943862],[-2.464366,52.954667],[-2.461408,52.956476],[-2.455454,52.956499],[-2.452515,52.960106],[-2.43919,52.967347],[-2.419878,52.971912],[-2.412484,52.977331],[-2.399106,52.980074],[-2.397633,52.981877],[-2.372322,52.982858],[-2.372267,52.976565],[-2.367777,52.973882],[-2.352864,52.971231],[-2.346865,52.965855],[-2.339434,52.967674],[-2.333315,52.965804],[-2.33031,52.962127],[-2.323942,52.966639],[-2.313643,52.963161],[-2.307112,52.964254],[-2.300443,52.970296],[-2.30885,52.979893],[-2.306468,52.980079],[-2.300696,52.985398],[-2.292791,52.986102],[-2.292076,52.988206],[-2.297166,52.991879],[-2.289735,52.994594],[-2.293784,52.998359],[-2.282796,53.004229],[-2.280259,53.003606],[-2.274476,53.008204],[-2.287318,53.011949],[-2.292721,53.017419],[-2.291852,53.021197],[-2.300674,53.02504],[-2.29369,53.028473],[-2.288513,53.034689],[-2.290012,53.035853],[-2.277885,53.040735],[-2.285914,53.047549],[-2.279062,53.049094],[-2.266428,53.056404],[-2.25793,53.057501],[-2.253809,53.067128],[-2.249793,53.069384],[-2.252113,53.072602],[-2.256198,53.108702],[-2.219485,53.158967],[-2.29159,53.270614],[-2.342732,53.276604],[-2.47648,53.355783],[-2.525002,53.34639],[-2.586547,53.355293],[-2.599647,53.376669]]]},"properties":{"OBJECTID_1":38,"OBJECTID":38,"NAME":"Cheshire Plain","REGION":"Warrington","SHORT_NAME":"CHPL","Shape_Leng":254549.859949,"DisplayOrd":67,"Shape_Le_1":0,"Shape_Area":0}},{"type":"Feature","geometry":{"type":"MultiPolygon","coordinates":[[[[-3.002891,53.428321],[-3.004379,53.439077],[-3.006567,53.438672],[-3.002891,53.428321]]],[[[-2.44542,53.816663],[-2.475479,53.823201],[-2.57282,53.813904],[-2.615553,53.832538],[-2.658463,53.807022],[-3.02192,53.741244],[-3.003248,53.7368],[-2.992196,53.737432],[-2.97225,53.73373],[-2.952436,53.735687],[-2.936633,53.740845],[-2.940146,53.735245],[-2.926001,53.733108],[-2.880121,53.735611],[-2.855022,53.738849],[-2.788837,53.753846],[-2.768772,53.756331],[-2.74641,53.761147],[-2.727638,53.761532],[-2.725876,53.757857],[-2.756244,53.757184],[-2.794601,53.75068],[-2.829465,53.742174],[-2.85055,53.735106],[-2.837232,53.728638],[-2.824892,53.717668],[-2.827143,53.716574],[-2.837166,53.725313],[-2.854911,53.733367],[-2.887723,53.729443],[-2.896782,53.727757],[-2.900603,53.729257],[-2.912368,53.727262],[-2.91786,53.725441],[-2.932811,53.723689],[-2.942939,53.723196],[-2.948961,53.71603],[-2.948607,53.713786],[-2.938668,53.709729],[-2.95204,53.70477],[-2.949506,53.699847],[-2.962538,53.693451],[-2.964762,53.698017],[-2.973996,53.697762],[-2.982787,53.687641],[-2.988777,53.688005],[-2.991419,53.68251],[-3.001235,53.678877],[-3.011144,53.679199],[-3.014786,53.677667],[-3.015594,53.672869],[-3.011096,53.667712],[-3.005994,53.666388],[-3.018237,53.655058],[-3.025839,53.650319],[-3.02847,53.646521],[-3.036767,53.645551],[-3.051667,53.618185],[-3.092415,53.580877],[-3.100877,53.569392],[-3.105187,53.55515],[-3.099151,53.538963],[-3.086479,53.532616],[-3.075086,53.519415],[-3.070375,53.52281],[-3.064417,53.523421],[-3.061732,53.507723],[-3.054105,53.492056],[-3.034557,53.468591],[-3.03887,53.466306],[-3.030054,53.463047],[-3.014747,53.46228],[-3.019882,53.459719],[-3.01666,53.457229],[-3.01107,53.458392],[-3.003147,53.449416],[-3.005027,53.442928],[-3.00333,53.439275],[-2.998696,53.436212],[-2.998578,53.431188],[-3.002377,53.422455],[-3.001523,53.41493],[-2.998041,53.407588],[-2.992837,53.401842],[-2.990253,53.402619],[-2.982813,53.393062],[-2.983282,53.387306],[-2.979587,53.383561],[-2.97089,53.377969],[-2.938001,53.365737],[-2.893477,53.342258],[-2.871366,53.333343],[-2.856106,53.328689],[-2.84046,53.327182],[-2.832984,53.328763],[-2.821978,53.334233],[-2.810655,53.331074],[-2.792488,53.323106],[-2.788585,53.323132],[-2.776847,53.329861],[-2.776798,53.335434],[-2.770631,53.343205],[-2.760085,53.349834],[-2.750046,53.351336],[-2.738594,53.34934],[-2.729891,53.349933],[-2.717943,53.35405],[-2.702155,53.362414],[-2.695255,53.363174],[-2.673812,53.356555],[-2.662909,53.370459],[-2.654273,53.37572],[-2.645234,53.374421],[-2.635966,53.378839],[-2.62316,53.375886],[-2.617052,53.378862],[-2.599647,53.376669],[-2.586547,53.355293],[-2.525002,53.34639],[-2.47648,53.355783],[-2.342732,53.276604],[-2.29159,53.270614],[-2.219485,53.158967],[-2.256198,53.108702],[-2.252113,53.072602],[-2.249793,53.069398],[-2.243986,53.071823],[-2.237712,53.070847],[-2.239228,53.075069],[-2.226705,53.07806],[-2.22404,53.08211],[-2.211506,53.083392],[-2.207199,53.088074],[-2.207972,53.093555],[-2.205887,53.094728],[-2.209794,53.099845],[-2.205355,53.108572],[-2.195801,53.109846],[-2.191307,53.106977],[-2.178912,53.107895],[-2.172931,53.106376],[-2.167112,53.108002],[-2.164263,53.10513],[-2.152911,53.105235],[-2.152936,53.112156],[-2.147569,53.115399],[-2.142958,53.121607],[-2.136381,53.120806],[-2.127871,53.123063],[-2.126719,53.137986],[-2.134648,53.140044],[-2.14169,53.14471],[-2.138413,53.14858],[-2.139183,53.15541],[-2.137097,53.158019],[-2.130216,53.157488],[-2.123796,53.160911],[-2.117058,53.158221],[-2.11585,53.153997],[-2.105674,53.15086],[-2.090278,53.15312],[-2.079213,53.153398],[-2.072332,53.152054],[-2.046464,53.152786],[-2.046468,53.156292],[-2.042975,53.15836],[-2.056368,53.171357],[-2.061457,53.198427],[-2.051904,53.24376],[-2.041221,53.266369],[-1.97989,53.316915],[-1.964541,53.321506],[-1.974748,53.362858],[-1.969592,53.413396],[-1.977278,53.419524],[-1.972129,53.453215],[-2.033734,53.488437],[-2.185347,53.514332],[-2.255051,53.569335],[-2.301272,53.556976],[-2.339667,53.533902],[-2.378361,53.5491],[-2.504414,53.553229],[-2.543145,53.565311],[-2.626337,53.61394],[-2.615615,53.665082],[-2.612492,53.707242],[-2.560718,53.749638],[-2.448764,53.778944],[-2.437646,53.790075],[-2.44542,53.816663]]]]},"properties":{"OBJECTID_1":39,"OBJECTID":39,"NAME":"Manchester Liverpool Plain","REGION":"Warrington","SHORT_NAME":"MLPL","Shape_Leng":415274.398546,"DisplayOrd":66,"Shape_Le_1":0,"Shape_Area":0}},{"type":"Feature","geometry":{"type":"Polygon","coordinates":[[[-2.078273,53.880853],[-2.093763,53.884276],[-2.10539,53.891131],[-2.110231,53.891128],[-2.114094,53.887122],[-2.1199,53.886546],[-2.123776,53.888259],[-2.133442,53.883104],[-2.153762,53.881368],[-2.168266,53.877349],[-2.174072,53.877342],[-2.185708,53.883617],[-2.190542,53.881895],[-2.199253,53.882455],[-2.202025,53.888378],[-2.269659,53.879291],[-2.307098,53.865893],[-2.374365,53.83465],[-2.438085,53.832216],[-2.44542,53.816663],[-2.437646,53.790075],[-2.448764,53.778944],[-2.560718,53.749638],[-2.612492,53.707242],[-2.615615,53.665082],[-2.626337,53.61394],[-2.543145,53.565311],[-2.504414,53.553229],[-2.378361,53.5491],[-2.339667,53.533902],[-2.301272,53.556976],[-2.255051,53.569335],[-2.185347,53.514332],[-2.033734,53.488437],[-1.972129,53.453215],[-1.977278,53.419524],[-1.969592,53.413396],[-1.974748,53.362858],[-1.964541,53.321506],[-1.97989,53.316915],[-2.041221,53.266369],[-2.051904,53.24376],[-2.061457,53.198427],[-2.056368,53.171357],[-2.042881,53.158361],[-2.037799,53.161778],[-2.025387,53.164478],[-2.021804,53.176614],[-2.014773,53.179581],[-2.000109,53.17338],[-1.999361,53.166818],[-1.995323,53.162773],[-1.980665,53.16358],[-1.976927,53.161962],[-1.971094,53.16214],[-1.968398,53.167083],[-1.958668,53.174721],[-1.954169,53.184877],[-1.957302,53.193867],[-1.955652,53.197642],[-1.958192,53.202946],[-1.961484,53.204835],[-1.956539,53.208339],[-1.959231,53.212385],[-1.953083,53.219933],[-1.952781,53.222809],[-1.958471,53.22398],[-1.954268,53.232338],[-1.959061,53.232969],[-1.962804,53.236745],[-1.96205,53.241869],[-1.959351,53.243486],[-1.960844,53.249958],[-1.956646,53.251395],[-1.956637,53.260474],[-1.952739,53.261102],[-1.946287,53.265413],[-1.950928,53.270988],[-1.950324,53.274764],[-1.936523,53.278263],[-1.924365,53.284368],[-1.918363,53.285622],[-1.910865,53.284808],[-1.906797,53.292985],[-1.908136,53.298289],[-1.898967,53.305113],[-1.888623,53.301329],[-1.877669,53.301498],[-1.86909,53.309758],[-1.862184,53.310559],[-1.85706,53.317115],[-1.859592,53.323051],[-1.865296,53.323237],[-1.870093,53.32549],[-1.870076,53.331152],[-1.857575,53.342644],[-1.846602,53.345057],[-1.856508,53.347406],[-1.864151,53.352988],[-1.866086,53.358563],[-1.87599,53.362978],[-1.877936,53.365677],[-1.876722,53.369721],[-1.885272,53.376021],[-1.878788,53.383385],[-1.866604,53.38535],[-1.857567,53.390193],[-1.873777,53.400189],[-1.885956,53.40128],[-1.890019,53.400385],[-1.909548,53.411097],[-1.897641,53.420616],[-1.887257,53.421415],[-1.878665,53.42644],[-1.865124,53.425437],[-1.869015,53.432722],[-1.866442,53.437124],[-1.852716,53.445197],[-1.853008,53.447894],[-1.860218,53.453206],[-1.863079,53.453209],[-1.861701,53.460219],[-1.852666,53.459669],[-1.842107,53.46415],[-1.828855,53.463412],[-1.816784,53.468428],[-1.81347,53.468333],[-1.814026,53.47903],[-1.798795,53.481612],[-1.791867,53.481061],[-1.787329,53.484469],[-1.788225,53.488917],[-1.784351,53.495772],[-1.788161,53.500355],[-1.818785,53.514137],[-1.826425,53.521584],[-1.837946,53.520459],[-1.843695,53.522183],[-1.856126,53.533067],[-1.868581,53.539374],[-1.918471,53.550867],[-1.940536,53.561178],[-1.94533,53.565185],[-1.950133,53.565188],[-1.948183,53.581198],[-1.952985,53.582345],[-1.959712,53.581777],[-1.965474,53.584639],[-1.973163,53.584071],[-1.977964,53.586933],[-1.995249,53.606953],[-2.005823,53.612673],[-2.003898,53.615532],[-2.007744,53.618392],[-2.018324,53.616678],[-2.023132,53.620109],[-2.023131,53.622969],[-2.027941,53.627543],[-2.025054,53.633833],[-2.027941,53.636693],[-2.045259,53.63326],[-2.04045,53.637264],[-2.035641,53.645842],[-2.036604,53.649844],[-2.032754,53.65442],[-2.03757,53.661853],[-2.049126,53.66757],[-2.044318,53.684154],[-2.063583,53.682434],[-2.077059,53.674996],[-2.087649,53.672131],[-2.097277,53.671554],[-2.112692,53.674975],[-2.128101,53.674391],[-2.129085,53.68354],[-2.14256,53.679524],[-2.141613,53.685815],[-2.144521,53.692103],[-2.162856,53.701233],[-2.169673,53.722383],[-2.173542,53.725809],[-2.185139,53.732656],[-2.18612,53.73723],[-2.181313,53.741239],[-2.172639,53.743537],[-2.169753,53.745828],[-2.169769,53.750402],[-2.166886,53.753837],[-2.161097,53.753844],[-2.153364,53.749278],[-2.144681,53.749286],[-2.143729,53.753862],[-2.131192,53.756161],[-2.12542,53.763599],[-2.12833,53.769887],[-2.132198,53.772743],[-2.134144,53.779031],[-2.129323,53.781323],[-2.125474,53.787045],[-2.124545,53.803056],[-2.118752,53.804205],[-2.112952,53.801921],[-2.107155,53.801925],[-2.103308,53.811077],[-2.098484,53.815083],[-2.100427,53.8208],[-2.082071,53.825957],[-2.061777,53.828252],[-2.059845,53.83111],[-2.061782,53.835685],[-2.055985,53.840261],[-2.060826,53.848265],[-2.05696,53.849982],[-2.047288,53.848269],[-2.039553,53.852272],[-2.038587,53.856847],[-2.042457,53.860849],[-2.065676,53.864274],[-2.06858,53.865989],[-2.068587,53.872279],[-2.074395,53.875136],[-2.078273,53.880853]]]},"properties":{"OBJECTID_1":40,"OBJECTID":40,"NAME":"Pennines","REGION":"Warrington","SHORT_NAME":"PEN","Shape_Leng":312947.835476,"DisplayOrd":65,"Shape_Le_1":0,"Shape_Area":0}},{"type":"Feature","geometry":{"type":"Polygon","coordinates":[[[-2.44542,53.816663],[-2.438085,53.832216],[-2.374365,53.83465],[-2.307098,53.865893],[-2.269659,53.879291],[-2.201214,53.888255],[-2.199296,53.892748],[-2.19059,53.894476],[-2.187694,53.896767],[-2.186759,53.905346],[-2.18096,53.908212],[-2.18097,53.911071],[-2.174195,53.912223],[-2.165501,53.919095],[-2.165547,53.932819],[-2.157804,53.935687],[-2.156847,53.93969],[-2.152978,53.941982],[-2.15299,53.945984],[-2.163689,53.957409],[-2.178249,53.961966],[-2.182149,53.967679],[-2.189918,53.970528],[-2.190917,53.97796],[-2.178334,53.98541],[-2.181259,53.989409],[-2.192928,53.995683],[-2.196843,54.003683],[-2.204627,54.008246],[-2.200799,54.021404],[-2.22417,54.035091],[-2.238725,54.032207],[-2.237814,54.044216],[-2.226172,54.047667],[-2.223301,54.05682],[-2.215546,54.061408],[-2.204861,54.063139],[-2.202927,54.065429],[-2.20879,54.072282],[-2.203948,54.076863],[-2.213705,54.084282],[-2.213718,54.087141],[-2.220545,54.091133],[-2.211819,54.097437],[-2.20893,54.104303],[-2.211869,54.108872],[-2.207987,54.111165],[-2.208993,54.118597],[-2.198336,54.130621],[-2.198345,54.132907],[-2.20518,54.137472],[-2.213957,54.140317],[-2.223685,54.138015],[-2.236367,54.142568],[-2.246102,54.141979],[-2.249042,54.145404],[-2.255869,54.147107],[-2.258811,54.150532],[-2.250081,54.15741],[-2.251077,54.16141],[-2.244268,54.16371],[-2.239426,54.169436],[-2.251169,54.178564],[-2.250211,54.181425],[-2.240489,54.186588],[-2.251238,54.191144],[-2.250303,54.198579],[-2.259076,54.19799],[-2.264904,54.193976],[-2.272695,54.192245],[-2.279549,54.196806],[-2.284488,54.207087],[-2.275761,54.215683],[-2.266022,54.218561],[-2.250457,54.227167],[-2.260229,54.229436],[-2.262197,54.232292],[-2.254462,54.245457],[-2.25741,54.248882],[-2.262301,54.250588],[-2.26913,54.249431],[-2.286643,54.239674],[-2.289576,54.240239],[-2.29351,54.244805],[-2.289642,54.250531],[-2.290632,54.252817],[-2.310158,54.252201],[-2.320194,54.258599],[-2.344022,54.242783],[-2.396942,54.249202],[-2.472864,54.226744],[-2.5219,54.222154],[-2.585612,54.19724],[-2.646239,54.192542],[-2.679981,54.196744],[-2.732951,54.183434],[-2.762927,54.163093],[-2.834697,54.158229],[-2.830498,54.145096],[-2.799937,54.127559],[-2.793798,54.125305],[-2.805383,54.123071],[-2.806832,54.111018],[-2.8157,54.103326],[-2.813657,54.100105],[-2.81756,54.089599],[-2.733594,54.005995],[-2.733321,53.990471],[-2.656062,53.86728],[-2.618086,53.833641],[-2.57282,53.813904],[-2.475479,53.823201],[-2.44542,53.816663]]]},"properties":{"OBJECTID_1":41,"OBJECTID":41,"NAME":"North Lancashire Highland","REGION":"Warrington","SHORT_NAME":"NLH","Shape_Leng":179471.508154,"DisplayOrd":63,"Shape_Le_1":0,"Shape_Area":0}},{"type":"Feature","geometry":{"type":"MultiPolygon","coordinates":[[[[-2.975856,54.14347],[-2.979918,54.146943],[-3.001051,54.15351],[-3.008302,54.143113],[-3.01086,54.141294],[-3.017835,54.132337],[-3.005143,54.132803],[-2.990363,54.135532],[-2.980023,54.138403],[-2.975856,54.14347]]],[[[-3.265082,54.143376],[-3.261672,54.148544],[-3.252387,54.150348],[-3.258119,54.152536],[-3.272485,54.146632],[-3.275202,54.140402],[-3.267511,54.109114],[-3.251439,54.08843],[-3.209001,54.048597],[-3.196835,54.045123],[-3.172161,54.047524],[-3.17652,54.050447],[-3.176041,54.055126],[-3.189792,54.049867],[-3.200671,54.050523],[-3.20394,54.05422],[-3.202755,54.059212],[-3.210126,54.066292],[-3.217622,54.066576],[-3.225864,54.071436],[-3.225902,54.077907],[-3.218818,54.081305],[-3.235482,54.086528],[-3.245288,54.092359],[-3.248652,54.097447],[-3.241376,54.09959],[-3.24442,54.104232],[-3.244751,54.110161],[-3.249184,54.115148],[-3.249181,54.125215],[-3.25909,54.13561],[-3.261587,54.136671],[-3.265082,54.143376]]],[[[-2.352338,54.353163],[-2.35627,54.351475],[-2.386851,54.373559],[-2.386997,54.389083],[-2.470775,54.40431],[-2.448475,54.450968],[-2.494357,54.468531],[-2.494518,54.481837],[-2.537255,54.54597],[-2.621882,54.592137],[-2.767701,54.629002],[-2.837314,54.66846],[-3.059186,54.813096],[-3.397469,54.712086],[-3.373745,54.690178],[-3.414762,54.658656],[-3.502467,54.650946],[-3.570446,54.618882],[-3.567599,54.613321],[-3.57077,54.611213],[-3.572077,54.60095],[-3.579943,54.589388],[-3.582205,54.580676],[-3.581308,54.572302],[-3.589459,54.558731],[-3.589379,54.553501],[-3.592796,54.548729],[-3.597054,54.549688],[-3.60205,54.544202],[-3.607209,54.529933],[-3.61275,54.525455],[-3.622851,54.522983],[-3.627071,54.52032],[-3.637654,54.518379],[-3.639331,54.513952],[-3.635335,54.506726],[-3.627455,54.502788],[-3.617227,54.490162],[-3.607222,54.490925],[-3.592511,54.481862],[-3.57527,54.463033],[-3.56869,54.460422],[-3.562626,54.451063],[-3.552797,54.448134],[-3.517655,54.419549],[-3.505979,54.412146],[-3.504952,54.409372],[-3.475932,54.386451],[-3.469498,54.374486],[-3.462946,54.367735],[-3.434411,54.343989],[-3.427919,54.343078],[-3.424592,54.344735],[-3.421247,54.350347],[-3.440934,54.358922],[-3.441496,54.361791],[-3.438086,54.365517],[-3.434488,54.363852],[-3.436833,54.360498],[-3.429714,54.354921],[-3.421545,54.358972],[-3.412555,54.3571],[-3.41369,54.363288],[-3.40382,54.362685],[-3.412161,54.354588],[-3.411794,54.352885],[-3.40432,54.350275],[-3.405702,54.341181],[-3.403777,54.338867],[-3.390633,54.341356],[-3.397378,54.336155],[-3.409066,54.336109],[-3.4108,54.337347],[-3.40751,54.34907],[-3.410767,54.349841],[-3.422633,54.337028],[-3.42454,54.329905],[-3.414896,54.308807],[-3.415463,54.298464],[-3.422537,54.294156],[-3.419556,54.2879],[-3.420532,54.285012],[-3.392581,54.253341],[-3.387288,54.251155],[-3.364896,54.233075],[-3.322911,54.191568],[-3.312707,54.188804],[-3.30278,54.1899],[-3.288783,54.193197],[-3.285657,54.196196],[-3.279528,54.196262],[-3.271079,54.190689],[-3.261558,54.19007],[-3.252712,54.19151],[-3.244477,54.197977],[-3.244423,54.201303],[-3.238202,54.203435],[-3.245113,54.208936],[-3.256051,54.21062],[-3.256009,54.214305],[-3.245548,54.223402],[-3.234564,54.230526],[-3.22812,54.240838],[-3.225684,54.241492],[-3.222519,54.248624],[-3.221747,54.253666],[-3.229368,54.257003],[-3.23021,54.259511],[-3.225053,54.271967],[-3.221774,54.259777],[-3.214955,54.257599],[-3.211422,54.247029],[-3.199828,54.238876],[-3.198301,54.228555],[-3.188023,54.23387],[-3.185579,54.233714],[-3.196134,54.222555],[-3.20505,54.217972],[-3.205703,54.208798],[-3.208859,54.206609],[-3.213847,54.190596],[-3.216495,54.187334],[-3.212963,54.184457],[-3.216869,54.176598],[-3.230655,54.171335],[-3.247077,54.172334],[-3.259414,54.169959],[-3.260639,54.164913],[-3.257465,54.161261],[-3.251141,54.159799],[-3.248688,54.154611],[-3.243585,54.158079],[-3.236269,54.15411],[-3.240566,54.149302],[-3.239245,54.14608],[-3.243403,54.126443],[-3.242248,54.113422],[-3.237213,54.103587],[-3.231473,54.10086],[-3.224703,54.094278],[-3.212976,54.101138],[-3.216287,54.10452],[-3.232733,54.108801],[-3.231298,54.110443],[-3.212923,54.104554],[-3.20938,54.100536],[-3.217107,54.095973],[-3.188902,54.104254],[-3.184181,54.094234],[-3.186876,54.09223],[-3.172835,54.082301],[-3.175805,54.073823],[-3.169987,54.073431],[-3.169335,54.082874],[-3.162791,54.083927],[-3.147932,54.093866],[-3.127519,54.102328],[-3.125959,54.106837],[-3.120216,54.109407],[-3.11865,54.113736],[-3.102909,54.120083],[-3.103308,54.123585],[-3.099002,54.128568],[-3.086511,54.13659],[-3.082635,54.146422],[-3.076265,54.154658],[-3.066624,54.160856],[-3.0613,54.162251],[-3.058234,54.174142],[-3.063306,54.180748],[-3.05295,54.189288],[-3.053458,54.197193],[-3.051356,54.198919],[-3.043548,54.199346],[-3.037894,54.20495],[-3.038101,54.20768],[-3.034685,54.212725],[-3.035848,54.21631],[-3.044937,54.219134],[-3.052203,54.220213],[-3.049955,54.234343],[-3.047163,54.239221],[-3.036916,54.240568],[-3.03776,54.237505],[-3.045707,54.236267],[-3.048371,54.23238],[-3.046261,54.227814],[-3.032849,54.228874],[-3.026276,54.219897],[-3.021127,54.216346],[-3.020563,54.212126],[-3.016537,54.210542],[-3.014117,54.20562],[-3.015721,54.202281],[-3.022738,54.200873],[-3.024035,54.197537],[-3.030552,54.194515],[-3.024757,54.189531],[-3.015766,54.185383],[-3.001831,54.173097],[-2.992755,54.171554],[-3.001948,54.165276],[-3.001598,54.1571],[-2.995829,54.152834],[-2.969474,54.145499],[-2.965218,54.146792],[-2.964081,54.150576],[-2.939218,54.154727],[-2.935463,54.157992],[-2.930406,54.151021],[-2.928734,54.165234],[-2.916835,54.181234],[-2.904824,54.192559],[-2.887324,54.198442],[-2.88754,54.194216],[-2.877816,54.198242],[-2.842237,54.204967],[-2.831628,54.218702],[-2.821544,54.220568],[-2.805258,54.22697],[-2.804335,54.242614],[-2.810162,54.242395],[-2.813747,54.245247],[-2.803645,54.246573],[-2.799629,54.245252],[-2.795747,54.234942],[-2.789553,54.231927],[-2.789169,54.227885],[-2.802659,54.219527],[-2.825196,54.211466],[-2.828164,54.206502],[-2.832241,54.203418],[-2.850798,54.196278],[-2.853495,54.193293],[-2.862225,54.192962],[-2.864308,54.182611],[-2.857018,54.178349],[-2.87005,54.178795],[-2.866212,54.171093],[-2.860863,54.164301],[-2.861899,54.162585],[-2.852379,54.153935],[-2.840858,54.152129],[-2.843096,54.149237],[-2.838207,54.142171],[-2.828509,54.139452],[-2.832097,54.135203],[-2.827381,54.128944],[-2.815594,54.128755],[-2.812145,54.124554],[-2.807461,54.127641],[-2.799937,54.127559],[-2.830498,54.145096],[-2.834697,54.158229],[-2.762927,54.163093],[-2.732951,54.183434],[-2.679981,54.196744],[-2.646239,54.192542],[-2.585612,54.19724],[-2.5219,54.222154],[-2.472864,54.226744],[-2.396942,54.249202],[-2.344022,54.242783],[-2.320194,54.258599],[-2.322917,54.261318],[-2.322005,54.270469],[-2.325992,54.281323],[-2.32504,54.284757],[-2.319196,54.287629],[-2.314346,54.292787],[-2.320235,54.296203],[-2.319286,54.300209],[-2.32518,54.304196],[-2.32228,54.308778],[-2.325222,54.309913],[-2.312558,54.316806],[-2.311635,54.324813],[-2.313611,54.327668],[-2.322436,54.330505],[-2.333244,54.336767],[-2.349011,54.35102],[-2.352338,54.353163]]]]},"properties":{"OBJECTID_1":42,"OBJECTID":42,"NAME":"Cumbria Highland","REGION":"Warrington","SHORT_NAME":"CUMH","Shape_Leng":461425.149608,"DisplayOrd":61,"Shape_Le_1":0,"Shape_Area":0}},{"type":"Feature","geometry":{"type":"Polygon","coordinates":[[[-2.573656,55.121494],[-2.58565,55.123154],[-2.601578,55.120794],[-2.617597,55.124719],[-2.626567,55.124104],[-2.646563,55.126862],[-2.656611,55.131384],[-2.661709,55.138219],[-2.677861,55.149567],[-2.679979,55.156988],[-2.686092,55.164387],[-2.68026,55.174138],[-2.690381,55.182087],[-2.694296,55.186193],[-2.704277,55.173286],[-2.732915,55.168175],[-2.736766,55.164198],[-2.74858,55.158015],[-2.775566,55.149489],[-2.791394,55.140581],[-2.80859,55.137592],[-2.825298,55.139943],[-2.8328,55.132577],[-2.827674,55.1274],[-2.827928,55.124522],[-2.831795,55.12198],[-2.842147,55.122088],[-2.838443,55.117441],[-2.843928,55.117313],[-2.846335,55.112534],[-2.864714,55.107013],[-2.871914,55.106512],[-2.874086,55.098319],[-2.877637,55.095867],[-2.886089,55.095447],[-2.882492,55.090072],[-2.891284,55.089478],[-2.893751,55.087662],[-2.897765,55.078017],[-2.908556,55.077308],[-2.913466,55.079698],[-2.920207,55.073087],[-2.939865,55.069881],[-2.942453,55.066716],[-2.939176,55.060541],[-2.953173,55.056568],[-2.957088,55.050067],[-3.028712,55.056106],[-3.043244,55.055676],[-3.05062,55.052764],[-3.052517,55.048111],[-3.04391,55.048185],[-3.042577,55.045051],[-3.035569,55.040348],[-3.032123,55.040197],[-3.025147,55.036662],[-3.030424,55.035],[-3.034074,55.030925],[-3.029414,55.026111],[-3.038395,55.022557],[-3.039191,55.017042],[-3.048861,55.010039],[-3.044572,55.00747],[-3.044427,55.001279],[-3.041569,54.999578],[-3.050392,54.996815],[-3.055302,54.987337],[-3.047109,54.984802],[-3.044616,54.979072],[-3.038135,54.976161],[-3.03593,54.96944],[-3.011134,54.975436],[-3.009445,54.974111],[-3.020657,54.970827],[-3.037777,54.968346],[-3.039522,54.975431],[-3.045814,54.977084],[-3.051259,54.98216],[-3.055962,54.982748],[-3.06366,54.978367],[-3.067725,54.97258],[-3.07298,54.970467],[-3.073958,54.966145],[-3.077476,54.963328],[-3.084368,54.964075],[-3.092395,54.960588],[-3.098071,54.951101],[-3.085637,54.947438],[-3.077278,54.950119],[-3.052197,54.952316],[-3.03768,54.946419],[-3.013063,54.948424],[-3.032761,54.943316],[-3.047996,54.94687],[-3.058295,54.946691],[-3.071835,54.939203],[-3.095712,54.933239],[-3.106659,54.928376],[-3.115847,54.927663],[-3.12216,54.930211],[-3.141183,54.929082],[-3.144693,54.932338],[-3.150952,54.932908],[-3.154831,54.937544],[-3.161639,54.940894],[-3.177824,54.944513],[-3.184593,54.951727],[-3.20234,54.955147],[-3.209995,54.955251],[-3.224746,54.952497],[-3.245583,54.944646],[-3.282642,54.941565],[-3.291413,54.937607],[-3.297126,54.930806],[-3.31345,54.919307],[-3.313948,54.915437],[-3.304235,54.909341],[-3.286837,54.906741],[-3.281742,54.903469],[-3.271758,54.903394],[-3.264515,54.906166],[-3.259518,54.910981],[-3.24711,54.913266],[-3.234727,54.911326],[-3.230404,54.907685],[-3.223655,54.906315],[-3.222447,54.902463],[-3.235298,54.909612],[-3.252975,54.911229],[-3.256366,54.909935],[-3.25497,54.905187],[-3.258238,54.896948],[-3.265074,54.891655],[-3.2768,54.89022],[-3.283593,54.893025],[-3.289182,54.892247],[-3.287374,54.884447],[-3.280082,54.875717],[-3.286187,54.876084],[-3.294675,54.878321],[-3.299517,54.883482],[-3.31135,54.887839],[-3.328785,54.891775],[-3.336107,54.892054],[-3.340593,54.89568],[-3.347188,54.892372],[-3.357148,54.891371],[-3.337457,54.8994],[-3.352946,54.896703],[-3.371043,54.888681],[-3.392519,54.870381],[-3.400758,54.867563],[-3.410404,54.839447],[-3.425966,54.822378],[-3.439678,54.799604],[-3.432497,54.783062],[-3.435587,54.760557],[-3.460074,54.741391],[-3.490224,54.729071],[-3.50084,54.717975],[-3.508327,54.715159],[-3.511618,54.707236],[-3.5234,54.690281],[-3.535604,54.68069],[-3.548705,54.674412],[-3.561746,54.66265],[-3.566379,54.650097],[-3.57596,54.649344],[-3.570446,54.618882],[-3.502467,54.650946],[-3.414762,54.658656],[-3.373745,54.690178],[-3.397469,54.712086],[-3.059186,54.813096],[-2.837314,54.66846],[-2.767701,54.629002],[-2.621882,54.592137],[-2.537255,54.54597],[-2.494518,54.481837],[-2.494357,54.468531],[-2.448475,54.450968],[-2.470775,54.40431],[-2.386997,54.389083],[-2.386851,54.373559],[-2.35627,54.351475],[-2.352338,54.353163],[-2.353955,54.357296],[-2.338344,54.3642],[-2.324636,54.364234],[-2.317807,54.367682],[-2.309962,54.365985],[-2.306048,54.366566],[-2.29741,54.392887],[-2.307258,54.400297],[-2.307332,54.411161],[-2.310328,54.419159],[-2.30255,54.428897],[-2.293762,54.434634],[-2.291825,54.438641],[-2.287913,54.440364],[-2.278104,54.440386],[-2.272235,54.443256],[-2.270297,54.447263],[-2.273278,54.453546],[-2.270342,54.454695],[-2.248756,54.455308],[-2.236029,54.461049],[-2.226214,54.461066],[-2.223279,54.462786],[-2.210524,54.46395],[-2.201713,54.469108],[-2.192885,54.470836],[-2.194877,54.477694],[-2.203738,54.4834],[-2.206707,54.488541],[-2.206754,54.499405],[-2.194009,54.505712],[-2.193046,54.510288],[-2.181271,54.514877],[-2.177366,54.521743],[-2.182289,54.524024],[-2.188189,54.524588],[-2.203906,54.522279],[-2.210794,54.523984],[-2.210807,54.526842],[-2.216735,54.533122],[-2.225591,54.534824],[-2.243331,54.542798],[-2.244324,54.544512],[-2.239424,54.54795],[-2.24632,54.550225],[-2.253206,54.550213],[-2.263114,54.562772],[-2.275957,54.571323],[-2.279903,54.57303],[-2.294654,54.571283],[-2.30549,54.572973],[-2.330183,54.584921],[-2.34407,54.598607],[-2.355952,54.60658],[-2.360895,54.608853],[-2.382579,54.610507],[-2.38555,54.612213],[-2.385625,54.62079],[-2.391583,54.625918],[-2.41729,54.634985],[-2.423242,54.638968],[-2.426311,54.650393],[-2.433345,54.66352],[-2.455283,54.686314],[-2.4672,54.693132],[-2.479075,54.695947],[-2.498976,54.709593],[-2.516853,54.718098],[-2.534772,54.729459],[-2.541716,54.731717],[-2.551713,54.740822],[-2.554828,54.752243],[-2.553995,54.764254],[-2.549228,54.777996],[-2.552373,54.791704],[-2.549427,54.793431],[-2.545645,54.80717],[-2.549678,54.81287],[-2.565638,54.821948],[-2.575694,54.833337],[-2.581817,54.84646],[-2.577933,54.852194],[-2.579009,54.858478],[-2.593092,54.873279],[-2.609086,54.882351],[-2.619119,54.890307],[-2.64796,54.895308],[-2.659818,54.892388],[-2.668844,54.89863],[-2.668918,54.903204],[-2.665066,54.910656],[-2.662099,54.911244],[-2.652308,54.91987],[-2.646583,54.934764],[-2.639728,54.941089],[-2.628864,54.945144],[-2.605053,54.946975],[-2.582313,54.954514],[-2.571463,54.96028],[-2.568544,54.964867],[-2.571595,54.969999],[-2.571796,54.984863],[-2.561909,54.988909],[-2.564998,54.996899],[-2.559176,55.007788],[-2.546319,55.01356],[-2.504583,55.017733],[-2.481848,55.03097],[-2.466951,55.033884],[-2.461998,55.036188],[-2.467107,55.048176],[-2.463205,55.055622],[-2.45429,55.060227],[-2.453338,55.064232],[-2.458355,55.067645],[-2.468311,55.067038],[-2.476312,55.069867],[-2.477353,55.073865],[-2.47142,55.077889],[-2.46148,55.080211],[-2.458515,55.082509],[-2.453533,55.082526],[-2.442641,55.089424],[-2.446664,55.092841],[-2.459672,55.097369],[-2.467647,55.09734],[-2.473649,55.099034],[-2.48268,55.104146],[-2.487652,55.102983],[-2.495642,55.104097],[-2.517564,55.102867],[-2.524529,55.101695],[-2.528489,55.099392],[-2.540445,55.09877],[-2.563543,55.111248],[-2.56754,55.111802],[-2.568614,55.117514],[-2.573656,55.121494]]]},"properties":{"OBJECTID_1":43,"OBJECTID":43,"NAME":"Cumbria Lowland","REGION":"Warrington","SHORT_NAME":"CUML","Shape_Leng":452089.628479,"DisplayOrd":62,"Shape_Le_1":0,"Shape_Area":0}},{"type":"Feature","geometry":{"type":"MultiPolygon","coordinates":[[[[-2.896569,53.987967],[-2.890685,53.990977],[-2.90032,53.992164],[-2.896569,53.987967]]],[[[-2.81756,54.089599],[-2.832605,54.084239],[-2.839082,54.07943],[-2.859057,54.077132],[-2.86877,54.073827],[-2.874944,54.073072],[-2.877687,54.069088],[-2.888427,54.063976],[-2.899274,54.049784],[-2.90656,54.047662],[-2.905779,54.039849],[-2.916207,54.034916],[-2.914797,54.033309],[-2.92084,54.030387],[-2.90658,54.020519],[-2.904927,54.007678],[-2.900081,54.002322],[-2.897173,53.994794],[-2.887828,53.992886],[-2.881926,53.995086],[-2.878784,53.990795],[-2.873534,53.994968],[-2.875799,54.001153],[-2.865363,54.005543],[-2.859391,54.004507],[-2.852709,54.005993],[-2.842772,54.005074],[-2.835841,54.009437],[-2.832702,54.027974],[-2.845788,54.040915],[-2.842264,54.04786],[-2.820685,54.053402],[-2.799174,54.054806],[-2.800974,54.053086],[-2.817767,54.052613],[-2.838428,54.046988],[-2.841224,54.041756],[-2.826447,54.028197],[-2.82813,54.012996],[-2.832273,54.006496],[-2.829629,54.003997],[-2.837881,53.997019],[-2.838297,53.994949],[-2.847146,53.995067],[-2.845995,53.998491],[-2.849934,54.000863],[-2.867396,53.993215],[-2.868581,53.984218],[-2.876427,53.980207],[-2.871669,53.971433],[-2.855761,53.968851],[-2.847714,53.964432],[-2.864175,53.963632],[-2.877972,53.958687],[-2.883494,53.960381],[-2.884256,53.956771],[-2.876207,53.955221],[-2.875844,53.952438],[-2.88029,53.946473],[-2.889485,53.94184],[-2.903837,53.941184],[-2.92513,53.950612],[-2.995275,53.931644],[-2.996753,53.929744],[-2.996462,53.917522],[-2.992385,53.912523],[-2.993545,53.910086],[-2.987545,53.907439],[-2.992519,53.905331],[-2.99199,53.902279],[-2.983179,53.890038],[-2.963369,53.875548],[-2.963581,53.871502],[-2.970176,53.867314],[-2.969978,53.865338],[-2.950253,53.860552],[-2.946332,53.85528],[-2.94327,53.854316],[-2.93509,53.855638],[-2.933016,53.858081],[-2.914515,53.860291],[-2.923237,53.85591],[-2.931136,53.855579],[-2.939245,53.851112],[-2.943487,53.850449],[-2.953569,53.852616],[-2.958778,53.861024],[-2.977179,53.861145],[-2.976789,53.870496],[-2.969998,53.872798],[-2.971023,53.877643],[-2.99235,53.885379],[-3.003545,53.895442],[-3.005263,53.903607],[-3.005289,53.917359],[-3.009464,53.92002],[-3.003607,53.923395],[-3.005257,53.928684],[-3.043834,53.9244],[-3.049677,53.920574],[-3.051272,53.917414],[-3.046974,53.891656],[-3.047028,53.875566],[-3.055376,53.844663],[-3.057563,53.822883],[-3.058737,53.819421],[-3.058075,53.810627],[-3.060173,53.777639],[-3.057673,53.776574],[-3.054171,53.762187],[-3.048344,53.755398],[-3.038183,53.751756],[-3.02192,53.741244],[-2.658463,53.807022],[-2.615553,53.832538],[-2.656062,53.86728],[-2.733321,53.990471],[-2.733594,54.005995],[-2.81756,54.089599]]]]},"properties":{"OBJECTID_1":44,"OBJECTID":44,"NAME":"Lancashire Lowland","REGION":"Warrington","SHORT_NAME":"LANL","Shape_Leng":190492.875568,"DisplayOrd":64,"Shape_Le_1":0,"Shape_Area":0}},{"type":"Feature","geometry":{"type":"Polygon","coordinates":[[[-3.13816,52.894774],[-3.140199,52.89976],[-3.14926,52.905067],[-3.17453,52.90482],[-3.169998,52.902168],[-3.169853,52.896775],[-3.172752,52.89405],[-3.190585,52.893872],[-3.199377,52.889289],[-3.214186,52.88734],[-3.217057,52.883715],[-3.225921,52.881826],[-3.243517,52.873552],[-3.271633,52.869658],[-3.280624,52.872258],[-3.292506,52.87213],[-3.297096,52.876575],[-3.295771,52.881983],[-3.306198,52.882768],[-3.310709,52.884516],[-3.316651,52.88445],[-3.321054,52.882603],[-3.345157,52.893121],[-3.355503,52.891205],[-3.367475,52.893765],[-3.376334,52.891864],[-3.386276,52.877365],[-3.409867,52.871693],[-3.417323,52.872503],[-3.420175,52.868873],[-3.427542,52.866987],[-3.436274,52.861487],[-3.452577,52.86039],[-3.461576,52.862976],[-3.470455,52.861968],[-3.479425,52.863654],[-3.493004,52.869777],[-3.492758,52.862588],[-3.497088,52.858938],[-3.496903,52.853546],[-3.506952,52.84353],[-3.514341,52.842536],[-3.521605,52.837948],[-3.533476,52.837796],[-3.542539,52.842173],[-3.548412,52.840299],[-3.557316,52.840182],[-3.559962,52.831157],[-3.576445,52.835435],[-3.594152,52.832501],[-3.605624,52.821558],[-3.608226,52.811633],[-3.606644,52.808957],[-3.599097,52.805463],[-3.599031,52.803666],[-3.607729,52.798154],[-3.608979,52.791844],[-3.605915,52.789188],[-3.607265,52.785574],[-3.598273,52.782998],[-3.59959,52.778485],[-3.593499,52.774072],[-3.591689,52.765106],[-3.59452,52.761472],[-3.595706,52.753364],[-3.594127,52.750689],[-3.588105,52.748072],[-3.59087,52.742641],[-3.586265,52.738207],[-3.586102,52.733714],[-3.594656,52.724609],[-3.592914,52.71744],[-3.58249,52.715782],[-3.5794,52.712227],[-3.579238,52.707733],[-3.573223,52.705116],[-3.576085,52.702381],[-3.589301,52.699507],[-3.596369,52.690422],[-3.585821,52.685169],[-3.59292,52.676982],[-3.588452,52.676143],[-3.582311,52.669932],[-3.582084,52.663642],[-3.578934,52.658289],[-3.583237,52.654636],[-3.5771,52.648424],[-3.576841,52.641235],[-3.581143,52.637582],[-3.590071,52.63926],[-3.598836,52.636445],[-3.599952,52.62654],[-3.590668,52.614977],[-3.568458,52.613476],[-3.562393,52.60906],[-3.557996,52.610017],[-3.55225,52.614588],[-3.534314,52.608529],[-3.535601,52.603117],[-3.545617,52.593997],[-3.558866,52.592924],[-3.588053,52.583545],[-3.599463,52.572603],[-3.599136,52.563616],[-3.605068,52.564435],[-3.611098,52.56795],[-3.622664,52.561498],[-3.62538,52.555167],[-3.617777,52.548978],[-3.622133,52.54712],[-3.623441,52.542607],[-3.636473,52.536134],[-3.646788,52.535991],[-3.654326,52.540381],[-3.657104,52.535847],[-3.654022,52.532293],[-3.658341,52.529536],[-3.672972,52.526632],[-3.698088,52.528073],[-3.709805,52.526106],[-3.710469,52.543179],[-3.725243,52.543864],[-3.723452,52.535798],[-3.733236,52.522168],[-3.733095,52.518574],[-3.728464,52.513247],[-3.732812,52.511386],[-3.729655,52.506037],[-3.735368,52.501458],[-3.736663,52.496943],[-3.741045,52.49598],[-3.739076,52.483422],[-3.746079,52.474327],[-3.74124,52.472522],[-3.73963,52.469028],[-3.732235,52.468158],[-3.729119,52.463787],[-3.721623,52.4603],[-3.714618,52.460402],[-3.698101,52.454347],[-3.684533,52.452664],[-3.675469,52.446499],[-3.669382,52.439471],[-3.660492,52.439517],[-3.655879,52.434187],[-3.651401,52.432452],[-3.649796,52.428878],[-3.643914,52.425442],[-3.638288,52.42642],[-3.632313,52.42394],[-3.629468,52.426541],[-3.620328,52.427487],[-3.619965,52.417602],[-3.615491,52.415865],[-3.598207,52.416179],[-3.594755,52.41173],[-3.580089,52.412747],[-3.579832,52.405558],[-3.584015,52.399209],[-3.591105,52.393798],[-3.577721,52.387604],[-3.583339,52.380337],[-3.574464,52.378657],[-3.572804,52.373284],[-3.562467,52.368106],[-3.547974,52.367398],[-3.543601,52.368354],[-3.548132,52.371891],[-3.546758,52.374606],[-3.532105,52.375696],[-3.515539,52.374033],[-3.499244,52.366228],[-3.490626,52.365438],[-3.480439,52.368263],[-3.474776,52.374628],[-3.474925,52.379121],[-3.463385,52.385558],[-3.451664,52.386602],[-3.445936,52.391168],[-3.446024,52.393864],[-3.43465,52.40569],[-3.436324,52.411964],[-3.443761,52.41457],[-3.436587,52.420052],[-3.439703,52.425409],[-3.437055,52.434432],[-3.420996,52.438222],[-3.418112,52.440055],[-3.404905,52.441112],[-3.387398,52.445814],[-3.356483,52.445273],[-3.334637,52.452714],[-3.330305,52.45546],[-3.330441,52.459954],[-3.321233,52.45908],[-3.313836,52.455645],[-3.303418,52.453883],[-3.292829,52.456109],[-3.283727,52.454878],[-3.254088,52.464946],[-3.218518,52.473423],[-3.193597,52.477301],[-3.188483,52.475346],[-3.194356,52.47639],[-3.180565,52.473855],[-3.157755,52.485068],[-3.145222,52.488496],[-3.141677,52.491217],[-3.12654,52.492308],[-3.117842,52.494707],[-3.111538,52.498831],[-3.055827,52.499994],[-3.046366,52.499047],[-3.029204,52.501253],[-3.034589,52.505049],[-3.032172,52.509666],[-3.036431,52.511491],[-3.030798,52.519507],[-3.032417,52.523692],[-3.013042,52.522102],[-3.010724,52.520051],[-3.003817,52.519804],[-3.001476,52.52252],[-3.005102,52.529436],[-3.003862,52.533545],[-2.99418,52.552932],[-2.999723,52.554654],[-2.997649,52.563819],[-3.006267,52.573673],[-3.014521,52.575485],[-3.036647,52.571724],[-3.043934,52.568112],[-3.050032,52.56065],[-3.05704,52.558546],[-3.060427,52.555313],[-3.064998,52.556794],[-3.071406,52.553965],[-3.087283,52.551273],[-3.086156,52.548633],[-3.092333,52.547771],[-3.093944,52.544887],[-3.090567,52.542751],[-3.083474,52.541467],[-3.080807,52.539128],[-3.085379,52.53452],[-3.108745,52.529196],[-3.130734,52.527039],[-3.134961,52.528466],[-3.136975,52.532571],[-3.135481,52.53491],[-3.116975,52.53837],[-3.111487,52.541398],[-3.127428,52.56601],[-3.137774,52.573837],[-3.138571,52.582841],[-3.134418,52.58494],[-3.122174,52.587626],[-3.117447,52.585746],[-3.113631,52.59061],[-3.109793,52.590265],[-3.100332,52.59757],[-3.089359,52.599572],[-3.089305,52.603284],[-3.093644,52.609291],[-3.082702,52.615518],[-3.081619,52.621382],[-3.072206,52.625939],[-3.073103,52.628944],[-3.05979,52.630677],[-3.069402,52.637393],[-3.08129,52.639342],[-3.083524,52.641272],[-3.069887,52.645781],[-3.061651,52.645393],[-3.058136,52.647403],[-3.051091,52.647306],[-3.050859,52.653309],[-3.048593,52.657504],[-3.049076,52.662244],[-3.043949,52.666211],[-3.043049,52.671997],[-3.045641,52.675428],[-3.042084,52.681482],[-3.042722,52.686897],[-3.046961,52.691213],[-3.034226,52.693426],[-3.032037,52.699921],[-3.022521,52.706642],[-3.021793,52.710423],[-3.025436,52.716164],[-3.020485,52.721129],[-3.011428,52.720568],[-3.008383,52.721981],[-3.000609,52.720213],[-2.996667,52.721793],[-2.985687,52.722513],[-2.982146,52.725699],[-2.977522,52.726453],[-2.975475,52.721572],[-2.978122,52.715289],[-2.966591,52.714257],[-2.961065,52.716366],[-2.961838,52.72568],[-2.966656,52.72562],[-2.965041,52.732213],[-2.969039,52.731955],[-2.973578,52.735671],[-2.98004,52.733633],[-2.991112,52.733676],[-2.996529,52.736014],[-2.992506,52.738531],[-2.990627,52.74252],[-2.997624,52.743881],[-3.008005,52.747646],[-3.009757,52.750298],[-3.01587,52.748064],[-3.02178,52.751915],[-3.014467,52.75288],[-3.010795,52.758521],[-3.010696,52.761874],[-3.017098,52.767672],[-3.022675,52.764171],[-3.026352,52.767039],[-3.032613,52.76714],[-3.038985,52.770358],[-3.044465,52.769275],[-3.046536,52.767017],[-3.057906,52.773684],[-3.062107,52.769117],[-3.068588,52.77418],[-3.072194,52.769737],[-3.079525,52.77155],[-3.077903,52.773765],[-3.080738,52.777442],[-3.088859,52.777543],[-3.087844,52.779825],[-3.091709,52.786631],[-3.085674,52.790399],[-3.086756,52.79559],[-3.090299,52.796251],[-3.097715,52.791368],[-3.106174,52.792906],[-3.109765,52.786671],[-3.113787,52.786575],[-3.118899,52.787183],[-3.131149,52.787506],[-3.142495,52.790341],[-3.144657,52.7885],[-3.147315,52.791795],[-3.158472,52.793479],[-3.161816,52.799346],[-3.154059,52.802494],[-3.153186,52.806327],[-3.156328,52.807987],[-3.162196,52.80363],[-3.168179,52.807299],[-3.165403,52.812143],[-3.167845,52.819261],[-3.15888,52.830555],[-3.154081,52.832138],[-3.156597,52.837028],[-3.151325,52.842567],[-3.163071,52.847472],[-3.153947,52.854261],[-3.147607,52.855695],[-3.140591,52.860785],[-3.134419,52.861783],[-3.127722,52.867239],[-3.135163,52.870095],[-3.138911,52.873206],[-3.15244,52.878732],[-3.148391,52.881272],[-3.147007,52.884676],[-3.135666,52.884979],[-3.1475,52.890137],[-3.14482,52.892883],[-3.13816,52.894774]]]},"properties":{"OBJECTID_1":45,"OBJECTID":45,"NAME":"Severn and Vyrnwy (Wales)","REGION":"Birmingham","SHORT_NAME":"SV(W)","Shape_Leng":308290.830913,"DisplayOrd":11,"Shape_Le_1":0,"Shape_Area":0}},{"type":"Feature","geometry":{"type":"Polygon","coordinates":[[[-3.194356,52.47639],[-3.188483,52.475346],[-3.196973,52.477123],[-3.222544,52.472671],[-3.254088,52.464946],[-3.283727,52.454878],[-3.292829,52.456109],[-3.303418,52.453883],[-3.313836,52.455645],[-3.321233,52.45908],[-3.330441,52.459954],[-3.330305,52.45546],[-3.334637,52.452714],[-3.356483,52.445273],[-3.387398,52.445814],[-3.404905,52.441112],[-3.418112,52.440055],[-3.420996,52.438222],[-3.437055,52.434432],[-3.439703,52.425409],[-3.436587,52.420052],[-3.443761,52.41457],[-3.436324,52.411964],[-3.43465,52.40569],[-3.446024,52.393864],[-3.445936,52.391168],[-3.451664,52.386602],[-3.463385,52.385558],[-3.466233,52.382826],[-3.474925,52.379121],[-3.474776,52.374628],[-3.479001,52.36918],[-3.490626,52.365438],[-3.499244,52.366228],[-3.515539,52.374033],[-3.532105,52.375696],[-3.543852,52.375543],[-3.548195,52.373688],[-3.543601,52.368354],[-3.558159,52.367264],[-3.562467,52.368106],[-3.572804,52.373284],[-3.574464,52.378657],[-3.583339,52.380337],[-3.577721,52.387604],[-3.591105,52.393798],[-3.584015,52.399209],[-3.579832,52.405558],[-3.580089,52.412747],[-3.594755,52.41173],[-3.598207,52.416179],[-3.615491,52.415865],[-3.619965,52.417602],[-3.620328,52.427487],[-3.629468,52.426541],[-3.632313,52.42394],[-3.638288,52.42642],[-3.643914,52.425442],[-3.649796,52.428878],[-3.651401,52.432452],[-3.655879,52.434187],[-3.660492,52.439517],[-3.669382,52.439471],[-3.675469,52.446499],[-3.684533,52.452664],[-3.698101,52.454347],[-3.714618,52.460402],[-3.721623,52.4603],[-3.729119,52.463787],[-3.732235,52.468158],[-3.73963,52.469028],[-3.744254,52.474275],[-3.747551,52.474306],[-3.756237,52.47058],[-3.765101,52.471348],[-3.770842,52.467665],[-3.782613,52.467488],[-3.786517,52.454842],[-3.792182,52.449362],[-3.78766,52.446733],[-3.785826,52.437769],[-3.782849,52.436915],[-3.772666,52.439766],[-3.768111,52.436237],[-3.766425,52.430868],[-3.75886,52.425586],[-3.761334,52.413861],[-3.745169,52.414101],[-3.736246,52.411535],[-3.728934,52.412541],[-3.72449,52.411707],[-3.715918,52.418125],[-3.708569,52.418232],[-3.705491,52.41468],[-3.705248,52.408389],[-3.687375,52.402352],[-3.687033,52.393366],[-3.681055,52.390754],[-3.660356,52.38745],[-3.663159,52.383814],[-3.670366,52.380116],[-3.671597,52.373805],[-3.669993,52.370231],[-3.675695,52.365655],[-3.693242,52.363607],[-3.701911,52.359886],[-3.73392,52.352227],[-3.736749,52.349488],[-3.736608,52.345894],[-3.733498,52.341444],[-3.739296,52.33956],[-3.740657,52.336843],[-3.749423,52.335814],[-3.749211,52.330423],[-3.752073,52.328582],[-3.760802,52.326654],[-3.768242,52.32924],[-3.773714,52.319268],[-3.780937,52.316462],[-3.780793,52.312867],[-3.785047,52.309207],[-3.784938,52.306511],[-3.775963,52.30215],[-3.775819,52.298556],[-3.763879,52.29334],[-3.767882,52.28339],[-3.764666,52.276245],[-3.773348,52.273417],[-3.771489,52.263555],[-3.768381,52.259106],[-3.763917,52.257374],[-3.753737,52.259324],[-3.74181,52.254106],[-3.725739,52.255241],[-3.729817,52.247089],[-3.72532,52.244458],[-3.71943,52.243645],[-3.711937,52.239258],[-3.713332,52.23744],[-3.72654,52.238146],[-3.724971,52.235472],[-3.727724,52.230936],[-3.723055,52.223811],[-3.730197,52.219211],[-3.725598,52.213883],[-3.726783,52.206673],[-3.725285,52.205796],[-3.733956,52.202971],[-3.735243,52.198456],[-3.729219,52.194049],[-3.727548,52.188679],[-3.73176,52.184121],[-3.718117,52.171733],[-3.723616,52.162661],[-3.717598,52.158253],[-3.720347,52.153717],[-3.720069,52.146528],[-3.716906,52.14028],[-3.706373,52.132341],[-3.707661,52.127827],[-3.719135,52.122265],[-3.709928,52.11071],[-3.709825,52.108014],[-3.703884,52.105403],[-3.706597,52.099968],[-3.699164,52.096479],[-3.706048,52.08559],[-3.710321,52.08283],[-3.691019,52.074118],[-3.686678,52.075079],[-3.679284,52.072487],[-3.666226,52.074471],[-3.664701,52.072694],[-3.667417,52.067261],[-3.677489,52.063521],[-3.671489,52.059111],[-3.672779,52.054597],[-3.675661,52.053656],[-3.675426,52.047366],[-3.666781,52.050186],[-3.660917,52.04937],[-3.667937,52.042077],[-3.669093,52.033968],[-3.661941,52.037666],[-3.650217,52.036033],[-3.658594,52.026024],[-3.651277,52.025228],[-3.646741,52.020796],[-3.640848,52.019079],[-3.631857,52.021823],[-3.635,52.028074],[-3.632217,52.031709],[-3.610652,52.040098],[-3.596559,52.053777],[-3.592218,52.054735],[-3.593804,52.05831],[-3.573929,52.073863],[-3.559595,52.081246],[-3.548206,52.089489],[-3.53377,52.094173],[-3.520974,52.10423],[-3.492823,52.092002],[-3.481269,52.095744],[-3.465188,52.095046],[-3.46364,52.092368],[-3.425158,52.075756],[-3.426359,52.067649],[-3.420354,52.062327],[-3.420269,52.059631],[-3.411407,52.056141],[-3.41704,52.049779],[-3.406525,52.040015],[-3.393212,52.033879],[-3.377043,52.029574],[-3.375448,52.025097],[-3.378307,52.023265],[-3.385564,52.022281],[-3.382511,52.017821],[-3.38229,52.01063],[-3.376326,52.006205],[-3.366076,52.004526],[-3.361543,51.999183],[-3.364374,51.996453],[-3.365584,51.988347],[-3.357815,51.972253],[-3.341861,51.974234],[-3.334477,51.970721],[-3.329978,51.966276],[-3.332595,51.956356],[-3.329579,51.952794],[-3.322226,51.950179],[-3.317862,51.950228],[-3.311886,51.9449],[-3.304588,51.944082],[-3.307209,51.934163],[-3.302665,51.927919],[-3.298225,51.925271],[-3.290956,51.925351],[-3.283559,51.920936],[-3.276239,51.919217],[-3.276163,51.916521],[-3.268667,51.90851],[-3.267037,51.902233],[-3.253759,51.895182],[-3.245016,51.894376],[-3.240584,51.891725],[-3.229158,51.899038],[-3.227852,51.904447],[-3.22083,51.913511],[-3.22243,51.918889],[-3.228416,51.925121],[-3.221391,51.934185],[-3.223236,51.948552],[-3.214703,51.955834],[-3.213345,51.959444],[-3.203281,51.964043],[-3.196005,51.964117],[-3.183075,51.970542],[-3.156994,51.975297],[-3.157342,51.98878],[-3.150177,51.993346],[-3.143579,51.987629],[-3.138468,51.994354],[-3.136906,52.002377],[-3.133136,52.00502],[-3.119419,52.002789],[-3.115503,52.003904],[-3.11232,52.008873],[-3.111247,52.017848],[-3.106852,52.02009],[-3.097966,52.021475],[-3.099193,52.022679],[-3.092756,52.028971],[-3.092348,52.033183],[-3.08628,52.040188],[-3.092806,52.047472],[-3.090775,52.050819],[-3.101498,52.05825],[-3.106956,52.059873],[-3.111445,52.064868],[-3.116456,52.065849],[-3.121327,52.076151],[-3.125972,52.078324],[-3.118853,52.08872],[-3.122709,52.10315],[-3.10546,52.105378],[-3.107901,52.114082],[-3.106712,52.118732],[-3.115026,52.12157],[-3.123543,52.121853],[-3.128056,52.124562],[-3.136809,52.123312],[-3.141915,52.127859],[-3.141224,52.129915],[-3.134132,52.133569],[-3.135868,52.1379],[-3.11535,52.139172],[-3.093685,52.144297],[-3.083296,52.148337],[-3.072535,52.155764],[-3.071568,52.158181],[-3.08254,52.163038],[-3.084891,52.162782],[-3.090075,52.157296],[-3.098873,52.154697],[-3.10168,52.157383],[-3.112064,52.158993],[-3.122427,52.163411],[-3.121992,52.166908],[-3.112457,52.170222],[-3.112487,52.173614],[-3.101408,52.177258],[-3.094722,52.183722],[-3.097348,52.184317],[-3.096389,52.194703],[-3.101819,52.202602],[-3.094143,52.203741],[-3.076794,52.213305],[-3.077224,52.219088],[-3.072134,52.222843],[-3.07208,52.228686],[-3.073952,52.234061],[-3.073038,52.235867],[-3.058684,52.236072],[-3.049159,52.238893],[-3.043146,52.24275],[-3.043707,52.245512],[-3.049949,52.245003],[-3.045274,52.246809],[-3.048328,52.250245],[-3.04518,52.253344],[-3.03892,52.253589],[-3.036149,52.256714],[-3.025369,52.258166],[-3.005614,52.2642],[-2.998688,52.26415],[-2.996255,52.261497],[-2.989778,52.260486],[-2.984794,52.262261],[-2.978584,52.262375],[-2.977287,52.259676],[-2.96499,52.262325],[-2.965065,52.268112],[-2.955954,52.270909],[-2.954493,52.271609],[-2.963407,52.272608],[-2.965036,52.2743],[-2.979061,52.272626],[-2.992675,52.272843],[-2.996024,52.275775],[-3.001341,52.274965],[-3.011661,52.277396],[-3.009343,52.282832],[-3.011949,52.28804],[-3.005524,52.290671],[-3.001295,52.300065],[-3.000601,52.304393],[-3.003848,52.311219],[-3.000868,52.321754],[-2.997149,52.324515],[-2.986028,52.323456],[-2.981084,52.326988],[-2.966841,52.329489],[-2.966806,52.332417],[-2.961652,52.335923],[-2.954728,52.349237],[-2.960358,52.349227],[-2.964162,52.351487],[-2.970584,52.351395],[-2.974299,52.354723],[-2.98607,52.350882],[-2.998326,52.351881],[-3.005219,52.349057],[-3.010038,52.349499],[-3.021758,52.346518],[-3.040027,52.344363],[-3.052327,52.347779],[-3.05993,52.347996],[-3.065215,52.350053],[-3.065301,52.353331],[-3.070544,52.355965],[-3.091932,52.362564],[-3.097609,52.367945],[-3.100987,52.367913],[-3.104317,52.37376],[-3.110604,52.377146],[-3.120239,52.37743],[-3.129591,52.384466],[-3.14934,52.388119],[-3.154615,52.387777],[-3.158182,52.391494],[-3.161547,52.392129],[-3.159261,52.398025],[-3.160718,52.399955],[-3.169904,52.402883],[-3.172943,52.406518],[-3.19133,52.414208],[-3.219742,52.421308],[-3.222325,52.426725],[-3.230685,52.430469],[-3.228348,52.43948],[-3.233287,52.4397],[-3.235565,52.442523],[-3.231878,52.453112],[-3.219703,52.459525],[-3.212027,52.468128],[-3.194356,52.47639]]]},"properties":{"OBJECTID_1":46,"OBJECTID":46,"NAME":"Upper Wye and Teme (Wales)","REGION":"Birmingham","SHORT_NAME":"UWT(W)","Shape_Leng":329873.104391,"DisplayOrd":12,"Shape_Le_1":0,"Shape_Area":0}},{"type":"Feature","geometry":{"type":"MultiPolygon","coordinates":[[[[1.348381,51.298151],[1.343639,51.301408],[1.341109,51.294833],[1.3379,51.292136],[1.332063,51.290774],[1.329505,51.286151],[1.332635,51.28223],[1.337914,51.281648],[1.347549,51.274905],[1.351047,51.275668],[1.350378,51.28775],[1.345942,51.292833],[1.348381,51.298151]]],[[[0.671966,51.390452],[0.680485,51.396013],[0.674594,51.396058],[0.668456,51.391881],[0.671966,51.390452]]],[[[0.571588,51.40511],[0.569694,51.40722],[0.563964,51.407615],[0.560555,51.405801],[0.562057,51.401811],[0.581515,51.402643],[0.578409,51.406219],[0.571588,51.40511]]],[[[0.690174,51.406764],[0.680053,51.405826],[0.666619,51.399837],[0.658155,51.392745],[0.662329,51.39283],[0.66973,51.398957],[0.676633,51.398979],[0.693444,51.396346],[0.690174,51.406764]]],[[[0.686397,51.408559],[0.688422,51.411211],[0.682027,51.412527],[0.68112,51.40931],[0.686397,51.408559]]],[[[0.672288,51.423092],[0.666988,51.423483],[0.666001,51.419629],[0.669773,51.413508],[0.674513,51.415127],[0.675714,51.420918],[0.672288,51.423092]]],[[[0.726754,51.42458],[0.712711,51.420166],[0.718679,51.419416],[0.723388,51.421196],[0.726754,51.42458]]],[[[0.767991,51.440387],[0.743349,51.446317],[0.740309,51.437368],[0.735809,51.43214],[0.738279,51.429177],[0.74256,51.4286],[0.735147,51.42299],[0.741761,51.415731],[0.740796,51.411616],[0.733028,51.409189],[0.723631,51.413186],[0.721301,51.4127],[0.731599,51.399689],[0.741117,51.397758],[0.748473,51.393358],[0.750582,51.390161],[0.755731,51.387342],[0.760733,51.386864],[0.766802,51.380245],[0.763112,51.373857],[0.772506,51.367609],[0.780346,51.368952],[0.787495,51.373099],[0.790307,51.369704],[0.799732,51.36876],[0.804588,51.370622],[0.839489,51.363395],[0.848273,51.363722],[0.842774,51.367723],[0.850054,51.369255],[0.85441,51.365371],[0.856533,51.369457],[0.861049,51.365839],[0.873893,51.364445],[0.882324,51.356862],[0.889515,51.354706],[0.900243,51.353991],[0.922322,51.360098],[0.924197,51.364728],[0.934291,51.369782],[0.942491,51.369936],[0.948925,51.371663],[0.949546,51.374616],[0.937027,51.390301],[0.910999,51.405801],[0.901516,51.417279],[0.883508,51.421411],[0.868365,51.420793],[0.821496,51.425889],[0.806836,51.430828],[0.789088,51.439437],[0.767991,51.440387]]],[[[0.623174,50.86128],[0.637795,50.867053],[0.656417,50.869599],[0.669475,50.873987],[0.684147,50.887133],[0.718479,50.907744],[0.735044,50.916082],[0.7614,50.926255],[0.772657,50.928893],[0.761524,50.940373],[0.750727,50.943146],[0.741829,50.949202],[0.762473,50.94197],[0.771391,50.933933],[0.779147,50.935098],[0.790607,50.933925],[0.888447,50.918682],[0.937435,50.912512],[0.956839,50.911122],[0.976306,50.912966],[0.979444,50.915314],[0.979555,50.919269],[0.965416,50.952011],[0.96317,50.972666],[0.980287,51.008569],[0.994988,51.024293],[1.004661,51.030521],[1.038943,51.050861],[1.07532,51.063581],[1.114045,51.070561],[1.150814,51.073802],[1.166664,51.073823],[1.187773,51.077657],[1.182487,51.07969],[1.199355,51.084086],[1.203645,51.092424],[1.216143,51.097568],[1.227769,51.100395],[1.248649,51.100716],[1.250844,51.09962],[1.258541,51.100593],[1.26738,51.100526],[1.278964,51.107155],[1.291128,51.109422],[1.301113,51.113188],[1.309605,51.114027],[1.317509,51.110654],[1.319025,51.111871],[1.309323,51.116886],[1.31555,51.123213],[1.325495,51.125539],[1.329543,51.122995],[1.335605,51.124208],[1.335979,51.127417],[1.341702,51.126885],[1.343587,51.13141],[1.361753,51.135476],[1.377836,51.142298],[1.384765,51.151003],[1.391679,51.15557],[1.402907,51.172065],[1.403544,51.22341],[1.402936,51.234582],[1.387349,51.268137],[1.378971,51.280972],[1.370595,51.309549],[1.366809,51.312716],[1.356859,51.310124],[1.348198,51.301557],[1.349291,51.298827],[1.34734,51.293117],[1.354838,51.288324],[1.351189,51.287079],[1.351859,51.279738],[1.35574,51.276505],[1.347331,51.274263],[1.336416,51.281564],[1.332805,51.281218],[1.328339,51.287093],[1.33086,51.291006],[1.337881,51.293063],[1.341616,51.297265],[1.341763,51.310943],[1.335693,51.312735],[1.328239,51.311868],[1.32422,51.315643],[1.315035,51.317253],[1.31066,51.316297],[1.299981,51.317499],[1.290427,51.320376],[1.279124,51.318895],[1.263649,51.321306],[1.252827,51.324576],[1.249817,51.328707],[1.245729,51.327741],[1.240318,51.33041],[1.234405,51.330034],[1.220774,51.324023],[1.217194,51.320254],[1.211206,51.323108],[1.205367,51.323367],[1.199878,51.320819],[1.19885,51.318418],[1.187899,51.31368],[1.178395,51.313219],[1.172528,51.311399],[1.164221,51.304761],[1.159068,51.305377],[1.16189,51.309268],[1.165727,51.308084],[1.17728,51.313699],[1.187467,51.314276],[1.203333,51.323629],[1.208202,51.324485],[1.216566,51.321135],[1.219917,51.324703],[1.226618,51.3271],[1.230921,51.332154],[1.23495,51.330639],[1.241993,51.330552],[1.246814,51.328269],[1.250831,51.329237],[1.253465,51.325071],[1.263482,51.321985],[1.269492,51.321925],[1.278774,51.319624],[1.282648,51.320802],[1.291761,51.320761],[1.300674,51.318145],[1.31006,51.317124],[1.313568,51.317996],[1.323939,51.316515],[1.328825,51.312823],[1.339818,51.312617],[1.344069,51.309689],[1.344061,51.302476],[1.346669,51.30223],[1.353533,51.309769],[1.361009,51.313873],[1.362035,51.32005],[1.366773,51.32594],[1.372876,51.326934],[1.37431,51.328871],[1.39219,51.326016],[1.407893,51.326729],[1.409415,51.32287],[1.413918,51.323189],[1.41409,51.327816],[1.418404,51.330425],[1.425076,51.331894],[1.43358,51.34001],[1.440803,51.350143],[1.442699,51.358183],[1.445176,51.35865],[1.444158,51.366146],[1.447473,51.370096],[1.448329,51.375738],[1.440853,51.387202],[1.424088,51.39372],[1.416761,51.391865],[1.407202,51.392863],[1.381323,51.392112],[1.375912,51.387743],[1.361661,51.385545],[1.35057,51.387212],[1.341636,51.384949],[1.333687,51.386345],[1.328947,51.382432],[1.315991,51.38217],[1.313409,51.380264],[1.298939,51.382921],[1.288852,51.382576],[1.276697,51.37743],[1.25176,51.376416],[1.237849,51.37887],[1.209202,51.380289],[1.196508,51.379647],[1.153805,51.373159],[1.122435,51.372561],[1.113767,51.371892],[1.096865,51.3727],[1.094782,51.369517],[1.089252,51.368494],[1.067616,51.369423],[1.056445,51.365668],[1.025488,51.364673],[1.01204,51.352427],[0.992271,51.346638],[0.960432,51.345109],[0.935551,51.346815],[0.897585,51.341465],[0.89639,51.336188],[0.903019,51.336564],[0.909936,51.334683],[0.914905,51.327004],[0.906153,51.322545],[0.88699,51.317982],[0.885132,51.318568],[0.912955,51.327952],[0.90844,51.333731],[0.898514,51.333437],[0.892188,51.335572],[0.893776,51.342549],[0.888261,51.346193],[0.872667,51.354042],[0.860416,51.355691],[0.836738,51.353748],[0.816901,51.355846],[0.812151,51.355691],[0.810616,51.358785],[0.762282,51.362454],[0.75944,51.374933],[0.762164,51.381974],[0.750409,51.387287],[0.739387,51.39528],[0.734872,51.394306],[0.725079,51.398852],[0.71721,51.414054],[0.720259,51.416951],[0.730621,51.414156],[0.731775,51.416387],[0.728011,51.419604],[0.718168,51.418079],[0.712603,51.418838],[0.708757,51.417038],[0.695674,51.419588],[0.697704,51.410098],[0.695838,51.407713],[0.698383,51.39965],[0.705632,51.398223],[0.705659,51.393816],[0.717686,51.388141],[0.712412,51.384036],[0.697672,51.380239],[0.69562,51.381995],[0.698477,51.389035],[0.702533,51.391999],[0.696742,51.393751],[0.687443,51.392076],[0.68104,51.385838],[0.680869,51.380445],[0.671103,51.375632],[0.665647,51.378185],[0.666328,51.382486],[0.659968,51.384339],[0.655741,51.393249],[0.647872,51.396395],[0.639446,51.394877],[0.638832,51.386706],[0.630791,51.381851],[0.625074,51.374874],[0.622337,51.377274],[0.627859,51.383355],[0.633279,51.385122],[0.633331,51.388539],[0.617488,51.387995],[0.620513,51.385589],[0.619867,51.381826],[0.611193,51.378422],[0.603457,51.381382],[0.596693,51.386299],[0.592432,51.387203],[0.591021,51.390202],[0.577094,51.390509],[0.574631,51.392722],[0.569749,51.392829],[0.563454,51.395935],[0.557106,51.395534],[0.552295,51.399506],[0.548639,51.406151],[0.53761,51.409538],[0.532543,51.40632],[0.521254,51.38408],[0.511823,51.385092],[0.508676,51.393254],[0.505686,51.393767],[0.495693,51.387146],[0.493702,51.382242],[0.48967,51.379449],[0.480381,51.377758],[0.477053,51.374681],[0.468076,51.373431],[0.450253,51.365262],[0.449784,51.359156],[0.456206,51.352996],[0.453594,51.352511],[0.448088,51.358607],[0.449811,51.366665],[0.464709,51.374941],[0.4736,51.377272],[0.477947,51.380597],[0.488845,51.382795],[0.491847,51.390429],[0.502401,51.396805],[0.509398,51.395936],[0.512831,51.390377],[0.518085,51.386576],[0.520237,51.396963],[0.527982,51.409657],[0.534367,51.413296],[0.563872,51.411125],[0.571848,51.412299],[0.577206,51.415509],[0.592243,51.414368],[0.595946,51.416004],[0.606174,51.416541],[0.6206,51.422065],[0.630303,51.421947],[0.637491,51.415876],[0.637679,51.421628],[0.631348,51.424109],[0.629398,51.422713],[0.622244,51.422892],[0.622046,51.427465],[0.616889,51.42785],[0.610034,51.421168],[0.604667,51.420388],[0.614764,51.430443],[0.64742,51.423171],[0.640041,51.426674],[0.632987,51.426833],[0.616088,51.431465],[0.619974,51.436505],[0.627584,51.431208],[0.631445,51.435798],[0.625239,51.435488],[0.628849,51.440713],[0.633336,51.44367],[0.638381,51.441308],[0.651029,51.441023],[0.648593,51.443686],[0.654783,51.448672],[0.661173,51.447178],[0.662534,51.44337],[0.666914,51.44444],[0.668983,51.440435],[0.674995,51.43742],[0.672732,51.433155],[0.700028,51.432439],[0.715275,51.437213],[0.722893,51.444321],[0.721605,51.453233],[0.902375,51.425649],[0.849719,51.554161],[0.840101,51.547128],[0.808436,51.53422],[0.78556,51.520915],[0.778655,51.521169],[0.750285,51.528853],[0.730713,51.52949],[0.71544,51.532093],[0.7224,51.513405],[0.71998,51.513911],[0.713701,51.531954],[0.693589,51.533227],[0.645236,51.539904],[0.627431,51.538775],[0.610199,51.535023],[0.575815,51.539021],[0.544696,51.547345],[0.54163,51.544084],[0.541243,51.534559],[0.533564,51.531308],[0.522822,51.532618],[0.516753,51.529781],[0.505694,51.530557],[0.517648,51.525085],[0.519268,51.517082],[0.527275,51.514086],[0.539497,51.513552],[0.539556,51.512022],[0.532581,51.508396],[0.52244,51.507445],[0.519501,51.509037],[0.507019,51.504808],[0.493284,51.50663],[0.491776,51.505403],[0.466598,51.503507],[0.459119,51.506452],[0.446652,51.499698],[0.442965,51.50134],[0.435706,51.500322],[0.427453,51.508533],[0.431366,51.502174],[0.435253,51.499396],[0.442512,51.500414],[0.445179,51.499099],[0.439556,51.490943],[0.43843,51.477926],[0.433373,51.461393],[0.427894,51.458539],[0.415505,51.455647],[0.392013,51.452352],[0.359396,51.450675],[0.354521,51.451043],[0.345356,51.451946],[0.356631,51.455677],[0.349613,51.456357],[0.344784,51.454835],[0.336248,51.465258],[0.334054,51.464582],[0.343862,51.453685],[0.338096,51.45353],[0.333572,51.463602],[0.321335,51.472119],[0.314934,51.473685],[0.302377,51.473123],[0.290859,51.470291],[0.281537,51.462379],[0.278328,51.461542],[0.245309,51.472251],[0.225597,51.484408],[0.214996,51.488565],[0.208406,51.489319],[0.186262,51.487126],[0.18253,51.490433],[0.181121,51.497114],[0.175892,51.505305],[0.162609,51.510857],[0.143716,51.513632],[0.12667,51.518978],[0.120468,51.51891],[0.10901,51.514261],[0.09979,51.514336],[0.0953,51.516692],[0.082657,51.511584],[0.072178,51.49981],[0.064599,51.497875],[0.042033,51.499079],[0.021529,51.498086],[0.016278,51.499885],[0.006636,51.506705],[-0.000844,51.507012],[-0.006885,51.503968],[-0.009357,51.500143],[-0.004794,51.488833],[-0.01273,51.485542],[-0.019487,51.485836],[-0.025015,51.487908],[-0.028949,51.493549],[-0.029483,51.504529],[-0.03909,51.509007],[-0.050691,51.507312],[-0.06128,51.502272],[-0.088669,51.508522],[-0.109969,51.509883],[-0.118495,51.508959],[-0.122466,51.506657],[-0.1267,51.490566],[-0.129773,51.486928],[-0.134129,51.485019],[-0.150556,51.485899],[-0.174883,51.481928],[-0.179769,51.478236],[-0.185707,51.467573],[-0.19217,51.464346],[-0.206673,51.465288],[-0.219013,51.470062],[-0.224528,51.476351],[-0.227332,51.485745],[-0.234545,51.489181],[-0.241311,51.489283],[-0.248619,51.486515],[-0.251766,51.483324],[-0.255334,51.472856],[-0.260291,51.471221],[-0.267322,51.471865],[-0.27212,51.474454],[-0.276879,51.481898],[-0.283061,51.486035],[-0.294142,51.486287],[-0.308521,51.475254],[-0.322231,51.470505],[-0.324041,51.468283],[-0.321366,51.462319],[-0.306942,51.455277],[-0.305541,51.450752],[-0.31316,51.447085],[-0.328472,51.445515],[-0.332398,51.440436],[-0.328321,51.432311],[-0.327306,51.433321],[-0.316226,51.429829],[-0.304438,51.424639],[-0.305242,51.422469],[-0.301764,51.418633],[-0.303478,51.413226],[-0.302624,51.409634],[-0.300774,51.404505],[-0.304948,51.405511],[-0.312643,51.394841],[-0.324891,51.390551],[-0.325298,51.38902],[-0.33851,51.394388],[-0.3427,51.402311],[-0.35278,51.398169],[-0.359563,51.399787],[-0.359944,51.401747],[-0.373942,51.407821],[-0.380219,51.407234],[-0.391875,51.408835],[-0.401941,51.405351],[-0.400149,51.40364],[-0.414294,51.398383],[-0.41584,51.395047],[-0.426571,51.387127],[-0.42952,51.382059],[-0.437542,51.377249],[-0.442689,51.376088],[-0.453,51.378071],[-0.455554,51.377011],[-0.45746,51.372335],[-0.448198,51.369366],[-0.446151,51.36666],[-0.446167,51.35829],[-0.440315,51.349508],[-0.442634,51.344181],[-0.437552,51.336413],[-0.43849,51.332408],[-0.445611,51.327312],[-0.445559,51.32095],[-0.438303,51.314325],[-0.4377,51.308458],[-0.419372,51.289964],[-0.423867,51.275628],[-0.41896,51.270874],[-0.41761,51.255789],[-0.4146,51.250223],[-0.415548,51.245884],[-0.419414,51.242086],[-0.41978,51.231376],[-0.405504,51.220134],[-0.40043,51.220399],[-0.393948,51.215121],[-0.38252,51.214126],[-0.372367,51.207288],[-0.363352,51.190925],[-0.357885,51.184868],[-0.352109,51.184157],[-0.341017,51.178245],[-0.341826,51.175648],[-0.335924,51.172687],[-0.334818,51.167635],[-0.331101,51.167582],[-0.325387,51.159497],[-0.334212,51.152699],[-0.327986,51.150901],[-0.328508,51.148301],[-0.321338,51.144961],[-0.318526,51.139704],[-0.309143,51.13831],[-0.301628,51.140539],[-0.29826,51.134915],[-0.287447,51.133588],[-0.280886,51.129355],[-0.281431,51.126215],[-0.278586,51.122037],[-0.290197,51.117171],[-0.294736,51.110313],[-0.302996,51.107106],[-0.303559,51.103427],[-0.27781,51.100623],[-0.266741,51.102527],[-0.259218,51.097469],[-0.257574,51.088002],[-0.247818,51.081651],[-0.240048,51.083243],[-0.230525,51.08211],[-0.224035,51.08381],[-0.207973,51.081946],[-0.207106,51.074828],[-0.202886,51.073235],[-0.202096,51.067827],[-0.194464,51.058536],[-0.191942,51.061015],[-0.1791,51.064593],[-0.173962,51.064603],[-0.167771,51.062348],[-0.162915,51.066048],[-0.164959,51.068509],[-0.161735,51.074214],[-0.15584,51.07529],[-0.152024,51.07433],[-0.149166,51.077972],[-0.135204,51.080808],[-0.133728,51.085551],[-0.130838,51.086404],[-0.132557,51.093356],[-0.130512,51.094493],[-0.120251,51.093968],[-0.114366,51.094683],[-0.10458,51.10001],[-0.10002,51.099756],[-0.088032,51.102978],[-0.083537,51.097689],[-0.070563,51.093698],[-0.072947,51.091309],[-0.065853,51.079951],[-0.05769,51.080535],[-0.048084,51.074709],[-0.039097,51.074559],[-0.034038,51.072675],[-0.028691,51.074204],[-0.020467,51.072896],[-0.01059,51.073537],[-0.005902,51.076335],[0.002541,51.073493],[0.004704,51.073995],[0.014799,51.069775],[0.022244,51.070276],[0.024388,51.067091],[0.016209,51.054669],[0.016295,51.05191],[0.033427,51.04535],[0.03814,51.04221],[0.044333,51.040303],[0.053961,51.035458],[0.059013,51.036808],[0.062598,51.040432],[0.065559,51.03966],[0.075641,51.04182],[0.086582,51.037668],[0.092722,51.040976],[0.0996,51.041662],[0.103555,51.037633],[0.114081,51.036994],[0.116862,51.035415],[0.125782,51.040199],[0.134891,51.039763],[0.150507,51.050449],[0.15697,51.042146],[0.166818,51.036118],[0.184775,51.035783],[0.186713,51.03152],[0.191807,51.033673],[0.199196,51.033084],[0.207731,51.029596],[0.218284,51.029576],[0.223168,51.027324],[0.226467,51.021775],[0.225428,51.011992],[0.224168,51.009498],[0.219115,51.008155],[0.220505,51.004441],[0.217401,50.996136],[0.214058,50.994761],[0.211281,50.990316],[0.216083,50.989416],[0.221944,50.980851],[0.218353,50.974263],[0.225452,50.973769],[0.233219,50.975329],[0.237342,50.969224],[0.243995,50.968377],[0.25383,50.974394],[0.262312,50.97306],[0.266954,50.974769],[0.271028,50.973611],[0.278099,50.966728],[0.296401,50.96529],[0.301902,50.961314],[0.311296,50.961219],[0.318406,50.963866],[0.326283,50.959032],[0.325942,50.952204],[0.32914,50.947823],[0.342198,50.947022],[0.345234,50.942284],[0.349647,50.942285],[0.358553,50.938238],[0.363232,50.937874],[0.368474,50.940196],[0.366583,50.945001],[0.367701,50.950195],[0.374868,50.951129],[0.3955,50.948099],[0.411325,50.943006],[0.415428,50.939774],[0.427138,50.943234],[0.435192,50.942061],[0.43456,50.935419],[0.437801,50.926627],[0.44399,50.925238],[0.445764,50.918366],[0.466703,50.916126],[0.483746,50.920891],[0.484743,50.915564],[0.491507,50.91434],[0.491792,50.909028],[0.502307,50.908803],[0.510991,50.906278],[0.511939,50.902749],[0.515635,50.900062],[0.526055,50.898128],[0.528902,50.895548],[0.535637,50.893872],[0.5408,50.894659],[0.545193,50.891776],[0.549352,50.892404],[0.558289,50.88942],[0.559317,50.887419],[0.567183,50.888236],[0.57363,50.883956],[0.592188,50.882736],[0.592328,50.880125],[0.596834,50.876786],[0.607285,50.875564],[0.618775,50.877645],[0.624946,50.876157],[0.625283,50.869494],[0.621112,50.863561],[0.623174,50.86128]],[[0.619416,51.520742],[0.63716,51.522458],[0.63178,51.519162],[0.62598,51.518572],[0.623249,51.516205],[0.614318,51.513796],[0.589482,51.51048],[0.584144,51.512936],[0.579726,51.508717],[0.572001,51.507178],[0.553702,51.509826],[0.546465,51.516504],[0.538839,51.519862],[0.52666,51.518596],[0.519525,51.527743],[0.521417,51.53067],[0.53259,51.52935],[0.542891,51.533084],[0.544342,51.543575],[0.547452,51.545036],[0.574021,51.537891],[0.597237,51.535311],[0.607396,51.52888],[0.623314,51.528624],[0.627856,51.526363],[0.63079,51.523501],[0.619416,51.520742]],[[0.534385,51.51753],[0.540084,51.516327],[0.531267,51.515889],[0.534385,51.51753]],[[0.639284,51.533005],[0.634197,51.531069],[0.617009,51.533072],[0.610697,51.5344],[0.62834,51.537774],[0.637434,51.536923],[0.638229,51.535718],[0.639284,51.533005]]]]},"properties":{"OBJECTID_1":47,"OBJECTID":47,"NAME":"Kent and South London","REGION":"Worthing","SHORT_NAME":"KSL","Shape_Leng":949553.539525,"DisplayOrd":53,"Shape_Le_1":0,"Shape_Area":0}},{"type":"Feature","geometry":{"type":"MultiPolygon","coordinates":[[[[0.531267,51.515889],[0.540084,51.516327],[0.534385,51.51753],[0.531267,51.515889]]],[[[0.638229,51.535718],[0.637434,51.536923],[0.62834,51.537774],[0.610678,51.534077],[0.631589,51.530857],[0.639284,51.533005],[0.638229,51.535718]]],[[[0.627856,51.526363],[0.623314,51.528624],[0.607396,51.52888],[0.597237,51.535311],[0.574021,51.537891],[0.546017,51.545158],[0.542891,51.533084],[0.53259,51.52935],[0.521417,51.53067],[0.519525,51.527743],[0.52666,51.518596],[0.538839,51.519862],[0.546465,51.516504],[0.553702,51.509826],[0.572001,51.507178],[0.579726,51.508717],[0.584144,51.512936],[0.589482,51.51048],[0.61767,51.514441],[0.637129,51.521919],[0.629698,51.522554],[0.624763,51.520731],[0.619416,51.520742],[0.630642,51.523936],[0.627856,51.526363]]],[[[0.832567,51.560531],[0.837179,51.562758],[0.832941,51.566548],[0.831287,51.572434],[0.825315,51.566912],[0.826041,51.564646],[0.832567,51.560531]]],[[[0.822039,51.565282],[0.822245,51.568605],[0.82881,51.574382],[0.835167,51.583762],[0.834657,51.594117],[0.824354,51.595625],[0.817749,51.593895],[0.807745,51.586221],[0.808161,51.578926],[0.814935,51.576425],[0.81867,51.566802],[0.822039,51.565282]]],[[[0.792478,51.62211],[0.783729,51.621752],[0.782686,51.617936],[0.785013,51.6144],[0.79119,51.613606],[0.796475,51.615207],[0.801156,51.609816],[0.815887,51.603473],[0.819624,51.598527],[0.852775,51.595207],[0.862831,51.596671],[0.865404,51.600835],[0.863719,51.615357],[0.843408,51.6163],[0.834565,51.618133],[0.828894,51.617551],[0.806351,51.622139],[0.792478,51.62211]]],[[[0.957201,51.619963],[0.93824,51.61945],[0.926757,51.616139],[0.899843,51.61321],[0.887426,51.615585],[0.872531,51.613073],[0.870324,51.600985],[0.86604,51.594884],[0.857347,51.592128],[0.837751,51.592784],[0.836828,51.589568],[0.839437,51.585098],[0.833161,51.574727],[0.835344,51.572696],[0.835596,51.567473],[0.843373,51.56027],[0.85012,51.557408],[0.861939,51.55721],[0.867871,51.559763],[0.870332,51.56447],[0.875118,51.56714],[0.89826,51.574755],[0.911222,51.58109],[0.947915,51.605986],[0.957201,51.619963]]],[[[0.753146,51.640667],[0.746555,51.641631],[0.739657,51.639904],[0.730544,51.640989],[0.724271,51.640271],[0.719416,51.637407],[0.73,51.635542],[0.73106,51.638755],[0.741591,51.63842],[0.753146,51.640667]]],[[[0.778039,51.72624],[0.764591,51.726557],[0.754975,51.725614],[0.755657,51.72254],[0.771594,51.717938],[0.786401,51.720915],[0.778039,51.72624]]],[[[0.725831,51.722606],[0.723268,51.728152],[0.718866,51.729603],[0.708355,51.718514],[0.725641,51.717035],[0.731266,51.721491],[0.725831,51.722606]]],[[[1.029733,51.786922],[1.032746,51.777364],[1.031213,51.775254],[1.03701,51.77112],[1.042307,51.769904],[1.034027,51.778303],[1.033975,51.787892],[1.029733,51.786922]]],[[[0.974775,51.804164],[0.976626,51.805835],[0.965853,51.80859],[0.944564,51.807183],[0.937707,51.803262],[0.933877,51.803034],[0.930727,51.8001],[0.924833,51.800247],[0.918994,51.79317],[0.910724,51.791549],[0.901385,51.786825],[0.897807,51.778297],[0.899515,51.773947],[0.927169,51.772713],[0.946485,51.775252],[0.98932,51.787633],[1.003711,51.795136],[1.004585,51.797803],[0.999136,51.802034],[0.991597,51.803629],[0.974775,51.804164]]],[[[1.256483,51.87123],[1.255009,51.867718],[1.264382,51.867351],[1.265637,51.870221],[1.256483,51.87123]]],[[[1.257099,51.88457],[1.247339,51.882043],[1.230162,51.880249],[1.228528,51.874484],[1.232327,51.874164],[1.235854,51.869866],[1.246354,51.868389],[1.247998,51.874262],[1.258423,51.876348],[1.260243,51.882225],[1.257099,51.88457]]],[[[1.27007,51.883454],[1.26293,51.885811],[1.262475,51.882937],[1.266622,51.8814],[1.27116,51.876858],[1.278357,51.880102],[1.27007,51.883454]]],[[[1.235311,51.891423],[1.231117,51.886258],[1.242379,51.885624],[1.235311,51.891423]]],[[[1.233697,51.895667],[1.240824,51.888249],[1.245316,51.894915],[1.233697,51.895667]]],[[[0.57301,52.20196],[0.559703,52.202159],[0.55586,52.204041],[0.550797,52.202532],[0.548224,52.195933],[0.547944,52.188475],[0.546544,52.184459],[0.541302,52.177198],[0.53093,52.172295],[0.526268,52.159716],[0.521513,52.155771],[0.521179,52.152451],[0.524626,52.14878],[0.522861,52.143422],[0.510492,52.13919],[0.500414,52.141922],[0.486767,52.140952],[0.484918,52.147106],[0.48973,52.15213],[0.487974,52.165206],[0.480686,52.165629],[0.473822,52.171079],[0.464411,52.172805],[0.454824,52.1793],[0.439142,52.181424],[0.436319,52.185978],[0.432485,52.185428],[0.427176,52.187336],[0.424697,52.190174],[0.418992,52.187504],[0.413005,52.187716],[0.410418,52.185881],[0.402157,52.184611],[0.394931,52.178103],[0.385556,52.177844],[0.380837,52.171644],[0.376928,52.169655],[0.379675,52.163575],[0.374744,52.161606],[0.366512,52.152509],[0.353883,52.140353],[0.357014,52.138761],[0.357055,52.133995],[0.368787,52.129263],[0.368897,52.125844],[0.374779,52.121049],[0.376566,52.11346],[0.36993,52.106759],[0.369649,52.101459],[0.367065,52.099533],[0.367447,52.092961],[0.361347,52.088047],[0.369134,52.083485],[0.366458,52.074276],[0.375021,52.067899],[0.381344,52.066063],[0.383814,52.05765],[0.382093,52.052739],[0.368695,52.047614],[0.362426,52.039377],[0.3516,52.038694],[0.348179,52.040201],[0.337109,52.034846],[0.324683,52.031405],[0.324737,52.026818],[0.314159,52.025228],[0.307021,52.02249],[0.292744,52.028344],[0.284727,52.019777],[0.278825,52.018363],[0.277672,52.0129],[0.273659,52.008481],[0.281033,52.004472],[0.275964,51.990722],[0.279219,51.985983],[0.277945,51.980972],[0.28776,51.979252],[0.289396,51.977062],[0.286826,51.972346],[0.29088,51.971908],[0.295488,51.968041],[0.288855,51.963584],[0.277157,51.962552],[0.281659,51.953742],[0.286033,51.95105],[0.277492,51.949057],[0.274375,51.944981],[0.268465,51.943206],[0.273216,51.939338],[0.275846,51.933802],[0.270814,51.9321],[0.26937,51.929431],[0.274851,51.928515],[0.275173,51.920506],[0.272358,51.916603],[0.275196,51.912322],[0.274715,51.908555],[0.280121,51.909079],[0.286125,51.907075],[0.295217,51.897186],[0.299428,51.897103],[0.29776,51.892909],[0.302365,51.89201],[0.308237,51.893154],[0.314398,51.891414],[0.327578,51.879284],[0.325365,51.875821],[0.328068,51.8719],[0.334323,51.872046],[0.336763,51.86867],[0.335504,51.866807],[0.344468,51.863211],[0.341501,51.859224],[0.345283,51.85654],[0.352598,51.854776],[0.353758,51.849177],[0.351755,51.844181],[0.346356,51.840872],[0.343596,51.840837],[0.341866,51.835476],[0.327016,51.831814],[0.308813,51.824978],[0.304633,51.819845],[0.307321,51.815655],[0.306142,51.806776],[0.312466,51.802785],[0.311587,51.796957],[0.318397,51.791894],[0.328048,51.790263],[0.331986,51.78519],[0.330236,51.776177],[0.33481,51.774917],[0.331356,51.76977],[0.332456,51.763003],[0.325669,51.757832],[0.334506,51.752171],[0.338201,51.745173],[0.336144,51.741797],[0.337755,51.739337],[0.335013,51.733906],[0.324708,51.73348],[0.326021,51.730847],[0.320327,51.724304],[0.321068,51.718984],[0.317009,51.713219],[0.317576,51.71015],[0.299192,51.698731],[0.295955,51.69196],[0.300669,51.68791],[0.302731,51.682924],[0.29909,51.679578],[0.298926,51.676344],[0.288213,51.670438],[0.275332,51.667361],[0.27229,51.664362],[0.272038,51.659331],[0.264067,51.656068],[0.260594,51.650199],[0.267117,51.647646],[0.271721,51.644319],[0.269809,51.637881],[0.277827,51.636377],[0.280498,51.629131],[0.291912,51.629088],[0.295132,51.627047],[0.303539,51.624724],[0.309057,51.61958],[0.316693,51.619159],[0.322057,51.616715],[0.310775,51.610733],[0.312345,51.604676],[0.306741,51.605236],[0.303851,51.59666],[0.291879,51.599772],[0.28312,51.592119],[0.271731,51.586675],[0.27024,51.582836],[0.264305,51.582501],[0.266307,51.579225],[0.258178,51.572458],[0.256924,51.567536],[0.252652,51.562851],[0.245961,51.558843],[0.253019,51.552772],[0.255959,51.553885],[0.266291,51.552786],[0.266337,51.550807],[0.276025,51.545493],[0.281096,51.537301],[0.286768,51.541148],[0.300817,51.54519],[0.299965,51.542598],[0.304989,51.539262],[0.299936,51.533426],[0.296737,51.524316],[0.30116,51.520542],[0.306304,51.519631],[0.305393,51.515872],[0.299435,51.51491],[0.298165,51.509719],[0.290404,51.510141],[0.288419,51.505053],[0.284622,51.504048],[0.269394,51.504974],[0.268272,51.508502],[0.272194,51.512024],[0.267285,51.511849],[0.265343,51.50757],[0.246271,51.50362],[0.249763,51.501395],[0.248984,51.497273],[0.2539,51.491783],[0.24584,51.491937],[0.233012,51.488855],[0.226409,51.486373],[0.227026,51.485475],[0.225558,51.484422],[0.245309,51.472251],[0.279465,51.46125],[0.289821,51.469681],[0.297297,51.472323],[0.312061,51.473831],[0.318076,51.473173],[0.333572,51.463602],[0.338096,51.45353],[0.343862,51.453685],[0.334054,51.464582],[0.336248,51.465258],[0.344784,51.454835],[0.349613,51.456357],[0.356631,51.455677],[0.345356,51.451946],[0.354521,51.451043],[0.359396,51.450675],[0.400543,51.453077],[0.427894,51.458539],[0.432323,51.460606],[0.437686,51.474794],[0.439556,51.490943],[0.445179,51.499099],[0.442512,51.500414],[0.435253,51.499396],[0.431366,51.502174],[0.427453,51.508533],[0.430668,51.506928],[0.431819,51.5031],[0.435706,51.500322],[0.442965,51.50134],[0.446652,51.499698],[0.459119,51.506452],[0.466598,51.503507],[0.491776,51.505403],[0.493284,51.50663],[0.507019,51.504808],[0.519501,51.509037],[0.52244,51.507445],[0.532581,51.508396],[0.539556,51.512022],[0.539497,51.513552],[0.527275,51.514086],[0.519268,51.517082],[0.517648,51.525085],[0.505694,51.530557],[0.516753,51.529781],[0.522822,51.532618],[0.533564,51.531308],[0.541243,51.534559],[0.54163,51.544084],[0.544696,51.547345],[0.575815,51.539021],[0.610199,51.535023],[0.627431,51.538775],[0.645236,51.539904],[0.693589,51.533227],[0.713701,51.531954],[0.71998,51.513911],[0.7224,51.513405],[0.71544,51.532093],[0.730713,51.52949],[0.750285,51.528853],[0.778655,51.521169],[0.78556,51.520915],[0.808436,51.53422],[0.846835,51.551012],[0.849669,51.55481],[0.840568,51.559258],[0.831004,51.55859],[0.826744,51.562021],[0.817118,51.562702],[0.818276,51.565102],[0.812846,51.575306],[0.805628,51.577637],[0.795872,51.573913],[0.794115,51.575844],[0.80621,51.580052],[0.804502,51.585129],[0.794295,51.583484],[0.785107,51.584332],[0.759166,51.57793],[0.746376,51.57886],[0.735253,51.576332],[0.72549,51.577188],[0.748236,51.580975],[0.759186,51.580628],[0.759327,51.584635],[0.765542,51.583086],[0.772777,51.583365],[0.785,51.587302],[0.797792,51.586368],[0.817056,51.5967],[0.814383,51.60252],[0.800593,51.608426],[0.79657,51.613469],[0.78442,51.613218],[0.781304,51.618958],[0.783754,51.623577],[0.77553,51.630877],[0.763687,51.635743],[0.749656,51.630766],[0.737319,51.629885],[0.72173,51.635015],[0.709307,51.632694],[0.663629,51.633263],[0.657457,51.634482],[0.657502,51.62931],[0.651534,51.627835],[0.651598,51.622986],[0.648625,51.622298],[0.642919,51.625547],[0.645402,51.629475],[0.636653,51.630859],[0.620735,51.630478],[0.606426,51.627919],[0.596952,51.629029],[0.596663,51.631553],[0.608101,51.629411],[0.624189,51.63274],[0.642395,51.632691],[0.645249,51.636287],[0.63865,51.637389],[0.636649,51.635536],[0.62878,51.639652],[0.656106,51.637328],[0.6564,51.642357],[0.645989,51.645515],[0.64573,51.64777],[0.660571,51.641993],[0.660179,51.637775],[0.665735,51.63639],[0.689876,51.636469],[0.695344,51.638502],[0.700551,51.636133],[0.706768,51.63617],[0.717306,51.643211],[0.73017,51.643183],[0.740316,51.641237],[0.747546,51.643677],[0.758617,51.642697],[0.776526,51.63535],[0.792372,51.625081],[0.806984,51.625614],[0.822282,51.622746],[0.837176,51.622927],[0.852939,51.620836],[0.887905,51.623128],[0.905344,51.622428],[0.920918,51.626448],[0.934494,51.633035],[0.936787,51.639453],[0.934481,51.648505],[0.942654,51.662402],[0.942513,51.666246],[0.946904,51.675076],[0.946182,51.688019],[0.943569,51.690558],[0.942136,51.711064],[0.946578,51.715476],[0.94971,51.720884],[0.948845,51.726293],[0.95023,51.731537],[0.944645,51.736309],[0.939809,51.742142],[0.929202,51.747039],[0.920768,51.747689],[0.89306,51.742619],[0.88907,51.73912],[0.889031,51.736243],[0.874544,51.724816],[0.855788,51.71673],[0.837286,51.71493],[0.818043,51.7198],[0.805034,51.716424],[0.79853,51.718019],[0.790768,51.716584],[0.787852,51.706851],[0.782104,51.707527],[0.777474,51.705208],[0.771054,51.70437],[0.775966,51.690044],[0.771584,51.694105],[0.772007,51.70102],[0.764707,51.702362],[0.75805,51.7],[0.757812,51.69371],[0.751492,51.689721],[0.744605,51.690692],[0.736721,51.689527],[0.736537,51.693668],[0.742674,51.692266],[0.75303,51.695981],[0.750834,51.700349],[0.767392,51.708414],[0.761733,51.708187],[0.754325,51.71016],[0.749135,51.708123],[0.745267,51.711182],[0.728112,51.712391],[0.717152,51.715523],[0.70935,51.715793],[0.697017,51.722642],[0.696476,51.725712],[0.691264,51.725742],[0.685267,51.731086],[0.665701,51.736757],[0.66657,51.737502],[0.684592,51.732658],[0.690151,51.728942],[0.700503,51.727688],[0.705479,51.723707],[0.713049,51.731626],[0.712616,51.736493],[0.722205,51.734562],[0.725059,51.731438],[0.72957,51.731783],[0.735498,51.729217],[0.740439,51.73189],[0.748737,51.732595],[0.762132,51.738486],[0.767329,51.738184],[0.774585,51.743139],[0.776691,51.739672],[0.787079,51.736638],[0.792045,51.744344],[0.812964,51.738269],[0.840057,51.738337],[0.842067,51.740356],[0.851636,51.740484],[0.859558,51.744339],[0.86177,51.747253],[0.882304,51.757993],[0.874346,51.758188],[0.855247,51.766038],[0.851189,51.770174],[0.850379,51.773432],[0.856978,51.77462],[0.861207,51.768132],[0.871159,51.76735],[0.880899,51.763244],[0.887747,51.763795],[0.894148,51.766426],[0.885155,51.770874],[0.877762,51.777711],[0.879567,51.778746],[0.856666,51.783442],[0.844144,51.780328],[0.843996,51.78258],[0.858116,51.785745],[0.871873,51.783161],[0.881956,51.782105],[0.89324,51.774902],[0.894785,51.789973],[0.89789,51.790886],[0.907809,51.800345],[0.911473,51.797772],[0.905482,51.796419],[0.90182,51.793595],[0.902843,51.790557],[0.911627,51.794756],[0.916893,51.795453],[0.921892,51.800536],[0.928003,51.803504],[0.924152,51.808556],[0.914648,51.812129],[0.917346,51.813465],[0.926398,51.808284],[0.969605,51.812695],[0.976068,51.810589],[0.977665,51.808399],[0.989927,51.807332],[0.968242,51.818441],[0.950318,51.823308],[0.951946,51.824446],[0.962411,51.822249],[0.959984,51.830386],[0.965769,51.828298],[0.965228,51.822717],[0.972637,51.819076],[0.981383,51.817461],[0.974705,51.826894],[0.974527,51.829479],[0.977661,51.837368],[0.974181,51.845803],[0.95533,51.852853],[0.949866,51.855463],[0.949459,51.859889],[0.945185,51.864952],[0.927098,51.879029],[0.92911,51.879357],[0.950567,51.862173],[0.952455,51.855074],[0.977552,51.848254],[0.984232,51.838821],[0.981742,51.830807],[0.992814,51.816738],[1.006765,51.807011],[1.012002,51.804826],[1.01833,51.805959],[1.040178,51.805287],[1.058255,51.810422],[1.043668,51.802832],[1.027833,51.799895],[1.020229,51.803113],[1.017131,51.801034],[1.03099,51.794633],[1.038557,51.78896],[1.036581,51.78545],[1.044601,51.783309],[1.046801,51.777217],[1.038428,51.774097],[1.046323,51.770124],[1.042574,51.76871],[1.086149,51.771881],[1.114455,51.772393],[1.13673,51.777917],[1.155053,51.786375],[1.206137,51.803835],[1.235106,51.817342],[1.270433,51.846225],[1.287797,51.861301],[1.290438,51.865635],[1.291437,51.873342],[1.285418,51.875489],[1.269896,51.875058],[1.274094,51.861045],[1.253799,51.861825],[1.254389,51.857932],[1.249138,51.857429],[1.236089,51.862206],[1.231542,51.862007],[1.224411,51.864469],[1.228609,51.869526],[1.22669,51.871944],[1.219853,51.868795],[1.217289,51.869512],[1.211089,51.865482],[1.203707,51.869344],[1.204215,51.871587],[1.192747,51.870505],[1.196402,51.876756],[1.200663,51.877827],[1.197669,51.882325],[1.205983,51.886622],[1.211872,51.886246],[1.211656,51.89056],[1.22008,51.889034],[1.228402,51.890965],[1.227724,51.893673],[1.212944,51.898818],[1.222993,51.900485],[1.230388,51.904051],[1.239533,51.902828],[1.238887,51.89628],[1.247247,51.896481],[1.253586,51.902116],[1.259181,51.916937],[1.267844,51.922659],[1.273712,51.930132],[1.282935,51.93609],[1.289519,51.936977],[1.288933,51.948254],[1.279023,51.945095],[1.272535,51.938935],[1.263624,51.941674],[1.26397,51.945037],[1.253456,51.948368],[1.242299,51.947651],[1.233936,51.943699],[1.232159,51.940438],[1.221926,51.939181],[1.217556,51.941351],[1.213333,51.940711],[1.206333,51.942737],[1.191647,51.94087],[1.182288,51.941663],[1.175793,51.943457],[1.170404,51.948549],[1.149064,51.946433],[1.145102,51.942015],[1.133514,51.940706],[1.12648,51.942296],[1.11803,51.941117],[1.113473,51.943396],[1.106782,51.942386],[1.088457,51.945729],[1.081515,51.944885],[1.074711,51.947321],[1.059928,51.946528],[1.053706,51.950269],[1.057337,51.951434],[1.063925,51.949005],[1.069124,51.954797],[1.077669,51.956291],[1.084884,51.959817],[1.093906,51.957862],[1.099527,51.95346],[1.107214,51.953689],[1.118052,51.956523],[1.129729,51.954055],[1.13169,51.957132],[1.144258,51.9624],[1.153474,51.963224],[1.15681,51.965941],[1.163286,51.966306],[1.178648,51.964058],[1.186638,51.956412],[1.212508,51.956032],[1.219069,51.952723],[1.22908,51.956109],[1.235842,51.960448],[1.241833,51.961362],[1.255357,51.960341],[1.265242,51.954931],[1.270346,51.954646],[1.268275,51.958073],[1.25862,51.966734],[1.249961,51.970731],[1.244898,51.969724],[1.230644,51.974453],[1.222012,51.979492],[1.219288,51.984404],[1.212013,51.984137],[1.198252,51.992612],[1.182681,51.997335],[1.177658,52.000194],[1.17898,52.002452],[1.172518,52.006748],[1.157077,52.008118],[1.141617,52.005821],[1.136487,52.010115],[1.129331,52.009087],[1.129629,52.014203],[1.120151,52.0132],[1.112948,52.021563],[1.090039,52.02723],[1.082445,52.026421],[1.069168,52.028817],[1.058747,52.037313],[1.041466,52.036986],[1.031927,52.031668],[1.022579,52.033127],[1.013654,52.039878],[1.004208,52.042428],[1.00775,52.04777],[0.99727,52.059856],[0.997298,52.066494],[0.976537,52.08704],[0.96595,52.08988],[0.953066,52.101627],[0.947978,52.108894],[0.957715,52.113639],[0.964346,52.120487],[0.960774,52.123356],[0.955232,52.124267],[0.945388,52.138604],[0.932408,52.141792],[0.916945,52.139669],[0.902401,52.13973],[0.89617,52.142329],[0.895654,52.14634],[0.88518,52.153102],[0.87933,52.160167],[0.869305,52.165723],[0.854532,52.162323],[0.849412,52.159641],[0.832763,52.157238],[0.830002,52.159572],[0.830706,52.163016],[0.824428,52.174206],[0.815811,52.176564],[0.80963,52.183226],[0.798395,52.183157],[0.791703,52.188442],[0.775235,52.182446],[0.773876,52.17942],[0.75503,52.1822],[0.754335,52.187522],[0.748232,52.188204],[0.746023,52.18322],[0.750152,52.176648],[0.746673,52.172413],[0.747007,52.163592],[0.729269,52.165263],[0.72863,52.159612],[0.718227,52.161651],[0.713985,52.159231],[0.706998,52.159751],[0.703246,52.162985],[0.694976,52.164073],[0.685646,52.169412],[0.67929,52.170726],[0.674161,52.175429],[0.657783,52.177957],[0.654195,52.179117],[0.646428,52.188734],[0.635267,52.190513],[0.628442,52.186439],[0.627814,52.178269],[0.619768,52.178269],[0.612931,52.183906],[0.591046,52.187446],[0.588672,52.191905],[0.580372,52.195144],[0.57856,52.19923],[0.57301,52.20196]]]]},"properties":{"OBJECTID_1":48,"OBJECTID":48,"NAME":"Essex","REGION":"Peterborough","SHORT_NAME":"Essex","Shape_Leng":1066607.84074,"DisplayOrd":25,"Shape_Le_1":0,"Shape_Area":0}}]}