{"type":"FeatureCollection","features":[{"type":"Feature","geometry":{"type":"Polygon","coordinates":[[[-4.03175192219817,51.21000730754559],[-4.028440593052584,51.20611959571043],[-4.008181159054764,51.1985029720526],[-3.98440665163926,51.193218627185956],[-3.9733047732598092,51.187716329561525],[-3.9616743539735633,51.1697035292287],[-3.948915986505547,51.16764081330484],[-3.9364922536781832,51.173537360535185],[-3.919926842332782,51.16698236762981],[-3.919690681544252,51.161296115767826],[-3.9103185654831782,51.153483433897016],[-3.897613501270733,51.152552306393055],[-3.8848162122368675,51.14934524047787],[-3.873091983809771,51.12791121091835],[-3.861973206583701,51.121260696045546],[-3.8562326462629803,51.11338582170548],[-3.8554125752680823,51.092914346795645],[-3.8502669395130433,51.09982409615391],[-3.808410543906395,51.09251309205644],[-3.8077895169573313,51.076590358716395],[-3.798762291303601,51.07672966721784],[-3.7820323593807563,51.064467740022806],[-3.7730073663575685,51.06460503652112],[-3.7583085946024286,51.057999021799475],[-3.7419375264849974,51.05483018234636],[-3.723975332964945,51.05737264293041],[-3.7147833249577276,51.052955840854054],[-3.6965292255831024,51.047532247980804],[-3.682135032880408,51.04887839902737],[-3.647768662335227,51.047092123904505],[-3.627720225693823,51.041683116876676],[-3.613325657118732,51.04302079386055],[-3.5789271521900052,51.0400767362142],[-3.5626889669102138,51.040295068022644],[-3.5516353488174475,51.03361438826497],[-3.5206317661103705,51.023780066406914],[-3.492065337170052,51.033252411328064],[-3.4741331302722123,51.03689404517716],[-3.4670600698447487,51.04153504886216],[-3.4672038496031887,51.046085208074],[-3.4509627263941995,51.04628803397176],[-3.4403116707552894,51.052109759999574],[-3.43507307569843,51.05786414804909],[-3.432235498677202,51.08293458330964],[-3.423379988118109,51.08873266819642],[-3.4143834061795904,51.08997986651042],[-3.4109092889859074,51.09457376317387],[-3.3954924784714158,51.09568943718014],[-3.3680784217703037,51.102222027637865],[-3.3502984967060407,51.10118707991727],[-3.3284340552525102,51.09522914379688],[-3.2951305717660926,51.10305306371441],[-3.3155868411191585,51.128900110497526],[-3.3435285824086214,51.1397575508971],[-3.377071494649361,51.139367298239115],[-3.3949788888905905,51.144121789681826],[-3.41068933324515,51.14144990752721],[-3.418619974058201,51.14259564849371],[-3.4051468627516313,51.15393358232854],[-3.405297735248987,51.15889853704707],[-3.4232155448790826,51.163648606542665],[-3.4256106952657808,51.177278036035844],[-3.4417177739460296,51.18701411493362],[-3.45171011224582,51.19061559055107],[-3.4675117394005905,51.19041840069623],[-3.489398786423939,51.195108519869805],[-3.4995174504588817,51.20242940405216],[-3.499719057426327,51.208635283870045],[-3.48395133082124,51.210078058119514],[-3.4841509002947495,51.21628397463849],[-3.496209786823056,51.22233881856544],[-3.521986357178102,51.224489708034596],[-3.5240859806312907,51.228187450975454],[-3.5796465668289903,51.23365897446875],[-3.5853213816807985,51.226132026312214],[-3.6146226921800015,51.215797673964765],[-3.6245907529756303,51.21814308214383],[-3.6287184606942438,51.22305251302407],[-3.656388285540579,51.22266402434211],[-3.6704027257869467,51.22743160566143],[-3.692190488607485,51.22836020850996],[-3.7360019365879014,51.23641034359719],[-3.7518170419148866,51.23617461408959],[-3.7678222616698225,51.24090076140186],[-3.7907386073369858,51.24300219511118],[-3.7995763877635973,51.237176620124814],[-3.819325674276098,51.23231918537075],[-3.8283832051872504,51.23217798319133],[-3.8393428740962023,51.234282193795195],[-3.8556011219095923,51.23288745174726],[-3.8752961879467756,51.2268833703008],[-3.896984113357143,51.22539568720646],[-3.9061808881063156,51.228660231284664],[-3.9225296973424775,51.229530714539486],[-3.9386878293323466,51.225850006416444],[-3.94755139710978,51.22115070171377],[-3.965515299790481,51.21743617395776],[-4.005302190817888,51.21562283232972],[-4.025319112466208,51.21755401914397],[-4.03175192219817,51.21000730754559]]]},"properties":{"name":"Devon & Cornwall Exmoor","short_name":"EXMR","region":"Exeter"}},{"type":"Feature","geometry":{"type":"Polygon","coordinates":[[[-2.629629248645571,51.32829817947604],[-2.6534265014063116,51.32940938285089],[-2.6852813206295685,51.33916002967031],[-2.693322082368298,51.34656225204086],[-2.7072371050581516,51.34896222650288],[-2.7248052754474594,51.33147248097904],[-2.736695681175079,51.33139827513809],[-2.7564107409409377,51.3250645806855],[-2.7862384823230872,51.33107609379997],[-2.8099311768215958,51.325948199190336],[-2.831772084519959,51.328278293900794],[-2.849583026039818,51.326908813370245],[-2.863360089137428,51.32184161052364],[-2.8752476022321782,51.321753352767],[-2.8870871428373546,51.31918103206901],[-2.910983574600509,51.325205600784706],[-2.9328038026375762,51.32627541639557],[-2.934759964897717,51.325018203764586],[-2.9323506045574277,51.303929966519],[-2.9123490686339246,51.294154619810655],[-2.8944080050846503,51.28808498969702],[-2.8785222570186955,51.28572205974258],[-2.854742748391673,51.284656501000484],[-2.832988842577083,51.28605494521086],[-2.7873271712637835,51.27892131746733],[-2.7811571406068016,51.26530491918753],[-2.7592462874341286,51.25675782120534],[-2.745256132843179,51.24815645043642],[-2.7371846920223586,51.23827464926742],[-2.7212269013911032,51.229682782341776],[-2.7014342998409533,51.22856150180529],[-2.6855602932670117,51.22493074695667],[-2.6755653035534435,51.21753918651887],[-2.655778952618917,51.21641015912229],[-2.643935315257908,51.21771756942412],[-2.6201458681566807,51.21287963931931],[-2.588677135033805,51.22545836855108],[-2.596618191244637,51.22790136326658],[-2.6144472694794723,51.23029230528074],[-2.616557497829819,51.240214092311355],[-2.5989503048525004,51.25520484158442],[-2.5871425203381317,51.260231105635775],[-2.577357791874988,51.268971012709365],[-2.5755028121106154,51.27891295742333],[-2.5677071554833617,51.28888381909389],[-2.579805947635509,51.306206855661],[-2.572083896343241,51.322385548232596],[-2.5801819108531148,51.336003181155384],[-2.590091851963556,51.33595365713518],[-2.599839684160848,51.323488221901925],[-2.613676616334811,51.32093332677581],[-2.629629248645571,51.32829817947604]]]},"properties":{"name":"Wessex Mendips","short_name":"MDPS","region":"Exeter"}},{"type":"Feature","geometry":{"type":"Polygon","coordinates":[[[-3.8750128416354754,50.72773819780671],[-3.882362927708569,50.732172105065416],[-3.8986296211319877,50.73532254941825],[-3.95437560867607,50.738953541441376],[-3.9704582005366147,50.73754465409696],[-4.002183744518147,50.724484740535175],[-4.011190767611571,50.725467766108],[-4.044836276257678,50.715777312667456],[-4.058867424390367,50.70870151537015],[-4.081092563135156,50.68440598557911],[-4.085202224821762,50.655879141804334],[-4.097522212293497,50.651105384671894],[-4.104829807145242,50.65438797938677],[-4.109839676673306,50.64633035044811],[-4.137785343064858,50.631024853307714],[-4.163455739851738,50.605511396106685],[-4.157574537090286,50.5942389568972],[-4.13194588494721,50.58105321269343],[-4.1243408950469,50.57094882987765],[-4.127451131231863,50.560648605872046],[-4.118269524889793,50.555125263686335],[-4.115975057815228,50.543785404038],[-4.123011606554452,50.54138094116535],[-4.1192384577322265,50.53689705992445],[-4.124080744039531,50.52542714814443],[-4.114753951142566,50.516491699172526],[-4.102066121972958,50.512168934080705],[-4.096111018853156,50.49861839010915],[-4.088577554272269,50.48964854320106],[-4.09184146996762,50.48276090420836],[-4.094651934750642,50.4656377991495],[-4.085492828633138,50.46011151456743],[-4.074803343277109,50.4603026711937],[-4.06742894516838,50.454743130873155],[-4.0597598914627815,50.44235932927261],[-4.050658507402841,50.437967477228824],[-4.041950396289318,50.442673360526435],[-4.033045531123771,50.44282935458639],[-4.027994358272424,50.449746526916876],[-4.033581962602897,50.455339795022255],[-4.028432246215805,50.45998236369318],[-4.010374617913046,50.45460504188125],[-4.003200747476985,50.45359064698518],[-3.9997338469114414,50.45592662039012],[-3.987024871016329,50.450453618039724],[-3.9813482606364254,50.442583339583614],[-3.9863579422649287,50.43453076684151],[-3.9806359562629954,50.425523057473775],[-3.971450521985684,50.41885015739398],[-3.965686238452789,50.40870426997035],[-3.953040645469787,50.404364693669436],[-3.938478623105921,50.39664122980405],[-3.9079094982201643,50.389179719510324],[-3.8936765673260387,50.389412395006154],[-3.869036911338692,50.396639999007675],[-3.8566253247572355,50.39797698671975],[-3.8430071603723617,50.41412770662255],[-3.8166969833796864,50.42478497418874],[-3.800801566705309,50.42844659800571],[-3.8029711936990536,50.4386562370959],[-3.792714624597904,50.4501961280773],[-3.777789902199566,50.48001657228314],[-3.758560735766504,50.49055192217263],[-3.762465554281772,50.49959782949125],[-3.7540965389373153,50.51451984896777],[-3.7191607971478726,50.53552720373836],[-3.692755229211735,50.54615718175899],[-3.676809264519218,50.549802286958915],[-3.677900043477295,50.58051530200618],[-3.685127352033928,50.58268712454212],[-3.7016988465724228,50.59610330518677],[-3.6965830042187218,50.60300653711526],[-3.6468536236305242,50.6128251424188],[-3.6381913749178634,50.6209139238966],[-3.6366797835723603,50.6289017773186],[-3.640494192902758,50.63567662409704],[-3.642679512867198,50.64702666191691],[-3.6395370279287107,50.65958982461421],[-3.6452635616746956,50.669751809080566],[-3.6562033652660006,50.67528720529413],[-3.6747931744966027,50.694368818877344],[-3.7180638504524053,50.70170544383717],[-3.723520537291345,50.70390103040289],[-3.7238960886203807,50.71413820090208],[-3.7511083761733377,50.72283715540687],[-3.7727393659428508,50.72592439911824],[-3.790355299194226,50.71768852281451],[-3.8278903999164706,50.71482966851978],[-3.853240139348349,50.72125787522714],[-3.869229557438598,50.71758822913088],[-3.8783237110667774,50.72085630366008],[-3.8750128416354754,50.72773819780671]]]},"properties":{"name":"Devon & Cornwall Dartmoor","short_name":"DTMR","region":"Exeter"}},{"type":"Feature","geometry":{"type":"Polygon","coordinates":[[[-2.336000949094856,52.96651546082802],[-2.3394344898751367,52.96767430247544],[-2.3468645861082624,52.96585498678363],[-2.3528638827716515,52.971230872547025],[-2.3677769781370746,52.97388241700702],[-2.3737722187983303,52.97835833285346],[-2.372321618477248,52.98285751059991],[-2.397633391455695,52.98187657252854],[-2.402076474832068,52.979164843883325],[-2.4124843272072356,52.9773313152793],[-2.419878110805645,52.971911855103876],[-2.4391899041615526,52.9673473961809],[-2.452514592316595,52.96010595532252],[-2.4554540281898585,52.956499000324335],[-2.461408007351193,52.95647602421372],[-2.464365724725052,52.95466663708831],[-2.4687532189469645,52.94745794867932],[-2.4687143331155057,52.943862370403636],[-2.476046034009265,52.93394493725152],[-2.472825581352501,52.911484387766585],[-2.4787237916547316,52.9069660615575],[-2.4905673179143406,52.9024230223019],[-2.52318648129853,52.895092239353254],[-2.5351882637175627,52.90402817140802],[-2.544142130104512,52.9066843035439],[-2.5605081459774897,52.90750712352572],[-2.568047976344445,52.91556177299062],[-2.575507140498291,52.91732374342014],[-2.5770181718894967,52.919114294162526],[-2.568189227399349,52.92634838342926],[-2.568248108663412,52.93084279854923],[-2.5965740152380605,52.93519860744466],[-2.5996364900716125,52.9414757622155],[-2.614617864454004,52.94859070734979],[-2.6235598981672785,52.94944304866596],[-2.628063610154932,52.95211614109734],[-2.642973276358502,52.95383426578304],[-2.647492069567306,52.95740548091547],[-2.6653399613217315,52.95640793790258],[-2.6728240205698985,52.95906261258304],[-2.6921461052167195,52.957153746957026],[-2.698056484182433,52.95442234605059],[-2.699443292641221,52.94812159503775],[-2.705337357282398,52.94449097629057],[-2.7111272380784097,52.93456807048449],[-2.71849114712481,52.93002902918109],[-2.7393316360384254,52.93080009292745],[-2.7438404905068605,52.933468786745635],[-2.748427468817323,52.94063155135351],[-2.7618340695249053,52.94144528203451],[-2.781030906606546,52.93323008950988],[-2.803245018798845,52.92768825375528],[-2.825556039111944,52.927535289611065],[-2.8328722024120205,52.921191540974434],[-2.846116518629957,52.91390628919068],[-2.8460113956271487,52.90851329836341],[-2.8414814916194464,52.90494965242006],[-2.8517996001414456,52.90038130362956],[-2.8562589598252353,52.90034923412459],[-2.8667717554300114,52.905666723641154],[-2.8669692143483343,52.91555382075662],[-2.8699791859296084,52.91732972654145],[-2.907210948536218,52.91974806432354],[-2.924960229108745,52.915116368554486],[-2.927972524186197,52.916890794567394],[-2.932626661437769,52.92584395008827],[-2.9385952751296958,52.92669589957708],[-2.945992665543273,52.92483929704821],[-2.960626347808862,52.91393429788338],[-2.9725011652793114,52.912938696974415],[-2.97706283423292,52.91739608323361],[-2.9920970231654715,52.92446318201006],[-3.002549080423329,52.92617335748561],[-3.0069691744850395,52.92433803918756],[-3.0052528976765736,52.91446394580625],[-3.0141321071282587,52.912590528288966],[-3.0332892952393467,52.905233649459134],[-3.0421869582273593,52.90425693149493],[-3.049749863412859,52.90958415287946],[-3.0541444331076586,52.906848314307936],[-3.0689438700805645,52.90401911432482],[-3.080701484755273,52.89851885572148],[-3.091037748496591,52.895727414460346],[-3.09243350988746,52.89211867491762],[-3.1072253786058033,52.88928473834306],[-3.128052060282438,52.88998769526116],[-3.1355289092007532,52.89171439349611],[-3.1381597317255974,52.89477447409583],[-3.1448199948986066,52.89288286035485],[-3.1474880026906193,52.89011970461776],[-3.135613045934692,52.885039553336966],[-3.14700686925355,52.88467622192362],[-3.1483911653166072,52.88127217641499],[-3.152440146975208,52.87873197622023],[-3.1389113009451215,52.8732061167946],[-3.1351631601978744,52.870094668094126],[-3.127721684254439,52.86723939628516],[-3.134418841209992,52.86178258263003],[-3.1405911634273918,52.86078489526842],[-3.1476072830936457,52.85569463424189],[-3.153946593119021,52.85426132186053],[-3.163070844269784,52.847472109024785],[-3.1513247246683473,52.84256667130591],[-3.156596745482918,52.837027973069645],[-3.1540814353427225,52.83213767721797],[-3.1588798086867445,52.83055454499397],[-3.167844938341327,52.819260709111994],[-3.165403348649092,52.81214309686674],[-3.1681785220251792,52.80729898664209],[-3.162195506685526,52.80362961062266],[-3.156327595146304,52.807986837814255],[-3.153185533032304,52.80632731261443],[-3.1540586597879035,52.80249449846365],[-3.16181576170384,52.79934602028516],[-3.158472324652312,52.793479495050555],[-3.147981879394987,52.79204059809284],[-3.144657459549583,52.78850010998723],[-3.142494699451003,52.790340526306686],[-3.131149308042106,52.78750593867848],[-3.1188986244021963,52.78718251425069],[-3.1137866180694047,52.786575251440325],[-3.1097647139046702,52.786671379585066],[-3.106174337961207,52.79290617406605],[-3.0977149990716804,52.79136836052227],[-3.0902991529094797,52.79625085370383],[-3.0867557749360763,52.79559024013983],[-3.085674344278627,52.79039948016133],[-3.09170896640368,52.786631261665164],[-3.087843990162344,52.77982453225941],[-3.088859419119307,52.777542559474114],[-3.0807382437017146,52.77744152947452],[-3.077903280714279,52.773765272368195],[-3.0795250262210203,52.77154978908307],[-3.072194008226894,52.76973738593583],[-3.068587858223275,52.774180393310985],[-3.0621066344326024,52.76911704813516],[-3.057905612570504,52.77368371896721],[-3.0465360282728406,52.76701696655795],[-3.044464683733013,52.7692746223842],[-3.0389845523002665,52.77035839069166],[-3.0326127634621236,52.767139912715145],[-3.0263517953381545,52.7670387312215],[-3.022675090643283,52.764171253178475],[-3.017098268194307,52.767672230847765],[-3.010695910133071,52.76187363716244],[-3.0107946269587123,52.75852136353105],[-3.0144674175338544,52.75288029664798],[-3.0217804994403537,52.751914919888115],[-3.015869608991387,52.74806407892302],[-3.0097567793569806,52.75029814531008],[-3.0080050737112956,52.74764574011678],[-2.9976242928287182,52.7438813526869],[-2.9906266249369806,52.74251961048192],[-2.992506114510136,52.738531251575345],[-2.996529313663919,52.73601448185052],[-2.9911117823984776,52.73367576908908],[-2.9830565484690434,52.73334367929664],[-2.9711005328115268,52.735409203992795],[-2.969193550586592,52.73203290856619],[-2.965040542204117,52.73221332738386],[-2.966655513500539,52.725620447605785],[-2.96183837680761,52.725679527038324],[-2.9615150971084123,52.71562229695173],[-2.967178287599992,52.714249315570605],[-2.978122003158281,52.715288651871035],[-2.975474678732358,52.7215719627626],[-2.9775219344006856,52.72645281624306],[-2.9821461735640256,52.72569899773161],[-2.9856868012371653,52.722513246164766],[-2.9966669682225753,52.72179304541004],[-3.0006091523130958,52.72021266221204],[-3.0083828378883166,52.721980739506414],[-3.0114283195034215,52.72056764515864],[-3.020484696451348,52.72112921709364],[-3.025436229186215,52.716164480870994],[-3.02179346954509,52.71042347512935],[-3.0225206490729835,52.70664230573777],[-3.032037369868753,52.69992070830833],[-3.0342264336613556,52.69342611943351],[-3.0469605695639626,52.69121334161961],[-3.042722302758526,52.68689683649126],[-3.0420844525023707,52.681482346357626],[-3.0456408810736435,52.675427690295805],[-3.043049207302248,52.67199655175167],[-3.0439494563697953,52.666210711371285],[-3.0490758227471506,52.6622439635558],[-3.048592701204508,52.65750416903727],[-3.050859040512783,52.65330909520231],[-3.051090521915399,52.647306150124614],[-3.0581359722402346,52.64740345554636],[-3.0616509505819356,52.645393283755055],[-3.069887119096019,52.6457812710012],[-3.083524366443024,52.64127193921613],[-3.081289956316179,52.63934150105331],[-3.069401617657226,52.63739338267495],[-3.0597904961352578,52.630676930695024],[-3.073103484803508,52.628944230301535],[-3.072205568554532,52.625938867195906],[-3.0816192787898675,52.62138156818963],[-3.082702130973847,52.615518171666146],[-3.0936437767358043,52.609290828013485],[-3.0893049616742356,52.60328401360784],[-3.0893590223328724,52.59957236288963],[-3.1003322983062858,52.597570375051816],[-3.1097931038927977,52.59026532115787],[-3.1136310373924454,52.59060987056868],[-3.1174472126446537,52.58574616285372],[-3.1221742479534518,52.58762626115695],[-3.1344184011139085,52.58494015992893],[-3.1385705847880305,52.58284063489168],[-3.137773594134288,52.57383734431166],[-3.1274278282074452,52.56600960746133],[-3.111486894150477,52.54139841814417],[-3.1169748969304707,52.53837006082845],[-3.130088167332339,52.536691132416834],[-3.136985788922641,52.5340852939117],[-3.1346205559332354,52.52823460834892],[-3.130734042040593,52.52703860589422],[-3.108744908119786,52.52919552552365],[-3.085332005891189,52.5345406519408],[-3.080806520211116,52.5391275602727],[-3.0834739108924194,52.54146671229524],[-3.0905672907811357,52.542751001537525],[-3.093944116413127,52.54488739211947],[-3.092333145707593,52.5477710735272],[-3.086156092276292,52.54863344686035],[-3.087283196055591,52.55127343767487],[-3.071405511250804,52.553965172208066],[-3.0649975063979102,52.55679380277793],[-3.0598180493623564,52.55554569565009],[-3.0570404889393026,52.558546304704464],[-3.050032371007119,52.5606503602579],[-3.043934185063205,52.568112243011875],[-3.0364534500751104,52.5717893406937],[-3.025129066897562,52.573590142144724],[-3.0260162438806386,52.57909039802266],[-3.0228268826405524,52.58263225682647],[-3.007072174354108,52.58961063023456],[-2.9995931864936094,52.588470228718464],[-2.991637878506493,52.58981642406095],[-2.9783935453430495,52.58721608624989],[-2.972105603372653,52.59088640900779],[-2.9697795940291027,52.58856715197879],[-2.9640090556329763,52.5906307624841],[-2.952443167682852,52.58749511913448],[-2.9326761963993575,52.58696025025258],[-2.9277155139946123,52.58781282972746],[-2.9235740115575837,52.59105826954601],[-2.9067241113109055,52.5837986583519],[-2.9046254138507073,52.57935922236242],[-2.8953619621751323,52.57762353636559],[-2.891698428799468,52.58463738496107],[-2.87117216828915,52.59073443770147],[-2.868883297358705,52.58606743502543],[-2.860472794890663,52.584549308046384],[-2.8545809635126664,52.57871697797233],[-2.8453820523246516,52.57577584941289],[-2.846851835859247,52.56735513016178],[-2.838445909960561,52.562290625566135],[-2.839567444374518,52.55844840399137],[-2.856268453501248,52.55027811981318],[-2.855527532572053,52.54714053454789],[-2.845012022690216,52.54386906548758],[-2.838409843045831,52.53935803592561],[-2.8332628696886886,52.54015135733734],[-2.8324638462447793,52.54553486347667],[-2.8209837312021517,52.54490124699073],[-2.7877139066287113,52.53331889379615],[-2.7666357774598045,52.53951754614039],[-2.766563681905993,52.54426477121273],[-2.7713037012201718,52.5497691566284],[-2.7699791644281877,52.55321198432142],[-2.756169427909058,52.55345115717075],[-2.7371160771633494,52.56625988687555],[-2.7277031766709356,52.56971635608113],[-2.7182859126484407,52.56505232465551],[-2.7110354967891483,52.564543216449096],[-2.7062748302873287,52.56601371638604],[-2.690466896958793,52.56122991236629],[-2.6931555599036465,52.5554884599749],[-2.6828474096087374,52.548484031214784],[-2.682956389907096,52.540876942392494],[-2.6776529375600937,52.53897727288703],[-2.6738960725223238,52.53483364601666],[-2.652685341747975,52.548618266931356],[-2.6418235874743377,52.55899998283096],[-2.611420708701595,52.57479449148429],[-2.6009099628116195,52.58482624548964],[-2.5977218127704136,52.58525142779107],[-2.5911695245053594,52.58214235210732],[-2.571709986067483,52.58845625852774],[-2.5310470071440108,52.59305429849654],[-2.519226802375537,52.59204143167965],[-2.5114606687293657,52.58963718429421],[-2.499643347407629,52.57513481852648],[-2.4909740480872955,52.570108884278305],[-2.482762367845676,52.56909084644588],[-2.466323981097413,52.57331548557155],[-2.4515274237217812,52.57319306391146],[-2.4028350935221834,52.5549017972239],[-2.3987438865658355,52.55183841186407],[-2.3988521216319043,52.54686213274563],[-2.390965686944329,52.53558633125242],[-2.3827900688886126,52.52940102752521],[-2.379900362045911,52.52490099116381],[-2.362590252819803,52.52288404025648],[-2.35036259196707,52.515404403714946],[-2.343547860687239,52.524363092207665],[-2.339164326988923,52.52644612447719],[-2.3348617445340136,52.521208264832104],[-2.3360120309484937,52.51010781631454],[-2.332503934818456,52.507783041479385],[-2.3256303733629227,52.506333210548256],[-2.319995229179184,52.4996726508018],[-2.311409084884226,52.495145754642515],[-2.3053258864849546,52.49769049801901],[-2.2788736564207066,52.49885442462401],[-2.2649889205352136,52.50647118105026],[-2.253805711489831,52.50555267328401],[-2.229331782025776,52.51544485998284],[-2.2283257073488283,52.5175081961492],[-2.2319371090157945,52.52103690050858],[-2.2421037169196403,52.52299160334277],[-2.2421856118118795,52.529567553242074],[-2.25995829043697,52.545494969439694],[-2.2733086550461175,52.55320785458062],[-2.266543009212546,52.567479414572176],[-2.2504909233766286,52.583968587523344],[-2.25092834746785,52.58871338537439],[-2.255658007701515,52.59080597730164],[-2.2450888553154202,52.595545294496986],[-2.2410055002042575,52.599853503211634],[-2.2410675690734836,52.60980417293099],[-2.2465776771713575,52.61012094659434],[-2.2480646044913826,52.61191579486633],[-2.240754562666339,52.62541554281635],[-2.2393312952121662,52.63530715301313],[-2.233463990254516,52.64340963219796],[-2.236482854548482,52.65509027452437],[-2.2335982684613858,52.66858055118822],[-2.2395328630941753,52.67216456855587],[-2.2425154743966114,52.67665333813228],[-2.2499156050242353,52.67753691885542],[-2.2528892524489277,52.6802275087565],[-2.2529256401230953,52.68652020018855],[-2.2559158680104776,52.691907573312484],[-2.267790507748529,52.69817407824038],[-2.2826691138620108,52.71072500779351],[-2.27982396525298,52.728711002420866],[-2.2710063759344195,52.73951901425108],[-2.2651037192224726,52.743128200755706],[-2.265125563304027,52.746723983383006],[-2.2681159161419773,52.75121204191995],[-2.2770278630908956,52.75478737206705],[-2.2770564079152695,52.75928208667897],[-2.272639122205452,52.76378710779247],[-2.281583033261129,52.771856789703776],[-2.2786530663902242,52.77725743537854],[-2.2816411042866225,52.780846185958545],[-2.280210594697771,52.78894014470013],[-2.2861654073534705,52.79252172635748],[-2.292151341731595,52.800597682835345],[-2.290704145933385,52.80599493675753],[-2.2818155026013036,52.80781429219108],[-2.2803436358160365,52.809615678029935],[-2.292259924913371,52.81677849231748],[-2.292338410744717,52.82846460478316],[-2.2700985409084935,52.8321131171022],[-2.2671631229295417,52.837513431112164],[-2.282048466729897,52.84377157463928],[-2.2939379443907404,52.84554059623616],[-2.2969258094344625,52.8482299843635],[-2.310327643583281,52.853589340839854],[-2.319250828363639,52.85536355054845],[-2.3252314062637214,52.86074095965583],[-2.341611415500098,52.866088582543],[-2.3668179838302326,52.86061969094485],[-2.3698266817631626,52.865105064420135],[-2.36104134049627,52.88041410871376],[-2.3610712298561034,52.88400977465286],[-2.3551418096094636,52.88582554157066],[-2.355185922583039,52.89121903818288],[-2.359689432571571,52.8965991014258],[-2.3671597431923033,52.90107091548206],[-2.376094986388938,52.90284081789079],[-2.38058652746063,52.90642224942672],[-2.382112895167364,52.91091202555336],[-2.3777459678269235,52.92171321356491],[-2.371835227875175,52.92622653591832],[-2.3658929172249312,52.927143927431764],[-2.3629404766301323,52.929849784898025],[-2.351039674702137,52.92988556247964],[-2.346591238900967,52.93169649279055],[-2.3317214520645377,52.93263789457122],[-2.330254296593318,52.93533877584623],[-2.322842112384487,52.93895487888034],[-2.306462290126595,52.9372004232289],[-2.3035432331325914,52.94529828069516],[-2.3155006860768736,52.95245853770559],[-2.3214542095839965,52.9524425726503],[-2.3304050521287896,52.95511479143645],[-2.330453056886922,52.96140714607779],[-2.336000949094856,52.96651546082802]]]},"properties":{"name":"Shropshire","short_name":"S","region":"Birmingham"}},{"type":"Feature","geometry":{"type":"Polygon","coordinates":[[[-1.6779371956729563,52.33064932819123],[-1.6699619476105916,52.33849467713909],[-1.6917307711484868,52.339378728100584],[-1.6946600123828317,52.34028534782435],[-1.6975587312297595,52.3456869158259],[-1.7063543750553896,52.34750711906398],[-1.7371874482159404,52.346680627982145],[-1.7489565810369339,52.34221109720604],[-1.7562956572858592,52.3422264450486],[-1.7621476481311478,52.34583443056124],[-1.770964549420957,52.34405379238305],[-1.7826459314466208,52.35666207194857],[-1.7885191206273487,52.35667271475317],[-1.8193900141559731,52.347733692040414],[-1.825279726784492,52.34324744676402],[-1.8340835073024688,52.34415913408053],[-1.850245434912817,52.33968559711524],[-1.8664149164360258,52.33161378097216],[-1.8737471790470184,52.333419864845034],[-1.8869389817170372,52.33972632211884],[-1.894258448589563,52.347824235742266],[-1.898658384462218,52.349626113615074],[-1.9001082654257397,52.35771848402197],[-1.9089035618058097,52.36491768509875],[-1.9132899971960213,52.374810116701376],[-1.92063132326216,52.37661328173481],[-1.9264997582086059,52.38111212063645],[-1.9353118451406939,52.38291527362002],[-1.9441212613912997,52.387414798521206],[-1.9544047086518743,52.38921720893346],[-1.9676298446697291,52.38832253070562],[-1.9720390423599379,52.38652562601815],[-1.9882006167241308,52.38922533749625],[-2.0205229210914237,52.380233968905976],[-2.023463990619827,52.385627479070024],[-2.0396324208435708,52.39281520579527],[-2.042581881184387,52.40360227399529],[-2.0278872368337737,52.40989973514555],[-2.020537287635215,52.41080026309995],[-2.0146589939353254,52.4170941924095],[-2.0117200725297555,52.42338756131261],[-2.0146632441949803,52.429680254219306],[-2.0073117396872298,52.44226698895207],[-2.0117249504364745,52.441367622308356],[-2.016138983010219,52.44316509563594],[-2.0161406526724956,52.447660100824685],[-2.020557613688912,52.45395240760261],[-2.0117303220747083,52.46114562584201],[-2.03233989962515,52.46743472842712],[-2.0441212466564096,52.47282487905639],[-2.05002940006274,52.48990343260648],[-2.048570601276698,52.50248995110661],[-2.0574119169801004,52.504283957052216],[-2.0647753644005515,52.502482154617304],[-2.067723070986759,52.50337949031669],[-2.0780545712901177,52.51416100316224],[-2.0854135783014796,52.50966094891689],[-2.0913090430258627,52.51055552561847],[-2.094282911916088,52.52313905373999],[-2.100172159446896,52.52043723379899],[-2.1075541588912987,52.52582467718179],[-2.114928556420651,52.527615708541205],[-2.119365207457726,52.533005239413576],[-2.119377424010966,52.537500166271414],[-2.1135033432599335,52.54649582476532],[-2.134208618173043,52.56625178205975],[-2.134216867047454,52.56894872178892],[-2.1253774125558023,52.57345334247858],[-2.122438890406292,52.57795133212595],[-2.122458973253271,52.58514315766712],[-2.104747835750342,52.58516018576044],[-2.101808508591921,52.590556633458604],[-2.0944395842276338,52.59595662748236],[-2.0915076632146863,52.60584768898477],[-2.104829561759008,52.619321257861536],[-2.109245091267283,52.61302443096406],[-2.1195806914447997,52.612115449968705],[-2.1328612891092695,52.60850536436313],[-2.1372970583865265,52.61029824981546],[-2.146157688234212,52.610287629381716],[-2.162392168581263,52.60756951996055],[-2.166811940487024,52.604866436319426],[-2.1697337911982055,52.5967714740944],[-2.1800384689530277,52.58956439930852],[-2.1844629039313905,52.58865860096566],[-2.1903748689560696,52.590447193278536],[-2.2228490331254034,52.59039047178308],[-2.2243389176763504,52.59308459733845],[-2.2170113475600655,52.6038860181286],[-2.2170380422808647,52.609279837892615],[-2.2200140592602793,52.61376922849281],[-2.225926218792773,52.614657064971944],[-2.231810097279377,52.610150797437946],[-2.2410675690734836,52.60980417293099],[-2.2410055002042575,52.599853503211634],[-2.2450888553154202,52.595545294496986],[-2.255658007701515,52.59080597730164],[-2.25092834746785,52.58871338537439],[-2.2504909233766286,52.583968587523344],[-2.266543009212546,52.567479414572176],[-2.2733086550461175,52.55320785458062],[-2.2624265203017764,52.54742773677322],[-2.2421856118118795,52.529567553242074],[-2.2421037169196403,52.52299160334277],[-2.2319371090157945,52.52103690050858],[-2.2281267430148093,52.516651840913326],[-2.253805711489831,52.50555267328401],[-2.2649889205352136,52.50647118105026],[-2.2788736564207066,52.49885442462401],[-2.3053258864849546,52.49769049801901],[-2.3108823528093674,52.49543571881038],[-2.3076689556501537,52.4841257443637],[-2.301717751970763,52.48124001450817],[-2.301346690174604,52.47477985308153],[-2.2900182882002387,52.462771473361094],[-2.294295250101884,52.45325754878609],[-2.318567655453457,52.439349045952],[-2.31239764723897,52.4338914714753],[-2.313593004826007,52.43216940492506],[-2.304037047287828,52.425757490552435],[-2.3092306818390114,52.4218989558823],[-2.3017132156392623,52.42033703714],[-2.310665312504043,52.410740289856676],[-2.3054836076361207,52.406336966495275],[-2.312181533217027,52.39208990137488],[-2.328058435629458,52.38285535707376],[-2.3379863947192625,52.370448819663466],[-2.3446577739672403,52.36595153523694],[-2.3562546781003477,52.36548649245408],[-2.372014560790367,52.36202253062428],[-2.38560105199641,52.3632016181697],[-2.4007988847472084,52.359794082580386],[-2.4072664139585602,52.36049836537577],[-2.409815434719267,52.35619402936646],[-2.421678336798981,52.34637810590612],[-2.4192935368233037,52.34443212246746],[-2.435464540942755,52.33776128011833],[-2.443111282584969,52.330136073043036],[-2.4523215541987056,52.32559523170774],[-2.460486503731551,52.32399127321151],[-2.5017142774824084,52.32371720642647],[-2.524288723767635,52.315372330515245],[-2.535729756608321,52.313449190984116],[-2.535917203837415,52.30650332031653],[-2.527684422179761,52.30129095399106],[-2.514865467852183,52.29696297364696],[-2.4977573388190613,52.293932889051696],[-2.4938151810662625,52.291612859556025],[-2.490822042325957,52.28571689570864],[-2.4822484379080594,52.28485320189103],[-2.483655555343294,52.27945323982039],[-2.477676696104721,52.268689166767345],[-2.476124627019315,52.26060410987079],[-2.475903194305483,52.23992711268773],[-2.472917024801158,52.23454487630144],[-2.472831009654269,52.226453846452245],[-2.4698651120583333,52.222869527005415],[-2.4726591013517734,52.21027175295421],[-2.4755859537159854,52.21025998820802],[-2.479927766698024,52.205747175783564],[-2.484307814475032,52.20483022646996],[-2.479869629366042,52.20035313613486],[-2.4812550044105777,52.19315511509618],[-2.459210056835891,52.183353489875024],[-2.4591637353916953,52.17885842666839],[-2.4532867050717893,52.176184017876736],[-2.4561009305640678,52.165384563450196],[-2.4442798471413156,52.15284297792779],[-2.4427736782060627,52.14835338022925],[-2.4456605583448376,52.144746287319165],[-2.4500444063432005,52.144729632027975],[-2.455926277269658,52.148303244974606],[-2.4617625592130667,52.14738147447633],[-2.4616974366728392,52.14108834863598],[-2.4704264822402764,52.137457614274],[-2.470360162221025,52.13116448552509],[-2.4803635198200036,52.11044579484105],[-2.480208917728041,52.096061444922434],[-2.4859303793159584,52.085249228794886],[-2.49610578771457,52.0816105641284],[-2.498994114503257,52.07890117062081],[-2.506279537217102,52.07797102325964],[-2.522193052467643,52.06621368923817],[-2.5280384660630264,52.067086701958445],[-2.5338090325131852,52.06166628175631],[-2.5293908403713767,52.05808994150284],[-2.549588154429332,52.04001600483103],[-2.5393074699892044,52.033770014416916],[-2.5392750056298055,52.03107294092639],[-2.543614944453251,52.02835576442928],[-2.5406349344214405,52.02297503164389],[-2.539026281515118,52.01039533572721],[-2.5432880039790864,52.00138496716829],[-2.5373001149148293,51.98792624896518],[-2.5458948666534096,51.976198643397545],[-2.550251160089688,51.97527927760933],[-2.548718506671655,51.968992847030606],[-2.5442865133579975,51.963618918615026],[-2.534056189104535,51.9600694439736],[-2.5282351767255102,51.96009571335823],[-2.5223200755684756,51.952030346779786],[-2.525198538763502,51.94932027832459],[-2.520812978749465,51.94754159598375],[-2.5178307656313055,51.94126114927076],[-2.504648082776568,51.93322663535546],[-2.485575920306021,51.91802238284753],[-2.47816306913386,51.90456638786501],[-2.4779912223590257,51.888383417080206],[-2.482301923538197,51.88387034730329],[-2.479319782493917,51.87668977659877],[-2.4807531662449316,51.87488573390129],[-2.492343779022033,51.87214049140355],[-2.49960588089166,51.872109864287076],[-2.5054760655309285,51.8774793613686],[-2.508381246020589,51.87746683920212],[-2.5227298065860273,51.86211927023626],[-2.5328625564688982,51.859376492112354],[-2.540047173511915,51.85305000980801],[-2.5327563211847415,51.850385964684364],[-2.525361609969875,51.838730908049136],[-2.525298805560758,51.83333656768096],[-2.555662464267757,51.82420592330173],[-2.562939205296809,51.825969516628305],[-2.570182440587414,51.825035503089595],[-2.576008932309561,51.826805313575896],[-2.5875930534008886,51.82494977171387],[-2.587476056978906,51.815959275391755],[-2.6004715865860697,51.81139806398761],[-2.5987589577620995,51.79162634881429],[-2.6073369915141495,51.7825911955938],[-2.607264538619829,51.77719687977431],[-2.6173853794625628,51.775345912833565],[-2.6245076329319366,51.76631710819372],[-2.6360110606740776,51.75996157742589],[-2.621424415168452,51.75284667373695],[-2.6156179401594084,51.751978121384674],[-2.6154834647542646,51.74208850194546],[-2.621226990103427,51.73846178500895],[-2.627019386231369,51.73843101208416],[-2.6357458277021983,51.74108147939725],[-2.6400649472533106,51.739259782676235],[-2.639925197870832,51.729370187988216],[-2.6427442679382196,51.72396004990851],[-2.6340333073932913,51.72220914186166],[-2.631063022837271,51.7168303860699],[-2.6223044997115945,51.71148236255696],[-2.629440809561529,51.704251319962715],[-2.6424510944280484,51.70328174368992],[-2.6495957808484194,51.696948541281756],[-2.6437321408711663,51.691586051594456],[-2.642145548066531,51.68170430130051],[-2.6493383601395992,51.678967350714665],[-2.655006348360443,51.67084367373023],[-2.6622097779726057,51.66900499968678],[-2.6591744410904345,51.659131597657776],[-2.6663362755352282,51.6545954873211],[-2.6662835233197715,51.65099923969233],[-2.648849997766614,51.64480293345039],[-2.6501664625675145,51.63580426950533],[-2.6530302678867215,51.633990094003096],[-2.6512012394654536,51.610183870539004],[-2.6448267251977726,51.615784374453476],[-2.6483588414774473,51.62095841974853],[-2.6483033076857465,51.62838226348156],[-2.6434910060690715,51.633773035726335],[-2.638890523941798,51.635416615822095],[-2.6224064902232223,51.65564582981665],[-2.6217770103864773,51.66220640423818],[-2.6077456329799418,51.67271625015446],[-2.5902118700545103,51.681077695494395],[-2.574928002529364,51.684839952993364],[-2.5489906068399053,51.693056226101056],[-2.5419706810880793,51.69884323823776],[-2.527253495886898,51.70241682281895],[-2.517627539863945,51.70848377179409],[-2.505200906436689,51.71024621815578],[-2.49237021826268,51.7281932053206],[-2.476958218436628,51.735809390288516],[-2.469085213571891,51.74465243510218],[-2.4536312520604886,51.74902888144724],[-2.4366337318126057,51.75889362471097],[-2.4044395948775916,51.771776242329196],[-2.403467662065354,51.77654486351106],[-2.4116234091833038,51.780832296332896],[-2.42482824312201,51.782313780054686],[-2.4368499289560464,51.78128068103814],[-2.444997290431843,51.784307079640456],[-2.4495286308635857,51.78806608891126],[-2.4512059140467097,51.796331453065484],[-2.449934942501686,51.79975293232933],[-2.4451823801766435,51.80309772461255],[-2.443072324303241,51.809759078863586],[-2.4321196223371215,51.817172511605435],[-2.424020373752598,51.81980940790147],[-2.415447688938881,51.81840145678003],[-2.4025740084803813,51.806398269685765],[-2.384840166786627,51.8017823378496],[-2.366073054782782,51.79446964079156],[-2.352899570979525,51.79720725835652],[-2.3470013728956136,51.8033387316445],[-2.3567250519204626,51.804208719053236],[-2.3596384645569337,51.805818225102406],[-2.3629570674989235,51.821722131961636],[-2.3595936677022067,51.81840579628372],[-2.3577943717198986,51.811038651496276],[-2.3467361754532368,51.806576286144114],[-2.344943574087305,51.79974837546558],[-2.3499827747761377,51.79505813109838],[-2.3570698615410035,51.79278904511536],[-2.371710840768705,51.79238399860742],[-2.390042958405589,51.79969724314251],[-2.400644719283094,51.80145978686234],[-2.4118503449608073,51.80573675432981],[-2.4213595082294317,51.81451426784827],[-2.4281712741712043,51.81386027761659],[-2.441686925642868,51.80158243299856],[-2.445654256809347,51.792126832261765],[-2.4361893708202196,51.78793653866604],[-2.4086160217253942,51.784888780011045],[-2.3876726070564223,51.776957685916706],[-2.3826944697881465,51.771039888260724],[-2.382025168080214,51.760432567652636],[-2.399468177090233,51.75039440365373],[-2.4101693742203727,51.74837947540723],[-2.4290538953333063,51.73878140101528],[-2.4371566121645714,51.73803223155615],[-2.4481855238239127,51.74032836839753],[-2.4702056934444196,51.72702526123829],[-2.481257485505125,51.72501414956935],[-2.4824103374859905,51.71745409251407],[-2.4736925732859363,51.71433365762253],[-2.4576276678305895,51.714487277371326],[-2.4558048948091638,51.72033864248057],[-2.450736626151785,51.72017837945225],[-2.449321169751115,51.72342063021892],[-2.4430883112368944,51.72263510382909],[-2.437603527310319,51.709348705029285],[-2.4280238892759995,51.70641691633051],[-2.4177808051392042,51.70987046147204],[-2.4136587989857476,51.702242534015745],[-2.4090065232737015,51.69983120556112],[-2.4076436714821234,51.693092543911476],[-2.4050171257888033,51.69058408328632],[-2.3916841228192367,51.687842042948255],[-2.388607879775732,51.68335665320426],[-2.3718517993854267,51.686108291000295],[-2.3696322500013194,51.68000126769529],[-2.3599100160749313,51.67598542481715],[-2.359602241782013,51.6736486469892],[-2.352917361817153,51.6694430541062],[-2.3456862061867976,51.66928474892026],[-2.3419138583329633,51.6675874628308],[-2.330805986882539,51.671125878478065],[-2.322565623661539,51.671418551502605],[-2.304889674576063,51.666340797702716],[-2.29565429459799,51.66915170957172],[-2.281335978659097,51.668647434461526],[-2.2746743059820322,51.66695488246747],[-2.2655162803544933,51.65861411290886],[-2.2614638719185973,51.65781400132814],[-2.25179980483057,51.66170137096535],[-2.2476052437705722,51.66135064833565],[-2.241112432875135,51.663791803240386],[-2.229956595850608,51.65922867068689],[-2.2221496585958485,51.65915380122114],[-2.2147849503082258,51.66087585032165],[-2.1968348389436185,51.65551260431267],[-2.1851520744401465,51.661915401815556],[-2.1844526046253616,51.66767088494348],[-2.175637016974123,51.66885327500735],[-2.1788319523287885,51.67235501935879],[-2.1713157860640253,51.67326535907501],[-2.1684322722931904,51.67560724846938],[-2.1538280443399964,51.67625669745598],[-2.151380322274651,51.6794967135669],[-2.1457426470415246,51.680402975128004],[-2.1418485374987366,51.683914314283626],[-2.1330326422037764,51.68644217948426],[-2.12625153442773,51.692743501318525],[-2.1237930890681773,51.69310576981231],[-2.1222599544195626,51.71468614858253],[-2.111698649089758,51.71667473577396],[-2.1089536220822067,51.71883519976395],[-2.0992567566907017,51.71965300465984],[-2.0957896216044594,51.72298260620815],[-2.0836328583700765,51.72505987161902],[-2.0667019477036996,51.73037549633683],[-2.0507999869939617,51.75277130106024],[-2.0581921263354324,51.75591474180854],[-2.057326425971337,51.758702400257185],[-2.0664682500748928,51.76831799019474],[-2.0618429720021174,51.777041838012394],[-2.067357619213167,51.78162422322724],[-2.073591339726627,51.781980113988034],[-2.0714252389819,51.78719625019081],[-2.05881257659377,51.78729317391592],[-2.050991070042104,51.793590555422405],[-2.0543311663883403,51.79790473632844],[-2.051145266309084,51.80168239338736],[-2.0544835942667694,51.80401854604612],[-2.061881637125769,51.80518369859663],[-2.056095038709073,51.816964804997845],[-2.067848960465681,51.819116419203105],[-2.0762695117035426,51.822707629623714],[-2.0762785017259517,51.82801229267179],[-2.080922360056573,51.82827890781685],[-2.088329129031024,51.83151030709324],[-2.0968842379808454,51.82835670804511],[-2.1066093474902874,51.82960701718765],[-2.102411980129556,51.83437596246908],[-2.09356322957903,51.83627145302312],[-2.09226607243863,51.84067804355384],[-2.1015663734081063,51.845525467162766],[-2.0941804401331825,51.85380328224001],[-2.086337509254516,51.85237076934271],[-2.07922905031703,51.85552260936566],[-2.07458224874682,51.855166020601686],[-2.076189730517024,51.861278808270015],[-2.07459806457199,51.864696376161305],[-2.059494584713907,51.86452519848055],[-2.0594885095864837,51.85993983911567],[-2.0557103076847123,51.857693969301664],[-2.0483046713160453,51.85733762300769],[-2.0432243242065975,51.85904787495685],[-2.035964201342162,51.85923016174292],[-2.035676870049798,51.8630963401672],[-2.0288510833159017,51.86228904580104],[-2.0178161961457377,51.866067438180266],[-2.01650874310633,51.86498872375498],[-2.006343093758806,51.86543926986228],[-1.9966130730092135,51.86373115159624],[-1.9903669872756975,51.87146299180664],[-1.990802171110748,51.874250201328515],[-1.9867342200779723,51.87712690537384],[-1.9867331827424484,51.880723257251],[-1.9998079654633123,51.89007448029728],[-2.0120142512905708,51.892411463618856],[-2.0123069343510958,51.89978393264065],[-2.009401455301541,51.90562825532015],[-2.013182470918822,51.91156183475194],[-2.010858030929286,51.91785565479914],[-2.0043154842962294,51.92010379576019],[-1.9987902338816241,51.918395616675056],[-1.9922466470671072,51.92280090001315],[-1.98439427024583,51.92333957833034],[-1.981775729019349,51.926126358933736],[-1.972903449592399,51.92873200467711],[-1.9659264513931278,51.92387517173193],[-1.9681111426893323,51.91893083068798],[-1.950816143223041,51.91209189722271],[-1.9243480353445914,51.917832040362455],[-1.9198364877112588,51.92025658608389],[-1.9228822666699363,51.92475403036161],[-1.9244623034177748,51.936443085263186],[-1.9228546154556998,51.94093744138249],[-1.9273578034019145,51.9448962403725],[-1.9282252640990265,51.94831326587023],[-1.9138224557170647,51.947764191231805],[-1.9037770180098084,51.95081329647409],[-1.9031824470031358,51.95665680958786],[-1.9072475946654723,51.96124536006854],[-1.9069446435332003,51.966999202853614],[-1.898941808748222,51.965823827923685],[-1.8986407824821825,51.97022903556228],[-1.8909204658358,51.97246984067465],[-1.8882925822627765,51.97552423416703],[-1.8884187783847883,51.98334628813229],[-1.8837582042169843,51.98379132735608],[-1.8799594438956158,51.9886425141869],[-1.8793509113819526,51.99835185903155],[-1.8588101382746218,51.99940796052603],[-1.845962303184317,52.008112864653505],[-1.8360483886802792,52.010077458475365],[-1.8352708238036541,52.02347248417962],[-1.8292708275378429,52.028449279197446],[-1.8285391551667718,52.03188175036172],[-1.8305258935233986,52.04308876273701],[-1.8212487069350327,52.04744542424266],[-1.8079711036945112,52.050090288869235],[-1.8047313439606254,52.05501183555759],[-1.7906229044108917,52.06154450568823],[-1.7840286588570846,52.06787279979273],[-1.778923253924022,52.06629987956191],[-1.7652611557482494,52.06699633842598],[-1.7631281738997377,52.0697998426936],[-1.7670523487728276,52.081348882202185],[-1.7643599910709582,52.083295393366264],[-1.754968284271572,52.08267120094821],[-1.7449281978332867,52.084735743124014],[-1.7318176876295253,52.0841690392269],[-1.7285648742068267,52.085600095832426],[-1.725131488876159,52.09406487173837],[-1.7209490498152875,52.09835524644645],[-1.720677095632414,52.105675618633],[-1.7058999019243297,52.139875673337066],[-1.7147546860305105,52.15428578932125],[-1.734794142421449,52.17023484064211],[-1.735917823070037,52.17406549359426],[-1.7340585536051298,52.17835515897515],[-1.7017262940168052,52.180879760010306],[-1.6922209378659032,52.17670537676514],[-1.6815989308829673,52.16635436194163],[-1.672284849173714,52.16189297529243],[-1.6556144783136786,52.1577719343797],[-1.6367197483634823,52.15633526061806],[-1.6331593326290792,52.162346083252345],[-1.6244659364405696,52.167142146010335],[-1.6181405336053352,52.173181440211394],[-1.6143569631885208,52.18730485360747],[-1.6238203674542915,52.20054054611405],[-1.623430314625234,52.205838262327624],[-1.6392129356377858,52.21626067131346],[-1.6640471341990801,52.228693905854996],[-1.6814298018430198,52.23059947137363],[-1.7135755598543678,52.230773478503444],[-1.7220893657190899,52.23574300500585],[-1.717888182052286,52.23806334973082],[-1.706885367484149,52.252647678570945],[-1.6999804801881966,52.25865297327504],[-1.7041827887286631,52.26122580958917],[-1.703717462754538,52.26465714816161],[-1.693541622525751,52.266716054104116],[-1.68186929964346,52.27134848651719],[-1.674585211036327,52.277638053054034],[-1.6714070414801523,52.28564321177041],[-1.657766512028172,52.29055815335045],[-1.6555236508623874,52.292787522351674],[-1.6514147468810727,52.303331860578915],[-1.6571949207597356,52.30782771420759],[-1.6731730945018901,52.31480804810415],[-1.6771919068525862,52.31932589805012],[-1.6779371956729563,52.33064932819123]]]},"properties":{"name":"Severn Lowlands","short_name":"SL","region":"Birmingham"}},{"type":"Feature","geometry":{"type":"Polygon","coordinates":[[[-2.3108823528093674,52.49543571881038],[-2.319995229179184,52.4996726508018],[-2.3256303733629227,52.506333210548256],[-2.332503934818456,52.507783041479385],[-2.3360120309484937,52.51010781631454],[-2.3348617445340136,52.521208264832104],[-2.339164326988923,52.52644612447719],[-2.343547860687239,52.524363092207665],[-2.35036259196707,52.515404403714946],[-2.362590252819803,52.52288404025648],[-2.379900362045911,52.52490099116381],[-2.3827900688886126,52.52940102752521],[-2.390965686944329,52.53558633125242],[-2.3988521216319043,52.54686213274563],[-2.3987438865658355,52.55183841186407],[-2.4028350935221834,52.5549017972239],[-2.4515274237217812,52.57319306391146],[-2.466323981097413,52.57331548557155],[-2.482762367845676,52.56909084644588],[-2.4909740480872955,52.570108884278305],[-2.499643347407629,52.57513481852648],[-2.5094518915444004,52.58825421242437],[-2.513802094278073,52.590801123487225],[-2.5221265469936407,52.59245839398379],[-2.5368860603173924,52.59286434526138],[-2.568855392372068,52.58892040457197],[-2.579939681816829,52.58660565912578],[-2.5911695245053594,52.58214235210732],[-2.5977218127704136,52.58525142779107],[-2.6009099628116195,52.58482624548964],[-2.611420708701595,52.57479449148429],[-2.6418235874743377,52.55899998283096],[-2.652685341747975,52.548618266931356],[-2.6738960725223238,52.53483364601666],[-2.6776529375600937,52.53897727288703],[-2.682956389907096,52.540876942392494],[-2.6828474096087374,52.548484031214784],[-2.6931555599036465,52.5554884599749],[-2.690466896958793,52.56122991236629],[-2.7062748302873287,52.56601371638604],[-2.7110354967891483,52.564543216449096],[-2.7182859126484407,52.56505232465551],[-2.7277031766709356,52.56971635608113],[-2.7371160771633494,52.56625988687555],[-2.756169427909058,52.55345115717075],[-2.7699791644281877,52.55321198432142],[-2.7713037012201718,52.5497691566284],[-2.766563681905993,52.54426477121273],[-2.7666357774598045,52.53951754614039],[-2.7877139066287113,52.53331889379615],[-2.8209837312021517,52.54490124699073],[-2.8324638462447793,52.54553486347667],[-2.8332628696886886,52.54015135733734],[-2.838409843045831,52.53935803592561],[-2.845012022690216,52.54386906548758],[-2.855527532572053,52.54714053454789],[-2.856268453501248,52.55027811981318],[-2.839567444374518,52.55844840399137],[-2.838445909960561,52.562290625566135],[-2.846851835859247,52.56735513016178],[-2.8453820523246516,52.57577584941289],[-2.8545809635126664,52.57871697797233],[-2.860472794890663,52.584549308046384],[-2.868883297358705,52.58606743502543],[-2.87117216828915,52.59073443770147],[-2.891698428799468,52.58463738496107],[-2.8953619621751323,52.57762353636559],[-2.9046254138507073,52.57935922236242],[-2.9067241113109055,52.5837986583519],[-2.9235740115575837,52.59105826954601],[-2.9277155139946123,52.58781282972746],[-2.9326761963993575,52.58696025025258],[-2.952443167682852,52.58749511913448],[-2.9640090556329763,52.5906307624841],[-2.9697795940291027,52.58856715197879],[-2.972105603372653,52.59088640900779],[-2.9783935453430495,52.58721608624989],[-2.991637878506493,52.58981642406095],[-2.9995931864936094,52.588470228718464],[-3.007072174354108,52.58961063023456],[-3.0228268826405524,52.58263225682647],[-3.0261998108674275,52.57709298613421],[-3.025129066897562,52.573590142144724],[-3.0145207030301306,52.575484618341015],[-3.0065925740143657,52.573836972285946],[-2.9976486981463624,52.56381851123307],[-2.9997490625597223,52.5547180018841],[-2.994281297409357,52.552367268250094],[-3.0038621740394955,52.53354538331463],[-3.0051021106367033,52.52943621229274],[-3.000881812484267,52.52399602686682],[-3.0038171384142203,52.5198041812735],[-3.010724114866776,52.520051048352435],[-3.0130424395865503,52.522101676335396],[-3.0324170043289405,52.52369180859696],[-3.0307979141918544,52.51950656841968],[-3.0364307118411444,52.51149106743015],[-3.032172186400264,52.509666412029034],[-3.0345892319309447,52.505048558466655],[-3.0292040094160098,52.50125308045483],[-3.0463657700346456,52.499047344416915],[-3.0558266751182566,52.499994468727635],[-3.0852163215507686,52.49851660256237],[-3.1079253233495248,52.49932559966554],[-3.1265400697717585,52.492308116516305],[-3.140403686130895,52.49159628954545],[-3.1452218854043337,52.48849570009848],[-3.157754971593659,52.4850679062378],[-3.1796048272876924,52.47411652354363],[-3.1973073930675846,52.47600284520168],[-3.196899140715203,52.47457749279695],[-3.2159014255348266,52.465467784657704],[-3.2197027238588563,52.45952546537836],[-3.2318780685878656,52.453112179894326],[-3.234138488720726,52.4494294630707],[-3.2355543205405963,52.44250004614258],[-3.233286889143322,52.43969978597937],[-3.228336515557849,52.439437555158364],[-3.2306846065454407,52.43046933135022],[-3.2223251471135406,52.42672518190148],[-3.2197421498363386,52.42130820643456],[-3.199278067275039,52.41704735760254],[-3.179069594047775,52.4094648538826],[-3.17294324561128,52.406517568134305],[-3.1700827223829,52.40296948399093],[-3.1606539181573767,52.39991845920456],[-3.159260872968387,52.398025238578605],[-3.16154727839886,52.39212925553462],[-3.158181533602578,52.391494291634174],[-3.1546148973362103,52.38777653369237],[-3.149339787669487,52.388119244297094],[-3.1295914908465847,52.38446621434289],[-3.120239025633607,52.37743023787363],[-3.110603637451743,52.37714629035256],[-3.104316786463244,52.373760039563614],[-3.1009866843296576,52.36791339609677],[-3.097609345215796,52.367944819832154],[-3.091932103225025,52.362564137787416],[-3.070544378899477,52.35596452520891],[-3.0653007046867486,52.35333124605206],[-3.065214533441447,52.35005317222523],[-3.060665033766379,52.34822677295893],[-3.0523273920870735,52.34777898328673],[-3.0400269404949465,52.34436273774206],[-3.021757974436419,52.34651806991832],[-3.0100376629820276,52.34949942554361],[-3.005219499542814,52.34905683820475],[-2.9983257561124965,52.35188077691538],[-2.9860704537273555,52.350882374112466],[-2.974299446731713,52.35472278119873],[-2.970583671050444,52.351394527099416],[-2.96416236369016,52.35148666652715],[-2.960357742836564,52.34922688550689],[-2.9547277457357644,52.349236561862575],[-2.96165160278149,52.335923022709856],[-2.9668059053441733,52.332416904002464],[-2.966840867223655,52.32948930626092],[-2.9810839548802166,52.32698756117626],[-2.986028261159982,52.323456268021445],[-2.997148986603631,52.3245154822787],[-3.0008678773313426,52.32175359736745],[-3.003848467493141,52.31121923818756],[-3.0006009118576142,52.30439329550836],[-3.0012952202860537,52.30006473959697],[-3.0055244007883606,52.29067139454446],[-3.0119493305947733,52.28803979585455],[-3.009342989988255,52.28283227065563],[-3.011661365918736,52.277395579996785],[-3.0013405097240216,52.27496530566513],[-2.996023667502823,52.27577538792396],[-2.9926749874269283,52.27284298642699],[-2.979060730982229,52.27262583283856],[-2.9650363092401117,52.27430028643859],[-2.9634069522219164,52.27260807355386],[-2.9544933197507244,52.27160880793804],[-2.9559540678856018,52.27090920991006],[-2.965064552104856,52.26811182143626],[-2.9649901650463204,52.26232517847035],[-2.977286830407161,52.25967606620337],[-2.9785843167254296,52.26237509278771],[-2.9847944162720434,52.26226050905664],[-2.989777744482368,52.26048632969706],[-2.9962545470989252,52.261497231550756],[-2.998687805490106,52.26414957726482],[-3.0056139921217255,52.26420046460218],[-3.025369241321827,52.258165901185585],[-3.036009783642774,52.25675855056902],[-3.0389200408294648,52.253588924553924],[-3.045179927614711,52.25334395861645],[-3.0483282837948513,52.25024481420104],[-3.0452571479560886,52.24684660691704],[-3.049949125501963,52.2450032211731],[-3.0437068890048526,52.24551171752109],[-3.043145559255757,52.242749950005276],[-3.0491590516333944,52.23889297734844],[-3.058684253428721,52.23607203475517],[-3.0731219850464657,52.2357824840977],[-3.07395173624821,52.23406130758318],[-3.07207964399283,52.22868569131438],[-3.0721335967149876,52.222843015385656],[-3.0772241258278457,52.21908796623839],[-3.076793915044009,52.21330544599719],[-3.094143050932204,52.20374147098267],[-3.1017923449063987,52.202636332715585],[-3.0963891840742757,52.19470285088683],[-3.097347678599823,52.18431674323716],[-3.0947221568075087,52.18372167398487],[-3.1014077165297094,52.17725766210183],[-3.1124870590699394,52.17361428387795],[-3.112456535855951,52.170222327384245],[-3.1219916854078167,52.16690787579852],[-3.122427104057312,52.1634107810657],[-3.112063886588685,52.15899284957366],[-3.1016799851615287,52.157382950096135],[-3.0988734407200593,52.15469749458559],[-3.090075499432784,52.15729568818597],[-3.0848908817174485,52.162782068835746],[-3.082540400013726,52.16303832806026],[-3.071568415258476,52.158180994018544],[-3.0725350562231366,52.15576445533738],[-3.083295912569342,52.14833674558284],[-3.093685196258298,52.144297440960884],[-3.1153501821109137,52.139171979111715],[-3.1358683340234585,52.13789988084936],[-3.134132029742522,52.133569483165445],[-3.141223990096174,52.12991546540504],[-3.141915001349974,52.127858843040705],[-3.1368089988963104,52.12331202245175],[-3.128055953859523,52.12456222858041],[-3.123542782919511,52.12185320430351],[-3.115025973642692,52.12156993875941],[-3.1067118172880828,52.118731630856956],[-3.1079007758177575,52.11408204681614],[-3.105459795098945,52.10537836240479],[-3.122709022967781,52.10315009905961],[-3.118853005218234,52.08872030280686],[-3.1259717822086164,52.07832365429569],[-3.121326594696496,52.076150768270786],[-3.1164556919430764,52.06584927478884],[-3.111445090699833,52.06486807707684],[-3.1069558895348885,52.05987267773786],[-3.1014981433957107,52.058249702536564],[-3.090581753386881,52.05050659904022],[-3.0928060141268436,52.04747220370992],[-3.0862802569016576,52.040187794872594],[-3.0923481529200383,52.03318250817077],[-3.0927556642978073,52.02897092514986],[-3.0991926935273,52.02267933306588],[-3.0868907223838105,52.01390493909927],[-3.0840819173628318,52.004101789679886],[-3.0694188449658224,51.989482406800384],[-3.068307034030828,51.98388835014019],[-3.056953258426827,51.97522180934448],[-3.0396021160269244,51.966474221946534],[-3.03532893526646,51.95973438950736],[-3.025938108379927,51.9572757209334],[-3.021617053844746,51.95002870444889],[-3.0131563908021466,51.944948133371405],[-3.008516795479262,51.938074708921924],[-3.0102681064717633,51.93204911815577],[-3.0081170963896238,51.92712424252348],[-2.999236259066967,51.92345157660244],[-2.9766596405457126,51.92748392360908],[-2.9739823419208005,51.92258527404933],[-2.9762000680115652,51.921184061539044],[-2.971166907106171,51.91341421506435],[-2.9728894266234347,51.908961958476326],[-2.9718410120217515,51.90497585795681],[-2.964939346337586,51.90477012099708],[-2.960776196633389,51.90673997901317],[-2.952329216907351,51.906264690528864],[-2.9487234143682226,51.909398456378106],[-2.942626081964832,51.9093791310263],[-2.935636815216623,51.91260698395911],[-2.9340031148737973,51.9150079969033],[-2.927414226444963,51.91395960472151],[-2.9202685507827093,51.91737658087993],[-2.9161099943581004,51.91765358546562],[-2.908166130348749,51.921147063957726],[-2.904130535654098,51.92517557555266],[-2.892268903441768,51.925421654548806],[-2.8870229461549886,51.928197297287504],[-2.8885149873935565,51.933566286263655],[-2.8778305746960138,51.933807406833154],[-2.8720753505120244,51.93044528437853],[-2.8701402867617136,51.926950404466936],[-2.8590036594502735,51.92772632980088],[-2.8543816307253604,51.92380931175123],[-2.848025614379721,51.923665579472775],[-2.846431629431236,51.91994486899114],[-2.8633132506183374,51.917180652494736],[-2.8619156256256133,51.91401165915526],[-2.8473972476363483,51.91694030639806],[-2.845146096159398,51.915214922867534],[-2.8371397080492216,51.913900124668096],[-2.836147281133081,51.906026514273286],[-2.8209458406715577,51.905328865789826],[-2.8176382397437227,51.90360943460929],[-2.814334453748418,51.897988657273764],[-2.802850965615612,51.894041385760225],[-2.801626116939018,51.89037958320433],[-2.786328806785172,51.884687186824685],[-2.7794217300590334,51.88410287903415],[-2.7767777127322604,51.8816738981601],[-2.7683284568867537,51.880499413451446],[-2.776890770062992,51.873317745409715],[-2.77883775660733,51.865953749076965],[-2.775894363145068,51.86361664131482],[-2.7696080826282303,51.86236591932721],[-2.7577295343790804,51.849512949549386],[-2.7568185910579603,51.84601137795609],[-2.746617335541938,51.844758495435805],[-2.7388716433620726,51.83665877205395],[-2.731534298254009,51.841404306760346],[-2.727572196186496,51.84008741539245],[-2.719707623709961,51.84879064805919],[-2.715042349631011,51.840222719258406],[-2.7071921665517307,51.839350405582756],[-2.7051454286440717,51.84565286865394],[-2.6973217962991316,51.84476265122311],[-2.6932925674839416,51.83383532104968],[-2.6869988039384656,51.833050475700546],[-2.6867685562700845,51.83637313048541],[-2.682853772199262,51.8384503968378],[-2.6768176800563253,51.83634452084096],[-2.666154453319706,51.83564386668787],[-2.6581917088316422,51.832704573919976],[-2.6568544552129043,51.826875032778034],[-2.6502256714978536,51.82614044268973],[-2.6500949899946,51.82411906903025],[-2.660868558955018,51.82274809787092],[-2.661103900354695,51.81811095896514],[-2.6595358559731284,51.810676915281974],[-2.672575327098139,51.80887494211186],[-2.678539717777366,51.80270061129566],[-2.6767444732644345,51.798598412567095],[-2.6695521009018837,51.794360714717165],[-2.672466199624378,51.79335954687846],[-2.6733584033386855,51.784729217491716],[-2.6762220044127685,51.780108394513185],[-2.675065878120535,51.77704185300963],[-2.6804487333534657,51.76892503213203],[-2.6732622731130067,51.75987182814488],[-2.6626890419077958,51.75389074099695],[-2.6687776638979694,51.7445579715945],[-2.670741694748631,51.73732276441777],[-2.68676917022527,51.73057843531395],[-2.679839952519211,51.72474025446777],[-2.678883927824533,51.71436805797208],[-2.667926259060002,51.70617778338958],[-2.6695801263532934,51.700868898902094],[-2.6750271126621854,51.69992689935492],[-2.681558376455363,51.70317370013078],[-2.6831223439360827,51.70084665672085],[-2.672907168655398,51.69767595464806],[-2.668273697916193,51.69361766275761],[-2.671243813777719,51.68129071170727],[-2.657546822525647,51.67631778318822],[-2.6585831001889586,51.67128851804522],[-2.667333358478659,51.66883752406825],[-2.6833383773388495,51.66802795650317],[-2.685165464299376,51.6627178031669],[-2.6780753726942517,51.66030252610941],[-2.66810609873978,51.66681367243095],[-2.6630155915924676,51.66477451915727],[-2.666090704249924,51.65756402961842],[-2.6760994991182687,51.650133893447375],[-2.674591337327523,51.64582710896593],[-2.6675301284277233,51.647305693779394],[-2.6625679972681895,51.644006995991944],[-2.6647407096113462,51.6344638417045],[-2.653312519097493,51.62346858583415],[-2.6569745077090525,51.616974327067425],[-2.6548749296866996,51.61159120864279],[-2.6521080343283843,51.60998815941393],[-2.6530302678867215,51.633990094003096],[-2.6501664625675145,51.63580426950533],[-2.648849997766614,51.64480293345039],[-2.6662835233197715,51.65099923969233],[-2.6663362755352282,51.6545954873211],[-2.6591744410904345,51.659131597657776],[-2.6622097779726057,51.66900499968678],[-2.655006348360443,51.67084367373023],[-2.6493383601395992,51.678967350714665],[-2.642145548066531,51.68170430130051],[-2.6437321408711663,51.691586051594456],[-2.6495957808484194,51.696948541281756],[-2.6424510944280484,51.70328174368992],[-2.629440809561529,51.704251319962715],[-2.6223044997115945,51.71148236255696],[-2.631063022837271,51.7168303860699],[-2.6340333073932913,51.72220914186166],[-2.6427442679382196,51.72396004990851],[-2.639925197870832,51.729370187988216],[-2.6400649472533106,51.739259782676235],[-2.6357458277021983,51.74108147939725],[-2.627019386231369,51.73843101208416],[-2.621226990103427,51.73846178500895],[-2.6154834647542646,51.74208850194546],[-2.6156179401594084,51.751978121384674],[-2.621424415168452,51.75284667373695],[-2.6360110606740776,51.75996157742589],[-2.6245076329319366,51.76631710819372],[-2.6173853794625628,51.775345912833565],[-2.607264538619829,51.77719687977431],[-2.6073369915141495,51.7825911955938],[-2.5987589577620995,51.79162634881429],[-2.6004715865860697,51.81139806398761],[-2.587476056978906,51.815959275391755],[-2.5875930534008886,51.82494977171387],[-2.576008932309561,51.826805313575896],[-2.570182440587414,51.825035503089595],[-2.562939205296809,51.825969516628305],[-2.555662464267757,51.82420592330173],[-2.525298805560758,51.83333656768096],[-2.525361609969875,51.838730908049136],[-2.5327563211847415,51.850385964684364],[-2.540047173511915,51.85305000980801],[-2.5328625564688982,51.859376492112354],[-2.5227298065860273,51.86211927023626],[-2.508381246020589,51.87746683920212],[-2.504013416730821,51.876586542127534],[-2.49960588089166,51.872109864287076],[-2.492343779022033,51.87214049140355],[-2.4807531662449316,51.87488573390129],[-2.479319782493917,51.87668977659877],[-2.482301923538197,51.88387034730329],[-2.4779912223590257,51.888383417080206],[-2.47816306913386,51.90456638786501],[-2.485575920306021,51.91802238284753],[-2.504648082776568,51.93322663535546],[-2.5178307656313055,51.94126114927076],[-2.520812978749465,51.94754159598375],[-2.525198538763502,51.94932027832459],[-2.5223200755684756,51.952030346779786],[-2.5282351767255102,51.96009571335823],[-2.534056189104535,51.9600694439736],[-2.5442865133579975,51.963618918615026],[-2.548718506671655,51.968992847030606],[-2.550251160089688,51.97527927760933],[-2.5458948666534096,51.976198643397545],[-2.5373001149148293,51.98792624896518],[-2.537332410353012,51.99062334321715],[-2.5432880039790864,52.00138496716829],[-2.539026281515118,52.01039533572721],[-2.5390911372016363,52.01578950073054],[-2.543614944453251,52.02835576442928],[-2.5392750056298055,52.03107294092639],[-2.5393074699892044,52.033770014416916],[-2.549588154429332,52.04001600483103],[-2.5293908403713767,52.05808994150284],[-2.5338090325131852,52.06166628175631],[-2.5280384660630264,52.067086701958445],[-2.522193052467643,52.06621368923817],[-2.506279537217102,52.07797102325964],[-2.498994114503257,52.07890117062081],[-2.49610578771457,52.0816105641284],[-2.4859303793159584,52.085249228794886],[-2.480208917728041,52.096061444922434],[-2.4803635198200036,52.11044579484105],[-2.470360162221025,52.13116448552509],[-2.4704264822402764,52.137457614274],[-2.4616974366728392,52.14108834863598],[-2.4617625592130667,52.14738147447633],[-2.455926277269658,52.148303244974606],[-2.4500444063432005,52.144729632027975],[-2.4456605583448376,52.144746287319165],[-2.4427736782060627,52.14835338022925],[-2.4442798471413156,52.15284297792779],[-2.4561009305640678,52.165384563450196],[-2.4532867050717893,52.176184017876736],[-2.4591637353916953,52.17885842666839],[-2.459210056835891,52.183353489875024],[-2.4812550044105777,52.19315511509618],[-2.479869629366042,52.20035313613486],[-2.484307814475032,52.20483022646996],[-2.479927766698024,52.205747175783564],[-2.4770397448396735,52.209355072669894],[-2.4712147082352534,52.212075621100325],[-2.4698651120583333,52.222869527005415],[-2.472831009654269,52.226453846452245],[-2.472917024801158,52.23454487630144],[-2.475903194305483,52.23992711268773],[-2.476124627019315,52.26060410987079],[-2.477676696104721,52.268689166767345],[-2.483655555343294,52.27945323982039],[-2.4822484379080594,52.28485320189103],[-2.490822042325957,52.28571689570864],[-2.4938151810662625,52.291612859556025],[-2.4977573388190613,52.293932889051696],[-2.514865467852183,52.29696297364696],[-2.527684422179761,52.30129095399106],[-2.535917203837415,52.30650332031653],[-2.535729756608321,52.313449190984116],[-2.524288723767635,52.315372330515245],[-2.5017142774824084,52.32371720642647],[-2.460486503731551,52.32399127321151],[-2.4523215541987056,52.32559523170774],[-2.443111282584969,52.330136073043036],[-2.435464540942755,52.33776128011833],[-2.4192935368233037,52.34443212246746],[-2.421678336798981,52.34637810590612],[-2.405872314435401,52.36107943611216],[-2.4007988847472084,52.359794082580386],[-2.38560105199641,52.3632016181697],[-2.372014560790367,52.36202253062428],[-2.341401840673397,52.367284345785144],[-2.328058435629458,52.38285535707376],[-2.312181533217027,52.39208990137488],[-2.3099788630568345,52.395246740708124],[-2.3054836076361207,52.406336966495275],[-2.310665312504043,52.410740289856676],[-2.3017132156392623,52.42033703714],[-2.3092306818390114,52.4218989558823],[-2.304037047287828,52.425757490552435],[-2.313593004826007,52.43216940492506],[-2.31239764723897,52.4338914714753],[-2.318567655453457,52.439349045952],[-2.294295250101884,52.45325754878609],[-2.2900182882002387,52.462771473361094],[-2.301346690174604,52.47477985308153],[-2.301717751970763,52.48124001450817],[-2.3076689556501537,52.4841257443637],[-2.3108823528093674,52.49543571881038]]]},"properties":{"name":"Teme and Wye","short_name":"TAW","region":"Birmingham"}},{"type":"Feature","geometry":{"type":"Polygon","coordinates":[[[-0.8051283145175879,52.84015299450163],[-0.7941280203750294,52.834704456034494],[-0.7670339308332231,52.83930414679605],[-0.7574681033574138,52.845299630836976],[-0.748368633708521,52.84799933622893],[-0.7491137711130936,52.85307274734998],[-0.7388332545901676,52.8593468897062],[-0.7367959505956765,52.863011122703846],[-0.7394871981082398,52.86753469605748],[-0.738494450721545,52.871030237021905],[-0.7455225943296041,52.874610753597516],[-0.7507059302437046,52.875204781174574],[-0.7528541257555383,52.878014234168496],[-0.7583376588957058,52.87852117832346],[-0.7612216368859998,52.88160787077038],[-0.7577250583169967,52.884358227973095],[-0.7567205289185287,52.888303270180884],[-0.7507603610999704,52.893994283752804],[-0.7464093435155101,52.89538684502929],[-0.7455469339020523,52.89951308898772],[-0.7422303874583339,52.901096206406315],[-0.750677681497551,52.90720856076206],[-0.7511676573598214,52.91602379329073],[-0.7502793834033128,52.921048781534964],[-0.7516552179014921,52.92492888357946],[-0.7470296268502502,52.92541959461939],[-0.7459192083204402,52.932959362719956],[-0.7603004245971369,52.939942519605204],[-0.7624600736921372,52.94248217713797],[-0.7734209098244323,52.944303859390914],[-0.7871311908904022,52.94363546937489],[-0.7919231763453534,52.947909473135745],[-0.7985117449996578,52.951841858002304],[-0.7925005825385707,52.95924246320094],[-0.7920201033629023,52.96580011220419],[-0.7748262862156439,52.97883912700666],[-0.776503881046454,52.98272199597404],[-0.7712752020558388,52.98851141963025],[-0.76201073231136,52.989494100011896],[-0.7571203602577292,52.998972225634645],[-0.7623494909321956,53.003701423920255],[-0.7638265620537106,53.00938031541197],[-0.7767245823225293,53.00654706414531],[-0.8015816151199093,53.00769909447162],[-0.8098594502655693,53.01560323528078],[-0.8012479705377463,53.01974190979104],[-0.8020077851660302,53.024603987210334],[-0.8046435961171119,53.02633853869519],[-0.7997289120703364,53.03150305782267],[-0.7996191193540121,53.035457399349944],[-0.7938733557127426,53.03827597817212],[-0.7915463750064361,53.04148864116878],[-0.7803273644382684,53.042632713911736],[-0.7745563608000355,53.035741263505095],[-0.7701789783359155,53.037583926872585],[-0.7760538810444488,53.040790895528566],[-0.7726943401262152,53.04354308507537],[-0.771965058261506,53.048210185844404],[-0.7651178269379625,53.05290384134105],[-0.7683642103533022,53.0556343847127],[-0.7655553996894447,53.06369596502107],[-0.7616326796247972,53.06518345843316],[-0.7631553977626305,53.06933452040556],[-0.7583956349667058,53.070645630522236],[-0.7573268030637901,53.07347681957597],[-0.7488146268283026,53.07284052692528],[-0.7420866562231673,53.076717950698125],[-0.7380723736719765,53.08297854720173],[-0.7342103600981227,53.08468574632278],[-0.73606038991805,53.087607180930725],[-0.733383637671923,53.09602242192153],[-0.7227090596843849,53.10355530618877],[-0.7175169280159522,53.114069398426004],[-0.7128463377178095,53.11473816732231],[-0.7112102920457234,53.119484967863485],[-0.7079077788604499,53.1199885531751],[-0.7088242084571702,53.124313509515076],[-0.7060433307443034,53.12733979107601],[-0.7163416539287409,53.1278108353852],[-0.7195112783652142,53.12676620958398],[-0.7201087919476489,53.1318068057183],[-0.7068544831968896,53.13516955788067],[-0.7047037395255255,53.14206817244021],[-0.6736446027200547,53.15539052993188],[-0.671269231955624,53.15482467913565],[-0.6604450472214507,53.16144564720395],[-0.6612778681935562,53.16352261895609],[-0.6718001202538118,53.16669686753263],[-0.6696726780913622,53.17260625498563],[-0.6781507166140661,53.174228852957896],[-0.6846382281547131,53.17735710885273],[-0.6830543783709447,53.18021627958896],[-0.6859637535646893,53.182945259604544],[-0.6838033599745754,53.185078905625936],[-0.6897108824858946,53.187661089321665],[-0.6912307818931345,53.19181297976149],[-0.7012067826789462,53.18859600997918],[-0.7178649635066979,53.192102539398185],[-0.7186823799541288,53.194808182585895],[-0.7217099511373898,53.19367206399142],[-0.7272039550527153,53.19516919260685],[-0.7254226933804052,53.20980301003034],[-0.7157931914033613,53.216351851244646],[-0.7218860841794205,53.21794555275919],[-0.7200811149049481,53.22322997536302],[-0.7142106526598508,53.229189723657235],[-0.7063743704791385,53.23072304364315],[-0.7104515063548802,53.23578603062805],[-0.7084280473781077,53.245063885587356],[-0.6995499350108628,53.2462399227923],[-0.6972976396075777,53.24842332223738],[-0.6959256291365147,53.255892571995666],[-0.6975051965845995,53.26003643504096],[-0.7216560074394434,53.29081323189149],[-0.7310902783887256,53.29259073986649],[-0.7405252219064455,53.29166802436884],[-0.7312182434419698,53.292960763138844],[-0.7213294273985534,53.291118965429376],[-0.697161643038063,53.26024672014257],[-0.6929621645775876,53.258131485094694],[-0.6921140517007155,53.26113156918833],[-0.6910364776162552,53.266962882584444],[-0.6954615614578367,53.27429279832131],[-0.6870579697669214,53.274470260772986],[-0.6844376476905617,53.27677863330831],[-0.6746121166426617,53.27442248738044],[-0.6667829408239584,53.27541395288551],[-0.6708775479860105,53.278785745732826],[-0.6699939858539853,53.28309081998872],[-0.6734730392607607,53.286995013958126],[-0.6700120690650582,53.292170331711226],[-0.673672459743487,53.295087698172864],[-0.6707857568199577,53.301078464026915],[-0.6773391173627997,53.31238803089321],[-0.6753855415108767,53.317310511283985],[-0.6798015664730868,53.32014615833223],[-0.6890306286544844,53.31782079294127],[-0.6982802598702821,53.31971993340785],[-0.703167423445908,53.321930591284215],[-0.7031567511947419,53.32723417927305],[-0.7063774766913339,53.329965934592835],[-0.7050513982772465,53.334086637031184],[-0.7022126219231524,53.33360633287529],[-0.7045959550767481,53.33920560066443],[-0.7050440938997913,53.34424447340243],[-0.7063308427378691,53.35135996877367],[-0.7125060729692405,53.35583148598113],[-0.7246967917347767,53.35011933361257],[-0.7329249953831615,53.35128567804586],[-0.7400263007822936,53.349922571425196],[-0.7491481474777311,53.351366902744324],[-0.7467028794888287,53.35790339857505],[-0.7410602538971512,53.360720577487115],[-0.7442119300909914,53.36596752933676],[-0.7496577610618548,53.369890056781635],[-0.7495077575254019,53.375012337293775],[-0.7596730178272424,53.382129947712706],[-0.7582497370195843,53.38454223510087],[-0.7627120812757994,53.386206611706555],[-0.7639087332253576,53.39161251095557],[-0.7622107543931346,53.39312308141074],[-0.7658496389614154,53.39729576092268],[-0.7630625101248275,53.40005356459924],[-0.7644333802462882,53.40465222516847],[-0.7624593492153493,53.410474733545556],[-0.7361130273638568,53.41109775207467],[-0.7293124725060162,53.40707035353786],[-0.7143403978772089,53.40969676715618],[-0.7098511892632144,53.413873279532076],[-0.7049068319764286,53.41319052447727],[-0.7025823834525904,53.41541259687009],[-0.695191003001881,53.4111071494768],[-0.6897407823952557,53.4122160791558],[-0.6812235404712368,53.41032449049729],[-0.6805688786905705,53.40717102894247],[-0.6717131230657483,53.406533506975904],[-0.6739055767905012,53.398917012383855],[-0.6645611889624987,53.39953201942349],[-0.6596933642084137,53.40127533590018],[-0.6509980399628236,53.4003683912071],[-0.6423169927941516,53.389572752388496],[-0.6325025555753884,53.38613470669526],[-0.6265886008070545,53.387684903264734],[-0.6158216221484482,53.38585259521117],[-0.6069097274963154,53.387097346762125],[-0.5969565875246446,53.39255419738127],[-0.5908318111204034,53.3913134558541],[-0.5853427872012824,53.3935857816329],[-0.5945731059300137,53.40556070601967],[-0.5927796470643302,53.409764569556756],[-0.5943302137353903,53.41292908326461],[-0.5912509973867023,53.415050247365535],[-0.5918278896827417,53.420360745850296],[-0.589101129331164,53.42545247296674],[-0.5913923536488336,53.42898534244246],[-0.5813016760422631,53.43821479739625],[-0.5823620071507056,53.44254224524114],[-0.5796140195758127,53.443678212860576],[-0.5783959997622579,53.453102474901975],[-0.581744631823566,53.45655819427039],[-0.5802488004918817,53.46076538599456],[-0.582139043534895,53.47184461480501],[-0.587107422685365,53.476487970609305],[-0.5821783826113687,53.488744844586684],[-0.5876678239411227,53.49591131204133],[-0.5857722256908662,53.50757486165343],[-0.5890196976211377,53.50968074675429],[-0.5834390995637393,53.52327831158817],[-0.5787921479759277,53.5269087306277],[-0.5820714864083144,53.53261083634028],[-0.580593906283214,53.53618897131103],[-0.5755410163025909,53.53837618124808],[-0.571778330128054,53.54705078796237],[-0.5760812243270482,53.54925948884013],[-0.5764011629950759,53.55321851958537],[-0.5802492227741105,53.55551154072218],[-0.579350232158347,53.55981564855627],[-0.5825923238156414,53.562191280820464],[-0.5818383462518344,53.56667690267894],[-0.5790641707107703,53.5683519148915],[-0.5800064242817445,53.57177896513319],[-0.5732880237795898,53.58293541696943],[-0.5762325220849996,53.585217765463945],[-0.5801354749515947,53.59497235285183],[-0.5860601885511063,53.59854824110928],[-0.5917554935047371,53.599963756446925],[-0.5960409315722625,53.60289061345041],[-0.6064205651870841,53.604360277040435],[-0.6195513895208632,53.60954630517784],[-0.6248974818800221,53.612484328253025],[-0.6256582320526187,53.6169875638097],[-0.6382333959526719,53.61614250379752],[-0.6414559989196711,53.614650997971275],[-0.650616832374865,53.616552418558115],[-0.657229247726246,53.61303119640752],[-0.661942676668506,53.61694923250113],[-0.6666530792841374,53.61619279084555],[-0.673421689293081,53.62211080701204],[-0.6733417783408058,53.62948084196983],[-0.6805754169825895,53.635133910471815],[-0.6779530229952762,53.65128499664498],[-0.6801067155244266,53.654994196917],[-0.6774199164985226,53.65864999229505],[-0.6814593774162953,53.66498674426614],[-0.6774186918985412,53.66835795747076],[-0.6766107281611614,53.674821010376796],[-0.6733169635975172,53.678470002342024],[-0.6682913426278627,53.67940300639147],[-0.6649794481756641,53.68359090150637],[-0.656042961683589,53.68843484209956],[-0.6555598658179783,53.694092398690564],[-0.6503087376591895,53.69726933927233],[-0.6519821484481508,53.70178260298126],[-0.6496474300941668,53.70373385664283],[-0.6303448408711393,53.71034627831632],[-0.6306998361665619,53.71156525024339],[-0.6656193834255819,53.70166560006921],[-0.6695423937834066,53.702158669992016],[-0.6852603700806619,53.69846699600246],[-0.6932677888918306,53.69423997516427],[-0.6841635855048823,53.68020764022891],[-0.6837822704031544,53.67301237587716],[-0.6931487710042248,53.65405857512563],[-0.6961280808266339,53.650675283854596],[-0.7084449603638633,53.64370756903181],[-0.7098796070674589,53.63635216373967],[-0.707564464008373,53.62302364317156],[-0.697361958364851,53.61554214760238],[-0.6973353019121348,53.61149684369178],[-0.7079264350831632,53.6062182948522],[-0.723915047577863,53.60728872355838],[-0.728679972414865,53.60464276223231],[-0.7361136643112045,53.593575258312725],[-0.7286503230084541,53.58549606151423],[-0.7295212827349163,53.581640072572746],[-0.7435478309372872,53.57217003407179],[-0.7451506529816385,53.569040729595336],[-0.7448687158549429,53.5581611519253],[-0.7361669043208896,53.5462040959302],[-0.7404071972704185,53.53555193995693],[-0.7355489778317812,53.52642178475051],[-0.7405210128109955,53.51137271647245],[-0.7498836451317995,53.50068415139548],[-0.7608913153501179,53.50061896958862],[-0.7653013066728201,53.49931624456338],[-0.7724936772539893,53.490401296755984],[-0.7708626453491384,53.47851901647455],[-0.7831445128933017,53.47584910048401],[-0.7852222902279595,53.461128211545606],[-0.805091242808983,53.44496847706147],[-0.8180479039692543,53.43925447094297],[-0.8150865714710289,53.42718878341032],[-0.8120245885771652,53.423652632452836],[-0.7974987316869796,53.41577666384808],[-0.7895060768625141,53.41641505886715],[-0.7869949330313591,53.41477154284971],[-0.7883642610027458,53.40894251422732],[-0.7915172328273368,53.40969358835691],[-0.7895772522916275,53.41443817544505],[-0.7975517934609266,53.41442883225226],[-0.8150461098653053,53.423772534072434],[-0.8203776253153979,53.43775834655897],[-0.8178649008453673,53.44150891176691],[-0.8087537746260589,53.44429491409692],[-0.7870158756258295,53.462144214967296],[-0.7848085660246258,53.47614469088857],[-0.7809783699806447,53.478352944697264],[-0.7718854869373362,53.48014755739547],[-0.7752447956779295,53.4890811628776],[-0.767535955369711,53.5002382042432],[-0.7516526644466988,53.502050990461434],[-0.7427823406562291,53.51139651590129],[-0.7376763242050652,53.52590491992723],[-0.7429475429260323,53.5363876769462],[-0.7382604992818511,53.54685542761729],[-0.7454278107909381,53.55457143594844],[-0.7483733233177191,53.562692343604986],[-0.74408249004892,53.57451276928669],[-0.7359707013165366,53.57811280714453],[-0.7309290536468979,53.58507080457882],[-0.7381147615003313,53.59233792911165],[-0.7369085840043177,53.59934553803487],[-0.7274220698135916,53.60777550833157],[-0.7223827839671279,53.608980268202274],[-0.7062262750998577,53.608438169324295],[-0.6999180929858555,53.61205527198034],[-0.7001086103742261,53.61520346198216],[-0.7098715024932577,53.62223952887853],[-0.7138809323733843,53.629114225683765],[-0.7135310867863982,53.64061622283012],[-0.7100042377350375,53.64714014557868],[-0.6992545319288664,53.65232728217833],[-0.6960991311891586,53.656517729835976],[-0.6883646023529344,53.67656829343466],[-0.6942932184135802,53.680678042434366],[-0.6967359016491543,53.68492939026171],[-0.7000356413026676,53.68595401472922],[-0.699276906719401,53.69583346569548],[-0.6978282423080718,53.69860425612062],[-0.7099889679029522,53.702151550666514],[-0.7305165567651668,53.704618001209916],[-0.7453992616722578,53.703426141442456],[-0.759819157310181,53.69798226550808],[-0.7639114051809355,53.69007779239853],[-0.7632221981073722,53.680919863826794],[-0.7662656351915816,53.67580554549707],[-0.7615189821407555,53.67346775112289],[-0.7635644353381106,53.669486275122225],[-0.7759612421576716,53.67361953853874],[-0.7807926509556473,53.67309748999499],[-0.7946384467329688,53.66065976696565],[-0.8110183701755872,53.66025559763757],[-0.820904703331665,53.65120541561634],[-0.8200726554286835,53.646622038736304],[-0.82608487863635,53.63826703296724],[-0.8301387062798804,53.641183109482355],[-0.8354364398506455,53.64105497767168],[-0.8437720344705866,53.63493353001801],[-0.8556532838059068,53.63181173332468],[-0.8577037005981851,53.62868525592668],[-0.8642928758093623,53.63108501355211],[-0.8686078610335162,53.62806970903841],[-0.8693470860787184,53.62304299322939],[-0.8847867714285981,53.62237883257714],[-0.887259659900453,53.62033443718397],[-0.8885396795066196,53.61764971078913],[-0.8949730740111083,53.62022611122289],[-0.8941468632710196,53.622915096741345],[-0.8985071322887771,53.623854165313325],[-0.8985038813381303,53.62978668042832],[-0.9012158836311933,53.63017114851934],[-0.9061398372223939,53.62689041945945],[-0.9102030745413978,53.62764656140013],[-0.914623146357088,53.63218106593149],[-0.9213238552199166,53.630353999540944],[-0.9197018045957245,53.63465394002274],[-0.9223410417435679,53.63791364470725],[-0.9295539125693918,53.63977606748521],[-0.9279733372280597,53.64245853344231],[-0.9398881847256743,53.64203445983378],[-0.9446593300085729,53.64058188304511],[-0.9409101838425077,53.62916195230904],[-0.9518564067930693,53.6248181533308],[-0.962495921438731,53.623407565096784],[-0.9648569861941197,53.61939192599498],[-0.9699041284121485,53.61630998452007],[-0.9784667512766568,53.61863063170541],[-0.9884762103435751,53.610985389272976],[-0.9956045735389734,53.609966774750255],[-0.9965688025821119,53.607547926517626],[-1.0035748995283793,53.605269404122744],[-1.0180870842326895,53.605119670394146],[-1.0193292118117265,53.60369167159562],[-1.029953435982252,53.60171085806868],[-1.0284522763383328,53.594687545577024],[-1.046077217287941,53.590335000343316],[-1.0601095943951229,53.58433374536373],[-1.0610993949750185,53.580566296922825],[-1.0647277816025924,53.580414936561674],[-1.065685395577977,53.57808537131975],[-1.0560079560106383,53.57180725323942],[-1.058674490642868,53.56733393180066],[-1.0560150525757832,53.564706267593344],[-1.0599778849789547,53.563029621025166],[-1.05866382411725,53.554210390701634],[-1.0612772518332594,53.552073642675644],[-1.0533248466398868,53.54994358000965],[-1.053167425947518,53.543470474368355],[-1.060570749309655,53.54307940958643],[-1.0677945634622696,53.53711349835355],[-1.0838613167098405,53.54074322033198],[-1.093551972905174,53.539199075718535],[-1.0943370267545685,53.537766843029296],[-1.1203308849588858,53.528522728780494],[-1.1246802324491734,53.52244234008534],[-1.1313601223068581,53.520333760451074],[-1.1311265455658643,53.51700625255578],[-1.1402215066718635,53.51473492844694],[-1.1408646208375035,53.51276204086451],[-1.150177246835782,53.50707582739238],[-1.159698228618118,53.50597458303704],[-1.1626281166660133,53.502669315799764],[-1.1718498326265367,53.501385246211704],[-1.1770804952732425,53.50375841299499],[-1.1858756100253418,53.501122016502045],[-1.185524974988606,53.49581631209754],[-1.1908566641646101,53.49288624893791],[-1.2015723508084322,53.49214930564192],[-1.204464387558016,53.49064050911404],[-1.2053338046127022,53.484444104569775],[-1.2148270476528744,53.4763271288431],[-1.2091640461652775,53.47296398375723],[-1.207471853288864,53.46675056440054],[-1.2134007971197693,53.463823464446634],[-1.2142202205142292,53.4602333709175],[-1.219697695624104,53.45721309428375],[-1.212675026240137,53.4542007626461],[-1.2181336631994937,53.45216919187597],[-1.2186678316560202,53.44767832360758],[-1.2239911903677576,53.44474672906526],[-1.2276742493893293,53.44090543515449],[-1.2340029224201958,53.440586620297495],[-1.2391657840504422,53.4381027592034],[-1.2446935722415409,53.44047489438456],[-1.2672944057057094,53.43935718530428],[-1.2731955175152885,53.4375954798068],[-1.268304050766949,53.4331611589952],[-1.2734303273260514,53.432653115800896],[-1.2804413817883202,53.427482084870455],[-1.2855457434699467,53.42823182083126],[-1.2911450845193408,53.4263775305653],[-1.2875906687686287,53.42294067745291],[-1.2829247043970067,53.423002652825936],[-1.279049046563409,53.42082203501831],[-1.2792876091959433,53.4156100083422],[-1.2775752306776686,53.41011653271631],[-1.26544839422596,53.406716743727955],[-1.2617379524317234,53.403817466311644],[-1.2551000253693898,53.40494478893729],[-1.2679728790066491,53.39109178970966],[-1.2714432932700424,53.390393897467575],[-1.2689581151350204,53.3862438714291],[-1.2753973775231293,53.37891230418692],[-1.2742651558542022,53.374770581608374],[-1.2828411439956275,53.37428306346352],[-1.2822867716658821,53.37149320486492],[-1.277289612011511,53.364811346817795],[-1.2722174683251095,53.36262322325003],[-1.2671088457702542,53.362591976252126],[-1.2595440591277764,53.35688233960662],[-1.2508762428227196,53.354221504900906],[-1.2504965006819622,53.35017413932667],[-1.2544285946278337,53.348670655277026],[-1.2667176049804212,53.350364760379726],[-1.2720315959210966,53.34707140896233],[-1.2723687241212156,53.34491614112286],[-1.2811266933012453,53.34218265760241],[-1.2850990557890734,53.33816153072976],[-1.2846487244768676,53.329169975404156],[-1.278835829212746,53.32661811319889],[-1.2759716951571805,53.31842089384486],[-1.28186476043386,53.31611938880315],[-1.2820932473193076,53.311446541332],[-1.2873563277853124,53.31084886364429],[-1.2815789310963246,53.30631977540727],[-1.2828460910163013,53.29338336826203],[-1.2873733412243393,53.29179248802478],[-1.2746129233124412,53.283445775110074],[-1.2751084812993452,53.280752105157234],[-1.2680252198248987,53.273967142617124],[-1.269633377092219,53.267594837846794],[-1.27134665628085,53.26382994983372],[-1.2765314578781317,53.25864790709217],[-1.2802982993589849,53.257502129292945],[-1.2789278671978728,53.249853218910985],[-1.282875289005975,53.24682076467627],[-1.285286194127105,53.237037233683935],[-1.2935910640684423,53.23313155985855],[-1.2856890284871507,53.23083723328166],[-1.2898062798746746,53.22645721101731],[-1.2835771260167048,53.22273444708851],[-1.2902650488866712,53.20776276317022],[-1.2829594027176354,53.19693217883775],[-1.2796208469144386,53.19070959095279],[-1.2836719454074894,53.19010476275093],[-1.2845039554234154,53.18507588670354],[-1.2936891485390207,53.18162493423889],[-1.303872134631826,53.18114550336444],[-1.3111273120715579,53.17660323178596],[-1.3050342021888663,53.174050912326145],[-1.3084033207989154,53.169216405324846],[-1.2970515316413345,53.168161181654504],[-1.2939871535065073,53.163468731623276],[-1.2978360845325605,53.15674963323269],[-1.2965651744938407,53.15215769512829],[-1.3012761086003388,53.14751107163735],[-1.3206712103042226,53.14070161723453],[-1.3231516338516847,53.14458105833325],[-1.3306137364827417,53.14543223923589],[-1.3355138414151102,53.14761705650657],[-1.3350042558001045,53.15156941997368],[-1.338673163922017,53.156084389834426],[-1.348880906129889,53.163421775075385],[-1.3569920466629144,53.1611286506779],[-1.3612595271254226,53.15575815453578],[-1.379841846184887,53.153069704332935],[-1.3837822259946084,53.14940462523893],[-1.382914779307514,53.14733264634503],[-1.387442110866208,53.144389610169696],[-1.390874131377928,53.14485666044042],[-1.396307654439444,53.14119879038521],[-1.4015370910881353,53.14140495548928],[-1.408292301123048,53.139371207173696],[-1.415273838655321,53.142641736828686],[-1.4132116986614787,53.15135100775804],[-1.416526410384715,53.16053612411573],[-1.4143764391390892,53.164660540003695],[-1.4259775465371256,53.18080734536073],[-1.4319921112296372,53.17858890587976],[-1.4355321478696814,53.18247099896426],[-1.4454238485172308,53.18125897165233],[-1.4530934586304725,53.19001373647847],[-1.4552045706785368,53.18876494475574],[-1.467474829269026,53.188910281204976],[-1.4860004963844806,53.19159840336475],[-1.4908988804839824,53.19503523147986],[-1.4964378498583004,53.19496886668021],[-1.5011319517486343,53.19031433878663],[-1.5103431518601935,53.19628524431035],[-1.521259660091408,53.19722847530596],[-1.527731519553207,53.19401826428201],[-1.5325954148500807,53.20095892244257],[-1.5418832126422484,53.20036574473191],[-1.5441600599486336,53.19740812044237],[-1.5525248372433476,53.19911794851076],[-1.571764611938826,53.196761684749674],[-1.580797438477629,53.188239910529276],[-1.587925358416482,53.18592044323444],[-1.6088426318988014,53.1848340288061],[-1.6163243721219895,53.1870705181904],[-1.6372570306815206,53.18165368943695],[-1.6438893063906206,53.176528413728704],[-1.6515553150905775,53.158453599746146],[-1.6488056908592104,53.14792033540236],[-1.6565608451897318,53.14326236794389],[-1.6512171414589503,53.13686915576093],[-1.6564436929331352,53.133954821142716],[-1.6912285720438098,53.13676559534044],[-1.704890328880023,53.135304436543734],[-1.7111026527060091,53.13102741155867],[-1.7191938666544053,53.1184666370134],[-1.716813448324956,53.11349906613714],[-1.7180705951124722,53.11087365635248],[-1.7512765730339095,53.11162086427645],[-1.775775247284696,53.08166496642165],[-1.7763490106054458,53.053012450705815],[-1.7920110418179784,53.050140041601374],[-1.8004626857564903,53.046739535804555],[-1.8146972359522713,53.0475032281721],[-1.8226702745307097,53.04604294572921],[-1.8315340861025948,53.039384988673966],[-1.8339473814696308,53.03038666984151],[-1.8528259268733485,53.01988700448107],[-1.8558802337591627,53.0154617858643],[-1.8527618863732256,52.99573844435661],[-1.8484047730747375,52.98399489709158],[-1.851719979220248,52.97277964300648],[-1.8444163794120758,52.96517623196415],[-1.840636751753872,52.95326678849527],[-1.8472388447077126,52.94328029304711],[-1.847548396822693,52.938182878654246],[-1.826674909480494,52.939179991533955],[-1.8098470690893873,52.9522336698863],[-1.7870128235934992,52.958749957876094],[-1.7798712716629639,52.970611744211084],[-1.7580840501474464,52.97296418491875],[-1.7481930679991922,52.97737535712578],[-1.7377602665871619,52.97721259445715],[-1.7329255470526514,52.97368076214072],[-1.7268783087061546,52.96254375039006],[-1.7315132972772167,52.94923221804083],[-1.7305348418026685,52.946938640926575],[-1.7164320521048844,52.939257781845],[-1.7223559103364245,52.920592889602574],[-1.7189351596304063,52.90057640470697],[-1.7223287204382045,52.88411227996362],[-1.7187633174770425,52.87956516488099],[-1.717785161965151,52.87390313234533],[-1.711903189998053,52.87098724828537],[-1.6879200639047616,52.86902274773741],[-1.6473588627991718,52.86127821076072],[-1.628230868687971,52.85541453680721],[-1.6151628470590633,52.84574883195929],[-1.607318582738016,52.846931348521174],[-1.5850574562844948,52.84111052197763],[-1.5864695388731767,52.83827207567694],[-1.593333771487951,52.83701387191926],[-1.5817584007717393,52.8330974203135],[-1.5791312035542617,52.8194124242006],[-1.5756377240840187,52.81534392790728],[-1.5686438649522692,52.81230095280162],[-1.570734336771902,52.807322938156325],[-1.5655612748049739,52.79260443438605],[-1.5426196033543795,52.77849096034071],[-1.5341729653049703,52.76441008394214],[-1.50586380317141,52.7734506291319],[-1.4894039580477911,52.777026257179784],[-1.4817250035066043,52.78239303262468],[-1.477567417633552,52.78192622876242],[-1.472315625082437,52.77178340181823],[-1.466290288736625,52.766446295628754],[-1.4543157094100347,52.76035261362736],[-1.4381673986959354,52.75842720251124],[-1.4284054552475596,52.73904831272679],[-1.3822311991402882,52.72968875372726],[-1.3604350903369522,52.72147171706278],[-1.3500395654950677,52.72190785669881],[-1.3223040524261638,52.71646128692363],[-1.3085291111200035,52.721701935702356],[-1.3053228901228158,52.721658931704766],[-1.2980402874212316,52.71693598780659],[-1.2890979799259032,52.71378845176298],[-1.2833273049794047,52.709027794299935],[-1.311977688035022,52.699936161690395],[-1.2986159091604892,52.70106972316111],[-1.2860970120315416,52.700386421209146],[-1.2696430915195855,52.69131080270767],[-1.229502416543423,52.680589007929264],[-1.2181032886897019,52.68037145103037],[-1.2103892362762279,52.68243115596635],[-1.1669318348348265,52.70156274589552],[-1.1559947854053947,52.70865393966576],[-1.1365984093802775,52.71716168427055],[-1.1296648287927624,52.71831475465406],[-1.1215708884689108,52.71065953973671],[-1.10762011996992,52.717470417343684],[-1.091560152822302,52.72253746694987],[-1.072752863280553,52.73464066344212],[-1.0622894564304954,52.74561417151446],[-1.053411046230966,52.76826104705522],[-1.0459451094039738,52.775054216554665],[-1.0438077844524736,52.77964160989127],[-1.0133705398703052,52.783392960799524],[-1.0018472513349268,52.78766297934621],[-0.9950620526994285,52.795247096540514],[-0.9681650446251149,52.803566580441576],[-0.9361790728354168,52.806355172731315],[-0.9241979820302014,52.80998249100382],[-0.9074786947891171,52.82420821156417],[-0.899052851160551,52.82852103181569],[-0.873892309990327,52.83666093507759],[-0.8651461052707832,52.84165065563712],[-0.8607301929706804,52.847057136138304],[-0.854649197417885,52.84758118424784],[-0.8400723578017383,52.84561654376208],[-0.8337547824274688,52.84310851239817],[-0.8279075357355904,52.836668099851636],[-0.8235377601753736,52.83504984863086],[-0.8119251646062267,52.83650296145745],[-0.8051283145175879,52.84015299450163]]]},"properties":{"name":"Trent Lowlands","short_name":"TL","region":"Birmingham"}},{"type":"Feature","geometry":{"type":"Polygon","coordinates":[[[-0.6816104116505994,52.72324430178729],[-0.676755224930622,52.73200064071066],[-0.6775184241455213,52.73614463877349],[-0.6869296797022508,52.738406853576876],[-0.6904698583326816,52.743840100970836],[-0.6986397671335891,52.748065490165956],[-0.6963243159151381,52.751186624251666],[-0.7002468620533594,52.758781395571226],[-0.6990626117250066,52.7637129958177],[-0.6893776510249578,52.780238162765876],[-0.6964365532603843,52.79209296522862],[-0.6954475574864352,52.79540843575002],[-0.7238532851823491,52.7927505487938],[-0.7256624591100049,52.79681553049394],[-0.7183790025499903,52.802400839083035],[-0.7179634861050862,52.806441881129885],[-0.7205379923879954,52.80970608163016],[-0.7255202783896749,52.81182739282611],[-0.7226283859160296,52.81431352137063],[-0.717275243547479,52.814705298136936],[-0.7146555104864346,52.81800327928933],[-0.7218162510856495,52.821766514335124],[-0.7213823711759664,52.826436659582],[-0.7308144809294602,52.83381978339528],[-0.7297153943118523,52.83587574057155],[-0.7380390569791353,52.84063929295675],[-0.7349504902094911,52.84474182386219],[-0.7419113934836782,52.84535517956221],[-0.7484401035450341,52.84799260897802],[-0.7549540752130032,52.84639704352587],[-0.769903799542734,52.83867045357754],[-0.7957364048930134,52.83473246727972],[-0.8015679531559595,52.83940421093324],[-0.8051283145175879,52.84015299450163],[-0.8119251646062267,52.83650296145745],[-0.8235377601753736,52.83504984863086],[-0.8279075357355904,52.836668099851636],[-0.8337547824274688,52.84310851239817],[-0.8378347455500021,52.844892554441635],[-0.8591968939413136,52.84748831384459],[-0.8651461052707832,52.84165065563712],[-0.873892309990327,52.83666093507759],[-0.899052851160551,52.82852103181569],[-0.9074786947891171,52.82420821156417],[-0.9241979820302014,52.80998249100382],[-0.9361790728354168,52.806355172731315],[-0.9681650446251149,52.803566580441576],[-0.9950620526994285,52.795247096540514],[-1.0018472513349268,52.78766297934621],[-1.0133705398703052,52.783392960799524],[-1.0438077844524736,52.77964160989127],[-1.0459451094039738,52.775054216554665],[-1.053411046230966,52.76826104705522],[-1.0622894564304954,52.74561417151446],[-1.072752863280553,52.73464066344212],[-1.091560152822302,52.72253746694987],[-1.10762011996992,52.717470417343684],[-1.1215708884689108,52.71065953973671],[-1.1296648287927624,52.71831475465406],[-1.1365984093802775,52.71716168427055],[-1.1559947854053947,52.70865393966576],[-1.1669318348348265,52.70156274589552],[-1.2142100681662462,52.68111524827495],[-1.229502416543423,52.680589007929264],[-1.2610588698084206,52.68885194605287],[-1.272711224440975,52.69249473953635],[-1.2809840800582901,52.698318444344046],[-1.2903128877208625,52.70112910866207],[-1.311977688035022,52.699936161690395],[-1.3186708001195138,52.69671330225374],[-1.332980791815046,52.69741673732523],[-1.3582055147938001,52.69340713191015],[-1.3582623195212615,52.69175242044419],[-1.3485350362890753,52.686829617850705],[-1.346117173395765,52.68320061416471],[-1.3464853913102246,52.67269895055058],[-1.3418408223256526,52.65739234713527],[-1.3560200965168892,52.64792749368026],[-1.3617969984982337,52.62533394155072],[-1.3692311763955582,52.611840359968085],[-1.3770094475790304,52.60457451312906],[-1.3732200530630532,52.599843817375586],[-1.3505150485331279,52.584474611461985],[-1.3444690449347212,52.57451729774008],[-1.3481209836373327,52.56148850158238],[-1.3534668703051964,52.55647621731565],[-1.3552373668357107,52.54879133209686],[-1.3546246260152357,52.5421021277082],[-1.3484540145058892,52.53042985774325],[-1.3492950542121533,52.52518789812437],[-1.3460907468159764,52.520120538343896],[-1.3526960321906587,52.5138125550731],[-1.34915430798286,52.5022885532425],[-1.3527446809106105,52.493542012483864],[-1.3499334837059995,52.49070731627093],[-1.331469740768885,52.48463954369015],[-1.3208672348906354,52.47582910073295],[-1.3227419209438542,52.47359321046724],[-1.3301433282589934,52.47093829523367],[-1.341919405594128,52.47100436244516],[-1.3507779384975667,52.46925526452851],[-1.3729595227390254,52.46218277249009],[-1.378846437007054,52.462213818097645],[-1.383211396850944,52.465832694573336],[-1.3905706641411424,52.46587081991589],[-1.3979667241485039,52.463211641956306],[-1.4215386559001306,52.46153118511152],[-1.4494117415743317,52.468856210658906],[-1.4742747155311182,52.482454350447725],[-1.4801962094058092,52.47978348525101],[-1.4890302716280523,52.479821947771875],[-1.4978234327970716,52.483455594721214],[-1.5184086107497263,52.48623813746191],[-1.5315662764503695,52.49528094958321],[-1.535928138026559,52.50069213033456],[-1.5358713663770214,52.50608590662015],[-1.5490937078871774,52.50973298965046],[-1.56088058476749,52.50977728459341],[-1.563925117661651,52.49989954955286],[-1.5713951167981912,52.48913882397443],[-1.5684849400807064,52.485532248357714],[-1.5685376811581295,52.48013842920468],[-1.5744445124038726,52.47836180471119],[-1.5774149638985815,52.475675437586574],[-1.5745571556399145,52.46667516688866],[-1.5775354098851986,52.46308981607028],[-1.5834141555882257,52.464009655781446],[-1.5952300676170972,52.4595556278312],[-1.6173132703891162,52.45873007711159],[-1.62323828206289,52.45425406188793],[-1.6233225915137275,52.44436527032312],[-1.6174533991283808,52.44254843288955],[-1.6175000791313396,52.43715454151881],[-1.6219283038556298,52.43537075555668],[-1.6219974808503577,52.427279902550815],[-1.6294334492581068,52.417414317673575],[-1.6294560391420432,52.414717357363436],[-1.6148948620409393,52.398488642743864],[-1.6178652283674535,52.39490222006063],[-1.61793504736485,52.38681131510943],[-1.6253726768345291,52.376046914422396],[-1.6298770616708005,52.36437386961723],[-1.6490320776767156,52.3563410965499],[-1.6505499435964204,52.35005245531184],[-1.6535001144620118,52.34826309605636],[-1.6608470049242188,52.34738537400006],[-1.6667459232386717,52.34380606316337],[-1.6700819432309202,52.33676619396199],[-1.6779371956729563,52.33064932819123],[-1.6789664361563112,52.32773210216763],[-1.6771919068525862,52.31932589805012],[-1.6731730945018901,52.31480804810415],[-1.6571949207597356,52.30782771420759],[-1.6514147468810727,52.303331860578915],[-1.6555236508623874,52.292787522351674],[-1.657766512028172,52.29055815335045],[-1.6714070414801523,52.28564321177041],[-1.674585211036327,52.277638053054034],[-1.68186929964346,52.27134848651719],[-1.693541622525751,52.266716054104116],[-1.703717462754538,52.26465714816161],[-1.7041827887286631,52.26122580958917],[-1.6999804801881966,52.25865297327504],[-1.706885367484149,52.252647678570945],[-1.717888182052286,52.23806334973082],[-1.7220893657190899,52.23574300500585],[-1.7135755598543678,52.230773478503444],[-1.6755435997851127,52.23024091887224],[-1.6640471341990801,52.228693905854996],[-1.6566286463349769,52.22602850342823],[-1.623430314625234,52.205838262327624],[-1.6238203674542915,52.20054054611405],[-1.6143569631885208,52.18730485360747],[-1.6145856280239481,52.182001228552714],[-1.6194322269439672,52.171578113543475],[-1.6331593326290792,52.162346083252345],[-1.6367197483634823,52.15633526061806],[-1.6556144783136786,52.1577719343797],[-1.672284849173714,52.16189297529243],[-1.6815989308829673,52.16635436194163],[-1.6922209378659032,52.17670537676514],[-1.7017262940168052,52.180879760010306],[-1.7340585536051298,52.17835515897515],[-1.735917823070037,52.17406549359426],[-1.734794142421449,52.17023484064211],[-1.7147546860305105,52.15428578932125],[-1.7058999019243297,52.139875673337066],[-1.720677095632414,52.105675618633],[-1.7209490498152875,52.09835524644645],[-1.725131488876159,52.09406487173837],[-1.7285648742068267,52.085600095832426],[-1.7318176876295253,52.0841690392269],[-1.7449281978332867,52.084735743124014],[-1.754968284271572,52.08267120094821],[-1.7643599910709582,52.083295393366264],[-1.7670523487728276,52.081348882202185],[-1.7631281738997377,52.0697998426936],[-1.7652611557482494,52.06699633842598],[-1.778923253924022,52.06629987956191],[-1.7840286588570846,52.06787279979273],[-1.7906229044108917,52.06154450568823],[-1.8047313439606254,52.05501183555759],[-1.8079711036945112,52.050090288869235],[-1.8212487069350327,52.04744542424266],[-1.8305258935233986,52.04308876273701],[-1.831261830520807,52.040857441565336],[-1.8285391551667718,52.03188175036172],[-1.8312574377995,52.02607410660123],[-1.8170500834368253,52.024344708601696],[-1.8075858935784632,52.022261800236556],[-1.8032320428970037,52.01811890860469],[-1.7939163482028022,52.015855332640776],[-1.7884225129909925,52.00667510199153],[-1.7854220269610028,51.9943524115574],[-1.7838273205905124,51.99282107711776],[-1.7739335304786996,51.9909144747499],[-1.7680030602916132,51.98308101143125],[-1.7547098523626237,51.99096596160298],[-1.7538148925343082,51.994830108086866],[-1.7476590160338612,52.00173994780571],[-1.7302860053061133,52.00817480223551],[-1.7132465148519962,52.0072355261516],[-1.7088894411553077,52.005156985940786],[-1.7024707726487904,52.00648957111564],[-1.6987096310560628,52.00252410499671],[-1.6909991726802942,52.00106563394681],[-1.6839934686176257,52.003025023804824],[-1.6781802567969486,52.00112124708985],[-1.671181886935403,52.00200100856148],[-1.6697424252915567,51.999659395617535],[-1.6629120478004398,51.997572185653055],[-1.6610355517097444,51.995319129805836],[-1.6524196492933325,51.99826098443554],[-1.6450020273213655,51.99689026958305],[-1.64751966945601,51.991593285782876],[-1.6436475356322648,51.98402941004043],[-1.6468925551972828,51.978734625629336],[-1.6385975891191917,51.978259944288055],[-1.6272619009819858,51.97579713065767],[-1.6209822794286057,51.9781147048676],[-1.6099247160398256,51.97726945570385],[-1.5973876045943147,51.979115356758406],[-1.5937771194287262,51.975866285506896],[-1.593226535013864,51.97235797911151],[-1.5843394330880693,51.97313613902159],[-1.5424841457404999,51.98053333980424],[-1.5335413861106801,51.986432203164476],[-1.5186447789681656,52.00408413051972],[-1.5062392079411095,52.00619060670375],[-1.5044742153097517,52.0077116205353],[-1.4920781614719727,52.00882765375441],[-1.486102037605578,52.00907147238359],[-1.4793536251222603,52.01308770078034],[-1.4666854454528326,52.012401708813286],[-1.4620447627276127,52.01058246539284],[-1.4394327315027409,52.01290460055208],[-1.4384854370169697,52.018744094215684],[-1.441189076377935,52.02397158603402],[-1.451642226139205,52.027257348357224],[-1.4539314268555257,52.030774366641715],[-1.461078797371051,52.03035772083562],[-1.4677429051258317,52.033804478292744],[-1.4654964299879745,52.03882912459039],[-1.471864195479725,52.04281374057787],[-1.4765296036887712,52.0428345470556],[-1.4823229603692298,52.04618669103109],[-1.4861782865135569,52.053306212200525],[-1.497840546046936,52.05371608296287],[-1.498618961508758,52.062350455988124],[-1.503253528358717,52.06533699347091],[-1.4988121087096307,52.07116213829437],[-1.4950474335201271,52.06862869123115],[-1.4931276131212414,52.070688309915084],[-1.4850780955008394,52.07290110603417],[-1.4851485336390147,52.07946459901792],[-1.4822001097506603,52.08205898230728],[-1.485655757714836,52.086119896673736],[-1.4830154242301188,52.08727713758118],[-1.481351741452921,52.0923045951852],[-1.4844685258234924,52.10049973606022],[-1.4791618830593878,52.104881832006164],[-1.4713847705527152,52.10817376906688],[-1.4738319869928407,52.111151613542454],[-1.4622285695736508,52.116763377838346],[-1.460715086785756,52.12116186738366],[-1.451943330364241,52.121840703449585],[-1.444520121191609,52.13151582860434],[-1.433559383610469,52.13182334158668],[-1.4327616334899482,52.13712396027584],[-1.4286616198707274,52.13782342628342],[-1.4218373580244699,52.14579180898216],[-1.426607656266555,52.149860844752666],[-1.4195869957081892,52.150276051576064],[-1.4137445866626883,52.16112576145299],[-1.408792373032555,52.15975247255396],[-1.402854557541256,52.15558691426781],[-1.3946676269961336,52.15568995189177],[-1.3856962736475182,52.15876943691714],[-1.380597800090964,52.16561554153792],[-1.3713236969752842,52.16674624648205],[-1.3679622301885674,52.168523349915425],[-1.3603518491847713,52.17571418146071],[-1.3403583777081418,52.18087728103976],[-1.329560851865983,52.179198140677634],[-1.3197411439415825,52.18058044516537],[-1.3136591289588246,52.19564938314018],[-1.307450745491316,52.19974877726465],[-1.3115870887663654,52.216135745263124],[-1.3021541027018115,52.220305913928364],[-1.3015178829136316,52.22353873871961],[-1.2947174607662761,52.227723865962446],[-1.2868337971878276,52.226327926790084],[-1.2752748509598182,52.21690739271608],[-1.2630194984429701,52.21449398652812],[-1.250112026533897,52.216120913215555],[-1.2438493178479046,52.21428285718991],[-1.2339960921957196,52.21700641217952],[-1.2330637754595102,52.22014705483318],[-1.227215341494044,52.21974929702117],[-1.2203896913165198,52.225008852659144],[-1.2190501759336465,52.22625867797978],[-1.2204180293938964,52.23175195224811],[-1.2187223814469597,52.23659563764778],[-1.2138603384049302,52.23827157094895],[-1.2086826900126528,52.24120386525809],[-1.2110445900339475,52.24841209329622],[-1.2067716315386396,52.249821953732614],[-1.2020012187323874,52.246283508497044],[-1.190436452211151,52.24593507736124],[-1.1895912196960088,52.25213274047263],[-1.1849369761355737,52.25830418420359],[-1.186625814799779,52.262091845845106],[-1.1848067983192594,52.26540579576132],[-1.1883083735545623,52.26623905741192],[-1.1900919149482094,52.27290427411059],[-1.18637084626426,52.27602537602179],[-1.1757492954421815,52.27972774704122],[-1.166050742937512,52.288829980794354],[-1.1697697201420283,52.29380093229946],[-1.1738463054627084,52.29535789987741],[-1.1786698826308073,52.30411228342481],[-1.1929427606699943,52.309604905888634],[-1.1950448763004278,52.31501350762031],[-1.19944361039133,52.315133303578726],[-1.2066634781462644,52.321565186995166],[-1.1938760722444255,52.322827212417785],[-1.1896479223290524,52.321359826303535],[-1.1870996906486533,52.32430916524998],[-1.1795959418254136,52.325426065901425],[-1.1754311958672454,52.32845382492568],[-1.1634135731582969,52.327650128635064],[-1.1623084547746796,52.33177789802635],[-1.1474729540396646,52.33248094912676],[-1.1464042928625098,52.33463093932331],[-1.1314531721001317,52.34117492965884],[-1.1240020364084842,52.33941175530678],[-1.1179635730989221,52.34044569728015],[-1.1106418306728254,52.339581697371926],[-1.1073570914555024,52.342343972279885],[-1.1087470447878995,52.346220342148236],[-1.1066142494935305,52.35007012772837],[-1.0983464224389532,52.352344860613364],[-1.0923221798271912,52.35256845714746],[-1.0707939460971518,52.342961204005995],[-1.0670536933858321,52.339335550191024],[-1.0611685147957395,52.34693084717559],[-1.053314383320379,52.35037448152491],[-1.0503092492817294,52.353586941433676],[-1.041597502094608,52.35585414563188],[-1.0497647668910015,52.35843741395685],[-1.0518804583147832,52.36250010639746],[-1.0461729236200252,52.37522061973095],[-1.0485461365770403,52.38099361714757],[-1.038099312591981,52.38171822262827],[-1.0318635084953225,52.37798123612862],[-1.0232174089256891,52.377011081615485],[-1.0114877422182755,52.38257757044991],[-1.0060304409691792,52.383520765209376],[-0.9975351393135424,52.38884330014918],[-0.9852629331896614,52.39215499284005],[-0.9808778962803442,52.397511548085255],[-0.9811614120846355,52.40434672603652],[-0.9961111749616269,52.40627267099339],[-0.9976586192407916,52.40934253985528],[-0.9952333741302427,52.412558508364754],[-0.9859459980691786,52.41364799052431],[-0.9874168184880499,52.4200437859692],[-0.9916618998013826,52.42088919134002],[-0.9877364392585629,52.42535086008501],[-0.9847383500289455,52.43422565375507],[-1.0057526151892062,52.4351233955129],[-1.0124008766380674,52.43383052581831],[-1.0194021705561354,52.43649597966658],[-1.024009276051541,52.441029259425704],[-1.0358235676451952,52.43896846105154],[-1.0428046562126982,52.435878536164914],[-1.0495294355344573,52.43782073317915],[-1.0532565196674935,52.4355131426185],[-1.0564364527013932,52.43814573912117],[-1.0564664332822131,52.443630079180195],[-1.0645822072578064,52.44944833294094],[-1.0665240810252554,52.455037660618636],[-1.0632317393384065,52.45761882589502],[-1.067945258080313,52.46439877063305],[-1.066825768695596,52.46861538050537],[-1.0618999199493975,52.471812941253624],[-1.065499820339426,52.47561733210657],[-1.074566327169788,52.478565467970185],[-1.0671199565486242,52.48255261977938],[-1.0640532915777596,52.48828217103972],[-1.0726937480016077,52.49059774903386],[-1.073362035017057,52.49383947033492],[-1.0696265504460327,52.50333982308664],[-1.0666824654553668,52.50322673423288],[-1.0596692931471652,52.50739663598172],[-1.0608169520352226,52.515766653166764],[-1.04387582089589,52.52228379894425],[-1.0312165842680427,52.521551565532825],[-1.0291119558610107,52.52342227138649],[-1.0309288005770938,52.52793226765856],[-1.022601728718951,52.531190196473865],[-1.015785604466356,52.532751960999434],[-1.014209010108853,52.53732386466601],[-1.0035821349458363,52.54433718104057],[-1.0002222018925127,52.54943327912432],[-0.974151584555613,52.55433471775148],[-0.9717673250175854,52.56168601490876],[-0.9728254949200466,52.56690951627248],[-0.9668892792999952,52.56838621661459],[-0.9561126098856919,52.57485456106789],[-0.9464949200437299,52.575938139600254],[-0.9243714226259907,52.58751647045739],[-0.9314430296717495,52.59414330819843],[-0.9397780186526706,52.597454673969764],[-0.9336169445184687,52.60189446482153],[-0.9328560887147314,52.608899940069726],[-0.9213854010518086,52.61895496735161],[-0.9191585015267881,52.62540758942808],[-0.9200574747696647,52.63089977729118],[-0.9267888759246964,52.63356807138715],[-0.9289126524403825,52.637363141278385],[-0.9200763344258546,52.64213762107145],[-0.9132994974266685,52.64126656353948],[-0.9001550591709078,52.646809096773794],[-0.8935619726419112,52.64450019388246],[-0.8919523120865809,52.63801224560124],[-0.8881360539667612,52.636987584617316],[-0.8820375011609213,52.63854843933238],[-0.8767371185183295,52.6377791055391],[-0.8731035644811346,52.64116087428111],[-0.8692457694557564,52.64175343151467],[-0.8673752125645573,52.64551144920137],[-0.862013593252583,52.64707831880461],[-0.8599803900812345,52.65137405893726],[-0.8562364800274546,52.65322592328918],[-0.8492037905160554,52.650820404112615],[-0.8406228149499941,52.651096382361054],[-0.842663990172926,52.65776906005453],[-0.8296247774269779,52.66438365624038],[-0.8293568959268479,52.66887609440461],[-0.831795935728686,52.67168710533525],[-0.8266870621963097,52.67469330354193],[-0.8282462374121237,52.67722596825831],[-0.824181298860559,52.67988276671811],[-0.8171291496459075,52.67810448284458],[-0.8109062235817213,52.67849173681707],[-0.8019321934069606,52.67129914439034],[-0.7973364848216752,52.671702117234034],[-0.7885747521299937,52.667657223730316],[-0.7807468685875781,52.66730725060115],[-0.7610016813047663,52.6804979208312],[-0.7627000519906993,52.683212728470465],[-0.7578477735615354,52.68738738271389],[-0.7373519152636548,52.69526206281016],[-0.7345906536993891,52.69352448529095],[-0.728219565939078,52.69381592552392],[-0.7268213830831547,52.69101395149894],[-0.7199456923785924,52.68833274996668],[-0.7131289217786478,52.68870846578659],[-0.7034604064665928,52.68545652916916],[-0.6969210218039439,52.68646367167486],[-0.6919382104046143,52.68488045416654],[-0.6856188937417489,52.688406667351956],[-0.6788155423861607,52.698130433599275],[-0.6831175219553477,52.7076180502498],[-0.6820987898226496,52.71686667238545],[-0.6784870743650696,52.71880432984879],[-0.6816104116505994,52.72324430178729]]]},"properties":{"name":"Avon / Soar Headwaters","short_name":"ASH","region":"Birmingham"}},{"type":"Feature","geometry":{"type":"Polygon","coordinates":[[[-1.5525248372433476,53.19911794851076],[-1.5596838279962717,53.201691260762836],[-1.553905758573322,53.21029915385707],[-1.562548809627294,53.214376185938164],[-1.558603803148196,53.21939543857075],[-1.5482628350785212,53.2200758194047],[-1.5488175118802763,53.22430271360172],[-1.541174110460399,53.224722997623424],[-1.531078156879403,53.23025684840484],[-1.5358162806290903,53.235399052674154],[-1.5338540467055222,53.23673972437495],[-1.5494360880195064,53.25100203039802],[-1.546214676370279,53.25800112859061],[-1.5479774174209917,53.26142358294271],[-1.5530480082480702,53.263959562108305],[-1.5513744962064484,53.26629037947608],[-1.5538708309653724,53.27133348615509],[-1.5651364766857891,53.26939753333915],[-1.5709506504769999,53.27274444620681],[-1.5725516717436414,53.27760415334985],[-1.577166849024329,53.2810363432133],[-1.5772742753353661,53.2853513494341],[-1.5730405139271222,53.28875202138171],[-1.5757102989799947,53.291817732348164],[-1.576691125204648,53.29883246768139],[-1.5736044750799139,53.307450704443184],[-1.5833134209583397,53.31215914620966],[-1.5847846310302491,53.3152204490846],[-1.5891158331619597,53.31748262203249],[-1.5877600543216221,53.33356778583409],[-1.5886376791295436,53.335997767469195],[-1.5943168058586894,53.33889357711445],[-1.5908111062668033,53.3442748511937],[-1.592581794384324,53.34760672570682],[-1.5978137601438296,53.35032106933729],[-1.5947727526938844,53.35417592791921],[-1.607698529458438,53.35358987633176],[-1.613428424498123,53.35127150082759],[-1.6248406174080887,53.3518472145639],[-1.6308123579593568,53.35618038933157],[-1.6398063088972172,53.35863479151477],[-1.6453222805042982,53.36386472301316],[-1.6529917589601923,53.36316815535929],[-1.6627327524015845,53.36652185649227],[-1.6626745761020114,53.373892382495335],[-1.651615999091441,53.38446724672727],[-1.6546982706629614,53.393734463914946],[-1.6686829480317567,53.39377405562465],[-1.6826015066151385,53.40271054696708],[-1.686674312655405,53.40110334697641],[-1.6938934762176228,53.401122054762325],[-1.7042442599620955,53.40501320860479],[-1.7031269716471031,53.414268673049335],[-1.7068720636283996,53.416614942793856],[-1.6999347393804374,53.418934757407555],[-1.6947913724037005,53.42278681790546],[-1.6929384258961748,53.42934371768082],[-1.6878096202201465,53.4309483736753],[-1.6868498220339132,53.4386760103674],[-1.7034982298751018,53.44743732492083],[-1.7102705130506664,53.44790335086993],[-1.7149241928549726,53.44998189368798],[-1.7154784699691088,53.45717401988734],[-1.7255123419348037,53.46591630775837],[-1.7339318303855453,53.46845210748953],[-1.7363014063396454,53.47501894191692],[-1.7424535020089393,53.479167039168026],[-1.7668512064103188,53.481374300051435],[-1.7840118607634745,53.48482211703877],[-1.796383579620738,53.481787734281916],[-1.8119125509372374,53.47992557278043],[-1.814177445224811,53.4788504966443],[-1.8134701226511312,53.46833289913498],[-1.8167837760437662,53.46842790283711],[-1.8288550795593828,53.46341223149657],[-1.8421070590850355,53.46414952498594],[-1.8526662454693879,53.459668751448184],[-1.861700966484995,53.46021883835287],[-1.8630789657018,53.453209409158944],[-1.8602178509569356,53.45320610250545],[-1.85300805210324,53.44789425773195],[-1.8527162305324278,53.44519735051707],[-1.8664422088098855,53.437123801654096],[-1.8690147037374207,53.43272227408261],[-1.8651243801293855,53.42543725234344],[-1.8786653941966924,53.426440482619235],[-1.8872566550269354,53.42141530733485],[-1.8976412027415004,53.42061566757078],[-1.9095484969560699,53.41109740396035],[-1.8900192885777496,53.40038468149063],[-1.8859561141836139,53.4012797352247],[-1.8737767789680124,53.400188882123395],[-1.8575670771180774,53.39019336871249],[-1.8666039729594373,53.38534995231973],[-1.8787875654105513,53.38338542706119],[-1.8852718942715994,53.37602117373151],[-1.8767221858330607,53.36972064741621],[-1.8779360622252048,53.36567701687906],[-1.8759902841180873,53.362978430554605],[-1.866086462158594,53.358563327123974],[-1.8641508995585203,53.352988192883096],[-1.8565077577764149,53.34740630858623],[-1.846602150856699,53.34505695246708],[-1.8575750880265125,53.34264360121404],[-1.8700761904715386,53.3311523633056],[-1.8700933585025543,53.32548950954723],[-1.8652961030741273,53.32323703116495],[-1.8595918801346536,53.32305069397052],[-1.8570595049971887,53.31711515993177],[-1.8621841893931288,53.31055943099638],[-1.8690904583695727,53.30975821093043],[-1.8776685957321244,53.30149768717699],[-1.8886227798778321,53.30132861928504],[-1.8989673692101297,53.30511306351025],[-1.9081358737894811,53.29828903693307],[-1.9067970281773843,53.292984657408056],[-1.9108645912388778,53.2848080145483],[-1.9183626687719466,53.28562235197963],[-1.9243647017143923,53.28436787325732],[-1.9365230013768229,53.278262597590974],[-1.9503242630114344,53.27476350104177],[-1.9509283933095942,53.27098847458363],[-1.946287070225381,53.265413454757436],[-1.952738582939366,53.26110156477157],[-1.9566368539188752,53.26047382373719],[-1.9566459784159642,53.251395163191674],[-1.9608438057353879,53.24995840102561],[-1.9593511917368978,53.243485975988776],[-1.9620498656019245,53.24186887634594],[-1.962803504065044,53.23674549556207],[-1.9590614665604156,53.23296897811895],[-1.9542681666969968,53.23233802936321],[-1.958470863633079,53.22397995742184],[-1.9527805137433796,53.22280930421221],[-1.9530831765501568,53.219932997887426],[-1.9592307043830428,53.21238462309411],[-1.9565394592250842,53.208338697648436],[-1.9614835242011341,53.20483473534656],[-1.958191656456456,53.202945973640055],[-1.9556520836629308,53.197641633466155],[-1.9573023827075036,53.19386690826071],[-1.9541687507494485,53.18487687386642],[-1.9586677530940517,53.174721062071484],[-1.9683978724192808,53.16708344987855],[-1.9710936389255742,53.16214022567792],[-1.976926759604925,53.16196170713146],[-1.9806651308677818,53.163580369393436],[-1.995323066459285,53.162772811893845],[-1.9993613392237237,53.16681790426658],[-2.000109301201644,53.17337980544426],[-2.0147726466376894,53.17958119547137],[-2.02180351887217,53.17661376574086],[-2.0253870432887657,53.164478025949435],[-2.0377992052834877,53.16177803149194],[-2.046467930862653,53.1562917028065],[-2.048407331635159,53.152156017977404],[-2.0723319744566395,53.1520539492607],[-2.0792128246597126,53.153397896750135],[-2.090277788617191,53.15312033142915],[-2.1068706009919973,53.15094921722953],[-2.11585038037691,53.15399704916328],[-2.1170581864729763,53.158220654757066],[-2.1249922279904205,53.16090925407692],[-2.1302164737063847,53.15748785302432],[-2.1370974112460175,53.15801945249039],[-2.1391826641808156,53.1554102387903],[-2.1384129471483035,53.148579542593495],[-2.1416913579329755,53.14524976919749],[-2.1346482549379098,53.140044362297125],[-2.1267193137135245,53.137985620091754],[-2.1277218687786705,53.12324263280178],[-2.134588583493167,53.12098780750662],[-2.1429582751114773,53.12160726315687],[-2.147569126666503,53.11539922284779],[-2.1529360957448334,53.112156397791615],[-2.1529115007672126,53.105234893292746],[-2.1642630261669447,53.10512985622951],[-2.1671121524843175,53.10800236870566],[-2.1729313242721293,53.10637602289383],[-2.178912495953664,53.10789530340446],[-2.1913066840416726,53.106977102941755],[-2.1958009394445366,53.1098462706184],[-2.2053554054482745,53.10857169023381],[-2.2097942579711143,53.09984458892579],[-2.2058867264584374,53.094727671433546],[-2.207971703647173,53.09355546739312],[-2.2071987020857584,53.0880735011846],[-2.210910694338047,53.08384211953971],[-2.2240395064546776,53.08211018059844],[-2.226705395019871,53.07806004864846],[-2.2392277926020157,53.075069115618284],[-2.23771186907472,53.07084729136086],[-2.244433076310606,53.071732568952314],[-2.253512483721064,53.06748868480896],[-2.257929873257986,53.05750128750572],[-2.266427644614602,53.056403852177496],[-2.2790622725143295,53.049093680738544],[-2.2859140290681803,53.047549246825824],[-2.2778853315165457,53.04073474468581],[-2.290012170327834,53.035853446225715],[-2.2885131080398953,53.03468850610719],[-2.2936901819038087,53.02847331334659],[-2.3006741035646026,53.02503996088092],[-2.2918517905323665,53.02119662350952],[-2.2927206639293862,53.017419036178545],[-2.2873179771640517,53.01194883523943],[-2.274476280612998,53.00820372973497],[-2.2802587420957754,53.00360575560852],[-2.2827961036668727,53.00422897749235],[-2.293783622634774,52.99835934099252],[-2.289735428104654,52.99459381753663],[-2.297166062977641,52.99187870143432],[-2.2920760626740115,52.98820574744247],[-2.2927907021534337,52.986101671299814],[-2.3006964457959587,52.98539758310023],[-2.3064679887476616,52.98007919089705],[-2.308849636166324,52.97989323811928],[-2.300438893985816,52.96975697030522],[-2.3103679952280474,52.96316928722306],[-2.3239418329516934,52.96663885266956],[-2.330920941672583,52.964192514690595],[-2.336000949094856,52.96651546082802],[-2.330453056886922,52.96140714607779],[-2.3304050521287896,52.95511479143645],[-2.3214542095839965,52.9524425726503],[-2.3155006860768736,52.95245853770559],[-2.3035432331325914,52.94529828069516],[-2.306462290126595,52.9372004232289],[-2.322842112384487,52.93895487888034],[-2.330254296593318,52.93533877584623],[-2.3317214520645377,52.93263789457122],[-2.346591238900967,52.93169649279055],[-2.351039674702137,52.92988556247964],[-2.3599727413653957,52.930757750289104],[-2.3658929172249312,52.927143927431764],[-2.371835227875175,52.92622653591832],[-2.379217566778244,52.9199106552164],[-2.38214456263212,52.91450766431744],[-2.38058652746063,52.90642224942672],[-2.374600556746286,52.9019466062432],[-2.3671597431923033,52.90107091548206],[-2.359689432571571,52.8965991014258],[-2.355185922583039,52.89121903818288],[-2.3551418096094636,52.88582554157066],[-2.3610712298561034,52.88400977465286],[-2.36104134049627,52.88041410871376],[-2.3698266817631626,52.865105064420135],[-2.3668179838302326,52.86061969094485],[-2.341611415500098,52.866088582543],[-2.3252314062637214,52.86074095965583],[-2.319250828363639,52.85536355054845],[-2.310327643583281,52.853589340839854],[-2.2969258094344625,52.8482299843635],[-2.2939379443907404,52.84554059623616],[-2.282048466729897,52.84377157463928],[-2.2671631229295417,52.837513431112164],[-2.270934903399019,52.831749833699675],[-2.261863121209385,52.820921737129666],[-2.2543744044877703,52.81619699384345],[-2.242121326088041,52.81401303570998],[-2.2411242355181673,52.811323619941305],[-2.2463337280148847,52.80461844596798],[-2.243017722355928,52.79917586177655],[-2.2387170618792713,52.79629627543799],[-2.1839921893292087,52.775690133383314],[-2.1597390148624322,52.77484614243166],[-2.1476857787493904,52.7782472344771],[-2.1411386805840458,52.79041980899204],[-2.1455118744893644,52.799355458978],[-2.1429182047780126,52.8017354338097],[-2.1212624950550154,52.80272774978815],[-2.10524460558527,52.800331195140075],[-2.0890681694523114,52.80366068856198],[-2.09915824273033,52.811700030644324],[-2.1100510706583826,52.8276367807183],[-2.09717892549139,52.83681725607307],[-2.0911932766240926,52.84795539904321],[-2.079825561216004,52.84399119427057],[-2.071017894570287,52.844611683785104],[-2.0671991076866605,52.84167168271112],[-2.0566481379194435,52.83953772974911],[-2.053269484356163,52.83363235705208],[-2.0558053573793655,52.81566850223733],[-2.04163539839523,52.80140358724876],[-2.023198486852735,52.80651378015971],[-2.016613054297308,52.80509186767964],[-2.0127784418074683,52.79977238536455],[-2.0024244145285617,52.80132555269088],[-1.9698257713461043,52.801346984640844],[-1.966579290460091,52.802861746075536],[-1.965920447060895,52.807023681061644],[-1.9872728545631932,52.83340195685903],[-1.9884142876938746,52.85059430838706],[-1.9772788002680386,52.853643723368236],[-1.975439235526347,52.85562731869837],[-1.9766543691547358,52.860603183299204],[-1.9841340742535387,52.86905620752762],[-1.9821443464269077,52.87783133996746],[-1.984079536944295,52.88024525094437],[-1.9949500413234929,52.88535662783424],[-2.0010909230663496,52.89482428071934],[-2.020820679376644,52.90557542516758],[-1.9679651158084142,52.928346530732206],[-1.950518715759675,52.924495871706334],[-1.9396021940727484,52.91709716080088],[-1.9227840615058431,52.91512599501348],[-1.9123987789331938,52.90955623589408],[-1.8980865652223369,52.905948230644626],[-1.8670518984988187,52.90464204056821],[-1.8443982998201651,52.91288295021139],[-1.841481324498571,52.919649842412454],[-1.8353852737135046,52.92467377318186],[-1.8356910869934198,52.92758762361933],[-1.826674909480494,52.939179991533955],[-1.8478226735150876,52.938889785913304],[-1.8472388447077126,52.94328029304711],[-1.840636751753872,52.95326678849527],[-1.8444163794120758,52.96517623196415],[-1.851719979220248,52.97277964300648],[-1.8484047730747375,52.98399489709158],[-1.8534476142387526,52.99871290954234],[-1.85457538694611,53.01830436647227],[-1.8339473814696308,53.03038666984151],[-1.8315340861025948,53.039384988673966],[-1.8226702745307097,53.04604294572921],[-1.8146972359522713,53.0475032281721],[-1.8004626857564903,53.046739535804555],[-1.7920110418179784,53.050140041601374],[-1.7763490106054458,53.053012450705815],[-1.775775247284696,53.08166496642165],[-1.7512765730339095,53.11162086427645],[-1.7180705951124722,53.11087365635248],[-1.716813448324956,53.11349906613714],[-1.7191938666544053,53.1184666370134],[-1.7111026527060091,53.13102741155867],[-1.704890328880023,53.135304436543734],[-1.6912285720438098,53.13676559534044],[-1.6564436929331352,53.133954821142716],[-1.6512171414589503,53.13686915576093],[-1.6565608451897318,53.14326236794389],[-1.6488056908592104,53.14792033540236],[-1.6510090367116568,53.1609032932471],[-1.6458898096491252,53.17323812568173],[-1.6401556786460334,53.18037166163058],[-1.6163243721219895,53.1870705181904],[-1.6088426318988014,53.1848340288061],[-1.5842791207006353,53.18662240589786],[-1.571764611938826,53.196761684749674],[-1.5525248372433476,53.19911794851076]]]},"properties":{"name":"Staffs / High Peaks","short_name":"SHP","region":"Birmingham"}},{"type":"Feature","geometry":{"type":"Polygon","coordinates":[[[-1.311977688035022,52.699936161690395],[-1.2937107985151115,52.70625649511124],[-1.2839291955079384,52.70806502652618],[-1.2843213683959736,52.7102402264681],[-1.3053228901228158,52.721658931704766],[-1.3085291111200035,52.721701935702356],[-1.3223040524261638,52.71646128692363],[-1.3500395654950677,52.72190785669881],[-1.3604350903369522,52.72147171706278],[-1.3822311991402882,52.72968875372726],[-1.4284054552475596,52.73904831272679],[-1.4381673986959354,52.75842720251124],[-1.4543157094100347,52.76035261362736],[-1.466290288736625,52.766446295628754],[-1.472315625082437,52.77178340181823],[-1.477567417633552,52.78192622876242],[-1.4817250035066043,52.78239303262468],[-1.4894039580477911,52.777026257179784],[-1.50586380317141,52.7734506291319],[-1.5341729653049703,52.76441008394214],[-1.5426196033543795,52.77849096034071],[-1.5655612748049739,52.79260443438605],[-1.570734336771902,52.807322938156325],[-1.5686438649522692,52.81230095280162],[-1.5756377240840187,52.81534392790728],[-1.5791312035542617,52.8194124242006],[-1.5817584007717393,52.8330974203135],[-1.593333771487951,52.83701387191926],[-1.5864695388731767,52.83827207567694],[-1.5850574562844948,52.84111052197763],[-1.607318582738016,52.846931348521174],[-1.6151628470590633,52.84574883195929],[-1.628230868687971,52.85541453680721],[-1.6473588627991718,52.86127821076072],[-1.6879200639047616,52.86902274773741],[-1.711903189998053,52.87098724828537],[-1.717785161965151,52.87390313234533],[-1.7187633174770425,52.87956516488099],[-1.7223287204382045,52.88411227996362],[-1.7189351596304063,52.90057640470697],[-1.7223559103364245,52.920592889602574],[-1.7164320521048844,52.939257781845],[-1.7305348418026685,52.946938640926575],[-1.7315132972772167,52.94923221804083],[-1.7268783087061546,52.96254375039006],[-1.7329255470526514,52.97368076214072],[-1.7388881361171413,52.97762408405589],[-1.7481930679991922,52.97737535712578],[-1.7580840501474464,52.97296418491875],[-1.7772001330431746,52.97115601595503],[-1.7818915701176234,52.96949001209577],[-1.7870128235934992,52.958749957876094],[-1.8098470690893873,52.9522336698863],[-1.8276416778317432,52.93853057234809],[-1.8443982998201651,52.91288295021139],[-1.863909796085671,52.905298305642276],[-1.8778555881421126,52.904339888018356],[-1.9043124360317454,52.90703031363723],[-1.9227840615058431,52.91512599501348],[-1.9396021940727484,52.91709716080088],[-1.950518715759675,52.924495871706334],[-1.9679651158084142,52.928346530732206],[-2.020820679376644,52.90557542516758],[-2.0010909230663496,52.89482428071934],[-1.9949500413234929,52.88535662783424],[-1.984079536944295,52.88024525094437],[-1.9821443464269077,52.87783133996746],[-1.9841340742535387,52.86905620752762],[-1.9766543691547358,52.860603183299204],[-1.975439235526347,52.85562731869837],[-1.9772788002680386,52.853643723368236],[-1.9884142876938746,52.85059430838706],[-1.9872728545631932,52.83340195685903],[-1.965920447060895,52.807023681061644],[-1.966579290460091,52.802861746075536],[-1.9698257713461043,52.801346984640844],[-2.0024244145285617,52.80132555269088],[-2.0127784418074683,52.79977238536455],[-2.016613054297308,52.80509186767964],[-2.023198486852735,52.80651378015971],[-2.04163539839523,52.80140358724876],[-2.0558053573793655,52.81566850223733],[-2.053269484356163,52.83363235705208],[-2.0566481379194435,52.83953772974911],[-2.0671991076866605,52.84167168271112],[-2.071017894570287,52.844611683785104],[-2.079825561216004,52.84399119427057],[-2.0911932766240926,52.84795539904321],[-2.09717892549139,52.83681725607307],[-2.1100510706583826,52.8276367807183],[-2.09915824273033,52.811700030644324],[-2.0890681694523114,52.80366068856198],[-2.10524460558527,52.800331195140075],[-2.1212624950550154,52.80272774978815],[-2.1429182047780126,52.8017354338097],[-2.1455118744893644,52.799355458978],[-2.1411386805840458,52.79041980899204],[-2.1476857787493904,52.7782472344771],[-2.1551962881324362,52.7754436914534],[-2.1734375736590597,52.77453651778133],[-2.1867220270057333,52.77622163815375],[-2.2399351949222837,52.79693117145674],[-2.2460001542174917,52.80176227976934],[-2.2463337280148847,52.80461844596798],[-2.2411242355181673,52.811323619941305],[-2.242121326088041,52.81401303570998],[-2.2543744044877703,52.81619699384345],[-2.258123611744171,52.81816028199928],[-2.267453188012221,52.82626248465363],[-2.2708392772464965,52.83188669171131],[-2.292338410744717,52.82846460478316],[-2.292259924913371,52.81677849231748],[-2.2803436358160365,52.809615678029935],[-2.2818155026013036,52.80781429219108],[-2.290704145933385,52.80599493675753],[-2.292151341731595,52.800597682835345],[-2.2861654073534705,52.79252172635748],[-2.280210594697771,52.78894014470013],[-2.2816411042866225,52.780846185958545],[-2.2786530663902242,52.77725743537854],[-2.281583033261129,52.771856789703776],[-2.272639122205452,52.76378710779247],[-2.2770564079152695,52.75928208667897],[-2.2770278630908956,52.75478737206705],[-2.2681159161419773,52.75121204191995],[-2.265125563304027,52.746723983383006],[-2.2651037192224726,52.743128200755706],[-2.2710063759344195,52.73951901425108],[-2.27982396525298,52.728711002420866],[-2.2826691138620108,52.71072500779351],[-2.267790507748529,52.69817407824038],[-2.2559158680104776,52.691907573312484],[-2.2529256401230953,52.68652020018855],[-2.2528892524489277,52.6802275087565],[-2.2499156050242353,52.67753691885542],[-2.2425154743966114,52.67665333813228],[-2.2395328630941753,52.67216456855587],[-2.2335982684613858,52.66858055118822],[-2.2364682875940223,52.65239338988418],[-2.233463990254516,52.64340963219796],[-2.2393312952121662,52.63530715301313],[-2.240754562666339,52.62541554281635],[-2.2480646044913826,52.61191579486633],[-2.2465776771713575,52.61012094659434],[-2.2347588024965503,52.60924600615605],[-2.225926218792773,52.614657064971944],[-2.2200140592602793,52.61376922849281],[-2.2170380422808647,52.609279837892615],[-2.2170113475600655,52.6038860181286],[-2.224329724879935,52.59128665390252],[-2.2169402030747403,52.589502474535635],[-2.1903748689560696,52.590447193278536],[-2.1844629039313905,52.58865860096566],[-2.1800384689530277,52.58956439930852],[-2.1697337911982055,52.5967714740944],[-2.1653421344642734,52.606666455339266],[-2.146157688234212,52.610287629381716],[-2.1372970583865265,52.61029824981546],[-2.1328612891092695,52.60850536436313],[-2.1195806914447997,52.612115449968705],[-2.109245091267283,52.61302443096406],[-2.104829561759008,52.619321257861536],[-2.0915076632146863,52.60584768898477],[-2.0944395842276338,52.59595662748236],[-2.101808508591921,52.590556633458604],[-2.104747835750342,52.58516018576044],[-2.122458973253271,52.58514315766712],[-2.122438890406292,52.57795133212595],[-2.1253774125558023,52.57345334247858],[-2.134216867047454,52.56894872178892],[-2.1327251685491615,52.563556507112246],[-2.126813967284054,52.55996706313705],[-2.1135033432599335,52.54649582476532],[-2.119377424010966,52.537500166271414],[-2.119365207457726,52.533005239413576],[-2.114928556420651,52.527615708541205],[-2.1075541588912987,52.52582467718179],[-2.100172159446896,52.52043723379899],[-2.094282911916088,52.52313905373999],[-2.0913090430258627,52.51055552561847],[-2.0854135783014796,52.50966094891689],[-2.0780545712901177,52.51416100316224],[-2.067723070986759,52.50337949031669],[-2.0647753644005515,52.502482154617304],[-2.0574119169801004,52.504283957052216],[-2.048570601276698,52.50248995110661],[-2.05002940006274,52.48990343260648],[-2.0441212466564096,52.47282487905639],[-2.03233989962515,52.46743472842712],[-2.0117303220747083,52.46114562584201],[-2.020557613688912,52.45395240760261],[-2.0161406526724956,52.447660100824685],[-2.016138983010219,52.44316509563594],[-2.0117249504364745,52.441367622308356],[-2.0073117396872298,52.44226698895207],[-2.0146632441949803,52.429680254219306],[-2.0117200725297555,52.42338756131261],[-2.0146589939353254,52.4170941924095],[-2.020537287635215,52.41080026309995],[-2.0278872368337737,52.40989973514555],[-2.042581881184387,52.40360227399529],[-2.0396324208435708,52.39281520579527],[-2.023463990619827,52.385627479070024],[-2.0205229210914237,52.380233968905976],[-1.9882006167241308,52.38922533749625],[-1.9720390423599379,52.38652562601815],[-1.9676298446697291,52.38832253070562],[-1.9544047086518743,52.38921720893346],[-1.9441212613912997,52.387414798521206],[-1.9353118451406939,52.38291527362002],[-1.9264997582086059,52.38111212063645],[-1.92063132326216,52.37661328173481],[-1.9132899971960213,52.374810116701376],[-1.9089035618058097,52.36491768509875],[-1.9001082654257397,52.35771848402197],[-1.898658384462218,52.349626113615074],[-1.894258448589563,52.347824235742266],[-1.8869389817170372,52.33972632211884],[-1.8737471790470184,52.333419864845034],[-1.8664149164360258,52.33161378097216],[-1.850245434912817,52.33968559711524],[-1.8340835073024688,52.34415913408053],[-1.825279726784492,52.34324744676402],[-1.8193900141559731,52.347733692040414],[-1.7885191206273487,52.35667271475317],[-1.7826459314466208,52.35666207194857],[-1.770964549420957,52.34405379238305],[-1.7621476481311478,52.34583443056124],[-1.7562956572858592,52.3422264450486],[-1.7489565810369339,52.34221109720604],[-1.7371874482159404,52.346680627982145],[-1.7063543750553896,52.34750711906398],[-1.6975587312297595,52.3456869158259],[-1.6946600123828317,52.34028534782435],[-1.6917307711484868,52.339378728100584],[-1.6697217966454883,52.338420286910385],[-1.6667459232386717,52.34380606316337],[-1.6608470049242188,52.34738537400006],[-1.6564430836020323,52.34737266219088],[-1.6505499435964204,52.35005245531184],[-1.6490320776767156,52.3563410965499],[-1.6298770616708005,52.36437386961723],[-1.6253726768345291,52.376046914422396],[-1.61793504736485,52.38681131510943],[-1.6178652283674535,52.39490222006063],[-1.6148948620409393,52.398488642743864],[-1.6294560391420432,52.414717357363436],[-1.6294334492581068,52.417414317673575],[-1.6219974808503577,52.427279902550815],[-1.6219283038556298,52.43537075555668],[-1.6175000791313396,52.43715454151881],[-1.6174533991283808,52.44254843288955],[-1.6233225915137275,52.44436527032312],[-1.62323828206289,52.45425406188793],[-1.6173132703891162,52.45873007711159],[-1.5952300676170972,52.4595556278312],[-1.5834141555882257,52.464009655781446],[-1.5775354098851986,52.46308981607028],[-1.5745398309440557,52.468473112693],[-1.5774149638985815,52.475675437586574],[-1.5744445124038726,52.47836180471119],[-1.5685376811581295,52.48013842920468],[-1.5684849400807064,52.485532248357714],[-1.5713951167981912,52.48913882397443],[-1.563925117661651,52.49989954955286],[-1.56088058476749,52.50977728459341],[-1.5490937078871774,52.50973298965046],[-1.5358713663770214,52.50608590662015],[-1.535928138026559,52.50069213033456],[-1.5315662764503695,52.49528094958321],[-1.5184086107497263,52.48623813746191],[-1.4978234327970716,52.483455594721214],[-1.4890302716280523,52.479821947771875],[-1.4801962094058092,52.47978348525101],[-1.4742747155311182,52.482454350447725],[-1.4494117415743317,52.468856210658906],[-1.4215386559001306,52.46153118511152],[-1.3979667241485039,52.463211641956306],[-1.3905706641411424,52.46587081991589],[-1.383211396850944,52.465832694573336],[-1.378846437007054,52.462213818097645],[-1.3729595227390254,52.46218277249009],[-1.3507779384975667,52.46925526452851],[-1.341919405594128,52.47100436244516],[-1.3301433282589934,52.47093829523367],[-1.3227419209438542,52.47359321046724],[-1.3208672348906354,52.47582910073295],[-1.327337041959435,52.48207192782517],[-1.3499334837059995,52.49070731627093],[-1.3527446809106105,52.493542012483864],[-1.34915430798286,52.5022885532425],[-1.3526960321906587,52.5138125550731],[-1.3460907468159764,52.520120538343896],[-1.3492950542121533,52.52518789812437],[-1.3484540145058892,52.53042985774325],[-1.3546246260152357,52.5421021277082],[-1.3552373668357107,52.54879133209686],[-1.3534668703051964,52.55647621731565],[-1.3481209836373327,52.56148850158238],[-1.3444690449347212,52.57451729774008],[-1.3505150485331279,52.584474611461985],[-1.3732200530630532,52.599843817375586],[-1.3770094475790304,52.60457451312906],[-1.3692311763955582,52.611840359968085],[-1.3617969984982337,52.62533394155072],[-1.3560200965168892,52.64792749368026],[-1.3418408223256526,52.65739234713527],[-1.3464853913102246,52.67269895055058],[-1.346117173395765,52.68320061416471],[-1.3485350362890753,52.686829617850705],[-1.3587939595863407,52.692729788291466],[-1.3514467089562368,52.69520338191536],[-1.332980791815046,52.69741673732523],[-1.3186708001195138,52.69671330225374],[-1.311977688035022,52.699936161690395]]]},"properties":{"name":"Central Area","short_name":"CA","region":"Birmingham"}},{"type":"Feature","geometry":{"type":"Polygon","coordinates":[[[-4.054488427455284,50.71091021564132],[-4.05876579250376,50.71850033033332],[-4.066793591559259,50.72067788108542],[-4.066811427114487,50.72987058045165],[-4.075449255488436,50.7314638001956],[-4.080871940813459,50.727359525977356],[-4.098078140288439,50.72887796113391],[-4.104294866936793,50.72654161321134],[-4.112567708639004,50.72589679090106],[-4.133456237927655,50.729134093053624],[-4.193584236816748,50.77931385762076],[-4.206354276093209,50.784163406421136],[-4.252059198920673,50.79208644698389],[-4.255520929379108,50.79472944073786],[-4.260872395155699,50.80710752887745],[-4.2772234090538115,50.806947672061746],[-4.301046539910034,50.82567670004357],[-4.320830858845388,50.83113974376437],[-4.346163450167165,50.85626839684397],[-4.359052028752958,50.86092637539026],[-4.38060580848519,50.85945417039637],[-4.395513941544081,50.88142347965484],[-4.408333654605052,50.89371968425349],[-4.405424592010613,50.89905740421141],[-4.421058631927038,50.90394700000982],[-4.430854034674898,50.9097441386497],[-4.447252503806794,50.92260280244541],[-4.457873021281387,50.933899188052536],[-4.463660144720714,50.935458108179866],[-4.544292101959022,50.93288600922128],[-4.543802202201162,50.92813078576915],[-4.555119975115916,50.92585981857952],[-4.550252080128674,50.92376273736026],[-4.563710720592369,50.91154149040564],[-4.5619829199432935,50.907541041170724],[-4.567255535714641,50.9033147774269],[-4.561995357846449,50.899221112884696],[-4.558867612031024,50.89146478071386],[-4.561892748672468,50.88699120740829],[-4.56583967795181,50.88636480387903],[-4.557189181544724,50.87899959515914],[-4.55596897725128,50.874888985822565],[-4.5527184572910295,50.84662824510634],[-4.554272826890672,50.83737506590046],[-4.552667576942865,50.83268821280187],[-4.5454975074317785,50.82907634787078],[-4.556054191826154,50.82864753787738],[-4.553542065635462,50.825293737859205],[-4.5539018619559215,50.81107483803609],[-4.557132497659055,50.8052476513629],[-4.5582507511908865,50.799736569499515],[-4.5545888185958106,50.79504986971267],[-4.559971671879356,50.781889961209245],[-4.570626338948303,50.776978391341174],[-4.574361572758805,50.77266858496526],[-4.581077715536865,50.770990999501414],[-4.588211190023312,50.766605427752594],[-4.6114199120051,50.760601086621314],[-4.616735480252145,50.751667263110924],[-4.633146667736569,50.74850929730337],[-4.638168332673257,50.744528072241806],[-4.633552394012556,50.740584950427774],[-4.642046417953771,50.737874195361115],[-4.651601942590866,50.73891637390462],[-4.647525624730196,50.72947483820036],[-4.651946964567628,50.722448469364444],[-4.653112723631573,50.715496101621255],[-4.665152161991471,50.71045416065375],[-4.6663476273919935,50.706559121969256],[-4.676885596848755,50.70505819821391],[-4.683290695756284,50.698164853266256],[-4.678873493124352,50.69520834262974],[-4.696363876930864,50.693995262645664],[-4.696355835091514,50.69138699307024],[-4.704490587401613,50.69002908808025],[-4.702875041035152,50.68655865936404],[-4.716419266368222,50.683275310590055],[-4.720497649093022,50.685248905599366],[-4.725206034969493,50.683429835898934],[-4.727784257733745,50.6766234290405],[-4.7345599888977095,50.67142747111093],[-4.740098670006804,50.67660419635947],[-4.7452242442706,50.67468453800113],[-4.74487316927799,50.671094904921134],[-4.7553853993905975,50.671746140700215],[-4.763983623206446,50.6696894617947],[-4.759214477840867,50.666564428089295],[-4.765376601646942,50.656308090804195],[-4.76470057551105,50.65443523098664],[-4.758509044952479,50.65260321122166],[-4.760980809230366,50.644089495244316],[-4.766630087971076,50.641526792901885],[-4.767003798139498,50.635851160742355],[-4.771372442050187,50.628371470932926],[-4.770176506651721,50.622463322990434],[-4.776879946317625,50.61384842948635],[-4.7807479403480375,50.612316913381676],[-4.781566466561767,50.609418990061904],[-4.792129763364669,50.601610361813655],[-4.7935332106049175,50.599058107859285],[-4.8030015228497565,50.5966716941759],[-4.823252188639689,50.59501290512158],[-4.8378187673711635,50.595198357122236],[-4.840505676246873,50.59288406252102],[-4.848168375018072,50.598093808890994],[-4.859141681901755,50.592607649654774],[-4.868601602388393,50.59480353755259],[-4.874062657253505,50.587023009213816],[-4.880339910881194,50.58569846186525],[-4.880587628808688,50.58281390536664],[-4.887596922210488,50.58192059213934],[-4.8948429081833575,50.58488886067485],[-4.907370401191946,50.584126815484595],[-4.909414761326524,50.58749387092712],[-4.9149278255711915,50.58753581973786],[-4.920370050941629,50.59099743600874],[-4.931934896104234,50.58836792385684],[-4.934210272596039,50.58633164311591],[-4.924017972217323,50.58146094019558],[-4.916571941170905,50.5798487632549],[-4.91800687304214,50.57792381168283],[-4.915044002335749,50.573410545219225],[-4.920425497207649,50.5736354188712],[-4.923710142862648,50.57193381058516],[-4.93027639747775,50.56394284499362],[-4.925411773126333,50.56064708306575],[-4.9292811043323415,50.5524540691735],[-4.9262650851345295,50.54479409869641],[-4.912460200553282,50.54298165437963],[-4.916151590515468,50.53875140323364],[-4.901296785171372,50.531297004848675],[-4.892836643448389,50.5314177344162],[-4.88441092900159,50.53441544045076],[-4.868285755907626,50.53382465398185],[-4.8599499961209025,50.53600879262875],[-4.852621576976302,50.531511262069834],[-4.850372325280982,50.531656343167235],[-4.846535643664864,50.5265331278795],[-4.83862484165352,50.52168917622524],[-4.834649395904758,50.51656896424243],[-4.853868042166034,50.52878216131091],[-4.886819597114018,50.52994807340701],[-4.896837056453983,50.52576817057444],[-4.907857080674577,50.52828173732702],[-4.909729211025972,50.53072659293407],[-4.918695046897957,50.53194122567365],[-4.9246711271260954,50.53067573261986],[-4.927549977222668,50.524522554211934],[-4.933799116924144,50.5251746879864],[-4.9300362509239335,50.53048675493015],[-4.934019060651842,50.53326484335301],[-4.93535546282154,50.541146922595686],[-4.933880263794793,50.54694106660907],[-4.938922851288174,50.55311044417183],[-4.95197619720981,50.55412927485248],[-4.9462777547235275,50.56236940304746],[-4.945937068188586,50.56822491050353],[-4.953128764924709,50.568042614980335],[-4.956807070339731,50.56363149997088],[-4.9551717447191335,50.56232376159916],[-4.9654699143187075,50.55765408869888],[-4.972039430257757,50.55658693957351],[-4.973983952683444,50.551589860247006],[-4.980066502306978,50.54729639585755],[-4.984106794467465,50.54197556926947],[-4.991790974807888,50.542947601932035],[-4.995267323603578,50.53988969956207],[-4.999077950472518,50.53988147856736],[-5.004040626824144,50.54245203274694],[-5.003970063898794,50.54578212231083],[-5.014730653480084,50.54406452394879],[-5.019766645731206,50.5455530751552],[-5.023764448523413,50.550666536137236],[-5.034548423625135,50.5493063134679],[-5.034823689137266,50.54480145152861],[-5.031973030271318,50.54217717156677],[-5.024964131933717,50.540740465643914],[-5.022025425779512,50.53452009435178],[-5.02691668967589,50.524947786047136],[-5.025315467133887,50.519772124030936],[-5.028342287979743,50.511957325469446],[-5.022209066171737,50.508698606043104],[-5.031914562326176,50.50826610014213],[-5.033569327020597,50.50327547742243],[-5.039483305483878,50.50312107078785],[-5.041131338611524,50.49804055059352],[-5.045578897648082,50.497024620925174],[-5.034760419675583,50.49325948956967],[-5.03496966593644,50.48992572142677],[-5.032041902213936,50.48604410535975],[-5.038858818565689,50.473632360423046],[-5.031239414502388,50.466904745215835],[-5.041308770430252,50.46349338981711],[-5.03766731038004,50.459450669259176],[-5.041964921027311,50.45834880625245],[-5.03862488719343,50.452409179267676],[-5.041634153747932,50.44441446342018],[-5.055195119233043,50.42750711317838],[-5.0560594181807605,50.42343640340134],[-5.064692136008902,50.424108670921065],[-5.064658667254213,50.42141088834963],[-5.070890957776549,50.41980711121572],[-5.076251217647623,50.415617361677064],[-5.082657875195884,50.414548062142934],[-5.08680293643462,50.419835406623804],[-5.093186431288417,50.42056526423068],[-5.1012496709326784,50.412524220510136],[-5.1105835474597106,50.41317435376406],[-5.1164966711738575,50.4110369070841],[-5.123488745870933,50.41246842497864],[-5.1252609972200505,50.409452215178725],[-5.108491941536579,50.4091822782757],[-5.091600137242704,50.407024107554065],[-5.087964849604929,50.40307272868096],[-5.10017159312916,50.40679578425711],[-5.108819395441077,50.40773421797855],[-5.12504086621058,50.40397077924659],[-5.134317596676942,50.40803888785095],[-5.137527717496714,50.40336447093521],[-5.146462458028284,50.404382311381134],[-5.14771622000831,50.399940464281634],[-5.143269713435238,50.39655249178382],[-5.14265215906541,50.39360061101019],[-5.145890275304003,50.38937496799749],[-5.156535092878188,50.388636516839796],[-5.149391943767813,50.38064422008036],[-5.15545756139705,50.378770469483804],[-5.1461433109716195,50.3740753841946],[-5.153030207412666,50.3549076597029],[-5.1535814042454,50.34625675846007],[-5.158540596786078,50.34684169224948],[-5.1724528658671085,50.34043540705417],[-5.180572739404751,50.339943494462624],[-5.180164628557838,50.33383750401718],[-5.188327307806127,50.33190453043658],[-5.1883311634189395,50.327766333600486],[-5.1959631509880495,50.3242281193909],[-5.199198058195889,50.32009091925819],[-5.2034899966573,50.321232044791394],[-5.216648945542236,50.3205085215791],[-5.220111972963281,50.321851907535596],[-5.233081730706763,50.318343024831655],[-5.2334049657003785,50.300342135641124],[-5.235922153703829,50.30018206222821],[-5.240504578176294,50.2932173451114],[-5.241801722061461,50.28751367308856],[-5.249343704290791,50.28280487184805],[-5.260382001999697,50.27997656514428],[-5.26230444778865,50.2752446336334],[-5.276271623913554,50.27422162890996],[-5.280897138662671,50.27004278566652],[-5.286236790619296,50.26809255618169],[-5.285167500307853,50.26479426954644],[-5.301970089067067,50.26017938626927],[-5.308907388701245,50.257013144245185],[-5.31332268048205,50.24987022531911],[-5.317899749825956,50.249109764241204],[-5.327384240888684,50.24227108763899],[-5.341266382956343,50.23818388073975],[-5.351350204336294,50.23996230006647],[-5.359493725847895,50.23967291223049],[-5.3642520334621056,50.23633243477245],[-5.371439079829308,50.23641177791886],[-5.377132524229329,50.24353323055943],[-5.383623204730803,50.24010554994397],[-5.393861161270554,50.240076537413145],[-5.390844120397388,50.23314761389488],[-5.391784659679782,50.226642802121034],[-5.4095609014482555,50.20848912373452],[-5.426962613026074,50.19898015326427],[-5.432081962281029,50.19415072349268],[-5.4300836886785016,50.19169082175628],[-5.4235350518713235,50.188888428859805],[-5.427502251264714,50.18715195482385],[-5.4321550915741215,50.177595175279734],[-5.436402568676446,50.18016837286245],[-5.430600716815554,50.18717733698657],[-5.436251445803969,50.193667465128456],[-5.450517772758734,50.195223307883545],[-5.454400154265911,50.198526434393614],[-5.459389369738489,50.19774804487555],[-5.466817745828003,50.199685487396316],[-5.468457634736597,50.20683363987431],[-5.472292946295308,50.20752861855877],[-5.477612083031534,50.2116606415239],[-5.475626796697613,50.2186743764908],[-5.484058858503449,50.21509283852624],[-5.496311264315889,50.21967239706252],[-5.5030350973709785,50.21767032472653],[-5.508371111789481,50.217779019477994],[-5.51085772027201,50.21536472265928],[-5.526432858652035,50.213632934964245],[-5.536677334380422,50.21566025930129],[-5.539795294629072,50.21232642558751],[-5.546649398686912,50.2121171349971],[-5.548421062656977,50.20954392805633],[-5.553542871517311,50.20866745962173],[-5.553122714594209,50.2049017565472],[-5.558656810476631,50.20392246407696],[-5.563570363292358,50.20026297985131],[-5.568763703850081,50.1984839655182],[-5.575768871486408,50.198448217757324],[-5.574988031518249,50.19550338784771],[-5.5845418820777555,50.19413800881111],[-5.588571500093078,50.18882236098622],[-5.597161936105457,50.190319677032456],[-5.601511927928591,50.18667600922524],[-5.606616675239492,50.18561775455744],[-5.604634756555801,50.181630833250104],[-5.61258865785541,50.181203482624234],[-5.618236500569069,50.17436988087369],[-5.628269031134494,50.16811865903542],[-5.650388264677916,50.16796448673994],[-5.656814275404576,50.16407338546584],[-5.670958364444317,50.1658758187997],[-5.671214341472724,50.161909104874034],[-5.677315228827036,50.15928669018902],[-5.691251789280682,50.14750791179787],[-5.691803126844676,50.13831352165876],[-5.702179936566242,50.13492376301978],[-5.701045318493274,50.12875209801971],[-5.705621388047233,50.129469663606166],[-5.698050506238903,50.117691445713966],[-5.694179689479848,50.094692692509796],[-5.693183712293536,50.09265512504626],[-5.687472308610281,50.091127504268826],[-5.687649423446099,50.08797294019392],[-5.6930606712445275,50.08015327418866],[-5.696283596505656,50.07843110223574],[-5.706150981495675,50.077666208298034],[-5.707165313508428,50.070886029816556],[-5.715553208179455,50.06908798140875],[-5.711839782980214,50.06263913391401],[-5.70316535929435,50.05526913850283],[-5.698069774733886,50.05624155634888],[-5.691240539262403,50.05465984551773],[-5.692888603031285,50.05064867436908],[-5.686270248545352,50.04816026124472],[-5.686894767089032,50.04355193551615],[-5.68059270607573,50.03970359925644],[-5.681494491971568,50.03688589353116],[-5.677309216019545,50.03512940073461],[-5.660201119533849,50.037920205325925],[-5.653219815066663,50.03704284656517],[-5.648665500062611,50.040533168124306],[-5.648856256564111,50.04304630027449],[-5.639287124176667,50.04397694254039],[-5.634283679490347,50.040625149148234],[-5.631998861308371,50.04366574386593],[-5.626205992853574,50.0446568432912],[-5.621733490547315,50.050194802317556],[-5.617173933202825,50.05087699149593],[-5.605269029089317,50.048638805003336],[-5.596477018208534,50.05251066383578],[-5.5874007959861665,50.05072265119483],[-5.579894059106424,50.053113962144316],[-5.574734590608012,50.05194166602788],[-5.56304575957221,50.05768160911367],[-5.56127372443332,50.06205450233169],[-5.551791812748076,50.060456090852234],[-5.5477810528089835,50.06291805555712],[-5.539272128118144,50.07262468789914],[-5.531294962662795,50.087514535682665],[-5.540906587775421,50.10066244180853],[-5.5471855375320205,50.10405121092209],[-5.547271674615845,50.107107447649064],[-5.536662347731269,50.11309940417219],[-5.5281873364258605,50.11561572075201],[-5.526320116618008,50.12466014898731],[-5.515168224914288,50.127157884448025],[-5.487877360401465,50.129061420719076],[-5.472346709567116,50.123319826135],[-5.458240967452814,50.121762059617396],[-5.452936291491201,50.11805161744973],[-5.451051576514644,50.11324960238645],[-5.435837096959799,50.10983286392527],[-5.432502534907717,50.10624305088379],[-5.427368327015313,50.10486550279542],[-5.427920489962753,50.09693227723945],[-5.417410787031016,50.10057117085242],[-5.414447802282877,50.10020862769506],[-5.4110997605887,50.10426559865483],[-5.404501019983914,50.10391972138316],[-5.3963158364984025,50.10092101259449],[-5.393702104068058,50.103516530845184],[-5.388962538994896,50.10374509695571],[-5.377346246716107,50.09967574231512],[-5.37032578157959,50.09331262316889],[-5.365307943899758,50.09354831641535],[-5.3616503477416,50.08924617627398],[-5.343956815234793,50.092186769226466],[-5.3373537963225965,50.09174724317168],[-5.327766730780114,50.08860414960408],[-5.325455760890663,50.0855217293548],[-5.306631315978045,50.07773845604026],[-5.282236443098117,50.060753849246964],[-5.274661679053864,50.05008253221728],[-5.2801569330221705,50.044619372334836],[-5.279040073673596,50.04258181775067],[-5.269133766814208,50.04070247648268],[-5.265821748951241,50.03512816457977],[-5.260439127455334,50.03402019526332],[-5.265555294773833,50.02955797034536],[-5.2555885282305725,50.02426060993694],[-5.254873097130177,50.021941666615966],[-5.2595618786060125,50.01695191611335],[-5.2572588795326185,50.01386795087069],[-5.267033972510949,50.00567608864184],[-5.26393645952801,49.99910607993111],[-5.253646084688497,49.997596151062915],[-5.2510173786642245,49.9938015039345],[-5.252270495108304,49.987558889714364],[-5.243321179126176,49.98520075513347],[-5.247026993483529,49.980149013476215],[-5.2446964300370835,49.97661576260037],[-5.2407132100985185,49.97546773621695],[-5.235349296436809,49.97660720532655],[-5.230271645657697,49.97577725228684],[-5.218286541498439,49.97177450108105],[-5.214102290959768,49.96550326983546],[-5.21356210667391,49.95949074049962],[-5.198886408709093,49.95961792100252],[-5.196617463643905,49.964097698187835],[-5.189502355647623,49.96258446507886],[-5.184997523569825,49.96405780483551],[-5.183146492286797,49.96770715942186],[-5.187152107465493,49.97344461614025],[-5.184231601197733,49.979912218486916],[-5.1804331620065325,49.98154587684395],[-5.178486268854415,49.98798659528139],[-5.171367784546102,49.99007079735884],[-5.169698852055654,49.99227553660514],[-5.170912947698049,49.99799988569227],[-5.165335737386983,50.00444964748293],[-5.155225335752906,50.00778399097391],[-5.122084698524367,50.00904117499667],[-5.114530693443269,50.00663551807842],[-5.111813574665062,50.00346990029715],[-5.1044168687226135,50.005647368744846],[-5.100486386338966,50.00530276173435],[-5.095803501978861,50.014963740895524],[-5.090605472188067,50.016631765808555],[-5.094971501605283,50.01939401969674],[-5.09576443117369,50.02737932468182],[-5.088071909450434,50.03154273092909],[-5.067527322860847,50.035686519527474],[-5.068789853782352,50.04015110198147],[-5.065236602887836,50.04357360429303],[-5.066336782176173,50.047682662001264],[-5.063027444208972,50.0505588793988],[-5.057679223989284,50.052139387191694],[-5.062656191701088,50.05569638258741],[-5.060448418204973,50.06052252688035],[-5.065409293881242,50.06380995487412],[-5.065743627552705,50.06685973954081],[-5.078566758137046,50.068499139350145],[-5.078166922423999,50.0753466837772],[-5.074428909487426,50.08246267959116],[-5.089494504420373,50.08629042555569],[-5.097438755770422,50.08589860902788],[-5.100311430415452,50.08708128875875],[-5.118158856172406,50.08201485132196],[-5.11679272789451,50.08466041628654],[-5.107941659291974,50.08615738686183],[-5.1010031536379055,50.089131870391036],[-5.100188451933223,50.0916725233409],[-5.103695407142676,50.094007642437944],[-5.122431029010623,50.09611360046291],[-5.134522276326235,50.09281876693464],[-5.140073412990977,50.09644693824416],[-5.153966294507843,50.09292135236923],[-5.168626075017771,50.09045266066902],[-5.177751880649594,50.08678445366532],[-5.181790664232296,50.088652858506094],[-5.193393503960431,50.08230654399641],[-5.193700292246767,50.08481701030079],[-5.188593844143154,50.087926242335485],[-5.204114002615367,50.090017399478874],[-5.198455367984407,50.09323228095602],[-5.195891135234068,50.09042421306482],[-5.181443363171975,50.089741918283],[-5.158364403083852,50.09388119153391],[-5.164805786140709,50.096134536554686],[-5.16441570198843,50.10082313293105],[-5.160213091694388,50.109214083133956],[-5.157599189210184,50.1077559439758],[-5.163028997059231,50.098881825639346],[-5.1600772600042415,50.09653335166602],[-5.155592417820003,50.09638558013635],[-5.148893513817716,50.098726699068536],[-5.143413596571303,50.09833558534359],[-5.140478885954699,50.10264321692885],[-5.143561443310346,50.10721065589265],[-5.139394115852537,50.10744047245728],[-5.137400790742141,50.11118277063783],[-5.130441043559099,50.10957161059279],[-5.138962089044584,50.10511320099837],[-5.13879036051961,50.100349958393934],[-5.122088773003461,50.09945133352945],[-5.113008584930585,50.10392350839609],[-5.103950523150205,50.10227710844314],[-5.098220682779465,50.10018131210628],[-5.090453372932986,50.103357191636206],[-5.085639470712254,50.10897287329547],[-5.0809434868391685,50.10990733141888],[-5.09003619452579,50.11425339128335],[-5.089404023180383,50.12398582945023],[-5.09259296714808,50.12570004411284],[-5.08134021027252,50.129148047488606],[-5.07928955943316,50.13208118378703],[-5.0738047386539975,50.133845895558466],[-5.0757853891697655,50.14072023261146],[-5.0677708303141955,50.14453077580684],[-5.051848209982768,50.14728961105593],[-5.046052260155894,50.14420341878742],[-5.040724599955351,50.14407329203543],[-5.049250510787545,50.152665449911524],[-5.056599019986511,50.15373151639483],[-5.062873703319591,50.15113717250968],[-5.079265451227337,50.16437702594504],[-5.0865642471411086,50.16463290133509],[-5.094241376036288,50.16640752939854],[-5.090550030273729,50.1695375130288],[-5.0830134213785305,50.16668839713315],[-5.0746077952447015,50.166866441386055],[-5.068444465309131,50.161605089244006],[-5.054558402060483,50.16125179392438],[-5.044715682344808,50.169426787297375],[-5.045104158488506,50.17553373754835],[-5.065151310872454,50.17797458385105],[-5.054352054367185,50.179968521959125],[-5.053416594056057,50.1828717954197],[-5.056990477441393,50.19056807315775],[-5.060369142321525,50.19125266814101],[-5.064366703379334,50.196346761657765],[-5.073014606461519,50.20007626699064],[-5.0760137479267655,50.2053043496904],[-5.100313441742348,50.20825615105344],[-5.099182147703906,50.21026544860215],[-5.08561473539321,50.208557878453384],[-5.0820285570206005,50.20946278181567],[-5.067752329895904,50.205433039972576],[-5.05733506258018,50.1981514458978],[-5.041051434211145,50.20433652912096],[-5.0363649912626425,50.207787647296314],[-5.035799112903493,50.212120405705],[-5.027545405973705,50.21017700061005],[-5.028513811727964,50.22103656655251],[-5.027513482091018,50.22295176068749],[-5.0190765829854085,50.22479071618999],[-5.018285737825235,50.23002878559419],[-5.02165558200852,50.2345289281404],[-5.017286445615376,50.24084958649639],[-5.023264645594634,50.24222333234166],[-5.030838188033951,50.24220578157835],[-5.044013688815597,50.24644889337841],[-5.040200937306409,50.24825798013035],[-5.046133748491287,50.25988685500323],[-5.038488813337852,50.254419876786514],[-5.03880895943219,50.250633304181335],[-5.033092284297371,50.24898364653118],[-5.028794561629999,50.24315868331478],[-5.026251024130455,50.24286518310416],[-5.021237219810657,50.24764653153258],[-5.011713919804514,50.250349770035974],[-5.013734923999881,50.255694726126485],[-5.008501123551561,50.2639265365257],[-5.005507976124848,50.26319444052803],[-5.008233551446387,50.25745660462449],[-5.008541902255069,50.24899270108333],[-5.020074081452687,50.245005076122375],[-5.012396458122371,50.24115648229436],[-5.014913714300146,50.23659330076491],[-5.013646910663263,50.22763050657096],[-5.006383882566482,50.22808869583243],[-4.999695675762523,50.22430361224676],[-4.99124051293947,50.22587113359419],[-4.984302608353046,50.22928812560442],[-4.984090166926656,50.23262197412638],[-4.973681674039807,50.23370764707785],[-4.966452761419291,50.23541284057854],[-4.962264602118047,50.23120188610113],[-4.9724633369622,50.23058138314248],[-4.971187188208886,50.22584636861654],[-4.978366298766728,50.22629210092474],[-4.993619766184257,50.22356088768625],[-5.005305357582701,50.22208951542714],[-5.008382098959507,50.22641770783259],[-5.015529765678298,50.22191432410238],[-5.023731820873795,50.22080139762865],[-5.023163673432687,50.21182047805319],[-5.027989149324107,50.20611734555624],[-5.034160769559889,50.203977116463015],[-5.030349536793175,50.19912902304497],[-5.0256379857037565,50.182249972920715],[-5.0192041787832204,50.182417529801654],[-5.019026739952358,50.17738452460323],[-5.021853961875965,50.17335280559816],[-5.02068805767897,50.1704145576508],[-5.027283425231723,50.159537710889964],[-5.024780047687189,50.15537497507272],[-5.020977481361339,50.155024249199464],[-5.017921186386741,50.158072386892044],[-5.012861455588115,50.15955323705126],[-5.00456705839036,50.15679970070711],[-5.004211748022759,50.1622963097857],[-4.999917891265771,50.1652860328775],[-5.00470770049048,50.17019972560039],[-4.9973977751084755,50.17200799726465],[-4.9940653222772635,50.17695171245538],[-4.988303614324598,50.178899359099354],[-4.995176566213882,50.17008628751867],[-4.9928597435224455,50.16752830547783],[-4.995169029350535,50.16324972590497],[-4.990308800465283,50.161665883449764],[-4.99822087807424,50.15831321272535],[-5.003932610697302,50.151148798732606],[-5.009547512993392,50.15361207238237],[-5.0172209480121985,50.14873498632682],[-5.017064999059603,50.14181228449028],[-5.008656301533333,50.13942186050684],[-4.992504001745023,50.14973491624315],[-4.985090338043854,50.149835922888286],[-4.98223891455898,50.15125860424417],[-4.982453669492606,50.158080841097075],[-4.971556919836573,50.16412664511077],[-4.973261465349235,50.1712795426915],[-4.9706253154632085,50.178453644892926],[-4.973785955191373,50.17972205255139],[-4.972817306368528,50.1844246232783],[-4.967434461128003,50.18573181516042],[-4.9667665174259055,50.193035379137704],[-4.951342447397018,50.20422336399528],[-4.933411387296711,50.20665692351623],[-4.92245686563341,50.20171579864509],[-4.920689989273598,50.195733227421115],[-4.91137236192885,50.19920571823205],[-4.909208796507449,50.20510708217633],[-4.903638196461132,50.2056963381505],[-4.901931475891101,50.21221581181733],[-4.894562085131643,50.21320939812129],[-4.890349103373331,50.217722176933904],[-4.887000294926377,50.21798541594707],[-4.88228577817199,50.2234998666684],[-4.874784997124551,50.224675349985326],[-4.871495659524041,50.23060381749027],[-4.862067345489396,50.2356761808892],[-4.845368334609857,50.234575385632674],[-4.840636818536281,50.2363733883363],[-4.837656706877164,50.23224539652104],[-4.831441119026645,50.232667005173106],[-4.829100324082432,50.22984553275757],[-4.815528024106498,50.23035536466831],[-4.812679791364667,50.22961481376563],[-4.811683614555964,50.22460151962713],[-4.803759098627881,50.218586341489086],[-4.798481211102901,50.219433315358714],[-4.796271266857579,50.224793839907385],[-4.797442686591523,50.2304327083639],[-4.7801745861758285,50.23732412854496],[-4.787521878883615,50.24065615876366],[-4.784287338335534,50.24532138847886],[-4.78025755440292,50.2483864044459],[-4.768029131452417,50.25281638607865],[-4.76840887352607,50.256945173734195],[-4.78381883488743,50.26134430492469],[-4.781220601088417,50.26925046992088],[-4.7835558198759545,50.27367418498222],[-4.776991146382985,50.27904860590359],[-4.781742784177065,50.28109376746407],[-4.783748705385226,50.2841940595886],[-4.780002559549463,50.28977090663535],[-4.773667842053389,50.291901309169795],[-4.771601937694692,50.29500901239338],[-4.762913774266564,50.30016337983031],[-4.751710038091418,50.29827046719379],[-4.754286166663354,50.30153764832806],[-4.753418509920117,50.305965878128156],[-4.762619115022866,50.30961538649807],[-4.765301442322473,50.317107559990774],[-4.765240437695389,50.32331571525027],[-4.754878213735066,50.331207809025024],[-4.745065057917939,50.33161997761954],[-4.738650051858627,50.33491967287299],[-4.70481531522081,50.340479653765286],[-4.705790321212277,50.34279568293946],[-4.702170994262133,50.34836692002375],[-4.689840001920866,50.3465841411059],[-4.6878660918674715,50.34150261745624],[-4.680364267376609,50.33807787373177],[-4.680933063969539,50.323222847903274],[-4.683291780573886,50.32020001127347],[-4.675979414345007,50.31758018412406],[-4.671829164208224,50.313717859544276],[-4.667410195187082,50.315078715794264],[-4.662721046352292,50.32166274221576],[-4.652698179095773,50.32333122583225],[-4.649490352806462,50.32628283970599],[-4.632331253021324,50.33411174596246],[-4.629796852406293,50.338603677134024],[-4.635854504242099,50.346471988564495],[-4.637743766934727,50.36280002898734],[-4.636261680195897,50.3690402007372],[-4.652313602814989,50.37946898625021],[-4.650507079627476,50.382388593349575],[-4.645921092506061,50.38087398305303],[-4.634634833635952,50.37267508354456],[-4.6335387019124274,50.37827680984726],[-4.630578506760013,50.378163945183445],[-4.632468064622498,50.37164478331928],[-4.631187716766461,50.36375819320076],[-4.633827440878287,50.36064010274642],[-4.632118569730469,50.357710471378894],[-4.633789908770299,50.354884155773874],[-4.631923469595002,50.346561089275774],[-4.629328262398778,50.3428419365328],[-4.628340032179047,50.33512858291149],[-4.62666221240578,50.332737868546],[-4.636875231650699,50.32683967366199],[-4.6309774895820945,50.32436481188967],[-4.61690495186298,50.323963018913474],[-4.610796972331027,50.32787833024406],[-4.602275359109387,50.32878909538017],[-4.601081903313917,50.32494797209241],[-4.596527512348209,50.323880491206886],[-4.588018600158536,50.3301869132877],[-4.577264989160321,50.331415376776796],[-4.556918813843332,50.32673776697815],[-4.549157415901348,50.323490230640566],[-4.536362844881079,50.32332048323423],[-4.513893609964576,50.32884592150803],[-4.499924007452773,50.330406587829955],[-4.494788877969925,50.33699324006716],[-4.470844902452828,50.33327725762398],[-4.470947032015192,50.337952388552715],[-4.457917609979147,50.341466830646624],[-4.449607619009512,50.346589420581395],[-4.449315870860955,50.349114105374255],[-4.453436809277526,50.35160868135829],[-4.455967484885421,50.35814839581826],[-4.458565203559459,50.35944268842465],[-4.457321977825707,50.36531557547184],[-4.4520610923924435,50.35328375780792],[-4.448878030987762,50.353170976587016],[-4.435001244361636,50.36056839051652],[-4.408590938378274,50.36381710451453],[-4.384982729335377,50.36412403248364],[-4.364675965796184,50.360131556845616],[-4.3525267005121515,50.36181723739262],[-4.340669712785333,50.36088731627898],[-4.336512271194878,50.35926198708665],[-4.330885355173833,50.362073348062204],[-4.314291988120611,50.36204513464077],[-4.311862791069557,50.35979985652808],[-4.302878672016904,50.36067978039812],[-4.274861216819946,50.35490833008018],[-4.240469725010217,50.34109516926689],[-4.224888506574363,50.33248992019291],[-4.216674925162381,50.32509147876924],[-4.216574549832785,50.322934707150964],[-4.223846196915676,50.31919796331393],[-4.218125413976792,50.314000525652396],[-4.206928352164301,50.31790147836707],[-4.186968985059803,50.31764921066042],[-4.187220676695933,50.323131117394475],[-4.197770442453976,50.329498063506335],[-4.198890107486381,50.33244506764077],[-4.185766638993116,50.34042787926726],[-4.165709147917161,50.34440113892571],[-4.1641899723101785,50.351175263545535],[-4.1691129512270315,50.35432149229122],[-4.169272754573039,50.357826337968625],[-4.1740521734452996,50.3608850950137],[-4.177415552580642,50.3606422516273],[-4.190529582900104,50.35535896331317],[-4.188777742558808,50.3508947368274],[-4.20068206867592,50.34689227334056],[-4.198663382481392,50.35187743785742],[-4.193157007054495,50.354409971824424],[-4.195475447401276,50.358953377170884],[-4.204706313374325,50.360937329960294],[-4.2096509082084115,50.3584149326543],[-4.216717791858875,50.36071787958734],[-4.215979999206191,50.36298956063385],[-4.232519872854041,50.363374637395935],[-4.233008835858433,50.364804363804396],[-4.20290812857212,50.37068543397034],[-4.193787366811812,50.371127751197555],[-4.1906756503156535,50.373794818753005],[-4.195226794641799,50.37793634816933],[-4.195413560843102,50.38198031380259],[-4.206393921394551,50.38519032200389],[-4.199457763091282,50.387300526570336],[-4.207405572551635,50.391826996132075],[-4.2241520875948755,50.3888994423971],[-4.228687989780012,50.38962207832247],[-4.2344671198738455,50.380876462376534],[-4.246524277869592,50.374078110595335],[-4.257740191195841,50.37628933184235],[-4.2748019421381445,50.37424774842426],[-4.285175752330455,50.38231925031424],[-4.298712057439072,50.38879827930149],[-4.30333692137344,50.38930037973755],[-4.300169838698912,50.3953714322757],[-4.3051927474923275,50.40000307068917],[-4.29825410816711,50.399690711337186],[-4.296410672568635,50.39648910966574],[-4.300235050280911,50.39119667977237],[-4.29637908531288,50.39001367462349],[-4.278870191754725,50.40043204540038],[-4.289612582393859,50.39003020522073],[-4.288312879933303,50.387582301097545],[-4.282215456942122,50.39039151999753],[-4.282114146355954,50.383009009315565],[-4.274126500743299,50.37776882809921],[-4.26820828845492,50.38049286195571],[-4.269317490782782,50.38604780942666],[-4.2641514099672655,50.38686809727676],[-4.253418198019911,50.38302911798456],[-4.243694767050285,50.38564569578264],[-4.249759367107709,50.39191457211359],[-4.24585742646434,50.3927095707081],[-4.243319214455231,50.38961051092335],[-4.230151294985398,50.393821409888666],[-4.226433147488113,50.39254350504282],[-4.220697098375947,50.396250984471415],[-4.209004975934846,50.39899215631239],[-4.204516748641876,50.405373428696265],[-4.203955483959299,50.40844216540539],[-4.206376625448833,50.41208395240605],[-4.2125410449902905,50.414485251963434],[-4.2089680586307345,50.4163520620247],[-4.208277675737344,50.42571933836873],[-4.211687310906475,50.42637409159892],[-4.2186495610909445,50.424712422066676],[-4.225976933284517,50.424842224257],[-4.224705057031301,50.4277447714684],[-4.226513929965172,50.43328667799056],[-4.2247481281804005,50.434669630242084],[-4.21914720384014,50.42632191746316],[-4.212512185093104,50.428966771851094],[-4.202374714573082,50.42897931357576],[-4.197042829402056,50.43546616407959],[-4.201534969566977,50.44122754561334],[-4.207484277584657,50.44498234941324],[-4.209211362765001,50.45484334177759],[-4.215696591132197,50.46398415729688],[-4.221892871355057,50.46089782744444],[-4.222138251524936,50.45711551145339],[-4.226520290745479,50.45442334569598],[-4.236099229009176,50.45738761349717],[-4.237590926833644,50.462125942464084],[-4.233083937967613,50.46814883262451],[-4.216696900082089,50.47331920642818],[-4.233200362441743,50.464638798497425],[-4.232925156625998,50.45879774636003],[-4.22677923480459,50.45693681016944],[-4.220225111597298,50.46740560127055],[-4.212191379418696,50.467378776534275],[-4.198841467540694,50.454823979138666],[-4.191855180521064,50.44967617175956],[-4.196495609512326,50.4479786430322],[-4.196196868811033,50.44517805030402],[-4.188663108355157,50.44003139666575],[-4.186862498624107,50.43457871964452],[-4.181515859521781,50.43467913550727],[-4.17699641587702,50.43746212354108],[-4.170177872875343,50.44541461512168],[-4.168698656051142,50.45002930357225],[-4.16270247216248,50.454458214312815],[-4.156288717358167,50.45592643521015],[-4.152704248350492,50.45455374517785],[-4.159321687002322,50.45137302481387],[-4.1632627322222815,50.442035660395206],[-4.169174148931922,50.438867489001495],[-4.173024341555407,50.4337587902888],[-4.181826569349209,50.4291867572346],[-4.187131168086162,50.42818767859942],[-4.173511119260332,50.422866543582664],[-4.174024391574235,50.42177762731309],[-4.189911299780648,50.424357727395986],[-4.197168953192076,50.41081920071912],[-4.200163290672804,50.39646148258795],[-4.19356765652967,50.39379784203418],[-4.182251077337299,50.39248175401266],[-4.189854354835079,50.38955052685471],[-4.186323618514321,50.384670052351275],[-4.182742642774028,50.37622862573129],[-4.183691338897049,50.36748621620713],[-4.178179132565779,50.365035217011645],[-4.171288972944632,50.36534401036094],[-4.167852433157586,50.363681221948944],[-4.161577623309748,50.36638846448764],[-4.159272697043026,50.36053096918994],[-4.1547731215401855,50.36052452206498],[-4.1432302584777885,50.36334629575102],[-4.132239435477197,50.36282886881747],[-4.133577045924454,50.367571346443995],[-4.127784060139466,50.366957976216725],[-4.122336530399488,50.36462908167695],[-4.119795828204596,50.361257581091714],[-4.114188265751671,50.361314733553826],[-4.1075828400628795,50.368045532154426],[-4.108319799682898,50.37198068643108],[-4.105540497652116,50.376546215481795],[-4.098838486100325,50.38275656139543],[-4.086845313257205,50.38673207322568],[-4.08684810346704,50.382630621041095],[-4.097660703050152,50.37901819236438],[-4.101499619457099,50.370404246770924],[-4.105314766843155,50.36763691303241],[-4.110423765540844,50.35917952185922],[-4.113554352748305,50.36002207851647],[-4.124151036900656,50.358030045861526],[-4.119740751931804,50.35055527694011],[-4.120415311093441,50.3467653304347],[-4.125828456908224,50.3420793080068],[-4.12472912845725,50.336342990860516],[-4.119269292725672,50.33365441140796],[-4.116714546764611,50.329923318215876],[-4.119590894493604,50.32825190040826],[-4.11696910341169,50.31984493606257],[-4.112617682262865,50.31992412324025],[-4.109318664743152,50.315217008892006],[-4.096063908476057,50.31725572583281],[-4.0819740722002384,50.317248172273025],[-4.066782343084337,50.312563447433554],[-4.05908241738027,50.31314985703524],[-4.052829402958227,50.311461613031504],[-4.053529321344347,50.317925187724754],[-4.044818134563733,50.32770273981947],[-4.039775571953947,50.334627039428526],[-4.033249147807815,50.338761853818404],[-4.018884864347487,50.341377747055574],[-4.017404048161321,50.34059397273663],[-4.037667401206548,50.33133612032428],[-4.043625534762955,50.32610473643698],[-4.040721398463268,50.32390718380277],[-4.0504489541199264,50.31815946607246],[-4.047098236710976,50.31210237645714],[-4.052178986381864,50.30940439664835],[-4.058591466924729,50.31153956836873],[-4.062989241743895,50.3093029276729],[-4.069156462155906,50.30901338859852],[-4.073397110532881,50.30318138811608],[-4.063660304870032,50.30209550393226],[-4.055737223238824,50.29746892154803],[-4.050666803776832,50.29710879790912],[-4.048313774798769,50.29463187418336],[-4.031526030455464,50.29276795421557],[-4.023647368093575,50.295693689780485],[-4.017697478097265,50.29444800719533],[-4.014853897819063,50.30025373249383],[-4.009058944736616,50.302692597513335],[-4.001553649202752,50.30120313868174],[-3.9883224449216748,50.3071866510699],[-3.9737118701494247,50.307075952687434],[-3.9666212614573046,50.30513608530716],[-3.965282949192068,50.314271700009634],[-3.9743683507068375,50.32488696859171],[-3.9754310705748637,50.32923869338699],[-3.9736117832934403,50.342365439912804],[-3.9659300081141553,50.356667453354596],[-3.9351630156950983,50.395139076903824],[-3.934960035954355,50.39578292243168],[-3.938478623105915,50.39664122980405],[-3.953040645469782,50.40436469366943],[-3.965686238452782,50.408704269970364],[-3.9714505219856626,50.41885015739402],[-3.980635956262973,50.42552305747377],[-3.9863579422649176,50.43453076684153],[-3.9813482606364055,50.44258333958363],[-3.987024871016318,50.45045361803975],[-3.9997338469114423,50.45592662039012],[-4.003200747476978,50.45359064698519],[-4.010374617913038,50.454605041881265],[-4.028432246215795,50.45998236369319],[-4.033581962602883,50.455339795022255],[-4.027994358272414,50.44974652691689],[-4.03304553112376,50.44282935458641],[-4.041950396289307,50.442673360526456],[-4.050658507402823,50.437967477228845],[-4.059759891462766,50.44235932927263],[-4.067428945168378,50.454743130873155],[-4.074803343277095,50.460302671193716],[-4.085492828633143,50.460111514567444],[-4.094651934750611,50.46563779914954],[-4.091841469967622,50.48276090420836],[-4.088577554272251,50.489648543201085],[-4.096111018853126,50.49861839010915],[-4.10206612197295,50.51216893408071],[-4.114753951142566,50.516491699172526],[-4.124080744039537,50.52542714814447],[-4.119238457732224,50.53689705992446],[-4.123011606554444,50.541380941165386],[-4.115975057815228,50.543785404038],[-4.118269524889774,50.555125263686335],[-4.1274511312318465,50.56064860587205],[-4.124340895046893,50.57094882987768],[-4.131945884947211,50.58105321269343],[-4.157574537090283,50.59423895689723],[-4.163455739851745,50.6055113961067],[-4.137785343064828,50.63102485330774],[-4.109839676673312,50.64633035044811],[-4.104829807145229,50.65438797938677],[-4.097522212293495,50.65110538467193],[-4.085202224821763,50.655879141804334],[-4.0810925631351616,50.68440598557915],[-4.058867424390352,50.70870151537017],[-4.054488427455284,50.71091021564132]]]},"properties":{"name":"Cornwall Low Ground","short_name":"CWL","region":"Exeter"}},{"type":"Feature","geometry":{"type":"MultiPolygon","coordinates":[[[[-3.9183737684238595,51.23066503616057],[-3.9252896303600897,51.23266477290651],[-3.9273486028788263,51.22983405561498],[-3.9384854776257407,51.22865182400109],[-3.940142720635688,51.22582753018454],[-3.9466194228435527,51.2221676982265],[-3.9567468655351563,51.22020012688883],[-3.971024670536878,51.22087771054589],[-3.979819930774161,51.218930572233994],[-3.9993120915128046,51.21931848397936],[-4.005302190817891,51.21562283232972],[-3.965515299790474,51.21743617395776],[-3.94755139710978,51.22115070171377],[-3.9386878293323413,51.225850006416444],[-3.9183737684238595,51.23066503616057]]],[[[-4.031751922198175,51.21000730754559],[-4.039606649686617,51.21051102606172],[-4.050699748171888,51.208509437525784],[-4.053268028761239,51.21281706383084],[-4.057286211981694,51.21237773884838],[-4.06626274589785,51.217471512441946],[-4.066372006051731,51.21383634639475],[-4.0726953459288975,51.21530726245023],[-4.07701698096725,51.21461007321596],[-4.0822378248181685,51.21607306820785],[-4.088038350185716,51.215466046198955],[-4.09417205855698,51.21305413161416],[-4.0992419924048376,51.21370968367395],[-4.106570229047473,51.20988171910927],[-4.1110746430089575,51.21194988348665],[-4.1215836697902395,51.21100430099329],[-4.142214845689496,51.20728275436201],[-4.145398592946985,51.20431957078009],[-4.157434188462164,51.204538842338316],[-4.160570486713825,51.20180993769576],[-4.167805304644494,51.2028451864373],[-4.170690844585024,51.199365214666955],[-4.191226798729655,51.20076292148789],[-4.193550352002797,51.19935237550952],[-4.2016638770003425,51.20049495332068],[-4.203642177601945,51.196356723968],[-4.208253155823686,51.194902754887224],[-4.209911224786185,51.19096831142475],[-4.231046295750257,51.187931923705605],[-4.21440806174827,51.182672285414675],[-4.2105071836174295,51.17830336093322],[-4.212927029178697,51.176548844239846],[-4.209471515359616,51.17250421124305],[-4.211308972050579,51.16097590262927],[-4.220172670727065,51.14630150646158],[-4.224011580044803,51.14466367329705],[-4.256132043544577,51.14688109915726],[-4.259332958263854,51.143329800622965],[-4.256975062758998,51.13954412020622],[-4.235854511817061,51.132926109015564],[-4.234854458020876,51.12997738518547],[-4.239820531803873,51.12331707467316],[-4.236817350723346,51.12031679970311],[-4.220650419860466,51.11693776659827],[-4.221262894942614,51.08829980867023],[-4.216106247260885,51.076022635735505],[-4.206524361560735,51.070870830350685],[-4.197524392085294,51.06891799057397],[-4.186424009284337,51.07295748704054],[-4.184651913025608,51.07655205958544],[-4.1674392088178305,51.08001135666783],[-4.167921016792635,51.08787169525498],[-4.162781511453983,51.08330832915478],[-4.152710900999931,51.08475338241486],[-4.134722267176871,51.0848136062643],[-4.127671288972252,51.086740891612976],[-4.1261009285275,51.09297492127495],[-4.108007129294515,51.09393226054334],[-4.095589081142339,51.08777032620757],[-4.078556581362327,51.08306524584455],[-4.073533404580182,51.07993487438926],[-4.075923903163976,51.07720341526114],[-4.0837959360417955,51.0786011543616],[-4.0892151465664694,51.0813193065307],[-4.101818214990239,51.08343156124909],[-4.113078018910063,51.08925405042535],[-4.1161719418436435,51.0882087880511],[-4.115191984409825,51.08238082567269],[-4.117074364706832,51.079828582655665],[-4.125245353819403,51.077431893819636],[-4.15396631182841,51.07950505527406],[-4.152224124425763,51.07242333983649],[-4.168411581431221,51.07241181912676],[-4.17392260178656,51.06877496664921],[-4.180231517925294,51.06694863924372],[-4.181868218954312,51.06472366983541],[-4.181667539908439,51.05104828658219],[-4.178290705628441,51.0487190286312],[-4.188489865191406,51.03716955137703],[-4.198362021864875,51.03267624545767],[-4.197393655867066,51.02366492311411],[-4.202799680359431,51.0089574887658],[-4.200735994118223,51.004211801568204],[-4.187959188621565,50.99986516502147],[-4.193004401908135,50.99895210369503],[-4.203564091799805,51.0040325574967],[-4.20546064415629,51.00795394143784],[-4.202094754406072,51.02446674224696],[-4.20290528364186,51.03464117807919],[-4.19584534530725,51.038875181048304],[-4.188402332967462,51.046812267351676],[-4.189242439120618,51.05403631766233],[-4.193823506818621,51.05736791641486],[-4.197743995324509,51.05728523214505],[-4.20458924316677,51.052983246457785],[-4.210078363275364,51.05198916267544],[-4.214335145435733,51.05716977952728],[-4.211569084639185,51.06051381673556],[-4.218627589027571,51.06516454751676],[-4.223481687144725,51.06459560442306],[-4.226462317802945,51.060977386825115],[-4.235320399039707,51.04192169262582],[-4.256054049025123,51.03909478422904],[-4.264589218589474,51.03187859285379],[-4.277789995103696,51.015748044454384],[-4.284909983979584,51.012955809331274],[-4.287189773271356,51.00887300449404],[-4.298867582920035,50.999407127134816],[-4.315603677113691,50.99260091201868],[-4.3437624874093865,50.98862139979487],[-4.373757092289488,50.989994056464134],[-4.389532126799737,50.99470882314176],[-4.401109963723115,51.00364504724552],[-4.417418723873451,51.01244632108086],[-4.4248991302791545,51.0142698737055],[-4.433722069132825,51.01340278299207],[-4.441847923222218,51.015283751674914],[-4.450632150803789,51.01530658955131],[-4.461514454297766,51.0202132340669],[-4.471605025630234,51.02225757522428],[-4.494611241840772,51.020743053504205],[-4.500167072907433,51.01905028404925],[-4.513451361084135,51.02211086874507],[-4.517261656983958,51.02031993048979],[-4.524297778151138,51.02016803859985],[-4.528765517576363,51.01658168718156],[-4.526035306406222,51.01226068869256],[-4.533717142599959,51.01011555787704],[-4.531247964558012,51.00640060735671],[-4.532448410481933,51.00069932777254],[-4.528670641219901,50.99702169407619],[-4.534432641597926,50.99029510588442],[-4.530726568324076,50.989754912877366],[-4.530615889424091,50.9819594500029],[-4.535889131089181,50.979110814371964],[-4.53088677771819,50.973058427550676],[-4.532896169054145,50.96914738186221],[-4.53133086207606,50.96603340379393],[-4.544007388146822,50.95248247078278],[-4.540951638269465,50.94997671729994],[-4.542815070809797,50.944467695003766],[-4.545690689821559,50.94159882878603],[-4.549902365621365,50.94130001391083],[-4.544292101959022,50.93288600922128],[-4.463660144720714,50.935458108179866],[-4.457873021281387,50.933899188052536],[-4.447252503806794,50.92260280244541],[-4.430854034674898,50.9097441386497],[-4.421058631927038,50.90394700000982],[-4.405424592010613,50.89905740421141],[-4.408333654605052,50.89371968425349],[-4.395513941544081,50.88142347965484],[-4.38060580848519,50.85945417039637],[-4.359052028752958,50.86092637539026],[-4.346163450167165,50.85626839684397],[-4.320830858845388,50.83113974376437],[-4.301046539910034,50.82567670004357],[-4.2772234090538115,50.806947672061746],[-4.260872395155699,50.80710752887745],[-4.255520929379108,50.79472944073786],[-4.252059198920673,50.79208644698389],[-4.206354276093209,50.784163406421136],[-4.193584236816748,50.77931385762076],[-4.133456237927655,50.729134093053624],[-4.112567708639004,50.72589679090106],[-4.104294866936793,50.72654161321134],[-4.098078140288439,50.72887796113391],[-4.080871940813459,50.727359525977356],[-4.075449255488436,50.7314638001956],[-4.066811427114487,50.72987058045165],[-4.066793591559259,50.72067788108542],[-4.05876579250376,50.71850033033332],[-4.054488427455284,50.71091021564132],[-4.044836276257666,50.71577731266745],[-4.011190767611574,50.72546776610802],[-4.002183744518144,50.7244847405352],[-3.9704582005366147,50.73754465409696],[-3.954375608676058,50.738953541441376],[-3.8986296211319864,50.73532254941825],[-3.882362927708551,50.732172105065416],[-3.875012841635473,50.72773819780673],[-3.878323711066776,50.72085630366008],[-3.8692295574385964,50.71758822913088],[-3.8532401393483546,50.72125787522714],[-3.827890399916459,50.71482966851978],[-3.790355299194208,50.71768852281455],[-3.7727393659428508,50.72592439911824],[-3.751108376173322,50.72283715540687],[-3.723896088620373,50.714138200902106],[-3.723520537291333,50.7039010304029],[-3.7180638504523844,50.70170544383716],[-3.6747931744966045,50.69436881887735],[-3.6562033652659833,50.675287205294126],[-3.645263561674684,50.669751809080594],[-3.6395370279286876,50.65958982461423],[-3.642679512867195,50.64702666191691],[-3.64049419290275,50.63567662409706],[-3.636679783572363,50.62890177731863],[-3.638191374917842,50.62091392389661],[-3.6468536236305202,50.61282514241877],[-3.696583004218721,50.60300653711527],[-3.7016988465724276,50.59610330518677],[-3.6851273520339327,50.58268712454213],[-3.6779000434772837,50.580515302006205],[-3.676809264519207,50.54980228695894],[-3.6927552292117416,50.546157181759014],[-3.7191607971478775,50.53552720373835],[-3.7540965389373206,50.51451984896778],[-3.762465554281758,50.49959782949126],[-3.758560735766508,50.490551922172635],[-3.777789902199569,50.48001657228315],[-3.792714624597909,50.45019612807733],[-3.8029711936990247,50.4386562370959],[-3.800801566705306,50.42844659800571],[-3.816696983379674,50.42478497418871],[-3.8430071603723444,50.414127706622565],[-3.856625324757235,50.39797698671975],[-3.869036911338675,50.396639999007704],[-3.8936765673260147,50.3894123950062],[-3.907909498220143,50.389179719510345],[-3.934960035954355,50.39578292243168],[-3.9351630156950983,50.395139076903824],[-3.9659300081141553,50.356667453354596],[-3.9736117832934403,50.342365439912804],[-3.9754310705748637,50.32923869338699],[-3.9743683507068375,50.32488696859171],[-3.965282949192068,50.314271700009634],[-3.9666212614573046,50.30513608530716],[-3.9596921665847784,50.30425516990913],[-3.953875410515645,50.3062419167642],[-3.951611039276599,50.309248076408906],[-3.9465620508315133,50.309422702140715],[-3.933188505359054,50.3225077090598],[-3.9403316432783853,50.308177759152095],[-3.944321092721497,50.3061323407771],[-3.9448541074594328,50.30198605815524],[-3.9418559049651805,50.30077700174608],[-3.941820506593757,50.29646034254537],[-3.93663980935546,50.296816630480606],[-3.9319256088879273,50.294826422691656],[-3.921460219651977,50.29643903094741],[-3.909709518991654,50.29402441257634],[-3.896831275490949,50.28793938345215],[-3.892498857867838,50.28135428717824],[-3.885909506448599,50.28155137042733],[-3.878581079566883,50.28436835907193],[-3.872120117347817,50.280695063717666],[-3.8668459753648685,50.28221900022846],[-3.8648088253599724,50.28755830190657],[-3.8595862581081226,50.2904302054337],[-3.860848971680589,50.297605351667315],[-3.851109243017644,50.30351719034476],[-3.850127645955838,50.299935150076905],[-3.8559550988183666,50.29813332755756],[-3.8562784464445157,50.29201210964894],[-3.8504839337731607,50.29102522914008],[-3.8616872557497377,50.286708936698254],[-3.8649204506512755,50.27964159699051],[-3.869514173420297,50.27866835034387],[-3.8771876480284915,50.2810630135457],[-3.8790156397229842,50.27401795735315],[-3.8682220914743697,50.267176509027536],[-3.866693198141648,50.263963155605154],[-3.8607967192048656,50.26387786378681],[-3.856919720634286,50.26160139385412],[-3.855528489085998,50.25829575235783],[-3.85832245366482,50.25438356494516],[-3.859216795175992,50.24492528017869],[-3.8687654020697613,50.241624061159584],[-3.8582400486307384,50.23423772203299],[-3.8521966524966578,50.233884533209945],[-3.846024867014578,50.23020518924593],[-3.8392606642454683,50.22932312725622],[-3.8290743532879987,50.223277936885644],[-3.825547600585893,50.22270382354256],[-3.821958931782346,50.21682395543309],[-3.8117599847811907,50.214015393214076],[-3.7991558258866673,50.21430127263467],[-3.793967765188409,50.21051399589707],[-3.786906945402571,50.20909382525846],[-3.782461528927806,50.2101515051239],[-3.784710225157508,50.21407443974171],[-3.7788500349037393,50.214793940189985],[-3.779641052941212,50.22248988021664],[-3.781743398051247,50.22473318844492],[-3.774464007364545,50.228802082075845],[-3.7642130811852033,50.23597370858162],[-3.7665817786737956,50.2393555029549],[-3.760414691027091,50.23944912819569],[-3.757472038666062,50.24713873872786],[-3.7636360253910173,50.250732934045615],[-3.7633249650827696,50.25370573266134],[-3.7849697926907333,50.25481424870906],[-3.782079164688655,50.25629769604345],[-3.771860522920478,50.256903706547035],[-3.770291292279139,50.25998564686421],[-3.7661478356581672,50.26175760118765],[-3.7686612120706893,50.26900463348549],[-3.7654182897489044,50.27238178955674],[-3.7593562939640806,50.27544180672926],[-3.756985658001566,50.267850649445585],[-3.7599944238165643,50.2623006901444],[-3.75766802863025,50.2600873708137],[-3.749602866644511,50.25823039684621],[-3.74396557406648,50.26137316597635],[-3.7421057286241135,50.25654423169776],[-3.747162038331228,50.25287063806672],[-3.7543699568085036,50.250513470348146],[-3.7506937576382717,50.24589196254959],[-3.754519773422202,50.24313598700765],[-3.7518582194224654,50.23939860149588],[-3.746167414757432,50.24101329559716],[-3.738376431331591,50.2388816064772],[-3.7595748497626102,50.235684293409065],[-3.7682750283873325,50.22826687111454],[-3.7710445259037373,50.22354768395911],[-3.7610808703716256,50.219471902181866],[-3.7461576508038834,50.21771849268751],[-3.7419965339164545,50.21508271612247],[-3.734512976566097,50.21357576198915],[-3.729776568793755,50.20663092266422],[-3.7248968829313944,50.20733309326136],[-3.7214973422851356,50.2024367223589],[-3.7180908010643736,50.20122797992765],[-3.7110927694864775,50.20537868639074],[-3.70506033408444,50.205197582082185],[-3.700626726056709,50.210569155672],[-3.6892416077342256,50.21361343919145],[-3.687133347397917,50.21742162992704],[-3.679684638285424,50.22085742409835],[-3.6591749521098995,50.219623208204325],[-3.654324090316795,50.21717404486841],[-3.6452707921812557,50.22170975836152],[-3.6393622878758247,50.222332947766446],[-3.6531621342926464,50.22816341586736],[-3.656918061286668,50.23944247536763],[-3.649205159704185,50.267883561287704],[-3.63920225730959,50.29122970681691],[-3.6255352354120864,50.30626177292645],[-3.6113690544407104,50.315093254287596],[-3.606866380212273,50.31902299094109],[-3.5942267365755565,50.31910710967244],[-3.591419305298664,50.32337273024211],[-3.5848943084679448,50.325710366075164],[-3.5806456781252423,50.32468895078355],[-3.569736929373655,50.32618587271401],[-3.5700106992782343,50.3302294309798],[-3.5615852028123185,50.334659995289705],[-3.5636384299934045,50.34155768352411],[-3.571008411826145,50.34343696928645],[-3.574498881368415,50.346987297725136],[-3.5757525586448153,50.35938185231723],[-3.579292598216172,50.360143265319905],[-3.592442127967134,50.358165121129844],[-3.5861279102043473,50.362748372519434],[-3.5831886022144834,50.36314818999127],[-3.5785800221269084,50.372564461084785],[-3.5951099213072464,50.383221420422494],[-3.59279606069546,50.38972870132104],[-3.5983254230079322,50.391001906088825],[-3.604037245900364,50.385167196769736],[-3.605833798574306,50.3883801846821],[-3.622548563647786,50.391745696014695],[-3.6321676685281172,50.397367147692265],[-3.6390743142271194,50.397719696600404],[-3.6420813222650565,50.395158992441196],[-3.660837446822443,50.39237433512005],[-3.662603502781059,50.39459756872239],[-3.642271662320357,50.39659532267359],[-3.6426275155221113,50.398748823312886],[-3.6360731750576347,50.40046011498159],[-3.63282746508181,50.40428314872005],[-3.6434893078359765,50.40332351418852],[-3.647692956640493,50.40686157253935],[-3.6435726065422425,50.40979790861976],[-3.6534477669853294,50.41046737510275],[-3.6543732264416087,50.41279261517519],[-3.64094332274429,50.41109417510057],[-3.6407414547784684,50.40525102407784],[-3.633241688122541,50.40814468383226],[-3.6291457307855133,50.403615276888246],[-3.630557163441564,50.399638203452795],[-3.6221916880716973,50.39777655361968],[-3.619837620970488,50.39888862935203],[-3.613707594078538,50.39654551906596],[-3.611060342546181,50.39316456555514],[-3.6059492268899556,50.3917962504857],[-3.599265946240619,50.39386700131945],[-3.5884646041013792,50.39482449285313],[-3.573737630398015,50.39196683269446],[-3.576436789503582,50.38851262170789],[-3.589288343525043,50.38159230619746],[-3.579043244856505,50.37804441422401],[-3.5759867209655978,50.374938039750624],[-3.5728057321536983,50.36805585432253],[-3.5745711155287268,50.3619161397574],[-3.5686046488618692,50.35579103155379],[-3.570857977141509,50.347396308436345],[-3.554372869526885,50.34186182373611],[-3.550462870372306,50.33831649226925],[-3.5439867944516905,50.33795299659811],[-3.542643957025396,50.33554248049503],[-3.5339557184974377,50.33628702765683],[-3.5288663941106853,50.34408878879526],[-3.5193248232753467,50.344573638361474],[-3.516159462653326,50.34668354703916],[-3.5124541591535574,50.35392687302991],[-3.51916169543171,50.35707719325373],[-3.511789897875676,50.36841554513981],[-3.513172189329177,50.372085020178794],[-3.5061455062540405,50.37667314703377],[-3.5057863905835767,50.37865642989997],[-3.4946013922216284,50.38077936744959],[-3.4953722378976186,50.3829279606069],[-3.5019166201740686,50.38527193221562],[-3.501026040975431,50.388251373664964],[-3.4911436834193683,50.391616268373866],[-3.4862638130899906,50.3975246720401],[-3.4801229794208854,50.39913192702204],[-3.4963713986912697,50.40126236149177],[-3.502798927865606,50.39983041827165],[-3.50831083214724,50.39616155870381],[-3.5159569419443124,50.402087952474616],[-3.5210206102351025,50.40202183469548],[-3.5272962200237203,50.40463771412644],[-3.5429746323521862,50.40209237434004],[-3.546189026771273,50.40573712891493],[-3.5535448298563037,50.40689822782941],[-3.5519423116292614,50.41384482601899],[-3.5548032076879106,50.41524561755238],[-3.5539301460766195,50.41867491499284],[-3.5572055044454687,50.42411730000961],[-3.556332467996525,50.427546610314785],[-3.5516005237625854,50.42922870343153],[-3.5559051116808083,50.43168945022272],[-3.554818751122231,50.4415071463276],[-3.550302537516676,50.4455246599762],[-3.548762833830636,50.45013196277187],[-3.5412239982074682,50.452210699779656],[-3.5357596267077187,50.461816275302],[-3.530111766909954,50.46144100865828],[-3.526247339707155,50.45956712244491],[-3.528397403308467,50.45633714544304],[-3.5207961092559477,50.45652669700207],[-3.513660445754353,50.453651845015926],[-3.5021382890317105,50.45901751587725],[-3.490263525157036,50.45773124810539],[-3.485689559999526,50.46012809729306],[-3.4813293877192515,50.46036356831767],[-3.478878531049251,50.463092839615335],[-3.4867825206718943,50.46353171950774],[-3.489377386854317,50.469884013593166],[-3.4975898827046294,50.47112764163012],[-3.4997568927701983,50.472808520252045],[-3.495638657195067,50.47627911134325],[-3.5027709849461903,50.47897523830706],[-3.5091309139110627,50.479522478447926],[-3.5127708034479905,50.48316260293514],[-3.5101863414495287,50.491407354100595],[-3.5124809750038386,50.49350903958725],[-3.511086855197595,50.50548864984019],[-3.507100543081565,50.51759174856811],[-3.49662573043726,50.5342750633344],[-3.4920930081856243,50.538200476949996],[-3.505518976689679,50.54324386016843],[-3.510969275513644,50.54155440452554],[-3.5356450461916404,50.5408717494335],[-3.5379817935814946,50.53895224902966],[-3.54767704473077,50.54197149852419],[-3.5660500378249127,50.53848807465918],[-3.5790064437675824,50.537683487956215],[-3.5829981569424283,50.538888376470744],[-3.5726942780023196,50.543075165728496],[-3.5666013150850815,50.54234790180377],[-3.5588021049540943,50.545510421361165],[-3.5261144313035397,50.5472925783854],[-3.514634349435866,50.54582367597457],[-3.4982712476269056,50.546125365730994],[-3.4952600699256733,50.54463518265971],[-3.4890864064052685,50.545793541973616],[-3.4805924889435307,50.55399604397523],[-3.4701169283782343,50.56213300809979],[-3.464792760764625,50.56345920350596],[-3.4628193828893203,50.57724402008165],[-3.4534514661539397,50.58491582855126],[-3.4409487611431984,50.59181628611592],[-3.4392362039770967,50.59588450183517],[-3.4224250895760795,50.609563155496424],[-3.4299997853829742,50.60813937414673],[-3.4410047244005875,50.60336313355014],[-3.4432447619591424,50.62576490473389],[-3.4504193047397376,50.642511364297995],[-3.44748027320986,50.64812379617332],[-3.4535438717606657,50.656681903589565],[-3.4647872341378587,50.66337601907954],[-3.4630407315939142,50.666365763018604],[-3.4647419125455734,50.680104167272155],[-3.4815001531048044,50.69086414371646],[-3.474806324263302,50.68960005840311],[-3.46467880305838,50.68262308673739],[-3.459253715156011,50.67657570525034],[-3.453120075293524,50.675033565546556],[-3.448415063644211,50.678509603045185],[-3.4470812990002324,50.671961063938575],[-3.432893565439053,50.65684778584033],[-3.431591977851378,50.64661139660755],[-3.4292396744876426,50.64367248054593],[-3.4224841275140223,50.640562536157056],[-3.4170979761102354,50.63076249264041],[-3.41697556597402,50.62151881666856],[-3.423386571011695,50.61847283530453],[-3.422660543673779,50.61689887307658],[-3.40006300337104,50.60945640657394],[-3.381205884722578,50.60692960466123],[-3.361078537066758,50.60977463754589],[-3.358868580865081,50.606652776444896],[-3.354925750549637,50.607148381053584],[-3.354464665163186,50.615697404866154],[-3.347222183533101,50.61946866325566],[-3.321565399751991,50.627047166801276],[-3.3041417455509587,50.62890730549262],[-3.3072629944505016,50.63031124022917],[-3.304555735076315,50.6489666126451],[-3.3040899669777253,50.63214545991009],[-3.3010765151283232,50.62901353016344],[-3.2861888666037227,50.641472635587164],[-3.2811341398099247,50.65321952455505],[-3.272809302131665,50.659246287556364],[-3.273030976421553,50.66221162064832],[-3.267704375768964,50.66406833788478],[-3.2620759367859993,50.67051460058263],[-3.2300147455096915,50.67832178202435],[-3.1763905554162406,50.68472101602655],[-3.1483516751054244,50.68428125758176],[-3.1200901253282365,50.68635495251768],[-3.093159827697211,50.68490201719462],[-3.089440810192306,50.69545869926531],[-3.085635370570876,50.69621365409615],[-3.081210916822759,50.70084122705941],[-3.0670881810744848,50.702500205391544],[-3.0526369517515786,50.70218197729092],[-3.057513350167988,50.704925660246275],[-3.0552858118815127,50.71924469634976],[-3.051965889665291,50.7164868851407],[-3.0557941044178194,50.70404194813869],[-3.051223170293007,50.702284668218965],[-3.0206974198931644,50.69859910187735],[-3.005584013023966,50.7003492261569],[-2.9912607993819638,50.70604757149419],[-2.979631354477658,50.7052466083579],[-2.9640658789111947,50.7127506162637],[-2.951331425572554,50.713394830659304],[-2.945058113021372,50.71839197209232],[-2.9372898318300793,50.71953384937232],[-2.935349892091038,50.72170773093147],[-2.927472908610363,50.724558474256874],[-2.925144531171562,50.72862377965524],[-2.90738684676314,50.733529591138485],[-2.9011316935449907,50.73303648217393],[-2.9135341588823223,50.74438864133675],[-2.924995616561062,50.74996780296437],[-2.9280622088586097,50.749780534716024],[-2.948846481672794,50.75669127650106],[-2.9550499613885117,50.76056929027389],[-2.954836956724715,50.76396225813601],[-2.9417361901460133,50.77431924084888],[-2.9215528418424954,50.7827544040074],[-2.8958677875824756,50.786439618802255],[-2.8836816045439346,50.79281900258471],[-2.873200820957486,50.79275050560561],[-2.861663508308248,50.800619310782956],[-2.8518579687156294,50.803593277171814],[-2.824006048666377,50.80859376667556],[-2.7852566657120486,50.8101794133619],[-2.781837316541004,50.811340807056666],[-2.7696879319876433,50.822250653143264],[-2.7185632332281866,50.83339942947184],[-2.7072688200700754,50.8418846754336],[-2.7086555172395843,50.84452553913624],[-2.715292675643398,50.847494806346404],[-2.7246111407107123,50.84769540433454],[-2.7321670007001853,50.84427956380508],[-2.7412923705320296,50.84344591482657],[-2.7494783199259905,50.84721276299467],[-2.759318093879859,50.845742639838384],[-2.7796661554670132,50.852454537023775],[-2.8068414456976374,50.868451152619784],[-2.8040852898127087,50.878637190584826],[-2.80597238449565,50.88420679657345],[-2.8153930501152558,50.884688127438565],[-2.8349321001290795,50.890071370147986],[-2.8428538409820288,50.88699207239149],[-2.8711651915061447,50.88549093715256],[-2.8838057627024076,50.88336538715979],[-2.8957882883438173,50.87980466756814],[-2.911510395715758,50.87242944690816],[-2.9665146180942505,50.871409460002674],[-3.0069367036303105,50.884875052592875],[-3.00782475088305,50.889009403885375],[-3.004596021809672,50.90069714373153],[-3.010618421422644,50.913311374818655],[-3.0288298403091733,50.91843988792272],[-3.032254782076675,50.92727378207451],[-3.0415253176655255,50.93365889592468],[-3.045713257648653,50.93466916322317],[-3.0695976520260393,50.93268657945285],[-3.075441703154096,50.93500779691861],[-3.0856792371481254,50.944027999875324],[-3.091568578717977,50.943933526162205],[-3.102794866270587,50.938803819528786],[-3.110390430988742,50.938007939401665],[-3.1165820127725468,50.93940483615809],[-3.1248359513837167,50.948549356640505],[-3.1477800782521115,50.9447748645447],[-3.185292576404402,50.948367579231586],[-3.219987441689136,50.94340327766528],[-3.229161025541466,50.944254891264904],[-3.24652916332568,50.94280186421619],[-3.2541855216888376,50.94073150077043],[-3.270542193447296,50.931118511528695],[-3.2973650917687305,50.94240444040659],[-3.29564440468991,50.96110250581414],[-3.3252724600162136,50.960286133197584],[-3.3454362002960805,50.97598449701527],[-3.374883650591474,50.97136268521428],[-3.3787920191412106,50.982136804864936],[-3.400783511977951,50.98705939886928],[-3.37567670736578,51.00533169646037],[-3.3732867241144855,51.03559168407566],[-3.3757215120152884,51.041894801278794],[-3.3853707215432385,51.04962872389516],[-3.3923343005974336,51.06560600778716],[-3.409795282012291,51.07286690527911],[-3.4135748551187706,51.07823662055738],[-3.4131441361266734,51.08588648331674],[-3.403712789605163,51.09355946565859],[-3.4109092889859047,51.09457376317387],[-3.4143834061795966,51.08997986651042],[-3.423379988118102,51.08873266819642],[-3.432235498677202,51.08293458330964],[-3.4350730756984325,51.05786414804909],[-3.4403116707552903,51.052109759999574],[-3.4509627263941947,51.04628803397176],[-3.4672038496031887,51.046085208074],[-3.4670600698447487,51.04153504886216],[-3.474133130272212,51.03689404517716],[-3.492065337170058,51.03325241132807],[-3.5206317661103643,51.023780066406914],[-3.551635348817448,51.03361438826497],[-3.5626889669102093,51.040295068022644],[-3.5789271521900012,51.0400767362142],[-3.613325657118728,51.04302079386055],[-3.6277202256938215,51.0416831168767],[-3.6477686623352206,51.047092123904505],[-3.6821350328804128,51.04887839902737],[-3.6965292255830966,51.04753224798081],[-3.7147833249577284,51.05295584085407],[-3.7239753329649474,51.05737264293041],[-3.7419375264849974,51.05483018234636],[-3.7583085946024286,51.057999021799475],[-3.7730073663575725,51.06460503652112],[-3.7820323593807608,51.064467740022806],[-3.798762291303598,51.07672966721784],[-3.807789516957333,51.076590358716395],[-3.808410543906396,51.09251309205645],[-3.8502669395130424,51.09982409615392],[-3.8554125752680775,51.092914346795645],[-3.8562326462629772,51.11338582170548],[-3.8619732065836962,51.121260696045546],[-3.873091983809771,51.12791121091835],[-3.8848162122368617,51.14934524047789],[-3.8976135012707394,51.152552306393055],[-3.91031856548318,51.153483433897016],[-3.9196906815442447,51.161296115767826],[-3.919926842332777,51.16698236762981],[-3.93649225367818,51.173537360535185],[-3.948915986505542,51.16764081330485],[-3.9616743539735686,51.1697035292287],[-3.9733047732598084,51.187716329561525],[-3.9844066516392624,51.193218627185956],[-4.008181159054762,51.1985029720526],[-4.028440593052577,51.206119595710426],[-4.031751922198175,51.21000730754559]]]]},"properties":{"name":"Devon Low Ground","short_name":"DEV(L)","region":"Exeter"}},{"type":"Feature","geometry":{"type":"MultiPolygon","coordinates":[[[[-2.4167811241439945,50.56904983092835],[-2.4138423411310925,50.57046321666444],[-2.4110731852026395,50.58488870701641],[-2.4126842706232736,50.58498192897757],[-2.4153857396779794,50.57094333835532],[-2.4167811241439945,50.56904983092835]]],[[[-2.4160924523991705,50.58703816976888],[-2.42774454563655,50.59463992179998],[-2.4287837775895977,50.593952637381975],[-2.41721691604451,50.586404640524954],[-2.4160924523991705,50.58703816976888]]],[[[-2.014245589662506,50.689130175238006],[-2.016795532387479,50.69407582342004],[-2.020617278982669,50.69209680455486],[-2.017075308061855,50.684903209030665],[-2.0128288750377687,50.68526347241598],[-2.014245589662506,50.689130175238006]]],[[[-1.9654023962983114,50.69416194384194],[-1.9763029456615993,50.69623296763343],[-1.9869230850839257,50.691648335390404],[-1.9835269206633601,50.68715155327932],[-1.9608787045670462,50.685887223115884],[-1.955496776472138,50.688942830611964],[-1.9554925476476166,50.693439187272354],[-1.9654023962983114,50.69416194384194]]],[[[-1.8442230133709603,51.37225444998457],[-1.8506763166208824,51.375769585998924],[-1.8521031912401011,51.378828556649935],[-1.8579874228549544,51.38099381921295],[-1.8837067708897026,51.38129185602437],[-1.8864321861860007,51.38318276916477],[-1.8940504660415816,51.38211088935047],[-1.8986428305247118,51.38472251849743],[-1.9104261592619816,51.38473209071634],[-1.9135848400179343,51.386173118167505],[-1.9209172821419211,51.38411020109674],[-1.9319700215550157,51.392209587548464],[-1.9421752351412012,51.39149572241698],[-1.9535359443665365,51.384757014567086],[-1.973944393114418,51.37918846227282],[-1.9833902640504333,51.358686427981965],[-1.977279966779431,51.35464193634713],[-1.966686940985175,51.35127282121065],[-1.9642463151189684,51.34488443153555],[-1.9604185921870896,51.34193936091122],[-1.9338641452902574,51.33236127826945],[-1.9392135510715895,51.32243437936994],[-1.934043803901806,51.314884921363756],[-1.9318906265276075,51.30677122260232],[-1.953594467738857,51.29517789366177],[-1.9698340903891673,51.27723924934573],[-1.983483364907281,51.26521172408181],[-1.999127653540907,51.25497030579858],[-2.0038790733963703,51.25262789458757],[-2.0123685329154375,51.25156088916317],[-2.0262309761547614,51.25355563443835],[-2.0380826010956805,51.25703749127425],[-2.0649756076380585,51.268950649797574],[-2.0743735898498015,51.27110038428623],[-2.0829578911359548,51.26778638011543],[-2.104153381779373,51.25271543228701],[-2.1507777671103407,51.2514847130743],[-2.152968360474946,51.247061387864306],[-2.1526055476706594,51.23625367071233],[-2.1621827624810748,51.23103812147095],[-2.174403224347591,51.23169049958839],[-2.197564893772222,51.227297863343544],[-2.220999158117967,51.22623526472913],[-2.2260997259208253,51.22060753909009],[-2.231999561557612,51.20313811247165],[-2.2410956134820568,51.19187975185172],[-2.242333425355983,51.16974798853184],[-2.248950100572882,51.1517608769274],[-2.297279239550757,51.147196791493414],[-2.317102267401612,51.140766657612026],[-2.3235537863193056,51.13737693691269],[-2.3426035598992203,51.12093910013351],[-2.3520588314883977,51.11938772809806],[-2.358142338604203,51.11657080417999],[-2.3579171581015124,51.10610840161592],[-2.3608934025597255,51.10018691362819],[-2.369155953831393,51.097254873627755],[-2.3958056264921965,51.09845611129224],[-2.3998699444216904,51.09282137072605],[-2.409200962076452,51.08643613170225],[-2.420306316056639,51.0723455268442],[-2.436880272163632,51.06262089335131],[-2.454926129203695,51.05680053806832],[-2.4592694870247107,51.05392223055326],[-2.4645904810793002,51.047881816018865],[-2.4616310641495747,51.03960543721177],[-2.4612922557727237,51.029200878581555],[-2.465179330239412,51.01241042488779],[-2.4434112955590495,51.00001019289562],[-2.4349571358950413,50.98184965002269],[-2.416667439972832,50.95443762333113],[-2.435613544815285,50.93873159953875],[-2.450736783272767,50.936823523460916],[-2.4563617949838386,50.937911371045175],[-2.4625552451910036,50.94279228483054],[-2.477594112048897,50.94191616292686],[-2.4911626878352955,50.93816486171596],[-2.520586380373476,50.92254792109894],[-2.5227185408952715,50.91702598179532],[-2.5208799291274353,50.91352177165208],[-2.5126968791351127,50.90927846656998],[-2.4924754500785715,50.905738955214],[-2.4907200958014064,50.90073934262588],[-2.4974847310335866,50.896994095782844],[-2.5114930610518162,50.89341299637243],[-2.517806939234497,50.89029981963295],[-2.526827007405435,50.874362470760445],[-2.5070605171944207,50.85696955499482],[-2.501486326454545,50.84910001388938],[-2.5016254432423866,50.84323624936415],[-2.511868207819119,50.8342540806691],[-2.542655057962655,50.82840364567221],[-2.55297658939979,50.830284156385126],[-2.572475887804486,50.83709179761981],[-2.5792533073480124,50.8366770697016],[-2.581983838336844,50.838569005844555],[-2.5943006612151716,50.840556347582975],[-2.6010172685435995,50.843129755579334],[-2.6093209329905944,50.8414455569635],[-2.619571788612722,50.83538631544524],[-2.6427329589815516,50.83659726622884],[-2.6578598795495427,50.83903176396838],[-2.6761030531132204,50.836914042071186],[-2.6829225572195865,50.83206589819717],[-2.6878804556180578,50.83067261976689],[-2.698483556643067,50.83288471728399],[-2.707268820070069,50.84188467543358],[-2.718563233228174,50.83339942947184],[-2.7696879319876473,50.82225065314323],[-2.7818373165410093,50.81134080705663],[-2.7852566657120437,50.8101794133619],[-2.810919502979377,50.809852682420164],[-2.8415890164690163,50.80587824559634],[-2.8616635083082573,50.80061931078292],[-2.873200820957503,50.792750505605596],[-2.883681604543942,50.792819002584714],[-2.895867787582474,50.786439618802234],[-2.9264085745913504,50.78140856289105],[-2.9417361901460297,50.77431924084888],[-2.9548369567247073,50.76396225813601],[-2.955049961388507,50.76056929027386],[-2.948846481672826,50.756691276501044],[-2.9280622088586052,50.749780534716],[-2.9249956165610698,50.7499678029644],[-2.9094375532176673,50.742165909936084],[-2.901131693545002,50.733036482173944],[-2.88098194593779,50.73094435442315],[-2.8395987789000605,50.722526711118526],[-2.829126240576221,50.72314124891651],[-2.8090526317645463,50.71743696228776],[-2.8028406650212,50.718648987762855],[-2.78652203916098,50.716961683205184],[-2.7700113483697164,50.71212587117381],[-2.7231798458127274,50.69695819699024],[-2.660418233942191,50.67412925706233],[-2.6211513042529844,50.658427861664855],[-2.568645773239541,50.633426021814934],[-2.487584890251073,50.58855928625916],[-2.452024163728439,50.562982950534035],[-2.446457736768248,50.55661942347817],[-2.4535197405052807,50.54229326676515],[-2.4510966773943634,50.53978464293742],[-2.4535021004839437,50.52574618956244],[-2.457670666684862,50.51916495567143],[-2.4545062089067287,50.5127922986816],[-2.4399133492998684,50.520852187826215],[-2.434078977998279,50.5306764927755],[-2.425817320276072,50.53763163247914],[-2.414856823439337,50.54288715852677],[-2.41280127065757,50.54990899675727],[-2.4199671317783635,50.56211380211486],[-2.4250916729907144,50.56677153878564],[-2.4389452859839684,50.56851871287723],[-2.4481222906964595,50.568393815924914],[-2.4549196893301835,50.57043583020944],[-2.4659721120556597,50.58145344402199],[-2.4694981718170843,50.57953277258619],[-2.5323911059262683,50.615881386109656],[-2.607934812067218,50.65382129069252],[-2.595909289798778,50.653703571290755],[-2.5974207334457007,50.65018860934368],[-2.594570376178562,50.64849454671887],[-2.569977028828371,50.63827567441537],[-2.5592121601748685,50.636799065907276],[-2.5544708141775785,50.630436783815846],[-2.5437154760786718,50.629588202168264],[-2.5456375029405898,50.62463312120062],[-2.5416793181797734,50.62465159866952],[-2.533838089466194,50.6188424210085],[-2.5247698721083083,50.61690519874701],[-2.5208252391966495,50.61809198498094],[-2.513891503094567,50.61740335707131],[-2.5111318853900326,50.6105808942883],[-2.506050069135735,50.61114266426351],[-2.4929551494262463,50.602295853598946],[-2.4965900726850534,50.598593309713195],[-2.4934525994113312,50.59581884147851],[-2.4712339670464427,50.58363553513017],[-2.4660871361329493,50.58594945376969],[-2.455472822897394,50.59849162956798],[-2.447724210073605,50.600859841446024],[-2.4295909648731295,50.59571227295222],[-2.4286956848397376,50.59669580044655],[-2.446885816104594,50.60185228234983],[-2.447353214864925,50.6064368686365],[-2.4573828129929454,50.60603818608958],[-2.4550100491683264,50.60910506889635],[-2.448099938308637,50.61066065917248],[-2.4481486647397355,50.61578641921391],[-2.4379361707765237,50.62715629901056],[-2.4209110898464203,50.636301865699174],[-2.4104356306443027,50.634990329847454],[-2.406318034744811,50.63302634279744],[-2.391359632622672,50.63658478493351],[-2.377777749357749,50.63573035474055],[-2.373517196421452,50.63340596028289],[-2.362612587010016,50.631192218133776],[-2.33405746099888,50.63199707171868],[-2.32978554376116,50.62769268658665],[-2.321424664764417,50.62483835872651],[-2.308139543744569,50.6254138497442],[-2.2888927389290346,50.622135850416484],[-2.2700922435838122,50.62227091852616],[-2.258337536118731,50.61834074878728],[-2.242778385541021,50.616305888481705],[-2.220590319678572,50.61697955861496],[-2.2189071218184573,50.61977051799143],[-2.1953120842930693,50.62251036275119],[-2.1834214798763028,50.61839301047528],[-2.1841155762474758,50.61515449152924],[-2.165879728804812,50.61437256684185],[-2.1559904818726134,50.615735175247444],[-2.1440964803013087,50.60882602924393],[-2.1404280011570074,50.61080894351013],[-2.132375577004316,50.61198745894509],[-2.127705283554198,50.60965454248664],[-2.129252203175408,50.606865049823064],[-2.1067622644739648,50.597805095179694],[-2.093481228841616,50.59790646814458],[-2.0804768686036903,50.594588846849284],[-2.0749682402228453,50.59540189262938],[-2.07114898905418,50.59234672120488],[-2.062532275742471,50.593071114464415],[-2.0640814022282696,50.58947312015018],[-2.061814426764032,50.584348409260336],[-2.057003440934964,50.577336420963746],[-2.0537536447241016,50.57598903921138],[-2.0390690778001015,50.57932229408755],[-2.027492350944259,50.58696957959178],[-2.0209953668070204,50.58885945066297],[-2.0031963750200394,50.59074984291634],[-1.9825714219563957,50.590029200330854],[-1.9565768404881374,50.59173111614604],[-1.9503574147797211,50.5950560074239],[-1.9520498846949055,50.59793442886169],[-1.9507739827131279,50.60207061445918],[-1.9438441992316178,50.60710349291276],[-1.9528880731875415,50.60755712268819],[-1.9554302083658666,50.609266757680835],[-1.9559906678442456,50.61448281649526],[-1.9514573063496186,50.62473285003118],[-1.9429694568819103,50.62940528880522],[-1.933211909040181,50.63083897687287],[-1.9237224870518277,50.64099504105387],[-1.9380066388893122,50.64037398697777],[-1.9493112618312531,50.648562864853794],[-1.9504338556169316,50.65710648256649],[-1.9390958453550793,50.67310824342828],[-1.946452313584017,50.67518016924923],[-1.9491359104478365,50.68012737078786],[-1.9567858682701338,50.672486611695156],[-1.9657022090164518,50.67114064402651],[-1.969807476731732,50.66880365554794],[-1.96868043801666,50.661249444931855],[-1.9761768523292211,50.66529794294745],[-1.9812702522932075,50.66610820910423],[-1.9838156649381986,50.67051503282035],[-1.9794262839929562,50.676629416290595],[-1.991032115721603,50.67294383645276],[-1.9938630914738698,50.66754836429097],[-2.000230592239325,50.6722247406177],[-1.9976832058308103,50.67573189330541],[-2.003627342585651,50.67753039404755],[-2.012686604892596,50.68265559739815],[-2.02132035574232,50.68166511800551],[-2.0251382340490482,50.67473994148548],[-2.0279724754843684,50.68112413245879],[-2.0343402416095575,50.679054087222354],[-2.047500481120668,50.6767113256105],[-2.044673645210238,50.68057932623017],[-2.035473943782595,50.68094221921967],[-2.024012564813242,50.687330006102755],[-2.0243000020695,50.69560324436918],[-2.027982193994536,50.69731102482632],[-2.0303916596228593,50.70108735171031],[-2.0251533903972967,50.702797224414695],[-2.022320038468535,50.700189924702606],[-2.0170814097296086,50.70144980005635],[-2.0248723921928433,50.706933925017104],[-2.031387640867675,50.70819131491092],[-2.0401668396652077,50.70665984336277],[-2.0424294380477064,50.703061958634486],[-2.0534702643949516,50.699190530957985],[-2.059688593498244,50.68992500581555],[-2.0640734537377607,50.687224851859426],[-2.08134321325539,50.687034186553795],[-2.0769608391514973,50.69063426066279],[-2.0803660298746705,50.69503838557809],[-2.075977295489784,50.69522119266142],[-2.0693273303406916,50.69819294597454],[-2.0720279281928407,50.7049358285663],[-2.0663624560748706,50.70421978825517],[-2.0655183375271444,50.70817705290991],[-2.071466010808467,50.707903764584934],[-2.0634046182741437,50.716001862031014],[-2.052641241611222,50.71744607117447],[-2.045274793276947,50.71672976694373],[-2.0406060765656235,50.72320622066229],[-2.041316796443082,50.725903768773684],[-2.050000388413414,50.72491115577944],[-2.0409397255460298,50.73211782913296],[-2.034549090073068,50.73176020610354],[-2.0335544601259876,50.727893656597466],[-2.034825951265837,50.723028250131726],[-2.0392139674025844,50.718710365214676],[-2.0343807528578735,50.714845050607906],[-2.011844584973132,50.71080286223164],[-2.001491491893148,50.71062362424153],[-1.9988147677242152,50.70779093713462],[-1.9878817798604174,50.70748458685176],[-1.9867621453773112,50.710541981704665],[-1.9965342655918852,50.71395987906513],[-1.9935593469479367,50.71782661086521],[-2.001505953758178,50.71855516749517],[-2.010305099794277,50.72979553278659],[-2.0061968763292826,50.73474179157643],[-1.9933447610348967,50.73334793496411],[-1.9934878237542657,50.723078326673956],[-1.9901596730654902,50.71815911022153],[-1.9915771486772862,50.71261073539247],[-1.9728688161330945,50.709829185937096],[-1.9642828611709056,50.71435021141454],[-1.954161749613251,50.708024836872205],[-1.9496275878405196,50.710181221744435],[-1.9484856039316392,50.7054145991862],[-1.9338954014384173,50.69821311233217],[-1.9337601181596387,50.69371668097414],[-1.9391445944676629,50.69020345192445],[-1.9506151836052976,50.68670168820703],[-1.9488920139626562,50.68316680791881],[-1.9446755058785363,50.68183396853998],[-1.9123633575691104,50.70369350538276],[-1.8735012222123997,50.71609479691987],[-1.8241637600400122,50.72054527005971],[-1.7830683905660525,50.71751755549237],[-1.7485057739184597,50.71224143630351],[-1.7487601788197744,50.71764659455777],[-1.761519103941426,50.71838378223498],[-1.77253372384044,50.728396632651155],[-1.7657485945735636,50.72810444201706],[-1.7635065845647215,50.72315394891227],[-1.7601011187644913,50.72422612169634],[-1.757389474972455,50.72808736878829],[-1.7508874444093703,50.72519601740266],[-1.7409630411971417,50.72652331725929],[-1.7408362332821519,50.72382523137639],[-1.7271850976477505,50.732606947150394],[-1.7187250751809537,50.734662139892386],[-1.7142549344446216,50.73851117157745],[-1.700083301033915,50.73856554427076],[-1.698508906514415,50.7409895077041],[-1.6908407487981771,50.74330754081157],[-1.688248531218695,50.74950557892136],[-1.6886475392221154,50.75346340933424],[-1.6856297440862058,50.75957031689469],[-1.6858681772422945,50.76631543231592],[-1.691117533226753,50.76587980859259],[-1.6974773736214217,50.76913380699646],[-1.6965288904605746,50.7842389272729],[-1.6984933946507743,50.78757127654431],[-1.7031599487456468,50.78992130664721],[-1.705149451385441,50.789386792280126],[-1.7126038345730252,50.79992669408432],[-1.7201291837356134,50.79913564088951],[-1.7292021122382726,50.8005958432528],[-1.731179932752735,50.80212914871656],[-1.7271810042760347,50.806526229996216],[-1.7271595506001032,50.81021312720444],[-1.7152075745671969,50.81513049543709],[-1.721426330778534,50.81964176498408],[-1.7143148115706357,50.82187272055135],[-1.7128571603791052,50.828073992307374],[-1.7178221936169107,50.82880549488675],[-1.7197351932644653,50.841309695607805],[-1.727074749631506,50.84915054705913],[-1.727905075423484,50.85292932902415],[-1.7243356348900971,50.85597840542155],[-1.7234582636463844,50.860202796576075],[-1.7160559470095744,50.86252308360865],[-1.7090629476557937,50.86745173656769],[-1.6992620209447964,50.866797445725325],[-1.692988412499969,50.87001841564036],[-1.690538055776985,50.87522757795575],[-1.690912724991785,50.88305200194015],[-1.6830262751992426,50.89310240342841],[-1.6829646651470282,50.902184584049685],[-1.6722587845164627,50.90791020070681],[-1.667134251044218,50.90852517512613],[-1.663837171713326,50.91211269952426],[-1.6544335884351442,50.91424344624218],[-1.6511371437405282,50.91756083978114],[-1.6578888684771396,50.92801197273194],[-1.6519834396802768,50.93761637734891],[-1.6552247761487582,50.941942318620576],[-1.6633212296219022,50.94421401057344],[-1.6648662386710031,50.94709600356616],[-1.6917216649869753,50.95436378745039],[-1.6983651794475925,50.96175483565229],[-1.7029147437249212,50.96284555471163],[-1.7108323752284598,50.971947639993914],[-1.7186448541716446,50.97538377421939],[-1.718736270838108,50.983836747528606],[-1.7161479492525367,50.98778709715219],[-1.7186901199893214,50.99148007314729],[-1.7126826560721327,50.99524223015569],[-1.7102054799401345,51.00404852477678],[-1.7027325200740082,51.01374139642247],[-1.706558634941482,51.017347953505954],[-1.7056776871289965,51.021392244165284],[-1.7173107973028163,51.03243960622649],[-1.7209777522262004,51.04216119259043],[-1.7391340365845611,51.05443624731239],[-1.7288151454776597,51.0633517910353],[-1.7357992924554577,51.06480651413942],[-1.7366279960520843,51.069664144693434],[-1.7287348121693047,51.07710959309798],[-1.7244413233709617,51.078987910652884],[-1.7294045110779601,51.08466453498464],[-1.717206408091829,51.094976633176486],[-1.7176107249885686,51.0989341377008],[-1.712891323586233,51.10000171723856],[-1.7097201810928224,51.104669779350964],[-1.711407258960836,51.108990157249934],[-1.7010810024106982,51.11543854415907],[-1.690776461898792,51.11819931978651],[-1.6871798649649528,51.12187651507353],[-1.669556265193867,51.12875198370247],[-1.6626898134003003,51.12972151581588],[-1.6564589436359511,51.141303161455916],[-1.65259889783333,51.14138168963338],[-1.6419581012583417,51.149532389743335],[-1.6423001665100672,51.160773477737216],[-1.6355544062839151,51.1638998713955],[-1.6240924991522838,51.16647132398476],[-1.626898466211492,51.17322431096455],[-1.6264221572852833,51.179067595224105],[-1.6319970522908076,51.17962477028354],[-1.6438313988011246,51.18478680313309],[-1.6415136382873914,51.188466444071196],[-1.6474985498300736,51.1917217262621],[-1.647769671031937,51.1937007765489],[-1.6427402703639016,51.19638313208885],[-1.6498787439341196,51.19865268440999],[-1.651276675360912,51.20306291669903],[-1.6486736659900305,51.20656199050686],[-1.6536701582163607,51.208375271942],[-1.6579366063543979,51.2121644188929],[-1.6590102058372798,51.221878848344765],[-1.654413352728431,51.22384359956254],[-1.6563960096825585,51.22681676699853],[-1.65064810707708,51.229407421421136],[-1.6517483683810674,51.23543527931151],[-1.646021688761208,51.25376158027105],[-1.6482971598504041,51.256016403068564],[-1.6476731582434023,51.262668513550445],[-1.6400240892945577,51.269479087129746],[-1.6369616251822743,51.27612360099784],[-1.6166891973455104,51.283162595744194],[-1.615086493088264,51.286214567593],[-1.6061825835816514,51.287803511927194],[-1.6039420195773453,51.29822648303007],[-1.5931382387937794,51.30349464504921],[-1.5939211775941937,51.312309333915564],[-1.6207482899776808,51.3300231087221],[-1.6294758117261114,51.33346789098486],[-1.634316010175296,51.33851847370917],[-1.6419347649329072,51.33719323759636],[-1.648501552102271,51.341978719360206],[-1.6538093211530356,51.34253402626178],[-1.6557970047115307,51.34550715292188],[-1.6649870754031466,51.34535393799834],[-1.6683634562595708,51.35498468585254],[-1.672640838021279,51.35931272947005],[-1.6609494626637566,51.3671922113666],[-1.6596227144916993,51.37177413481537],[-1.6726698209006847,51.37540795461049],[-1.6753747280691065,51.37892223026056],[-1.6849888848018537,51.38074678318659],[-1.6916183060783656,51.3777971474269],[-1.6984911282172148,51.381411687744034],[-1.7018105227164444,51.3791722458513],[-1.7085680492224533,51.37846990588379],[-1.721343937910231,51.380389205008974],[-1.7291097736936374,51.37923847020219],[-1.7367202080695479,51.380065066812065],[-1.7452089921825387,51.37801571869936],[-1.746097389349744,51.37325205713249],[-1.7505509123890068,51.373261612251625],[-1.7625994899241286,51.376973200428125],[-1.7791345274912198,51.37439791028213],[-1.7831440212015859,51.37719280740869],[-1.7954880497638084,51.3799124719494],[-1.8013817887835755,51.37929317980455],[-1.8072881887223538,51.37561644610084],[-1.825542482678383,51.37348700313813],[-1.828135820401423,51.37151266224632],[-1.8442230133709603,51.37225444998457]]]]},"properties":{"name":"Wessex South","short_name":"WSXS","region":"Exeter"}},{"type":"Feature","geometry":{"type":"MultiPolygon","coordinates":[[[[-2.7086555172395843,50.84452553913624],[-2.698483556643067,50.83288471728399],[-2.6905953285077775,50.83095243530667],[-2.6829225572195754,50.83206589819718],[-2.676103053113204,50.836914042071186],[-2.6578598795495254,50.83903176396836],[-2.6427329589815427,50.83659726622887],[-2.6195717886127334,50.83538631544528],[-2.609320932990563,50.841445556963535],[-2.601017268543587,50.843129755579334],[-2.5943006612151596,50.84055634758301],[-2.5819838383368343,50.838569005844555],[-2.5792533073479946,50.836677069701636],[-2.572475887804489,50.83709179761982],[-2.5529765893997647,50.830284156385126],[-2.5426550579626417,50.82840364567224],[-2.5118682078191172,50.83425408066912],[-2.50162544324237,50.84323624936417],[-2.5014863264545597,50.84910001388941],[-2.5070605171944016,50.85696955499483],[-2.526827007405432,50.874362470760445],[-2.5178069392345033,50.89029981963295],[-2.5114930610518194,50.89341299637243],[-2.497484731033555,50.89699409578288],[-2.4907200958013758,50.900739342625904],[-2.4924754500785737,50.90573895521401],[-2.5126968791351105,50.909278466570036],[-2.520879929127408,50.913521771652114],[-2.5227185408952617,50.91702598179536],[-2.5205863803734574,50.92254792109895],[-2.4911626878352693,50.938164861715975],[-2.4775941120488763,50.94191616292686],[-2.462555245190985,50.942792284830574],[-2.4563617949838283,50.937911371045175],[-2.450736783272751,50.93682352346093],[-2.435613544815278,50.93873159953876],[-2.4166674399728323,50.95443762333114],[-2.4349571358950275,50.9818496500227],[-2.4434112955590255,51.00001019289562],[-2.4651793302394043,51.0124104248878],[-2.4612922557727206,51.02920087858158],[-2.461631064149547,51.03960543721179],[-2.4645904810792945,51.047881816018865],[-2.4592694870247036,51.05392223055329],[-2.4549261292036997,51.05680053806832],[-2.436880272163615,51.06262089335132],[-2.4203063160566205,51.072345526844224],[-2.4092009620764405,51.08643613170225],[-2.3998699444216935,51.09282137072611],[-2.395805626492199,51.098456111292265],[-2.369155953831391,51.09725487362777],[-2.3608934025597295,51.10018691362817],[-2.3579171581015124,51.10610840161592],[-2.3581423386041767,51.11657080418001],[-2.352058831488379,51.119387728098054],[-2.342603559899204,51.12093910013354],[-2.3235537863193017,51.137376936912716],[-2.3171022674016037,51.140766657612055],[-2.2972792395507557,51.14719679149343],[-2.2489501005728743,51.15176087692743],[-2.2423334253559783,51.169747988531846],[-2.2410956134820497,51.19187975185172],[-2.2319995615575996,51.20313811247166],[-2.2260997259208297,51.22060753909011],[-2.220999158117965,51.22623526472915],[-2.1975648937722134,51.227297863343544],[-2.1744032243475817,51.23169049958839],[-2.1621827624810557,51.23103812147094],[-2.152605547670639,51.23625367071236],[-2.152968360474936,51.24706138786434],[-2.150777767110335,51.2514847130743],[-2.1041533817793567,51.252715432287026],[-2.0829578911359286,51.26778638011543],[-2.0743735898497895,51.27110038428625],[-2.0601427650124173,51.267155840505545],[-2.0380826010956725,51.25703749127425],[-2.0262309761547455,51.25355563443837],[-2.0123685329154504,51.25156088916317],[-2.002053820892476,51.253139616954215],[-1.983483364907271,51.26521172408184],[-1.953594467738839,51.2951778936618],[-1.9318906265276006,51.306771222602336],[-1.9340438039018049,51.31488492136377],[-1.939213551071574,51.32243437936996],[-1.9338641452902574,51.33236127826945],[-1.9604185921870836,51.341939360911255],[-1.9642463151189367,51.34488443153555],[-1.9666869409851795,51.351272821210664],[-1.9822994452493818,51.35713070053951],[-1.983390264050416,51.358686427981986],[-1.9756692368887203,51.37792999798123],[-1.9878825902709367,51.37514445683207],[-1.9930545682022769,51.375954105849395],[-1.9920480971826295,51.38053979555058],[-1.9975080512508816,51.383057687448186],[-1.9953523219966551,51.3863845341133],[-1.9904660414048863,51.3880027443585],[-1.9878781069491447,51.39249832773863],[-1.9835671575204257,51.390339820766776],[-1.9701989969771592,51.39420361520966],[-1.9676082222451605,51.399418075237044],[-1.9494884314181649,51.40660499925094],[-1.9364010892402959,51.409835636718775],[-1.9250295930877819,51.417831463487516],[-1.9306293679122541,51.423499598691166],[-1.9286119689725785,51.426016034884526],[-1.9228570118364596,51.42709139158956],[-1.9224151964054337,51.4332053709398],[-1.928163626354171,51.436805647458804],[-1.9304587627670977,51.441212890189846],[-1.9353489176528227,51.44238457978429],[-1.935486853553111,51.44661068427742],[-1.9277062985705358,51.4531699888546],[-1.9274103719099591,51.45829498089819],[-1.929699079268656,51.46755764734985],[-1.9240766388755146,51.47240956212563],[-1.9221967392282295,51.477263755645566],[-1.9144189584304283,51.478517156521086],[-1.895536928133988,51.4867740750218],[-1.8899212435548882,51.48631937721311],[-1.8641190718924454,51.49402505773711],[-1.8538760020439804,51.499047993796005],[-1.8555825737723162,51.506063447089545],[-1.8456398299812249,51.50641046595356],[-1.8336516719518483,51.514486416073886],[-1.8346425413503984,51.519433109957866],[-1.8399574463613826,51.524475673895864],[-1.8477237918404208,51.527722836547944],[-1.851174215752177,51.537179343175374],[-1.8579353535604417,51.53717667629727],[-1.8609409485498651,51.544463318472225],[-1.8694550005431103,51.54231514358414],[-1.8752112570603028,51.54654735138178],[-1.8804060440405475,51.54529395335983],[-1.8844412629831386,51.54628703216342],[-1.8864501182900304,51.55033512463378],[-1.8917849890895684,51.550879636846425],[-1.8916290456430542,51.5558247550698],[-1.8962417916790733,51.55708769785757],[-1.8970989436807593,51.560774923822414],[-1.893630170052906,51.56364907774988],[-1.8995381932555604,51.5667113439319],[-1.905019612257272,51.56716544572162],[-1.9103494459823693,51.571395573843574],[-1.9224651298546493,51.57401166802421],[-1.9282394794548405,51.57239688400533],[-1.935740801012895,51.573659994031054],[-1.9418019570903715,51.57303375661913],[-1.9462675261486797,51.57941972324259],[-1.9526134616382023,51.58310890040801],[-1.9719534489319772,51.582215937390956],[-1.9713697814161808,51.59246591317178],[-1.9790206163098742,51.59228768611714],[-1.9808954234606995,51.59660382570715],[-1.9931666019780236,51.5966950668025],[-1.9982193569400646,51.5996623828307],[-2.0208891651095118,51.60541492235748],[-2.0265231055238835,51.609729595090194],[-2.0338866605692343,51.60801933778901],[-2.041831410453801,51.61080405956741],[-2.0467401167876207,51.60954341570637],[-2.0536723371329595,51.610079913364174],[-2.0520877612532242,51.61349732166609],[-2.0565696246429153,51.61736149097109],[-2.0652350701318594,51.61699732528984],[-2.076201894525406,51.61105643498632],[-2.0795225976366236,51.61060466952385],[-2.08689154373135,51.61266742809176],[-2.0939797285778208,51.618326464038255],[-2.093984384765243,51.620574280875545],[-2.1016454917497,51.62308543960145],[-2.102086935819048,51.626681565403615],[-2.109899215282239,51.63134995559555],[-2.111783396843062,51.6337758139155],[-2.110782543412379,51.63809256846523],[-2.1157025969094057,51.640875101304644],[-2.1311682394636864,51.64202767341765],[-2.129151231397369,51.644187813069095],[-2.1300348321702285,51.64994123109862],[-2.1127177802467663,51.660928465001014],[-2.119244761883029,51.669014097742654],[-2.1240230956347417,51.67143676467479],[-2.1227479608996633,51.6811485993467],[-2.1256454052032763,51.68285385536059],[-2.1253705569840795,51.688069035617396],[-2.1292809247433366,51.689683200836654],[-2.134188261197939,51.68590139166268],[-2.1418485374987237,51.683914314283626],[-2.1457426470414984,51.68040297512803],[-2.1513803222746537,51.679496713566884],[-2.1538280443399778,51.67625669745598],[-2.1684322722931912,51.675607248469426],[-2.1713157860640075,51.67326535907502],[-2.178831952328776,51.67235501935878],[-2.17563701697411,51.66885327500737],[-2.184452604625354,51.66767088494349],[-2.1851520744401505,51.6619154018156],[-2.1968348389436216,51.65551260431267],[-2.214784950308209,51.66087585032164],[-2.2221496585958413,51.65915380122117],[-2.229956595850613,51.65922867068689],[-2.241112432875126,51.6637918032404],[-2.2476052437705496,51.66135064833565],[-2.251799804830567,51.66170137096536],[-2.2614638719185964,51.65781400132818],[-2.26551628035449,51.65861411290886],[-2.2746743059820282,51.6669548824675],[-2.2813359786590905,51.66864743446154],[-2.2956542945979703,51.66915170957176],[-2.3048896745760534,51.66634079770274],[-2.3225656236615277,51.67141855150261],[-2.3308059868825195,51.671125878478065],[-2.341913858332969,51.667587462830824],[-2.3562522356757074,51.67060184107243],[-2.3599100160749305,51.67598542481715],[-2.369632250001306,51.6800012676953],[-2.371851799385408,51.68610829100027],[-2.388607879775717,51.68335665320426],[-2.391684122819225,51.687842042948255],[-2.4050171257888002,51.69058408328633],[-2.40764367148212,51.693092543911476],[-2.4090065232736975,51.69983120556112],[-2.4136587989857166,51.70224253401576],[-2.4177808051391967,51.70987046147206],[-2.428023889275995,51.706416916330525],[-2.4376035273103063,51.70934870502932],[-2.441912661320865,51.72084130556655],[-2.445846783473739,51.72343387096225],[-2.450736626151758,51.720178379452264],[-2.4558048948091673,51.72033864248057],[-2.457627667830579,51.71448727737133],[-2.4736925732859336,51.71433365762253],[-2.4795038967648364,51.716378060299],[-2.4854056896122434,51.70519571922416],[-2.497480933835283,51.69256644784876],[-2.5124317651870385,51.684140286217406],[-2.525992404949595,51.681023289762294],[-2.5397837314265015,51.67313828174504],[-2.555331599738223,51.6674012530466],[-2.5697609088264817,51.653485483853],[-2.5787537583162017,51.633210959828084],[-2.588033016684978,51.62453311925589],[-2.606808074180445,51.613378132205504],[-2.6256295511357215,51.60626599760764],[-2.636684307607578,51.59137066783255],[-2.6532279276969013,51.57734295975681],[-2.6648189594066047,51.57261126976289],[-2.667335815021337,51.56712116031276],[-2.6677038644718882,51.553838607887556],[-2.671545096167531,51.547297823881514],[-2.6990555361217474,51.516835518201006],[-2.7087471019162304,51.509853813492384],[-2.697121771568394,51.51289073019572],[-2.7051738965183065,51.50241232248187],[-2.7055324615170946,51.497644608701044],[-2.6967033047888385,51.49491000350426],[-2.679089278588351,51.482514993065834],[-2.6713055439115037,51.482020325667754],[-2.6610263170406245,51.48819303932977],[-2.6545083004047423,51.485622040875896],[-2.6494143950820868,51.48187388956796],[-2.647300416285717,51.474962029752454],[-2.6320862050083487,51.46803158342508],[-2.62159917877006,51.44848587735247],[-2.629925968892891,51.45752299103367],[-2.6327848136888115,51.466499235870515],[-2.645955109524551,51.47146271398593],[-2.649758187376172,51.47566776281056],[-2.650396771917365,51.48007011889394],[-2.6576803307289354,51.48587403731948],[-2.662009670853495,51.48647908333083],[-2.664556074684724,51.48331760869236],[-2.671291017802464,51.4810313295208],[-2.6805212089852786,51.48196719162969],[-2.6997032477606826,51.4932736464681],[-2.7085308701799127,51.49591811931434],[-2.716760118388555,51.50167668923077],[-2.7235503960854466,51.501967673927076],[-2.7123514735894707,51.49520261362211],[-2.717852176747628,51.49141056176128],[-2.7241922799007328,51.49611016251943],[-2.7342643587317763,51.492702629360515],[-2.7460554367696144,51.49145927884538],[-2.7536623129374966,51.49243567558283],[-2.7582249090879887,51.49569720166149],[-2.7681406535913715,51.49428391115242],[-2.7726918454452005,51.490837175732985],[-2.7845821456322715,51.48707162599254],[-2.7943636818672193,51.48637634208571],[-2.805225645160358,51.481626566502285],[-2.823123785883422,51.46792478693308],[-2.850075352909131,51.4540649883222],[-2.8594258857741575,51.446173964335756],[-2.865742133737541,51.43776512204682],[-2.8771346365255552,51.431655905609475],[-2.8726330804210116,51.42944156133156],[-2.8823229387053697,51.42469326345499],[-2.885879355813422,51.415225015297246],[-2.8957697674280864,51.406247897305356],[-2.9136522264041465,51.39674029012277],[-2.9291102453776903,51.394901271732564],[-2.936441703606303,51.398466631267496],[-2.944607973668246,51.397142210271475],[-2.9558642516723217,51.39237512534012],[-2.9614724414074023,51.39250907210696],[-2.9696022328877825,51.38886328732967],[-2.9637042877139357,51.38654707883757],[-2.960970798962349,51.37542853729555],[-2.9624132918561448,51.36885257844509],[-2.9664725179184783,51.36378366310237],[-2.9857081507433025,51.361222506700976],[-2.9945278605359857,51.35728139894609],[-2.9946964489294294,51.35445648449095],[-2.991333869402824,51.351697479111216],[-2.9839509698429416,51.34960166250069],[-2.986357810340395,51.33530212274658],[-2.9920149654310926,51.322728448536424],[-2.9821790942585302,51.312398592779246],[-2.9948130469699152,51.319395639921595],[-3.0031263732990916,51.32552921825816],[-3.0336051217993902,51.32787183615166],[-3.0267883928482924,51.32469467254019],[-3.0108274890895603,51.323304900236714],[-3.009347236890157,51.321249499931426],[-3.009143418538704,51.305425238558485],[-3.020025633550826,51.26567575236533],[-2.999206289612249,51.24418429859833],[-2.997053165444338,51.23736862464582],[-2.999985604619123,51.22727236812499],[-2.992750800795424,51.223827029242955],[-2.9964267751623668,51.22163765611716],[-3.0018672003417297,51.22159119508321],[-3.0108566543745297,51.21360073480627],[-3.0137964792064427,51.20404354795175],[-3.0179091162408826,51.20229931110889],[-3.019499362484687,51.19653043364277],[-3.0241236440276937,51.19208383964039],[-3.0304998901583025,51.189240240688484],[-3.0473430349947104,51.187382106660884],[-3.053060961518657,51.180856328300955],[-3.0521187850468157,51.17717797148527],[-3.0414385641566444,51.16666266249532],[-3.0355192893252356,51.16419738310535],[-3.0299807418989264,51.165954829765454],[-3.0279067296666753,51.17559481808199],[-3.019940954180908,51.17764285608709],[-3.004536804442211,51.17319012371854],[-2.999398942411065,51.16711940135793],[-3.0008454254633015,51.16126205272057],[-3.007834077383733,51.17352144667544],[-3.0193271794402143,51.17575983101628],[-3.0255943815048276,51.17453604552228],[-3.02795481643275,51.164893580526986],[-3.036622889095262,51.16238914634413],[-3.042687008150398,51.16494300172264],[-3.0544723210599654,51.17373970571109],[-3.0576032647248863,51.179286654514726],[-3.053923822795385,51.18732299532954],[-3.0447794244851485,51.19423915206745],[-3.030191002810846,51.194638311799686],[-3.0281428203104364,51.1990625309328],[-3.0305266946972553,51.203267905225715],[-3.02793971126508,51.209225536591674],[-3.0154226898400567,51.21940612551976],[-3.0264360963521426,51.218860409003675],[-3.0463707073625312,51.207623375646115],[-3.0564419244158416,51.20357627133139],[-3.068552184260079,51.20112829038746],[-3.077717013995069,51.20131398205189],[-3.098781046665732,51.20831184261279],[-3.1136397791792,51.20709226457571],[-3.124023112031162,51.21023018084096],[-3.131183904170189,51.21034100549087],[-3.1538871695427138,51.207961123584866],[-3.1620636049133615,51.20293441550493],[-3.1811726666200077,51.20013525039868],[-3.188682964210807,51.20275687601103],[-3.195960169403313,51.20187339164735],[-3.215220329334981,51.19403138601557],[-3.248238031150389,51.18720917618078],[-3.254253453333537,51.18741459761085],[-3.27307343987912,51.17974755629627],[-3.2908838858531655,51.1822500680263],[-3.3102699063131724,51.17969645858987],[-3.3276893163142205,51.18345669890161],[-3.3496560189308715,51.1811370060011],[-3.3706629701200166,51.185119181933736],[-3.3893195680339656,51.18220130279262],[-3.4056518626969745,51.18290540788768],[-3.430081054902319,51.195558517865564],[-3.44147589138664,51.207558569355434],[-3.4519731913936678,51.20904740258365],[-3.4672397184076877,51.207418110809044],[-3.472547140254237,51.214032883684546],[-3.492095374431309,51.2234701675441],[-3.504996230735542,51.223844476871534],[-3.5383508645440633,51.23204352798835],[-3.5509922242931427,51.23313559543792],[-3.5601333255484016,51.23174050023931],[-3.524085980631262,51.228187450975426],[-3.521986357178089,51.2244897080346],[-3.4962097868230524,51.222338818565476],[-3.4841509002947384,51.21628397463849],[-3.48395133082123,51.21007805811954],[-3.499719057426328,51.20863528387004],[-3.499517450458883,51.20242940405216],[-3.489398786423931,51.195108519869805],[-3.4675117394005723,51.19041840069626],[-3.4517101122458036,51.19061559055109],[-3.4417177739460407,51.18701411493362],[-3.42561069526577,51.177278036035844],[-3.4232155448790778,51.163648606542694],[-3.4052977352489893,51.158898537047094],[-3.4051468627516313,51.15393358232854],[-3.4186199740582035,51.142595648493725],[-3.410689333245137,51.14144990752721],[-3.394978888890584,51.144121789681876],[-3.377071494649343,51.13936729823914],[-3.343528582408616,51.13975755089712],[-3.315586841119148,51.12890011049753],[-3.2951305717660815,51.10305306371441],[-3.328434055252501,51.0952291437969],[-3.350298496706021,51.10118707991729],[-3.368078421770275,51.102222027637865],[-3.403712789605163,51.09355946565859],[-3.4131441361266734,51.08588648331674],[-3.4135748551187706,51.07823662055738],[-3.409795282012291,51.07286690527911],[-3.3923343005974336,51.06560600778716],[-3.3853707215432385,51.04962872389516],[-3.3757215120152884,51.041894801278794],[-3.3732867241144855,51.03559168407566],[-3.37567670736578,51.00533169646037],[-3.400783511977951,50.98705939886928],[-3.3787920191412106,50.982136804864936],[-3.374883650591474,50.97136268521428],[-3.3454362002960805,50.97598449701527],[-3.3252724600162136,50.960286133197584],[-3.29564440468991,50.96110250581414],[-3.2973650917687305,50.94240444040659],[-3.270542193447296,50.931118511528695],[-3.2541855216888376,50.94073150077043],[-3.24652916332568,50.94280186421619],[-3.229161025541466,50.944254891264904],[-3.219987441689136,50.94340327766528],[-3.185292576404402,50.948367579231586],[-3.1477800782521115,50.9447748645447],[-3.1248359513837167,50.948549356640505],[-3.1165820127725468,50.93940483615809],[-3.110390430988742,50.938007939401665],[-3.102794866270587,50.938803819528786],[-3.0879519107910007,50.944358537379784],[-3.080997391782321,50.9410104160745],[-3.075441703154096,50.93500779691861],[-3.0695976520260393,50.93268657945285],[-3.045713257648653,50.93466916322317],[-3.0415253176655255,50.93365889592468],[-3.032254782076675,50.92727378207451],[-3.0288298403091733,50.91843988792272],[-3.010618421422644,50.913311374818655],[-3.004596021809672,50.90069714373153],[-3.00782475088305,50.889009403885375],[-3.0069367036303105,50.884875052592875],[-2.9665146180942505,50.871409460002674],[-2.911510395715758,50.87242944690816],[-2.8957882883438173,50.87980466756814],[-2.8838057627024076,50.88336538715979],[-2.8711651915061447,50.88549093715256],[-2.8428538409820288,50.88699207239149],[-2.8349321001290795,50.890071370147986],[-2.8153930501152558,50.884688127438565],[-2.80597238449565,50.88420679657345],[-2.8040852898127087,50.878637190584826],[-2.8068414456976374,50.868451152619784],[-2.7796661554670132,50.852454537023775],[-2.759318093879859,50.845742639838384],[-2.7494783199259905,50.84721276299467],[-2.7412923705320296,50.84344591482657],[-2.7321670007001853,50.84427956380508],[-2.7246111407107123,50.84769540433454],[-2.715292675643398,50.847494806346404],[-2.7086555172395843,50.84452553913624]],[[-2.7366956811750835,51.33139827513809],[-2.7248052754474608,51.33147248097904],[-2.7072371050581565,51.34896222650288],[-2.6933220823683017,51.34656225204086],[-2.6852813206295623,51.33916002967031],[-2.6534265014063116,51.32940938285089],[-2.6296292486455743,51.32829817947604],[-2.6136766163348164,51.3209333267758],[-2.599839684160852,51.32348822190192],[-2.590091851963552,51.33595365713518],[-2.5801819108531148,51.336003181155384],[-2.5720838963432433,51.322385548232596],[-2.579805947635509,51.306206855661],[-2.5677071554833595,51.28888381909389],[-2.5755028121106105,51.27891295742333],[-2.5773577918749933,51.268971012709365],[-2.5871425203381344,51.260231105635775],[-2.5989503048525053,51.25520484158442],[-2.6165574978298163,51.240214092311355],[-2.6144472694794754,51.230292305280734],[-2.5966181912446356,51.2279013632666],[-2.5886771350338007,51.22545836855108],[-2.6201458681566736,51.21287963931931],[-2.6439353152579104,51.21771756942412],[-2.6557789526189217,51.216410159122276],[-2.6755653035534404,51.21753918651887],[-2.685560293267017,51.22493074695667],[-2.7014342998409524,51.22856150180529],[-2.721226901391108,51.22968278234177],[-2.7371846920223613,51.23827464926742],[-2.745256132843179,51.24815645043642],[-2.75924628743413,51.25675782120534],[-2.7811571406068047,51.26530491918753],[-2.7873271712637857,51.27892131746733],[-2.832988842577085,51.28605494521086],[-2.8547427483916707,51.284656501000484],[-2.8785222570186906,51.28572205974258],[-2.8944080050846446,51.28808498969702],[-2.9123490686339246,51.294154619810655],[-2.9323506045574317,51.30392996651899],[-2.9347599648977147,51.325018203764586],[-2.9328038026375793,51.32627541639557],[-2.9109835746005106,51.325205600784706],[-2.88708714283736,51.31918103206902],[-2.8752476022321796,51.321753352767],[-2.8633600891374247,51.32184161052364],[-2.8495830260398134,51.326908813370245],[-2.831772084519962,51.328278293900794],[-2.8099311768215998,51.325948199190336],[-2.786238482323082,51.33107609379997],[-2.7564107409409333,51.3250645806855],[-2.7366956811750835,51.33139827513809]]],[[[-2.575425209398643,51.64419677699732],[-2.5695112852085993,51.65663365944491],[-2.564799261657118,51.66133191010084],[-2.5735950334101587,51.65949100052816],[-2.582067563629471,51.655043548022746],[-2.58021128292287,51.64552191930737],[-2.575425209398643,51.64419677699732]]],[[[-3.7838429248948753,51.246840428470804],[-3.786406523075084,51.242605301625275],[-3.7784560494532253,51.24187646528867],[-3.7838429248948753,51.246840428470804]]],[[[-3.6391478724171527,51.22290685135838],[-3.665917440389592,51.225906045721636],[-3.6563882855405705,51.2226640243421],[-3.6391478724171527,51.22290685135838]]]]},"properties":{"name":"Wessex North Low Ground","short_name":"WSXN(L)","region":"Exeter"}},{"type":"Feature","geometry":{"type":"Polygon","coordinates":[[[-0.35210901284621443,51.184157050013326],[-0.3579646205280558,51.18498937693692],[-0.3619010208702956,51.18240609057521],[-0.362606816565191,51.178639020192016],[-0.37055418790799727,51.17641187239819],[-0.3752382098746662,51.17746622089674],[-0.38036845956813914,51.18212364845387],[-0.3919765918390863,51.18570101280589],[-0.400346642623154,51.18365749734969],[-0.41460221234746586,51.185200437710975],[-0.417884131494505,51.18128809252369],[-0.423066286321548,51.18036886190959],[-0.4217019073067842,51.17423543499149],[-0.4257112864350665,51.16151982569392],[-0.41954266469821944,51.15370290510683],[-0.41752640636892646,51.1457620397991],[-0.4079489487451574,51.145721991947134],[-0.4047238408675827,51.1397428297646],[-0.4090968148340049,51.137284424284964],[-0.40699332165112123,51.131950061005355],[-0.3994219437030788,51.1277100041116],[-0.3905687373858783,51.12749856887348],[-0.3851107102760458,51.12418591818154],[-0.38575538458493364,51.11798978528498],[-0.3980624562564526,51.11330292192158],[-0.39701024707750965,51.11068058848459],[-0.40096798657152277,51.10776715317027],[-0.4217758139329458,51.10499231206858],[-0.4216850793968221,51.103462312400595],[-0.4334895896308479,51.10074337121998],[-0.43687017733893085,51.09791092379774],[-0.4421521332201139,51.0979814209909],[-0.4460046563298884,51.10234922236967],[-0.4567692832911387,51.10078317116954],[-0.4613944927219723,51.099135501698136],[-0.46796742885205017,51.09904195741713],[-0.4734877499675411,51.10055300110938],[-0.4764287544283959,51.09798345411736],[-0.48519283999727797,51.09638871579971],[-0.4853943298000865,51.09459277626307],[-0.49583541143961796,51.094098076123835],[-0.4956140848261679,51.0921168248695],[-0.4981484914604469,51.09322853721313],[-0.5062965616933508,51.092973209051515],[-0.5143424571394299,51.100359829233255],[-0.5206386062246129,51.09999002366437],[-0.5272258664166641,51.10394004451479],[-0.5339763414758953,51.1027658978539],[-0.5374984880406524,51.10883510706496],[-0.5355682847676643,51.11114904794589],[-0.5435454720481792,51.1118781648563],[-0.54459917308719,51.11926527309418],[-0.5417058374174561,51.12039827513295],[-0.54127861063115,51.124889277868206],[-0.5513756740174962,51.12645360888017],[-0.5605554999147793,51.13915663987273],[-0.5658898011572056,51.13769342213287],[-0.5729371428322524,51.1409270345176],[-0.5758918804717301,51.13781563448519],[-0.5799197958820879,51.14164150270993],[-0.5878039688606508,51.1409276255703],[-0.5917661365173735,51.13755820997869],[-0.5981116972335484,51.140422142342864],[-0.6149167900664868,51.13774472818533],[-0.6190230478418485,51.13905224313343],[-0.6266577928651472,51.137073844792525],[-0.643822889487416,51.136644652415626],[-0.6524406678524957,51.13521553191166],[-0.6585404094254165,51.1368143736825],[-0.6758594803238016,51.130986722508666],[-0.6920498218129044,51.12955024174339],[-0.6951169549179916,51.13228225913391],[-0.7017372175964078,51.13064735136992],[-0.7006598208486758,51.12829733085954],[-0.7071567135898369,51.12081560397515],[-0.7172453501466113,51.11768938296916],[-0.7168840746980896,51.11525743619163],[-0.7070692303875104,51.11371053183159],[-0.7097651828994483,51.10924403439948],[-0.708499955240794,51.10338490867031],[-0.7156934049047234,51.09636001471579],[-0.711825792256069,51.091641335162386],[-0.7042171930802926,51.09308600182958],[-0.7131698820186197,51.08437214827097],[-0.6990658014657263,51.0781910264635],[-0.6974289917215741,51.07547502033548],[-0.6888486422401932,51.07097272493334],[-0.6880937943385091,51.06233134407092],[-0.6901620840933833,51.05983659096562],[-0.6882563737354854,51.05657787182102],[-0.6931872418866091,51.05375545557146],[-0.7000060737503344,51.05482067889107],[-0.7052057497901535,51.062791900218464],[-0.7088875105340566,51.063821809329475],[-0.7107325306199471,51.069327663979315],[-0.7209944599049083,51.06467429607748],[-0.7285634065257902,51.064487091927006],[-0.7302066079300942,51.07223858170654],[-0.7355922584357601,51.07364584002083],[-0.7409257951714517,51.07172503360951],[-0.7453055420087505,51.07339078325857],[-0.7493592772900061,51.07127599996924],[-0.76429176570748,51.073323223522415],[-0.7716028788143695,51.066745774650485],[-0.772071355589332,51.059826416986],[-0.7757113151729798,51.05707689617992],[-0.7904160630472618,51.05678034623418],[-0.7899040386431918,51.054526904756194],[-0.7980370442593596,51.054520887220605],[-0.8081259612833464,51.05057753514333],[-0.8165876797131398,51.054440378933045],[-0.8191566611182819,51.04880104777473],[-0.8243686151542909,51.0457961122158],[-0.8506058484997899,51.04048166752829],[-0.8540711383609971,51.04456233689546],[-0.852868046039906,51.047068447975946],[-0.855690369342473,51.054110276973994],[-0.8487787735415295,51.05665025913794],[-0.8494943410537096,51.06232259336608],[-0.8573213000261153,51.063208684008096],[-0.8637742520793148,51.06776783039336],[-0.870913020522202,51.06765714108049],[-0.8758712217857442,51.07507876021537],[-0.88510436913697,51.082900692912425],[-0.8877387354539352,51.086163067797784],[-0.8984956061295968,51.09013164693714],[-0.9046766809458464,51.08839121956733],[-0.9164222952423758,51.09290694410135],[-0.9173398049090822,51.09642248908377],[-0.9271444333818023,51.092376336774144],[-0.9401845371899812,51.08413229341474],[-0.9403888875956515,51.08143641608658],[-0.933690766068678,51.080925903789876],[-0.9367602430679149,51.077806501745215],[-0.9456233269513431,51.07725728995001],[-0.9492994578063542,51.07881909524256],[-0.9537949122472807,51.07571205382622],[-0.9642834797846981,51.07265807239259],[-0.9505706014959228,51.06048592405514],[-0.9553717472058304,51.05639239123905],[-0.9644032702757952,51.054494402917456],[-0.9689472371798232,51.049049165873384],[-0.9640332226701914,51.04549865843323],[-0.9569403965036555,51.043727014723004],[-0.9534701362673472,51.03946953036787],[-0.9578309690222254,51.035821571180314],[-0.9634583199647813,51.03290408679082],[-0.9632774389747387,51.02822638498216],[-0.9705334308347006,51.02253532823741],[-1.0027702657139466,51.01526112268185],[-1.0085290928917123,51.01261236996048],[-1.009681831565304,51.00533820855665],[-1.0143124080930095,51.002050138004805],[-1.0023451363454878,50.995204195197026],[-1.0040970212255644,50.98658630857889],[-0.9934189677020149,50.97966047352912],[-0.98465735202589,50.97643725864036],[-0.9790717075353218,50.977827404598706],[-0.9747042900649695,50.975630944247726],[-0.9735097941078696,50.97166372300226],[-0.9686682650014274,50.9716210853592],[-0.9622143002882582,50.97363222949085],[-0.9558182434038218,50.97303568612663],[-0.9523209060313763,50.970216673935596],[-0.9420564051905116,50.970663732160716],[-0.9325696283728013,50.96823936349105],[-0.9248330820742438,50.97023672077766],[-0.9168087648768551,50.966205847084794],[-0.91617637128153,50.962782785310246],[-0.9095608254577376,50.95948387471186],[-0.9102459035175744,50.954544316894484],[-0.9154288386895969,50.952074613624895],[-0.9161969644914696,50.94965372926703],[-0.9106577595584726,50.93692255638127],[-0.9112735316659439,50.92883489220041],[-0.9160225848049048,50.9265409693579],[-0.9135395235900693,50.91707557436028],[-0.9104755949351089,50.91425929290839],[-0.9109777646985634,50.911026603727635],[-0.9238790863741378,50.90053481078063],[-0.9292860105862232,50.900404660482224],[-0.9338639292622064,50.89298259574882],[-0.9479876644442311,50.88456762056711],[-0.9433827363743721,50.88074909176925],[-0.9451795008445338,50.87671860855593],[-0.9433282305020668,50.87058680303116],[-0.9348807850388535,50.86709279125336],[-0.9309910203896758,50.863190349165635],[-0.9322158334683494,50.85933466882966],[-0.936843323743904,50.85577979733818],[-0.9369322492225932,50.84455464494039],[-0.9304551354175729,50.84313153890855],[-0.9420861437695983,50.82498214917069],[-0.9382399940157276,50.81928174279129],[-0.9424149260406649,50.81671173279875],[-0.9257730240313371,50.811973377821054],[-0.9200853123250944,50.806255383279954],[-0.9158659981936667,50.804597543454896],[-0.9093412988636778,50.80444681125192],[-0.9069088313078372,50.81746369357921],[-0.9073485695978478,50.82295344641596],[-0.9164088078769561,50.83634730323729],[-0.9120406255768606,50.84098292930665],[-0.9023679708358552,50.84161179152467],[-0.896995344235197,50.840571932494385],[-0.8926956183372138,50.836214663237804],[-0.8954951206108396,50.83192463139985],[-0.8903227840668837,50.81649779662028],[-0.8847015853975111,50.81410606323085],[-0.8752170983629001,50.8130258130111],[-0.8666207708318001,50.82805065525876],[-0.8683879553006997,50.83130523126501],[-0.8683234077903523,50.83984780782095],[-0.8639522310768937,50.83854634444008],[-0.8593735746843105,50.83994054241507],[-0.860084250395269,50.82825677794804],[-0.852449494812994,50.82692295344165],[-0.8583572187951276,50.82338374883835],[-0.8634889324557662,50.822534551633424],[-0.8695892866482919,50.8168383671683],[-0.868243939194496,50.813767749632234],[-0.8576706982229343,50.810787000269904],[-0.8556387959737565,50.80681021844087],[-0.8447531414190723,50.80508422932087],[-0.8206382215552623,50.81590426333128],[-0.8213992155558845,50.819509112430566],[-0.8170141959209352,50.82450076437929],[-0.8161817210301342,50.82934848354593],[-0.810221815923198,50.82919794562388],[-0.8121169284845202,50.82166321856079],[-0.8153031636821584,50.81917759648428],[-0.8147095892821051,50.814585186471874],[-0.8240377534172766,50.81054282818113],[-0.8254658940733057,50.8045319600395],[-0.8338257875218741,50.80506545783059],[-0.8407452563433735,50.800727882350955],[-0.8450191398284328,50.80005083382424],[-0.858998632016282,50.802886246440224],[-0.8690924312951819,50.80802053195973],[-0.8767504746325665,50.80827435845508],[-0.8873874864056475,50.80262082486793],[-0.8930422828707095,50.79152342832015],[-0.896364022390368,50.78903688573759],[-0.900756820240392,50.78925821362667],[-0.9038973222425183,50.78236322905168],[-0.9137057821658818,50.781465749736014],[-0.9130864136723235,50.783708205239094],[-0.90805349420744,50.786628864266106],[-0.9107023515305254,50.78863206129882],[-0.9156725085595363,50.78229340617092],[-0.9070410763289749,50.775288327129815],[-0.8652212091192351,50.762748553446855],[-0.8344935598202862,50.74967554123323],[-0.7934923057767924,50.72344859181784],[-0.7841629816622164,50.72263224848964],[-0.7720050421163929,50.73248715470982],[-0.7628246046673596,50.74210262657613],[-0.7613643962998492,50.749101704675745],[-0.7616282481210482,50.755219772238625],[-0.7690126121080101,50.76015417390341],[-0.7776145960878122,50.761953311174544],[-0.7773557088312913,50.76644710257217],[-0.780276671214859,50.768636002868135],[-0.7649867237594835,50.767665752027],[-0.7647123793893775,50.77269893215768],[-0.7562078094463214,50.772518632364786],[-0.7552429466353651,50.76612329861089],[-0.7490749234698404,50.76344933677267],[-0.7511982655449131,50.75825613038361],[-0.729029755216002,50.77060693269478],[-0.7001847418041015,50.77775330552525],[-0.6756547284652695,50.78048107805622],[-0.6611640752695359,50.7832474074248],[-0.6487075421999463,50.78724059206743],[-0.6012276024957056,50.79045804873037],[-0.5867404690122232,50.795679306137224],[-0.5787945983480907,50.79567270935979],[-0.56633890556789,50.799297413428555],[-0.5520898876798964,50.801189857772734],[-0.543027855484837,50.80053745087261],[-0.5476307516013214,50.80769940757166],[-0.5608124976316472,50.81289889035003],[-0.5629117478813727,50.81850048133776],[-0.5703706788396031,50.815984116411954],[-0.5731868233425116,50.81673803421171],[-0.5741194881753662,50.82340431088246],[-0.5769960873275519,50.826856791837756],[-0.5746594141653778,50.82898660803523],[-0.5713118861085571,50.81770433045116],[-0.5661233731119283,50.820248678444926],[-0.5607499418733055,50.81955300599544],[-0.5593520894422117,50.814229831552936],[-0.5455881496957065,50.809031922724266],[-0.5411021051439281,50.80268072888547],[-0.4434721680815098,50.80284891408236],[-0.3701232566895233,50.80953643832074],[-0.35068430822882696,50.81418256233181],[-0.3012129912067421,50.82397687430764],[-0.2773510845310386,50.827682983588815],[-0.24898795994113168,50.82672116116408],[-0.25397053500559863,50.83056404359303],[-0.28089206391027277,50.831404483632944],[-0.2883246074924798,50.838627457261865],[-0.285858728687771,50.84003018590727],[-0.27874358964662155,50.83229012658889],[-0.2646702372824311,50.83306193706484],[-0.24657024147587714,50.830992665203986],[-0.24507647124253115,50.82917153706485],[-0.16733028831298916,50.823749291883736],[-0.1375762079462255,50.81860148850172],[-0.10846293563574726,50.81426586067268],[-0.10015763102694894,50.814985278600304],[-0.09028337612561703,50.812746541876805],[-0.05814787771323234,50.80309653604529],[-0.04206996096720813,50.80066929821187],[0.00817088601330502,50.78714303850035],[0.03377632684112468,50.78183372775492],[0.051573435052968124,50.78071255884717],[0.05569680525370038,50.78189906799426],[0.050017151915218945,50.793780816721714],[0.05147438909866309,50.79465456401456],[0.05908834649655196,50.78289150035675],[0.07091863016193876,50.78189955985538],[0.08472405927276143,50.77652713247294],[0.11585573134156488,50.76073088621558],[0.13556724284587576,50.756090440805465],[0.14782517690584082,50.759354891406005],[0.18960940318240135,50.747443185013374],[0.20833682126991732,50.73872555840794],[0.24106487229474294,50.735492696958545],[0.25778260050292895,50.738318000421366],[0.2738721325574882,50.75446434191583],[0.29055965343939705,50.765200331281264],[0.30122796675777913,50.77452393091568],[0.314026320662809,50.78092622470414],[0.32913059367563785,50.78512252036038],[0.33075800840816244,50.78931720740323],[0.34980550935022225,50.80980115301311],[0.36797680034576413,50.81824779559382],[0.40816665987180584,50.82947697613042],[0.4485094629944632,50.83511283112833],[0.4814678803621845,50.83792403240774],[0.528384964028111,50.849238553151146],[0.5574616912839554,50.85068234316819],[0.5756821396859703,50.85387915403765],[0.5963598311549975,50.855219599841526],[0.6084051873061465,50.859978705948386],[0.6231739528138381,50.86127993762851],[0.6211118976812184,50.86356145320288],[0.6252825261606888,50.86949388656542],[0.6249463107405001,50.876157271064955],[0.6166449083276344,50.87769290886608],[0.6072853466096725,50.875563933140135],[0.5968336731483443,50.87678641957206],[0.5923276613009615,50.88012457725686],[0.592188293122134,50.88273601836139],[0.5736301049119242,50.88395634888083],[0.5671828393857588,50.88823574213521],[0.5593173259919041,50.88741917123687],[0.558289443617191,50.88942044483733],[0.5493516980627823,50.89240427789205],[0.5451933744764813,50.891775529964235],[0.5407997966830566,50.89465948780084],[0.5356373144262927,50.893872357950436],[0.5289019135182752,50.89554754019896],[0.5260550080146416,50.89812757532778],[0.5156346466992476,50.900061578397946],[0.5119391249344015,50.90274949243499],[0.5109910921368745,50.90627761313456],[0.502307081113738,50.90880261996966],[0.49179210860013217,50.90902761158663],[0.491506837803026,50.91434022746279],[0.48474288574574986,50.915563725241086],[0.48374615117517417,50.92089145588549],[0.4667034997889406,50.91612627956528],[0.4457637869388111,50.918365782119594],[0.44398971235603274,50.925238409710026],[0.43780087304184195,50.92662699870391],[0.4345599634160393,50.935418830478],[0.4351917211755303,50.94206121079711],[0.4271384762013858,50.94323403137856],[0.41542793258725075,50.939773643820004],[0.41132471945268156,50.94300636270486],[0.3954999711867586,50.948098957531556],[0.37486778064732024,50.95112872575576],[0.3677011595606281,50.9501950347718],[0.3665830251548344,50.94500124810384],[0.368474233226338,50.94019612488716],[0.3632318842448476,50.93787401782093],[0.35855302594731836,50.93823846308716],[0.3496470895603264,50.94228543208426],[0.34523400252427167,50.94228423453185],[0.3421979760064459,50.947022006837976],[0.32913997969033126,50.947822879273666],[0.3259417680574893,50.95220368419427],[0.32628280670158477,50.959032200161474],[0.31840627713781583,50.96386565377625],[0.31129624672660744,50.96121853831684],[0.30190173205998594,50.96131419428179],[0.2964012784575858,50.965289833339874],[0.27809882252340484,50.96672761116503],[0.2710282771157348,50.97361065025583],[0.2669536477265109,50.97476907297135],[0.262312086652717,50.97306034557041],[0.2538297585796506,50.97439355713973],[0.24399544390585523,50.96837730116787],[0.23734178945594162,50.96922447532898],[0.23321913269707353,50.97532916607395],[0.2254519818125791,50.97376865069612],[0.21835308983860885,50.974263471812726],[0.22194391601513505,50.98085051521638],[0.21608310621680304,50.98941591171584],[0.21128100007059655,50.99031636222852],[0.21405752368982262,50.99476057689785],[0.21740091638272324,50.9961361293498],[0.22050527299128972,51.00444123045488],[0.2191145620591574,51.008155047777315],[0.22416822906765116,51.009497905657945],[0.22542810538883454,51.01199212428801],[0.22646700238096443,51.02177536433603],[0.2231675754376607,51.02732431318799],[0.2182835913750516,51.02957561954796],[0.20773062619105676,51.029595655950864],[0.19919593925092782,51.03308425305972],[0.1918069020825587,51.033672791485465],[0.18671340504319142,51.03151985214954],[0.18477453484549167,51.03578309409034],[0.16681764268241472,51.03611751505671],[0.1569701921170095,51.04214551401437],[0.1505071714292446,51.050448724418736],[0.13489135588338527,51.039763053288446],[0.12578169761379654,51.04019895807549],[0.1168618800986596,51.03541450647004],[0.11408103061332743,51.03699374610113],[0.10355454910550725,51.037633415867525],[0.09960001125949436,51.04166166761739],[0.09272162338957435,51.040975642692416],[0.08658158855371419,51.03766796549374],[0.07564101098866882,51.04181993759147],[0.06555907610402247,51.03966032178275],[0.06259773283876255,51.04043210754298],[0.05901343487884956,51.036808046546746],[0.05396134447990177,51.03545801877583],[0.04433276858096213,51.04030344208587],[0.0381398489123606,51.042210304557585],[0.03342703939085628,51.045350155338255],[0.016294878446442534,51.051909729936035],[0.016208843352109144,51.05466937493862],[0.02438847404091759,51.0670910735812],[0.02224357395138393,51.07027586447754],[0.014799235895978296,51.0697749090336],[0.004704321954488937,51.07399547241771],[0.002541331021680818,51.07349296609373],[-0.00590156725007201,51.07633530220484],[-0.010589898040747765,51.07353735608646],[-0.020467126031835127,51.072895673915646],[-0.028690990947088376,51.074203795072236],[-0.034037647410553186,51.072675080112944],[-0.0390969631745033,51.07455870995276],[-0.04808413554401582,51.074709146431495],[-0.057690230732489384,51.08053489413548],[-0.0658526004651245,51.079950792220735],[-0.07294740987685167,51.0913094445762],[-0.0705631033043656,51.09369826835739],[-0.0835368557707441,51.097688809105385],[-0.08803184819364064,51.10297843212299],[-0.10001972778460991,51.09975649158482],[-0.10457992438904753,51.10001038025522],[-0.11436637409361713,51.094682846354665],[-0.12025075673497602,51.09396823617806],[-0.13051210439907615,51.09449251344092],[-0.13257538260831125,51.09290673443496],[-0.13083824389533272,51.0864039367141],[-0.13372836065728552,51.08555080468819],[-0.13520416780434216,51.08080801081023],[-0.1491661741191723,51.077972269169905],[-0.152023765024795,51.074330312126996],[-0.1558399043992111,51.075289894603614],[-0.16173547897501292,51.07421366267832],[-0.16495891304835472,51.068508735261425],[-0.16291532221797297,51.06604849503088],[-0.1677713981187649,51.06234762134157],[-0.17396208626414159,51.06460285177469],[-0.17910042794992476,51.0645930883743],[-0.1919419804810736,51.061015359416814],[-0.19446448718721474,51.058536302418695],[-0.20209590859529014,51.06782686872944],[-0.20288555939526814,51.07323484522593],[-0.20710638422954858,51.07482848228637],[-0.20797342102843994,51.0819462781358],[-0.2240354865054116,51.08381015651542],[-0.23052543070301473,51.08210997511454],[-0.2400482936166178,51.08324296860007],[-0.24781841780143302,51.08165103524152],[-0.2575738644455215,51.088002003382286],[-0.25921750310165237,51.097469104280215],[-0.26674069373085,51.10252700393046],[-0.27780985214597875,51.1006228802406],[-0.3035594836169664,51.10342675893987],[-0.3029962486127199,51.10710567592116],[-0.29473576364140197,51.110312865014734],[-0.29019685468338435,51.117171115589606],[-0.27858551559562766,51.12203677847714],[-0.281431273776068,51.126215371162274],[-0.28088598614783783,51.12935486902514],[-0.2874466008232314,51.13358785826376],[-0.29825993153945524,51.134914784935546],[-0.30162767547671415,51.140539315761686],[-0.30914268332189176,51.138310059611385],[-0.3185264765508324,51.13970436108885],[-0.3213377872784027,51.14496059117064],[-0.3285084292434637,51.148300707398114],[-0.3279855284562187,51.150901150261745],[-0.334212150261522,51.152698630779554],[-0.3253866081420207,51.15949706776107],[-0.32984712650091386,51.166665152114405],[-0.3348183631285754,51.16763530360314],[-0.33578737045914775,51.17250519515389],[-0.34182583608668693,51.17564848627922],[-0.34101734193521965,51.17824492564165],[-0.35210901284621443,51.184157050013326]]]},"properties":{"name":"Sussex","short_name":"Sussex","region":"Worthing"}},{"type":"Feature","geometry":{"type":"Polygon","coordinates":[[[-0.6671932831642964,51.57960007035724],[-0.6726615867238502,51.58110073572224],[-0.678305029522975,51.579635795822135],[-0.6746349426398589,51.576806927964974],[-0.682031502531301,51.57554143050554],[-0.6845449073048708,51.573457457787164],[-0.6921683952770059,51.57355790939491],[-0.6948187388728444,51.57226740267463],[-0.7032790891372577,51.57433938760826],[-0.7061380540014692,51.57197853985377],[-0.7127956809230571,51.57562746596489],[-0.7007724586098995,51.58269298726953],[-0.6971658951761777,51.58667057687578],[-0.7008561760044866,51.58922200087174],[-0.700986175496689,51.594078137672646],[-0.7066585370175611,51.60251036488192],[-0.7158944126367848,51.60863805979665],[-0.7370340194407112,51.61221500174936],[-0.7479211671775531,51.617186263774364],[-0.7689255092960064,51.616069486199656],[-0.7833879481186301,51.618228980543506],[-0.7920256122402594,51.61697838828504],[-0.8007289275022711,51.613218239008525],[-0.8047616892385361,51.613259358872924],[-0.8223541131381341,51.619127975924975],[-0.8384973533180056,51.618787027257994],[-0.8481416968291108,51.62022088980732],[-0.8523297712719491,51.62478201678393],[-0.8660209202005483,51.62575124754749],[-0.876155305409842,51.62919716543586],[-0.8938882850003044,51.641082528142114],[-0.8923433871967151,51.64927012827181],[-0.8983202547119412,51.65803111428923],[-0.9044513405584759,51.66043166477872],[-0.9211042586179317,51.66192463824196],[-0.9239521845729886,51.66663806733704],[-0.9279503570540282,51.66834885071883],[-0.9415005330959287,51.6644542915182],[-0.9461495486949205,51.661315773423205],[-0.9594266553749787,51.645698889917796],[-0.968140842005007,51.64108845744664],[-0.9685766066434518,51.63372727788289],[-0.9739617972095809,51.62155486846667],[-0.986755363778911,51.61463541535197],[-0.9940573870387863,51.61268946955783],[-1.0017425701162006,51.60555727217487],[-1.0173609624487094,51.60435016270227],[-1.0597741966153507,51.594152102009225],[-1.1195473267041163,51.59294243324397],[-1.1212351628214312,51.587578137236505],[-1.1197000865038278,51.585037255868436],[-1.1203896633922947,51.57989411621147],[-1.1173430375685762,51.57720515971779],[-1.1175873740188227,51.57220577530265],[-1.1227608768952337,51.57169294281581],[-1.1241908852720937,51.56637143330437],[-1.1331680090968943,51.55972686051697],[-1.1390686143525053,51.55186392784096],[-1.135233933496665,51.544113238792804],[-1.1332026164342748,51.532406055987074],[-1.1393073779502954,51.52303756881332],[-1.1382677680240776,51.5197377718918],[-1.1322414539015087,51.51538909999763],[-1.1183400679340145,51.512661702950766],[-1.1114371961819063,51.50925761566425],[-1.1041732272617217,51.49651529743652],[-1.0933740193875103,51.49146781969966],[-1.0854501530926477,51.49002728085747],[-1.0920774632549903,51.483592245428596],[-1.1088405647463164,51.47635475534837],[-1.1213864979449406,51.47912803384373],[-1.1334666619043354,51.47821351486904],[-1.139278912634586,51.48277554399737],[-1.1459333694870584,51.485335564402355],[-1.1569433767710147,51.48441082890996],[-1.1596047041711288,51.485434297118395],[-1.1610320008198325,51.49532098962402],[-1.1703867366408471,51.49706086234907],[-1.1742706053640224,51.504788727977086],[-1.1804559031082804,51.50382772451536],[-1.1860588112724746,51.505540073243914],[-1.1953016281124338,51.513806904984065],[-1.2083296172469156,51.52059068923456],[-1.2127595115100007,51.52815366666575],[-1.2175493892629348,51.53052891183148],[-1.2190821933498868,51.53505829960767],[-1.229462002699165,51.54031594986346],[-1.2350136756707435,51.54537406103234],[-1.2388846068362034,51.55477383120452],[-1.251722875735713,51.55786943806066],[-1.2578021414519556,51.56376601966152],[-1.2695173026906796,51.57020100368935],[-1.2770394137640597,51.57007942338184],[-1.281119055979713,51.56692417437095],[-1.2859689911966876,51.565949418814775],[-1.3105977105618474,51.55354266720856],[-1.3172971989008662,51.55441893084128],[-1.3474900903531222,51.56480138533681],[-1.359089626495739,51.56118236360735],[-1.3962344123250943,51.554851440983605],[-1.401665444295279,51.550191980550856],[-1.417671442711527,51.55830725738405],[-1.4254694153345608,51.5575085694642],[-1.4308226076093071,51.558874373044645],[-1.455310416450257,51.55463776198096],[-1.4625607426000413,51.55467117476048],[-1.4687658106013382,51.55218899676926],[-1.4955547111462035,51.557663363599495],[-1.5057000928745512,51.56306271682663],[-1.5132076289160539,51.56426566511983],[-1.5190635473184675,51.56931151031189],[-1.534058106865797,51.57389195037471],[-1.5563296485314888,51.57632136354586],[-1.5678964621865012,51.57485843024342],[-1.5834743787945962,51.57508195203552],[-1.5942572675075364,51.570935100206945],[-1.6007902313074693,51.561081322377895],[-1.6134419645190947,51.557440763739464],[-1.6266912611180442,51.54626862188296],[-1.6363745218328578,51.54395583828926],[-1.640478397376278,51.53426041344203],[-1.6477306830773966,51.53344529101884],[-1.6589729098259842,51.5374958576896],[-1.6638252417808277,51.53466405774093],[-1.6802181278211474,51.53169681073632],[-1.6842595383621626,51.52953181665794],[-1.685103139044091,51.523842492163865],[-1.7015290274228554,51.51501351821686],[-1.710375534913218,51.516208159146515],[-1.7254252488787882,51.511891545917514],[-1.7356187053993561,51.51191493854647],[-1.7559865522561564,51.51580917035213],[-1.76619117905485,51.5138212373331],[-1.7718484250384972,51.508977872842415],[-1.811288862081648,51.5072064092587],[-1.8150193113095971,51.51323841812851],[-1.8278950603613788,51.51359336630957],[-1.833651671951843,51.51448641607389],[-1.839144164977546,51.50981850779201],[-1.845639829981251,51.50641046595355],[-1.855582573772321,51.50606344708953],[-1.853876002043977,51.499047993796005],[-1.8641190718924645,51.494025057737105],[-1.8899212435549178,51.486319377213086],[-1.895536928133988,51.48677407502179],[-1.9144189584304399,51.478517156521086],[-1.9221967392282295,51.47726375564558],[-1.9240766388755397,51.47240956212559],[-1.9296990792686508,51.46755764734985],[-1.92741037190996,51.45829498089819],[-1.9277062985705553,51.453169988854576],[-1.935486853553106,51.446610684277395],[-1.9353489176528258,51.44238457978429],[-1.9304587627671068,51.44121289018982],[-1.928163626354187,51.436805647458804],[-1.9224151964054628,51.4332053709398],[-1.922857011836485,51.42709139158956],[-1.928611968972589,51.426016034884526],[-1.930629367912253,51.42349959869113],[-1.9250295930877728,51.417831463487516],[-1.936401089240281,51.40983563671876],[-1.9494884314181653,51.40660499925093],[-1.967608222245174,51.399418075237044],[-1.9701989969771725,51.39420361520965],[-1.9835671575204221,51.39033982076677],[-1.9878781069491498,51.392498327738615],[-1.9904660414048916,51.38800274435849],[-1.9953523219966536,51.38638453411328],[-1.9975080512508852,51.383057687448186],[-1.992191739059879,51.38080955432527],[-1.993054568202282,51.375954105849395],[-1.9864458449784774,51.37532413583659],[-1.975669236888727,51.37792999798123],[-1.9687703862980979,51.38134520509268],[-1.9542547086249646,51.38448754643701],[-1.9421752351412012,51.39149572241698],[-1.9319700215550157,51.392209587548464],[-1.9209172821419211,51.38411020109674],[-1.9135848400179343,51.386173118167505],[-1.9104261592619816,51.38473209071634],[-1.8986428305247118,51.38472251849743],[-1.8940504660415816,51.38211088935047],[-1.8864321861860007,51.38318276916477],[-1.8837067708897026,51.38129185602437],[-1.8579874228549544,51.38099381921295],[-1.8521031912401011,51.378828556649935],[-1.8506763166208824,51.375769585998924],[-1.8442230133709603,51.37225444998457],[-1.828710464039788,51.37151350236136],[-1.8213727488168945,51.37437989728828],[-1.806569081999424,51.375795087259455],[-1.8013817887835755,51.37929317980455],[-1.7954880497638084,51.3799124719494],[-1.7831440212015859,51.37719280740869],[-1.7791345274912198,51.37439791028213],[-1.7651851595423103,51.37706832104882],[-1.746097389349744,51.37325205713249],[-1.7452089921825387,51.37801571869936],[-1.7367202080695479,51.380065066812065],[-1.7291097736936374,51.37923847020219],[-1.721343937910231,51.380389205008974],[-1.7085680492224533,51.37846990588379],[-1.7018105227164444,51.3791722458513],[-1.6984911282172148,51.381411687744034],[-1.690899928367487,51.37779525635447],[-1.6844141460509545,51.38074523810571],[-1.6753747280691065,51.37892223026056],[-1.6692328009407933,51.373869723767676],[-1.6597637070941766,51.37213421181535],[-1.6609494626637566,51.3671922113666],[-1.672640838021279,51.35931272947005],[-1.6683634562595708,51.35498468585254],[-1.6649870754031466,51.34535393799834],[-1.6557970047115307,51.34550715292188],[-1.6538093211530356,51.34253402626178],[-1.648501552102271,51.341978719360206],[-1.6419347649329072,51.33719323759636],[-1.634316010175296,51.33851847370917],[-1.6294758117261114,51.33346789098486],[-1.6207482899776808,51.3300231087221],[-1.6053409248698858,51.319092191470176],[-1.5952965815681581,51.319057939333746],[-1.5841506466442818,51.31389358814301],[-1.5733292490298239,51.32041871409011],[-1.5735295704015473,51.329770902776005],[-1.5765145941210466,51.33292884796703],[-1.5767644300028447,51.336976056775775],[-1.556121955291823,51.34885874326489],[-1.542333551071137,51.349255309337444],[-1.5370046532587598,51.35085289957082],[-1.526250344694537,51.3493712479762],[-1.5173283308387278,51.35122312032285],[-1.5118280072006447,51.35533655334563],[-1.4897173148805356,51.354882717763275],[-1.4839400033502128,51.35782470821445],[-1.4783361818583118,51.35806964794221],[-1.4693095336700657,51.35623078494488],[-1.464754004510819,51.35279319780446],[-1.4581455453654533,51.35303258832695],[-1.4544419954100516,51.35049771035301],[-1.4481328656572425,51.349748832050565],[-1.440279592965515,51.34611487608632],[-1.4310398097796593,51.338607189740834],[-1.4195741480529265,51.3371122761856],[-1.4159037039900706,51.3322384570783],[-1.4073395554839068,51.328508808517405],[-1.409956304897672,51.32591438128013],[-1.4013914619179624,51.32236412419999],[-1.4001398525123976,51.31930049553078],[-1.394411030282118,51.31846176137152],[-1.3824404391288656,51.31228481665097],[-1.3654967709762658,51.313273311072976],[-1.3631714344737893,51.31541874464681],[-1.3528185869560259,51.31698055552329],[-1.3478159624183628,51.31560402700842],[-1.344699229261725,51.31279915486416],[-1.3362257189754563,51.313380897423876],[-1.3224741257156387,51.31186347233588],[-1.313920044368163,51.30821694388569],[-1.3037296888348358,51.30851650225429],[-1.3007486458141024,51.30643060954994],[-1.2925723501038586,51.30638152363143],[-1.2876493521909165,51.30931902411378],[-1.2722985451751923,51.30931460026122],[-1.266208954023995,51.30433106013687],[-1.2634850887993898,51.30422404799583],[-1.2508042187298034,51.30774041060785],[-1.2463706455381767,51.30690270034813],[-1.2500168070270474,51.30323940678264],[-1.2452064343360518,51.29916213926321],[-1.2367208573561814,51.30054586869873],[-1.2327559456771162,51.297462705039564],[-1.2266133212004968,51.29598359907709],[-1.220248515053759,51.29917850899908],[-1.2117883600969428,51.299031969838495],[-1.2061043584693163,51.29593631864702],[-1.1956544297361893,51.29478599291978],[-1.1898903330082056,51.288182125161775],[-1.1838602681513122,51.288589863855826],[-1.1817414492457472,51.28677668327986],[-1.1756760987000925,51.28916199210928],[-1.1722526124667239,51.2881487296472],[-1.162766501930714,51.289340196641454],[-1.161547387958009,51.293287944896946],[-1.1449966919379928,51.2886723025753],[-1.1419226663462467,51.28433365715186],[-1.1286522474163383,51.28090863437802],[-1.1323395096830369,51.27545087072218],[-1.1457703375729917,51.27015438501768],[-1.1464285673805577,51.26557324515765],[-1.161771125394628,51.265234466352524],[-1.1579423692502406,51.255135909776236],[-1.1609044907981274,51.249851861227135],[-1.1590830543265143,51.24759077957468],[-1.15909717008195,51.23895849513007],[-1.161870779292864,51.23610091816955],[-1.1566554327349872,51.23147750494659],[-1.149515028068998,51.23034680134308],[-1.1453405364948916,51.23148537389121],[-1.1365375065074685,51.22737433508008],[-1.1306649282286438,51.22742079568266],[-1.1207390922406841,51.2222211626708],[-1.1200592022761804,51.220327708648206],[-1.1052552350755436,51.223182888363034],[-1.0987568229088278,51.21863698246129],[-1.0925777953768887,51.21975822584135],[-1.0895043642757314,51.215867739980915],[-1.0773523937611729,51.21496329566907],[-1.0745802564216707,51.21754913720074],[-1.0674295525722781,51.21713270210313],[-1.062802875078749,51.219343790427615],[-1.0467849784052192,51.211481186750284],[-1.0471417370690472,51.20806706378496],[-1.0406194686013528,51.20504636469605],[-1.037180842452746,51.20519797286991],[-1.034244867495542,51.20184667262143],[-1.037390683051471,51.19512843700828],[-1.0541670642125984,51.193556699736234],[-1.0546607066477027,51.190413417834186],[-1.0633755106008094,51.191112941027676],[-1.0779375724517477,51.18565341457308],[-1.0845237398999208,51.18543535461136],[-1.0838600998205512,51.182822424339406],[-1.0761424724729456,51.182402065156644],[-1.076509395551595,51.17835847737586],[-1.0675487881853918,51.17576959211782],[-1.0653856991578352,51.16954770154911],[-1.066329053659267,51.16532888373311],[-1.0863620683954824,51.15757385599291],[-1.108614045439569,51.14560597969197],[-1.103142232951849,51.14025873547588],[-1.1079521910849774,51.13543969287961],[-1.1078647131628976,51.13256150269873],[-1.1026611131315227,51.128205415019885],[-1.0862064155218711,51.12924703138997],[-1.07700612872866,51.13196240808359],[-1.0658929963496353,51.13025558504365],[-1.0682606168281814,51.1262279368426],[-1.0677759603442147,51.121907773427],[-1.0638411891807125,51.11863911922657],[-1.060966996968772,51.112411384776976],[-1.0560264165370457,51.1094940721481],[-1.0629456353360125,51.106402398644896],[-1.063799529279998,51.099485142846774],[-1.0628871930519805,51.09516151339092],[-1.0590540047978407,51.094051653494674],[-1.0561325393007817,51.09025132392908],[-1.0558415064545774,51.083504705812956],[-1.0583466537908248,51.07965818876781],[-1.0492587638683823,51.07032250046276],[-1.0594181078589577,51.06905580929417],[-1.0623429371272182,51.065572271186184],[-1.0690601868807053,51.065086404406756],[-1.0747218166685781,51.060275457981795],[-1.0746490244747746,51.056767849379376],[-1.0659739056687245,51.04824600523354],[-1.0652067432613423,51.04383359015079],[-1.057839568628863,51.041346492784626],[-1.042170503072652,51.04031991273298],[-1.036366331177707,51.03820394937537],[-1.0330733298428154,51.03880622805012],[-1.0308310892987225,51.04373350185273],[-1.028100608188612,51.04470000088491],[-1.0215739731567255,51.043026917433444],[-1.0102975381500354,51.04338161385601],[-0.9870888757214341,51.02834523512254],[-0.9779998519923169,51.02664746817693],[-0.9695485739362165,51.0283717650721],[-0.9641488931885226,51.02751471140415],[-0.9634583199647813,51.03290408679082],[-0.9578309690222254,51.035821571180314],[-0.9534701362673472,51.03946953036787],[-0.9569403965036555,51.043727014723004],[-0.9640332226701914,51.04549865843323],[-0.9689472371798232,51.049049165873384],[-0.9644032702757952,51.054494402917456],[-0.9553717472058304,51.05639239123905],[-0.9505706014959228,51.06048592405514],[-0.9642834797846981,51.07265807239259],[-0.9537949122472807,51.07571205382622],[-0.9492994578063542,51.07881909524256],[-0.9456233269513431,51.07725728995001],[-0.9367602430679149,51.077806501745215],[-0.933690766068678,51.080925903789876],[-0.9403888875956515,51.08143641608658],[-0.9401845371899812,51.08413229341474],[-0.9174825832795818,51.0964238108629],[-0.9164222952423758,51.09290694410135],[-0.9046766809458464,51.08839121956733],[-0.8984956061295968,51.09013164693714],[-0.8877387354539352,51.086163067797784],[-0.88510436913697,51.082900692912425],[-0.8758712217857442,51.07507876021537],[-0.870913020522202,51.06765714108049],[-0.8637742520793148,51.06776783039336],[-0.8573213000261153,51.063208684008096],[-0.8494943410537096,51.06232259336608],[-0.8487787735415295,51.05665025913794],[-0.855690369342473,51.054110276973994],[-0.852868046039906,51.047068447975946],[-0.8540711383609971,51.04456233689546],[-0.8506058484997899,51.04048166752829],[-0.8243686151542909,51.0457961122158],[-0.8191566611182819,51.04880104777473],[-0.8165876797131398,51.054440378933045],[-0.8081259612833464,51.05057753514333],[-0.7980370442593596,51.054520887220605],[-0.7899040386431918,51.054526904756194],[-0.7904160630472618,51.05678034623418],[-0.7757113151729798,51.05707689617992],[-0.772071355589332,51.059826416986],[-0.7716028788143695,51.066745774650485],[-0.76429176570748,51.073323223522415],[-0.7493592772900061,51.07127599996924],[-0.7453055420087505,51.07339078325857],[-0.7409257951714517,51.07172503360951],[-0.7355922584357601,51.07364584002083],[-0.7302066079300942,51.07223858170654],[-0.7285634065257902,51.064487091927006],[-0.7209944599049083,51.06467429607748],[-0.7107325306199471,51.069327663979315],[-0.7088875105340566,51.063821809329475],[-0.7052057497901535,51.062791900218464],[-0.7000060737503344,51.05482067889107],[-0.6931872418866091,51.05375545557146],[-0.6882563737354854,51.05657787182102],[-0.6901620840933833,51.05983659096562],[-0.6880937943385091,51.06233134407092],[-0.6888486422401932,51.07097272493334],[-0.6974289917215741,51.07547502033548],[-0.6990658014657263,51.0781910264635],[-0.7131698820186197,51.08437214827097],[-0.7042171930802926,51.09308600182958],[-0.711825792256069,51.091641335162386],[-0.7156934049047234,51.09636001471579],[-0.708499955240794,51.10338490867031],[-0.7097651828994483,51.10924403439948],[-0.7070692303875104,51.11371053183159],[-0.7168840746980896,51.11525743619163],[-0.717247839555938,51.117599475982665],[-0.7071567135898369,51.12081560397515],[-0.7006598208486758,51.12829733085954],[-0.7017372175964078,51.13064735136992],[-0.6941168137310988,51.1322710968152],[-0.6920498218129044,51.12955024174339],[-0.6754282920754685,51.1310717655124],[-0.6585404094254165,51.1368143736825],[-0.6524406678524957,51.13521553191166],[-0.643822889487416,51.136644652415626],[-0.6266577928651472,51.137073844792525],[-0.6190230478418485,51.13905224313343],[-0.6149167900664868,51.13774472818533],[-0.5981116972335484,51.140422142342864],[-0.5917661365173735,51.13755820997869],[-0.5878039688606508,51.1409276255703],[-0.5799197958820879,51.14164150270993],[-0.5758918804717301,51.13781563448519],[-0.5729371428322524,51.1409270345176],[-0.5658898011572056,51.13769342213287],[-0.5605554999147793,51.13915663987273],[-0.5513756740174962,51.12645360888017],[-0.54127861063115,51.124889277868206],[-0.5417058374174561,51.12039827513295],[-0.54459917308719,51.11926527309418],[-0.5435454720481792,51.1118781648563],[-0.5355682847676643,51.11114904794589],[-0.5374984880406524,51.10883510706496],[-0.5339763414758953,51.1027658978539],[-0.5272258664166641,51.10394004451479],[-0.5206386062246129,51.09999002366437],[-0.5143424571394299,51.100359829233255],[-0.5044553795128518,51.09250003529908],[-0.4956140848261679,51.0921168248695],[-0.4955469996096917,51.09418429273682],[-0.4853943298000865,51.09459277626307],[-0.48519283999727797,51.09638871579971],[-0.4764287544283959,51.09798345411736],[-0.4734877499675411,51.10055300110938],[-0.46796742885205017,51.09904195741713],[-0.4613944927219723,51.099135501698136],[-0.4567692832911387,51.10078317116954],[-0.4460046563298884,51.10234922236967],[-0.4421521332201139,51.0979814209909],[-0.43687017733893085,51.09791092379774],[-0.4334895896308479,51.10074337121998],[-0.4216850793968221,51.103462312400595],[-0.4217758139329458,51.10499231206858],[-0.40096798657152277,51.10776715317027],[-0.39701024707750965,51.11068058848459],[-0.3980624562564526,51.11330292192158],[-0.38575538458493364,51.11798978528498],[-0.3851107102760458,51.12418591818154],[-0.3905687373858783,51.12749856887348],[-0.3994219437030788,51.1277100041116],[-0.40699332165112123,51.131950061005355],[-0.4090968148340049,51.137284424284964],[-0.4047238408675827,51.1397428297646],[-0.4079489487451574,51.145721991947134],[-0.41752640636892646,51.1457620397991],[-0.41954266469821944,51.15370290510683],[-0.4257112864350665,51.16151982569392],[-0.4217019073067842,51.17423543499149],[-0.4236689784946847,51.17947771568759],[-0.417884131494505,51.18128809252369],[-0.41460221234746586,51.185200437710975],[-0.400346642623154,51.18365749734969],[-0.3919765918390863,51.18570101280589],[-0.38036845956813914,51.18212364845387],[-0.3752382098746662,51.17746622089674],[-0.37055418790799727,51.17641187239819],[-0.362606816565191,51.178639020192016],[-0.3619010208702956,51.18240609057521],[-0.3581295716830924,51.185319521314895],[-0.36433199659986,51.192444514041355],[-0.3715962202942715,51.20644136932021],[-0.382520386843144,51.214126050840406],[-0.39394801768885895,51.215121320107485],[-0.40042956192253043,51.220399097665705],[-0.4055036774960145,51.22013381598889],[-0.41978044461818625,51.23137624922825],[-0.41941382098992125,51.24208553916146],[-0.4155483622783557,51.24588390828627],[-0.41459965633403045,51.25022347812037],[-0.4176097439378571,51.255789251951285],[-0.41895959058058485,51.27087364021739],[-0.42386742714075865,51.27562763149989],[-0.41937249483883504,51.28996409104946],[-0.4376999854025332,51.30845763796157],[-0.43830281351631245,51.31432517944176],[-0.4455590890844439,51.32095024447319],[-0.4456105278148236,51.32731246075568],[-0.4376320478120488,51.3340699787474],[-0.4426338952548333,51.34418114097173],[-0.4403151167048162,51.34950753069873],[-0.44616700976439916,51.35829040064069],[-0.4461509449632639,51.36666031462528],[-0.448198493122766,51.369366284774834],[-0.45745981160683613,51.37233466567194],[-0.45555406345696436,51.37701096553192],[-0.4530004844112292,51.378071367537025],[-0.4426891370311067,51.37608775116974],[-0.43754225786847184,51.377248622860634],[-0.42951996229204165,51.38205893691402],[-0.42657069099612643,51.38712668368156],[-0.415840446813799,51.395047327058215],[-0.4142941048908386,51.39838273315966],[-0.4001488696526068,51.40364005679923],[-0.4019406135001025,51.4053514272114],[-0.3918745525200777,51.40883503973098],[-0.3802192603506679,51.40723431964468],[-0.373941612845232,51.4078209069975],[-0.35994437228229237,51.40174666447257],[-0.3595630113975246,51.399787052472256],[-0.3527795704327554,51.39816937974971],[-0.3426997745076579,51.40231119374458],[-0.3385103378122074,51.39438794866315],[-0.32529780010588744,51.38902002467249],[-0.32489091650897434,51.39055131605408],[-0.3126434372433105,51.39484133326069],[-0.30494774352048326,51.405511433658596],[-0.3007743268866464,51.4045045585282],[-0.3026239422917033,51.40963389322861],[-0.303477958324838,51.413226257953866],[-0.3017641119233398,51.41863315787603],[-0.3052418675749059,51.42246923608029],[-0.30443759702892204,51.42463851888086],[-0.3273063726128338,51.43332092695383],[-0.3283214056823992,51.43231148237605],[-0.3221489596713569,51.42448189397336],[-0.3152188258388206,51.42499972680416],[-0.31031411011288285,51.42056729880977],[-0.31137718282207155,51.41136516545328],[-0.31663169146613873,51.409966569415026],[-0.3205589775434885,51.406806070740444],[-0.3181805506741136,51.39990001379377],[-0.3219668967108475,51.3985243950528],[-0.32733708733316114,51.400467651897856],[-0.3307331296835645,51.39662293801375],[-0.33612744793892807,51.400238496417266],[-0.33662670272794254,51.40279684216346],[-0.34714460664256475,51.4085008032938],[-0.3666467783576749,51.4133006202881],[-0.3797795020186442,51.411524905886466],[-0.38128408788273305,51.410102706681776],[-0.39215144353597986,51.41032020283358],[-0.4205992021977964,51.40202458514412],[-0.42574214451667997,51.397855440029296],[-0.44318168298820704,51.399728096178855],[-0.466427122765232,51.4063977897761],[-0.4655753951739273,51.408353650659606],[-0.4722068759630543,51.40991553570104],[-0.472059414781542,51.414339375543655],[-0.4779021713689323,51.42129477885526],[-0.4890546431461113,51.427446426969325],[-0.496865995100061,51.42900317753916],[-0.5025836816499478,51.432262067478696],[-0.5137700534880478,51.43207061084432],[-0.5189060412105593,51.4344642582593],[-0.5313156208548188,51.436413699194794],[-0.5525641890602344,51.44499546339453],[-0.5586473497842322,51.45071362498355],[-0.5604399003997991,51.45856332842312],[-0.5540494864137329,51.474762098519804],[-0.5593241665852611,51.476445600008205],[-0.5615452582646054,51.47908058210293],[-0.561801809887812,51.48465885461418],[-0.5520449730341822,51.48804572390509],[-0.537281652118035,51.49029040895688],[-0.538229174018034,51.49219056962046],[-0.5313923422927717,51.494263275021794],[-0.5283271581297796,51.499979819940506],[-0.5288250879172455,51.50241394023354],[-0.5376969199853907,51.504323299736384],[-0.5369019339936479,51.5066513446907],[-0.5429922654799166,51.509964298406295],[-0.5598061110524376,51.51143082210192],[-0.5677743955854142,51.514675603898],[-0.5631981652090164,51.51812656216175],[-0.5647793147196977,51.527646291124945],[-0.5590610880887437,51.53635708565542],[-0.5602402636524517,51.53765941982194],[-0.5508495000820938,51.543690426827],[-0.5522167004230809,51.55081255187012],[-0.5737055136266455,51.5554817918715],[-0.571198479007248,51.56183561792053],[-0.5774248483729479,51.56110197785725],[-0.582745571510491,51.56629178663674],[-0.5918735359319002,51.56505286336522],[-0.5996112773569265,51.56208817635575],[-0.6059222863699901,51.56800809022888],[-0.6134525311954352,51.567108178730585],[-0.6185440717433086,51.57049524092226],[-0.6239027562914783,51.56983884539771],[-0.6282227192546379,51.5749248908531],[-0.6341318752188659,51.57517364292686],[-0.6367114317787628,51.58059878489458],[-0.6442859831501699,51.57825869841425],[-0.6482129584002605,51.572369317217785],[-0.6554679035991382,51.57101394324208],[-0.6538484510229998,51.56721878363587],[-0.6688016140463148,51.56900787207938],[-0.6701889484920903,51.57091190780103],[-0.6671932831642964,51.57960007035724]]]},"properties":{"name":"West Thames (South)","short_name":"WT(S)","region":"Reading"}},{"type":"Feature","geometry":{"type":"Polygon","coordinates":[[[0.2732163754836334,51.939337931550554],[0.2684512512059156,51.94293693922085],[0.2629869146613213,51.941333566341406],[0.25813337478693943,51.934502597291306],[0.24950009914593121,51.933498917000485],[0.2509428175151969,51.927446383918735],[0.23983845007341614,51.92352173774965],[0.2310188052431346,51.9157759319464],[0.22364388822610373,51.91366742264074],[0.21903153880094112,51.91744139324967],[0.2156369164661906,51.91642626976781],[0.21489101673828873,51.927860681063926],[0.21665335708610642,51.931154689815635],[0.2090700356557362,51.933725228865406],[0.20439261763946362,51.94127040603084],[0.19254190620035766,51.94403220028027],[0.18308046818720414,51.94374208875948],[0.1786696873571376,51.94580213107575],[0.17502264995331906,51.95162466935581],[0.17597585488174497,51.95628305754258],[0.16555904229730473,51.96663644901152],[0.1612042148701614,51.966896322592774],[0.15938961823625988,51.97457305325821],[0.1538765812241511,51.981058543407926],[0.1482322912667198,51.98179111987985],[0.14025990438364253,51.98562312415069],[0.13184019498227847,51.99539753137302],[0.12353886967914739,51.99851494781248],[0.12024506230389208,52.002800622414775],[0.09698016469088509,52.00690396686438],[0.08413930968969904,52.00650246061719],[0.07460527935531992,52.01143661095242],[0.06534203183834056,52.00647392691429],[0.05594203686866743,52.00483998314372],[0.053324022116473184,52.008122805676976],[0.04779964911494576,52.008398832852606],[0.046462585952375804,52.0110297721752],[0.04072427589258488,52.01301767159553],[0.03449854700392365,52.01069752685138],[0.035719257384110095,52.00869818278009],[0.029753039830467242,52.00565393258369],[0.024613264843885894,52.00799042131553],[0.017895604829733923,52.0076561091122],[0.0034362915018485763,52.01015096252227],[-0.0057688147703196515,52.00958782498866],[-0.01813597008215893,52.01330344846127],[-0.02453604790315133,52.010263777376096],[-0.028585423333783187,52.01096106368696],[-0.0324457073158404,52.01597118876592],[-0.038011156480118054,52.0186716884517],[-0.050933792725782884,52.01978542149255],[-0.05692455566386453,52.01943480177349],[-0.06786848674582002,52.015748306232545],[-0.06576544180062664,52.01382548908745],[-0.06734236229665704,52.000903013704054],[-0.07200596833302689,51.997472602284006],[-0.07363912702108763,51.99336304183594],[-0.08248424877076381,51.98748280878698],[-0.09298599624056177,51.987113829802745],[-0.0963555098688853,51.98321190756728],[-0.10379123456636277,51.97955527886504],[-0.11091392639229954,51.97984960119935],[-0.11593313387027163,51.97822156568809],[-0.12657357729027252,51.98144856650276],[-0.13129763867742772,51.97990509216714],[-0.13512966308345292,51.97529006867308],[-0.14329214039654764,51.971552556790904],[-0.14607048876781273,51.967729831033964],[-0.15820066711298866,51.96657142529293],[-0.1702058115484999,51.95417001127006],[-0.17298740495927073,51.95376361812885],[-0.16654291332832413,51.947638876470855],[-0.16882764535642344,51.94155996117423],[-0.17411725132413325,51.93669659341313],[-0.17725010085515466,51.93836368488367],[-0.18731449280721085,51.93770983035548],[-0.19355429072763333,51.93447876469906],[-0.20105872505433434,51.925062321678766],[-0.210611112330582,51.918913631386786],[-0.21187120054150899,51.91281831358244],[-0.2141043020610346,51.91150344119497],[-0.23099902764629207,51.91445615744284],[-0.23800473001448527,51.91006532997913],[-0.23200737297214105,51.903591168164304],[-0.22653630942416836,51.90224997488263],[-0.2180154328785514,51.89717572724217],[-0.21305356129897726,51.890356560634174],[-0.2188989589403836,51.88585931996859],[-0.2228589358872289,51.884930088892446],[-0.2224234132791732,51.8812368312012],[-0.2205076207568719,51.87824054245648],[-0.22744853758178823,51.87537798984023],[-0.22983203888046372,51.877571931877206],[-0.2398036566429038,51.875203808902384],[-0.24401413999639307,51.875266726839655],[-0.24821964151401446,51.87919592729406],[-0.25324948725126123,51.88061948917838],[-0.26230368092984235,51.88695793748679],[-0.26275291769619574,51.89038147234783],[-0.26873556731920234,51.89352687109189],[-0.26789873391805874,51.896391941993066],[-0.2723466250458668,51.89789601974476],[-0.27495863803832177,51.90180081959564],[-0.27999529676215495,51.9031333953262],[-0.2765231078457613,51.906499482566495],[-0.2850680142013484,51.90734365372124],[-0.2886851622342943,51.911622447124365],[-0.29673413886576366,51.91407707039768],[-0.29807179137759976,51.91715362240441],[-0.32032849929776736,51.92080029527038],[-0.33211214001644496,51.928520906160784],[-0.34121401502052706,51.9301781107748],[-0.34266744634044466,51.93415492941735],[-0.35034989854064513,51.934892256994445],[-0.34835110603975994,51.941787824359096],[-0.3542077512953268,51.94474718798251],[-0.3592811309472003,51.945267575969545],[-0.3673973654308374,51.95014597953666],[-0.3766672305355569,51.947306917322294],[-0.3799700673191944,51.948521323836694],[-0.39007920795123413,51.94659191868605],[-0.4026437601808469,51.94514456998019],[-0.411893364330259,51.951024326624925],[-0.4169398229011043,51.948214977759456],[-0.42229614956858796,51.9531423324712],[-0.42813946062385416,51.95250116040476],[-0.43810337991534953,51.94633965927932],[-0.4510778565489462,51.94983794323525],[-0.4559238590427171,51.948552862361026],[-0.4585504310371934,51.944091502063564],[-0.4643184184263222,51.94560552734987],[-0.47474781556825263,51.94268397701497],[-0.47894078884937286,51.94345754619833],[-0.48022302617271656,51.935651463190595],[-0.485230239786818,51.933827772757425],[-0.4854055931203949,51.92429898354601],[-0.49131991572691197,51.92254038572674],[-0.49801966786187174,51.91672787381603],[-0.513046310302219,51.91521026504529],[-0.519547064312271,51.907649395183],[-0.5297058125191989,51.90373054198892],[-0.5423449783271334,51.90329323550425],[-0.5535511490167591,51.89157066998973],[-0.5533860616487152,51.88868316489434],[-0.5461747011583108,51.887042804751424],[-0.5408729506870089,51.88216318519498],[-0.5410441949297095,51.878322860611576],[-0.5350149303916147,51.874574171461134],[-0.5343248368470365,51.86899079361782],[-0.5389077145437124,51.86203435100775],[-0.5476086707607475,51.85791603484289],[-0.5470594874217773,51.85242437859226],[-0.5523267563094479,51.84664477167197],[-0.5521835811928489,51.842057288763684],[-0.5697868861033631,51.84083397332329],[-0.576265436850635,51.84253104875404],[-0.5894815064739485,51.842330595798316],[-0.5940689591191451,51.8441838267851],[-0.6080747992645695,51.84192265948895],[-0.6077300264428542,51.834275746949984],[-0.6027156793282529,51.827472602478714],[-0.6098015322467999,51.8282758916024],[-0.6205943855167062,51.82174919259245],[-0.6231587580427628,51.81854227072743],[-0.6188358617098797,51.81282688346147],[-0.6212575778630652,51.80952840871915],[-0.6289178234360532,51.805661663460036],[-0.6331642809826297,51.80912789924993],[-0.6374534064242522,51.806390279016036],[-0.641053948489965,51.80724118252505],[-0.6471869430950389,51.8058732388668],[-0.6497243500924373,51.803474673698496],[-0.6490988156812995,51.800140603651194],[-0.6550476146540388,51.79517350313628],[-0.6514287887633416,51.79009676385812],[-0.6478132644364133,51.78978549455327],[-0.6484361379126942,51.78349853115081],[-0.6599185281332869,51.777605583237076],[-0.6732418755377115,51.778026431861996],[-0.6808103373767402,51.77199730799418],[-0.6900657706648416,51.76769491218737],[-0.7021264628038244,51.76656985246921],[-0.6979432372072933,51.76085889018592],[-0.7031180113355174,51.75219423471343],[-0.708695717068375,51.749648072149924],[-0.7084624778399173,51.747667355259765],[-0.7414997505717903,51.74730637768841],[-0.7511713707297175,51.743273398988315],[-0.7573706374363056,51.744328171992024],[-0.7668767069939502,51.75162153238099],[-0.7715989579147579,51.748434012275794],[-0.7719860811710916,51.744841431790064],[-0.7777977214886218,51.74418267727903],[-0.79076052959873,51.74692430253853],[-0.7931326332834329,51.74488061545214],[-0.7906629150376184,51.73973003749383],[-0.7956383495458489,51.73780297933219],[-0.7925369380157776,51.73462412250252],[-0.7952050135878039,51.7323136944582],[-0.793811152617871,51.72483639298473],[-0.8012025668909614,51.72455235535698],[-0.8047237931663366,51.72278990498173],[-0.7971433849689533,51.719295764783595],[-0.7956445293070463,51.71577369508985],[-0.7910136849219039,51.715726146221236],[-0.7880329176789375,51.718932417324716],[-0.7736384080454172,51.71590577575026],[-0.7706944717564149,51.7123682887606],[-0.760084873822601,51.70866017367934],[-0.7594818941568129,51.70424791007625],[-0.7519216945913852,51.70551659934029],[-0.7420036903682939,51.70307300952829],[-0.7439487946931439,51.695540827654455],[-0.7346796275426415,51.690675787687866],[-0.7330745401093088,51.6859828173977],[-0.734299139563093,51.68356826193601],[-0.7420430926852875,51.680774096852154],[-0.7376954679205903,51.67587195956374],[-0.7394231334739418,51.67094506883682],[-0.7382393911750097,51.66670626838823],[-0.7342895513656865,51.66315699841933],[-0.7380354705059314,51.65843169252434],[-0.7338749598416767,51.65209270988906],[-0.7148102053841274,51.65152597723135],[-0.7117559456274092,51.647086557548825],[-0.7064993256511932,51.64388166425492],[-0.7071500471226787,51.636245823886206],[-0.7015265412788693,51.635824109109635],[-0.6970224868476487,51.63163799909907],[-0.6922120073088927,51.63311313022643],[-0.6888282568195656,51.63019802284393],[-0.6825706666249143,51.63174650212848],[-0.6732161528937182,51.63047225659682],[-0.6703852675253611,51.62846203773131],[-0.6646760122467669,51.63100488167382],[-0.6557581470259498,51.62964427913328],[-0.6583527549527672,51.620052690077955],[-0.6551749856636678,51.615160739827395],[-0.6476268613698644,51.616422820925244],[-0.649650367660654,51.60926499623932],[-0.6474955746691742,51.60626050414291],[-0.6570299847844357,51.60124457250928],[-0.66123176647983,51.60075306868008],[-0.6638227304668067,51.59610681506398],[-0.6666281104383415,51.59398066318252],[-0.6683680514443022,51.58878512587065],[-0.6757687615017515,51.582484612642986],[-0.6671932831642964,51.57960007035724],[-0.6701889484920903,51.57091190780103],[-0.6688016140463148,51.56900787207938],[-0.6538484510229998,51.56721878363587],[-0.6554679035991382,51.57101394324208],[-0.6482129584002605,51.572369317217785],[-0.6442859831501699,51.57825869841425],[-0.6367114317787628,51.58059878489458],[-0.6341318752188659,51.57517364292686],[-0.6282227192546379,51.5749248908531],[-0.6239027562914783,51.56983884539771],[-0.6185440717433086,51.57049524092226],[-0.6134525311954352,51.567108178730585],[-0.6059222863699901,51.56800809022888],[-0.5996112773569265,51.56208817635575],[-0.5918735359319002,51.56505286336522],[-0.582745571510491,51.56629178663674],[-0.5774248483729479,51.56110197785725],[-0.571198479007248,51.56183561792053],[-0.5737055136266455,51.5554817918715],[-0.5522167004230809,51.55081255187012],[-0.5508495000820938,51.543690426827],[-0.5602402636524517,51.53765941982194],[-0.5590610880887437,51.53635708565542],[-0.5647793147196977,51.527646291124945],[-0.5631981652090164,51.51812656216175],[-0.5677743955854142,51.514675603898],[-0.5598061110524376,51.51143082210192],[-0.5429922654799166,51.509964298406295],[-0.5369019339936479,51.5066513446907],[-0.5376969199853907,51.504323299736384],[-0.5288250879172455,51.50241394023354],[-0.5283271581297796,51.499979819940506],[-0.5313923422927717,51.494263275021794],[-0.538229174018034,51.49219056962046],[-0.537281652118035,51.49029040895688],[-0.5520449730341822,51.48804572390509],[-0.561801809887812,51.48465885461418],[-0.5615452582646054,51.47908058210293],[-0.5593241665852611,51.476445600008205],[-0.5540494864137329,51.474762098519804],[-0.5604399003997991,51.45856332842312],[-0.5586473497842322,51.45071362498355],[-0.5548535629904982,51.446297981248605],[-0.5313156208548188,51.436413699194794],[-0.5189060412105593,51.4344642582593],[-0.5137700534880478,51.43207061084432],[-0.5025836816499478,51.432262067478696],[-0.496865995100061,51.42900317753916],[-0.4890546431461113,51.427446426969325],[-0.4779021713689323,51.42129477885526],[-0.472059414781542,51.414339375543655],[-0.4722068759630543,51.40991553570104],[-0.4655753951739273,51.408353650659606],[-0.466427122765232,51.4063977897761],[-0.44318168298820704,51.399728096178855],[-0.42574214451667997,51.397855440029296],[-0.4205992021977964,51.40202458514412],[-0.39215144353597986,51.41032020283358],[-0.38128408788273305,51.410102706681776],[-0.3797795020186442,51.411524905886466],[-0.3666467783576749,51.4133006202881],[-0.34714460664256475,51.4085008032938],[-0.33662670272794254,51.40279684216346],[-0.33612744793892807,51.400238496417266],[-0.3307331296835645,51.39662293801375],[-0.32733708733316114,51.400467651897856],[-0.3219668967108475,51.3985243950528],[-0.3181805506741136,51.39990001379377],[-0.3205589775434885,51.406806070740444],[-0.31663169146613873,51.409966569415026],[-0.31137718282207155,51.41136516545328],[-0.31031411011288285,51.42056729880977],[-0.3152188258388206,51.42499972680416],[-0.3221489596713569,51.42448189397336],[-0.3317857114995202,51.437109222427715],[-0.332058314545249,51.441870082548775],[-0.32847183260774576,51.44551487613945],[-0.313160174585249,51.44708505027138],[-0.30762144586951795,51.44898355612164],[-0.3047573010597017,51.45209851296564],[-0.30834452896375797,51.45628683538688],[-0.32136551296745414,51.46231903752865],[-0.3240405463641563,51.468283279706824],[-0.3222313295271011,51.47050549873336],[-0.30852134186087654,51.47525433653307],[-0.2941419899176635,51.48628651278253],[-0.2830609246473885,51.486034876039696],[-0.2768794688842695,51.48189763195171],[-0.27212012340361563,51.47445382405292],[-0.2673223514713117,51.47186514904449],[-0.26029144057735437,51.47122149676508],[-0.25533355736814317,51.47285639462864],[-0.25176555628920194,51.483324397234625],[-0.24861882438462576,51.48651471585565],[-0.24131060637082116,51.48928291873296],[-0.23454451239353094,51.48918125344639],[-0.22733159355031216,51.485745239118],[-0.22452776860583173,51.47635066557928],[-0.2190125897653641,51.470062219481704],[-0.20667327693935428,51.46528796880944],[-0.19216973729135847,51.46434583202229],[-0.18570725841222793,51.46757323950939],[-0.17976861770321007,51.47823624565324],[-0.17488333471301096,51.48192817064221],[-0.1505559228615466,51.485899383892054],[-0.13412878524372415,51.48501866054864],[-0.12977294345978763,51.48692763137252],[-0.126699875803651,51.490565526656106],[-0.12246626701782545,51.5066574270914],[-0.11849517222890216,51.50895882510877],[-0.1099690106493889,51.509882855226095],[-0.08866880999783648,51.50852150434873],[-0.061280040484842466,51.50227171405505],[-0.050690663801300676,51.50731189786968],[-0.0390896107637135,51.509006951945906],[-0.029483392512934,51.50452947117885],[-0.028948520502581412,51.49354944045189],[-0.025014609284979165,51.48790779262657],[-0.019486719752730343,51.48583616458736],[-0.012729808374661668,51.48554198773229],[-0.004793805831670462,51.48883343716037],[-0.009357154484517453,51.50014286298749],[-0.0068849659319331945,51.503967723941436],[-0.0008438641832137346,51.50701233500533],[0.006635997966894702,51.50670473497782],[0.016278001994858092,51.49988475380441],[0.021529396918983534,51.498085727402994],[0.04203257721756453,51.49907939082063],[0.06459860295718492,51.49787490571301],[0.07217830343611517,51.499809547536316],[0.08265685098447914,51.51158431943798],[0.09529993103466083,51.51669183711574],[0.09978952745029801,51.51433636244603],[0.10901026881862805,51.51426083344976],[0.12046824915156204,51.518910343969026],[0.12666956550123737,51.518977913571796],[0.1437157678958403,51.513631569599525],[0.1626091438497504,51.51085660165884],[0.17350836271963804,51.50669822034052],[0.1802030027930032,51.49901989085654],[0.18173540294734802,51.491886972513036],[0.18626158043400257,51.487126332327925],[0.20840639192392266,51.489319268681385],[0.2149962391649961,51.488565450038905],[0.22555820228197082,51.484421950732305],[0.22702640575863214,51.48547484221924],[0.22640901573732083,51.486372664990334],[0.23301225089836852,51.48885505759661],[0.2458402420775065,51.49193745417337],[0.2540483851026886,51.49186987055115],[0.24898410333058146,51.497273006077926],[0.24976341957117043,51.50139484423171],[0.24627059145686755,51.50362013115766],[0.26534335230588435,51.50756986117374],[0.26728515451648593,51.51184898577637],[0.2721940792654199,51.512023760425244],[0.26821387646559036,51.50733450971527],[0.27265551873597293,51.50392108265184],[0.28841910455319414,51.50505338245772],[0.29040350398415893,51.51014069339832],[0.29263497495657564,51.50865818631749],[0.29861021527334486,51.509980107921436],[0.299133436987168,51.51464623831612],[0.30539311141257,51.51587230310593],[0.3064068777481951,51.518820083273624],[0.3011602416478325,51.52054190699245],[0.2967372737759755,51.5243157664746],[0.2999355654033174,51.533425998409214],[0.30498883325784387,51.53926220595861],[0.29996544132075603,51.542598312482546],[0.3008172864734934,51.545189585097646],[0.28676847976998915,51.54114767457347],[0.2810958611650211,51.53730120886573],[0.27602486197893705,51.545493424270795],[0.26633703018846866,51.55080700522164],[0.26629118644557276,51.55278634513315],[0.2559592687394385,51.55388479670004],[0.25301914522257096,51.55277221902082],[0.24596130910150973,51.558842903860864],[0.2526516856815468,51.56285137631674],[0.2569236570158807,51.56753552828797],[0.2581776962010186,51.57245751303008],[0.266307434091319,51.57922531924816],[0.26430526059032655,51.58250143160125],[0.2702402237768684,51.58283639405446],[0.2717308321612859,51.58667450659104],[0.2831196661475908,51.592119012577754],[0.2918789516997781,51.59977212274159],[0.30385130117533204,51.596659933311635],[0.3067406698953522,51.605236418408104],[0.312344636581162,51.604676480922166],[0.31077476262431214,51.61073269017063],[0.3220574567921479,51.616715140828916],[0.3166925578687728,51.61915932518955],[0.3090572297312672,51.619579589285976],[0.30353914678245225,51.624724065978306],[0.2951319184337287,51.62704706595287],[0.2919115508786228,51.629088433206306],[0.28049846854666016,51.6291308738853],[0.2778271102312367,51.636377052531294],[0.2698091523404568,51.63788129603425],[0.27172071495012523,51.64431918078677],[0.2671167187847871,51.647645611483334],[0.2605942636782528,51.65019945641625],[0.264067119059169,51.65606780611767],[0.2720377794395858,51.659331106722014],[0.2722895157361766,51.664362224655896],[0.27533194912683084,51.66736086947557],[0.2882134275277848,51.670437892367545],[0.2989257536774993,51.67634378834889],[0.2990895898133191,51.67957800898464],[0.30273115402010126,51.682923939571296],[0.3006692998558133,51.68791042078654],[0.29595496488802187,51.69195953383734],[0.29919211637807874,51.69873075560561],[0.3175761746222883,51.71015004493168],[0.3170092545774586,51.71321879520143],[0.3210683947391046,51.718983998604116],[0.32032733871627134,51.724304409983574],[0.32602084991144564,51.73084650479922],[0.3247077955237719,51.733480415238446],[0.33501270296798186,51.73390554154667],[0.33775517196080374,51.73933663032963],[0.33614389974629566,51.74179674585381],[0.33820140326994846,51.74517309034776],[0.3345059645229949,51.75217104681878],[0.3256687557416383,51.757831905629445],[0.33245618347883205,51.7630031194652],[0.3313556117519444,51.7697695527809],[0.33481013630684126,51.77491678393351],[0.33023622630058336,51.776176628782615],[0.33198619289043857,51.78519025542961],[0.32804776955084564,51.79026319145768],[0.3183968938725108,51.791894141324974],[0.31158742646810955,51.79695659000885],[0.31246580706415716,51.8027845795307],[0.30614218323879955,51.80677567383437],[0.3073210798397731,51.81565530964601],[0.3046330147139638,51.81984467122714],[0.3088134206267916,51.82497840486593],[0.327015998940448,51.83181369805782],[0.34186578141858953,51.835475653684945],[0.343595802510145,51.84083681302519],[0.34635595032362626,51.84087169443893],[0.3520589038763182,51.84444477127541],[0.3536691736388259,51.85304555071315],[0.3524573247711128,51.854868350444185],[0.3452832482415412,51.856540402185985],[0.3415014966858137,51.85922364002391],[0.3444682952350277,51.863211242286546],[0.3355039862905645,51.86680681679747],[0.3367626634607835,51.868670275572],[0.3347441483158347,51.87176786769745],[0.32806834195728884,51.871900196823674],[0.3253651239509342,51.875820508934105],[0.3275780543129249,51.879283868385556],[0.3143978262981213,51.89141419022006],[0.3082374694515065,51.89315389471421],[0.3023652583298609,51.892010006862975],[0.29776028466936316,51.89290937505914],[0.2994278564193222,51.8971033027527],[0.2952167301961836,51.897185536669504],[0.2861253612306259,51.90707450695846],[0.28012064542853776,51.90907947036477],[0.27471454109848675,51.90855462738337],[0.2751957803776287,51.912322180862276],[0.2723584734603858,51.91660349141474],[0.2751733245080215,51.92050580138079],[0.27485117387186875,51.928515356102594],[0.2693700073969972,51.92943050997852],[0.27081395118286206,51.93210040160401],[0.2758459756019797,51.933801692758074],[0.2732163754836334,51.939337931550554]]]},"properties":{"name":"North East Thames","short_name":"NET","region":"Reading"}},{"type":"Feature","geometry":{"type":"Polygon","coordinates":[[[-1.2153344226345772,52.22110942358454],[-1.2110307821072626,52.22440726048796],[-1.2203896913165198,52.225008852659144],[-1.227215341494044,52.21974929702117],[-1.2330637754595102,52.22014705483318],[-1.2339960921957196,52.21700641217952],[-1.2438493178479046,52.21428285718991],[-1.250112026533897,52.216120913215555],[-1.2630194984429701,52.21449398652812],[-1.2752748509598182,52.21690739271608],[-1.2868337971878276,52.226327926790084],[-1.2947174607662761,52.227723865962446],[-1.2991389974569443,52.22586217632086],[-1.3021541027018115,52.220305913928364],[-1.3115870887663654,52.216135745263124],[-1.307450745491316,52.19974877726465],[-1.3136591289588246,52.19564938314018],[-1.3197411439415825,52.18058044516537],[-1.329560851865983,52.179198140677634],[-1.3403583777081418,52.18087728103976],[-1.3603518491847713,52.17571418146071],[-1.3679622301885674,52.168523349915425],[-1.3713236969752842,52.16674624648205],[-1.380597800090964,52.16561554153792],[-1.3856962736475182,52.15876943691714],[-1.3946676269961336,52.15568995189177],[-1.4032918369888596,52.155679031874435],[-1.4083562337317932,52.15957047555368],[-1.4147690167405964,52.161040940250466],[-1.4200312638375678,52.14982870702758],[-1.426607656266555,52.149860844752666],[-1.4218373580244699,52.14579180898216],[-1.4286616198707274,52.13782342628342],[-1.4327616334899482,52.13712396027584],[-1.433559383610469,52.13182334158668],[-1.4442257197426822,52.13169425414292],[-1.451943330364241,52.121840703449585],[-1.460715086785756,52.12116186738366],[-1.4622285695736508,52.116763377838346],[-1.4738319869928407,52.111151613542454],[-1.4713847705527152,52.10817376906688],[-1.4791618830593878,52.104881832006164],[-1.4846176150302843,52.10023066868246],[-1.48135069952665,52.09239449702071],[-1.4830154242301188,52.08727713758118],[-1.485655757714836,52.086119896673736],[-1.4822001097506603,52.08205898230728],[-1.4851485336390147,52.07946459901792],[-1.48433828239928,52.073796949474534],[-1.4950474335201271,52.06862869123115],[-1.4988121087096307,52.07116213829437],[-1.503253528358717,52.06533699347091],[-1.498618961508758,52.062350455988124],[-1.497840546046936,52.05371608296287],[-1.4861782865135569,52.053306212200525],[-1.4823229603692298,52.04618669103109],[-1.4765296036887712,52.0428345470556],[-1.471864195479725,52.04281374057787],[-1.4654964299879745,52.03882912459039],[-1.4677429051258317,52.033804478292744],[-1.461078797371051,52.03035772083562],[-1.4539314268555257,52.030774366641715],[-1.451642226139205,52.027257348357224],[-1.441189076377935,52.02397158603402],[-1.4384854370169697,52.018744094215684],[-1.4401668185678986,52.012458550711436],[-1.462481829500503,52.01058445942677],[-1.4666854454528326,52.012401708813286],[-1.4793536251222603,52.01308770078034],[-1.486102037605578,52.00907147238359],[-1.4920781614719727,52.00882765375441],[-1.5109017969636518,52.006120130158074],[-1.5205461584069146,52.00337261916705],[-1.522052592241905,51.998703538361625],[-1.5335413861106801,51.986432203164476],[-1.5424841457404999,51.98053333980424],[-1.593226535013864,51.97235797911151],[-1.5937771194287262,51.975866285506896],[-1.5973876045943147,51.979115356758406],[-1.6099247160398256,51.97726945570385],[-1.6209822794286057,51.9781147048676],[-1.6272619009819858,51.97579713065767],[-1.6467476725606331,51.978644283814155],[-1.6436511002318315,51.98357989178942],[-1.64751966945601,51.991593285782876],[-1.6450020273213655,51.99689026958305],[-1.6524196492933325,51.99826098443554],[-1.6610355517097444,51.995319129805836],[-1.6629120478004398,51.997572185653055],[-1.6697424252915567,51.999659395617535],[-1.671181886935403,52.00200100856148],[-1.6781802567969486,52.00112124708985],[-1.6839934686176257,52.003025023804824],[-1.6909991726802942,52.00106563394681],[-1.6987096310560628,52.00252410499671],[-1.7024707726487904,52.00648957111564],[-1.7088894411553077,52.005156985940786],[-1.7132465148519962,52.0072355261516],[-1.7304316912144195,52.00817513535948],[-1.7476590160338612,52.00173994780571],[-1.7538148925343082,51.994830108086866],[-1.7547098523626237,51.99096596160298],[-1.7677123295366544,51.98299054068078],[-1.7739335304786996,51.9909144747499],[-1.7838273205905124,51.99282107711776],[-1.7854220269610028,51.9943524115574],[-1.7884225129909925,52.00667510199153],[-1.7939163482028022,52.015855332640776],[-1.8032320428970037,52.01811890860469],[-1.8075858935784632,52.022261800236556],[-1.8170500834368253,52.024344708601696],[-1.8256424226861268,52.025976037344975],[-1.8330750695325206,52.02607669158551],[-1.8354191814729026,52.02275343779685],[-1.8344278747748275,52.01493016489189],[-1.8361944095269338,52.00998775439727],[-1.845962303184317,52.008112864653505],[-1.8588101382746218,51.99940796052603],[-1.8793509113819526,51.99835185903155],[-1.8799594438956158,51.9886425141869],[-1.8837582042169843,51.98379132735608],[-1.8884187783847883,51.98334628813229],[-1.8882925822627765,51.97552423416703],[-1.8909204658358,51.97246984067465],[-1.8986407824821825,51.97022903556228],[-1.898941808748222,51.965823827923685],[-1.9069446435332003,51.966999202853614],[-1.9072475946654723,51.96124536006854],[-1.9031824470031358,51.95665680958786],[-1.9040685946757356,51.95054381055433],[-1.9138224557170647,51.947764191231805],[-1.9282252640990265,51.94831326587023],[-1.9273578034019145,51.9448962403725],[-1.9228546154556998,51.94093744138249],[-1.9244629052197162,51.93608345390427],[-1.9228822666699363,51.92475403036161],[-1.9198364877112588,51.92025658608389],[-1.9243480353445914,51.917832040362455],[-1.950816143223041,51.91209189722271],[-1.9681111426893323,51.91893083068798],[-1.9659264513931278,51.92387517173193],[-1.972903449592399,51.92873200467711],[-1.981775729019349,51.926126358933736],[-1.98439427024583,51.92333957833034],[-1.9922466470671072,51.92280090001315],[-1.9987902338816241,51.918395616675056],[-2.0043154842962294,51.92010379576019],[-2.010858030929286,51.91785565479914],[-2.013182470918822,51.91156183475194],[-2.009401455301541,51.90562825532015],[-2.0123069343510958,51.89978393264065],[-2.0120142512905708,51.892411463618856],[-1.9998079654633123,51.89007448029728],[-1.9867331827424484,51.880723257251],[-1.9867342200779723,51.87712690537384],[-1.990802171110748,51.874250201328515],[-1.9903669872756975,51.87146299180664],[-1.9966130730092135,51.86373115159624],[-2.006343093758806,51.86543926986228],[-2.01650874310633,51.86498872375498],[-2.0178161961457377,51.866067438180266],[-2.0288510833159017,51.86228904580104],[-2.035676870049798,51.8630963401672],[-2.035964201342162,51.85923016174292],[-2.0432243242065975,51.85904787495685],[-2.0483046713160453,51.85733762300769],[-2.0557103076847123,51.857693969301664],[-2.0594885095864837,51.85993983911567],[-2.059494584713907,51.86452519848055],[-2.07459806457199,51.864696376161305],[-2.076189730517024,51.861278808270015],[-2.07458224874682,51.855166020601686],[-2.07922905031703,51.85552260936566],[-2.086337509254516,51.85237076934271],[-2.094470439148539,51.85362323064809],[-2.1015663734081063,51.845525467162766],[-2.09226607243863,51.84067804355384],[-2.0929840019141106,51.83690127996529],[-2.102411980129556,51.83437596246908],[-2.107191714835531,51.83041567290785],[-2.1053021068959317,51.829068740096005],[-2.0968842379808454,51.82835670804511],[-2.088329129031024,51.83151030709324],[-2.080922360056573,51.82827890781685],[-2.0762785017259517,51.82801229267179],[-2.0762695117035426,51.822707629623714],[-2.067848960465681,51.819116419203105],[-2.056095038709073,51.816964804997845],[-2.061881637125769,51.80518369859663],[-2.0544835942667694,51.80401854604612],[-2.051145266309084,51.80168239338736],[-2.0543311663883403,51.79790473632844],[-2.050991070042104,51.793590555422405],[-2.05881257659377,51.78729317391592],[-2.0717150447800945,51.78710616291032],[-2.0735914865311758,51.7820700242038],[-2.067357619213167,51.78162422322724],[-2.0618429720021174,51.777041838012394],[-2.0664682500748928,51.76831799019474],[-2.057326425971337,51.758702400257185],[-2.0581921263354324,51.75591474180854],[-2.0507999869939617,51.75277130106024],[-2.0551361246865274,51.74476728407721],[-2.0690167051260837,51.729115399023264],[-2.0957896216044594,51.72298260620815],[-2.0992567566907017,51.71965300465984],[-2.1089536220822067,51.71883519976395],[-2.111698649089758,51.71667473577396],[-2.1222599544195626,51.71468614858253],[-2.1232168420119506,51.69400549388188],[-2.129570506933404,51.68977279293425],[-2.1253705569840755,51.68806903561736],[-2.125645405203292,51.68285385536059],[-2.12274796089966,51.681148599346656],[-2.124023095634738,51.67143676467479],[-2.1192447618830346,51.66901409774263],[-2.1127177802467973,51.66092846500097],[-2.1300348321702405,51.649941231098595],[-2.1291512313973655,51.644187813069095],[-2.131168239463698,51.64202767341766],[-2.1157025969093928,51.64087510130465],[-2.1107825434123852,51.63809256846523],[-2.1117833968430886,51.63377581391549],[-2.109899215282241,51.63134995559554],[-2.1020869358190755,51.626681565403615],[-2.101645491749733,51.62308543960142],[-2.0939843847652395,51.620574280875545],[-2.0939797285778172,51.618326464038226],[-2.0868915437313467,51.612667428091754],[-2.0795225976366307,51.610604669523845],[-2.0762018945254237,51.611056434986295],[-2.0652350701318785,51.616997325289816],[-2.056569624642931,51.6173614909711],[-2.0520877612532407,51.61349732166609],[-2.0536723371329564,51.610079913364174],[-2.046740116787647,51.60954341570635],[-2.0418314104538076,51.61080405956741],[-2.0338866605692374,51.60801933778902],[-2.026523105523882,51.609729595090194],[-2.0208891651095415,51.60541492235748],[-1.9982193569400826,51.59966238283067],[-1.9931666019780194,51.59669506680251],[-1.9808954234606828,51.59660382570711],[-1.9790206163098722,51.59228768611714],[-1.9713697814161943,51.59246591317176],[-1.9719534489319765,51.582215937390934],[-1.9526134616382178,51.58310890040798],[-1.946267526148711,51.579419723242566],[-1.9418019570903784,51.57303375661913],[-1.935740801012884,51.573659994031054],[-1.9282394794548354,51.572396884005286],[-1.9224651298546458,51.57401166802419],[-1.9103494459823964,51.57139557384355],[-1.9050196122572696,51.56716544572163],[-1.8995381932555921,51.56671134393187],[-1.89363017005291,51.563649077749844],[-1.8971007652578116,51.5599656927752],[-1.8962417916790764,51.55708769785757],[-1.8914852349592792,51.55564478588477],[-1.8917849890895735,51.55087963684641],[-1.8864501182900455,51.55033512463377],[-1.8822806989522842,51.54529584475433],[-1.8749230867677402,51.54645713126024],[-1.8694550005431092,51.54231514358411],[-1.8609409485498767,51.54446331847219],[-1.8579353535604568,51.53717667629727],[-1.8511742157521744,51.537179343175374],[-1.8477237918404223,51.52772283654793],[-1.8413944625963299,51.52573642268287],[-1.8327844027307618,51.51520450101386],[-1.8249457391225061,51.5130863868789],[-1.8150193113095971,51.51323841812851],[-1.811288862081648,51.5072064092587],[-1.7718484250384972,51.508977872842415],[-1.76619117905485,51.5138212373331],[-1.7559865522561564,51.51580917035213],[-1.7356187053993561,51.51191493854647],[-1.7254252488787882,51.511891545917514],[-1.710375534913218,51.516208159146515],[-1.7015290274228554,51.51501351821686],[-1.685103139044091,51.523842492163865],[-1.6842595383621626,51.52953181665794],[-1.6802181278211474,51.53169681073632],[-1.6638252417808277,51.53466405774093],[-1.6589729098259842,51.5374958576896],[-1.6477306830773966,51.53344529101884],[-1.640478397376278,51.53426041344203],[-1.6363745218328578,51.54395583828926],[-1.6266912611180442,51.54626862188296],[-1.6134419645190947,51.557440763739464],[-1.5991701248975574,51.562080145233345],[-1.5942572675075364,51.570935100206945],[-1.5910159954438527,51.572932537304524],[-1.5780960911640138,51.5757317148062],[-1.5678964621865012,51.57485843024342],[-1.5563296485314888,51.57632136354586],[-1.534058106865797,51.57389195037471],[-1.5190635473184675,51.56931151031189],[-1.5132076289160539,51.56426566511983],[-1.5057000928745512,51.56306271682663],[-1.4955547111462035,51.557663363599495],[-1.4687658106013382,51.55218899676926],[-1.4625607426000413,51.55467117476048],[-1.455310416450257,51.55463776198096],[-1.4308226076093071,51.558874373044645],[-1.4254694153345608,51.5575085694642],[-1.417671442711527,51.55830725738405],[-1.401665444295279,51.550191980550856],[-1.3962344123250943,51.554851440983605],[-1.359089626495739,51.56118236360735],[-1.3474900903531222,51.56480138533681],[-1.3172971989008662,51.55441893084128],[-1.3105977105618474,51.55354266720856],[-1.2859689911966876,51.565949418814775],[-1.281119055979713,51.56692417437095],[-1.2770394137640597,51.57007942338184],[-1.2695173026906796,51.57020100368935],[-1.2578021414519556,51.56376601966152],[-1.251722875735713,51.55786943806066],[-1.2388846068362034,51.55477383120452],[-1.2350136756707435,51.54537406103234],[-1.229462002699165,51.54031594986346],[-1.2190821933498868,51.53505829960767],[-1.2175493892629348,51.53052891183148],[-1.2127595115100007,51.52815366666575],[-1.2083296172469156,51.52059068923456],[-1.1953016281124338,51.513806904984065],[-1.1860588112724746,51.505540073243914],[-1.1804559031082804,51.50382772451536],[-1.1742706053640224,51.504788727977086],[-1.1703867366408471,51.49706086234907],[-1.1610320008198325,51.49532098962402],[-1.1596047041711288,51.485434297118395],[-1.1529215489407498,51.48438185772682],[-1.1459333694870584,51.485335564402355],[-1.139278912634586,51.48277554399737],[-1.1334666619043354,51.47821351486904],[-1.1213864979449406,51.47912803384373],[-1.1115212806857728,51.47637509027192],[-1.1053335906231194,51.47749968440902],[-1.0920774632549903,51.483592245428596],[-1.0854501530926477,51.49002728085747],[-1.0933740193875103,51.49146781969966],[-1.1041732272617217,51.49651529743652],[-1.1091322555224583,51.50657401496309],[-1.1143423619279753,51.511394090818],[-1.1322414539015087,51.51538909999763],[-1.13886470677988,51.52129417564689],[-1.138678816954843,51.52564130555035],[-1.1332026164342748,51.532406055987074],[-1.135233933496665,51.544113238792804],[-1.1390686143525053,51.55186392784096],[-1.1331680090968943,51.55972686051697],[-1.1241908852720937,51.56637143330437],[-1.1227608768952337,51.57169294281581],[-1.1175873740188227,51.57220577530265],[-1.1173430375685762,51.57720515971779],[-1.1203896633922947,51.57989411621147],[-1.1197000865038278,51.585037255868436],[-1.1212351628214312,51.587578137236505],[-1.1195473267041163,51.59294243324397],[-1.0597741966153507,51.594152102009225],[-1.0173609624487094,51.60435016270227],[-1.0017425701162006,51.60555727217487],[-0.9940573870387863,51.61268946955783],[-0.986755363778911,51.61463541535197],[-0.9739617972095809,51.62155486846667],[-0.9685766066434518,51.63372727788289],[-0.968140842005007,51.64108845744664],[-0.9594266553749787,51.645698889917796],[-0.9461495486949205,51.661315773423205],[-0.9415005330959287,51.6644542915182],[-0.9279503570540282,51.66834885071883],[-0.9239521845729886,51.66663806733704],[-0.9211042586179317,51.66192463824196],[-0.9044513405584759,51.66043166477872],[-0.8983202547119412,51.65803111428923],[-0.8923433871967151,51.64927012827181],[-0.8938882850003044,51.641082528142114],[-0.876155305409842,51.62919716543586],[-0.8660209202005483,51.62575124754749],[-0.8523297712719491,51.62478201678393],[-0.8481416968291108,51.62022088980732],[-0.8384973533180056,51.618787027257994],[-0.8223541131381341,51.619127975924975],[-0.8119356617723553,51.61651253914269],[-0.808247134335133,51.61362927881377],[-0.8007289275022711,51.613218239008525],[-0.7920256122402594,51.61697838828504],[-0.7833879481186301,51.618228980543506],[-0.7689255092960064,51.616069486199656],[-0.7508646418601862,51.61772025381722],[-0.7370340194407112,51.61221500174936],[-0.7158944126367848,51.60863805979665],[-0.7066585370175611,51.60251036488192],[-0.700986175496689,51.594078137672646],[-0.7008561760044866,51.58922200087174],[-0.6971658951761777,51.58667057687578],[-0.7007724586098995,51.58269298726953],[-0.7127956809230571,51.57562746596489],[-0.7061380540014692,51.57197853985377],[-0.7018364954028583,51.57432344155544],[-0.6948187388728444,51.57226740267463],[-0.6921683952770059,51.57355790939491],[-0.6845449073048708,51.573457457787164],[-0.682031502531301,51.57554143050554],[-0.6762688657867801,51.575206816890706],[-0.6726904251859156,51.58101114296689],[-0.6757661488125949,51.582574501977206],[-0.6683680514443022,51.58878512587065],[-0.6666281104383415,51.59398066318252],[-0.6638227304668067,51.59610681506398],[-0.66123176647983,51.60075306868008],[-0.6570299847844357,51.60124457250928],[-0.6474955746691742,51.60626050414291],[-0.649650367660654,51.60926499623932],[-0.6476268613698644,51.616422820925244],[-0.6551749856636678,51.615160739827395],[-0.6583527549527672,51.620052690077955],[-0.6557581470259498,51.62964427913328],[-0.6646760122467669,51.63100488167382],[-0.6703852675253611,51.62846203773131],[-0.6732161528937182,51.63047225659682],[-0.6825706666249143,51.63174650212848],[-0.6888282568195656,51.63019802284393],[-0.6922120073088927,51.63311313022643],[-0.6970224868476487,51.63163799909907],[-0.7015265412788693,51.635824109109635],[-0.7071500471226787,51.636245823886206],[-0.7064993256511932,51.64388166425492],[-0.7117559456274092,51.647086557548825],[-0.7148102053841274,51.65152597723135],[-0.7338749598416767,51.65209270988906],[-0.7380354705059314,51.65843169252434],[-0.7342895513656865,51.66315699841933],[-0.7382393911750097,51.66670626838823],[-0.7394231334739418,51.67094506883682],[-0.7376954679205903,51.67587195956374],[-0.7420430926852875,51.680774096852154],[-0.734299139563093,51.68356826193601],[-0.7330745401093088,51.6859828173977],[-0.7346796275426415,51.690675787687866],[-0.7439487946931439,51.695540827654455],[-0.7420036903682939,51.70307300952829],[-0.7519216945913852,51.70551659934029],[-0.7594818941568129,51.70424791007625],[-0.760084873822601,51.70866017367934],[-0.7706944717564149,51.7123682887606],[-0.7736384080454172,51.71590577575026],[-0.7880329176789375,51.718932417324716],[-0.7910136849219039,51.715726146221236],[-0.7956445293070463,51.71577369508985],[-0.7971433849689533,51.719295764783595],[-0.8047237931663366,51.72278990498173],[-0.8012025668909614,51.72455235535698],[-0.793811152617871,51.72483639298473],[-0.7952050135878039,51.7323136944582],[-0.7925369380157776,51.73462412250252],[-0.7956383495458489,51.73780297933219],[-0.7906629150376184,51.73973003749383],[-0.7931326332834329,51.74488061545214],[-0.79076052959873,51.74692430253853],[-0.7777977214886218,51.74418267727903],[-0.7719860811710916,51.744841431790064],[-0.7715989579147579,51.748434012275794],[-0.7668767069939502,51.75162153238099],[-0.7573706374363056,51.744328171992024],[-0.7511713707297175,51.743273398988315],[-0.7414997505717903,51.74730637768841],[-0.7084624778399173,51.747667355259765],[-0.708695717068375,51.749648072149924],[-0.7031180113355174,51.75219423471343],[-0.6979432372072933,51.76085889018592],[-0.7021264628038244,51.76656985246921],[-0.6900657706648416,51.76769491218737],[-0.6808103373767402,51.77199730799418],[-0.6732418755377115,51.778026431861996],[-0.6626451531042016,51.778535789640685],[-0.660500820710237,51.7775223025228],[-0.6476873398630494,51.78429916641998],[-0.6478132644364133,51.78978549455327],[-0.6514287887633416,51.79009676385812],[-0.6550369190936975,51.795533044329225],[-0.6510639678671394,51.79746568617281],[-0.6471869430950389,51.8058732388668],[-0.641053948489965,51.80724118252505],[-0.6374534064242522,51.806390279016036],[-0.6330192773744399,51.80912621388587],[-0.6289178234360532,51.805661663460036],[-0.6208143353824227,51.809792959422275],[-0.6188358617098797,51.81282688346147],[-0.6227565279400478,51.81745857133205],[-0.6309202268919178,51.81407549229199],[-0.6363254691612311,51.81836549851784],[-0.6484080080639193,51.8232410009751],[-0.6593971529345827,51.824535666398],[-0.6492728213500994,51.82828620289678],[-0.6505515793092574,51.838910893246236],[-0.6551926145206681,51.84390937744548],[-0.6646119291621159,51.84446625207848],[-0.6674435009513994,51.841980737833715],[-0.6633698130930361,51.85209492418439],[-0.6714237598796078,51.85470376715745],[-0.6718323635534761,51.86055284447273],[-0.6840696909552814,51.864197018047264],[-0.6826921520801362,51.86660929855004],[-0.6898786171414437,51.86920714087448],[-0.7004315111677457,51.865907414777894],[-0.7104856262239908,51.864759236238854],[-0.7216319254377561,51.866049739562335],[-0.7275264792343292,51.8681816592416],[-0.7372229042242593,51.864239970632816],[-0.7484951342127307,51.866248607593405],[-0.7532233345598967,51.86333163759604],[-0.757854415065791,51.8639201012345],[-0.758939248347319,51.866718882057945],[-0.7663492809993457,51.87192189327296],[-0.7790526312314158,51.87484170853429],[-0.7756892887963962,51.881010808315544],[-0.7804871765097744,51.88088079725181],[-0.7851251367967856,51.88668323169252],[-0.7838587348757213,51.89053643076372],[-0.7800061658369695,51.89328387547476],[-0.7740226792740222,51.89421074933742],[-0.7763899966559465,51.89801174704783],[-0.7721126616137919,51.900304950974075],[-0.7634141290867087,51.899494578779304],[-0.7592639753111076,51.90241804848288],[-0.7487741438805715,51.903296056108765],[-0.7502204329786432,51.90879614283883],[-0.7559591876897246,51.91155433366827],[-0.7554970687778401,51.91775346646837],[-0.7621802247845979,51.928523589478274],[-0.7664262758449718,51.93279406489407],[-0.7713358411436247,51.93410418224445],[-0.7729974562206682,51.93717854715292],[-0.787336310344563,51.934090242013504],[-0.793673518349998,51.93100839626173],[-0.7951193650017165,51.92589817316562],[-0.7993284513263823,51.926210912611865],[-0.806593215273375,51.920979924149115],[-0.8027666067944796,51.91176995596807],[-0.8125347464971475,51.90521533923323],[-0.8205604846617948,51.90403724777077],[-0.8234600967615261,51.8987614013274],[-0.8399655435348762,51.88993393288127],[-0.8478421056013851,51.883088001233574],[-0.85252683621123,51.88169516197962],[-0.8604201075636315,51.88554820023421],[-0.8767145250727456,51.87887146824197],[-0.880490802661822,51.87890745084743],[-0.88832393130598,51.88527558701614],[-0.8955760570719372,51.88579343513861],[-0.9025465789663824,51.885948550740665],[-0.9109850223747046,51.88548744782496],[-0.9116223402496825,51.88917976513674],[-0.9156100426696414,51.89254333211925],[-0.9223018688689831,51.89224514342822],[-0.9386261597859228,51.89634961436285],[-0.9460533297478069,51.895697053258196],[-0.9491702338031558,51.899141580293396],[-0.946154678604559,51.90379004874845],[-0.9502559701508234,51.90868193973841],[-0.9572323494262249,51.908743942381214],[-0.9680741625581437,51.905063181143525],[-0.9720531344631228,51.909054112965755],[-0.9843566574298799,51.911408694501105],[-0.9854890886793566,51.91276713331573],[-1.0003656424008704,51.90408305388922],[-1.0062943668855238,51.90548192330554],[-1.0125496157988978,51.90526482382868],[-1.0149416297821319,51.90888132469096],[-1.0127235179105127,51.917224508688236],[-1.0195344485983762,51.91827045037122],[-1.0253611356982009,51.917779361265815],[-1.027875194247861,51.915822097838394],[-1.0406656581347156,51.916016924809604],[-1.0448088796870099,51.91946723674174],[-1.0454309370710646,51.924417392746804],[-1.0532501909539045,51.926009012510825],[-1.0590486512234414,51.919941544502194],[-1.0632235819132998,51.921952878019525],[-1.0735758129391972,51.92059621196797],[-1.0806317507885244,51.9239782127468],[-1.080998190979342,51.92739769412997],[-1.077142029613634,51.93105387743358],[-1.0782372464541847,51.934389153516754],[-1.0825359811692628,51.93756959806674],[-1.0878319765332416,51.934643689171075],[-1.0927675668460752,51.9351313711055],[-1.097950879226945,51.93777859726364],[-1.1055102681252895,51.93801608092504],[-1.1098344128989106,51.9400268771685],[-1.1149927688720138,51.944021813069185],[-1.1159261897829589,51.94834451936603],[-1.1197924691048589,51.95152033722293],[-1.1265971774684675,51.95327928943133],[-1.1326352135619848,51.94954768458633],[-1.1462042206054277,51.94757890976667],[-1.1503284727978986,51.944911423522925],[-1.157305820600558,51.94523128605445],[-1.164825085531816,51.94771242893194],[-1.1725452533521754,51.94722745299273],[-1.1788515571735232,51.94448438141915],[-1.1852162495677838,51.94650660509759],[-1.1879948434030014,51.945716605780405],[-1.1968428726091818,51.94721583491617],[-1.2066278167522735,51.94512431955002],[-1.2100336059826358,51.94173063871078],[-1.2161428638864757,51.94177145884252],[-1.2201845425491902,51.94359648593073],[-1.2445693568163148,51.938270926995884],[-1.2613440025156963,51.94431136697993],[-1.2635993816070523,51.94873105739237],[-1.2686825137591184,51.94930218532834],[-1.2677334886977436,51.953971588681135],[-1.2609222884987688,51.96112178908528],[-1.2461476366579087,51.965613539389054],[-1.2353901631597195,51.964824930247325],[-1.2372317607743477,51.967803878519966],[-1.2329204674381031,51.97308053358175],[-1.204544256611915,51.97244279755414],[-1.1931504356469522,51.97461304714595],[-1.1895806862210498,51.97881428784455],[-1.1748608710570911,51.979611202969735],[-1.1746806076946028,51.98149803924176],[-1.1689478805276905,51.984424751520926],[-1.1692366718401344,51.992428723752504],[-1.1555263481767675,51.99350007532298],[-1.1460918748933429,51.99945600601116],[-1.1539566116185567,51.999512740349665],[-1.1597419741308816,52.001711961430914],[-1.1598868882325124,52.00953509338939],[-1.163629234878742,52.011989259777636],[-1.1797788915056293,52.013271590680546],[-1.1853412000789536,52.01187163155289],[-1.1887937560294133,52.0143229894975],[-1.1914371718064078,52.02126413575483],[-1.2064634090226074,52.02037727385893],[-1.2150447696616655,52.02133383774187],[-1.2154205950268944,52.024842767427344],[-1.210530871219306,52.02939545278807],[-1.2116620436752608,52.03138101184485],[-1.2097799695926856,52.03892071968662],[-1.22009550568393,52.04096740744072],[-1.223390832348354,52.04431577092806],[-1.219740020415828,52.053012758492606],[-1.2132687095597459,52.05611653465705],[-1.2149572285000647,52.05963420652529],[-1.2093581466848138,52.062833480587585],[-1.2084369637559031,52.06543463240445],[-1.199212446816699,52.06735031629264],[-1.1952389903146525,52.077392955545854],[-1.1973565432999054,52.08136333520304],[-1.1962528325876713,52.08594111533438],[-1.205661462970343,52.090320438249],[-1.2067939299236254,52.09230602901039],[-1.2004748253792714,52.094690862253266],[-1.2032514293427528,52.10271142534385],[-1.1972701929346057,52.11058272274048],[-1.1957847272886915,52.12010278076878],[-1.1887993969604957,52.1187063388784],[-1.184093542654029,52.120472028345695],[-1.1766555089057036,52.119880900346544],[-1.167107883245349,52.12278081397673],[-1.160141647485147,52.12039382651921],[-1.1451444015391803,52.12559064078948],[-1.1426149323702248,52.127999774790155],[-1.144731866490722,52.131881160522646],[-1.1314488853358124,52.13879688543773],[-1.1360039874427421,52.14503394419842],[-1.1316187310019465,52.14509164633641],[-1.1319662127305508,52.14976936935683],[-1.1270946352696662,52.15225083755853],[-1.1353219204073062,52.15761593665079],[-1.142486493095745,52.16513049877879],[-1.158230234505139,52.16758143413258],[-1.1731784889892432,52.16570917136859],[-1.176381477569388,52.17436260564481],[-1.1743592225523476,52.18091165037008],[-1.178917958750214,52.187506620672714],[-1.1824936435570488,52.19193684961197],[-1.1915364740660261,52.19343763406628],[-1.1884865418625514,52.20024957158681],[-1.1924285018220633,52.20072613638964],[-1.198605512802844,52.19897011311763],[-1.2044284844305972,52.200627810696666],[-1.2038079448411172,52.20260155863141],[-1.2120744176042673,52.20679269640575],[-1.2110723262770815,52.21379865777483],[-1.2153344226345772,52.22110942358454]]]},"properties":{"name":"West Thames (North)","short_name":"WT(N)","region":"Reading"}},{"type":"Feature","geometry":{"type":"MultiPolygon","coordinates":[[[[-1.2854816514713334,50.73505449601064],[-1.292188773346678,50.75074280846358],[-1.2912161699686486,50.758830381815706],[-1.2965020965065979,50.76560692957169],[-1.3090864595921865,50.76802023674923],[-1.3167563004686516,50.767166128598156],[-1.3290877354851678,50.75761546725332],[-1.3433493561514636,50.75158154528112],[-1.3490206872734751,50.741271670598636],[-1.3564303667894007,50.73834517355731],[-1.3750366041278117,50.73520894319146],[-1.4098794908196668,50.725228591338514],[-1.397393388591751,50.726693527783716],[-1.386955632022372,50.72313196282552],[-1.392862343835951,50.715518999689884],[-1.3993477069522307,50.71789069725215],[-1.4131140132890316,50.71580250759738],[-1.4135975627412294,50.722459585870176],[-1.4121506311454761,50.72488034810065],[-1.4270078492557199,50.72639311150162],[-1.4661508560296157,50.71039185303524],[-1.481909530605772,50.706955732563884],[-1.4981968287661547,50.70684708054232],[-1.50007379672022,50.70213393952041],[-1.4965451731516288,50.69709180379553],[-1.5025703102441286,50.697711177496785],[-1.5024232342492294,50.7062626704536],[-1.5192942744122877,50.70720571215769],[-1.5308214708578418,50.701587208910034],[-1.5332937305822019,50.695032409187874],[-1.5425679122968814,50.687695074612094],[-1.5486046291245592,50.67818624260498],[-1.5670485856494694,50.673310131641685],[-1.5669682556395688,50.666655162113564],[-1.5702414456557698,50.664598924395314],[-1.5842620775464966,50.66312097007192],[-1.5765024039063498,50.66066499213792],[-1.5718329347557884,50.66073787017049],[-1.5351335087417721,50.666442683337735],[-1.5113453712954352,50.66805406745261],[-1.5083542596244979,50.66992998681398],[-1.5041243839751197,50.668473227071466],[-1.4865916106655024,50.66722828904443],[-1.4729282636791208,50.661681705939195],[-1.4642529272121243,50.65318889572583],[-1.4588892046578987,50.65217491328955],[-1.4478066197371973,50.644299162238255],[-1.412558738784402,50.63549371810301],[-1.3865153735872124,50.6265465236511],[-1.361728215435488,50.609057065378806],[-1.35185720036349,50.60747378828913],[-1.3364042094959068,50.600911891501504],[-1.3176352343697537,50.58947234410524],[-1.3109311109022481,50.584216952722656],[-1.3069288637494814,50.57780817753803],[-1.2966640306270694,50.57477897195098],[-1.2737189589928148,50.57913472563674],[-1.2570420260882371,50.57983895614769],[-1.240753611670868,50.582701661049434],[-1.235484365191971,50.58536511858186],[-1.2100807178762385,50.592480034578585],[-1.1976238607113112,50.59392374157481],[-1.1791485760790983,50.600180118734094],[-1.1745221850409948,50.60617277034663],[-1.175418586679129,50.61148500064905],[-1.1709619556358901,50.61577003133335],[-1.1749472630592097,50.62227327908425],[-1.1679642574736222,50.63346488471561],[-1.1692176789862,50.63455298400422],[-1.166540804185128,50.6419980494958],[-1.1584791211634324,50.64994387570162],[-1.1490245313152618,50.65653003606488],[-1.1252538530934542,50.6643578323046],[-1.1124908308465038,50.66588010173358],[-1.0972165454276896,50.66549303108305],[-1.0941279455147341,50.67158429238816],[-1.0809613942793856,50.67912526516177],[-1.070554435033816,50.68290974032863],[-1.0684983146385676,50.686670374014284],[-1.0761681521218214,50.69257681315078],[-1.082356276225792,50.69469405334357],[-1.0933739097889512,50.696039249463986],[-1.09271116567679,50.69369593241228],[-1.0977192244371698,50.69094698339664],[-1.1033350313782275,50.693418395538224],[-1.1024290615735155,50.69637909105272],[-1.0957926467471697,50.695428525521415],[-1.0981147816595973,50.69985304243689],[-1.0978541956590802,50.706056139269045],[-1.1032633186029799,50.712033177075824],[-1.1077471985678278,50.72204967808431],[-1.130460780745251,50.72716731194467],[-1.1368405387092577,50.72694491477805],[-1.1575298339244033,50.733049457644235],[-1.157263275276212,50.74079935773439],[-1.1603087686048255,50.74009290153664],[-1.1600673690342387,50.732986822662646],[-1.1959604382912374,50.73294300287415],[-1.207956431914956,50.73581285045173],[-1.2147876660248422,50.73406047268398],[-1.2238683762012161,50.724768715246874],[-1.2193012062940582,50.71826339465766],[-1.2217462783816706,50.71603152589],[-1.2264034228640794,50.72568483896403],[-1.2214856530605902,50.73176723704255],[-1.2124513515336675,50.738181416446764],[-1.2384233614457136,50.74455890267413],[-1.2461125048863941,50.75117357833163],[-1.254850363162241,50.75437718665972],[-1.2673144403071657,50.764168306723064],[-1.2739474338138086,50.76618817570435],[-1.2799134416633886,50.765505729240395],[-1.2883522797418854,50.760701425204424],[-1.2890664381317436,50.7509936059926],[-1.2841420313947227,50.73927289090073],[-1.2800670757693222,50.73699961745492],[-1.2795554485326042,50.7333993435079],[-1.2760493248943223,50.73103950982086],[-1.2771185450043545,50.72601017332408],[-1.2888817433229756,50.70701771791577],[-1.2817371002482405,50.72972575236609],[-1.2854816514713334,50.73505449601064]]],[[[-0.9689261484919377,50.831157606837365],[-0.9677209917498322,50.83429443020994],[-0.9807312255288088,50.83027209336813],[-0.9862253097760707,50.82573362401249],[-0.9829219237287191,50.82093870121216],[-0.985508003560693,50.81952236257337],[-0.988945021058585,50.80498384005158],[-0.9988030678957923,50.795266662418484],[-1.0053745447931437,50.79316458541699],[-1.0159873804803705,50.794513564274475],[-1.023169836239443,50.797091902248845],[-1.0219350130271505,50.78826859486557],[-1.0147483035611082,50.785959922169454],[-0.9799119507682225,50.78314254900099],[-0.9499761397052954,50.77703159901329],[-0.9366464980920166,50.77691086570154],[-0.9366619124968195,50.78248659617467],[-0.9419902600303948,50.78523290118145],[-0.9506519476681219,50.784861482648886],[-0.9526970402599986,50.7885669339449],[-0.9630494135427362,50.78874932861994],[-0.9548502238778401,50.793802100021914],[-0.9561306182134509,50.8000186285837],[-0.9519740205022146,50.801869867016535],[-0.9568737915029214,50.804881408992394],[-0.964837512909877,50.804142972848354],[-0.9595678320665532,50.811380299412306],[-0.9556705357216955,50.80792821067447],[-0.9525559703894372,50.81392549208655],[-0.957481045690058,50.815858087334],[-0.9500414101006285,50.82478420679351],[-0.9523600009004834,50.82903166269097],[-0.9572686230023103,50.83177346140286],[-0.9689261484919377,50.831157606837365]]],[[[-1.0416029473229422,50.82548209100811],[-1.0501410856932767,50.83292594619933],[-1.070354234855525,50.835471765190704],[-1.0764925259358233,50.834576256786136],[-1.0815361015414335,50.83083910712358],[-1.0831981798444368,50.82572631575141],[-1.0947698394224883,50.82644613007308],[-1.0904461348072267,50.81805826034167],[-1.096492295009042,50.82106383583817],[-1.1004543335683676,50.81434988418176],[-1.0902929275474489,50.81717577702828],[-1.0909040574995679,50.809824467236346],[-1.1029127102352243,50.81050192524811],[-1.1111850614082543,50.80688718673468],[-1.111384167388821,50.79863335023665],[-1.1044012299052732,50.793517034881205],[-1.1084297902459832,50.790580268987284],[-1.0907883086409833,50.77848371957506],[-1.0871203583532547,50.777465869498705],[-1.0743079679716916,50.77914549531765],[-1.0291764317006018,50.78796935890661],[-1.0319408623357815,50.7914995270449],[-1.041616267002271,50.79014054860561],[-1.036688098514414,50.79522586884423],[-1.0404283461838417,50.80658761223516],[-1.0390479860765438,50.81161221371522],[-1.0416029473229422,50.82548209100811]],[[-1.0959687397061213,50.809207339900205],[-1.0961283016962664,50.80535068195623],[-1.1017055527558082,50.80535777593511],[-1.101633836647659,50.809098210792044],[-1.0959687397061213,50.809207339900205]]],[[[-1.162766501930714,51.289340196641454],[-1.1722526124667239,51.2881487296472],[-1.1756760987000925,51.28916199210928],[-1.1817414492457472,51.28677668327986],[-1.1838602681513122,51.288589863855826],[-1.1898903330082056,51.288182125161775],[-1.1956544297361893,51.29478599291978],[-1.2061043584693163,51.29593631864702],[-1.2117883600969428,51.299031969838495],[-1.220248515053759,51.29917850899908],[-1.2266133212004968,51.29598359907709],[-1.2327559456771162,51.297462705039564],[-1.2367208573561814,51.30054586869873],[-1.2452064343360518,51.29916213926321],[-1.2500168070270474,51.30323940678264],[-1.2463706455381767,51.30690270034813],[-1.2508042187298034,51.30774041060785],[-1.2634850887993898,51.30422404799583],[-1.266208954023995,51.30433106013687],[-1.2722985451751923,51.30931460026122],[-1.2876493521909165,51.30931902411378],[-1.2925723501038586,51.30638152363143],[-1.3007486458141024,51.30643060954994],[-1.3037296888348358,51.30851650225429],[-1.313920044368163,51.30821694388569],[-1.3224741257156387,51.31186347233588],[-1.3362257189754563,51.313380897423876],[-1.344699229261725,51.31279915486416],[-1.3478159624183628,51.31560402700842],[-1.3528185869560259,51.31698055552329],[-1.3631714344737893,51.31541874464681],[-1.3654967709762658,51.313273311072976],[-1.3824404391288656,51.31228481665097],[-1.394411030282118,51.31846176137152],[-1.4001398525123976,51.31930049553078],[-1.4013914619179624,51.32236412419999],[-1.409956304897672,51.32591438128013],[-1.4073395554839068,51.328508808517405],[-1.4159037039900706,51.3322384570783],[-1.4195741480529265,51.3371122761856],[-1.4310398097796593,51.338607189740834],[-1.440279592965515,51.34611487608632],[-1.4481328656572425,51.349748832050565],[-1.4544419954100516,51.35049771035301],[-1.4581455453654533,51.35303258832695],[-1.464754004510819,51.35279319780446],[-1.4693095336700657,51.35623078494488],[-1.4783361818583118,51.35806964794221],[-1.4839400033502128,51.35782470821445],[-1.4897173148805356,51.354882717763275],[-1.5118280072006447,51.35533655334563],[-1.5173283308387278,51.35122312032285],[-1.526250344694537,51.3493712479762],[-1.5370046532587598,51.35085289957082],[-1.542333551071137,51.349255309337444],[-1.556121955291823,51.34885874326489],[-1.5767644300028447,51.336976056775775],[-1.5765145941210466,51.33292884796703],[-1.5735295704015473,51.329770902776005],[-1.5734769102806645,51.3199696617757],[-1.5835767500094393,51.3138915503903],[-1.5952965815681581,51.319057939333746],[-1.6029062574928477,51.31854446069168],[-1.5940622682582246,51.312579576768435],[-1.5931382387937794,51.30349464504921],[-1.6039420195773453,51.29822648303007],[-1.6061825835816514,51.287803511927194],[-1.615086493088264,51.286214567593],[-1.6166891973455104,51.283162595744194],[-1.638691076102648,51.27496000618824],[-1.6400240892945577,51.269479087129746],[-1.6478185338163487,51.26239919460741],[-1.6482971598504041,51.256016403068564],[-1.646021688761208,51.25376158027105],[-1.6517483683810674,51.23543527931151],[-1.65064810707708,51.229407421421136],[-1.6563960096825585,51.22681676699853],[-1.654413352728431,51.22384359956254],[-1.6590102058372798,51.221878848344765],[-1.6579366063543979,51.2121644188929],[-1.6536701582163607,51.208375271942],[-1.6486736659900305,51.20656199050686],[-1.651276675360912,51.20306291669903],[-1.6498787439341196,51.19865268440999],[-1.6427402703639016,51.19638313208885],[-1.647769671031937,51.1937007765489],[-1.6474985498300736,51.1917217262621],[-1.6415136382873914,51.188466444071196],[-1.6438313988011246,51.18478680313309],[-1.6319970522908076,51.17962477028354],[-1.6264221572852833,51.179067595224105],[-1.626898466211492,51.17322431096455],[-1.6240924991522838,51.16647132398476],[-1.6355544062839151,51.1638998713955],[-1.6423001665100672,51.160773477737216],[-1.6419581012583417,51.149532389743335],[-1.65259889783333,51.14138168963338],[-1.6564589436359511,51.141303161455916],[-1.6626898134003003,51.12972151581588],[-1.669556265193867,51.12875198370247],[-1.6871798649649528,51.12187651507353],[-1.690776461898792,51.11819931978651],[-1.7010810024106982,51.11543854415907],[-1.711407258960836,51.108990157249934],[-1.7097201810928224,51.104669779350964],[-1.712891323586233,51.10000171723856],[-1.7176107249885686,51.0989341377008],[-1.717206408091829,51.094976633176486],[-1.7294045110779601,51.08466453498464],[-1.7244413233709617,51.078987910652884],[-1.7287348121693047,51.07710959309798],[-1.7366279960520843,51.069664144693434],[-1.7357992924554577,51.06480651413942],[-1.7288151454776597,51.0633517910353],[-1.7391340365845611,51.05443624731239],[-1.7209777522262004,51.04216119259043],[-1.7173107973028163,51.03243960622649],[-1.7056776871289965,51.021392244165284],[-1.706558634941482,51.017347953505954],[-1.7027325200740082,51.01374139642247],[-1.7102054799401345,51.00404852477678],[-1.7126826560721327,50.99524223015569],[-1.7186901199893214,50.99148007314729],[-1.7161479492525367,50.98778709715219],[-1.718736270838108,50.983836747528606],[-1.7186448541716446,50.97538377421939],[-1.7108323752284598,50.971947639993914],[-1.7029147437249212,50.96284555471163],[-1.6983651794475925,50.96175483565229],[-1.6917216649869753,50.95436378745039],[-1.6648662386710031,50.94709600356616],[-1.6633212296219022,50.94421401057344],[-1.6552247761487582,50.941942318620576],[-1.6519834396802768,50.93761637734891],[-1.6578888684771396,50.92801197273194],[-1.6511371437405282,50.91756083978114],[-1.6544335884351442,50.91424344624218],[-1.663837171713326,50.91211269952426],[-1.667134251044218,50.90852517512613],[-1.6722587845164627,50.90791020070681],[-1.6829646651470282,50.902184584049685],[-1.6830262751992426,50.89310240342841],[-1.690912724991785,50.88305200194015],[-1.690538055776985,50.87522757795575],[-1.692988412499969,50.87001841564036],[-1.6992620209447964,50.866797445725325],[-1.7090629476557937,50.86745173656769],[-1.7160559470095744,50.86252308360865],[-1.7234582636463844,50.860202796576075],[-1.7243356348900971,50.85597840542155],[-1.727905075423484,50.85292932902415],[-1.727074749631506,50.84915054705913],[-1.7197351932644653,50.841309695607805],[-1.7178221936169107,50.82880549488675],[-1.7128571603791052,50.828073992307374],[-1.7143148115706357,50.82187272055135],[-1.721426330778534,50.81964176498408],[-1.7152075745671969,50.81513049543709],[-1.7271595506001032,50.81021312720444],[-1.7271810042760347,50.806526229996216],[-1.731179932752735,50.80212914871656],[-1.7292021122382726,50.8005958432528],[-1.7201291837356134,50.79913564088951],[-1.7126038345730252,50.79992669408432],[-1.7048668679269394,50.7892062266084],[-1.7031599487456468,50.78992130664721],[-1.6984933946507743,50.78757127654431],[-1.6965288904605746,50.7842389272729],[-1.6974773736214217,50.76913380699646],[-1.691117533226753,50.76587980859259],[-1.6858681772422945,50.76631543231592],[-1.6856297440862058,50.75957031689469],[-1.6886475392221154,50.75346340933424],[-1.688248531218695,50.74950557892136],[-1.6905561143357755,50.743486639757464],[-1.698508906514415,50.7409895077041],[-1.700083301033915,50.73856554427076],[-1.7142549344446216,50.73851117157745],[-1.7187250751809537,50.734662139892386],[-1.6791279319706491,50.73590193912996],[-1.6363735699235102,50.73065072416155],[-1.5863126945891737,50.719602805004136],[-1.5795343145210505,50.71724046632367],[-1.56418507521225,50.70747198584374],[-1.559371853893273,50.70727405036087],[-1.5744667691571967,50.715288657232705],[-1.5634992758066237,50.720329028651356],[-1.5573997059352522,50.72120532080563],[-1.5481211846606533,50.72854378173208],[-1.54331548805855,50.727356017203675],[-1.5338927480238784,50.734602850900146],[-1.5318633126934291,50.73918100512177],[-1.5351066261047228,50.74081265839511],[-1.5349319742717091,50.744139259523735],[-1.5281382142854656,50.74321271440304],[-1.5251084164513597,50.74850611105625],[-1.5297740672237932,50.749694055122376],[-1.5282961369356507,50.75571318623285],[-1.5250156510344535,50.7576782681826],[-1.5183950995552868,50.75351450020103],[-1.4971302880469681,50.753604650867224],[-1.4594769603304862,50.761170018949876],[-1.4185847960873947,50.765919412889744],[-1.3936697265485358,50.773706179647185],[-1.410855537884979,50.782966739165865],[-1.4133491456070488,50.799076153388704],[-1.4242491589006847,50.80119873767769],[-1.4209366963351655,50.80513910985958],[-1.4390437746449773,50.80999362418726],[-1.4503959136324964,50.81986755304632],[-1.446030381602294,50.81928937706508],[-1.4445062482748179,50.81613472289914],[-1.4384200473422546,50.814666784572125],[-1.4374653611920443,50.81142484691881],[-1.4295240659042976,50.81084674918546],[-1.4269980177566552,50.8084962947018],[-1.4119988327926096,50.80491457355853],[-1.405210906085863,50.791840843459504],[-1.4072743256216846,50.78573633205244],[-1.3982099271231967,50.7846108225462],[-1.3791921564507175,50.78532054521604],[-1.3542583504829322,50.78293706955501],[-1.3403102075336226,50.78627627540034],[-1.3284598031604302,50.80149623927711],[-1.3217114423035419,50.80694274110154],[-1.3098429089771115,50.81298817314949],[-1.3126560771353228,50.81570256986698],[-1.32197192343209,50.818364924538535],[-1.3207377342760478,50.821244387227516],[-1.3241607479897346,50.82604833876314],[-1.3284814913400511,50.8277099332678],[-1.3352407142136116,50.833656772812205],[-1.3348854280196754,50.83767444734647],[-1.3299625103386041,50.839309929018974],[-1.3342364535893847,50.84236488901338],[-1.3385887002815147,50.8409238331219],[-1.3414686562619078,50.84518462096073],[-1.351473039399391,50.846877274539985],[-1.3600307276732166,50.850539515960754],[-1.3854040668067749,50.863319380392376],[-1.3873496376374912,50.86665684800999],[-1.3935853950941297,50.86794835414597],[-1.3979545071067454,50.870758649021454],[-1.3962950755916725,50.87490463308216],[-1.4091911474957755,50.88124736947205],[-1.4307334437113854,50.89817033310507],[-1.4410799488086996,50.90100796948998],[-1.460390951949409,50.90352674256747],[-1.4669109106655214,50.905445097038395],[-1.4784990637568873,50.91206189720057],[-1.4785651591505242,50.92270024977897],[-1.4771483697975305,50.92344028965203],[-1.4672848806405965,50.91505074518618],[-1.465556574660664,50.910699497045556],[-1.4522125830325199,50.90482855385753],[-1.4455661978723036,50.90882582148358],[-1.4405639565115391,50.90846925086735],[-1.4118354237101862,50.8992906854488],[-1.4011852844369037,50.894794276754624],[-1.3995535714929574,50.89010080506879],[-1.3945312039054374,50.88270101415086],[-1.3889034265979818,50.8945508116373],[-1.3858124446127231,50.89713343150916],[-1.3880179029332667,50.90245058118488],[-1.3794965948937976,50.912297359502105],[-1.38843244674544,50.91423290547777],[-1.3891106870914103,50.91675434659011],[-1.3795001841742585,50.92272864637443],[-1.3765330803572964,50.921184129156266],[-1.3861164438528966,50.917278197830164],[-1.3841463445683782,50.91564918294275],[-1.3747523834691984,50.91604890261676],[-1.372245221562028,50.912078764686086],[-1.3748511243925536,50.90867559605452],[-1.3827243590306715,50.90485069866166],[-1.3832154010130613,50.88920633855402],[-1.371611416592098,50.88518777002858],[-1.3241653586530309,50.85326900003181],[-1.3090191474711796,50.84958330288682],[-1.3119746756293966,50.855320049030865],[-1.3090057189402753,50.86972661716123],[-1.31223565651424,50.87235353105826],[-1.3027613340382596,50.87868206417498],[-1.3024032654863515,50.88362583155262],[-1.293748378527838,50.89193688001434],[-1.2894683318060909,50.892900097921704],[-1.2882775463914684,50.8963999380236],[-1.2620596674576243,50.89983423684475],[-1.2628032610765927,50.89777064757476],[-1.2691959060838194,50.898170526602044],[-1.28745464114942,50.89441656136424],[-1.28721282521605,50.89162739708587],[-1.298450293801398,50.88180363969729],[-1.2973578163747153,50.878829526761045],[-1.3025200177052227,50.87580300318764],[-1.303644612780973,50.85755478205896],[-1.306362471499552,50.8563119974447],[-1.303062909314427,50.84891841656407],[-1.3069791319802433,50.843456238223254],[-1.3048969135280573,50.84020651756665],[-1.2994083290347436,50.836846437844244],[-1.260101832200266,50.82590266978365],[-1.2480112546739281,50.818451415765885],[-1.2365330138055008,50.817207850992126],[-1.214937137728964,50.80987043236204],[-1.1898671387559416,50.790454665092874],[-1.1798583377917131,50.786787649203255],[-1.167111577203046,50.78561822988751],[-1.1570862144506113,50.78302826421058],[-1.1454420011369317,50.77592919771739],[-1.1379707029111374,50.77344618368905],[-1.134122132903374,50.77449682021794],[-1.1154246984074163,50.788295383956886],[-1.1247983138926125,50.787736574098375],[-1.1329416795006682,50.7846498993444],[-1.1348294991615957,50.789969647393455],[-1.12983130744733,50.79173103484453],[-1.1220190749421335,50.79221208157724],[-1.119073845154467,50.79039132931893],[-1.1159847323478365,50.796213268185404],[-1.1221478785096108,50.80048639309281],[-1.1241618594304457,50.80661659729753],[-1.1331121758713052,50.81378768892324],[-1.1414247309671428,50.81717644621956],[-1.143828335023012,50.82546740166012],[-1.1511646177988124,50.82803894290644],[-1.152031365465612,50.83505954590297],[-1.1585127691886277,50.837894183311555],[-1.1642103614012802,50.83694592273299],[-1.1758112630994704,50.839456432243445],[-1.177483470772847,50.84936015820588],[-1.1715288795131278,50.84068509191219],[-1.163997699785496,50.84090117871403],[-1.1623889475257723,50.84349752188768],[-1.1552508621668283,50.84551440009855],[-1.1529195191238906,50.840911240386966],[-1.149215896371288,50.84151379330976],[-1.1407399626304482,50.83902368356036],[-1.1349112863284636,50.83934033967606],[-1.115383126879007,50.8355968978115],[-1.1117907353198282,50.837817793665195],[-1.1172064746667858,50.84433362100726],[-1.1096493519222899,50.84661432554185],[-1.1014013001405651,50.846371270181606],[-1.0966893281999204,50.84175761632892],[-1.103626270808353,50.842188785789254],[-1.1050980162652755,50.838755872191065],[-1.0938741028718402,50.83164596881384],[-1.0870608104005952,50.831511941722965],[-1.0804575080088759,50.83514712432877],[-1.0707595864303263,50.83722857503552],[-1.051500594748756,50.834510731995294],[-1.0362852545171573,50.83551018842398],[-1.0335662044122653,50.829642416514616],[-1.0238341668068922,50.826503885519124],[-1.0211200725214482,50.84086956716712],[-1.0148227905634193,50.843154700865334],[-1.002617772561385,50.84269133961684],[-0.9987643631898827,50.8435576249255],[-0.9919027923194493,50.839002184330504],[-0.9845483411940253,50.83758951706018],[-0.9784309973933485,50.83807570214286],[-0.9739346450380411,50.842352793412374],[-0.958078291448247,50.84005405951706],[-0.9507679413893924,50.843046119991705],[-0.9398396814974894,50.84267758776365],[-0.9369322492225932,50.84455464494039],[-0.936843323743904,50.85577979733818],[-0.9322158334683494,50.85933466882966],[-0.9309910203896758,50.863190349165635],[-0.9348807850388535,50.86709279125336],[-0.9433282305020668,50.87058680303116],[-0.9451795008445338,50.87671860855593],[-0.9433827363743721,50.88074909176925],[-0.9479876644442311,50.88456762056711],[-0.9338639292622064,50.89298259574882],[-0.9315999419066318,50.89871724012024],[-0.9279919543577964,50.901022277238866],[-0.9238790863741378,50.90053481078063],[-0.9106744598284473,50.911833118306106],[-0.9160225848049048,50.9265409693579],[-0.9112735316659439,50.92883489220041],[-0.9116911562726724,50.94142852145702],[-0.9162115978457872,50.9490243798688],[-0.9154288386895969,50.952074613624895],[-0.9102459035175744,50.954544316894484],[-0.9095608254577376,50.95948387471186],[-0.9158958188238178,50.962600329636864],[-0.9168087648768551,50.966205847084794],[-0.9248330820742438,50.97023672077766],[-0.9325696283728013,50.96823936349105],[-0.9420564051905116,50.970663732160716],[-0.9523209060313763,50.970216673935596],[-0.9558182434038218,50.97303568612663],[-0.9622143002882582,50.97363222949085],[-0.9686682650014274,50.9716210853592],[-0.9737926093433799,50.9717561332266],[-0.9747042900649695,50.975630944247726],[-0.9786484000524821,50.97764385370491],[-0.98465735202589,50.97643725864036],[-1.0018603120480283,50.984588864647044],[-1.0040970212255644,50.98658630857889],[-1.0023451363454878,50.995204195197026],[-1.0143124080930095,51.002050138004805],[-1.009681831565304,51.00533820855665],[-1.0085290928917123,51.01261236996048],[-1.0027702657139466,51.01526112268185],[-0.973839951953715,51.021305446081726],[-0.9654400163578011,51.0271664466928],[-0.9695485739362165,51.0283717650721],[-0.9779998519923169,51.02664746817693],[-0.9870888757214341,51.02834523512254],[-1.0102975381500354,51.04338161385601],[-1.0215739731567255,51.043026917433444],[-1.0285303469119849,51.04461364851734],[-1.0339401840244866,51.038273848588474],[-1.042170503072652,51.04031991273298],[-1.057839568628863,51.041346492784626],[-1.0652067432613423,51.04383359015079],[-1.0659739056687245,51.04824600523354],[-1.0746490244747746,51.056767849379376],[-1.0747218166685781,51.060275457981795],[-1.0690601868807053,51.065086404406756],[-1.0623429371272182,51.065572271186184],[-1.0594181078589577,51.06905580929417],[-1.0492587638683823,51.07032250046276],[-1.0583466537908248,51.07965818876781],[-1.0558415064545774,51.083504705812956],[-1.0561325393007817,51.09025132392908],[-1.0590540047978407,51.094051653494674],[-1.0628871930519805,51.09516151339092],[-1.063799529279998,51.099485142846774],[-1.0629456353360125,51.106402398644896],[-1.0560264165370457,51.1094940721481],[-1.060966996968772,51.112411384776976],[-1.0638411891807125,51.11863911922657],[-1.0677759603442147,51.121907773427],[-1.0682606168281814,51.1262279368426],[-1.0658929963496353,51.13025558504365],[-1.07700612872866,51.13196240808359],[-1.0862064155218711,51.12924703138997],[-1.1026611131315227,51.128205415019885],[-1.1078647131628976,51.13256150269873],[-1.1079521910849774,51.13543969287961],[-1.103142232951849,51.14025873547588],[-1.108614045439569,51.14560597969197],[-1.0863620683954824,51.15757385599291],[-1.066329053659267,51.16532888373311],[-1.0653856991578352,51.16954770154911],[-1.0675487881853918,51.17576959211782],[-1.076509395551595,51.17835847737586],[-1.0761424724729456,51.182402065156644],[-1.0838600998205512,51.182822424339406],[-1.0845237398999208,51.18543535461136],[-1.0779375724517477,51.18565341457308],[-1.0633755106008094,51.191112941027676],[-1.0546607066477027,51.190413417834186],[-1.0541670642125984,51.193556699736234],[-1.037390683051471,51.19512843700828],[-1.034244867495542,51.20184667262143],[-1.037180842452746,51.20519797286991],[-1.0406194686013528,51.20504636469605],[-1.0471417370690472,51.20806706378496],[-1.0467849784052192,51.211481186750284],[-1.062802875078749,51.219343790427615],[-1.0674295525722781,51.21713270210313],[-1.0745802564216707,51.21754913720074],[-1.0773523937611729,51.21496329566907],[-1.0895043642757314,51.215867739980915],[-1.0925777953768887,51.21975822584135],[-1.0987568229088278,51.21863698246129],[-1.1052552350755436,51.223182888363034],[-1.1200592022761804,51.220327708648206],[-1.1207390922406841,51.2222211626708],[-1.1306649282286438,51.22742079568266],[-1.1365375065074685,51.22737433508008],[-1.1453405364948916,51.23148537389121],[-1.149515028068998,51.23034680134308],[-1.1566554327349872,51.23147750494659],[-1.161870779292864,51.23610091816955],[-1.15909717008195,51.23895849513007],[-1.1590830543265143,51.24759077957468],[-1.1609044907981274,51.249851861227135],[-1.1579423692502406,51.255135909776236],[-1.161771125394628,51.265234466352524],[-1.1464285673805577,51.26557324515765],[-1.1457703375729917,51.27015438501768],[-1.1323395096830369,51.27545087072218],[-1.1286522474163383,51.28090863437802],[-1.1419226663462467,51.28433365715186],[-1.1449966919379928,51.2886723025753],[-1.1612605769327362,51.293285891538794],[-1.162766501930714,51.289340196641454]]]]},"properties":{"name":"Hampshire & IOW","short_name":"HIOW","region":"Worthing"}},{"type":"Feature","geometry":{"type":"Polygon","coordinates":[[[0.29825047790188836,52.80111032484436],[0.31796234199257456,52.81333954742102],[0.31402938250836404,52.81687891295653],[0.30987278306939475,52.81545834011836],[0.3016927022121889,52.81540151403512],[0.2960959327089905,52.817335204671224],[0.2725289400281511,52.81165681557682],[0.26070844834317014,52.813492079102375],[0.25441354556572554,52.812002405706494],[0.2430848957982793,52.81620026173545],[0.2225859694013766,52.81873491785593],[0.21648044049287452,52.81745547873667],[0.2080486185190831,52.784911474635734],[0.1987656919254575,52.768450047979556],[0.19715012863739495,52.76874972655369],[0.2062078225180221,52.78487379551734],[0.21410501456241834,52.82298448564174],[0.21186521471964234,52.8279804254119],[0.20906699900263362,52.829003599851774],[0.2012867483493161,52.836898593102035],[0.19677688171231916,52.839032147523376],[0.19566880316130444,52.84885304155021],[0.18512330556602252,52.85474803846212],[0.18440074544622356,52.85810604450449],[0.1792020193106603,52.86078205113166],[0.17687541245773683,52.864160446910496],[0.17860237310795263,52.87016181191921],[0.17247302540690393,52.875659803131654],[0.15719113776718846,52.87615422853334],[0.15108562261084457,52.88250480027668],[0.14396200043157778,52.88241785409024],[0.14184628353407358,52.88623227518765],[0.1322795465478285,52.88725859797171],[0.12407628549164125,52.89064238183814],[0.10589923010617484,52.89010298855387],[0.09166583291408843,52.890570331115654],[0.06964925062588358,52.89710587167929],[0.06513843953375077,52.90042112189497],[0.053262922921976305,52.90146317723365],[0.045786520080082306,52.900890907595034],[0.042905787510041676,52.9060293232524],[0.03009842259175671,52.89768064397866],[-0.009916755186516368,52.88359500434363],[-0.01792301215009322,52.87848727109173],[-0.01971947450309113,52.87982990149095],[-0.00456361981817617,52.888504065257614],[0.009211983774969231,52.892920052079056],[0.001624187820207178,52.89471148464046],[-0.0015697026696832221,52.893417890445],[-0.0037499708765566567,52.89446314481562],[-0.01867418823122109,52.89366932770507],[-0.0292041993461241,52.90146241068132],[-0.03537903330520755,52.900514590831115],[-0.03853856351023941,52.90249083204327],[-0.038221668224420004,52.907530301215175],[-0.04429844684978476,52.90616592131786],[-0.051727632114852415,52.90862110350093],[-0.053176890152448614,52.91434048258603],[-0.055721022682734746,52.91568400231233],[-0.06683399076129368,52.914130171339025],[-0.07839184344924972,52.917895086573665],[-0.08281659507824742,52.91170817945055],[-0.08743912326415768,52.9096105520666],[-0.09061658677407093,52.90495775595399],[-0.09771302349094367,52.90470929662296],[-0.10499114276486159,52.907791648547764],[-0.11213706193875383,52.9139030853249],[-0.11709705718023919,52.91328952861052],[-0.12660704158658062,52.92217245269167],[-0.1258860974112743,52.92371016337348],[-0.1342257290669233,52.925925441986514],[-0.13988457279530683,52.92225611930839],[-0.15053329890329006,52.922416079360126],[-0.14548732750586055,52.90664796263357],[-0.13735800092605252,52.90095468606536],[-0.13162962391822375,52.88639250700797],[-0.1407058963021558,52.88408590759133],[-0.1462874518373655,52.88553524392836],[-0.1467586421219344,52.890378646926024],[-0.15308083498046748,52.892997197240284],[-0.1507806945730671,52.89663855867191],[-0.15684763568589247,52.897346019675595],[-0.15811963723482525,52.893960118072314],[-0.16667824351075602,52.89511746130852],[-0.17132165962635704,52.89270135764674],[-0.17862535135414936,52.892589722035126],[-0.18411837676602003,52.89436315678452],[-0.18979125034681338,52.89290158262392],[-0.18809443029018943,52.88942423501294],[-0.19294481534120084,52.88649079799681],[-0.2016226731347644,52.88496826163152],[-0.2051860836406057,52.876672654248004],[-0.20634975435510405,52.86395601288326],[-0.20319095423092468,52.85792682684551],[-0.20182401121966492,52.84672544333223],[-0.20478929053113715,52.83722770322257],[-0.19504474170264544,52.836206945832004],[-0.1924613593874711,52.83392177690775],[-0.18526848316431282,52.83350005501719],[-0.1671457800367995,52.83577944188785],[-0.15818980020114431,52.83309555603361],[-0.16239288689814593,52.8220770027672],[-0.16551360389427305,52.818740288535835],[-0.17944931949089346,52.815955595030125],[-0.19528587144992535,52.81538291741998],[-0.2100149442812972,52.81101896759201],[-0.24832568255544304,52.79226534700186],[-0.2609579042849168,52.789016754295204],[-0.2641138698156913,52.7865545924215],[-0.2628761603706743,52.77023291038343],[-0.29170240566031325,52.75500249297843],[-0.31695943139686683,52.76190689220573],[-0.3451553841178735,52.76742908825319],[-0.36040764504601625,52.765813999550936],[-0.3677946889533355,52.76730570360777],[-0.3666526701774969,52.77189860463731],[-0.3796069661577321,52.77295724386172],[-0.3954630645347416,52.77183920477362],[-0.4065889651463051,52.77286108792772],[-0.4112592066671006,52.77466758284206],[-0.41148644439690285,52.7823641273324],[-0.415120359000882,52.78595710068594],[-0.4161662322491816,52.79162063752942],[-0.4201371326161818,52.79336016963327],[-0.4210422534033605,52.806781374397104],[-0.42825697620453995,52.81126263907137],[-0.4263046441279539,52.81519972157029],[-0.43131305699471756,52.81914535487825],[-0.43513905558745053,52.83665237944648],[-0.4429883224987936,52.84299665147958],[-0.44869866776651224,52.85470842530131],[-0.44509188911835246,52.85918281846878],[-0.45518695833647826,52.87208128028863],[-0.4630205986778227,52.87521892113914],[-0.47373912314150735,52.883536446109844],[-0.48284987012293085,52.9060854684652],[-0.489738537444844,52.90853405256461],[-0.49654038586856464,52.913511863734115],[-0.5008676930269048,52.929588736082195],[-0.5035673876773095,52.93223708772125],[-0.5003825355908929,52.93653196765311],[-0.504140201017015,52.93991824363554],[-0.5091112502889676,52.94149823913487],[-0.5102633093518956,52.948596864253695],[-0.5143661447483465,52.95109351764532],[-0.5208582700761355,52.963201751681645],[-0.5248351527545214,52.96433583814559],[-0.5327455511834446,52.96322146598618],[-0.5435074224110404,52.951135362791966],[-0.552465046490744,52.94879020279145],[-0.5594622936986451,52.941703874952736],[-0.5751329247702164,52.945635223366054],[-0.5756521731782395,52.941367219786514],[-0.5816729874732586,52.93310596411905],[-0.5796210728729873,52.930292749577404],[-0.5809249279606604,52.92572611398541],[-0.5890239276737459,52.92502604185839],[-0.5902798716031722,52.92185308679606],[-0.5947705914742589,52.920611716395555],[-0.5932259268980676,52.91232620873849],[-0.6046160317393182,52.901403685511426],[-0.6048175030163538,52.895131002188414],[-0.601577277201727,52.89349986658456],[-0.5908258383306917,52.89359889580466],[-0.5849065193526855,52.889516725676366],[-0.5823764437970714,52.88319170193961],[-0.5887092472748355,52.8777355162553],[-0.5956487398558264,52.8751585042446],[-0.6011850123111256,52.86703297058091],[-0.5956175597105443,52.85224596303419],[-0.601031012995331,52.849095899308885],[-0.6007683488814192,52.84073019188739],[-0.5975574672772944,52.83739562550153],[-0.598910951278331,52.83242747263795],[-0.5944986026329669,52.829320464459286],[-0.5943263823827085,52.82642449475687],[-0.6021252467888805,52.8233008083776],[-0.6096406032781756,52.81730723284717],[-0.5935544082621461,52.7993989721889],[-0.5968713010581577,52.79067998193769],[-0.6029848425723074,52.78677124832133],[-0.6088568257825697,52.78635745823911],[-0.6157168029825352,52.78125393411768],[-0.6120651411204031,52.7608799009105],[-0.6087726691493524,52.75979487277165],[-0.6053348041477076,52.75073998644921],[-0.6170288168592843,52.747013788419025],[-0.6177214660755721,52.737765497427375],[-0.6359879439602898,52.72783506858983],[-0.6530747517943533,52.727737215404275],[-0.658289655328805,52.72913592622256],[-0.6675332775788141,52.72690537527221],[-0.675908218053062,52.72743587982272],[-0.6781275738580639,52.72623714373453],[-0.6816104116505994,52.72324430178729],[-0.6784870743650696,52.71880432984879],[-0.6822603286551747,52.71641895615942],[-0.6830182570583484,52.70599870458284],[-0.6788155423861607,52.698130433599275],[-0.6856188937417489,52.688406667351956],[-0.6919382104046143,52.68488045416654],[-0.6969210218039439,52.68646367167486],[-0.7034604064665928,52.68545652916916],[-0.7131289217786478,52.68870846578659],[-0.7199456923785924,52.68833274996668],[-0.7268213830831547,52.69101395149894],[-0.728219565939078,52.69381592552392],[-0.7345906536993891,52.69352448529095],[-0.7373519152636548,52.69526206281016],[-0.7578477735615354,52.68738738271389],[-0.7627000519906993,52.683212728470465],[-0.7610016813047663,52.6804979208312],[-0.7807468685875781,52.66730725060115],[-0.7885747521299937,52.667657223730316],[-0.7973364848216752,52.671702117234034],[-0.8019321934069606,52.67129914439034],[-0.8109062235817213,52.67849173681707],[-0.8171291496459075,52.67810448284458],[-0.824181298860559,52.67988276671811],[-0.8282462374121237,52.67722596825831],[-0.8266870621963097,52.67469330354193],[-0.831795935728686,52.67168710533525],[-0.8293568959268479,52.66887609440461],[-0.8296247774269779,52.66438365624038],[-0.842663990172926,52.65776906005453],[-0.8406228149499941,52.651096382361054],[-0.8492037905160554,52.650820404112615],[-0.8562364800274546,52.65322592328918],[-0.8599803900812345,52.65137405893726],[-0.862013593252583,52.64707831880461],[-0.8673752125645573,52.64551144920137],[-0.8692457694557564,52.64175343151467],[-0.8731035644811346,52.64116087428111],[-0.8767371185183295,52.6377791055391],[-0.8820375011609213,52.63854843933238],[-0.8881360539667612,52.636987584617316],[-0.8919523120865809,52.63801224560124],[-0.8935619726419112,52.64450019388246],[-0.9001550591709078,52.646809096773794],[-0.9132994974266685,52.64126656353948],[-0.9200763344258546,52.64213762107145],[-0.9290625899567337,52.63727459501923],[-0.9267888759246964,52.63356807138715],[-0.9200574747696647,52.63089977729118],[-0.9191585015267881,52.62540758942808],[-0.9213854010518086,52.61895496735161],[-0.9328560887147314,52.608899940069726],[-0.9336169445184687,52.60189446482153],[-0.9397780186526706,52.597454673969764],[-0.9314430296717495,52.59414330819843],[-0.9243714226259907,52.58751647045739],[-0.9464949200437299,52.575938139600254],[-0.9561126098856919,52.57485456106789],[-0.9668892792999952,52.56838621661459],[-0.9728254949200466,52.56690951627248],[-0.9717673250175854,52.56168601490876],[-0.974151584555613,52.55433471775148],[-1.0002222018925127,52.54943327912432],[-1.0035821349458363,52.54433718104057],[-1.014209010108853,52.53732386466601],[-1.015785604466356,52.532751960999434],[-1.022601728718951,52.531190196473865],[-1.0309288005770938,52.52793226765856],[-1.0291119558610107,52.52342227138649],[-1.0312165842680427,52.521551565532825],[-1.04387582089589,52.52228379894425],[-1.0594697783868054,52.51674488113496],[-1.0614848181234033,52.512085960817174],[-1.0596692931471652,52.50739663598172],[-1.0666824654553668,52.50322673423288],[-1.0696265504460327,52.50333982308664],[-1.0728654191650522,52.496442750107924],[-1.0726937480016077,52.49059774903386],[-1.0640532915777596,52.48828217103972],[-1.0671199565486242,52.48255261977938],[-1.0745682126967584,52.47847558010107],[-1.065499820339426,52.47561733210657],[-1.0618999199493975,52.471812941253624],[-1.0676034497321614,52.46664364896852],[-1.0679566462269754,52.46385944310787],[-1.064472252116499,52.46158437162389],[-1.0632317393384065,52.45761882589502],[-1.0665316821746778,52.45467810851337],[-1.06400896993148,52.44872456511266],[-1.0564664332822131,52.443630079180195],[-1.0562932111591516,52.437964789789525],[-1.0532565196674935,52.4355131426185],[-1.0495294355344573,52.43782073317915],[-1.0428046562126982,52.435878536164914],[-1.0358235676451952,52.43896846105154],[-1.024009276051541,52.441029259425704],[-1.0194021705561354,52.43649597966658],[-1.0124008766380674,52.43383052581831],[-1.0057526151892062,52.4351233955129],[-0.9847383500289455,52.43422565375507],[-0.9877364392585629,52.42535086008501],[-0.9916618998013826,52.42088919134002],[-0.9874168184880499,52.4200437859692],[-0.9859459980691786,52.41364799052431],[-0.9952333741302427,52.412558508364754],[-0.9976586192407916,52.40934253985528],[-0.9961111749616269,52.40627267099339],[-0.9811614120846355,52.40434672603652],[-0.9808778962803442,52.397511548085255],[-0.9852629331896614,52.39215499284005],[-0.9975351393135424,52.38884330014918],[-1.0060304409691792,52.383520765209376],[-1.0114877422182755,52.38257757044991],[-1.0232174089256891,52.377011081615485],[-1.0318635084953225,52.37798123612862],[-1.038099312591981,52.38171822262827],[-1.0485461365770403,52.38099361714757],[-1.0461729236200252,52.37522061973095],[-1.0518804583147832,52.36250010639746],[-1.0497647668910015,52.35843741395685],[-1.041597502094608,52.35585414563188],[-1.0503092492817294,52.353586941433676],[-1.053314383320379,52.35037448152491],[-1.0611685147957395,52.34693084717559],[-1.0670536933858321,52.339335550191024],[-1.0707939460971518,52.342961204005995],[-1.0923221798271912,52.35256845714746],[-1.0983464224389532,52.352344860613364],[-1.1066142494935305,52.35007012772837],[-1.1087470447878995,52.346220342148236],[-1.1073570914555024,52.342343972279885],[-1.1106418306728254,52.339581697371926],[-1.1179635730989221,52.34044569728015],[-1.1240020364084842,52.33941175530678],[-1.1314531721001317,52.34117492965884],[-1.1464042928625098,52.33463093932331],[-1.1474729540396646,52.33248094912676],[-1.1623084547746796,52.33177789802635],[-1.1634135731582969,52.327650128635064],[-1.1754311958672454,52.32845382492568],[-1.1795959418254136,52.325426065901425],[-1.1870996906486533,52.32430916524998],[-1.1896479223290524,52.321359826303535],[-1.1938760722444255,52.322827212417785],[-1.2066634781462644,52.321565186995166],[-1.19944361039133,52.315133303578726],[-1.1950448763004278,52.31501350762031],[-1.1929427606699943,52.309604905888634],[-1.1786698826308073,52.30411228342481],[-1.1738463054627084,52.29535789987741],[-1.1697697201420283,52.29380093229946],[-1.1660490554166987,52.28891987377216],[-1.1757492954421815,52.27972774704122],[-1.18637084626426,52.27602537602179],[-1.1900919149482094,52.27290427411059],[-1.1883083735545623,52.26623905741192],[-1.1848067983192594,52.26540579576132],[-1.1866291033583243,52.26191205813689],[-1.1849369761355737,52.25830418420359],[-1.1895912196960088,52.25213274047263],[-1.190436452211151,52.24593507736124],[-1.2020012187323874,52.246283508497044],[-1.208530796070264,52.24974385137938],[-1.2110493723730325,52.24814240949436],[-1.2086826900126528,52.24120386525809],[-1.2138603384049302,52.23827157094895],[-1.2202133613192798,52.23507710151536],[-1.2190501759336465,52.22625867797978],[-1.2110291894857597,52.22449714646396],[-1.2153344226345772,52.22110942358454],[-1.2110723262770815,52.21379865777483],[-1.2123575278176697,52.20733402087058],[-1.2080333164218529,52.20361894778957],[-1.2038079448411172,52.20260155863141],[-1.2044284844305972,52.200627810696666],[-1.1981666241872053,52.19896713262238],[-1.189357801850961,52.2006151824862],[-1.1876284046830963,52.199164804607726],[-1.1915364740660261,52.19343763406628],[-1.1824936435570488,52.19193684961197],[-1.178917958750214,52.187506620672714],[-1.1737939556257153,52.18774058216966],[-1.169888479875529,52.185375612069905],[-1.1517637391700728,52.184707301785835],[-1.1468480793440092,52.18170495271641],[-1.1257071190055628,52.18577584618698],[-1.1141107178471537,52.18047477792947],[-1.104437741323613,52.18148065297698],[-1.0949799003329528,52.17907092261989],[-1.0739214487677606,52.178997456015296],[-1.064908235470285,52.17640898101874],[-1.0627640921470656,52.17405438382373],[-1.0574986677382903,52.17410235391404],[-1.0535910906063424,52.17218302616505],[-1.0410254116875906,52.17172194768519],[-1.0315788227435845,52.17578054111613],[-1.0274072375416234,52.17259947184175],[-1.028793519086437,52.169374219778234],[-1.0204585940928865,52.169395230822076],[-1.0086809819245772,52.166419827148346],[-1.0030618046090878,52.16924953111076],[-1.001088864758401,52.1724695221534],[-0.9879409833054802,52.17190794933366],[-0.9786728454227919,52.174345512233344],[-0.973481822538254,52.171153693871325],[-0.9705454623967598,52.171667559751775],[-0.9666289303629466,52.1639911574035],[-0.9568816609523073,52.16192739894646],[-0.9536589787524838,52.15596492277509],[-0.9459875974560003,52.15274984644468],[-0.9364246427072381,52.15536127371816],[-0.9279434096636611,52.161578097032574],[-0.9234835070653684,52.17070813461965],[-0.9181637864556937,52.1669732401402],[-0.9076256877205796,52.16741558804573],[-0.9056232610596994,52.165598872685756],[-0.8798967507652744,52.165357444213825],[-0.8673624847856047,52.1637992440005],[-0.8558213199262072,52.15775389835306],[-0.8465121293023036,52.15595497595928],[-0.8439770684718539,52.15224389024265],[-0.8380045685843707,52.151465939633866],[-0.8335644610971974,52.15357995034232],[-0.8290674065860167,52.15227666224363],[-0.8221686229678713,52.15337680554109],[-0.8179889102161355,52.15666164356171],[-0.8106938691205287,52.15613878935758],[-0.8055020429937723,52.15896342483417],[-0.7977586626298395,52.15879486877151],[-0.7947337705602918,52.162540188951475],[-0.7862902748991791,52.166589459896215],[-0.7844218846542534,52.16540140272797],[-0.7744701796088302,52.16574799631905],[-0.7654843229508069,52.16817177991127],[-0.7654072073344804,52.17095816692503],[-0.7599558892877258,52.17242946051926],[-0.7564958091500033,52.175899523566386],[-0.7502672617756713,52.178980539965195],[-0.7392176603019452,52.181830005611424],[-0.7339742072924561,52.181054586664175],[-0.7270353509894012,52.18331758269662],[-0.7188107216405455,52.18448730350571],[-0.7164905290574741,52.18886766157221],[-0.7087033411547362,52.190041439313035],[-0.7052274614727535,52.19386946795581],[-0.6961438129852427,52.19430891135046],[-0.6712174711646736,52.201043840011494],[-0.6632193801175563,52.209135310702294],[-0.6550722480025343,52.212369414920445],[-0.6502322061016816,52.21752893222519],[-0.6420075029103882,52.2220200003965],[-0.6411074791701575,52.22724229213358],[-0.6128441447117805,52.228873663579634],[-0.6075666981454995,52.23375657720526],[-0.603757961343909,52.233801498966464],[-0.5988396523392155,52.236530433361985],[-0.5950465224289576,52.2407111205785],[-0.5952541943687631,52.24341089054862],[-0.5878936412128447,52.244581817500496],[-0.5884631565967716,52.24971349520555],[-0.5825141871347111,52.252519338287634],[-0.5787955878657557,52.2634436400685],[-0.5816218877663843,52.26671438459764],[-0.5673794679497706,52.27211685460142],[-0.5687258389031018,52.27581947207708],[-0.561072013376345,52.276805365936994],[-0.5448652227988089,52.288295064654925],[-0.5446450375023525,52.29054009577105],[-0.5365972911819584,52.294486593065635],[-0.5310767085726097,52.30179066385276],[-0.5251627407417802,52.31646215583689],[-0.5118547959973077,52.323937580773375],[-0.5100843939714259,52.32859056528794],[-0.5143667766710162,52.33655652522062],[-0.5122785453411184,52.34192482171998],[-0.5081927619053734,52.34555958218183],[-0.5080747720014458,52.34906455567749],[-0.5021143518570083,52.356002076340715],[-0.4977876974690595,52.358015068770385],[-0.4967701452584092,52.36636368677297],[-0.4868748297519746,52.372261318899305],[-0.47440042839044444,52.371921147673284],[-0.4605173096667728,52.37407877268298],[-0.44940601670130115,52.380946471451814],[-0.43307363323866294,52.38576601246517],[-0.4360880849398229,52.387783943739564],[-0.4337067455350723,52.39278734490404],[-0.43554649296856457,52.3947897145982],[-0.4326152520954297,52.39870689961205],[-0.43526743201286944,52.406833870648626],[-0.4307124597970198,52.41090932327653],[-0.43477433765904616,52.42076326112758],[-0.4297064886645109,52.42267406646513],[-0.4315376857534582,52.424946096944105],[-0.4295084854797185,52.42824579717681],[-0.4320367306915243,52.43160597928958],[-0.42535946747678977,52.4373613364649],[-0.42765766402684274,52.44305617252893],[-0.4183145193106895,52.44922520691143],[-0.4140362292464618,52.44952755015149],[-0.40702724685064134,52.456176523312074],[-0.4037877000888422,52.456222757886245],[-0.4001795550780818,52.46237772296339],[-0.39295068383356463,52.46686508459625],[-0.38020110335445145,52.46929854648646],[-0.3637141493081032,52.4692514560686],[-0.35320025216624285,52.466947730072135],[-0.33992422055050875,52.46766125141832],[-0.3431497909625078,52.4719322168789],[-0.34623341400339425,52.49571138477875],[-0.3380272470255065,52.49847349222569],[-0.3315350665268228,52.498741760739584],[-0.3253923449132603,52.501442167385534],[-0.3135408394057724,52.49929583937318],[-0.3006632928843822,52.50468597903957],[-0.2952251668329243,52.504338027222694],[-0.29505478497806936,52.508741135376816],[-0.28201425195375807,52.50684424415218],[-0.2742468340826512,52.51329462103104],[-0.26878316132182556,52.51357445410426],[-0.25947392795534985,52.51793338457779],[-0.251620692794237,52.51898644778503],[-0.245998712021315,52.52321892751472],[-0.24128459874338853,52.52314896574866],[-0.23808657988370585,52.52939508847819],[-0.22879900031524233,52.536718980927475],[-0.23184597188559775,52.54161966591646],[-0.21814364548621348,52.54860697531036],[-0.21722456501264426,52.55308862680993],[-0.22380241491306185,52.55822244672516],[-0.2185698300268521,52.56076801621538],[-0.17701965165237465,52.566611985694486],[-0.17321805115842037,52.558042937166995],[-0.16643211503342592,52.55720651561572],[-0.14595152815692533,52.56111601734242],[-0.1454705068198311,52.56280346806342],[-0.12149713329015413,52.556463415029185],[-0.10113121298038429,52.557626687892686],[-0.09184410578951378,52.55712048262776],[-0.09014703555176767,52.55575497228377],[-0.07180905931776987,52.5600608900898],[-0.07172030676394883,52.56275364484788],[-0.06196877883766748,52.56081019454155],[-0.05600221827934088,52.56663583935172],[-0.05690646042970577,52.57400159221491],[-0.010484782531495615,52.58704019926846],[0.06298466364652966,52.603250405797006],[0.06106845093956928,52.58990220076982],[0.11480765729016386,52.5755014372405],[0.11691573617215442,52.58035256859488],[0.10380042866489307,52.58354811512723],[0.11079598974638254,52.59867882900766],[0.11667159449145874,52.604461857939654],[0.12378165395784677,52.603620908372946],[0.12674213087007752,52.60786772629454],[0.13735890766498163,52.60560685050381],[0.1511150910315361,52.62138028045005],[0.1638020361857797,52.62063171250673],[0.16882456305193227,52.619041061264994],[0.17566729623262298,52.621056676111856],[0.17987426923745115,52.62429797935695],[0.20363630917907363,52.6228055190093],[0.21066151405578024,52.617928523198074],[0.2179573993794722,52.621913725760876],[0.20295780725194046,52.63031199888244],[0.19104547294436444,52.634868729449664],[0.18543787879194287,52.640628298100005],[0.17513228974574893,52.64516515060211],[0.17111958546701547,52.65059790632949],[0.17007847400457057,52.660376684197914],[0.17751595939798448,52.66182819348396],[0.17227510832581844,52.665617787551845],[0.1810826829853101,52.66863192167039],[0.1799833938025178,52.67072187894805],[0.1716001981228048,52.67449771959616],[0.16993181279556085,52.67873911746465],[0.16458642913164545,52.68165593707172],[0.16570136066857613,52.68995003977435],[0.1684924761209618,52.691165791826144],[0.16750685677732163,52.69557303180345],[0.16265785135030017,52.69906941318231],[0.16536919931468572,52.70578210040229],[0.1642819043760617,52.709334734471454],[0.16806838317732914,52.71104977439108],[0.18072757708629483,52.712173540243384],[0.18482106552414293,52.715898628109706],[0.20003169538672025,52.72155869293343],[0.207921833015168,52.72883436791294],[0.2087144165089201,52.734047445371104],[0.23389295353388337,52.74588688582873],[0.2342975471952193,52.75494310041372],[0.2539504780434115,52.75567747917352],[0.2522421768376085,52.75904637131692],[0.2573613720454575,52.76476565594549],[0.2641801617557478,52.763529456158714],[0.2941649411683162,52.768234579951766],[0.29275770405469764,52.775041876705764],[0.30533708573210905,52.783701455051364],[0.3093724720817798,52.78988558704545],[0.3194561270796581,52.79354285018459],[0.31126453661788506,52.80003675486027],[0.29825047790188836,52.80111032484436]]]},"properties":{"name":"Welland & Nene","short_name":"W&N","region":"Peterborough"}},{"type":"Feature","geometry":{"type":"Polygon","coordinates":[[[0.6176807679626917,52.948053619434894],[0.6149566198528004,52.95224984837253],[0.6070600867863234,52.95215365777103],[0.5987261755818254,52.949728651188764],[0.5904001697525424,52.949910504018],[0.5851294668428814,52.943910934055864],[0.5738639103718908,52.94721276162644],[0.5654584883886161,52.94604583263647],[0.5591399245052994,52.94744096386501],[0.5507876720645828,52.947171021792755],[0.533189548310553,52.941523195836965],[0.5342807150571139,52.93727384108799],[0.5257003409963384,52.93305069450688],[0.5183496750995629,52.93203786280459],[0.49631128130537966,52.93178376321608],[0.4933483746123783,52.942366151581815],[0.4998393365766591,52.94393813130443],[0.49182230092487933,52.94911599401954],[0.4891462663363937,52.946950061537414],[0.47808586765485755,52.92793937117687],[0.47619459659973384,52.91826792067299],[0.4718297885353123,52.912154663638006],[0.46804601323072553,52.9005443135753],[0.45443513622562043,52.88599035313794],[0.4459356221570448,52.8723187471863],[0.44415711922396706,52.84861758423781],[0.44006194587324515,52.84418806866916],[0.42894308372372864,52.845594057057625],[0.42668539575518494,52.84026327856375],[0.4170888222725609,52.84045912795612],[0.4173370266436869,52.8385118938592],[0.40906269816285223,52.83361790871632],[0.39357450470232164,52.83005597716595],[0.3934862727865822,52.82521131712657],[0.3880922165802364,52.8240252205165],[0.3838499820636856,52.82109836320989],[0.3739506860659035,52.80913131028905],[0.3760145524453863,52.807795213620565],[0.3728933345477392,52.802795451026206],[0.37416360771629964,52.78716970220748],[0.38965037356400406,52.76205987232354],[0.39475938118869036,52.74981810284315],[0.391421515095775,52.75002034643765],[0.38829874674457887,52.75902995326038],[0.37082667903136235,52.786625022067405],[0.3525571901855134,52.80287678099504],[0.3341549436982413,52.80776298643843],[0.3296492903404504,52.81312952787743],[0.31720302724384025,52.81627749021273],[0.3183406515947082,52.81284967592036],[0.29825047790188836,52.80111032484436],[0.31126453661788506,52.80003675486027],[0.3194561270796581,52.79354285018459],[0.3093724720817798,52.78988558704545],[0.30533708573210905,52.783701455051364],[0.29275770405469764,52.775041876705764],[0.2941649411683162,52.768234579951766],[0.2641801617557478,52.763529456158714],[0.2573613720454575,52.76476565594549],[0.2522421768376085,52.75904637131692],[0.2539504780434115,52.75567747917352],[0.2342975471952193,52.75494310041372],[0.23389295353388337,52.74588688582873],[0.2087144165089201,52.734047445371104],[0.207921833015168,52.72883436791294],[0.20003169538672025,52.72155869293343],[0.18482106552414293,52.715898628109706],[0.18072757708629483,52.712173540243384],[0.16806838317732914,52.71104977439108],[0.1642819043760617,52.709334734471454],[0.16536919931468572,52.70578210040229],[0.16265785135030017,52.69906941318231],[0.16750685677732163,52.69557303180345],[0.1684924761209618,52.691165791826144],[0.16570136066857613,52.68995003977435],[0.16458642913164545,52.68165593707172],[0.16993181279556085,52.67873911746465],[0.1716001981228048,52.67449771959616],[0.1799833938025178,52.67072187894805],[0.1810826829853101,52.66863192167039],[0.17227510832581844,52.665617787551845],[0.17751595939798448,52.66182819348396],[0.17007847400457057,52.660376684197914],[0.17111958546701547,52.65059790632949],[0.17513228974574893,52.64516515060211],[0.18543787879194287,52.640628298100005],[0.19104547294436444,52.634868729449664],[0.20295780725194046,52.63031199888244],[0.2179573993794722,52.621913725760876],[0.21066151405578024,52.617928523198074],[0.20363630917907363,52.6228055190093],[0.17987426923745115,52.62429797935695],[0.17566729623262298,52.621056676111856],[0.16882456305193227,52.619041061264994],[0.1638020361857797,52.62063171250673],[0.1511150910315361,52.62138028045005],[0.13735890766498163,52.60560685050381],[0.12674213087007752,52.60786772629454],[0.12378165395784677,52.603620908372946],[0.11667159449145874,52.604461857939654],[0.11079598974638254,52.59867882900766],[0.10380042866489307,52.58354811512723],[0.11691573617215442,52.58035256859488],[0.11480765729016386,52.5755014372405],[0.06106845093956928,52.58990220076982],[0.06298466364652966,52.603250405797006],[-0.010484782531495615,52.58704019926846],[-0.05690646042970577,52.57400159221491],[-0.05600221827934088,52.56663583935172],[-0.06196877883766748,52.56081019454155],[-0.07172030676394883,52.56275364484788],[-0.07180905931776987,52.5600608900898],[-0.09014703555176767,52.55575497228377],[-0.09184410578951378,52.55712048262776],[-0.10113121298038429,52.557626687892686],[-0.12149713329015413,52.556463415029185],[-0.1454705068198311,52.56280346806342],[-0.14595152815692533,52.56111601734242],[-0.16643211503342592,52.55720651561572],[-0.17321805115842037,52.558042937166995],[-0.17701965165237465,52.566611985694486],[-0.2185698300268521,52.56076801621538],[-0.22380241491306185,52.55822244672516],[-0.21722456501264426,52.55308862680993],[-0.21814364548621348,52.54860697531036],[-0.23184597188559775,52.54161966591646],[-0.22879900031524233,52.536718980927475],[-0.23808657988370585,52.52939508847819],[-0.24128459874338853,52.52314896574866],[-0.245998712021315,52.52321892751472],[-0.251620692794237,52.51898644778503],[-0.25947392795534985,52.51793338457779],[-0.26878316132182556,52.51357445410426],[-0.2742468340826512,52.51329462103104],[-0.28201425195375807,52.50684424415218],[-0.29505478497806936,52.508741135376816],[-0.2952251668329243,52.504338027222694],[-0.3006632928843822,52.50468597903957],[-0.3135408394057724,52.49929583937318],[-0.3253923449132603,52.501442167385534],[-0.3315350665268228,52.498741760739584],[-0.3380272470255065,52.49847349222569],[-0.34623341400339425,52.49571138477875],[-0.3431497909625078,52.4719322168789],[-0.33992422055050875,52.46766125141832],[-0.35320025216624285,52.466947730072135],[-0.3637141493081032,52.4692514560686],[-0.38020110335445145,52.46929854648646],[-0.39295068383356463,52.46686508459625],[-0.4001795550780818,52.46237772296339],[-0.4037877000888422,52.456222757886245],[-0.40702724685064134,52.456176523312074],[-0.4140362292464618,52.44952755015149],[-0.4183145193106895,52.44922520691143],[-0.42765766402684274,52.44305617252893],[-0.4255193238432059,52.43700382920397],[-0.4320367306915243,52.43160597928958],[-0.4295084854797185,52.42824579717681],[-0.4315408753607069,52.42485623022809],[-0.4297064886645109,52.42267406646513],[-0.43477433765904616,52.42076326112758],[-0.4307124597970198,52.41090932327653],[-0.43526743201286944,52.406833870648626],[-0.4326152520954297,52.39870689961205],[-0.43554649296856457,52.3947897145982],[-0.4337067455350723,52.39278734490404],[-0.4360880849398229,52.387783943739564],[-0.43307363323866294,52.38576601246517],[-0.44940601670130115,52.380946471451814],[-0.4605173096667728,52.37407877268298],[-0.47440042839044444,52.371921147673284],[-0.4868748297519746,52.372261318899305],[-0.4967701452584092,52.36636368677297],[-0.4977876974690595,52.358015068770385],[-0.5021143518570083,52.356002076340715],[-0.5080747720014458,52.34906455567749],[-0.5081927619053734,52.34555958218183],[-0.5122785453411184,52.34192482171998],[-0.5143667766710162,52.33655652522062],[-0.5100843939714259,52.32859056528794],[-0.5118547959973077,52.323937580773375],[-0.5251627407417802,52.31646215583689],[-0.5310767085726097,52.30179066385276],[-0.5365972911819584,52.294486593065635],[-0.5446450375023525,52.29054009577105],[-0.5448652227988089,52.288295064654925],[-0.561072013376345,52.276805365936994],[-0.5687258389031018,52.27581947207708],[-0.5673794679497706,52.27211685460142],[-0.5816218877663843,52.26671438459764],[-0.5787840941559129,52.263803140938116],[-0.5798467234918909,52.25806169715161],[-0.5825141871347111,52.252519338287634],[-0.5884631565967716,52.24971349520555],[-0.5869923062985354,52.24529031287865],[-0.5952541943687631,52.24341089054862],[-0.5950465224289576,52.2407111205785],[-0.5988396523392155,52.236530433361985],[-0.603757961343909,52.233801498966464],[-0.6075666981454995,52.23375657720526],[-0.6121067103759464,52.2290448152832],[-0.642071060800757,52.226842853212496],[-0.6420075029103882,52.2220200003965],[-0.6502322061016816,52.21752893222519],[-0.6550722480025343,52.212369414920445],[-0.6632193801175563,52.209135310702294],[-0.6712174711646736,52.201043840011494],[-0.6961438129852427,52.19430891135046],[-0.7052274614727535,52.19386946795581],[-0.7087033411547362,52.190041439313035],[-0.7164905290574741,52.18886766157221],[-0.7188107216405455,52.18448730350571],[-0.7270353509894012,52.18331758269662],[-0.7339742072924561,52.181054586664175],[-0.7392176603019452,52.181830005611424],[-0.7502672617756713,52.178980539965195],[-0.7564958091500033,52.175899523566386],[-0.7599558892877258,52.17242946051926],[-0.7654072073344804,52.17095816692503],[-0.7654843229508069,52.16817177991127],[-0.7744701796088302,52.16574799631905],[-0.7844218846542534,52.16540140272797],[-0.7862902748991791,52.166589459896215],[-0.7947337705602918,52.162540188951475],[-0.7974639622268541,52.15888176560081],[-0.8055020429937723,52.15896342483417],[-0.8106938691205287,52.15613878935758],[-0.8179889102161355,52.15666164356171],[-0.8221686229678713,52.15337680554109],[-0.8290674065860167,52.15227666224363],[-0.8335644610971974,52.15357995034232],[-0.8361049486215792,52.15144721310386],[-0.8439770684718539,52.15224389024265],[-0.8465121293023036,52.15595497595928],[-0.8558213199262072,52.15775389835306],[-0.8673624847856047,52.1637992440005],[-0.8798967507652744,52.165357444213825],[-0.9056232610596994,52.165598872685756],[-0.9076256877205796,52.16741558804573],[-0.9181637864556937,52.1669732401402],[-0.9230449311527739,52.17070413246964],[-0.9279434096636611,52.161578097032574],[-0.9364246427072381,52.15536127371816],[-0.9459875974560003,52.15274984644468],[-0.9536589787524838,52.15596492277509],[-0.9568816609523073,52.16192739894646],[-0.9666289303629466,52.1639911574035],[-0.9705454623967598,52.171667559751775],[-0.973481822538254,52.171153693871325],[-0.9786728454227919,52.174345512233344],[-0.9879409833054802,52.17190794933366],[-1.001088864758401,52.1724695221534],[-1.0039550055346367,52.16853781269957],[-1.0086809819245772,52.166419827148346],[-1.0204585940928865,52.169395230822076],[-1.028793519086437,52.169374219778234],[-1.0274072375416234,52.17259947184175],[-1.0315788227435845,52.17578054111613],[-1.0410254116875906,52.17172194768519],[-1.0535910906063424,52.17218302616505],[-1.0574986677382903,52.17410235391404],[-1.0627640921470656,52.17405438382373],[-1.064908235470285,52.17640898101874],[-1.0739214487677606,52.178997456015296],[-1.0949799003329528,52.17907092261989],[-1.104437741323613,52.18148065297698],[-1.1141107178471537,52.18047477792947],[-1.1257071190055628,52.18577584618698],[-1.1462631288124796,52.18170072268431],[-1.1532228023309623,52.184897592232076],[-1.1622969732741786,52.1846027218641],[-1.1724976210632003,52.18665262394163],[-1.1761855659248788,52.184970202018214],[-1.1743692077287997,52.18037228141301],[-1.176381477569388,52.17436260564481],[-1.1731784889892432,52.16570917136859],[-1.1588150016789869,52.16758560404898],[-1.1494673119329843,52.16706906530056],[-1.1395905650632299,52.16367090789315],[-1.1353219204073062,52.15761593665079],[-1.1270946352696662,52.15225083755853],[-1.1319662127305508,52.14976936935683],[-1.1316187310019465,52.14509164633641],[-1.1360039874427421,52.14503394419842],[-1.1314488853358124,52.13879688543773],[-1.144731866490722,52.131881160522646],[-1.1430738052878202,52.12692421981619],[-1.1548570940428873,52.121794600585865],[-1.1611638950066925,52.12040110069144],[-1.167107883245349,52.12278081397673],[-1.1766555089057036,52.119880900346544],[-1.184093542654029,52.120472028345695],[-1.1887993969604957,52.1187063388784],[-1.1957847272886915,52.12010278076878],[-1.1972701929346057,52.11058272274048],[-1.2032514293427528,52.10271142534385],[-1.2004748253792714,52.094690862253266],[-1.2067939299236254,52.09230602901039],[-1.205661462970343,52.090320438249],[-1.1962528325876713,52.08594111533438],[-1.1973565432999054,52.08136333520304],[-1.1952389903146525,52.077392955545854],[-1.199212446816699,52.06735031629264],[-1.2084369637559031,52.06543463240445],[-1.2093581466848138,52.062833480587585],[-1.2149572285000647,52.05963420652529],[-1.2132687095597459,52.05611653465705],[-1.219740020415828,52.053012758492606],[-1.223390832348354,52.04431577092806],[-1.22009550568393,52.04096740744072],[-1.2097799695926856,52.03892071968662],[-1.2116620436752608,52.03138101184485],[-1.210530871219306,52.02939545278807],[-1.2154205950268944,52.024842767427344],[-1.2150447696616655,52.02133383774187],[-1.2064634090226074,52.02037727385893],[-1.1914371718064078,52.02126413575483],[-1.1887937560294133,52.0143229894975],[-1.1853412000789536,52.01187163155289],[-1.1797788915056293,52.013271590680546],[-1.163629234878742,52.011989259777636],[-1.1598868882325124,52.00953509338939],[-1.1597419741308816,52.001711961430914],[-1.1539566116185567,51.999512740349665],[-1.1460918748933429,51.99945600601116],[-1.1555263481767675,51.99350007532298],[-1.1692366718401344,51.992428723752504],[-1.1689478805276905,51.984424751520926],[-1.1746806076946028,51.98149803924176],[-1.1748608710570911,51.979611202969735],[-1.1895806862210498,51.97881428784455],[-1.1931504356469522,51.97461304714595],[-1.204544256611915,51.97244279755414],[-1.2329204674381031,51.97308053358175],[-1.2372317607743477,51.967803878519966],[-1.2353901631597195,51.964824930247325],[-1.2461476366579087,51.965613539389054],[-1.2609222884987688,51.96112178908528],[-1.2677334886977436,51.953971588681135],[-1.2686825137591184,51.94930218532834],[-1.2635993816070523,51.94873105739237],[-1.2613440025156963,51.94431136697993],[-1.2445693568163148,51.938270926995884],[-1.2201845425491902,51.94359648593073],[-1.2161428638864757,51.94177145884252],[-1.2100336059826358,51.94173063871078],[-1.2066278167522735,51.94512431955002],[-1.1968428726091818,51.94721583491617],[-1.1879948434030014,51.945716605780405],[-1.1852162495677838,51.94650660509759],[-1.1788515571735232,51.94448438141915],[-1.1725452533521754,51.94722745299273],[-1.164825085531816,51.94771242893194],[-1.157305820600558,51.94523128605445],[-1.1503284727978986,51.944911423522925],[-1.1462042206054277,51.94757890976667],[-1.1326352135619848,51.94954768458633],[-1.1265971774684675,51.95327928943133],[-1.1197924691048589,51.95152033722293],[-1.1159261897829589,51.94834451936603],[-1.1149927688720138,51.944021813069185],[-1.1098344128989106,51.9400268771685],[-1.1055102681252895,51.93801608092504],[-1.097950879226945,51.93777859726364],[-1.0927675668460752,51.9351313711055],[-1.0878319765332416,51.934643689171075],[-1.0825359811692628,51.93756959806674],[-1.0782372464541847,51.934389153516754],[-1.077142029613634,51.93105387743358],[-1.080998190979342,51.92739769412997],[-1.0806317507885244,51.9239782127468],[-1.0735758129391972,51.92059621196797],[-1.0632235819132998,51.921952878019525],[-1.0590486512234414,51.919941544502194],[-1.0532501909539045,51.926009012510825],[-1.0454309370710646,51.924417392746804],[-1.0448088796870099,51.91946723674174],[-1.0406656581347156,51.916016924809604],[-1.027875194247861,51.915822097838394],[-1.0253611356982009,51.917779361265815],[-1.0195344485983762,51.91827045037122],[-1.0127235179105127,51.917224508688236],[-1.0149416297821319,51.90888132469096],[-1.0125496157988978,51.90526482382868],[-1.0062943668855238,51.90548192330554],[-1.0003656424008704,51.90408305388922],[-0.9854890886793566,51.91276713331573],[-0.9843566574298799,51.911408694501105],[-0.9720531344631228,51.909054112965755],[-0.9680741625581437,51.905063181143525],[-0.9572323494262249,51.908743942381214],[-0.9502559701508234,51.90868193973841],[-0.946154678604559,51.90379004874845],[-0.9491702338031558,51.899141580293396],[-0.9460533297478069,51.895697053258196],[-0.9386261597859228,51.89634961436285],[-0.9223018688689831,51.89224514342822],[-0.9156100426696414,51.89254333211925],[-0.9116223402496825,51.88917976513674],[-0.9109850223747046,51.88548744782496],[-0.9025465789663824,51.885948550740665],[-0.8955760570719372,51.88579343513861],[-0.88832393130598,51.88527558701614],[-0.880490802661822,51.87890745084743],[-0.8767145250727456,51.87887146824197],[-0.8604201075636315,51.88554820023421],[-0.85252683621123,51.88169516197962],[-0.8478421056013851,51.883088001233574],[-0.8399655435348762,51.88993393288127],[-0.8234600967615261,51.8987614013274],[-0.8205604846617948,51.90403724777077],[-0.8125347464971475,51.90521533923323],[-0.8027666067944796,51.91176995596807],[-0.806593215273375,51.920979924149115],[-0.7993284513263823,51.926210912611865],[-0.7951193650017165,51.92589817316562],[-0.793673518349998,51.93100839626173],[-0.787336310344563,51.934090242013504],[-0.7729974562206682,51.93717854715292],[-0.7713358411436247,51.93410418224445],[-0.7664262758449718,51.93279406489407],[-0.7621802247845979,51.928523589478274],[-0.7554970687778401,51.91775346646837],[-0.7559591876897246,51.91155433366827],[-0.7502204329786432,51.90879614283883],[-0.7487741438805715,51.903296056108765],[-0.7592639753111076,51.90241804848288],[-0.7634141290867087,51.899494578779304],[-0.7721126616137919,51.900304950974075],[-0.7763899966559465,51.89801174704783],[-0.7740226792740222,51.89421074933742],[-0.7800061658369695,51.89328387547476],[-0.7838587348757213,51.89053643076372],[-0.7851251367967856,51.88668323169252],[-0.7804871765097744,51.88088079725181],[-0.7756892887963962,51.881010808315544],[-0.7790526312314158,51.87484170853429],[-0.7663492809993457,51.87192189327296],[-0.758939248347319,51.866718882057945],[-0.757854415065791,51.8639201012345],[-0.7532233345598967,51.86333163759604],[-0.7484951342127307,51.866248607593405],[-0.7372229042242593,51.864239970632816],[-0.7275264792343292,51.8681816592416],[-0.7216319254377561,51.866049739562335],[-0.7104856262239908,51.864759236238854],[-0.7004315111677457,51.865907414777894],[-0.6898786171414437,51.86920714087448],[-0.6826921520801362,51.86660929855004],[-0.6840696909552814,51.864197018047264],[-0.6718323635534761,51.86055284447273],[-0.6714237598796078,51.85470376715745],[-0.6633698130930361,51.85209492418439],[-0.6674435009513994,51.841980737833715],[-0.6646119291621159,51.84446625207848],[-0.6551926145206681,51.84390937744548],[-0.6505515793092574,51.838910893246236],[-0.6492728213500994,51.82828620289678],[-0.6593971529345827,51.824535666398],[-0.6484080080639193,51.8232410009751],[-0.6363254691612311,51.81836549851784],[-0.6309202268919178,51.81407549229199],[-0.6229015721721006,51.81746026971148],[-0.6195488645217093,51.82272599991754],[-0.6098015322467999,51.8282758916024],[-0.6027156793282529,51.827472602478714],[-0.6077300264428542,51.834275746949984],[-0.6080747992645695,51.84192265948895],[-0.5940689591191451,51.8441838267851],[-0.5894815064739485,51.842330595798316],[-0.576265436850635,51.84253104875404],[-0.5697868861033631,51.84083397332329],[-0.5521835811928489,51.842057288763684],[-0.5523267563094479,51.84664477167197],[-0.5470594874217773,51.85242437859226],[-0.5476086707607475,51.85791603484289],[-0.5389077145437124,51.86203435100775],[-0.5343336015495578,51.86872115506379],[-0.5350149303916147,51.874574171461134],[-0.5410441949297095,51.878322860611576],[-0.5408729506870089,51.88216318519498],[-0.5461747011583108,51.887042804751424],[-0.5537085880426281,51.889586103682284],[-0.5440943513220204,51.90211146158138],[-0.5382253024335308,51.903836661859415],[-0.5297058125191989,51.90373054198892],[-0.519547064312271,51.907649395183],[-0.513046310302219,51.91521026504529],[-0.49801966786187174,51.91672787381603],[-0.49131991572691197,51.92254038572674],[-0.4854055931203949,51.92429898354601],[-0.485230239786818,51.933827772757425],[-0.48022302617271656,51.935651463190595],[-0.47894078884937286,51.94345754619833],[-0.47474781556825263,51.94268397701497],[-0.4643184184263222,51.94560552734987],[-0.4585504310371934,51.944091502063564],[-0.4559238590427171,51.948552862361026],[-0.4510778565489462,51.94983794323525],[-0.43810337991534953,51.94633965927932],[-0.42813946062385416,51.95250116040476],[-0.422005227247045,51.95313843381298],[-0.4169398229011043,51.948214977759456],[-0.411893364330259,51.951024326624925],[-0.40495145965502055,51.94571535432217],[-0.3994475770797047,51.94501124531695],[-0.39007920795123413,51.94659191868605],[-0.3799700673191944,51.948521323836694],[-0.3766672305355569,51.947306917322294],[-0.3673973654308374,51.95014597953666],[-0.3592811309472003,51.945267575969545],[-0.3542077512953268,51.94474718798251],[-0.34835110603975994,51.941787824359096],[-0.35034989854064513,51.934892256994445],[-0.34266744634044466,51.93415492941735],[-0.34121401502052706,51.9301781107748],[-0.33211214001644496,51.928520906160784],[-0.32032849929776736,51.92080029527038],[-0.29807179137759976,51.91715362240441],[-0.29673413886576366,51.91407707039768],[-0.2886851622342943,51.911622447124365],[-0.2850680142013484,51.90734365372124],[-0.2765231078457613,51.906499482566495],[-0.27999529676215495,51.9031333953262],[-0.27495863803832177,51.90180081959564],[-0.2723466250458668,51.89789601974476],[-0.26789873391805874,51.896391941993066],[-0.26873556731920234,51.89352687109189],[-0.26275291769619574,51.89038147234783],[-0.26230368092984235,51.88695793748679],[-0.25324948725126123,51.88061948917838],[-0.24821964151401446,51.87919592729406],[-0.24401413999639307,51.875266726839655],[-0.2398036566429038,51.875203808902384],[-0.22983203888046372,51.877571931877206],[-0.22657033586029451,51.87554459354702],[-0.2194344349758884,51.87966301120545],[-0.2224234132791732,51.8812368312012],[-0.2228589358872289,51.884930088892446],[-0.2188989589403836,51.88585931996859],[-0.21304643195632855,51.890536290365006],[-0.2180154328785514,51.89717572724217],[-0.22653630942416836,51.90224997488263],[-0.23200737297214105,51.903591168164304],[-0.23800473001448527,51.91006532997913],[-0.23099902764629207,51.91445615744284],[-0.2141043020610346,51.91150344119497],[-0.21187120054150899,51.91281831358244],[-0.210611112330582,51.918913631386786],[-0.20105872505433434,51.925062321678766],[-0.19355429072763333,51.93447876469906],[-0.18731449280721085,51.93770983035548],[-0.17725010085515466,51.93836368488367],[-0.17411725132413325,51.93669659341313],[-0.16882764535642344,51.94155996117423],[-0.16654291332832413,51.947638876470855],[-0.17298740495927073,51.95376361812885],[-0.1702058115484999,51.95417001127006],[-0.15820066711298866,51.96657142529293],[-0.14607048876781273,51.967729831033964],[-0.14329214039654764,51.971552556790904],[-0.13512966308345292,51.97529006867308],[-0.13129763867742772,51.97990509216714],[-0.12657357729027252,51.98144856650276],[-0.11593313387027163,51.97822156568809],[-0.11091392639229954,51.97984960119935],[-0.10379123456636277,51.97955527886504],[-0.0963555098688853,51.98321190756728],[-0.09298599624056177,51.987113829802745],[-0.08248424877076381,51.98748280878698],[-0.07363912702108763,51.99336304183594],[-0.07200596833302689,51.997472602284006],[-0.06734236229665704,52.000903013704054],[-0.06576544180062664,52.01382548908745],[-0.06786848674582002,52.015748306232545],[-0.05692455566386453,52.01943480177349],[-0.03829849711735872,52.01876640267735],[-0.0324457073158404,52.01597118876592],[-0.028585423333783187,52.01096106368696],[-0.02453604790315133,52.010263777376096],[-0.01813597008215893,52.01330344846127],[-0.0057688147703196515,52.00958782498866],[0.0034362915018485763,52.01015096252227],[0.017895604829733923,52.0076561091122],[0.024613264843885894,52.00799042131553],[0.029753039830467242,52.00565393258369],[0.035719257384110095,52.00869818278009],[0.03449854700392365,52.01069752685138],[0.04072427589258488,52.01301767159553],[0.04717009793703224,52.010567873223714],[0.04779964911494576,52.008398832852606],[0.053324022116473184,52.008122805676976],[0.05594203686866743,52.00483998314372],[0.06534203183834056,52.00647392691429],[0.07460527935531992,52.01143661095242],[0.08413930968969904,52.00650246061719],[0.09698016469088509,52.00690396686438],[0.12024506230389208,52.002800622414775],[0.12353886967914739,51.99851494781248],[0.13184019498227847,51.99539753137302],[0.14025990438364253,51.98562312415069],[0.1482322912667198,51.98179111987985],[0.1538765812241511,51.981058543407926],[0.15938961823625988,51.97457305325821],[0.1612042148701614,51.966896322592774],[0.16555904229730473,51.96663644901152],[0.17597585488174497,51.95628305754258],[0.17502264995331906,51.95162466935581],[0.1786696873571376,51.94580213107575],[0.18308046818720414,51.94374208875948],[0.19254190620035766,51.94403220028027],[0.20439261763946362,51.94127040603084],[0.2090700356557362,51.933725228865406],[0.21665335708610642,51.931154689815635],[0.21489101673828873,51.927860681063926],[0.2156369164661906,51.91642626976781],[0.21903153880094112,51.91744139324967],[0.22466079109478557,51.91364820074735],[0.2310188052431346,51.9157759319464],[0.23983845007341614,51.92352173774965],[0.2509428175151969,51.927446383918735],[0.24950009914593121,51.933498917000485],[0.25813337478693943,51.934502597291306],[0.2629869146613213,51.941333566341406],[0.2740749728854524,51.94480675542843],[0.27868191812297266,51.94957358816533],[0.2860332627194531,51.95104968133349],[0.28165854705142784,51.953742386002524],[0.27715671041787404,51.96255225480696],[0.2888546816607966,51.963584320181255],[0.29548298034745357,51.967951489277105],[0.2908804881194332,51.97190790869722],[0.2868260819883642,51.97234643681223],[0.2893961155573898,51.97706248692497],[0.2877603489818039,51.97925247417866],[0.27794529906070264,51.98097150867595],[0.2792191202732134,51.98598261666292],[0.27596400031470075,51.99072164494702],[0.2810327530343889,52.00447187643213],[0.2736548702448922,52.00839136667375],[0.2776724681887384,52.01289984904095],[0.2788245052456002,52.01836291939861],[0.2847265290639094,52.01977727528805],[0.29274387964345877,52.028344095188686],[0.3070206739500045,52.022490010394584],[0.31415862148705187,52.025227548483684],[0.3247366764432265,52.02681771385138],[0.32468307565351423,52.031404917272916],[0.3371091173364444,52.03484591032783],[0.34817926270163446,52.040201061056045],[0.35159985938206323,52.03869402448649],[0.36242628956995016,52.03937662630456],[0.3686946477846153,52.04761375391426],[0.38209344986033006,52.052739062223374],[0.3838135678931806,52.057650141899025],[0.3813435548608865,52.06606311224825],[0.3750211378073983,52.067899305994096],[0.366457735913844,52.07427641479855],[0.36913439765325357,52.083484845392235],[0.3613473417849004,52.08804744285371],[0.3674465978405693,52.09296081407915],[0.3670646052176076,52.09953296506329],[0.3696489982906785,52.10145936057729],[0.3699300359448203,52.10675923544187],[0.37656610589277356,52.113459845986675],[0.37477865126618115,52.12104949680713],[0.36889734184034856,52.12584388450223],[0.3687865262061647,52.12926321785843],[0.35705506525808056,52.133994554561546],[0.35701449282743153,52.13876131408005],[0.3538832535613526,52.14035257432876],[0.36651209889293473,52.15250920077417],[0.3747443705581383,52.161605809159504],[0.3796746565388291,52.16357465485777],[0.3769280225850439,52.169654935190536],[0.3797516449775309,52.170497212680075],[0.3855559492540016,52.17784359849027],[0.39493134963489873,52.17810318567684],[0.40215695639430393,52.18461058165952],[0.4104182084669621,52.18588080710201],[0.41300470638211323,52.187716316180904],[0.41899170298568295,52.18750373978052],[0.4246966371345576,52.190174234466475],[0.42717563990559754,52.187335599336],[0.4324847771483489,52.18542774404278],[0.43631862212561917,52.1859780766693],[0.43914161447178474,52.18142351159736],[0.45482351841562924,52.179299632156166],[0.46441137393602905,52.172804922739886],[0.4738223880079123,52.17107914213794],[0.48068552664889,52.16562937451377],[0.4879736605657936,52.1652060422905],[0.48972955238626725,52.15212978945658],[0.4849177766547142,52.14710554379523],[0.486767418727813,52.140951612369065],[0.5004141437161773,52.141921908888975],[0.5104915017684799,52.13918980323618],[0.5228611404935084,52.14342203320375],[0.5246259124554409,52.14877982405458],[0.5211788350651865,52.15245063526681],[0.5215127185314118,52.155770758330036],[0.5262684772934966,52.159715624299174],[0.53093029585789,52.17229521884761],[0.5413016440332874,52.177197942550464],[0.5465436060213797,52.18445880038179],[0.5479436816341575,52.18847523316007],[0.5478289051511637,52.194143053100504],[0.5501608300456678,52.201646436900425],[0.5543876599696831,52.20389304735331],[0.5629037387008609,52.20181985879272],[0.5730103989081833,52.20195951723434],[0.5785602874611389,52.19923044647666],[0.5803723873904831,52.19514412067917],[0.5886715334570419,52.191904740920606],[0.5910460291653521,52.187446191287265],[0.6129312044633569,52.183905773987995],[0.6197684001889993,52.17826850433491],[0.6278138800836324,52.17826934608023],[0.6284420283471974,52.18643874520325],[0.6352668803630238,52.19051302501942],[0.6464279452464353,52.18873431487273],[0.6541949749243613,52.17911731436748],[0.6577829000173541,52.177957360132034],[0.6741608936830323,52.17542877625063],[0.6792902728591761,52.17072596438068],[0.6856464538202257,52.16941228863512],[0.6949764197817236,52.16407344553671],[0.7032458763848853,52.16298483309513],[0.7069978426262564,52.15975122873606],[0.7142768736328106,52.159224136699954],[0.7182265592797262,52.16165115832156],[0.728630268326986,52.15961222815614],[0.7292685886863841,52.165263019253416],[0.7470070558683986,52.163592009088035],[0.7466730924796035,52.1724129290336],[0.7501522778101136,52.17664845982703],[0.7460225683586118,52.18321965407857],[0.7482319427032745,52.18820424435872],[0.7543351028315731,52.18752226564732],[0.7550301629467402,52.182200166950736],[0.7738757815305893,52.17942013852253],[0.7752345426879682,52.182445785054],[0.7808586013989395,52.183482381857736],[0.7872695311114771,52.18773759256625],[0.791264876555913,52.18845247551014],[0.7983945086413651,52.183157432147624],[0.8095138012359461,52.18316280053063],[0.8178116065797905,52.186666710219214],[0.8313814145258843,52.18884496834791],[0.8459888907442005,52.19532809476768],[0.8502090580833416,52.19495637022531],[0.871760406248287,52.20009919009389],[0.8762266260573232,52.199001087416356],[0.8830995698260213,52.201171482977436],[0.8904119814312542,52.201082406198516],[0.8918198433802711,52.20698341862657],[0.9106853681795587,52.208947467928546],[0.917392753064794,52.21300856352135],[0.9225439526778352,52.21342061818506],[0.9205600157094217,52.22111404412894],[0.922171904519566,52.227819065513984],[0.9174822624287378,52.230003596239676],[0.9179358929746857,52.23691718216662],[0.916580459597155,52.240817794991074],[0.9222871064931151,52.24517318324273],[0.9261551831356218,52.246066556548534],[0.9291372319994244,52.25129856714424],[0.9358487941819561,52.25086193746237],[0.9366297626618191,52.253810275707856],[0.9516116742438983,52.25433572235184],[0.9592581938322109,52.25693208928096],[0.9622302887111227,52.26414207723361],[0.9677080735888237,52.26715207731193],[0.9708324678706214,52.27660635521379],[0.9687427186510156,52.28043613496511],[0.9787791697375527,52.28360066400879],[0.9824296979855565,52.28773530692322],[0.982023461820143,52.29260196969245],[0.9859935083891957,52.29492978085997],[0.9988850542793863,52.29469283163562],[0.9996870881081212,52.30438525182872],[1.0045987263736926,52.30758785260648],[1.0116167538669831,52.309387525744754],[1.0157119776803656,52.31350983952702],[1.0328697900811374,52.315498430304004],[1.0389484453523794,52.314262875906486],[1.0407299322740422,52.32312046238792],[1.0517115043037257,52.329132460576766],[1.0493502099822367,52.331082095071125],[1.0524103806528515,52.33927694352206],[1.0515161849691472,52.343347098037775],[1.0476563245606307,52.35127103330481],[1.0406747342634233,52.3522604357439],[1.036815983874102,52.35595708533685],[1.0298702594885025,52.35748451505707],[1.013282710874755,52.35548078895671],[1.0099651764000006,52.35853318039478],[1.0046440459052324,52.35588077888944],[1.001594799593454,52.358566388408285],[1.00199667068088,52.36449172321991],[0.9944243804621733,52.36765174872084],[0.9923084193880569,52.37112281468575],[0.988818455969349,52.371660851087206],[0.9837484910898534,52.37709505031849],[0.9868316184047079,52.383582170215504],[0.9758016094933167,52.38565921852709],[0.9771215745790595,52.3943493488804],[0.9748822035358519,52.396024538628744],[0.978560224797879,52.400428446289546],[0.9890834982833909,52.40384985633738],[0.9881002055171492,52.41322765005781],[0.9885314345626485,52.419601902519176],[0.9911198218543054,52.41872701710779],[1.0168037592674084,52.42005251569493],[1.022322117811775,52.4190121583554],[1.0280125388140477,52.42048524410806],[1.033371500979605,52.41926858744611],[1.0470781432404483,52.4217937400434],[1.0560392133358265,52.41949383086577],[1.0607862938020212,52.42431727717513],[1.0622163076737137,52.427967488121766],[1.0569573735750972,52.437007042341214],[1.0615046637766874,52.43679938341653],[1.0675485695836842,52.43907083812294],[1.0790528520944662,52.437332697953586],[1.0887762936360252,52.43959707552907],[1.085602361332449,52.44471627916949],[1.0916337413599586,52.44887545751215],[1.0858610472389105,52.45262367709189],[1.0827988469740573,52.45935866709364],[1.0890442177751543,52.46234327226374],[1.0989080627253345,52.464423335876134],[1.1011217799020137,52.46868209114365],[1.095631103347351,52.47647036804975],[1.0960031689810883,52.481766696968485],[1.089398761526365,52.488414674115084],[1.0947142261672598,52.499067639569674],[1.0918795735272104,52.50067066507293],[1.0895508535876735,52.507386583261145],[1.0854267102401998,52.51163118324075],[1.0791349429605634,52.51440323465708],[1.081065135543103,52.52091804554504],[1.0760028359495601,52.5265357122196],[1.0717001232625951,52.52826632774273],[1.07572163420168,52.53094971625764],[1.0722611227294299,52.534187291309024],[1.0747265667698365,52.53781045025405],[1.0731857497264594,52.54108805729687],[1.0691947992913509,52.5430802580595],[1.0517064265095364,52.54614076500498],[1.0434391534551115,52.550310748445256],[1.03516580194181,52.5480052350057],[1.0152297931516199,52.547705694309286],[1.0121683833452375,52.55039168287487],[1.0177845057475072,52.554835024563985],[1.0105311267352866,52.55879692107444],[0.9959306471863885,52.55458110374875],[0.9875029634780239,52.558661228184775],[0.9848242334621935,52.56484408941402],[0.9698195636374056,52.56773970280932],[0.9692952676777754,52.57090039232179],[0.9620348023954894,52.57485941759214],[0.960244050753038,52.57895105523045],[0.9561393819566337,52.581571687848985],[0.9476058224274116,52.5798061054421],[0.9415060558572527,52.58130683105685],[0.9381193906106936,52.579232670737056],[0.9276419618056041,52.58371899680779],[0.9243813135114719,52.583529831471644],[0.9212301522864764,52.58720479995918],[0.916985133005632,52.587759149655575],[0.9133610052943304,52.59099591183574],[0.9003411758412373,52.592844472306915],[0.8951586777975183,52.597108041507205],[0.8835989407669478,52.59873915176823],[0.8713750976510796,52.61054701387367],[0.8660175657961762,52.61220560765286],[0.8449403502886699,52.60839754439332],[0.8435140123999468,52.606903062426845],[0.8398886491558909,52.61022745006851],[0.8327772792256338,52.61219636657968],[0.8351905470313378,52.61753417721491],[0.8316474486875359,52.61986713366345],[0.8290127482153319,52.62712421498621],[0.855021366645988,52.629377548010034],[0.8609870637876769,52.632470904492315],[0.8821302916188963,52.632587607166876],[0.8963446744642992,52.63520834527901],[0.9016464182077064,52.63714686787457],[0.9000121305177613,52.63925523890373],[0.9049134187450081,52.64183292060083],[0.8969568131391984,52.64670407318927],[0.8870490408230298,52.646676265189555],[0.8798277437077976,52.649280131920285],[0.8763789100212329,52.65305095358207],[0.8644262092614821,52.653430593819394],[0.847811296077069,52.65715857139271],[0.831971627324654,52.65690891453811],[0.8246236945278446,52.662210155365194],[0.800484559574755,52.67096656715023],[0.7953033857255787,52.6709091015049],[0.7869145664930043,52.67623248157952],[0.7734434859938083,52.68077509344537],[0.76965341202601,52.686349145878104],[0.7809459552826682,52.687073771004854],[0.7995687004111774,52.69364928807831],[0.8144796303137628,52.695364279629295],[0.8215269752234224,52.69447725416562],[0.8341128058783641,52.699122746111975],[0.8383813948025157,52.698750784849295],[0.8440290095265985,52.70365118304999],[0.8374448162778393,52.71397060833295],[0.8420280225356495,52.71386077264037],[0.8428530317518016,52.717437998086716],[0.8399289307051356,52.72029579607279],[0.8405573993372704,52.7254064728337],[0.844832627508998,52.72737220431882],[0.8459071633444827,52.73022401506529],[0.8390472342196386,52.734075474448595],[0.8389867699744743,52.74226010214091],[0.8297138881707993,52.74778740292066],[0.8247157861439477,52.755280420844606],[0.8116985711806405,52.75567981457102],[0.7938289707941737,52.761317882700936],[0.780523430050193,52.75722443403084],[0.7661502622038469,52.757290903901975],[0.7551804519135524,52.75961458363051],[0.7491694913290033,52.758315356192],[0.7134765793202922,52.75877797152267],[0.7040459693587814,52.75728491053703],[0.686841840743934,52.764330269223066],[0.6794943249456143,52.76296787929075],[0.6689183884665015,52.76455523728832],[0.6666540662912165,52.76631468884992],[0.6565373740688275,52.768160362383995],[0.6514585836384315,52.772410402006116],[0.6453323457577911,52.77407588243652],[0.6468212278196862,52.781506077636095],[0.6527232795466178,52.78101451673674],[0.6608793432742481,52.78343949651909],[0.6706151638229887,52.78016332756364],[0.6816124631956387,52.78054459917552],[0.6922165208646639,52.791364674807475],[0.6836705519960151,52.79470560912378],[0.67108416737652,52.79507965314191],[0.6665691480671324,52.801295878530574],[0.6556042334606821,52.80639759308647],[0.6532601862406257,52.809327504042564],[0.641226987608744,52.814002137026314],[0.6314234051163342,52.81386032867994],[0.6252953081451261,52.82298808617503],[0.6158537857144671,52.826433741125165],[0.616522761749993,52.8326234352263],[0.6122497079532588,52.833167186323074],[0.6084154897277562,52.83855677625323],[0.6172381288123899,52.84204919678406],[0.615010945028476,52.84452611184585],[0.6216916053706774,52.84941419607505],[0.6222839260195762,52.85677449383868],[0.6348028311252838,52.86234198445083],[0.6310358423570642,52.8663820044766],[0.639294179979929,52.87024502622745],[0.6452394923120665,52.875148169352045],[0.646980773034132,52.87933556891122],[0.6510975099909392,52.88346991647941],[0.6408602162589425,52.88378801406331],[0.6424411185505309,52.89022703358575],[0.6357900649425261,52.895770035932365],[0.6318352891369967,52.89675696041712],[0.6315896682344152,52.902517217789416],[0.6429458257709957,52.908289553339074],[0.6479337960306258,52.91447276173546],[0.6519885770223834,52.91510162648285],[0.6564119443988699,52.91931887779891],[0.6607479076238859,52.919671400118666],[0.6606436751279782,52.925248729083634],[0.655663059299474,52.9289569749319],[0.6504177184979022,52.93078261201474],[0.6483476566554658,52.933436438743534],[0.6499541202931141,52.937806631004065],[0.6554588235235326,52.940201417033336],[0.6539940386032038,52.94544945105009],[0.6461084600833866,52.950391069590985],[0.6395558137356357,52.950357018186274],[0.6356914576958924,52.94801502637894],[0.622615960076834,52.945966560213314],[0.6176807679626917,52.948053619434894]]]},"properties":{"name":"Central","short_name":"Central","region":"Peterborough"}},{"type":"Feature","geometry":{"type":"MultiPolygon","coordinates":[[[[1.5326880331778505,52.07906663694698],[1.5232283838415663,52.07944002896073],[1.5181483934954694,52.07239615140915],[1.5122975321425345,52.06852321916694],[1.5071307915665708,52.06777777467346],[1.502848902062273,52.06956926885503],[1.5004071279360567,52.06522550007396],[1.5145901023405821,52.067609298676764],[1.536340196188648,52.07633053025265],[1.5326880331778505,52.07906663694698]]],[[[1.6455357823330834,52.576366970797004],[1.647224255047498,52.57785298709231],[1.6463406966659755,52.58605629145553],[1.6428400619653165,52.58604722409336],[1.6419022478550922,52.58168676024724],[1.63739605740142,52.57898314611766],[1.6324676573586867,52.57830710995564],[1.6275262919934252,52.57264830124909],[1.6219614603078711,52.57104693186691],[1.6119278683646387,52.57218127273324],[1.6127456503471624,52.56776698410983],[1.6029047281602302,52.56404666106929],[1.5973175295262287,52.55746190464211],[1.5826746688485285,52.554344633073335],[1.6007971443606859,52.543018806883985],[1.618732830774642,52.53347670394643],[1.61658491734554,52.53946082983459],[1.6067466726889357,52.54019309013599],[1.605042740672698,52.54513806132645],[1.6105763123112482,52.55089659859541],[1.6234867216667141,52.55428838372151],[1.6293480683575101,52.55932546821745],[1.6342799943785915,52.574338811028085],[1.6375239521691518,52.57589408285743],[1.6455357823330834,52.576366970797004]]],[[[1.7336268840602738,52.57262937744979],[1.725909404325302,52.603455001475616],[1.7200683455947114,52.609485410031176],[1.7135737279285608,52.611308503658805],[1.7073829960177365,52.60799472959019],[1.6921140978057656,52.60388495536646],[1.6863604857037664,52.600466521452134],[1.663170304718355,52.596959430101485],[1.652713013313973,52.59377490766111],[1.6526897844739585,52.586400072274564],[1.6488338575247115,52.58265141709999],[1.648671573644932,52.57537081677689],[1.6362704242220236,52.573594046362885],[1.6345698922931624,52.56375231404178],[1.6309960381069624,52.558015642540646],[1.6240378355695422,52.55238264255043],[1.6126448749446087,52.55021279787572],[1.60644807585774,52.542846581481356],[1.6097750501034342,52.54042447402282],[1.6177329780575955,52.540505050762306],[1.6209836505193582,52.532868116048334],[1.6276939950733713,52.52856987640294],[1.6280892195960108,52.52478002851814],[1.6371803031886631,52.5193377716568],[1.6454764724585509,52.51713937727315],[1.6452669849062322,52.50820517774341],[1.6579166658634017,52.50113133483493],[1.6714144535825077,52.50427470653965],[1.6742133405970347,52.49966338884232],[1.6824171265993302,52.496601698837694],[1.682996196231379,52.47692113106036],[1.6887878758019312,52.47307958809419],[1.6914183575868693,52.47494030743506],[1.6986817732630901,52.47320203220319],[1.7084405741194202,52.47591839772022],[1.7148914275471132,52.47468134556242],[1.722574992124188,52.47670621840264],[1.7559300808862728,52.472259507554206],[1.7596157454351866,52.476612777628226],[1.7614757495932531,52.48183362074136],[1.752481381526215,52.51338596539919],[1.74067589426413,52.53579761209645],[1.7370741877275018,52.548954044831845],[1.7345017883699116,52.56729481340181],[1.7394170205398864,52.57127710733753],[1.7336268840602738,52.57262937744979]]],[[[0.9507827327453138,52.96397618240836],[0.9456287430749285,52.963744406839275],[0.9461333725168768,52.95955938073484],[0.9618551423609605,52.96167728807501],[0.9507827327453138,52.96397618240836]]],[[[0.741544901967733,52.96577019096171],[0.7457234487265458,52.96684265438257],[0.7461199932407041,52.97027744153703],[0.7373845897251228,52.96757461134065],[0.741544901967733,52.96577019096171]]],[[[0.8723138840802618,52.96740124029503],[0.8619082635862637,52.96635749536159],[0.8618736928014219,52.963130095163876],[0.8721646086798149,52.95976138081023],[0.8749190305403647,52.96625914254639],[0.8723138840802618,52.96740124029503]]],[[[1.0006716791669419,52.96627841153025],[0.9996900220193087,52.96500827253622],[0.9885550878730549,52.96573858275375],[0.9917761448360268,52.960621651304685],[0.9975858296604839,52.96043020767552],[1.0002432100608976,52.958159923627115],[1.0079616157409053,52.95822548581619],[1.0102295239955539,52.960002523409344],[1.0168215944974488,52.957362290679235],[1.0141717528880463,52.96550495374827],[1.0064399400772248,52.96462179306921],[1.0006716791669419,52.96627841153025]]],[[[0.8951541826568228,52.97018293996707],[0.8926477433486552,52.9674473764348],[0.8820917050257078,52.96415198264957],[0.8760540726170162,52.96720283788918],[0.8752618029409962,52.96334632653903],[0.8822056027520542,52.963178046643236],[0.8862366177259564,52.95952819213327],[0.8939519154417935,52.96289245358414],[0.9000880540349814,52.9613399889494],[0.9012321309456223,52.96507985779648],[0.8951541826568228,52.97018293996707]]],[[[0.7122359764953833,52.9760103906012],[0.715760727239961,52.97259385374907],[0.7229774602493173,52.976735835542485],[0.7122359764953833,52.9760103906012]]],[[[0.8703217666594404,52.9802634199553],[0.867394404078776,52.97925503285107],[0.8643474212182533,52.97373533175239],[0.8556263939131931,52.96866681731787],[0.854958987200815,52.961255237570214],[0.8616169558629252,52.961949297402406],[0.86155092777522,52.969063790296225],[0.866467824033117,52.97066277760905],[0.8770250338165567,52.968366312471865],[0.8812282235618478,52.96460456193419],[0.885774066608922,52.965995935529754],[0.8818213102298365,52.97083085367799],[0.8807801635843671,52.976674139162256],[0.8767113348491462,52.97978515605563],[0.8703217666594404,52.9802634199553]]],[[[1.2703457838755876,51.95464560948566],[1.2749550113714618,51.95656807404907],[1.2789300794051666,51.960765609367485],[1.271665538547901,51.9671649224494],[1.269556043391604,51.97578610524794],[1.270055414617178,51.985036309419534],[1.2676957842206917,51.98843872674477],[1.248650575947383,51.99058502673768],[1.2264685902021155,51.99674470760054],[1.2120204692631553,51.996420414624176],[1.2040016531727744,52.004301973404054],[1.1959957939902013,52.006885091646886],[1.1870700413258726,52.00658748955674],[1.1790213159119267,52.009818167029245],[1.154606109916738,52.03152095914981],[1.1496686800800473,52.033883660847174],[1.1519791733530833,52.03936209131241],[1.1576038466034582,52.04239522736076],[1.1576293460557388,52.048960123421374],[1.1634969461622355,52.044881251631686],[1.1581169956551258,52.037263904716056],[1.1579156719992039,52.03440922703291],[1.163907750502824,52.02902284163686],[1.1697989226799739,52.029853697343306],[1.1739817783907205,52.02385891662093],[1.188706761342675,52.01484466361585],[1.2003898081863777,52.01474343203592],[1.210990588786662,52.01154062441654],[1.2162943856505972,52.00644005375598],[1.2302518408080965,52.006381581758546],[1.254528082070501,51.99709631791379],[1.2591668401699152,51.99837103403083],[1.263865890636385,51.99586632374412],[1.2695293574115387,51.997004276305105],[1.2789079331352875,51.99394611485057],[1.2826923791206968,51.99071059657411],[1.27994931000215,51.9771068005683],[1.2814607542740504,51.96909571734272],[1.2865618193476775,51.96637196111156],[1.2864080449602746,51.96427158933451],[1.3151242334607767,51.95011821465204],[1.3116424128368958,51.94849836754809],[1.3175538618145868,51.94537262967347],[1.3192711996821838,51.94005345962824],[1.3163327072525652,51.93375932174227],[1.3185335110208067,51.93262690802942],[1.3253568423469668,51.94028630421904],[1.3443842860281627,51.956215629933915],[1.3481632882592272,51.958086905119664],[1.368550679628801,51.96398087444],[1.3883782414645573,51.979745482345486],[1.3909352205178482,51.9885224179317],[1.3881031844031229,51.98998915719768],[1.383862020152483,51.99614651207887],[1.3780127248934975,51.99954359607024],[1.3641758250973464,52.00370866873959],[1.3574544095895356,52.009504153522414],[1.3580852638192022,52.013254814494424],[1.3526486186906583,52.01287015346336],[1.3541841748456627,52.017026785748904],[1.3584098703019507,52.019919405650434],[1.355111908574703,52.02357524909623],[1.3448677509862739,52.026772004890944],[1.3368061813925893,52.03325189511891],[1.3419296610802733,52.03644345068529],[1.3371981799932162,52.038511468533855],[1.346389282881331,52.04245090986089],[1.331247658377371,52.05183870717231],[1.3337973789208546,52.05864718653593],[1.3254272113363337,52.06362388790804],[1.321002308916264,52.06515188565395],[1.3208925747085107,52.07074942045181],[1.3171033569529291,52.07613585775399],[1.303537982606176,52.07705685362844],[1.2932948961098283,52.07572480431227],[1.294557984538502,52.078603596598],[1.3132745852568763,52.07883399263359],[1.3118921518920559,52.08145422848337],[1.3165496215320787,52.08519967371657],[1.316987574003302,52.08874006713814],[1.3239441727464067,52.09059461945366],[1.3310409875466354,52.1001978611554],[1.3323888162733148,52.09477216565074],[1.3279609709570608,52.09414184810718],[1.3262485509678112,52.08977404022111],[1.3216938282101576,52.088607420853215],[1.3222324372944987,52.08406811510693],[1.319879184561337,52.08068967761192],[1.3246443144271836,52.07409735436652],[1.3279667348506419,52.07421936525589],[1.3290208887920256,52.06955750833548],[1.3427701806699033,52.0641041729193],[1.340504315716744,52.06190191071575],[1.3435512707827222,52.05815472861406],[1.342442682305496,52.05269066609062],[1.3511723303952483,52.04555281722043],[1.352021900448127,52.038198215995045],[1.3436720776280933,52.0316539409978],[1.3587754747413645,52.02596220822965],[1.3628438056947927,52.02188849860564],[1.3649124782554243,52.01643271899804],[1.3635815409008385,52.01035455429583],[1.3656727145265541,52.007146713944515],[1.3870629484340238,51.998977627661],[1.391998777881654,51.99526462933036],[1.3941575138545972,51.98701736705449],[1.4048863440220118,51.990368151885384],[1.4307746827692929,52.00501487264688],[1.4355244470485764,52.00994025339812],[1.4414872838842085,52.02267327246177],[1.4602297797518828,52.03880874652601],[1.4611265174873604,52.04587913700837],[1.4636916256699908,52.050372953982524],[1.4940226555764058,52.06438976068428],[1.5012049377639471,52.07038271747742],[1.4883302712295623,52.073733115117285],[1.4888064869217263,52.07983536813395],[1.494823609435569,52.08397436366625],[1.4957976087489926,52.08709358203082],[1.490996625440499,52.09479151363756],[1.4915098157161855,52.09780749250084],[1.4826741486222457,52.09893260527018],[1.485731653409014,52.10217915113095],[1.4932940034686768,52.10045297301517],[1.4957169000963624,52.09725993587149],[1.4940703210980653,52.094880247529666],[1.497272018049565,52.091007451319484],[1.497377117331137,52.084887960471335],[1.4901929139907755,52.07889481485707],[1.4902751552860682,52.07415219368018],[1.5096828662020298,52.069797489635604],[1.523172733076654,52.0811416980365],[1.5376670998699538,52.080922972430336],[1.53543681380877,52.08797888609578],[1.5378492074424344,52.090784751225144],[1.5519054628069837,52.09126107240073],[1.5641964188624584,52.09907496144534],[1.5666463413393812,52.103417237944086],[1.564208858728947,52.10801542132878],[1.5652006957924356,52.111655278811035],[1.5784202774763116,52.11728088778987],[1.588650268534855,52.1312984127912],[1.5898259567457773,52.137190186658],[1.594104277869572,52.140396815953956],[1.586092179718373,52.14074893048278],[1.572918755308744,52.14255240163465],[1.5677716572091749,52.148204203275434],[1.5723764971776177,52.153119727298154],[1.5676560204713652,52.15552944622792],[1.5587493763982594,52.151490326673255],[1.553575986996067,52.15024330240336],[1.541565844340994,52.15330335530664],[1.5372101377016887,52.15590774488314],[1.5239935315544009,52.15705933697637],[1.5227103719185606,52.15192578006532],[1.5168036795041853,52.1502673300492],[1.508624734964033,52.15094292507002],[1.5016142800913888,52.1530943210325],[1.5020450212004297,52.15857722332879],[1.4990535238225349,52.16275863823507],[1.502218075938979,52.16524607361799],[1.5099314992938007,52.16308272367565],[1.5100187766470146,52.15973412519941],[1.5184141702687506,52.15733401271639],[1.5242908300984561,52.160819205836994],[1.5361816961445065,52.16487933157122],[1.5547330173509775,52.164752878292944],[1.5578456898709978,52.161969507448475],[1.5549444872718565,52.158603099283724],[1.5668090059838446,52.160295330110166],[1.5772754284640307,52.157495459520966],[1.579696715434276,52.152681662402344],[1.5773894732131222,52.150170237987155],[1.570738581999029,52.148006378490486],[1.572783691362019,52.14524593951321],[1.5808314245944577,52.142959776119646],[1.595842126345161,52.14454437390369],[1.598101883797291,52.142109730234715],[1.5868686747828187,52.12004616478911],[1.5770436360383944,52.11323006067919],[1.5678526409915916,52.109740028686964],[1.5699461631759744,52.10321830860732],[1.5674760942410135,52.09789627225365],[1.553219506165565,52.089422469658984],[1.5401550869284626,52.08855670657957],[1.5407920291469472,52.07964173010163],[1.537979457713578,52.075093972937466],[1.4848798537092476,52.05755496962657],[1.47042269599762,52.050444545661776],[1.4647087864113564,52.04108755097191],[1.4665797941282708,52.040762623945284],[1.4714751262240717,52.04915426480922],[1.4911887062666778,52.05799766980549],[1.5741231604119623,52.082403479809095],[1.5782639139467665,52.084886219558996],[1.585480628631889,52.09294195946983],[1.5882492593410067,52.10922827838748],[1.602730289983145,52.14746412992496],[1.605204661234992,52.159981234528416],[1.611445756420827,52.172023108021186],[1.621704526178865,52.18484075716589],[1.6219165751111584,52.20903041048195],[1.6272590012466228,52.23504113860794],[1.6304323373798695,52.27029314158621],[1.6342756986245557,52.28141828960112],[1.6520183690997579,52.3008028358485],[1.669450640463599,52.31323249015332],[1.6673334467795617,52.31354118252215],[1.6574457357067391,52.32319375547517],[1.65034514013681,52.32449302021812],[1.643833933548968,52.328678970366745],[1.6394937618418721,52.329460540621945],[1.6311509875100736,52.326371511957106],[1.6290563180815503,52.322127463469336],[1.62044416113737,52.320026412463825],[1.6148986422776048,52.31664352280773],[1.6071128702376616,52.31601831232476],[1.5980577215381713,52.323616470365984],[1.6027148911403448,52.329078060412414],[1.6066516687820593,52.32766256471963],[1.610188928285358,52.32152793966164],[1.6136750686614727,52.32755562346449],[1.6232992144879772,52.33124516557216],[1.6338418787977922,52.33340353366187],[1.644458569161296,52.32984699247314],[1.6511012276780916,52.325117253420615],[1.6598455242349845,52.324522537903],[1.665938371469737,52.31743433977287],[1.675101836968973,52.31359628101857],[1.6962417012346498,52.352189707538244],[1.7243174655238842,52.389931417099426],[1.7319468131081115,52.40401945951306],[1.728103402480364,52.42051165702931],[1.7334960881352575,52.44895415792263],[1.7366573884745353,52.45498873323251],[1.7416101405565425,52.45765637190362],[1.7550941753132558,52.471611456910935],[1.7428506842979197,52.47191900763429],[1.728683212958572,52.47333842126787],[1.7251540894794857,52.475500574256095],[1.7188482485935486,52.47182243474763],[1.7097649778498107,52.47362811444371],[1.703492096072307,52.47225081168697],[1.704332611385785,52.46963395427291],[1.687221572934346,52.47178825685514],[1.6809969537054537,52.47326859670398],[1.6814626749008998,52.48941765349973],[1.6728233957043959,52.48300339925756],[1.6733833859990999,52.47717539637555],[1.6638352269158714,52.47466549642437],[1.6601265862833396,52.46832223840841],[1.6534425267946593,52.46852911035821],[1.6474042801714346,52.47226856338516],[1.6440784774877013,52.468386545804336],[1.6387068015707016,52.46736480360527],[1.6353288664912295,52.46283654270975],[1.615639759941175,52.46354865631723],[1.6104016659388023,52.466299276745026],[1.6046334610600612,52.466898139057115],[1.6028957635405965,52.471583337288685],[1.5974976824599976,52.47239541769273],[1.5867808556402447,52.47735338531964],[1.5824154570193252,52.47565992563764],[1.5689305074595084,52.47466483749722],[1.566995656877382,52.470414911028435],[1.5615788563238449,52.466809629757556],[1.561082853905312,52.460123708556665],[1.5570465057366283,52.457546960278194],[1.5505576723937557,52.45906432089635],[1.5476094286947877,52.46195014888552],[1.5421421648018916,52.46189831269724],[1.530589058199666,52.46730793211202],[1.5317245277200289,52.46824539246136],[1.5451562186423433,52.46202378187098],[1.5565012556405557,52.45845382536983],[1.5594858949350856,52.460405686301726],[1.5600068910576108,52.46685700228557],[1.5652499930818509,52.47068346234958],[1.5653168746211175,52.47369458847789],[1.5692027738379053,52.47584388365914],[1.581269525838225,52.4766031052411],[1.5902168462464426,52.47794161914085],[1.5986258875545074,52.47322453948626],[1.6038565428138984,52.472525449786225],[1.6054178792323532,52.467845618703926],[1.6106742399317238,52.46746923743504],[1.6166094575389205,52.464598329194274],[1.6331142275490884,52.463660215241205],[1.6381172140977256,52.46878612500875],[1.6420133316694985,52.46888196502002],[1.6446190925057271,52.47278625107529],[1.6495822983310258,52.47295686205197],[1.6535578192653102,52.4699197220491],[1.6587967771051444,52.46933485421909],[1.6630521551789748,52.47587707682124],[1.6711059846349199,52.47724617502806],[1.6716428762841353,52.48368770619136],[1.6810562825885171,52.49072555607233],[1.6816222813358408,52.49555608920141],[1.673056096198362,52.498512058440234],[1.6699222696379123,52.503349622226025],[1.6599391019413585,52.500106292448265],[1.6540266187371722,52.50114373195637],[1.6431229104669545,52.50794747642729],[1.6436492491022778,52.51644016636033],[1.6331469440336268,52.519776615018564],[1.6272773478009341,52.523518718608],[1.6254168620767717,52.528855599237325],[1.578444549684486,52.55494941860481],[1.572946111287591,52.55665371761082],[1.5636422843984754,52.554568927972824],[1.5562580013100764,52.557228692756155],[1.541978322345029,52.55217070337353],[1.5336700907171361,52.55160977101102],[1.5277595002993216,52.54782875293793],[1.5250471776188428,52.54362835616104],[1.5151958853537226,52.53961336559244],[1.4825510976961418,52.53774615324571],[1.4860709969313604,52.53935132947221],[1.5036152705598145,52.54071258646947],[1.504473333757987,52.54388910844107],[1.5204010360766265,52.54290331919626],[1.5331444922708628,52.552596860333246],[1.5395995802580569,52.5532313024502],[1.536777468726698,52.55923399351815],[1.5290445672350372,52.5572164272289],[1.5210574839466282,52.56196062499487],[1.5197387144947407,52.56484206539958],[1.5231231786304782,52.57078544027728],[1.5167487716838024,52.57358347146308],[1.509479132193646,52.57036359453148],[1.4982398808864494,52.568438997922264],[1.4893710271803484,52.576642829137384],[1.4857094789147733,52.584449782161286],[1.478431953079422,52.583359846399304],[1.4699436664242502,52.58431966930496],[1.4628847172313324,52.59104722964121],[1.4527208171619026,52.59288227919757],[1.451857969765523,52.599185308754095],[1.4429679877830133,52.60241236718019],[1.4321396888606905,52.61090250173822],[1.4317523932063954,52.61577048881926],[1.4242133291771992,52.618947894790296],[1.4155790765744207,52.61813612638807],[1.4118070608889568,52.61220100808641],[1.4057280836702455,52.6115486785749],[1.4044151064668713,52.6071974235902],[1.3969102337016968,52.603383832510744],[1.3904862134030473,52.603217317133904],[1.3810460443368933,52.60704001539365],[1.374713551298464,52.62016293083962],[1.3665145188930365,52.62269886354551],[1.3548921862380638,52.62010590958954],[1.3508076054578873,52.62022162702002],[1.3451815839950094,52.62298897548537],[1.3217299522762354,52.620870438161425],[1.3340255939260635,52.62728799376208],[1.341902797057647,52.62592363120518],[1.3512424740726372,52.62165731313535],[1.3657506035635443,52.62410563880687],[1.3706954455495592,52.62364113345158],[1.3783715731841397,52.62026542241713],[1.3796465981920174,52.61418514578723],[1.3842200852272828,52.607776718497696],[1.393143429091596,52.60491294703364],[1.4019950611488157,52.60799553272331],[1.4031290616249916,52.61308946024234],[1.4087521673214176,52.61319743415803],[1.4096698713623972,52.61739814402335],[1.4133761114035117,52.61944984572459],[1.4232896867660696,52.621501920159304],[1.4308095736819353,52.61750668365578],[1.4374374929937777,52.61911314457971],[1.4385251411745785,52.61602358576543],[1.4345441011485147,52.612361718147795],[1.4459271476487747,52.60303675139067],[1.45486003362192,52.600167979006606],[1.455523021465722,52.59358295056252],[1.465037096293176,52.59249521638411],[1.4684425368035294,52.58699896490742],[1.4786203159656315,52.58499124008505],[1.4849502442460498,52.58660376461314],[1.4885620238758648,52.58559789480667],[1.4927925588928703,52.57566941217766],[1.4994260147972354,52.56998688966138],[1.5105460407384355,52.57244557660162],[1.5150683760813604,52.575459250867496],[1.5214480192498918,52.57401029770744],[1.5258438122550055,52.56992186860436],[1.5222906666940854,52.564271407622385],[1.5259637034021838,52.56038436585568],[1.530825271975933,52.55844046539512],[1.5375487332245072,52.56129760474964],[1.5403151582285217,52.557167381981365],[1.545810652646089,52.55541074161648],[1.5551819386501315,52.558520256260685],[1.5633947466190556,52.556429228868396],[1.5721265329526009,52.55818953563494],[1.5822486291723377,52.55563474820492],[1.5942451737631484,52.55796906949402],[1.6015022970293666,52.565483520206236],[1.6102926744072987,52.56827362612725],[1.6102714274261571,52.57340113014394],[1.614770486487699,52.57425310524875],[1.6227588220747704,52.572659511920705],[1.626720872332927,52.57415709821848],[1.6306854778044761,52.57925228844208],[1.6377784696139792,52.58110309260902],[1.6413850077840841,52.58719835642413],[1.6468724274427815,52.587479028888815],[1.6498188165427123,52.594493860640505],[1.6615070555408082,52.60357697415359],[1.6710606122472835,52.60651896145056],[1.6817760110035143,52.607445220293],[1.6964372562014551,52.61661233594336],[1.7009347276507887,52.617371205886265],[1.717366425127574,52.615956597798345],[1.718294378905575,52.612959177135316],[1.7225175608536174,52.61048773842305],[1.729511405305816,52.60064306558926],[1.7303156458635052,52.59099329455069],[1.735544207342306,52.576076806233125],[1.739762940111104,52.573604822912415],[1.7418587813997675,52.61896231193879],[1.7453986621079447,52.62406728537193],[1.7454702114790246,52.630091530647846],[1.7299192678323148,52.66620188700194],[1.7051830178825804,52.7095233519783],[1.7043830849329933,52.71755357481722],[1.6873559000593314,52.735174579932966],[1.6576950366315413,52.75786074789577],[1.613869833251376,52.785576878597055],[1.5971477173622666,52.793982541848486],[1.5932463367911196,52.798130293465],[1.5872384946022253,52.801577162457406],[1.5790286530399718,52.80370511189571],[1.5356616200178503,52.82524313803205],[1.5090226060205025,52.84105442361398],[1.4837762223221451,52.8522316676031],[1.438444624205546,52.88017600659145],[1.4088043670130768,52.89461173745168],[1.3452266726684474,52.92061349744602],[1.299099826022564,52.93431529094111],[1.2370465145364418,52.94447702119536],[1.1810903768094791,52.94679867461752],[1.127731705633862,52.95217298808992],[0.9898443287791745,52.98009424314482],[0.9735254995193114,52.981115313600036],[0.9723133093319867,52.97409551155713],[0.9752012698694145,52.97254844115566],[0.9832884233519673,52.97295710909207],[0.9963038276437415,52.977845221055716],[1.0036497951415946,52.97506984306938],[1.0109304652902,52.97479560048631],[1.0127075124843963,52.9725023908887],[1.0244343357129817,52.96977637807089],[1.0355987559598043,52.969671439131176],[1.0390412901988757,52.96778487526726],[1.0181299114240745,52.96481092994688],[1.0167615709339608,52.95650052146712],[1.010585719236241,52.95762843410022],[0.9999826328123594,52.95654783667737],[0.9844420106038896,52.96008675590039],[0.9855009488135564,52.96464635274811],[0.9657693110933199,52.96207420849117],[0.9511000318278261,52.95879761687837],[0.9448709557288287,52.95895222080161],[0.9446647491530767,52.963804278540124],[0.9351505810975743,52.96274484391421],[0.9182548051122288,52.966173601390054],[0.9148461015254725,52.96399120779676],[0.9091820907962151,52.963923236103106],[0.9002021425204715,52.96037501872504],[0.8937374985709787,52.96235813537863],[0.885836727008652,52.958890459041285],[0.8743341722763749,52.960140532488765],[0.8755898269971609,52.95752035046457],[0.852427300911127,52.95786302358899],[0.851234999393217,52.97232424187421],[0.8520269474394222,52.973492210712614],[0.8394108117583932,52.97691471750796],[0.8349741096910323,52.98014097008884],[0.8135809505929463,52.97763713358467],[0.8195162201439267,52.975671013521804],[0.8123781409714373,52.97013016826791],[0.8003042393081417,52.97644012426471],[0.7860271821297778,52.97635314564185],[0.7727178391255447,52.97881360746274],[0.7513821468216648,52.97737630692249],[0.7544238351412345,52.97460821470756],[0.7541776446000428,52.970738346035716],[0.7455941523271964,52.96503824140972],[0.7369751510149546,52.963924289259694],[0.7348637562194702,52.96138321100741],[0.7293456234682592,52.96172592842652],[0.7345439880753026,52.96764002941275],[0.749730571779819,52.97084135679909],[0.7511219391547453,52.973281959266615],[0.735389861149485,52.975371676101545],[0.7260711019312108,52.97192611315512],[0.7153632001846633,52.97195551753594],[0.6996881835587768,52.97521713060557],[0.6999454366692873,52.97790886691098],[0.6937323810430527,52.9783735965652],[0.6870335477035122,52.973894441881036],[0.6744417097080889,52.97212839501527],[0.6742426109709339,52.96890478629656],[0.6620543988979218,52.96809947962177],[0.6616447965366925,52.97015880328286],[0.6492993995424767,52.969463609272054],[0.6425589662259216,52.96713197379586],[0.6416589943102119,52.96995743942981],[0.6613551236329884,52.97101951987792],[0.6689938561451935,52.970740264418396],[0.6748519536630535,52.97298238152415],[0.6746874467144615,52.97610627115133],[0.6696169221234366,52.97794674645105],[0.6617851516289616,52.97801454939942],[0.6285106034711068,52.973692913062386],[0.6199505320949177,52.973774072261314],[0.6210245157360649,52.9708460386959],[0.6164011502833847,52.968034602817056],[0.6126148566560489,52.96872037157748],[0.6174188243157498,52.97329036336836],[0.5887012657769153,52.976293319712255],[0.5850287403049146,52.97141883914806],[0.5717722294861004,52.97041170888702],[0.5706059644549204,52.97485186551218],[0.5601581342331462,52.976264334500975],[0.5425092964728483,52.97631958017273],[0.5362251158687216,52.97279428732531],[0.523827200194007,52.96810389845942],[0.5109871455522633,52.959078644548036],[0.4978605529937639,52.9535108290753],[0.49182230092487933,52.94911599401954],[0.4998393365766591,52.94393813130443],[0.4933483746123783,52.942366151581815],[0.49548402762233296,52.93809526051493],[0.4941140100907328,52.93497697973636],[0.49631128130537966,52.93178376321608],[0.5183496750995629,52.93203786280459],[0.5257003409963384,52.93305069450688],[0.5342807150571139,52.93727384108799],[0.533189548310553,52.941523195836965],[0.5507876720645828,52.947171021792755],[0.5591399245052994,52.94744096386501],[0.5654584883886161,52.94604583263647],[0.5738639103718908,52.94721276162644],[0.5851294668428814,52.943910934055864],[0.5904001697525424,52.949910504018],[0.6000750511717146,52.94987897007453],[0.6070600867863234,52.95215365777103],[0.6152485691344795,52.95215350335619],[0.6176807679626917,52.948053619434894],[0.622615960076834,52.945966560213314],[0.6356914576958924,52.94801502637894],[0.6395558137356357,52.950357018186274],[0.6461084600833866,52.950391069590985],[0.6539940386032038,52.94544945105009],[0.6554588235235326,52.940201417033336],[0.6499541202931141,52.937806631004065],[0.6483476566554658,52.933436438743534],[0.6504177184979022,52.93078261201474],[0.655663059299474,52.9289569749319],[0.6606436751279782,52.925248729083634],[0.6607479076238859,52.919671400118666],[0.6564119443988699,52.91931887779891],[0.6519885770223834,52.91510162648285],[0.6479337960306258,52.91447276173546],[0.6429458257709957,52.908289553339074],[0.6315896682344152,52.902517217789416],[0.6318352891369967,52.89675696041712],[0.6357900649425261,52.895770035932365],[0.6424411185505309,52.89022703358575],[0.6408602162589425,52.88378801406331],[0.6510975099909392,52.88346991647941],[0.646980773034132,52.87933556891122],[0.6452394923120665,52.875148169352045],[0.639294179979929,52.87024502622745],[0.6310358423570642,52.8663820044766],[0.6348028311252838,52.86234198445083],[0.6222839260195762,52.85677449383868],[0.6216916053706774,52.84941419607505],[0.615010945028476,52.84452611184585],[0.6172381288123899,52.84204919678406],[0.6080865992868794,52.83802449030566],[0.6122497079532588,52.833167186323074],[0.616522761749993,52.8326234352263],[0.6158537857144671,52.826433741125165],[0.6252953081451261,52.82298808617503],[0.6314234051163342,52.81386032867994],[0.641226987608744,52.814002137026314],[0.6470407145388002,52.81198422497076],[0.6665691480671324,52.801295878530574],[0.67108416737652,52.79507965314191],[0.6836705519960151,52.79470560912378],[0.692183240213784,52.7908259016187],[0.6816124631956387,52.78054459917552],[0.6706151638229887,52.78016332756364],[0.6608793432742481,52.78343949651909],[0.6527232795466178,52.78101451673674],[0.6468212278196862,52.781506077636095],[0.6453323457577911,52.77407588243652],[0.6514585836384315,52.772410402006116],[0.6565373740688275,52.768160362383995],[0.6666540662912165,52.76631468884992],[0.6689183884665015,52.76455523728832],[0.6794943249456143,52.76296787929075],[0.686841840743934,52.764330269223066],[0.7040459693587814,52.75728491053703],[0.7134765793202922,52.75877797152267],[0.7491694913290033,52.758315356192],[0.7551804519135524,52.75961458363051],[0.7661502622038469,52.757290903901975],[0.780523430050193,52.75722443403084],[0.7938289707941737,52.761317882700936],[0.8116985711806405,52.75567981457102],[0.8247157861439477,52.755280420844606],[0.8297138881707993,52.74778740292066],[0.8389867699744743,52.74226010214091],[0.8390472342196386,52.734075474448595],[0.8459071633444827,52.73022401506529],[0.844832627508998,52.72737220431882],[0.8405573993372704,52.7254064728337],[0.8399289307051356,52.72029579607279],[0.8428530317518016,52.717437998086716],[0.8420280225356495,52.71386077264037],[0.8374448162778393,52.71397060833295],[0.8440290095265985,52.70365118304999],[0.8383813948025157,52.698750784849295],[0.8341128058783641,52.699122746111975],[0.8215269752234224,52.69447725416562],[0.8144796303137628,52.695364279629295],[0.7995687004111774,52.69364928807831],[0.7809459552826682,52.687073771004854],[0.76965341202601,52.686349145878104],[0.7734434859938083,52.68077509344537],[0.7869145664930043,52.67623248157952],[0.7953033857255787,52.6709091015049],[0.800484559574755,52.67096656715023],[0.8246236945278446,52.662210155365194],[0.831971627324654,52.65690891453811],[0.847811296077069,52.65715857139271],[0.8644262092614821,52.653430593819394],[0.8763789100212329,52.65305095358207],[0.8798277437077976,52.649280131920285],[0.8870490408230298,52.646676265189555],[0.8969568131391984,52.64670407318927],[0.9049134187450081,52.64183292060083],[0.9000121305177613,52.63925523890373],[0.9016464182077064,52.63714686787457],[0.8963446744642992,52.63520834527901],[0.8821302916188963,52.632587607166876],[0.8609870637876769,52.632470904492315],[0.855021366645988,52.629377548010034],[0.8290127482153319,52.62712421498621],[0.8316474486875359,52.61986713366345],[0.8351905470313378,52.61753417721491],[0.8327772792256338,52.61219636657968],[0.8398886491558909,52.61022745006851],[0.8435140123999468,52.606903062426845],[0.8449403502886699,52.60839754439332],[0.8660175657961762,52.61220560765286],[0.8713750976510796,52.61054701387367],[0.8835989407669478,52.59873915176823],[0.8951586777975183,52.597108041507205],[0.9003411758412373,52.592844472306915],[0.9133610052943304,52.59099591183574],[0.916985133005632,52.587759149655575],[0.9212301522864764,52.58720479995918],[0.9243813135114719,52.583529831471644],[0.9276419618056041,52.58371899680779],[0.9381193906106936,52.579232670737056],[0.9415060558572527,52.58130683105685],[0.9476058224274116,52.5798061054421],[0.9561393819566337,52.581571687848985],[0.960244050753038,52.57895105523045],[0.9620348023954894,52.57485941759214],[0.9692952676777754,52.57090039232179],[0.9698195636374056,52.56773970280932],[0.9848242334621935,52.56484408941402],[0.9875029634780239,52.558661228184775],[0.9959306471863885,52.55458110374875],[1.0105311267352866,52.55879692107444],[1.0177845057475072,52.554835024563985],[1.0121683833452375,52.55039168287487],[1.0152297931516199,52.547705694309286],[1.03516580194181,52.5480052350057],[1.0434391534551115,52.550310748445256],[1.0517064265095364,52.54614076500498],[1.0691947992913509,52.5430802580595],[1.0731857497264594,52.54108805729687],[1.0747265667698365,52.53781045025405],[1.0722611227294299,52.534187291309024],[1.07572163420168,52.53094971625764],[1.0717001232625951,52.52826632774273],[1.0760028359495601,52.5265357122196],[1.081065135543103,52.52091804554504],[1.0791349429605634,52.51440323465708],[1.0854267102401998,52.51163118324075],[1.0895508535876735,52.507386583261145],[1.0918795735272104,52.50067066507293],[1.0947142261672598,52.499067639569674],[1.089398761526365,52.488414674115084],[1.0960031689810883,52.481766696968485],[1.095631103347351,52.47647036804975],[1.1011217799020137,52.46868209114365],[1.0989080627253345,52.464423335876134],[1.0890442177751543,52.46234327226374],[1.0827988469740573,52.45935866709364],[1.0858610472389105,52.45262367709189],[1.0916337413599586,52.44887545751215],[1.085602361332449,52.44471627916949],[1.0887762936360252,52.43959707552907],[1.0790528520944662,52.437332697953586],[1.0675485695836842,52.43907083812294],[1.0615046637766874,52.43679938341653],[1.0569573735750972,52.437007042341214],[1.0622163076737137,52.427967488121766],[1.0607862938020212,52.42431727717513],[1.0560392133358265,52.41949383086577],[1.0470781432404483,52.4217937400434],[1.033371500979605,52.41926858744611],[1.0280125388140477,52.42048524410806],[1.022322117811775,52.4190121583554],[1.0168037592674084,52.42005251569493],[0.9911198218543054,52.41872701710779],[0.9885314345626485,52.419601902519176],[0.9881002055171492,52.41322765005781],[0.9890834982833909,52.40384985633738],[0.978560224797879,52.400428446289546],[0.9748822035358519,52.396024538628744],[0.9771215745790595,52.3943493488804],[0.9758016094933167,52.38565921852709],[0.9868316184047079,52.383582170215504],[0.9837484910898534,52.37709505031849],[0.988818455969349,52.371660851087206],[0.9923084193880569,52.37112281468575],[0.9944243804621733,52.36765174872084],[1.00199667068088,52.36449172321991],[1.001594799593454,52.358566388408285],[1.0046440459052324,52.35588077888944],[1.0099651764000006,52.35853318039478],[1.013282710874755,52.35548078895671],[1.0298702594885025,52.35748451505707],[1.036815983874102,52.35595708533685],[1.0402472359571906,52.35245131125047],[1.0481994796543586,52.35062747560432],[1.0515161849691472,52.343347098037775],[1.0524103806528515,52.33927694352206],[1.0493316744396224,52.33081277168366],[1.0517115043037257,52.329132460576766],[1.0424771576957106,52.32505398933351],[1.0402411266673697,52.3224135811663],[1.0401757223942178,52.31504067770395],[1.0172073702086417,52.31392129132133],[1.0113116171547798,52.30921544413949],[1.0042936288357913,52.30741575220688],[0.9993395317818197,52.303584684903804],[0.9988850542793863,52.29469283163562],[0.9859935083891957,52.29492978085997],[0.982023461820143,52.29260196969245],[0.9824296979855565,52.28773530692322],[0.9787791697375527,52.28360066400879],[0.9687427186510156,52.28043613496511],[0.9708324678706214,52.27660635521379],[0.9677080735888237,52.26715207731193],[0.9622302887111227,52.26414207723361],[0.9592581938322109,52.25693208928096],[0.9516116742438983,52.25433572235184],[0.9366297626618191,52.253810275707856],[0.9358487941819561,52.25086193746237],[0.9274629659721215,52.25035086854448],[0.9261551831356218,52.246066556548534],[0.9222871064931151,52.24517318324273],[0.9140225674050885,52.237553514930724],[0.9179358929746857,52.23691718216662],[0.9174822624287378,52.230003596239676],[0.922171904519566,52.227819065513984],[0.9205600157094217,52.22111404412894],[0.9225439526778352,52.21342061818506],[0.917392753064794,52.21300856352135],[0.9106853681795587,52.208947467928546],[0.8918198433802711,52.20698341862657],[0.8904119814312542,52.201082406198516],[0.8830995698260213,52.201171482977436],[0.8762266260573232,52.199001087416356],[0.871760406248287,52.20009919009389],[0.8502090580833416,52.19495637022531],[0.8459888907442005,52.19532809476768],[0.8313814145258843,52.18884496834791],[0.8130776912690494,52.18508769364627],[0.8099996294288662,52.18226659980595],[0.8158105413381388,52.17656363745255],[0.8254447907430058,52.17340588602653],[0.830705937232634,52.16301580279933],[0.8300018445162829,52.15957214148887],[0.8327634256556117,52.15723773570428],[0.8494118809303659,52.15964145554],[0.8545318255918136,52.16232256481643],[0.8693054882037679,52.16572306328958],[0.8793301762926559,52.1601672251989],[0.885179868894208,52.153102076343636],[0.8956536801639181,52.14634038717728],[0.8961695067752916,52.14232929069695],[0.9024012272578491,52.139729809507905],[0.9169448528583627,52.13966932721256],[0.9324080980836988,52.141792043929605],[0.9453880528241806,52.13860396907569],[0.9552324950403212,52.12426660693694],[0.9607740889044524,52.12335585851943],[0.9643459574311397,52.120487074906016],[0.9577152580499316,52.11363874313665],[0.9479780086569632,52.10889445652957],[0.9530659220073591,52.101626848261404],[0.9659496174295684,52.08987966022136],[0.9765368595808652,52.087039567901655],[0.9972977944328323,52.06649431668944],[0.9972703819868709,52.059855942031554],[1.0077495896391708,52.04777023850967],[1.004208487368748,52.04242785551359],[1.013653893470665,52.03987843996184],[1.0225791619223896,52.03312662938553],[1.031927329194456,52.03166753000277],[1.041465996291266,52.03698590893733],[1.058747447501278,52.037312573230786],[1.0691682587133993,52.02881657449667],[1.0824452156840816,52.02642089995286],[1.0900387908426203,52.027230032969854],[1.1129483879583004,52.02156290780475],[1.120150874087042,52.01320036463056],[1.1296294868681895,52.01420337653836],[1.1293305086077912,52.00908658759185],[1.1364870328612353,52.01011477661824],[1.142765857002421,52.00564638413189],[1.1570774450585826,52.00811805135495],[1.1725179182899286,52.00674770349121],[1.1789798714733122,52.00245227525575],[1.1776584320881072,52.00019448185845],[1.182680854810481,51.99733536892396],[1.1982522646922646,51.99261225069852],[1.2120134701705543,51.98413733658292],[1.219288204235268,51.98440442984806],[1.2220118494341634,51.979491928193006],[1.2306444116855602,51.97445323416164],[1.2448979131641404,51.969723987157394],[1.2499611960674049,51.97073099186741],[1.2586203447441116,51.96673385906457],[1.268274848537794,51.95807331967321],[1.2703457838755876,51.95464560948566]]],[[[0.6813760364028918,52.98909267332004],[0.6611703627872133,52.98836895171397],[0.6667698914247351,52.986624886628405],[0.6757760186009162,52.987933064613664],[0.6837695537634899,52.987321188957594],[0.6784504018134008,52.982270868761326],[0.6813909133300833,52.97778952702299],[0.6891007463579158,52.98127499573037],[0.7026965967198084,52.97902426320059],[0.7105993500019104,52.97842161727503],[0.7128187572893179,52.97675241079994],[0.7216171482303116,52.977846041410835],[0.7322244708156128,52.976199839205066],[0.7399261052873977,52.97666990680815],[0.7507782886813646,52.97889196020159],[0.7457518077249649,52.98138212207544],[0.6813760364028918,52.98909267332004]]]]},"properties":{"name":"Norfolk & Suffolk","short_name":"N&S","region":"Peterborough"}},{"type":"Feature","geometry":{"type":"MultiPolygon","coordinates":[[[[-0.5214076905074453,53.684331691413774],[-0.5339553472892277,53.6879736592829],[-0.5564410685013113,53.691590648550346],[-0.5547505958340472,53.68788478727885],[-0.5426476473047691,53.68315376302114],[-0.533297982532374,53.682050848362024],[-0.5214076905074453,53.684331691413774]]],[[[-0.0015697026696832221,52.893417890445],[0.0049768143010381185,52.894888692752794],[0.010411154704181429,52.893133520368444],[0.02830200424628288,52.90028272114144],[0.03362349420019738,52.903743107426926],[0.03765565253046539,52.90981475060358],[0.04509875175818045,52.912806655995404],[0.04445040362322243,52.91798755619913],[0.05163079035272463,52.91915843972089],[0.06397452361255268,52.9241053641377],[0.06561153018438431,52.92849142695934],[0.07768837693939176,52.93119387050767],[0.05197623599798539,52.93023819051046],[0.03018180749780493,52.93634876500069],[0.02120153724272138,52.94162662451782],[-0.009930996478382595,52.966966518749686],[-0.02352110707167546,52.96611442093726],[-0.020072533710567105,52.969563386351744],[-0.008562885611626901,52.967572951399994],[0.029130456553317665,52.93868635138389],[0.03277443701268897,52.93864204332007],[0.0442632936973693,52.93296051973683],[0.05556006265445052,52.93082357598106],[0.07719962774651842,52.93217343216113],[0.07725311747777366,52.937018578822794],[0.08136723714752674,52.944912489269925],[0.07988478961407959,52.947518826824755],[0.08175461324784891,52.95297949825984],[0.08647078034929682,52.95817441650292],[0.09581188641444842,52.959835183343095],[0.1034706911224545,52.97068671201341],[0.1084914365892535,52.97102930506368],[0.11444795718692419,52.97986041368804],[0.12523550663170416,52.985377227396846],[0.12497284450079522,52.98791735221601],[0.13118664684854592,52.99005382686178],[0.1341497261852364,52.99575483335034],[0.1414429178285636,52.998590669964685],[0.14416999697875468,53.002497507036104],[0.1473015194620131,53.00253089409999],[0.15647548885264126,53.013153921052805],[0.16409405369883767,53.013465038037566],[0.16943325288876354,53.01588519130185],[0.17026350607866922,53.020545314642916],[0.17640733444269527,53.021152288895806],[0.18763950706880464,53.028606438187275],[0.1948798274738731,53.03051395829137],[0.19608956100146135,53.03318890469021],[0.204365424496826,53.03432148679087],[0.2477567881448092,53.0547279935511],[0.29007439750424,53.080839929881414],[0.29816305453638947,53.08832634036786],[0.30956140257847214,53.090901841057516],[0.3267711472480472,53.091537564438376],[0.3399445415354353,53.096772778765285],[0.3421583981032503,53.10480323067139],[0.3389572874848769,53.11326386988363],[0.34100378848482504,53.114626238642856],[0.341751924743972,53.12344075891063],[0.34762844430915896,53.12622910765921],[0.3493454936510383,53.15440919072167],[0.35575164385788555,53.1763376374517],[0.3570620592657996,53.19204599860269],[0.3431240455748153,53.21920402798047],[0.3415286294377129,53.23389063149542],[0.31882640846261795,53.274074224887485],[0.2888856606505354,53.30881778665732],[0.2754464153412352,53.33272053096298],[0.24798059618364535,53.364501693548526],[0.24632277296941696,53.36955865568985],[0.23850544975174437,53.378147702250686],[0.2330273153972097,53.38695318266406],[0.23832514684563977,53.3850288620016],[0.23587687620942904,53.39168280434143],[0.23028694512175243,53.39120300254331],[0.22612061082006465,53.39840127344045],[0.22950562965145238,53.40128698735915],[0.22840607600626023,53.40615340559544],[0.2189631959846724,53.413773426809406],[0.2154706738486439,53.40969367753219],[0.20722217345935678,53.4110871512775],[0.21273537621089966,53.41699971942814],[0.2046434354871072,53.419702705254],[0.21303565119672965,53.421911938804364],[0.20983719575996648,53.42611577889818],[0.20395119517243238,53.43046805511897],[0.19481141330601162,53.4330548218742],[0.1883253598556737,53.436032807651955],[0.18977961184935505,53.43971918532734],[0.19735138721590922,53.43618172787756],[0.2008309677549315,53.43708861592427],[0.19408832730470205,53.443856599966125],[0.18698588149174752,53.44219778600426],[0.18587882361989574,53.44879002536155],[0.19217828040573762,53.447119227886716],[0.19419854727763317,53.44950054480842],[0.18265407721242308,53.45433312785315],[0.18669662149569105,53.45591341482752],[0.17219474214269404,53.467487874437815],[0.1571983837437056,53.475410367958325],[0.1564460056423793,53.48196888264349],[0.16641359096332195,53.47970281099261],[0.1483143129527524,53.49373978641542],[0.14494060248259744,53.491714654451194],[0.14943132927853262,53.4854216846364],[0.1449561486928254,53.48097101332749],[0.12877928848177672,53.48387649701041],[0.12845470331777278,53.49093961141079],[0.13491029690398632,53.493710311057505],[0.13564608983390225,53.4969516274537],[0.11313130190543515,53.50534415942549],[0.10686598006534262,53.503072379923864],[0.11490282533388924,53.49912757276947],[0.1170510321710412,53.49503495529861],[0.1134655176046938,53.49175407001277],[0.10565134334023193,53.48951861341026],[0.10090081713274097,53.49313537296996],[0.09559788983268268,53.495044502088774],[0.08548817618141018,53.49517641378187],[0.07670946049990532,53.50680968837226],[0.082502033706621,53.51115001688521],[0.0883604665227694,53.51036454598731],[0.08954256563573204,53.512933043771774],[0.08628408463507783,53.516603995983196],[0.07762585481796834,53.510129095311534],[0.06812414125210717,53.51291000682521],[0.06958814337821098,53.51726284287611],[0.05368312185034496,53.51993752035816],[0.04593488821039798,53.516294568503746],[0.05325827766813265,53.51427208672667],[0.042448374582259016,53.51185916884353],[0.04148037722200598,53.514312010684435],[0.027348022395542994,53.516215706759276],[0.027133958300206092,53.51868260377991],[0.021877488400779257,53.520434783994986],[0.007832680607317483,53.537644595049585],[-0.02031916969662282,53.555284777196874],[-0.03127133722306048,53.56652312970723],[-0.035601602971765796,53.56758321703312],[-0.05808897237241392,53.58107557597647],[-0.06495485234440868,53.582894901249325],[-0.07309900387986976,53.57655372497844],[-0.08118637756386352,53.57941662459099],[-0.09134361909219874,53.58062193908683],[-0.12869825910718719,53.60018035965216],[-0.13567458425959428,53.606492127815734],[-0.14267934510980265,53.60875857485895],[-0.15292413874378513,53.61646842962643],[-0.18618657399376667,53.63055142148262],[-0.19020345935610936,53.625038712816284],[-0.19850937604092092,53.62884972946068],[-0.1950847146708936,53.63113541158605],[-0.18752373417432516,53.631111050022916],[-0.20281659287527762,53.63781409983923],[-0.21295858358374817,53.644797952108675],[-0.2299258854182617,53.66230977381191],[-0.24466716306093642,53.67178587994796],[-0.2621934482418811,53.691009060730686],[-0.26414621063435556,53.69508258198456],[-0.27521754123951786,53.70584991113728],[-0.28808455749758194,53.71358547810573],[-0.3028974331403149,53.714515366417324],[-0.3320900363506972,53.71204877853125],[-0.3631045589508236,53.70549194378138],[-0.3865520950796389,53.70245707262467],[-0.3922297549820223,53.70055579249749],[-0.41232050292375366,53.69803711778704],[-0.4409519716065988,53.69796371350159],[-0.44399657470675996,53.69755384441075],[-0.4691097006709229,53.69841675416848],[-0.48710775688549196,53.69073504497339],[-0.5019655263714813,53.68175295848443],[-0.5123553653280002,53.67909585482513],[-0.5219117677676471,53.678584939434465],[-0.5430961084195757,53.67893439042839],[-0.554802281379288,53.681952686095535],[-0.5786194206373245,53.69410309521382],[-0.5933891487706404,53.7008393373689],[-0.6073708921244797,53.71322756320023],[-0.6109646808189731,53.714527720395964],[-0.6185618794902706,53.71389644048298],[-0.6306998361665619,53.71156525024339],[-0.6303448408711393,53.71034627831632],[-0.6496474300941668,53.70373385664283],[-0.6519821484481508,53.70178260298126],[-0.6503087376591895,53.69726933927233],[-0.6555598658179783,53.694092398690564],[-0.656042961683589,53.68843484209956],[-0.6649794481756641,53.68359090150637],[-0.6682913426278627,53.67940300639147],[-0.673782294811628,53.67811560145556],[-0.6766107281611614,53.674821010376796],[-0.6774186918985412,53.66835795747076],[-0.6814593774162953,53.66498674426614],[-0.6774199164985226,53.65864999229505],[-0.6801067155244266,53.654994196917],[-0.6779530229952762,53.65128499664498],[-0.6805754169825895,53.635133910471815],[-0.6733417783408058,53.62948084196983],[-0.6716925780886731,53.61939495125436],[-0.6660542641572508,53.616006339880904],[-0.661942676668506,53.61694923250113],[-0.6575314716855192,53.61303458656426],[-0.650616832374865,53.616552418558115],[-0.6414559989196711,53.614650997971275],[-0.6382333959526719,53.61614250379752],[-0.6256582320526187,53.6169875638097],[-0.6248974818800221,53.612484328253025],[-0.6195513895208632,53.60954630517784],[-0.6064205651870841,53.604360277040435],[-0.5960409315722625,53.60289061345041],[-0.5917554935047371,53.599963756446925],[-0.5860601885511063,53.59854824110928],[-0.5801354749515947,53.59497235285183],[-0.5762325220849996,53.585217765463945],[-0.5732880237795898,53.58293541696943],[-0.5800064242817445,53.57177896513319],[-0.5790641707107703,53.5683519148915],[-0.5818383462518344,53.56667690267894],[-0.5825923238156414,53.562191280820464],[-0.579350232158347,53.55981564855627],[-0.5802492227741105,53.55551154072218],[-0.5764011629950759,53.55321851958537],[-0.5760812243270482,53.54925948884013],[-0.571778330128054,53.54705078796237],[-0.5755410163025909,53.53837618124808],[-0.580593906283214,53.53618897131103],[-0.5820714864083144,53.53261083634028],[-0.5787921479759277,53.5269087306277],[-0.5834390995637393,53.52327831158817],[-0.5890196976211377,53.50968074675429],[-0.5857722256908662,53.50757486165343],[-0.5876678239411227,53.49591131204133],[-0.5821783826113687,53.488744844586684],[-0.587107422685365,53.476487970609305],[-0.582139043534895,53.47184461480501],[-0.5802488004918817,53.46076538599456],[-0.581744631823566,53.45655819427039],[-0.5783959997622579,53.453102474901975],[-0.5796140195758127,53.443678212860576],[-0.5823620071507056,53.44254224524114],[-0.5813016760422631,53.43821479739625],[-0.5913923536488336,53.42898534244246],[-0.589101129331164,53.42545247296674],[-0.5918278896827417,53.420360745850296],[-0.5912509973867023,53.415050247365535],[-0.5943302137353903,53.41292908326461],[-0.5928063375676903,53.40895584482967],[-0.5945731059300137,53.40556070601967],[-0.5853427872012824,53.3935857816329],[-0.5908318111204034,53.3913134558541],[-0.5969565875246446,53.39255419738127],[-0.6069097274963154,53.387097346762125],[-0.6158216221484482,53.38585259521117],[-0.6265886008070545,53.387684903264734],[-0.6325025555753884,53.38613470669526],[-0.6423169927941516,53.389572752388496],[-0.6509980399628236,53.4003683912071],[-0.6596933642084137,53.40127533590018],[-0.6645611889624987,53.39953201942349],[-0.6739055767905012,53.398917012383855],[-0.6717131230657483,53.406533506975904],[-0.6805688786905705,53.40717102894247],[-0.6812235404712368,53.41032449049729],[-0.6897407823952557,53.4122160791558],[-0.695191003001881,53.4111071494768],[-0.7007856408640534,53.415123389909624],[-0.7049068319764286,53.41319052447727],[-0.7098511892632144,53.413873279532076],[-0.7143403978772089,53.40969676715618],[-0.7293124725060162,53.40707035353786],[-0.7361130273638568,53.41109775207467],[-0.753100453967083,53.41154598328235],[-0.7641319601832224,53.409862812678796],[-0.7630625101248275,53.40005356459924],[-0.7658756358010331,53.39639711337428],[-0.7622107543931346,53.39312308141074],[-0.7634298009061352,53.38738263997114],[-0.7582497370195843,53.38454223510087],[-0.7596730178272424,53.382129947712706],[-0.7495077575254019,53.375012337293775],[-0.7496577610618548,53.369890056781635],[-0.7442119300909914,53.36596752933676],[-0.7410602538971512,53.360720577487115],[-0.7467028794888287,53.35790339857505],[-0.7491481474777311,53.351366902744324],[-0.7400263007822936,53.349922571425196],[-0.7329249953831615,53.35128567804586],[-0.7246967917347767,53.35011933361257],[-0.7128064810587307,53.355834725913766],[-0.708813439352945,53.353724064427276],[-0.7050440938997913,53.34424447340243],[-0.7045959550767481,53.33920560066443],[-0.7012409014821777,53.33593298343775],[-0.7022126219231524,53.33360633287529],[-0.7050513982772465,53.334086637031184],[-0.706369321517857,53.33023552571211],[-0.7031567511947419,53.32723417927305],[-0.703167423445908,53.321930591284215],[-0.6982802598702821,53.31971993340785],[-0.6890306286544844,53.31782079294127],[-0.6798015664730868,53.32014615833223],[-0.6753855415108767,53.317310511283985],[-0.6773391173627997,53.31238803089321],[-0.6707857568199577,53.301078464026915],[-0.673672459743487,53.295087698172864],[-0.6700120690650582,53.292170331711226],[-0.6734730392607607,53.286995013958126],[-0.6699939858539853,53.28309081998872],[-0.6708775479860105,53.278785745732826],[-0.6667829408239584,53.27541395288551],[-0.6746121166426617,53.27442248738044],[-0.6844376476905617,53.27677863330831],[-0.6870579697669214,53.274470260772986],[-0.6954615614578367,53.27429279832131],[-0.6910364776162552,53.266962882584444],[-0.6921140517007155,53.26113156918833],[-0.6929621645775876,53.258131485094694],[-0.697161643038063,53.26024672014257],[-0.7213294273985534,53.291118965429376],[-0.7312182434419698,53.292960763138844],[-0.7405252219064455,53.29166802436884],[-0.731783643912368,53.29263381034391],[-0.7216560074394434,53.29081323189149],[-0.6975051965845995,53.26003643504096],[-0.6959256291365147,53.255892571995666],[-0.6995499350108628,53.2462399227923],[-0.7084280473781077,53.245063885587356],[-0.7107713518213549,53.23701439224644],[-0.7063743704791385,53.23072304364315],[-0.7142106526598508,53.229189723657235],[-0.7200811149049481,53.22322997536302],[-0.7218860841794205,53.21794555275919],[-0.7157931914033613,53.216351851244646],[-0.7254226933804052,53.20980301003034],[-0.725192308540423,53.20242917435095],[-0.7277706017863139,53.19625398249809],[-0.7217099511373898,53.19367206399142],[-0.7186823799541288,53.194808182585895],[-0.7186024043924852,53.19247005206135],[-0.7094088466988017,53.189584083102034],[-0.6994086596882638,53.18866629184986],[-0.6912307818931345,53.19181297976149],[-0.6897108824858946,53.187661089321665],[-0.6838033599745754,53.185078905625936],[-0.6859637535646893,53.182945259604544],[-0.6830543783709447,53.18021627958896],[-0.6846382281547131,53.17735710885273],[-0.6781507166140661,53.174228852957896],[-0.6696726780913622,53.17260625498563],[-0.6718001202538118,53.16669686753263],[-0.6612778681935562,53.16352261895609],[-0.6604534402590038,53.16117605337079],[-0.671269231955624,53.15482467913565],[-0.6736446027200547,53.15539052993188],[-0.7047037395255255,53.14206817244021],[-0.7068544831968896,53.13516955788067],[-0.7201087919476489,53.1318068057183],[-0.7195112783652142,53.12676620958398],[-0.7163416539287409,53.1278108353852],[-0.7060433307443034,53.12733979107601],[-0.7088242084571702,53.124313509515076],[-0.7079077788604499,53.1199885531751],[-0.7112102920457234,53.119484967863485],[-0.7128463377178095,53.11473816732231],[-0.7175169280159522,53.114069398426004],[-0.7227090596843849,53.10355530618877],[-0.733383637671923,53.09602242192153],[-0.73606038991805,53.087607180930725],[-0.7342103600981227,53.08468574632278],[-0.7380723736719765,53.08297854720173],[-0.7420866562231673,53.076717950698125],[-0.7488146268283026,53.07284052692528],[-0.7573268030637901,53.07347681957597],[-0.7583956349667058,53.070645630522236],[-0.7631553977626305,53.06933452040556],[-0.7616326796247972,53.06518345843316],[-0.7655553996894447,53.06369596502107],[-0.7683642103533022,53.0556343847127],[-0.7651178269379625,53.05290384134105],[-0.771965058261506,53.048210185844404],[-0.7726943401262152,53.04354308507537],[-0.7760538810444488,53.040790895528566],[-0.7701789783359155,53.037583926872585],[-0.7745563608000355,53.035741263505095],[-0.7803273644382684,53.042632713911736],[-0.7915463750064361,53.04148864116878],[-0.7938733557127426,53.03827597817212],[-0.7996191193540121,53.035457399349944],[-0.7997289120703364,53.03150305782267],[-0.8046435961171119,53.02633853869519],[-0.8020077851660302,53.024603987210334],[-0.8012479705377463,53.01974190979104],[-0.8098619227688441,53.01551336327621],[-0.8015816151199093,53.00769909447162],[-0.7767245823225293,53.00654706414531],[-0.7638265620537106,53.00938031541197],[-0.7623494909321956,53.003701423920255],[-0.7571203602577292,52.998972225634645],[-0.76201073231136,52.989494100011896],[-0.7712752020558388,52.98851141963025],[-0.776503881046454,52.98272199597404],[-0.7748262862156439,52.97883912700666],[-0.7920201033629023,52.96580011220419],[-0.7925005825385707,52.95924246320094],[-0.7985117449996578,52.951841858002304],[-0.7919231763453534,52.947909473135745],[-0.7871311908904022,52.94363546937489],[-0.7734209098244323,52.944303859390914],[-0.7624600736921372,52.94248217713797],[-0.7603004245971369,52.939942519605204],[-0.7459192083204402,52.932959362719956],[-0.7470296268502502,52.92541959461939],[-0.7516552179014921,52.92492888357946],[-0.7502793834033128,52.921048781534964],[-0.7511676573598214,52.91602379329073],[-0.750677681497551,52.90720856076206],[-0.7422303874583339,52.901096206406315],[-0.7455469339020523,52.89951308898772],[-0.7464093435155101,52.89538684502929],[-0.7507603610999704,52.893994283752804],[-0.7567205289185287,52.888303270180884],[-0.7612267593037578,52.881428116930266],[-0.7583376588957058,52.87852117832346],[-0.7528541257555383,52.878014234168496],[-0.7507059302437046,52.875204781174574],[-0.7455225943296041,52.874610753597516],[-0.738494450721545,52.871030237021905],[-0.7394871981082398,52.86753469605748],[-0.7367959505956765,52.863011122703846],[-0.7388332545901676,52.8593468897062],[-0.7491137711130936,52.85307274734998],[-0.7495372288248338,52.848672122453785],[-0.7460391853266954,52.84638774021907],[-0.7349504902094911,52.84474182386219],[-0.7380390569791353,52.84063929295675],[-0.7297153943118523,52.83587574057155],[-0.7308144809294602,52.83381978339528],[-0.7213823711759664,52.826436659582],[-0.7218162510856495,52.821766514335124],[-0.7146555104864346,52.81800327928933],[-0.717275243547479,52.814705298136936],[-0.7226283859160296,52.81431352137063],[-0.7255202783896749,52.81182739282611],[-0.7205379923879954,52.80970608163016],[-0.7179634861050862,52.806441881129885],[-0.7183790025499903,52.802400839083035],[-0.7256624591100049,52.79681553049394],[-0.7238532851823491,52.7927505487938],[-0.6988925238495535,52.79427754055014],[-0.6964365532603843,52.79209296522862],[-0.6893776510249578,52.780238162765876],[-0.6990626117250066,52.7637129958177],[-0.7002468620533594,52.758781395571226],[-0.6963243159151381,52.751186624251666],[-0.6986397671335891,52.748065490165956],[-0.6904698583326816,52.743840100970836],[-0.6869296797022508,52.738406853576876],[-0.6775184241455213,52.73614463877349],[-0.676755224930622,52.73200064071066],[-0.6801290067085303,52.728172442848816],[-0.6781275738580639,52.72623714373453],[-0.658289655328805,52.72913592622256],[-0.6530747517943533,52.727737215404275],[-0.6359879439602898,52.72783506858983],[-0.6177214660755721,52.737765497427375],[-0.6170288168592843,52.747013788419025],[-0.6053348041477076,52.75073998644921],[-0.6087726691493524,52.75979487277165],[-0.6120651411204031,52.7608799009105],[-0.6157168029825352,52.78125393411768],[-0.6088568257825697,52.78635745823911],[-0.6029848425723074,52.78677124832133],[-0.5968713010581577,52.79067998193769],[-0.5935544082621461,52.7993989721889],[-0.6096406032781756,52.81730723284717],[-0.6021252467888805,52.8233008083776],[-0.5943263823827085,52.82642449475687],[-0.5944986026329669,52.829320464459286],[-0.598910951278331,52.83242747263795],[-0.5975574672772944,52.83739562550153],[-0.6007683488814192,52.84073019188739],[-0.601031012995331,52.849095899308885],[-0.5956175597105443,52.85224596303419],[-0.6011850123111256,52.86703297058091],[-0.5956487398558264,52.8751585042446],[-0.5887092472748355,52.8777355162553],[-0.5823764437970714,52.88319170193961],[-0.5849065193526855,52.889516725676366],[-0.5908258383306917,52.89359889580466],[-0.601577277201727,52.89349986658456],[-0.6048175030163538,52.895131002188414],[-0.6046160317393182,52.901403685511426],[-0.5932259268980676,52.91232620873849],[-0.5947705914742589,52.920611716395555],[-0.5902798716031722,52.92185308679606],[-0.5890239276737459,52.92502604185839],[-0.5809249279606604,52.92572611398541],[-0.5796210728729873,52.930292749577404],[-0.5816729874732586,52.93310596411905],[-0.5756521731782395,52.941367219786514],[-0.5751329247702164,52.945635223366054],[-0.5594622936986451,52.941703874952736],[-0.552465046490744,52.94879020279145],[-0.5435074224110404,52.951135362791966],[-0.5376763781273369,52.95958159788622],[-0.5316181044149442,52.96374987757221],[-0.5248351527545214,52.96433583814559],[-0.5192270939174884,52.96145873348702],[-0.5143661447483465,52.95109351764532],[-0.5102633093518956,52.948596864253695],[-0.5091112502889676,52.94149823913487],[-0.504140201017015,52.93991824363554],[-0.5003825355908929,52.93653196765311],[-0.5035673876773095,52.93223708772125],[-0.5008676930269048,52.929588736082195],[-0.49654038586856464,52.913511863734115],[-0.489738537444844,52.90853405256461],[-0.48284987012293085,52.9060854684652],[-0.47373912314150735,52.883536446109844],[-0.4630205986778227,52.87521892113914],[-0.45518695833647826,52.87208128028863],[-0.44509188911835246,52.85918281846878],[-0.44869866776651224,52.85470842530131],[-0.4429883224987936,52.84299665147958],[-0.43513905558745053,52.83665237944648],[-0.43131305699471756,52.81914535487825],[-0.4263046441279539,52.81519972157029],[-0.42825697620453995,52.81126263907137],[-0.4210422534033605,52.806781374397104],[-0.4201371326161818,52.79336016963327],[-0.4161662322491816,52.79162063752942],[-0.415120359000882,52.78595710068594],[-0.41148644439690285,52.7823641273324],[-0.4112592066671006,52.77466758284206],[-0.4065889651463051,52.77286108792772],[-0.3954630645347416,52.77183920477362],[-0.3796069661577321,52.77295724386172],[-0.3666526701774969,52.77189860463731],[-0.3677946889533355,52.76730570360777],[-0.36040764504601625,52.765813999550936],[-0.3451553841178735,52.76742908825319],[-0.2899080947523044,52.75492179455932],[-0.2628761603706743,52.77023291038343],[-0.2641138698156913,52.7865545924215],[-0.2609579042849168,52.789016754295204],[-0.24832568255544304,52.79226534700186],[-0.2100149442812972,52.81101896759201],[-0.19528587144992535,52.81538291741998],[-0.17944931949089346,52.815955595030125],[-0.16551360389427305,52.818740288535835],[-0.16239288689814593,52.8220770027672],[-0.15818980020114431,52.83309555603361],[-0.1671457800367995,52.83577944188785],[-0.18526848316431282,52.83350005501719],[-0.1924613593874711,52.83392177690775],[-0.19504474170264544,52.836206945832004],[-0.20478929053113715,52.83722770322257],[-0.20182401121966492,52.84672544333223],[-0.20319095423092468,52.85792682684551],[-0.20634975435510405,52.86395601288326],[-0.2051860836406057,52.876672654248004],[-0.2016226731347644,52.88496826163152],[-0.19294481534120084,52.88649079799681],[-0.18809443029018943,52.88942423501294],[-0.18979125034681338,52.89290158262392],[-0.18411837676602003,52.89436315678452],[-0.17862535135414936,52.892589722035126],[-0.17132165962635704,52.89270135764674],[-0.16667824351075602,52.89511746130852],[-0.15811963723482525,52.893960118072314],[-0.15684763568589247,52.897346019675595],[-0.1507806945730671,52.89663855867191],[-0.15308083498046748,52.892997197240284],[-0.1467586421219344,52.890378646926024],[-0.1462874518373655,52.88553524392836],[-0.1407058963021558,52.88408590759133],[-0.13162962391822375,52.88639250700797],[-0.13735800092605252,52.90095468606536],[-0.14548732750586055,52.90664796263357],[-0.15053329890329006,52.922416079360126],[-0.13988457279530683,52.92225611930839],[-0.1342257290669233,52.925925441986514],[-0.1258860974112743,52.92371016337348],[-0.12660704158658062,52.92217245269167],[-0.11709705718023919,52.91328952861052],[-0.11213706193875383,52.9139030853249],[-0.10499114276486159,52.907791648547764],[-0.09771302349094367,52.90470929662296],[-0.09061658677407093,52.90495775595399],[-0.08743912326415768,52.9096105520666],[-0.08281659507824742,52.91170817945055],[-0.07839184344924972,52.917895086573665],[-0.06683399076129368,52.914130171339025],[-0.055721022682734746,52.91568400231233],[-0.053176890152448614,52.91434048258603],[-0.051727632114852415,52.90862110350093],[-0.04429844684978476,52.90616592131786],[-0.038221668224420004,52.907530301215175],[-0.03853856351023941,52.90249083204327],[-0.03537903330520755,52.900514590831115],[-0.0292041993461241,52.90146241068132],[-0.01867418823122109,52.89366932770507],[-0.0037499708765566567,52.89446314481562],[-0.0015697026696832221,52.893417890445]]]]},"properties":{"name":"Lincolnshire","short_name":"LINCS","region":"Peterborough"}},{"type":"Feature","geometry":{"type":"Polygon","coordinates":[[[-3.654350910090322,51.87142712879678],[-3.6620742105520385,51.883906727996646],[-3.665211194458511,51.89015659738898],[-3.672640307617221,51.89454706886509],[-3.682640389323589,51.88990858101806],[-3.691321141685633,51.888884904735],[-3.702770273140851,51.88422384028005],[-3.709997226558509,51.88321981232801],[-3.7172923377032254,51.884012732968756],[-3.7230324060759674,51.882130398649],[-3.7274233467712534,51.88296519169124],[-3.7316761413268122,51.880205067091964],[-3.766419701326245,51.87699091045389],[-3.7766540694191346,51.87863507793781],[-3.777574221508482,51.865133385918874],[-3.783024974403093,51.856058901655636],[-3.788687397593091,51.852376079181404],[-3.7973941672410616,51.8522433185042],[-3.8059929125445753,51.84941403044643],[-3.824819659091984,51.848224158254865],[-3.8305505871223993,51.84633665308476],[-3.849706961960458,51.853230500477075],[-3.865631844897502,51.85207970550583],[-3.86834782485629,51.84754058513683],[-3.885683516218779,51.845465411353715],[-3.8971011591894293,51.84078572828003],[-3.9045061773686243,51.84426281758243],[-3.9075597340110244,51.847810210013044],[-3.9250469765469735,51.8493236625814],[-3.9408136181163713,51.84456834316942],[-3.952147409438373,51.83808620054727],[-3.9581054265922266,51.84158404425615],[-3.989939883730461,51.83925108816143],[-4.011898097559721,51.84337348027112],[-4.026808310558019,51.85210968661903],[-4.048531059299766,51.85083399708334],[-4.054375430149393,51.85163127066157],[-4.077465002207624,51.8485278477096],[-4.080283639282437,51.84667961168007],[-4.079062332367738,51.84356756447343],[-4.097252394389999,51.84180720970167],[-4.117415528501232,51.83542612956183],[-4.131530613788227,51.83324929612205],[-4.142224637715806,51.83351069636596],[-4.152065961921645,51.835585519727836],[-4.161381670105807,51.84331033651772],[-4.180121347441035,51.83817307223106],[-4.193084506177742,51.8324115181332],[-4.22341919951018,51.83201510214694],[-4.234459778013505,51.825058770449914],[-4.270482928265757,51.81583897647289],[-4.302113241119273,51.79740015060338],[-4.323388063971796,51.78974858822933],[-4.326263434332069,51.7866458267599],[-4.325852413623631,51.77952977793142],[-4.329034265032687,51.77662602719775],[-4.338720342947449,51.774928301011364],[-4.353842376091384,51.77803550313471],[-4.361027692439688,51.778072271075196],[-4.362427053594809,51.773336169665434],[-4.366909179377198,51.77228372496163],[-4.371932319482072,51.76579749770948],[-4.374926412620342,51.74829084294803],[-4.371543546191768,51.74179438924646],[-4.362897405229596,51.73711249218475],[-4.34433024626192,51.73658527133173],[-4.338865280400633,51.73453594167432],[-4.333455187742566,51.7363521897474],[-4.323477802458356,51.733852141961506],[-4.325117145876019,51.73193120682407],[-4.323696968323199,51.72683340162945],[-4.312534973472017,51.726604076611274],[-4.3210259440793335,51.72274951752515],[-4.331411584591866,51.72479201237643],[-4.337173627507147,51.727015625991896],[-4.344113227777128,51.7239996034445],[-4.345269522408665,51.72955209300623],[-4.358634709763095,51.72757579446344],[-4.365611253028325,51.72806497762511],[-4.37849708537283,51.73077237510737],[-4.381627830784318,51.72971970894579],[-4.382394754322121,51.72502783668425],[-4.375629648660629,51.717520901823086],[-4.344772512626469,51.69197176692355],[-4.32194993513194,51.67578850393117],[-4.316279370864778,51.67379619063417],[-4.298100431568743,51.67041244225541],[-4.280414400921147,51.66958827396009],[-4.2683315278877965,51.67090151300665],[-4.265752175139486,51.674278667216264],[-4.285535256945323,51.67650310270304],[-4.270587462587071,51.678411869797884],[-4.263827766954522,51.67629421136858],[-4.2608937613663675,51.67750183168291],[-4.248458854640828,51.67847805655214],[-4.244211880864842,51.67801075897754],[-4.230153755190321,51.67981641363717],[-4.225841062484523,51.68331550216796],[-4.205886513143618,51.68351225999174],[-4.182973617826098,51.67935424802212],[-4.173239073374903,51.66728680771035],[-4.171054750703896,51.67211133484669],[-4.163680978085213,51.664576712791316],[-4.163283267089651,51.66108588763314],[-4.153492483274419,51.654953049875644],[-4.147223754205819,51.65538263327303],[-4.13911944821242,51.66073735266255],[-4.131171792201287,51.65991969852462],[-4.129945708147946,51.65720818723674],[-4.122808906507156,51.65980145057849],[-4.111330420827252,51.658911364326556],[-4.087988626945943,51.66288094174304],[-4.084465004678375,51.66046160918782],[-4.080407816406555,51.66342919154442],[-4.078296136711393,51.67194658509655],[-4.081779707342138,51.68703732009348],[-4.068979458992648,51.6887023744677],[-4.064226352183057,51.69553041716649],[-4.057950112923344,51.69752900533351],[-4.067633594543169,51.68488627299814],[-4.0760602919828015,51.68219268877566],[-4.070774869267835,51.67605419570375],[-4.067826810637089,51.66912794058812],[-4.079067738284423,51.661321692460376],[-4.0738664875180515,51.65698035722282],[-4.080138381862478,51.655970125431516],[-4.081757391541684,51.65785684496725],[-4.090498660725587,51.65646951434945],[-4.100049188918493,51.65383506548698],[-4.102920257933905,51.6543322144826],[-4.110256763267038,51.65105313069158],[-4.1144758705822975,51.64728122852412],[-4.112414876672696,51.645546788622376],[-4.125599571848714,51.64065055845707],[-4.141551567278656,51.6387239046267],[-4.139628703650152,51.635332760838324],[-4.152396496329187,51.63579173457378],[-4.1578116014272695,51.6341815213499],[-4.1687825381126435,51.62454591164769],[-4.173605001521306,51.62417791193616],[-4.177473395973335,51.627118768805005],[-4.1848474836564815,51.624220931925755],[-4.193861668964416,51.62958331326706],[-4.209896947747548,51.63693531082148],[-4.220576721982803,51.6366348035936],[-4.2089242852395765,51.62762809953187],[-4.213725700531635,51.62712395454561],[-4.218904885981476,51.62962506067366],[-4.225474631587373,51.629230871627925],[-4.231377178974036,51.63114217207798],[-4.234934297989765,51.63383528011148],[-4.236374643438985,51.640786270448096],[-4.232282340041328,51.64250986271849],[-4.245736248670789,51.647720834344575],[-4.2543027186111555,51.63304216363417],[-4.261376322331203,51.6262153784564],[-4.271872376922264,51.625185296115276],[-4.285687920065643,51.613460033599374],[-4.296429964540073,51.61450929541175],[-4.307192178701269,51.610251337353795],[-4.296348635735263,51.59859337214587],[-4.287321723073083,51.57700675570308],[-4.2883214814825426,51.571051891298346],[-4.297966405378937,51.56771577759407],[-4.306221613548197,51.562607589912126],[-4.2946714103931045,51.55959665843247],[-4.289190089211488,51.56249160367518],[-4.277892913589549,51.561632403206396],[-4.278321236577648,51.558656399844224],[-4.25828099958894,51.55310863798183],[-4.255954707584877,51.54982601453371],[-4.243956530168478,51.54636909621568],[-4.239339461618306,51.54339975029372],[-4.232322025031416,51.54146516804804],[-4.218572849660112,51.5404670850385],[-4.214582206206549,51.541441808074566],[-4.212547803524428,51.538152830997454],[-4.20698173437193,51.53815879741944],[-4.206648228501569,51.54437917160413],[-4.1946955814184,51.54775098018956],[-4.181162379411882,51.5482732469127],[-4.161935230586337,51.54431270443129],[-4.153695908592693,51.54086717448684],[-4.146296314981314,51.542981257794345],[-4.145304192793029,51.54641668230964],[-4.156833947942847,51.55537788505664],[-4.157317858179245,51.55950568113745],[-4.139284467562686,51.56873884529252],[-4.126390459862191,51.570115379005415],[-4.122675984765788,51.56813230742806],[-4.111455126526876,51.57230062681105],[-4.101743483149608,51.56511898313971],[-4.094187328711705,51.565532907881675],[-4.083618345751354,51.56096398306393],[-4.072600033598781,51.5623282490506],[-4.06215813997786,51.55731451868145],[-4.057846597747797,51.55895497132714],[-4.057208204108955,51.56430782259877],[-4.04663194466905,51.56558994209191],[-4.043405740445437,51.564755915602724],[-4.034950298228432,51.56927333590909],[-4.030454786750533,51.56942317850911],[-4.023091311929524,51.563156644539426],[-4.012043123265359,51.56389522850426],[-4.010014197306916,51.567616986128726],[-3.992716263123724,51.563397834356316],[-3.9830568976793153,51.565890613066266],[-3.980041780956497,51.564574674843286],[-3.9761770242327463,51.568947291070884],[-3.9956893796108086,51.574947733589426],[-3.9989126884234447,51.58098083415683],[-3.9931214500854653,51.59640269553834],[-3.9832008654757636,51.603000462811224],[-3.9652736241946562,51.610208337033434],[-3.9417420884701375,51.61282121772776],[-3.927289414541542,51.612609850186566],[-3.927692337771709,51.61530096680588],[-3.922868198425846,51.61735844896462],[-3.9167448266702793,51.61601983297014],[-3.9032926435777235,51.619026427571065],[-3.8929907857207553,51.617934115683006],[-3.8759159033113115,51.61721913577267],[-3.864178197843098,51.6198341141783],[-3.8515342941335557,51.61796603400309],[-3.844400135245936,51.62014661153545],[-3.8331943613398325,51.62526796380718],[-3.8311531876376974,51.629112571051756],[-3.830968100307416,51.63671395988237],[-3.829097505296633,51.6369139784838],[-3.8293104524656463,51.62568825756709],[-3.8420435550780394,51.61974299890963],[-3.8505083222578413,51.61263176436344],[-3.835432045399268,51.60553976899817],[-3.802080274566141,51.583845638416186],[-3.7871834690501696,51.58677120027575],[-3.7878913734934616,51.58935919640998],[-3.780357101817792,51.589392830856234],[-3.7764797206855434,51.58621436945147],[-3.783098274423447,51.58566435443279],[-3.812301111897196,51.58134119840716],[-3.8022148915185316,51.58104695086246],[-3.796158393954409,51.574233707479046],[-3.7973642454082484,51.56858602397448],[-3.791053288681727,51.57102055837516],[-3.7825249027414647,51.56732870771778],[-3.7701355984378204,51.54926184936468],[-3.757953651780194,51.53631622623755],[-3.7596814442052895,51.532513521129175],[-3.75252618979791,51.5158948498311],[-3.7452996856467715,51.50745087464745],[-3.7462584615318892,51.50388460449325],[-3.7423565505782306,51.499428470927405],[-3.733305259472966,51.49744042644321],[-3.735092712647459,51.49557054695357],[-3.725287188153793,51.48845839278962],[-3.7209349803887366,51.483810346985926],[-3.7194974479771905,51.48005463407503],[-3.714914736724753,51.47920453928489],[-3.7096459439261182,51.47579244942549],[-3.703818106388212,51.4751309317865],[-3.6990953709190153,51.47281649791536],[-3.6976701538982213,51.477477217450655],[-3.6825762272021523,51.47663373657013],[-3.6782054841658827,51.47368394782567],[-3.6755489631137435,51.4789914719407],[-3.666508984586804,51.48028034468701],[-3.65639742542763,51.479434495087744],[-3.6489658558798888,51.47702141204619],[-3.639957203416842,51.470763233437],[-3.6277344384984094,51.47524990705297],[-3.6261224849767917,51.4744629706338],[-3.642711735785419,51.46728059958745],[-3.641433568403869,51.46215488594359],[-3.6379030834806003,51.461251084876764],[-3.6310074682858415,51.45518748717998],[-3.6064137250869317,51.44670567183858],[-3.6042011128657747,51.44311206856328],[-3.597825057732767,51.441832337617456],[-3.5912565501958023,51.43583390157301],[-3.587529603753783,51.429176167583535],[-3.5824428180008736,51.42767131135973],[-3.576776222871009,51.41725363864423],[-3.5682685486600842,51.41449026818928],[-3.562667709450351,51.40416995046768],[-3.557416102417712,51.40109255626778],[-3.5439847779689897,51.39798812957581],[-3.5232807473852734,51.400039637570245],[-3.484462849483448,51.39550223425251],[-3.476188864487901,51.39299901939693],[-3.47048499422237,51.394419595224136],[-3.4460125446512895,51.38869939630761],[-3.433386742628661,51.38939409691548],[-3.4102618955857285,51.387934257503076],[-3.4071587549836133,51.39295904076951],[-3.4103020705505203,51.39552743461512],[-3.4331408995142887,51.39233573320473],[-3.443884783613542,51.39525580668173],[-3.4467028709931338,51.400870874845474],[-3.4404675975346266,51.414593469630475],[-3.4406226104117175,51.41965147666694],[-3.4593951505861207,51.42682961851974],[-3.489270337822737,51.4281784158441],[-3.494224293031714,51.435445891954956],[-3.4886950125699787,51.4522538190079],[-3.4806287332932704,51.454796151844135],[-3.476191725880336,51.459271778340074],[-3.487958916435601,51.49248926932697],[-3.4861746415607713,51.503131632165974],[-3.4810375402064677,51.509556931575105],[-3.4735690061555573,51.51371707789057],[-3.4369060778865017,51.51993995440127],[-3.4371063065638614,51.526299105915506],[-3.432896252411093,51.52994741978499],[-3.4373328121751836,51.53348997850466],[-3.437531081497235,51.53978197842684],[-3.43617460298061,51.542496224782084],[-3.4291078659338217,51.54707853737249],[-3.4233692950885626,51.54804752030877],[-3.4323017617951597,51.556930779961796],[-3.4496909789625843,51.559414799761576],[-3.4511902184132337,51.561194680302634],[-3.461255997486396,51.56017052234823],[-3.4642267188612728,51.562831064720086],[-3.471495365194886,51.56453853662776],[-3.467342451086753,51.56998576281353],[-3.4689297358828055,51.57446194139382],[-3.4663630300825123,51.584385237586055],[-3.460735941162588,51.588951408227956],[-3.463766347209972,51.593409669752745],[-3.462698753956407,51.60511254390707],[-3.4656725464366933,51.60777305018338],[-3.4773375972366845,51.61122355679118],[-3.4804296545361257,51.61747897182633],[-3.5093660180213826,51.61890881994163],[-3.519833540059053,51.629564116562435],[-3.5214281137271306,51.63403943806317],[-3.5258516988467052,51.636679632489916],[-3.544873535925941,51.643624432078546],[-3.560887924930533,51.64700937063863],[-3.5610732206206497,51.652402142539316],[-3.564086818402122,51.6559588097334],[-3.57134300702831,51.656761121556094],[-3.5759275816249083,51.6638932739907],[-3.5846618522084546,51.66557408066595],[-3.5805136169284792,51.67102522687302],[-3.5908839942208504,51.67807877470765],[-3.589627154642082,51.68349097715947],[-3.58679826109078,51.68532760001962],[-3.5813904466445634,51.696190929516774],[-3.590225702432609,51.70056759299551],[-3.5846284623534292,51.70603840550232],[-3.583558629943626,51.71684318228865],[-3.564686202004289,51.71529769960949],[-3.551694716588711,51.71636923364732],[-3.544643778176613,51.7218572881798],[-3.538916297366578,51.72373084787727],[-3.5448582861150824,51.728148777808244],[-3.5449808964976497,51.731743891764346],[-3.540699725922532,51.73359850091245],[-3.529696427924929,51.75082680361818],[-3.541740130621771,51.76415708501246],[-3.5346500999750017,51.76874582567905],[-3.5347415806536313,51.77144214499611],[-3.5247217120261567,51.775169312149806],[-3.5234545555543946,51.78058080500319],[-3.517809308518646,51.78514971453526],[-3.5120426664314937,51.78612322534419],[-3.502017599277852,51.789848489692844],[-3.4992083608504405,51.79258185020299],[-3.4891512345367803,51.79540723271176],[-3.4792399499975133,51.802725749243315],[-3.479504852313948,51.81081490617607],[-3.4825228979140066,51.814373584388825],[-3.478260722086998,51.81712473342574],[-3.4742328621862537,51.827066167081526],[-3.4761536804330193,51.84142871857536],[-3.497093978804945,51.86004643752594],[-3.500236415396421,51.86719970447015],[-3.5077660488086346,51.87519589652559],[-3.5094891222029205,51.883266219739454],[-3.515328663723025,51.88409030688791],[-3.519655368360162,51.88313532328087],[-3.526795139927496,51.87944623540473],[-3.538320541076639,51.87659855749888],[-3.536531379208169,51.86673114297577],[-3.539250799754965,51.86130059025059],[-3.548114700083734,51.86568007165953],[-3.5539526217216797,51.86650225768028],[-3.5712482633279508,51.86267576260583],[-3.579706062716756,51.855369083313036],[-3.5988925703636427,51.86410154498602],[-3.6161189653135297,51.858471047791745],[-3.62192478653736,51.8583911202814],[-3.6307309778911177,51.860966844184354],[-3.636504398434485,51.859987509632866],[-3.6438601724973974,51.86258242930882],[-3.6455413492596613,51.86885316125706],[-3.654350910090322,51.87142712879678]]]},"properties":{"name":"Southwest Area - East","short_name":"SAE","region":"Wales"}},{"type":"Feature","geometry":{"type":"MultiPolygon","coordinates":[[[[-4.7037316982577115,51.64285616334379],[-4.709512660210732,51.64211125499782],[-4.705473422665384,51.63884986402126],[-4.7014944678594075,51.63853683184307],[-4.703543100052587,51.63240101423203],[-4.6943414225405125,51.63466320645753],[-4.692958728680044,51.63181701870071],[-4.685672215431539,51.62932194916743],[-4.682255663811148,51.63288959044615],[-4.675472456800881,51.63721744644994],[-4.681683064327779,51.64179726015855],[-4.686542743669626,51.642090804703194],[-4.6936655800312845,51.64008383564628],[-4.7037316982577115,51.64285616334379]]],[[[-5.272077829187071,51.7019834597701],[-5.274027231275674,51.702918493576774],[-5.282237288695297,51.70035057891956],[-5.2833162834754095,51.697262240409096],[-5.288004938242758,51.696051617107294],[-5.290094490674527,51.692934890313026],[-5.278520144744031,51.692988988154106],[-5.272156566349825,51.69505545771477],[-5.272077829187071,51.7019834597701]]],[[[-5.287374568811979,51.74122199441039],[-5.302358302013285,51.74403950492296],[-5.311342993959202,51.74009864381898],[-5.3131371014109785,51.736899913987294],[-5.311993760722588,51.73315444491953],[-5.30723009865183,51.73139988648363],[-5.296040466968998,51.73090509663516],[-5.290358137538956,51.728456087957106],[-5.2887724932774525,51.732548073937885],[-5.283034294720286,51.735317112001624],[-5.281591344478316,51.73139986074639],[-5.269642865238157,51.734431625639154],[-5.2769932274585525,51.73791442516665],[-5.28154815875966,51.736797790138034],[-5.282412947015643,51.740731208041396],[-5.287374568811979,51.74122199441039]]],[[[-5.33772892400186,51.877688042272844],[-5.349750107197581,51.875187350072],[-5.347966336658502,51.870740909009896],[-5.343008255149326,51.868543471202145],[-5.34636373193194,51.865794584157904],[-5.352625196089753,51.86598489639213],[-5.354536876785686,51.86336689364969],[-5.349827552464998,51.85747487880756],[-5.344481467512081,51.857663135338505],[-5.345094313576851,51.85300450444376],[-5.335935722731287,51.85367861824768],[-5.3333635551453105,51.8638704462906],[-5.335895859147208,51.8666768361263],[-5.331598256537708,51.87732231545727],[-5.33772892400186,51.877688042272844]]],[[[-3.7961032170803315,52.50954240866667],[-3.8081058907902112,52.514754197203104],[-3.8110146022521905,52.51381059731301],[-3.821472857650836,52.517246461377454],[-3.843679156835419,52.519599798513866],[-3.8499864028064152,52.52939155012851],[-3.858712266907848,52.52655745502266],[-3.866903492523937,52.51114355538004],[-3.875624650002822,52.50830824840466],[-3.8826033806046505,52.499206210377395],[-3.870520081044932,52.49220498213474],[-3.8704438031261446,52.49040795322579],[-3.877612228120306,52.48579877127921],[-3.868628949005664,52.48234457885092],[-3.8684004519205755,52.476953475384676],[-3.863909899521496,52.47522610231123],[-3.863454248055102,52.46444384771326],[-3.854325371884766,52.4573944073028],[-3.8511574135850997,52.45204932927392],[-3.8525149653827055,52.44933070294805],[-3.8597544391049157,52.44651967571425],[-3.8761973734322823,52.45255373334627],[-3.882080175456153,52.45246023006064],[-3.8864154372355135,52.45059288603728],[-3.891951284443925,52.44241228566467],[-3.903714047346165,52.44222344516027],[-3.903830299207029,52.4449189587568],[-3.9098286191076137,52.447519593815116],[-3.9201221269592197,52.44735285529027],[-3.930572741479323,52.450779179987265],[-3.9394357845573507,52.45153324704733],[-3.945476678563902,52.45503052443576],[-3.9498888521195346,52.45495783791283],[-3.9575613369743814,52.46202411919425],[-3.9649560832356703,52.46280059023604],[-3.968178650194132,52.46904093052942],[-3.9815402468800394,52.471515173145875],[-3.9929853074100343,52.46412972153649],[-4.001933537144986,52.46667596796097],[-4.009288838943732,52.46655120339674],[-4.018279589615792,52.469994639604614],[-4.032866851700627,52.46704731649164],[-4.049048270461787,52.466767998620504],[-4.050853532776677,52.47392986295444],[-4.05902488560227,52.47864324099037],[-4.068558326490416,52.4684064007591],[-4.083490844788561,52.43856209620176],[-4.079527947168545,52.43251763217891],[-4.0855640309523995,52.42638693543262],[-4.0871715392177475,52.41682749195061],[-4.091456186226823,52.414144182477706],[-4.085435066191461,52.411193451937386],[-4.089172399061394,52.40627197899669],[-4.090405880628404,52.398157722378826],[-4.108694612372103,52.37787128900904],[-4.112250813357167,52.369265668579274],[-4.117669737040827,52.362784545676526],[-4.120127184321019,52.35275966907116],[-4.127117848447139,52.339326211112734],[-4.134506725559673,52.3342474236181],[-4.141654217524534,52.3211698513634],[-4.149650941013082,52.316618548622536],[-4.1561826747159145,52.30912615262669],[-4.161931583415228,52.30668313904112],[-4.16918969424677,52.29611944933494],[-4.174172811852253,52.2930604562435],[-4.182164824262344,52.29156419774028],[-4.186844680309653,52.28833042524008],[-4.186427780208464,52.28582041729948],[-4.1916262542096945,52.27826071858787],[-4.199725454416412,52.27307455990076],[-4.20789236030602,52.263390581495145],[-4.21441378050993,52.26191958942209],[-4.235987678149814,52.250902192776856],[-4.256790580439742,52.24798835637176],[-4.268132456555457,52.24057720669804],[-4.282245774086841,52.233021424178986],[-4.297475669979505,52.227330516021986],[-4.311519094760622,52.218603521943436],[-4.324419245854271,52.21331437744331],[-4.330509439184511,52.212205054073046],[-4.336604001505721,52.21397283945483],[-4.344886981243488,52.210031715290015],[-4.351726267351702,52.20926608201533],[-4.357430131442417,52.21193981068235],[-4.357318472789992,52.215359100635496],[-4.362872438265615,52.21794564566532],[-4.380186619021379,52.213191295368965],[-4.383675900469382,52.207275828801286],[-4.396213582930067,52.20090696951557],[-4.398665929519325,52.197529947394166],[-4.40709613538318,52.19376122613465],[-4.416596643516609,52.188171481001746],[-4.429624615615294,52.177562481246916],[-4.442119380532398,52.17334766204351],[-4.445574558225034,52.16967905864417],[-4.455082277730392,52.167053478540204],[-4.463145948459979,52.16742482439162],[-4.4688359520125065,52.16982370186011],[-4.468447970094338,52.16281767563071],[-4.471682765993537,52.1605017682473],[-4.480703850672842,52.15707496284276],[-4.4873220282547015,52.1525291515489],[-4.491763339404344,52.15090661351525],[-4.491431691442654,52.14758637659266],[-4.498470254898243,52.14276124755292],[-4.519056032257942,52.13458940980141],[-4.5377486761682935,52.1343682279934],[-4.543965816188641,52.13576294004103],[-4.545692146707442,52.13220952788671],[-4.552132221096712,52.13801439914991],[-4.558944475923038,52.13957529308564],[-4.558812211253207,52.142365897460806],[-4.568258223945861,52.143958976279315],[-4.576631834873466,52.14215752129348],[-4.58453072521156,52.13721841947577],[-4.593142278382199,52.13702924898935],[-4.60632650434199,52.140065734638014],[-4.620926500947682,52.13731389332868],[-4.643008010753918,52.13754016252871],[-4.640961778558653,52.135068041988866],[-4.646557768559676,52.133323788037096],[-4.659594432413755,52.13383964349453],[-4.662103479155599,52.13180455706931],[-4.670983815070732,52.13124389341331],[-4.673319374261295,52.12876284843744],[-4.679383351660438,52.127545971405574],[-4.6866359362083205,52.1290894922184],[-4.691963322103421,52.11808644755029],[-4.68866193220661,52.116633028156286],[-4.6856315536835345,52.1097236160092],[-4.688279503219688,52.10445630421055],[-4.681072268857582,52.104575578195536],[-4.675217713741947,52.10192085634746],[-4.675457506549736,52.0937318315548],[-4.6806376147015945,52.08516068154623],[-4.6740568177624295,52.08252244372663],[-4.645898309582212,52.08028060141437],[-4.646245250721586,52.0787440120454],[-4.678662268072835,52.08142857286103],[-4.682068454934317,52.084678461688405],[-4.681165499591579,52.093961772140815],[-4.692077442563256,52.1010781524674],[-4.689028635972812,52.10331508741479],[-4.7107605377607635,52.10767326194072],[-4.7135331010920245,52.110037545076324],[-4.7200163386475165,52.11096720440087],[-4.732069414720247,52.11698343574954],[-4.737538298216806,52.10849296757755],[-4.749636706207204,52.10335496191218],[-4.745151453217782,52.101660951123215],[-4.7424298939589855,52.09776739112071],[-4.74857491654745,52.09321756269299],[-4.753033733462775,52.09212419794664],[-4.753137230049145,52.089064126834984],[-4.763522605705355,52.07757952521848],[-4.768770521511943,52.07511805488483],[-4.775314352312155,52.06767957504625],[-4.786046745209632,52.06427854791961],[-4.78809247844496,52.05964360303886],[-4.798368095269961,52.055982439258834],[-4.816727790257099,52.055634623340886],[-4.828536035363563,52.05319317805617],[-4.830858821248108,52.05070917013728],[-4.8422140234306505,52.04575909481384],[-4.848684257457786,52.03741879427061],[-4.838458792219415,52.03253958002904],[-4.841294611199343,52.024377172697406],[-4.8376897104200705,52.02500372742711],[-4.8266686454107335,52.02131182576006],[-4.826997651570945,52.01959519510183],[-4.859828700322645,52.02239948600074],[-4.867964170833609,52.01968340510783],[-4.872998953439941,52.020909637182896],[-4.879281747047748,52.018867506895305],[-4.887373090730688,52.020018319991884],[-4.8896017662982585,52.02293146302029],[-4.895586699300173,52.02305419573218],[-4.894420771545386,52.02982794772798],[-4.903271375501044,52.03365705146812],[-4.911907428271158,52.03416322889754],[-4.912838480431564,52.03054280921953],[-4.917973741017304,52.02879680371529],[-4.913768478336986,52.02242566723643],[-4.9177423914826885,52.01405321913254],[-4.922189014796527,52.012953620320125],[-4.92206522655834,52.00881968008061],[-4.930051313533505,52.01059971076365],[-4.938050740530432,52.00590352239763],[-4.9422010185384115,52.00696900321464],[-4.9474876038900915,52.003149363094124],[-4.958466835250826,52.001704709053776],[-4.964579617862633,51.99939241782604],[-4.972111318796987,52.000911230666574],[-4.987672079475941,51.998268799685334],[-4.994146999344074,52.00359036845746],[-4.983008837701643,52.01358633727915],[-4.9880698224592095,52.01516674818221],[-4.987761337271416,52.02147011940369],[-4.990489675371454,52.02499828394596],[-4.9946793473993925,52.02246348438132],[-4.999020053881389,52.02415169574437],[-5.012276740684909,52.02183457442921],[-5.018322095553126,52.022848883992935],[-5.021754498262684,52.01970295960501],[-5.026241471850651,52.0235449070988],[-5.039583087733846,52.02679861740417],[-5.046641361764854,52.02553688756879],[-5.049807681035791,52.02707376240416],[-5.058970647893868,52.02674605086244],[-5.058984532947677,52.029084067944694],[-5.065827187250145,52.03106454669599],[-5.072690497455467,52.029086827931124],[-5.074571683872472,52.02463074577447],[-5.085644706276954,52.020293756775125],[-5.090257810454473,52.01531605255402],[-5.080773898822438,52.00881932539031],[-5.0799452040378466,52.00524348538658],[-5.072907342123801,52.00461802587977],[-5.086365100783377,51.99689088773468],[-5.091916448608542,51.99287779057689],[-5.089707292038793,51.99041753738256],[-5.0920400906364955,51.986219077054486],[-5.081951617508631,51.98567431515992],[-5.087978528969536,51.980119971984394],[-5.082644163616241,51.97243519386309],[-5.088106440862324,51.96716542703312],[-5.105931219040249,51.96804525669454],[-5.1041425117232,51.96323575043105],[-5.1083096390890725,51.96033759560751],[-5.123131910803859,51.959944997128744],[-5.128300666606525,51.95890825374636],[-5.139942447159981,51.96300512932171],[-5.144725826389386,51.96166315922486],[-5.142989445342052,51.95869657367298],[-5.150205288170782,51.953646772027746],[-5.156907690270836,51.951668265698814],[-5.154514041413695,51.94867451195714],[-5.160331277544011,51.946539655679274],[-5.181794162096306,51.9495586201808],[-5.1862593953402145,51.94889809343213],[-5.195045794842381,51.94964908997565],[-5.195031410501169,51.94740094836256],[-5.20082541054362,51.94292621769378],[-5.200236181879713,51.94078365730322],[-5.213922389829888,51.93681276357707],[-5.209236599797653,51.93578947444851],[-5.210784604503867,51.9315919095824],[-5.223075899431122,51.93053613180593],[-5.224544344902107,51.92869703215634],[-5.231042799025991,51.93004767267823],[-5.2367603801152605,51.92863124008371],[-5.244940755591264,51.92103049065872],[-5.255211052688962,51.91822820849704],[-5.25446147078851,51.91591044350138],[-5.259260048704174,51.91388871927188],[-5.273167846484278,51.91314258313161],[-5.28622478785911,51.91070965118901],[-5.291066082678288,51.91327254121721],[-5.316067006084928,51.90321583504099],[-5.307314501778617,51.90283278794647],[-5.305355602283799,51.89991972499387],[-5.300699372132374,51.899870664979],[-5.297831039667822,51.89644334913844],[-5.2975152876986815,51.892134892384014],[-5.305626088491156,51.88579087349935],[-5.312937979985223,51.88639451295782],[-5.317618271014811,51.88284461008581],[-5.308928681440876,51.87535433745579],[-5.311907312431891,51.86843465089487],[-5.315657288899269,51.868059079285146],[-5.321929639918082,51.86248525745251],[-5.317171113166878,51.859021880872],[-5.310555574125281,51.85953223854587],[-5.306713962589731,51.86300432706848],[-5.302509642552919,51.863122552253536],[-5.297503172965017,51.86081664982477],[-5.291062906439909,51.863533613426505],[-5.2759559482719895,51.86755345439387],[-5.266488576129787,51.871234828514936],[-5.261053761856697,51.8684176154215],[-5.254933212198382,51.87218501927602],[-5.249010846056201,51.867635857332985],[-5.247260415995973,51.872577145923614],[-5.240395901217463,51.87006830992335],[-5.222919197010351,51.87213184317794],[-5.2126198917428965,51.869112920593466],[-5.194669162299461,51.86655317448466],[-5.185716969320323,51.86733581995638],[-5.179380241067232,51.86606833732242],[-5.176696186681554,51.86323579382785],[-5.166443057965434,51.863899228330574],[-5.154427740278292,51.86035484607316],[-5.1520634044631235,51.861857342459466],[-5.143143525167397,51.861016936350374],[-5.13787254687003,51.86250689879853],[-5.1281936517147715,51.85700869531129],[-5.117796780997726,51.841095631858344],[-5.114808090145374,51.83146127908263],[-5.117244796522955,51.82680966982757],[-5.105484907626243,51.81201101737192],[-5.106177530896743,51.807315776730675],[-5.103795278063123,51.80432074870279],[-5.107626888176505,51.796754340157776],[-5.104977352877623,51.785221998108874],[-5.1027600477378785,51.7839764458909],[-5.1072051223430455,51.77396539171614],[-5.1100083376675425,51.7738282342846],[-5.118649732349626,51.76732115629268],[-5.131085570731406,51.768968969424265],[-5.137050728275069,51.77283018241316],[-5.141292581794804,51.77065712379057],[-5.160794180200886,51.772562306027645],[-5.16623021005802,51.769240897801666],[-5.166942416915404,51.76657737966908],[-5.174957168564304,51.76490388647129],[-5.179688035087545,51.75920841213206],[-5.184385990238444,51.75800178545403],[-5.18607851233132,51.75322486294679],[-5.194695941811599,51.75622867447368],[-5.205655003677109,51.75176560378694],[-5.203297626409474,51.74876286575142],[-5.205873336268002,51.7380792085029],[-5.211482995979841,51.73342869517413],[-5.219545977845448,51.73335175579824],[-5.225477568694672,51.73649887793423],[-5.255241313795229,51.73762014584896],[-5.254122983806233,51.73294703820628],[-5.246012486047981,51.73155257861338],[-5.245881353499915,51.72871395310838],[-5.232981552538822,51.724329861552455],[-5.228131249477769,51.72109942745877],[-5.221767745493952,51.72325303156976],[-5.214043308654138,51.72256534320533],[-5.202010258668978,51.71623834952388],[-5.2039606156540605,51.71105832233048],[-5.187497956344685,51.70754902579137],[-5.18585393500586,51.70413982390097],[-5.190830309737966,51.699363536847294],[-5.186700948251641,51.69210033914099],[-5.188395634814775,51.68944593598597],[-5.182385425523,51.688349861022004],[-5.183226282523081,51.6858985719508],[-5.178761672800383,51.682691673509815],[-5.177646673161145,51.67916909215346],[-5.1711665310226005,51.680639582267716],[-5.1705416612504305,51.68660174026012],[-5.15828363959772,51.68720210825298],[-5.161435260774598,51.69089486929431],[-5.153941181801871,51.69550372578368],[-5.1591907842813605,51.70021946686104],[-5.153178170987007,51.70325933469864],[-5.166012065814675,51.704622766536055],[-5.169492312068388,51.706777420436225],[-5.168549819570984,51.70986094019455],[-5.173673172520574,51.714174719803054],[-5.169617790216125,51.71891637553605],[-5.159350481178518,51.714965842242805],[-5.156819109394084,51.71188594207345],[-5.148135745049254,51.71193926911891],[-5.144928329510726,51.71391404779302],[-5.134846425850982,51.71238488194842],[-5.132059840312687,51.71605697028964],[-5.122458862344291,51.71541332901713],[-5.118029978669758,51.71060222020186],[-5.111732729885243,51.71524844685476],[-5.106649502869986,51.715023319317034],[-5.107852674410324,51.7220069455183],[-5.105262611559032,51.73449645352893],[-5.102571912064083,51.73159051890178],[-5.104715593650254,51.72271954862762],[-5.096473090748428,51.72077864945284],[-5.094069076404923,51.715265649909654],[-5.087753839852741,51.71183427180495],[-5.087411186365612,51.70680655052019],[-5.079583343487209,51.70665241994444],[-5.082151797868247,51.69759083874224],[-5.080405849223167,51.697456791598455],[-5.078126065528611,51.706510761574386],[-5.064705434965005,51.70692489413109],[-5.057030937529147,51.70925662307985],[-5.054516450389021,51.7063180505022],[-5.041844620710997,51.70688995835301],[-5.035886870059155,51.709580525016314],[-5.025315405345774,51.70823452734017],[-5.013879799518707,51.70368091620585],[-4.994519242862209,51.69919374901507],[-4.985809748491981,51.69837232004358],[-4.978661727242669,51.69972314851792],[-4.973478908235738,51.70367698781634],[-4.956337541541621,51.7071858709412],[-4.9495673693758855,51.70414535375924],[-4.943395948904162,51.70340087295734],[-4.943377677854825,51.71381625853122],[-4.95434261888597,51.72765225490373],[-4.946297274951123,51.72397806308095],[-4.947941637967569,51.7225427337358],[-4.94316520851456,51.71834550889412],[-4.9414880449920275,51.70723512664171],[-4.931734879971604,51.708189629032525],[-4.919911811190957,51.70443707280527],[-4.90715256910504,51.71065370433559],[-4.896270880591333,51.71050895904614],[-4.89226252623418,51.71348579558184],[-4.894868042424274,51.71800841090051],[-4.88965514406699,51.72254378498783],[-4.888152131936247,51.73076509782162],[-4.901101342234824,51.736201882856626],[-4.905565870086174,51.74256701865151],[-4.901538110787257,51.74527480619886],[-4.901050156251548,51.7512227489884],[-4.906531634733552,51.75940644643423],[-4.901763133347378,51.76075650751106],[-4.901721228854794,51.76349164391468],[-4.912032440225889,51.76875860820331],[-4.919506310803577,51.77001207099042],[-4.936680282273466,51.76436750772318],[-4.942955419568638,51.76501987664743],[-4.947380328432288,51.768416508895164],[-4.947326655028778,51.77426384441265],[-4.945757859244774,51.77710927227179],[-4.936997151270955,51.782410154235436],[-4.954218261938791,51.78942518833538],[-4.952963482633562,51.790419076422026],[-4.943256498096373,51.78790159122426],[-4.934507047666996,51.78358761917819],[-4.933695161441396,51.78090976179746],[-4.9421290134883415,51.776822485030884],[-4.943823618919311,51.77390200395143],[-4.943269632725404,51.767620212389495],[-4.940571221031678,51.766248792590304],[-4.923796871133263,51.77359279342004],[-4.910370627385842,51.77221742737915],[-4.9067265696940705,51.772811315423446],[-4.894970922629934,51.76694993496437],[-4.883980201470663,51.77439730407977],[-4.87490088470262,51.77524943597858],[-4.861737841073991,51.78717268668691],[-4.860528326486353,51.78639271678047],[-4.846241395808643,51.789797572917394],[-4.831877527723545,51.78969502271894],[-4.8574479543187845,51.78583813024016],[-4.859826833089471,51.78218278083969],[-4.864587406250951,51.78179697566866],[-4.8719280576588435,51.771814622536205],[-4.887962606860168,51.7663849838089],[-4.888578547636857,51.762412597357155],[-4.894174729000013,51.75247164474115],[-4.892468438631341,51.750714933540756],[-4.895597775322376,51.740744677755195],[-4.8941409680879495,51.73835227579787],[-4.883024564668418,51.7343986760041],[-4.879154025774379,51.73503327113939],[-4.872290447700555,51.73187368520744],[-4.883669213057693,51.73087528195117],[-4.883966531023287,51.7196257758333],[-4.881082515776236,51.7175380807547],[-4.873199555116179,51.718810515338056],[-4.86986970106075,51.72338882951199],[-4.856026048322156,51.72201759121339],[-4.848631801921418,51.7241758411255],[-4.835834329532751,51.723316456836535],[-4.833825382004571,51.72129641656632],[-4.8477224877683565,51.72122997851701],[-4.848097535747895,51.71798314775397],[-4.854847209211913,51.71709971724847],[-4.860853974368828,51.718212621869505],[-4.847887659965535,51.707735407889274],[-4.845912112709774,51.6993292206034],[-4.858155695102518,51.707575802471524],[-4.86313275450828,51.713030641990194],[-4.867044653098572,51.71536348428782],[-4.875786811229333,51.716228917649346],[-4.885877686596691,51.71553161493038],[-4.89103549497243,51.705601480056494],[-4.905558219118402,51.707464394206774],[-4.917563611465629,51.69876637512079],[-4.913877205341003,51.69658250021992],[-4.896999303468051,51.694050294659235],[-4.9041013254122285,51.69195910759735],[-4.908649130781307,51.69449968210775],[-4.915124769617624,51.69212654635197],[-4.922395772163937,51.69828641551027],[-4.920543412925373,51.70076086081485],[-4.933463914485153,51.70448592702192],[-4.93943553018162,51.699695696224936],[-4.9434194959526545,51.69908321009276],[-4.9416652683295474,51.69480111885039],[-4.956294904875373,51.6965471322237],[-4.95990360545423,51.6919682105002],[-4.966116303303699,51.69092996529265],[-4.975987422395907,51.685886302503164],[-4.948298022371681,51.680181462830795],[-4.9404665875807865,51.677212079028585],[-4.9608602744720205,51.67559307382833],[-4.964379363322123,51.67697924586872],[-4.973117159304511,51.67477053625498],[-4.979144838889468,51.67734285323998],[-4.986421670769468,51.68525250517319],[-4.9818917437709604,51.688317714318174],[-5.004322407022092,51.68899584904619],[-5.028766060383293,51.69358415428173],[-5.050304267470894,51.693206250198216],[-5.051838425586506,51.69019830914967],[-5.05616533346248,51.687837183202596],[-5.044470258019338,51.68391391490287],[-5.04327221981119,51.67899822576023],[-5.04668379716231,51.675941644202304],[-5.073257104395885,51.677407325286325],[-5.079745475714927,51.67921594355982],[-5.080544648057281,51.68459147845982],[-5.076876338312964,51.68810549799545],[-5.107053480335846,51.691357844706395],[-5.113304665457045,51.68966316118923],[-5.107219019014504,51.6853273277221],[-5.124519450797203,51.68209774947606],[-5.118565323605754,51.67483586219459],[-5.1139281849272775,51.6734569669332],[-5.107663438406731,51.66858626673676],[-5.099449154298737,51.66691474047924],[-5.0951790289443935,51.66792688009432],[-5.088931571413389,51.6653932441889],[-5.076676105495798,51.66382645072252],[-5.0675563389488065,51.663705458109746],[-5.064090262812536,51.661637419374124],[-5.058706859051155,51.65493331595971],[-5.059422172678215,51.65245925607999],[-5.053021316455269,51.645646517052576],[-5.050032901771789,51.63709883707147],[-5.061768479609125,51.62871633684572],[-5.0636301284705745,51.623747895570816],[-5.061391970337608,51.61969597545799],[-5.053990542348147,51.62071638644847],[-5.039082392243181,51.617955635473564],[-5.034146627128443,51.6182543062136],[-5.029051224136826,51.615507871659375],[-5.017784880447093,51.613369863505476],[-5.009122945947331,51.609095343611166],[-5.005199667623612,51.608746227486506],[-4.988551544290737,51.61258936442598],[-4.98257062582158,51.60950373543882],[-4.9742356442155815,51.610165093217844],[-4.973706448450548,51.60649094553313],[-4.95473801690892,51.60355260354734],[-4.94768010688397,51.59716456141371],[-4.941134994158755,51.59867798371502],[-4.92857360422401,51.59872249849792],[-4.920516351559808,51.60593871018006],[-4.9153073077928395,51.607597271741334],[-4.914496393420794,51.61049548911875],[-4.90965625327437,51.61048074571092],[-4.902170113291091,51.61268984299814],[-4.895231044574344,51.61034302681846],[-4.902421429915889,51.6188894314074],[-4.8973015796811294,51.62243368354598],[-4.897466452809606,51.62728631914101],[-4.889609458031145,51.63098772784281],[-4.879543080382387,51.63177487041807],[-4.876825585828925,51.63678815934121],[-4.860648184517528,51.639252299025685],[-4.865643073033381,51.6428178765129],[-4.8601185667510105,51.64690995330457],[-4.848017017119547,51.64758205253498],[-4.847037955319175,51.646031899965905],[-4.838654173838796,51.64535363725431],[-4.832244673176426,51.64851244234144],[-4.824580530438102,51.64732114250159],[-4.82449029789338,51.643545940439886],[-4.817406451123742,51.64353637665855],[-4.811599630677857,51.645474410932415],[-4.80476321817241,51.64315576031294],[-4.806296135053459,51.63942268813332],[-4.792303547461691,51.63893809929385],[-4.7839905648160395,51.63513345115971],[-4.775146780529428,51.63965093396794],[-4.774453938534838,51.642743152323774],[-4.765533323200892,51.642477081508474],[-4.756470937303706,51.64344579084336],[-4.761035957557491,51.64791622174945],[-4.757194072719262,51.653690527860554],[-4.710788269104533,51.65234343009162],[-4.714587769068439,51.65495366288101],[-4.712674816736054,51.659962331172984],[-4.705274529601528,51.666329688636445],[-4.6934283122105835,51.671179838308994],[-4.699971014818897,51.67174899036733],[-4.702035989029112,51.67484919446368],[-4.697155404084538,51.685214022365365],[-4.690995074389026,51.68868299228946],[-4.684334565151196,51.69594031483277],[-4.69395721655602,51.70444353814251],[-4.695481879878883,51.71304225184903],[-4.6897248187071945,51.716052178373516],[-4.684501029209763,51.72318659378449],[-4.6777402274436355,51.72639872153169],[-4.654776957653933,51.73240607247182],[-4.628332789224595,51.733450579881726],[-4.618228779755379,51.73655413721065],[-4.5955943730384154,51.73588745634593],[-4.57880462769559,51.73355937167186],[-4.574095677876329,51.73734989776265],[-4.568232475457424,51.73612928218658],[-4.5629283965953835,51.73966256630181],[-4.557336703768408,51.740683775943914],[-4.492874280567372,51.73541483189264],[-4.464548357208116,51.73124635143586],[-4.449518011591916,51.73183059699518],[-4.436908629812626,51.73703906153979],[-4.423727544114109,51.73973991374058],[-4.418884076810582,51.74397652295322],[-4.425347428552839,51.74564183121258],[-4.4438113067164835,51.757579507214366],[-4.455335573629884,51.76165582522415],[-4.461111999685173,51.76926891985621],[-4.453329198066331,51.77275910626122],[-4.447791351528681,51.780248843755246],[-4.459073040644825,51.787747209660694],[-4.4566693103762045,51.78887664669711],[-4.437335194004736,51.779926644303195],[-4.436682844530209,51.775893353488705],[-4.438724123285429,51.77342290441513],[-4.449032004176652,51.76916164749874],[-4.443138459284413,51.76658647087588],[-4.43731348544867,51.766077959693774],[-4.43494356558411,51.76243999445784],[-4.426831907119837,51.76251791965934],[-4.4184793770395405,51.76080165733187],[-4.413529717375992,51.75766600130026],[-4.4046091242636525,51.75614029030516],[-4.401313303018864,51.756837213749385],[-4.396803054490166,51.7619653489666],[-4.387347954938532,51.764046381784446],[-4.383630394633431,51.770506807080054],[-4.375981323568844,51.773899175485596],[-4.373805895207819,51.77664100250983],[-4.373090627447861,51.78510871717931],[-4.361383686960575,51.79415752388292],[-4.355869104216126,51.794088355714315],[-4.342895101635545,51.79839449228694],[-4.330294291674066,51.798734966765934],[-4.326465488120559,51.80042952173633],[-4.319124218638089,51.81847013335179],[-4.317860458120265,51.813639000271884],[-4.3220053918056545,51.80960038733557],[-4.3231143633328095,51.800136106028475],[-4.332071444834912,51.79607382919223],[-4.344054606393741,51.79558361040524],[-4.363498811359338,51.787460322561394],[-4.365950948893516,51.784443343428286],[-4.361027692439688,51.778072271075196],[-4.353842376091384,51.77803550313471],[-4.338720342947449,51.774928301011364],[-4.329034265032687,51.77662602719775],[-4.325852413623631,51.77952977793142],[-4.326263434332069,51.7866458267599],[-4.323388063971796,51.78974858822933],[-4.302113241119273,51.79740015060338],[-4.270482928265757,51.81583897647289],[-4.234459778013505,51.825058770449914],[-4.22341919951018,51.83201510214694],[-4.193084506177742,51.8324115181332],[-4.180121347441035,51.83817307223106],[-4.161381670105807,51.84331033651772],[-4.15325055272192,51.83601170363239],[-4.1349136920082685,51.83311562872043],[-4.118199245541486,51.835238687488015],[-4.096985089491012,51.841858184915104],[-4.079062332367738,51.84356756447343],[-4.080283639282437,51.84667961168007],[-4.077465002207624,51.8485278477096],[-4.054375430149393,51.85163127066157],[-4.047080135411487,51.85085926656911],[-4.026808310558019,51.85210968661903],[-4.011898097559721,51.84337348027112],[-3.989939883730461,51.83925108816143],[-3.9581054265922266,51.84158404425615],[-3.952147409438373,51.83808620054727],[-3.9408136181163713,51.84456834316942],[-3.9250469765469735,51.8493236625814],[-3.9075597340110244,51.847810210013044],[-3.898551771270195,51.84076231367832],[-3.885683516218779,51.845465411353715],[-3.86834782485629,51.84754058513683],[-3.865631844897502,51.85207970550583],[-3.849706961960458,51.853230500477075],[-3.8305505871223993,51.84633665308476],[-3.824819659091984,51.848224158254865],[-3.8059929125445753,51.84941403044643],[-3.7973941672410616,51.8522433185042],[-3.785820713483882,51.85331885603948],[-3.777574221508482,51.865133385918874],[-3.7766540694191346,51.87863507793781],[-3.766419701326245,51.87699091045389],[-3.7316761413268122,51.880205067091964],[-3.7274233467712534,51.88296519169124],[-3.7230324060759674,51.882130398649],[-3.7172923377032254,51.884012732968756],[-3.7130041179257254,51.88587358240866],[-3.7132434008297728,51.89216441399608],[-3.7208147862489827,51.90014650175963],[-3.7267635451865635,51.90365608695498],[-3.7384555584748016,51.905282228022024],[-3.7385944080200515,51.90887693026591],[-3.7313640288139696,51.90988274230152],[-3.730014606119336,51.91260010755565],[-3.7301182623949964,51.915296143137034],[-3.7376272371837804,51.92147974881786],[-3.730602202936772,51.92787753246793],[-3.7394976302560377,51.93224225120782],[-3.7456614787237483,51.94114278064189],[-3.7531068022018217,51.945527985929644],[-3.72880059979827,51.95667767115844],[-3.7246094736632815,51.961235008670364],[-3.7074262883442786,51.96867888887808],[-3.6999814673749243,51.96429080625554],[-3.69412830765683,51.96347601742986],[-3.6733928123060653,51.953881759152665],[-3.6542857435256115,51.94875686931004],[-3.6455925578371886,51.94977790933472],[-3.642782344777549,51.952514637536304],[-3.6430123709122113,51.958805578649496],[-3.6344478226647965,51.963420662724566],[-3.633090983038441,51.96613695635044],[-3.633777579097614,51.98500980470137],[-3.62980263600096,51.99585482920904],[-3.637245999304432,52.00024734026071],[-3.641581146912944,51.9992878172054],[-3.6533283756430697,52.001820954095756],[-3.650614671400985,52.00725397039795],[-3.6407168895745183,52.01548471638484],[-3.6393918784787145,52.01909975888419],[-3.6452512732565165,52.019917215922185],[-3.651276527437165,52.02522781021847],[-3.6585939557509026,52.02602415561007],[-3.6502168693995523,52.0360325813304],[-3.6619409146943482,52.03766598462339],[-3.6690930201649015,52.03396826796372],[-3.66793709884785,52.04207706778946],[-3.6609168163881827,52.049369507971676],[-3.6667806677215133,52.050185760966855],[-3.6754255247906134,52.04736571150355],[-3.6756609203420885,52.05365644581308],[-3.672779027310051,52.054596569193144],[-3.6714889633315755,52.05911062112384],[-3.6774889938932067,52.0635210798153],[-3.667416569715661,52.06726072293874],[-3.6646004887192567,52.069997944631524],[-3.666226150085216,52.074470782355746],[-3.6792843143371616,52.07248706747939],[-3.6866775858678915,52.07507895772499],[-3.6910189362477346,52.074117564967636],[-3.7103213280789014,52.0828304485785],[-3.7060481313374827,52.08558989382849],[-3.699164186202592,52.09647915213813],[-3.7065968916083794,52.099968407172895],[-3.70388400084734,52.105402550508664],[-3.7098247327917186,52.10801400487475],[-3.7099278988722677,52.11070990711175],[-3.7191348047469717,52.12226491541777],[-3.7076614211128693,52.127826563320724],[-3.7063730690255863,52.13234101868815],[-3.7169059479000457,52.14028043660812],[-3.720069440181048,52.14652834942028],[-3.720346619606351,52.15371739368808],[-3.717597691781514,52.158253257488916],[-3.723615776385334,52.16266113759855],[-3.718116977054459,52.1717328549425],[-3.7317595971435726,52.184121305385844],[-3.7275479881781384,52.18867875210184],[-3.729219304427323,52.194049093660524],[-3.7337111243300876,52.19668061641501],[-3.7353484862074384,52.20115221623523],[-3.7311007427257508,52.204811240616024],[-3.725285020128999,52.20579559525407],[-3.7268523026083895,52.20847002613739],[-3.725598468846676,52.21388318810669],[-3.7301967831594944,52.21921064984649],[-3.723055259170708,52.22381091245599],[-3.7277242432180584,52.23093573145302],[-3.724971482135388,52.23547165569349],[-3.7265397149385673,52.23814616041287],[-3.7133315041147386,52.2374395376],[-3.7119369037988457,52.23925798008816],[-3.7194295579123873,52.243644765979425],[-3.7253200807666285,52.24445793434239],[-3.7298167101009274,52.2470894529463],[-3.7257386382340085,52.255241377019395],[-3.7418104872143902,52.25410611767602],[-3.7537371182527495,52.25932428185862],[-3.7639165293045127,52.25737437146487],[-3.768380972499361,52.25910576900425],[-3.771488855450924,52.26355490571705],[-3.7733479717914236,52.27341743831923],[-3.76466591059596,52.27624499739129],[-3.767881988301951,52.28338995208727],[-3.763879053961676,52.29334024318469],[-3.7758188760242435,52.29855602441779],[-3.775962729044415,52.30215043759868],[-3.7849382502995454,52.30651071875547],[-3.785046722063455,52.30920651164223],[-3.7807929870034416,52.31286722742767],[-3.7809373135420468,52.316461532284784],[-3.7737137002835084,52.319267684955854],[-3.7682423946335617,52.329240192178624],[-3.760801833226514,52.32665394921078],[-3.752073089439036,52.32858205085899],[-3.7492106144014974,52.3304226678478],[-3.749423417602238,52.335814335006354],[-3.7406570651142435,52.336842908321756],[-3.7392959570798303,52.33956036434561],[-3.7334979843003717,52.34144387196388],[-3.736749268680937,52.34948821730006],[-3.7339199964703957,52.35222708987746],[-3.701911134235884,52.35988554403393],[-3.6932419432633,52.363606537172785],[-3.675695055087555,52.36565498111646],[-3.6699926197604356,52.370231249489116],[-3.6716984012805676,52.37650097651523],[-3.6703656785867533,52.38011621889032],[-3.663158512834059,52.383814276096196],[-3.660356232359099,52.387450161333625],[-3.6810546593058677,52.390753895195516],[-3.6870325865825353,52.39336606216666],[-3.6873754664450047,52.40235227741503],[-3.705248229617224,52.408389490181335],[-3.7054909471006146,52.41467973958562],[-3.7085690852556783,52.4182316718942],[-3.715917503649847,52.41812521778738],[-3.724490134065724,52.41170668666875],[-3.7304031877579154,52.41251938342459],[-3.736245844739903,52.411534571505086],[-3.745169000126525,52.414100521006006],[-3.7613337072198627,52.413860727800014],[-3.7588596447064626,52.425586025556015],[-3.7679667724563295,52.432643071914356],[-3.768110679861685,52.43623732841373],[-3.7726656700972363,52.439765610575726],[-3.784319598082191,52.436892905645834],[-3.787369241376087,52.439544214118335],[-3.7876603200806525,52.44673273040643],[-3.7921815853174494,52.449361566090595],[-3.785155272450843,52.45755989541548],[-3.7840477377810435,52.46656775132311],[-3.7708424172932515,52.467665281028424],[-3.7651011816575735,52.47134759860354],[-3.7562368113453153,52.4705804629471],[-3.746079172156506,52.47432728618522],[-3.739075926649111,52.48342151841918],[-3.7410446265899315,52.49597996509909],[-3.7366632983859005,52.496943488073946],[-3.7353680231362656,52.501457966620904],[-3.7296546112146634,52.50603720135858],[-3.7328119122310555,52.51138553982669],[-3.738632070418816,52.50950194980621],[-3.749190881520561,52.51563998547525],[-3.7564478880672447,52.51283516235035],[-3.757813091307725,52.510117583321794],[-3.7623391284093874,52.51274754478917],[-3.7682303383569913,52.512659634084216],[-3.7669378265873,52.51717445177265],[-3.7715736187325146,52.52249972780192],[-3.777212162949029,52.516121448787224],[-3.787485987102742,52.51506755780264],[-3.7887763302689024,52.51055253349253],[-3.7961032170803315,52.50954240866667]]]]},"properties":{"name":"Southwest Area - West","short_name":"SAW","region":"Wales"}},{"type":"Feature","geometry":{"type":"Polygon","coordinates":[[[-3.097965932617912,52.02147474464239],[-3.110511565971929,52.018584117192965],[-3.1129666284102484,52.007117990322534],[-3.1166662665172504,52.003336377099984],[-3.1209118070624897,52.0028887449827],[-3.1302310257562507,52.00532707080057],[-3.135475328380006,52.00393155094906],[-3.1384678328073097,51.99435408575596],[-3.1435791512285456,51.98762863551925],[-3.150176978007466,51.99334567571223],[-3.1573415498211452,51.988779899575775],[-3.15699399200638,51.975296571744835],[-3.1830745871705814,51.97054177887664],[-3.196005072851975,51.96411727494374],[-3.203280701589357,51.96404313099943],[-3.2133451367342536,51.95944420757883],[-3.2147028971817826,51.955833707239066],[-3.2232362295257215,51.94855233233337],[-3.221390830707645,51.934185460296185],[-3.2284160209432415,51.92512104633462],[-3.2224296293212196,51.91888947311598],[-3.2208296454151517,51.91351129812018],[-3.227851792581694,51.904446906353414],[-3.2291577223549757,51.89903846852052],[-3.240583623496536,51.89172545822031],[-3.2450164603247935,51.894376038303406],[-3.2537585537898868,51.89518233575686],[-3.267036663022666,51.90223318092897],[-3.268667066853657,51.9085095662959],[-3.276162883949669,51.91652072847664],[-3.2762393667264753,51.91921730450005],[-3.2835587997911015,51.92093596324796],[-3.2909561665070126,51.925350720181996],[-3.2982252627441153,51.92527075208338],[-3.3026647944322938,51.927919099802985],[-3.307209352685582,51.934162657257005],[-3.304588013674942,51.944082223659976],[-3.3118863295523746,51.944900235232815],[-3.3178622044782338,51.950228281508714],[-3.322226032342326,51.95017934119898],[-3.3295788253100973,51.95279391807885],[-3.3325948151268525,51.956356350093756],[-3.3327281185049165,51.96085051120036],[-3.329977883947868,51.96627641503593],[-3.334476774302304,51.97072116531876],[-3.341860509381458,51.9742337660803],[-3.357815185594858,51.972252565312026],[-3.365583707889386,51.98834711797141],[-3.3643738195411417,51.99645333180588],[-3.361543481758858,51.99918348559749],[-3.3660762081338453,52.00452577247826],[-3.3763257268965514,52.00620468796413],[-3.3822897829740732,52.01063048840489],[-3.382511468186338,52.01782092971873],[-3.385563884998389,52.02228070780262],[-3.378306969945096,52.023264985393],[-3.3754482420050973,52.0250966618285],[-3.375530994837907,52.02779307953017],[-3.3800129721252645,52.03133716340901],[-3.393211588035379,52.0338791723246],[-3.4065245444694336,52.0400148596127],[-3.4155249583485183,52.04799920991603],[-3.4156670210966737,52.052493144421454],[-3.411406729192513,52.05614077139618],[-3.4202687052813707,52.0596307807693],[-3.420354259746504,52.06232713103026],[-3.4263588497364057,52.06764935317464],[-3.4251581067669292,52.07575601821692],[-3.463640489854259,52.092367729223035],[-3.465187985840948,52.09504588024565],[-3.4812691489674825,52.095743982488266],[-3.4928229591625146,52.09200167940622],[-3.5209737697499093,52.104229564689774],[-3.5337698457673614,52.09417327546052],[-3.548205670840828,52.089488836138344],[-3.5595954311998295,52.08124641144763],[-3.5739294859598845,52.07386270066007],[-3.593803585789525,52.05831009927666],[-3.592217786278455,52.05473496175625],[-3.59655920672666,52.0537770592407],[-3.6106521321891805,52.04009799465603],[-3.632217281962898,52.03170877002283],[-3.6349346347083755,52.026276159985144],[-3.63185728239784,52.02182306908813],[-3.6393889706326856,52.01902100187278],[-3.6407168895745183,52.01548471638484],[-3.650614671400985,52.00725397039795],[-3.6533615010414047,52.00271965463704],[-3.6518392461962366,52.0009426879756],[-3.641581146912944,51.9992878172054],[-3.637245999304432,52.00024734026071],[-3.62980263600096,51.99585482920904],[-3.633777579097614,51.98500980470137],[-3.633090983038441,51.96613695635044],[-3.6344478226647965,51.963420662724566],[-3.6430123709122113,51.958805578649496],[-3.642782344777549,51.952514637536304],[-3.6455925578371886,51.94977790933472],[-3.6542857435256115,51.94875686931004],[-3.6733928123060653,51.953881759152665],[-3.69412830765683,51.96347601742986],[-3.6999814673749243,51.96429080625554],[-3.7074262883442786,51.96867888887808],[-3.7246094736632815,51.961235008670364],[-3.72880059979827,51.95667767115844],[-3.7531068022018217,51.945527985929644],[-3.7456614787237483,51.94114278064189],[-3.7394976302560377,51.93224225120782],[-3.730602202936772,51.92787753246793],[-3.7375925256837967,51.920581074964716],[-3.731640668392169,51.91707211891563],[-3.730014606119336,51.91260010755565],[-3.7313640288139696,51.90988274230152],[-3.7385944080200515,51.90887693026591],[-3.7384555584748016,51.905282228022024],[-3.7267635451865635,51.90365608695498],[-3.7208147862489827,51.90014650175963],[-3.7132434008297728,51.89216441399608],[-3.7130041179257254,51.88587358240866],[-3.709997226558509,51.88321981232801],[-3.702770273140851,51.88422384028005],[-3.691321141685633,51.888884904735],[-3.682640389323589,51.88990858101806],[-3.672640307617221,51.89454706886509],[-3.6636923843425357,51.888379723043336],[-3.6604563095919995,51.87943370633619],[-3.6559679029032837,51.875900248032316],[-3.654350910090322,51.87142712879678],[-3.6455413492596613,51.86885316125706],[-3.6438601724973974,51.86258242930882],[-3.636504398434485,51.859987509632866],[-3.6307309778911177,51.860966844184354],[-3.62192478653736,51.8583911202814],[-3.6161189653135297,51.858471047791745],[-3.5988925703636427,51.86410154498602],[-3.579706062716756,51.855369083313036],[-3.5712482633279508,51.86267576260583],[-3.5539526217216797,51.86650225768028],[-3.548114700083734,51.86568007165953],[-3.539250799754965,51.86130059025059],[-3.536531379208169,51.86673114297577],[-3.538320541076639,51.87659855749888],[-3.515328663723025,51.88409030688791],[-3.5080066746952743,51.88238606613186],[-3.507838533760367,51.87736192755313],[-3.4984155571340723,51.86878744903339],[-3.490981121963526,51.86666099756123],[-3.473785498430596,51.87202091998449],[-3.4566766092413426,51.89187162573902],[-3.447476909029606,51.88777713703221],[-3.43248889733077,51.88573969380669],[-3.4252099394528046,51.888516573630454],[-3.4122907119205865,51.88013943041799],[-3.401739804317079,51.88096697144782],[-3.398308723334265,51.879955800522396],[-3.3914085071740203,51.87056955916951],[-3.3842951978058085,51.86644546164451],[-3.377709583706397,51.85483380742809],[-3.357902001441224,51.83016662869109],[-3.335246452675876,51.82960785842762],[-3.3285631560648334,51.82687820791955],[-3.3179703637384677,51.81297063700247],[-3.304288562357474,51.809382746258976],[-3.2756058827361354,51.795320029885936],[-3.269616081239343,51.79012483347479],[-3.272529970491321,51.77980699773367],[-3.261169926478523,51.7643830513947],[-3.2425341457218937,51.758035720386694],[-3.229507393161528,51.74999042773228],[-3.2099652820628486,51.72342539948528],[-3.2075000726674547,51.708605644667934],[-3.1970218703214033,51.69655624410284],[-3.195717979531198,51.68990673732781],[-3.198405306835671,51.677722657458254],[-3.1932673329641674,51.6539291074403],[-3.197012509158298,51.64629301201146],[-3.192489105469081,51.617116001847585],[-3.179227311452101,51.60532696383125],[-3.1674955915677767,51.60170369866392],[-3.145122856211483,51.60028764519609],[-3.121371175216718,51.60378998400914],[-3.0956303412574253,51.587200674170575],[-3.0795446321786204,51.573556494667564],[-3.0714140551523,51.57082560963124],[-3.065451789072925,51.55650214921181],[-3.08994745390302,51.545756766392216],[-3.0948201883259157,51.53787955724088],[-3.089220469850784,51.53886683539269],[-3.078689801021476,51.53744454403056],[-3.0685522469090296,51.528770365102],[-3.0665665974778507,51.523995823625675],[-3.056854971395915,51.51730394146369],[-3.062696822662749,51.51070512735073],[-3.0730917435553597,51.506636088906546],[-3.072688998433473,51.50546757740213],[-3.045463873248839,51.51517608176289],[-3.040661077548099,51.519435939935356],[-3.0294438397453898,51.51989461105261],[-2.999003932545057,51.53175719281298],[-2.9936382147197227,51.53692805058831],[-2.987511053565117,51.553605441017126],[-2.9910111598999074,51.55537426147708],[-2.982126202923081,51.55940531947792],[-2.9917366982371933,51.56750688957596],[-2.9894364752106433,51.5685513605521],[-2.9826175308987333,51.56279106425569],[-2.974803256505603,51.559646230107205],[-2.986224837703953,51.554155762290996],[-2.985143481612656,51.55083792558654],[-2.968530719870644,51.55637126695064],[-2.9704993523687504,51.5607609131663],[-2.980390308378603,51.5645450887066],[-2.9859746739924984,51.56926387038486],[-2.982617152565015,51.57414753098281],[-2.9747301258670893,51.57646122968584],[-2.9728237374554176,51.57503838907083],[-2.981266398385587,51.57173109013316],[-2.981927669716207,51.568938144818574],[-2.964733841574603,51.560988300157554],[-2.9648681587608823,51.55370394805216],[-2.977879446666297,51.548381033247615],[-2.979098042368329,51.544684276113685],[-2.9564396920433142,51.53695853463022],[-2.931783011384831,51.53688725127562],[-2.92173546585401,51.539124640099374],[-2.9041811202700005,51.53297610380794],[-2.897602943271311,51.536434469706556],[-2.839840740198966,51.5472026487083],[-2.8114691598089467,51.557472928427316],[-2.7934559375245924,51.56676754333857],[-2.7809439311140522,51.569099385637855],[-2.752100579095252,51.57863902381125],[-2.723735240552786,51.582683770014356],[-2.711178724382881,51.58267063603092],[-2.6899623011641234,51.60167940445706],[-2.6774915429640553,51.60777633383458],[-2.666419409394856,51.61098673395043],[-2.6566321049322967,51.62327023259669],[-2.6657099158453708,51.631581101703475],[-2.6655960741390303,51.6435402966261],[-2.667510314805145,51.645957099825246],[-2.6744229493964253,51.644299140413416],[-2.6796736606750775,51.64750575472085],[-2.6668530619733106,51.66025710937154],[-2.673729731490083,51.66038293090801],[-2.6791232967965257,51.659137392567054],[-2.6860271272555187,51.66097411180496],[-2.6871723882934373,51.66336864740518],[-2.6843348009070627,51.6689015090805],[-2.678756876109214,51.67023502318447],[-2.6692941972606556,51.66962191884987],[-2.6598317282289514,51.671722892499375],[-2.659628750778615,51.676085009176724],[-2.6679987619980063,51.677914451153924],[-2.6739041278187634,51.6829739375774],[-2.6698589707123714,51.687997676995714],[-2.6701233370310065,51.69385798031232],[-2.6735161804828236,51.69698462712038],[-2.681915479092687,51.69862922286015],[-2.6841825836679556,51.7005311869103],[-2.6818798387557603,51.70357285056786],[-2.675436216394618,51.70053208934623],[-2.671032017398901,51.700983648323046],[-2.6688743377248794,51.70579745030858],[-2.6798101218602643,51.714067785326876],[-2.6819749159768596,51.72134086595699],[-2.6807444757998415,51.7244284131017],[-2.687901880685701,51.73060507376626],[-2.6731237155433436,51.736177592478505],[-2.6626890419077958,51.75389074099695],[-2.6732622731130067,51.75987182814488],[-2.6804487333534657,51.76892503213203],[-2.675065878120535,51.77704185300963],[-2.6762220044127685,51.780108394513185],[-2.6733584033386855,51.784729217491716],[-2.672466199624378,51.79335954687846],[-2.6695521009018837,51.794360714717165],[-2.6767444732644345,51.798598412567095],[-2.678539717777366,51.80270061129566],[-2.672575327098139,51.80887494211186],[-2.6595358559731284,51.810676915281974],[-2.661103900354695,51.81811095896514],[-2.660868558955018,51.82274809787092],[-2.649799421507539,51.82495507708018],[-2.6502256714978536,51.82614044268973],[-2.6568544552129043,51.826875032778034],[-2.6581917088316422,51.832704573919976],[-2.666154453319706,51.83564386668787],[-2.6768176800563253,51.83634452084096],[-2.682853772199262,51.8384503968378],[-2.6867685562700845,51.83637313048541],[-2.6869988039384656,51.833050475700546],[-2.6932925674839416,51.83383532104968],[-2.6973217962991316,51.84476265122311],[-2.7051454286440717,51.84565286865394],[-2.7071921665517307,51.839350405582756],[-2.715042349631011,51.840222719258406],[-2.719707623709961,51.84879064805919],[-2.727572196186496,51.84008741539245],[-2.731534298254009,51.841404306760346],[-2.7388716433620726,51.83665877205395],[-2.746617335541938,51.844758495435805],[-2.7568185910579603,51.84601137795609],[-2.7577295343790804,51.849512949549386],[-2.7696080826282303,51.86236591932721],[-2.775894363145068,51.86361664131482],[-2.77883775660733,51.865953749076965],[-2.776890770062992,51.873317745409715],[-2.7683284568867537,51.880499413451446],[-2.7767777127322604,51.8816738981601],[-2.7794217300590334,51.88410287903415],[-2.786328806785172,51.884687186824685],[-2.801626116939018,51.89037958320433],[-2.802850965615612,51.894041385760225],[-2.814334453748418,51.897988657273764],[-2.8176382397437227,51.90360943460929],[-2.8209458406715577,51.905328865789826],[-2.836147281133081,51.906026514273286],[-2.8371397080492216,51.913900124668096],[-2.845146096159398,51.915214922867534],[-2.8473972476363483,51.91694030639806],[-2.8619156256256133,51.91401165915526],[-2.8633132506183374,51.917180652494736],[-2.846431629431236,51.91994486899114],[-2.848025614379721,51.923665579472775],[-2.8543816307253604,51.92380931175123],[-2.8590036594502735,51.92772632980088],[-2.8701402867617136,51.926950404466936],[-2.8720753505120244,51.93044528437853],[-2.8778305746960138,51.933807406833154],[-2.8885149873935565,51.933566286263655],[-2.8870229461549886,51.928197297287504],[-2.892268903441768,51.925421654548806],[-2.904130535654098,51.92517557555266],[-2.908166130348749,51.921147063957726],[-2.9161099943581004,51.91765358546562],[-2.9202685507827093,51.91737658087993],[-2.927414226444963,51.91395960472151],[-2.9340031148737973,51.9150079969033],[-2.935636815216623,51.91260698395911],[-2.942626081964832,51.9093791310263],[-2.9487234143682226,51.909398456378106],[-2.952329216907351,51.906264690528864],[-2.960776196633389,51.90673997901317],[-2.964939346337586,51.90477012099708],[-2.9718410120217515,51.90497585795681],[-2.9728894266234347,51.908961958476326],[-2.971166907106171,51.91341421506435],[-2.9762000680115652,51.921184061539044],[-2.9739823419208005,51.92258527404933],[-2.9766596405457126,51.92748392360908],[-2.999236259066967,51.92345157660244],[-3.0081170963896238,51.92712424252348],[-3.0102681064717633,51.93204911815577],[-3.0084932285858796,51.937996689004265],[-3.0131563908021466,51.944948133371405],[-3.021471147143223,51.9498825218973],[-3.025938108379927,51.9572757209334],[-3.03532893526646,51.95973438950736],[-3.0396021160269244,51.966474221946534],[-3.056953258426827,51.97522180934448],[-3.068247468616253,51.98383314849957],[-3.0694188449658224,51.989482406800384],[-3.0840819173628318,52.004101789679886],[-3.0868907223838105,52.01390493909927],[-3.097965932617912,52.02147474464239]]]},"properties":{"name":"Usk and Lower Wye","short_name":"ULW","region":"Wales"}},{"type":"Feature","geometry":{"type":"Polygon","coordinates":[[[-3.197012509158298,51.64629301201146],[-3.1932673329641674,51.6539291074403],[-3.198405306835671,51.677722657458254],[-3.195717979531198,51.68990673732781],[-3.1970218703214033,51.69655624410284],[-3.2075000726674547,51.708605644667934],[-3.2099652820628486,51.72342539948528],[-3.229507393161528,51.74999042773228],[-3.2425341457218937,51.758035720386694],[-3.261169926478523,51.7643830513947],[-3.272529970491321,51.77980699773367],[-3.269616081239343,51.79012483347479],[-3.2756058827361354,51.795320029885936],[-3.304288562357474,51.809382746258976],[-3.3179703637384677,51.81297063700247],[-3.3285631560648334,51.82687820791955],[-3.335246452675876,51.82960785842762],[-3.357902001441224,51.83016662869109],[-3.377709583706397,51.85483380742809],[-3.3842951978058085,51.86644546164451],[-3.3914085071740203,51.87056955916951],[-3.398308723334265,51.879955800522396],[-3.401739804317079,51.88096697144782],[-3.4122907119205865,51.88013943041799],[-3.4252099394528046,51.888516573630454],[-3.43248889733077,51.88573969380669],[-3.447476909029606,51.88777713703221],[-3.4566766092413426,51.89187162573902],[-3.473785498430596,51.87202091998449],[-3.490981121963526,51.86666099756123],[-3.4984155571340723,51.86878744903339],[-3.507838533760367,51.87736192755313],[-3.494071663907945,51.85648819237317],[-3.4761536804330193,51.84142871857536],[-3.4742328621862537,51.827066167081526],[-3.478260722086998,51.81712473342574],[-3.4825228979140066,51.814373584388825],[-3.479504852313948,51.81081490617607],[-3.4792399499975133,51.802725749243315],[-3.4891512345367803,51.79540723271176],[-3.4992083608504405,51.79258185020299],[-3.502017599277852,51.789848489692844],[-3.5120426664314937,51.78612322534419],[-3.517809308518646,51.78514971453526],[-3.5234545555543946,51.78058080500319],[-3.5247217120261567,51.775169312149806],[-3.5347415806536313,51.77144214499611],[-3.5346500999750017,51.76874582567905],[-3.541740130621771,51.76415708501246],[-3.529696427924929,51.75082680361818],[-3.540699725922532,51.73359850091245],[-3.5449808964976497,51.731743891764346],[-3.5448582861150824,51.728148777808244],[-3.538916297366578,51.72373084787727],[-3.544643778176613,51.7218572881798],[-3.551694716588711,51.71636923364732],[-3.564686202004289,51.71529769960949],[-3.583558629943626,51.71684318228865],[-3.5846284623534292,51.70603840550232],[-3.590225702432609,51.70056759299551],[-3.5813904466445634,51.696190929516774],[-3.590947007856566,51.67987628491689],[-3.5908839942208504,51.67807877470765],[-3.5805136169284792,51.67102522687302],[-3.5846618522084546,51.66557408066595],[-3.5759275816249083,51.6638932739907],[-3.57134300702831,51.656761121556094],[-3.564086818402122,51.6559588097334],[-3.5610732206206497,51.652402142539316],[-3.560887924930533,51.64700937063863],[-3.54195375759282,51.64276361597314],[-3.5214281137271306,51.63403943806317],[-3.519833540059053,51.629564116562435],[-3.5093660180213826,51.61890881994163],[-3.4804296545361257,51.61747897182633],[-3.4773375972366845,51.61122355679118],[-3.4656725464366933,51.60777305018338],[-3.462698753956407,51.60511254390707],[-3.463766347209972,51.593409669752745],[-3.460735941162588,51.588951408227956],[-3.4663630300825123,51.584385237586055],[-3.4689297358828055,51.57446194139382],[-3.467342451086753,51.56998576281353],[-3.471495365194886,51.56453853662776],[-3.4642267188612728,51.562831064720086],[-3.461255997486396,51.56017052234823],[-3.4511902184132337,51.561194680302634],[-3.4496909789625843,51.559414799761576],[-3.4323017617951597,51.556930779961796],[-3.4233692950885626,51.54804752030877],[-3.4291078659338217,51.54707853737249],[-3.43617460298061,51.542496224782084],[-3.437531081497235,51.53978197842684],[-3.4373328121751836,51.53348997850466],[-3.432896252411093,51.52994741978499],[-3.4371063065638614,51.526299105915506],[-3.4369060778865017,51.51993995440127],[-3.4735690061555573,51.51371707789057],[-3.4810375402064677,51.509556931575105],[-3.4861746415607713,51.503131632165974],[-3.487958916435601,51.49248926932697],[-3.476191725880336,51.459271778340074],[-3.4806287332932704,51.454796151844135],[-3.4886950125699787,51.4522538190079],[-3.494224293031714,51.435445891954956],[-3.489270337822737,51.4281784158441],[-3.4593951505861207,51.42682961851974],[-3.4406226104117175,51.41965147666694],[-3.4404675975346266,51.414593469630475],[-3.4467028709931338,51.400870874845474],[-3.443884783613542,51.39525580668173],[-3.4331408995142887,51.39233573320473],[-3.4103020705505203,51.39552743461512],[-3.4071587549836133,51.39295904076951],[-3.4102618955857285,51.387934257503076],[-3.4058602910706077,51.38694007173686],[-3.4019766714538218,51.38213080703184],[-3.361089731718439,51.38441144849919],[-3.339595314516253,51.3816018718783],[-3.308589564593193,51.39283284109825],[-3.2980723722650187,51.39196070850648],[-3.2883040165584516,51.387032939624554],[-3.2831919461765278,51.39437267109873],[-3.277968186148177,51.3936384629995],[-3.2734620932832863,51.3907920675946],[-3.2631887732012363,51.38829557538608],[-3.2628666672278133,51.3922555785095],[-3.258870190962291,51.39432181449444],[-3.265173287306627,51.397715878325826],[-3.273210757270176,51.397269123615864],[-3.275136402673568,51.39931636688295],[-3.258067089940009,51.399626788780154],[-3.2494397723724164,51.40587868928195],[-3.247540740652379,51.40530544733017],[-3.255925312366777,51.39805816628504],[-3.252847777733779,51.39380188522367],[-3.2484593657029346,51.39627659813602],[-3.235711085956082,51.39794040661952],[-3.22749880220671,51.4026126927891],[-3.221776256347402,51.40366163363992],[-3.2025709751797256,51.40044334803168],[-3.188614065779332,51.39995632885806],[-3.1862290469100607,51.40222851114251],[-3.1685149759610436,51.406632769092795],[-3.169613075256728,51.42712358802894],[-3.1627904635278994,51.441668564747886],[-3.1653411641786855,51.4457795342323],[-3.164439654335412,51.45163326555948],[-3.1601226936481686,51.45392405975739],[-3.1526011511756993,51.461002980028],[-3.160192844057756,51.462933287826665],[-3.1466831874876453,51.47069136483009],[-3.1444426496790068,51.46918463452874],[-3.1512002856750523,51.4653958135894],[-3.1482192993577076,51.46076723419586],[-3.155471164350837,51.45609210394732],[-3.1554944984605835,51.45131715261324],[-3.134514092639293,51.467662598862155],[-3.138399533930828,51.47337975075723],[-3.1343689511663437,51.47341882103146],[-3.126318835359225,51.47979076114303],[-3.1192162882784427,51.48965992012666],[-3.113508039741232,51.49302327408222],[-3.1097318369871143,51.491746264542904],[-3.0968228220381127,51.49402577609618],[-3.062696822662749,51.51070512735073],[-3.056854971395915,51.51730394146369],[-3.0665665974778507,51.523995823625675],[-3.0685522469090296,51.528770365102],[-3.078689801021476,51.53744454403056],[-3.089220469850784,51.53886683539269],[-3.0948201883259157,51.53787955724088],[-3.08994745390302,51.545756766392216],[-3.065451789072925,51.55650214921181],[-3.0694810664482706,51.56838850850999],[-3.0714140551523,51.57082560963124],[-3.0795446321786204,51.573556494667564],[-3.0956303412574253,51.587200674170575],[-3.121371175216718,51.60378998400914],[-3.145122856211483,51.60028764519609],[-3.1674955915677767,51.60170369866392],[-3.179227311452101,51.60532696383125],[-3.192489105469081,51.617116001847585],[-3.197012509158298,51.64629301201146]]]},"properties":{"name":"Eastern Valleys","short_name":"EV","region":"Wales"}},{"type":"Feature","geometry":{"type":"Polygon","coordinates":[[[-2.647492069567306,52.95740548091547],[-2.6445819726084117,52.96191599478159],[-2.6386671839160636,52.96464474631382],[-2.6402489170846906,52.970928791104626],[-2.649236479080949,52.97447577297472],[-2.6523635761950057,52.984346938687125],[-2.6748026328979204,52.990514199917925],[-2.679313783578848,52.993185307587936],[-2.694210737224869,52.99309923455588],[-2.703178084782609,52.99484439409568],[-2.7092107363039846,52.999303231783934],[-2.721189847691435,53.00282690040442],[-2.7153040876018726,53.00735713753299],[-2.715497404844438,53.01904211273178],[-2.736656444648328,53.03599261761306],[-2.7353335704981148,53.04588904262391],[-2.7414693002126835,53.05573917137685],[-2.7504827944919406,53.05927835536462],[-2.752162688463824,53.07005488087105],[-2.746302192408231,53.07638427780165],[-2.7358696710458985,53.077348192825696],[-2.731422392565277,53.07917346868394],[-2.729990584910696,53.08277796055506],[-2.736069049599928,53.08903297643551],[-2.733098351351562,53.089950241068365],[-2.7332053366562254,53.096242041057316],[-2.7317731252378055,53.09984654550747],[-2.7273536963082794,53.10346932657426],[-2.728938399523359,53.10885315297036],[-2.7230390941552045,53.113383739852004],[-2.7230843497546933,53.1160802217373],[-2.7442011470559735,53.127635995737585],[-2.750209750968558,53.129396112598],[-2.756266205653387,53.13385237755535],[-2.768302657673815,53.13826988894236],[-2.7788955372089283,53.145392394463755],[-2.7865180121255984,53.15343253624664],[-2.8000918216730137,53.15963451291357],[-2.8152844470442417,53.17211628896434],[-2.8184130114509576,53.179286152467746],[-2.8275626011536863,53.18821207270283],[-2.842702819115286,53.197095057187546],[-2.8518969297446564,53.20781662049891],[-2.8640181661854403,53.2149206287889],[-2.8838903649663417,53.23455092749856],[-2.889919615759974,53.23630387528724],[-2.900726822290556,53.25150416088422],[-2.915866155742746,53.258580065898656],[-2.9233408700867454,53.25762348596898],[-2.9367316499318674,53.253024440647984],[-2.953236335546814,53.25379249363009],[-2.957792479789082,53.25645270709555],[-2.9639895173227275,53.26539187648581],[-2.9730653524701984,53.26891378470766],[-2.9911590915897346,53.27325928147961],[-3.013882448058144,53.282956243310295],[-3.036376730650709,53.28276282911378],[-3.0424189183964545,53.28450798432366],[-3.042484561960309,53.28720415639069],[-3.0365725393808436,53.29085135934359],[-3.035159576096923,53.29445928972632],[-3.039812466345852,53.300711198999075],[-3.05351369011613,53.30868116011406],[-3.055080694345874,53.3113640453252],[-3.0731780367028687,53.314798221782915],[-3.0853889822358993,53.32277794505757],[-3.0946249737738247,53.33168267659127],[-3.1158072285770797,53.337778816514316],[-3.120382406893566,53.34043267717322],[-3.120453101826886,53.343128754464736],[-3.135756577586792,53.353771013305774],[-3.150752818164035,53.352728404623946],[-3.1615601333179226,53.36341065999265],[-3.166165445636124,53.36696139885247],[-3.1739250669865324,53.37587445705897],[-3.190731721454497,53.385596009813064],[-3.198297902117231,53.38731811420988],[-3.1963016620316345,53.37511289547738],[-3.182059520723257,53.365636421508086],[-3.1778328360396144,53.364959083744765],[-3.1633451579396725,53.35170737066327],[-3.1476503024839415,53.34349945992719],[-3.141344549767745,53.33798667615047],[-3.113734044401566,53.32161772053122],[-3.1191044703659045,53.32030896867582],[-3.1079638839661814,53.30171550257091],[-3.102775057329584,53.298347711050184],[-3.095955447267257,53.295713830074966],[-3.099617794104358,53.2922642206408],[-3.0950191999875316,53.28844118928741],[-3.089892485211924,53.28740946017426],[-3.0880060044360054,53.28401079707966],[-3.0739737496357358,53.28072213434404],[-3.0792587730583514,53.27617981105176],[-3.089859450816284,53.28021840553713],[-3.0924553772109244,53.27614950370895],[-3.083970289175919,53.27272116683718],[-3.0907970034130474,53.2640292465874],[-3.092297242683581,53.269948395336854],[-3.0969537583285316,53.27026520571868],[-3.0988334099257484,53.273394121660914],[-3.10409236559446,53.273794992515775],[-3.1046086417497505,53.27055408874476],[-3.1120973749023535,53.27021478440667],[-3.1097774328198726,53.2616966277266],[-3.0878418077072993,53.25983131657902],[-3.0764113020669117,53.252384140794305],[-3.0830048148735134,53.252324409923595],[-3.087285014239766,53.255611457967845],[-3.0986262385223955,53.25361971865105],[-3.0918883483329327,53.24801841084732],[-3.0831637366917772,53.24674963677885],[-3.084750509696568,53.24430810791043],[-3.073001218587027,53.24189748449868],[-3.071354878527594,53.23597939405494],[-3.0792233853325888,53.23905463164484],[-3.0815339323264945,53.2415506750847],[-3.0905067977147556,53.24083965698015],[-3.065841636403443,53.231174638691186],[-3.055638339271095,53.22443363754274],[-3.04331458611404,53.22274433546773],[-3.0302861768749687,53.218488934725436],[-3.0314581534489693,53.21740008505446],[-3.0455433325712384,53.222005658908415],[-3.0584704053875384,53.22386915729498],[-3.0691300587974824,53.230875501781156],[-3.091032884351326,53.237958277979175],[-3.1104331051366865,53.24649867732726],[-3.1305589887896352,53.259523692660856],[-3.1427659235294314,53.261924282089595],[-3.1506780572500457,53.26625291062966],[-3.1693211095808818,53.27910594821683],[-3.1733646011486965,53.27888643479956],[-3.1823971608993276,53.28553915303615],[-3.1953120921141482,53.29143319302083],[-3.1997950996311144,53.29615248504688],[-3.2578805037064327,53.317218131880765],[-3.2585990630555286,53.31970058730829],[-3.2667176357277357,53.321619253901176],[-3.2883328304116417,53.331455767860696],[-3.292555159250678,53.33203934150924],[-3.306179427569288,53.340520681093956],[-3.3076996543604924,53.35093162600283],[-3.311969959582118,53.35789639961362],[-3.318907349285207,53.358718846774345],[-3.335235441748305,53.35709895100962],[-3.3622243636686644,53.352862636056564],[-3.35948990582114,53.34963357564815],[-3.3607054513370067,53.34063035170391],[-3.356058474774272,53.33618858042659],[-3.358718283088133,53.325371052362456],[-3.3872064602495007,53.32414418391177],[-3.397594993350957,53.32042713153328],[-3.3958889367809038,53.314154500029176],[-3.3837685191123112,53.31069997296392],[-3.370236102226654,53.309957283509625],[-3.362791443224834,53.3118404732571],[-3.3447859358247345,53.3120448673764],[-3.338699681611495,53.309416524325265],[-3.335586699284471,53.30585567099027],[-3.3190837843246914,53.306039358403154],[-3.3130275230773125,53.304308320443866],[-3.308307056330484,53.29716870269754],[-3.300643340914281,53.29185891688592],[-3.3004795407878698,53.28646707304015],[-3.279270219520344,53.2795050315511],[-3.2581997292879317,53.27703245806789],[-3.238526896705738,53.270945919966245],[-3.2353214092770672,53.263787699577755],[-3.216977904903675,53.251391303619556],[-3.2122539416753275,53.24334902346109],[-3.2015654794712995,53.236265781076746],[-3.198569676331552,53.23629595064182],[-3.196896244228818,53.23002021507217],[-3.190805723347592,53.226485490096984],[-3.1876862208390424,53.22202194071559],[-3.1890093492812874,53.21571617946844],[-3.1949980992557165,53.215656261530796],[-3.202609896342085,53.220074366440414],[-3.214563099420115,53.21905417516046],[-3.2263359905335585,53.21174204494615],[-3.2322725156056844,53.209882902144244],[-3.239497890494304,53.20081850046222],[-3.2497913114865993,53.19441832239198],[-3.270687811090562,53.192399334188295],[-3.279424930597519,53.1842152468732],[-3.277822007313188,53.18063664920097],[-3.2702892782339994,53.178919330018516],[-3.2776350213637,53.17434598960503],[-3.278916858046822,53.167140603769056],[-3.2712801981351673,53.161828656132464],[-3.2681306845449796,53.1564685165443],[-3.254596247665553,53.153915038051366],[-3.2587657512000647,53.143083574776135],[-3.2539938711601044,53.13324542246065],[-3.2433781260235643,53.12796304560824],[-3.243170588840107,53.12077356057004],[-3.2490157265738215,53.11621757546367],[-3.2458724011007503,53.11085677089088],[-3.2368081152441848,53.107355483282845],[-3.2397173538166095,53.10462833575842],[-3.2381207890953148,53.101049120397555],[-3.242367220283809,53.092914218154775],[-3.2392781131938553,53.08935058747575],[-3.240538228366708,53.08124679801206],[-3.2359320060621553,53.076799925249084],[-3.2402540213472295,53.0713611649543],[-3.2385297407539997,53.06328844932252],[-3.2340027341884743,53.061537568805576],[-3.222119060624689,53.06345818459093],[-3.211474039312317,53.05637537111334],[-3.2098564790885824,53.051897016943784],[-3.2186025491406696,53.04461600681988],[-3.2318698700476953,53.03908551953778],[-3.2362401254837496,53.03544429549214],[-3.2423071208145924,53.03897694682227],[-3.261690406730593,53.03877288284353],[-3.27931636676547,53.02959484507673],[-3.2807271589208264,53.02688273624245],[-3.2866627629456455,53.025919682217506],[-3.2910002185611544,53.0213777895675],[-3.308857660731932,53.020283578454105],[-3.320560805990197,53.01296233535285],[-3.323595993120358,53.01472654450161],[-3.325278947508352,53.0210006567425],[-3.3282872817973423,53.02186606713995],[-3.352245787108178,53.02519193145621],[-3.3671221972477254,53.024122835310806],[-3.374660138529145,53.02673287871702],[-3.383344451317591,53.01854129607606],[-3.3907378309262923,53.01665707157167],[-3.4038575685207735,53.00751299271753],[-3.4084441637820095,53.011054701431675],[-3.4189033885006515,53.01182932214295],[-3.41010994492759,53.016428891442075],[-3.4117174606746055,53.020005770466526],[-3.422267600799077,53.023475994363395],[-3.4267387561770364,53.02342242756752],[-3.431328921138883,53.026963219949806],[-3.4447734115068664,53.02769961243107],[-3.4521655984214568,53.02581157955034],[-3.4510371846980887,53.036613250705486],[-3.464606824706431,53.040941856470944],[-3.4706930330900776,53.044462711984025],[-3.469354801597715,53.04897420907653],[-3.4634507475492153,53.05084498481738],[-3.4635421141357567,53.053540829539074],[-3.471274664448252,53.061536335681225],[-3.480409558271606,53.06681693262335],[-3.4805328662495074,53.070411354872654],[-3.4747185287947455,53.07497851745745],[-3.480872099085159,53.080296003757205],[-3.4868723008190283,53.081120153010616],[-3.4929660341199864,53.08463979272903],[-3.4947387789494733,53.09270842591823],[-3.4978491030361845,53.096265261876425],[-3.506963234504671,53.10064512223145],[-3.5087393123293475,53.10871350224249],[-3.5163637702069312,53.11311153068759],[-3.525419714852231,53.115692762047395],[-3.5285980271017814,53.12104590801509],[-3.5360664483646747,53.120949753458646],[-3.5406439032920343,53.123587553488036],[-3.558568997575726,53.12335417465148],[-3.5674660468836383,53.12143935147654],[-3.5748029890666775,53.11774652526502],[-3.5746059272568953,53.11235517095549],[-3.59249284755616,53.11121816258704],[-3.6013190590672606,53.10750373376957],[-3.605597689752283,53.102052088382614],[-3.618831919389883,53.096478771994505],[-3.626329658413419,53.09727552933149],[-3.6399356506642264,53.1015838007255],[-3.6503517399672747,53.100540785267036],[-3.6532685905350917,53.09870228269255],[-3.6559090951884246,53.08967549925125],[-3.6541063955038005,53.081609507772875],[-3.649526606863019,53.078976073700076],[-3.6270086755726885,53.07569014982728],[-3.6070764166781615,53.061577026189426],[-3.5935194880496044,53.058163409769705],[-3.5873553787308228,53.05285181378218],[-3.591696745421143,53.049197773349974],[-3.5928233640200062,53.03929362637299],[-3.6003107076939425,53.04009210916094],[-3.604616337556506,53.03553904850484],[-3.604482868508626,53.03194481487869],[-3.596631696588057,53.02126239112819],[-3.605439335237187,53.017547744452],[-3.620474533966181,53.020939815395984],[-3.6323279238943686,53.01897963944914],[-3.6352401206192857,53.01714159126835],[-3.6457386309324176,53.01879475916311],[-3.653120244523227,53.016894316469354],[-3.6651786085268285,53.02032210812911],[-3.675504848535056,53.01747997336801],[-3.6839199332873296,53.003875754346346],[-3.6748087877747806,52.99950936313785],[-3.686233543992318,52.98676149812944],[-3.6878626405564416,52.990334474957926],[-3.70278848846199,52.991020602075416],[-3.705589569125227,52.98648530144839],[-3.7101983115604353,52.990015185918224],[-3.7312961745730893,52.996002945980464],[-3.7330373248691675,53.00227077977246],[-3.7388505805150447,52.99858976214553],[-3.7477500673484068,52.99756020668765],[-3.7516358680599233,52.983118472826284],[-3.760276117439906,52.97579852299116],[-3.769170385410906,52.97476740388425],[-3.7705486292710604,52.97204976240714],[-3.7702548087002454,52.96486182936858],[-3.762558278942462,52.9586829746994],[-3.780450014271899,52.95931525331873],[-3.8026564447896583,52.95628327804447],[-3.81433304275853,52.950711259625535],[-3.807783035568647,52.93642635236353],[-3.8068471791702807,52.91396434949541],[-3.8167249920899273,52.901226906731864],[-3.8163867054627283,52.89314058862654],[-3.8148259893585093,52.891366343371345],[-3.807323366332688,52.88968267424712],[-3.8112179450857098,52.8761374861729],[-3.8036808094253574,52.87355507116664],[-3.7918010275156946,52.873734974268324],[-3.7857503340565257,52.871128984179265],[-3.7798107321772787,52.87121818464972],[-3.7751725302506243,52.86679236813711],[-3.7706816522415108,52.86596038879872],[-3.7573189836749874,52.86615896336106],[-3.751524780385929,52.86984080050063],[-3.746997906432339,52.86810940777693],[-3.742219332727459,52.860088190859805],[-3.7345098105186443,52.85300870150383],[-3.7418234312414365,52.85020444293564],[-3.7504755995913652,52.84378377888199],[-3.751778707624041,52.83926928172554],[-3.7561214275465367,52.83650793299348],[-3.767845285587625,52.83273763202382],[-3.7661429332667296,52.82736863679222],[-3.7601002561483146,52.82476125165566],[-3.752683552306643,52.82487103611352],[-3.745158752883859,52.82228477991173],[-3.7330064973630144,52.81527045516869],[-3.73004042507799,52.81531374207926],[-3.7155993162076344,52.82541301000374],[-3.7067341483241543,52.82643990414005],[-3.686822728288177,52.81054174713372],[-3.6807870675381773,52.80793025888896],[-3.686474871771817,52.80155618676501],[-3.686231482149089,52.79526628540253],[-3.67871568498815,52.79267572977158],[-3.6770950917802856,52.78910244710748],[-3.656310149698499,52.78849544824928],[-3.6535843681089846,52.79482681809006],[-3.6477906417730295,52.79850362754007],[-3.6417251129909705,52.79499153881951],[-3.6414205718308637,52.78690432873391],[-3.62077066015196,52.78988542185266],[-3.599031072514814,52.80366608858418],[-3.599097029083876,52.805463279988395],[-3.606643559527833,52.8089574850169],[-3.608358709162627,52.81522752791215],[-3.6056243457748245,52.82155783533861],[-3.5941523311802355,52.83250095294873],[-3.576445136498337,52.83543460021581],[-3.559961774625153,52.83115725876478],[-3.5573158681983017,52.84018232040032],[-3.5484117559057666,52.84029882549493],[-3.5440234473431773,52.8421540553637],[-3.5334764325766033,52.83779566140088],[-3.52160478749675,52.83794846463746],[-3.5143413075112573,52.842536496210805],[-3.506951790512119,52.84352957633129],[-3.504138792547849,52.848060377249624],[-3.498325307234822,52.85172999678868],[-3.49708830043597,52.858937776437266],[-3.4927576009462626,52.8625883965403],[-3.493004465304587,52.86977744700883],[-3.4794247086369285,52.86365432716481],[-3.470454688988504,52.86196774261265],[-3.4615759692214176,52.862976409078925],[-3.45257673663335,52.860389821638954],[-3.436273806252551,52.86148720996541],[-3.4275418685695365,52.866986613664395],[-3.4201754842615015,52.86887298818271],[-3.4173225129691605,52.87250312538965],[-3.409867290333608,52.87169288374406],[-3.3862760614215897,52.87736473743438],[-3.3763336762893585,52.89186447835526],[-3.367474845825475,52.89376483198363],[-3.355502905189254,52.89120509185212],[-3.345157310168813,52.89312073906165],[-3.3210537607075823,52.88260335554025],[-3.316651373921581,52.88445025221767],[-3.3107086370001126,52.884516001211566],[-3.3061975324974755,52.88276771737429],[-3.2957712858292134,52.88198296111117],[-3.2970959326487774,52.87657451420176],[-3.2925060196189118,52.87212958241064],[-3.280623777366767,52.872258346570796],[-3.2701479578895882,52.86967389550434],[-3.2642594073704014,52.87153473976454],[-3.243516904581519,52.873551797554896],[-3.2259207417280233,52.881825711086954],[-3.217057200777557,52.8837148733241],[-3.2141862350618458,52.88734022036268],[-3.1993774051476964,52.88928869723267],[-3.1905850651417844,52.89387210685999],[-3.1727520697669123,52.89404956139422],[-3.169852510035797,52.896775111175515],[-3.1699977934961736,52.90216757578278],[-3.174529833327182,52.90481978785258],[-3.14925985662642,52.90506701191842],[-3.1401993360117375,52.899760466148535],[-3.1370384659352495,52.89259892956421],[-3.132533412420913,52.890844019692665],[-3.1072253786058033,52.88928473834306],[-3.09243350988746,52.89211867491762],[-3.091037748496591,52.895727414460346],[-3.080701484755273,52.89851885572148],[-3.0689438700805645,52.90401911432482],[-3.0541444331076586,52.906848314307936],[-3.049749863412859,52.90958415287946],[-3.0421869582273593,52.90425693149493],[-3.0377274364715334,52.904295981886285],[-3.011179436632504,52.913514670661435],[-3.0067189208928826,52.913552561687695],[-3.0069691744850395,52.92433803918756],[-3.002549080423329,52.92617335748561],[-2.9920970231654715,52.92446318201006],[-2.9755556430817194,52.91650950727454],[-2.9725011652793114,52.912938696974415],[-2.960626347808862,52.91393429788338],[-2.945992665543273,52.92483929704821],[-2.9385952751296958,52.92669589957708],[-2.932626661437769,52.92584395008827],[-2.927972524186197,52.916890794567394],[-2.924960229108745,52.915116368554486],[-2.907210948536218,52.91974806432354],[-2.8699791859296084,52.91732972654145],[-2.8669692143483343,52.91555382075662],[-2.8667717554300114,52.905666723641154],[-2.8562589598252353,52.90034923412459],[-2.8517996001414456,52.90038130362956],[-2.8414814916194464,52.90494965242006],[-2.8460113956271487,52.90851329836341],[-2.846116518629957,52.91390628919068],[-2.8225982930752442,52.92845476145413],[-2.812152622747619,52.92672873365201],[-2.803245018798845,52.92768825375528],[-2.781030906606546,52.93323008950988],[-2.7618340695249053,52.94144528203451],[-2.748427468817323,52.94063155135351],[-2.7438404905068605,52.933468786745635],[-2.7393316360384254,52.93080009292745],[-2.71849114712481,52.93002902918109],[-2.7111272380784097,52.93456807048449],[-2.705337357282398,52.94449097629057],[-2.699443292641221,52.94812159503775],[-2.6995158260100007,52.95261587952303],[-2.6951085974107745,52.95623751152362],[-2.680266652010211,52.95902023482592],[-2.6728240205698985,52.95906261258304],[-2.6653399613217315,52.95640793790258],[-2.647492069567306,52.95740548091547]]]},"properties":{"name":"River Dee","short_name":"RD","region":"Wales"}},{"type":"Feature","geometry":{"type":"Polygon","coordinates":[[[-3.655795463676879,53.08671619989404],[-3.6532685905350917,53.09870228269255],[-3.6474002975630535,53.10148068880486],[-3.6399356506642264,53.1015838007255],[-3.626329658413419,53.09727552933149],[-3.618831919389883,53.096478771994505],[-3.605597689752283,53.102052088382614],[-3.6013190590672606,53.10750373376957],[-3.59249284755616,53.11121816258704],[-3.5746059272568953,53.11235517095549],[-3.5748029890666775,53.11774652526502],[-3.5674660468836383,53.12143935147654],[-3.558568997575726,53.12335417465148],[-3.5406439032920343,53.123587553488036],[-3.5360664483646747,53.120949753458646],[-3.5285980271017814,53.12104590801509],[-3.525419714852231,53.115692762047395],[-3.5163637702069312,53.11311153068759],[-3.5087393123293475,53.10871350224249],[-3.506963234504671,53.10064512223145],[-3.4978491030361845,53.096265261876425],[-3.4947387789494733,53.09270842591823],[-3.4929660341199864,53.08463979272903],[-3.4868723008190283,53.081120153010616],[-3.480872099085159,53.080296003757205],[-3.4747185287947455,53.07497851745745],[-3.4805328662495074,53.070411354872654],[-3.480409558271606,53.06681693262335],[-3.471274664448252,53.061536335681225],[-3.4635421141357567,53.053540829539074],[-3.4634507475492153,53.05084498481738],[-3.4707848303927724,53.04715855087974],[-3.4706930330900776,53.044462711984025],[-3.464606824706431,53.040941856470944],[-3.4510371846980887,53.036613250705486],[-3.4521655984214568,53.02581157955034],[-3.4447734115068664,53.02769961243107],[-3.431328921138883,53.026963219949806],[-3.4267387561770364,53.02342242756752],[-3.422267600799077,53.023475994363395],[-3.4117174606746055,53.020005770466526],[-3.41010994492759,53.016428891442075],[-3.4189033885006515,53.01182932214295],[-3.4084441637820095,53.011054701431675],[-3.4038575685207735,53.00751299271753],[-3.3907378309262923,53.01665707157167],[-3.383344451317591,53.01854129607606],[-3.374660138529145,53.02673287871702],[-3.3671221972477254,53.024122835310806],[-3.352245787108178,53.02519193145621],[-3.3282872817973423,53.02186606713995],[-3.3237335507048162,53.019219912876835],[-3.323595993120358,53.01472654450161],[-3.320560805990197,53.01296233535285],[-3.308857660731932,53.020283578454105],[-3.2910002185611544,53.0213777895675],[-3.2866627629456455,53.025919682217506],[-3.2807271589208264,53.02688273624245],[-3.27931636676547,53.02959484507673],[-3.2705307480977046,53.03508287641292],[-3.261690406730593,53.03877288284353],[-3.2423071208145924,53.03897694682227],[-3.2362401254837496,53.03544429549214],[-3.2318698700476953,53.03908551953778],[-3.212738513891828,53.04827180759339],[-3.209932021529796,53.05459313993359],[-3.222119060624689,53.06345818459093],[-3.2340027341884743,53.061537568805576],[-3.2385297407539997,53.06328844932252],[-3.2402540213472295,53.0713611649543],[-3.2359320060621553,53.076799925249084],[-3.240538228366708,53.08124679801206],[-3.2392781131938553,53.08935058747575],[-3.242367220283809,53.092914218154775],[-3.2381207890953148,53.101049120397555],[-3.2397173538166095,53.10462833575842],[-3.2368081152441848,53.107355483282845],[-3.2458724011007503,53.11085677089088],[-3.2490157265738215,53.11621757546367],[-3.243170588840107,53.12077356057004],[-3.2433781260235643,53.12796304560824],[-3.2539938711601044,53.13324542246065],[-3.2587657512000647,53.143083574776135],[-3.254596247665553,53.153915038051366],[-3.2681306845449796,53.1564685165443],[-3.2712801981351673,53.161828656132464],[-3.278916858046822,53.167140603769056],[-3.2776350213637,53.17434598960503],[-3.2702892782339994,53.178919330018516],[-3.277822007313188,53.18063664920097],[-3.279424930597519,53.1842152468732],[-3.270687811090562,53.192399334188295],[-3.2497913114865993,53.19441832239198],[-3.239497890494304,53.20081850046222],[-3.2322725156056844,53.209882902144244],[-3.2263359905335585,53.21174204494615],[-3.214563099420115,53.21905417516046],[-3.202609896342085,53.220074366440414],[-3.1949980992557165,53.215656261530796],[-3.1890093492812874,53.21571617946844],[-3.1876862208390424,53.22202194071559],[-3.1938758645112837,53.22915157874078],[-3.196896244228818,53.23002021507217],[-3.198569676331552,53.23629595064182],[-3.2015654794712995,53.236265781076746],[-3.2122539416753275,53.24334902346109],[-3.216977904903675,53.251391303619556],[-3.2353214092770672,53.263787699577755],[-3.238526896705738,53.270945919966245],[-3.2581997292879317,53.27703245806789],[-3.279270219520344,53.2795050315511],[-3.3004795407878698,53.28646707304015],[-3.300643340914281,53.29185891688592],[-3.308307056330484,53.29716870269754],[-3.3130275230773125,53.304308320443866],[-3.3190837843246914,53.306039358403154],[-3.335586699284471,53.30585567099027],[-3.338699681611495,53.309416524325265],[-3.3447859358247345,53.3120448673764],[-3.362791443224834,53.3118404732571],[-3.370236102226654,53.309957283509625],[-3.3837685191123112,53.31069997296392],[-3.3958889367809038,53.314154500029176],[-3.397594993350957,53.32042713153328],[-3.3872064602495007,53.32414418391177],[-3.358718283088133,53.325371052362456],[-3.356058474774272,53.33618858042659],[-3.3607054513370067,53.34063035170391],[-3.35948990582114,53.34963357564815],[-3.3622243636686644,53.352862636056564],[-3.385202147783595,53.35032664367009],[-3.455833854495277,53.333304598969335],[-3.481703698695771,53.330109407876996],[-3.4936828845778947,53.324835959860884],[-3.508201776414305,53.31503441210648],[-3.505821368123002,53.3113787663107],[-3.49652780003836,53.307450447350334],[-3.498661646443009,53.30409750596642],[-3.5098817944037792,53.31159711376704],[-3.5111701325603772,53.31832297926799],[-3.5375894269634456,53.30989464476918],[-3.5988414402924285,53.294967082557314],[-3.599711239354719,53.287453542231724],[-3.6049378951270694,53.28201112081109],[-3.606514308076405,53.27585159974414],[-3.5950232233763755,53.256444212932756],[-3.5943766044774312,53.24747568236397],[-3.589755876840088,53.23878955235108],[-3.614200114308404,53.232249775179206],[-3.711718208971562,53.22395496583719],[-3.7261305634174233,53.21688767055323],[-3.743721509121975,53.20349428303926],[-3.7471262581893234,53.19580816299005],[-3.740631005469682,53.178258678577535],[-3.7404259412126777,53.17198211659367],[-3.7431037174345656,53.16687254517494],[-3.7539092759034083,53.15829463851258],[-3.753193543331243,53.15482600922125],[-3.7285049376228327,53.14095481239829],[-3.7255986244654733,53.136812090187526],[-3.7260876094666107,53.127837372270825],[-3.7113869165738187,53.10877658579506],[-3.687914170598581,53.10139753876927],[-3.6670465468634887,53.086204332292176],[-3.655795463676879,53.08671619989404]]]},"properties":{"name":"Vale of Clwyd","short_name":"VOC","region":"Wales"}},{"type":"Feature","geometry":{"type":"MultiPolygon","coordinates":[[[[-4.791698727973491,52.768729393249174],[-4.798541193270646,52.766769573734955],[-4.798036581764833,52.75428205581209],[-4.787535147591599,52.7546194255189],[-4.783762844308094,52.75821510960922],[-4.783442024845377,52.76712508366258],[-4.791698727973491,52.768729393249174]]],[[[-3.5988414402924285,53.294967082557314],[-3.6181643450144363,53.29290769423201],[-3.640191890161275,53.29648129041408],[-3.66711306738107,53.294220056235524],[-3.6773597463940724,53.29533491565389],[-3.682843273312289,53.297415202220414],[-3.702921490560576,53.29668063445174],[-3.7208867717855005,53.299389345904835],[-3.736629564371304,53.3064428961382],[-3.737528802830591,53.31380149235968],[-3.74004983402176,53.31673139039113],[-3.76468329507422,53.320684568138866],[-3.778155820784509,53.33055314949736],[-3.78629008320217,53.327554829187534],[-3.801806325623895,53.32516384268601],[-3.819517077373044,53.32498485572867],[-3.829882477980608,53.32860205750251],[-3.827508805888623,53.33209060150623],[-3.831972108591125,53.33531245996039],[-3.832303254752023,53.33953265849132],[-3.8391733884423194,53.33861782832188],[-3.8539516766860333,53.34342344140575],[-3.8686829498327677,53.343643074201616],[-3.8793808155016936,53.34095779489485],[-3.8773031971645033,53.334697488372896],[-3.8465995933533677,53.32277059465209],[-3.8381234096896306,53.296740596460154],[-3.824655125224318,53.29056456482847],[-3.825586818432609,53.286729540821206],[-3.809125800325099,53.279186140896584],[-3.803362291903719,53.27482341681578],[-3.7983277800317983,53.27386562613393],[-3.801874188902401,53.266188534925355],[-3.81734572907827,53.25975050157202],[-3.821561832144907,53.253123390689474],[-3.812481763597279,53.244002071009426],[-3.8278230196508174,53.25230831701885],[-3.828229921222934,53.254819296884484],[-3.822562200186126,53.262547661953704],[-3.815134930336347,53.26418931568412],[-3.810173033737131,53.26741129100224],[-3.8132946750004826,53.26995297118892],[-3.814757235173385,53.27651141493198],[-3.823476810642263,53.280513763502825],[-3.8395689146011738,53.29545969729053],[-3.847640495569126,53.29821169860824],[-3.8513739815832424,53.29779418133579],[-3.860875208679154,53.29198252362416],[-3.8666601118827604,53.29045367475013],[-3.8832435064930766,53.292260588234015],[-3.913050066211908,53.27767147137352],[-3.936276964808848,53.270553779422336],[-3.9548139847024606,53.269262270463564],[-3.9838432128809727,53.2614105795175],[-4.0023408598162815,53.25265031440528],[-4.000546432199634,53.24953383499302],[-4.007497621987022,53.247528957753694],[-4.010846334272005,53.24414606076416],[-4.025442496644485,53.24283797513051],[-4.029066278330227,53.239288046738025],[-4.0392658435115045,53.23601221876476],[-4.053050844025089,53.23379757719789],[-4.066588907476288,53.23395010462661],[-4.082354578220649,53.23060084046424],[-4.085678639578854,53.23117202744721],[-4.090115524465672,53.23612894989517],[-4.098134297735211,53.23769620146444],[-4.108029099471287,53.2347344758062],[-4.1154794314200664,53.23388317313525],[-4.123350443359196,53.23850814263298],[-4.147400422455143,53.23097452390292],[-4.1610738077974885,53.22281551698447],[-4.194830231764495,53.21500576801184],[-4.206726453843998,53.207503474257344],[-4.210398978599311,53.20320972413767],[-4.210359282702073,53.190803225636294],[-4.213562936241992,53.18615842488744],[-4.232498418552998,53.17609483436729],[-4.244742605312564,53.172717819021514],[-4.279797189159164,53.145258768522034],[-4.28089741504306,53.14062533566131],[-4.285637100046271,53.140903034346366],[-4.308113044102713,53.13230543740863],[-4.313440687349881,53.128515669303816],[-4.313506007706369,53.10747538648307],[-4.317558956528136,53.102271602929655],[-4.323046730132074,53.10153519413771],[-4.3260324176849725,53.10426408669974],[-4.327282009147192,53.11080312859739],[-4.334834414751715,53.115060782371884],[-4.328803988787799,53.122371814882236],[-4.331786657356312,53.12501071890686],[-4.338172905759044,53.12425602691265],[-4.346490152493385,53.117798541538086],[-4.34859464580088,53.11254218311514],[-4.344658346365786,53.097874411905885],[-4.338498948837549,53.08621730110677],[-4.337806154637114,53.078948113014505],[-4.3406859687880015,53.054975028316136],[-4.344161809517662,53.04753379536752],[-4.350015956136999,53.045440170398855],[-4.350851296420732,53.03886008491952],[-4.356339362851189,53.03281723770678],[-4.361951885899436,53.03180673463367],[-4.37469819104468,53.02220189014719],[-4.390923562291907,53.0136046360853],[-4.409224477795767,52.999568231491104],[-4.414766211821343,52.99738773783951],[-4.42367943863116,53.000865772078214],[-4.43750433182028,52.99890161506565],[-4.44568144237665,52.99064132214177],[-4.4617728220768065,52.982756198875904],[-4.472779370679533,52.96679250908198],[-4.483484210495996,52.966479280661176],[-4.49614676767796,52.953625692053286],[-4.50105748660581,52.951004746159605],[-4.506235767494018,52.95044601185772],[-4.512932537858616,52.94526921126514],[-4.525542455998279,52.93942691307493],[-4.536899146827557,52.93765627045238],[-4.538606483099395,52.94139628586003],[-4.549565447391052,52.93792451169972],[-4.564482746415673,52.93850248246116],[-4.568942420589632,52.94092377587041],[-4.56985074578301,52.943691558201444],[-4.566017695495341,52.94683162216212],[-4.56985165019955,52.94872690175507],[-4.572600055663513,52.93985550719398],[-4.580541408980262,52.93824452777977],[-4.59219819948221,52.92908878827135],[-4.60110700226315,52.926286346113166],[-4.608409837987078,52.926485815537625],[-4.619194407907249,52.922741592375566],[-4.625210227284986,52.91397654585052],[-4.634705078099555,52.9062130245858],[-4.639100728014418,52.905126276020006],[-4.65065737295847,52.906847015427395],[-4.654998103414566,52.90000606011582],[-4.668767647437019,52.8893565083928],[-4.6657097996342785,52.885558674575606],[-4.671590451771916,52.87724372976558],[-4.680230898767665,52.87516057854111],[-4.686404650352082,52.87645970803368],[-4.690647541021287,52.87537446136266],[-4.69441880593666,52.86908437820718],[-4.693261314525211,52.86479446699643],[-4.699186351104343,52.85971419416628],[-4.70664335146717,52.86017376974224],[-4.718054769537752,52.85496724386404],[-4.72348497491075,52.856281460463535],[-4.726534515292017,52.85279440761947],[-4.728228008844079,52.846640816182635],[-4.725128776651386,52.84221597326781],[-4.725037197694913,52.83601349007662],[-4.738384380638567,52.83103018597526],[-4.740554085007952,52.825404912867036],[-4.754107940509546,52.81672818837824],[-4.755164739082221,52.805283486323255],[-4.770806231452627,52.796915904528596],[-4.769153654347403,52.794256821009675],[-4.759907681851607,52.788807255003455],[-4.7570420693894135,52.790402611533636],[-4.748214395414031,52.78449281198954],[-4.741897081822393,52.78544837892775],[-4.735024065177352,52.7822799960241],[-4.733950333943209,52.78644118998747],[-4.728637188182606,52.791599228749014],[-4.728314577254602,52.79592291567728],[-4.721680793668127,52.803718731350116],[-4.7106941820030395,52.80361068999257],[-4.695594061013866,52.79936889963879],[-4.694449658393723,52.79525852261419],[-4.685638751599643,52.796717303442314],[-4.680422556845953,52.80115154115497],[-4.674957128341339,52.80154471477787],[-4.662187613652305,52.80623818389497],[-4.653286272820663,52.80382997312738],[-4.65078495874017,52.79929996353565],[-4.64246518323516,52.80155381546698],[-4.625913052238537,52.81001428312475],[-4.617124619716561,52.821808182831745],[-4.61036201831994,52.825374141854596],[-4.5955832123201565,52.823989984739725],[-4.574620475445874,52.818422275889795],[-4.538833670236899,52.80031082743861],[-4.544081450256825,52.79363431358219],[-4.544354188921088,52.78814342661518],[-4.535518742383719,52.781588791745364],[-4.532908930204216,52.777508318379006],[-4.5205904977873095,52.78244658523743],[-4.521442700695129,52.78692437936904],[-4.516329974565622,52.793417171007505],[-4.500432269352988,52.79555179957792],[-4.492905068934009,52.79103455325983],[-4.488129525621982,52.79572064392408],[-4.484702332076427,52.8032556443155],[-4.486931339742683,52.80851404913122],[-4.4902029042485445,52.81123284386626],[-4.495149654978473,52.80951036819453],[-4.502644207515291,52.813398757004016],[-4.503450327624079,52.81967597282469],[-4.499082858089064,52.826332037259036],[-4.507294453173255,52.82714785101753],[-4.493827289719125,52.84082938327175],[-4.472105354471106,52.84793780811078],[-4.472560334437318,52.85071574117036],[-4.481108948314866,52.85476337924112],[-4.480039839980938,52.85685381107314],[-4.465338478964052,52.864803041150914],[-4.466284346055014,52.868380036894166],[-4.459036365043122,52.87158758534147],[-4.42651637190116,52.87998965209103],[-4.398729641696395,52.88280232907711],[-4.404269166250934,52.88889437836535],[-4.401196029211874,52.89246325799412],[-4.396543027585685,52.89435557859652],[-4.376007859401556,52.89674647753357],[-4.3461671237850545,52.89482238156297],[-4.3278839857712015,52.892125247556216],[-4.329327443774849,52.896862345390296],[-4.32706801084576,52.9046392008861],[-4.319731771616755,52.909278420996486],[-4.284159249771049,52.91158650408983],[-4.270140740529252,52.91086631644643],[-4.242578489641972,52.915705839402726],[-4.232594477114816,52.91535450602722],[-4.231024300463819,52.91750592860003],[-4.216219004361287,52.917998954241135],[-4.187971682109932,52.912408841947595],[-4.170275967467345,52.90652975588744],[-4.1535789731984325,52.906896706326954],[-4.150981457511145,52.910297442903904],[-4.14037145766592,52.91228736708804],[-4.133009258013254,52.91682542741702],[-4.128060074950828,52.92509600866968],[-4.128218169147845,52.930137107672365],[-4.121629424748539,52.92684741882211],[-4.1072366127244955,52.925197586338754],[-4.10482383081558,52.921464180188764],[-4.10846105514209,52.920086981432085],[-4.123770674549151,52.92469627142345],[-4.124437677998142,52.92282321185524],[-4.108491820087099,52.91735318744955],[-4.1127447934726815,52.91305184782883],[-4.1033745397282555,52.9099814518331],[-4.083267550015037,52.920828307204104],[-4.075333454815521,52.923205954961475],[-4.062787429634498,52.92153644947535],[-4.053657223837171,52.92821305355792],[-4.047272363834487,52.928799799303036],[-4.038212300037431,52.93800038912288],[-4.012046923435426,52.9417730755122],[-4.024366643783743,52.93787753516883],[-4.0394237940578845,52.9352823495054],[-4.045838189383324,52.92678359214439],[-4.058280019499529,52.92247777818244],[-4.060307829158187,52.918189934954256],[-4.072985444763246,52.9151641524622],[-4.078907320423765,52.91210262077844],[-4.083880207912291,52.90663888587578],[-4.083061684660582,52.901977966579594],[-4.109528579966525,52.898903302385804],[-4.1140808095524894,52.896511651120235],[-4.12133276371517,52.89552815504873],[-4.136937734906628,52.89782872961528],[-4.142050627852153,52.90110822882377],[-4.14947774473305,52.89495000658264],[-4.148118016382338,52.88850106409297],[-4.123495599838032,52.85918373295754],[-4.119211997671186,52.85053898250129],[-4.129512117735898,52.827337422199804],[-4.126502933422681,52.82954925714169],[-4.117926696397096,52.83024212189152],[-4.118920837605647,52.82626829577791],[-4.123129728387598,52.82430492309968],[-4.1360185300329615,52.82380383979889],[-4.146658126177266,52.81983552922087],[-4.152245756783982,52.81577818633884],[-4.151957217709725,52.8099391703724],[-4.135631994215724,52.7917124450754],[-4.112545832386641,52.77441336854606],[-4.08474613392301,52.74926268667249],[-4.065287811482184,52.72507547743395],[-4.053037708732017,52.71807741381761],[-4.0419668823840516,52.72134362559076],[-4.034570875207795,52.721830457571016],[-4.029046256959068,52.73041274225002],[-4.022956538882819,52.735156214870905],[-4.00039765133598,52.73742715552299],[-3.997104191071391,52.7399102598141],[-3.988222636301309,52.740059547932205],[-3.9761274449245536,52.74448754363157],[-3.96995616624281,52.748905912763306],[-3.9510251287665525,52.75299514386925],[-3.9491519566861686,52.75086812928912],[-3.97103113363991,52.7398970748992],[-3.988207050826057,52.7364634074095],[-4.00023688687396,52.72421305079046],[-4.008830885273416,52.72110066409301],[-4.015634613963513,52.71451158436453],[-4.016356115755292,52.720523331029995],[-4.025723049208644,52.714959966695524],[-4.0378153722408,52.71392548484251],[-4.03482040237901,52.708744117827315],[-4.040847163846677,52.70561047698464],[-4.053504903501604,52.70407011924152],[-4.059156551661436,52.70809898909694],[-4.057520762158904,52.68906614132099],[-4.083832044663629,52.67296159612733],[-4.09645744115332,52.66788356535927],[-4.115799596424534,52.64272367520512],[-4.130212703912536,52.61081569894497],[-4.11999160443822,52.60592802515444],[-4.110560094613122,52.604514058152404],[-4.099292620470908,52.606692487408644],[-4.088048564268651,52.60193710689108],[-4.091892490733438,52.600169883488455],[-4.10396527037741,52.59941645532138],[-4.111172547742854,52.60189564159845],[-4.110955231300215,52.603517962980135],[-4.125559057265299,52.60622381923421],[-4.114514615821083,52.59769996176922],[-4.091324832703129,52.572756266277956],[-4.07603592279219,52.549018476276856],[-4.072005202808745,52.544863175945785],[-4.064502148822327,52.542117086887465],[-4.04974999901966,52.54201391465824],[-4.02912209258836,52.5456063438096],[-4.013079430151584,52.54632993058749],[-3.992564414123766,52.552521492099814],[-3.9750359922591207,52.5550451692422],[-3.9714038664785773,52.55431450475331],[-3.96067389488455,52.55980657516425],[-3.941272636720361,52.56011742400868],[-3.933106229976637,52.55557569100012],[-3.9377639308321513,52.55415083791382],[-3.94306603171295,52.557300725770844],[-3.9483052553114417,52.555686083553304],[-3.9522810840137623,52.552203903238535],[-3.979557265978018,52.53849765352947],[-3.994255857839612,52.535175803474395],[-4.011022230058807,52.52746518212583],[-4.021200717343513,52.525996971947215],[-4.0297501585622415,52.52757693550464],[-4.044586532265162,52.52706070780687],[-4.048532980701506,52.528547945120195],[-4.051907154247619,52.53451369174299],[-4.057568920927185,52.53261708690279],[-4.0592994144932915,52.52233679326625],[-4.051462109964924,52.48574305229617],[-4.053496275938324,52.48008809619361],[-4.058932376298955,52.478677136503414],[-4.050853532776677,52.47392986295444],[-4.049048270461787,52.466767998620504],[-4.032866851700627,52.46704731649164],[-4.018279589615792,52.469994639604614],[-4.009288838943732,52.46655120339674],[-4.001933537144986,52.46667596796097],[-3.9929853074100343,52.46412972153649],[-3.9815402468800394,52.471515173145875],[-3.968178650194132,52.46904093052942],[-3.9649560832356703,52.46280059023604],[-3.9575613369743814,52.46202411919425],[-3.9498888521195346,52.45495783791283],[-3.945476678563902,52.45503052443576],[-3.9394357845573507,52.45153324704733],[-3.930572741479323,52.450779179987265],[-3.9201221269592197,52.44735285529027],[-3.9098286191076137,52.447519593815116],[-3.903830299207029,52.4449189587568],[-3.903714047346165,52.44222344516027],[-3.891951284443925,52.44241228566467],[-3.8864154372355135,52.45059288603728],[-3.882080175456153,52.45246023006064],[-3.8761973734322823,52.45255373334627],[-3.8597544391049157,52.44651967571425],[-3.8510820341348952,52.450252268336385],[-3.854325371884766,52.4573944073028],[-3.863454248055102,52.46444384771326],[-3.863909899521496,52.47522610231123],[-3.8684004519205755,52.476953475384676],[-3.868628949005664,52.48234457885092],[-3.877612228120306,52.48579877127921],[-3.8704438031261446,52.49040795322579],[-3.870520081044932,52.49220498213474],[-3.8826033806046505,52.499206210377395],[-3.875624650002822,52.50830824840466],[-3.866903492523937,52.51114355538004],[-3.858712266907848,52.52655745502266],[-3.8499864028064152,52.52939155012851],[-3.843679156835419,52.519599798513866],[-3.821472857650836,52.517246461377454],[-3.8110146022521905,52.51381059731301],[-3.8081058907902112,52.514754197203104],[-3.7961032170803315,52.50954240866667],[-3.7873400875523573,52.51147334683636],[-3.787485987102742,52.51506755780264],[-3.777212162949029,52.516121448787224],[-3.7715736187325146,52.52249972780192],[-3.7669378265873,52.51717445177265],[-3.7682303383569913,52.512659634084216],[-3.7623391284093874,52.51274754478917],[-3.757813091307725,52.510117583321794],[-3.75501088690364,52.51375558941237],[-3.749190881520561,52.51563998547525],[-3.738632070418816,52.50950194980621],[-3.728464084479738,52.513247342415205],[-3.7330948334531944,52.518574172698294],[-3.733236343276237,52.52216848402254],[-3.7234520619935787,52.535797824322685],[-3.725242804652836,52.54386355971344],[-3.71046900181861,52.54317893983979],[-3.7089253133868323,52.54140306297646],[-3.711523320585971,52.53237460305643],[-3.7098054154999565,52.526105796],[-3.6980883434324037,52.5280727243388],[-3.6729724921595617,52.526632343309956],[-3.658340583505097,52.529535588328656],[-3.654021555726508,52.53229329896654],[-3.6571716947382367,52.537643731275544],[-3.6543256228242953,52.54038080753727],[-3.64678833898708,52.53599052475964],[-3.636472588630902,52.53613364090487],[-3.623441468267153,52.54260670498483],[-3.6221332544267955,52.54712004220762],[-3.6177771677787285,52.54897782904071],[-3.6253802861309112,52.55516720003636],[-3.6226637829714825,52.561498019597096],[-3.611097929868956,52.56794954815226],[-3.6050675599667734,52.56443517770379],[-3.5991362272831173,52.56361638840037],[-3.5994632516676868,52.572602705179264],[-3.590939005459922,52.581708293758275],[-3.5661800150765455,52.591029114858316],[-3.545616677246942,52.59399654747096],[-3.539839971670799,52.59766807100546],[-3.534250770431164,52.60673124284457],[-3.537328941209391,52.61028756237674],[-3.5522502447868067,52.61458821464789],[-3.557996190017075,52.61001744365343],[-3.5623928470670987,52.609060450757816],[-3.568458175529144,52.61347558632166],[-3.5906680804713,52.61497746113487],[-3.599952289928982,52.62654024677671],[-3.598835948967416,52.6364450327472],[-3.590071218631489,52.63926020934054],[-3.5811432685478763,52.63758160187516],[-3.5768411670458504,52.641235196984915],[-3.5770998512094527,52.648424234447845],[-3.5832371227617803,52.65463578540792],[-3.5789335529025053,52.65828945802781],[-3.58208395497799,52.663641778795885],[-3.582311233829357,52.66993214727388],[-3.5884523175605385,52.67614337705792],[-3.5929202893748644,52.676982452960566],[-3.5858210180496726,52.685169184030556],[-3.596368800388803,52.69042189618846],[-3.5893007030436275,52.699507443893495],[-3.5760848410611175,52.702381088416885],[-3.5732555031696265,52.7060148849554],[-3.5792381847878008,52.70773342441625],[-3.579400484823392,52.71222651804085],[-3.582489900613,52.7157815159342],[-3.5929137456543594,52.717439998090136],[-3.594655847867498,52.72460898616977],[-3.5861016391108995,52.733714241300945],[-3.5862647974270945,52.73820730022221],[-3.590870029593061,52.742640836998646],[-3.5881047593492172,52.74807219171652],[-3.5941266164329684,52.75068852651373],[-3.5957060969134904,52.7533644229626],[-3.594520491644078,52.76147178852821],[-3.5916889715235993,52.76510600783366],[-3.59349859222788,52.77407215075918],[-3.5995903009444112,52.778485369178185],[-3.598273075450485,52.78299834390655],[-3.6072646397348893,52.78557397566684],[-3.6076954078202124,52.79725569777],[-3.62077066015196,52.78988542185266],[-3.6354919996528863,52.7869862209662],[-3.6429365716145727,52.78778238825316],[-3.6417251129909705,52.79499153881951],[-3.6477906417730295,52.79850362754007],[-3.6535843681089846,52.79482681809006],[-3.656310149698499,52.78849544824928],[-3.6770950917802856,52.78910244710748],[-3.67871568498815,52.79267572977158],[-3.686231482149089,52.79526628540253],[-3.686474871771817,52.80155618676501],[-3.6807870675381773,52.80793025888896],[-3.686822728288177,52.81054174713372],[-3.7067341483241543,52.82643990414005],[-3.7155993162076344,52.82541301000374],[-3.73004042507799,52.81531374207926],[-3.7330064973630144,52.81527045516869],[-3.745158752883859,52.82228477991173],[-3.752683552306643,52.82487103611352],[-3.7601002561483146,52.82476125165566],[-3.767699322254324,52.829143576664265],[-3.767845285587625,52.83273763202382],[-3.751778707624041,52.83926928172554],[-3.7504755995913652,52.84378377888199],[-3.7345456446202348,52.85390722786973],[-3.7375502372061167,52.85476233127188],[-3.742327346064188,52.86278375524067],[-3.7500398994457433,52.869862700172035],[-3.7573189836749874,52.86615896336106],[-3.7706816522415108,52.86596038879872],[-3.7751725302506243,52.86679236813711],[-3.7798107321772787,52.87121818464972],[-3.8096954804418246,52.87526164756094],[-3.8114052122474105,52.88062991246806],[-3.807173837044916,52.886088730939065],[-3.807323366332688,52.88968267424712],[-3.8148259893585093,52.891366343371345],[-3.8163867054627283,52.89314058862654],[-3.8167249920899273,52.901226906731864],[-3.8068471791702807,52.91396434949541],[-3.807783035568647,52.93642635236353],[-3.81433304275853,52.950711259625535],[-3.8026564447896583,52.95628327804447],[-3.780450014271899,52.95931525331873],[-3.762558278942462,52.9586829746994],[-3.7702548087002454,52.96486182936858],[-3.7705486292710604,52.97204976240714],[-3.769170385410906,52.97476740388425],[-3.760276117439906,52.97579852299116],[-3.7516358680599233,52.983118472826284],[-3.7477500673484068,52.99756020668765],[-3.7388505805150447,52.99858976214553],[-3.7330373248691675,53.00227077977246],[-3.7312961745730893,52.996002945980464],[-3.7101983115604353,52.990015185918224],[-3.705589569125227,52.98648530144839],[-3.70278848846199,52.991020602075416],[-3.6878626405564416,52.990334474957926],[-3.686233543992318,52.98676149812944],[-3.6748087877747806,52.99950936313785],[-3.6839199332873296,53.003875754346346],[-3.683989895340171,53.0056728084009],[-3.675504848535056,53.01747997336801],[-3.6651786085268285,53.02032210812911],[-3.653120244523227,53.016894316469354],[-3.6457386309324176,53.01879475916311],[-3.6352401206192857,53.01714159126835],[-3.6323279238943686,53.01897963944914],[-3.620474533966181,53.020939815395984],[-3.605439335237187,53.017547744452],[-3.596631696588057,53.02126239112819],[-3.604482868508626,53.03194481487869],[-3.604616337556506,53.03553904850484],[-3.6003107076939425,53.04009210916094],[-3.5928233640200062,53.03929362637299],[-3.591696745421143,53.049197773349974],[-3.5873553787308228,53.05285181378218],[-3.5904703438834584,53.0564062149143],[-3.6070764166781615,53.061577026189426],[-3.6270086755726885,53.07569014982728],[-3.649526606863019,53.078976073700076],[-3.6541063955038005,53.081609507772875],[-3.655795463676879,53.08671619989404],[-3.6670465468634887,53.086204332292176],[-3.687914170598581,53.10139753876927],[-3.710382136951781,53.1081159641461],[-3.717088794788154,53.11404635531802],[-3.7199853059723718,53.12099775814708],[-3.7260876094666107,53.127837372270825],[-3.7255986244654733,53.136812090187526],[-3.7285049376228327,53.14095481239829],[-3.7350902602863085,53.14579798741582],[-3.7498821600740824,53.15183688033757],[-3.7542938056013018,53.15741774198592],[-3.7431037174345656,53.16687254517494],[-3.7404259412126777,53.17198211659367],[-3.740631005469682,53.178258678577535],[-3.7471262581893234,53.19580816299005],[-3.74628472591815,53.20025097572006],[-3.7289854869955534,53.21480356423453],[-3.7170017468696104,53.22231468430352],[-3.704572969965012,53.2252789633369],[-3.668732808803869,53.226751853417426],[-3.614200114308404,53.232249775179206],[-3.589755876840088,53.23878955235108],[-3.5943766044774312,53.24747568236397],[-3.5950232233763755,53.256444212932756],[-3.606514308076405,53.27585159974414],[-3.6049378951270694,53.28201112081109],[-3.599711239354719,53.287453542231724],[-3.5988414402924285,53.294967082557314]]],[[[-4.645005709541805,53.32535516238194],[-4.628952379196233,53.326591381977686],[-4.629529721592228,53.3276755982628],[-4.645250169199742,53.32687827881245],[-4.650665353555492,53.32217238210776],[-4.65533650385065,53.32242809170244],[-4.663316979299645,53.320361871498314],[-4.681443063535931,53.32445129612319],[-4.682345400930382,53.31490001035212],[-4.694470085888601,53.311929111384636],[-4.697384832443144,53.30886900805335],[-4.691407105502934,53.303816014456565],[-4.691743766511572,53.30201010468714],[-4.68167310316161,53.301787532087154],[-4.678590997207438,53.30050810916021],[-4.680190674039944,53.29489740664416],[-4.687562955647472,53.290415450822],[-4.6865093129100535,53.285583773154485],[-4.681113355363331,53.28327757845636],[-4.675755126873532,53.28636521307744],[-4.667906424841701,53.28321432076792],[-4.652525284028851,53.28922230110945],[-4.651076185147809,53.285208382833716],[-4.642424602841475,53.28602993005559],[-4.625873981385047,53.2779438121712],[-4.618366914862725,53.27783925532854],[-4.626642763036939,53.2709135492304],[-4.6213686149814075,53.268062521617004],[-4.621914099889231,53.264723688473445],[-4.610366235176857,53.25733453686602],[-4.613271665573933,53.25088692602498],[-4.5989447767682545,53.24454669165085],[-4.5818502679048265,53.241951256312255],[-4.580686856318881,53.245033535345144],[-4.567128440247924,53.246405445107804],[-4.563477717353098,53.250530161505424],[-4.564275421889651,53.25383978871844],[-4.560634019372225,53.25562646041109],[-4.565079425257258,53.25975676048502],[-4.5738365992395,53.26325435726472],[-4.564316032169046,53.26453859493825],[-4.569233119638669,53.26775946272624],[-4.576780875479032,53.26732673853187],[-4.57912278333559,53.273839751620216],[-4.584912198022788,53.276564564413015],[-4.5958813148442585,53.27563378415459],[-4.596788292084483,53.27822152086932],[-4.59350028773652,53.28090061968477],[-4.599910345389716,53.28516671740732],[-4.599490967511048,53.28814301636317],[-4.59177185643285,53.29199758346968],[-4.589563414518548,53.300137788001344],[-4.590097383405319,53.30325516837871],[-4.595962384971664,53.30665218599668],[-4.604679288263044,53.30682168691062],[-4.606502303051164,53.30471382643961],[-4.612237141737097,53.305217682384594],[-4.629922046730253,53.31696719678016],[-4.646582828919486,53.31929591200211],[-4.6493877267536075,53.32094198174059],[-4.645005709541805,53.32535516238194]]],[[[-4.421281781382504,53.42936778691523],[-4.438158670172894,53.42965361901041],[-4.445626120297313,53.42599441158184],[-4.447586519474336,53.42343677820714],[-4.456005983405216,53.41804909926593],[-4.469021500078171,53.41670164305383],[-4.476165728356706,53.420509655144436],[-4.486870493419379,53.42082654702192],[-4.494841775927797,53.413017841983496],[-4.501125339029621,53.41495425278038],[-4.5066958980973,53.41013507353067],[-4.515006012237783,53.41325994378713],[-4.528991282578294,53.41283852399387],[-4.5321278566563175,53.407377366858206],[-4.549452446012429,53.40772778854906],[-4.556842264922422,53.405501721526804],[-4.564104706027526,53.408672615173565],[-4.57560370467064,53.40473860244235],[-4.576621202765499,53.401659635634516],[-4.571295945514625,53.39817803896589],[-4.573267646421808,53.39346011959392],[-4.566678294868874,53.39144417032225],[-4.5668250601258435,53.38388842432168],[-4.5636907548364345,53.379280406213375],[-4.557597626146416,53.37797260517055],[-4.555945267943127,53.37549049194239],[-4.560982219140353,53.36171585768298],[-4.567580596216669,53.35896654728037],[-4.569304913871124,53.35515310270912],[-4.567191769222003,53.35250124122649],[-4.5709248892557435,53.347115998641286],[-4.567971146942438,53.34547130564578],[-4.5720050167700474,53.34259708847197],[-4.570449263308492,53.33921396160832],[-4.575290493830806,53.33479370303867],[-4.581184506134926,53.33538556202305],[-4.583840681510186,53.32714596948605],[-4.572804954059401,53.32594601286706],[-4.571586254190394,53.32066745850745],[-4.561505405189717,53.3178274480736],[-4.566908660729404,53.302785722502655],[-4.563819053075329,53.30132369885349],[-4.5581291375540465,53.306570965377155],[-4.551516588553874,53.30644294900501],[-4.538622063733718,53.311753330719256],[-4.53733195844512,53.310252290526435],[-4.546237306453049,53.306016357680235],[-4.5474690590799804,53.3014944208395],[-4.557003730008741,53.30030122954639],[-4.57392159333703,53.292114673737075],[-4.58464626851149,53.2833408143332],[-4.587303152560207,53.280136190933135],[-4.580777766090093,53.27641140927517],[-4.576000005302393,53.27678452521932],[-4.56572569499789,53.273050001894624],[-4.567024523339144,53.269695241461385],[-4.558499678579019,53.26558074215034],[-4.55944237464777,53.260777117866034],[-4.549997004395562,53.25576468702558],[-4.5554247785711475,53.25124264699651],[-4.540395511824256,53.24302233949557],[-4.536686729198043,53.238605724326966],[-4.52245250553133,53.236120695662684],[-4.5252535697713085,53.22769945355036],[-4.5050254072751965,53.21742700189507],[-4.5062200816821845,53.20966937605804],[-4.500037812596301,53.20638264240297],[-4.507191589889792,53.195532609485234],[-4.505468513878932,53.18909514731318],[-4.500319002890718,53.188583000260124],[-4.495038544670973,53.19019531718906],[-4.490132113257333,53.1892280717622],[-4.488301806587115,53.1852832062003],[-4.490501981030662,53.18140691873744],[-4.468516432184112,53.184292439752326],[-4.466629613672595,53.18532058074634],[-4.459773624221104,53.18060716547292],[-4.457228800167155,53.17274744255352],[-4.453183011509279,53.172651059673385],[-4.4534732764608345,53.1672503444692],[-4.443627947946697,53.16250769230871],[-4.437997174070554,53.16082491298284],[-4.430009411932239,53.16242684077444],[-4.428439434537619,53.16641500086513],[-4.415073836073788,53.173520188568475],[-4.412731246152508,53.179771573493944],[-4.405083234695391,53.18217409862481],[-4.396857980143723,53.19034204611367],[-4.388215333273239,53.19375249414386],[-4.386315051350672,53.19269368188094],[-4.382119287479684,53.18371469979554],[-4.3874459344137,53.17182968121559],[-4.389598082303636,53.170168102826324],[-4.399890870554203,53.16960140397493],[-4.416602891920535,53.1661164137911],[-4.420585085281293,53.162439037365395],[-4.409329314500312,53.14605173234706],[-4.416375922984739,53.134921637810834],[-4.408448743802672,53.13913736181008],[-4.407092545852502,53.14589918698215],[-4.3958942517174995,53.146215059590745],[-4.378606712246518,53.141886438387104],[-4.361539013373289,53.1333251553979],[-4.3305025863966,53.12890202626986],[-4.330594972641081,53.13060851574767],[-4.3518859971559305,53.13450534337502],[-4.338105226243658,53.14502669119599],[-4.337683387541515,53.148271751192304],[-4.326031886208857,53.15128724139238],[-4.327018189134178,53.14740182596136],[-4.323817921551642,53.14629552124185],[-4.300213990831323,53.1495412398905],[-4.284391882508084,53.158567164755944],[-4.275713708754276,53.167005023702934],[-4.267896346011271,53.1691321997102],[-4.247136754171856,53.18130385982003],[-4.232292333489326,53.1836509788508],[-4.223688758534495,53.18803763620507],[-4.220085816702333,53.18783514206065],[-4.215259463368822,53.19583690212823],[-4.215511769611839,53.20653120515721],[-4.209729246598418,53.21347158975981],[-4.198891115882213,53.21825742991964],[-4.1891959061605535,53.21906536080543],[-4.17950212443507,53.225806311436955],[-4.173124626021063,53.2241246937045],[-4.163209936604999,53.22358590178795],[-4.155688304819786,53.23071695532255],[-4.157754511236371,53.233367743274194],[-4.106860233455815,53.256692004877415],[-4.09892517980329,53.26303546542976],[-4.088345116448021,53.26439009419827],[-4.086071540326066,53.276207398656595],[-4.075329891201948,53.283587247423064],[-4.071246071796446,53.29219915827315],[-4.068091061275004,53.295220761121186],[-4.058179541438323,53.29817930266733],[-4.057427984326135,53.30439562338797],[-4.046163811616919,53.30737647312646],[-4.04039614861715,53.3123300872818],[-4.0572743600663665,53.31680495370704],[-4.0709488372071725,53.31396104046019],[-4.0957681084358475,53.31802259308609],[-4.101583214095315,53.32025775316784],[-4.118442710101274,53.321128184314006],[-4.136379186753536,53.31649276185512],[-4.145951272802598,53.306790954743],[-4.172426165201637,53.304962909828376],[-4.189554175341256,53.29943504375482],[-4.198418718277708,53.29963152798434],[-4.202782623187219,53.296943698449645],[-4.211575681526366,53.298668926809576],[-4.214723047448937,53.30148749691281],[-4.206907303337948,53.30999369697448],[-4.205005089954149,53.31677183455141],[-4.217828091631208,53.32084950255347],[-4.224964802755492,53.33968672194717],[-4.228955814127475,53.33844342185518],[-4.233551931194519,53.343032548545324],[-4.229208810012381,53.346170605042765],[-4.236461160304759,53.352687880218234],[-4.230067105953044,53.359730340558194],[-4.237414607572293,53.35941294349174],[-4.248413837971517,53.36280237247708],[-4.259031692365884,53.36179261857014],[-4.267339914837528,53.36541106094136],[-4.265471311691333,53.36985196847607],[-4.272778198518804,53.37438811899483],[-4.273813356000527,53.37688577152897],[-4.28062023402211,53.37765491432415],[-4.277643322868204,53.37258711705839],[-4.28847253169851,53.36707538953044],[-4.292284451590228,53.36808108475443],[-4.270343947878323,53.39079738838278],[-4.2708481618175105,53.397440839853125],[-4.276241884897452,53.39985544949598],[-4.2745374828601905,53.40456305831038],[-4.28532295481281,53.40930185026251],[-4.285040595333989,53.4124539689361],[-4.291712694903535,53.41340491775077],[-4.307114180064624,53.417153988663195],[-4.32667898624749,53.419920944349066],[-4.335078493295011,53.41939729089221],[-4.341782342969399,53.42088427837396],[-4.344389690272228,53.41903495477435],[-4.357500090968045,53.41661894988103],[-4.36627332064275,53.42013154457879],[-4.370512050406534,53.425981331579294],[-4.393622864674635,53.42740819576006],[-4.404215674670021,53.423059538413916],[-4.40805556992666,53.424420662920426],[-4.406018488740565,53.42832779151761],[-4.419561403942975,53.42823386236568],[-4.421281781382504,53.42936778691523]]],[[[-4.603251986013535,53.421878305390834],[-4.59943445595387,53.42714943498489],[-4.6070769473601905,53.42584086013419],[-4.61333265587926,53.42009352246447],[-4.607199950561226,53.41875309355412],[-4.603251986013535,53.421878305390834]]]]},"properties":{"name":"Gwynedd, Conwy and Anglesey","short_name":"GCA","region":"Wales"}},{"type":"Feature","geometry":{"type":"Polygon","coordinates":[[[-1.431579155479589,53.80109556832982],[-1.4465243153053395,53.81179533669083],[-1.4553276576537726,53.82838173352944],[-1.4680243598199747,53.84336502472507],[-1.4816466498689733,53.847918584217425],[-1.481680710008828,53.8536657120011],[-1.4908231813263497,53.85549391566389],[-1.4923382373287175,53.85913285860893],[-1.5100916503030826,53.863974249550644],[-1.5328117380331776,53.86544808825937],[-1.5360810822181385,53.86252200652149],[-1.5591592161523602,53.86394749204431],[-1.5607907535166323,53.86854049718519],[-1.5674326463252877,53.87530837706687],[-1.5775164065458827,53.87446074061778],[-1.5847091598841738,53.87797950366419],[-1.5892195155086943,53.88338773803256],[-1.5937657426384253,53.8852007122998],[-1.5965268687484193,53.89210606591114],[-1.6388338845581139,53.899789237824194],[-1.67436604797181,53.90028676252546],[-1.6814333806077966,53.89891649328036],[-1.6863876471391777,53.89266849429504],[-1.6986846869812633,53.89269995877041],[-1.7041097600173,53.896590674806085],[-1.7098146889391166,53.898392474015566],[-1.716753472359921,53.89840902811427],[-1.7258477098758431,53.89644365543253],[-1.7272281155524862,53.891083309160365],[-1.707733762264456,53.88643081421679],[-1.713862145294027,53.880154065132544],[-1.7230007171323434,53.87837797183459],[-1.7306350068516003,53.87390133387928],[-1.7399014703182691,53.871225441127265],[-1.7425763313793248,53.876218850164975],[-1.7519175918056757,53.881380777856265],[-1.7594390316610018,53.8795627122717],[-1.7672112753612088,53.882965648915786],[-1.7702242295239061,53.88836413855065],[-1.7823537999333237,53.896475784752404],[-1.792992597314573,53.89919086880331],[-1.8040402769627664,53.89920938308789],[-1.8340175883633503,53.90452281373651],[-1.836555323444872,53.90973556599815],[-1.8476282983924093,53.90646276739744],[-1.8584074775977364,53.90647593782026],[-1.8751211798241814,53.916381061253055],[-1.888813740235493,53.91998952395459],[-1.8905188139493367,53.91487081225885],[-1.8866538954980903,53.9017342552068],[-1.888585067808198,53.88860394776216],[-1.885688627154534,53.881749793023396],[-1.8866533683048814,53.872044727743216],[-1.9822130980932737,53.869259257363936],[-1.994758055191224,53.867550086162574],[-2.03948978842947,53.85523115602176],[-2.040519523235946,53.851128301523154],[-2.0472875330896185,53.84826857326295],[-2.058893325525813,53.84940921970266],[-2.060824934616193,53.84712149153922],[-2.055985232219063,53.840261412374716],[-2.06178239668016,53.83568484538627],[-2.06081021123771,53.82882369446562],[-2.066608446056741,53.82710575061465],[-2.082071477446815,53.82595670411966],[-2.0994610674964647,53.82137203414112],[-2.0984840284435378,53.815082733137594],[-2.1033083642214576,53.81107712306395],[-2.106190586825664,53.80249814943636],[-2.1129516977902902,53.80192111691944],[-2.1216506380896125,53.80420269479837],[-2.1255091255539442,53.80191193091297],[-2.1254744172896864,53.78704473315701],[-2.129322804378428,53.78132339936395],[-2.1341440627158255,53.77903148304848],[-2.1321981899480047,53.77274331249057],[-2.128329509150919,53.7698867427231],[-2.1254196250934667,53.7635994841705],[-2.128301953516912,53.75845109161439],[-2.1340831337427306,53.75501437650448],[-2.143728945983094,53.75386238446796],[-2.1446806535624945,53.74928593019305],[-2.1533635808897627,53.74927781202284],[-2.1610968041260925,53.75384412839804],[-2.1668860432283634,53.75383700486314],[-2.169768556125961,53.75040239013947],[-2.16975346328249,53.74582799871647],[-2.1726390174813193,53.74353715716701],[-2.182275702628702,53.740666384593574],[-2.1861201352006026,53.737229719844386],[-2.18610998936375,53.734371091129034],[-2.1793356092037763,53.728089969275764],[-2.173542098291893,53.725809275069196],[-2.1696733804047286,53.7223828093997],[-2.162856484588098,53.701233439918006],[-2.1445212572283285,53.69210279836894],[-2.141613469738722,53.685815489485506],[-2.1425599571027645,53.67952419916589],[-2.129084856213725,53.68353997265742],[-2.1281005500381394,53.674391116110286],[-2.1126924337820183,53.67497524582445],[-2.0972772600794385,53.67155387603041],[-2.0876485455230056,53.6721309268352],[-2.0770587788613395,53.674995733915466],[-2.0635828276398374,53.68243410801711],[-2.0443182308299863,53.68415412655835],[-2.0491258956673577,53.667570003422945],[-2.0375701621911575,53.66185290982787],[-2.032754432681828,53.65441983347277],[-2.0366038135224955,53.64984431922764],[-2.0356406985208446,53.64584179232147],[-2.040449764975137,53.637263838670805],[-2.0452590633305214,53.633260176361304],[-2.027941262913816,53.63669307771178],[-2.025054442701242,53.633833417661236],[-2.0279410208610833,53.627543096792664],[-2.023131350913926,53.622968733161265],[-2.0231321372098945,53.62010905026386],[-2.018323587597833,53.616677553187245],[-2.0077439140284445,53.61839247246821],[-2.0038982783449466,53.615531814586845],[-2.005822969106343,53.612673124533956],[-1.995249066480137,53.60695300863501],[-1.9779642438240088,53.58693261934498],[-1.973162885882999,53.58407105041593],[-1.965473715039067,53.58463914929601],[-1.9597122995818714,53.58177658084856],[-1.9529851615212714,53.58234455393873],[-1.9481828028557686,53.58119780193791],[-1.9501329307479887,53.56518759467002],[-1.9453303772443387,53.565184697911285],[-1.9405357805612564,53.561178196014495],[-1.918471141332338,53.55086685184542],[-1.8685806043675108,53.53937386742041],[-1.8561260463518119,53.533066813748434],[-1.8408213412806094,53.521034515605855],[-1.8264250290723916,53.521583676051144],[-1.813046145296903,53.51069509371576],[-1.785297145863216,53.49806108039597],[-1.7843611529308372,53.49405646785512],[-1.7882253040967506,53.48891707373932],[-1.78729099003117,53.4846482215869],[-1.7424535020089393,53.479167039168026],[-1.7363014063396454,53.47501894191692],[-1.7339318303855453,53.46845210748953],[-1.7255123419348037,53.46591630775837],[-1.7154784699691088,53.45717401988734],[-1.7149241928549726,53.44998189368798],[-1.7102705130506664,53.44790335086993],[-1.7034982298751018,53.44743732492083],[-1.686998373919829,53.438946055452995],[-1.6878096202201465,53.4309483736753],[-1.6929384258961748,53.42934371768082],[-1.6947913724037005,53.42278681790546],[-1.6999347393804374,53.418934757407555],[-1.7068720636283996,53.416614942793856],[-1.7031269716471031,53.414268673049335],[-1.7042442599620955,53.40501320860479],[-1.6938934762176228,53.401122054762325],[-1.686674312655405,53.40110334697641],[-1.6826015066151385,53.40271054696708],[-1.6686829480317567,53.39377405562465],[-1.6546982706629614,53.393734463914946],[-1.651615999091441,53.38446724672727],[-1.6626745761020114,53.373892382495335],[-1.6630311803281481,53.366792358188604],[-1.6529917589601923,53.36316815535929],[-1.6453222805042982,53.36386472301316],[-1.6398063088972172,53.35863479151477],[-1.6308123579593568,53.35618038933157],[-1.6248406174080887,53.3518472145639],[-1.613428424498123,53.35127150082759],[-1.607698529458438,53.35358987633176],[-1.5947727526938844,53.35417592791921],[-1.5978137601438296,53.35032106933729],[-1.592581794384324,53.34760672570682],[-1.5908111062668033,53.3442748511937],[-1.5943168058586894,53.33889357711445],[-1.5886376791295436,53.335997767469195],[-1.5877600543216221,53.33356778583409],[-1.5891158331619597,53.31748262203249],[-1.5847846310302491,53.3152204490846],[-1.5833134209583397,53.31215914620966],[-1.5736044750799139,53.307450704443184],[-1.576691125204648,53.29883246768139],[-1.5757102989799947,53.291817732348164],[-1.5730405139271222,53.28875202138171],[-1.5772742753353661,53.2853513494341],[-1.577166849024329,53.2810363432133],[-1.5725516717436414,53.27760415334985],[-1.5709506504769999,53.27274444620681],[-1.5651364766857891,53.26939753333915],[-1.5538708309653724,53.27133348615509],[-1.5513744962064484,53.26629037947608],[-1.5530480082480702,53.263959562108305],[-1.5479774174209917,53.26142358294271],[-1.546214676370279,53.25800112859061],[-1.5494360880195064,53.25100203039802],[-1.5338540467055222,53.23673972437495],[-1.5358162806290903,53.235399052674154],[-1.531078156879403,53.23025684840484],[-1.541174110460399,53.224722997623424],[-1.5488175118802763,53.22430271360172],[-1.5482628350785212,53.2200758194047],[-1.558603803148196,53.21939543857075],[-1.562548809627294,53.214376185938164],[-1.553905758573322,53.21029915385707],[-1.55879302030854,53.20096885316582],[-1.5441600599486336,53.19740812044237],[-1.5418832126422484,53.20036574473191],[-1.5325954148500807,53.20095892244257],[-1.527731519553207,53.19401826428201],[-1.521259660091408,53.19722847530596],[-1.5103431518601935,53.19628524431035],[-1.5014312659860987,53.19031559095636],[-1.4964378498583004,53.19496886668021],[-1.4929921876187482,53.19522393167644],[-1.4860004963844806,53.19159840336475],[-1.467474829269026,53.188910281204976],[-1.4552045706785368,53.18876494475574],[-1.4530934586304725,53.19001373647847],[-1.4454238485172308,53.18125897165233],[-1.4355321478696814,53.18247099896426],[-1.4319921112296372,53.17858890587976],[-1.4259775465371256,53.18080734536073],[-1.4143764391390892,53.164660540003695],[-1.416526410384715,53.16053612411573],[-1.4132116986614787,53.15135100775804],[-1.415273838655321,53.142641736828686],[-1.408292301123048,53.139371207173696],[-1.4015370910881353,53.14140495548928],[-1.396307654439444,53.14119879038521],[-1.390874131377928,53.14485666044042],[-1.387442110866208,53.144389610169696],[-1.382914779307514,53.14733264634503],[-1.3837822259946084,53.14940462523893],[-1.379841846184887,53.153069704332935],[-1.3612595271254226,53.15575815453578],[-1.3569920466629144,53.1611286506779],[-1.348880906129889,53.163421775075385],[-1.338673163922017,53.156084389834426],[-1.3350042558001045,53.15156941997368],[-1.3355138414151102,53.14761705650657],[-1.3306137364827417,53.14543223923589],[-1.3231516338516847,53.14458105833325],[-1.3203722507590732,53.14069991208838],[-1.3012761086003388,53.14751107163735],[-1.2965651744938407,53.15215769512829],[-1.2978360845325605,53.15674963323269],[-1.2939871535065073,53.163468731623276],[-1.2970515316413345,53.168161181654504],[-1.3084033207989154,53.169216405324846],[-1.3050342021888663,53.174050912326145],[-1.3111273120715579,53.17660323178596],[-1.303872134631826,53.18114550336444],[-1.2936891485390207,53.18162493423889],[-1.2845039554234154,53.18507588670354],[-1.2836719454074894,53.19010476275093],[-1.2794636480733437,53.19115809442931],[-1.2829594027176354,53.19693217883775],[-1.2902650488866712,53.20776276317022],[-1.2835771260167048,53.22273444708851],[-1.2898062798746746,53.22645721101731],[-1.2856890284871507,53.23083723328166],[-1.2935910640684423,53.23313155985855],[-1.285286194127105,53.237037233683935],[-1.282875289005975,53.24682076467627],[-1.2789278671978728,53.249853218910985],[-1.2802982993589849,53.257502129292945],[-1.2765314578781317,53.25864790709217],[-1.27134665628085,53.26382994983372],[-1.269633377092219,53.267594837846794],[-1.26801908030659,53.27432666317748],[-1.2751084812993452,53.280752105157234],[-1.2746129233124412,53.283445775110074],[-1.2873733412243393,53.29179248802478],[-1.2828460910163013,53.29338336826203],[-1.2815789310963246,53.30631977540727],[-1.2873563277853124,53.31084886364429],[-1.2820932473193076,53.311446541332],[-1.28186476043386,53.31611938880315],[-1.2759716951571805,53.31842089384486],[-1.278835829212746,53.32661811319889],[-1.2846487244768676,53.329169975404156],[-1.2850990557890734,53.33816153072976],[-1.2811266933012453,53.34218265760241],[-1.2723687241212156,53.34491614112286],[-1.2720315959210966,53.34707140896233],[-1.2667176049804212,53.350364760379726],[-1.2544285946278337,53.348670655277026],[-1.2503431237984048,53.35035295338644],[-1.2508762428227196,53.354221504900906],[-1.2595440591277764,53.35688233960662],[-1.2671088457702542,53.362591976252126],[-1.2722174683251095,53.36262322325003],[-1.277289612011511,53.364811346817795],[-1.2822867716658821,53.37149320486492],[-1.2828411439956275,53.37428306346352],[-1.2742651558542022,53.374770581608374],[-1.2753973775231293,53.37891230418692],[-1.2689581151350204,53.3862438714291],[-1.2714432932700424,53.390393897467575],[-1.2679728790066491,53.39109178970966],[-1.2551000253693898,53.40494478893729],[-1.2617379524317234,53.403817466311644],[-1.26544839422596,53.406716743727955],[-1.2775752306776686,53.41011653271631],[-1.2792876091959433,53.4156100083422],[-1.279049046563409,53.42082203501831],[-1.2829247043970067,53.423002652825936],[-1.2875906687686287,53.42294067745291],[-1.2911450845193408,53.4263775305653],[-1.2855457434699467,53.42823182083126],[-1.2804413817883202,53.427482084870455],[-1.2734303273260514,53.432653115800896],[-1.268304050766949,53.4331611589952],[-1.2731955175152885,53.4375954798068],[-1.2672944057057094,53.43935718530428],[-1.2446935722415409,53.44047489438456],[-1.2391657840504422,53.4381027592034],[-1.2340029224201958,53.440586620297495],[-1.2276742493893293,53.44090543515449],[-1.2239911903677576,53.44474672906526],[-1.2186678316560202,53.44767832360758],[-1.2181336631994937,53.45216919187597],[-1.212675026240137,53.4542007626461],[-1.219697695624104,53.45721309428375],[-1.2142202205142292,53.4602333709175],[-1.2134007971197693,53.463823464446634],[-1.207471853288864,53.46675056440054],[-1.2091640461652775,53.47296398375723],[-1.2148270476528744,53.4763271288431],[-1.2053338046127022,53.484444104569775],[-1.204464387558016,53.49064050911404],[-1.2015723508084322,53.49214930564192],[-1.1908566641646101,53.49288624893791],[-1.185524974988606,53.49581631209754],[-1.1858756100253418,53.501122016502045],[-1.1770804952732425,53.50375841299499],[-1.1718498326265367,53.501385246211704],[-1.1626281166660133,53.502669315799764],[-1.159698228618118,53.50597458303704],[-1.150177246835782,53.50707582739238],[-1.1408646208375035,53.51276204086451],[-1.1402215066718635,53.51473492844694],[-1.1311265455658643,53.51700625255578],[-1.1313601223068581,53.520333760451074],[-1.1246802324491734,53.52244234008534],[-1.1203308849588858,53.528522728780494],[-1.0943370267545685,53.537766843029296],[-1.093551972905174,53.539199075718535],[-1.0838613167098405,53.54074322033198],[-1.0677945634622696,53.53711349835355],[-1.060570749309655,53.54307940958643],[-1.053167425947518,53.543470474368355],[-1.0533248466398868,53.54994358000965],[-1.0612772518332594,53.552073642675644],[-1.05866382411725,53.554210390701634],[-1.0599778849789547,53.563029621025166],[-1.0560150525757832,53.564706267593344],[-1.058674490642868,53.56733393180066],[-1.0560079560106383,53.57180725323942],[-1.0656933198352936,53.577725887638216],[-1.0647277816025924,53.580414936561674],[-1.0610993949750185,53.580566296922825],[-1.0601095943951229,53.58433374536373],[-1.046077217287941,53.590335000343316],[-1.0284522763383328,53.594687545577024],[-1.029953435982252,53.60171085806868],[-1.0193292118117265,53.60369167159562],[-1.0180870842326895,53.605119670394146],[-1.0035748995283793,53.605269404122744],[-0.9965688025821119,53.607547926517626],[-0.9956045735389734,53.609966774750255],[-0.9884762103435751,53.610985389272976],[-0.9784667512766568,53.61863063170541],[-0.9699041284121485,53.61630998452007],[-0.9648569861941197,53.61939192599498],[-0.962495921438731,53.623407565096784],[-0.9518564067930693,53.6248181533308],[-0.9409101838425077,53.62916195230904],[-0.9420131808280929,53.63182674078341],[-0.9502784380551231,53.63127929057009],[-0.9502078231174724,53.634124562822194],[-1.0362052819979404,53.6282011603838],[-1.0434963776268642,53.611358360527774],[-1.0669386602407471,53.60588209054136],[-1.0794024037129286,53.606217800349604],[-1.1197457413847753,53.61522615904648],[-1.1484579074145775,53.61620428129066],[-1.1685348306755985,53.63605610713496],[-1.1733213073115965,53.64435420521453],[-1.1782157049101065,53.643763101190146],[-1.1841529232655144,53.64964622439823],[-1.1962202066456005,53.65152553019379],[-1.203707928032155,53.655620260264506],[-1.2100020927568522,53.65628268131709],[-1.2134331495776234,53.66152702538946],[-1.2194773770251113,53.66201603353166],[-1.226312296045976,53.66478272104457],[-1.2118026128054522,53.66780818998247],[-1.1987366423274552,53.66727446310207],[-1.1987110443924713,53.66862414467904],[-1.2077193536163815,53.67227659644994],[-1.206033418707091,53.677850843645395],[-1.2091108992846125,53.678577394092315],[-1.2172693746312988,53.6876157903138],[-1.2171909336850424,53.69256654083053],[-1.2260704619424463,53.70340823228927],[-1.2313110401125298,53.70658832624435],[-1.2277998123324463,53.710606470962425],[-1.2289402644388556,53.7148942675406],[-1.2384908885622978,53.712721020880934],[-1.257277888351342,53.71216291499093],[-1.2686058022537454,53.71525879043809],[-1.2653622013194639,53.72162726380628],[-1.2603009305463075,53.71858628031998],[-1.2515721619622084,53.71840045517634],[-1.2507666692454276,53.72019337755199],[-1.2426555411611766,53.72143634943168],[-1.2250195598749134,53.719577963042276],[-1.2127803162622994,53.7254332029444],[-1.231927254461041,53.72636316623257],[-1.2409391408341863,53.73091477971437],[-1.2348358399450525,53.73312303821864],[-1.2497529797046443,53.74669973645914],[-1.2361071374953227,53.746613574702906],[-1.234550182176731,53.74885069851237],[-1.223969465070109,53.746985004430144],[-1.1936541921100856,53.746335584245834],[-1.1981427655686603,53.749511588510224],[-1.211014476899027,53.75049572960869],[-1.2117389686135525,53.752298175010814],[-1.1783347883388307,53.75432098133826],[-1.172975300335753,53.75693303847788],[-1.1876304622226495,53.75911494048314],[-1.212738986242428,53.75688430873388],[-1.2231597708193613,53.761032942191356],[-1.2480331118360648,53.75605096779942],[-1.261419915390339,53.756564850839155],[-1.2774107362576586,53.7621270808963],[-1.29849659962721,53.76581085777863],[-1.318799194943727,53.77295572397257],[-1.3642606551533927,53.781385412115114],[-1.3678814939179094,53.7838159145557],[-1.3712172584340632,53.79133153709176],[-1.3809795225892934,53.79575296497966],[-1.4164629428349726,53.79728104501557],[-1.431579155479589,53.80109556832982]]]},"properties":{"name":"South Pennines","short_name":"SPN","region":"Leeds"}},{"type":"Feature","geometry":{"type":"Polygon","coordinates":[[[-1.6730172303144937,54.53537099960074],[-1.6824151880441705,54.533348849193224],[-1.6941971424929552,54.53580027611081],[-1.7034787738995707,54.52699456090745],[-1.6994359235985705,54.51343198682086],[-1.6846638243369474,54.482373870222325],[-1.658012019912917,54.47556648699532],[-1.6274211202814324,54.463638875581886],[-1.6085407758365782,54.43757791490895],[-1.6227186253516548,54.401118466056936],[-1.628060349473669,54.39306564633382],[-1.6224319673665553,54.38523108810083],[-1.6202582111536232,54.37075426031861],[-1.6220894642369141,54.32618560708862],[-1.6197281529891716,54.29274711053606],[-1.6101253122618204,54.27042906438653],[-1.6102303744672422,54.25928562253487],[-1.6050496741660447,54.248124971531034],[-1.591417002131615,54.23693573735795],[-1.5915269727654242,54.22579234839696],[-1.553970807487952,54.1810836132302],[-1.554090617996551,54.16994008561559],[-1.5733123646989664,54.147721775715155],[-1.562686078078309,54.14280817619297],[-1.5544495616729634,54.13650946520057],[-1.535845973124114,54.10300706012271],[-1.517013661862288,54.091788862719554],[-1.5174013562275968,54.05835789070153],[-1.5088633460287737,54.0522447530539],[-1.4986686270676939,54.040945893111],[-1.4798350014973292,54.032873668560555],[-1.4682892385305584,54.02471822807459],[-1.4611541025794628,54.013542170135146],[-1.4475408872054,54.00233607644649],[-1.4425309261148176,53.9911686862321],[-1.4237741031912563,53.97993587470479],[-1.4155276079772985,53.96875165034781],[-1.4108545945909305,53.957584397289516],[-1.4056611335304219,53.924125459370714],[-1.4114349027862718,53.91635271586141],[-1.4246945389236625,53.91307358358615],[-1.4277506640792408,53.90194364382763],[-1.4090616728227157,53.88899418000134],[-1.406293188029083,53.87955043959872],[-1.3985827976427663,53.872978958580084],[-1.3961663129585857,53.86835533229865],[-1.4066085775944746,53.85726275835856],[-1.4055779295071726,53.83496833638333],[-1.4145527443355161,53.828325634779866],[-1.4259160086622056,53.82392273865531],[-1.43325285727969,53.81709925925093],[-1.431579155479589,53.80109556832982],[-1.4164629428349726,53.79728104501557],[-1.3809795225892934,53.79575296497966],[-1.3712172584340632,53.79133153709176],[-1.3678814939179094,53.7838159145557],[-1.3642606551533927,53.781385412115114],[-1.318799194943727,53.77295572397257],[-1.29849659962721,53.76581085777863],[-1.2774107362576586,53.7621270808963],[-1.261419915390339,53.756564850839155],[-1.2480331118360648,53.75605096779942],[-1.2231597708193613,53.761032942191356],[-1.212738986242428,53.75688430873388],[-1.1876304622226495,53.75911494048314],[-1.172975300335753,53.75693303847788],[-1.1783347883388307,53.75432098133826],[-1.2117389686135525,53.752298175010814],[-1.211014476899027,53.75049572960869],[-1.1981427655686603,53.749511588510224],[-1.1936541921100856,53.746335584245834],[-1.223969465070109,53.746985004430144],[-1.234550182176731,53.74885069851237],[-1.2361071374953227,53.746613574702906],[-1.2497529797046443,53.74669973645914],[-1.2348358399450525,53.73312303821864],[-1.2409391408341863,53.73091477971437],[-1.231927254461041,53.72636316623257],[-1.2127803162622994,53.7254332029444],[-1.2250195598749134,53.719577963042276],[-1.2426555411611766,53.72143634943168],[-1.2507666692454276,53.72019337755199],[-1.2515721619622084,53.71840045517634],[-1.2603009305463075,53.71858628031998],[-1.2653622013194639,53.72162726380628],[-1.2686058022537454,53.71525879043809],[-1.257277888351342,53.71216291499093],[-1.2384908885622978,53.712721020880934],[-1.2289402644388556,53.7148942675406],[-1.2277998123324463,53.710606470962425],[-1.2313110401125298,53.70658832624435],[-1.2260704619424463,53.70340823228927],[-1.2171909336850424,53.69256654083053],[-1.2172693746312988,53.6876157903138],[-1.2091108992846125,53.678577394092315],[-1.206033418707091,53.677850843645395],[-1.2077193536163815,53.67227659644994],[-1.1987110443924713,53.66862414467904],[-1.1987366423274552,53.66727446310207],[-1.2118026128054522,53.66780818998247],[-1.226312296045976,53.66478272104457],[-1.2194773770251113,53.66201603353166],[-1.2134331495776234,53.66152702538946],[-1.2100020927568522,53.65628268131709],[-1.203707928032155,53.655620260264506],[-1.1962202066456005,53.65152553019379],[-1.1841529232655144,53.64964622439823],[-1.1782157049101065,53.643763101190146],[-1.1733213073115965,53.64435420521453],[-1.1685348306755985,53.63605610713496],[-1.1484579074145775,53.61620428129066],[-1.1197457413847753,53.61522615904648],[-1.0794024037129286,53.606217800349604],[-1.0669386602407471,53.60588209054136],[-1.0434963776268642,53.611358360527774],[-1.0362052819979404,53.6282011603838],[-0.9502078231174724,53.634124562822194],[-0.9502784380551231,53.63127929057009],[-0.9420131808280929,53.63182674078341],[-0.9446593300085729,53.64058188304511],[-0.9305920669111347,53.64273947436305],[-0.9277711423981668,53.63850171317405],[-0.9232346068515086,53.63846100359752],[-0.919836942552587,53.63528436640696],[-0.9213238552199166,53.630353999540944],[-0.914623146357088,53.63218106593149],[-0.9102030745413978,53.62764656140013],[-0.9067445542217349,53.62689594302816],[-0.9012158836311933,53.63017114851934],[-0.8985038813381303,53.62978668042832],[-0.8985071322887771,53.623854165313325],[-0.8941468632710196,53.622915096741345],[-0.8946778137068998,53.619953732866634],[-0.887259659900453,53.62033443718397],[-0.8847867714285981,53.62237883257714],[-0.8693470860787184,53.62304299322939],[-0.8686078610335162,53.62806970903841],[-0.8642928758093623,53.63108501355211],[-0.8577037005981851,53.62868525592668],[-0.8556532838059068,53.63181173332468],[-0.8414744812969137,53.63598996976501],[-0.8360462924708024,53.64088112373899],[-0.8301387062798804,53.641183109482355],[-0.82608487863635,53.63826703296724],[-0.8200726554286835,53.646622038736304],[-0.820904703331665,53.65120541561634],[-0.8119972456134535,53.65969371809574],[-0.7946384467329688,53.66065976696565],[-0.7807926509556473,53.67309748999499],[-0.7759612421576716,53.67361953853874],[-0.7635644353381106,53.669486275122225],[-0.7615189821407555,53.67346775112289],[-0.7662656351915816,53.67580554549707],[-0.7632221981073722,53.680919863826794],[-0.7639114051809355,53.69007779239853],[-0.759819157310181,53.69798226550808],[-0.7713841836376734,53.69542610365253],[-0.7806074595852623,53.695969769821914],[-0.7996150095577406,53.70398188128011],[-0.810652866172244,53.704721161323405],[-0.8241182177589873,53.69991029818299],[-0.8453846156983168,53.68553752070569],[-0.852978650441174,53.68525092606417],[-0.860868866295944,53.69081827820326],[-0.8662459986880295,53.699237703752125],[-0.8618798421286274,53.70387039656053],[-0.8464533301975542,53.708486851987786],[-0.8439658585872276,53.71079992467244],[-0.8438216912276594,53.7215848837557],[-0.8498203704894823,53.729462692117636],[-0.8561411060581483,53.73002654332918],[-0.856302120346768,53.72521019206265],[-0.8627461996412189,53.722305276588045],[-0.8719958639357595,53.72212303476567],[-0.8887075100253289,53.72632401816918],[-0.904310597223239,53.72664744763181],[-0.9116986029184547,53.728152927599666],[-0.9109926068761032,53.73201158854735],[-0.9308780171092282,53.73093221526578],[-0.9612334290040699,53.73551360786239],[-0.9593857679509822,53.73666608596044],[-0.930836981204015,53.73254978339105],[-0.9103422488453934,53.73371350042891],[-0.9076024037321212,53.72829543474103],[-0.8841163852167354,53.72798918905622],[-0.8713248440555291,53.724543636174644],[-0.8593212206882933,53.731261321985684],[-0.8496075083570288,53.73170779887265],[-0.8411990644014952,53.723267391060844],[-0.8397172071824953,53.71102852024867],[-0.8450051237546636,53.706045969678556],[-0.8594931031099745,53.702499407980724],[-0.8630780259045402,53.69875825324782],[-0.8573985439279942,53.69034478721134],[-0.8500778839107014,53.68667928010868],[-0.8425712510071457,53.68984290968606],[-0.8260243321507745,53.702176156027804],[-0.8115083934331266,53.70661727130874],[-0.8045312411772234,53.70690741016475],[-0.7954977494900589,53.70492931790696],[-0.7781405680122181,53.697472718238345],[-0.7384732521631661,53.70703911407087],[-0.7177297291524741,53.706639141678515],[-0.6960015292273395,53.70379788887564],[-0.6883234039007451,53.7071298196699],[-0.6804251265175865,53.712616149585116],[-0.6746004433021201,53.71956312436405],[-0.6692215552731955,53.72193048565361],[-0.6236324442342135,53.73031448855575],[-0.6104345713103767,53.73061163078935],[-0.5941323408307868,53.72853383782549],[-0.5837770184283281,53.725445578401306],[-0.5680680839509473,53.71492165085516],[-0.5509919211190459,53.70914321787895],[-0.5413085250228126,53.70875604672869],[-0.4817607692647244,53.71727494557735],[-0.46338385822263417,53.71713057107546],[-0.44796273628925065,53.71326427060125],[-0.3672328641491184,53.727994233124925],[-0.36519360367908466,53.72976425979861],[-0.34161727550545007,53.73564282881484],[-0.3403236303150122,53.737692430211375],[-0.333194313684283,53.73777326664235],[-0.3096488146252939,53.74265720900185],[-0.3011293030923553,53.743345772183524],[-0.30118300769808654,53.74577362288289],[-0.2920783438653612,53.74591389746333],[-0.2918699665975067,53.74357372721094],[-0.27394194184301085,53.74070997355936],[-0.2747929762190228,53.745846105591056],[-0.25777821847797244,53.74290318313754],[-0.2577976228064234,53.73876839343258],[-0.2690556726496295,53.74153842386671],[-0.2719903214681666,53.74023238510296],[-0.2513539106368653,53.73328095895582],[-0.24297735303338613,53.73783287193787],[-0.24236056170271428,53.730812159167115],[-0.23430359930440034,53.72772722465323],[-0.2350289982994428,53.72126558605256],[-0.22788235946256694,53.711002113704225],[-0.18270702491469543,53.68686285519204],[-0.1478118689791043,53.660708078550826],[-0.1132986937490915,53.64016726441261],[-0.09462523525676197,53.63325507503804],[-0.053464678060705664,53.629095725151466],[-0.04850436560773487,53.63171187126058],[-0.0049069158291156064,53.64214041440569],[0.01392735092581997,53.64371286428114],[0.01813331789598933,53.64624907703558],[0.033419608409123086,53.6494964181178],[0.07233436566647836,53.643884568234775],[0.11278129092226656,53.62978232190941],[0.13781129054228192,53.6163021993275],[0.14600676166998838,53.609161195177805],[0.14684682120508757,53.606053527685795],[0.14277624022758392,53.59701053357313],[0.12603623285479512,53.586575040286725],[0.1161341713669781,53.57799428502576],[0.11132692850518358,53.57640708605542],[0.11253292853564119,53.57332915997266],[0.1450158244925595,53.597365962127405],[0.14889160213291117,53.605837015651666],[0.1426960427173075,53.621995448969315],[0.1301881976585901,53.639362786441865],[0.12887252753201295,53.6471805510817],[0.11550394810151988,53.66605382175104],[0.07221903890896672,53.70321985335016],[0.04470055253274637,53.72311075173757],[0.0354545357713735,53.73252765451078],[-0.025472295191510112,53.78146188031566],[-0.12192815281305361,53.868141102506],[-0.15714398349135206,53.90779023784677],[-0.1807392439382181,53.94635396662304],[-0.2064821545656514,53.996270764145656],[-0.21368045548747264,54.020558342863126],[-0.21452872751613922,54.03639150953922],[-0.21116711211080733,54.06133078307793],[-0.2023664003853101,54.07405372568301],[-0.195380536112783,54.08006159044197],[-0.18813387451457034,54.08148078019451],[-0.1758108343467974,54.094058836752424],[-0.16483992265266115,54.100094368220404],[-0.13800053062719872,54.10516529659919],[-0.11659672766175137,54.1049220744624],[-0.11236986853948222,54.10368726834344],[-0.08248493234971643,54.11157455356881],[-0.07550460165876642,54.11694644846587],[-0.08132579064697042,54.123421620123324],[-0.1023611051658302,54.13193511843882],[-0.10840962838022775,54.13355845268526],[-0.12395469538167132,54.13506019415821],[-0.14609181585563852,54.14322353121319],[-0.15568279894231007,54.14444951758207],[-0.17036823566053177,54.15168491674459],[-0.1829321579206446,54.15502128393365],[-0.2240356457258969,54.16075817923535],[-0.24649367609514136,54.16935694288561],[-0.2696886167188858,54.182546250077486],[-0.2833662353874476,54.19640468970515],[-0.2848475543362053,54.20505486185074],[-0.2817388315593708,54.21345985854277],[-0.2756302129859576,54.22020393310887],[-0.28998152426008267,54.22553193925035],[-0.3116276364402102,54.22889326033076],[-0.31360576913366245,54.233055682892136],[-0.3346892207934117,54.239101490555115],[-0.3401691174569822,54.24403085957043],[-0.3497508167394179,54.242364729843594],[-0.3623640787741207,54.24550294650326],[-0.36881114776395996,54.24936550463602],[-0.3676778506865795,54.254743219708295],[-0.37497331705385706,54.26050447936799],[-0.3757739549791766,54.26357132487787],[-0.383101459021857,54.264658539006355],[-0.39134973640865,54.26971247704496],[-0.39334044986579025,54.27235622015525],[-0.4260881948030356,54.26135159204793],[-0.43279262168200877,54.233800586302415],[-0.525868008734218,54.2331599576019],[-0.5820445386332201,54.22999203582544],[-0.6719491157076717,54.23383545140081],[-0.6756924332654389,54.23748134206005],[-0.6957984112617,54.241344872318514],[-0.7348559968760603,54.242090320549444],[-0.7439211645185035,54.24791653621587],[-0.750600521493822,54.255091935681975],[-0.7541891047458695,54.264633333406216],[-0.7912701818266645,54.26495816014992],[-0.8104149410355316,54.26124793138494],[-0.829430087781476,54.261991196722434],[-0.8672657422778722,54.27064896733863],[-0.8864349639752557,54.26587447955895],[-0.9060583505439674,54.24376536197967],[-0.9823327792657983,54.2371467779666],[-1.0014469244009088,54.23344883253712],[-1.0088459533844858,54.222365686588624],[-0.9946513439405948,54.19995945358723],[-1.0023720901553432,54.19507060997702],[-1.0278528912723004,54.18908753145566],[-1.0331793612014875,54.177986039331714],[-1.0146091601538212,54.16000455147673],[-1.00332483766407,54.155454027277926],[-1.0223459035628595,54.15401791527078],[-1.1362680987786624,54.15385857752241],[-1.1551982639079164,54.15661497114113],[-1.1741831536428815,54.15674662261705],[-1.1989257037562868,54.16899463526116],[-1.1887958405350891,54.190768531384116],[-1.2114156941738723,54.195808523556174],[-1.232659652352422,54.2029099580761],[-1.2387755372365983,54.207989155701846],[-1.2510860804676212,54.214039953102],[-1.2604468166185865,54.22492510125862],[-1.2645682323566942,54.23503099672471],[-1.288491963212016,54.242921625711645],[-1.2935114211307803,54.24761808838953],[-1.2993630272834018,54.26912012592943],[-1.3069788609747939,54.28092469151591],[-1.3067687245562567,54.30295127863628],[-1.34456528230045,54.314736346733824],[-1.3533288683738027,54.32598404506158],[-1.3569877825198229,54.33711073286931],[-1.343871172335471,54.348333902488235],[-1.3361822445792215,54.359492251135286],[-1.3320161631365128,54.370016358426454],[-1.331829860319433,54.38149572134684],[-1.3170944023777258,54.39261372893272],[-1.299344345232782,54.41117930676649],[-1.2897785590596405,54.418403653172824],[-1.2792982475363086,54.42282172016822],[-1.2538823915814794,54.42976105750307],[-1.2251260637905343,54.43508690867974],[-1.2092465181185803,54.436570842017275],[-1.1520929329557774,54.43618337971058],[-1.1329790379935794,54.43903456827315],[-1.1233131956652114,54.441764939334824],[-1.113273317298636,54.44691857965804],[-1.112871235798136,54.458116015456675],[-1.131695242018612,54.469453039007625],[-1.1393161184949556,54.49082172230431],[-1.1377305312932702,54.50098977572659],[-1.1664676994119676,54.50371412492033],[-1.184863304628292,54.50727080876285],[-1.2035550839450933,54.50687951922421],[-1.2136142095173323,54.509991019059264],[-1.2303738803704727,54.51186751189655],[-1.2346352646723946,54.510302033262015],[-1.2341495488456529,54.50612804870633],[-1.23828212858585,54.50621793336411],[-1.242090235050197,54.50164399536058],[-1.2564441078372268,54.50109410145476],[-1.253031900341606,54.497768549698314],[-1.2569950291535668,54.49319420284754],[-1.257172745263285,54.487307783791984],[-1.2690690558536117,54.48829427038206],[-1.2741728461510349,54.49105623041345],[-1.2807481040197872,54.49042957547056],[-1.2852659715274775,54.487813187940034],[-1.2864798464727158,54.48272106945779],[-1.3085750353309176,54.47647486242576],[-1.3128859459149362,54.47726420079539],[-1.3180831196430247,54.4721862501005],[-1.3400447508197066,54.46635106754551],[-1.3446854541195532,54.472395337024366],[-1.356261119307443,54.472913211228715],[-1.3639202769191787,54.4661373412026],[-1.3703114602848814,54.471010052396174],[-1.3725143286476256,54.48115588310035],[-1.3680328605227159,54.48482707664612],[-1.380781635021055,54.49401616604728],[-1.382836228949295,54.48727381828271],[-1.3948214613232695,54.485667305484654],[-1.3969489404431383,54.49158111242282],[-1.4019499681831733,54.49421980219738],[-1.4066706520622485,54.493615752854645],[-1.4099602620247573,54.48967300615721],[-1.4077559782145121,54.483896158757055],[-1.4092379241926498,54.47884548620898],[-1.417658704187818,54.477073611542906],[-1.4229113063384886,54.478867390918374],[-1.431064672354722,54.47925066671512],[-1.4245800532696549,54.483852935963654],[-1.4412387696958173,54.49016879264315],[-1.4568407573035798,54.5032294173657],[-1.4615493317745758,54.50427047037616],[-1.4729377382592923,54.50143670292454],[-1.4753694473645718,54.498326972990334],[-1.4726894472741228,54.49600649506671],[-1.4620140477103654,54.49628122288545],[-1.458246160297689,54.49282686061478],[-1.4616002129411558,54.48593888582649],[-1.4573574174014448,54.4814704499325],[-1.4614175134404108,54.4779989335525],[-1.4626868930972141,54.47275431125426],[-1.4969081730873892,54.47449607635648],[-1.4971793432073757,54.476911602477124],[-1.488305070109126,54.4832981021591],[-1.491876315097692,54.486281086143066],[-1.5051974523211165,54.482306511070774],[-1.5111141931395609,54.474999875099066],[-1.5112806550711981,54.48208740520108],[-1.5173501397918157,54.484963712773315],[-1.5263383676045994,54.485205885097535],[-1.5304984082218724,54.4832961963185],[-1.529977484041873,54.475827730154556],[-1.519265474201764,54.47154558688266],[-1.5334818919472297,54.469188211042976],[-1.5476225306164584,54.47230922593484],[-1.5529265485555421,54.48367019910477],[-1.5719007730308268,54.48975247539565],[-1.5812260512238585,54.49661812247605],[-1.576474600667295,54.50257549668649],[-1.5789886793830092,54.50517555105153],[-1.5897097394410156,54.50357802761808],[-1.5772927737889413,54.50978231759879],[-1.5808422859033198,54.512833544654185],[-1.5944272137687228,54.512334305109825],[-1.6014550152133027,54.510527266118764],[-1.5988480813265173,54.51633531919623],[-1.604213707107401,54.519500570873646],[-1.6115037479889087,54.51999416324774],[-1.6221214123178047,54.51497533117059],[-1.6333911151057812,54.51395792456619],[-1.629413971680619,54.52124893097391],[-1.6341131406721212,54.525630251990826],[-1.6538985342061279,54.52443296878354],[-1.6531915753215343,54.531603592787974],[-1.6604142404487696,54.535188961644856],[-1.6730172303144937,54.53537099960074]]]},"properties":{"name":"Vale & Wolds","short_name":"VWD","region":"Leeds"}},{"type":"Feature","geometry":{"type":"Polygon","coordinates":[[[-0.8101099775141503,54.559691791745436],[-0.8597017552899088,54.54422792886261],[-0.8785590846478495,54.55554803956703],[-0.9171906363520161,54.54475605047747],[-0.9360641149231378,54.55606726771272],[-0.9551863721184471,54.558053278391604],[-0.9744017992009091,54.55639823862177],[-0.9934984484742225,54.55950842203192],[-1.0510084374630237,54.560087668639405],[-1.0601350511241427,54.56289641257891],[-1.0699959515254767,54.56831420725148],[-1.0825886813670331,54.56453425606512],[-1.127760149717315,54.557600663082766],[-1.1357675675515624,54.54651452633394],[-1.1369765937567942,54.53035706857425],[-1.1334766793005069,54.521335209743036],[-1.1333994850924687,54.513066725072385],[-1.1393161184949556,54.49082172230431],[-1.131695242018612,54.469453039007625],[-1.112871235798136,54.458116015456675],[-1.113273317298636,54.44691857965804],[-1.1233131956652114,54.441764939334824],[-1.1329790379935794,54.43903456827315],[-1.1520929329557774,54.43618337971058],[-1.2092465181185803,54.436570842017275],[-1.2251260637905343,54.43508690867974],[-1.2538823915814794,54.42976105750307],[-1.2792982475363086,54.42282172016822],[-1.2952803172403187,54.414889075224984],[-1.3170944023777258,54.39261372893272],[-1.331829860319433,54.38149572134684],[-1.3320161631365128,54.370016358426454],[-1.3361822445792215,54.359492251135286],[-1.343871172335471,54.348333902488235],[-1.3569877825198229,54.33711073286931],[-1.3533288683738027,54.32598404506158],[-1.34456528230045,54.314736346733824],[-1.3067687245562567,54.30295127863628],[-1.3069788609747939,54.28092469151591],[-1.2993630272834018,54.26912012592943],[-1.2935114211307803,54.24761808838953],[-1.288491963212016,54.242921625711645],[-1.2645682323566942,54.23503099672471],[-1.2604468166185865,54.22492510125862],[-1.2510860804676212,54.214039953102],[-1.2387755372365983,54.207989155701846],[-1.232659652352422,54.2029099580761],[-1.2114156941738723,54.195808523556174],[-1.1887958405350891,54.190768531384116],[-1.1989257037562868,54.16899463526116],[-1.1741831536428815,54.15674662261705],[-1.1551982639079164,54.15661497114113],[-1.1362680987786624,54.15385857752241],[-1.0223459035628595,54.15401791527078],[-1.00332483766407,54.155454027277926],[-1.0146091601538212,54.16000455147673],[-1.0331793612014875,54.177986039331714],[-1.0278528912723004,54.18908753145566],[-1.0023720901553432,54.19507060997702],[-0.9946513439405948,54.19995945358723],[-1.0088459533844858,54.222365686588624],[-1.0014469244009088,54.23344883253712],[-0.9823327792657983,54.2371467779666],[-0.9060583505439674,54.24376536197967],[-0.8864349639752557,54.26587447955895],[-0.8672657422778722,54.27064896733863],[-0.829430087781476,54.261991196722434],[-0.8104149410355316,54.26124793138494],[-0.7912701818266645,54.26495816014992],[-0.7541891047458695,54.264633333406216],[-0.750600521493822,54.255091935681975],[-0.7439211645185035,54.24791653621587],[-0.7348559968760603,54.242090320549444],[-0.6957984112617,54.241344872318514],[-0.6756924332654389,54.23748134206005],[-0.6719491157076717,54.23383545140081],[-0.5820445386332201,54.22999203582544],[-0.525868008734218,54.2331599576019],[-0.43279262168200877,54.233800586302415],[-0.4260881948030356,54.26135159204793],[-0.39334044986579025,54.27235622015525],[-0.39722434058282435,54.28057673359954],[-0.3915504226781355,54.284276295155564],[-0.38364208557200224,54.28537499791278],[-0.3833798149102735,54.289326358918075],[-0.3888756372814297,54.292195277283234],[-0.3964630139107891,54.289501022869494],[-0.40830708814747413,54.29591378510998],[-0.40989739874694003,54.30249622205339],[-0.4077340616297349,54.30678206744567],[-0.41530487933329885,54.30975801269361],[-0.4186490806647022,54.314745446884835],[-0.4180729620927102,54.321748740107495],[-0.42124754035788503,54.3271832731095],[-0.41811690201636104,54.33262510122683],[-0.4226175103437466,54.33960495802255],[-0.4323822287467006,54.34170960585309],[-0.43083075095861206,54.34609366594733],[-0.4345830289704136,54.352613897881234],[-0.4396317443237665,54.35744301111096],[-0.4469166600190842,54.36014353449389],[-0.44719989275176003,54.368955575448425],[-0.45746163878667595,54.38265921109985],[-0.4742649859460846,54.399168116205665],[-0.47703211513088684,54.3989064377623],[-0.4910483776412576,54.40735138665848],[-0.5026283634885562,54.40668658457693],[-0.5240971473951844,54.41809594882731],[-0.5305796845470011,54.426443911205666],[-0.5296094770969131,54.43718170263168],[-0.5232770355514137,54.44133779873787],[-0.5218009996535643,54.44678442364751],[-0.5331656158408159,54.45114723869124],[-0.5418117491103627,54.45958366898516],[-0.5576283034780559,54.464743763818944],[-0.5692479269224134,54.480179189330784],[-0.578944327062335,54.48364601868489],[-0.5853520900672249,54.48359534017124],[-0.5928869205461372,54.488033369990006],[-0.6050241159616683,54.490663635376826],[-0.6097284708762041,54.490340335177336],[-0.612594561452675,54.48776680441786],[-0.6087591688340095,54.483875960258445],[-0.6132789726830772,54.48031480117959],[-0.615726566692715,54.49102032580756],[-0.6265352178362904,54.49189856341403],[-0.6368914421537162,54.495251346719364],[-0.6629804508944657,54.50014434412093],[-0.6741105967669934,54.50598305900717],[-0.6719866865350923,54.51242188922243],[-0.6760033129218898,54.51384104007439],[-0.6815750851642844,54.51974387939703],[-0.6962456445825519,54.521889169948125],[-0.7035753634975569,54.526569610992354],[-0.706191222831857,54.53131610990808],[-0.7139953515967175,54.53476068351118],[-0.7192648390431634,54.53034076868373],[-0.7278195565701728,54.53005355912015],[-0.7305923030962939,54.52735046418439],[-0.739150203507903,54.52693666397259],[-0.7448853153460464,54.52837140328923],[-0.7494600895581395,54.53239128086235],[-0.7467851417142887,54.53596760688108],[-0.7502639926980343,54.540982690986986],[-0.7665520087803337,54.54624576241493],[-0.7647618907974232,54.54921135369372],[-0.7723582733631942,54.552641000346284],[-0.7756272677517095,54.55706900310343],[-0.795966884409425,54.559519950770216],[-0.8101099775141503,54.559691791745436]]]},"properties":{"name":"Moors","short_name":"MOOR","region":"Leeds"}},{"type":"Feature","geometry":{"type":"Polygon","coordinates":[[[-2.1935566839414897,54.83386129163154],[-2.1980950942392026,54.83949554583792],[-2.2225843949069746,54.83916451120339],[-2.2225230285688213,54.8280219513324],[-2.2418234400618537,54.82798500148282],[-2.245107698265918,54.83912108701499],[-2.2510933100239483,54.84496065260342],[-2.272947019971773,54.85462525386247],[-2.2905169258416094,54.87244870471048],[-2.300091280468857,54.877253937317555],[-2.3194169521121517,54.8774408949599],[-2.323596659246304,54.87478732527105],[-2.323369226175946,54.85247460293493],[-2.3385114606215036,54.8500391104928],[-2.353333219073826,54.8526002034049],[-2.377236992996231,54.8610675047971],[-2.3821713533401705,54.872194736197265],[-2.3855902534441067,54.894469200802476],[-2.396991092050058,54.9055750761074],[-2.3971008291299123,54.91671721913207],[-2.4053446505352327,54.92312084665491],[-2.416558484791065,54.927794630799006],[-2.4359541410263867,54.932153153828764],[-2.4682846140935832,54.923992441587764],[-2.486882195940079,54.912425710126584],[-2.493676165790242,54.9052205675015],[-2.4934035594061355,54.882936328979504],[-2.512729611115418,54.88285626312238],[-2.516643088407138,54.89398237261401],[-2.532349513373662,54.905057227541086],[-2.5711802602305758,54.91602343927959],[-2.5903587625331235,54.90478914343254],[-2.622793061624999,54.901064073471034],[-2.6470506224263173,54.89505288926605],[-2.6191192838227657,54.89030691706313],[-2.6090861477078313,54.88235099639407],[-2.5930917668539504,54.873279317333505],[-2.579008939799931,54.858478334196256],[-2.5779327627768387,54.852194067581976],[-2.5818170715858506,54.84645964491626],[-2.5726614436796367,54.828776904807704],[-2.5656381460163638,54.82194787255601],[-2.546679136102581,54.81059554148031],[-2.5465465868106194,54.800304686359596],[-2.549426898319787,54.79343147450477],[-2.552373457003448,54.79170367008379],[-2.549228359602219,54.77799635596612],[-2.5539950544054983,54.76425394344447],[-2.554782372378353,54.748812809265615],[-2.551713366628593,54.74082171132905],[-2.544709028730534,54.733990697677626],[-2.487049916194791,54.70277816206152],[-2.47907548859557,54.69594724700413],[-2.4671999958743207,54.69313164168908],[-2.455283246377912,54.68631367342052],[-2.43334500353318,54.66351968990486],[-2.426311338829191,54.6503933515209],[-2.4232422166766754,54.63896778156714],[-2.4172898692901787,54.63498535647227],[-2.3915825766025813,54.62591778943928],[-2.3856251638271933,54.62078950434971],[-2.3855497740567992,54.61221349713617],[-2.3825790353414678,54.610506759549864],[-2.360894804447763,54.608853259916714],[-2.3559522314958627,54.606579530134375],[-2.344070264071805,54.59860671183388],[-2.3301825279184487,54.584920550101366],[-2.305490107088064,54.57297331668368],[-2.2946543661385936,54.57128277515598],[-2.2799033856101927,54.57302968140543],[-2.275956776989079,54.57132303044393],[-2.2631140453000236,54.562772142523485],[-2.253205800371978,54.55021280436695],[-2.2463204823326315,54.55022487562919],[-2.2394243059289805,54.54795034739852],[-2.244323567422358,54.54451159980182],[-2.2433307234649966,54.542797783692826],[-2.2255905898862953,54.53482405266333],[-2.2167346031804946,54.533122374779566],[-2.210807026496821,54.52684223248152],[-2.210793810676033,54.52398353827754],[-2.2039056107756654,54.52227890885293],[-2.1881886415900675,54.5245877794935],[-2.182289377786781,54.52402398784908],[-2.1773659721060086,54.52174328473582],[-2.1812712516957187,54.51487706285263],[-2.193045502651557,54.510287501486545],[-2.1940091720685886,54.50571203335762],[-2.2067543121517583,54.49940454109029],[-2.2067069371783257,54.488540827986704],[-2.2037379804588095,54.48339953897615],[-2.1948768753934917,54.47769435371915],[-2.1928847941032195,54.470836179858765],[-2.2017126083825156,54.46910824877491],[-2.210524338075708,54.46394972529513],[-2.223278829094232,54.46278569929425],[-2.2262142832355085,54.461065829692124],[-2.236029046621557,54.461048747439925],[-2.2487561746609397,54.45530829627151],[-2.2703415026654286,54.454694975183024],[-2.273278089569926,54.453546083845886],[-2.270297202356547,54.44726288071479],[-2.2722347719594485,54.443256407115086],[-2.2781039331806943,54.4403855247028],[-2.2879125690790407,54.44036441635022],[-2.2918251909430984,54.438640607629985],[-2.2937617811123165,54.43463405221574],[-2.3025503122977735,54.428896604445534],[-2.3103280679494658,54.41915861286512],[-2.307331953686225,54.41116073288002],[-2.3072576536152902,54.40029694080421],[-2.297409608117871,54.392886922814455],[-2.306048290526102,54.36656601538727],[-2.309961759706854,54.36598505310531],[-2.3178069027873223,54.36768168002177],[-2.3246359228089197,54.36423399327067],[-2.3383442955097276,54.36419982554934],[-2.3549248313496625,54.356150591450636],[-2.3332437827699413,54.33676723620359],[-2.3224357432935485,54.33050513740455],[-2.314593630020884,54.32823648151936],[-2.3116348003944944,54.32481293522046],[-2.3125575262283387,54.31680586130582],[-2.3252215943497494,54.30991347768739],[-2.322279948377437,54.30877772059392],[-2.325180292156966,54.30419619846831],[-2.319285831482842,54.30020874701489],[-2.320234573009224,54.29620328769105],[-2.314346212948775,54.292786731592706],[-2.3191964347212646,54.28762926110531],[-2.325039583976733,54.28475651012112],[-2.325992189685212,54.281322860059745],[-2.320947040333062,54.25903561536221],[-2.310157962592611,54.25220061526536],[-2.2906324867046775,54.25281678396907],[-2.289641528817053,54.25053111804441],[-2.2935098308675443,54.24480476161501],[-2.289576085463152,54.24023933842697],[-2.2866434601574888,54.23967438443911],[-2.265230628070967,54.250582495404885],[-2.254470794556125,54.24717201449003],[-2.2573490320339578,54.23801808286268],[-2.2621971044732816,54.232291702514644],[-2.260229348540959,54.229436032045335],[-2.2504572826484237,54.22716743798513],[-2.266022195040113,54.218561232639686],[-2.275760778658936,54.215682518745346],[-2.2844883732440553,54.20708730280501],[-2.279548501066333,54.196805698120286],[-2.2726952180187903,54.19224527217499],[-2.2649042484951423,54.19397625629733],[-2.2590761106494233,54.197989790322104],[-2.250303286850525,54.19857888913783],[-2.251237735079101,54.19114371617397],[-2.2404889996259967,54.18658844906019],[-2.2502105613888843,54.181424903657465],[-2.251169235881282,54.17856420192191],[-2.2394262867190573,54.169436450686334],[-2.2442684644139184,54.16371010331183],[-2.251076602476568,54.16141033907575],[-2.2500814463060475,54.157409744079644],[-2.25881121480033,54.1505315073684],[-2.2558693491352666,54.147106923420154],[-2.249042173434598,54.145404240579296],[-2.2461023568263174,54.141978693004816],[-2.236366584442245,54.14256777151081],[-2.2236848651739027,54.13801548360716],[-2.213957284681728,54.14031732217115],[-2.2051802842967887,54.13747183060076],[-2.198344857595137,54.13290747387346],[-2.1983356857784244,54.13062065261591],[-2.208993078113276,54.11859696376967],[-2.207986697825533,54.11116485248324],[-2.21186921546049,54.10887212586925],[-2.208930438659541,54.104302768604654],[-2.2118186794805523,54.09743653912634],[-2.2205445037121625,54.09113317144633],[-2.213718087687181,54.08714072614423],[-2.2137050183268183,54.084282001294845],[-2.20394790350074,54.07686308125037],[-2.208789971973931,54.07228158723477],[-2.2029274460854906,54.06542943347901],[-2.204861253976895,54.063138660071466],[-2.2155456977004744,54.06140769515217],[-2.223300701255272,54.05682016152044],[-2.2261720033038563,54.04766723040481],[-2.2378143662091134,54.044216419136674],[-2.2387248295057565,54.03220690867187],[-2.2241696698193105,54.03509076196362],[-2.200798847946283,54.02140375520749],[-2.2046269481500995,54.00824628889627],[-2.1968427121166503,54.00368284012239],[-2.1929279015663536,53.995682936662604],[-2.181259103320145,53.989408856258905],[-2.1783343206335313,53.985410370948756],[-2.190917324898126,53.977960048591704],[-2.189918122814647,53.97052787475338],[-2.1821490164845003,53.96767932034547],[-2.178249300974892,53.96196613173091],[-2.163688897488027,53.95740894708816],[-2.1549385879515173,53.94941299574788],[-2.1529775595961973,53.94198181172595],[-2.156846892166303,53.939690085519],[-2.157803641827453,53.935686560685674],[-2.165546616198703,53.93281874216978],[-2.1655010255373486,53.91909543741567],[-2.1741948007721583,53.91222308896089],[-2.1809699477549023,53.91107112241772],[-2.1809597069334505,53.90821248796592],[-2.1867588743906112,53.90534575262614],[-2.1876944628541892,53.896766799946356],[-2.19058990700083,53.89447593518034],[-2.1992958382571475,53.892748113025895],[-2.201225522649473,53.89103023320707],[-2.1992534673986848,53.8824552933319],[-2.1905415129884105,53.88189547634613],[-2.1857081114517594,53.88361736174012],[-2.174072283456943,53.87734234768959],[-2.16826587444529,53.87734938155289],[-2.1537619794164002,53.88136803138627],[-2.1334424804569396,53.88310416505503],[-2.123776007036306,53.88825869180241],[-2.1199003855328096,53.886546000859745],[-2.114093999562766,53.88712196587027],[-2.1102308220159873,53.89112752392553],[-2.1053902317973514,53.89113062382053],[-2.093763429626176,53.88427556005596],[-2.0782732709018474,53.88085315663978],[-2.0743954446820205,53.87513597029494],[-2.0685870109211395,53.872279340870904],[-2.0685796914814016,53.865989111279205],[-2.0656761328479134,53.86427437299008],[-2.042456794979473,53.86084917911983],[-2.0395550377411906,53.85913434636242],[-2.03948978842947,53.85523115602176],[-1.994758055191224,53.867550086162574],[-1.9822130980932737,53.869259257363936],[-1.8866533683048814,53.872044727743216],[-1.885688627154534,53.881749793023396],[-1.888585067808198,53.88860394776216],[-1.8866538954980903,53.9017342552068],[-1.8905188139493367,53.91487081225885],[-1.888813740235493,53.91998952395459],[-1.8933815525463387,53.91999369186777],[-1.890030623547177,53.92292686204462],[-1.905546181081326,53.92719407283015],[-1.9146723997612614,53.93259352323288],[-1.923812656162024,53.93411778427768],[-1.9291197736575356,53.938263547762496],[-1.92399005864319,53.9400363416357],[-1.9259877767318232,53.952750689796254],[-1.9374874902050165,53.9532793258486],[-1.9374848128450015,53.95507689296538],[-1.9466246710654693,53.9577775440878],[-1.9508941512395754,53.96149911354305],[-1.9588139229702206,53.96042241785419],[-1.9603353406583512,53.96317552275173],[-1.9557581427761865,53.9676677584837],[-1.9711020359933433,53.97362728456233],[-1.9664212964444192,53.97665891509991],[-1.9618408272974035,53.983847621812195],[-1.9589285930162494,53.99508513483596],[-1.946923790093775,54.01308528969324],[-1.972026837658897,54.037033619544054],[-1.9806514153739574,54.04310099360146],[-2.0017306107647492,54.05298501061505],[-2.0098969680713483,54.05932450001702],[-2.0172818583088863,54.070467721092825],[-2.0168759605576008,54.07456995780709],[-2.0099024104096253,54.081612622372305],[-1.9909505392373834,54.07801784898202],[-1.971997152522989,54.081609853908816],[-1.9719897186559356,54.09275388323181],[-1.953032015886215,54.09274801860717],[-1.9471071669416564,54.08509012941798],[-1.9340919147640518,54.08159514410246],[-1.9151393112572428,54.081583311201804],[-1.9024672944874543,54.07788585666762],[-1.8726371357399367,54.07311990736075],[-1.8583288303293615,54.06759992082836],[-1.839394648042934,54.06446233586107],[-1.8204245023634666,54.07033536976444],[-1.8301321267186004,54.07577080545775],[-1.8392859752920598,54.09265011333296],[-1.831380414521249,54.10378333690127],[-1.8325028029266521,54.110984884905506],[-1.8485621286635494,54.148381935375184],[-1.8511110165189724,54.152452196315004],[-1.8669037398452326,54.159547481016396],[-1.8684730300846937,54.164546390959956],[-1.87697077928966,54.170701967583796],[-1.8658877436305052,54.175340168085086],[-1.857939393603427,54.18182494044429],[-1.8198943564252235,54.19291801026206],[-1.833719745040622,54.195967349028706],[-1.8431019578967505,54.21272889379194],[-1.8462186539684469,54.23752955771625],[-1.8510001112082393,54.241480296878535],[-1.8767519626594262,54.24443860869986],[-1.9338445440392869,54.23760930733766],[-1.9483528001005792,54.2487601065153],[-1.9467383003465917,54.25233927202553],[-1.9528433034240833,54.25990565640703],[-1.9571749055986636,54.25129444433578],[-1.9669106590636092,54.24585212845111],[-1.9909154759236076,54.24319886675692],[-1.9983623148201237,54.24440951276835],[-2.0182199330071997,54.255068274182705],[-2.0240456961436677,54.25991232551593],[-2.028988534183517,54.27105492668557],[-2.0363502379094456,54.27788530628593],[-2.058930344371875,54.28696341849202],[-2.086160146969413,54.293314265020776],[-2.105199395297464,54.29184616877024],[-2.1148894471040895,54.29329075307299],[-2.1242863934403107,54.30442506096263],[-2.143341306579012,54.30440630885982],[-2.1433800969854673,54.315547463942146],[-2.128844946726802,54.31820455994033],[-2.105288616074211,54.32673040072313],[-2.0862310796165393,54.3303597064043],[-2.067158359921935,54.32675772946415],[-2.029028054193622,54.32677300935062],[-2.0195008154198857,54.337918520168735],[-2.009966696605435,54.342621509262166],[-2.0014137710829436,54.344066379323586],[-1.9908928167871636,54.349063277777105],[-1.9718173405836592,54.34906037255436],[-1.971802223386301,54.37134741372155],[-1.990887021555926,54.37602882918153],[-2.0099754754416437,54.377944038013005],[-2.0386079303529607,54.376916137682926],[-2.0481455672642848,54.371340941207364],[-2.0481586783221593,54.382484428538675],[-2.0326402527505234,54.38457414880853],[-2.020353329037011,54.38854748053398],[-2.009981192102311,54.400904630732484],[-1.990880831857125,54.40478064190729],[-2.0064696302588416,54.40683022708147],[-2.009983215984456,54.40902569328179],[-2.012192416751617,54.41463610157007],[-2.009990333932026,54.437555253082685],[-1.9963359224159039,54.43502724422148],[-1.9908742336272367,54.43537430454514],[-1.9813756574070276,54.43260423390328],[-1.9717643401851441,54.42706456575268],[-1.952655150174259,54.424884215139656],[-1.943990078489208,54.43315222862564],[-1.9143830016965322,54.44932441458957],[-1.9143598172097531,54.4604676587984],[-1.933478868705549,54.46554477987713],[-1.952610026564757,54.46420313101382],[-1.9717339404748055,54.47163789669462],[-2.0099999167761826,54.475885817944295],[-2.0153239062430908,54.474740910590796],[-2.029133956525457,54.47515126220708],[-2.0482638887301188,54.47163140040381],[-2.067396329385915,54.471622205684085],[-2.0919008101489,54.47963102312215],[-2.105718780922625,54.493881282055995],[-2.1161336887901285,54.49896079400046],[-2.1440437344693106,54.5049848908802],[-2.144083011811917,54.51612800791383],[-2.130989438934048,54.51966190123652],[-2.1173508119901325,54.53400426489572],[-2.1144472176911293,54.53844618579389],[-2.114489185461293,54.54958933349875],[-2.129261072296554,54.55827522421467],[-2.144240391059474,54.56070063134035],[-2.1442798031470502,54.57184373571633],[-2.159903272292245,54.56976281474868],[-2.1645276010054273,54.571195521796504],[-2.166767591823431,54.58295783402],[-2.1635167521886363,54.5862025220752],[-2.1328593290944515,54.59860022115579],[-2.125203055363712,54.605294246714024],[-2.106029839996062,54.61369078412544],[-2.1033177298450987,54.616458010668396],[-2.1060442519523455,54.61922043201102],[-2.146826570969059,54.63735646505937],[-2.1637275760502837,54.638677260601426],[-2.1651704091247295,54.65062705903116],[-2.1637827876851787,54.652391629611415],[-2.1534008519933847,54.654951339671165],[-2.144596071863255,54.66098764418674],[-2.1253746706714405,54.66100910075675],[-2.1120582119863025,54.657593577866486],[-2.0869234522432887,54.65702410749927],[-2.0677049296642935,54.65758435299954],[-2.0484893779416176,54.66106443262137],[-2.029268022126185,54.66107064210833],[-2.025629739493295,54.672214428485816],[-2.02928419559232,54.683356526270764],[-2.0485428164898307,54.70563601748534],[-2.0616612835310626,54.70917943350776],[-2.106294075287114,54.71477555798721],[-2.125546874899239,54.71672343948652],[-2.144794621809532,54.71670193890907],[-2.1666707721571115,54.72631785747046],[-2.1833401256874234,54.72779256494793],[-2.1856725868370903,54.73760788977302],[-2.1987560375620014,54.73666518767893],[-2.2053997915270704,54.73890001041196],[-2.202671958686451,54.74357735723537],[-2.1834049142781278,54.74211897001579],[-2.1767210439050206,54.75008799124508],[-2.1449423587535823,54.75803383586458],[-2.106502977466877,54.75978663721972],[-2.104126495268547,54.761318222205425],[-2.1065037202541363,54.76654372806069],[-2.1257196707906334,54.7724372614695],[-2.145033782587651,54.783558428783245],[-2.1230680444392354,54.79315599150412],[-2.126164704912362,54.79526393033622],[-2.141022830002155,54.79728365299682],[-2.149855848886074,54.80338146493865],[-2.164718590740521,54.80554372928659],[-2.164515452640974,54.81746983052423],[-2.1935566839414897,54.83386129163154]]]},"properties":{"name":"West Pennines","short_name":"WPN","region":"Leeds"}},{"type":"Feature","geometry":{"type":"Polygon","coordinates":[[[-1.7966721619918011,54.98309703839866],[-1.7912743357592606,55.02064297020798],[-1.8378141340800425,55.03598959941197],[-1.8549251912122047,55.03983634668697],[-1.8743274139528256,55.03985788042675],[-1.8876568164048653,55.04335289738171],[-1.910264196349949,55.052662453165716],[-1.926672940537837,55.06218504524509],[-1.942888367920346,55.067292452666734],[-1.9977665831626499,55.02206786291373],[-2.004020448235913,54.96376455276656],[-2.0404686272683317,54.8937174606356],[-2.1693050489817245,54.837383760702934],[-2.198106082032603,54.839509183639045],[-2.1935566839414897,54.83386129163154],[-2.164515452640974,54.81746983052423],[-2.164718590740521,54.80554372928659],[-2.149855848886074,54.80338146493865],[-2.141022830002155,54.79728365299682],[-2.126164704912362,54.79526393033622],[-2.1230680444392354,54.79315599150412],[-2.145033782587651,54.783558428783245],[-2.1257196707906334,54.7724372614695],[-2.1065037202541363,54.76654372806069],[-2.104126495268547,54.761318222205425],[-2.106502977466877,54.75978663721972],[-2.1449423587535823,54.75803383586458],[-2.1767210439050206,54.75008799124508],[-2.1834049142781278,54.74211897001579],[-2.202671958686451,54.74357735723537],[-2.2053997915270704,54.73890001041196],[-2.1987560375620014,54.73666518767893],[-2.1856725868370903,54.73760788977302],[-2.1833401256874234,54.72779256494793],[-2.1666707721571115,54.72631785747046],[-2.144794621809532,54.71670193890907],[-2.125546874899239,54.71672343948652],[-2.106294075287114,54.71477555798721],[-2.0616612835310626,54.70917943350776],[-2.0485428164898307,54.70563601748534],[-2.02928419559232,54.683356526270764],[-2.025629739493295,54.672214428485816],[-2.029268022126185,54.66107064210833],[-2.0484893779416176,54.66106443262137],[-2.0677049296642935,54.65758435299954],[-2.0869234522432887,54.65702410749927],[-2.1120582119863025,54.657593577866486],[-2.1253746706714405,54.66100910075675],[-2.144596071863255,54.66098764418674],[-2.1534008519933847,54.654951339671165],[-2.1637827876851787,54.652391629611415],[-2.1651704091247295,54.65062705903116],[-2.1637275760502837,54.638677260601426],[-2.146826570969059,54.63735646505937],[-2.1060442519523455,54.61922043201102],[-2.1033177298450987,54.616458010668396],[-2.106029839996062,54.61369078412544],[-2.125203055363712,54.605294246714024],[-2.1328593290944515,54.59860022115579],[-2.1635167521886363,54.5862025220752],[-2.166767591823431,54.58295783402],[-2.1645276010054273,54.571195521796504],[-2.159903272292245,54.56976281474868],[-2.1442798031470502,54.57184373571633],[-2.144240391059474,54.56070063134035],[-2.129261072296554,54.55827522421467],[-2.114489185461293,54.54958933349875],[-2.1144472176911293,54.53844618579389],[-2.1173508119901325,54.53400426489572],[-2.130989438934048,54.51966190123652],[-2.144083011811917,54.51612800791383],[-2.1440437344693106,54.5049848908802],[-2.1161336887901285,54.49896079400046],[-2.105718780922625,54.493881282055995],[-2.0919008101489,54.47963102312215],[-2.067396329385915,54.471622205684085],[-2.0482638887301188,54.47163140040381],[-2.029133956525457,54.47515126220708],[-2.0153239062430908,54.474740910590796],[-2.0099999167761826,54.475885817944295],[-1.9717339404748055,54.47163789669462],[-1.952610026564757,54.46420313101382],[-1.933478868705549,54.46554477987713],[-1.9143598172097531,54.4604676587984],[-1.9143830016965322,54.44932441458957],[-1.943990078489208,54.43315222862564],[-1.952655150174259,54.424884215139656],[-1.9717643401851441,54.42706456575268],[-1.9813756574070276,54.43260423390328],[-1.9908742336272367,54.43537430454514],[-1.9963359224159039,54.43502724422148],[-2.009990333932026,54.437555253082685],[-2.012192416751617,54.41463610157007],[-2.009983215984456,54.40902569328179],[-2.0064696302588416,54.40683022708147],[-1.990880831857125,54.40478064190729],[-2.009981192102311,54.400904630732484],[-2.020353329037011,54.38854748053398],[-2.0326402527505234,54.38457414880853],[-2.0481586783221593,54.382484428538675],[-2.0481455672642848,54.371340941207364],[-2.0386079303529607,54.376916137682926],[-2.0099754754416437,54.377944038013005],[-1.990887021555926,54.37602882918153],[-1.971802223386301,54.37134741372155],[-1.9718173405836592,54.34906037255436],[-1.9908928167871636,54.349063277777105],[-2.0014137710829436,54.344066379323586],[-2.009966696605435,54.342621509262166],[-2.0195008154198857,54.337918520168735],[-2.029028054193622,54.32677300935062],[-2.067158359921935,54.32675772946415],[-2.0862310796165393,54.3303597064043],[-2.105288616074211,54.32673040072313],[-2.128844946726802,54.31820455994033],[-2.1433800969854673,54.315547463942146],[-2.143341306579012,54.30440630885982],[-2.1242863934403107,54.30442506096263],[-2.1148894471040895,54.29329075307299],[-2.105199395297464,54.29184616877024],[-2.086160146969413,54.293314265020776],[-2.058930344371875,54.28696341849202],[-2.0363502379094456,54.27788530628593],[-2.028988534183517,54.27105492668557],[-2.0240456961436677,54.25991232551593],[-2.0182199330071997,54.255068274182705],[-1.9983623148201237,54.24440951276835],[-1.9909154759236076,54.24319886675692],[-1.9669106590636092,54.24585212845111],[-1.9571749055986636,54.25129444433578],[-1.9528433034240833,54.25990565640703],[-1.9467383003465917,54.25233927202553],[-1.9483528001005792,54.2487601065153],[-1.9338445440392869,54.23760930733766],[-1.8767519626594262,54.24443860869986],[-1.8510001112082393,54.241480296878535],[-1.8462186539684469,54.23752955771625],[-1.8431019578967505,54.21272889379194],[-1.833719745040622,54.195967349028706],[-1.8198943564252235,54.19291801026206],[-1.857939393603427,54.18182494044429],[-1.8658877436305052,54.175340168085086],[-1.87697077928966,54.170701967583796],[-1.8684730300846937,54.164546390959956],[-1.8669037398452326,54.159547481016396],[-1.8511110165189724,54.152452196315004],[-1.8485621286635494,54.148381935375184],[-1.8325028029266521,54.110984884905506],[-1.831380414521249,54.10378333690127],[-1.8392859752920598,54.09265011333296],[-1.8301321267186004,54.07577080545775],[-1.8204245023634666,54.07033536976444],[-1.839394648042934,54.06446233586107],[-1.8583288303293615,54.06759992082836],[-1.8726371357399367,54.07311990736075],[-1.9024672944874543,54.07788585666762],[-1.9151393112572428,54.081583311201804],[-1.9340919147640518,54.08159514410246],[-1.9471071669416564,54.08509012941798],[-1.953032015886215,54.09274801860717],[-1.9719897186559356,54.09275388323181],[-1.971997152522989,54.081609853908816],[-1.9909505392373834,54.07801784898202],[-2.0099024104096253,54.081612622372305],[-2.0168759605576008,54.07456995780709],[-2.0172818583088863,54.070467721092825],[-2.0098969680713483,54.05932450001702],[-2.0017306107647492,54.05298501061505],[-1.9806514153739574,54.04310099360146],[-1.972026837658897,54.037033619544054],[-1.946923790093775,54.01308528969324],[-1.9589285930162494,53.99508513483596],[-1.9618408272974035,53.983847621812195],[-1.9664212964444192,53.97665891509991],[-1.9711020359933433,53.97362728456233],[-1.9557581427761865,53.9676677584837],[-1.9603353406583512,53.96317552275173],[-1.9588139229702206,53.96042241785419],[-1.9508941512395754,53.96149911354305],[-1.9466246710654693,53.9577775440878],[-1.9374848128450015,53.95507689296538],[-1.9374874902050165,53.9532793258486],[-1.9259877767318232,53.952750689796254],[-1.92399005864319,53.9400363416357],[-1.9291197736575356,53.938263547762496],[-1.9225724250693728,53.933497645210544],[-1.9146723997612614,53.93259352323288],[-1.905546181081326,53.92719407283015],[-1.890030623547177,53.92292686204462],[-1.8933815525463387,53.91999369186777],[-1.8751211798241814,53.916381061253055],[-1.8584074775977364,53.90647593782026],[-1.8476282983924093,53.90646276739744],[-1.836555323444872,53.90973556599815],[-1.8340175883633503,53.90452281373651],[-1.8040402769627664,53.89920938308789],[-1.792992597314573,53.89919086880331],[-1.7823537999333237,53.896475784752404],[-1.7702242295239061,53.88836413855065],[-1.7672112753612088,53.882965648915786],[-1.7594390316610018,53.8795627122717],[-1.7519175918056757,53.881380777856265],[-1.7425763313793248,53.876218850164975],[-1.7399014703182691,53.871225441127265],[-1.7306350068516003,53.87390133387928],[-1.7230007171323434,53.87837797183459],[-1.713862145294027,53.880154065132544],[-1.707733762264456,53.88643081421679],[-1.7272281155524862,53.891083309160365],[-1.7258477098758431,53.89644365543253],[-1.716753472359921,53.89840902811427],[-1.7098146889391166,53.898392474015566],[-1.7041097600173,53.896590674806085],[-1.6986846869812633,53.89269995877041],[-1.6895484940934187,53.893575499080704],[-1.6863876471391777,53.89266849429504],[-1.6814333806077966,53.89891649328036],[-1.67436604797181,53.90028676252546],[-1.6388338845581139,53.899789237824194],[-1.5965268687484193,53.89210606591114],[-1.5937657426384253,53.8852007122998],[-1.5892195155086943,53.88338773803256],[-1.5847091598841738,53.87797950366419],[-1.5775164065458827,53.87446074061778],[-1.5674326463252877,53.87530837706687],[-1.5607907535166323,53.86854049718519],[-1.5591592161523602,53.86394749204431],[-1.5360810822181385,53.86252200652149],[-1.5328117380331776,53.86544808825937],[-1.5100916503030826,53.863974249550644],[-1.4923382373287175,53.85913285860893],[-1.4908231813263497,53.85549391566389],[-1.481680710008828,53.8536657120011],[-1.4816466498689733,53.847918584217425],[-1.4680243598199747,53.84336502472507],[-1.4553276576537726,53.82838173352944],[-1.4465243153053395,53.81179533669083],[-1.431579155479589,53.80109556832982],[-1.43325285727969,53.81709925925093],[-1.4259160086622056,53.82392273865531],[-1.4145527443355161,53.828325634779866],[-1.4055779295071726,53.83496833638333],[-1.4066085775944746,53.85726275835856],[-1.3961663129585857,53.86835533229865],[-1.3985827976427663,53.872978958580084],[-1.406293188029083,53.87955043959872],[-1.4090616728227157,53.88899418000134],[-1.4277506640792408,53.90194364382763],[-1.4246945389236625,53.91307358358615],[-1.4114349027862718,53.91635271586141],[-1.4056611335304219,53.924125459370714],[-1.4108545945909305,53.957584397289516],[-1.4155276079772985,53.96875165034781],[-1.4237741031912563,53.97993587470479],[-1.4425309261148176,53.9911686862321],[-1.4475408872054,54.00233607644649],[-1.4611541025794628,54.013542170135146],[-1.4682892385305584,54.02471822807459],[-1.4798350014973292,54.032873668560555],[-1.4986686270676939,54.040945893111],[-1.5088633460287737,54.0522447530539],[-1.5174013562275968,54.05835789070153],[-1.517013661862288,54.091788862719554],[-1.535845973124114,54.10300706012271],[-1.5544495616729634,54.13650946520057],[-1.562686078078309,54.14280817619297],[-1.5733123646989664,54.147721775715155],[-1.554090617996551,54.16994008561559],[-1.553970807487952,54.1810836132302],[-1.5915269727654242,54.22579234839696],[-1.591417002131615,54.23693573735795],[-1.6050496741660447,54.248124971531034],[-1.6102303744672422,54.25928562253487],[-1.6101253122618204,54.27042906438653],[-1.6197281529891716,54.29274711053606],[-1.6220894642369141,54.32618560708862],[-1.6202582111536232,54.37075426031861],[-1.6224319673665553,54.38523108810083],[-1.628060349473669,54.39306564633382],[-1.6227186253516548,54.401118466056936],[-1.6085407758365782,54.43757791490895],[-1.6274211202814324,54.463638875581886],[-1.658012019912917,54.47556648699532],[-1.6846638243369474,54.482373870222325],[-1.6994359235985705,54.51343198682086],[-1.7034787738995707,54.52699456090745],[-1.7417247602942112,54.53822542777451],[-1.7608881776772651,54.538264781242745],[-1.7728515039229664,54.54957386913945],[-1.7800120827830477,54.56065426505141],[-1.7969261820528635,54.56527699452482],[-1.8075752858829304,54.5717774921398],[-1.7989964633202127,54.582906618520816],[-1.7414432198850973,54.58279748620479],[-1.7299621672138008,54.57831517970914],[-1.703127079093803,54.575499436885806],[-1.6839269949390498,54.577946686755766],[-1.6647519977251728,54.57703794618504],[-1.640432644488326,54.57956824060673],[-1.6263382584091581,54.58249712706387],[-1.6070471818329182,54.59357926235648],[-1.6068111723505065,54.61809334196809],[-1.5827191991574225,54.626927365672024],[-1.568197768128486,54.638019522669246],[-1.5728834699872336,54.649179224943275],[-1.577629607034288,54.65476739579979],[-1.5871821101780177,54.66037183520217],[-1.5794248110339717,54.66703100716568],[-1.567843419025316,54.67144749972809],[-1.5676067821593918,54.69373262448181],[-1.586843070288194,54.693799680861055],[-1.5984287844403489,54.689381394904586],[-1.6061333550017887,54.688292361211964],[-1.61096835873766,54.685522262403396],[-1.6254184273864924,54.68278204927272],[-1.6369969529042436,54.67835996870993],[-1.6447468861397325,54.67169720319217],[-1.6639729292433276,54.67175200303173],[-1.6755441379037863,54.66732631124751],[-1.6832338213218403,54.66734664180495],[-1.6886922911420887,54.67181797784231],[-1.6948636588924129,54.694119523987965],[-1.70218089061226,54.70528064985002],[-1.6898956169747796,54.72753570338401],[-1.6825910928900873,54.74980248237713],[-1.6632868701339667,54.75470290224709],[-1.6440039069276862,54.75665976091291],[-1.6246990707040911,54.76078016115407],[-1.6437716915729161,54.78312328825213],[-1.6243897144061845,54.79420768916193],[-1.6436125893638605,54.8012297936596],[-1.6628653108265092,54.8054632733787],[-1.6627725963777638,54.816605766407974],[-1.6517060596708142,54.821350029035656],[-1.6433797347727348,54.827693124188656],[-1.6240279924454932,54.83320614588375],[-1.61807949415909,54.849901662922015],[-1.6237690861933374,54.86106200583491],[-1.635318523505375,54.86555436303963],[-1.6497436090217434,54.879492251958304],[-1.65564608422086,54.89829855665208],[-1.6715826376570113,54.90574958392829],[-1.6697453720395417,54.91010461211225],[-1.661999716287806,54.91702715492497],[-1.6618419358659202,54.92802938533536],[-1.6790296999955268,54.9267927083368],[-1.6990003172996206,54.915978189392455],[-1.718371064955514,54.916755761646115],[-1.733422118918465,54.91274581944001],[-1.7395528145113766,54.905969450647326],[-1.7586389715201314,54.906008813905146],[-1.7490130005514002,54.91152673815247],[-1.7465697200960983,54.92681558028367],[-1.7393158769220634,54.93864842742675],[-1.7390908071048778,54.95050453885688],[-1.7961116445969871,54.98119160573503],[-1.7966721619918011,54.98309703839866]]]},"properties":{"name":"Central & Northern Pennines","short_name":"CNPN","region":"Leeds"}},{"type":"Feature","geometry":{"type":"Polygon","coordinates":[[[-1.942888367920346,55.067292452666734],[-1.925235522964733,55.08186257289318],[-2.059509458670503,55.11870574273782],[-2.0502447444572067,55.24839984554977],[-1.9788119554763581,55.53793957505285],[-2.0020556651133083,55.588461754963234],[-2.0680444477558715,55.620292139235154],[-2.1613590171833508,55.658643965350045],[-2.2156633774111953,55.67705134295157],[-2.2182773383642274,55.67373347481826],[-2.2160216510676443,55.668346358905445],[-2.2179053514329827,55.66403013369111],[-2.226962771482774,55.66347459013557],[-2.2364555791148386,55.65608878278203],[-2.247397547751441,55.652293401474545],[-2.2413341051824904,55.648262137699824],[-2.232423847994999,55.64621275344323],[-2.2343062987899573,55.64216581736265],[-2.243677286716081,55.64178813792955],[-2.2576787917258603,55.64499419089848],[-2.283406173083159,55.64340992825514],[-2.2953473272757687,55.646796136953505],[-2.3066310488059925,55.64712784842664],[-2.3161345865002825,55.643419763339175],[-2.324393707583706,55.64312863377447],[-2.3268884643733934,55.63746129506544],[-2.3341770964768234,55.63528518224655],[-2.3354286039037238,55.63303544701979],[-2.324332874130503,55.62616461111213],[-2.308600721255285,55.62888283569936],[-2.3089316507089372,55.62250245689765],[-2.316156300219746,55.62048930318922],[-2.3068715729121045,55.61085371342634],[-2.305180798863225,55.61185530300168],[-2.2939476452732612,55.60844139243147],[-2.2926529529360566,55.60511094546596],[-2.2878696857961853,55.60215712589793],[-2.285921392479808,55.596141531524395],[-2.2902737221948124,55.588143349454214],[-2.289060067418125,55.58059854178573],[-2.2854543352320023,55.577722703938996],[-2.2763351738578352,55.57559611965449],[-2.2700325611126124,55.570084191270865],[-2.251107048466763,55.561534464903296],[-2.246983134807477,55.55620555046092],[-2.2408954254415585,55.55613681076502],[-2.2404419914198392,55.55197747948172],[-2.2323963398148305,55.545020370355594],[-2.233492902912885,55.52950950915716],[-2.22740544685597,55.52876619812238],[-2.2249168694257384,55.5229572431342],[-2.227166939012913,55.52037427530427],[-2.2278729867165015,55.511010159577644],[-2.225403917491763,55.508426930935755],[-2.2187633803612568,55.50726189390522],[-2.2027506001886037,55.49071135213617],[-2.2047774003955243,55.48177643410646],[-2.199262602263311,55.47694237970327],[-2.189501232823083,55.47691296990535],[-2.1670115986400953,55.47110520707727],[-2.1654173606090423,55.46814216923987],[-2.189003778928588,55.46224045812207],[-2.1864619816281814,55.456466691280845],[-2.192112524852352,55.451111569156694],[-2.193832676431433,55.4440282723798],[-2.2023253522729034,55.4386681248145],[-2.2221717213853758,55.4321730634728],[-2.2291714560190874,55.43203434195935],[-2.2311171265130585,55.429667481042486],[-2.2374676832875116,55.43201850566191],[-2.2591059325928313,55.4327203549638],[-2.260818008622036,55.42874510157963],[-2.2700085688368343,55.43021674855906],[-2.2732562627239594,55.42684893448916],[-2.2798151322184887,55.427085692764095],[-2.2828590478958195,55.42409548079599],[-2.2924456271579534,55.421467107333285],[-2.2934950799676916,55.41599237679694],[-2.3088033930285836,55.41015895723821],[-2.3099846912513926,55.40772985649406],[-2.335636220039405,55.4081922598396],[-2.3333307092013738,55.40260053560943],[-2.338837422651192,55.40210017033307],[-2.3449711820969004,55.3992794991992],[-2.3346377540653203,55.39096957147195],[-2.3347130608315965,55.38307099241982],[-2.330057077520257,55.38117870202191],[-2.3459099323019332,55.372993850106866],[-2.3373372833916193,55.36688960003317],[-2.3548260354302806,55.362526933383236],[-2.3714132653818654,55.35662794708628],[-2.3816097682098363,55.35084567173222],[-2.3932218346956056,55.34818501517177],[-2.397047033076453,55.34908918384567],[-2.4017933418030206,55.35528278935271],[-2.4152877272935793,55.35918238640928],[-2.4300968024736362,55.357513721047695],[-2.4440594470937618,55.35924294028892],[-2.466625635643825,55.35338101229751],[-2.4754137537380583,55.35630343730799],[-2.478813507060503,55.35571507343662],[-2.495003832802513,55.34750945861362],[-2.5021969444402923,55.34022858712357],[-2.501890974568801,55.3372285963771],[-2.513475902685199,55.32974021403202],[-2.5199156771964555,55.323198265322276],[-2.52533428537352,55.3218092339596],[-2.5307356253816025,55.32269344683758],[-2.5430954566698634,55.31957494346124],[-2.550417420697111,55.315768113940535],[-2.5590184881776343,55.31786767203725],[-2.557273301462209,55.311405845721396],[-2.5642681695676153,55.30695268533437],[-2.5663278269571626,55.303357793344034],[-2.573709857035041,55.30079830215846],[-2.5733702331501647,55.296909016326204],[-2.6091641076585117,55.28331073173551],[-2.627543951237874,55.26679133740513],[-2.626732333107337,55.26222165950893],[-2.6424102329861174,55.26061252275485],[-2.6192339273600895,55.24752296466806],[-2.630668590335935,55.244499022581365],[-2.635467564641305,55.22982694957334],[-2.6346901244019736,55.225436838829594],[-2.63147115566304,55.223692287564354],[-2.6481823266565985,55.2198664413321],[-2.6598455689398044,55.219866803991636],[-2.665511156931958,55.22121987204194],[-2.6841995841567456,55.20280287597715],[-2.6830152514711916,55.1969505912604],[-2.686129064806746,55.1953156138051],[-2.6866405149861596,55.19033493646179],[-2.6914697428585153,55.186401336058104],[-2.6903715546975104,55.18151494558204],[-2.6802596792513156,55.17413800094867],[-2.6860924260862897,55.164387081560314],[-2.679978924407881,55.15698807205686],[-2.677860825282129,55.14956695337806],[-2.663731317637241,55.13992234641589],[-2.652584308037451,55.1291178113852],[-2.6435611371538927,55.126305258347905],[-2.626567172309146,55.12410375520671],[-2.6175974334617576,55.12471876139802],[-2.601578281820531,55.120793599110634],[-2.585650419457635,55.12315448327072],[-2.573655773476858,55.12149381636016],[-2.5686142392218025,55.11751438169134],[-2.5675401753623057,55.111802070707824],[-2.563542674194346,55.11124828984648],[-2.54044509923394,55.098769966762795],[-2.52848863708151,55.09939209470815],[-2.5245293162119977,55.10169499219363],[-2.517564266086391,55.10286687436516],[-2.495642136231639,55.1040970100141],[-2.4876520225339034,55.10298323924879],[-2.482679650048573,55.104146206142694],[-2.473648612659673,55.09903392238621],[-2.4676473782209496,55.09734027492686],[-2.45967226490813,55.09736938654815],[-2.4466637131944724,55.092841051525824],[-2.4426411295622654,55.08942447995943],[-2.4535325066736258,55.08252626007322],[-2.458514863534862,55.08250921231198],[-2.461480275300811,55.08021133146118],[-2.471419929620954,55.07788854235813],[-2.4773530054588955,55.07386485455117],[-2.4763121165206674,55.069867464101485],[-2.4683108765436415,55.067037780646096],[-2.458355141338229,55.06764487988564],[-2.4533376524281856,55.064232393223435],[-2.454290434749449,55.060226922002585],[-2.4632050548082125,55.05562228378641],[-2.4671071925779007,55.04817612745271],[-2.461998321539084,55.036187676134155],[-2.4669506393070755,55.03388387232969],[-2.4818476628029327,55.030970062484265],[-2.504583262554871,55.01773325849051],[-2.546318721618809,55.013560167598115],[-2.5591757482495336,55.00778765082841],[-2.5649976163739217,54.99689887911321],[-2.561908643135963,54.98890894786286],[-2.5717962822902796,54.9848631974953],[-2.5715946728399004,54.96999906264368],[-2.5685438985863693,54.96486664932603],[-2.5714633333456267,54.96028021109181],[-2.5823125868474226,54.95451376425661],[-2.605053398334333,54.94697531138708],[-2.628864404057107,54.94514418521844],[-2.6426804464201576,54.93935763688353],[-2.6494810810708027,54.92960371312781],[-2.652308318519138,54.919869884359066],[-2.666040153935486,54.90950799246065],[-2.668844351085711,54.898630202753544],[-2.659818254159768,54.892388116116834],[-2.651927286350295,54.895287889732266],[-2.6470506224263173,54.89505288926605],[-2.622793061624999,54.901064073471034],[-2.5903587625331235,54.90478914343254],[-2.5711802602305758,54.91602343927959],[-2.532349513373662,54.905057227541086],[-2.516643088407138,54.89398237261401],[-2.512729611115418,54.88285626312238],[-2.4934035594061355,54.882936328979504],[-2.493676165790242,54.9052205675015],[-2.486882195940079,54.912425710126584],[-2.4682846140935832,54.923992441587764],[-2.4359541410263867,54.932153153828764],[-2.416558484791065,54.927794630799006],[-2.4053446505352327,54.92312084665491],[-2.3971008291299123,54.91671721913207],[-2.396991092050058,54.9055750761074],[-2.3855902534441067,54.894469200802476],[-2.3821713533401705,54.872194736197265],[-2.377236992996231,54.8610675047971],[-2.353333219073826,54.8526002034049],[-2.3385114606215036,54.8500391104928],[-2.323369226175946,54.85247460293493],[-2.323596659246304,54.87478732527105],[-2.3194169521121517,54.8774408949599],[-2.300091280468857,54.877253937317555],[-2.2905169258416094,54.87244870471048],[-2.272947019971773,54.85462525386247],[-2.2510933100239483,54.84496065260342],[-2.245107698265918,54.83912108701499],[-2.2418234400618537,54.82798500148282],[-2.2225230285688213,54.8280219513324],[-2.2225843949069746,54.83916451120339],[-2.2032893903072805,54.84001124660082],[-2.1693050489817245,54.837383760702934],[-2.0404686272683317,54.8937174606356],[-2.004020448235913,54.96376455276656],[-1.9977665831626499,55.02206786291373],[-1.942888367920346,55.067292452666734]]]},"properties":{"name":"Cheviot","short_name":"CVHT","region":"Leeds"}},{"type":"Feature","geometry":{"type":"MultiPolygon","coordinates":[[[[-0.8101099775141503,54.559691791745436],[-0.849289698675173,54.57154258855682],[-0.8614993553176126,54.571927672355976],[-0.8716036977883248,54.57013494703965],[-0.8967500370126767,54.5726136031763],[-0.9159664495640202,54.58180150161432],[-0.9174045381953886,54.5841690438738],[-0.9263847423298088,54.58690026825955],[-0.9397955148887486,54.58890578179958],[-0.9561442998053836,54.58500358003791],[-0.9965114871832581,54.592085325450675],[-1.025537375213027,54.60148934040443],[-1.0527361395114596,54.61680355809117],[-1.0726070048324512,54.62145089549821],[-1.0831649262746714,54.62027307950239],[-1.0913556226116465,54.621053769386506],[-1.1110664063335496,54.62623279064566],[-1.1374884374396947,54.640263841259845],[-1.1428959694922862,54.63731852532897],[-1.1349267871512618,54.62955100541647],[-1.1518837451374866,54.62755895808414],[-1.1502351773720016,54.61449821702517],[-1.1579185885677916,54.60534913678448],[-1.1961538820844944,54.58192808553673],[-1.2034587263365208,54.58024186166846],[-1.2137283363112565,54.58042582315151],[-1.2231906071088097,54.57832102454779],[-1.2269787985759215,54.58088860606585],[-1.2169066311649153,54.581695622631884],[-1.2352309889494035,54.58554237623782],[-1.2477667692185783,54.590464910523025],[-1.254670331067382,54.59038178215362],[-1.2620449446144748,54.57364818110281],[-1.2585345336400016,54.589785401696076],[-1.2535548501690468,54.59299013169521],[-1.2460812250533202,54.59207209106478],[-1.2358471826455006,54.58817047998689],[-1.2138863850526929,54.582664626140755],[-1.2051081874286547,54.583730694925315],[-1.166809958205184,54.605096088160046],[-1.1656220851992154,54.61019255527783],[-1.1604648378992974,54.61176559765762],[-1.1586335540488293,54.617226001410884],[-1.1632870893467424,54.61986447834933],[-1.172943970755204,54.6217282061551],[-1.1999461458233291,54.622916106441444],[-1.186331279042783,54.633061618933894],[-1.1691972688073535,54.63307114683614],[-1.165677325891253,54.63399059291335],[-1.1688776396347387,54.6449497730377],[-1.1655965921630813,54.64853100716412],[-1.1834936350687484,54.66026409382495],[-1.1991848307368151,54.681389237045956],[-1.1992493873890897,54.6859909643429],[-1.1957633450442644,54.692061012934026],[-1.1879863136040938,54.69461537732966],[-1.195638084918691,54.698395947450585],[-1.1921371049130627,54.70123050424566],[-1.183851395746518,54.69732862005996],[-1.185645600419835,54.693736934201254],[-1.1775072138692775,54.69493117690399],[-1.1775901075666713,54.69927241772575],[-1.212575906441833,54.70993843785714],[-1.2400034441294479,54.72228161396019],[-1.2654563310084945,54.73996269455918],[-1.2689167637877738,54.74618447611428],[-1.2842380141067378,54.75388761818502],[-1.3006957828922994,54.76811971691205],[-1.308396789006715,54.78137430852327],[-1.3076920756189174,54.786223106531814],[-1.3109584977628526,54.79531824165407],[-1.3097504814307317,54.802320983273816],[-1.3138043673764805,54.808203264854875],[-1.3125439572919662,54.81188066322564],[-1.3197612083136154,54.81944312735824],[-1.3238081669500754,54.83245139932821],[-1.3204121177428065,54.83722230948877],[-1.330148479288225,54.83972074828494],[-1.3437242034691446,54.851351597366026],[-1.3481379638642144,54.85870839732996],[-1.3475994589466513,54.86505001540294],[-1.354554686998667,54.87440620135338],[-1.3538203910315758,54.880369354582946],[-1.3579121548083446,54.88475848914689],[-1.3610734746853637,54.8977606478018],[-1.3500630671301554,54.90658992239399],[-1.35862826847087,54.914264929464125],[-1.3572360711936116,54.90275488142472],[-1.3599979822479706,54.90265262845959],[-1.3623998835706976,54.913493956694865],[-1.3679763370546383,54.91699184716457],[-1.3632499597102643,54.91893522377748],[-1.3643209274331876,54.92324534106544],[-1.367801315571186,54.92816110028118],[-1.365786254020016,54.93126890462641],[-1.3673486629806122,54.938115720998724],[-1.3631983709003228,54.94493273460436],[-1.3576804992644773,54.9483185631045],[-1.3539720580916232,54.9575998669097],[-1.3578703317196885,54.96677764944894],[-1.3611276178422793,54.971171168789574],[-1.379060012596861,54.97933376315475],[-1.3844038406071233,54.98646912100424],[-1.3886335109564185,54.98990525354576],[-1.392609792607694,54.98946685890624],[-1.4051959844727602,54.99545101172323],[-1.4125847434468817,55.00539879918281],[-1.4173637569460074,55.003597545760016],[-1.4242483227083442,55.00647895952473],[-1.424215644263285,55.00876132458526],[-1.4391400532980312,55.00484108233071],[-1.4412442061378206,54.9963047879089],[-1.4497012279490489,54.985973114733085],[-1.448966672508573,54.98141372705504],[-1.4531273716647046,54.98109101430211],[-1.4516763103392145,54.98667397516563],[-1.4620107099559811,54.9839792696275],[-1.472864260056661,54.986875420907275],[-1.5129031578359358,54.98673670564196],[-1.5235862925892485,54.98459532248088],[-1.5305885511043522,54.97909596418163],[-1.5335992071669478,54.964675545196485],[-1.5385939571494154,54.96086641905292],[-1.5561461186231842,54.958172912655016],[-1.5665541018937372,54.96326971932188],[-1.579378911145973,54.96304513479413],[-1.5876244871307434,54.9692199735582],[-1.5921288931272748,54.97019668431861],[-1.604979925478693,54.967507245866095],[-1.6204944127447376,54.9604394826754],[-1.6307264009516207,54.95842208883783],[-1.6416430225280703,54.95831993002574],[-1.674955565439033,54.963715354351905],[-1.6779729768296734,54.96332797964576],[-1.7012094218395937,54.97008198934184],[-1.7050071513178569,54.96982166414287],[-1.7076435185773648,54.96599988510681],[-1.7202209389893,54.9676649370761],[-1.7280406931636283,54.97082783901256],[-1.7289659305475686,54.97493660881664],[-1.746685349116266,54.98184023223641],[-1.7664081005967953,54.9811967093698],[-1.7868316027593154,54.98383118150994],[-1.7961116445969871,54.98119160573503],[-1.7390908071048778,54.95050453885688],[-1.7393158769220634,54.93864842742675],[-1.7465697200960983,54.92681558028367],[-1.7490130005514002,54.91152673815247],[-1.7586389715201314,54.906008813905146],[-1.7395528145113766,54.905969450647326],[-1.733422118918465,54.91274581944001],[-1.718371064955514,54.916755761646115],[-1.6990003172996206,54.915978189392455],[-1.6790296999955268,54.9267927083368],[-1.6618419358659202,54.92802938533536],[-1.661999716287806,54.91702715492497],[-1.6697453720395417,54.91010461211225],[-1.6715826376570113,54.90574958392829],[-1.65564608422086,54.89829855665208],[-1.6497436090217434,54.879492251958304],[-1.635318523505375,54.86555436303963],[-1.6237690861933374,54.86106200583491],[-1.61807949415909,54.849901662922015],[-1.6240279924454932,54.83320614588375],[-1.6433797347727348,54.827693124188656],[-1.6517060596708142,54.821350029035656],[-1.6627725963777638,54.816605766407974],[-1.6628653108265092,54.8054632733787],[-1.6436125893638605,54.8012297936596],[-1.6243897144061845,54.79420768916193],[-1.6437716915729161,54.78312328825213],[-1.6246990707040911,54.76078016115407],[-1.6440039069276862,54.75665976091291],[-1.6632868701339667,54.75470290224709],[-1.6825910928900873,54.74980248237713],[-1.6898956169747796,54.72753570338401],[-1.70218089061226,54.70528064985002],[-1.6948636588924129,54.694119523987965],[-1.6886922911420887,54.67181797784231],[-1.6832338213218403,54.66734664180495],[-1.6755441379037863,54.66732631124751],[-1.6639729292433276,54.67175200303173],[-1.6447468861397325,54.67169720319217],[-1.6369969529042436,54.67835996870993],[-1.6254184273864924,54.68278204927272],[-1.61096835873766,54.685522262403396],[-1.6061333550017887,54.688292361211964],[-1.5984287844403489,54.689381394904586],[-1.586843070288194,54.693799680861055],[-1.5676067821593918,54.69373262448181],[-1.567843419025316,54.67144749972809],[-1.5794248110339717,54.66703100716568],[-1.5871821101780177,54.66037183520217],[-1.577629607034288,54.65476739579979],[-1.5728834699872336,54.649179224943275],[-1.568197768128486,54.638019522669246],[-1.5827191991574225,54.626927365672024],[-1.6068111723505065,54.61809334196809],[-1.6070471818329182,54.59357926235648],[-1.6263382584091581,54.58249712706387],[-1.640432644488326,54.57956824060673],[-1.6647519977251728,54.57703794618504],[-1.6839269949390498,54.577946686755766],[-1.703127079093803,54.575499436885806],[-1.7299621672138008,54.57831517970914],[-1.7414432198850973,54.58279748620479],[-1.7989964633202127,54.582906618520816],[-1.8075752858829304,54.5717774921398],[-1.7969261820528635,54.56527699452482],[-1.7800120827830477,54.56065426505141],[-1.7728515039229664,54.54957386913945],[-1.7608881776772651,54.538264781242745],[-1.7417247602942112,54.53822542777451],[-1.7034787738995707,54.52699456090745],[-1.6941971424929552,54.53580027611081],[-1.682032084789688,54.53332807785095],[-1.6730172303144937,54.53537099960074],[-1.6604142404487696,54.535188961644856],[-1.6531915753215343,54.531603592787974],[-1.6544483863307342,54.524638484292495],[-1.646086947339284,54.52425036998185],[-1.6365348928034311,54.52591166096081],[-1.6313600282839653,54.524024391142156],[-1.629413971680619,54.52124893097391],[-1.6306578891250219,54.517398173444555],[-1.634994604668024,54.51433319663175],[-1.6233509806446202,54.51463676969198],[-1.6146028204618312,54.51932287686446],[-1.6037285693050083,54.519353346412096],[-1.5988480813265173,54.51633531919623],[-1.6014550152133027,54.510527266118764],[-1.5944272137687228,54.512334305109825],[-1.5808422859033198,54.512833544654185],[-1.5772927737889413,54.50978231759879],[-1.5897097394410156,54.50357802761808],[-1.5800919490367333,54.50541396714913],[-1.5769444375679755,54.50388023820798],[-1.5779486499533737,54.49919343562136],[-1.5812260512238585,54.49661812247605],[-1.5719007730308268,54.48975247539565],[-1.5529265485555421,54.48367019910477],[-1.548860530474627,54.473191542402404],[-1.5454465021808312,54.471226166879276],[-1.5324935001737452,54.46913677739739],[-1.5196063092023464,54.471034646371535],[-1.529924429325162,54.47573857839],[-1.5310666913157187,54.480708362762584],[-1.5286105137577382,54.48480138585541],[-1.5178479378718452,54.48502319792078],[-1.5097901922600498,54.480238121300445],[-1.5111141931395609,54.474999875099066],[-1.5051974523211165,54.482306511070774],[-1.492757824225149,54.48639080241978],[-1.488305070109126,54.4832981021591],[-1.4971793432073757,54.476911602477124],[-1.4969081730873892,54.47449607635648],[-1.4626868930972141,54.47275431125426],[-1.4614175134404108,54.4779989335525],[-1.4573574174014448,54.4814704499325],[-1.4616002129411558,54.48593888582649],[-1.458246160297689,54.49282686061478],[-1.4620140477103654,54.49628122288545],[-1.4726894472741228,54.49600649506671],[-1.4753694473645718,54.498326972990334],[-1.4729377382592923,54.50143670292454],[-1.460242717847329,54.504289804460164],[-1.4566557256242456,54.50309732377843],[-1.4429233082911395,54.49112685160665],[-1.4245800532696549,54.483852935963654],[-1.431064672354722,54.47925066671512],[-1.4229113063384886,54.478867390918374],[-1.417658704187818,54.477073611542906],[-1.4092379241926498,54.47884548620898],[-1.4077559782145121,54.483896158757055],[-1.4099602620247573,54.48967300615721],[-1.4066706520622485,54.493615752854645],[-1.4019499681831733,54.49421980219738],[-1.3969489404431383,54.49158111242282],[-1.3948214613232695,54.485667305484654],[-1.382836228949295,54.48727381828271],[-1.380781635021055,54.49401616604728],[-1.3680328605227159,54.48482707664612],[-1.3725143286476256,54.48115588310035],[-1.3703114602848814,54.471010052396174],[-1.3639202769191787,54.4661373412026],[-1.356261119307443,54.472913211228715],[-1.3446854541195532,54.472395337024366],[-1.3400447508197066,54.46635106754551],[-1.3180831196430247,54.4721862501005],[-1.3128859459149362,54.47726420079539],[-1.3085750353309176,54.47647486242576],[-1.2864798464727158,54.48272106945779],[-1.2852659715274775,54.487813187940034],[-1.2807481040197872,54.49042957547056],[-1.2741728461510349,54.49105623041345],[-1.2690690558536117,54.48829427038206],[-1.257172745263285,54.487307783791984],[-1.2569950291535668,54.49319420284754],[-1.253031900341606,54.497768549698314],[-1.2564441078372268,54.50109410145476],[-1.242090235050197,54.50164399536058],[-1.23828212858585,54.50621793336411],[-1.2341495488456529,54.50612804870633],[-1.2346352646723946,54.510302033262015],[-1.2303738803704727,54.51186751189655],[-1.2136142095173323,54.509991019059264],[-1.2035550839450933,54.50687951922421],[-1.184863304628292,54.50727080876285],[-1.1664676994119676,54.50371412492033],[-1.1377305312932702,54.50098977572659],[-1.1333994850924687,54.513066725072385],[-1.1334766793005069,54.521335209743036],[-1.1369765937567942,54.53035706857425],[-1.1357675675515624,54.54651452633394],[-1.127760149717315,54.557600663082766],[-1.0825886813670331,54.56453425606512],[-1.0699959515254767,54.56831420725148],[-1.0601350511241427,54.56289641257891],[-1.0510084374630237,54.560087668639405],[-0.9934984484742225,54.55950842203192],[-0.9744017992009091,54.55639823862177],[-0.9551863721184471,54.558053278391604],[-0.9360641149231378,54.55606726771272],[-0.9171906363520161,54.54475605047747],[-0.8785590846478495,54.55554803956703],[-0.8597017552899088,54.54422792886261],[-0.8101099775141503,54.559691791745436]]],[[[-1.7955160129137593,55.65896850040596],[-1.7896650470115876,55.65341475479718],[-1.7906776498511536,55.64828592758417],[-1.78357586452104,55.648138846106335],[-1.7862106462451923,55.6574251809101],[-1.7955160129137593,55.65896850040596]]],[[[-1.7981966008318715,55.68786926206482],[-1.8006403693580983,55.6889874079634],[-1.813416642195866,55.684847332005624],[-1.8220869445775267,55.684303102772645],[-1.8486945144863527,55.68840898927721],[-1.8547631103601345,55.68610712119121],[-1.8521555478812406,55.68166534934402],[-1.8428497517964286,55.678329302066466],[-1.830425008320965,55.683299560766585],[-1.8145735018076588,55.682360192859235],[-1.8049568630844044,55.6781851818581],[-1.807103547373847,55.67171924381045],[-1.8030337281828335,55.66848711013015],[-1.795196766395706,55.6683754653583],[-1.7922415661747697,55.67104809074091],[-1.7865464932220725,55.66873812540121],[-1.7775521149854523,55.66807524216897],[-1.7811114162518824,55.67694102256146],[-1.779128778939307,55.678878273805836],[-1.7797299133748268,55.68793640050838],[-1.7841653548182423,55.68544639267673],[-1.7920032676838178,55.68601698307106],[-1.7981966008318715,55.68786926206482]]],[[[-1.7966721619918011,54.98309703839866],[-1.784215494320818,54.985057684055214],[-1.7701955428493974,54.98284839073741],[-1.7454909205328804,54.98293405938247],[-1.7254012881236624,54.97533300157048],[-1.7249643331701217,54.970686134614596],[-1.7223504670313754,54.969170514083174],[-1.7102527472143398,54.968054986831206],[-1.7035666625924448,54.97240620155255],[-1.6863314459526304,54.966980252200685],[-1.6610618377946262,54.96480074000926],[-1.6371284582305372,54.960220629299656],[-1.6261931111062153,54.960600900721424],[-1.6056850399620841,54.96887544606019],[-1.5883234382063953,54.9711364169374],[-1.5807759745150505,54.96536841822891],[-1.5648711875710632,54.96436004145483],[-1.5528032607420852,54.959670372742714],[-1.537206963482227,54.9646893194818],[-1.5334155889865653,54.98052666789483],[-1.5296481024451827,54.986038730283816],[-1.5165087542432056,54.988395570797096],[-1.4739007826793973,54.98887486452877],[-1.4558052128654864,54.98874138531158],[-1.4507783195852295,54.99407464498876],[-1.4420882040035763,55.006454189033214],[-1.4313511161158552,55.00947782132769],[-1.4287162958941588,55.013338576694615],[-1.4171459934299022,55.014308172387516],[-1.415904840284003,55.01793268527035],[-1.4201935553723009,55.023111309254354],[-1.424001962599734,55.02367754713809],[-1.4303071245740253,55.03129161775868],[-1.4318055215653382,55.03485717572879],[-1.429731061640722,55.038810416386575],[-1.433005640244154,55.04183609740675],[-1.4483511035817636,55.050245788768784],[-1.4547457128483046,55.06113890976209],[-1.4550528328738996,55.0650402946736],[-1.4514073993709586,55.07055943039945],[-1.456159333166211,55.07120078035651],[-1.4633705628644504,55.080003262862164],[-1.468133938339528,55.07988036773884],[-1.4733180450207963,55.0846925087416],[-1.484647763265796,55.09294529906858],[-1.4933200936892586,55.10350441714927],[-1.4981296196529903,55.11993294473213],[-1.4968933575058616,55.12348634250103],[-1.4999484752712113,55.12746177403166],[-1.5167829311324006,55.134637628843876],[-1.5277442015637734,55.136181240523634],[-1.544252079858963,55.131463466856005],[-1.543966984213937,55.135838609332694],[-1.5410747538771419,55.13910766820382],[-1.5343973163384674,55.1386690006958],[-1.5187134921615035,55.14235530092441],[-1.516387886737392,55.137475658673736],[-1.5039570885360332,55.130479497339145],[-1.5003694647842467,55.13142636093816],[-1.516888650182,55.14667037617623],[-1.526099216375523,55.16250395266151],[-1.5225044057697101,55.16385581049048],[-1.5209827598329766,55.17164071933074],[-1.5147410740496636,55.17367385064175],[-1.5159045283545884,55.176131651821095],[-1.5120041596247813,55.18308925129143],[-1.5081647133158613,55.18498785371643],[-1.4993113334194534,55.18591335096738],[-1.5042260052598926,55.19358947960782],[-1.5032257795307216,55.19823116425723],[-1.5113356671045157,55.19922540298246],[-1.5148942030052985,55.2011536097836],[-1.5176792425039305,55.20731104468403],[-1.5270083923767725,55.2169894698297],[-1.5288709727326066,55.22164239988625],[-1.5261425457755573,55.229018272592846],[-1.5384769942172722,55.23780880653782],[-1.5456319712697641,55.23920149416486],[-1.5539401451431614,55.245800807755266],[-1.5619438708969027,55.25744850956027],[-1.5693860087087887,55.27634524902706],[-1.568363828340185,55.295130990750756],[-1.561792493808147,55.3012449097334],[-1.5582049043083288,55.30801627050223],[-1.548932172002556,55.31165759310621],[-1.5480221078647847,55.32241919835315],[-1.5697199534268096,55.33718919528101],[-1.5811311113101365,55.33743548667553],[-1.5814673763053515,55.33993467265041],[-1.5931440859646506,55.349741557674584],[-1.5985431785992483,55.356965935809455],[-1.6004064601778094,55.36459190709031],[-1.6033800737452302,55.36539232449509],[-1.60890716313949,55.38404640283664],[-1.615731416126524,55.38344801256962],[-1.6234537926557338,55.389636174360206],[-1.610485535129039,55.38565088406579],[-1.5958560902315826,55.394705910896064],[-1.5937204697072722,55.40128531681116],[-1.5897795615984904,55.40521686663993],[-1.5789253106053573,55.40719278994983],[-1.577264811593622,55.40888535148162],[-1.5805844604107706,55.41754992985356],[-1.5753059542033196,55.4325017601362],[-1.576268668893021,55.43409554659682],[-1.5876391629145414,55.43486220016621],[-1.5917445713226768,55.43827250912194],[-1.591962521385563,55.441660800290116],[-1.5866512329529647,55.44774419518002],[-1.5923868256106932,55.458779719587135],[-1.589423406134335,55.46243592791384],[-1.594205282970831,55.483442068678045],[-1.593052164426201,55.48939564016126],[-1.6025134691793486,55.49435075074274],[-1.6106720753183619,55.49520360695606],[-1.6176165354975838,55.50378863908938],[-1.6140199396971315,55.51056139967458],[-1.6184883019912664,55.51514899028596],[-1.6123406612529803,55.52032329965854],[-1.6121907364216634,55.52268600016783],[-1.6199254300856576,55.52377949141607],[-1.619294161217033,55.52682359927286],[-1.6264948595072404,55.52753762563464],[-1.6379042020011003,55.5409152097361],[-1.6268740476181722,55.557783698832864],[-1.6340454141050398,55.56057280471525],[-1.6429074256705312,55.57461610947518],[-1.6399487160291448,55.57731205728796],[-1.6497116713081696,55.58348630086718],[-1.6636304026207707,55.58828747522652],[-1.6771828706683622,55.59946567711098],[-1.6841474004516706,55.60173012473587],[-1.690612570304346,55.60704792097142],[-1.7235771593674156,55.61655213542071],[-1.7424066588628233,55.61901011765375],[-1.7493911504890842,55.61428933145341],[-1.7596846388018745,55.61070681142267],[-1.7627612897927292,55.60593262439154],[-1.7679144744630797,55.604145415498095],[-1.7753266126649228,55.61247058354962],[-1.7855976436356136,55.61540017069601],[-1.7710135281701158,55.61708104572131],[-1.7651035793765284,55.623027113780836],[-1.7655718877748552,55.62704441788094],[-1.7784777420432072,55.639261343154104],[-1.784087547324448,55.64176922364248],[-1.785310854983512,55.64467359486278],[-1.7904285961838546,55.647315099656716],[-1.7970655400310216,55.64206988597162],[-1.8004633316524687,55.636208097028465],[-1.8107968781738089,55.634427397454544],[-1.830151773899362,55.63984680927718],[-1.8398246382300134,55.644172699685356],[-1.8388584854651129,55.64731626073815],[-1.8461410432639571,55.65406449330754],[-1.8531313869176038,55.65461215406418],[-1.859618846672883,55.6625266980796],[-1.8680554339351894,55.66838538923353],[-1.873580780534624,55.675507444461594],[-1.8740468153590562,55.683891072965466],[-1.8799230474801074,55.686574521475634],[-1.8835703946393056,55.69558113460322],[-1.8974638964058648,55.69965476861188],[-1.9041508385746355,55.7042785068492],[-1.9119932423013628,55.70529967799009],[-1.9188571617687313,55.710291125880026],[-1.919169739854359,55.713067728513366],[-1.9281888377255278,55.715867679047186],[-1.9413887045444107,55.72333228384276],[-1.9453624333113484,55.72782664793608],[-1.9572983603522287,55.732773141798454],[-1.960158631667312,55.738704240270486],[-1.9685970569095022,55.741761588826876],[-1.9714609337801734,55.74598525660871],[-1.9848382735105707,55.75416399730029],[-1.9912094092746528,55.76261053492476],[-2.0015677050174987,55.76189201517126],[-2.013363399585929,55.771505245237385],[-2.0294595101036275,55.7678185511037],[-2.035031240492066,55.76053920808038],[-2.0466606924765767,55.75792965959474],[-2.055105699540081,55.757926145637256],[-2.090442765463534,55.76284691758001],[-2.104842905956966,55.76061614511453],[-2.106348352986009,55.75754196600155],[-2.1044780978113624,55.749358197974914],[-2.1156246241456316,55.74773088333967],[-2.1168737054823468,55.73928374181958],[-2.122124621065184,55.73775116254217],[-2.1320073790965774,55.74034659214253],[-2.1394936038599766,55.7405180074665],[-2.1468115013225533,55.738263199189035],[-2.149028440377827,55.73493604784903],[-2.147407832498293,55.727480387169884],[-2.150099300052184,55.72352368230953],[-2.1687224838052668,55.72278067012046],[-2.1755513599769136,55.719087195079354],[-2.1742534757120535,55.713608129008385],[-2.1659535718622562,55.70804886831604],[-2.166265348066362,55.706520975393026],[-2.1827959449744663,55.70245414306377],[-2.1871295522047642,55.696993629869965],[-2.1900114123353034,55.69746541114789],[-2.1964142542226193,55.689404632292366],[-2.2048275070961814,55.686156212481514],[-2.2076655606777082,55.68147915442341],[-2.2156633774111953,55.67705134295157],[-2.1613590171833508,55.658643965350045],[-2.0680444477558715,55.620292139235154],[-2.0020556651133083,55.588461754963234],[-1.9788119554763581,55.53793957505285],[-2.0502447444572067,55.24839984554977],[-2.059509458670503,55.11870574273782],[-1.925235522964733,55.08186257289318],[-1.942888367920346,55.067292452666734],[-1.926672940537837,55.06218504524509],[-1.910264196349949,55.052662453165716],[-1.8876568164048653,55.04335289738171],[-1.8743274139528256,55.03985788042675],[-1.8549251912122047,55.03983634668697],[-1.8378141340800425,55.03598959941197],[-1.7912743357592606,55.02064297020798],[-1.7966721619918011,54.98309703839866]]],[[[-1.9929600968509804,55.77563891778536],[-1.993437608166771,55.78013144496248],[-1.9990176208920163,55.78291695377657],[-1.998539182313816,55.786600797337066],[-2.004758472031801,55.79028454584418],[-2.009064341291434,55.7908233938047],[-2.02134986348573,55.80169367031421],[-2.029806973915384,55.80510618077313],[-2.0282138792861746,55.80816144687037],[-2.032843806656772,55.811844121092335],[-2.052600681804647,55.80253778175771],[-2.0630014777566923,55.80251490172174],[-2.0670623990630896,55.79852341805695],[-2.076911215262478,55.794159917242176],[-2.084979341833748,55.79326507607095],[-2.086889236176107,55.79151166510484],[-2.0856785220207574,55.76311530929732],[-2.0465032878754807,55.75954702548699],[-2.036468350092884,55.76368354665439],[-2.033128555086272,55.77168116620727],[-2.016712104043686,55.77473943236446],[-2.009538320611505,55.77312291175191],[-2.000452291818579,55.76620483816812],[-1.9897738866670378,55.76767797951703],[-1.9888171168499933,55.769438961624154],[-1.9929600968509804,55.77563891778536]]]]},"properties":{"name":"North East Coast","short_name":"NEC","region":"Leeds"}},{"type":"Feature","geometry":{"type":"Polygon","coordinates":[[[-2.599646614195367,53.37666855912411],[-2.615820966637102,53.37870633513173],[-2.622689536599916,53.37454059542113],[-2.635513106925691,53.37770893977607],[-2.6423542817512393,53.3728183818115],[-2.6498921552586356,53.37430565591994],[-2.6564900200314026,53.373280775780685],[-2.662557164178161,53.367134875919355],[-2.663479149814017,53.35877018169206],[-2.670346542690315,53.35594526729919],[-2.676796543940871,53.35527963619294],[-2.6960595564400482,53.357236234011935],[-2.7151105766785446,53.34642685992758],[-2.741241646559386,53.34608758202333],[-2.746770581047394,53.34443510595177],[-2.754954738017542,53.3400689371836],[-2.7632087331665764,53.331297198289825],[-2.763136524839944,53.32725265880724],[-2.7518515636571834,53.31734665352019],[-2.7511911965178797,53.31393503072587],[-2.774734728391685,53.3044359223284],[-2.7897319182352733,53.295798039508746],[-2.8137810396090828,53.3059736414225],[-2.826128639436876,53.30813598096428],[-2.8425996547221626,53.30622294467268],[-2.843429092662479,53.30262148931331],[-2.8390127570162313,53.29932672110741],[-2.8533347077071607,53.295180039930116],[-2.8545043029808563,53.293643533525824],[-2.8857576212454714,53.295932385534336],[-2.9027126493770576,53.30308634267418],[-2.928527000496382,53.31016925114819],[-2.9474551000207008,53.32449271996374],[-2.969260547617936,53.352543034874905],[-2.975217801029952,53.35683617707059],[-2.981833832881901,53.36358658837342],[-2.9849662142087694,53.362571983918436],[-3.002463197415775,53.37815701630401],[-3.006184770539528,53.38297974978864],[-3.0041290185335496,53.38506452826808],[-3.008360292938846,53.398692089815775],[-3.0130205355304893,53.4055651414982],[-3.0201646023913935,53.40363460076104],[-3.020276441071827,53.400136937515725],[-3.030942457278152,53.403964490370456],[-3.022033529979965,53.40441863238166],[-3.0136801041162475,53.40736632229338],[-3.015166406837438,53.41292684094687],[-3.026766144017112,53.42604139234285],[-3.035127366353743,53.441879607525614],[-3.037727839704648,53.44356493404611],[-3.0482447563899777,53.44266408366371],[-3.0623243388798467,53.43975309994724],[-3.102809278491927,53.42185756671949],[-3.1399008856279975,53.41332918477695],[-3.1761239370245704,53.401112234630425],[-3.1805106157318725,53.39657437968025],[-3.1897422468432137,53.393246639638626],[-3.198490324993361,53.387303120049864],[-3.190731719976439,53.38559601072671],[-3.173925065508448,53.37587445797243],[-3.166165444158177,53.36696139976584],[-3.166018172187991,53.36156935150628],[-3.1600333370075266,53.362526599395174],[-3.156882545421417,53.357163702652805],[-3.1507528166862433,53.35272840553711],[-3.13575657610864,53.35377101421876],[-3.1204531003487697,53.343128755377535],[-3.1203824054155422,53.340432678086025],[-3.115807227099046,53.33777881742704],[-3.094624972295543,53.33168267750373],[-3.085388980757725,53.32277794596993],[-3.0731780352247045,53.31479822269513],[-3.0550806928674397,53.31136404623718],[-3.0535136886377545,53.30868116102603],[-3.0398124648674543,53.30071119991085],[-3.03515957461864,53.294459290638045],[-3.0365725379027135,53.29085136025535],[-3.042484560482432,53.28720415730252],[-3.0424189169186677,53.2845079852355],[-3.0363767291728534,53.28276283002555],[-3.013882446579799,53.282956244221786],[-2.9911590901112346,53.27325928239082],[-2.973065350991459,53.26891378561861],[-2.9639895158439136,53.26539187739667],[-2.9577924783104415,53.256452708006336],[-2.9532363340681678,53.25379249454084],[-2.936731648452895,53.25302444155852],[-2.917364971705238,53.25856854056539],[-2.9098327155518082,53.25682845585541],[-2.9007268208108656,53.251504161794315],[-2.889919614280573,53.236303876197205],[-2.8838903634868718,53.23455092840845],[-2.8640181647062186,53.214920629698554],[-2.851896928265419,53.20781662140839],[-2.8427028176362192,53.19709505809692],[-2.8366634838444447,53.194440890686835],[-2.8351144551858423,53.19175501948085],[-2.8275625996746023,53.18821207361204],[-2.8214739027658853,53.18286073875035],[-2.8152844455654455,53.17211628987339],[-2.800091820194321,53.15963451382243],[-2.7865180106468275,53.15343253715531],[-2.7788955357302716,53.145392395372355],[-2.7683026561951745,53.13826988985081],[-2.7562662041746435,53.13385237846368],[-2.7502097494898377,53.129396113506246],[-2.7442011455771866,53.12763599664573],[-2.7230843482758527,53.116080222645195],[-2.725966184684836,53.10977024270609],[-2.728938398044888,53.108853153878364],[-2.7273536948299575,53.103469327482216],[-2.7317731237597025,53.0998465464155],[-2.733205335178276,53.09624204196535],[-2.733098349873825,53.089950241976396],[-2.7360690481222836,53.08903297734358],[-2.7299905834331373,53.08277796146306],[-2.73142239108787,53.07917346959194],[-2.7358696695686473,53.077348193733755],[-2.7463021909312344,53.07638427870984],[-2.752162686987167,53.0700548817793],[-2.750482793015614,53.05927835627285],[-2.7414692987362863,53.055739172284966],[-2.735333569021922,53.04588904353196],[-2.736656443172499,53.03599261852113],[-2.7154974033687393,53.01904211363958],[-2.715304086126565,53.00735713844081],[-2.7211898462164053,53.00282690131232],[-2.7092107348288224,52.99930323269169],[-2.7031780833074692,52.994844395003355],[-2.694210735749599,52.99309923546341],[-2.679313782103262,52.9931853084953],[-2.6748026314223297,52.99051420082523],[-2.652363574719152,52.98434693959417],[-2.649236477605364,52.97447577388171],[-2.6402489156090363,52.970928792011506],[-2.6386671824405887,52.96464474722068],[-2.644581971133154,52.961915995688535],[-2.6475055008217168,52.958304347178036],[-2.6429732748834853,52.95383426668996],[-2.6280636086796587,52.95211614200409],[-2.6235598966920013,52.94944304957264],[-2.6146178629785677,52.94859070825637],[-2.599636488596103,52.941475763121886],[-2.596574013762698,52.93519860835101],[-2.5682481071876033,52.930842799455235],[-2.5681892259236916,52.92634838433526],[-2.5770181704142683,52.91911429506864],[-2.57550713902309,52.91732374432622],[-2.56804797486915,52.91556177389663],[-2.5605081445023083,52.90750712443164],[-2.544142128629016,52.90668430444961],[-2.535188262241969,52.90402817231362],[-2.523186479822987,52.8950922402587],[-2.4935303649021754,52.901511803803956],[-2.478723790177856,52.90696606246238],[-2.4728255798753493,52.911484388671425],[-2.4760460325314186,52.93394493815638],[-2.4687143316371682,52.943862371308406],[-2.4643657232462566,52.954666637993014],[-2.4614080058722756,52.95647602511841],[-2.455454026710815,52.95649900122892],[-2.4525145908373673,52.96010595622707],[-2.4391899026818,52.967347397085305],[-2.4198781093253308,52.971911856008035],[-2.4124843257265836,52.977331316183374],[-2.399106190801006,52.98007378480651],[-2.3976333899745774,52.98187657343242],[-2.372321616995567,52.982857511503475],[-2.3722674928787715,52.976565207961286],[-2.3677769766556045,52.97388241791052],[-2.3528638812899594,52.97123087345036],[-2.346864584626628,52.96585498768686],[-2.339434488393285,52.96767430337859],[-2.3333154608774596,52.96580388708018],[-2.3303096716655345,52.962126686884396],[-2.3239418314695532,52.96663885357252],[-2.313643243171139,52.96316068443335],[-2.3071117051974634,52.96425400908235],[-2.3004426356620398,52.97029631637343],[-2.3088496346834164,52.97989323902207],[-2.306467987264698,52.98007919179982],[-2.300696444312693,52.98539758400292],[-2.292790700669979,52.98610167220239],[-2.2920760611904702,52.98820574834504],[-2.2971660614940808,52.99187870233693],[-2.2897354266208447,52.99459381843917],[-2.2937836211509204,52.998359341895096],[-2.282796102182589,53.0042289783948],[-2.280258740611459,53.00360575651094],[-2.274476279128404,53.00820373063733],[-2.287317975679599,53.011948836141926],[-2.292720662444859,53.017419037081126],[-2.2918517890476915,53.02119662441207],[-2.300674102079981,53.02503996178359],[-2.2936901804189227,53.028473314249176],[-2.2885131065546886,53.0346885070097],[-2.2900121688426176,53.03585344712824],[-2.277885330019337,53.040734743790395],[-2.2859140275824776,53.04754924772832],[-2.27906227102843,53.049093681640926],[-2.266427643128187,53.05640385307974],[-2.2579298717713563,53.057501288407856],[-2.2538088367205407,53.067128489890564],[-2.2497925343505365,53.069384268206306],[-2.2521125625906335,53.072602013518804],[-2.256198122543055,53.10870162849866],[-2.219484585624087,53.15896726201612],[-2.2915895391319907,53.27061404502312],[-2.3427324827673464,53.276603976018265],[-2.4764799369827997,53.3557829591327],[-2.5250017443013713,53.346390242580405],[-2.58654721156525,53.35529256323345],[-2.599646614195367,53.37666855912411]]]},"properties":{"name":"Cheshire Plain","short_name":"CHPL","region":"Warrington"}},{"type":"Feature","geometry":{"type":"MultiPolygon","coordinates":[[[[-3.002890906945904,53.42832074872385],[-3.00437869295199,53.43907695272363],[-3.006567035418883,53.43867200515898],[-3.002890906945904,53.42832074872385]]],[[[-2.445419889651711,53.81666304179258],[-2.4754787063321686,53.82320149125644],[-2.5728197406323963,53.81390389683415],[-2.6155528370874013,53.832537847366744],[-2.6584626628453774,53.807022470724995],[-3.021920342267285,53.741244207714736],[-3.0032482255361086,53.73680047507584],[-2.9921960018878337,53.7374318204055],[-2.9722501465844395,53.73373031195132],[-2.952435772537076,53.73568715694048],[-2.9366325548666894,53.74084525274871],[-2.940146351085022,53.7352449194428],[-2.9260007904271936,53.73310798662519],[-2.8801214610502024,53.73561102669043],[-2.855021906934305,53.73884882211425],[-2.78883737728791,53.75384591858804],[-2.768772293283137,53.75633125357643],[-2.746410321635701,53.76114651670134],[-2.7276379292156503,53.761531618724],[-2.7258756114324436,53.757857132331544],[-2.7562443801736993,53.75718396107974],[-2.7946014606938987,53.75067991192742],[-2.829465411898784,53.74217439357444],[-2.8505496251974183,53.735105550569166],[-2.8372322075989858,53.728637867079726],[-2.8248916087160576,53.71766781128046],[-2.8271431311593367,53.7165736817929],[-2.8371661285961642,53.725312639577666],[-2.85491061768735,53.73336672383087],[-2.887722968912148,53.72944284689239],[-2.896781664389467,53.727757467965596],[-2.9006029730957232,53.729256827783544],[-2.912367525383465,53.72726226698133],[-2.9178600943852584,53.725440604622136],[-2.9328108253252214,53.72368922585366],[-2.9429389013804084,53.72319646279856],[-2.9489609330961613,53.71603006251867],[-2.9486073636266443,53.713785750951004],[-2.9386681953450253,53.70972936877259],[-2.952040237473159,53.70477005475377],[-2.9495055553639116,53.699846519129984],[-2.9625375275580628,53.69345054663928],[-2.9647622355017362,53.69801677390259],[-2.973995678099527,53.697762263821225],[-2.98278707473174,53.687641287661336],[-2.9887769851756323,53.68800544818503],[-2.991418988734878,53.68250959054253],[-3.0012349598735413,53.67887743876769],[-3.0111439592376192,53.679198651913474],[-3.0147860807341336,53.67766675012057],[-3.0155941293674484,53.672868995943794],[-3.011095880638112,53.667711678846736],[-3.0059939234354967,53.66638839764765],[-3.0182374741464484,53.655058145429564],[-3.025839249370626,53.65031916650351],[-3.028470094596761,53.64652137364635],[-3.03676671230343,53.64555093302283],[-3.051667319098704,53.618185310665474],[-3.0924145051211087,53.58087652257948],[-3.1008767642178805,53.569392170729294],[-3.105186535709315,53.55515011153259],[-3.099151383798872,53.53896294521167],[-3.086479421983181,53.53261581565085],[-3.0750858671635126,53.51941535836054],[-3.0703751474382357,53.52281047133358],[-3.0644172007161803,53.523420982978934],[-3.0617317900189063,53.507723397747064],[-3.0541052356775267,53.492055928480774],[-3.0345571025790266,53.46859056648307],[-3.0388700625538623,53.46630591584339],[-3.030054096610065,53.463047385161346],[-3.014747118254394,53.46227951183527],[-3.019882273468963,53.4597188919324],[-3.016659864545741,53.457229476257645],[-3.011069856030223,53.458391545776244],[-3.0031469799175374,53.44941553927357],[-3.0050265981549615,53.44292773799455],[-3.0033295539648934,53.43927453861916],[-2.9986962771876464,53.436212206780695],[-2.9985784683209222,53.43118839625716],[-3.0023766188635546,53.42245530472041],[-3.0015225403014654,53.414929752216395],[-2.9980405548297755,53.40758798499953],[-2.9928372189869634,53.40184249537993],[-2.9902531532096805,53.40261903026549],[-2.98281303066673,53.39306234948067],[-2.9832818291966423,53.38730555856039],[-2.9795872133879224,53.383560576683095],[-2.970890249209585,53.37796859846683],[-2.9380006852153477,53.36573699811938],[-2.893476645867278,53.3422579932121],[-2.871365734621201,53.33334270626771],[-2.856105574577657,53.328689061374504],[-2.8404602147598235,53.32718231771026],[-2.832983716953795,53.32876288449045],[-2.821977694337369,53.33423259270194],[-2.8106550042634377,53.33107406856971],[-2.7924881827410624,53.32310612848841],[-2.788585251406227,53.32313199754813],[-2.7768471557635044,53.32986081875258],[-2.776798287233967,53.335434252168135],[-2.7706310923535833,53.34320469242168],[-2.760084735982184,53.349834225690415],[-2.7500460556495923,53.35133597673846],[-2.738594075166786,53.34933998912275],[-2.7298912899526826,53.34993288112342],[-2.7179425245977087,53.35405036004498],[-2.7021547031016118,53.36241402963255],[-2.6952547276493983,53.363173539471845],[-2.673811805934791,53.35655496288565],[-2.6629093540688378,53.37045876730001],[-2.6542728221258347,53.3757199195447],[-2.6452342944077127,53.37442082041935],[-2.635965884510827,53.3788391100064],[-2.6231601212526185,53.37588645093424],[-2.6170524266518043,53.37886209645307],[-2.599646614195367,53.37666855912411],[-2.58654721156525,53.35529256323345],[-2.5250017443013713,53.346390242580405],[-2.4764799369827997,53.3557829591327],[-2.3427324827673464,53.276603976018265],[-2.2915895391319907,53.27061404502312],[-2.219484585624087,53.15896726201612],[-2.256198122543055,53.10870162849866],[-2.2521125625906335,53.072602013518804],[-2.249792615572758,53.0693982910044],[-2.2439858334795977,53.07182337939666],[-2.237711867587207,53.07084729226274],[-2.239227791114389,53.07506911652018],[-2.226705393531881,53.0780600495502],[-2.224039504966491,53.08211018150013],[-2.2115056707704057,53.08339161059688],[-2.207198700597015,53.08807350208611],[-2.207971702158256,53.093555468294625],[-2.205886724969437,53.09472767233502],[-2.2097942564820188,53.09984458982733],[-2.2053554039587855,53.10857169113528],[-2.195800937954803,53.109846271519764],[-2.1913066825519447,53.10697710384306],[-2.1789124944636438,53.107895304305615],[-2.172931322782037,53.10637602379493],[-2.167112150994048,53.10800236960665],[-2.1642630246767154,53.10512985713048],[-2.15291149927674,53.105234894193536],[-2.152936094254123,53.11215639869243],[-2.1475691251755697,53.11539922374854],[-2.1429582736202315,53.12160726405756],[-2.136381069503567,53.12080598503272],[-2.1278707619878383,53.123062693898625],[-2.126719312221373,53.13798562099224],[-2.134648253445853,53.1400443631977],[-2.141689578146101,53.14471043512167],[-2.1384129456560297,53.14857954349413],[-2.139182662688322,53.155410239690944],[-2.1370974097533897,53.158019453391],[-2.13021647221363,53.15748785392484],[-2.1237957454158725,53.16091050712392],[-2.117058184979922,53.15822065565743],[-2.115850378883976,53.15399705006364],[-2.1056741733007756,53.15086039891891],[-2.090277787123752,53.15312033232919],[-2.0792128231660327,53.15339789765001],[-2.072331972962861,53.152053950160514],[-2.046464122999864,53.15278602242424],[-2.0464679293681876,53.15629170370597],[-2.04297506137141,53.15836047581515],[-2.056368296367711,53.171357161056115],[-2.061457432665205,53.19842708996859],[-2.0519041279182604,53.243759524114836],[-2.041220658430505,53.26636943645193],[-1.9798895833494794,53.31691462372926],[-1.9645407891170772,53.321505573151654],[-1.974747734473988,53.36285839778978],[-1.9695915476036117,53.413396008667654],[-1.9772781806154478,53.41952358745104],[-1.9721290422885065,53.45321476846348],[-2.033733591568846,53.48843664421802],[-2.1853474865542495,53.51433204738119],[-2.2550514779796553,53.5693354868331],[-2.301272454432449,53.55697639549615],[-2.339667059890795,53.53390175389241],[-2.3783612528966107,53.54909999258326],[-2.5044139758269273,53.55322889077114],[-2.543145202877349,53.56531083749945],[-2.6263374914606064,53.61394007049442],[-2.6156154552976254,53.66508214580897],[-2.6124924759570267,53.7072415685838],[-2.5607180962233125,53.749638163817956],[-2.448764358070867,53.77894418189374],[-2.43764582802365,53.79007539731888],[-2.445419889651711,53.81666304179258]]]]},"properties":{"name":"Manchester Liverpool Plain","short_name":"MLPL","region":"Warrington"}},{"type":"Feature","geometry":{"type":"Polygon","coordinates":[[[-2.0782732709018474,53.88085315663978],[-2.0937634281048783,53.88427556005716],[-2.1053902287542594,53.89113062382321],[-2.1102308220183574,53.89112752482432],[-2.114093996519965,53.88712196587317],[-2.1199003840114305,53.88654600086126],[-2.123776005517527,53.888258692702784],[-2.133442480459808,53.88310416595382],[-2.153761976374009,53.88136803139016],[-2.16826587444529,53.87734938155289],[-2.174072281935902,53.8773423476918],[-2.1857081099304922,53.88361736174249],[-2.1905415114712974,53.88189547724732],[-2.19925346588174,53.88245529423321],[-2.2020254229444474,53.88837797059079],[-2.2696585028020095,53.879290680892616],[-2.30709772874829,53.865892800501655],[-2.3743646128160187,53.834649844208194],[-2.4380852668921102,53.83221596429663],[-2.445419889651711,53.81666304179258],[-2.43764582802365,53.79007539731888],[-2.448764358070867,53.77894418189374],[-2.5607180962233125,53.749638163817956],[-2.6124924759570267,53.7072415685838],[-2.6156154552976254,53.66508214580897],[-2.6263374914606064,53.61394007049442],[-2.543145202877349,53.56531083749945],[-2.5044139758269273,53.55322889077114],[-2.3783612528966107,53.54909999258326],[-2.339667059890795,53.53390175389241],[-2.301272454432449,53.55697639549615],[-2.2550514779796553,53.5693354868331],[-2.1853474865542495,53.51433204738119],[-2.033733591568846,53.48843664421802],[-1.9721290422885065,53.45321476846348],[-1.9772781806154478,53.41952358745104],[-1.9695915476036117,53.413396008667654],[-1.974747734473988,53.36285839778978],[-1.9645407891170772,53.321505573151654],[-1.9798895833494794,53.31691462372926],[-2.041220658430505,53.26636943645193],[-2.0519041279182604,53.243759524114836],[-2.061457432665205,53.19842708996859],[-2.056368296367711,53.171357161056115],[-2.0428809365941376,53.15836050994567],[-2.037799203788651,53.161778032391304],[-2.0253870417935746,53.16447802684864],[-2.021803517376482,53.17661376664002],[-2.0147726451417527,53.17958119637045],[-2.000109299705616,53.17337980634315],[-1.9993613377279078,53.166817905165466],[-1.9953230649635252,53.16277281279268],[-1.9806651293716888,53.16358037029207],[-1.9769267581088097,53.16196170803006],[-1.9710936374293306,53.16214022657646],[-1.9683978709228092,53.16708345077706],[-1.9586677515971114,53.17472106296985],[-1.9541687492520603,53.18487687476476],[-1.9573023812098682,53.19386690915907],[-1.955652082165128,53.19764163436449],[-1.9581916549585217,53.202945974538416],[-1.9614835227032026,53.20483473624496],[-1.9565394577269277,53.208338698546754],[-1.959230702884801,53.21238462399247],[-1.9530831750515234,53.219932998785715],[-1.9527805122446387,53.2228093051105],[-1.9584708621344167,53.22397995832021],[-1.9542681651979545,53.232338030261516],[-1.9590614650614515,53.232968979017315],[-1.9628035025660266,53.23674549646048],[-1.9620498641027124,53.24186887724436],[-1.9593511902375724,53.24348597688715],[-1.960843804235868,53.249958401924005],[-1.9566459769163052,53.251395164090006],[-1.9566368524188984,53.26047382463553],[-1.9527385814392872,53.26110156566985],[-1.9462870687250147,53.26541345565564],[-1.9509283918091294,53.27098847548189],[-1.950324261510825,53.274763501940015],[-1.936522999877128,53.2782625975902],[-1.9243647002129027,53.28436787415524],[-1.918362667270287,53.28562235287747],[-1.9108645897370897,53.28480801544604],[-1.9067970266752243,53.29298465830578],[-1.9081358722871629,53.29828903783079],[-1.8989673677073788,53.30511306440786],[-1.8886227783749974,53.3013286201825],[-1.8776685942290556,53.3014976880743],[-1.8690904568660331,53.30975821182764],[-1.8621841878894163,53.31055943189351],[-1.8570595034931379,53.317115160828834],[-1.8595918786304482,53.323050694867625],[-1.8652961015700338,53.32323703206211],[-1.8700933569984828,53.32548951044448],[-1.870076188967266,53.33115236420282],[-1.857575086521574,53.3426436021111],[-1.846602149351445,53.34505695336401],[-1.8565077562712857,53.347406309483304],[-1.864150898053354,53.35298819378024],[-1.8660864606532725,53.358563328021155],[-1.875990282612818,53.36297843145189],[-1.8779360607198814,53.36567701777638],[-1.8767221843275688,53.36972064831351],[-1.8852718927660648,53.37602117462892],[-1.8787875639046199,53.38338542795852],[-1.8666039714531806,53.3853499532169],[-1.857567075611459,53.39019336960953],[-1.873776777461383,53.400188883020675],[-1.8859561126772013,53.401279736122106],[-1.8900192870714538,53.40038468238809],[-1.909548495449807,53.41109740485809],[-1.8976412012346506,53.420615668468336],[-1.8872566535198378,53.42141530823229],[-1.8786653926892367,53.42644048351655],[-1.8651243786216798,53.4254372532406],[-1.8690147022295387,53.43272227497982],[-1.8664422073017937,53.43712380255125],[-1.8527162290237615,53.445197351414066],[-1.8530080505944833,53.44789425862895],[-1.860217849448142,53.45320610340253],[-1.8630789641930674,53.453209410056076],[-1.8617009649759837,53.46021883924999],[-1.8526662439602064,53.459668752345166],[-1.8421070575754723,53.4641495258828],[-1.8288550780495683,53.46341223239325],[-1.816783774533518,53.46842790373365],[-1.8134701211408177,53.468332900031456],[-1.8140259833454895,53.47903003130706],[-1.7987953983427165,53.48161204541056],[-1.7918665242976564,53.48106088829797],[-1.7873289742303,53.4844685210604],[-1.7882253010780667,53.48891707463279],[-1.7843510894960315,53.49577238984816],[-1.7881609231384692,53.500354701836514],[-1.818784706662717,53.51413668294651],[-1.8264250275604543,53.52158367694777],[-1.8379456665505813,53.52045862300498],[-1.8436949887802112,53.522183271944115],[-1.8561260448400922,53.53306681464544],[-1.8685806043647335,53.539373868319245],[-1.9184711413306166,53.55086685274427],[-1.9405357775406364,53.56117819691183],[-1.945330375734499,53.56518469791061],[-1.9501329292381626,53.565187594669396],[-1.9481828013442788,53.581197802836094],[-1.9529851615212714,53.58234455393873],[-1.9597122980714548,53.58177658084806],[-1.96547371503834,53.584639150194846],[-1.9731628843725,53.584071050415595],[-1.9779642438235463,53.58693262024381],[-1.9952490649688217,53.60695300863495],[-2.0058229675949524,53.612673125432856],[-2.0038982768333096,53.6155318145869],[-2.007743912516891,53.61839247336712],[-2.0183235875982275,53.61667755408607],[-2.02313213569811,53.62010905026417],[-2.023131349402535,53.62296873406037],[-2.0279410208610833,53.627543096792664],[-2.025054441189505,53.63383341856038],[-2.027941261401438,53.63669307771213],[-2.0452590618192334,53.63326017726072],[-2.0404497649760014,53.6372638395696],[-2.0356406985208446,53.64584179232147],[-2.036603812010431,53.649844320126945],[-2.032754432681828,53.65441983347277],[-2.037570160679489,53.661852911625964],[-2.0491258956673577,53.667570003422945],[-2.044318229316859,53.68415412745773],[-2.063582829153853,53.68243410801631],[-2.077058777349236,53.67499573481525],[-2.0876485455248774,53.672130927734024],[-2.0972772600794385,53.67155387603041],[-2.1126924322682736,53.67497524582589],[-2.128100550040871,53.67439111700911],[-2.1290848547024264,53.68353997355787],[-2.1425599571058047,53.679524200064705],[-2.1416134682245755,53.6858154894873],[-2.1445212557170543,53.69210279926959],[-2.1628564845915745,53.70123344081682],[-2.1696733804083506,53.722382810298484],[-2.173542096776326,53.7258092750714],[-2.185138926809491,53.73265636821146],[-2.1861201351966257,53.73722971894559],[-2.18131288566757,53.74123932374945],[-2.172639015965114,53.74353715716919],[-2.16975346328249,53.74582799871647],[-2.169768556129591,53.75040239103826],[-2.1668860417153555,53.753837005764055],[-2.1610968041295373,53.753844129296844],[-2.1533635808897627,53.74927781202284],[-2.1446806520491744,53.74928593109367],[-2.143728944466515,53.75386238446979],[-2.13119150196206,53.75616125197027],[-2.1254196250934667,53.7635994841705],[-2.128329509150919,53.7698867427231],[-2.1321981899508353,53.77274331338937],[-2.1341440611983384,53.77903148305018],[-2.129322802860859,53.78132339936558],[-2.1254744157745833,53.787044734057396],[-2.124545331128648,53.80305587837225],[-2.1187520440325147,53.80420470718995],[-2.112951696274397,53.80192111781965],[-2.1071553235453266,53.80192519079032],[-2.1033083642214576,53.81107712306395],[-2.098484026926845,53.815082734037624],[-2.1004270817454147,53.82080002846436],[-2.0820714789660135,53.825956704118624],[-2.061777049196708,53.82825173177821],[-2.0598454249754283,53.83111041166441],[-2.06178239668016,53.83568484538627],[-2.0559852322202667,53.84026141327352],[-2.0608260969241745,53.84826541099496],[-2.056959542502736,53.84998216303762],[-2.0472875315696255,53.84826857326356],[-2.0395527854146205,53.85227218580867],[-2.038587040664794,53.85684664884157],[-2.042456793459023,53.86084917912036],[-2.0656761343684855,53.864274372989236],[-2.068579689962243,53.86598911217887],[-2.0685870109211395,53.872279340870904],[-2.074395444683623,53.875135971193735],[-2.0782732709018474,53.88085315663978]]]},"properties":{"name":"Pennines","short_name":"PEN","region":"Warrington"}},{"type":"Feature","geometry":{"type":"Polygon","coordinates":[[[-2.445419889651711,53.81666304179258],[-2.4380852668827258,53.83221596339787],[-2.3743646143354877,53.83464984420347],[-2.3070977302688997,53.86589280049777],[-2.269658504317323,53.87929067999041],[-2.201213656109631,53.888255296305154],[-2.1992958382571475,53.892748113025895],[-2.19058990700083,53.89447593518034],[-2.1876944628541892,53.896766799946356],[-2.1867588743906112,53.90534575262614],[-2.1809597069334505,53.90821248796592],[-2.1809699477549023,53.91107112241772],[-2.1741948007721583,53.91222308896089],[-2.1655010255373486,53.91909543741567],[-2.165546616198703,53.93281874216978],[-2.157803641827453,53.935686560685674],[-2.156846892166303,53.939690085519],[-2.1529775595961973,53.94198181172595],[-2.152989591371038,53.945984421107035],[-2.163688897488027,53.95740894708816],[-2.178249300974892,53.96196613173091],[-2.1821490164845003,53.96767932034547],[-2.189918122814647,53.97052787475338],[-2.190917324898126,53.977960048591704],[-2.1783343206335313,53.985410370948756],[-2.181259103320145,53.989408856258905],[-2.1929279015663536,53.995682936662604],[-2.1968427121166503,54.00368284012239],[-2.2046269481500995,54.00824628889627],[-2.200798847946283,54.02140375520749],[-2.2241696698193105,54.03509076196362],[-2.2387248295057565,54.03220690867187],[-2.2378143662091134,54.044216419136674],[-2.2261720033038563,54.04766723040481],[-2.223300701255272,54.05682016152044],[-2.2155456977004744,54.06140769515217],[-2.204861253976895,54.063138660071466],[-2.2029274460854906,54.06542943347901],[-2.208789971973931,54.07228158723477],[-2.20394790350074,54.07686308125037],[-2.2137050183268183,54.084282001294845],[-2.213718087687181,54.08714072614423],[-2.2205445037121625,54.09113317144633],[-2.2118186794805523,54.09743653912634],[-2.208930438659541,54.104302768604654],[-2.21186921546049,54.10887212586925],[-2.207986697825533,54.11116485248324],[-2.208993078113276,54.11859696376967],[-2.1983356857784244,54.13062065261591],[-2.198344857595137,54.13290747387346],[-2.2051802842967887,54.13747183060076],[-2.213957284681728,54.14031732217115],[-2.2236848651739027,54.13801548360716],[-2.236366584442245,54.14256777151081],[-2.2461023568263174,54.141978693004816],[-2.249042173434598,54.145404240579296],[-2.2558693491352666,54.147106923420154],[-2.25881121480033,54.1505315073684],[-2.2500814463060475,54.157409744079644],[-2.251076602476568,54.16141033907575],[-2.2442684644139184,54.16371010331183],[-2.2394262867190573,54.169436450686334],[-2.251169235881282,54.17856420192191],[-2.2502105613888843,54.181424903657465],[-2.2404889996259967,54.18658844906019],[-2.251237735079101,54.19114371617397],[-2.250303286850525,54.19857888913783],[-2.2590761106494233,54.197989790322104],[-2.2649042484951423,54.19397625629733],[-2.2726952180187903,54.19224527217499],[-2.279548501066333,54.196805698120286],[-2.2844883732440553,54.20708730280501],[-2.275760778658936,54.215682518745346],[-2.266022195040113,54.218561232639686],[-2.2504572826484237,54.22716743798513],[-2.260229348540959,54.229436032045335],[-2.2621971044732816,54.232291702514644],[-2.254461749416287,54.24545720662298],[-2.2574095058603785,54.24888176408822],[-2.262300977435509,54.25058846207073],[-2.269129964661518,54.249430537709216],[-2.2866434601574888,54.23967438443911],[-2.289576085463152,54.24023933842697],[-2.2935098308675443,54.24480476161501],[-2.289641528817053,54.25053111804441],[-2.2906324867046775,54.25281678396907],[-2.310157962592611,54.25220061526536],[-2.3201944454712726,54.25859871570129],[-2.34402203048489,54.24278281737193],[-2.3969422938023595,54.2492019200974],[-2.472863674836296,54.22674446128937],[-2.5218996861113827,54.22215404237877],[-2.585611849205515,54.197239752023215],[-2.6462389785004596,54.19254167738118],[-2.679980538398912,54.19674389014003],[-2.73295117516669,54.183433918707664],[-2.762927279091691,54.16309288429252],[-2.8346968857031216,54.15822858953259],[-2.830497586232987,54.145095827454575],[-2.7999366616973953,54.12755932492741],[-2.7937975313870274,54.12530542787057],[-2.8053834386021284,54.12307138547263],[-2.80683232228669,54.11101809057146],[-2.815699691213118,54.10332628688873],[-2.813657331318225,54.100105097880196],[-2.817560246354495,54.08959924887575],[-2.7335939237023816,54.0059947505242],[-2.7333209386376165,53.99047058602542],[-2.6560623017044,53.86728002914643],[-2.6180856865837785,53.83364130611301],[-2.5728197406201354,53.813903895935404],[-2.475478709370251,53.82320149124439],[-2.445419889651711,53.81666304179258]]]},"properties":{"name":"North Lancashire Highland","short_name":"NLH","region":"Warrington"}},{"type":"Feature","geometry":{"type":"MultiPolygon","coordinates":[[[[-2.975856250033653,54.143470415807634],[-2.979918488094989,54.14694267179301],[-3.0010514774090336,54.15350966556794],[-3.0083017715825,54.14311311162349],[-3.010859895459189,54.141294079854866],[-3.017834870301189,54.13233728846081],[-3.0051434164894824,54.132803470592805],[-2.9903630122409774,54.135532488627476],[-2.980022964583179,54.13840336582688],[-2.975856250033653,54.143470415807634]]],[[[-3.265082333064436,54.143375549453026],[-3.261672496885945,54.148543553141515],[-3.2523873381042385,54.150348256286854],[-3.258118957877837,54.15253551265975],[-3.2724846110763006,54.14663211533828],[-3.275202038299648,54.14040154601991],[-3.267511018905882,54.109114141232254],[-3.2514386681762484,54.08842983250563],[-3.2090011001073417,54.04859685775015],[-3.196834774973293,54.04512330590285],[-3.172160542288683,54.04752355839575],[-3.1765197550021758,54.050447074661875],[-3.1760409331596318,54.05512560146963],[-3.189792138904059,54.0498670607557],[-3.2006712044975494,54.05052290927752],[-3.2039399993034063,54.05422032027331],[-3.202755203456965,54.05921162917336],[-3.2101264383767614,54.066292263696866],[-3.2176222079224983,54.06657612848144],[-3.2258641403486643,54.07143589750421],[-3.2259020194897303,54.07790699950333],[-3.2188177264335818,54.0813046191839],[-3.235481863616364,54.08652750554402],[-3.2452879711868707,54.092358581121395],[-3.2486517623644735,54.0974469701985],[-3.24137558024732,54.09958955000926],[-3.2444202381380256,54.10423193676066],[-3.2447508048873956,54.11016069684119],[-3.2491838717111805,54.11514811558949],[-3.249180696072584,54.12521486228944],[-3.259090491945692,54.13560972473047],[-3.2615870444947275,54.13667114424308],[-3.265082333064436,54.143375549453026]]],[[[-2.3523380097944058,54.35316339531565],[-2.356270108254347,54.351475218759646],[-2.386851006404771,54.37355902503992],[-2.3869971055411723,54.38908311573436],[-2.4707746421660546,54.40430995777832],[-2.448474811158904,54.45096830414794],[-2.4943570750535757,54.46853142342904],[-2.494517629274242,54.4818373854119],[-2.5372552804246706,54.5459699736237],[-2.621882131924177,54.59213716391975],[-2.7677008309061204,54.62900178625758],[-2.8373140865242776,54.668460230423364],[-3.0591861417651085,54.813095906749396],[-3.3974692932870383,54.71208572694403],[-3.373744866172287,54.69017826701204],[-3.414762384821012,54.65865572983102],[-3.5024673365869154,54.650945615690475],[-3.570445623761262,54.61888158649425],[-3.567598897167648,54.61332115725091],[-3.5707696485743643,54.61121284608928],[-3.572077317711415,54.600949715477434],[-3.5799427760977287,54.58938773780393],[-3.5822050842837996,54.58067586886619],[-3.581308213483296,54.57230187686474],[-3.5894587354152745,54.55873113906563],[-3.589379003713318,54.55350120174648],[-3.5927958482014004,54.548728586279644],[-3.5970542379042234,54.54968806822138],[-3.602049740404254,54.54420224811992],[-3.6072087487197413,54.52993275693632],[-3.6127501909524926,54.525454841548445],[-3.622850714570523,54.522982799200555],[-3.6270712117541968,54.52031954012593],[-3.6376543937857013,54.51837903205673],[-3.6393310082938557,54.513952152533804],[-3.6353347019407383,54.50672593771381],[-3.627455436366365,54.50278764572381],[-3.61722708747514,54.49016187241583],[-3.607221608229326,54.49092451260322],[-3.5925106594171448,54.48186156505974],[-3.575270429643176,54.46303288365893],[-3.5686904588320933,54.46042208403961],[-3.5626255526952786,54.451063231651666],[-3.5527974020610356,54.44813403247778],[-3.5176551107546317,54.41954937429244],[-3.5059785283503953,54.412145620994636],[-3.5049523506223887,54.409372125678296],[-3.4759316198757197,54.38645141460037],[-3.4694981040429704,54.374485950652826],[-3.4629459430598155,54.36773464601655],[-3.434411365638312,54.34398929517495],[-3.4279185541626673,54.343077633179426],[-3.424591516106739,54.34473480926553],[-3.4212468661954345,54.350346824484696],[-3.440933572402107,54.35892158801413],[-3.441495750363968,54.36179104018164],[-3.4380861301907792,54.36551680687068],[-3.4344879618023256,54.36385191085796],[-3.4368334777294858,54.36049844176184],[-3.429714227153463,54.35492055567004],[-3.421544669360049,54.358971799769975],[-3.412554590844228,54.35710001637292],[-3.4136904536269834,54.36328842464238],[-3.403819629838437,54.362684619270674],[-3.412160639392618,54.3545879901649],[-3.411794466728706,54.35288455644628],[-3.4043196647999454,54.35027538905804],[-3.405701675877797,54.34118141914533],[-3.4037768681052696,54.33886695064141],[-3.3906325314040227,54.34135606022717],[-3.397378313604681,54.3361549560972],[-3.409066167340537,54.33610888377271],[-3.4108004581435285,54.337346936293635],[-3.4075095341365422,54.34906978060403],[-3.4107669361715325,54.34984065657589],[-3.422633053504677,54.33702821766122],[-3.4245401039046235,54.32990516372441],[-3.414896166367992,54.3088068822888],[-3.4154634008179747,54.29846394758897],[-3.4225372581663387,54.29415630124437],[-3.419556265759169,54.287899770432084],[-3.4205322687304687,54.28501208338434],[-3.3925807585920005,54.253340588675165],[-3.387288382725043,54.25115459949262],[-3.3648955436382275,54.23307458045879],[-3.3229108572194894,54.19156849860276],[-3.312707473398089,54.18880395426707],[-3.302780147424106,54.18990044780032],[-3.2887825714630643,54.19319688513328],[-3.285656924785937,54.196196355932706],[-3.279527519441948,54.1962616304354],[-3.271079031091681,54.19068861501898],[-3.2615577569530187,54.19006968663469],[-3.252712107456453,54.19151023015777],[-3.244476716031465,54.197977109857234],[-3.2444233897957417,54.20130322765003],[-3.238201682537406,54.203434590348486],[-3.245112860068968,54.20893591177664],[-3.2560505482142403,54.21061995949312],[-3.256009060357055,54.21430547723274],[-3.245548235308711,54.223402084135415],[-3.2345636973244885,54.230525762324675],[-3.2281198247239096,54.240837878972336],[-3.2256840134970464,54.24149183518579],[-3.2225189992880963,54.24862445098176],[-3.2217471524767016,54.253665513793464],[-3.2293678448647802,54.25700343011791],[-3.230210074071391,54.25951145370685],[-3.225052764311707,54.27196728920893],[-3.221774364784926,54.25977701840032],[-3.214955423111347,54.25759897209745],[-3.211421760682356,54.24702881005797],[-3.199828127300234,54.23887591983793],[-3.198301470673118,54.22855500237085],[-3.188022678543772,54.23386978347154],[-3.185578782460104,54.23371409674755],[-3.196133694342685,54.22255462959981],[-3.205049723854633,54.217971804113596],[-3.2057025883886854,54.20879755489457],[-3.208858611066614,54.206608810898366],[-3.21384737756103,54.190595975009735],[-3.2164949766676196,54.18733357870938],[-3.212962588217101,54.184457096095805],[-3.2168692551458853,54.176598108023974],[-3.230655240828702,54.17133481481029],[-3.247076942425621,54.17233429480983],[-3.259413697308026,54.1699588673303],[-3.260638920579907,54.16491271918347],[-3.2574647646787884,54.161260798975796],[-3.2511412561022035,54.15979870812697],[-3.2486877830574565,54.15461109268566],[-3.243585325683759,54.158079382012744],[-3.2362692316507684,54.15411010320244],[-3.240566166195118,54.149302213909976],[-3.2392450156861727,54.14608011111773],[-3.2434026195531183,54.12644315914149],[-3.2422479008049323,54.11342229578054],[-3.2372126104846135,54.10358722112911],[-3.2314728916841733,54.10085978484918],[-3.224702806714471,54.09427766841167],[-3.212976158297784,54.10113758158422],[-3.2162867551627397,54.10451964543593],[-3.232733142115908,54.10880138348459],[-3.231298065700447,54.11044293059671],[-3.212922936398318,54.10455360529074],[-3.209379997745282,54.10053562931127],[-3.217107022056279,54.095972624610994],[-3.1889018754665197,54.10425409269036],[-3.1841809287763527,54.09423398078459],[-3.186876043765122,54.09223003568726],[-3.1728349106181946,54.08230107527133],[-3.175805339403022,54.073823239621284],[-3.169986667242851,54.07343057944083],[-3.169335174714525,54.08287443654022],[-3.162791381417225,54.08392656683183],[-3.1479317612481306,54.093866305831504],[-3.127519087451124,54.10232836525501],[-3.1259589615319077,54.10683699391021],[-3.1202160554134157,54.10940724866302],[-3.1186500405404343,54.1137360672649],[-3.102908861628101,54.12008310003985],[-3.103307902954629,54.12358475729951],[-3.099002384338958,54.128567543105724],[-3.0865106833989815,54.136590372849405],[-3.0826345132153725,54.14642215743764],[-3.0762649787748426,54.154658286575746],[-3.0666241637992244,54.16085586754152],[-3.0612995875178783,54.16225110810844],[-3.0582336735481785,54.17414209671295],[-3.0633055852859368,54.180748438252735],[-3.0529501231907474,54.1892880122158],[-3.0534576949413212,54.19719287106513],[-3.0513555264352217,54.19891892736249],[-3.0435484267065234,54.19934633590093],[-3.0378944129265686,54.20494965818437],[-3.0381008707132096,54.20768017190364],[-3.0346851946389246,54.21272475087363],[-3.0358483306765787,54.21630987140013],[-3.044936988434447,54.2191344368902],[-3.0522033077558537,54.22021264212961],[-3.0499546437867604,54.234343084481],[-3.047163134045372,54.23922077234742],[-3.0369163753049095,54.24056766831973],[-3.037760161300317,54.23750456698288],[-3.0457074680680876,54.236267450489635],[-3.048370634331248,54.23237956622517],[-3.046260729139267,54.22781413881708],[-3.0328494727705864,54.228873569114285],[-3.0262758888379078,54.219897033729666],[-3.021127064468434,54.2163456759739],[-3.0205629303716,54.21212620060416],[-3.016537186850155,54.21054243963573],[-3.014116552513507,54.20561956274306],[-3.015721098973071,54.20228056101016],[-3.0227382939892222,54.200873011529005],[-3.0240354570871038,54.197536502715174],[-3.0305515631393494,54.194514945414156],[-3.024757066738073,54.18953121225287],[-3.015766467319784,54.18538310709273],[-3.001830914154429,54.17309666439084],[-2.992755437205185,54.1715540273639],[-3.001948251307761,54.16527627787574],[-3.0015975605975758,54.157100262265445],[-2.9958290707720203,54.15283395334374],[-2.9694740642622905,54.145499314205935],[-2.9652175315585443,54.146791818573746],[-2.964080689970315,54.150575816124395],[-2.939217512471922,54.15472700985419],[-2.9354629907324523,54.15799184931588],[-2.9304061459887754,54.1510205619477],[-2.928733964905746,54.16523417246899],[-2.9168346232893314,54.18123369729091],[-2.9048240414131423,54.19255919765378],[-2.887324499380231,54.19844152780152],[-2.887540494841823,54.19421571963297],[-2.877816435286075,54.198241570920366],[-2.8422374927312055,54.204966740213145],[-2.831628366711908,54.21870165595031],[-2.8215435531866455,54.22056837488736],[-2.805257716469067,54.22696965100993],[-2.804334843732884,54.24261420099556],[-2.8101616662548743,54.2423954152064],[-2.81374714632666,54.245247278441816],[-2.803644564887789,54.24657333420447],[-2.7996289121765674,54.24525191347249],[-2.795747397161115,54.23494190884603],[-2.7895529609829244,54.231926885660776],[-2.7891690083484617,54.2278849926209],[-2.8026590202600707,54.219527289515774],[-2.825196221468663,54.2114659140265],[-2.8281635980065047,54.206502351557454],[-2.832241144472981,54.2034184491551],[-2.850797668757304,54.19627842434546],[-2.8534951675875564,54.19329340661187],[-2.8622245426603308,54.192961595583306],[-2.8643075387805412,54.182610821008176],[-2.8570176297386523,54.17834883044423],[-2.870050089509998,54.17879463054003],[-2.8662119389430143,54.17109287137075],[-2.8608625393944425,54.16430057312488],[-2.8618990100507107,54.162585489826505],[-2.852378745906544,54.153935178544856],[-2.84085793187053,54.15212878295311],[-2.8430958886728246,54.14923705596144],[-2.8382068472927435,54.14217089151992],[-2.828508578398669,54.13945184370189],[-2.8320970294725747,54.135202849906506],[-2.8273806592509705,54.12894394467902],[-2.81559362865311,54.128754774209156],[-2.812144798463447,54.12455385981496],[-2.8074614186904725,54.12764120852528],[-2.799936661714713,54.12755932582608],[-2.8304975862509774,54.145095828353234],[-2.8346968857212103,54.158228590431236],[-2.762927277560318,54.163092884302216],[-2.73295117516669,54.183433918707664],[-2.67998053841367,54.19674389103868],[-2.6462389769679606,54.19254167738941],[-2.5856118476855343,54.19723975292935],[-2.521899684577753,54.22215404238541],[-2.472863674846572,54.226744462188094],[-2.3969422922763206,54.249201921001145],[-2.344022028957942,54.24278281827503],[-2.320194443943205,54.25859871660409],[-2.3229168169774064,54.26131840350664],[-2.322005330680102,54.27046927060411],[-2.325992189685212,54.281322860059745],[-2.325039583983814,54.284756511019836],[-2.3191964331921184,54.28762926200809],[-2.3143462114193305,54.29278673249541],[-2.320234573009224,54.29620328769105],[-2.3192858299532326,54.30020874791771],[-2.325180292156966,54.30419619846831],[-2.322279948384464,54.3087777214926],[-2.3252215943568397,54.30991347858608],[-2.3125575246911496,54.31680586130979],[-2.3116347988502084,54.324812934325735],[-2.3136108083726685,54.327667529654505],[-2.322435741769922,54.33050513920606],[-2.333243782762668,54.33676723530491],[-2.3490113524506837,54.351020210992424],[-2.3523380097944058,54.35316339531565]]]]},"properties":{"name":"Cumbria Highland","short_name":"CUMH","region":"Warrington"}},{"type":"Feature","geometry":{"type":"Polygon","coordinates":[[[-2.573655773476858,55.12149381636016],[-2.5856504178896906,55.123154483278256],[-2.60157828025267,55.12079359911839],[-2.617597431893747,55.124718761405965],[-2.62656717232322,55.12410375610525],[-2.646562867265305,55.12686215785709],[-2.6566107713308442,55.13138447789453],[-2.6617085330292287,55.138218561984566],[-2.677860823728403,55.14956695428533],[-2.679978922853931,55.15698807296413],[-2.6860924261017227,55.16438708245886],[-2.6802596761267767,55.17413800186471],[-2.6903806669763055,55.1820868770171],[-2.6942961134923693,55.18619342259772],[-2.7042769108801887,55.173286019426776],[-2.732914810315788,55.16817481200676],[-2.7367660462791976,55.16419768147109],[-2.748579792602694,55.15801509452012],[-2.7755656897430185,55.14948917885053],[-2.791394255220341,55.140580903055636],[-2.8085902288729185,55.137592401950734],[-2.8252977962964776,55.13994261976457],[-2.832799850252182,55.132576744429684],[-2.827673658746283,55.12739963023669],[-2.8279277573339203,55.12452229043488],[-2.831795243037693,55.12197978186733],[-2.842146595846191,55.122088389105485],[-2.838442706108015,55.11744105711529],[-2.843927533400048,55.117313318534094],[-2.846335028353446,55.112533864900655],[-2.864714297146154,55.107012968873335],[-2.871913703093184,55.10651232566679],[-2.8740859835281913,55.09831916541741],[-2.877636624790357,55.095867308760994],[-2.886089249866172,55.09544664464533],[-2.882492065360468,55.09007194849546],[-2.8912842517038917,55.0894777158928],[-2.8937505918939284,55.08766235905455],[-2.897764570852043,55.07801737146666],[-2.9085561702035476,55.077308269763414],[-2.913466175893369,55.079697866868464],[-2.920206527266866,55.07308701037108],[-2.9398647445984873,55.06988144015597],[-2.9424525629574583,55.06671616939899],[-2.9391761246208747,55.06054082334002],[-2.953172579059115,55.05656783664382],[-2.957087755679183,55.050066830561434],[-3.0287120333200837,55.056105629053114],[-3.043244319312122,55.0556763985373],[-3.0506197268894057,55.052764211386865],[-3.0525169572885127,55.04811073461497],[-3.0439103665499383,55.04818485940355],[-3.0425767825141237,55.04505098213261],[-3.035569126046129,55.0403479171856],[-3.0321225204172633,55.04019746546895],[-3.025146765504865,55.036661792367596],[-3.0304241960439566,55.03499963150288],[-3.0340744355430704,55.03092469409284],[-3.029413936021261,55.026111442400456],[-3.0383951149915043,55.02255730240725],[-3.039190908214587,55.017041703367205],[-3.048861097980855,55.010038997909554],[-3.0445723084468272,55.00746977168287],[-3.0444270440475973,55.00127921169375],[-3.041568915895682,54.99957828089655],[-3.0503918618239587,54.99681539212363],[-3.0553015641873325,54.987336871473815],[-3.047108883855266,54.98480154886599],[-3.044615970683398,54.9790715066705],[-3.0381346293094427,54.976161404844895],[-3.035930461684677,54.96944018193338],[-3.011134081776895,54.975436340909106],[-3.009444744349048,54.974111363759434],[-3.0206568662021414,54.97082749296917],[-3.0377767903280932,54.96834603245386],[-3.039521891057185,54.975430617458905],[-3.0458142992366755,54.97708413302585],[-3.051259170509685,54.98215960060883],[-3.055962473766455,54.982747919100674],[-3.063659837469905,54.978367213953966],[-3.0677249131539592,54.972580085185896],[-3.072980208221807,54.970466874182506],[-3.073958366281909,54.966144603460144],[-3.077475548919892,54.963327592235466],[-3.0843680164623275,54.96407511956794],[-3.0923953779973963,54.96058828551481],[-3.0980713827445436,54.95110103005524],[-3.0856374119532703,54.94743826878204],[-3.077278224093547,54.95011880529772],[-3.052197447763925,54.95231557882411],[-3.0376800713984395,54.946419263679616],[-3.013063112881866,54.94842427090668],[-3.0327606789953263,54.94331580535719],[-3.0479959200151714,54.94686996277909],[-3.0582954608700685,54.94669085668293],[-3.0718351434124673,54.939203062342074],[-3.0957116702197296,54.93323859462458],[-3.1066593154543964,54.92837637890699],[-3.11584677703745,54.92766328514372],[-3.1221597941859094,54.9302113373881],[-3.1411829478956306,54.92908157969395],[-3.1446931021665794,54.93233775894634],[-3.150952195776704,54.9329077227461],[-3.1548308221862333,54.93754410015882],[-3.1616393220715433,54.94089422616622],[-3.1778238353213495,54.94451295407314],[-3.1845929691823853,54.95172654637198],[-3.202339644680816,54.95514706489776],[-3.2099945963879626,54.95525084873014],[-3.2247460660173455,54.95249691459486],[-3.245583486807118,54.944646272708766],[-3.282641983272039,54.94156474942796],[-3.2914133163590438,54.93760744865878],[-3.2971259047647017,54.93080633739967],[-3.313450350499122,54.91930729165289],[-3.31394831708413,54.915437464204125],[-3.304234626793314,54.909341043407466],[-3.286837399915174,54.90674057383539],[-3.2817422749935545,54.903469225848134],[-3.2717584028757556,54.903394413635944],[-3.264515140395639,54.90616613645865],[-3.2595184535787425,54.91098116636028],[-3.2471099376447756,54.913266052730435],[-3.234726651375661,54.91132552214866],[-3.2304038207616643,54.90768471142387],[-3.2236552756737917,54.90631495360927],[-3.222446726098551,54.902462715394776],[-3.235298130526658,54.909612183949704],[-3.2529745698748336,54.91122857065194],[-3.2563660757580117,54.90993536379481],[-3.2549704198255753,54.905186667068975],[-3.258238285503653,54.89694770250567],[-3.265073858731736,54.89165522800754],[-3.2768000739536434,54.890220417898064],[-3.2835933970641062,54.893024681328406],[-3.289181692639849,54.892246531413015],[-3.287373705613602,54.88444694176378],[-3.2800819187530665,54.875716666518144],[-3.286187498750784,54.87608353525342],[-3.294675444683639,54.87832100289506],[-3.299517487313566,54.88348181124997],[-3.311350380013199,54.887839195634285],[-3.328785036132509,54.89177479994851],[-3.3361067918021257,54.89205396593906],[-3.340592974645711,54.89568027644377],[-3.3471876129645,54.892371940751],[-3.357148423820529,54.89137132427802],[-3.337457274998373,54.89939956845297],[-3.3529459251085205,54.89670265747173],[-3.3710427075365477,54.88868089514599],[-3.39251889231587,54.87038122228215],[-3.40075838083833,54.867563315764656],[-3.4104040575917587,54.83944726601545],[-3.4259655856914892,54.82237823465225],[-3.4396776208058193,54.799604071828696],[-3.43249656959783,54.78306237591726],[-3.435586823347151,54.76055724932554],[-3.4600740132991303,54.741391129498076],[-3.4902239772347747,54.729070805242635],[-3.5008397848156734,54.71797496411082],[-3.5083270772900113,54.71515876629398],[-3.511618340520491,54.70723561328806],[-3.523399721528269,54.69028115759011],[-3.5356044670622824,54.68069000087665],[-3.548705001092451,54.67441157293945],[-3.5617461556042214,54.66264993042743],[-3.566379498126149,54.650097085663106],[-3.5759600710814516,54.64934363111411],[-3.570445623761262,54.61888158649425],[-3.5024673365869154,54.650945615690475],[-3.414762384821012,54.65865572983102],[-3.373744866172287,54.69017826701204],[-3.3974692932870383,54.71208572694403],[-3.0591861417651085,54.813095906749396],[-2.8373140865242776,54.668460230423364],[-2.7677008309061204,54.62900178625758],[-2.621882131924177,54.59213716391975],[-2.5372552804246706,54.5459699736237],[-2.494517629274242,54.4818373854119],[-2.4943570750535757,54.46853142342904],[-2.448474811158904,54.45096830414794],[-2.4707746421660546,54.40430995777832],[-2.3869971055411723,54.38908311573436],[-2.386851006404771,54.37355902503992],[-2.356270108254347,54.351475218759646],[-2.3523380097944058,54.35316339531565],[-2.3539550268595195,54.35729637282441],[-2.338344297056087,54.36419982644373],[-2.3246359228089197,54.36423399327067],[-2.3178069027942665,54.36768168092045],[-2.3099617597203994,54.365985054902694],[-2.306048290539477,54.36656601718466],[-2.297409606577838,54.392886922818256],[-2.3072576536152902,54.40029694080421],[-2.307331952145509,54.41116073288395],[-2.3103280679494658,54.41915861286512],[-2.3025503122977735,54.428896604445534],[-2.2937617811123165,54.43463405221574],[-2.2918251909494916,54.43864060852868],[-2.287912567543534,54.44036441725259],[-2.2781039316388765,54.44038552470634],[-2.2722347719594485,54.443256407115086],[-2.2702972008203957,54.44726288161692],[-2.273278088027614,54.45354608384938],[-2.2703415026654286,54.454694975183024],[-2.2487561746663935,54.45530829717021],[-2.2360290450841345,54.46104874834163],[-2.2262142832404703,54.46106583059081],[-2.223278827556464,54.46278570019581],[-2.2105243365329974,54.46394972529782],[-2.2017126068395956,54.46910824877748],[-2.192884792560249,54.470836179861216],[-2.194876873850263,54.47769435372164],[-2.2037379789198397,54.48339953987744],[-2.206706937182865,54.488540828885384],[-2.206754313700346,54.49940454198633],[-2.1940091720728514,54.50571203425631],[-2.193045501107085,54.51028750148902],[-2.1812712501510876,54.514877062854936],[-2.1773659721021086,54.52174328383714],[-2.182289376241803,54.52402398785139],[-2.1881886415942065,54.524587780392174],[-2.2039056092352247,54.52227890975421],[-2.210793809131062,54.52398353828024],[-2.2108070265014566,54.5268422333802],[-2.2167346031804946,54.533122374779566],[-2.225590588345876,54.53482405356488],[-2.2433307234649966,54.542797783692826],[-2.2443235658819902,54.54451160070362],[-2.239424304388375,54.54795034830025],[-2.2463204807866703,54.55022487563234],[-2.253205800371978,54.55021280436695],[-2.2631140437477995,54.56277214162817],[-2.275956775442325,54.571323030447466],[-2.2799033856163553,54.57302968230408],[-2.2946543661450813,54.571282776054666],[-2.305490105541251,54.57297331668759],[-2.3301825263784597,54.58492055100426],[-2.3440702625240273,54.598606711838286],[-2.35595222995563,54.6065795310376],[-2.360894804447763,54.608853259916714],[-2.3825790322534552,54.610506760458314],[-2.3855497725084978,54.612213497141106],[-2.3856251622785805,54.62078950435464],[-2.3915825750624116,54.62591779034294],[-2.417289869299386,54.63498535737092],[-2.423242215127378,54.63896778157255],[-2.4263113372888707,54.650393352424985],[-2.43334500353318,54.66351968990486],[-2.4552832448469464,54.68631367522362],[-2.4671999958743207,54.69313164168908],[-2.479075487033524,54.69594724611163],[-2.498975794085843,54.709593241431755],[-2.5168528381154176,54.718098056306594],[-2.534772076440851,54.72945933899091],[-2.5417162349512106,54.73171693520492],[-2.5517133650632093,54.7408217104375],[-2.554827500308764,54.752243358758655],[-2.5539950544054983,54.76425394344447],[-2.5492283580598225,54.77799635687177],[-2.552373453905488,54.791703670996576],[-2.5494268967889866,54.79343147630902],[-2.5456450130908874,54.807169924822105],[-2.5496776922632307,54.81287021804509],[-2.5656381444726537,54.82194787346185],[-2.5756943312729708,54.833337289822246],[-2.581817071598786,54.84645964581485],[-2.5779327612322698,54.852194068487975],[-2.5790089382551327,54.85847833510227],[-2.5930917668671496,54.87327931823208],[-2.6090861477349487,54.882350998191214],[-2.6191192822638882,54.890306917071086],[-2.647959827930714,54.89530786276816],[-2.6598182526155147,54.8923881170239],[-2.668844349541425,54.89863020366071],[-2.668917615116847,54.90320370138771],[-2.6650664019188097,54.91065581335661],[-2.6620986996688827,54.911243760466576],[-2.652308318519138,54.919869884359066],[-2.646582564109168,54.934764238580236],[-2.639727820788212,54.94108859359954],[-2.628864404071138,54.94514418611701],[-2.605053398334333,54.94697531138708],[-2.5823125868474226,54.95451376425661],[-2.5714633317840274,54.96028021109916],[-2.568543895475495,54.96486665023922],[-2.5715946728399004,54.96999906264368],[-2.5717962823030565,54.98486319839387],[-2.5619086415606898,54.988908946971506],[-2.5649976148235294,54.99689888001903],[-2.559175748262041,55.00778765172698],[-2.546318720067355,55.0135601685037],[-2.5045832610023124,55.01773325939556],[-2.4818476612385636,55.03097006249046],[-2.4669506393070755,55.03388387232969],[-2.461998321539084,55.036187676134155],[-2.467107194153408,55.04817612834528],[-2.463205053242878,55.05562228379236],[-2.454290434749449,55.060226922002585],[-2.453337652438347,55.06423239412202],[-2.458355139792974,55.0676448816887],[-2.468310874977861,55.06703778065212],[-2.4763121165206674,55.069867464101485],[-2.477353003892852,55.07386485455732],[-2.4714199280653246,55.077888543262766],[-2.461480275300811,55.08021133146118],[-2.458514861978761,55.08250921321647],[-2.4535325051072245,55.082526260079064],[-2.442641129572198,55.08942448085803],[-2.4466637100608897,55.092841051537306],[-2.45967226490813,55.09736938654815],[-2.4676473750870085,55.09734027493891],[-2.4736486095362324,55.099033923296986],[-2.4826796500594086,55.10414620704126],[-2.4876520225448497,55.10298324014737],[-2.4956421346644166,55.1040970100205],[-2.5175642645308405,55.10286687527038],[-2.5245293146566374,55.10169499309894],[-2.5284886370933704,55.09939209560668],[-2.54044509923394,55.098769966762795],[-2.563542674194346,55.11124828984648],[-2.5675401753623057,55.111802070707824],[-2.5686142376668446,55.11751438259722],[-2.573655773476858,55.12149381636016]]]},"properties":{"name":"Cumbria Lowland","short_name":"CUML","region":"Warrington"}},{"type":"Feature","geometry":{"type":"MultiPolygon","coordinates":[[[[-2.8965690190507813,53.98796741971764],[-2.890685235540487,53.99097722212212],[-2.9003198886874797,53.992163734839366],[-2.8965690190507813,53.98796741971764]]],[[[-2.817560246354495,54.08959924887575],[-2.8326054504022813,54.0842386104129],[-2.839081640588513,54.07943005767505],[-2.859057280338301,54.077131955972135],[-2.8687699912535267,54.073826559521436],[-2.8749436432970175,54.07307176273501],[-2.877686856988578,54.069088122887585],[-2.8884272463515646,54.063976040616595],[-2.8992743873537474,54.04978439601745],[-2.906559703504611,54.04766246225931],[-2.905778800728983,54.039848846352974],[-2.91620684980406,54.03491633200386],[-2.914797385866436,54.03330923433876],[-2.9208399835650907,54.03038695067245],[-2.9065797116167364,54.020518709634956],[-2.904927243898207,54.007678357180524],[-2.900081466024352,54.002321957423476],[-2.89717333771232,53.99479379101688],[-2.887827883929389,53.99288584872385],[-2.881925676745549,53.995086432657786],[-2.8787844938123923,53.990795213374206],[-2.8735335295235003,53.99496797642299],[-2.8757989312856154,54.00115319008452],[-2.865363273408739,54.00554301664278],[-2.8593914088775008,54.004507317575964],[-2.8527085504135368,54.00599299609839],[-2.8427723563815985,54.005074416548354],[-2.8358413310740036,54.00943703383877],[-2.8327019857205022,54.027973934004365],[-2.8457880806123477,54.04091502500088],[-2.842263591162577,54.047860440651625],[-2.820684880833485,54.05340238987927],[-2.7991737690863427,54.05480558978948],[-2.800973764148929,54.05308592247321],[-2.817767087578637,54.05261336324126],[-2.8384277276194494,54.04698846380041],[-2.8412238647112,54.041755959227814],[-2.826447382142651,54.02819685836288],[-2.828129857677802,54.01299571109821],[-2.8322730199823556,54.00649578166576],[-2.8296294450476878,54.00399743981066],[-2.837880681030827,53.997019472194985],[-2.8382967169770814,53.99494934116421],[-2.8471463378542836,53.99506703307014],[-2.845995455885354,53.9984905655619],[-2.849933852339019,54.00086255698599],[-2.8673955231436246,53.99321484723716],[-2.868581021789758,53.984218297497875],[-2.8764267556736147,53.98020659914454],[-2.8716689920638188,53.97143296719422],[-2.855760979693719,53.968850947424734],[-2.847713734626025,53.96443198237261],[-2.8641745496253117,53.963631592008035],[-2.8779717170413117,53.958686984033534],[-2.883494184232098,53.96038118003784],[-2.8842560377151294,53.9567713689243],[-2.8762073160632675,53.95522149794252],[-2.875844172378432,53.952437853562344],[-2.880290022168933,53.94647323455462],[-2.8894854858298173,53.94183953978563],[-2.9038374739205084,53.94118410153509],[-2.925130443394334,53.95061224093742],[-2.995275472875473,53.93164367302264],[-2.9967532826496157,53.92974389836795],[-2.996462082411649,53.91752238868817],[-2.992384783060281,53.91252277520324],[-2.993544852794846,53.91008636642287],[-2.987545382839376,53.907439413113686],[-2.9925186885154664,53.90533110846293],[-2.9919897240184388,53.90227949077902],[-2.9831788882037094,53.89003813519],[-2.963369387542549,53.87554799358227],[-2.9635805467191916,53.87150159560374],[-2.9701755807596806,53.867313862734484],[-2.969977781228248,53.8653380483773],[-2.950252521492929,53.860552365849784],[-2.9463322593621957,53.85528029217112],[-2.943269934532357,53.85431570310918],[-2.935089924809762,53.85563809450921],[-2.9330158293993875,53.85808106471113],[-2.9145150024566338,53.86029080752318],[-2.9232373760545443,53.85590965813868],[-2.9311357678288226,53.85557896773192],[-2.939245445131508,53.85111151327463],[-2.9434869944586586,53.85044905177352],[-2.953569188016881,53.8526163952308],[-2.9587781351819116,53.861023830908664],[-2.9771793069038304,53.86114501544775],[-2.976788980379049,53.87049597371409],[-2.9699983554952656,53.872798120848884],[-2.971023206190179,53.87764347661906],[-2.992350121705221,53.885378655217224],[-3.003545421479411,53.8954422659425],[-3.005263241153902,53.90360717428823],[-3.0052891268246875,53.91735891577545],[-3.009464300913045,53.92002034114863],[-3.0036068406744287,53.923395079783276],[-3.0052567589020374,53.92868430581096],[-3.043833807109727,53.924400309387444],[-3.0496768611200733,53.9205743109488],[-3.051272422757544,53.917414467779714],[-3.0469737087439226,53.89165574913487],[-3.047027961689487,53.875566249266846],[-3.0553761365150853,53.844663163115214],[-3.057563019430284,53.82288307125926],[-3.058736616600458,53.819421176516],[-3.0580745100608584,53.8106273838407],[-3.060173136515023,53.77763930447794],[-3.05767277794093,53.776573791408985],[-3.054170990818814,53.76218715714126],[-3.04834357340578,53.75539805206493],[-3.038182740765048,53.751756298038316],[-3.0219203422454752,53.74124420681608],[-2.658462664349703,53.8070224698179],[-2.6155528370742176,53.832537846468],[-2.6560623017044,53.86728002914643],[-2.7333209386376165,53.99047058602542],[-2.7335939237023816,54.0059947505242],[-2.817560246354495,54.08959924887575]]]]},"properties":{"name":"Lancashire Lowland","short_name":"LANL","region":"Warrington"}},{"type":"Feature","geometry":{"type":"Polygon","coordinates":[[[-3.1381597317255974,52.89477447409583],[-3.1401993360117375,52.899760466148535],[-3.14925985662642,52.90506701191842],[-3.174529833327182,52.90481978785258],[-3.1699977934961736,52.90216757578278],[-3.169852510035797,52.896775111175515],[-3.1727520697669123,52.89404956139422],[-3.1905850651417844,52.89387210685999],[-3.1993774051476964,52.88928869723267],[-3.2141862350618458,52.88734022036268],[-3.217057200777557,52.8837148733241],[-3.2259207417280233,52.881825711086954],[-3.243516904581519,52.873551797554896],[-3.2716331609048015,52.869657996529476],[-3.280623777366767,52.872258346570796],[-3.2925060196189118,52.87212958241064],[-3.2970959326487774,52.87657451420176],[-3.2957712858292134,52.88198296111117],[-3.3061975324974755,52.88276771737429],[-3.3107086370001126,52.884516001211566],[-3.316651373921581,52.88445025221767],[-3.3210537607075823,52.88260335554025],[-3.345157310168813,52.89312073906165],[-3.355502905189254,52.89120509185212],[-3.367474845825475,52.89376483198363],[-3.3763336762893585,52.89186447835526],[-3.3862760614215897,52.87736473743438],[-3.409867290333608,52.87169288374406],[-3.4173225129691605,52.87250312538965],[-3.4201754842615015,52.86887298818271],[-3.4275418685695365,52.866986613664395],[-3.436273806252551,52.86148720996541],[-3.45257673663335,52.860389821638954],[-3.4615759692214176,52.862976409078925],[-3.470454688988504,52.86196774261265],[-3.4794247086369285,52.86365432716481],[-3.493004465304587,52.86977744700883],[-3.4927576009462626,52.8625883965403],[-3.49708830043597,52.858937776437266],[-3.496902708907445,52.85354598961577],[-3.506951790512119,52.84352957633129],[-3.5143413075112573,52.842536496210805],[-3.52160478749675,52.83794846463746],[-3.5334764325766033,52.83779566140088],[-3.5425393563512517,52.842173353591846],[-3.5484117559057666,52.84029882549493],[-3.5573158681983017,52.84018232040032],[-3.559961774625153,52.83115725876478],[-3.576445136498337,52.83543460021581],[-3.5941523311802355,52.83250095294873],[-3.6056243457748245,52.82155783533861],[-3.608225992495575,52.81163316673374],[-3.606643559527833,52.8089574850169],[-3.599097029083876,52.805463279988395],[-3.599031072514814,52.80366608858418],[-3.607728556149954,52.79815429071698],[-3.608978886868786,52.79184403998695],[-3.605914909820826,52.78918843088553],[-3.6072646397348893,52.78557397566684],[-3.598273075450485,52.78299834390655],[-3.5995903009444112,52.778485369178185],[-3.59349859222788,52.77407215075918],[-3.5916889715235993,52.76510600783366],[-3.594520491644078,52.76147178852821],[-3.5957060969134904,52.7533644229626],[-3.5941266164329684,52.75068852651373],[-3.5881047593492172,52.74807219171652],[-3.590870029593061,52.742640836998646],[-3.5862647974270945,52.73820730022221],[-3.5861016391108995,52.733714241300945],[-3.594655847867498,52.72460898616977],[-3.5929137456543594,52.717439998090136],[-3.582489900613,52.7157815159342],[-3.579400484823392,52.71222651804085],[-3.5792381847878008,52.70773342441625],[-3.573223173233586,52.705116262930105],[-3.5760848410611175,52.702381088416885],[-3.5893007030436275,52.699507443893495],[-3.596368800388803,52.69042189618846],[-3.5858210180496726,52.685169184030556],[-3.5929202893748644,52.676982452960566],[-3.5884523175605385,52.67614337705792],[-3.582311233829357,52.66993214727388],[-3.58208395497799,52.663641778795885],[-3.5789335529025053,52.65828945802781],[-3.5832371227617803,52.65463578540792],[-3.5770998512094527,52.648424234447845],[-3.5768411670458504,52.641235196984915],[-3.5811432685478763,52.63758160187516],[-3.590071218631489,52.63926020934054],[-3.598835948967416,52.6364450327472],[-3.599952289928982,52.62654024677671],[-3.5906680804713,52.61497746113487],[-3.568458175529144,52.61347558632166],[-3.5623928470670987,52.609060450757816],[-3.557996190017075,52.61001744365343],[-3.5522502447868067,52.61458821464789],[-3.534313607053969,52.6085285499754],[-3.53560112187242,52.60311749385484],[-3.545616677246942,52.59399654747096],[-3.558865917865497,52.592923776362234],[-3.588053488383588,52.583545177877156],[-3.5994632516676868,52.572602705179264],[-3.5991362272831173,52.56361638840037],[-3.6050675599667734,52.56443517770379],[-3.611097929868956,52.56794954815226],[-3.6226637829714825,52.561498019597096],[-3.6253802861309112,52.55516720003636],[-3.6177771677787285,52.54897782904071],[-3.6221332544267955,52.54712004220762],[-3.623441468267153,52.54260670498483],[-3.636472588630902,52.53613364090487],[-3.64678833898708,52.53599052475964],[-3.6543256228242953,52.54038080753727],[-3.6571040022426358,52.53584650996401],[-3.654021555726508,52.53229329896654],[-3.658340583505097,52.529535588328656],[-3.6729724921595617,52.526632343309956],[-3.6980883434324037,52.5280727243388],[-3.7098054154999565,52.526105796],[-3.71046900181861,52.54317893983979],[-3.725242804652836,52.54386355971344],[-3.7234520619935787,52.535797824322685],[-3.733236343276237,52.52216848402254],[-3.7330948334531944,52.518574172698294],[-3.728464084479738,52.513247342415205],[-3.7328119122310555,52.51138553982669],[-3.7296546112146634,52.50603720135858],[-3.7353680231362656,52.501457966620904],[-3.7366632983859005,52.496943488073946],[-3.7410446265899315,52.49597996509909],[-3.739075926649111,52.48342151841918],[-3.746079172156506,52.47432728618522],[-3.7412403454230923,52.472521621007694],[-3.7396301830522596,52.469027721123965],[-3.7322349509591413,52.46815836400495],[-3.729119215604264,52.46378726671704],[-3.7216229248484796,52.46030023788823],[-3.714617537035007,52.46040203080419],[-3.6981011091678435,52.45434667723372],[-3.6845333715197413,52.45266374339653],[-3.675469362309531,52.44649884219688],[-3.6693822658744417,52.43947097251901],[-3.6604922198706507,52.439517358188475],[-3.6558786814267137,52.43418747797657],[-3.651400662287159,52.4324519219273],[-3.6497961721456043,52.42887793073208],[-3.6439137996768793,52.425442305648716],[-3.638288118558121,52.42641950818265],[-3.6323133875863602,52.42394001122305],[-3.6294679543275508,52.426541423205535],[-3.6203279794624894,52.42748734325658],[-3.6199654744987857,52.417602251215634],[-3.6154905315935464,52.41586530526403],[-3.5982067453156934,52.4161790929898],[-3.594755425265747,52.41173023646686],[-3.5800889996417604,52.412747498299574],[-3.5798320203781064,52.40555818305244],[-3.584014730640166,52.3992085298027],[-3.591104917966282,52.39379751746612],[-3.5777212709208976,52.38760447263287],[-3.5833390462306456,52.380336548846856],[-3.57446387583225,52.37865695116282],[-3.5728037493377984,52.373284475016476],[-3.56246672439368,52.36810586223811],[-3.5479744863670284,52.36739753909281],[-3.54360143559162,52.36835385196566],[-3.5481316322196332,52.37189095975099],[-3.546757573938276,52.3746062423863],[-3.532104938024806,52.375696249908984],[-3.515538611273388,52.37403290697443],[-3.49924386785453,52.36622779749699],[-3.49062551989004,52.36543776027362],[-3.4804389355126872,52.36826311496912],[-3.4747757117665743,52.374627558912714],[-3.474925468657742,52.379121125690745],[-3.463384956523502,52.38555821546803],[-3.451664108430963,52.38660187158305],[-3.4459356609939267,52.391167519031875],[-3.4460238065644657,52.39386368659278],[-3.4346501953236435,52.405690348724406],[-3.4363240734791636,52.411963569184735],[-3.44376053072251,52.41457020231822],[-3.436586991684855,52.42005207338126],[-3.4397025939713823,52.42540862925042],[-3.437054710066275,52.43443160659611],[-3.42099559073643,52.43822202031573],[-3.418112187271347,52.44005478740675],[-3.404905081562944,52.441111538792285],[-3.3873981416343226,52.44581362292699],[-3.356482602646712,52.4452732909109],[-3.3346372433804343,52.452714407892266],[-3.3303052115537413,52.455460411619214],[-3.3304406978129335,52.45995419432332],[-3.3212332035329366,52.45907955674762],[-3.313836375639124,52.45564454637377],[-3.3034179665689254,52.453882915677106],[-3.2928285299904796,52.456108711437885],[-3.2837270094125057,52.4548781657215],[-3.254088322987082,52.464946466092684],[-3.218517659739566,52.47342326983337],[-3.193596884179402,52.4773005657642],[-3.1884832275953827,52.4753459321754],[-3.194355906660626,52.476389837922156],[-3.1805651317979837,52.47385520775484],[-3.157754971593659,52.4850679062378],[-3.1452218854043337,52.48849570009848],[-3.1416767363730935,52.49121720174287],[-3.1265400697717585,52.492308116516305],[-3.1178416316045694,52.49470746072941],[-3.1115381979351637,52.498830505031584],[-3.0558266751182566,52.499994468727635],[-3.0463657700346456,52.499047344416915],[-3.0292040094160098,52.50125308045483],[-3.0345892319309447,52.505048558466655],[-3.032172186400264,52.509666412029034],[-3.0364307118411444,52.51149106743015],[-3.0307979141918544,52.51950656841968],[-3.0324170043289405,52.52369180859696],[-3.0130424395865503,52.522101676335396],[-3.010724114866776,52.520051048352435],[-3.0038171384142203,52.5198041812735],[-3.0014761349461074,52.52252019180514],[-3.0051021106367033,52.52943621229274],[-3.0038621740394955,52.53354538331463],[-2.994180495536794,52.552931806767454],[-2.9997225390089404,52.55465439550663],[-2.9976486981463624,52.56381851123307],[-3.006267151405742,52.57367341980124],[-3.0145207030301306,52.575484618341015],[-3.0366466853702607,52.57172382452195],[-3.043934185063205,52.568112243011875],[-3.050032371007119,52.5606503602579],[-3.0570404889393026,52.558546304704464],[-3.060426524972424,52.55531279606262],[-3.0649975063979102,52.55679380277793],[-3.071405511250804,52.553965172208066],[-3.087283196055591,52.55127343767487],[-3.086156092276292,52.54863344686035],[-3.092333145707593,52.5477710735272],[-3.093944116413127,52.54488739211947],[-3.0905672907811357,52.542751001537525],[-3.0834739108924194,52.54146671229524],[-3.080806520211116,52.5391275602727],[-3.0853786851436293,52.53452044515947],[-3.108744908119786,52.52919552552365],[-3.130734042040593,52.52703860589422],[-3.1349611363533305,52.5284656915177],[-3.136974667022324,52.532570528400726],[-3.1354811714159982,52.53490976553258],[-3.1169748969304707,52.53837006082845],[-3.111486894150477,52.54139841814417],[-3.1274278282074452,52.56600960746133],[-3.137773594134288,52.57383734431166],[-3.1385705847880305,52.58284063489168],[-3.1344184011139085,52.58494015992893],[-3.1221742479534518,52.58762626115695],[-3.1174472126446537,52.58574616285372],[-3.1136310373924454,52.59060987056868],[-3.1097931038927977,52.59026532115787],[-3.1003322983062858,52.597570375051816],[-3.0893590223328724,52.59957236288963],[-3.0893049616742356,52.60328401360784],[-3.0936437767358043,52.609290828013485],[-3.082702130973847,52.615518171666146],[-3.0816192787898675,52.62138156818963],[-3.072205568554532,52.625938867195906],[-3.073103484803508,52.628944230301535],[-3.0597904961352578,52.630676930695024],[-3.069401617657226,52.63739338267495],[-3.081289956316179,52.63934150105331],[-3.083524366443024,52.64127193921613],[-3.069887119096019,52.6457812710012],[-3.0616509505819356,52.645393283755055],[-3.0581359722402346,52.64740345554636],[-3.051090521915399,52.647306150124614],[-3.050859040512783,52.65330909520231],[-3.048592701204508,52.65750416903727],[-3.0490758227471506,52.6622439635558],[-3.0439494563697953,52.666210711371285],[-3.043049207302248,52.67199655175167],[-3.0456408810736435,52.675427690295805],[-3.0420844525023707,52.681482346357626],[-3.042722302758526,52.68689683649126],[-3.0469605695639626,52.69121334161961],[-3.0342264336613556,52.69342611943351],[-3.032037369868753,52.69992070830833],[-3.0225206490729835,52.70664230573777],[-3.02179346954509,52.71042347512935],[-3.025436229186215,52.716164480870994],[-3.020484696451348,52.72112921709364],[-3.0114283195034215,52.72056764515864],[-3.0083828378883166,52.721980739506414],[-3.0006091523130958,52.72021266221204],[-2.9966669682225753,52.72179304541004],[-2.9856868012371653,52.722513246164766],[-2.9821461735640256,52.72569899773161],[-2.9775219344006856,52.72645281624306],[-2.975474678732358,52.7215719627626],[-2.978122003158281,52.715288651871035],[-2.9665907478365363,52.71425680491794],[-2.961065118956851,52.71636582375875],[-2.96183837680761,52.725679527038324],[-2.966655513500539,52.725620447605785],[-2.965040542204117,52.73221332738386],[-2.969039303126779,52.73195506264153],[-2.9735782591498436,52.73567116745124],[-2.980040334123271,52.73363294824969],[-2.9911117823984776,52.73367576908908],[-2.996529313663919,52.73601448185052],[-2.992506114510136,52.738531251575345],[-2.9906266249369806,52.74251961048192],[-2.9976242928287182,52.7438813526869],[-3.0080050737112956,52.74764574011678],[-3.0097567793569806,52.75029814531008],[-3.015869608991387,52.74806407892302],[-3.0217804994403537,52.751914919888115],[-3.0144674175338544,52.75288029664798],[-3.0107946269587123,52.75852136353105],[-3.010695910133071,52.76187363716244],[-3.017098268194307,52.767672230847765],[-3.022675090643283,52.764171253178475],[-3.0263517953381545,52.7670387312215],[-3.0326127634621236,52.767139912715145],[-3.0389845523002665,52.77035839069166],[-3.044464683733013,52.7692746223842],[-3.0465360282728406,52.76701696655795],[-3.057905612570504,52.77368371896721],[-3.0621066344326024,52.76911704813516],[-3.068587858223275,52.774180393310985],[-3.072194008226894,52.76973738593583],[-3.0795250262210203,52.77154978908307],[-3.077903280714279,52.773765272368195],[-3.0807382437017146,52.77744152947452],[-3.088859419119307,52.777542559474114],[-3.087843990162344,52.77982453225941],[-3.09170896640368,52.786631261665164],[-3.085674344278627,52.79039948016133],[-3.0867557749360763,52.79559024013983],[-3.0902991529094797,52.79625085370383],[-3.0977149990716804,52.79136836052227],[-3.106174337961207,52.79290617406605],[-3.1097647139046702,52.786671379585066],[-3.1137866180694047,52.786575251440325],[-3.1188986244021963,52.78718251425069],[-3.131149308042106,52.78750593867848],[-3.142494699451003,52.790340526306686],[-3.144657459549583,52.78850010998723],[-3.14731548791143,52.79179532408571],[-3.158472324652312,52.793479495050555],[-3.16181576170384,52.79934602028516],[-3.1540586597879035,52.80249449846365],[-3.153185533032304,52.80632731261443],[-3.156327595146304,52.807986837814255],[-3.162195506685526,52.80362961062266],[-3.1681785220251792,52.80729898664209],[-3.165403348649092,52.81214309686674],[-3.167844938341327,52.819260709111994],[-3.1588798086867445,52.83055454499397],[-3.1540814353427225,52.83213767721797],[-3.156596745482918,52.837027973069645],[-3.1513247246683473,52.84256667130591],[-3.163070844269784,52.847472109024785],[-3.153946593119021,52.85426132186053],[-3.1476072830936457,52.85569463424189],[-3.1405911634273918,52.86078489526842],[-3.134418841209992,52.86178258263003],[-3.127721684254439,52.86723939628516],[-3.1351631601978744,52.870094668094126],[-3.1389113009451215,52.8732061167946],[-3.152440146975208,52.87873197622023],[-3.1483911653166072,52.88127217641499],[-3.14700686925355,52.88467622192362],[-3.1356664436199773,52.884978810852274],[-3.1475003326280455,52.890136666127106],[-3.1448199948986066,52.89288286035485],[-3.1381597317255974,52.89477447409583]]]},"properties":{"name":"Severn and Vyrnwy (Wales)","short_name":"SV(W)","region":"Birmingham"}},{"type":"Feature","geometry":{"type":"Polygon","coordinates":[[[-3.194355906660626,52.476389837922156],[-3.1884832275953827,52.4753459321754],[-3.196972688728268,52.47712260112253],[-3.2225441062158207,52.47267146685209],[-3.254088322987082,52.464946466092684],[-3.2837270094125057,52.4548781657215],[-3.2928285299904796,52.456108711437885],[-3.3034179665689254,52.453882915677106],[-3.313836375639124,52.45564454637377],[-3.3212332035329366,52.45907955674762],[-3.3304406978129335,52.45995419432332],[-3.3303052115537413,52.455460411619214],[-3.3346372433804343,52.452714407892266],[-3.356482602646712,52.4452732909109],[-3.3873981416343226,52.44581362292699],[-3.404905081562944,52.441111538792285],[-3.418112187271347,52.44005478740675],[-3.42099559073643,52.43822202031573],[-3.437054710066275,52.43443160659611],[-3.4397025939713823,52.42540862925042],[-3.436586991684855,52.42005207338126],[-3.44376053072251,52.41457020231822],[-3.4363240734791636,52.411963569184735],[-3.4346501953236435,52.405690348724406],[-3.4460238065644657,52.39386368659278],[-3.4459356609939267,52.391167519031875],[-3.451664108430963,52.38660187158305],[-3.463384956523502,52.38555821546803],[-3.466233169914957,52.38282565221248],[-3.474925468657742,52.379121125690745],[-3.4747757117665743,52.374627558912714],[-3.4790007601102606,52.36918021628962],[-3.49062551989004,52.36543776027362],[-3.49924386785453,52.36622779749699],[-3.515538611273388,52.37403290697443],[-3.532104938024806,52.375696249908984],[-3.5438521874035502,52.37554333686407],[-3.548194502151984,52.373688326958046],[-3.54360143559162,52.36835385196566],[-3.5581593635053075,52.36726365195973],[-3.56246672439368,52.36810586223811],[-3.5728037493377984,52.373284475016476],[-3.57446387583225,52.37865695116282],[-3.5833390462306456,52.380336548846856],[-3.5777212709208976,52.38760447263287],[-3.591104917966282,52.39379751746612],[-3.584014730640166,52.3992085298027],[-3.5798320203781064,52.40555818305244],[-3.5800889996417604,52.412747498299574],[-3.594755425265747,52.41173023646686],[-3.5982067453156934,52.4161790929898],[-3.6154905315935464,52.41586530526403],[-3.6199654744987857,52.417602251215634],[-3.6203279794624894,52.42748734325658],[-3.6294679543275508,52.426541423205535],[-3.6323133875863602,52.42394001122305],[-3.638288118558121,52.42641950818265],[-3.6439137996768793,52.425442305648716],[-3.6497961721456043,52.42887793073208],[-3.651400662287159,52.4324519219273],[-3.6558786814267137,52.43418747797657],[-3.6604922198706507,52.439517358188475],[-3.6693822658744417,52.43947097251901],[-3.675469362309531,52.44649884219688],[-3.6845333715197413,52.45266374339653],[-3.6981011091678435,52.45434667723372],[-3.714617537035007,52.46040203080419],[-3.7216229248484796,52.46030023788823],[-3.729119215604264,52.46378726671704],[-3.7322349509591413,52.46815836400495],[-3.7396301830522596,52.469027721123965],[-3.7442543862907636,52.47427541002141],[-3.7475507696254784,52.47430552419334],[-3.7562368113453153,52.4705804629471],[-3.7651011816575735,52.47134759860354],[-3.7708424172932515,52.467665281028424],[-3.7826127376996808,52.467488425656256],[-3.786517131182824,52.454841954101525],[-3.7921815853174494,52.449361566090595],[-3.7876603200806525,52.44673273040643],[-3.7858262618169545,52.437769281004826],[-3.7828493959450564,52.43691508791428],[-3.7726656700972363,52.439765610575726],[-3.768110679861685,52.43623732841373],[-3.76642469381552,52.43086787638736],[-3.7588596447064626,52.425586025556015],[-3.7613337072198627,52.413860727800014],[-3.745169000126525,52.414100521006006],[-3.736245844739903,52.411534571505086],[-3.728933753771159,52.41254088849888],[-3.724490134065724,52.41170668666875],[-3.715917503649847,52.41812521778738],[-3.7085690852556783,52.4182316718942],[-3.7054909471006146,52.41467973958562],[-3.705248229617224,52.408389490181335],[-3.6873754664450047,52.40235227741503],[-3.6870325865825353,52.39336606216666],[-3.6810546593058677,52.390753895195516],[-3.660356232359099,52.387450161333625],[-3.663158512834059,52.383814276096196],[-3.6703656785867533,52.38011621889032],[-3.6715965677129776,52.37380505343295],[-3.6699926197604356,52.370231249489116],[-3.675695055087555,52.36565498111646],[-3.6932419432633,52.363606537172785],[-3.701911134235884,52.35988554403393],[-3.7339199964703957,52.35222708987746],[-3.736749268680937,52.34948821730006],[-3.736608350408996,52.34589375759624],[-3.7334979843003717,52.34144387196388],[-3.7392959570798303,52.33956036434561],[-3.7406570651142435,52.336842908321756],[-3.749423417602238,52.335814335006354],[-3.7492106144014974,52.3304226678478],[-3.752073089439036,52.32858205085899],[-3.760801833226514,52.32665394921078],[-3.7682423946335617,52.329240192178624],[-3.7737137002835084,52.319267684955854],[-3.7809373135420468,52.316461532284784],[-3.7807929870034416,52.31286722742767],[-3.785046722063455,52.30920651164223],[-3.7849382502995454,52.30651071875547],[-3.775962729044415,52.30215043759868],[-3.7758188760242435,52.29855602441779],[-3.763879053961676,52.29334024318469],[-3.767881988301951,52.28338995208727],[-3.76466591059596,52.27624499739129],[-3.7733479717914236,52.27341743831923],[-3.771488855450924,52.26355490571705],[-3.768380972499361,52.25910576900425],[-3.7639165293045127,52.25737437146487],[-3.7537371182527495,52.25932428185862],[-3.7418104872143902,52.25410611767602],[-3.7257386382340085,52.255241377019395],[-3.7298167101009274,52.2470894529463],[-3.7253200807666285,52.24445793434239],[-3.7194295579123873,52.243644765979425],[-3.7119369037988457,52.23925798008816],[-3.7133315041147386,52.2374395376],[-3.7265397149385673,52.23814616041287],[-3.724971482135388,52.23547165569349],[-3.7277242432180584,52.23093573145302],[-3.723055259170708,52.22381091245599],[-3.7301967831594944,52.21921064984649],[-3.725598468846676,52.21388318810669],[-3.7267825959514034,52.20667274354951],[-3.725285020128999,52.20579559525407],[-3.7339560166142687,52.20297099882687],[-3.7352434459760797,52.19845639161334],[-3.729219304427323,52.194049093660524],[-3.7275479881781384,52.18867875210184],[-3.7317595971435726,52.184121305385844],[-3.718116977054459,52.1717328549425],[-3.723615776385334,52.16266113759855],[-3.717597691781514,52.158253257488916],[-3.720346619606351,52.15371739368808],[-3.720069440181048,52.14652834942028],[-3.7169059479000457,52.14028043660812],[-3.7063730690255863,52.13234101868815],[-3.7076614211128693,52.127826563320724],[-3.7191348047469717,52.12226491541777],[-3.7099278988722677,52.11070990711175],[-3.7098247327917186,52.10801400487475],[-3.70388400084734,52.105402550508664],[-3.7065968916083794,52.099968407172895],[-3.699164186202592,52.09647915213813],[-3.7060481313374827,52.08558989382849],[-3.7103213280789014,52.0828304485785],[-3.6910189362477346,52.074117564967636],[-3.6866775858678915,52.07507895772499],[-3.6792843143371616,52.07248706747939],[-3.666226150085216,52.074470782355746],[-3.664700793500674,52.07269401788947],[-3.667416569715661,52.06726072293874],[-3.6774889938932067,52.0635210798153],[-3.6714889633315755,52.05911062112384],[-3.672779027310051,52.054596569193144],[-3.6756609203420885,52.05365644581308],[-3.6754255247906134,52.04736571150355],[-3.6667806677215133,52.050185760966855],[-3.6609168163881827,52.049369507971676],[-3.66793709884785,52.04207706778946],[-3.6690930201649015,52.03396826796372],[-3.6619409146943482,52.03766598462339],[-3.6502168693995523,52.0360325813304],[-3.6585939557509026,52.02602415561007],[-3.651276527437165,52.02522781021847],[-3.6467410046052597,52.02079556336065],[-3.640848453636309,52.019079473603945],[-3.63185728239784,52.02182306908813],[-3.6350002076032855,52.02807355740514],[-3.632217281962898,52.03170877002283],[-3.6106521321891805,52.04009799465603],[-3.59655920672666,52.0537770592407],[-3.592217786278455,52.05473496175625],[-3.593803585789525,52.05831009927666],[-3.5739294859598845,52.07386270066007],[-3.5595954311998295,52.08124641144763],[-3.548205670840828,52.089488836138344],[-3.5337698457673614,52.09417327546052],[-3.5209737697499093,52.104229564689774],[-3.4928229591625146,52.09200167940622],[-3.4812691489674825,52.095743982488266],[-3.465187985840948,52.09504588024565],[-3.463640489854259,52.092367729223035],[-3.4251581067669292,52.07575601821692],[-3.4263588497364057,52.06764935317464],[-3.420354259746504,52.06232713103026],[-3.4202687052813707,52.0596307807693],[-3.411406729192513,52.05614077139618],[-3.417039560994711,52.0497792580273],[-3.4065245444694336,52.0400148596127],[-3.393211588035379,52.0338791723246],[-3.3770433203154795,52.02957366381895],[-3.3754482420050973,52.0250966618285],[-3.378306969945096,52.023264985393],[-3.385563884998389,52.02228070780262],[-3.382511468186338,52.01782092971873],[-3.3822897829740732,52.01063048840489],[-3.3763257268965514,52.00620468796413],[-3.3660762081338453,52.00452577247826],[-3.361543481758858,51.99918348559749],[-3.3643738195411417,51.99645333180588],[-3.365583707889386,51.98834711797141],[-3.357815185594858,51.972252565312026],[-3.341860509381458,51.9742337660803],[-3.334476774302304,51.97072116531876],[-3.329977883947868,51.96627641503593],[-3.3325948151268525,51.956356350093756],[-3.3295788253100973,51.95279391807885],[-3.322226032342326,51.95017934119898],[-3.3178622044782338,51.950228281508714],[-3.3118863295523746,51.944900235232815],[-3.304588013674942,51.944082223659976],[-3.307209352685582,51.934162657257005],[-3.3026647944322938,51.927919099802985],[-3.2982252627441153,51.92527075208338],[-3.2909561665070126,51.925350720181996],[-3.2835587997911015,51.92093596324796],[-3.2762393667264753,51.91921730450005],[-3.276162883949669,51.91652072847664],[-3.268667066853657,51.9085095662959],[-3.267036663022666,51.90223318092897],[-3.2537585537898868,51.89518233575686],[-3.2450164603247935,51.894376038303406],[-3.240583623496536,51.89172545822031],[-3.2291577223549757,51.89903846852052],[-3.227851792581694,51.904446906353414],[-3.2208296454151517,51.91351129812018],[-3.2224296293212196,51.91888947311598],[-3.2284160209432415,51.92512104633462],[-3.221390830707645,51.934185460296185],[-3.2232362295257215,51.94855233233337],[-3.2147028971817826,51.955833707239066],[-3.2133451367342536,51.95944420757883],[-3.203280701589357,51.96404313099943],[-3.196005072851975,51.96411727494374],[-3.1830745871705814,51.97054177887664],[-3.15699399200638,51.975296571744835],[-3.1573415498211452,51.988779899575775],[-3.150176978007466,51.99334567571223],[-3.1435791512285456,51.98762863551925],[-3.1384678328073097,51.99435408575596],[-3.1369058374102265,52.0023766716795],[-3.133135525096552,52.00502043440862],[-3.1194190354334856,52.00278875766654],[-3.11550329872002,52.00390394831074],[-3.112319576373029,52.00887287083134],[-3.1112467339374823,52.01784800683155],[-3.106851614748424,52.02008950907259],[-3.097965932617912,52.02147474464239],[-3.0991926935273,52.02267933306588],[-3.0927556642978073,52.02897092514986],[-3.0923481529200383,52.03318250817077],[-3.0862802569016576,52.040187794872594],[-3.0928060141268436,52.04747220370992],[-3.0907745665939026,52.05081860388033],[-3.1014981433957107,52.058249702536564],[-3.1069558895348885,52.05987267773786],[-3.111445090699833,52.06486807707684],[-3.1164556919430764,52.06584927478884],[-3.121326594696496,52.076150768270786],[-3.1259717822086164,52.07832365429569],[-3.118853005218234,52.08872030280686],[-3.122709022967781,52.10315009905961],[-3.105459795098945,52.10537836240479],[-3.1079007758177575,52.11408204681614],[-3.1067118172880828,52.118731630856956],[-3.115025973642692,52.12156993875941],[-3.123542782919511,52.12185320430351],[-3.128055953859523,52.12456222858041],[-3.1368089988963104,52.12331202245175],[-3.141915001349974,52.127858843040705],[-3.141223990096174,52.12991546540504],[-3.134132029742522,52.133569483165445],[-3.1358683340234585,52.13789988084936],[-3.1153501821109137,52.139171979111715],[-3.093685196258298,52.144297440960884],[-3.083295912569342,52.14833674558284],[-3.0725350562231366,52.15576445533738],[-3.071568415258476,52.158180994018544],[-3.082540400013726,52.16303832806026],[-3.0848908817174485,52.162782068835746],[-3.090075499432784,52.15729568818597],[-3.0988734407200593,52.15469749458559],[-3.1016799851615287,52.157382950096135],[-3.112063886588685,52.15899284957366],[-3.122427104057312,52.1634107810657],[-3.1219916854078167,52.16690787579852],[-3.112456535855951,52.170222327384245],[-3.1124870590699394,52.17361428387795],[-3.1014077165297094,52.17725766210183],[-3.0947221568075087,52.18372167398487],[-3.097347678599823,52.18431674323716],[-3.0963891840742757,52.19470285088683],[-3.101819291737435,52.20260192141389],[-3.094143050932204,52.20374147098267],[-3.076793915044009,52.21330544599719],[-3.0772241258278457,52.21908796623839],[-3.0721335967149876,52.222843015385656],[-3.07207964399283,52.22868569131438],[-3.07395173624821,52.23406130758318],[-3.073037628156502,52.23586687032574],[-3.058684253428721,52.23607203475517],[-3.0491590516333944,52.23889297734844],[-3.043145559255757,52.242749950005276],[-3.0437068890048526,52.24551171752109],[-3.049949125501963,52.2450032211731],[-3.045273835017583,52.246808692837085],[-3.0483282837948513,52.25024481420104],[-3.045179927614711,52.25334395861645],[-3.0389200408294648,52.253588924553924],[-3.0361493997994833,52.25671416978573],[-3.025369241321827,52.258165901185585],[-3.0056139921217255,52.26420046460218],[-2.998687805490106,52.26414957726482],[-2.9962545470989252,52.261497231550756],[-2.989777744482368,52.26048632969706],[-2.9847944162720434,52.26226050905664],[-2.9785843167254296,52.26237509278771],[-2.977286830407161,52.25967606620337],[-2.9649901650463204,52.26232517847035],[-2.965064552104856,52.26811182143626],[-2.9559540678856018,52.27090920991006],[-2.9544933197507244,52.27160880793804],[-2.9634069522219164,52.27260807355386],[-2.9650363092401117,52.27430028643859],[-2.979060730982229,52.27262583283856],[-2.9926749874269283,52.27284298642699],[-2.996023667502823,52.27577538792396],[-3.0013405097240216,52.27496530566513],[-3.011661365918736,52.277395579996785],[-3.009342989988255,52.28283227065563],[-3.0119493305947733,52.28803979585455],[-3.0055244007883606,52.29067139454446],[-3.0012952202860537,52.30006473959697],[-3.0006009118576142,52.30439329550836],[-3.003848467493141,52.31121923818756],[-3.0008678773313426,52.32175359736745],[-2.997148986603631,52.3245154822787],[-2.986028261159982,52.323456268021445],[-2.9810839548802166,52.32698756117626],[-2.966840867223655,52.32948930626092],[-2.9668059053441733,52.332416904002464],[-2.96165160278149,52.335923022709856],[-2.9547277457357644,52.349236561862575],[-2.960357742836564,52.34922688550689],[-2.96416236369016,52.35148666652715],[-2.970583671050444,52.351394527099416],[-2.974299446731713,52.35472278119873],[-2.9860704537273555,52.350882374112466],[-2.9983257561124965,52.35188077691538],[-3.005219499542814,52.34905683820475],[-3.0100376629820276,52.34949942554361],[-3.021757974436419,52.34651806991832],[-3.0400269404949465,52.34436273774206],[-3.0523273920870735,52.34777898328673],[-3.059929883186108,52.34799601926171],[-3.065214533441447,52.35005317222523],[-3.0653007046867486,52.35333124605206],[-3.070544378899477,52.35596452520891],[-3.091932103225025,52.362564137787416],[-3.097609345215796,52.367944819832154],[-3.1009866843296576,52.36791339609677],[-3.104316786463244,52.373760039563614],[-3.110603637451743,52.37714629035256],[-3.120239025633607,52.37743023787363],[-3.1295914908465847,52.38446621434289],[-3.149339787669487,52.388119244297094],[-3.1546148973362103,52.38777653369237],[-3.158181533602578,52.391494291634174],[-3.16154727839886,52.39212925553462],[-3.159260872968387,52.398025238578605],[-3.1607180788235816,52.3999546912409],[-3.1699040457527055,52.40288314716247],[-3.17294324561128,52.406517568134305],[-3.1913304986310442,52.41420759411457],[-3.2197421498363386,52.42130820643456],[-3.2223251471135406,52.42672518190148],[-3.2306846065454407,52.43046933135022],[-3.2283479902648446,52.43947969511678],[-3.233286889143322,52.43969978597937],[-3.2355652791394114,52.44252330975023],[-3.2318780685878656,52.453112179894326],[-3.2197027238588563,52.45952546537836],[-3.212026589645619,52.46812828826037],[-3.194355906660626,52.476389837922156]]]},"properties":{"name":"Upper Wye and Teme (Wales)","short_name":"UWT(W)","region":"Birmingham"}},{"type":"Feature","geometry":{"type":"MultiPolygon","coordinates":[[[[1.3483806261957765,51.298151320491044],[1.3436386522570654,51.30140825293786],[1.3411088850121775,51.29483314411938],[1.3379002222647451,51.29213625864949],[1.332062965112038,51.290773504934236],[1.3295047141861374,51.286150907154806],[1.332634609597215,51.28222986401448],[1.3379136913049134,51.28164757346487],[1.3475492673762561,51.27490470665988],[1.351046691435053,51.27566809135412],[1.3503775868439827,51.28774974538741],[1.345941819110156,51.29283302235913],[1.3483806261957765,51.298151320491044]]],[[[0.6719664334746854,51.39045193225681],[0.6804854623295062,51.39601330671412],[0.6745935300396764,51.39605805852518],[0.6684558223911363,51.39188103613512],[0.6719664334746854,51.39045193225681]]],[[[0.5715883489155843,51.405109995603596],[0.569693546372288,51.40722010597285],[0.5639635997607576,51.407615465297674],[0.5605547594680309,51.40580136978223],[0.5620572428828553,51.40181133476596],[0.5815150611125508,51.402643250332936],[0.5784091393258016,51.406219170416584],[0.5715883489155843,51.405109995603596]]],[[[0.6901739385715766,51.40676362721938],[0.6800528880973677,51.40582643797247],[0.6666185535720487,51.39983740292221],[0.6581554743196152,51.392744819933746],[0.662329415788631,51.39282989376634],[0.6697304575381235,51.39895707617771],[0.6766331296552812,51.39897941747002],[0.6934442522748733,51.39634559088366],[0.6901739385715766,51.40676362721938]]],[[[0.6863965209026432,51.40855913943567],[0.6884216391805353,51.41121081717749],[0.6820268936952644,51.4125265950272],[0.6811195078071136,51.409309605299406],[0.6863965209026432,51.40855913943567]]],[[[0.6722881413960957,51.42309198343153],[0.6669882824457426,51.423482566186294],[0.6660014833785316,51.41962872285252],[0.6697729978275129,51.41350802343556],[0.6745130270799156,51.41512670321725],[0.6757143298880508,51.420918235553174],[0.6722881413960957,51.42309198343153]]],[[[0.7267539526564624,51.424580044274165],[0.7127106622692333,51.42016632325381],[0.7186789156056559,51.419416387736675],[0.723387736978913,51.42119571937891],[0.7267539526564624,51.424580044274165]]],[[[0.7679906886343861,51.44038658762918],[0.7433489225452808,51.44631749200469],[0.7403085494388232,51.43736781450792],[0.7358085180580693,51.43213963052542],[0.7382787668529633,51.42917690629857],[0.7425604683015631,51.42860007621847],[0.735146764952488,51.42299034839218],[0.7417610304827689,51.415730576072534],[0.7407956574055404,51.41161598414589],[0.733028421838052,51.40918924266424],[0.7236306008967881,51.41318555262576],[0.7213005680717445,51.412700074233825],[0.7315991447650767,51.39968907783104],[0.7411170610497918,51.39775787699361],[0.7484733950709024,51.39335834437321],[0.7505817470280575,51.39016097689707],[0.7557311439255413,51.38734174670788],[0.7607334366195991,51.3868641763825],[0.7668024659604423,51.38024530433448],[0.7631119605700861,51.37385679032718],[0.7725060850300595,51.367608782006684],[0.7803463493750595,51.36895186006919],[0.7874953205398485,51.37309901604457],[0.7903065349754992,51.369704278551986],[0.7997324282989482,51.36875976246786],[0.8045879622549286,51.37062225241866],[0.8394892623333005,51.36339529349992],[0.84827347543213,51.36372158083087],[0.8427744659906549,51.36772268827254],[0.8500538877757825,51.369254608639274],[0.8544103341150157,51.365370956777646],[0.8565325131566176,51.3694565000726],[0.8610486799154774,51.36583852369146],[0.8738925523682213,51.36444467351402],[0.8823241462272841,51.35686218373647],[0.8895146703571889,51.3547062140831],[0.9002429149430871,51.353991225272],[0.9223219583368614,51.36009792074497],[0.9241973159630434,51.36472810586963],[0.9342906640290388,51.36978219467194],[0.9424911058894835,51.369936164332465],[0.9489246972421616,51.371663101911956],[0.9495456566631142,51.37461557439828],[0.937027185004728,51.39030142874817],[0.9109994139353793,51.40580072218638],[0.9015161526792428,51.41727873491015],[0.8835084124355547,51.42141101059016],[0.8683650017650112,51.420793458556695],[0.821495620810838,51.42588911860784],[0.8068362698893191,51.43082819974865],[0.7890877848241817,51.43943656700641],[0.7679906886343861,51.44038658762918]]],[[[0.6231739528138381,50.86127993762851],[0.6377951303820697,50.86705297645585],[0.656417143327594,50.86959855690392],[0.6694748187617239,50.87398657224877],[0.6841473702163028,50.887132544549424],[0.7184794150112086,50.907744431521095],[0.7350435613769094,50.916081977964225],[0.7613995600614973,50.92625464477288],[0.7726571653332105,50.92889293733613],[0.7615244945382614,50.94037302615534],[0.7507265917029522,50.94314646895314],[0.7418291454785024,50.94920221191379],[0.7624733180252465,50.941969577056746],[0.7713912947265431,50.933932943180174],[0.7791471158135593,50.935097680381915],[0.7906067157939544,50.93392476724813],[0.8884469434712237,50.91868165691258],[0.9374351860941105,50.91251151066432],[0.956839270545237,50.911121878066695],[0.9763063595958398,50.91296554430083],[0.9794443280860232,50.91531406227575],[0.97955478647066,50.919268977144185],[0.965415758514726,50.952010502558444],[0.9631703684076148,50.97266557044516],[0.980286841217006,51.00856866640752],[0.9949875433893275,51.024293116968046],[1.0046609596056149,51.03052083261651],[1.038942904171327,51.05086143595544],[1.0753199556499502,51.0635813627051],[1.114044704577115,51.07056074276959],[1.1508138914951707,51.07380224587239],[1.1666638930165403,51.07382333765873],[1.1877734579786492,51.077656660686145],[1.1824869492296979,51.079689782124085],[1.1993551437823242,51.08408628218033],[1.203644768882895,51.092424063756134],[1.2161431911716238,51.09756760792941],[1.2277686656218003,51.10039523595306],[1.2486493445653661,51.100715916009165],[1.250844003560717,51.09962042012485],[1.2585413114065316,51.100593313555514],[1.2673799664819643,51.10052632426367],[1.2789643101559447,51.10715499966107],[1.2911279110611216,51.109421552018475],[1.3011132684937552,51.11318765579484],[1.3096047174358938,51.11402682405885],[1.3175087823253604,51.110654291097106],[1.3190249758781136,51.11187055848517],[1.3093232857103247,51.11688628560945],[1.3155504557735016,51.12321327739436],[1.32549454990728,51.125539267670945],[1.3295426289684094,51.12299525030468],[1.3356047981877872,51.1242075951248],[1.3359791711845286,51.12741721362325],[1.3417016373953412,51.12688486757376],[1.3435868200183005,51.131409530308886],[1.3617528326814168,51.135475844456074],[1.3778356362087285,51.142298206818204],[1.3847648711737215,51.15100307328378],[1.3916791903751156,51.15557011774248],[1.402906761301289,51.17206502722939],[1.4035439500058384,51.22340983036093],[1.4029361794076929,51.23458169614815],[1.387349359235645,51.26813680616658],[1.3789714295950448,51.28097244453212],[1.3705951552112634,51.30954890226437],[1.3668086753107096,51.31271627840287],[1.3568593767075794,51.310123722387154],[1.3481981708570767,51.30155669781017],[1.349290731995043,51.29882688735336],[1.3473397484475202,51.29311685424925],[1.3548376950287258,51.28832353665531],[1.3511894040534063,51.287078840839975],[1.3518594174794019,51.27973759689009],[1.3557399392484124,51.27650501209883],[1.3473305200171146,51.274263316724884],[1.3364159819612835,51.28156437117294],[1.3328051080039274,51.28121755422657],[1.3283392323041043,51.28709257902402],[1.3308603793118357,51.291005645267866],[1.3378814298869353,51.29306329081498],[1.341615619447388,51.29726534036894],[1.341763244205329,51.3109426740756],[1.3356931904293101,51.312735007221015],[1.3282387331707797,51.311867888759664],[1.324220439638217,51.31564311418364],[1.3150354477990827,51.31725296474432],[1.3106603742868677,51.3162974347738],[1.2999813190146938,51.31749860936996],[1.2904266043737231,51.320376236712676],[1.2791239731010389,51.3188945344191],[1.2636489018716017,51.32130606897617],[1.2528269149346916,51.3245757232413],[1.2498172688846356,51.32870704912842],[1.2457289220404328,51.32774112850847],[1.2403178889480644,51.330409649642824],[1.2344046367994121,51.33003354162155],[1.2207739874930057,51.324023142827414],[1.217193811576036,51.32025384576498],[1.2112063966164162,51.32310776003624],[1.2053673887846292,51.32336678828185],[1.1998783126790504,51.32081857172128],[1.1988498964296643,51.318418091822835],[1.1878991609572642,51.31367985409538],[1.178394585452727,51.31321882762973],[1.1725280190444771,51.31139918400604],[1.1642206108392492,51.304761130257916],[1.1590683411962808,51.3053770713285],[1.1618902108762785,51.3092675338479],[1.1657265861600936,51.308084433115674],[1.1772795788371693,51.31369884739579],[1.1874668930927772,51.31427629130921],[1.203332839456035,51.3236293804887],[1.2082017953390494,51.324485426163484],[1.2165664448154963,51.321134597032994],[1.2199172407923522,51.32470334355254],[1.2266176437299676,51.3271003068822],[1.230921245020685,51.33215360845842],[1.2349498142732287,51.33063911795537],[1.241993472023979,51.33055213438064],[1.2468142871419112,51.32826870271284],[1.250831055250445,51.32923657444097],[1.2534649307695933,51.32507069576707],[1.263481826065219,51.321985348442446],[1.2694924873198805,51.32192549846708],[1.278774098731065,51.3196239357467],[1.2826478885461554,51.32080160430966],[1.2917605111309594,51.320761483065056],[1.3006736677861352,51.31814471135346],[1.3100596430866178,51.31712398319811],[1.3135675108805158,51.31799615784225],[1.3239389975303175,51.316514635171565],[1.32882458280499,51.312822689260166],[1.3398182300660484,51.31261732874685],[1.344068872057373,51.30968944335684],[1.3440606734073874,51.302475603571395],[1.3466687727405187,51.3022301168962],[1.3535325624388066,51.30976937219002],[1.361008581897474,51.313872506431395],[1.3620346783944282,51.320049665186076],[1.3667729139520528,51.3259401591732],[1.372875812231173,51.326933766829036],[1.3743103193746098,51.32887133931066],[1.392190407678695,51.3260156081402],[1.4078925659522523,51.32672870545109],[1.4094151877212502,51.32287037566293],[1.413917978755051,51.32318884140218],[1.4140896564175496,51.32781637427034],[1.418404487197436,51.330424945627676],[1.4250759164397035,51.33189397122777],[1.433580315268036,51.34001031394417],[1.4408025528552877,51.35014272485128],[1.442698593825599,51.35818269452069],[1.4451760972294343,51.35864950468636],[1.4441584803470788,51.36614551638059],[1.447473095071638,51.370095794718026],[1.4483285019054735,51.375737604471794],[1.4408527034186074,51.38720163916696],[1.4240880542049692,51.39371998245235],[1.4167605319967604,51.39186518401232],[1.4072016280123794,51.39286339308656],[1.3813231480980666,51.39211151561882],[1.3759115925341894,51.38774316360497],[1.3616614933292057,51.385544663359894],[1.3505703774113196,51.38721188362665],[1.3416359271202445,51.38494864591536],[1.3336872423526365,51.38634461772285],[1.3289465539443654,51.382431771091696],[1.315990512296012,51.38216982912213],[1.3134091060229445,51.38026402811983],[1.2989390441665338,51.38292142591278],[1.2888520050657466,51.38257559382495],[1.2766971197248134,51.37742954575647],[1.2517602989295284,51.37641585052918],[1.237848654886332,51.378870254431455],[1.2092017064799934,51.38028867294225],[1.1965082580572972,51.37964651290723],[1.1538048075831768,51.37315919096091],[1.1224351643823227,51.37256091375599],[1.113767284347902,51.371892312914504],[1.0968645862476876,51.37270042894185],[1.0947816066501088,51.36951747050539],[1.0892521752169797,51.3684942181866],[1.0676164632120393,51.369422909817885],[1.0564452977763044,51.36566756767456],[1.0254875942693915,51.36467280530062],[1.0120398470722753,51.35242737938808],[0.9922708516943347,51.34663829421312],[0.9604316477718892,51.345109304532905],[0.9355513477371958,51.34681518990434],[0.897584863889499,51.341465133457135],[0.8963904061757898,51.33618809818394],[0.903019174968437,51.336563544967895],[0.9099358895051742,51.33468289491135],[0.9149047680720779,51.32700407599176],[0.9061527001676507,51.322544692031926],[0.8869898930448629,51.31798215825021],[0.8851320443464695,51.31856762454313],[0.9129550399488054,51.32795204266716],[0.9084397626879239,51.333730710671276],[0.898514211439705,51.3334372569198],[0.8921875990347115,51.33557247717057],[0.8937758358240254,51.34254871976725],[0.8882607451518368,51.346192663934765],[0.8726665749201092,51.35404152853367],[0.8604160637898338,51.35569060025514],[0.836737844724308,51.35374835522554],[0.8169005228646921,51.355846256934626],[0.8121506360772883,51.35569061877019],[0.8106163923945514,51.35878544019991],[0.7622816539313626,51.36245404231324],[0.7594404315665271,51.374932701018196],[0.7621637386004896,51.38197371963813],[0.7504093255389288,51.38728697122614],[0.7393874224149597,51.39528005322652],[0.7348724954534459,51.39430629927645],[0.7250791484899005,51.3988516275348],[0.7172100267656828,51.41405416775914],[0.7202586288248197,51.41695138006981],[0.7306207996222149,51.41415604104654],[0.731775006227657,51.416386588806745],[0.7280111981286256,51.419604159858324],[0.7181680170549881,51.4180791684175],[0.7126031976872279,51.41883772598727],[0.7087568643308255,51.41703802519943],[0.6956740452180026,51.41958825692707],[0.6977042478641453,51.41009802930044],[0.695838115270066,51.40771266316668],[0.6983832041152415,51.399649563951584],[0.7056318502456537,51.39822321081102],[0.7056592131345673,51.393815597587505],[0.7176864314616905,51.38814082016201],[0.7124124976143897,51.384035966644404],[0.6976721647979534,51.38023926254809],[0.6956195782369831,51.3819953557781],[0.6984771519218367,51.38903468099879],[0.7025330922039147,51.39199906608126],[0.6967421279744037,51.39375143530562],[0.6874431231634113,51.3920764710819],[0.6810404693094029,51.38583760430046],[0.6808689473435825,51.3804452421618],[0.6711030669045797,51.3756318580427],[0.6656469090502594,51.37818450386412],[0.6663281145643787,51.38248601766385],[0.6599679273628285,51.38433946286844],[0.6557408033839558,51.39324928373071],[0.6478719679618862,51.39639537429853],[0.6394458795109174,51.39487674405762],[0.6388317942679498,51.3867062798293],[0.6307913082886626,51.38185067140148],[0.6250742072900051,51.37487390711963],[0.6223373556356331,51.37727359168465],[0.627859338833423,51.3833554917626],[0.6332787534584323,51.38512245255236],[0.6333312182789221,51.388538891529166],[0.6174882482154157,51.387994650659834],[0.6205130806093495,51.38558864724819],[0.6198668933194655,51.38182574293607],[0.6111934280415142,51.37842195931374],[0.6034572784828726,51.38138223278097],[0.5966933205008296,51.38629904416262],[0.592432316642432,51.38720286520476],[0.5910206573870446,51.3902020112641],[0.5770943002372764,51.39050925078093],[0.5746310632066436,51.392721893676914],[0.5697493565909324,51.392829095155],[0.5634539819027348,51.39593493213605],[0.5571059106221047,51.39553406859206],[0.5522953115209519,51.39950623163714],[0.5486390649894799,51.40615115242748],[0.5376104161412733,51.409538318081275],[0.5325430713333928,51.40632036026139],[0.5212537262138788,51.38408000531694],[0.5118231187738401,51.38509204607195],[0.5086763475294694,51.39325366882281],[0.505685538760071,51.39376736027686],[0.49569330568933867,51.387145606987325],[0.4937017851011392,51.382241587540534],[0.4896697400167965,51.379449437084226],[0.4803806655655636,51.377757886045636],[0.47705294018330063,51.37468058496565],[0.468076489592532,51.37343112935045],[0.45025334646696547,51.36526155889278],[0.44978376728508485,51.35915581493168],[0.4562056255859887,51.35299565521535],[0.4535943932383732,51.35251078659057],[0.4480881640739065,51.358606696569],[0.4498110512702378,51.366664800696235],[0.46470896533855943,51.3749410029666],[0.4736002182895543,51.377271737448766],[0.4779473268978934,51.38059737840664],[0.4888452625413246,51.38279456075136],[0.4918471080230928,51.39042918382371],[0.5024011821593388,51.39680543134165],[0.5093982106822259,51.39593626574614],[0.5128313513933179,51.39037661118849],[0.5180850590998991,51.38657643054632],[0.520237016766608,51.3969626657547],[0.5279817920585872,51.40965655450825],[0.5343668686991476,51.413295886965074],[0.5638723719202988,51.41112496434631],[0.5718480600089935,51.412299181323405],[0.5772060820373115,51.415509067566106],[0.5922434653748055,51.41436787077637],[0.5959461705464818,51.41600366580575],[0.6061743059643946,51.41654103576819],[0.6206003051762159,51.42206511058858],[0.6303033645178624,51.42194659590185],[0.6374914855334395,51.4158761298939],[0.6376788828155362,51.421627879404376],[0.6313482308416395,51.42410859811927],[0.6293979842331839,51.422713395215986],[0.6222443695619281,51.422891716320606],[0.6220459024379221,51.42746494177879],[0.6168887121006013,51.42785005492675],[0.6100337574838955,51.42116779035937],[0.6046670762677501,51.420387863185425],[0.6147636656671289,51.43044270345631],[0.6474203502622169,51.423170916485326],[0.6400412235951795,51.426674095478106],[0.6329865984047658,51.42683285035938],[0.6160882139728315,51.43146539316406],[0.6199736192818602,51.4365049573759],[0.6275837970394103,51.43120815235985],[0.6314446121940667,51.43579821404096],[0.6252393992406126,51.435487727290614],[0.6288490325166295,51.44071305661492],[0.6333364511883464,51.44367013887134],[0.6383813233751416,51.441308236165085],[0.6510289463533787,51.441022766027835],[0.6485927055506652,51.44368603099573],[0.6547826684970256,51.44867235677396],[0.6611728173243512,51.447178352623226],[0.6625344323388314,51.44337006364927],[0.6669143073152737,51.44443964086888],[0.6689834847747449,51.44043528936309],[0.6749953303774213,51.437420196856486],[0.6727316645242983,51.433154861794556],[0.7000278466352781,51.432439054718145],[0.7152750438035071,51.43721315105748],[0.7228929576057234,51.444321346874744],[0.7216046440470686,51.45323330665858],[0.9023746284315511,51.42564900404863],[0.8497188339697933,51.55416081618121],[0.8401007153625989,51.547127806588826],[0.8084360479928494,51.53421981774992],[0.7855596232296213,51.52091505212884],[0.7786551201401425,51.521168835386206],[0.7502850829480551,51.52885291581679],[0.7307134271504319,51.52949024155374],[0.7154399198537479,51.53209337999089],[0.7223997908854253,51.513404939968346],[0.7199795505172714,51.51391080267976],[0.7137012213025096,51.53195375896146],[0.6935886067473598,51.53322693931532],[0.6452356683211297,51.539903708738485],[0.6274313392835735,51.53877507258983],[0.6101988680342089,51.535022891421384],[0.5758153621753337,51.539020830079764],[0.544696278657936,51.547344604574235],[0.5416296235943647,51.544083548067064],[0.541243057545129,51.53455892174351],[0.5335639360548066,51.53130758837525],[0.5228220292850547,51.532618382853556],[0.5167534534569261,51.52978096827547],[0.5056937213997359,51.530557410939245],[0.5176478160132439,51.5250852139219],[0.5192676396462135,51.51708228291757],[0.5272748615649966,51.51408603844113],[0.5394968593629604,51.513552156971976],[0.539555866401983,51.51202199587871],[0.5325805202219953,51.508395635915505],[0.5224396387147932,51.507445105899265],[0.5195010505952933,51.50903716988807],[0.5070185270904598,51.50480804941172],[0.49328368093159564,51.50662981115084],[0.4917755893208118,51.50540280096962],[0.4665982393327162,51.503506987171185],[0.4591194032915127,51.50645201743427],[0.44665215411711445,51.49969806661595],[0.44296481130508486,51.50133979155164],[0.43570576020187723,51.500321694442874],[0.42745348209319667,51.50853282588732],[0.4313663700947742,51.502174447069734],[0.43525293372377843,51.49939579927729],[0.442511827788755,51.50041392665274],[0.44517919541451734,51.4990992647336],[0.43955637411401904,51.490942565004886],[0.4384295035480769,51.477925709384884],[0.43337284698966316,51.46139314436903],[0.4278944864178293,51.45853895822721],[0.4155052137975377,51.4556472907019],[0.39201298740688767,51.4523519273798],[0.3593962706003175,51.45067483913353],[0.35452146478259267,51.45104267102911],[0.34535596536392443,51.45194590118057],[0.3566313049851932,51.45567674540648],[0.3496127545448772,51.456357249447315],[0.344784354122151,51.454835166426086],[0.3362480487979931,51.465257869729406],[0.3340538782757543,51.46458212716947],[0.34386172465400033,51.453684503488546],[0.3380961230122723,51.45352986689242],[0.33357196032280945,51.46360247233803],[0.32133460781917106,51.472119169354976],[0.31493387111303167,51.4736846498102],[0.30237715125009623,51.47312256312829],[0.2908590376241591,51.4702905620245],[0.2815366705931579,51.46237858016836],[0.2783276760891648,51.46154168660221],[0.24530948124731294,51.47225102946433],[0.22559747469753852,51.484407769671925],[0.2149962391649961,51.488565450038905],[0.20840639192392266,51.489319268681385],[0.18626158043400257,51.487126332327925],[0.18253032270605205,51.49043330819927],[0.18112058870787937,51.49711431153457],[0.17589178601804406,51.50530508271724],[0.1626091438497504,51.51085660165884],[0.1437157678958403,51.513631569599525],[0.12666956550123737,51.518977913571796],[0.12046824915156204,51.518910343969026],[0.10901026881862805,51.51426083344976],[0.09978952745029801,51.51433636244603],[0.09529993103466083,51.51669183711574],[0.08265685098447914,51.51158431943798],[0.07217830343611517,51.499809547536316],[0.06459860295718492,51.49787490571301],[0.04203257721756453,51.49907939082063],[0.021529396918983534,51.498085727402994],[0.016278001994858092,51.49988475380441],[0.006635997966894702,51.50670473497782],[-0.0008438641832137346,51.50701233500533],[-0.0068849659319331945,51.503967723941436],[-0.009357154484517453,51.50014286298749],[-0.004793805831670462,51.48883343716037],[-0.012729808374661668,51.48554198773229],[-0.019486719752730343,51.48583616458736],[-0.025014609284979165,51.48790779262657],[-0.028948520502581412,51.49354944045189],[-0.029483392512934,51.50452947117885],[-0.0390896107637135,51.509006951945906],[-0.050690663801300676,51.50731189786968],[-0.061280040484842466,51.50227171405505],[-0.08866880999783648,51.50852150434873],[-0.1099690106493889,51.509882855226095],[-0.11849517222890216,51.50895882510877],[-0.12246626701782545,51.5066574270914],[-0.126699875803651,51.490565526656106],[-0.12977294345978763,51.48692763137252],[-0.13412878524372415,51.48501866054864],[-0.1505559228615466,51.485899383892054],[-0.17488333471301096,51.48192817064221],[-0.17976861770321007,51.47823624565324],[-0.18570725841222793,51.46757323950939],[-0.19216973729135847,51.46434583202229],[-0.20667327693935428,51.46528796880944],[-0.2190125897653641,51.470062219481704],[-0.22452776860583173,51.47635066557928],[-0.22733159355031216,51.485745239118],[-0.23454451239353094,51.48918125344639],[-0.24131060637082116,51.48928291873296],[-0.24861882438462576,51.48651471585565],[-0.25176555628920194,51.483324397234625],[-0.25533355736814317,51.47285639462864],[-0.26029144057735437,51.47122149676508],[-0.2673223514713117,51.47186514904449],[-0.27212012340361563,51.47445382405292],[-0.2768794688842695,51.48189763195171],[-0.2830609246473885,51.486034876039696],[-0.2941419899176635,51.48628651278253],[-0.30852134186087654,51.47525433653307],[-0.3222313295271011,51.47050549873336],[-0.3240405463641563,51.468283279706824],[-0.32136551296745414,51.46231903752865],[-0.30694249635505316,51.45527743294637],[-0.30554116983788515,51.45075199051894],[-0.313160174585249,51.44708505027138],[-0.32847183260774576,51.44551487613945],[-0.33239832683751475,51.44043613570052],[-0.3283214056823992,51.43231148237605],[-0.3273063726128338,51.43332092695383],[-0.31622610802269474,51.42982866376538],[-0.30443759702892204,51.42463851888086],[-0.3052418675749059,51.42246923608029],[-0.3017641119233398,51.41863315787603],[-0.303477958324838,51.413226257953866],[-0.3026239422917033,51.40963389322861],[-0.3007743268866464,51.4045045585282],[-0.30494774352048326,51.405511433658596],[-0.3126434372433105,51.39484133326069],[-0.32489091650897434,51.39055131605408],[-0.32529780010588744,51.38902002467249],[-0.3385103378122074,51.39438794866315],[-0.3426997745076579,51.40231119374458],[-0.3527795704327554,51.39816937974971],[-0.3595630113975246,51.399787052472256],[-0.35994437228229237,51.40174666447257],[-0.373941612845232,51.4078209069975],[-0.3802192603506679,51.40723431964468],[-0.3918745525200777,51.40883503973098],[-0.4019406135001025,51.4053514272114],[-0.4001488696526068,51.40364005679923],[-0.4142941048908386,51.39838273315966],[-0.415840446813799,51.395047327058215],[-0.42657069099612643,51.38712668368156],[-0.42951996229204165,51.38205893691402],[-0.43754225786847184,51.377248622860634],[-0.4426891370311067,51.37608775116974],[-0.4530004844112292,51.378071367537025],[-0.45555406345696436,51.37701096553192],[-0.45745981160683613,51.37233466567194],[-0.448198493122766,51.369366284774834],[-0.4461509449632639,51.36666031462528],[-0.44616700976439916,51.35829040064069],[-0.4403151167048162,51.34950753069873],[-0.4426338952548333,51.34418114097173],[-0.4375523921302416,51.33641324750955],[-0.43848953467963186,51.332407918008556],[-0.4456105278148236,51.32731246075568],[-0.4455590890844439,51.32095024447319],[-0.43830281351631245,51.31432517944176],[-0.4376999854025332,51.30845763796157],[-0.41937249483883504,51.28996409104946],[-0.42386742714075865,51.27562763149989],[-0.41895959058058485,51.27087364021739],[-0.4176097439378571,51.255789251951285],[-0.41459965633403045,51.25022347812037],[-0.4155483622783557,51.24588390828627],[-0.41941382098992125,51.24208553916146],[-0.41978044461818625,51.23137624922825],[-0.4055036774960145,51.22013381598889],[-0.40042956192253043,51.220399097665705],[-0.39394801768885895,51.215121320107485],[-0.382520386843144,51.214126050840406],[-0.3723666049394417,51.20728840822693],[-0.3633520738733438,51.19092452940131],[-0.35788451970657836,51.18486774997651],[-0.35210901284621443,51.184157050013326],[-0.34101734193521965,51.17824492564165],[-0.34182583608668693,51.17564848627922],[-0.33592387514854843,51.172686992582975],[-0.3348183631285754,51.16763530360314],[-0.33110132474614684,51.16758233159339],[-0.3253866081420207,51.15949706776107],[-0.334212150261522,51.152698630779554],[-0.3279855284562187,51.150901150261745],[-0.3285084292434637,51.148300707398114],[-0.3213377872784027,51.14496059117064],[-0.3185264765508324,51.13970436108885],[-0.30914268332189176,51.138310059611385],[-0.30162767547671415,51.140539315761686],[-0.29825993153945524,51.134914784935546],[-0.2874466008232314,51.13358785826376],[-0.28088598614783783,51.12935486902514],[-0.281431273776068,51.126215371162274],[-0.27858551559562766,51.12203677847714],[-0.29019685468338435,51.117171115589606],[-0.29473576364140197,51.110312865014734],[-0.3029962486127199,51.10710567592116],[-0.3035594836169664,51.10342675893987],[-0.27780985214597875,51.1006228802406],[-0.26674069373085,51.10252700393046],[-0.25921750310165237,51.097469104280215],[-0.2575738644455215,51.088002003382286],[-0.24781841780143302,51.08165103524152],[-0.2400482936166178,51.08324296860007],[-0.23052543070301473,51.08210997511454],[-0.2240354865054116,51.08381015651542],[-0.20797342102843994,51.0819462781358],[-0.20710638422954858,51.07482848228637],[-0.20288555939526814,51.07323484522593],[-0.20209590859529014,51.06782686872944],[-0.19446448718721474,51.058536302418695],[-0.1919419804810736,51.061015359416814],[-0.17910042794992476,51.0645930883743],[-0.17396208626414159,51.06460285177469],[-0.1677713981187649,51.06234762134157],[-0.16291532221797297,51.06604849503088],[-0.16495891304835472,51.068508735261425],[-0.16173547897501292,51.07421366267832],[-0.1558399043992111,51.075289894603614],[-0.152023765024795,51.074330312126996],[-0.1491661741191723,51.077972269169905],[-0.13520416780434216,51.08080801081023],[-0.13372836065728552,51.08555080468819],[-0.13083824389533272,51.0864039367141],[-0.1325572803422567,51.09335610008544],[-0.13051210439907615,51.09449251344092],[-0.12025075673497602,51.09396823617806],[-0.11436637409361713,51.094682846354665],[-0.10457992438904753,51.10001038025522],[-0.10001972778460991,51.09975649158482],[-0.08803184819364064,51.10297843212299],[-0.0835368557707441,51.097688809105385],[-0.0705631033043656,51.09369826835739],[-0.07294740987685167,51.0913094445762],[-0.0658526004651245,51.079950792220735],[-0.057690230732489384,51.08053489413548],[-0.04808413554401582,51.074709146431495],[-0.0390969631745033,51.07455870995276],[-0.034037647410553186,51.072675080112944],[-0.028690990947088376,51.074203795072236],[-0.020467126031835127,51.072895673915646],[-0.010589898040747765,51.07353735608646],[-0.00590156725007201,51.07633530220484],[0.002541331021680818,51.07349296609373],[0.004704321954488937,51.07399547241771],[0.014799235895978296,51.0697749090336],[0.02224357395138393,51.07027586447754],[0.02438847404091759,51.0670910735812],[0.016208843352109144,51.05466937493862],[0.016294878446442534,51.051909729936035],[0.03342703939085628,51.045350155338255],[0.0381398489123606,51.042210304557585],[0.04433276858096213,51.04030344208587],[0.05396134447990177,51.03545801877583],[0.05901343487884956,51.036808046546746],[0.06259773283876255,51.04043210754298],[0.06555907610402247,51.03966032178275],[0.07564101098866882,51.04181993759147],[0.08658158855371419,51.03766796549374],[0.09272162338957435,51.040975642692416],[0.09960001125949436,51.04166166761739],[0.10355454910550725,51.037633415867525],[0.11408103061332743,51.03699374610113],[0.1168618800986596,51.03541450647004],[0.12578169761379654,51.04019895807549],[0.13489135588338527,51.039763053288446],[0.1505071714292446,51.050448724418736],[0.1569701921170095,51.04214551401437],[0.16681764268241472,51.03611751505671],[0.18477453484549167,51.03578309409034],[0.18671340504319142,51.03151985214954],[0.1918069020825587,51.033672791485465],[0.19919593925092782,51.03308425305972],[0.20773062619105676,51.029595655950864],[0.2182835913750516,51.02957561954796],[0.2231675754376607,51.02732431318799],[0.22646700238096443,51.02177536433603],[0.22542810538883454,51.01199212428801],[0.22416822906765116,51.009497905657945],[0.2191145620591574,51.008155047777315],[0.22050527299128972,51.00444123045488],[0.21740091638272324,50.9961361293498],[0.21405752368982262,50.99476057689785],[0.21128100007059655,50.99031636222852],[0.21608310621680304,50.98941591171584],[0.22194391601513505,50.98085051521638],[0.21835308983860885,50.974263471812726],[0.2254519818125791,50.97376865069612],[0.23321913269707353,50.97532916607395],[0.23734178945594162,50.96922447532898],[0.24399544390585523,50.96837730116787],[0.2538297585796506,50.97439355713973],[0.262312086652717,50.97306034557041],[0.2669536477265109,50.97476907297135],[0.2710282771157348,50.97361065025583],[0.27809882252340484,50.96672761116503],[0.2964012784575858,50.965289833339874],[0.30190173205998594,50.96131419428179],[0.31129624672660744,50.96121853831684],[0.31840627713781583,50.96386565377625],[0.32628280670158477,50.959032200161474],[0.3259417680574893,50.95220368419427],[0.32913997969033126,50.947822879273666],[0.3421979760064459,50.947022006837976],[0.34523400252427167,50.94228423453185],[0.3496470895603264,50.94228543208426],[0.35855302594731836,50.93823846308716],[0.3632318842448476,50.93787401782093],[0.368474233226338,50.94019612488716],[0.3665830251548344,50.94500124810384],[0.3677011595606281,50.9501950347718],[0.37486778064732024,50.95112872575576],[0.3954999711867586,50.948098957531556],[0.41132471945268156,50.94300636270486],[0.41542793258725075,50.939773643820004],[0.4271384762013858,50.94323403137856],[0.4351917211755303,50.94206121079711],[0.4345599634160393,50.935418830478],[0.43780087304184195,50.92662699870391],[0.44398971235603274,50.925238409710026],[0.4457637869388111,50.918365782119594],[0.4667034997889406,50.91612627956528],[0.48374615117517417,50.92089145588549],[0.48474288574574986,50.915563725241086],[0.491506837803026,50.91434022746279],[0.49179210860013217,50.90902761158663],[0.502307081113738,50.90880261996966],[0.5109910921368745,50.90627761313456],[0.5119391249344015,50.90274949243499],[0.5156346466992476,50.900061578397946],[0.5260550080146416,50.89812757532778],[0.5289019135182752,50.89554754019896],[0.5356373144262927,50.893872357950436],[0.5407997966830566,50.89465948780084],[0.5451933744764813,50.891775529964235],[0.5493516980627823,50.89240427789205],[0.558289443617191,50.88942044483733],[0.5593173259919041,50.88741917123687],[0.5671828393857588,50.88823574213521],[0.5736301049119242,50.88395634888083],[0.592188293122134,50.88273601836139],[0.5923276613009615,50.88012457725686],[0.5968336731483443,50.87678641957206],[0.6072853466096725,50.875563933140135],[0.6187746954996777,50.877645120898585],[0.6249463107405001,50.876157271064955],[0.6252825261606888,50.86949388656542],[0.6211118976812184,50.86356145320288],[0.6231739528138381,50.86127993762851]],[[0.6194155455667442,51.52074248603482],[0.6371600207929117,51.522458212034906],[0.6317798833054837,51.51916154108441],[0.6259797205732616,51.518572104776744],[0.6232488824067153,51.51620497464942],[0.6143179784913928,51.51379632542412],[0.5894821825959106,51.51048027274901],[0.5841443667505943,51.51293635552774],[0.5797259835858576,51.50871677788521],[0.5720008275313455,51.50717774144076],[0.5537020404190339,51.50982611118974],[0.5464647504560992,51.51650376737457],[0.5388388579384676,51.51986180338466],[0.526659683523388,51.51859599926868],[0.5195246366559806,51.5277429170999],[0.5214165746679086,51.530670067287566],[0.5325901092617875,51.52935007680092],[0.5428912767878615,51.53308424737009],[0.5443416731933295,51.54357507150842],[0.5474521734160553,51.54503642599436],[0.5740209860100882,51.53789108046826],[0.5972367478820262,51.5353106983901],[0.607396196972223,51.52887971811694],[0.6233140801569073,51.52862361037809],[0.6278555165270794,51.52636346743451],[0.6307902890241689,51.523500660767695],[0.6194155455667442,51.52074248603482]],[[0.534384683216082,51.51752994017941],[0.5400837029665164,51.516327407619386],[0.5312665325767896,51.515888548383096],[0.534384683216082,51.51752994017941]],[[0.6392838474846015,51.53300485094885],[0.6341971289744451,51.531068700432506],[0.6170088379745411,51.533072404269355],[0.610696789893855,51.53440024800107],[0.6283399287168275,51.53777441572787],[0.6374339110815912,51.536922698370326],[0.6382294773690109,51.535717652572174],[0.6392838474846015,51.53300485094885]]]]},"properties":{"name":"Kent and South London","short_name":"KSL","region":"Worthing"}},{"type":"Feature","geometry":{"type":"MultiPolygon","coordinates":[[[[0.5312665325767896,51.515888548383096],[0.5400837029665164,51.516327407619386],[0.534384683216082,51.51752994017941],[0.5312665325767896,51.515888548383096]]],[[[0.6382294773690109,51.535717652572174],[0.6374339110815912,51.536922698370326],[0.6283399287168275,51.53777441572787],[0.6106782817908812,51.534076893461084],[0.6315894514259165,51.530857445602436],[0.6392838474846015,51.53300485094885],[0.6382294773690109,51.535717652572174]]],[[[0.6278555165270794,51.52636346743451],[0.6233140801569073,51.52862361037809],[0.607396196972223,51.52887971811694],[0.5972367478820262,51.5353106983901],[0.5740209860100882,51.53789108046826],[0.5460165770875303,51.54515753438766],[0.5428912767878615,51.53308424737009],[0.5325901092617875,51.52935007680092],[0.5214165746679086,51.530670067287566],[0.5195246366559806,51.5277429170999],[0.526659683523388,51.51859599926868],[0.5388388579384676,51.51986180338466],[0.5464647504560992,51.51650376737457],[0.5537020404190339,51.50982611118974],[0.5720008275313455,51.50717774144076],[0.5797259835858576,51.50871677788521],[0.5841443667505943,51.51293635552774],[0.5894821825959106,51.51048027274901],[0.6176701440985503,51.51444101456697],[0.6371288749679601,51.52191929810319],[0.6296976995569976,51.52255386557095],[0.6247632457836562,51.520730816718896],[0.6194155455667442,51.52074248603482],[0.6306423651444458,51.523935670612914],[0.6278555165270794,51.52636346743451]]],[[[0.832567143848289,51.56053101655353],[0.8371788924493162,51.5627579413555],[0.8329412720500246,51.56654786381388],[0.8312867619322393,51.57243381835169],[0.8253153214605535,51.56691170050384],[0.8260406212244246,51.5646457649811],[0.832567143848289,51.56053101655353]]],[[[0.8220394652592523,51.56528174222134],[0.8222453250212389,51.568604507252616],[0.8288098434748286,51.57438229140644],[0.8351673172100299,51.58376225894554],[0.8346572240197856,51.59411749251011],[0.8243540554508205,51.595625143792994],[0.8177487743016629,51.593895291609],[0.8077450245141602,51.586220628952134],[0.8081612662774644,51.57892569390233],[0.8149354852495472,51.57642492342251],[0.818670140559719,51.56680178109382],[0.8220394652592523,51.56528174222134]]],[[[0.7924780536343576,51.62211033510188],[0.7837290749198549,51.621751621024984],[0.7826864199369974,51.61793604151085],[0.7850125950439165,51.61440028425196],[0.7911901719190501,51.61360593784929],[0.796474738475141,51.61520689773997],[0.8011556150460004,51.60981591064742],[0.8158867095209922,51.60347341725114],[0.8196241394755206,51.59852700349504],[0.8527754852933348,51.595207224940886],[0.8628314187303651,51.596671077372434],[0.8654041975108767,51.600835382033075],[0.8637187496833056,51.61535665318431],[0.8434078605415215,51.61630033966857],[0.8345649817720616,51.61813319519644],[0.8288941842021958,51.61755055572621],[0.8063506118289234,51.622139111257276],[0.7924780536343576,51.62211033510188]]],[[[0.9572008633698348,51.619962960760354],[0.9382402044124605,51.619450004732116],[0.9267574352861889,51.616139430099594],[0.89984337766848,51.61321018263354],[0.8874260055651652,51.615585044758696],[0.8725314676191909,51.61307262648962],[0.8703239671029444,51.60098492564241],[0.8660402406829026,51.59488388612482],[0.8573474469168979,51.59212797395],[0.8377508285864638,51.59278355955317],[0.8368284203718888,51.58956809070596],[0.8394372590488302,51.58509798721942],[0.8331613823029783,51.57472694963913],[0.8353443088087531,51.57269555221018],[0.8355964749571007,51.56747302039394],[0.8433727857976735,51.56026952384082],[0.8501197885226035,51.55740757470859],[0.861938599295837,51.5572096721844],[0.8678706207055912,51.559762928196214],[0.8703315032892908,51.5644695013974],[0.8751178765193555,51.567140373957926],[0.8982599078480182,51.57475525305873],[0.9112224656968209,51.581089753651675],[0.9479145114190495,51.605986129360424],[0.9572008633698348,51.619962960760354]]],[[[0.7531457249540419,51.64066732333281],[0.7465549230029713,51.641631180128414],[0.7396570059714167,51.63990375269218],[0.7305437717967378,51.6409885202721],[0.7242708367332172,51.64027091836936],[0.7194162118516945,51.637406636921526],[0.7299996992568939,51.63554206877553],[0.73105997402257,51.6387550922717],[0.7415910441886899,51.63841961013728],[0.7531457249540419,51.64066732333281]]],[[[0.778039453090509,51.726239561648896],[0.7645906728846517,51.72655692015737],[0.7549752140130344,51.72561371664224],[0.7556571101425351,51.722539917574814],[0.7715939063196805,51.717937904783795],[0.7864010543945809,51.72091512536263],[0.778039453090509,51.726239561648896]]],[[[0.7258310515768092,51.72260644029547],[0.723268318635968,51.728151913405],[0.7188658955782535,51.729602930975446],[0.7083545140813234,51.71851404758282],[0.7256406393670431,51.71703489915273],[0.731266419155537,51.721490873128644],[0.7258310515768092,51.72260644029547]]],[[[1.0297332315938308,51.786921798015946],[1.0327463568196225,51.7773644000137],[1.0312129565554984,51.775254415391366],[1.0370100522119183,51.77112034246765],[1.042306620860376,51.76990400177178],[1.0340272563821988,51.77830267500348],[1.0339749604399409,51.78789160897696],[1.0297332315938308,51.786921798015946]]],[[[0.9747745967470992,51.80416440271672],[0.9766256335563394,51.8058353508369],[0.965853004565957,51.80859004121603],[0.9445637988904294,51.80718277834621],[0.9377074461594089,51.80326222022112],[0.9338772671970844,51.80303413880397],[0.9307274317940423,51.80009983148261],[0.9248329839956972,51.80024670111234],[0.9189939190730463,51.79316992160424],[0.9107238912497013,51.79154935564603],[0.9013850081671194,51.786824796054695],[0.897807358990326,51.77829710440653],[0.8995146973968787,51.77394698177991],[0.9271686720769595,51.772712566247776],[0.9464850334438436,51.77525158840065],[0.9893195613420562,51.78763327152458],[1.0037114624601404,51.795135873120266],[1.0045850648867247,51.79780271473398],[0.9991363416981007,51.802034144650264],[0.9915968904741405,51.80362938847589],[0.9747745967470992,51.80416440271672]]],[[[1.2564832304194988,51.87123033000237],[1.2550089262528579,51.867718399932095],[1.2643824715179153,51.86735052678645],[1.2656366232686216,51.87022086934125],[1.2564832304194988,51.87123033000237]]],[[[1.2570991929722544,51.88456984992898],[1.247338789793224,51.88204262708027],[1.2301623834891922,51.88024926719686],[1.2285282681416887,51.87448385476411],[1.2323269353097281,51.87416360397379],[1.2358543532765227,51.86986622385418],[1.246354488421634,51.86838946069731],[1.2479983876568186,51.87426231238567],[1.2584227256452225,51.876348329995565],[1.260243232074565,51.882225123785425],[1.2570991929722544,51.88456984992898]]],[[[1.2700700229286466,51.88345424806585],[1.2629302361469819,51.88581127199849],[1.2624748347104733,51.88293672793294],[1.2666217899966852,51.8814004637843],[1.2711604654659585,51.87685802747236],[1.2783574415808638,51.88010238434256],[1.2700700229286466,51.88345424806585]]],[[[1.235310563461767,51.89142250341368],[1.2311167624303758,51.88625819751035],[1.242379199773023,51.88562433390496],[1.235310563461767,51.89142250341368]]],[[[1.2336967087042237,51.895667224900485],[1.2408239569386534,51.88824857734151],[1.245316400555527,51.894915347137555],[1.2336967087042237,51.895667224900485]]],[[[0.5730103989081833,52.20195951723434],[0.5597034060405198,52.20215913537697],[0.5558597817820814,52.20404100870208],[0.550796977405118,52.20253194034087],[0.5482239743988834,52.19593302867271],[0.5479436816341575,52.18847523316007],[0.5465436060213797,52.18445880038179],[0.5413016440332874,52.177197942550464],[0.53093029585789,52.17229521884761],[0.5262684772934966,52.159715624299174],[0.5215127185314118,52.155770758330036],[0.5211788350651865,52.15245063526681],[0.5246259124554409,52.14877982405458],[0.5228611404935084,52.14342203320375],[0.5104915017684799,52.13918980323618],[0.5004141437161773,52.141921908888975],[0.486767418727813,52.140951612369065],[0.4849177766547142,52.14710554379523],[0.48972955238626725,52.15212978945658],[0.4879736605657936,52.1652060422905],[0.48068552664889,52.16562937451377],[0.4738223880079123,52.17107914213794],[0.46441137393602905,52.172804922739886],[0.45482351841562924,52.179299632156166],[0.43914161447178474,52.18142351159736],[0.43631862212561917,52.1859780766693],[0.4324847771483489,52.18542774404278],[0.42717563990559754,52.187335599336],[0.4246966371345576,52.190174234466475],[0.41899170298568295,52.18750373978052],[0.41300470638211323,52.187716316180904],[0.4104182084669621,52.18588080710201],[0.40215695639430393,52.18461058165952],[0.39493134963489873,52.17810318567684],[0.3855559492540016,52.17784359849027],[0.3808366420158615,52.17164431742545],[0.3769280225850439,52.169654935190536],[0.3796746565388291,52.16357465485777],[0.3747443705581383,52.161605809159504],[0.36651209889293473,52.15250920077417],[0.3538832535613526,52.14035257432876],[0.35701449282743153,52.13876131408005],[0.35705506525808056,52.133994554561546],[0.3687865262061647,52.12926321785843],[0.36889734184034856,52.12584388450223],[0.37477865126618115,52.12104949680713],[0.37656610589277356,52.113459845986675],[0.3699300359448203,52.10675923544187],[0.3696489982906785,52.10145936057729],[0.3670646052176076,52.09953296506329],[0.3674465978405693,52.09296081407915],[0.3613473417849004,52.08804744285371],[0.36913439765325357,52.083484845392235],[0.366457735913844,52.07427641479855],[0.3750211378073983,52.067899305994096],[0.3813435548608865,52.06606311224825],[0.3838135678931806,52.057650141899025],[0.38209344986033006,52.052739062223374],[0.3686946477846153,52.04761375391426],[0.36242628956995016,52.03937662630456],[0.35159985938206323,52.03869402448649],[0.34817926270163446,52.040201061056045],[0.3371091173364444,52.03484591032783],[0.32468307565351423,52.031404917272916],[0.3247366764432265,52.02681771385138],[0.31415862148705187,52.025227548483684],[0.3070206739500045,52.022490010394584],[0.29274387964345877,52.028344095188686],[0.2847265290639094,52.01977727528805],[0.2788245052456002,52.01836291939861],[0.2776724681887384,52.01289984904095],[0.27365942476085864,52.00848120264525],[0.2810327530343889,52.00447187643213],[0.27596400031470075,51.99072164494702],[0.2792191202732134,51.98598261666292],[0.27794529906070264,51.98097150867595],[0.2877603489818039,51.97925247417866],[0.2893961155573898,51.97706248692497],[0.2868260819883642,51.97234643681223],[0.2908804881194332,51.97190790869722],[0.295487571896772,51.96804132450271],[0.2888546816607966,51.963584320181255],[0.27715671041787404,51.96255225480696],[0.28165854705142784,51.953742386002524],[0.2860332627194531,51.95104968133349],[0.2774915427879025,51.94905707975627],[0.2743747988856393,51.94498081132127],[0.2684648515591767,51.94320645111637],[0.2732163754836334,51.939337931550554],[0.2758459756019797,51.933801692758074],[0.27081395118286206,51.93210040160401],[0.2693700073969972,51.92943050997852],[0.27485117387186875,51.928515356102594],[0.2751733245080215,51.92050580138079],[0.2723584734603858,51.91660349141474],[0.2751957803776287,51.912322180862276],[0.27471454109848675,51.90855462738337],[0.28012064542853776,51.90907947036477],[0.2861253612306259,51.90707450695846],[0.2952167301961836,51.897185536669504],[0.2994278564193222,51.8971033027527],[0.29776028466936316,51.89290937505914],[0.3023652583298609,51.892010006862975],[0.3082374694515065,51.89315389471421],[0.3143978262981213,51.89141419022006],[0.3275780543129249,51.879283868385556],[0.3253651239509342,51.875820508934105],[0.32806834195728884,51.871900196823674],[0.33432273053479583,51.87204601210928],[0.3367626634607835,51.868670275572],[0.3355039862905645,51.86680681679747],[0.3444682952350277,51.863211242286546],[0.3415014966858137,51.85922364002391],[0.3452832482415412,51.856540402185985],[0.35259770755346487,51.85477561501152],[0.3537576934539261,51.849176920469695],[0.35175478214242195,51.844181072525565],[0.34635595032362626,51.84087169443893],[0.343595802510145,51.84083681302519],[0.34186578141858953,51.835475653684945],[0.327015998940448,51.83181369805782],[0.3088134206267916,51.82497840486593],[0.3046330147139638,51.81984467122714],[0.3073210798397731,51.81565530964601],[0.30614218323879955,51.80677567383437],[0.31246580706415716,51.8027845795307],[0.31158742646810955,51.79695659000885],[0.3183968938725108,51.791894141324974],[0.32804776955084564,51.79026319145768],[0.33198619289043857,51.78519025542961],[0.33023622630058336,51.776176628782615],[0.33481013630684126,51.77491678393351],[0.3313556117519444,51.7697695527809],[0.33245618347883205,51.7630031194652],[0.3256687557416383,51.757831905629445],[0.3345059645229949,51.75217104681878],[0.33820140326994846,51.74517309034776],[0.33614389974629566,51.74179674585381],[0.33775517196080374,51.73933663032963],[0.33501270296798186,51.73390554154667],[0.3247077955237719,51.733480415238446],[0.32602084991144564,51.73084650479922],[0.32032733871627134,51.724304409983574],[0.3210683947391046,51.718983998604116],[0.3170092545774586,51.71321879520143],[0.3175761746222883,51.71015004493168],[0.29919211637807874,51.69873075560561],[0.29595496488802187,51.69195953383734],[0.3006692998558133,51.68791042078654],[0.30273115402010126,51.682923939571296],[0.2990895898133191,51.67957800898464],[0.2989257536774993,51.67634378834889],[0.2882134275277848,51.670437892367545],[0.27533194912683084,51.66736086947557],[0.2722895157361766,51.664362224655896],[0.2720377794395858,51.659331106722014],[0.264067119059169,51.65606780611767],[0.2605942636782528,51.65019945641625],[0.2671167187847871,51.647645611483334],[0.27172071495012523,51.64431918078677],[0.2698091523404568,51.63788129603425],[0.2778271102312367,51.636377052531294],[0.28049846854666016,51.6291308738853],[0.2919115508786228,51.629088433206306],[0.2951319184337287,51.62704706595287],[0.30353914678245225,51.624724065978306],[0.3090572297312672,51.619579589285976],[0.3166925578687728,51.61915932518955],[0.3220574567921479,51.616715140828916],[0.31077476262431214,51.61073269017063],[0.312344636581162,51.604676480922166],[0.3067406698953522,51.605236418408104],[0.30385130117533204,51.596659933311635],[0.2918789516997781,51.59977212274159],[0.2831196661475908,51.592119012577754],[0.2717308321612859,51.58667450659104],[0.2702402237768684,51.58283639405446],[0.26430526059032655,51.58250143160125],[0.266307434091319,51.57922531924816],[0.2581776962010186,51.57245751303008],[0.2569236570158807,51.56753552828797],[0.2526516856815468,51.56285137631674],[0.24596130910150973,51.558842903860864],[0.25301914522257096,51.55277221902082],[0.2559592687394385,51.55388479670004],[0.26629118644557276,51.55278634513315],[0.26633703018846866,51.55080700522164],[0.27602486197893705,51.545493424270795],[0.2810958611650211,51.53730120886573],[0.28676847976998915,51.54114767457347],[0.3008172864734934,51.545189585097646],[0.29996544132075603,51.542598312482546],[0.30498883325784387,51.53926220595861],[0.2999355654033174,51.533425998409214],[0.2967372737759755,51.5243157664746],[0.3011602416478325,51.52054190699245],[0.30630372945815415,51.51963148845289],[0.30539311141257,51.51587230310593],[0.29943499617596847,51.51491011750989],[0.2981647320198547,51.50971903852982],[0.29040350398415893,51.51014069339832],[0.28841910455319414,51.50505338245772],[0.28462213695784616,51.50404825673],[0.26939353185229176,51.50497350434233],[0.26827189390382966,51.50850248180146],[0.2721940792654199,51.512023760425244],[0.26728515451648593,51.51184898577637],[0.26534335230588435,51.50756986117374],[0.24627059145686755,51.50362013115766],[0.24976341957117043,51.50139484423171],[0.24898410333058146,51.497273006077926],[0.2539000285909942,51.491782792266626],[0.2458402420775065,51.49193745417337],[0.23301225089836852,51.48885505759661],[0.22640901573732083,51.486372664990334],[0.22702640575863214,51.48547484221924],[0.22555820228197082,51.484421950732305],[0.24530948124731294,51.47225102946433],[0.2794648552213521,51.46124978428779],[0.2898205727668656,51.469681333986095],[0.29729687396697224,51.47232292106025],[0.3120611890955894,51.473831275251065],[0.31807603189403866,51.47317289927625],[0.33357196032280945,51.46360247233803],[0.3380961230122723,51.45352986689242],[0.34386172465400033,51.453684503488546],[0.3340538782757543,51.46458212716947],[0.3362480487979931,51.465257869729406],[0.344784354122151,51.454835166426086],[0.3496127545448772,51.456357249447315],[0.3566313049851932,51.45567674540648],[0.34535596536392443,51.45194590118057],[0.35452146478259267,51.45104267102911],[0.3593962706003175,51.45067483913353],[0.40054345747940234,51.45307684106587],[0.4278944864178293,51.45853895822721],[0.43232317771117257,51.46060553270161],[0.43768637694820384,51.474793503800115],[0.43955637411401904,51.490942565004886],[0.44517919541451734,51.4990992647336],[0.442511827788755,51.50041392665274],[0.43525293372377843,51.49939579927729],[0.4313663700947742,51.502174447069734],[0.42745348209319667,51.50853282588732],[0.43066835940954507,51.506928374916434],[0.4318191477235435,51.50310035752055],[0.43570576020187723,51.500321694442874],[0.44296481130508486,51.50133979155164],[0.44665215411711445,51.49969806661595],[0.4591194032915127,51.50645201743427],[0.4665982393327162,51.503506987171185],[0.4917755893208118,51.50540280096962],[0.49328368093159564,51.50662981115084],[0.5070185270904598,51.50480804941172],[0.5195010505952933,51.50903716988807],[0.5224396387147932,51.507445105899265],[0.5325805202219953,51.508395635915505],[0.539555866401983,51.51202199587871],[0.5394968593629604,51.513552156971976],[0.5272748615649966,51.51408603844113],[0.5192676396462135,51.51708228291757],[0.5176478160132439,51.5250852139219],[0.5056937213997359,51.530557410939245],[0.5167534534569261,51.52978096827547],[0.5228220292850547,51.532618382853556],[0.5335639360548066,51.53130758837525],[0.541243057545129,51.53455892174351],[0.5416296235943647,51.544083548067064],[0.544696278657936,51.547344604574235],[0.5758153621753337,51.539020830079764],[0.6101988680342089,51.535022891421384],[0.6274313392835735,51.53877507258983],[0.6452356683211297,51.539903708738485],[0.6935886067473598,51.53322693931532],[0.7137012213025096,51.53195375896146],[0.7199795505172714,51.51391080267976],[0.7223997908854253,51.513404939968346],[0.7154399198537479,51.53209337999089],[0.7307134271504319,51.52949024155374],[0.7502850829480551,51.52885291581679],[0.7786551201401425,51.521168835386206],[0.7855596232296213,51.52091505212884],[0.8084360479928494,51.53421981774992],[0.8468345582511827,51.55101177022228],[0.849668796286208,51.5548103050771],[0.8405681873979751,51.559258225013835],[0.8310036218175771,51.55859012173102],[0.8267435653807258,51.562020608588384],[0.8171177885771074,51.5627019184257],[0.8182763794821546,51.56510241646419],[0.8128455649296283,51.575305867290595],[0.8056279210556745,51.5776372494406],[0.7958724149999566,51.57391293220749],[0.7941145218652446,51.575843515537805],[0.8062097562615819,51.58005165442893],[0.8045015571853169,51.58512902926778],[0.794294694668127,51.58348392825663],[0.7851072630142533,51.58433199352648],[0.7591664016955977,51.57792995177649],[0.7463757163690133,51.578859688352665],[0.7352533878244305,51.576331537312974],[0.7254895536621582,51.577188371329996],[0.7482355457072738,51.580974613732764],[0.7591855209251072,51.580627615062795],[0.7593273673943404,51.58463547139459],[0.7655420918147386,51.58308609640498],[0.7727771989413286,51.58336498005525],[0.7850002545684792,51.58730247075341],[0.7977923531160892,51.58636849886722],[0.8170560077510081,51.59670000553146],[0.8143834526638773,51.60252017384612],[0.8005933714059152,51.608426308591596],[0.7965701025330235,51.613468834160955],[0.7844201518202114,51.61321818156583],[0.7813042039923576,51.61895812139694],[0.7837541388573734,51.623576747780376],[0.7755303571491732,51.63087656945736],[0.7636870725717613,51.63574285704648],[0.7496556436758389,51.630766221433056],[0.7373189688443261,51.62988547073679],[0.7217300146334327,51.635014667748585],[0.7093069466631261,51.632693998266845],[0.6636292932796095,51.63326299055831],[0.6574573604206947,51.634482128570774],[0.6575017723083686,51.62930987509463],[0.6515343360085794,51.62783502717725],[0.6515983008034212,51.622986100236204],[0.6486251370089335,51.622297793164314],[0.6429190914218876,51.62554717561133],[0.6454017867189739,51.62947533751725],[0.6366527290955654,51.630859367168576],[0.6207346145298559,51.63047846050406],[0.6064259963438936,51.627919232230056],[0.5969523462791683,51.62902859452863],[0.5966630503132625,51.631553141176326],[0.6081010858849231,51.629410894327364],[0.6241888675127061,51.63273956033004],[0.6423951207497988,51.63269078306453],[0.6452490799072905,51.63628682352886],[0.6386503133523943,51.63738867496523],[0.6366494565285791,51.63553602852993],[0.6287796568434014,51.639651686994235],[0.6561061838460894,51.63732767211684],[0.6564002189376164,51.642357356415175],[0.645988799879196,51.64551540901256],[0.6457297806696688,51.64776960730075],[0.6605707754700105,51.64199308372716],[0.6601792644805176,51.637775027770736],[0.665734809159189,51.63638988295569],[0.6898758774584989,51.63646859358157],[0.6953440763575262,51.63850158055449],[0.7005511914160266,51.63613348989164],[0.7067681333536955,51.63617013475031],[0.7173062797754177,51.64321139168027],[0.730169714722288,51.643182663936116],[0.7403156133307273,51.6412374166645],[0.7475459069646622,51.64367651525711],[0.75861715502716,51.64269731090258],[0.7765262181711654,51.635349848838615],[0.792371533208709,51.62508079619954],[0.8069841536725713,51.62561352833961],[0.8222819676809008,51.62274630654594],[0.8371757190075652,51.622926744337725],[0.852938525126934,51.62083570652306],[0.8879051037616984,51.62312812105267],[0.9053440373525684,51.62242777286596],[0.9209184797219961,51.626448108620636],[0.9344936916681351,51.63303472449418],[0.9367873559423229,51.639452991416704],[0.9344811386159766,51.64850463519181],[0.9426538742891811,51.66240249794486],[0.9425125874568495,51.66624645253901],[0.9469042283786436,51.67507624599742],[0.9461823795542696,51.68801863970507],[0.9435689018014006,51.690557528114354],[0.9421355940277153,51.711063569477915],[0.9465775907561341,51.715476105333735],[0.9497096384744992,51.72088373902029],[0.9488454054154324,51.726292782431145],[0.9502298081088649,51.731537417145276],[0.9446451272959632,51.73630942642391],[0.9398090510063856,51.74214168086614],[0.9292024229721321,51.74703851990747],[0.9207683594912285,51.74768925848784],[0.8930597446945884,51.742619035191765],[0.8890696520156975,51.739119752698805],[0.8890309071860615,51.73624270369585],[0.8745443419094516,51.72481637553688],[0.8557875700780601,51.716729981158714],[0.837286450432667,51.714930047252444],[0.818043490529522,51.71980031597494],[0.8050342011825173,51.71642439696],[0.7985303217211803,51.71801855436762],[0.7907679443577813,51.71658443705583],[0.7878524431988072,51.70685066115156],[0.782103648054209,51.707526627025906],[0.7774740238725548,51.70520795723459],[0.7710537460471966,51.70437035469482],[0.7759664566397555,51.69004442546166],[0.7715841239544503,51.69410514462658],[0.7720068699397861,51.70102023045106],[0.7647070262843401,51.70236150627254],[0.7580499471506019,51.69999986690356],[0.7578120813417274,51.69370995632616],[0.7514920603908759,51.68972119703232],[0.7446051314422844,51.69069181471628],[0.7367207999086293,51.689526828995945],[0.7365365826390093,51.69366815008209],[0.7426744609551578,51.69226583489406],[0.753029651244271,51.69598064755709],[0.7508344104296047,51.70034900629756],[0.7673923984863246,51.7084138767063],[0.7617328940690554,51.708187379024636],[0.7543252227047227,51.71016007876022],[0.749134830379652,51.70812325982489],[0.7452667964970495,51.71118161964866],[0.7281119985894826,51.712390830662954],[0.7171522621747152,51.7155228456783],[0.7093501414099571,51.715793044138934],[0.6970168796840465,51.722642145952],[0.6964756068574725,51.7257123407346],[0.6912640269801827,51.72574194557956],[0.6852669414003539,51.73108639655791],[0.6657008775096582,51.73675724323362],[0.6665703774250051,51.737501942625016],[0.6845924769200019,51.732657672870396],[0.6901507567641672,51.72894212614965],[0.7005034205260833,51.72768828482334],[0.7054791617630711,51.72370658958705],[0.7130491441711617,51.73162606667177],[0.7126164822765113,51.73649252055269],[0.7222053701309226,51.73456191576902],[0.7250590965960215,51.73143796073278],[0.7295697482191822,51.73178289134122],[0.7354978285409791,51.729216727934684],[0.7404388672491056,51.73188952371948],[0.7487373475737388,51.73259495130615],[0.7621321991101965,51.7384862314486],[0.7673286106197079,51.73818404235192],[0.7745854347455705,51.74313915928555],[0.7766907159722711,51.739671860659385],[0.7870788658785716,51.73663780942287],[0.7920445652242115,51.74434428053059],[0.8129640446303193,51.7382691008204],[0.8400568992893125,51.73833657740072],[0.842066883306843,51.740356499588266],[0.8516361045155422,51.74048429840148],[0.8595575503870589,51.74433886331368],[0.8617701143596552,51.74725289415371],[0.8823039927294183,51.757992949747184],[0.8743455805774465,51.75818796075825],[0.8552473239380964,51.7660375347987],[0.8511886513965577,51.77017426142307],[0.8503792486833284,51.77343161526013],[0.8569781271418366,51.774620374096266],[0.8612067756394932,51.76813196116676],[0.8711590526105119,51.76734952267966],[0.880899306532926,51.76324376385822],[0.8877467228907531,51.76379513134895],[0.8941475876204033,51.76642566230533],[0.8851545111763638,51.770873924655184],[0.8777615216694405,51.77771059148784],[0.8795672936946061,51.77874558852079],[0.8566656732350235,51.783441748179264],[0.8441443500017126,51.78032794365168],[0.8439960507331278,51.78257993931388],[0.858116355744845,51.785744815406055],[0.871873350468334,51.78316094203982],[0.8819563050553167,51.782104613211196],[0.8932403935585076,51.77490211208936],[0.8947854191336543,51.78997349434026],[0.8978895242226169,51.790886284375155],[0.9078092350178163,51.80034543700642],[0.911472988490534,51.79777244650557],[0.9054822924973709,51.79641878032514],[0.9018197832284969,51.79359532357872],[0.902842906700606,51.79055715527611],[0.9116266745080017,51.794755738352585],[0.916893204996265,51.79545253957945],[0.9218924406529171,51.800535708551905],[0.9280034103372465,51.803504425109054],[0.9241524337271453,51.808555872504314],[0.9146476952475119,51.812128672447436],[0.917345804607612,51.813464743451554],[0.9263981870771215,51.80828411802788],[0.9696051440335858,51.81269539572231],[0.976068460863256,51.81058921753635],[0.977665180168103,51.808399239818634],[0.9899270862784918,51.80733239486717],[0.9682416816593504,51.818440916908045],[0.9503181992044704,51.823308195719406],[0.9519455449168462,51.82444551657602],[0.9624110328962651,51.82224851703074],[0.9599840668214613,51.83038609112428],[0.96576926923027,51.828297589952335],[0.9652283688566348,51.8227170944831],[0.9726371484868057,51.81907630258883],[0.9813829351415114,51.817460706778704],[0.9747051894566088,51.82689356667754],[0.9745272879098146,51.82947929422962],[0.9776607825365755,51.83736846732377],[0.9741808959369028,51.84580281992698],[0.9553302003928056,51.8528527048691],[0.9498660542316938,51.85546322479303],[0.949458519568316,51.859889373352324],[0.9451848187411606,51.86495205595362],[0.9270980390940439,51.87902916987808],[0.9291101585004138,51.879356797280735],[0.9505666922953113,51.862172954669056],[0.9524549009649633,51.85507445960849],[0.9775518568304288,51.8482537297705],[0.9842319810486215,51.8388206976355],[0.981742244596914,51.83080743297231],[0.9928138870999496,51.81673844201161],[1.0067646383185742,51.80701068167991],[1.0120015688249797,51.804825947028206],[1.0183301549922412,51.805958676231086],[1.0401778997764461,51.805287499732366],[1.0582545101435437,51.81042165623533],[1.0436684085251084,51.802831718958195],[1.027832707040059,51.79989511133863],[1.020228994821064,51.80311277232447],[1.0171306184965452,51.801033830424515],[1.0309901231189649,51.79463318241053],[1.0385570959491002,51.78896039238069],[1.0365808384125603,51.78544987246964],[1.0446010174542282,51.78330858566716],[1.046800501528073,51.77721658220734],[1.0384278298017922,51.774096668409726],[1.0463225126301965,51.77012370661263],[1.0425741855156432,51.76870986190114],[1.0861493228126375,51.77188122990281],[1.1144547496667458,51.77239331134299],[1.1367296168676446,51.77791663229689],[1.1550531104601238,51.78637514914084],[1.2061370617590965,51.80383509050278],[1.2351056698203804,51.81734199514324],[1.2704331062261598,51.84622542108452],[1.2877973558918074,51.86130127648523],[1.2904381266855522,51.86563464369008],[1.2914370998029097,51.873341871939616],[1.285418129982891,51.875489019536396],[1.2698963034706676,51.875058348241836],[1.2740944000092074,51.861045179131295],[1.2537986861443629,51.861824636509525],[1.254389142517869,51.857931726283255],[1.2491381924197407,51.85742940664984],[1.2360886388886418,51.86220562363938],[1.231541952000898,51.862006917094156],[1.224411105521002,51.86446930422017],[1.2286087888073116,51.86952579528206],[1.2266897756030872,51.87194398163124],[1.219853429635086,51.86879456078306],[1.2172894531821579,51.869512350112345],[1.211088698536391,51.86548158291179],[1.2037070719800904,51.86934364971463],[1.2042153694480326,51.87158734742647],[1.19274719326142,51.87050527674833],[1.1964017848031623,51.876755874144585],[1.2006630279563966,51.877827171925176],[1.1976691065409095,51.8823248001712],[1.2059830379827559,51.886622466676734],[1.2118718513376059,51.88624587594081],[1.2116563733428145,51.89055999694562],[1.2200799530149242,51.88903442224987],[1.2284019848411496,51.890964821601166],[1.2277239888824372,51.8936727193258],[1.2129435476702686,51.89881750230919],[1.222993009009463,51.90048522242288],[1.2303878414153546,51.904050883980595],[1.2395330424780602,51.90282790227966],[1.2388872035803913,51.896279875211995],[1.247246577375308,51.89648102709429],[1.253585575807021,51.90211610391932],[1.2591812007325625,51.916936652327784],[1.2678440170226815,51.922659471333866],[1.2737122924279196,51.930132436381825],[1.282935184360955,51.93609043115095],[1.2895189749349756,51.936976800630895],[1.2889329667915064,51.948254096305966],[1.2790232302591031,51.945094937685084],[1.2725345688361023,51.938934663301374],[1.2636239723653626,51.941673665311114],[1.2639701820940399,51.94503691358959],[1.2534560955320002,51.94836825628998],[1.242298873999685,51.94765097758651],[1.233936490280627,51.94369886934767],[1.2321592235539127,51.94043784866054],[1.2219260948975783,51.939180592609986],[1.2175558645067872,51.94135089559502],[1.2133334944120098,51.94071080972843],[1.2063328519523049,51.942736657414144],[1.1916472357106684,51.94086952627981],[1.1822880551242891,51.941662750094814],[1.1757934747370158,51.94345721110929],[1.1704043314019108,51.948549327668005],[1.149064302617449,51.94643330741595],[1.1451019581263728,51.94201531549909],[1.1335141126936554,51.94070564670473],[1.1264796855418526,51.94229588616968],[1.1180301512934558,51.941117096445765],[1.1134731786624097,51.94339634952986],[1.1067817534859419,51.94238606115483],[1.0884570421488575,51.945728659104034],[1.0815153655616259,51.94488539402608],[1.074711024351046,51.94732089886479],[1.0599283522518734,51.946528136267204],[1.0537062393104766,51.95026935843659],[1.0573369266464598,51.95143419959562],[1.0639249345028843,51.94900535240131],[1.0691236334531355,51.95479679889149],[1.0776688072872493,51.95629140103922],[1.084883776611828,51.95981691654005],[1.0939061757245354,51.95786216616157],[1.0995272711591135,51.95346008692774],[1.107214194276527,51.95368902316298],[1.1180515704869736,51.956523194466385],[1.1297290931172868,51.95405456472867],[1.1316904737734017,51.957132276975585],[1.1442584792479842,51.962400320557734],[1.1534740609844043,51.963223960323575],[1.1568099291848326,51.965940637813134],[1.163285946717087,51.966306342473295],[1.1786482457098575,51.96405751062522],[1.1866376799728007,51.95641225822153],[1.2125081592946543,51.95603242839126],[1.219069223899209,51.95272310342185],[1.2290799794879614,51.95610937215943],[1.2358415422937448,51.96044766293346],[1.241833020493852,51.96136201583834],[1.2553572774845698,51.960340969137825],[1.265242457801216,51.95493128289718],[1.2703457838755876,51.95464560948566],[1.268274848537794,51.95807331967321],[1.2586203447441116,51.96673385906457],[1.2499611960674049,51.97073099186741],[1.2448979131641404,51.969723987157394],[1.2306444116855602,51.97445323416164],[1.2220118494341634,51.979491928193006],[1.219288204235268,51.98440442984806],[1.2120134701705543,51.98413733658292],[1.1982522646922646,51.99261225069852],[1.182680854810481,51.99733536892396],[1.1776584320881072,52.00019448185845],[1.1789798714733122,52.00245227525575],[1.1725179182899286,52.00674770349121],[1.1570774450585826,52.00811805135495],[1.141616605598294,52.005820969347944],[1.1364870328612353,52.01011477661824],[1.1293305086077912,52.00908658759185],[1.1296294868681895,52.01420337653836],[1.120150874087042,52.01320036463056],[1.1129483879583004,52.02156290780475],[1.0900387908426203,52.027230032969854],[1.0824452156840816,52.02642089995286],[1.0691682587133993,52.02881657449667],[1.058747447501278,52.037312573230786],[1.041465996291266,52.03698590893733],[1.031927329194456,52.03166753000277],[1.0225791619223896,52.03312662938553],[1.013653893470665,52.03987843996184],[1.004208487368748,52.04242785551359],[1.0077495896391708,52.04777023850967],[0.9972703819868709,52.059855942031554],[0.9972977944328323,52.06649431668944],[0.9765368595808652,52.087039567901655],[0.9659496174295684,52.08987966022136],[0.9530659220073591,52.101626848261404],[0.9479780086569632,52.10889445652957],[0.9577152580499316,52.11363874313665],[0.9643459574311397,52.120487074906016],[0.9607740889044524,52.12335585851943],[0.9552324950403212,52.12426660693694],[0.9453880528241806,52.13860396907569],[0.9324080980836988,52.141792043929605],[0.9169448528583627,52.13966932721256],[0.9024012272578491,52.139729809507905],[0.8961695067752916,52.14232929069695],[0.8956536801639181,52.14634038717728],[0.885179868894208,52.153102076343636],[0.8793301762926559,52.1601672251989],[0.8693054882037679,52.16572306328958],[0.8545318255918136,52.16232256481643],[0.8494118809303659,52.15964145554],[0.8327634256556117,52.15723773570428],[0.8300018445162829,52.15957214148887],[0.830705937232634,52.16301580279933],[0.8244277457906835,52.17420636256543],[0.8158105413381388,52.17656363745255],[0.809630337392568,52.18322574786689],[0.7983945086413651,52.183157432147624],[0.7917031833864003,52.188442099219216],[0.7752345426879682,52.182445785054],[0.7738757815305893,52.17942013852253],[0.7550301629467402,52.182200166950736],[0.7543351028315731,52.18752226564732],[0.7482319427032745,52.18820424435872],[0.7460225683586118,52.18321965407857],[0.7501522778101136,52.17664845982703],[0.7466730924796035,52.1724129290336],[0.7470070558683986,52.163592009088035],[0.7292685886863841,52.165263019253416],[0.728630268326986,52.15961222815614],[0.7182265592797262,52.16165115832156],[0.713984841490044,52.15923086003703],[0.7069978426262564,52.15975122873606],[0.7032458763848853,52.16298483309513],[0.6949764197817236,52.16407344553671],[0.6856464538202257,52.16941228863512],[0.6792902728591761,52.17072596438068],[0.6741608936830323,52.17542877625063],[0.6577829000173541,52.177957360132034],[0.6541949749243613,52.17911731436748],[0.6464279452464353,52.18873431487273],[0.6352668803630238,52.19051302501942],[0.6284420283471974,52.18643874520325],[0.6278138800836324,52.17826934608023],[0.6197684001889993,52.17826850433491],[0.6129312044633569,52.183905773987995],[0.5910460291653521,52.187446191287265],[0.5886715334570419,52.191904740920606],[0.5803723873904831,52.19514412067917],[0.5785602874611389,52.19923044647666],[0.5730103989081833,52.20195951723434]]]]},"properties":{"name":"Essex","short_name":"Essex","region":"Peterborough"}}]}