{
"type": "FeatureCollection",
"name": "rivers_with_ea areas",
"crs": { "type": "name", "properties": { "name": "urn:ogc:def:crs:OGC:1.3:CRS84" } },
"xy_coordinate_resolution": 0.001,
"features": [
{ "type": "Feature", "properties": { "name1": "River Thames", "name2": "Kentwood Deeps", "Strahler Stream Order": 6, "long_name": "Thames", "short_name": "Thames" }, "geometry": { "type": "LineString", "coordinates": [ [ -1.034, 51.474 ], [ -1.028, 51.472 ] ] } },
{ "type": "Feature", "properties": { "name1": "Thames Intake", "name2": "River Thames", "Strahler Stream Order": 6, "long_name": "Thames", "short_name": "Thames" }, "geometry": { "type": "LineString", "coordinates": [ [ -0.544, 51.441 ], [ -0.54, 51.439 ] ] } },
{ "type": "Feature", "properties": { "name1": "River Windrush", "name2": " ", "Strahler Stream Order": 4, "long_name": "Thames", "short_name": "Thames" }, "geometry": { "type": "MultiLineString", "coordinates": [ [ [ -1.724, 51.828 ], [ -1.725, 51.822 ], [ -1.701, 51.816 ], [ -1.682, 51.815 ], [ -1.661, 51.818 ], [ -1.642, 51.81 ], [ -1.633, 51.81 ], [ -1.62, 51.801 ], [ -1.603, 51.805 ], [ -1.575, 51.803 ], [ -1.567, 51.793 ], [ -1.543, 51.803 ], [ -1.54, 51.798 ], [ -1.521, 51.8 ] ], [ [ -1.52, 51.8 ], [ -1.511, 51.804 ] ], [ [ -1.509, 51.804 ], [ -1.503, 51.795 ], [ -1.492, 51.794 ], [ -1.481, 51.788 ], [ -1.481, 51.767 ], [ -1.448, 51.751 ], [ -1.429, 51.737 ], [ -1.426, 51.73 ], [ -1.415, 51.723 ], [ -1.417, 51.71 ] ] ] } },
{ "type": "Feature", "properties": { "name1": "River Thame", "name2": " ", "Strahler Stream Order": 4, "long_name": "Thames", "short_name": "Thames" }, "geometry": { "type": "LineString", "coordinates": [ [ -0.752, 51.843 ], [ -0.771, 51.85 ], [ -0.802, 51.849 ], [ -0.805, 51.844 ], [ -0.813, 51.831 ], [ -0.833, 51.83 ], [ -0.842, 51.833 ], [ -0.861, 51.826 ], [ -0.873, 51.815 ], [ -0.889, 51.815 ], [ -0.91, 51.805 ], [ -0.924, 51.801 ], [ -0.938, 51.802 ], [ -0.945, 51.791 ], [ -0.954, 51.787 ], [ -0.953, 51.778 ], [ -0.968, 51.774 ], [ -0.976, 51.768 ], [ -0.984, 51.752 ], [ -0.993, 51.755 ], [ -1.034, 51.753 ], [ -1.03, 51.745 ], [ -1.046, 51.745 ], [ -1.055, 51.752 ], [ -1.075, 51.759 ], [ -1.086, 51.753 ], [ -1.08, 51.747 ], [ -1.09, 51.742 ], [ -1.113, 51.746 ], [ -1.108, 51.731 ], [ -1.118, 51.728 ], [ -1.111, 51.718 ], [ -1.14, 51.691 ], [ -1.142, 51.675 ], [ -1.131, 51.675 ], [ -1.123, 51.664 ], [ -1.136, 51.66 ], [ -1.163, 51.644 ], [ -1.166, 51.635 ] ] } },
{ "type": "Feature", "properties": { "name1": "Abbey Stream", "name2": " ", "Strahler Stream Order": 4, "long_name": "Thames", "short_name": "Thames" }, "geometry": { "type": "LineString", "coordinates": [ [ -0.503, 51.308 ], [ -0.503, 51.307 ] ] } },
{ "type": "Feature", "properties": { "name1": "The Twins", "name2": "Padbury Brook", "Strahler Stream Order": 4, "long_name": "Thames", "short_name": "Thames" }, "geometry": { "type": "LineString", "coordinates": [ [ -0.941, 52.002 ], [ -0.943, 52.004 ] ] } },
{ "type": "Feature", "properties": { "name1": " ", "name2": " ", "Strahler Stream Order": 6, "long_name": "Thames", "short_name": "Thames" }, "geometry": { "type": "MultiLineString", "coordinates": [ [ [ -1.521, 51.8 ], [ -1.52, 51.8 ] ], [ [ -1.29, 51.774 ], [ -1.289, 51.772 ] ], [ [ -0.995, 51.346 ], [ -0.994, 51.348 ] ], [ [ -0.967, 51.382 ], [ -0.966, 51.382 ] ], [ [ -0.943, 51.37 ], [ -0.946, 51.372 ] ], [ [ -0.914, 51.476 ], [ -0.91, 51.479 ] ], [ [ -0.893, 51.551 ], [ -0.89, 51.555 ] ], [ [ -0.838, 51.303 ], [ -0.852, 51.3 ], [ -0.877, 51.307 ] ], [ [ -0.861, 51.354 ], [ -0.864, 51.354 ] ], [ [ -0.683, 51.187 ], [ -0.682, 51.187 ] ], [ [ -0.653, 51.486 ], [ -0.651, 51.486 ] ], [ [ -0.625, 51.491 ], [ -0.625, 51.49 ] ], [ [ -0.463, 51.379 ], [ -0.461, 51.379 ] ], [ [ -0.46, 51.379 ], [ -0.459, 51.379 ] ], [ [ -0.419, 51.394 ], [ -0.418, 51.395 ] ], [ [ -0.073, 51.505 ], [ -0.062, 51.502 ] ], [ [ -0.045, 51.596 ], [ -0.051, 51.588 ] ], [ [ -0.023, 51.475 ], [ -0.022, 51.476 ] ], [ [ -0.011, 51.688 ], [ -0.01, 51.685 ] ], [ [ -0.011, 51.68 ], [ -0.01, 51.677 ] ], [ [ 0.171, 51.505 ], [ 0.176, 51.5 ] ], [ [ 0.203, 51.485 ], [ 0.215, 51.486 ], [ 0.254, 51.467 ] ], [ [ 0.292, 51.463 ], [ 0.299, 51.465 ] ], [ [ 0.371, 51.449 ], [ 0.38, 51.449 ] ] ] } },
{ "type": "Feature", "properties": { "name1": "River Thames", "name2": "Albany Reach", "Strahler Stream Order": 6, "long_name": "Thames", "short_name": "Thames" }, "geometry": { "type": "LineString", "coordinates": [ [ -0.339, 51.401 ], [ -0.333, 51.396 ] ] } },
{ "type": "Feature", "properties": { "name1": "River Ock", "name2": " ", "Strahler Stream Order": 4, "long_name": "Thames", "short_name": "Thames" }, "geometry": { "type": "LineString", "coordinates": [ [ -1.339, 51.655 ], [ -1.307, 51.663 ], [ -1.302, 51.669 ], [ -1.284, 51.666 ] ] } },
{ "type": "Feature", "properties": { "name1": "River Loddon", "name2": " ", "Strahler Stream Order": 5, "long_name": "Thames", "short_name": "Thames" }, "geometry": { "type": "MultiLineString", "coordinates": [ [ [ -1.009, 51.313 ], [ -1.033, 51.327 ], [ -1.019, 51.331 ], [ -1.004, 51.346 ], [ -0.995, 51.346 ] ], [ [ -0.988, 51.356 ], [ -0.982, 51.372 ], [ -0.967, 51.382 ] ], [ [ -0.966, 51.382 ], [ -0.958, 51.385 ], [ -0.946, 51.389 ], [ -0.942, 51.399 ], [ -0.925, 51.407 ], [ -0.91, 51.422 ], [ -0.897, 51.427 ], [ -0.9, 51.438 ], [ -0.887, 51.441 ], [ -0.875, 51.456 ], [ -0.865, 51.461 ], [ -0.865, 51.471 ], [ -0.883, 51.49 ], [ -0.88, 51.502 ] ] ] } },
{ "type": "Feature", "properties": { "name1": "River Cole", "name2": " ", "Strahler Stream Order": 4, "long_name": "Thames", "short_name": "Thames" }, "geometry": { "type": "LineString", "coordinates": [ [ -1.667, 51.616 ], [ -1.674, 51.623 ], [ -1.659, 51.633 ], [ -1.662, 51.639 ], [ -1.679, 51.644 ], [ -1.694, 51.669 ], [ -1.71, 51.678 ] ] } },
{ "type": "Feature", "properties": { "name1": "River Mole", "name2": " ", "Strahler Stream Order": 4, "long_name": "Thames", "short_name": "Thames" }, "geometry": { "type": "LineString", "coordinates": [ [ -0.176, 51.167 ], [ -0.19, 51.178 ], [ -0.196, 51.209 ], [ -0.212, 51.205 ], [ -0.223, 51.213 ], [ -0.233, 51.213 ], [ -0.235, 51.222 ], [ -0.265, 51.234 ], [ -0.294, 51.233 ], [ -0.293, 51.241 ], [ -0.31, 51.238 ], [ -0.318, 51.243 ], [ -0.318, 51.252 ], [ -0.337, 51.261 ], [ -0.33, 51.276 ], [ -0.333, 51.285 ], [ -0.328, 51.291 ], [ -0.346, 51.301 ], [ -0.355, 51.302 ], [ -0.36, 51.312 ], [ -0.38, 51.314 ], [ -0.397, 51.313 ], [ -0.399, 51.319 ], [ -0.419, 51.322 ], [ -0.424, 51.339 ], [ -0.416, 51.352 ], [ -0.405, 51.354 ], [ -0.388, 51.369 ], [ -0.377, 51.371 ], [ -0.378, 51.381 ], [ -0.372, 51.387 ] ] } },
{ "type": "Feature", "properties": { "name1": "Hoe Stream", "name2": " ", "Strahler Stream Order": 4, "long_name": "Thames", "short_name": "Thames" }, "geometry": { "type": "LineString", "coordinates": [ [ -0.618, 51.282 ], [ -0.603, 51.284 ], [ -0.579, 51.294 ], [ -0.555, 51.311 ], [ -0.539, 51.307 ], [ -0.51, 51.312 ] ] } },
{ "type": "Feature", "properties": { "name1": "Kennet and Avon Canal", "name2": " ", "Strahler Stream Order": 4, "long_name": "Thames", "short_name": "Thames" }, "geometry": { "type": "MultiLineString", "coordinates": [ [ [ -1.022, 51.432 ], [ -1.016, 51.433 ] ], [ [ -0.998, 51.436 ], [ -0.986, 51.434 ] ] ] } },
{ "type": "Feature", "properties": { "name1": "River Thames", "name2": "Buck's Stream", "Strahler Stream Order": 6, "long_name": "Thames", "short_name": "Thames" }, "geometry": { "type": "LineString", "coordinates": [ [ -1.008, 51.468 ], [ -1.003, 51.47 ] ] } },
{ "type": "Feature", "properties": { "name1": "River Thames", "name2": "Laleham Reach", "Strahler Stream Order": 6, "long_name": "Thames", "short_name": "Thames" }, "geometry": { "type": "LineString", "coordinates": [ [ -0.495, 51.413 ], [ -0.493, 51.406 ] ] } },
{ "type": "Feature", "properties": { "name1": "Mill Tail", "name2": " ", "Strahler Stream Order": 4, "long_name": "Thames", "short_name": "Thames" }, "geometry": { "type": "LineString", "coordinates": [ [ -0.486, 51.311 ], [ -0.482, 51.315 ] ] } },
{ "type": "Feature", "properties": { "name1": "River Cherwell", "name2": " ", "Strahler Stream Order": 5, "long_name": "Thames", "short_name": "Thames" }, "geometry": { "type": "LineString", "coordinates": [ [ -1.283, 52.0 ], [ -1.287, 51.99 ], [ -1.28, 51.971 ], [ -1.282, 51.958 ], [ -1.294, 51.955 ], [ -1.29, 51.946 ], [ -1.297, 51.936 ], [ -1.283, 51.929 ], [ -1.289, 51.921 ], [ -1.303, 51.922 ], [ -1.299, 51.911 ], [ -1.304, 51.904 ], [ -1.291, 51.893 ], [ -1.286, 51.875 ], [ -1.302, 51.868 ], [ -1.294, 51.864 ], [ -1.302, 51.841 ], [ -1.277, 51.834 ], [ -1.266, 51.828 ], [ -1.271, 51.821 ], [ -1.239, 51.815 ], [ -1.246, 51.807 ], [ -1.244, 51.789 ], [ -1.259, 51.783 ], [ -1.248, 51.777 ], [ -1.254, 51.77 ], [ -1.245, 51.756 ], [ -1.248, 51.742 ] ] } },
{ "type": "Feature", "properties": { "name1": "River Thames", "name2": " ", "Strahler Stream Order": 6, "long_name": "Thames", "short_name": "Thames" }, "geometry": { "type": "MultiLineString", "coordinates": [ [ [ -1.853, 51.645 ], [ -1.82, 51.644 ], [ -1.808, 51.663 ], [ -1.792, 51.661 ], [ -1.789, 51.667 ], [ -1.77, 51.668 ], [ -1.768, 51.663 ], [ -1.748, 51.663 ], [ -1.736, 51.668 ], [ -1.727, 51.667 ], [ -1.711, 51.672 ], [ -1.71, 51.682 ], [ -1.694, 51.693 ], [ -1.677, 51.689 ], [ -1.669, 51.681 ], [ -1.653, 51.681 ], [ -1.635, 51.688 ], [ -1.627, 51.684 ], [ -1.607, 51.692 ], [ -1.598, 51.688 ], [ -1.577, 51.7 ], [ -1.556, 51.699 ], [ -1.541, 51.703 ], [ -1.535, 51.698 ], [ -1.516, 51.702 ], [ -1.496, 51.695 ], [ -1.483, 51.702 ], [ -1.463, 51.701 ], [ -1.46, 51.713 ], [ -1.441, 51.712 ], [ -1.438, 51.708 ], [ -1.416, 51.71 ], [ -1.392, 51.706 ], [ -1.378, 51.714 ], [ -1.367, 51.73 ], [ -1.374, 51.737 ], [ -1.365, 51.749 ], [ -1.361, 51.774 ], [ -1.347, 51.777 ], [ -1.335, 51.786 ], [ -1.317, 51.788 ] ], [ [ -1.309, 51.789 ], [ -1.304, 51.781 ], [ -1.29, 51.774 ] ], [ [ -1.289, 51.772 ], [ -1.273, 51.757 ], [ -1.271, 51.748 ], [ -1.258, 51.747 ], [ -1.242, 51.737 ], [ -1.242, 51.721 ], [ -1.232, 51.71 ], [ -1.233, 51.703 ], [ -1.221, 51.685 ], [ -1.23, 51.673 ], [ -1.25, 51.666 ], [ -1.267, 51.671 ], [ -1.284, 51.666 ], [ -1.28, 51.659 ] ], [ [ -1.276, 51.646 ], [ -1.263, 51.65 ], [ -1.233, 51.641 ], [ -1.211, 51.643 ], [ -1.21, 51.656 ], [ -1.196, 51.659 ], [ -1.183, 51.656 ], [ -1.177, 51.647 ], [ -1.179, 51.635 ], [ -1.154, 51.636 ], [ -1.144, 51.625 ], [ -1.116, 51.62 ], [ -1.114, 51.61 ], [ -1.122, 51.598 ], [ -1.126, 51.584 ], [ -1.125, 51.571 ], [ -1.138, 51.564 ], [ -1.147, 51.553 ], [ -1.14, 51.543 ] ], [ [ -1.14, 51.542 ], [ -1.134, 51.536 ], [ -1.143, 51.517 ], [ -1.135, 51.511 ], [ -1.119, 51.512 ], [ -1.109, 51.505 ], [ -1.103, 51.49 ], [ -1.087, 51.486 ], [ -1.067, 51.491 ], [ -1.05, 51.492 ], [ -1.039, 51.487 ], [ -1.034, 51.474 ] ], [ [ -1.028, 51.472 ], [ -1.014, 51.467 ] ], [ [ -1.012, 51.467 ], [ -1.008, 51.468 ] ], [ [ -1.003, 51.47 ], [ -0.979, 51.467 ], [ -0.969, 51.461 ], [ -0.959, 51.463 ], [ -0.946, 51.459 ], [ -0.93, 51.468 ], [ -0.921, 51.468 ], [ -0.914, 51.476 ] ], [ [ -0.91, 51.479 ], [ -0.899, 51.486 ], [ -0.894, 51.495 ] ], [ [ -0.894, 51.497 ], [ -0.872, 51.508 ], [ -0.881, 51.513 ], [ -0.878, 51.523 ], [ -0.9, 51.536 ], [ -0.898, 51.544 ] ], [ [ -0.89, 51.555 ], [ -0.887, 51.56 ], [ -0.871, 51.56 ], [ -0.861, 51.548 ], [ -0.848, 51.545 ], [ -0.811, 51.553 ], [ -0.793, 51.551 ], [ -0.783, 51.556 ], [ -0.777, 51.566 ], [ -0.757, 51.565 ], [ -0.738, 51.574 ], [ -0.719, 51.578 ], [ -0.711, 51.564 ], [ -0.693, 51.56 ], [ -0.691, 51.556 ] ], [ [ -0.691, 51.552 ], [ -0.702, 51.526 ], [ -0.704, 51.512 ], [ -0.689, 51.509 ], [ -0.679, 51.495 ], [ -0.666, 51.488 ], [ -0.653, 51.486 ] ], [ [ -0.651, 51.486 ], [ -0.647, 51.49 ], [ -0.63, 51.492 ] ], [ [ -0.627, 51.491 ], [ -0.625, 51.49 ] ], [ [ -0.625, 51.49 ], [ -0.61, 51.485 ], [ -0.6, 51.494 ], [ -0.581, 51.48 ], [ -0.585, 51.474 ], [ -0.575, 51.469 ], [ -0.574, 51.453 ], [ -0.558, 51.444 ], [ -0.544, 51.441 ] ], [ [ -0.54, 51.439 ], [ -0.511, 51.431 ], [ -0.513, 51.417 ], [ -0.495, 51.413 ] ], [ [ -0.493, 51.406 ], [ -0.485, 51.387 ], [ -0.476, 51.39 ], [ -0.463, 51.379 ] ], [ [ -0.461, 51.379 ], [ -0.442, 51.39 ], [ -0.434, 51.384 ], [ -0.419, 51.394 ] ], [ [ -0.418, 51.395 ], [ -0.411, 51.404 ], [ -0.392, 51.41 ], [ -0.374, 51.408 ], [ -0.36, 51.412 ], [ -0.339, 51.401 ] ], [ [ -0.333, 51.396 ], [ -0.32, 51.392 ], [ -0.309, 51.401 ], [ -0.308, 51.425 ], [ -0.326, 51.432 ], [ -0.329, 51.444 ], [ -0.306, 51.449 ], [ -0.303, 51.454 ], [ -0.321, 51.465 ], [ -0.319, 51.471 ], [ -0.307, 51.475 ], [ -0.298, 51.484 ], [ -0.279, 51.484 ], [ -0.265, 51.471 ], [ -0.254, 51.473 ] ], [ [ -0.243, 51.488 ], [ -0.227, 51.486 ], [ -0.225, 51.475 ], [ -0.208, 51.465 ], [ -0.196, 51.464 ] ], [ [ -0.168, 51.482 ], [ -0.146, 51.485 ], [ -0.134, 51.484 ], [ -0.123, 51.493 ], [ -0.121, 51.506 ], [ -0.113, 51.51 ], [ -0.098, 51.51 ], [ -0.073, 51.505 ] ], [ [ -0.062, 51.502 ], [ -0.05, 51.506 ] ], [ [ -0.038, 51.508 ], [ -0.03, 51.505 ], [ -0.029, 51.491 ], [ -0.02, 51.485 ], [ -0.002, 51.487 ], [ -0.003, 51.505 ] ], [ [ 0.335, 51.452 ], [ 0.343, 51.449 ], [ 0.37, 51.449 ] ], [ [ 0.419, 51.45 ], [ 0.441, 51.455 ], [ 0.456, 51.486 ], [ 0.484, 51.5 ], [ 0.555, 51.502 ], [ 0.585, 51.505 ], [ 0.592, 51.503 ], [ 0.635, 51.501 ], [ 0.678, 51.503 ] ] ] } },
{ "type": "Feature", "properties": { "name1": "River Thames", "name2": "Norcot Scours", "Strahler Stream Order": 6, "long_name": "Thames", "short_name": "Thames" }, "geometry": { "type": "LineString", "coordinates": [ [ -1.014, 51.467 ], [ -1.012, 51.467 ] ] } },
{ "type": "Feature", "properties": { "name1": "River Great Ouse", "name2": " ", "Strahler Stream Order": 5, "long_name": "Thames", "short_name": "Thames" }, "geometry": { "type": "MultiLineString", "coordinates": [ [ [ -0.943, 52.004 ], [ -0.938, 52.01 ], [ -0.911, 52.018 ], [ -0.891, 52.03 ], [ -0.879, 52.029 ], [ -0.872, 52.035 ], [ -0.87, 52.045 ], [ -0.856, 52.047 ], [ -0.861, 52.055 ], [ -0.859, 52.064 ], [ -0.839, 52.064 ], [ -0.823, 52.075 ], [ -0.803, 52.073 ], [ -0.796, 52.067 ], [ -0.756, 52.085 ], [ -0.761, 52.095 ], [ -0.733, 52.101 ], [ -0.718, 52.088 ], [ -0.708, 52.097 ], [ -0.729, 52.111 ], [ -0.753, 52.11 ], [ -0.762, 52.121 ], [ -0.75, 52.13 ], [ -0.732, 52.132 ], [ -0.725, 52.143 ], [ -0.706, 52.149 ], [ -0.692, 52.147 ], [ -0.693, 52.162 ], [ -0.684, 52.164 ], [ -0.666, 52.16 ], [ -0.659, 52.163 ], [ -0.645, 52.154 ], [ -0.631, 52.155 ], [ -0.635, 52.168 ], [ -0.622, 52.185 ], [ -0.619, 52.196 ], [ -0.61, 52.2 ], [ -0.597, 52.198 ], [ -0.585, 52.211 ], [ -0.552, 52.21 ], [ -0.537, 52.221 ], [ -0.52, 52.22 ], [ -0.512, 52.209 ], [ -0.517, 52.202 ], [ -0.538, 52.201 ], [ -0.539, 52.194 ], [ -0.527, 52.19 ], [ -0.514, 52.191 ], [ -0.511, 52.183 ], [ -0.526, 52.179 ], [ -0.537, 52.184 ], [ -0.55, 52.183 ], [ -0.56, 52.178 ], [ -0.539, 52.167 ], [ -0.514, 52.161 ], [ -0.494, 52.16 ], [ -0.486, 52.156 ], [ -0.491, 52.148 ], [ -0.515, 52.15 ], [ -0.526, 52.139 ], [ -0.518, 52.127 ], [ -0.517, 52.119 ], [ -0.501, 52.12 ], [ -0.501, 52.131 ], [ -0.483, 52.128 ], [ -0.471, 52.134 ], [ -0.445, 52.133 ], [ -0.436, 52.125 ], [ -0.422, 52.131 ], [ -0.418, 52.143 ], [ -0.385, 52.146 ], [ -0.378, 52.14 ], [ -0.347, 52.146 ], [ -0.335, 52.156 ], [ -0.33, 52.166 ], [ -0.303, 52.168 ], [ -0.3, 52.18 ], [ -0.289, 52.19 ], [ -0.292, 52.197 ], [ -0.273, 52.205 ], [ -0.281, 52.212 ], [ -0.281, 52.219 ], [ -0.272, 52.223 ], [ -0.275, 52.234 ], [ -0.271, 52.239 ], [ -0.252, 52.245 ] ], [ [ -0.271, 52.239 ], [ -0.252, 52.245 ] ], [ [ -0.252, 52.245 ], [ -0.237, 52.253 ], [ -0.238, 52.262 ], [ -0.228, 52.27 ], [ -0.217, 52.289 ], [ -0.219, 52.297 ], [ -0.207, 52.32 ] ], [ [ -0.204, 52.321 ], [ -0.184, 52.316 ], [ -0.18, 52.326 ], [ -0.157, 52.337 ], [ -0.146, 52.335 ] ], [ [ -0.135, 52.332 ], [ -0.121, 52.331 ], [ -0.116, 52.322 ], [ -0.106, 52.32 ], [ -0.097, 52.327 ], [ -0.082, 52.327 ], [ -0.074, 52.322 ], [ -0.07, 52.312 ], [ -0.055, 52.316 ], [ -0.016, 52.312 ], [ 0.009, 52.335 ], [ 0.01, 52.342 ], [ 0.032, 52.353 ], [ 0.044, 52.353 ] ], [ [ 0.253, 52.348 ], [ 0.269, 52.389 ], [ 0.268, 52.394 ], [ 0.293, 52.4 ] ], [ [ 0.319, 52.462 ], [ 0.346, 52.486 ], [ 0.364, 52.498 ], [ 0.373, 52.507 ], [ 0.374, 52.517 ], [ 0.358, 52.531 ], [ 0.363, 52.549 ], [ 0.344, 52.566 ] ], [ [ 0.343, 52.567 ], [ 0.341, 52.591 ], [ 0.354, 52.598 ], [ 0.365, 52.611 ], [ 0.368, 52.643 ], [ 0.36, 52.666 ], [ 0.373, 52.687 ], [ 0.372, 52.693 ], [ 0.36, 52.701 ] ], [ [ 0.39, 52.743 ], [ 0.394, 52.748 ], [ 0.391, 52.754 ] ] ] } },
{ "type": "Feature", "properties": { "name1": "River Thames", "name2": "Athens", "Strahler Stream Order": 6, "long_name": "Thames", "short_name": "Thames" }, "geometry": { "type": "LineString", "coordinates": [ [ -0.63, 51.492 ], [ -0.627, 51.491 ] ] } },
{ "type": "Feature", "properties": { "name1": "Stanford Brook", "name2": " ", "Strahler Stream Order": 4, "long_name": "Thames", "short_name": "Thames" }, "geometry": { "type": "LineString", "coordinates": [ [ -0.623, 51.281 ], [ -0.618, 51.282 ] ] } },
{ "type": "Feature", "properties": { "name1": "Twyford Brook", "name2": " ", "Strahler Stream Order": 4, "long_name": "Thames", "short_name": "Thames" }, "geometry": { "type": "LineString", "coordinates": [ [ -0.858, 51.466 ], [ -0.865, 51.471 ], [ -0.871, 51.478 ] ] } },
{ "type": "Feature", "properties": { "name1": "Great Brook", "name2": " ", "Strahler Stream Order": 4, "long_name": "Thames", "short_name": "Thames" }, "geometry": { "type": "LineString", "coordinates": [ [ -1.498, 51.711 ], [ -1.495, 51.713 ], [ -1.46, 51.713 ] ] } },
{ "type": "Feature", "properties": { "name1": "Shiplake Hole", "name2": "River Thames", "Strahler Stream Order": 6, "long_name": "Thames", "short_name": "Thames" }, "geometry": { "type": "LineString", "coordinates": [ [ -0.894, 51.495 ], [ -0.894, 51.496 ] ] } },
{ "type": "Feature", "properties": { "name1": "River Thames", "name2": "River Isis", "Strahler Stream Order": 5, "long_name": "Thames", "short_name": "Thames" }, "geometry": { "type": "MultiLineString", "coordinates": [ [ [ -1.317, 51.788 ], [ -1.309, 51.789 ] ], [ [ -1.28, 51.659 ], [ -1.283, 51.649 ], [ -1.276, 51.646 ] ] ] } },
{ "type": "Feature", "properties": { "name1": "The Bourne", "name2": " ", "Strahler Stream Order": 4, "long_name": "Thames", "short_name": "Thames" }, "geometry": { "type": "MultiLineString", "coordinates": [ [ [ -0.562, 51.343 ], [ -0.549, 51.349 ], [ -0.526, 51.347 ], [ -0.516, 51.355 ], [ -0.497, 51.354 ], [ -0.491, 51.366 ], [ -0.466, 51.372 ] ], [ [ -0.514, 51.396 ], [ -0.5, 51.385 ], [ -0.463, 51.379 ] ], [ [ -0.51, 51.312 ], [ -0.503, 51.308 ] ] ] } },
{ "type": "Feature", "properties": { "name1": "River Thames", "name2": "Henley Reach", "Strahler Stream Order": 6, "long_name": "Thames", "short_name": "Thames" }, "geometry": { "type": "LineString", "coordinates": [ [ -0.898, 51.544 ], [ -0.893, 51.551 ] ] } },
{ "type": "Feature", "properties": { "name1": "River Ouzel", "name2": " ", "Strahler Stream Order": 4, "long_name": "Thames", "short_name": "Thames" }, "geometry": { "type": "LineString", "coordinates": [ [ -0.668, 51.914 ], [ -0.663, 51.925 ], [ -0.67, 51.935 ], [ -0.693, 51.939 ], [ -0.696, 51.948 ], [ -0.707, 51.948 ], [ -0.704, 51.961 ], [ -0.718, 51.983 ], [ -0.708, 51.993 ], [ -0.713, 51.998 ], [ -0.708, 52.008 ], [ -0.71, 52.02 ], [ -0.717, 52.036 ], [ -0.725, 52.042 ], [ -0.714, 52.046 ], [ -0.715, 52.06 ], [ -0.708, 52.065 ], [ -0.709, 52.079 ], [ -0.723, 52.082 ], [ -0.717, 52.088 ] ] } },
{ "type": "Feature", "properties": { "name1": "River Ember", "name2": " ", "Strahler Stream Order": 4, "long_name": "Thames", "short_name": "Thames" }, "geometry": { "type": "LineString", "coordinates": [ [ -0.372, 51.387 ], [ -0.359, 51.387 ], [ -0.356, 51.395 ], [ -0.339, 51.401 ] ] } },
{ "type": "Feature", "properties": { "name1": "River Windrush", "name2": "Corner Hole", "Strahler Stream Order": 4, "long_name": "Thames", "short_name": "Thames" }, "geometry": { "type": "LineString", "coordinates": [ [ -1.511, 51.804 ], [ -1.509, 51.804 ] ] } },
{ "type": "Feature", "properties": { "name1": "River Wey", "name2": "Bluegates Hole", "Strahler Stream Order": 5, "long_name": "Thames", "short_name": "Thames" }, "geometry": { "type": "LineString", "coordinates": [ [ -0.463, 51.337 ], [ -0.464, 51.338 ] ] } },
{ "type": "Feature", "properties": { "name1": "River Kennet", "name2": " ", "Strahler Stream Order": 4, "long_name": "Thames", "short_name": "Thames" }, "geometry": { "type": "MultiLineString", "coordinates": [ [ [ -1.494, 51.412 ], [ -1.471, 51.411 ], [ -1.461, 51.405 ], [ -1.411, 51.409 ], [ -1.406, 51.402 ], [ -1.381, 51.397 ], [ -1.373, 51.4 ], [ -1.353, 51.399 ], [ -1.349, 51.402 ], [ -1.319, 51.401 ], [ -1.292, 51.403 ], [ -1.284, 51.396 ], [ -1.263, 51.387 ], [ -1.249, 51.387 ], [ -1.244, 51.393 ], [ -1.233, 51.39 ], [ -1.202, 51.39 ], [ -1.164, 51.395 ], [ -1.147, 51.391 ], [ -1.125, 51.396 ], [ -1.125, 51.402 ], [ -1.112, 51.414 ], [ -1.093, 51.424 ], [ -1.075, 51.426 ], [ -1.063, 51.434 ], [ -1.035, 51.434 ], [ -1.022, 51.432 ] ], [ [ -1.016, 51.433 ], [ -0.998, 51.436 ] ], [ [ -0.986, 51.434 ], [ -0.976, 51.436 ], [ -0.974, 51.451 ], [ -0.949, 51.459 ] ] ] } },
{ "type": "Feature", "properties": { "name1": "Padbury Brook", "name2": " ", "Strahler Stream Order": 4, "long_name": "Thames", "short_name": "Thames" }, "geometry": { "type": "LineString", "coordinates": [ [ -0.978, 51.956 ], [ -0.964, 51.971 ], [ -0.959, 51.989 ], [ -0.936, 51.987 ], [ -0.941, 52.002 ] ] } },
{ "type": "Feature", "properties": { "name1": "River Ray", "name2": " ", "Strahler Stream Order": 4, "long_name": "Thames", "short_name": "Thames" }, "geometry": { "type": "LineString", "coordinates": [ [ -1.174, 51.847 ], [ -1.173, 51.843 ], [ -1.185, 51.824 ], [ -1.22, 51.824 ], [ -1.242, 51.819 ] ] } },
{ "type": "Feature", "properties": { "name1": "Claydon Brook", "name2": " ", "Strahler Stream Order": 4, "long_name": "Thames", "short_name": "Thames" }, "geometry": { "type": "LineString", "coordinates": [ [ -0.943, 51.951 ], [ -0.956, 51.955 ], [ -0.978, 51.956 ] ] } },
{ "type": "Feature", "properties": { "name1": "River Wey", "name2": " ", "Strahler Stream Order": 5, "long_name": "Thames", "short_name": "Thames" }, "geometry": { "type": "MultiLineString", "coordinates": [ [ [ -0.854, 51.115 ], [ -0.857, 51.117 ], [ -0.834, 51.133 ], [ -0.833, 51.141 ], [ -0.815, 51.145 ], [ -0.817, 51.15 ], [ -0.805, 51.155 ], [ -0.802, 51.168 ], [ -0.771, 51.172 ], [ -0.755, 51.184 ], [ -0.727, 51.189 ], [ -0.706, 51.186 ], [ -0.694, 51.192 ], [ -0.683, 51.187 ] ], [ [ -0.682, 51.187 ], [ -0.665, 51.187 ], [ -0.655, 51.181 ], [ -0.639, 51.191 ], [ -0.625, 51.191 ], [ -0.605, 51.187 ], [ -0.585, 51.198 ], [ -0.573, 51.21 ], [ -0.583, 51.251 ], [ -0.566, 51.255 ], [ -0.541, 51.266 ], [ -0.534, 51.274 ], [ -0.549, 51.285 ], [ -0.542, 51.302 ], [ -0.529, 51.298 ], [ -0.509, 51.308 ], [ -0.5, 51.307 ], [ -0.491, 51.315 ], [ -0.475, 51.316 ], [ -0.481, 51.324 ], [ -0.462, 51.33 ], [ -0.463, 51.337 ] ], [ [ -0.464, 51.338 ], [ -0.468, 51.347 ], [ -0.466, 51.356 ], [ -0.475, 51.364 ], [ -0.46, 51.379 ] ], [ [ -0.459, 51.379 ], [ -0.458, 51.38 ] ] ] } },
{ "type": "Feature", "properties": { "name1": "Blackwater River", "name2": " ", "Strahler Stream Order": 5, "long_name": "Thames", "short_name": "Thames" }, "geometry": { "type": "MultiLineString", "coordinates": [ [ [ -0.946, 51.372 ], [ -0.958, 51.385 ] ], [ [ -0.864, 51.354 ], [ -0.876, 51.352 ], [ -0.893, 51.356 ], [ -0.921, 51.366 ], [ -0.931, 51.364 ], [ -0.944, 51.37 ] ], [ [ -0.766, 51.323 ], [ -0.785, 51.339 ], [ -0.798, 51.342 ], [ -0.813, 51.341 ], [ -0.828, 51.353 ], [ -0.848, 51.352 ], [ -0.862, 51.354 ] ] ] } },
{ "type": "Feature", "properties": { "name1": "River Whitewater", "name2": " ", "Strahler Stream Order": 4, "long_name": "Thames", "short_name": "Thames" }, "geometry": { "type": "LineString", "coordinates": [ [ -0.937, 51.342 ], [ -0.942, 51.356 ], [ -0.936, 51.366 ] ] } },
{ "type": "Feature", "properties": { "name1": "River Evenlode", "name2": " ", "Strahler Stream Order": 4, "long_name": "Thames", "short_name": "Thames" }, "geometry": { "type": "LineString", "coordinates": [ [ -1.633, 51.9 ], [ -1.608, 51.879 ], [ -1.603, 51.869 ], [ -1.572, 51.862 ], [ -1.558, 51.875 ], [ -1.549, 51.873 ], [ -1.543, 51.881 ], [ -1.522, 51.882 ], [ -1.488, 51.876 ], [ -1.49, 51.869 ], [ -1.466, 51.849 ], [ -1.455, 51.847 ], [ -1.433, 51.837 ], [ -1.426, 51.843 ], [ -1.395, 51.83 ], [ -1.379, 51.833 ], [ -1.359, 51.814 ], [ -1.367, 51.807 ], [ -1.366, 51.794 ], [ -1.337, 51.785 ] ] } },
{ "type": "Feature", "properties": { "name1": "River Thames", "name2": "Halfway Reach", "Strahler Stream Order": 6, "long_name": "Hertfordshire and North London", "short_name": "Herts and North London" }, "geometry": { "type": "LineString", "coordinates": [ [ 0.135, 51.516 ], [ 0.158, 51.509 ] ] } },
{ "type": "Feature", "properties": { "name1": "River Beane", "name2": " ", "Strahler Stream Order": 4, "long_name": "Hertfordshire and North London", "short_name": "Herts and North London" }, "geometry": { "type": "LineString", "coordinates": [ [ -0.091, 51.846 ], [ -0.098, 51.836 ], [ -0.093, 51.831 ], [ -0.095, 51.807 ], [ -0.09, 51.799 ], [ -0.072, 51.803 ] ] } },
{ "type": "Feature", "properties": { "name1": "River Thames", "name2": "Bugsby's Reach", "Strahler Stream Order": 6, "long_name": "Hertfordshire and North London", "short_name": "Herts and North London" }, "geometry": { "type": "LineString", "coordinates": [ [ -0.003, 51.505 ], [ 0.008, 51.505 ] ] } },
{ "type": "Feature", "properties": { "name1": "Woolwich Reach", "name2": "River Thames", "Strahler Stream Order": 6, "long_name": "Hertfordshire and North London", "short_name": "Herts and North London" }, "geometry": { "type": "LineString", "coordinates": [ [ 0.008, 51.505 ], [ 0.024, 51.496 ], [ 0.06, 51.496 ], [ 0.074, 51.498 ], [ 0.088, 51.51 ], [ 0.1, 51.512 ] ] } },
{ "type": "Feature", "properties": { "name1": " ", "name2": " ", "Strahler Stream Order": 6, "long_name": "Hertfordshire and North London", "short_name": "Herts and North London" }, "geometry": { "type": "MultiLineString", "coordinates": [ [ [ -1.521, 51.8 ], [ -1.52, 51.8 ] ], [ [ -1.29, 51.774 ], [ -1.289, 51.772 ] ], [ [ -0.995, 51.346 ], [ -0.994, 51.348 ] ], [ [ -0.967, 51.382 ], [ -0.966, 51.382 ] ], [ [ -0.943, 51.37 ], [ -0.946, 51.372 ] ], [ [ -0.914, 51.476 ], [ -0.91, 51.479 ] ], [ [ -0.893, 51.551 ], [ -0.89, 51.555 ] ], [ [ -0.838, 51.303 ], [ -0.852, 51.3 ], [ -0.877, 51.307 ] ], [ [ -0.861, 51.354 ], [ -0.864, 51.354 ] ], [ [ -0.683, 51.187 ], [ -0.682, 51.187 ] ], [ [ -0.653, 51.486 ], [ -0.651, 51.486 ] ], [ [ -0.625, 51.491 ], [ -0.625, 51.49 ] ], [ [ -0.463, 51.379 ], [ -0.461, 51.379 ] ], [ [ -0.46, 51.379 ], [ -0.459, 51.379 ] ], [ [ -0.419, 51.394 ], [ -0.418, 51.395 ] ], [ [ -0.073, 51.505 ], [ -0.062, 51.502 ] ], [ [ -0.045, 51.596 ], [ -0.051, 51.588 ] ], [ [ -0.023, 51.475 ], [ -0.022, 51.476 ] ], [ [ -0.011, 51.688 ], [ -0.01, 51.685 ] ], [ [ -0.011, 51.68 ], [ -0.01, 51.677 ] ], [ [ 0.171, 51.505 ], [ 0.176, 51.5 ] ], [ [ 0.203, 51.485 ], [ 0.215, 51.486 ], [ 0.254, 51.467 ] ], [ [ 0.292, 51.463 ], [ 0.299, 51.465 ] ], [ [ 0.371, 51.449 ], [ 0.38, 51.449 ] ] ] } },
{ "type": "Feature", "properties": { "name1": "River Lea", "name2": "Bow Creek", "Strahler Stream Order": 5, "long_name": "Hertfordshire and North London", "short_name": "Herts and North London" }, "geometry": { "type": "LineString", "coordinates": [ [ -0.008, 51.522 ], [ 0.008, 51.514 ], [ 0.008, 51.505 ] ] } },
{ "type": "Feature", "properties": { "name1": "River Thames", "name2": "Cliveden Deep", "Strahler Stream Order": 6, "long_name": "Hertfordshire and North London", "short_name": "Herts and North London" }, "geometry": { "type": "LineString", "coordinates": [ [ -0.691, 51.556 ], [ -0.691, 51.552 ] ] } },
{ "type": "Feature", "properties": { "name1": "River Thames", "name2": " ", "Strahler Stream Order": 6, "long_name": "Hertfordshire and North London", "short_name": "Herts and North London" }, "geometry": { "type": "MultiLineString", "coordinates": [ [ [ -1.853, 51.645 ], [ -1.82, 51.644 ], [ -1.808, 51.663 ], [ -1.792, 51.661 ], [ -1.789, 51.667 ], [ -1.77, 51.668 ], [ -1.768, 51.663 ], [ -1.748, 51.663 ], [ -1.736, 51.668 ], [ -1.727, 51.667 ], [ -1.711, 51.672 ], [ -1.71, 51.682 ], [ -1.694, 51.693 ], [ -1.677, 51.689 ], [ -1.669, 51.681 ], [ -1.653, 51.681 ], [ -1.635, 51.688 ], [ -1.627, 51.684 ], [ -1.607, 51.692 ], [ -1.598, 51.688 ], [ -1.577, 51.7 ], [ -1.556, 51.699 ], [ -1.541, 51.703 ], [ -1.535, 51.698 ], [ -1.516, 51.702 ], [ -1.496, 51.695 ], [ -1.483, 51.702 ], [ -1.463, 51.701 ], [ -1.46, 51.713 ], [ -1.441, 51.712 ], [ -1.438, 51.708 ], [ -1.416, 51.71 ], [ -1.392, 51.706 ], [ -1.378, 51.714 ], [ -1.367, 51.73 ], [ -1.374, 51.737 ], [ -1.365, 51.749 ], [ -1.361, 51.774 ], [ -1.347, 51.777 ], [ -1.335, 51.786 ], [ -1.317, 51.788 ] ], [ [ -1.309, 51.789 ], [ -1.304, 51.781 ], [ -1.29, 51.774 ] ], [ [ -1.289, 51.772 ], [ -1.273, 51.757 ], [ -1.271, 51.748 ], [ -1.258, 51.747 ], [ -1.242, 51.737 ], [ -1.242, 51.721 ], [ -1.232, 51.71 ], [ -1.233, 51.703 ], [ -1.221, 51.685 ], [ -1.23, 51.673 ], [ -1.25, 51.666 ], [ -1.267, 51.671 ], [ -1.284, 51.666 ], [ -1.28, 51.659 ] ], [ [ -1.276, 51.646 ], [ -1.263, 51.65 ], [ -1.233, 51.641 ], [ -1.211, 51.643 ], [ -1.21, 51.656 ], [ -1.196, 51.659 ], [ -1.183, 51.656 ], [ -1.177, 51.647 ], [ -1.179, 51.635 ], [ -1.154, 51.636 ], [ -1.144, 51.625 ], [ -1.116, 51.62 ], [ -1.114, 51.61 ], [ -1.122, 51.598 ], [ -1.126, 51.584 ], [ -1.125, 51.571 ], [ -1.138, 51.564 ], [ -1.147, 51.553 ], [ -1.14, 51.543 ] ], [ [ -1.14, 51.542 ], [ -1.134, 51.536 ], [ -1.143, 51.517 ], [ -1.135, 51.511 ], [ -1.119, 51.512 ], [ -1.109, 51.505 ], [ -1.103, 51.49 ], [ -1.087, 51.486 ], [ -1.067, 51.491 ], [ -1.05, 51.492 ], [ -1.039, 51.487 ], [ -1.034, 51.474 ] ], [ [ -1.028, 51.472 ], [ -1.014, 51.467 ] ], [ [ -1.012, 51.467 ], [ -1.008, 51.468 ] ], [ [ -1.003, 51.47 ], [ -0.979, 51.467 ], [ -0.969, 51.461 ], [ -0.959, 51.463 ], [ -0.946, 51.459 ], [ -0.93, 51.468 ], [ -0.921, 51.468 ], [ -0.914, 51.476 ] ], [ [ -0.91, 51.479 ], [ -0.899, 51.486 ], [ -0.894, 51.495 ] ], [ [ -0.894, 51.497 ], [ -0.872, 51.508 ], [ -0.881, 51.513 ], [ -0.878, 51.523 ], [ -0.9, 51.536 ], [ -0.898, 51.544 ] ], [ [ -0.89, 51.555 ], [ -0.887, 51.56 ], [ -0.871, 51.56 ], [ -0.861, 51.548 ], [ -0.848, 51.545 ], [ -0.811, 51.553 ], [ -0.793, 51.551 ], [ -0.783, 51.556 ], [ -0.777, 51.566 ], [ -0.757, 51.565 ], [ -0.738, 51.574 ], [ -0.719, 51.578 ], [ -0.711, 51.564 ], [ -0.693, 51.56 ], [ -0.691, 51.556 ] ], [ [ -0.691, 51.552 ], [ -0.702, 51.526 ], [ -0.704, 51.512 ], [ -0.689, 51.509 ], [ -0.679, 51.495 ], [ -0.666, 51.488 ], [ -0.653, 51.486 ] ], [ [ -0.651, 51.486 ], [ -0.647, 51.49 ], [ -0.63, 51.492 ] ], [ [ -0.627, 51.491 ], [ -0.625, 51.49 ] ], [ [ -0.625, 51.49 ], [ -0.61, 51.485 ], [ -0.6, 51.494 ], [ -0.581, 51.48 ], [ -0.585, 51.474 ], [ -0.575, 51.469 ], [ -0.574, 51.453 ], [ -0.558, 51.444 ], [ -0.544, 51.441 ] ], [ [ -0.54, 51.439 ], [ -0.511, 51.431 ], [ -0.513, 51.417 ], [ -0.495, 51.413 ] ], [ [ -0.493, 51.406 ], [ -0.485, 51.387 ], [ -0.476, 51.39 ], [ -0.463, 51.379 ] ], [ [ -0.461, 51.379 ], [ -0.442, 51.39 ], [ -0.434, 51.384 ], [ -0.419, 51.394 ] ], [ [ -0.418, 51.395 ], [ -0.411, 51.404 ], [ -0.392, 51.41 ], [ -0.374, 51.408 ], [ -0.36, 51.412 ], [ -0.339, 51.401 ] ], [ [ -0.333, 51.396 ], [ -0.32, 51.392 ], [ -0.309, 51.401 ], [ -0.308, 51.425 ], [ -0.326, 51.432 ], [ -0.329, 51.444 ], [ -0.306, 51.449 ], [ -0.303, 51.454 ], [ -0.321, 51.465 ], [ -0.319, 51.471 ], [ -0.307, 51.475 ], [ -0.298, 51.484 ], [ -0.279, 51.484 ], [ -0.265, 51.471 ], [ -0.254, 51.473 ] ], [ [ -0.243, 51.488 ], [ -0.227, 51.486 ], [ -0.225, 51.475 ], [ -0.208, 51.465 ], [ -0.196, 51.464 ] ], [ [ -0.168, 51.482 ], [ -0.146, 51.485 ], [ -0.134, 51.484 ], [ -0.123, 51.493 ], [ -0.121, 51.506 ], [ -0.113, 51.51 ], [ -0.098, 51.51 ], [ -0.073, 51.505 ] ], [ [ -0.062, 51.502 ], [ -0.05, 51.506 ] ], [ [ -0.038, 51.508 ], [ -0.03, 51.505 ], [ -0.029, 51.491 ], [ -0.02, 51.485 ], [ -0.002, 51.487 ], [ -0.003, 51.505 ] ], [ [ 0.335, 51.452 ], [ 0.343, 51.449 ], [ 0.37, 51.449 ] ], [ [ 0.419, 51.45 ], [ 0.441, 51.455 ], [ 0.456, 51.486 ], [ 0.484, 51.5 ], [ 0.555, 51.502 ], [ 0.585, 51.505 ], [ 0.592, 51.503 ], [ 0.635, 51.501 ], [ 0.678, 51.503 ] ] ] } },
{ "type": "Feature", "properties": { "name1": "Deptford Creek", "name2": " ", "Strahler Stream Order": 4, "long_name": "Hertfordshire and North London", "short_name": "Herts and North London" }, "geometry": { "type": "LineString", "coordinates": [ [ -0.022, 51.475 ], [ -0.018, 51.485 ] ] } },
{ "type": "Feature", "properties": { "name1": "River Thames", "name2": "Barking Reach", "Strahler Stream Order": 6, "long_name": "Hertfordshire and North London", "short_name": "Herts and North London" }, "geometry": { "type": "LineString", "coordinates": [ [ 0.1, 51.512 ], [ 0.108, 51.511 ], [ 0.135, 51.516 ] ] } },
{ "type": "Feature", "properties": { "name1": "Warpools Reach", "name2": "River Roding", "Strahler Stream Order": 4, "long_name": "Hertfordshire and North London", "short_name": "Herts and North London" }, "geometry": { "type": "LineString", "coordinates": [ [ 0.092, 51.526 ], [ 0.099, 51.514 ] ] } },
{ "type": "Feature", "properties": { "name1": "River Lea", "name2": "River Lee", "Strahler Stream Order": 4, "long_name": "Hertfordshire and North London", "short_name": "Herts and North London" }, "geometry": { "type": "MultiLineString", "coordinates": [ [ [ -0.072, 51.803 ], [ -0.047, 51.811 ], [ -0.024, 51.809 ] ], [ [ -0.051, 51.588 ], [ -0.056, 51.584 ] ], [ [ -0.021, 51.664 ], [ -0.022, 51.65 ], [ -0.031, 51.641 ], [ -0.031, 51.628 ], [ -0.042, 51.609 ], [ -0.057, 51.588 ], [ -0.056, 51.584 ] ], [ [ -0.056, 51.584 ], [ -0.059, 51.573 ], [ -0.047, 51.562 ], [ -0.028, 51.561 ], [ -0.019, 51.552 ], [ -0.016, 51.542 ] ], [ [ -0.01, 51.662 ], [ -0.013, 51.64 ], [ -0.026, 51.621 ], [ -0.041, 51.605 ], [ -0.045, 51.596 ] ], [ [ -0.001, 51.797 ], [ 0.006, 51.781 ], [ 0.002, 51.776 ], [ 0.013, 51.766 ], [ 0.013, 51.757 ], [ 0.004, 51.756 ], [ 0.001, 51.745 ], [ -0.013, 51.743 ], [ -0.015, 51.712 ], [ -0.009, 51.706 ] ] ] } },
{ "type": "Feature", "properties": { "name1": "River Roding", "name2": "Long Mark", "Strahler Stream Order": 4, "long_name": "Hertfordshire and North London", "short_name": "Herts and North London" }, "geometry": { "type": "LineString", "coordinates": [ [ 0.079, 51.529 ], [ 0.092, 51.526 ] ] } },
{ "type": "Feature", "properties": { "name1": "Three Mills Wall River", "name2": " ", "Strahler Stream Order": 5, "long_name": "Hertfordshire and North London", "short_name": "Herts and North London" }, "geometry": { "type": "LineString", "coordinates": [ [ -0.009, 51.533 ], [ -0.008, 51.527 ] ] } },
{ "type": "Feature", "properties": { "name1": "River Lea", "name2": "Amwell Magna Fishery", "Strahler Stream Order": 4, "long_name": "Hertfordshire and North London", "short_name": "Herts and North London" }, "geometry": { "type": "LineString", "coordinates": [ [ -0.024, 51.809 ], [ -0.001, 51.797 ] ] } },
{ "type": "Feature", "properties": { "name1": "River Lea", "name2": "Rammey Marsh Flood Relief Channel", "Strahler Stream Order": 4, "long_name": "Hertfordshire and North London", "short_name": "Herts and North London" }, "geometry": { "type": "MultiLineString", "coordinates": [ [ [ -0.011, 51.685 ], [ -0.011, 51.679 ] ], [ [ -0.01, 51.677 ], [ -0.01, 51.662 ] ] ] } },
{ "type": "Feature", "properties": { "name1": "River Roding", "name2": " ", "Strahler Stream Order": 4, "long_name": "Hertfordshire and North London", "short_name": "Herts and North London" }, "geometry": { "type": "MultiLineString", "coordinates": [ [ [ 0.255, 51.7 ], [ 0.255, 51.69 ], [ 0.244, 51.688 ], [ 0.229, 51.675 ], [ 0.215, 51.675 ], [ 0.208, 51.661 ], [ 0.191, 51.66 ], [ 0.192, 51.654 ], [ 0.168, 51.656 ], [ 0.155, 51.661 ], [ 0.137, 51.66 ], [ 0.095, 51.647 ], [ 0.089, 51.641 ], [ 0.077, 51.639 ], [ 0.052, 51.624 ], [ 0.048, 51.603 ], [ 0.041, 51.599 ], [ 0.043, 51.579 ], [ 0.04, 51.575 ], [ 0.054, 51.561 ], [ 0.068, 51.555 ], [ 0.071, 51.537 ] ], [ [ 0.099, 51.514 ], [ 0.1, 51.512 ] ] ] } },
{ "type": "Feature", "properties": { "name1": "River Thames", "name2": "Corney Reach", "Strahler Stream Order": 6, "long_name": "Hertfordshire and North London", "short_name": "Herts and North London" }, "geometry": { "type": "LineString", "coordinates": [ [ -0.254, 51.473 ], [ -0.243, 51.488 ] ] } },
{ "type": "Feature", "properties": { "name1": "Waterworks River", "name2": " ", "Strahler Stream Order": 5, "long_name": "Hertfordshire and North London", "short_name": "Herts and North London" }, "geometry": { "type": "LineString", "coordinates": [ [ -0.016, 51.542 ], [ -0.009, 51.533 ] ] } },
{ "type": "Feature", "properties": { "name1": "Small River Lee", "name2": " ", "Strahler Stream Order": 4, "long_name": "Hertfordshire and North London", "short_name": "Herts and North London" }, "geometry": { "type": "LineString", "coordinates": [ [ -0.023, 51.667 ], [ -0.021, 51.664 ] ] } },
{ "type": "Feature", "properties": { "name1": "River Thames", "name2": "Erith Reach", "Strahler Stream Order": 6, "long_name": "Hertfordshire and North London", "short_name": "Herts and North London" }, "geometry": { "type": "MultiLineString", "coordinates": [ [ [ 0.158, 51.509 ], [ 0.171, 51.505 ] ], [ [ 0.176, 51.5 ], [ 0.177, 51.496 ] ] ] } },
{ "type": "Feature", "properties": { "name1": "River Thames", "name2": "Lower Pool", "Strahler Stream Order": 6, "long_name": "Hertfordshire and North London", "short_name": "Herts and North London" }, "geometry": { "type": "LineString", "coordinates": [ [ -0.05, 51.506 ], [ -0.038, 51.508 ] ] } },
{ "type": "Feature", "properties": { "name1": "River Lea", "name2": "Horsemill Stream", "Strahler Stream Order": 4, "long_name": "Hertfordshire and North London", "short_name": "Herts and North London" }, "geometry": { "type": "LineString", "coordinates": [ [ -0.009, 51.706 ], [ -0.014, 51.7 ], [ -0.011, 51.688 ] ] } },
{ "type": "Feature", "properties": { "name1": "Bow Creek", "name2": " ", "Strahler Stream Order": 5, "long_name": "Hertfordshire and North London", "short_name": "Herts and North London" }, "geometry": { "type": "LineString", "coordinates": [ [ -0.008, 51.527 ], [ -0.008, 51.522 ] ] } },
{ "type": "Feature", "properties": { "name1": "River Thames", "name2": "Erith Rands", "Strahler Stream Order": 6, "long_name": "Hertfordshire and North London", "short_name": "Herts and North London" }, "geometry": { "type": "LineString", "coordinates": [ [ 0.177, 51.496 ], [ 0.188, 51.484 ], [ 0.203, 51.485 ] ] } },
{ "type": "Feature", "properties": { "name1": "River Roding", "name2": "Mill Pool", "Strahler Stream Order": 4, "long_name": "Hertfordshire and North London", "short_name": "Herts and North London" }, "geometry": { "type": "LineString", "coordinates": [ [ 0.071, 51.537 ], [ 0.079, 51.529 ] ] } },
{ "type": "Feature", "properties": { "name1": "River Thames", "name2": "Battersea Reach", "Strahler Stream Order": 6, "long_name": "Hertfordshire and North London", "short_name": "Herts and North London" }, "geometry": { "type": "LineString", "coordinates": [ [ -0.196, 51.464 ], [ -0.181, 51.469 ], [ -0.176, 51.48 ], [ -0.168, 51.482 ] ] } },
{ "type": "Feature", "properties": { "name1": "Old Caul", "name2": "Liddel Water", "Strahler Stream Order": 4, "long_name": "Cumbria and Lancashire", "short_name": "Cumbria and Lancashire" }, "geometry": { "type": "LineString", "coordinates": [ [ -2.872, 55.105 ], [ -2.871, 55.1 ] ] } },
{ "type": "Feature", "properties": { "name1": "River Lune", "name2": " ", "Strahler Stream Order": 5, "long_name": "Cumbria and Lancashire", "short_name": "Cumbria and Lancashire" }, "geometry": { "type": "MultiLineString", "coordinates": [ [ [ -2.792, 54.061 ], [ -2.802, 54.052 ], [ -2.812, 54.055 ], [ -2.843, 54.046 ], [ -2.843, 54.039 ], [ -2.831, 54.028 ], [ -2.832, 54.009 ], [ -2.839, 54.001 ], [ -2.854, 54.003 ], [ -2.87, 54.001 ], [ -2.874, 53.985 ], [ -2.9, 53.974 ], [ -2.913, 53.976 ], [ -2.95, 53.973 ], [ -2.969, 53.975 ] ], [ [ -2.735, 54.076 ], [ -2.772, 54.075 ], [ -2.789, 54.069 ], [ -2.792, 54.062 ] ], [ [ -2.572, 54.3 ], [ -2.578, 54.288 ], [ -2.586, 54.282 ], [ -2.584, 54.268 ], [ -2.59, 54.257 ], [ -2.598, 54.253 ], [ -2.594, 54.238 ], [ -2.603, 54.232 ], [ -2.601, 54.22 ], [ -2.585, 54.213 ], [ -2.591, 54.193 ], [ -2.6, 54.175 ], [ -2.599, 54.167 ], [ -2.62, 54.158 ], [ -2.621, 54.147 ], [ -2.638, 54.136 ], [ -2.645, 54.126 ], [ -2.641, 54.12 ], [ -2.652, 54.116 ], [ -2.665, 54.103 ], [ -2.697, 54.09 ], [ -2.698, 54.08 ], [ -2.719, 54.084 ], [ -2.732, 54.076 ] ], [ [ -2.6, 54.41 ], [ -2.598, 54.404 ] ], [ [ -2.6, 54.425 ], [ -2.599, 54.42 ] ], [ [ -2.571, 54.444 ], [ -2.588, 54.445 ], [ -2.599, 54.441 ], [ -2.6, 54.427 ] ], [ [ -2.6, 54.416 ], [ -2.599, 54.413 ] ], [ [ -2.599, 54.413 ], [ -2.599, 54.411 ] ], [ [ -2.597, 54.418 ], [ -2.599, 54.417 ] ], [ [ -2.598, 54.403 ], [ -2.602, 54.401 ], [ -2.576, 54.379 ] ], [ [ -2.585, 54.362 ], [ -2.588, 54.36 ] ], [ [ -2.586, 54.357 ], [ -2.583, 54.356 ] ], [ [ -2.584, 54.308 ], [ -2.583, 54.306 ] ], [ [ -2.584, 54.304 ], [ -2.583, 54.304 ] ], [ [ -2.583, 54.31 ], [ -2.583, 54.309 ] ], [ [ -2.582, 54.312 ], [ -2.582, 54.311 ] ], [ [ -2.582, 54.303 ], [ -2.573, 54.301 ] ], [ [ -2.578, 54.376 ], [ -2.58, 54.364 ] ], [ [ -2.579, 54.317 ], [ -2.579, 54.316 ] ], [ [ -2.577, 54.318 ], [ -2.579, 54.317 ] ], [ [ -2.577, 54.352 ], [ -2.573, 54.351 ] ], [ [ -2.576, 54.32 ], [ -2.576, 54.319 ] ], [ [ -2.575, 54.347 ], [ -2.575, 54.346 ] ], [ [ -2.574, 54.345 ], [ -2.572, 54.343 ] ], [ [ -2.567, 54.325 ], [ -2.573, 54.321 ] ], [ [ -2.571, 54.34 ], [ -2.571, 54.339 ] ], [ [ -2.57, 54.336 ], [ -2.57, 54.331 ] ], [ [ -2.57, 54.33 ], [ -2.568, 54.326 ] ], [ [ -2.553, 54.445 ], [ -2.567, 54.446 ] ] ] } },
{ "type": "Feature", "properties": { "name1": "River Wyre", "name2": " ", "Strahler Stream Order": 5, "long_name": "Cumbria and Lancashire", "short_name": "Cumbria and Lancashire" }, "geometry": { "type": "MultiLineString", "coordinates": [ [ [ -2.967, 53.872 ], [ -2.973, 53.882 ], [ -2.999, 53.893 ], [ -3.004, 53.902 ], [ -3.0, 53.915 ], [ -3.003, 53.928 ], [ -3.014, 53.932 ], [ -3.025, 53.954 ] ], [ [ -2.667, 53.981 ], [ -2.676, 53.978 ], [ -2.696, 53.978 ], [ -2.71, 53.982 ], [ -2.735, 53.974 ], [ -2.741, 53.957 ], [ -2.756, 53.952 ], [ -2.769, 53.931 ], [ -2.763, 53.927 ], [ -2.772, 53.916 ], [ -2.764, 53.912 ], [ -2.773, 53.898 ], [ -2.784, 53.894 ], [ -2.775, 53.881 ], [ -2.795, 53.878 ], [ -2.811, 53.871 ], [ -2.811, 53.863 ], [ -2.837, 53.865 ], [ -2.853, 53.859 ], [ -2.865, 53.859 ], [ -2.873, 53.866 ], [ -2.897, 53.861 ], [ -2.903, 53.865 ], [ -2.922, 53.856 ], [ -2.937, 53.857 ], [ -2.95, 53.852 ], [ -2.958, 53.862 ], [ -2.978, 53.867 ] ] ] } },
{ "type": "Feature", "properties": { "name1": "The Roost", "name2": "River Esk", "Strahler Stream Order": 5, "long_name": "Cumbria and Lancashire", "short_name": "Cumbria and Lancashire" }, "geometry": { "type": "LineString", "coordinates": [ [ -2.986, 54.993 ], [ -2.995, 54.989 ] ] } },
{ "type": "Feature", "properties": { "name1": "Broad Fleet", "name2": " ", "Strahler Stream Order": 4, "long_name": "Cumbria and Lancashire", "short_name": "Cumbria and Lancashire" }, "geometry": { "type": "LineString", "coordinates": [ [ -2.904, 53.962 ], [ -2.907, 53.975 ] ] } },
{ "type": "Feature", "properties": { "name1": "Newlands Beck", "name2": " ", "Strahler Stream Order": 4, "long_name": "Cumbria and Lancashire", "short_name": "Cumbria and Lancashire" }, "geometry": { "type": "LineString", "coordinates": [ [ -3.191, 54.623 ], [ -3.199, 54.629 ], [ -3.2, 54.637 ] ] } },
{ "type": "Feature", "properties": { "name1": "River Wampool", "name2": "Channel of River Wampool", "Strahler Stream Order": 4, "long_name": "Cumbria and Lancashire", "short_name": "Cumbria and Lancashire" }, "geometry": { "type": "MultiLineString", "coordinates": [ [ [ -3.275, 54.894 ], [ -3.291, 54.905 ], [ -3.314, 54.908 ], [ -3.333, 54.906 ], [ -3.343, 54.908 ] ], [ [ -3.223, 54.902 ], [ -3.233, 54.911 ], [ -3.249, 54.914 ], [ -3.265, 54.905 ], [ -3.262, 54.897 ], [ -3.273, 54.895 ] ], [ [ -3.193, 54.912 ], [ -3.198, 54.908 ], [ -3.221, 54.902 ] ] ] } },
{ "type": "Feature", "properties": { "name1": "River Brathay", "name2": "King's Wheel", "Strahler Stream Order": 4, "long_name": "Cumbria and Lancashire", "short_name": "Cumbria and Lancashire" }, "geometry": { "type": "LineString", "coordinates": [ [ -2.978, 54.422 ], [ -2.972, 54.423 ] ] } },
{ "type": "Feature", "properties": { "name1": "River Ehen", "name2": " ", "Strahler Stream Order": 4, "long_name": "Cumbria and Lancashire", "short_name": "Cumbria and Lancashire" }, "geometry": { "type": "MultiLineString", "coordinates": [ [ [ -3.527, 54.502 ], [ -3.521, 54.489 ], [ -3.527, 54.471 ], [ -3.537, 54.465 ], [ -3.531, 54.458 ] ], [ [ -3.53, 54.451 ], [ -3.525, 54.439 ], [ -3.529, 54.43 ], [ -3.507, 54.413 ], [ -3.511, 54.407 ] ] ] } },
{ "type": "Feature", "properties": { "name1": "River Rawthey", "name2": "Chain Dub", "Strahler Stream Order": 4, "long_name": "Cumbria and Lancashire", "short_name": "Cumbria and Lancashire" }, "geometry": { "type": "LineString", "coordinates": [ [ -2.521, 54.32 ], [ -2.52, 54.318 ] ] } },
{ "type": "Feature", "properties": { "name1": "River Derwent", "name2": "Brock Hole", "Strahler Stream Order": 5, "long_name": "Cumbria and Lancashire", "short_name": "Cumbria and Lancashire" }, "geometry": { "type": "LineString", "coordinates": [ [ -3.259, 54.687 ], [ -3.262, 54.686 ] ] } },
{ "type": "Feature", "properties": { "name1": "River Esk", "name2": "Caldron Pool", "Strahler Stream Order": 5, "long_name": "Cumbria and Lancashire", "short_name": "Cumbria and Lancashire" }, "geometry": { "type": "LineString", "coordinates": [ [ -2.954, 55.055 ], [ -2.955, 55.055 ] ] } },
{ "type": "Feature", "properties": { "name1": "River Alt", "name2": " ", "Strahler Stream Order": 5, "long_name": "Cumbria and Lancashire", "short_name": "Cumbria and Lancashire" }, "geometry": { "type": "LineString", "coordinates": [ [ -2.906, 53.471 ], [ -2.931, 53.483 ], [ -2.948, 53.498 ], [ -2.963, 53.501 ], [ -2.968, 53.512 ], [ -3.014, 53.535 ], [ -3.05, 53.544 ], [ -3.06, 53.545 ], [ -3.07, 53.536 ], [ -3.062, 53.529 ], [ -3.066, 53.524 ], [ -3.063, 53.509 ], [ -3.072, 53.499 ], [ -3.079, 53.498 ] ] } },
{ "type": "Feature", "properties": { "name1": "River Calder", "name2": " ", "Strahler Stream Order": 5, "long_name": "Cumbria and Lancashire", "short_name": "Cumbria and Lancashire" }, "geometry": { "type": "LineString", "coordinates": [ [ -2.248, 53.791 ], [ -2.271, 53.816 ], [ -2.283, 53.807 ], [ -2.311, 53.799 ], [ -2.32, 53.794 ], [ -2.334, 53.796 ], [ -2.344, 53.793 ], [ -2.37, 53.802 ], [ -2.399, 53.803 ], [ -2.393, 53.814 ], [ -2.434, 53.83 ], [ -2.444, 53.829 ] ] } },
{ "type": "Feature", "properties": { "name1": " ", "name2": " ", "Strahler Stream Order": 4, "long_name": "Cumbria and Lancashire", "short_name": "Cumbria and Lancashire" }, "geometry": { "type": "MultiLineString", "coordinates": [ [ [ -3.273, 54.895 ], [ -3.275, 54.894 ] ], [ [ -3.221, 54.902 ], [ -3.223, 54.902 ] ] ] } },
{ "type": "Feature", "properties": { "name1": " ", "name2": " ", "Strahler Stream Order": 4, "long_name": "Cumbria and Lancashire", "short_name": "Cumbria and Lancashire" }, "geometry": { "type": "MultiLineString", "coordinates": [ [ [ -3.337, 54.896 ], [ -3.338, 54.897 ], [ -3.331, 54.904 ] ], [ [ -3.293, 54.881 ], [ -3.296, 54.883 ] ], [ [ -3.288, 54.859 ], [ -3.285, 54.859 ] ] ] } },
{ "type": "Feature", "properties": { "name1": "Crossens Pool", "name2": " ", "Strahler Stream Order": 5, "long_name": "Cumbria and Lancashire", "short_name": "Cumbria and Lancashire" }, "geometry": { "type": "MultiLineString", "coordinates": [ [ [ -2.959, 53.697 ], [ -2.95, 53.705 ], [ -2.966, 53.707 ], [ -2.986, 53.706 ], [ -3.0, 53.719 ], [ -3.014, 53.724 ] ], [ [ -2.957, 53.69 ], [ -2.959, 53.697 ] ], [ [ -2.953, 53.691 ], [ -2.956, 53.69 ] ], [ [ -2.945, 53.679 ], [ -2.953, 53.685 ] ], [ [ -2.953, 53.685 ], [ -2.952, 53.69 ] ] ] } },
{ "type": "Feature", "properties": { "name1": "River Yarrow", "name2": " ", "Strahler Stream Order": 4, "long_name": "Cumbria and Lancashire", "short_name": "Cumbria and Lancashire" }, "geometry": { "type": "MultiLineString", "coordinates": [ [ [ -2.591, 53.639 ], [ -2.606, 53.642 ], [ -2.61, 53.635 ], [ -2.626, 53.635 ], [ -2.638, 53.621 ], [ -2.654, 53.633 ], [ -2.657, 53.645 ], [ -2.669, 53.656 ], [ -2.731, 53.657 ], [ -2.745, 53.653 ], [ -2.793, 53.663 ], [ -2.81, 53.662 ] ], [ [ -2.575, 53.626 ], [ -2.59, 53.638 ] ], [ [ -2.577, 53.635 ], [ -2.576, 53.635 ] ] ] } },
{ "type": "Feature", "properties": { "name1": "River Derwent", "name2": " ", "Strahler Stream Order": 5, "long_name": "Cumbria and Lancashire", "short_name": "Cumbria and Lancashire" }, "geometry": { "type": "MultiLineString", "coordinates": [ [ [ -3.526, 54.648 ], [ -3.563, 54.648 ], [ -3.578, 54.653 ] ], [ [ -3.431, 54.667 ], [ -3.435, 54.66 ], [ -3.45, 54.657 ], [ -3.48, 54.658 ], [ -3.487, 54.664 ], [ -3.498, 54.654 ], [ -3.515, 54.658 ], [ -3.523, 54.649 ] ], [ [ -3.399, 54.667 ], [ -3.425, 54.668 ] ], [ [ -3.363, 54.668 ], [ -3.371, 54.664 ], [ -3.397, 54.667 ] ], [ [ -3.262, 54.686 ], [ -3.304, 54.687 ], [ -3.323, 54.69 ], [ -3.348, 54.685 ], [ -3.362, 54.67 ] ], [ [ -3.241, 54.678 ], [ -3.245, 54.684 ], [ -3.259, 54.687 ] ], [ [ -3.154, 54.598 ], [ -3.165, 54.608 ], [ -3.173, 54.624 ], [ -3.183, 54.627 ], [ -3.192, 54.636 ] ], [ [ -3.157, 54.525 ], [ -3.153, 54.533 ], [ -3.156, 54.546 ], [ -3.144, 54.56 ] ], [ [ -3.142, 54.561 ], [ -3.141, 54.564 ] ] ] } },
{ "type": "Feature", "properties": { "name1": "River Belah", "name2": " ", "Strahler Stream Order": 4, "long_name": "Cumbria and Lancashire", "short_name": "Cumbria and Lancashire" }, "geometry": { "type": "LineString", "coordinates": [ [ -2.28, 54.505 ], [ -2.297, 54.502 ], [ -2.311, 54.506 ], [ -2.332, 54.501 ], [ -2.345, 54.508 ], [ -2.357, 54.507 ] ] } },
{ "type": "Feature", "properties": { "name1": "River Lune", "name2": "Nibs Stile Hole", "Strahler Stream Order": 5, "long_name": "Cumbria and Lancashire", "short_name": "Cumbria and Lancashire" }, "geometry": { "type": "LineString", "coordinates": [ [ -2.576, 54.319 ], [ -2.577, 54.318 ] ] } },
{ "type": "Feature", "properties": { "name1": "River Lune", "name2": "Low Miller Dub", "Strahler Stream Order": 5, "long_name": "Cumbria and Lancashire", "short_name": "Cumbria and Lancashire" }, "geometry": { "type": "LineString", "coordinates": [ [ -2.571, 54.339 ], [ -2.57, 54.338 ] ] } },
{ "type": "Feature", "properties": { "name1": "River Esk", "name2": "Channel of River Esk", "Strahler Stream Order": 5, "long_name": "Cumbria and Lancashire", "short_name": "Cumbria and Lancashire" }, "geometry": { "type": "MultiLineString", "coordinates": [ [ [ -3.127, 54.968 ], [ -3.147, 54.952 ], [ -3.177, 54.959 ], [ -3.185, 54.958 ] ], [ [ -3.101, 54.978 ], [ -3.122, 54.972 ] ], [ [ -3.047, 54.979 ], [ -3.049, 54.986 ], [ -3.064, 54.986 ], [ -3.075, 54.979 ], [ -3.099, 54.977 ] ], [ [ -3.041, 54.974 ], [ -3.04, 54.975 ], [ -3.046, 54.978 ] ], [ [ -3.007, 54.976 ], [ -3.034, 54.969 ] ] ] } },
{ "type": "Feature", "properties": { "name1": " ", "name2": " ", "Strahler Stream Order": 4, "long_name": "Cumbria and Lancashire", "short_name": "Cumbria and Lancashire" }, "geometry": { "type": "MultiLineString", "coordinates": [ [ [ -3.466, 55.185 ], [ -3.463, 55.183 ] ], [ [ -3.465, 55.216 ], [ -3.466, 55.215 ], [ -3.465, 55.215 ] ], [ [ -3.422, 55.194 ], [ -3.423, 55.194 ] ], [ [ -3.417, 55.2 ], [ -3.417, 55.198 ] ], [ [ -3.417, 55.164 ], [ -3.415, 55.163 ] ], [ [ -3.415, 55.188 ], [ -3.416, 55.186 ] ], [ [ -3.413, 55.212 ], [ -3.416, 55.211 ] ], [ [ -3.409, 55.164 ], [ -3.408, 55.163 ] ], [ [ -3.364, 55.059 ], [ -3.363, 55.058 ] ], [ [ -3.35, 55.048 ], [ -3.346, 55.048 ] ], [ [ -3.34, 55.047 ], [ -3.336, 55.047 ] ], [ [ -3.326, 55.097 ], [ -3.327, 55.096 ] ], [ [ -3.307, 54.966 ], [ -3.325, 54.956 ] ], [ [ -3.294, 55.119 ], [ -3.296, 55.119 ] ], [ [ -3.293, 55.044 ], [ -3.291, 55.045 ] ], [ [ -3.26, 54.959 ], [ -3.288, 54.964 ] ], [ [ -3.28, 55.041 ], [ -3.278, 55.04 ] ], [ [ -3.272, 55.029 ], [ -3.273, 55.028 ] ], [ [ -3.266, 55.005 ], [ -3.268, 55.003 ] ], [ [ -3.262, 55.009 ], [ -3.263, 55.008 ] ], [ [ -3.203, 54.961 ], [ -3.21, 54.961 ] ], [ [ -3.189, 55.283 ], [ -3.186, 55.282 ] ], [ [ -3.178, 55.272 ], [ -3.176, 55.271 ] ], [ [ -3.175, 55.271 ], [ -3.173, 55.27 ] ], [ [ -3.174, 55.269 ], [ -3.175, 55.268 ] ], [ [ -3.173, 55.264 ], [ -3.172, 55.263 ] ], [ [ -3.143, 54.932 ], [ -3.151, 54.936 ] ], [ [ -3.121, 54.972 ], [ -3.127, 54.968 ] ], [ [ -3.1, 54.932 ], [ -3.113, 54.929 ] ], [ [ -3.099, 54.977 ], [ -3.101, 54.978 ] ], [ [ -3.082, 54.938 ], [ -3.084, 54.937 ] ], [ [ -3.061, 54.946 ], [ -3.063, 54.946 ] ], [ [ -3.048, 54.947 ], [ -3.049, 54.948 ] ], [ [ -3.046, 54.978 ], [ -3.047, 54.979 ] ], [ [ -3.034, 54.969 ], [ -3.04, 54.975 ] ], [ [ -3.032, 55.18 ], [ -3.032, 55.178 ] ], [ [ -3.02, 55.162 ], [ -3.019, 55.16 ] ], [ [ -3.016, 55.18 ], [ -3.014, 55.179 ] ], [ [ -3.016, 55.168 ], [ -3.015, 55.166 ] ], [ [ -3.002, 54.938 ], [ -3.007, 54.945 ] ], [ [ -3.001, 55.153 ], [ -3.001, 55.152 ] ], [ [ -2.988, 55.001 ], [ -2.988, 54.999 ] ], [ [ -2.987, 55.128 ], [ -2.988, 55.126 ] ], [ [ -2.984, 54.995 ], [ -2.986, 54.993 ] ], [ [ -2.982, 55.114 ], [ -2.983, 55.114 ] ], [ [ -2.98, 55.117 ], [ -2.98, 55.115 ] ], [ [ -2.978, 55.104 ], [ -2.977, 55.103 ] ], [ [ -2.976, 54.913 ], [ -2.973, 54.913 ] ], [ [ -2.958, 55.092 ], [ -2.957, 55.092 ] ], [ [ -2.951, 55.04 ], [ -2.953, 55.038 ] ], [ [ -2.949, 54.98 ], [ -2.952, 54.98 ] ], [ [ -2.949, 55.08 ], [ -2.951, 55.078 ] ], [ [ -2.949, 55.056 ], [ -2.95, 55.056 ] ], [ [ -2.949, 55.076 ], [ -2.947, 55.076 ] ], [ [ -2.942, 55.042 ], [ -2.945, 55.042 ] ], [ [ -2.94, 54.541 ], [ -2.945, 54.558 ], [ -2.914, 54.571 ], [ -2.878, 54.579 ], [ -2.863, 54.578 ], [ -2.831, 54.609 ], [ -2.825, 54.611 ] ], [ [ -2.938, 55.06 ], [ -2.939, 55.059 ] ], [ [ -2.925, 55.071 ], [ -2.927, 55.07 ] ], [ [ -2.914, 55.079 ], [ -2.917, 55.078 ] ], [ [ -2.896, 55.079 ], [ -2.9, 55.077 ] ], [ [ -2.886, 55.095 ], [ -2.885, 55.093 ] ], [ [ -2.877, 55.096 ], [ -2.88, 55.095 ] ], [ [ -2.845, 55.112 ], [ -2.846, 55.112 ] ], [ [ -2.845, 55.116 ], [ -2.845, 55.113 ] ], [ [ -2.841, 55.122 ], [ -2.842, 55.122 ] ], [ [ -2.838, 55.118 ], [ -2.839, 55.117 ] ], [ [ -2.832, 55.133 ], [ -2.832, 55.131 ] ], [ [ -2.828, 55.128 ], [ -2.827, 55.125 ] ], [ [ -2.81, 55.179 ], [ -2.811, 55.178 ] ], [ [ -2.722, 55.053 ], [ -2.724, 55.053 ] ] ] } },
{ "type": "Feature", "properties": { "name1": "River Douglas", "name2": " ", "Strahler Stream Order": 4, "long_name": "Cumbria and Lancashire", "short_name": "Cumbria and Lancashire" }, "geometry": { "type": "LineString", "coordinates": [ [ -2.645, 53.54 ], [ -2.664, 53.557 ], [ -2.684, 53.562 ], [ -2.691, 53.56 ], [ -2.711, 53.564 ], [ -2.72, 53.577 ], [ -2.744, 53.584 ], [ -2.771, 53.585 ], [ -2.777, 53.598 ], [ -2.792, 53.606 ], [ -2.806, 53.632 ], [ -2.811, 53.648 ], [ -2.809, 53.661 ], [ -2.824, 53.68 ], [ -2.834, 53.698 ], [ -2.824, 53.703 ], [ -2.827, 53.716 ], [ -2.838, 53.726 ], [ -2.864, 53.736 ] ] } },
{ "type": "Feature", "properties": { "name1": "Liddel Water", "name2": "Inch Pool", "Strahler Stream Order": 4, "long_name": "Cumbria and Lancashire", "short_name": "Cumbria and Lancashire" }, "geometry": { "type": "LineString", "coordinates": [ [ -2.918, 55.074 ], [ -2.92, 55.073 ] ] } },
{ "type": "Feature", "properties": { "name1": "River Roeburn", "name2": " ", "Strahler Stream Order": 4, "long_name": "Cumbria and Lancashire", "short_name": "Cumbria and Lancashire" }, "geometry": { "type": "LineString", "coordinates": [ [ -2.605, 54.071 ], [ -2.601, 54.083 ], [ -2.608, 54.101 ], [ -2.604, 54.103 ] ] } },
{ "type": "Feature", "properties": { "name1": "River Lyne", "name2": "Crabtree Pool", "Strahler Stream Order": 4, "long_name": "Cumbria and Lancashire", "short_name": "Cumbria and Lancashire" }, "geometry": { "type": "LineString", "coordinates": [ [ -2.789, 55.043 ], [ -2.789, 55.042 ] ] } },
{ "type": "Feature", "properties": { "name1": "River Eden", "name2": "Blecket's Dub", "Strahler Stream Order": 5, "long_name": "Cumbria and Lancashire", "short_name": "Cumbria and Lancashire" }, "geometry": { "type": "LineString", "coordinates": [ [ -2.357, 54.508 ], [ -2.353, 54.512 ] ] } },
{ "type": "Feature", "properties": { "name1": "Sella Pot", "name2": "River Duddon", "Strahler Stream Order": 4, "long_name": "Cumbria and Lancashire", "short_name": "Cumbria and Lancashire" }, "geometry": { "type": "LineString", "coordinates": [ [ -3.239, 54.319 ], [ -3.24, 54.318 ] ] } },
{ "type": "Feature", "properties": { "name1": "River Lune", "name2": "Davy Bank Wheel", "Strahler Stream Order": 5, "long_name": "Cumbria and Lancashire", "short_name": "Cumbria and Lancashire" }, "geometry": { "type": "LineString", "coordinates": [ [ -2.588, 54.359 ], [ -2.586, 54.357 ] ] } },
{ "type": "Feature", "properties": { "name1": "River Cocker", "name2": "Cornhow Dubs", "Strahler Stream Order": 4, "long_name": "Cumbria and Lancashire", "short_name": "Cumbria and Lancashire" }, "geometry": { "type": "LineString", "coordinates": [ [ -3.319, 54.587 ], [ -3.315, 54.59 ] ] } },
{ "type": "Feature", "properties": { "name1": "River South Tyne", "name2": " ", "Strahler Stream Order": 4, "long_name": "Cumbria and Lancashire", "short_name": "Cumbria and Lancashire" }, "geometry": { "type": "MultiLineString", "coordinates": [ [ [ -2.384, 54.757 ], [ -2.401, 54.771 ], [ -2.446, 54.786 ], [ -2.442, 54.807 ], [ -2.447, 54.827 ], [ -2.473, 54.839 ], [ -2.474, 54.85 ], [ -2.499, 54.862 ], [ -2.502, 54.872 ], [ -2.496, 54.888 ], [ -2.504, 54.896 ], [ -2.497, 54.905 ] ], [ [ -2.497, 54.907 ], [ -2.509, 54.919 ], [ -2.515, 54.942 ], [ -2.51, 54.95 ], [ -2.495, 54.953 ], [ -2.463, 54.968 ], [ -2.45, 54.965 ], [ -2.434, 54.968 ], [ -2.426, 54.962 ], [ -2.405, 54.968 ], [ -2.387, 54.964 ], [ -2.367, 54.968 ], [ -2.36, 54.974 ], [ -2.338, 54.971 ], [ -2.319, 54.977 ], [ -2.297, 54.976 ], [ -2.287, 54.967 ], [ -2.272, 54.971 ], [ -2.252, 54.97 ], [ -2.24, 54.977 ], [ -2.223, 54.977 ], [ -2.215, 54.988 ], [ -2.2, 54.998 ], [ -2.18, 55.003 ], [ -2.156, 54.995 ], [ -2.149, 54.988 ], [ -2.13, 54.989 ] ] ] } },
{ "type": "Feature", "properties": { "name1": "White Lyne", "name2": " ", "Strahler Stream Order": 4, "long_name": "Cumbria and Lancashire", "short_name": "Cumbria and Lancashire" }, "geometry": { "type": "MultiLineString", "coordinates": [ [ [ -2.724, 55.053 ], [ -2.741, 55.052 ], [ -2.753, 55.043 ], [ -2.769, 55.052 ], [ -2.791, 55.049 ] ], [ [ -2.708, 55.063 ], [ -2.722, 55.053 ] ] ] } },
{ "type": "Feature", "properties": { "name1": "River Rawthey", "name2": "Floddrams", "Strahler Stream Order": 4, "long_name": "Cumbria and Lancashire", "short_name": "Cumbria and Lancashire" }, "geometry": { "type": "LineString", "coordinates": [ [ -2.57, 54.304 ], [ -2.57, 54.302 ] ] } },
{ "type": "Feature", "properties": { "name1": "River Darwen", "name2": " ", "Strahler Stream Order": 4, "long_name": "Cumbria and Lancashire", "short_name": "Cumbria and Lancashire" }, "geometry": { "type": "LineString", "coordinates": [ [ -2.471, 53.718 ], [ -2.485, 53.724 ], [ -2.497, 53.736 ], [ -2.52, 53.739 ], [ -2.535, 53.734 ], [ -2.542, 53.727 ], [ -2.566, 53.731 ], [ -2.562, 53.747 ], [ -2.581, 53.756 ], [ -2.606, 53.758 ], [ -2.613, 53.756 ], [ -2.635, 53.742 ], [ -2.657, 53.742 ], [ -2.685, 53.749 ] ] } },
{ "type": "Feature", "properties": { "name1": "River Eden", "name2": "Middle Stream", "Strahler Stream Order": 6, "long_name": "Cumbria and Lancashire", "short_name": "Cumbria and Lancashire" }, "geometry": { "type": "LineString", "coordinates": [ [ -2.82, 54.907 ], [ -2.82, 54.91 ] ] } },
{ "type": "Feature", "properties": { "name1": "Tommy Knowles Dub", "name2": "River Rawthey", "Strahler Stream Order": 4, "long_name": "Cumbria and Lancashire", "short_name": "Cumbria and Lancashire" }, "geometry": { "type": "LineString", "coordinates": [ [ -2.57, 54.307 ], [ -2.57, 54.304 ] ] } },
{ "type": "Feature", "properties": { "name1": "River Irthing", "name2": " ", "Strahler Stream Order": 4, "long_name": "Cumbria and Lancashire", "short_name": "Cumbria and Lancashire" }, "geometry": { "type": "MultiLineString", "coordinates": [ [ [ -2.819, 54.916 ], [ -2.829, 54.913 ] ], [ [ -2.795, 54.925 ], [ -2.794, 54.92 ], [ -2.811, 54.911 ], [ -2.819, 54.916 ] ] ] } },
{ "type": "Feature", "properties": { "name1": "River Lune", "name2": "Bonds Holme Hole", "Strahler Stream Order": 5, "long_name": "Cumbria and Lancashire", "short_name": "Cumbria and Lancashire" }, "geometry": { "type": "LineString", "coordinates": [ [ -2.582, 54.311 ], [ -2.583, 54.31 ] ] } },
{ "type": "Feature", "properties": { "name1": "Downholland Brook", "name2": " ", "Strahler Stream Order": 4, "long_name": "Cumbria and Lancashire", "short_name": "Cumbria and Lancashire" }, "geometry": { "type": "LineString", "coordinates": [ [ -3.018, 53.571 ], [ -3.041, 53.565 ], [ -3.039, 53.552 ], [ -3.047, 53.543 ] ] } },
{ "type": "Feature", "properties": { "name1": "River Lowther", "name2": " ", "Strahler Stream Order": 4, "long_name": "Cumbria and Lancashire", "short_name": "Cumbria and Lancashire" }, "geometry": { "type": "MultiLineString", "coordinates": [ [ [ -2.72, 54.541 ], [ -2.728, 54.55 ], [ -2.75, 54.56 ], [ -2.752, 54.575 ], [ -2.747, 54.582 ], [ -2.748, 54.593 ] ], [ [ -2.746, 54.601 ], [ -2.748, 54.617 ], [ -2.731, 54.63 ], [ -2.739, 54.649 ], [ -2.721, 54.655 ] ] ] } },
{ "type": "Feature", "properties": { "name1": "Mill Pool", "name2": "Liddel Water", "Strahler Stream Order": 4, "long_name": "Cumbria and Lancashire", "short_name": "Cumbria and Lancashire" }, "geometry": { "type": "LineString", "coordinates": [ [ -2.939, 55.061 ], [ -2.938, 55.059 ] ] } },
{ "type": "Feature", "properties": { "name1": "Shed Dub", "name2": "River Lune", "Strahler Stream Order": 5, "long_name": "Cumbria and Lancashire", "short_name": "Cumbria and Lancashire" }, "geometry": { "type": "LineString", "coordinates": [ [ -2.6, 54.426 ], [ -2.6, 54.425 ] ] } },
{ "type": "Feature", "properties": { "name1": "River Duddon", "name2": "Crook Dub", "Strahler Stream Order": 4, "long_name": "Cumbria and Lancashire", "short_name": "Cumbria and Lancashire" }, "geometry": { "type": "LineString", "coordinates": [ [ -3.218, 54.345 ], [ -3.218, 54.342 ] ] } },
{ "type": "Feature", "properties": { "name1": "River Kent", "name2": " ", "Strahler Stream Order": 4, "long_name": "Cumbria and Lancashire", "short_name": "Cumbria and Lancashire" }, "geometry": { "type": "MultiLineString", "coordinates": [ [ [ -2.867, 54.193 ], [ -2.87, 54.2 ], [ -2.887, 54.195 ] ], [ [ -2.842, 54.407 ], [ -2.838, 54.399 ], [ -2.82, 54.386 ], [ -2.812, 54.373 ], [ -2.789, 54.375 ], [ -2.777, 54.365 ] ], [ [ -2.769, 54.261 ], [ -2.788, 54.257 ], [ -2.815, 54.248 ] ], [ [ -2.775, 54.364 ], [ -2.763, 54.358 ], [ -2.748, 54.342 ], [ -2.742, 54.319 ], [ -2.744, 54.309 ], [ -2.754, 54.291 ], [ -2.758, 54.273 ] ], [ [ -2.766, 54.264 ], [ -2.768, 54.262 ] ], [ [ -2.766, 54.265 ], [ -2.766, 54.264 ] ], [ [ -2.764, 54.268 ], [ -2.764, 54.267 ] ], [ [ -2.759, 54.27 ], [ -2.762, 54.27 ] ], [ [ -2.757, 54.273 ], [ -2.758, 54.271 ] ] ] } },
{ "type": "Feature", "properties": { "name1": "Robberby Water", "name2": " ", "Strahler Stream Order": 4, "long_name": "Cumbria and Lancashire", "short_name": "Cumbria and Lancashire" }, "geometry": { "type": "LineString", "coordinates": [ [ -2.625, 54.729 ], [ -2.635, 54.717 ], [ -2.652, 54.712 ], [ -2.671, 54.717 ], [ -2.683, 54.716 ] ] } },
{ "type": "Feature", "properties": { "name1": "River Ribble", "name2": "Denham Wheel", "Strahler Stream Order": 5, "long_name": "Cumbria and Lancashire", "short_name": "Cumbria and Lancashire" }, "geometry": { "type": "LineString", "coordinates": [ [ -2.308, 53.934 ], [ -2.337, 53.925 ], [ -2.34, 53.916 ] ] } },
{ "type": "Feature", "properties": { "name1": "River Lune", "name2": "Castle Pot", "Strahler Stream Order": 5, "long_name": "Cumbria and Lancashire", "short_name": "Cumbria and Lancashire" }, "geometry": { "type": "LineString", "coordinates": [ [ -2.583, 54.355 ], [ -2.582, 54.354 ] ] } },
{ "type": "Feature", "properties": { "name1": "River Rawthey", "name2": " ", "Strahler Stream Order": 4, "long_name": "Cumbria and Lancashire", "short_name": "Cumbria and Lancashire" }, "geometry": { "type": "MultiLineString", "coordinates": [ [ [ -2.57, 54.302 ], [ -2.572, 54.301 ] ], [ [ -2.529, 54.315 ], [ -2.553, 54.312 ] ], [ [ -2.52, 54.318 ], [ -2.527, 54.316 ] ], [ [ -2.515, 54.322 ], [ -2.521, 54.32 ] ], [ [ -2.507, 54.322 ], [ -2.514, 54.323 ] ], [ [ -2.499, 54.325 ], [ -2.502, 54.324 ] ] ] } },
{ "type": "Feature", "properties": { "name1": "River Lyne", "name2": "Pink Pool", "Strahler Stream Order": 4, "long_name": "Cumbria and Lancashire", "short_name": "Cumbria and Lancashire" }, "geometry": { "type": "LineString", "coordinates": [ [ -2.793, 55.042 ], [ -2.794, 55.041 ] ] } },
{ "type": "Feature", "properties": { "name1": "Spouts Dub", "name2": "River Caldew", "Strahler Stream Order": 4, "long_name": "Cumbria and Lancashire", "short_name": "Cumbria and Lancashire" }, "geometry": { "type": "LineString", "coordinates": [ [ -3.01, 54.753 ], [ -3.005, 54.754 ] ] } },
{ "type": "Feature", "properties": { "name1": "River Eden", "name2": "Quarry Pool", "Strahler Stream Order": 6, "long_name": "Cumbria and Lancashire", "short_name": "Cumbria and Lancashire" }, "geometry": { "type": "LineString", "coordinates": [ [ -2.82, 54.91 ], [ -2.821, 54.91 ] ] } },
{ "type": "Feature", "properties": { "name1": "Liddel Water", "name2": " ", "Strahler Stream Order": 4, "long_name": "Cumbria and Lancashire", "short_name": "Cumbria and Lancashire" }, "geometry": { "type": "MultiLineString", "coordinates": [ [ [ -2.939, 55.059 ], [ -2.949, 55.056 ] ], [ [ -2.927, 55.07 ], [ -2.941, 55.069 ], [ -2.939, 55.061 ] ], [ [ -2.92, 55.073 ], [ -2.925, 55.071 ] ], [ [ -2.917, 55.078 ], [ -2.918, 55.074 ] ], [ [ -2.9, 55.077 ], [ -2.914, 55.079 ] ], [ [ -2.893, 55.085 ], [ -2.896, 55.079 ] ], [ [ -2.885, 55.093 ], [ -2.888, 55.087 ] ], [ [ -2.88, 55.095 ], [ -2.886, 55.095 ] ], [ [ -2.871, 55.1 ], [ -2.877, 55.096 ] ], [ [ -2.865, 55.107 ], [ -2.872, 55.105 ] ], [ [ -2.846, 55.112 ], [ -2.859, 55.108 ] ], [ [ -2.845, 55.113 ], [ -2.845, 55.112 ] ], [ [ -2.843, 55.117 ], [ -2.845, 55.116 ] ], [ [ -2.842, 55.122 ], [ -2.838, 55.118 ] ], [ [ -2.84, 55.123 ], [ -2.841, 55.122 ] ], [ [ -2.839, 55.117 ], [ -2.84, 55.117 ] ], [ [ -2.827, 55.125 ], [ -2.834, 55.121 ] ], [ [ -2.827, 55.136 ], [ -2.832, 55.133 ] ], [ [ -2.83, 55.129 ], [ -2.828, 55.128 ] ], [ [ -2.823, 55.142 ], [ -2.826, 55.138 ] ], [ [ -2.811, 55.178 ], [ -2.823, 55.161 ] ], [ [ -2.822, 55.16 ], [ -2.823, 55.145 ] ], [ [ -2.797, 55.196 ], [ -2.81, 55.179 ] ] ] } },
{ "type": "Feature", "properties": { "name1": "Newton Beck", "name2": " ", "Strahler Stream Order": 6, "long_name": "Cumbria and Lancashire", "short_name": "Cumbria and Lancashire" }, "geometry": { "type": "LineString", "coordinates": [ [ -2.792, 54.062 ], [ -2.792, 54.061 ] ] } },
{ "type": "Feature", "properties": { "name1": "Rusland Pool", "name2": " ", "Strahler Stream Order": 4, "long_name": "Cumbria and Lancashire", "short_name": "Cumbria and Lancashire" }, "geometry": { "type": "LineString", "coordinates": [ [ -3.022, 54.294 ], [ -3.014, 54.285 ], [ -3.008, 54.269 ], [ -3.013, 54.262 ], [ -3.03, 54.253 ], [ -3.031, 54.244 ] ] } },
{ "type": "Feature", "properties": { "name1": "Back Drain", "name2": " ", "Strahler Stream Order": 5, "long_name": "Cumbria and Lancashire", "short_name": "Cumbria and Lancashire" }, "geometry": { "type": "LineString", "coordinates": [ [ -2.944, 53.679 ], [ -2.945, 53.679 ] ] } },
{ "type": "Feature", "properties": { "name1": "River Lune", "name2": "Newby's Dub", "Strahler Stream Order": 5, "long_name": "Cumbria and Lancashire", "short_name": "Cumbria and Lancashire" }, "geometry": { "type": "LineString", "coordinates": [ [ -2.57, 54.331 ], [ -2.57, 54.33 ] ] } },
{ "type": "Feature", "properties": { "name1": "River Lowther", "name2": "Andrew's Loom", "Strahler Stream Order": 4, "long_name": "Cumbria and Lancashire", "short_name": "Cumbria and Lancashire" }, "geometry": { "type": "LineString", "coordinates": [ [ -2.748, 54.593 ], [ -2.746, 54.601 ] ] } },
{ "type": "Feature", "properties": { "name1": "Channel of River Waver", "name2": " ", "Strahler Stream Order": 4, "long_name": "Cumbria and Lancashire", "short_name": "Cumbria and Lancashire" }, "geometry": { "type": "MultiLineString", "coordinates": [ [ [ -3.331, 54.904 ], [ -3.345, 54.908 ] ], [ [ -3.296, 54.883 ], [ -3.3, 54.89 ], [ -3.335, 54.891 ], [ -3.337, 54.896 ] ], [ [ -3.285, 54.859 ], [ -3.286, 54.869 ], [ -3.28, 54.877 ], [ -3.293, 54.881 ] ] ] } },
{ "type": "Feature", "properties": { "name1": "River Lyne", "name2": "Kailpot Pool", "Strahler Stream Order": 4, "long_name": "Cumbria and Lancashire", "short_name": "Cumbria and Lancashire" }, "geometry": { "type": "LineString", "coordinates": [ [ -2.992, 54.977 ], [ -3.003, 54.978 ] ] } },
{ "type": "Feature", "properties": { "name1": "Birk Beck", "name2": " ", "Strahler Stream Order": 4, "long_name": "Cumbria and Lancashire", "short_name": "Cumbria and Lancashire" }, "geometry": { "type": "LineString", "coordinates": [ [ -2.622, 54.446 ], [ -2.618, 54.442 ], [ -2.599, 54.44 ] ] } },
{ "type": "Feature", "properties": { "name1": "Winster's Hole", "name2": "The Loups", "Strahler Stream Order": 5, "long_name": "Cumbria and Lancashire", "short_name": "Cumbria and Lancashire" }, "geometry": { "type": "LineString", "coordinates": [ [ -2.573, 54.321 ], [ -2.576, 54.319 ] ] } },
{ "type": "Feature", "properties": { "name1": "Main Drain", "name2": " ", "Strahler Stream Order": 4, "long_name": "Cumbria and Lancashire", "short_name": "Cumbria and Lancashire" }, "geometry": { "type": "LineString", "coordinates": [ [ -2.943, 53.736 ], [ -2.956, 53.728 ] ] } },
{ "type": "Feature", "properties": { "name1": "Ullswheel", "name2": "River Lune", "Strahler Stream Order": 5, "long_name": "Cumbria and Lancashire", "short_name": "Cumbria and Lancashire" }, "geometry": { "type": "LineString", "coordinates": [ [ -2.573, 54.351 ], [ -2.575, 54.347 ] ] } },
{ "type": "Feature", "properties": { "name1": "River Lune", "name2": "Fleetholme Dub", "Strahler Stream Order": 5, "long_name": "Cumbria and Lancashire", "short_name": "Cumbria and Lancashire" }, "geometry": { "type": "LineString", "coordinates": [ [ -2.58, 54.364 ], [ -2.585, 54.362 ] ] } },
{ "type": "Feature", "properties": { "name1": "River Lune", "name2": "Parker's Dub", "Strahler Stream Order": 5, "long_name": "Cumbria and Lancashire", "short_name": "Cumbria and Lancashire" }, "geometry": { "type": "LineString", "coordinates": [ [ -2.57, 54.337 ], [ -2.57, 54.336 ] ] } },
{ "type": "Feature", "properties": { "name1": "Three Pools Waterway", "name2": " ", "Strahler Stream Order": 4, "long_name": "Cumbria and Lancashire", "short_name": "Cumbria and Lancashire" }, "geometry": { "type": "LineString", "coordinates": [ [ -2.959, 53.642 ], [ -2.949, 53.654 ], [ -2.94, 53.659 ], [ -2.947, 53.667 ], [ -2.944, 53.679 ] ] } },
{ "type": "Feature", "properties": { "name1": "River Leven", "name2": " ", "Strahler Stream Order": 5, "long_name": "Cumbria and Lancashire", "short_name": "Cumbria and Lancashire" }, "geometry": { "type": "LineString", "coordinates": [ [ -2.97, 54.269 ], [ -2.991, 54.261 ], [ -2.99, 54.251 ], [ -3.014, 54.242 ] ] } },
{ "type": "Feature", "properties": { "name1": "River Eden", "name2": "Coop Stream", "Strahler Stream Order": 6, "long_name": "Cumbria and Lancashire", "short_name": "Cumbria and Lancashire" }, "geometry": { "type": "LineString", "coordinates": [ [ -2.973, 54.913 ], [ -2.988, 54.919 ] ] } },
{ "type": "Feature", "properties": { "name1": "Mill Beck", "name2": " ", "Strahler Stream Order": 4, "long_name": "Cumbria and Lancashire", "short_name": "Cumbria and Lancashire" }, "geometry": { "type": "LineString", "coordinates": [ [ -2.491, 54.62 ], [ -2.504, 54.611 ] ] } },
{ "type": "Feature", "properties": { "name1": "Thistle Pool", "name2": "River Esk", "Strahler Stream Order": 5, "long_name": "Cumbria and Lancashire", "short_name": "Cumbria and Lancashire" }, "geometry": { "type": "LineString", "coordinates": [ [ -2.958, 55.048 ], [ -2.957, 55.047 ] ] } },
{ "type": "Feature", "properties": { "name1": "River Greta", "name2": " ", "Strahler Stream Order": 4, "long_name": "Cumbria and Lancashire", "short_name": "Cumbria and Lancashire" }, "geometry": { "type": "LineString", "coordinates": [ [ -3.063, 54.613 ], [ -3.077, 54.611 ], [ -3.103, 54.612 ], [ -3.11, 54.606 ], [ -3.131, 54.602 ], [ -3.141, 54.606 ], [ -3.153, 54.602 ] ] } },
{ "type": "Feature", "properties": { "name1": "River Greta", "name2": " ", "Strahler Stream Order": 4, "long_name": "Cumbria and Lancashire", "short_name": "Cumbria and Lancashire" }, "geometry": { "type": "LineString", "coordinates": [ [ -2.471, 54.153 ], [ -2.488, 54.147 ], [ -2.495, 54.149 ], [ -2.505, 54.14 ], [ -2.517, 54.143 ], [ -2.583, 54.143 ], [ -2.613, 54.15 ] ] } },
{ "type": "Feature", "properties": { "name1": "River Lune", "name2": "Crook o' Lune", "Strahler Stream Order": 6, "long_name": "Cumbria and Lancashire", "short_name": "Cumbria and Lancashire" }, "geometry": { "type": "LineString", "coordinates": [ [ -2.732, 54.075 ], [ -2.735, 54.076 ] ] } },
{ "type": "Feature", "properties": { "name1": "River Annan", "name2": " ", "Strahler Stream Order": 5, "long_name": "Cumbria and Lancashire", "short_name": "Cumbria and Lancashire" }, "geometry": { "type": "MultiLineString", "coordinates": [ [ [ -3.444, 55.328 ], [ -3.435, 55.323 ], [ -3.428, 55.305 ] ], [ [ -3.428, 55.305 ], [ -3.41, 55.281 ], [ -3.408, 55.269 ], [ -3.402, 55.261 ], [ -3.409, 55.254 ], [ -3.397, 55.227 ], [ -3.409, 55.219 ] ], [ [ -3.423, 55.194 ], [ -3.424, 55.192 ] ], [ [ -3.417, 55.198 ], [ -3.422, 55.194 ] ], [ [ -3.422, 55.191 ], [ -3.415, 55.188 ] ], [ [ -3.419, 55.205 ], [ -3.417, 55.2 ] ], [ [ -3.416, 55.186 ], [ -3.425, 55.18 ], [ -3.414, 55.172 ], [ -3.417, 55.164 ] ], [ [ -3.416, 55.211 ], [ -3.417, 55.206 ] ], [ [ -3.415, 55.163 ], [ -3.409, 55.164 ] ], [ [ -3.408, 55.217 ], [ -3.413, 55.212 ] ], [ [ -3.408, 55.163 ], [ -3.407, 55.155 ], [ -3.415, 55.139 ], [ -3.417, 55.135 ], [ -3.4, 55.124 ], [ -3.405, 55.116 ], [ -3.4, 55.108 ], [ -3.407, 55.096 ] ], [ [ -3.405, 55.092 ], [ -3.408, 55.074 ], [ -3.398, 55.066 ] ], [ [ -3.395, 55.069 ], [ -3.384, 55.071 ] ], [ [ -3.381, 55.069 ], [ -3.368, 55.062 ] ], [ [ -3.368, 55.06 ], [ -3.366, 55.06 ] ], [ [ -3.363, 55.058 ], [ -3.359, 55.049 ], [ -3.35, 55.048 ] ], [ [ -3.346, 55.048 ], [ -3.34, 55.047 ] ], [ [ -3.336, 55.047 ], [ -3.325, 55.047 ] ], [ [ -3.321, 55.048 ], [ -3.308, 55.041 ] ], [ [ -3.302, 55.041 ], [ -3.3, 55.042 ] ], [ [ -3.296, 55.044 ], [ -3.293, 55.044 ] ], [ [ -3.292, 55.045 ], [ -3.28, 55.041 ] ], [ [ -3.278, 55.04 ], [ -3.276, 55.039 ] ], [ [ -3.275, 55.038 ], [ -3.277, 55.031 ] ], [ [ -3.273, 55.028 ], [ -3.274, 55.025 ] ], [ [ -3.272, 55.03 ], [ -3.272, 55.029 ] ], [ [ -3.268, 55.021 ], [ -3.263, 55.015 ] ], [ [ -3.268, 55.003 ], [ -3.261, 54.998 ], [ -3.278, 54.978 ], [ -3.261, 54.966 ], [ -3.267, 54.96 ] ], [ [ -3.263, 55.008 ], [ -3.266, 55.005 ] ], [ [ -3.262, 55.014 ], [ -3.262, 55.009 ] ] ] } },
{ "type": "Feature", "properties": { "name1": "River Kent", "name2": "Mill Dam", "Strahler Stream Order": 4, "long_name": "Cumbria and Lancashire", "short_name": "Cumbria and Lancashire" }, "geometry": { "type": "LineString", "coordinates": [ [ -2.777, 54.365 ], [ -2.775, 54.364 ] ] } },
{ "type": "Feature", "properties": { "name1": "Goldrill Beck", "name2": " ", "Strahler Stream Order": 4, "long_name": "Cumbria and Lancashire", "short_name": "Cumbria and Lancashire" }, "geometry": { "type": "LineString", "coordinates": [ [ -2.937, 54.539 ], [ -2.94, 54.541 ] ] } },
{ "type": "Feature", "properties": { "name1": "St John's Beck", "name2": " ", "Strahler Stream Order": 4, "long_name": "Cumbria and Lancashire", "short_name": "Cumbria and Lancashire" }, "geometry": { "type": "LineString", "coordinates": [ [ -3.059, 54.566 ], [ -3.054, 54.572 ], [ -3.061, 54.581 ], [ -3.057, 54.586 ], [ -3.066, 54.595 ], [ -3.063, 54.613 ] ] } },
{ "type": "Feature", "properties": { "name1": "River Caldew", "name2": " ", "Strahler Stream Order": 4, "long_name": "Cumbria and Lancashire", "short_name": "Cumbria and Lancashire" }, "geometry": { "type": "MultiLineString", "coordinates": [ [ [ -3.022, 54.749 ], [ -3.01, 54.753 ] ], [ [ -3.005, 54.754 ], [ -2.998, 54.76 ], [ -3.001, 54.769 ], [ -2.988, 54.777 ], [ -2.983, 54.785 ], [ -2.989, 54.795 ], [ -2.976, 54.801 ], [ -2.974, 54.81 ], [ -2.961, 54.817 ], [ -2.974, 54.829 ], [ -2.983, 54.831 ], [ -2.982, 54.842 ], [ -2.945, 54.863 ], [ -2.941, 54.881 ] ], [ [ -2.941, 54.881 ], [ -2.937, 54.89 ], [ -2.947, 54.898 ], [ -2.943, 54.903 ] ] ] } },
{ "type": "Feature", "properties": { "name1": "Halls Beck", "name2": " ", "Strahler Stream Order": 4, "long_name": "Cumbria and Lancashire", "short_name": "Cumbria and Lancashire" }, "geometry": { "type": "LineString", "coordinates": [ [ -3.212, 54.668 ], [ -3.23, 54.669 ] ] } },
{ "type": "Feature", "properties": { "name1": "Sales Wheel", "name2": "River Ribble", "Strahler Stream Order": 6, "long_name": "Cumbria and Lancashire", "short_name": "Cumbria and Lancashire" }, "geometry": { "type": "LineString", "coordinates": [ [ -2.494, 53.818 ], [ -2.497, 53.82 ] ] } },
{ "type": "Feature", "properties": { "name1": "River Hindburn", "name2": " ", "Strahler Stream Order": 4, "long_name": "Cumbria and Lancashire", "short_name": "Cumbria and Lancashire" }, "geometry": { "type": "LineString", "coordinates": [ [ -2.604, 54.103 ], [ -2.609, 54.109 ], [ -2.627, 54.114 ] ] } },
{ "type": "Feature", "properties": { "name1": "River Eea", "name2": "Channel of the River Eea", "Strahler Stream Order": 4, "long_name": "Cumbria and Lancashire", "short_name": "Cumbria and Lancashire" }, "geometry": { "type": "LineString", "coordinates": [ [ -3.02, 54.157 ], [ -3.033, 54.159 ], [ -3.045, 54.153 ] ] } },
{ "type": "Feature", "properties": { "name1": "River Brock", "name2": " ", "Strahler Stream Order": 4, "long_name": "Cumbria and Lancashire", "short_name": "Cumbria and Lancashire" }, "geometry": { "type": "LineString", "coordinates": [ [ -2.662, 53.895 ], [ -2.686, 53.891 ], [ -2.691, 53.874 ], [ -2.722, 53.866 ], [ -2.742, 53.859 ], [ -2.774, 53.856 ], [ -2.785, 53.857 ], [ -2.795, 53.864 ], [ -2.81, 53.864 ] ] } },
{ "type": "Feature", "properties": { "name1": "River Duddon", "name2": "Barker Hole", "Strahler Stream Order": 4, "long_name": "Cumbria and Lancashire", "short_name": "Cumbria and Lancashire" }, "geometry": { "type": "LineString", "coordinates": [ [ -3.237, 54.29 ], [ -3.236, 54.287 ] ] } },
{ "type": "Feature", "properties": { "name1": "River Lune", "name2": "Brig Hole", "Strahler Stream Order": 5, "long_name": "Cumbria and Lancashire", "short_name": "Cumbria and Lancashire" }, "geometry": { "type": "LineString", "coordinates": [ [ -2.599, 54.42 ], [ -2.598, 54.419 ] ] } },
{ "type": "Feature", "properties": { "name1": "River Mint", "name2": " ", "Strahler Stream Order": 4, "long_name": "Cumbria and Lancashire", "short_name": "Cumbria and Lancashire" }, "geometry": { "type": "LineString", "coordinates": [ [ -2.687, 54.377 ], [ -2.676, 54.363 ], [ -2.686, 54.358 ], [ -2.722, 54.35 ], [ -2.735, 54.342 ], [ -2.745, 54.343 ] ] } },
{ "type": "Feature", "properties": { "name1": "River Conder", "name2": " ", "Strahler Stream Order": 4, "long_name": "Cumbria and Lancashire", "short_name": "Cumbria and Lancashire" }, "geometry": { "type": "LineString", "coordinates": [ [ -2.832, 53.998 ], [ -2.839, 54.001 ] ] } },
{ "type": "Feature", "properties": { "name1": "River Lyne", "name2": " ", "Strahler Stream Order": 4, "long_name": "Cumbria and Lancashire", "short_name": "Cumbria and Lancashire" }, "geometry": { "type": "MultiLineString", "coordinates": [ [ [ -2.952, 54.98 ], [ -2.963, 54.975 ], [ -2.992, 54.977 ] ], [ [ -2.794, 55.041 ], [ -2.81, 55.032 ], [ -2.827, 55.028 ], [ -2.835, 55.022 ], [ -2.859, 55.019 ], [ -2.865, 55.014 ], [ -2.883, 55.013 ], [ -2.891, 54.997 ], [ -2.928, 54.987 ], [ -2.931, 54.977 ], [ -2.949, 54.98 ] ], [ [ -2.789, 55.042 ], [ -2.793, 55.042 ] ], [ [ -2.791, 55.049 ], [ -2.789, 55.043 ] ] ] } },
{ "type": "Feature", "properties": { "name1": "River Ribble", "name2": "Raid Deep", "Strahler Stream Order": 6, "long_name": "Cumbria and Lancashire", "short_name": "Cumbria and Lancashire" }, "geometry": { "type": "LineString", "coordinates": [ [ -2.473, 53.831 ], [ -2.476, 53.827 ] ] } },
{ "type": "Feature", "properties": { "name1": "River Cocker", "name2": " ", "Strahler Stream Order": 4, "long_name": "Cumbria and Lancashire", "short_name": "Cumbria and Lancashire" }, "geometry": { "type": "MultiLineString", "coordinates": [ [ [ -3.315, 54.59 ], [ -3.311, 54.595 ], [ -3.315, 54.617 ], [ -3.328, 54.632 ], [ -3.341, 54.633 ], [ -3.35, 54.644 ], [ -3.365, 54.647 ], [ -3.365, 54.665 ] ], [ [ -3.314, 54.576 ], [ -3.319, 54.587 ] ] ] } },
{ "type": "Feature", "properties": { "name1": "River Irwell", "name2": " ", "Strahler Stream Order": 5, "long_name": "Cumbria and Lancashire", "short_name": "Cumbria and Lancashire" }, "geometry": { "type": "LineString", "coordinates": [ [ -2.206, 53.695 ], [ -2.215, 53.692 ], [ -2.239, 53.69 ], [ -2.27, 53.699 ], [ -2.288, 53.7 ], [ -2.301, 53.696 ], [ -2.323, 53.67 ], [ -2.313, 53.658 ], [ -2.314, 53.648 ], [ -2.309, 53.641 ], [ -2.315, 53.632 ], [ -2.308, 53.614 ], [ -2.3, 53.602 ], [ -2.308, 53.594 ], [ -2.314, 53.579 ], [ -2.304, 53.577 ], [ -2.301, 53.561 ], [ -2.307, 53.557 ], [ -2.323, 53.56 ], [ -2.35, 53.554 ], [ -2.356, 53.557 ], [ -2.382, 53.55 ], [ -2.359, 53.545 ], [ -2.324, 53.527 ], [ -2.312, 53.528 ], [ -2.29, 53.511 ], [ -2.29, 53.504 ], [ -2.278, 53.5 ], [ -2.268, 53.492 ], [ -2.249, 53.49 ], [ -2.248, 53.483 ], [ -2.265, 53.473 ] ] } },
{ "type": "Feature", "properties": { "name1": "River Duddon", "name2": "Black Dub", "Strahler Stream Order": 4, "long_name": "Cumbria and Lancashire", "short_name": "Cumbria and Lancashire" }, "geometry": { "type": "LineString", "coordinates": [ [ -3.212, 54.349 ], [ -3.218, 54.345 ] ] } },
{ "type": "Feature", "properties": { "name1": "Liddel Water", "name2": "Barn Pool", "Strahler Stream Order": 4, "long_name": "Cumbria and Lancashire", "short_name": "Cumbria and Lancashire" }, "geometry": { "type": "LineString", "coordinates": [ [ -2.826, 55.138 ], [ -2.827, 55.136 ] ] } },
{ "type": "Feature", "properties": { "name1": "River Kent", "name2": "Basin Ghyll", "Strahler Stream Order": 5, "long_name": "Cumbria and Lancashire", "short_name": "Cumbria and Lancashire" }, "geometry": { "type": "LineString", "coordinates": [ [ -2.758, 54.273 ], [ -2.757, 54.273 ] ] } },
{ "type": "Feature", "properties": { "name1": "River Esk", "name2": "Plum Dub", "Strahler Stream Order": 4, "long_name": "Cumbria and Lancashire", "short_name": "Cumbria and Lancashire" }, "geometry": { "type": "LineString", "coordinates": [ [ -3.325, 54.373 ], [ -3.334, 54.369 ] ] } },
{ "type": "Feature", "properties": { "name1": "River Cocker", "name2": " ", "Strahler Stream Order": 4, "long_name": "Cumbria and Lancashire", "short_name": "Cumbria and Lancashire" }, "geometry": { "type": "MultiLineString", "coordinates": [ [ [ -2.878, 53.967 ], [ -2.889, 53.973 ], [ -2.889, 53.979 ] ], [ [ -2.817, 53.947 ], [ -2.824, 53.954 ], [ -2.836, 53.955 ] ] ] } },
{ "type": "Feature", "properties": { "name1": "River Waver", "name2": " ", "Strahler Stream Order": 4, "long_name": "Cumbria and Lancashire", "short_name": "Cumbria and Lancashire" }, "geometry": { "type": "LineString", "coordinates": [ [ -3.279, 54.842 ], [ -3.275, 54.853 ], [ -3.288, 54.859 ] ] } },
{ "type": "Feature", "properties": { "name1": "Channel of the River Leven", "name2": " ", "Strahler Stream Order": 5, "long_name": "Cumbria and Lancashire", "short_name": "Cumbria and Lancashire" }, "geometry": { "type": "MultiLineString", "coordinates": [ [ [ -3.04, 54.199 ], [ -3.044, 54.199 ] ], [ [ -3.015, 54.24 ], [ -3.028, 54.241 ], [ -3.048, 54.238 ], [ -3.05, 54.224 ], [ -3.037, 54.227 ], [ -3.022, 54.214 ], [ -3.035, 54.203 ] ] ] } },
{ "type": "Feature", "properties": { "name1": "Liddel Water", "name2": "Dunk Pool", "Strahler Stream Order": 4, "long_name": "Cumbria and Lancashire", "short_name": "Cumbria and Lancashire" }, "geometry": { "type": "LineString", "coordinates": [ [ -2.84, 55.117 ], [ -2.843, 55.117 ] ] } },
{ "type": "Feature", "properties": { "name1": "River Hodder", "name2": "Hodder Foot", "Strahler Stream Order": 4, "long_name": "Cumbria and Lancashire", "short_name": "Cumbria and Lancashire" }, "geometry": { "type": "LineString", "coordinates": [ [ -2.442, 53.84 ], [ -2.442, 53.839 ] ] } },
{ "type": "Feature", "properties": { "name1": "Skirden Beck", "name2": " ", "Strahler Stream Order": 4, "long_name": "Cumbria and Lancashire", "short_name": "Cumbria and Lancashire" }, "geometry": { "type": "LineString", "coordinates": [ [ -2.336, 53.927 ], [ -2.335, 53.925 ] ] } },
{ "type": "Feature", "properties": { "name1": "River Derwent", "name2": "Cannon Dub", "Strahler Stream Order": 4, "long_name": "Cumbria and Lancashire", "short_name": "Cumbria and Lancashire" }, "geometry": { "type": "LineString", "coordinates": [ [ -3.144, 54.56 ], [ -3.142, 54.561 ] ] } },
{ "type": "Feature", "properties": { "name1": "River Winster", "name2": " ", "Strahler Stream Order": 4, "long_name": "Cumbria and Lancashire", "short_name": "Cumbria and Lancashire" }, "geometry": { "type": "LineString", "coordinates": [ [ -2.886, 54.271 ], [ -2.894, 54.256 ], [ -2.886, 54.235 ], [ -2.875, 54.226 ], [ -2.884, 54.221 ], [ -2.888, 54.209 ], [ -2.872, 54.204 ], [ -2.869, 54.199 ] ] } },
{ "type": "Feature", "properties": { "name1": "Calvo Creek", "name2": " ", "Strahler Stream Order": 4, "long_name": "Cumbria and Lancashire", "short_name": "Cumbria and Lancashire" }, "geometry": { "type": "LineString", "coordinates": [ [ -3.338, 54.886 ], [ -3.348, 54.894 ] ] } },
{ "type": "Feature", "properties": { "name1": "River Lune", "name2": "Beehive Dub", "Strahler Stream Order": 5, "long_name": "Cumbria and Lancashire", "short_name": "Cumbria and Lancashire" }, "geometry": { "type": "LineString", "coordinates": [ [ -2.579, 54.316 ], [ -2.58, 54.314 ] ] } },
{ "type": "Feature", "properties": { "name1": "Hundred End Gutter", "name2": " ", "Strahler Stream Order": 4, "long_name": "Cumbria and Lancashire", "short_name": "Cumbria and Lancashire" }, "geometry": { "type": "LineString", "coordinates": [ [ -2.913, 53.724 ], [ -2.909, 53.73 ] ] } },
{ "type": "Feature", "properties": { "name1": "River Esk", "name2": " ", "Strahler Stream Order": 4, "long_name": "Cumbria and Lancashire", "short_name": "Cumbria and Lancashire" }, "geometry": { "type": "MultiLineString", "coordinates": [ [ [ -3.334, 54.369 ], [ -3.345, 54.37 ], [ -3.404, 54.337 ], [ -3.415, 54.352 ], [ -3.432, 54.334 ], [ -3.44, 54.334 ] ], [ [ -3.282, 54.392 ], [ -3.301, 54.39 ], [ -3.319, 54.382 ], [ -3.325, 54.373 ] ] ] } },
{ "type": "Feature", "properties": { "name1": "River Kent", "name2": "Big Kettle", "Strahler Stream Order": 5, "long_name": "Cumbria and Lancashire", "short_name": "Cumbria and Lancashire" }, "geometry": { "type": "LineString", "coordinates": [ [ -2.764, 54.267 ], [ -2.766, 54.265 ] ] } },
{ "type": "Feature", "properties": { "name1": "The Sluice", "name2": " ", "Strahler Stream Order": 4, "long_name": "Cumbria and Lancashire", "short_name": "Cumbria and Lancashire" }, "geometry": { "type": "LineString", "coordinates": [ [ -2.877, 53.64 ], [ -2.919, 53.659 ], [ -2.94, 53.68 ], [ -2.944, 53.679 ] ] } },
{ "type": "Feature", "properties": { "name1": "River Eamont", "name2": " ", "Strahler Stream Order": 5, "long_name": "Cumbria and Lancashire", "short_name": "Cumbria and Lancashire" }, "geometry": { "type": "LineString", "coordinates": [ [ -2.825, 54.611 ], [ -2.81, 54.632 ], [ -2.771, 54.644 ], [ -2.761, 54.65 ], [ -2.715, 54.655 ], [ -2.711, 54.659 ], [ -2.684, 54.666 ], [ -2.67, 54.664 ], [ -2.642, 54.673 ] ] } },
{ "type": "Feature", "properties": { "name1": "River Lune", "name2": "Low Craigles", "Strahler Stream Order": 5, "long_name": "Cumbria and Lancashire", "short_name": "Cumbria and Lancashire" }, "geometry": { "type": "LineString", "coordinates": [ [ -2.583, 54.304 ], [ -2.582, 54.303 ] ] } },
{ "type": "Feature", "properties": { "name1": "River Duddon", "name2": " ", "Strahler Stream Order": 4, "long_name": "Cumbria and Lancashire", "short_name": "Cumbria and Lancashire" }, "geometry": { "type": "MultiLineString", "coordinates": [ [ [ -3.218, 54.342 ], [ -3.22, 54.335 ], [ -3.23, 54.332 ], [ -3.24, 54.321 ] ], [ [ -3.24, 54.317 ], [ -3.231, 54.315 ], [ -3.237, 54.292 ] ], [ [ -3.238, 54.292 ], [ -3.237, 54.29 ] ], [ [ -3.236, 54.286 ], [ -3.228, 54.278 ] ], [ [ -3.195, 54.354 ], [ -3.209, 54.351 ] ] ] } },
{ "type": "Feature", "properties": { "name1": "Thompson's Pool", "name2": "River Lune", "Strahler Stream Order": 5, "long_name": "Cumbria and Lancashire", "short_name": "Cumbria and Lancashire" }, "geometry": { "type": "LineString", "coordinates": [ [ -2.599, 54.411 ], [ -2.6, 54.41 ] ] } },
{ "type": "Feature", "properties": { "name1": "River Kent", "name2": "Deer Crossing", "Strahler Stream Order": 5, "long_name": "Cumbria and Lancashire", "short_name": "Cumbria and Lancashire" }, "geometry": { "type": "LineString", "coordinates": [ [ -2.768, 54.262 ], [ -2.769, 54.261 ] ] } },
{ "type": "Feature", "properties": { "name1": "River Lune", "name2": "Old Bridge Hole", "Strahler Stream Order": 5, "long_name": "Cumbria and Lancashire", "short_name": "Cumbria and Lancashire" }, "geometry": { "type": "LineString", "coordinates": [ [ -2.58, 54.314 ], [ -2.582, 54.312 ] ] } },
{ "type": "Feature", "properties": { "name1": "River Lune", "name2": "Bowers Wheel", "Strahler Stream Order": 5, "long_name": "Cumbria and Lancashire", "short_name": "Cumbria and Lancashire" }, "geometry": { "type": "LineString", "coordinates": [ [ -2.582, 54.354 ], [ -2.577, 54.352 ] ] } },
{ "type": "Feature", "properties": { "name1": "River Lune", "name2": "Dunning's Dub", "Strahler Stream Order": 4, "long_name": "Cumbria and Lancashire", "short_name": "Cumbria and Lancashire" }, "geometry": { "type": "LineString", "coordinates": [ [ -2.567, 54.446 ], [ -2.571, 54.444 ] ] } },
{ "type": "Feature", "properties": { "name1": "River Rawthey", "name2": "Lords' Dub Loups", "Strahler Stream Order": 4, "long_name": "Cumbria and Lancashire", "short_name": "Cumbria and Lancashire" }, "geometry": { "type": "LineString", "coordinates": [ [ -2.553, 54.312 ], [ -2.57, 54.307 ] ] } },
{ "type": "Feature", "properties": { "name1": "Skinburness Creek", "name2": " ", "Strahler Stream Order": 4, "long_name": "Cumbria and Lancashire", "short_name": "Cumbria and Lancashire" }, "geometry": { "type": "LineString", "coordinates": [ [ -3.348, 54.894 ], [ -3.338, 54.897 ] ] } },
{ "type": "Feature", "properties": { "name1": "River Lune", "name2": "Pipe Dub", "Strahler Stream Order": 5, "long_name": "Cumbria and Lancashire", "short_name": "Cumbria and Lancashire" }, "geometry": { "type": "LineString", "coordinates": [ [ -2.572, 54.343 ], [ -2.571, 54.34 ] ] } },
{ "type": "Feature", "properties": { "name1": "River Rothay", "name2": " ", "Strahler Stream Order": 4, "long_name": "Cumbria and Lancashire", "short_name": "Cumbria and Lancashire" }, "geometry": { "type": "MultiLineString", "coordinates": [ [ [ -3.026, 54.463 ], [ -3.025, 54.453 ] ], [ [ -3.014, 54.445 ], [ -3.003, 54.448 ] ], [ [ -2.985, 54.447 ], [ -2.983, 54.438 ], [ -2.971, 54.432 ], [ -2.972, 54.423 ] ] ] } },
{ "type": "Feature", "properties": { "name1": "Pendle Water", "name2": " ", "Strahler Stream Order": 4, "long_name": "Cumbria and Lancashire", "short_name": "Cumbria and Lancashire" }, "geometry": { "type": "LineString", "coordinates": [ [ -2.216, 53.848 ], [ -2.225, 53.846 ], [ -2.226, 53.837 ], [ -2.24, 53.834 ], [ -2.244, 53.823 ], [ -2.256, 53.812 ], [ -2.264, 53.81 ] ] } },
{ "type": "Feature", "properties": { "name1": "River Eden", "name2": " ", "Strahler Stream Order": 6, "long_name": "Cumbria and Lancashire", "short_name": "Cumbria and Lancashire" }, "geometry": { "type": "MultiLineString", "coordinates": [ [ [ -2.988, 54.919 ], [ -3.009, 54.919 ], [ -3.013, 54.927 ], [ -3.002, 54.938 ] ], [ [ -2.826, 54.911 ], [ -2.85, 54.914 ], [ -2.861, 54.925 ], [ -2.882, 54.922 ], [ -2.9, 54.903 ], [ -2.921, 54.9 ], [ -2.941, 54.9 ], [ -2.951, 54.906 ], [ -2.966, 54.899 ], [ -2.976, 54.901 ], [ -2.976, 54.913 ] ], [ [ -2.821, 54.91 ], [ -2.824, 54.91 ] ], [ [ -2.501, 54.578 ], [ -2.509, 54.589 ], [ -2.541, 54.591 ], [ -2.57, 54.62 ], [ -2.582, 54.617 ], [ -2.597, 54.62 ], [ -2.602, 54.627 ], [ -2.62, 54.636 ], [ -2.612, 54.643 ], [ -2.621, 54.661 ], [ -2.637, 54.661 ], [ -2.656, 54.681 ], [ -2.669, 54.685 ], [ -2.668, 54.694 ], [ -2.683, 54.696 ], [ -2.695, 54.704 ], [ -2.689, 54.719 ], [ -2.682, 54.724 ], [ -2.688, 54.732 ], [ -2.677, 54.743 ], [ -2.68, 54.75 ], [ -2.698, 54.753 ], [ -2.699, 54.761 ], [ -2.724, 54.772 ], [ -2.736, 54.774 ], [ -2.75, 54.791 ], [ -2.765, 54.79 ], [ -2.774, 54.802 ], [ -2.758, 54.812 ], [ -2.759, 54.82 ], [ -2.753, 54.837 ], [ -2.779, 54.837 ], [ -2.782, 54.844 ], [ -2.797, 54.853 ], [ -2.803, 54.862 ], [ -2.816, 54.865 ], [ -2.831, 54.887 ], [ -2.832, 54.905 ], [ -2.82, 54.907 ] ], [ [ -2.353, 54.512 ], [ -2.37, 54.513 ], [ -2.386, 54.52 ], [ -2.403, 54.533 ], [ -2.403, 54.538 ], [ -2.429, 54.537 ], [ -2.444, 54.545 ], [ -2.447, 54.555 ], [ -2.461, 54.556 ], [ -2.477, 54.553 ], [ -2.484, 54.558 ], [ -2.483, 54.571 ], [ -2.491, 54.58 ], [ -2.501, 54.578 ] ], [ [ -2.364, 54.496 ], [ -2.357, 54.508 ] ] ] } },
{ "type": "Feature", "properties": { "name1": "River Hodder", "name2": " ", "Strahler Stream Order": 4, "long_name": "Cumbria and Lancashire", "short_name": "Cumbria and Lancashire" }, "geometry": { "type": "MultiLineString", "coordinates": [ [ [ -2.436, 53.967 ], [ -2.449, 53.954 ], [ -2.467, 53.942 ], [ -2.487, 53.941 ], [ -2.491, 53.947 ], [ -2.51, 53.948 ], [ -2.517, 53.944 ], [ -2.518, 53.935 ], [ -2.529, 53.913 ], [ -2.527, 53.902 ], [ -2.538, 53.884 ], [ -2.501, 53.885 ], [ -2.487, 53.878 ] ], [ [ -2.486, 53.878 ], [ -2.469, 53.875 ], [ -2.446, 53.854 ], [ -2.452, 53.846 ], [ -2.442, 53.84 ] ] ] } },
{ "type": "Feature", "properties": { "name1": "Willow Pool", "name2": "River Esk", "Strahler Stream Order": 4, "long_name": "Cumbria and Lancashire", "short_name": "Cumbria and Lancashire" }, "geometry": { "type": "LineString", "coordinates": [ [ -2.977, 55.025 ], [ -2.974, 55.019 ] ] } },
{ "type": "Feature", "properties": { "name1": "Slew Pot", "name2": "River Duddon", "Strahler Stream Order": 4, "long_name": "Cumbria and Lancashire", "short_name": "Cumbria and Lancashire" }, "geometry": { "type": "LineString", "coordinates": [ [ -3.24, 54.318 ], [ -3.24, 54.317 ] ] } },
{ "type": "Feature", "properties": { "name1": "Belmont Brook", "name2": "Eagley Brook", "Strahler Stream Order": 4, "long_name": "Cumbria and Lancashire", "short_name": "Cumbria and Lancashire" }, "geometry": { "type": "LineString", "coordinates": [ [ -2.465, 53.633 ], [ -2.447, 53.628 ], [ -2.439, 53.617 ], [ -2.42, 53.612 ], [ -2.416, 53.605 ], [ -2.425, 53.596 ] ] } },
{ "type": "Feature", "properties": { "name1": "Ulverston Channel", "name2": " ", "Strahler Stream Order": 5, "long_name": "Cumbria and Lancashire", "short_name": "Cumbria and Lancashire" }, "geometry": { "type": "MultiLineString", "coordinates": [ [ [ -3.044, 54.199 ], [ -3.053, 54.191 ] ], [ [ -3.051, 54.188 ], [ -3.061, 54.179 ], [ -3.047, 54.165 ] ], [ [ -3.048, 54.16 ], [ -3.041, 54.135 ], [ -3.05, 54.123 ], [ -3.045, 54.114 ], [ -3.023, 54.091 ], [ -3.018, 54.071 ], [ -3.022, 54.063 ] ] ] } },
{ "type": "Feature", "properties": { "name1": "River Kent", "name2": "Kent Channel", "Strahler Stream Order": 5, "long_name": "Cumbria and Lancashire", "short_name": "Cumbria and Lancashire" }, "geometry": { "type": "MultiLineString", "coordinates": [ [ [ -2.89, 54.185 ], [ -2.905, 54.169 ], [ -2.894, 54.158 ], [ -2.883, 54.139 ], [ -2.878, 54.125 ], [ -2.875, 54.105 ], [ -2.899, 54.082 ] ], [ [ -2.887, 54.195 ], [ -2.889, 54.193 ] ], [ [ -2.801, 54.234 ], [ -2.814, 54.212 ], [ -2.827, 54.205 ], [ -2.836, 54.206 ], [ -2.846, 54.198 ], [ -2.867, 54.193 ] ], [ [ -2.815, 54.248 ], [ -2.801, 54.246 ], [ -2.798, 54.238 ] ] ] } },
{ "type": "Feature", "properties": { "name1": "River Wenning", "name2": " ", "Strahler Stream Order": 5, "long_name": "Cumbria and Lancashire", "short_name": "Cumbria and Lancashire" }, "geometry": { "type": "MultiLineString", "coordinates": [ [ [ -2.539, 54.119 ], [ -2.545, 54.117 ], [ -2.562, 54.124 ], [ -2.597, 54.125 ], [ -2.597, 54.118 ], [ -2.627, 54.114 ], [ -2.632, 54.109 ], [ -2.658, 54.109 ] ], [ [ -2.39, 54.101 ], [ -2.423, 54.106 ], [ -2.453, 54.104 ], [ -2.497, 54.114 ], [ -2.516, 54.113 ], [ -2.535, 54.116 ] ] ] } },
{ "type": "Feature", "properties": { "name1": "Trout Beck", "name2": " ", "Strahler Stream Order": 4, "long_name": "Cumbria and Lancashire", "short_name": "Cumbria and Lancashire" }, "geometry": { "type": "LineString", "coordinates": [ [ -2.504, 54.611 ], [ -2.509, 54.615 ], [ -2.528, 54.61 ], [ -2.546, 54.613 ], [ -2.559, 54.623 ], [ -2.57, 54.62 ] ] } },
{ "type": "Feature", "properties": { "name1": "Sandy Brook", "name2": " ", "Strahler Stream Order": 4, "long_name": "Cumbria and Lancashire", "short_name": "Cumbria and Lancashire" }, "geometry": { "type": "LineString", "coordinates": [ [ -2.958, 53.641 ], [ -2.959, 53.642 ] ] } },
{ "type": "Feature", "properties": { "name1": "Duddon Channel", "name2": " ", "Strahler Stream Order": 4, "long_name": "Cumbria and Lancashire", "short_name": "Cumbria and Lancashire" }, "geometry": { "type": "MultiLineString", "coordinates": [ [ [ -3.216, 54.251 ], [ -3.223, 54.247 ], [ -3.225, 54.237 ], [ -3.215, 54.236 ], [ -3.207, 54.224 ], [ -3.217, 54.219 ], [ -3.229, 54.222 ], [ -3.242, 54.217 ], [ -3.238, 54.197 ], [ -3.232, 54.194 ], [ -3.244, 54.184 ], [ -3.258, 54.185 ], [ -3.276, 54.18 ], [ -3.292, 54.172 ], [ -3.315, 54.173 ], [ -3.324, 54.169 ] ], [ [ -3.228, 54.278 ], [ -3.225, 54.276 ] ], [ [ -3.225, 54.275 ], [ -3.225, 54.267 ] ], [ [ -3.224, 54.265 ], [ -3.231, 54.259 ], [ -3.216, 54.255 ] ] ] } },
{ "type": "Feature", "properties": { "name1": "Salmon Leap", "name2": "River Lune", "Strahler Stream Order": 5, "long_name": "Cumbria and Lancashire", "short_name": "Cumbria and Lancashire" }, "geometry": { "type": "LineString", "coordinates": [ [ -2.583, 54.306 ], [ -2.584, 54.304 ] ] } },
{ "type": "Feature", "properties": { "name1": "River Derwent", "name2": "Boat Hole", "Strahler Stream Order": 5, "long_name": "Cumbria and Lancashire", "short_name": "Cumbria and Lancashire" }, "geometry": { "type": "LineString", "coordinates": [ [ -3.425, 54.668 ], [ -3.431, 54.667 ] ] } },
{ "type": "Feature", "properties": { "name1": "River Kent", "name2": "Otter Holes", "Strahler Stream Order": 5, "long_name": "Cumbria and Lancashire", "short_name": "Cumbria and Lancashire" }, "geometry": { "type": "LineString", "coordinates": [ [ -2.762, 54.27 ], [ -2.764, 54.268 ] ] } },
{ "type": "Feature", "properties": { "name1": "River Mite", "name2": " ", "Strahler Stream Order": 4, "long_name": "Cumbria and Lancashire", "short_name": "Cumbria and Lancashire" }, "geometry": { "type": "LineString", "coordinates": [ [ -3.413, 54.354 ], [ -3.415, 54.352 ] ] } },
{ "type": "Feature", "properties": { "name1": "River Sark", "name2": " ", "Strahler Stream Order": 4, "long_name": "Cumbria and Lancashire", "short_name": "Cumbria and Lancashire" }, "geometry": { "type": "LineString", "coordinates": [ [ -3.045, 55.013 ], [ -3.05, 55.008 ], [ -3.046, 54.999 ], [ -3.058, 54.992 ], [ -3.056, 54.986 ] ] } },
{ "type": "Feature", "properties": { "name1": "River Derwent", "name2": "Lady Boat", "Strahler Stream Order": 5, "long_name": "Cumbria and Lancashire", "short_name": "Cumbria and Lancashire" }, "geometry": { "type": "LineString", "coordinates": [ [ -3.362, 54.67 ], [ -3.363, 54.668 ] ] } },
{ "type": "Feature", "properties": { "name1": " ", "name2": " ", "Strahler Stream Order": 5, "long_name": "Cumbria and Lancashire", "short_name": "Cumbria and Lancashire" }, "geometry": { "type": "MultiLineString", "coordinates": [ [ [ -3.523, 54.649 ], [ -3.526, 54.648 ] ], [ [ -3.397, 54.667 ], [ -3.398, 54.667 ] ], [ [ -3.312, 54.573 ], [ -3.314, 54.576 ] ], [ [ -3.192, 54.636 ], [ -3.199, 54.636 ], [ -3.212, 54.648 ], [ -3.226, 54.666 ], [ -3.241, 54.678 ] ], [ [ -3.141, 54.564 ], [ -3.148, 54.578 ], [ -3.145, 54.582 ], [ -3.154, 54.598 ] ] ] } },
{ "type": "Feature", "properties": { "name1": "River Esk", "name2": "Powdrake Pool", "Strahler Stream Order": 5, "long_name": "Cumbria and Lancashire", "short_name": "Cumbria and Lancashire" }, "geometry": { "type": "LineString", "coordinates": [ [ -2.972, 55.014 ], [ -2.974, 55.011 ] ] } },
{ "type": "Feature", "properties": { "name1": "River Wampool", "name2": " ", "Strahler Stream Order": 4, "long_name": "Cumbria and Lancashire", "short_name": "Cumbria and Lancashire" }, "geometry": { "type": "LineString", "coordinates": [ [ -3.133, 54.843 ], [ -3.147, 54.857 ], [ -3.161, 54.862 ], [ -3.192, 54.881 ], [ -3.182, 54.888 ], [ -3.193, 54.912 ] ] } },
{ "type": "Feature", "properties": { "name1": " ", "name2": " ", "Strahler Stream Order": 4, "long_name": "Cumbria and Lancashire", "short_name": "Cumbria and Lancashire" }, "geometry": { "type": "MultiLineString", "coordinates": [ [ [ -3.24, 54.321 ], [ -3.239, 54.319 ] ], [ [ -3.237, 54.292 ], [ -3.238, 54.292 ] ], [ [ -3.236, 54.287 ], [ -3.236, 54.286 ] ], [ [ -3.225, 54.276 ], [ -3.225, 54.275 ] ], [ [ -3.225, 54.267 ], [ -3.224, 54.265 ] ], [ [ -3.216, 54.255 ], [ -3.216, 54.251 ] ], [ [ -3.209, 54.351 ], [ -3.212, 54.349 ] ] ] } },
{ "type": "Feature", "properties": { "name1": "River Ehen", "name2": "Billy Hole", "Strahler Stream Order": 4, "long_name": "Cumbria and Lancashire", "short_name": "Cumbria and Lancashire" }, "geometry": { "type": "LineString", "coordinates": [ [ -3.531, 54.458 ], [ -3.53, 54.451 ] ] } },
{ "type": "Feature", "properties": { "name1": " ", "name2": " ", "Strahler Stream Order": 4, "long_name": "Cumbria and Lancashire", "short_name": "Cumbria and Lancashire" }, "geometry": { "type": "MultiLineString", "coordinates": [ [ [ -3.065, 54.362 ], [ -3.071, 54.344 ], [ -3.086, 54.323 ], [ -3.09, 54.297 ] ], [ [ -3.089, 54.296 ], [ -3.089, 54.295 ] ], [ [ -3.053, 54.191 ], [ -3.051, 54.188 ] ], [ [ -3.047, 54.165 ], [ -3.048, 54.16 ] ], [ [ -3.035, 54.203 ], [ -3.04, 54.199 ] ], [ [ -3.025, 54.453 ], [ -3.014, 54.445 ] ], [ [ -3.024, 54.428 ], [ -3.023, 54.427 ] ], [ [ -3.014, 54.242 ], [ -3.015, 54.24 ] ], [ [ -3.003, 54.448 ], [ -2.985, 54.447 ] ], [ [ -2.969, 54.419 ], [ -2.954, 54.405 ], [ -2.951, 54.395 ], [ -2.933, 54.382 ], [ -2.928, 54.365 ], [ -2.944, 54.338 ], [ -2.942, 54.329 ], [ -2.951, 54.318 ], [ -2.954, 54.274 ], [ -2.97, 54.269 ] ] ] } },
{ "type": "Feature", "properties": { "name1": " ", "name2": " ", "Strahler Stream Order": 5, "long_name": "Cumbria and Lancashire", "short_name": "Cumbria and Lancashire" }, "geometry": { "type": "LineString", "coordinates": [ [ -2.978, 53.867 ], [ -2.967, 53.872 ] ] } },
{ "type": "Feature", "properties": { "name1": " ", "name2": " ", "Strahler Stream Order": 4, "long_name": "Cumbria and Lancashire", "short_name": "Cumbria and Lancashire" }, "geometry": { "type": "MultiLineString", "coordinates": [ [ [ -2.969, 53.68 ], [ -2.953, 53.684 ] ], [ [ -2.956, 53.69 ], [ -2.957, 53.69 ] ], [ [ -2.953, 53.685 ], [ -2.952, 53.686 ] ], [ [ -2.952, 53.69 ], [ -2.953, 53.691 ] ], [ [ -2.576, 53.636 ], [ -2.577, 53.635 ] ], [ [ -2.576, 53.635 ], [ -2.575, 53.626 ] ], [ [ -2.487, 53.878 ], [ -2.486, 53.878 ] ] ] } },
{ "type": "Feature", "properties": { "name1": " ", "name2": " ", "Strahler Stream Order": 5, "long_name": "Cumbria and Lancashire", "short_name": "Cumbria and Lancashire" }, "geometry": { "type": "MultiLineString", "coordinates": [ [ [ -2.889, 54.193 ], [ -2.89, 54.185 ] ], [ [ -2.798, 54.238 ], [ -2.801, 54.234 ] ], [ [ -2.758, 54.271 ], [ -2.759, 54.27 ] ] ] } },
{ "type": "Feature", "properties": { "name1": " ", "name2": " ", "Strahler Stream Order": 5, "long_name": "Cumbria and Lancashire", "short_name": "Cumbria and Lancashire" }, "geometry": { "type": "MultiLineString", "coordinates": [ [ [ -2.732, 54.076 ], [ -2.731, 54.075 ] ], [ [ -2.6, 54.427 ], [ -2.6, 54.426 ] ], [ [ -2.599, 54.417 ], [ -2.6, 54.416 ] ], [ [ -2.598, 54.404 ], [ -2.598, 54.403 ] ], [ [ -2.598, 54.419 ], [ -2.597, 54.418 ] ], [ [ -2.583, 54.309 ], [ -2.584, 54.308 ] ], [ [ -2.576, 54.379 ], [ -2.578, 54.376 ] ], [ [ -2.575, 54.346 ], [ -2.574, 54.345 ] ], [ [ -2.573, 54.301 ], [ -2.572, 54.301 ] ], [ [ -2.568, 54.326 ], [ -2.567, 54.325 ] ], [ [ -2.527, 54.316 ], [ -2.529, 54.315 ] ], [ [ -2.513, 54.323 ], [ -2.515, 54.322 ] ] ] } },
{ "type": "Feature", "properties": { "name1": "Mepsys Crook", "name2": "Liddel Water", "Strahler Stream Order": 4, "long_name": "Cumbria and Lancashire", "short_name": "Cumbria and Lancashire" }, "geometry": { "type": "LineString", "coordinates": [ [ -2.859, 55.108 ], [ -2.865, 55.107 ] ] } },
{ "type": "Feature", "properties": { "name1": "River Gilpin", "name2": " ", "Strahler Stream Order": 4, "long_name": "Cumbria and Lancashire", "short_name": "Cumbria and Lancashire" }, "geometry": { "type": "LineString", "coordinates": [ [ -2.82, 54.284 ], [ -2.811, 54.27 ], [ -2.813, 54.258 ], [ -2.807, 54.251 ] ] } },
{ "type": "Feature", "properties": { "name1": "River Crake", "name2": " ", "Strahler Stream Order": 4, "long_name": "Cumbria and Lancashire", "short_name": "Cumbria and Lancashire" }, "geometry": { "type": "MultiLineString", "coordinates": [ [ [ -3.09, 54.297 ], [ -3.089, 54.296 ] ], [ [ -3.089, 54.295 ], [ -3.084, 54.28 ], [ -3.087, 54.27 ], [ -3.08, 54.262 ], [ -3.067, 54.256 ], [ -3.06, 54.24 ], [ -3.05, 54.234 ] ] ] } },
{ "type": "Feature", "properties": { "name1": "River Eden", "name2": "Channel of River Eden", "Strahler Stream Order": 6, "long_name": "Cumbria and Lancashire", "short_name": "Cumbria and Lancashire" }, "geometry": { "type": "MultiLineString", "coordinates": [ [ [ -3.288, 54.964 ], [ -3.307, 54.966 ] ], [ [ -3.21, 54.961 ], [ -3.251, 54.958 ], [ -3.26, 54.959 ] ], [ [ -3.151, 54.936 ], [ -3.185, 54.958 ], [ -3.203, 54.961 ] ], [ [ -3.113, 54.929 ], [ -3.134, 54.929 ], [ -3.143, 54.932 ] ], [ [ -3.084, 54.937 ], [ -3.1, 54.932 ] ], [ [ -3.063, 54.946 ], [ -3.082, 54.938 ] ], [ [ -3.049, 54.948 ], [ -3.061, 54.946 ] ], [ [ -3.007, 54.945 ], [ -3.014, 54.948 ], [ -3.03, 54.945 ], [ -3.048, 54.947 ] ] ] } },
{ "type": "Feature", "properties": { "name1": "River Cocker", "name2": "Cocker Channel", "Strahler Stream Order": 4, "long_name": "Cumbria and Lancashire", "short_name": "Cumbria and Lancashire" }, "geometry": { "type": "LineString", "coordinates": [ [ -2.836, 53.955 ], [ -2.855, 53.966 ], [ -2.878, 53.967 ] ] } },
{ "type": "Feature", "properties": { "name1": "River Ribble", "name2": " ", "Strahler Stream Order": 6, "long_name": "Cumbria and Lancashire", "short_name": "Cumbria and Lancashire" }, "geometry": { "type": "MultiLineString", "coordinates": [ [ [ -2.497, 53.82 ], [ -2.529, 53.812 ], [ -2.53, 53.804 ], [ -2.556, 53.809 ], [ -2.574, 53.791 ], [ -2.597, 53.796 ], [ -2.602, 53.79 ], [ -2.599, 53.782 ], [ -2.619, 53.779 ], [ -2.628, 53.767 ], [ -2.643, 53.766 ], [ -2.657, 53.761 ], [ -2.663, 53.749 ], [ -2.685, 53.749 ], [ -2.7, 53.752 ], [ -2.713, 53.748 ], [ -2.725, 53.758 ], [ -2.753, 53.758 ], [ -2.791, 53.752 ], [ -2.877, 53.733 ], [ -2.943, 53.727 ], [ -2.975, 53.731 ], [ -3.004, 53.725 ], [ -3.059, 53.721 ], [ -3.081, 53.714 ] ], [ [ -2.476, 53.827 ], [ -2.494, 53.818 ] ], [ [ -2.34, 53.916 ], [ -2.354, 53.898 ], [ -2.37, 53.9 ], [ -2.379, 53.893 ], [ -2.397, 53.887 ], [ -2.395, 53.882 ], [ -2.413, 53.877 ], [ -2.425, 53.86 ], [ -2.418, 53.853 ], [ -2.426, 53.845 ], [ -2.442, 53.839 ], [ -2.442, 53.83 ], [ -2.473, 53.831 ] ], [ [ -2.28, 54.098 ], [ -2.274, 54.088 ], [ -2.284, 54.083 ], [ -2.281, 54.075 ], [ -2.298, 54.052 ], [ -2.289, 54.042 ], [ -2.284, 54.026 ], [ -2.272, 54.017 ], [ -2.268, 54.009 ], [ -2.257, 54.005 ], [ -2.259, 53.996 ], [ -2.229, 53.992 ], [ -2.219, 53.981 ], [ -2.248, 53.96 ], [ -2.269, 53.952 ], [ -2.268, 53.944 ], [ -2.29, 53.934 ], [ -2.308, 53.934 ] ] ] } },
{ "type": "Feature", "properties": { "name1": "River Brathay", "name2": " ", "Strahler Stream Order": 4, "long_name": "Cumbria and Lancashire", "short_name": "Cumbria and Lancashire" }, "geometry": { "type": "MultiLineString", "coordinates": [ [ [ -3.023, 54.427 ], [ -3.014, 54.421 ], [ -2.978, 54.422 ] ], [ [ -2.972, 54.423 ], [ -2.969, 54.419 ] ] ] } },
{ "type": "Feature", "properties": { "name1": "Roaring Lum", "name2": "River Yarrow", "Strahler Stream Order": 4, "long_name": "Cumbria and Lancashire", "short_name": "Cumbria and Lancashire" }, "geometry": { "type": "LineString", "coordinates": [ [ -2.59, 53.638 ], [ -2.591, 53.639 ] ] } },
{ "type": "Feature", "properties": { "name1": "River Rawthey", "name2": "Handley's Dub", "Strahler Stream Order": 4, "long_name": "Cumbria and Lancashire", "short_name": "Cumbria and Lancashire" }, "geometry": { "type": "LineString", "coordinates": [ [ -2.502, 54.324 ], [ -2.507, 54.322 ] ] } },
{ "type": "Feature", "properties": { "name1": "River Esk", "name2": " ", "Strahler Stream Order": 4, "long_name": "Cumbria and Lancashire", "short_name": "Cumbria and Lancashire" }, "geometry": { "type": "MultiLineString", "coordinates": [ [ [ -3.163, 55.207 ], [ -3.158, 55.22 ], [ -3.144, 55.221 ], [ -3.131, 55.211 ], [ -3.103, 55.209 ], [ -3.093, 55.2 ], [ -3.08, 55.202 ], [ -3.07, 55.189 ], [ -3.032, 55.18 ] ], [ [ -3.032, 55.178 ], [ -3.03, 55.177 ] ], [ [ -3.015, 55.166 ], [ -3.02, 55.162 ] ], [ [ -3.019, 55.16 ], [ -3.002, 55.153 ] ], [ [ -3.014, 55.17 ], [ -3.016, 55.168 ] ], [ [ -3.014, 55.179 ], [ -3.012, 55.176 ] ], [ [ -2.995, 54.989 ], [ -3.003, 54.978 ], [ -3.007, 54.976 ] ], [ [ -3.001, 55.152 ], [ -2.989, 55.144 ], [ -2.989, 55.137 ] ], [ [ -2.974, 55.011 ], [ -2.988, 55.001 ] ], [ [ -2.988, 55.136 ], [ -2.981, 55.131 ] ], [ [ -2.988, 54.999 ], [ -2.984, 54.995 ] ], [ [ -2.988, 55.126 ], [ -2.985, 55.124 ] ], [ [ -2.986, 55.129 ], [ -2.987, 55.128 ] ], [ [ -2.986, 55.121 ], [ -2.98, 55.117 ] ], [ [ -2.982, 55.13 ], [ -2.983, 55.13 ] ], [ [ -2.98, 55.115 ], [ -2.982, 55.114 ] ], [ [ -2.982, 55.113 ], [ -2.979, 55.105 ] ], [ [ -2.977, 55.103 ], [ -2.972, 55.099 ] ], [ [ -2.953, 55.038 ], [ -2.977, 55.025 ] ], [ [ -2.974, 55.019 ], [ -2.972, 55.014 ] ], [ [ -2.97, 55.099 ], [ -2.969, 55.1 ] ], [ [ -2.967, 55.097 ], [ -2.966, 55.097 ] ], [ [ -2.964, 55.095 ], [ -2.961, 55.094 ] ], [ [ -2.958, 55.091 ], [ -2.959, 55.09 ] ], [ [ -2.958, 55.093 ], [ -2.958, 55.092 ] ], [ [ -2.955, 55.055 ], [ -2.958, 55.049 ] ], [ [ -2.958, 55.086 ], [ -2.957, 55.085 ] ], [ [ -2.956, 55.047 ], [ -2.949, 55.045 ] ], [ [ -2.95, 55.056 ], [ -2.953, 55.055 ] ], [ [ -2.951, 55.078 ], [ -2.952, 55.077 ] ], [ [ -2.945, 55.042 ], [ -2.951, 55.04 ] ], [ [ -2.949, 55.081 ], [ -2.949, 55.08 ] ], [ [ -2.946, 55.07 ], [ -2.949, 55.056 ] ], [ [ -2.947, 55.076 ], [ -2.944, 55.073 ] ], [ [ -2.945, 55.044 ], [ -2.942, 55.042 ] ] ] } },
{ "type": "Feature", "properties": { "name1": "Stoddart Hole", "name2": "River Derwent", "Strahler Stream Order": 5, "long_name": "Cumbria and Lancashire", "short_name": "Cumbria and Lancashire" }, "geometry": { "type": "LineString", "coordinates": [ [ -3.398, 54.667 ], [ -3.399, 54.667 ] ] } },
{ "type": "Feature", "properties": { "name1": "River Esk", "name2": "Redbank Pool", "Strahler Stream Order": 5, "long_name": "Cumbria and Lancashire", "short_name": "Cumbria and Lancashire" }, "geometry": { "type": "LineString", "coordinates": [ [ -2.949, 55.045 ], [ -2.945, 55.044 ] ] } },
{ "type": "Feature", "properties": { "name1": "Peasey Beck", "name2": " ", "Strahler Stream Order": 4, "long_name": "Cumbria and Lancashire", "short_name": "Cumbria and Lancashire" }, "geometry": { "type": "LineString", "coordinates": [ [ -2.732, 54.232 ], [ -2.741, 54.224 ] ] } },
{ "type": "Feature", "properties": { "name1": "River Bela", "name2": " ", "Strahler Stream Order": 4, "long_name": "Cumbria and Lancashire", "short_name": "Cumbria and Lancashire" }, "geometry": { "type": "LineString", "coordinates": [ [ -2.741, 54.224 ], [ -2.75, 54.213 ], [ -2.775, 54.212 ], [ -2.774, 54.224 ], [ -2.792, 54.227 ], [ -2.806, 54.22 ] ] } },
{ "type": "Feature", "properties": { "name1": "River Eden", "name2": "Howard's Hole", "Strahler Stream Order": 6, "long_name": "Cumbria and Lancashire", "short_name": "Cumbria and Lancashire" }, "geometry": { "type": "LineString", "coordinates": [ [ -2.824, 54.91 ], [ -2.826, 54.911 ] ] } },
{ "type": "Feature", "properties": { "name1": "River Lyvennet", "name2": " ", "Strahler Stream Order": 4, "long_name": "Cumbria and Lancashire", "short_name": "Cumbria and Lancashire" }, "geometry": { "type": "LineString", "coordinates": [ [ -2.62, 54.614 ], [ -2.611, 54.62 ], [ -2.608, 54.629 ] ] } },
{ "type": "Feature", "properties": { "name1": "Upper Water Mouth", "name2": "River Trent", "Strahler Stream Order": 6, "long_name": "East Midlands", "short_name": "East Midlands" }, "geometry": { "type": "LineString", "coordinates": [ [ -0.851, 53.073 ], [ -0.85, 53.074 ] ] } },
{ "type": "Feature", "properties": { "name1": "Winthorpe Rack", "name2": "River Trent", "Strahler Stream Order": 6, "long_name": "East Midlands", "short_name": "East Midlands" }, "geometry": { "type": "LineString", "coordinates": [ [ -0.802, 53.099 ], [ -0.793, 53.107 ] ] } },
{ "type": "Feature", "properties": { "name1": "River Soar", "name2": " ", "Strahler Stream Order": 5, "long_name": "East Midlands", "short_name": "East Midlands" }, "geometry": { "type": "MultiLineString", "coordinates": [ [ [ -1.261, 52.818 ], [ -1.271, 52.824 ], [ -1.271, 52.846 ], [ -1.275, 52.86 ], [ -1.268, 52.873 ] ], [ [ -1.23, 52.562 ], [ -1.223, 52.57 ], [ -1.197, 52.57 ], [ -1.184, 52.587 ], [ -1.175, 52.588 ], [ -1.168, 52.602 ], [ -1.145, 52.611 ], [ -1.142, 52.633 ], [ -1.145, 52.643 ], [ -1.135, 52.647 ], [ -1.118, 52.665 ], [ -1.117, 52.675 ], [ -1.101, 52.684 ], [ -1.108, 52.687 ], [ -1.11, 52.7 ], [ -1.12, 52.702 ], [ -1.122, 52.727 ], [ -1.145, 52.735 ], [ -1.15, 52.741 ], [ -1.164, 52.744 ], [ -1.153, 52.752 ], [ -1.162, 52.756 ], [ -1.17, 52.769 ], [ -1.181, 52.776 ], [ -1.181, 52.782 ], [ -1.202, 52.794 ], [ -1.226, 52.792 ], [ -1.232, 52.801 ], [ -1.246, 52.806 ], [ -1.256, 52.804 ], [ -1.263, 52.816 ] ] ] } },
{ "type": "Feature", "properties": { "name1": "River Rother", "name2": " ", "Strahler Stream Order": 4, "long_name": "East Midlands", "short_name": "East Midlands" }, "geometry": { "type": "LineString", "coordinates": [ [ -1.419, 53.232 ], [ -1.421, 53.239 ], [ -1.418, 53.255 ], [ -1.411, 53.267 ], [ -1.402, 53.27 ], [ -1.378, 53.272 ], [ -1.37, 53.267 ], [ -1.357, 53.268 ], [ -1.354, 53.286 ], [ -1.338, 53.291 ], [ -1.341, 53.308 ], [ -1.328, 53.329 ], [ -1.318, 53.332 ], [ -1.325, 53.349 ], [ -1.336, 53.352 ], [ -1.353, 53.368 ], [ -1.35, 53.371 ], [ -1.364, 53.388 ], [ -1.349, 53.394 ], [ -1.343, 53.401 ], [ -1.359, 53.404 ], [ -1.364, 53.415 ], [ -1.362, 53.425 ] ] } },
{ "type": "Feature", "properties": { "name1": "River Derwent", "name2": "Derwent Mouth", "Strahler Stream Order": 5, "long_name": "East Midlands", "short_name": "East Midlands" }, "geometry": { "type": "LineString", "coordinates": [ [ -1.323, 52.877 ], [ -1.319, 52.873 ] ] } },
{ "type": "Feature", "properties": { "name1": "River Idle", "name2": "Eel Pool", "Strahler Stream Order": 4, "long_name": "East Midlands", "short_name": "East Midlands" }, "geometry": { "type": "LineString", "coordinates": [ [ -0.95, 53.403 ], [ -0.951, 53.403 ] ] } },
{ "type": "Feature", "properties": { "name1": "River Trent", "name2": " ", "Strahler Stream Order": 6, "long_name": "East Midlands", "short_name": "East Midlands" }, "geometry": { "type": "MultiLineString", "coordinates": [ [ [ -2.048, 52.842 ], [ -2.027, 52.826 ], [ -2.011, 52.819 ], [ -2.011, 52.804 ], [ -2.003, 52.787 ], [ -1.981, 52.786 ], [ -1.973, 52.78 ], [ -1.953, 52.781 ], [ -1.927, 52.764 ], [ -1.912, 52.76 ], [ -1.884, 52.746 ], [ -1.865, 52.748 ], [ -1.859, 52.755 ], [ -1.837, 52.754 ], [ -1.807, 52.757 ], [ -1.778, 52.746 ], [ -1.765, 52.746 ], [ -1.758, 52.737 ], [ -1.731, 52.74 ], [ -1.717, 52.731 ], [ -1.698, 52.735 ], [ -1.698, 52.744 ], [ -1.671, 52.781 ], [ -1.659, 52.784 ], [ -1.651, 52.779 ], [ -1.624, 52.796 ], [ -1.625, 52.813 ], [ -1.6, 52.828 ], [ -1.585, 52.831 ], [ -1.584, 52.835 ], [ -1.56, 52.849 ], [ -1.545, 52.849 ], [ -1.536, 52.854 ], [ -1.517, 52.853 ], [ -1.495, 52.842 ], [ -1.478, 52.843 ], [ -1.469, 52.852 ], [ -1.451, 52.853 ], [ -1.434, 52.842 ], [ -1.389, 52.839 ], [ -1.382, 52.846 ], [ -1.369, 52.849 ], [ -1.34, 52.865 ], [ -1.325, 52.866 ], [ -1.319, 52.873 ], [ -1.307, 52.877 ], [ -1.288, 52.872 ], [ -1.28, 52.876 ], [ -1.265, 52.873 ], [ -1.255, 52.879 ], [ -1.238, 52.883 ], [ -1.244, 52.892 ], [ -1.228, 52.896 ], [ -1.207, 52.913 ], [ -1.198, 52.91 ], [ -1.167, 52.924 ], [ -1.157, 52.938 ], [ -1.14, 52.932 ], [ -1.132, 52.943 ], [ -1.109, 52.944 ], [ -1.099, 52.942 ], [ -1.075, 52.956 ], [ -1.064, 52.95 ], [ -1.041, 52.951 ], [ -1.033, 52.959 ], [ -1.038, 52.983 ], [ -1.026, 52.986 ], [ -1.015, 52.98 ], [ -1.007, 52.986 ], [ -0.976, 52.986 ], [ -0.956, 53.008 ], [ -0.936, 53.015 ], [ -0.915, 53.035 ], [ -0.903, 53.038 ] ], [ [ -0.901, 53.04 ], [ -0.905, 53.048 ], [ -0.895, 53.055 ], [ -0.883, 53.05 ] ], [ [ -0.88, 53.046 ], [ -0.862, 53.051 ], [ -0.864, 53.059 ], [ -0.854, 53.063 ] ], [ [ -0.86, 53.068 ], [ -0.851, 53.073 ] ], [ [ -0.85, 53.074 ], [ -0.836, 53.067 ], [ -0.822, 53.072 ], [ -0.805, 53.084 ], [ -0.802, 53.099 ] ], [ [ -0.792, 53.141 ], [ -0.801, 53.158 ], [ -0.799, 53.17 ] ], [ [ -0.793, 53.107 ], [ -0.805, 53.111 ], [ -0.808, 53.12 ], [ -0.803, 53.133 ], [ -0.795, 53.138 ] ], [ [ -0.784, 53.17 ], [ -0.793, 53.187 ], [ -0.781, 53.191 ], [ -0.775, 53.207 ], [ -0.776, 53.215 ], [ -0.784, 53.224 ], [ -0.777, 53.239 ], [ -0.778, 53.252 ], [ -0.764, 53.272 ], [ -0.778, 53.282 ], [ -0.766, 53.292 ], [ -0.752, 53.293 ], [ -0.747, 53.304 ], [ -0.754, 53.32 ], [ -0.767, 53.33 ], [ -0.757, 53.339 ], [ -0.765, 53.346 ], [ -0.758, 53.353 ], [ -0.775, 53.365 ], [ -0.791, 53.363 ], [ -0.787, 53.374 ], [ -0.775, 53.378 ], [ -0.784, 53.384 ], [ -0.777, 53.397 ], [ -0.787, 53.403 ], [ -0.794, 53.414 ], [ -0.817, 53.425 ], [ -0.821, 53.441 ], [ -0.811, 53.443 ], [ -0.8, 53.454 ], [ -0.785, 53.462 ], [ -0.783, 53.478 ], [ -0.771, 53.479 ], [ -0.776, 53.489 ], [ -0.768, 53.499 ], [ -0.753, 53.5 ], [ -0.742, 53.513 ], [ -0.738, 53.527 ], [ -0.743, 53.537 ], [ -0.738, 53.548 ], [ -0.746, 53.556 ], [ -0.748, 53.567 ], [ -0.744, 53.574 ], [ -0.731, 53.582 ], [ -0.739, 53.593 ], [ -0.729, 53.608 ], [ -0.707, 53.607 ], [ -0.699, 53.615 ], [ -0.713, 53.627 ], [ -0.711, 53.646 ], [ -0.697, 53.653 ], [ -0.687, 53.675 ], [ -0.698, 53.693 ] ] ] } },
{ "type": "Feature", "properties": { "name1": "River Derwent", "name2": "Dungeon Hole", "Strahler Stream Order": 5, "long_name": "East Midlands", "short_name": "East Midlands" }, "geometry": { "type": "LineString", "coordinates": [ [ -1.356, 52.893 ], [ -1.362, 52.891 ] ] } },
{ "type": "Feature", "properties": { "name1": "River Erewash", "name2": " ", "Strahler Stream Order": 4, "long_name": "East Midlands", "short_name": "East Midlands" }, "geometry": { "type": "LineString", "coordinates": [ [ -1.283, 52.946 ], [ -1.278, 52.933 ], [ -1.286, 52.925 ], [ -1.282, 52.91 ], [ -1.251, 52.902 ], [ -1.242, 52.895 ], [ -1.228, 52.896 ] ] } },
{ "type": "Feature", "properties": { "name1": "River Derwent", "name2": " ", "Strahler Stream Order": 4, "long_name": "East Midlands", "short_name": "East Midlands" }, "geometry": { "type": "MultiLineString", "coordinates": [ [ [ -1.743, 53.405 ], [ -1.742, 53.402 ] ], [ [ -1.703, 53.366 ], [ -1.703, 53.353 ], [ -1.695, 53.349 ], [ -1.692, 53.34 ], [ -1.669, 53.331 ], [ -1.66, 53.323 ], [ -1.645, 53.322 ], [ -1.639, 53.311 ], [ -1.641, 53.305 ], [ -1.634, 53.296 ], [ -1.641, 53.287 ], [ -1.633, 53.265 ], [ -1.626, 53.256 ], [ -1.612, 53.219 ], [ -1.613, 53.199 ], [ -1.618, 53.191 ], [ -1.612, 53.164 ], [ -1.598, 53.155 ], [ -1.585, 53.155 ], [ -1.581, 53.144 ], [ -1.557, 53.139 ], [ -1.563, 53.121 ], [ -1.555, 53.11 ], [ -1.507, 53.092 ], [ -1.507, 53.082 ], [ -1.484, 53.06 ], [ -1.48, 53.049 ], [ -1.488, 53.043 ], [ -1.48, 53.035 ], [ -1.492, 53.023 ], [ -1.482, 53.01 ], [ -1.484, 53.005 ], [ -1.479, 52.989 ], [ -1.48, 52.981 ], [ -1.473, 52.976 ], [ -1.466, 52.954 ], [ -1.478, 52.937 ], [ -1.475, 52.925 ], [ -1.461, 52.919 ], [ -1.443, 52.918 ], [ -1.434, 52.905 ], [ -1.425, 52.903 ], [ -1.409, 52.906 ], [ -1.399, 52.902 ], [ -1.385, 52.902 ], [ -1.356, 52.893 ] ], [ [ -1.362, 52.891 ], [ -1.346, 52.888 ], [ -1.342, 52.879 ], [ -1.323, 52.877 ] ], [ [ -0.933, 53.79 ], [ -0.937, 53.78 ], [ -0.929, 53.774 ], [ -0.928, 53.765 ], [ -0.94, 53.758 ], [ -0.969, 53.749 ] ], [ [ -0.945, 53.858 ], [ -0.946, 53.851 ] ], [ [ -0.914, 53.992 ], [ -0.923, 53.989 ], [ -0.934, 53.971 ], [ -0.921, 53.961 ], [ -0.928, 53.942 ], [ -0.923, 53.935 ], [ -0.929, 53.93 ], [ -0.932, 53.908 ], [ -0.941, 53.905 ], [ -0.945, 53.889 ], [ -0.934, 53.882 ], [ -0.941, 53.874 ] ], [ [ -0.927, 53.819 ], [ -0.92, 53.815 ], [ -0.935, 53.802 ], [ -0.93, 53.793 ] ], [ [ -0.899, 53.999 ], [ -0.913, 53.992 ] ], [ [ -0.817, 54.12 ], [ -0.825, 54.118 ], [ -0.832, 54.107 ], [ -0.832, 54.096 ], [ -0.848, 54.092 ], [ -0.862, 54.099 ], [ -0.87, 54.097 ], [ -0.882, 54.086 ], [ -0.866, 54.079 ], [ -0.863, 54.07 ], [ -0.871, 54.063 ], [ -0.886, 54.058 ], [ -0.889, 54.046 ], [ -0.878, 54.044 ], [ -0.888, 54.033 ], [ -0.888, 54.02 ], [ -0.877, 54.014 ], [ -0.888, 54.01 ], [ -0.899, 53.999 ] ], [ [ -0.739, 54.171 ], [ -0.732, 54.167 ], [ -0.748, 54.151 ], [ -0.757, 54.149 ], [ -0.784, 54.137 ], [ -0.802, 54.133 ], [ -0.816, 54.121 ] ], [ [ -0.499, 54.197 ], [ -0.519, 54.203 ], [ -0.55, 54.201 ], [ -0.566, 54.202 ], [ -0.585, 54.199 ], [ -0.61, 54.205 ], [ -0.639, 54.204 ], [ -0.645, 54.198 ], [ -0.682, 54.201 ], [ -0.724, 54.186 ], [ -0.74, 54.184 ], [ -0.747, 54.177 ], [ -0.741, 54.171 ] ] ] } },
{ "type": "Feature", "properties": { "name1": "River Devon", "name2": " ", "Strahler Stream Order": 4, "long_name": "East Midlands", "short_name": "East Midlands" }, "geometry": { "type": "LineString", "coordinates": [ [ -0.824, 52.997 ], [ -0.831, 53.016 ], [ -0.827, 53.025 ], [ -0.832, 53.032 ], [ -0.822, 53.039 ], [ -0.826, 53.049 ], [ -0.836, 53.056 ], [ -0.823, 53.072 ] ] } },
{ "type": "Feature", "properties": { "name1": "River Noe", "name2": " ", "Strahler Stream Order": 4, "long_name": "East Midlands", "short_name": "East Midlands" }, "geometry": { "type": "MultiLineString", "coordinates": [ [ [ -1.81, 53.363 ], [ -1.8, 53.364 ], [ -1.769, 53.376 ], [ -1.754, 53.373 ], [ -1.752, 53.362 ], [ -1.738, 53.345 ], [ -1.726, 53.34 ], [ -1.706, 53.341 ] ], [ [ -1.704, 53.341 ], [ -1.694, 53.339 ] ] ] } },
{ "type": "Feature", "properties": { "name1": "River Idle", "name2": "Bycarrs Dyke", "Strahler Stream Order": 4, "long_name": "East Midlands", "short_name": "East Midlands" }, "geometry": { "type": "LineString", "coordinates": [ [ -0.916, 53.46 ], [ -0.874, 53.462 ], [ -0.845, 53.456 ], [ -0.827, 53.446 ], [ -0.812, 53.443 ] ] } },
{ "type": "Feature", "properties": { "name1": "River Etherow", "name2": " ", "Strahler Stream Order": 5, "long_name": "East Midlands", "short_name": "East Midlands" }, "geometry": { "type": "MultiLineString", "coordinates": [ [ [ -1.967, 53.471 ], [ -1.979, 53.468 ], [ -1.988, 53.461 ], [ -1.987, 53.454 ], [ -1.996, 53.446 ], [ -2.015, 53.44 ], [ -2.026, 53.43 ], [ -2.059, 53.409 ] ], [ [ -1.936, 53.48 ], [ -1.939, 53.478 ] ], [ [ -1.917, 53.482 ], [ -1.918, 53.482 ] ], [ [ -1.88, 53.492 ], [ -1.887, 53.488 ] ], [ [ -1.825, 53.493 ], [ -1.848, 53.495 ] ] ] } },
{ "type": "Feature", "properties": { "name1": "The Oven", "name2": "River Trent", "Strahler Stream Order": 6, "long_name": "East Midlands", "short_name": "East Midlands" }, "geometry": { "type": "LineString", "coordinates": [ [ -0.795, 53.138 ], [ -0.792, 53.141 ] ] } },
{ "type": "Feature", "properties": { "name1": "River Idle", "name2": " ", "Strahler Stream Order": 4, "long_name": "East Midlands", "short_name": "East Midlands" }, "geometry": { "type": "MultiLineString", "coordinates": [ [ [ -0.951, 53.403 ], [ -0.96, 53.396 ], [ -0.975, 53.405 ], [ -0.987, 53.407 ], [ -0.998, 53.403 ], [ -1.007, 53.412 ], [ -1.003, 53.42 ], [ -1.014, 53.424 ], [ -1.013, 53.433 ], [ -0.989, 53.436 ], [ -0.968, 53.435 ], [ -0.958, 53.446 ], [ -0.939, 53.442 ], [ -0.929, 53.446 ], [ -0.916, 53.46 ] ], [ [ -0.951, 53.271 ], [ -0.939, 53.28 ], [ -0.939, 53.299 ], [ -0.947, 53.322 ], [ -0.941, 53.328 ], [ -0.948, 53.339 ], [ -0.964, 53.346 ], [ -0.957, 53.352 ], [ -0.946, 53.35 ], [ -0.929, 53.362 ], [ -0.927, 53.375 ], [ -0.933, 53.394 ], [ -0.951, 53.403 ] ] ] } },
{ "type": "Feature", "properties": { "name1": "River Trent", "name2": "Gawburn Nip", "Strahler Stream Order": 6, "long_name": "East Midlands", "short_name": "East Midlands" }, "geometry": { "type": "LineString", "coordinates": [ [ -0.883, 53.05 ], [ -0.88, 53.046 ] ] } },
{ "type": "Feature", "properties": { "name1": "River Trent", "name2": "Baggarley Rack", "Strahler Stream Order": 6, "long_name": "East Midlands", "short_name": "East Midlands" }, "geometry": { "type": "LineString", "coordinates": [ [ -0.854, 53.063 ], [ -0.86, 53.068 ] ] } },
{ "type": "Feature", "properties": { "name1": "River Goyt", "name2": " ", "Strahler Stream Order": 5, "long_name": "East Midlands", "short_name": "East Midlands" }, "geometry": { "type": "LineString", "coordinates": [ [ -1.986, 53.325 ], [ -1.977, 53.339 ], [ -1.985, 53.351 ], [ -1.998, 53.363 ], [ -2.028, 53.364 ], [ -2.051, 53.383 ], [ -2.056, 53.409 ], [ -2.084, 53.409 ], [ -2.099, 53.398 ], [ -2.119, 53.404 ], [ -2.125, 53.414 ], [ -2.157, 53.414 ] ] } },
{ "type": "Feature", "properties": { "name1": "River Trent", "name2": "Carlton Rack", "Strahler Stream Order": 6, "long_name": "East Midlands", "short_name": "East Midlands" }, "geometry": { "type": "LineString", "coordinates": [ [ -0.799, 53.17 ], [ -0.785, 53.169 ] ] } },
{ "type": "Feature", "properties": { "name1": "River Amber", "name2": " ", "Strahler Stream Order": 4, "long_name": "East Midlands", "short_name": "East Midlands" }, "geometry": { "type": "LineString", "coordinates": [ [ -1.424, 53.105 ], [ -1.433, 53.097 ], [ -1.43, 53.091 ], [ -1.435, 53.078 ], [ -1.442, 53.075 ], [ -1.439, 53.064 ], [ -1.464, 53.067 ], [ -1.484, 53.059 ] ] } },
{ "type": "Feature", "properties": { "name1": "The Fleet", "name2": " ", "Strahler Stream Order": 4, "long_name": "East Midlands", "short_name": "East Midlands" }, "geometry": { "type": "LineString", "coordinates": [ [ -0.768, 53.184 ], [ -0.781, 53.191 ] ] } },
{ "type": "Feature", "properties": { "name1": "River Soar", "name2": "Devil's Elbow", "Strahler Stream Order": 5, "long_name": "East Midlands", "short_name": "East Midlands" }, "geometry": { "type": "LineString", "coordinates": [ [ -1.263, 52.816 ], [ -1.261, 52.818 ] ] } },
{ "type": "Feature", "properties": { "name1": "River Trent", "name2": "Ladies Piece", "Strahler Stream Order": 6, "long_name": "East Midlands", "short_name": "East Midlands" }, "geometry": { "type": "LineString", "coordinates": [ [ -0.903, 53.038 ], [ -0.901, 53.04 ] ] } },
{ "type": "Feature", "properties": { "name1": "River Ashop", "name2": " ", "Strahler Stream Order": 4, "long_name": "East Midlands", "short_name": "East Midlands" }, "geometry": { "type": "LineString", "coordinates": [ [ -1.838, 53.413 ], [ -1.827, 53.405 ], [ -1.81, 53.401 ], [ -1.77, 53.398 ], [ -1.754, 53.392 ], [ -1.751, 53.382 ], [ -1.735, 53.378 ], [ -1.726, 53.372 ], [ -1.71, 53.373 ] ] } },
{ "type": "Feature", "properties": { "name1": " ", "name2": " ", "Strahler Stream Order": 6, "long_name": "East Midlands", "short_name": "East Midlands" }, "geometry": { "type": "MultiLineString", "coordinates": [ [ [ -2.472, 53.398 ], [ -2.469, 53.406 ], [ -2.484, 53.411 ] ], [ [ -2.421, 53.428 ], [ -2.426, 53.426 ] ], [ [ -1.977, 53.53 ], [ -1.98, 53.531 ] ], [ [ -1.939, 53.478 ], [ -1.958, 53.469 ], [ -1.967, 53.471 ] ], [ [ -1.918, 53.482 ], [ -1.936, 53.48 ] ], [ [ -1.887, 53.488 ], [ -1.903, 53.482 ], [ -1.917, 53.482 ] ], [ [ -1.848, 53.495 ], [ -1.88, 53.492 ] ] ] } },
{ "type": "Feature", "properties": { "name1": "River Anker", "name2": " ", "Strahler Stream Order": 4, "long_name": "East Midlands", "short_name": "East Midlands" }, "geometry": { "type": "LineString", "coordinates": [ [ -1.462, 52.517 ], [ -1.467, 52.522 ], [ -1.471, 52.538 ], [ -1.484, 52.54 ], [ -1.495, 52.547 ], [ -1.488, 52.553 ], [ -1.509, 52.561 ], [ -1.52, 52.562 ], [ -1.526, 52.569 ], [ -1.527, 52.583 ], [ -1.538, 52.59 ], [ -1.557, 52.596 ], [ -1.572, 52.595 ], [ -1.582, 52.606 ], [ -1.584, 52.617 ], [ -1.597, 52.615 ], [ -1.602, 52.62 ], [ -1.619, 52.621 ], [ -1.611, 52.631 ], [ -1.637, 52.645 ], [ -1.675, 52.647 ], [ -1.685, 52.632 ], [ -1.698, 52.632 ] ] } },
{ "type": "Feature", "properties": { "name1": " ", "name2": " ", "Strahler Stream Order": 5, "long_name": "East Midlands", "short_name": "East Midlands" }, "geometry": { "type": "MultiLineString", "coordinates": [ [ [ -2.124, 54.282 ], [ -2.123, 54.284 ] ], [ [ -1.816, 53.932 ], [ -1.815, 53.932 ] ], [ [ -1.809, 54.128 ], [ -1.803, 54.119 ], [ -1.786, 54.11 ] ], [ [ -1.746, 53.429 ], [ -1.748, 53.418 ], [ -1.743, 53.405 ] ], [ [ -1.744, 53.433 ], [ -1.746, 53.429 ] ], [ [ -1.742, 53.402 ], [ -1.724, 53.393 ], [ -1.712, 53.38 ], [ -1.71, 53.373 ], [ -1.703, 53.366 ] ], [ [ -1.664, 54.037 ], [ -1.663, 54.037 ] ], [ [ -1.639, 53.906 ], [ -1.637, 53.905 ] ], [ [ -1.445, 53.717 ], [ -1.441, 53.719 ] ], [ [ -1.433, 53.718 ], [ -1.431, 53.718 ] ], [ [ -1.203, 54.013 ], [ -1.2, 54.012 ] ], [ [ -1.189, 53.724 ], [ -1.184, 53.727 ] ], [ [ -1.103, 53.901 ], [ -1.103, 53.897 ] ], [ [ -1.087, 53.927 ], [ -1.091, 53.923 ] ], [ [ -1.075, 53.932 ], [ -1.077, 53.929 ] ], [ [ -1.029, 53.771 ], [ -1.03, 53.77 ] ], [ [ -1.022, 53.774 ], [ -1.024, 53.771 ] ], [ [ -1.0, 53.768 ], [ -0.996, 53.765 ] ], [ [ -0.991, 53.661 ], [ -0.99, 53.661 ] ], [ [ -0.979, 53.752 ], [ -0.968, 53.749 ] ], [ [ -0.912, 53.729 ], [ -0.905, 53.728 ] ], [ [ -0.874, 53.723 ], [ -0.865, 53.723 ] ], [ [ -0.865, 53.697 ], [ -0.864, 53.695 ] ], [ [ -0.863, 53.723 ], [ -0.859, 53.724 ] ], [ [ -0.785, 53.169 ], [ -0.784, 53.17 ] ], [ [ -0.741, 54.171 ], [ -0.74, 54.171 ] ], [ [ -0.741, 54.171 ], [ -0.74, 54.171 ] ], [ [ -0.74, 54.171 ], [ -0.739, 54.171 ] ], [ [ -0.738, 53.706 ], [ -0.733, 53.707 ] ], [ [ -0.694, 53.698 ], [ -0.686, 53.702 ] ], [ [ -0.595, 53.719 ], [ -0.591, 53.718 ] ] ] } },
{ "type": "Feature", "properties": { "name1": "Glossop Brook", "name2": " ", "Strahler Stream Order": 4, "long_name": "East Midlands", "short_name": "East Midlands" }, "geometry": { "type": "LineString", "coordinates": [ [ -1.942, 53.443 ], [ -1.967, 53.444 ], [ -1.987, 53.454 ] ] } },
{ "type": "Feature", "properties": { "name1": "River Wreake", "name2": " ", "Strahler Stream Order": 4, "long_name": "East Midlands", "short_name": "East Midlands" }, "geometry": { "type": "LineString", "coordinates": [ [ -1.072, 52.713 ], [ -1.096, 52.703 ], [ -1.12, 52.709 ] ] } },
{ "type": "Feature", "properties": { "name1": "River Noe", "name2": "Lumbley Pool", "Strahler Stream Order": 4, "long_name": "East Midlands", "short_name": "East Midlands" }, "geometry": { "type": "LineString", "coordinates": [ [ -1.706, 53.341 ], [ -1.704, 53.341 ] ] } },
{ "type": "Feature", "properties": { "name1": "River Dove", "name2": " ", "Strahler Stream Order": 4, "long_name": "East Midlands", "short_name": "East Midlands" }, "geometry": { "type": "MultiLineString", "coordinates": [ [ [ -1.785, 53.05 ], [ -1.779, 53.043 ], [ -1.768, 53.044 ], [ -1.759, 53.038 ], [ -1.757, 53.029 ], [ -1.763, 53.025 ], [ -1.762, 53.015 ], [ -1.771, 52.996 ], [ -1.784, 52.995 ], [ -1.788, 52.989 ], [ -1.803, 52.981 ], [ -1.824, 52.979 ], [ -1.829, 52.975 ], [ -1.828, 52.964 ], [ -1.832, 52.955 ], [ -1.83, 52.946 ], [ -1.849, 52.936 ], [ -1.857, 52.924 ], [ -1.848, 52.92 ], [ -1.842, 52.905 ], [ -1.828, 52.884 ], [ -1.812, 52.881 ], [ -1.777, 52.884 ], [ -1.75, 52.873 ], [ -1.74, 52.865 ], [ -1.716, 52.861 ], [ -1.704, 52.867 ], [ -1.669, 52.861 ], [ -1.66, 52.857 ], [ -1.641, 52.856 ], [ -1.623, 52.848 ], [ -1.605, 52.843 ], [ -1.585, 52.831 ] ], [ [ -0.931, 54.238 ], [ -0.918, 54.218 ], [ -0.905, 54.212 ], [ -0.91, 54.202 ] ] ] } },
{ "type": "Feature", "properties": { "name1": "River Axe", "name2": " ", "Strahler Stream Order": 4, "long_name": "Devon Cornwall and the Isles of Scilly", "short_name": "Devon and Cornwall" }, "geometry": { "type": "MultiLineString", "coordinates": [ [ [ -3.057, 50.722 ], [ -3.059, 50.705 ] ], [ [ -3.051, 50.727 ], [ -3.054, 50.724 ] ], [ [ -3.05, 50.746 ], [ -3.051, 50.729 ] ], [ [ -3.051, 50.728 ], [ -3.051, 50.727 ] ], [ [ -3.049, 50.748 ], [ -3.048, 50.746 ] ], [ [ -3.048, 50.749 ], [ -3.049, 50.749 ] ], [ [ -2.944, 50.832 ], [ -2.946, 50.825 ], [ -2.963, 50.816 ], [ -2.962, 50.81 ], [ -2.974, 50.8 ], [ -2.996, 50.792 ], [ -3.011, 50.775 ], [ -3.025, 50.771 ], [ -3.032, 50.763 ] ] ] } },
{ "type": "Feature", "properties": { "name1": "River Webburn", "name2": "Lizwell Meet", "Strahler Stream Order": 4, "long_name": "Devon Cornwall and the Isles of Scilly", "short_name": "Devon and Cornwall" }, "geometry": { "type": "LineString", "coordinates": [ [ -3.817, 50.549 ], [ -3.816, 50.548 ] ] } },
{ "type": "Feature", "properties": { "name1": "River Erme", "name2": " ", "Strahler Stream Order": 4, "long_name": "Devon Cornwall and the Isles of Scilly", "short_name": "Devon and Cornwall" }, "geometry": { "type": "LineString", "coordinates": [ [ -3.913, 50.361 ], [ -3.92, 50.358 ], [ -3.928, 50.342 ], [ -3.928, 50.335 ], [ -3.938, 50.326 ], [ -3.941, 50.313 ], [ -3.95, 50.307 ] ] } },
{ "type": "Feature", "properties": { "name1": "River Tamar", "name2": " ", "Strahler Stream Order": 4, "long_name": "Devon Cornwall and the Isles of Scilly", "short_name": "Devon and Cornwall" }, "geometry": { "type": "MultiLineString", "coordinates": [ [ [ -4.384, 50.751 ], [ -4.371, 50.733 ], [ -4.369, 50.723 ], [ -4.362, 50.719 ], [ -4.369, 50.709 ], [ -4.367, 50.698 ], [ -4.354, 50.693 ], [ -4.344, 50.677 ], [ -4.345, 50.663 ], [ -4.337, 50.656 ], [ -4.333, 50.644 ], [ -4.32, 50.636 ], [ -4.302, 50.636 ], [ -4.302, 50.625 ], [ -4.308, 50.62 ], [ -4.303, 50.612 ], [ -4.309, 50.603 ], [ -4.306, 50.595 ], [ -4.312, 50.59 ], [ -4.308, 50.579 ] ], [ [ -4.307, 50.579 ], [ -4.298, 50.584 ], [ -4.29, 50.579 ] ], [ [ -4.29, 50.578 ], [ -4.285, 50.585 ], [ -4.272, 50.583 ], [ -4.28, 50.569 ], [ -4.265, 50.559 ], [ -4.26, 50.544 ], [ -4.244, 50.544 ], [ -4.236, 50.533 ], [ -4.225, 50.53 ], [ -4.21, 50.533 ], [ -4.211, 50.525 ], [ -4.202, 50.514 ], [ -4.203, 50.503 ], [ -4.224, 50.49 ], [ -4.218, 50.476 ], [ -4.236, 50.468 ], [ -4.226, 50.459 ], [ -4.216, 50.467 ], [ -4.208, 50.457 ], [ -4.206, 50.448 ], [ -4.196, 50.437 ], [ -4.204, 50.421 ], [ -4.204, 50.407 ], [ -4.208, 50.395 ] ] ] } },
{ "type": "Feature", "properties": { "name1": "River Dart", "name2": " ", "Strahler Stream Order": 4, "long_name": "Devon Cornwall and the Isles of Scilly", "short_name": "Devon and Cornwall" }, "geometry": { "type": "LineString", "coordinates": [ [ -3.516, 50.86 ], [ -3.513, 50.855 ] ] } },
{ "type": "Feature", "properties": { "name1": "River Dart", "name2": " ", "Strahler Stream Order": 5, "long_name": "Devon Cornwall and the Isles of Scilly", "short_name": "Devon and Cornwall" }, "geometry": { "type": "MultiLineString", "coordinates": [ [ [ -3.876, 50.543 ], [ -3.873, 50.535 ], [ -3.858, 50.532 ] ], [ [ -3.856, 50.533 ], [ -3.845, 50.535 ] ], [ [ -3.844, 50.534 ], [ -3.841, 50.53 ] ], [ [ -3.839, 50.529 ], [ -3.828, 50.516 ], [ -3.82, 50.52 ] ], [ [ -3.82, 50.521 ], [ -3.815, 50.525 ] ], [ [ -3.814, 50.525 ], [ -3.815, 50.529 ] ], [ [ -3.814, 50.53 ], [ -3.809, 50.533 ], [ -3.795, 50.533 ], [ -3.8, 50.522 ], [ -3.785, 50.518 ], [ -3.79, 50.503 ] ], [ [ -3.791, 50.501 ], [ -3.776, 50.497 ], [ -3.773, 50.487 ], [ -3.759, 50.476 ], [ -3.755, 50.461 ], [ -3.741, 50.464 ], [ -3.73, 50.459 ], [ -3.685, 50.46 ], [ -3.682, 50.454 ], [ -3.691, 50.44 ], [ -3.68, 50.436 ], [ -3.682, 50.428 ] ], [ [ -3.65, 50.412 ], [ -3.643, 50.409 ] ], [ [ -3.649, 50.407 ], [ -3.636, 50.4 ] ], [ [ -3.617, 50.394 ], [ -3.612, 50.391 ], [ -3.591, 50.393 ], [ -3.593, 50.382 ] ] ] } },
{ "type": "Feature", "properties": { "name1": "River Lyd", "name2": " ", "Strahler Stream Order": 4, "long_name": "Devon Cornwall and the Isles of Scilly", "short_name": "Devon and Cornwall" }, "geometry": { "type": "LineString", "coordinates": [ [ -4.206, 50.629 ], [ -4.214, 50.628 ], [ -4.225, 50.635 ], [ -4.252, 50.644 ], [ -4.279, 50.642 ], [ -4.28, 50.635 ], [ -4.3, 50.633 ] ] } },
{ "type": "Feature", "properties": { "name1": "East Lyn River", "name2": " ", "Strahler Stream Order": 4, "long_name": "Devon Cornwall and the Isles of Scilly", "short_name": "Devon and Cornwall" }, "geometry": { "type": "MultiLineString", "coordinates": [ [ [ -3.787, 51.221 ], [ -3.804, 51.227 ], [ -3.816, 51.225 ], [ -3.83, 51.23 ], [ -3.83, 51.235 ] ], [ [ -3.729, 51.218 ], [ -3.764, 51.221 ], [ -3.778, 51.213 ], [ -3.787, 51.22 ] ] ] } },
{ "type": "Feature", "properties": { "name1": "River Dart", "name2": "Long Stream", "Strahler Stream Order": 5, "long_name": "Devon Cornwall and the Isles of Scilly", "short_name": "Devon and Cornwall" }, "geometry": { "type": "LineString", "coordinates": [ [ -3.636, 50.4 ], [ -3.622, 50.396 ] ] } },
{ "type": "Feature", "properties": { "name1": "River Clyst", "name2": " ", "Strahler Stream Order": 4, "long_name": "Devon Cornwall and the Isles of Scilly", "short_name": "Devon and Cornwall" }, "geometry": { "type": "LineString", "coordinates": [ [ -3.439, 50.738 ], [ -3.448, 50.724 ], [ -3.45, 50.715 ], [ -3.463, 50.703 ], [ -3.459, 50.685 ], [ -3.451, 50.683 ], [ -3.449, 50.658 ] ] } },
{ "type": "Feature", "properties": { "name1": "River Webburn", "name2": " ", "Strahler Stream Order": 4, "long_name": "Devon Cornwall and the Isles of Scilly", "short_name": "Devon and Cornwall" }, "geometry": { "type": "LineString", "coordinates": [ [ -3.816, 50.548 ], [ -3.809, 50.533 ] ] } },
{ "type": "Feature", "properties": { "name1": "River Camel", "name2": " ", "Strahler Stream Order": 4, "long_name": "Devon Cornwall and the Isles of Scilly", "short_name": "Devon and Cornwall" }, "geometry": { "type": "MultiLineString", "coordinates": [ [ [ -4.746, 50.484 ], [ -4.759, 50.473 ], [ -4.788, 50.474 ], [ -4.795, 50.477 ], [ -4.803, 50.496 ], [ -4.811, 50.499 ], [ -4.817, 50.508 ], [ -4.83, 50.513 ], [ -4.853, 50.529 ], [ -4.869, 50.53 ], [ -4.881, 50.534 ], [ -4.895, 50.527 ], [ -4.912, 50.532 ], [ -4.927, 50.532 ], [ -4.931, 50.546 ] ], [ [ -4.69, 50.593 ], [ -4.694, 50.59 ], [ -4.695, 50.575 ], [ -4.705, 50.552 ], [ -4.702, 50.542 ], [ -4.707, 50.532 ], [ -4.698, 50.527 ], [ -4.698, 50.52 ], [ -4.708, 50.515 ], [ -4.735, 50.511 ], [ -4.733, 50.503 ], [ -4.744, 50.497 ], [ -4.746, 50.485 ] ] ] } },
{ "type": "Feature", "properties": { "name1": " ", "name2": " ", "Strahler Stream Order": 4, "long_name": "Devon Cornwall and the Isles of Scilly", "short_name": "Devon and Cornwall" }, "geometry": { "type": "LineString", "coordinates": [ [ -4.74, 50.385 ], [ -4.722, 50.375 ], [ -4.712, 50.374 ], [ -4.715, 50.365 ], [ -4.709, 50.352 ], [ -4.7, 50.345 ] ] } },
{ "type": "Feature", "properties": { "name1": "River Dart", "name2": "Black Pool", "Strahler Stream Order": 5, "long_name": "Devon Cornwall and the Isles of Scilly", "short_name": "Devon and Cornwall" }, "geometry": { "type": "LineString", "coordinates": [ [ -3.79, 50.503 ], [ -3.791, 50.501 ] ] } },
{ "type": "Feature", "properties": { "name1": "River Dart", "name2": "Blackpool", "Strahler Stream Order": 4, "long_name": "Devon Cornwall and the Isles of Scilly", "short_name": "Devon and Cornwall" }, "geometry": { "type": "LineString", "coordinates": [ [ -3.858, 50.532 ], [ -3.856, 50.533 ] ] } },
{ "type": "Feature", "properties": { "name1": " ", "name2": " ", "Strahler Stream Order": 4, "long_name": "Devon Cornwall and the Isles of Scilly", "short_name": "Devon and Cornwall" }, "geometry": { "type": "LineString", "coordinates": [ [ -5.079, 50.207 ], [ -5.062, 50.198 ], [ -5.06, 50.192 ] ] } },
{ "type": "Feature", "properties": { "name1": "River Dart", "name2": "Home Reach", "Strahler Stream Order": 5, "long_name": "Devon Cornwall and the Isles of Scilly", "short_name": "Devon and Cornwall" }, "geometry": { "type": "LineString", "coordinates": [ [ -3.682, 50.428 ], [ -3.659, 50.411 ], [ -3.65, 50.412 ] ] } },
{ "type": "Feature", "properties": { "name1": " ", "name2": " ", "Strahler Stream Order": 4, "long_name": "Devon Cornwall and the Isles of Scilly", "short_name": "Devon and Cornwall" }, "geometry": { "type": "MultiLineString", "coordinates": [ [ [ -3.054, 50.724 ], [ -3.055, 50.723 ] ], [ [ -3.049, 50.749 ], [ -3.049, 50.748 ] ] ] } },
{ "type": "Feature", "properties": { "name1": " ", "name2": " ", "Strahler Stream Order": 4, "long_name": "Devon Cornwall and the Isles of Scilly", "short_name": "Devon and Cornwall" }, "geometry": { "type": "MultiLineString", "coordinates": [ [ [ -3.516, 50.708 ], [ -3.517, 50.707 ] ], [ [ -3.486, 50.972 ], [ -3.489, 50.971 ] ] ] } },
{ "type": "Feature", "properties": { "name1": " ", "name2": " ", "Strahler Stream Order": 4, "long_name": "Devon Cornwall and the Isles of Scilly", "short_name": "Devon and Cornwall" }, "geometry": { "type": "LineString", "coordinates": [ [ -3.654, 50.674 ], [ -3.654, 50.673 ] ] } },
{ "type": "Feature", "properties": { "name1": " ", "name2": " ", "Strahler Stream Order": 4, "long_name": "Devon Cornwall and the Isles of Scilly", "short_name": "Devon and Cornwall" }, "geometry": { "type": "LineString", "coordinates": [ [ -3.787, 51.22 ], [ -3.787, 51.221 ] ] } },
{ "type": "Feature", "properties": { "name1": " ", "name2": " ", "Strahler Stream Order": 5, "long_name": "Devon Cornwall and the Isles of Scilly", "short_name": "Devon and Cornwall" }, "geometry": { "type": "MultiLineString", "coordinates": [ [ [ -4.308, 50.579 ], [ -4.307, 50.579 ] ], [ [ -4.29, 50.578 ], [ -4.289, 50.578 ] ], [ [ -4.208, 50.395 ], [ -4.198, 50.389 ] ] ] } },
{ "type": "Feature", "properties": { "name1": " ", "name2": " ", "Strahler Stream Order": 4, "long_name": "Devon Cornwall and the Isles of Scilly", "short_name": "Devon and Cornwall" }, "geometry": { "type": "MultiLineString", "coordinates": [ [ [ -3.815, 50.525 ], [ -3.814, 50.525 ] ], [ [ -3.622, 50.396 ], [ -3.617, 50.394 ] ] ] } },
{ "type": "Feature", "properties": { "name1": " ", "name2": " ", "Strahler Stream Order": 4, "long_name": "Devon Cornwall and the Isles of Scilly", "short_name": "Devon and Cornwall" }, "geometry": { "type": "MultiLineString", "coordinates": [ [ [ -4.192, 51.059 ], [ -4.197, 51.06 ] ], [ [ -4.057, 50.892 ], [ -4.058, 50.893 ] ], [ [ -3.908, 50.942 ], [ -3.907, 50.942 ] ], [ [ -3.907, 50.942 ], [ -3.908, 50.942 ], [ -3.907, 50.942 ] ] ] } },
{ "type": "Feature", "properties": { "name1": "River Tiddy", "name2": " ", "Strahler Stream Order": 4, "long_name": "Devon Cornwall and the Isles of Scilly", "short_name": "Devon and Cornwall" }, "geometry": { "type": "LineString", "coordinates": [ [ -4.301, 50.389 ], [ -4.293, 50.386 ] ] } },
{ "type": "Feature", "properties": { "name1": "River Bovey", "name2": " ", "Strahler Stream Order": 5, "long_name": "Devon Cornwall and the Isles of Scilly", "short_name": "Devon and Cornwall" }, "geometry": { "type": "LineString", "coordinates": [ [ -3.795, 50.645 ], [ -3.784, 50.638 ], [ -3.777, 50.64 ], [ -3.75, 50.618 ], [ -3.736, 50.611 ], [ -3.701, 50.606 ], [ -3.694, 50.599 ], [ -3.682, 50.596 ], [ -3.663, 50.587 ], [ -3.652, 50.578 ], [ -3.629, 50.571 ], [ -3.628, 50.568 ] ] } },
{ "type": "Feature", "properties": { "name1": "River Taw", "name2": "Fremington Reach", "Strahler Stream Order": 5, "long_name": "Devon Cornwall and the Isles of Scilly", "short_name": "Devon and Cornwall" }, "geometry": { "type": "LineString", "coordinates": [ [ -4.12, 51.093 ], [ -4.122, 51.081 ] ] } },
{ "type": "Feature", "properties": { "name1": "River Lew", "name2": " ", "Strahler Stream Order": 4, "long_name": "Devon Cornwall and the Isles of Scilly", "short_name": "Devon and Cornwall" }, "geometry": { "type": "LineString", "coordinates": [ [ -4.091, 50.792 ], [ -4.075, 50.8 ], [ -4.068, 50.809 ], [ -4.082, 50.826 ], [ -4.083, 50.835 ] ] } },
{ "type": "Feature", "properties": { "name1": "River Teign", "name2": "Newton Channel", "Strahler Stream Order": 5, "long_name": "Devon Cornwall and the Isles of Scilly", "short_name": "Devon and Cornwall" }, "geometry": { "type": "LineString", "coordinates": [ [ -3.59, 50.535 ], [ -3.567, 50.539 ] ] } },
{ "type": "Feature", "properties": { "name1": "Kingsbridge Estuary", "name2": " ", "Strahler Stream Order": 4, "long_name": "Devon Cornwall and the Isles of Scilly", "short_name": "Devon and Cornwall" }, "geometry": { "type": "LineString", "coordinates": [ [ -3.759, 50.238 ], [ -3.777, 50.224 ] ] } },
{ "type": "Feature", "properties": { "name1": "River Otter", "name2": " ", "Strahler Stream Order": 4, "long_name": "Devon Cornwall and the Isles of Scilly", "short_name": "Devon and Cornwall" }, "geometry": { "type": "LineString", "coordinates": [ [ -3.175, 50.815 ], [ -3.188, 50.804 ], [ -3.201, 50.805 ], [ -3.221, 50.792 ], [ -3.251, 50.787 ], [ -3.289, 50.754 ], [ -3.283, 50.743 ], [ -3.289, 50.733 ], [ -3.289, 50.707 ], [ -3.286, 50.699 ], [ -3.294, 50.694 ], [ -3.296, 50.686 ], [ -3.292, 50.675 ], [ -3.304, 50.661 ], [ -3.31, 50.645 ], [ -3.307, 50.629 ] ] } },
{ "type": "Feature", "properties": { "name1": "River Lew", "name2": " ", "Strahler Stream Order": 4, "long_name": "Devon Cornwall and the Isles of Scilly", "short_name": "Devon and Cornwall" }, "geometry": { "type": "LineString", "coordinates": [ [ -4.145, 50.671 ], [ -4.155, 50.666 ], [ -4.166, 50.655 ], [ -4.179, 50.651 ], [ -4.186, 50.641 ], [ -4.196, 50.639 ], [ -4.206, 50.629 ] ] } },
{ "type": "Feature", "properties": { "name1": "River Mole", "name2": " ", "Strahler Stream Order": 4, "long_name": "Devon Cornwall and the Isles of Scilly", "short_name": "Devon and Cornwall" }, "geometry": { "type": "MultiLineString", "coordinates": [ [ [ -3.9, 50.977 ], [ -3.91, 50.974 ], [ -3.906, 50.956 ], [ -3.9, 50.95 ], [ -3.907, 50.942 ] ], [ [ -3.81, 51.004 ], [ -3.817, 50.989 ], [ -3.834, 50.978 ], [ -3.848, 50.981 ], [ -3.86, 50.991 ], [ -3.887, 50.991 ], [ -3.889, 50.98 ], [ -3.898, 50.977 ] ] ] } },
{ "type": "Feature", "properties": { "name1": "River Exe", "name2": "Austurn Pool", "Strahler Stream Order": 4, "long_name": "Devon Cornwall and the Isles of Scilly", "short_name": "Devon and Cornwall" }, "geometry": { "type": "LineString", "coordinates": [ [ -3.485, 50.975 ], [ -3.484, 50.974 ] ] } },
{ "type": "Feature", "properties": { "name1": "Lynher River", "name2": "St Germans River", "Strahler Stream Order": 4, "long_name": "Devon Cornwall and the Isles of Scilly", "short_name": "Devon and Cornwall" }, "geometry": { "type": "LineString", "coordinates": [ [ -4.293, 50.386 ], [ -4.276, 50.375 ], [ -4.262, 50.381 ], [ -4.244, 50.384 ], [ -4.237, 50.39 ], [ -4.217, 50.396 ], [ -4.208, 50.395 ] ] } },
{ "type": "Feature", "properties": { "name1": "River Yeo", "name2": " ", "Strahler Stream Order": 4, "long_name": "Devon Cornwall and the Isles of Scilly", "short_name": "Devon and Cornwall" }, "geometry": { "type": "LineString", "coordinates": [ [ -3.725, 50.777 ], [ -3.714, 50.773 ], [ -3.704, 50.777 ], [ -3.696, 50.773 ], [ -3.68, 50.779 ], [ -3.617, 50.78 ], [ -3.614, 50.782 ] ] } },
{ "type": "Feature", "properties": { "name1": "River Mole", "name2": "Balman's Pool", "Strahler Stream Order": 5, "long_name": "Devon Cornwall and the Isles of Scilly", "short_name": "Devon and Cornwall" }, "geometry": { "type": "LineString", "coordinates": [ [ -3.898, 50.977 ], [ -3.9, 50.977 ] ] } },
{ "type": "Feature", "properties": { "name1": "River Neet", "name2": " ", "Strahler Stream Order": 4, "long_name": "Devon Cornwall and the Isles of Scilly", "short_name": "Devon and Cornwall" }, "geometry": { "type": "LineString", "coordinates": [ [ -4.535, 50.805 ], [ -4.537, 50.814 ], [ -4.545, 50.821 ], [ -4.544, 50.828 ], [ -4.559, 50.832 ] ] } },
{ "type": "Feature", "properties": { "name1": "River Teign", "name2": "Black Pool", "Strahler Stream Order": 4, "long_name": "Devon Cornwall and the Isles of Scilly", "short_name": "Devon and Cornwall" }, "geometry": { "type": "LineString", "coordinates": [ [ -3.654, 50.673 ], [ -3.652, 50.673 ] ] } },
{ "type": "Feature", "properties": { "name1": "River Axe", "name2": "Gin Bottle Hole", "Strahler Stream Order": 4, "long_name": "Devon Cornwall and the Isles of Scilly", "short_name": "Devon and Cornwall" }, "geometry": { "type": "LineString", "coordinates": [ [ -3.055, 50.723 ], [ -3.057, 50.722 ] ] } },
{ "type": "Feature", "properties": { "name1": "River Exe", "name2": " ", "Strahler Stream Order": 4, "long_name": "Devon Cornwall and the Isles of Scilly", "short_name": "Devon and Cornwall" }, "geometry": { "type": "MultiLineString", "coordinates": [ [ [ -3.549, 50.75 ], [ -3.549, 50.743 ] ], [ [ -3.489, 50.971 ], [ -3.506, 50.953 ], [ -3.505, 50.934 ], [ -3.5, 50.932 ], [ -3.498, 50.91 ], [ -3.49, 50.907 ], [ -3.49, 50.898 ], [ -3.496, 50.891 ], [ -3.488, 50.881 ], [ -3.49, 50.875 ], [ -3.513, 50.855 ], [ -3.502, 50.838 ], [ -3.506, 50.83 ], [ -3.505, 50.814 ], [ -3.521, 50.793 ], [ -3.515, 50.763 ], [ -3.545, 50.751 ], [ -3.549, 50.743 ] ], [ [ -3.549, 50.743 ], [ -3.546, 50.728 ], [ -3.54, 50.72 ], [ -3.53, 50.718 ], [ -3.516, 50.708 ] ], [ [ -3.519, 51.029 ], [ -3.521, 51.016 ] ], [ [ -3.52, 51.014 ], [ -3.528, 51.005 ], [ -3.537, 51.003 ], [ -3.543, 50.993 ], [ -3.537, 50.983 ], [ -3.517, 50.984 ], [ -3.51, 50.974 ], [ -3.485, 50.975 ] ], [ [ -3.517, 50.707 ], [ -3.498, 50.694 ], [ -3.48, 50.69 ], [ -3.467, 50.682 ], [ -3.459, 50.669 ], [ -3.466, 50.662 ], [ -3.445, 50.657 ], [ -3.443, 50.651 ], [ -3.449, 50.642 ], [ -3.441, 50.629 ], [ -3.441, 50.617 ], [ -3.433, 50.612 ], [ -3.421, 50.615 ], [ -3.39, 50.605 ] ], [ [ -3.484, 50.974 ], [ -3.486, 50.972 ] ] ] } },
{ "type": "Feature", "properties": { "name1": "River Yeo", "name2": " ", "Strahler Stream Order": 4, "long_name": "Devon Cornwall and the Isles of Scilly", "short_name": "Devon and Cornwall" }, "geometry": { "type": "MultiLineString", "coordinates": [ [ [ -4.224, 50.98 ], [ -4.209, 50.985 ], [ -4.193, 51.001 ] ], [ [ -3.987, 51.111 ], [ -3.996, 51.104 ], [ -4.012, 51.099 ], [ -4.012, 51.092 ], [ -4.022, 51.09 ], [ -4.041, 51.092 ], [ -4.046, 51.087 ], [ -4.067, 51.081 ] ] ] } },
{ "type": "Feature", "properties": { "name1": "River Teign", "name2": "Bovey and Teign Meeting", "Strahler Stream Order": 4, "long_name": "Devon Cornwall and the Isles of Scilly", "short_name": "Devon and Cornwall" }, "geometry": { "type": "LineString", "coordinates": [ [ -3.627, 50.572 ], [ -3.628, 50.568 ], [ -3.627, 50.564 ] ] } },
{ "type": "Feature", "properties": { "name1": "River Torridge", "name2": " ", "Strahler Stream Order": 4, "long_name": "Devon Cornwall and the Isles of Scilly", "short_name": "Devon and Cornwall" }, "geometry": { "type": "MultiLineString", "coordinates": [ [ [ -4.415, 50.94 ], [ -4.399, 50.937 ], [ -4.374, 50.931 ], [ -4.347, 50.932 ], [ -4.33, 50.922 ], [ -4.324, 50.909 ], [ -4.313, 50.91 ], [ -4.291, 50.9 ], [ -4.263, 50.879 ], [ -4.25, 50.873 ], [ -4.237, 50.849 ], [ -4.229, 50.84 ], [ -4.213, 50.835 ], [ -4.181, 50.833 ], [ -4.166, 50.834 ], [ -4.146, 50.831 ], [ -4.133, 50.842 ], [ -4.121, 50.842 ], [ -4.102, 50.835 ], [ -4.078, 50.835 ], [ -4.068, 50.838 ], [ -4.053, 50.856 ], [ -4.051, 50.862 ], [ -4.06, 50.877 ], [ -4.073, 50.888 ], [ -4.057, 50.892 ] ], [ [ -4.058, 50.893 ], [ -4.067, 50.907 ], [ -4.082, 50.91 ], [ -4.094, 50.908 ], [ -4.098, 50.919 ], [ -4.085, 50.923 ], [ -4.111, 50.933 ], [ -4.139, 50.932 ], [ -4.142, 50.938 ], [ -4.138, 50.948 ], [ -4.158, 50.948 ], [ -4.169, 50.962 ], [ -4.179, 50.967 ], [ -4.169, 50.973 ], [ -4.198, 50.989 ], [ -4.183, 50.991 ], [ -4.189, 50.999 ], [ -4.206, 51.008 ], [ -4.2, 51.025 ], [ -4.201, 51.035 ], [ -4.184, 51.046 ], [ -4.192, 51.059 ] ] ] } },
{ "type": "Feature", "properties": { "name1": "River Exe", "name2": "Meeting of the Waters", "Strahler Stream Order": 4, "long_name": "Devon Cornwall and the Isles of Scilly", "short_name": "Devon and Cornwall" }, "geometry": { "type": "LineString", "coordinates": [ [ -3.521, 51.016 ], [ -3.52, 51.014 ] ] } },
{ "type": "Feature", "properties": { "name1": "River Bray", "name2": " ", "Strahler Stream Order": 4, "long_name": "Devon Cornwall and the Isles of Scilly", "short_name": "Devon and Cornwall" }, "geometry": { "type": "LineString", "coordinates": [ [ -3.866, 51.075 ], [ -3.866, 51.063 ], [ -3.892, 51.033 ], [ -3.888, 51.024 ], [ -3.891, 51.007 ], [ -3.888, 50.99 ] ] } },
{ "type": "Feature", "properties": { "name1": "River Plym", "name2": " ", "Strahler Stream Order": 4, "long_name": "Devon Cornwall and the Isles of Scilly", "short_name": "Devon and Cornwall" }, "geometry": { "type": "LineString", "coordinates": [ [ -4.068, 50.455 ], [ -4.071, 50.438 ], [ -4.086, 50.428 ], [ -4.079, 50.419 ], [ -4.078, 50.41 ], [ -4.088, 50.402 ], [ -4.085, 50.389 ], [ -4.089, 50.383 ], [ -4.104, 50.38 ], [ -4.108, 50.369 ] ] } },
{ "type": "Feature", "properties": { "name1": "River Okement", "name2": " ", "Strahler Stream Order": 4, "long_name": "Devon Cornwall and the Isles of Scilly", "short_name": "Devon and Cornwall" }, "geometry": { "type": "LineString", "coordinates": [ [ -4.025, 50.833 ], [ -4.04, 50.833 ], [ -4.06, 50.846 ] ] } },
{ "type": "Feature", "properties": { "name1": "River Lowman", "name2": " ", "Strahler Stream Order": 4, "long_name": "Devon Cornwall and the Isles of Scilly", "short_name": "Devon and Cornwall" }, "geometry": { "type": "LineString", "coordinates": [ [ -3.475, 50.906 ], [ -3.49, 50.898 ] ] } },
{ "type": "Feature", "properties": { "name1": "River Plym", "name2": "Cattewater", "Strahler Stream Order": 4, "long_name": "Devon Cornwall and the Isles of Scilly", "short_name": "Devon and Cornwall" }, "geometry": { "type": "LineString", "coordinates": [ [ -4.108, 50.369 ], [ -4.113, 50.362 ], [ -4.133, 50.362 ] ] } },
{ "type": "Feature", "properties": { "name1": "River Dart", "name2": "Mel Pool", "Strahler Stream Order": 4, "long_name": "Devon Cornwall and the Isles of Scilly", "short_name": "Devon and Cornwall" }, "geometry": { "type": "LineString", "coordinates": [ [ -3.845, 50.535 ], [ -3.844, 50.534 ] ] } },
{ "type": "Feature", "properties": { "name1": "River Dart", "name2": "Lower Corner Pool", "Strahler Stream Order": 4, "long_name": "Devon Cornwall and the Isles of Scilly", "short_name": "Devon and Cornwall" }, "geometry": { "type": "LineString", "coordinates": [ [ -3.815, 50.529 ], [ -3.814, 50.53 ] ] } },
{ "type": "Feature", "properties": { "name1": "River Troney", "name2": " ", "Strahler Stream Order": 4, "long_name": "Devon Cornwall and the Isles of Scilly", "short_name": "Devon and Cornwall" }, "geometry": { "type": "LineString", "coordinates": [ [ -3.731, 50.779 ], [ -3.725, 50.777 ] ] } },
{ "type": "Feature", "properties": { "name1": "River Culm", "name2": " ", "Strahler Stream Order": 4, "long_name": "Devon Cornwall and the Isles of Scilly", "short_name": "Devon and Cornwall" }, "geometry": { "type": "LineString", "coordinates": [ [ -3.223, 50.918 ], [ -3.25, 50.918 ], [ -3.275, 50.915 ], [ -3.308, 50.915 ], [ -3.335, 50.898 ], [ -3.344, 50.898 ], [ -3.369, 50.875 ], [ -3.38, 50.87 ], [ -3.382, 50.853 ], [ -3.391, 50.84 ], [ -3.41, 50.821 ], [ -3.428, 50.815 ], [ -3.443, 50.8 ], [ -3.457, 50.803 ], [ -3.473, 50.797 ], [ -3.478, 50.788 ], [ -3.494, 50.784 ], [ -3.504, 50.77 ], [ -3.515, 50.763 ] ] } },
{ "type": "Feature", "properties": { "name1": "River Axe", "name2": "Axmouth Harbour", "Strahler Stream Order": 4, "long_name": "Devon Cornwall and the Isles of Scilly", "short_name": "Devon and Cornwall" }, "geometry": { "type": "LineString", "coordinates": [ [ -3.059, 50.705 ], [ -3.055, 50.702 ] ] } },
{ "type": "Feature", "properties": { "name1": "East Looe River", "name2": " ", "Strahler Stream Order": 4, "long_name": "Devon Cornwall and the Isles of Scilly", "short_name": "Devon and Cornwall" }, "geometry": { "type": "LineString", "coordinates": [ [ -4.457, 50.358 ], [ -4.451, 50.351 ] ] } },
{ "type": "Feature", "properties": { "name1": "River Tavy", "name2": " ", "Strahler Stream Order": 4, "long_name": "Devon Cornwall and the Isles of Scilly", "short_name": "Devon and Cornwall" }, "geometry": { "type": "MultiLineString", "coordinates": [ [ [ -4.156, 50.508 ], [ -4.144, 50.477 ], [ -4.157, 50.454 ], [ -4.168, 50.45 ], [ -4.175, 50.437 ], [ -4.198, 50.429 ] ], [ [ -4.133, 50.554 ], [ -4.152, 50.543 ], [ -4.15, 50.537 ], [ -4.165, 50.525 ], [ -4.164, 50.511 ], [ -4.151, 50.509 ] ] ] } },
{ "type": "Feature", "properties": { "name1": "Woodhayne Range", "name2": "River Axe", "Strahler Stream Order": 4, "long_name": "Devon Cornwall and the Isles of Scilly", "short_name": "Devon and Cornwall" }, "geometry": { "type": "LineString", "coordinates": [ [ -3.032, 50.763 ], [ -3.048, 50.753 ] ] } },
{ "type": "Feature", "properties": { "name1": "Truro River", "name2": " ", "Strahler Stream Order": 4, "long_name": "Devon Cornwall and the Isles of Scilly", "short_name": "Devon and Cornwall" }, "geometry": { "type": "LineString", "coordinates": [ [ -5.022, 50.244 ], [ -5.016, 50.226 ] ] } },
{ "type": "Feature", "properties": { "name1": "Sharrah Pool", "name2": "River Dart", "Strahler Stream Order": 4, "long_name": "Devon Cornwall and the Isles of Scilly", "short_name": "Devon and Cornwall" }, "geometry": { "type": "LineString", "coordinates": [ [ -3.841, 50.53 ], [ -3.839, 50.529 ] ] } },
{ "type": "Feature", "properties": { "name1": "River Teign", "name2": " ", "Strahler Stream Order": 5, "long_name": "Devon Cornwall and the Isles of Scilly", "short_name": "Devon and Cornwall" }, "geometry": { "type": "MultiLineString", "coordinates": [ [ [ -3.844, 50.677 ], [ -3.825, 50.689 ], [ -3.783, 50.696 ], [ -3.761, 50.693 ], [ -3.752, 50.697 ], [ -3.731, 50.697 ], [ -3.721, 50.688 ], [ -3.707, 50.687 ], [ -3.689, 50.682 ], [ -3.672, 50.687 ], [ -3.654, 50.674 ] ], [ [ -3.652, 50.673 ], [ -3.646, 50.671 ], [ -3.638, 50.653 ], [ -3.641, 50.648 ], [ -3.635, 50.639 ], [ -3.639, 50.625 ], [ -3.622, 50.617 ], [ -3.616, 50.609 ], [ -3.619, 50.6 ], [ -3.614, 50.593 ], [ -3.629, 50.583 ], [ -3.627, 50.572 ] ], [ [ -3.627, 50.564 ], [ -3.607, 50.547 ], [ -3.608, 50.542 ], [ -3.597, 50.533 ], [ -3.59, 50.535 ] ], [ [ -3.567, 50.539 ], [ -3.536, 50.544 ], [ -3.526, 50.541 ], [ -3.503, 50.546 ], [ -3.495, 50.54 ] ] ] } },
{ "type": "Feature", "properties": { "name1": "River Creedy", "name2": " ", "Strahler Stream Order": 5, "long_name": "Devon Cornwall and the Isles of Scilly", "short_name": "Devon and Cornwall" }, "geometry": { "type": "LineString", "coordinates": [ [ -3.657, 50.823 ], [ -3.639, 50.798 ], [ -3.626, 50.787 ], [ -3.6, 50.778 ], [ -3.59, 50.779 ], [ -3.552, 50.757 ], [ -3.549, 50.75 ] ] } },
{ "type": "Feature", "properties": { "name1": "River Fowey", "name2": " ", "Strahler Stream Order": 4, "long_name": "Devon Cornwall and the Isles of Scilly", "short_name": "Devon and Cornwall" }, "geometry": { "type": "LineString", "coordinates": [ [ -4.558, 50.455 ], [ -4.574, 50.454 ], [ -4.594, 50.459 ], [ -4.615, 50.46 ], [ -4.651, 50.455 ], [ -4.677, 50.442 ], [ -4.683, 50.434 ], [ -4.666, 50.421 ], [ -4.669, 50.401 ], [ -4.653, 50.379 ], [ -4.643, 50.377 ], [ -4.636, 50.369 ], [ -4.637, 50.347 ], [ -4.631, 50.339 ] ] } },
{ "type": "Feature", "properties": { "name1": "Salters Pool", "name2": "River Dart", "Strahler Stream Order": 4, "long_name": "Devon Cornwall and the Isles of Scilly", "short_name": "Devon and Cornwall" }, "geometry": { "type": "LineString", "coordinates": [ [ -3.82, 50.52 ], [ -3.82, 50.521 ] ] } },
{ "type": "Feature", "properties": { "name1": "Sharpham Reach", "name2": "River Dart", "Strahler Stream Order": 5, "long_name": "Devon Cornwall and the Isles of Scilly", "short_name": "Devon and Cornwall" }, "geometry": { "type": "LineString", "coordinates": [ [ -3.643, 50.409 ], [ -3.649, 50.407 ] ] } },
{ "type": "Feature", "properties": { "name1": "River Thrushel", "name2": " ", "Strahler Stream Order": 4, "long_name": "Devon Cornwall and the Isles of Scilly", "short_name": "Devon and Cornwall" }, "geometry": { "type": "LineString", "coordinates": [ [ -4.261, 50.651 ], [ -4.276, 50.642 ] ] } },
{ "type": "Feature", "properties": { "name1": "River Axe", "name2": "Bridge Hole", "Strahler Stream Order": 4, "long_name": "Devon Cornwall and the Isles of Scilly", "short_name": "Devon and Cornwall" }, "geometry": { "type": "LineString", "coordinates": [ [ -3.051, 50.729 ], [ -3.051, 50.728 ] ] } },
{ "type": "Feature", "properties": { "name1": "River Taw", "name2": " ", "Strahler Stream Order": 5, "long_name": "Devon Cornwall and the Isles of Scilly", "short_name": "Devon and Cornwall" }, "geometry": { "type": "MultiLineString", "coordinates": [ [ [ -4.122, 51.081 ], [ -4.16, 51.083 ], [ -4.171, 51.074 ], [ -4.184, 51.069 ], [ -4.192, 51.059 ] ], [ [ -3.907, 50.942 ], [ -3.923, 50.95 ], [ -3.929, 50.961 ], [ -3.944, 50.962 ], [ -3.956, 50.958 ], [ -3.958, 50.972 ], [ -3.966, 50.981 ], [ -3.984, 50.982 ], [ -3.988, 50.989 ], [ -3.982, 51.002 ], [ -3.991, 51.008 ], [ -4.006, 51.009 ], [ -4.022, 51.015 ], [ -4.025, 51.025 ], [ -4.034, 51.026 ], [ -4.042, 51.039 ], [ -4.05, 51.042 ], [ -4.056, 51.057 ], [ -4.056, 51.075 ], [ -4.067, 51.081 ], [ -4.085, 51.079 ], [ -4.09, 51.085 ], [ -4.112, 51.093 ], [ -4.12, 51.093 ] ], [ [ -3.884, 50.848 ], [ -3.866, 50.855 ], [ -3.865, 50.863 ], [ -3.841, 50.86 ], [ -3.833, 50.868 ], [ -3.853, 50.87 ], [ -3.862, 50.88 ], [ -3.88, 50.892 ], [ -3.876, 50.898 ], [ -3.884, 50.903 ], [ -3.905, 50.907 ], [ -3.904, 50.915 ], [ -3.902, 50.926 ], [ -3.908, 50.942 ] ] ] } },
{ "type": "Feature", "properties": { "name1": "River Axe", "name2": "Nunford Hole", "Strahler Stream Order": 4, "long_name": "Devon Cornwall and the Isles of Scilly", "short_name": "Devon and Cornwall" }, "geometry": { "type": "LineString", "coordinates": [ [ -3.048, 50.746 ], [ -3.05, 50.746 ] ] } },
{ "type": "Feature", "properties": { "name1": "River Tavy", "name2": "Double Waters", "Strahler Stream Order": 4, "long_name": "Devon Cornwall and the Isles of Scilly", "short_name": "Devon and Cornwall" }, "geometry": { "type": "LineString", "coordinates": [ [ -4.151, 50.509 ], [ -4.156, 50.508 ] ] } },
{ "type": "Feature", "properties": { "name1": "Whitford Hole", "name2": "River Axe", "Strahler Stream Order": 4, "long_name": "Devon Cornwall and the Isles of Scilly", "short_name": "Devon and Cornwall" }, "geometry": { "type": "LineString", "coordinates": [ [ -3.048, 50.753 ], [ -3.048, 50.749 ] ] } },
{ "type": "Feature", "properties": { "name1": "River Fal", "name2": " ", "Strahler Stream Order": 4, "long_name": "Devon Cornwall and the Isles of Scilly", "short_name": "Devon and Cornwall" }, "geometry": { "type": "LineString", "coordinates": [ [ -5.016, 50.226 ], [ -5.027, 50.222 ], [ -5.026, 50.21 ], [ -5.038, 50.204 ] ] } },
{ "type": "Feature", "properties": { "name1": "Becka Brook", "name2": " ", "Strahler Stream Order": 4, "long_name": "Devon Cornwall and the Isles of Scilly", "short_name": "Devon and Cornwall" }, "geometry": { "type": "LineString", "coordinates": [ [ -3.757, 50.607 ], [ -3.735, 50.61 ], [ -3.727, 50.608 ] ] } },
{ "type": "Feature", "properties": { "name1": "River Tamar", "name2": "Inny Foot", "Strahler Stream Order": 5, "long_name": "Devon Cornwall and the Isles of Scilly", "short_name": "Devon and Cornwall" }, "geometry": { "type": "LineString", "coordinates": [ [ -4.29, 50.579 ], [ -4.29, 50.578 ] ] } },
{ "type": "Feature", "properties": { "name1": "River Axe", "name2": " ", "Strahler Stream Order": 4, "long_name": "Wessex", "short_name": "Wessex" }, "geometry": { "type": "LineString", "coordinates": [ [ -2.879, 51.29 ], [ -2.892, 51.29 ], [ -2.918, 51.294 ], [ -2.937, 51.303 ], [ -2.963, 51.305 ], [ -2.965, 51.297 ], [ -2.99, 51.299 ], [ -2.994, 51.308 ], [ -2.986, 51.314 ], [ -2.994, 51.322 ], [ -3.02, 51.333 ] ] } },
{ "type": "Feature", "properties": { "name1": "River Axe", "name2": " ", "Strahler Stream Order": 4, "long_name": "Wessex", "short_name": "Wessex" }, "geometry": { "type": "MultiLineString", "coordinates": [ [ [ -3.057, 50.722 ], [ -3.059, 50.705 ] ], [ [ -3.051, 50.727 ], [ -3.054, 50.724 ] ], [ [ -3.05, 50.746 ], [ -3.051, 50.729 ] ], [ [ -3.051, 50.728 ], [ -3.051, 50.727 ] ], [ [ -3.049, 50.748 ], [ -3.048, 50.746 ] ], [ [ -3.048, 50.749 ], [ -3.049, 50.749 ] ], [ [ -2.944, 50.832 ], [ -2.946, 50.825 ], [ -2.963, 50.816 ], [ -2.962, 50.81 ], [ -2.974, 50.8 ], [ -2.996, 50.792 ], [ -3.011, 50.775 ], [ -3.025, 50.771 ], [ -3.032, 50.763 ] ] ] } },
{ "type": "Feature", "properties": { "name1": "River Wylye", "name2": " ", "Strahler Stream Order": 4, "long_name": "Wessex", "short_name": "Wessex" }, "geometry": { "type": "LineString", "coordinates": [ [ -1.904, 51.131 ], [ -1.896, 51.12 ], [ -1.883, 51.12 ], [ -1.879, 51.109 ], [ -1.865, 51.093 ], [ -1.861, 51.083 ], [ -1.845, 51.077 ] ] } },
{ "type": "Feature", "properties": { "name1": "River Stour", "name2": "Clay Pool", "Strahler Stream Order": 6, "long_name": "Wessex", "short_name": "Wessex" }, "geometry": { "type": "LineString", "coordinates": [ [ -1.772, 50.73 ], [ -1.771, 50.728 ] ] } },
{ "type": "Feature", "properties": { "name1": "River Brue", "name2": " ", "Strahler Stream Order": 4, "long_name": "Wessex", "short_name": "Wessex" }, "geometry": { "type": "MultiLineString", "coordinates": [ [ [ -2.647, 51.102 ], [ -2.661, 51.105 ], [ -2.685, 51.117 ], [ -2.688, 51.126 ], [ -2.7, 51.132 ], [ -2.724, 51.137 ], [ -2.742, 51.138 ], [ -2.745, 51.143 ], [ -2.745, 51.16 ], [ -2.772, 51.172 ], [ -2.785, 51.174 ], [ -2.797, 51.18 ], [ -2.81, 51.181 ], [ -2.858, 51.199 ], [ -2.888, 51.197 ], [ -2.896, 51.201 ], [ -2.916, 51.202 ], [ -2.968, 51.214 ], [ -2.984, 51.22 ] ], [ [ -2.564, 51.094 ], [ -2.59, 51.083 ], [ -2.603, 51.085 ], [ -2.615, 51.082 ], [ -2.625, 51.088 ], [ -2.641, 51.089 ], [ -2.647, 51.102 ] ] ] } },
{ "type": "Feature", "properties": { "name1": "River Parrett", "name2": "Pims Pill Reach", "Strahler Stream Order": 6, "long_name": "Wessex", "short_name": "Wessex" }, "geometry": { "type": "LineString", "coordinates": [ [ -2.998, 51.15 ], [ -2.991, 51.154 ] ] } },
{ "type": "Feature", "properties": { "name1": "River Yeo", "name2": "Mill Stream", "Strahler Stream Order": 4, "long_name": "Wessex", "short_name": "Wessex" }, "geometry": { "type": "LineString", "coordinates": [ [ -2.619, 50.942 ], [ -2.61, 50.941 ] ] } },
{ "type": "Feature", "properties": { "name1": " ", "name2": " ", "Strahler Stream Order": 4, "long_name": "Wessex", "short_name": "Wessex" }, "geometry": { "type": "LineString", "coordinates": [ [ -2.441, 50.629 ], [ -2.439, 50.627 ] ] } },
{ "type": "Feature", "properties": { "name1": "River Brue", "name2": "Brue Pill", "Strahler Stream Order": 5, "long_name": "Wessex", "short_name": "Wessex" }, "geometry": { "type": "LineString", "coordinates": [ [ -2.984, 51.22 ], [ -3.006, 51.226 ] ] } },
{ "type": "Feature", "properties": { "name1": "East Lyn River", "name2": " ", "Strahler Stream Order": 4, "long_name": "Wessex", "short_name": "Wessex" }, "geometry": { "type": "MultiLineString", "coordinates": [ [ [ -3.787, 51.221 ], [ -3.804, 51.227 ], [ -3.816, 51.225 ], [ -3.83, 51.23 ], [ -3.83, 51.235 ] ], [ [ -3.729, 51.218 ], [ -3.764, 51.221 ], [ -3.778, 51.213 ], [ -3.787, 51.22 ] ] ] } },
{ "type": "Feature", "properties": { "name1": "River Yeo", "name2": "River Ivel", "Strahler Stream Order": 4, "long_name": "Wessex", "short_name": "Wessex" }, "geometry": { "type": "MultiLineString", "coordinates": [ [ [ -2.61, 50.941 ], [ -2.598, 50.949 ], [ -2.595, 50.964 ], [ -2.598, 50.973 ], [ -2.611, 50.983 ], [ -2.628, 50.999 ], [ -2.643, 51.001 ], [ -2.667, 51.008 ], [ -2.681, 51.002 ], [ -2.694, 51.003 ], [ -2.71, 51.01 ], [ -2.721, 51.005 ], [ -2.757, 51.01 ], [ -2.775, 51.02 ], [ -2.784, 51.021 ], [ -2.812, 51.031 ], [ -2.822, 51.032 ] ], [ [ -2.606, 50.932 ], [ -2.619, 50.942 ] ] ] } },
{ "type": "Feature", "properties": { "name1": "The Pill", "name2": " ", "Strahler Stream Order": 4, "long_name": "Wessex", "short_name": "Wessex" }, "geometry": { "type": "LineString", "coordinates": [ [ -2.633, 51.557 ], [ -2.647, 51.57 ], [ -2.656, 51.574 ] ] } },
{ "type": "Feature", "properties": { "name1": "Afon Gwy", "name2": "River Wye", "Strahler Stream Order": 6, "long_name": "Wessex", "short_name": "Wessex" }, "geometry": { "type": "MultiLineString", "coordinates": [ [ [ -3.706, 52.429 ], [ -3.687, 52.425 ], [ -3.678, 52.419 ], [ -3.664, 52.419 ], [ -3.655, 52.411 ], [ -3.627, 52.406 ], [ -3.605, 52.404 ], [ -3.6, 52.393 ], [ -3.605, 52.381 ], [ -3.593, 52.374 ], [ -3.593, 52.364 ], [ -3.579, 52.348 ], [ -3.568, 52.347 ], [ -3.546, 52.339 ], [ -3.54, 52.331 ], [ -3.547, 52.325 ], [ -3.521, 52.311 ], [ -3.515, 52.304 ], [ -3.499, 52.294 ], [ -3.51, 52.288 ], [ -3.515, 52.28 ] ], [ [ -3.514, 52.278 ], [ -3.508, 52.276 ], [ -3.5, 52.264 ], [ -3.499, 52.254 ], [ -3.473, 52.254 ], [ -3.454, 52.239 ], [ -3.443, 52.22 ] ], [ [ -3.45, 52.201 ], [ -3.446, 52.197 ] ], [ [ -3.448, 52.218 ], [ -3.445, 52.214 ] ], [ [ -3.446, 52.195 ], [ -3.461, 52.186 ], [ -3.463, 52.177 ], [ -3.447, 52.172 ] ], [ [ -3.444, 52.209 ], [ -3.446, 52.208 ] ], [ [ -3.441, 52.172 ], [ -3.432, 52.165 ], [ -3.419, 52.161 ], [ -3.411, 52.153 ], [ -3.401, 52.15 ], [ -3.393, 52.156 ], [ -3.371, 52.153 ], [ -3.363, 52.145 ], [ -3.367, 52.134 ], [ -3.36, 52.12 ], [ -3.35, 52.114 ], [ -3.355, 52.103 ], [ -3.352, 52.092 ], [ -3.335, 52.087 ], [ -3.322, 52.08 ], [ -3.311, 52.08 ], [ -3.301, 52.069 ], [ -3.284, 52.057 ] ], [ [ -3.28, 52.055 ], [ -3.273, 52.039 ], [ -3.262, 52.039 ], [ -3.232, 52.032 ], [ -3.214, 52.038 ], [ -3.209, 52.044 ], [ -3.198, 52.044 ], [ -3.194, 52.055 ], [ -3.176, 52.054 ], [ -3.168, 52.065 ] ], [ [ -3.169, 52.071 ], [ -3.145, 52.071 ], [ -3.14, 52.076 ] ], [ [ -3.138, 52.077 ], [ -3.132, 52.073 ], [ -3.119, 52.088 ], [ -3.123, 52.103 ], [ -3.106, 52.105 ], [ -3.108, 52.114 ], [ -3.098, 52.121 ], [ -3.075, 52.121 ], [ -3.062, 52.115 ], [ -3.071, 52.11 ] ], [ [ -3.068, 52.109 ], [ -3.042, 52.106 ] ], [ [ -3.043, 52.105 ], [ -3.025, 52.104 ], [ -2.983, 52.113 ], [ -2.986, 52.107 ], [ -2.966, 52.103 ], [ -2.968, 52.089 ], [ -2.949, 52.089 ], [ -2.924, 52.084 ], [ -2.912, 52.079 ], [ -2.88, 52.079 ], [ -2.871, 52.075 ], [ -2.859, 52.078 ], [ -2.854, 52.063 ], [ -2.845, 52.062 ], [ -2.831, 52.067 ], [ -2.827, 52.073 ], [ -2.802, 52.057 ], [ -2.8, 52.051 ], [ -2.778, 52.053 ], [ -2.763, 52.046 ], [ -2.751, 52.045 ], [ -2.716, 52.053 ], [ -2.709, 52.044 ], [ -2.7, 52.049 ], [ -2.681, 52.047 ], [ -2.657, 52.039 ], [ -2.668, 52.031 ], [ -2.647, 52.023 ], [ -2.63, 52.027 ], [ -2.638, 52.014 ], [ -2.625, 52.013 ], [ -2.628, 52.0 ], [ -2.626, 51.99 ], [ -2.602, 51.991 ], [ -2.6, 51.986 ], [ -2.618, 51.975 ], [ -2.654, 51.968 ], [ -2.662, 51.955 ], [ -2.653, 51.946 ], [ -2.638, 51.949 ], [ -2.627, 51.947 ], [ -2.613, 51.956 ], [ -2.598, 51.962 ], [ -2.571, 51.969 ], [ -2.56, 51.966 ], [ -2.568, 51.956 ], [ -2.597, 51.947 ], [ -2.608, 51.941 ], [ -2.603, 51.927 ], [ -2.593, 51.918 ], [ -2.607, 51.91 ], [ -2.62, 51.907 ], [ -2.62, 51.9 ], [ -2.633, 51.894 ], [ -2.632, 51.886 ], [ -2.621, 51.88 ], [ -2.608, 51.878 ], [ -2.613, 51.867 ], [ -2.586, 51.861 ], [ -2.605, 51.855 ], [ -2.609, 51.847 ], [ -2.633, 51.843 ], [ -2.626, 51.854 ], [ -2.635, 51.863 ], [ -2.644, 51.859 ], [ -2.644, 51.845 ], [ -2.639, 51.839 ], [ -2.648, 51.827 ], [ -2.666, 51.836 ], [ -2.685, 51.837 ], [ -2.689, 51.822 ], [ -2.704, 51.815 ], [ -2.71, 51.806 ], [ -2.7, 51.799 ], [ -2.688, 51.799 ], [ -2.673, 51.784 ], [ -2.681, 51.769 ], [ -2.663, 51.755 ], [ -2.671, 51.737 ], [ -2.688, 51.731 ], [ -2.68, 51.725 ], [ -2.68, 51.715 ], [ -2.668, 51.706 ], [ -2.676, 51.7 ], [ -2.669, 51.693 ], [ -2.672, 51.68 ], [ -2.657, 51.675 ], [ -2.668, 51.669 ], [ -2.684, 51.669 ], [ -2.686, 51.662 ], [ -2.668, 51.659 ], [ -2.68, 51.649 ], [ -2.669, 51.646 ], [ -2.669, 51.635 ], [ -2.656, 51.623 ], [ -2.662, 51.615 ], [ -2.665, 51.601 ], [ -2.662, 51.596 ] ] ] } },
{ "type": "Feature", "properties": { "name1": "River Brit", "name2": " ", "Strahler Stream Order": 4, "long_name": "Wessex", "short_name": "Wessex" }, "geometry": { "type": "LineString", "coordinates": [ [ -2.759, 50.727 ], [ -2.764, 50.709 ] ] } },
{ "type": "Feature", "properties": { "name1": "River Marden", "name2": " ", "Strahler Stream Order": 4, "long_name": "Wessex", "short_name": "Wessex" }, "geometry": { "type": "LineString", "coordinates": [ [ -2.036, 51.445 ], [ -2.045, 51.451 ], [ -2.061, 51.45 ], [ -2.075, 51.462 ], [ -2.093, 51.466 ] ] } },
{ "type": "Feature", "properties": { "name1": " ", "name2": " ", "Strahler Stream Order": 5, "long_name": "Wessex", "short_name": "Wessex" }, "geometry": { "type": "MultiLineString", "coordinates": [ [ [ -2.077, 50.693 ], [ -2.047, 50.704 ], [ -2.033, 50.712 ], [ -2.001, 50.704 ], [ -1.982, 50.705 ] ], [ [ -1.95, 50.682 ], [ -1.948, 50.682 ] ] ] } },
{ "type": "Feature", "properties": { "name1": " ", "name2": " ", "Strahler Stream Order": 5, "long_name": "Wessex", "short_name": "Wessex" }, "geometry": { "type": "MultiLineString", "coordinates": [ [ [ -2.318, 50.936 ], [ -2.312, 50.936 ] ], [ [ -1.978, 50.792 ], [ -1.978, 50.793 ] ], [ [ -1.957, 50.79 ], [ -1.956, 50.79 ] ], [ [ -1.801, 50.788 ], [ -1.8, 50.787 ] ], [ [ -1.775, 50.73 ], [ -1.772, 50.73 ] ] ] } },
{ "type": "Feature", "properties": { "name1": " ", "name2": " ", "Strahler Stream Order": 6, "long_name": "Wessex", "short_name": "Wessex" }, "geometry": { "type": "MultiLineString", "coordinates": [ [ [ -2.994, 51.161 ], [ -2.997, 51.161 ] ], [ [ -2.624, 50.908 ], [ -2.62, 50.91 ], [ -2.612, 50.93 ], [ -2.606, 50.932 ] ] ] } },
{ "type": "Feature", "properties": { "name1": "River Piddle", "name2": " ", "Strahler Stream Order": 4, "long_name": "Wessex", "short_name": "Wessex" }, "geometry": { "type": "LineString", "coordinates": [ [ -2.113, 50.69 ], [ -2.097, 50.697 ], [ -2.077, 50.693 ] ] } },
{ "type": "Feature", "properties": { "name1": "River Stour", "name2": "Dawson's Hole", "Strahler Stream Order": 5, "long_name": "Wessex", "short_name": "Wessex" }, "geometry": { "type": "LineString", "coordinates": [ [ -1.996, 50.798 ], [ -1.991, 50.791 ], [ -1.978, 50.792 ] ] } },
{ "type": "Feature", "properties": { "name1": " ", "name2": " ", "Strahler Stream Order": 7, "long_name": "Wessex", "short_name": "Wessex" }, "geometry": { "type": "MultiLineString", "coordinates": [ [ [ -3.588, 52.259 ], [ -3.577, 52.268 ] ], [ [ -3.515, 52.28 ], [ -3.516, 52.279 ], [ -3.514, 52.278 ] ], [ [ -3.446, 52.208 ], [ -3.45, 52.201 ] ], [ [ -3.447, 52.218 ], [ -3.448, 52.218 ] ], [ [ -3.447, 52.172 ], [ -3.441, 52.172 ] ], [ [ -3.443, 52.22 ], [ -3.447, 52.218 ] ], [ [ -3.446, 52.197 ], [ -3.446, 52.195 ] ], [ [ -3.445, 52.214 ], [ -3.444, 52.209 ] ], [ [ -3.284, 52.057 ], [ -3.28, 52.055 ] ], [ [ -3.185, 52.748 ], [ -3.185, 52.749 ] ], [ [ -3.168, 52.065 ], [ -3.17, 52.071 ] ], [ [ -3.14, 52.076 ], [ -3.138, 52.077 ] ], [ [ -3.071, 52.11 ], [ -3.068, 52.109 ] ], [ [ -3.042, 52.105 ], [ -3.043, 52.105 ] ], [ [ -2.877, 52.359 ], [ -2.844, 52.34 ], [ -2.836, 52.341 ], [ -2.837, 52.355 ], [ -2.832, 52.357 ] ], [ [ -2.619, 51.654 ], [ -2.632, 51.639 ], [ -2.644, 51.629 ] ], [ [ -2.582, 51.634 ], [ -2.597, 51.628 ], [ -2.614, 51.615 ], [ -2.639, 51.613 ] ], [ [ -2.449, 51.8 ], [ -2.447, 51.787 ] ], [ [ -2.37, 51.793 ], [ -2.396, 51.801 ] ], [ [ -2.337, 51.85 ], [ -2.352, 51.846 ] ], [ [ -2.27, 51.911 ], [ -2.262, 51.898 ], [ -2.267, 51.892 ], [ -2.267, 51.878 ], [ -2.27, 51.868 ] ], [ [ -2.223, 51.934 ], [ -2.244, 51.926 ] ], [ [ -2.14, 52.028 ], [ -2.14, 52.027 ] ] ] } },
{ "type": "Feature", "properties": { "name1": " ", "name2": " ", "Strahler Stream Order": 5, "long_name": "Wessex", "short_name": "Wessex" }, "geometry": { "type": "MultiLineString", "coordinates": [ [ [ -2.712, 51.501 ], [ -2.719, 51.506 ] ], [ [ -2.596, 51.456 ], [ -2.598, 51.448 ], [ -2.626, 51.45 ] ], [ [ -2.596, 51.446 ], [ -2.597, 51.446 ] ] ] } },
{ "type": "Feature", "properties": { "name1": "River Cole", "name2": " ", "Strahler Stream Order": 4, "long_name": "Wessex", "short_name": "Wessex" }, "geometry": { "type": "LineString", "coordinates": [ [ -1.667, 51.616 ], [ -1.674, 51.623 ], [ -1.659, 51.633 ], [ -1.662, 51.639 ], [ -1.679, 51.644 ], [ -1.694, 51.669 ], [ -1.71, 51.678 ] ] } },
{ "type": "Feature", "properties": { "name1": "River Tone", "name2": " ", "Strahler Stream Order": 5, "long_name": "Wessex", "short_name": "Wessex" }, "geometry": { "type": "LineString", "coordinates": [ [ -3.247, 50.989 ], [ -3.222, 50.995 ], [ -3.212, 50.992 ], [ -3.193, 50.998 ], [ -3.179, 51.001 ], [ -3.17, 51.014 ], [ -3.155, 51.019 ], [ -3.127, 51.019 ], [ -3.122, 51.022 ], [ -3.106, 51.016 ], [ -3.09, 51.024 ], [ -3.067, 51.026 ], [ -3.05, 51.021 ], [ -3.038, 51.023 ], [ -3.026, 51.019 ], [ -3.014, 51.023 ], [ -3.008, 51.033 ], [ -2.998, 51.029 ], [ -2.986, 51.035 ], [ -2.951, 51.041 ], [ -2.932, 51.059 ], [ -2.917, 51.068 ] ] } },
{ "type": "Feature", "properties": { "name1": "Main Channel", "name2": " ", "Strahler Stream Order": 5, "long_name": "Wessex", "short_name": "Wessex" }, "geometry": { "type": "LineString", "coordinates": [ [ -1.982, 50.705 ], [ -1.97, 50.705 ], [ -1.955, 50.699 ], [ -1.95, 50.682 ] ] } },
{ "type": "Feature", "properties": { "name1": "White's River", "name2": " ", "Strahler Stream Order": 4, "long_name": "Wessex", "short_name": "Wessex" }, "geometry": { "type": "LineString", "coordinates": [ [ -2.786, 51.178 ], [ -2.797, 51.18 ] ] } },
{ "type": "Feature", "properties": { "name1": "Chestle Pill", "name2": " ", "Strahler Stream Order": 4, "long_name": "Wessex", "short_name": "Wessex" }, "geometry": { "type": "LineString", "coordinates": [ [ -2.656, 51.574 ], [ -2.682, 51.588 ] ] } },
{ "type": "Feature", "properties": { "name1": "River Exe", "name2": " ", "Strahler Stream Order": 4, "long_name": "Wessex", "short_name": "Wessex" }, "geometry": { "type": "MultiLineString", "coordinates": [ [ [ -3.549, 50.75 ], [ -3.549, 50.743 ] ], [ [ -3.489, 50.971 ], [ -3.506, 50.953 ], [ -3.505, 50.934 ], [ -3.5, 50.932 ], [ -3.498, 50.91 ], [ -3.49, 50.907 ], [ -3.49, 50.898 ], [ -3.496, 50.891 ], [ -3.488, 50.881 ], [ -3.49, 50.875 ], [ -3.513, 50.855 ], [ -3.502, 50.838 ], [ -3.506, 50.83 ], [ -3.505, 50.814 ], [ -3.521, 50.793 ], [ -3.515, 50.763 ], [ -3.545, 50.751 ], [ -3.549, 50.743 ] ], [ [ -3.549, 50.743 ], [ -3.546, 50.728 ], [ -3.54, 50.72 ], [ -3.53, 50.718 ], [ -3.516, 50.708 ] ], [ [ -3.519, 51.029 ], [ -3.521, 51.016 ] ], [ [ -3.52, 51.014 ], [ -3.528, 51.005 ], [ -3.537, 51.003 ], [ -3.543, 50.993 ], [ -3.537, 50.983 ], [ -3.517, 50.984 ], [ -3.51, 50.974 ], [ -3.485, 50.975 ] ], [ [ -3.517, 50.707 ], [ -3.498, 50.694 ], [ -3.48, 50.69 ], [ -3.467, 50.682 ], [ -3.459, 50.669 ], [ -3.466, 50.662 ], [ -3.445, 50.657 ], [ -3.443, 50.651 ], [ -3.449, 50.642 ], [ -3.441, 50.629 ], [ -3.441, 50.617 ], [ -3.433, 50.612 ], [ -3.421, 50.615 ], [ -3.39, 50.605 ] ], [ [ -3.484, 50.974 ], [ -3.486, 50.972 ] ] ] } },
{ "type": "Feature", "properties": { "name1": "River Frome", "name2": "River Avon", "Strahler Stream Order": 5, "long_name": "Wessex", "short_name": "Wessex" }, "geometry": { "type": "LineString", "coordinates": [ [ -2.597, 51.446 ], [ -2.606, 51.447 ] ] } },
{ "type": "Feature", "properties": { "name1": "The Broad", "name2": "River Frome", "Strahler Stream Order": 4, "long_name": "Wessex", "short_name": "Wessex" }, "geometry": { "type": "LineString", "coordinates": [ [ -2.277, 50.705 ], [ -2.276, 50.703 ] ] } },
{ "type": "Feature", "properties": { "name1": "River Thames", "name2": " ", "Strahler Stream Order": 6, "long_name": "Wessex", "short_name": "Wessex" }, "geometry": { "type": "MultiLineString", "coordinates": [ [ [ -1.853, 51.645 ], [ -1.82, 51.644 ], [ -1.808, 51.663 ], [ -1.792, 51.661 ], [ -1.789, 51.667 ], [ -1.77, 51.668 ], [ -1.768, 51.663 ], [ -1.748, 51.663 ], [ -1.736, 51.668 ], [ -1.727, 51.667 ], [ -1.711, 51.672 ], [ -1.71, 51.682 ], [ -1.694, 51.693 ], [ -1.677, 51.689 ], [ -1.669, 51.681 ], [ -1.653, 51.681 ], [ -1.635, 51.688 ], [ -1.627, 51.684 ], [ -1.607, 51.692 ], [ -1.598, 51.688 ], [ -1.577, 51.7 ], [ -1.556, 51.699 ], [ -1.541, 51.703 ], [ -1.535, 51.698 ], [ -1.516, 51.702 ], [ -1.496, 51.695 ], [ -1.483, 51.702 ], [ -1.463, 51.701 ], [ -1.46, 51.713 ], [ -1.441, 51.712 ], [ -1.438, 51.708 ], [ -1.416, 51.71 ], [ -1.392, 51.706 ], [ -1.378, 51.714 ], [ -1.367, 51.73 ], [ -1.374, 51.737 ], [ -1.365, 51.749 ], [ -1.361, 51.774 ], [ -1.347, 51.777 ], [ -1.335, 51.786 ], [ -1.317, 51.788 ] ], [ [ -1.309, 51.789 ], [ -1.304, 51.781 ], [ -1.29, 51.774 ] ], [ [ -1.289, 51.772 ], [ -1.273, 51.757 ], [ -1.271, 51.748 ], [ -1.258, 51.747 ], [ -1.242, 51.737 ], [ -1.242, 51.721 ], [ -1.232, 51.71 ], [ -1.233, 51.703 ], [ -1.221, 51.685 ], [ -1.23, 51.673 ], [ -1.25, 51.666 ], [ -1.267, 51.671 ], [ -1.284, 51.666 ], [ -1.28, 51.659 ] ], [ [ -1.276, 51.646 ], [ -1.263, 51.65 ], [ -1.233, 51.641 ], [ -1.211, 51.643 ], [ -1.21, 51.656 ], [ -1.196, 51.659 ], [ -1.183, 51.656 ], [ -1.177, 51.647 ], [ -1.179, 51.635 ], [ -1.154, 51.636 ], [ -1.144, 51.625 ], [ -1.116, 51.62 ], [ -1.114, 51.61 ], [ -1.122, 51.598 ], [ -1.126, 51.584 ], [ -1.125, 51.571 ], [ -1.138, 51.564 ], [ -1.147, 51.553 ], [ -1.14, 51.543 ] ], [ [ -1.14, 51.542 ], [ -1.134, 51.536 ], [ -1.143, 51.517 ], [ -1.135, 51.511 ], [ -1.119, 51.512 ], [ -1.109, 51.505 ], [ -1.103, 51.49 ], [ -1.087, 51.486 ], [ -1.067, 51.491 ], [ -1.05, 51.492 ], [ -1.039, 51.487 ], [ -1.034, 51.474 ] ], [ [ -1.028, 51.472 ], [ -1.014, 51.467 ] ], [ [ -1.012, 51.467 ], [ -1.008, 51.468 ] ], [ [ -1.003, 51.47 ], [ -0.979, 51.467 ], [ -0.969, 51.461 ], [ -0.959, 51.463 ], [ -0.946, 51.459 ], [ -0.93, 51.468 ], [ -0.921, 51.468 ], [ -0.914, 51.476 ] ], [ [ -0.91, 51.479 ], [ -0.899, 51.486 ], [ -0.894, 51.495 ] ], [ [ -0.894, 51.497 ], [ -0.872, 51.508 ], [ -0.881, 51.513 ], [ -0.878, 51.523 ], [ -0.9, 51.536 ], [ -0.898, 51.544 ] ], [ [ -0.89, 51.555 ], [ -0.887, 51.56 ], [ -0.871, 51.56 ], [ -0.861, 51.548 ], [ -0.848, 51.545 ], [ -0.811, 51.553 ], [ -0.793, 51.551 ], [ -0.783, 51.556 ], [ -0.777, 51.566 ], [ -0.757, 51.565 ], [ -0.738, 51.574 ], [ -0.719, 51.578 ], [ -0.711, 51.564 ], [ -0.693, 51.56 ], [ -0.691, 51.556 ] ], [ [ -0.691, 51.552 ], [ -0.702, 51.526 ], [ -0.704, 51.512 ], [ -0.689, 51.509 ], [ -0.679, 51.495 ], [ -0.666, 51.488 ], [ -0.653, 51.486 ] ], [ [ -0.651, 51.486 ], [ -0.647, 51.49 ], [ -0.63, 51.492 ] ], [ [ -0.627, 51.491 ], [ -0.625, 51.49 ] ], [ [ -0.625, 51.49 ], [ -0.61, 51.485 ], [ -0.6, 51.494 ], [ -0.581, 51.48 ], [ -0.585, 51.474 ], [ -0.575, 51.469 ], [ -0.574, 51.453 ], [ -0.558, 51.444 ], [ -0.544, 51.441 ] ], [ [ -0.54, 51.439 ], [ -0.511, 51.431 ], [ -0.513, 51.417 ], [ -0.495, 51.413 ] ], [ [ -0.493, 51.406 ], [ -0.485, 51.387 ], [ -0.476, 51.39 ], [ -0.463, 51.379 ] ], [ [ -0.461, 51.379 ], [ -0.442, 51.39 ], [ -0.434, 51.384 ], [ -0.419, 51.394 ] ], [ [ -0.418, 51.395 ], [ -0.411, 51.404 ], [ -0.392, 51.41 ], [ -0.374, 51.408 ], [ -0.36, 51.412 ], [ -0.339, 51.401 ] ], [ [ -0.333, 51.396 ], [ -0.32, 51.392 ], [ -0.309, 51.401 ], [ -0.308, 51.425 ], [ -0.326, 51.432 ], [ -0.329, 51.444 ], [ -0.306, 51.449 ], [ -0.303, 51.454 ], [ -0.321, 51.465 ], [ -0.319, 51.471 ], [ -0.307, 51.475 ], [ -0.298, 51.484 ], [ -0.279, 51.484 ], [ -0.265, 51.471 ], [ -0.254, 51.473 ] ], [ [ -0.243, 51.488 ], [ -0.227, 51.486 ], [ -0.225, 51.475 ], [ -0.208, 51.465 ], [ -0.196, 51.464 ] ], [ [ -0.168, 51.482 ], [ -0.146, 51.485 ], [ -0.134, 51.484 ], [ -0.123, 51.493 ], [ -0.121, 51.506 ], [ -0.113, 51.51 ], [ -0.098, 51.51 ], [ -0.073, 51.505 ] ], [ [ -0.062, 51.502 ], [ -0.05, 51.506 ] ], [ [ -0.038, 51.508 ], [ -0.03, 51.505 ], [ -0.029, 51.491 ], [ -0.02, 51.485 ], [ -0.002, 51.487 ], [ -0.003, 51.505 ] ], [ [ 0.335, 51.452 ], [ 0.343, 51.449 ], [ 0.37, 51.449 ] ], [ [ 0.419, 51.45 ], [ 0.441, 51.455 ], [ 0.456, 51.486 ], [ 0.484, 51.5 ], [ 0.555, 51.502 ], [ 0.585, 51.505 ], [ 0.592, 51.503 ], [ 0.635, 51.501 ], [ 0.678, 51.503 ] ] ] } },
{ "type": "Feature", "properties": { "name1": "River Exe", "name2": "Meeting of the Waters", "Strahler Stream Order": 4, "long_name": "Wessex", "short_name": "Wessex" }, "geometry": { "type": "LineString", "coordinates": [ [ -3.521, 51.016 ], [ -3.52, 51.014 ] ] } },
{ "type": "Feature", "properties": { "name1": "Oldbury Pill", "name2": " ", "Strahler Stream Order": 4, "long_name": "Wessex", "short_name": "Wessex" }, "geometry": { "type": "LineString", "coordinates": [ [ -2.575, 51.632 ], [ -2.582, 51.634 ] ] } },
{ "type": "Feature", "properties": { "name1": "River Parrett", "name2": "Pawlett Reach", "Strahler Stream Order": 6, "long_name": "Wessex", "short_name": "Wessex" }, "geometry": { "type": "LineString", "coordinates": [ [ -3.003, 51.167 ], [ -3.012, 51.175 ] ] } },
{ "type": "Feature", "properties": { "name1": "Moors River", "name2": " ", "Strahler Stream Order": 4, "long_name": "Wessex", "short_name": "Wessex" }, "geometry": { "type": "LineString", "coordinates": [ [ -1.866, 50.81 ], [ -1.851, 50.804 ], [ -1.852, 50.798 ], [ -1.835, 50.794 ], [ -1.824, 50.786 ], [ -1.822, 50.768 ], [ -1.815, 50.763 ] ] } },
{ "type": "Feature", "properties": { "name1": "River Stour", "name2": "Dunch Mouth", "Strahler Stream Order": 5, "long_name": "Wessex", "short_name": "Wessex" }, "geometry": { "type": "LineString", "coordinates": [ [ -2.32, 50.941 ], [ -2.318, 50.936 ] ] } },
{ "type": "Feature", "properties": { "name1": "River Stour", "name2": " ", "Strahler Stream Order": 5, "long_name": "Wessex", "short_name": "Wessex" }, "geometry": { "type": "MultiLineString", "coordinates": [ [ [ -2.282, 51.028 ], [ -2.295, 51.026 ], [ -2.308, 51.017 ], [ -2.302, 51.01 ], [ -2.299, 51.001 ], [ -2.307, 50.991 ], [ -2.302, 50.986 ], [ -2.313, 50.981 ], [ -2.342, 50.979 ], [ -2.333, 50.965 ], [ -2.334, 50.958 ], [ -2.319, 50.948 ], [ -2.32, 50.941 ] ], [ [ -2.312, 50.936 ], [ -2.303, 50.924 ], [ -2.288, 50.92 ], [ -2.284, 50.929 ], [ -2.266, 50.935 ], [ -2.25, 50.926 ], [ -2.257, 50.917 ], [ -2.248, 50.903 ], [ -2.229, 50.901 ], [ -2.211, 50.895 ], [ -2.216, 50.884 ], [ -2.2, 50.881 ], [ -2.187, 50.868 ], [ -2.176, 50.862 ], [ -2.173, 50.854 ], [ -2.157, 50.855 ], [ -2.143, 50.849 ], [ -2.128, 50.838 ], [ -2.128, 50.828 ], [ -2.119, 50.818 ], [ -2.108, 50.818 ], [ -2.095, 50.809 ], [ -2.074, 50.802 ], [ -2.065, 50.807 ], [ -2.054, 50.8 ], [ -2.045, 50.788 ], [ -2.029, 50.794 ], [ -2.015, 50.794 ], [ -2.002, 50.8 ] ], [ [ -1.978, 50.792 ], [ -1.957, 50.79 ] ], [ [ -1.956, 50.79 ], [ -1.95, 50.791 ] ], [ [ -1.949, 50.792 ], [ -1.935, 50.793 ], [ -1.938, 50.784 ], [ -1.922, 50.776 ], [ -1.909, 50.775 ], [ -1.894, 50.78 ], [ -1.873, 50.764 ], [ -1.865, 50.764 ], [ -1.851, 50.774 ], [ -1.839, 50.761 ], [ -1.823, 50.758 ], [ -1.815, 50.763 ], [ -1.807, 50.753 ], [ -1.812, 50.742 ], [ -1.796, 50.739 ], [ -1.792, 50.73 ], [ -1.775, 50.73 ] ], [ [ -1.771, 50.728 ], [ -1.766, 50.722 ], [ -1.749, 50.719 ], [ -1.74, 50.724 ] ] ] } },
{ "type": "Feature", "properties": { "name1": "River Parrett", "name2": " ", "Strahler Stream Order": 6, "long_name": "Wessex", "short_name": "Wessex" }, "geometry": { "type": "MultiLineString", "coordinates": [ [ [ -3.012, 51.175 ], [ -3.031, 51.173 ], [ -3.03, 51.166 ], [ -3.04, 51.163 ], [ -3.058, 51.177 ], [ -3.057, 51.185 ], [ -3.043, 51.192 ], [ -3.033, 51.19 ], [ -3.022, 51.198 ], [ -3.022, 51.211 ], [ -3.007, 51.223 ], [ -3.006, 51.242 ] ], [ [ -2.997, 51.161 ], [ -3.003, 51.167 ] ], [ [ -2.791, 50.954 ], [ -2.796, 50.966 ], [ -2.792, 50.975 ], [ -2.817, 51.002 ], [ -2.833, 51.01 ], [ -2.821, 51.019 ], [ -2.825, 51.036 ], [ -2.852, 51.047 ], [ -2.875, 51.044 ], [ -2.893, 51.054 ], [ -2.893, 51.061 ], [ -2.906, 51.061 ], [ -2.934, 51.08 ], [ -2.945, 51.091 ], [ -2.966, 51.1 ], [ -2.974, 51.112 ], [ -2.996, 51.119 ], [ -3.003, 51.133 ], [ -2.998, 51.15 ] ], [ [ -2.989, 51.161 ], [ -2.994, 51.161 ] ], [ [ -2.991, 51.154 ], [ -2.992, 51.157 ] ], [ [ -2.775, 50.933 ], [ -2.775, 50.941 ], [ -2.791, 50.954 ] ] ] } },
{ "type": "Feature", "properties": { "name1": "River Lydden", "name2": " ", "Strahler Stream Order": 4, "long_name": "Wessex", "short_name": "Wessex" }, "geometry": { "type": "LineString", "coordinates": [ [ -2.36, 50.928 ], [ -2.334, 50.953 ] ] } },
{ "type": "Feature", "properties": { "name1": "River Avon", "name2": "Brewhouse Hole", "Strahler Stream Order": 5, "long_name": "Wessex", "short_name": "Wessex" }, "geometry": { "type": "LineString", "coordinates": [ [ -1.779, 50.738 ], [ -1.778, 50.739 ] ] } },
{ "type": "Feature", "properties": { "name1": "River Frome", "name2": " ", "Strahler Stream Order": 4, "long_name": "Wessex", "short_name": "Wessex" }, "geometry": { "type": "MultiLineString", "coordinates": [ [ [ -2.512, 51.508 ], [ -2.516, 51.494 ], [ -2.53, 51.492 ], [ -2.535, 51.486 ], [ -2.547, 51.486 ], [ -2.553, 51.477 ], [ -2.575, 51.466 ], [ -2.579, 51.46 ], [ -2.596, 51.456 ] ], [ [ -2.307, 51.228 ], [ -2.329, 51.237 ], [ -2.326, 51.246 ], [ -2.31, 51.251 ], [ -2.292, 51.273 ], [ -2.299, 51.279 ], [ -2.282, 51.29 ], [ -2.276, 51.319 ], [ -2.286, 51.318 ], [ -2.287, 51.329 ], [ -2.302, 51.331 ], [ -2.297, 51.339 ] ] ] } },
{ "type": "Feature", "properties": { "name1": "Semington Brook", "name2": " ", "Strahler Stream Order": 4, "long_name": "Wessex", "short_name": "Wessex" }, "geometry": { "type": "LineString", "coordinates": [ [ -2.098, 51.332 ], [ -2.116, 51.346 ], [ -2.135, 51.344 ], [ -2.172, 51.353 ] ] } },
{ "type": "Feature", "properties": { "name1": "River Frome", "name2": " ", "Strahler Stream Order": 4, "long_name": "Wessex", "short_name": "Wessex" }, "geometry": { "type": "MultiLineString", "coordinates": [ [ [ -2.574, 50.777 ], [ -2.545, 50.756 ], [ -2.523, 50.751 ], [ -2.509, 50.741 ], [ -2.499, 50.742 ], [ -2.473, 50.736 ], [ -2.458, 50.725 ], [ -2.446, 50.724 ], [ -2.427, 50.718 ], [ -2.424, 50.713 ], [ -2.381, 50.708 ], [ -2.361, 50.711 ], [ -2.357, 50.715 ], [ -2.336, 50.716 ], [ -2.313, 50.721 ], [ -2.277, 50.707 ], [ -2.277, 50.705 ] ], [ [ -2.276, 50.703 ], [ -2.261, 50.689 ], [ -2.247, 50.685 ], [ -2.228, 50.686 ], [ -2.21, 50.681 ], [ -2.183, 50.682 ], [ -2.168, 50.675 ], [ -2.151, 50.68 ], [ -2.136, 50.673 ], [ -2.118, 50.676 ], [ -2.111, 50.684 ], [ -2.103, 50.683 ], [ -2.076, 50.688 ], [ -2.077, 50.693 ] ] ] } },
{ "type": "Feature", "properties": { "name1": "River Avon", "name2": "New Cut", "Strahler Stream Order": 5, "long_name": "Wessex", "short_name": "Wessex" }, "geometry": { "type": "MultiLineString", "coordinates": [ [ [ -2.606, 51.447 ], [ -2.624, 51.447 ] ], [ [ -2.582, 51.447 ], [ -2.596, 51.446 ] ] ] } },
{ "type": "Feature", "properties": { "name1": "Trunk Hole", "name2": "River Stour", "Strahler Stream Order": 5, "long_name": "Wessex", "short_name": "Wessex" }, "geometry": { "type": "LineString", "coordinates": [ [ -1.95, 50.791 ], [ -1.949, 50.792 ] ] } },
{ "type": "Feature", "properties": { "name1": "River Avon", "name2": "Hung Road", "Strahler Stream Order": 5, "long_name": "Wessex", "short_name": "Wessex" }, "geometry": { "type": "LineString", "coordinates": [ [ -2.668, 51.483 ], [ -2.684, 51.483 ] ] } },
{ "type": "Feature", "properties": { "name1": "Afon Hafren", "name2": "River Severn", "Strahler Stream Order": 7, "long_name": "Wessex", "short_name": "Wessex" }, "geometry": { "type": "MultiLineString", "coordinates": [ [ [ -3.54, 52.451 ], [ -3.518, 52.46 ], [ -3.486, 52.455 ], [ -3.474, 52.456 ], [ -3.439, 52.476 ], [ -3.433, 52.494 ], [ -3.439, 52.511 ], [ -3.42, 52.52 ], [ -3.409, 52.518 ], [ -3.401, 52.525 ], [ -3.37, 52.516 ], [ -3.365, 52.505 ], [ -3.355, 52.502 ], [ -3.34, 52.511 ], [ -3.319, 52.517 ], [ -3.307, 52.515 ], [ -3.296, 52.523 ], [ -3.269, 52.524 ], [ -3.27, 52.529 ], [ -3.242, 52.544 ], [ -3.231, 52.556 ], [ -3.21, 52.569 ], [ -3.182, 52.577 ], [ -3.175, 52.585 ], [ -3.183, 52.592 ], [ -3.167, 52.602 ], [ -3.16, 52.611 ], [ -3.144, 52.623 ], [ -3.139, 52.642 ], [ -3.112, 52.676 ], [ -3.102, 52.694 ], [ -3.089, 52.699 ], [ -3.07, 52.715 ], [ -3.071, 52.725 ], [ -3.065, 52.732 ], [ -3.046, 52.742 ], [ -3.028, 52.745 ], [ -3.014, 52.739 ], [ -2.983, 52.733 ], [ -2.973, 52.736 ], [ -2.972, 52.748 ], [ -2.95, 52.746 ], [ -2.934, 52.733 ], [ -2.918, 52.734 ], [ -2.895, 52.732 ], [ -2.894, 52.724 ], [ -2.857, 52.725 ], [ -2.846, 52.732 ], [ -2.833, 52.733 ], [ -2.832, 52.744 ], [ -2.817, 52.742 ], [ -2.815, 52.756 ], [ -2.809, 52.76 ], [ -2.786, 52.747 ], [ -2.797, 52.745 ], [ -2.802, 52.738 ], [ -2.784, 52.733 ], [ -2.791, 52.723 ], [ -2.788, 52.717 ], [ -2.774, 52.719 ], [ -2.761, 52.713 ], [ -2.764, 52.706 ], [ -2.747, 52.706 ], [ -2.737, 52.714 ], [ -2.729, 52.726 ], [ -2.712, 52.715 ], [ -2.708, 52.705 ], [ -2.713, 52.699 ], [ -2.705, 52.691 ], [ -2.692, 52.693 ], [ -2.692, 52.684 ], [ -2.681, 52.68 ], [ -2.684, 52.672 ], [ -2.667, 52.671 ], [ -2.65, 52.674 ], [ -2.648, 52.653 ], [ -2.642, 52.653 ], [ -2.628, 52.641 ], [ -2.604, 52.643 ], [ -2.597, 52.636 ], [ -2.582, 52.642 ], [ -2.546, 52.636 ], [ -2.514, 52.637 ], [ -2.502, 52.63 ], [ -2.473, 52.627 ], [ -2.459, 52.623 ], [ -2.427, 52.608 ], [ -2.435, 52.599 ], [ -2.434, 52.581 ], [ -2.407, 52.571 ], [ -2.409, 52.544 ], [ -2.416, 52.536 ], [ -2.418, 52.526 ], [ -2.409, 52.52 ], [ -2.388, 52.516 ], [ -2.395, 52.501 ], [ -2.392, 52.493 ], [ -2.377, 52.487 ], [ -2.374, 52.474 ], [ -2.378, 52.46 ], [ -2.365, 52.45 ], [ -2.369, 52.443 ], [ -2.363, 52.438 ], [ -2.363, 52.425 ], [ -2.344, 52.418 ], [ -2.347, 52.407 ], [ -2.331, 52.404 ], [ -2.332, 52.397 ], [ -2.325, 52.385 ], [ -2.309, 52.374 ], [ -2.304, 52.367 ], [ -2.314, 52.359 ], [ -2.312, 52.352 ], [ -2.301, 52.342 ], [ -2.277, 52.335 ], [ -2.265, 52.32 ], [ -2.275, 52.31 ], [ -2.275, 52.292 ], [ -2.27, 52.283 ], [ -2.275, 52.272 ], [ -2.268, 52.268 ], [ -2.252, 52.267 ], [ -2.231, 52.249 ], [ -2.233, 52.236 ], [ -2.242, 52.231 ], [ -2.244, 52.218 ], [ -2.235, 52.212 ], [ -2.239, 52.201 ], [ -2.223, 52.189 ], [ -2.226, 52.177 ], [ -2.219, 52.172 ], [ -2.218, 52.161 ], [ -2.226, 52.139 ], [ -2.234, 52.134 ], [ -2.225, 52.126 ], [ -2.244, 52.117 ], [ -2.239, 52.104 ], [ -2.226, 52.101 ], [ -2.215, 52.09 ], [ -2.225, 52.08 ], [ -2.227, 52.072 ], [ -2.218, 52.065 ], [ -2.2, 52.059 ], [ -2.201, 52.05 ], [ -2.209, 52.043 ], [ -2.196, 52.032 ], [ -2.184, 52.014 ], [ -2.167, 52.006 ], [ -2.164, 51.996 ], [ -2.173, 51.995 ], [ -2.177, 51.984 ], [ -2.186, 51.98 ], [ -2.197, 51.966 ], [ -2.209, 51.961 ], [ -2.214, 51.952 ], [ -2.227, 51.949 ], [ -2.229, 51.939 ], [ -2.223, 51.934 ] ], [ [ -2.644, 51.629 ], [ -2.648, 51.621 ], [ -2.639, 51.613 ], [ -2.646, 51.603 ], [ -2.678, 51.589 ], [ -2.697, 51.585 ], [ -2.698, 51.571 ] ], [ [ -2.447, 51.787 ], [ -2.436, 51.782 ], [ -2.413, 51.784 ], [ -2.4, 51.779 ], [ -2.406, 51.77 ], [ -2.421, 51.758 ], [ -2.439, 51.757 ], [ -2.455, 51.746 ], [ -2.474, 51.74 ], [ -2.477, 51.733 ], [ -2.488, 51.726 ], [ -2.487, 51.713 ], [ -2.505, 51.705 ], [ -2.514, 51.698 ], [ -2.526, 51.696 ], [ -2.531, 51.688 ], [ -2.548, 51.68 ], [ -2.571, 51.665 ], [ -2.586, 51.66 ], [ -2.611, 51.659 ], [ -2.619, 51.654 ] ], [ [ -2.396, 51.801 ], [ -2.412, 51.806 ], [ -2.414, 51.815 ], [ -2.424, 51.819 ], [ -2.437, 51.814 ], [ -2.449, 51.8 ] ], [ [ -2.352, 51.846 ], [ -2.361, 51.826 ], [ -2.361, 51.81 ], [ -2.349, 51.806 ], [ -2.351, 51.796 ], [ -2.37, 51.793 ] ], [ [ -2.27, 51.868 ], [ -2.276, 51.862 ], [ -2.288, 51.86 ], [ -2.279, 51.844 ], [ -2.302, 51.835 ], [ -2.307, 51.847 ], [ -2.337, 51.85 ] ], [ [ -2.244, 51.926 ], [ -2.264, 51.924 ], [ -2.27, 51.911 ] ] ] } },
{ "type": "Feature", "properties": { "name1": "Norton Brook", "name2": " ", "Strahler Stream Order": 4, "long_name": "Wessex", "short_name": "Wessex" }, "geometry": { "type": "LineString", "coordinates": [ [ -3.135, 51.023 ], [ -3.13, 51.019 ] ] } },
{ "type": "Feature", "properties": { "name1": "Midford Brook", "name2": " ", "Strahler Stream Order": 4, "long_name": "Wessex", "short_name": "Wessex" }, "geometry": { "type": "LineString", "coordinates": [ [ -2.343, 51.344 ], [ -2.337, 51.352 ], [ -2.31, 51.358 ] ] } },
{ "type": "Feature", "properties": { "name1": "River Avon", "name2": " ", "Strahler Stream Order": 5, "long_name": "Wessex", "short_name": "Wessex" }, "geometry": { "type": "MultiLineString", "coordinates": [ [ [ -2.684, 51.483 ], [ -2.712, 51.501 ] ], [ [ -2.624, 51.447 ], [ -2.633, 51.467 ], [ -2.65, 51.474 ], [ -2.66, 51.487 ], [ -2.668, 51.483 ] ], [ [ -2.08, 51.578 ], [ -2.08, 51.562 ], [ -2.06, 51.557 ], [ -2.059, 51.546 ], [ -2.048, 51.549 ], [ -2.037, 51.546 ], [ -2.031, 51.539 ], [ -2.042, 51.533 ], [ -2.041, 51.528 ], [ -2.063, 51.524 ], [ -2.07, 51.513 ], [ -2.06, 51.506 ], [ -2.068, 51.495 ], [ -2.065, 51.489 ], [ -2.078, 51.481 ], [ -2.083, 51.472 ], [ -2.093, 51.466 ], [ -2.116, 51.447 ], [ -2.121, 51.433 ], [ -2.1, 51.432 ], [ -2.104, 51.426 ], [ -2.118, 51.422 ], [ -2.112, 51.411 ], [ -2.136, 51.392 ], [ -2.136, 51.378 ], [ -2.154, 51.371 ], [ -2.157, 51.364 ], [ -2.172, 51.353 ], [ -2.182, 51.354 ], [ -2.196, 51.348 ], [ -2.205, 51.349 ], [ -2.233, 51.343 ], [ -2.253, 51.347 ], [ -2.289, 51.337 ], [ -2.296, 51.343 ], [ -2.313, 51.346 ], [ -2.311, 51.361 ], [ -2.299, 51.374 ], [ -2.301, 51.38 ], [ -2.313, 51.387 ], [ -2.309, 51.401 ], [ -2.317, 51.405 ], [ -2.343, 51.392 ], [ -2.358, 51.387 ], [ -2.355, 51.377 ], [ -2.379, 51.385 ], [ -2.392, 51.381 ], [ -2.402, 51.384 ], [ -2.411, 51.393 ], [ -2.432, 51.391 ], [ -2.445, 51.396 ], [ -2.449, 51.407 ], [ -2.438, 51.413 ], [ -2.445, 51.419 ], [ -2.47, 51.416 ], [ -2.488, 51.427 ], [ -2.522, 51.431 ], [ -2.527, 51.444 ], [ -2.538, 51.455 ], [ -2.545, 51.456 ], [ -2.571, 51.443 ], [ -2.582, 51.447 ] ] ] } },
{ "type": "Feature", "properties": { "name1": "Oldbury Naite Rhine", "name2": " ", "Strahler Stream Order": 4, "long_name": "Wessex", "short_name": "Wessex" }, "geometry": { "type": "LineString", "coordinates": [ [ -2.547, 51.638 ], [ -2.558, 51.628 ], [ -2.575, 51.632 ] ] } },
{ "type": "Feature", "properties": { "name1": "River Avon", "name2": " ", "Strahler Stream Order": 5, "long_name": "Wessex", "short_name": "Wessex" }, "geometry": { "type": "MultiLineString", "coordinates": [ [ [ -1.81, 51.302 ], [ -1.805, 51.297 ], [ -1.807, 51.286 ], [ -1.803, 51.272 ], [ -1.797, 51.264 ], [ -1.801, 51.258 ], [ -1.789, 51.252 ], [ -1.794, 51.243 ], [ -1.784, 51.239 ], [ -1.787, 51.224 ], [ -1.765, 51.205 ], [ -1.764, 51.196 ], [ -1.774, 51.178 ], [ -1.79, 51.175 ], [ -1.805, 51.167 ], [ -1.799, 51.158 ], [ -1.812, 51.155 ], [ -1.804, 51.148 ], [ -1.813, 51.136 ], [ -1.824, 51.133 ], [ -1.816, 51.125 ], [ -1.818, 51.117 ], [ -1.828, 51.107 ], [ -1.817, 51.096 ], [ -1.817, 51.088 ], [ -1.797, 51.074 ], [ -1.802, 51.066 ], [ -1.776, 51.056 ], [ -1.761, 51.055 ], [ -1.753, 51.05 ], [ -1.756, 51.04 ], [ -1.756, 51.02 ], [ -1.742, 51.015 ], [ -1.75, 50.999 ], [ -1.745, 50.992 ], [ -1.753, 50.985 ], [ -1.75, 50.968 ], [ -1.763, 50.963 ], [ -1.768, 50.955 ] ], [ [ -1.768, 50.955 ], [ -1.762, 50.951 ], [ -1.782, 50.944 ], [ -1.767, 50.929 ], [ -1.789, 50.928 ], [ -1.794, 50.902 ], [ -1.787, 50.888 ], [ -1.794, 50.886 ], [ -1.805, 50.858 ], [ -1.792, 50.854 ], [ -1.801, 50.843 ], [ -1.791, 50.837 ], [ -1.812, 50.809 ], [ -1.804, 50.803 ], [ -1.801, 50.788 ] ], [ [ -1.8, 50.787 ], [ -1.785, 50.765 ], [ -1.779, 50.738 ] ], [ [ -1.778, 50.739 ], [ -1.772, 50.73 ] ] ] } },
{ "type": "Feature", "properties": { "name1": "River Stour", "name2": "Founder Hole", "Strahler Stream Order": 5, "long_name": "Wessex", "short_name": "Wessex" }, "geometry": { "type": "LineString", "coordinates": [ [ -2.002, 50.8 ], [ -1.996, 50.798 ] ] } },
{ "type": "Feature", "properties": { "name1": "River Parrett", "name2": "Cut Flood Way Reach", "Strahler Stream Order": 6, "long_name": "Wessex", "short_name": "Wessex" }, "geometry": { "type": "LineString", "coordinates": [ [ -2.992, 51.157 ], [ -2.989, 51.161 ] ] } },
{ "type": "Feature", "properties": { "name1": "Congresbury Yeo", "name2": " ", "Strahler Stream Order": 4, "long_name": "Wessex", "short_name": "Wessex" }, "geometry": { "type": "LineString", "coordinates": [ [ -2.892, 51.388 ], [ -2.913, 51.395 ], [ -2.915, 51.401 ] ] } },
{ "type": "Feature", "properties": { "name1": "Wellow Brook", "name2": " ", "Strahler Stream Order": 4, "long_name": "Wessex", "short_name": "Wessex" }, "geometry": { "type": "LineString", "coordinates": [ [ -2.444, 51.292 ], [ -2.405, 51.301 ], [ -2.389, 51.309 ], [ -2.373, 51.321 ], [ -2.352, 51.325 ], [ -2.343, 51.344 ] ] } },
{ "type": "Feature", "properties": { "name1": "River Nadder", "name2": " ", "Strahler Stream Order": 4, "long_name": "Wessex", "short_name": "Wessex" }, "geometry": { "type": "LineString", "coordinates": [ [ -1.845, 51.077 ], [ -1.819, 51.071 ], [ -1.818, 51.065 ], [ -1.802, 51.066 ] ] } },
{ "type": "Feature", "properties": { "name1": "River Isle", "name2": " ", "Strahler Stream Order": 4, "long_name": "Wessex", "short_name": "Wessex" }, "geometry": { "type": "LineString", "coordinates": [ [ -2.908, 50.963 ], [ -2.917, 50.967 ], [ -2.913, 50.977 ], [ -2.916, 50.985 ], [ -2.909, 50.992 ], [ -2.892, 51.0 ], [ -2.865, 50.994 ], [ -2.832, 51.009 ] ] } },
{ "type": "Feature", "properties": { "name1": "Uddens Water", "name2": " ", "Strahler Stream Order": 4, "long_name": "Wessex", "short_name": "Wessex" }, "geometry": { "type": "LineString", "coordinates": [ [ -1.891, 50.819 ], [ -1.866, 50.81 ] ] } },
{ "type": "Feature", "properties": { "name1": "River Thames", "name2": "Halfway Reach", "Strahler Stream Order": 6, "long_name": "Kent South London and East Sussex", "short_name": "Kent S London and E Sussex" }, "geometry": { "type": "LineString", "coordinates": [ [ 0.135, 51.516 ], [ 0.158, 51.509 ] ] } },
{ "type": "Feature", "properties": { "name1": "Lesser Teise", "name2": " ", "Strahler Stream Order": 4, "long_name": "Kent South London and East Sussex", "short_name": "Kent S London and E Sussex" }, "geometry": { "type": "LineString", "coordinates": [ [ 0.463, 51.139 ], [ 0.47, 51.152 ], [ 0.465, 51.158 ], [ 0.477, 51.176 ], [ 0.474, 51.194 ], [ 0.454, 51.208 ] ] } },
{ "type": "Feature", "properties": { "name1": "River Darent", "name2": "Dartford Creek", "Strahler Stream Order": 4, "long_name": "Kent South London and East Sussex", "short_name": "Kent S London and E Sussex" }, "geometry": { "type": "LineString", "coordinates": [ [ 0.211, 51.462 ], [ 0.212, 51.476 ], [ 0.22, 51.48 ] ] } },
{ "type": "Feature", "properties": { "name1": "Shadwick's Cut", "name2": "River Ouse", "Strahler Stream Order": 4, "long_name": "Kent South London and East Sussex", "short_name": "Kent S London and E Sussex" }, "geometry": { "type": "LineString", "coordinates": [ [ 0.05, 50.944 ], [ 0.052, 50.943 ] ] } },
{ "type": "Feature", "properties": { "name1": "The Swale", "name2": "Clay Reach", "Strahler Stream Order": 6, "long_name": "Kent South London and East Sussex", "short_name": "Kent S London and E Sussex" }, "geometry": { "type": "MultiLineString", "coordinates": [ [ [ 0.761, 51.386 ], [ 0.764, 51.377 ] ], [ [ 0.763, 51.376 ], [ 0.763, 51.372 ] ] ] } },
{ "type": "Feature", "properties": { "name1": "Reading Sewer", "name2": " ", "Strahler Stream Order": 4, "long_name": "Kent South London and East Sussex", "short_name": "Kent S London and E Sussex" }, "geometry": { "type": "MultiLineString", "coordinates": [ [ [ 0.673, 51.028 ], [ 0.668, 51.022 ] ], [ [ 0.759, 51.038 ], [ 0.76, 51.029 ], [ 0.777, 51.027 ], [ 0.782, 51.023 ] ] ] } },
{ "type": "Feature", "properties": { "name1": "River Stour", "name2": "Old Salthouse Reach", "Strahler Stream Order": 4, "long_name": "Kent South London and East Sussex", "short_name": "Kent S London and E Sussex" }, "geometry": { "type": "LineString", "coordinates": [ [ 1.347, 51.292 ], [ 1.349, 51.296 ] ] } },
{ "type": "Feature", "properties": { "name1": "Short Reach", "name2": "River Medway", "Strahler Stream Order": 6, "long_name": "Kent South London and East Sussex", "short_name": "Kent S London and E Sussex" }, "geometry": { "type": "LineString", "coordinates": [ [ 0.542, 51.411 ], [ 0.555, 51.405 ] ] } },
{ "type": "Feature", "properties": { "name1": "Saltpan Reach", "name2": "River Medway", "Strahler Stream Order": 6, "long_name": "Kent South London and East Sussex", "short_name": "Kent S London and E Sussex" }, "geometry": { "type": "LineString", "coordinates": [ [ 0.67, 51.43 ], [ 0.693, 51.428 ] ] } },
{ "type": "Feature", "properties": { "name1": "Cuckmere River", "name2": " ", "Strahler Stream Order": 4, "long_name": "Kent South London and East Sussex", "short_name": "Kent S London and E Sussex" }, "geometry": { "type": "LineString", "coordinates": [ [ 0.246, 50.886 ], [ 0.245, 50.879 ], [ 0.232, 50.875 ], [ 0.224, 50.867 ], [ 0.193, 50.855 ], [ 0.182, 50.837 ], [ 0.166, 50.819 ], [ 0.153, 50.801 ], [ 0.158, 50.795 ], [ 0.142, 50.779 ], [ 0.15, 50.766 ], [ 0.149, 50.757 ] ] } },
{ "type": "Feature", "properties": { "name1": "Tower Reach", "name2": "River Medway", "Strahler Stream Order": 6, "long_name": "Kent South London and East Sussex", "short_name": "Kent S London and E Sussex" }, "geometry": { "type": "LineString", "coordinates": [ [ 0.493, 51.384 ], [ 0.506, 51.396 ], [ 0.52, 51.386 ], [ 0.524, 51.398 ] ] } },
{ "type": "Feature", "properties": { "name1": "Ravensbourne River", "name2": " ", "Strahler Stream Order": 4, "long_name": "Kent South London and East Sussex", "short_name": "Kent S London and E Sussex" }, "geometry": { "type": "LineString", "coordinates": [ [ -0.026, 51.44 ], [ -0.026, 51.45 ], [ -0.018, 51.454 ], [ -0.012, 51.465 ], [ -0.023, 51.475 ] ] } },
{ "type": "Feature", "properties": { "name1": "River Thames", "name2": "Bugsby's Reach", "Strahler Stream Order": 6, "long_name": "Kent South London and East Sussex", "short_name": "Kent S London and E Sussex" }, "geometry": { "type": "LineString", "coordinates": [ [ -0.003, 51.505 ], [ 0.008, 51.505 ] ] } },
{ "type": "Feature", "properties": { "name1": " ", "name2": " ", "Strahler Stream Order": 4, "long_name": "Kent South London and East Sussex", "short_name": "Kent S London and E Sussex" }, "geometry": { "type": "LineString", "coordinates": [ [ 0.022, 50.865 ], [ 0.038, 50.847 ] ] } },
{ "type": "Feature", "properties": { "name1": "Woolwich Reach", "name2": "River Thames", "Strahler Stream Order": 6, "long_name": "Kent South London and East Sussex", "short_name": "Kent S London and E Sussex" }, "geometry": { "type": "LineString", "coordinates": [ [ 0.008, 51.505 ], [ 0.024, 51.496 ], [ 0.06, 51.496 ], [ 0.074, 51.498 ], [ 0.088, 51.51 ], [ 0.1, 51.512 ] ] } },
{ "type": "Feature", "properties": { "name1": "River Medway", "name2": "Kethole Reach", "Strahler Stream Order": 6, "long_name": "Kent South London and East Sussex", "short_name": "Kent S London and E Sussex" }, "geometry": { "type": "LineString", "coordinates": [ [ 0.657, 51.426 ], [ 0.67, 51.43 ] ] } },
{ "type": "Feature", "properties": { "name1": "Newknock Channel", "name2": " ", "Strahler Stream Order": 4, "long_name": "Kent South London and East Sussex", "short_name": "Kent S London and E Sussex" }, "geometry": { "type": "LineString", "coordinates": [ [ 0.782, 51.023 ], [ 0.773, 51.005 ], [ 0.761, 50.991 ], [ 0.754, 50.989 ] ] } },
{ "type": "Feature", "properties": { "name1": "Crumbles Sewer", "name2": " ", "Strahler Stream Order": 4, "long_name": "Kent South London and East Sussex", "short_name": "Kent S London and E Sussex" }, "geometry": { "type": "LineString", "coordinates": [ [ 0.307, 50.791 ], [ 0.308, 50.778 ] ] } },
{ "type": "Feature", "properties": { "name1": " ", "name2": " ", "Strahler Stream Order": 6, "long_name": "Kent South London and East Sussex", "short_name": "Kent S London and E Sussex" }, "geometry": { "type": "MultiLineString", "coordinates": [ [ [ 0.593, 51.409 ], [ 0.6, 51.411 ] ], [ [ 0.651, 51.42 ], [ 0.657, 51.426 ] ], [ [ 0.763, 51.372 ], [ 0.767, 51.366 ] ], [ [ 0.764, 51.377 ], [ 0.763, 51.376 ] ], [ [ 0.904, 51.347 ], [ 0.908, 51.347 ] ] ] } },
{ "type": "Feature", "properties": { "name1": " ", "name2": " ", "Strahler Stream Order": 6, "long_name": "Kent South London and East Sussex", "short_name": "Kent S London and E Sussex" }, "geometry": { "type": "MultiLineString", "coordinates": [ [ [ -1.521, 51.8 ], [ -1.52, 51.8 ] ], [ [ -1.29, 51.774 ], [ -1.289, 51.772 ] ], [ [ -0.995, 51.346 ], [ -0.994, 51.348 ] ], [ [ -0.967, 51.382 ], [ -0.966, 51.382 ] ], [ [ -0.943, 51.37 ], [ -0.946, 51.372 ] ], [ [ -0.914, 51.476 ], [ -0.91, 51.479 ] ], [ [ -0.893, 51.551 ], [ -0.89, 51.555 ] ], [ [ -0.838, 51.303 ], [ -0.852, 51.3 ], [ -0.877, 51.307 ] ], [ [ -0.861, 51.354 ], [ -0.864, 51.354 ] ], [ [ -0.683, 51.187 ], [ -0.682, 51.187 ] ], [ [ -0.653, 51.486 ], [ -0.651, 51.486 ] ], [ [ -0.625, 51.491 ], [ -0.625, 51.49 ] ], [ [ -0.463, 51.379 ], [ -0.461, 51.379 ] ], [ [ -0.46, 51.379 ], [ -0.459, 51.379 ] ], [ [ -0.419, 51.394 ], [ -0.418, 51.395 ] ], [ [ -0.073, 51.505 ], [ -0.062, 51.502 ] ], [ [ -0.045, 51.596 ], [ -0.051, 51.588 ] ], [ [ -0.023, 51.475 ], [ -0.022, 51.476 ] ], [ [ -0.011, 51.688 ], [ -0.01, 51.685 ] ], [ [ -0.011, 51.68 ], [ -0.01, 51.677 ] ], [ [ 0.171, 51.505 ], [ 0.176, 51.5 ] ], [ [ 0.203, 51.485 ], [ 0.215, 51.486 ], [ 0.254, 51.467 ] ], [ [ 0.292, 51.463 ], [ 0.299, 51.465 ] ], [ [ 0.371, 51.449 ], [ 0.38, 51.449 ] ] ] } },
{ "type": "Feature", "properties": { "name1": "River Medway", "name2": " ", "Strahler Stream Order": 4, "long_name": "Kent South London and East Sussex", "short_name": "Kent S London and E Sussex" }, "geometry": { "type": "MultiLineString", "coordinates": [ [ [ 0.129, 51.107 ], [ 0.146, 51.109 ], [ 0.159, 51.118 ], [ 0.152, 51.124 ], [ 0.151, 51.134 ], [ 0.167, 51.14 ], [ 0.175, 51.151 ], [ 0.192, 51.157 ], [ 0.184, 51.167 ], [ 0.187, 51.173 ], [ 0.208, 51.177 ], [ 0.207, 51.181 ] ], [ [ 0.207, 51.183 ], [ 0.224, 51.191 ], [ 0.247, 51.193 ] ], [ [ 0.255, 51.196 ], [ 0.284, 51.195 ], [ 0.299, 51.202 ], [ 0.323, 51.199 ], [ 0.33, 51.202 ], [ 0.377, 51.201 ], [ 0.396, 51.212 ], [ 0.423, 51.224 ], [ 0.414, 51.233 ], [ 0.416, 51.245 ], [ 0.422, 51.249 ], [ 0.443, 51.249 ], [ 0.46, 51.259 ], [ 0.484, 51.254 ], [ 0.499, 51.259 ], [ 0.506, 51.266 ], [ 0.518, 51.267 ], [ 0.511, 51.295 ], [ 0.493, 51.301 ], [ 0.464, 51.303 ], [ 0.458, 51.313 ], [ 0.46, 51.326 ], [ 0.452, 51.346 ], [ 0.456, 51.35 ], [ 0.449, 51.365 ], [ 0.476, 51.377 ] ], [ [ 0.488, 51.38 ], [ 0.493, 51.384 ] ], [ [ 0.533, 51.411 ], [ 0.542, 51.411 ] ], [ [ 0.555, 51.405 ], [ 0.56, 51.4 ], [ 0.575, 51.398 ], [ 0.588, 51.402 ], [ 0.593, 51.409 ] ], [ [ 0.693, 51.428 ], [ 0.725, 51.431 ] ] ] } },
{ "type": "Feature", "properties": { "name1": "River Medway", "name2": " ", "Strahler Stream Order": 6, "long_name": "Kent South London and East Sussex", "short_name": "Kent S London and E Sussex" }, "geometry": { "type": "LineString", "coordinates": [ [ 0.725, 51.431 ], [ 0.734, 51.438 ], [ 0.739, 51.449 ] ] } },
{ "type": "Feature", "properties": { "name1": "The Swale", "name2": " ", "Strahler Stream Order": 6, "long_name": "Kent South London and East Sussex", "short_name": "Kent S London and E Sussex" }, "geometry": { "type": "MultiLineString", "coordinates": [ [ [ 0.858, 51.359 ], [ 0.871, 51.358 ], [ 0.904, 51.347 ] ], [ [ 0.908, 51.347 ], [ 0.917, 51.348 ], [ 0.935, 51.359 ], [ 0.95, 51.364 ], [ 0.966, 51.373 ] ] ] } },
{ "type": "Feature", "properties": { "name1": "River Darent", "name2": " ", "Strahler Stream Order": 4, "long_name": "Kent South London and East Sussex", "short_name": "Kent S London and E Sussex" }, "geometry": { "type": "LineString", "coordinates": [ [ 0.22, 51.48 ], [ 0.226, 51.481 ] ] } },
{ "type": "Feature", "properties": { "name1": "River Mole", "name2": " ", "Strahler Stream Order": 4, "long_name": "Kent South London and East Sussex", "short_name": "Kent S London and E Sussex" }, "geometry": { "type": "LineString", "coordinates": [ [ -0.176, 51.167 ], [ -0.19, 51.178 ], [ -0.196, 51.209 ], [ -0.212, 51.205 ], [ -0.223, 51.213 ], [ -0.233, 51.213 ], [ -0.235, 51.222 ], [ -0.265, 51.234 ], [ -0.294, 51.233 ], [ -0.293, 51.241 ], [ -0.31, 51.238 ], [ -0.318, 51.243 ], [ -0.318, 51.252 ], [ -0.337, 51.261 ], [ -0.33, 51.276 ], [ -0.333, 51.285 ], [ -0.328, 51.291 ], [ -0.346, 51.301 ], [ -0.355, 51.302 ], [ -0.36, 51.312 ], [ -0.38, 51.314 ], [ -0.397, 51.313 ], [ -0.399, 51.319 ], [ -0.419, 51.322 ], [ -0.424, 51.339 ], [ -0.416, 51.352 ], [ -0.405, 51.354 ], [ -0.388, 51.369 ], [ -0.377, 51.371 ], [ -0.378, 51.381 ], [ -0.372, 51.387 ] ] } },
{ "type": "Feature", "properties": { "name1": "Winterbourne Stream", "name2": "River Ouse", "Strahler Stream Order": 4, "long_name": "Kent South London and East Sussex", "short_name": "Kent S London and E Sussex" }, "geometry": { "type": "LineString", "coordinates": [ [ 0.016, 50.876 ], [ 0.023, 50.866 ] ] } },
{ "type": "Feature", "properties": { "name1": "River Thames", "name2": "Northfleet Hope", "Strahler Stream Order": 6, "long_name": "Kent South London and East Sussex", "short_name": "Kent S London and E Sussex" }, "geometry": { "type": "LineString", "coordinates": [ [ 0.322, 51.467 ], [ 0.335, 51.452 ] ] } },
{ "type": "Feature", "properties": { "name1": "River Thames", "name2": "Fiddler's Reach", "Strahler Stream Order": 6, "long_name": "Kent South London and East Sussex", "short_name": "Kent S London and E Sussex" }, "geometry": { "type": "MultiLineString", "coordinates": [ [ [ 0.267, 51.462 ], [ 0.277, 51.458 ], [ 0.292, 51.462 ] ], [ [ 0.299, 51.465 ], [ 0.307, 51.47 ], [ 0.322, 51.467 ] ] ] } },
{ "type": "Feature", "properties": { "name1": "Willingdon Sewer", "name2": " ", "Strahler Stream Order": 4, "long_name": "Kent South London and East Sussex", "short_name": "Kent S London and E Sussex" }, "geometry": { "type": "LineString", "coordinates": [ [ 0.297, 50.793 ], [ 0.307, 50.791 ] ] } },
{ "type": "Feature", "properties": { "name1": "The Swale", "name2": "Main Channel", "Strahler Stream Order": 6, "long_name": "Kent South London and East Sussex", "short_name": "Kent S London and E Sussex" }, "geometry": { "type": "LineString", "coordinates": [ [ 0.767, 51.366 ], [ 0.815, 51.365 ], [ 0.836, 51.36 ], [ 0.858, 51.359 ] ] } },
{ "type": "Feature", "properties": { "name1": "River Thames", "name2": " ", "Strahler Stream Order": 6, "long_name": "Kent South London and East Sussex", "short_name": "Kent S London and E Sussex" }, "geometry": { "type": "MultiLineString", "coordinates": [ [ [ -1.853, 51.645 ], [ -1.82, 51.644 ], [ -1.808, 51.663 ], [ -1.792, 51.661 ], [ -1.789, 51.667 ], [ -1.77, 51.668 ], [ -1.768, 51.663 ], [ -1.748, 51.663 ], [ -1.736, 51.668 ], [ -1.727, 51.667 ], [ -1.711, 51.672 ], [ -1.71, 51.682 ], [ -1.694, 51.693 ], [ -1.677, 51.689 ], [ -1.669, 51.681 ], [ -1.653, 51.681 ], [ -1.635, 51.688 ], [ -1.627, 51.684 ], [ -1.607, 51.692 ], [ -1.598, 51.688 ], [ -1.577, 51.7 ], [ -1.556, 51.699 ], [ -1.541, 51.703 ], [ -1.535, 51.698 ], [ -1.516, 51.702 ], [ -1.496, 51.695 ], [ -1.483, 51.702 ], [ -1.463, 51.701 ], [ -1.46, 51.713 ], [ -1.441, 51.712 ], [ -1.438, 51.708 ], [ -1.416, 51.71 ], [ -1.392, 51.706 ], [ -1.378, 51.714 ], [ -1.367, 51.73 ], [ -1.374, 51.737 ], [ -1.365, 51.749 ], [ -1.361, 51.774 ], [ -1.347, 51.777 ], [ -1.335, 51.786 ], [ -1.317, 51.788 ] ], [ [ -1.309, 51.789 ], [ -1.304, 51.781 ], [ -1.29, 51.774 ] ], [ [ -1.289, 51.772 ], [ -1.273, 51.757 ], [ -1.271, 51.748 ], [ -1.258, 51.747 ], [ -1.242, 51.737 ], [ -1.242, 51.721 ], [ -1.232, 51.71 ], [ -1.233, 51.703 ], [ -1.221, 51.685 ], [ -1.23, 51.673 ], [ -1.25, 51.666 ], [ -1.267, 51.671 ], [ -1.284, 51.666 ], [ -1.28, 51.659 ] ], [ [ -1.276, 51.646 ], [ -1.263, 51.65 ], [ -1.233, 51.641 ], [ -1.211, 51.643 ], [ -1.21, 51.656 ], [ -1.196, 51.659 ], [ -1.183, 51.656 ], [ -1.177, 51.647 ], [ -1.179, 51.635 ], [ -1.154, 51.636 ], [ -1.144, 51.625 ], [ -1.116, 51.62 ], [ -1.114, 51.61 ], [ -1.122, 51.598 ], [ -1.126, 51.584 ], [ -1.125, 51.571 ], [ -1.138, 51.564 ], [ -1.147, 51.553 ], [ -1.14, 51.543 ] ], [ [ -1.14, 51.542 ], [ -1.134, 51.536 ], [ -1.143, 51.517 ], [ -1.135, 51.511 ], [ -1.119, 51.512 ], [ -1.109, 51.505 ], [ -1.103, 51.49 ], [ -1.087, 51.486 ], [ -1.067, 51.491 ], [ -1.05, 51.492 ], [ -1.039, 51.487 ], [ -1.034, 51.474 ] ], [ [ -1.028, 51.472 ], [ -1.014, 51.467 ] ], [ [ -1.012, 51.467 ], [ -1.008, 51.468 ] ], [ [ -1.003, 51.47 ], [ -0.979, 51.467 ], [ -0.969, 51.461 ], [ -0.959, 51.463 ], [ -0.946, 51.459 ], [ -0.93, 51.468 ], [ -0.921, 51.468 ], [ -0.914, 51.476 ] ], [ [ -0.91, 51.479 ], [ -0.899, 51.486 ], [ -0.894, 51.495 ] ], [ [ -0.894, 51.497 ], [ -0.872, 51.508 ], [ -0.881, 51.513 ], [ -0.878, 51.523 ], [ -0.9, 51.536 ], [ -0.898, 51.544 ] ], [ [ -0.89, 51.555 ], [ -0.887, 51.56 ], [ -0.871, 51.56 ], [ -0.861, 51.548 ], [ -0.848, 51.545 ], [ -0.811, 51.553 ], [ -0.793, 51.551 ], [ -0.783, 51.556 ], [ -0.777, 51.566 ], [ -0.757, 51.565 ], [ -0.738, 51.574 ], [ -0.719, 51.578 ], [ -0.711, 51.564 ], [ -0.693, 51.56 ], [ -0.691, 51.556 ] ], [ [ -0.691, 51.552 ], [ -0.702, 51.526 ], [ -0.704, 51.512 ], [ -0.689, 51.509 ], [ -0.679, 51.495 ], [ -0.666, 51.488 ], [ -0.653, 51.486 ] ], [ [ -0.651, 51.486 ], [ -0.647, 51.49 ], [ -0.63, 51.492 ] ], [ [ -0.627, 51.491 ], [ -0.625, 51.49 ] ], [ [ -0.625, 51.49 ], [ -0.61, 51.485 ], [ -0.6, 51.494 ], [ -0.581, 51.48 ], [ -0.585, 51.474 ], [ -0.575, 51.469 ], [ -0.574, 51.453 ], [ -0.558, 51.444 ], [ -0.544, 51.441 ] ], [ [ -0.54, 51.439 ], [ -0.511, 51.431 ], [ -0.513, 51.417 ], [ -0.495, 51.413 ] ], [ [ -0.493, 51.406 ], [ -0.485, 51.387 ], [ -0.476, 51.39 ], [ -0.463, 51.379 ] ], [ [ -0.461, 51.379 ], [ -0.442, 51.39 ], [ -0.434, 51.384 ], [ -0.419, 51.394 ] ], [ [ -0.418, 51.395 ], [ -0.411, 51.404 ], [ -0.392, 51.41 ], [ -0.374, 51.408 ], [ -0.36, 51.412 ], [ -0.339, 51.401 ] ], [ [ -0.333, 51.396 ], [ -0.32, 51.392 ], [ -0.309, 51.401 ], [ -0.308, 51.425 ], [ -0.326, 51.432 ], [ -0.329, 51.444 ], [ -0.306, 51.449 ], [ -0.303, 51.454 ], [ -0.321, 51.465 ], [ -0.319, 51.471 ], [ -0.307, 51.475 ], [ -0.298, 51.484 ], [ -0.279, 51.484 ], [ -0.265, 51.471 ], [ -0.254, 51.473 ] ], [ [ -0.243, 51.488 ], [ -0.227, 51.486 ], [ -0.225, 51.475 ], [ -0.208, 51.465 ], [ -0.196, 51.464 ] ], [ [ -0.168, 51.482 ], [ -0.146, 51.485 ], [ -0.134, 51.484 ], [ -0.123, 51.493 ], [ -0.121, 51.506 ], [ -0.113, 51.51 ], [ -0.098, 51.51 ], [ -0.073, 51.505 ] ], [ [ -0.062, 51.502 ], [ -0.05, 51.506 ] ], [ [ -0.038, 51.508 ], [ -0.03, 51.505 ], [ -0.029, 51.491 ], [ -0.02, 51.485 ], [ -0.002, 51.487 ], [ -0.003, 51.505 ] ], [ [ 0.335, 51.452 ], [ 0.343, 51.449 ], [ 0.37, 51.449 ] ], [ [ 0.419, 51.45 ], [ 0.441, 51.455 ], [ 0.456, 51.486 ], [ 0.484, 51.5 ], [ 0.555, 51.502 ], [ 0.585, 51.505 ], [ 0.592, 51.503 ], [ 0.635, 51.501 ], [ 0.678, 51.503 ] ] ] } },
{ "type": "Feature", "properties": { "name1": "River Thames", "name2": "Gravesend Reach", "Strahler Stream Order": 6, "long_name": "Kent South London and East Sussex", "short_name": "Kent S London and E Sussex" }, "geometry": { "type": "LineString", "coordinates": [ [ 0.38, 51.449 ], [ 0.419, 51.45 ] ] } },
{ "type": "Feature", "properties": { "name1": "Pevensey Haven", "name2": " ", "Strahler Stream Order": 4, "long_name": "Kent South London and East Sussex", "short_name": "Kent S London and E Sussex" }, "geometry": { "type": "LineString", "coordinates": [ [ 0.327, 50.828 ], [ 0.34, 50.823 ] ] } },
{ "type": "Feature", "properties": { "name1": "River Beult", "name2": " ", "Strahler Stream Order": 4, "long_name": "Kent South London and East Sussex", "short_name": "Kent S London and E Sussex" }, "geometry": { "type": "LineString", "coordinates": [ [ 0.626, 51.161 ], [ 0.609, 51.17 ], [ 0.587, 51.166 ], [ 0.566, 51.173 ], [ 0.567, 51.182 ], [ 0.551, 51.192 ], [ 0.541, 51.195 ], [ 0.537, 51.204 ], [ 0.522, 51.205 ], [ 0.513, 51.202 ], [ 0.493, 51.206 ], [ 0.486, 51.212 ], [ 0.454, 51.208 ], [ 0.423, 51.226 ] ] } },
{ "type": "Feature", "properties": { "name1": "River Medway", "name2": "Chatham Reach", "Strahler Stream Order": 6, "long_name": "Kent South London and East Sussex", "short_name": "Kent S London and E Sussex" }, "geometry": { "type": "LineString", "coordinates": [ [ 0.524, 51.398 ], [ 0.533, 51.411 ] ] } },
{ "type": "Feature", "properties": { "name1": "River Ouse", "name2": "Newhaven Harbour", "Strahler Stream Order": 5, "long_name": "Kent South London and East Sussex", "short_name": "Kent S London and E Sussex" }, "geometry": { "type": "LineString", "coordinates": [ [ 0.052, 50.795 ], [ 0.058, 50.781 ] ] } },
{ "type": "Feature", "properties": { "name1": "Deptford Creek", "name2": " ", "Strahler Stream Order": 4, "long_name": "Kent South London and East Sussex", "short_name": "Kent S London and E Sussex" }, "geometry": { "type": "LineString", "coordinates": [ [ -0.022, 51.475 ], [ -0.018, 51.485 ] ] } },
{ "type": "Feature", "properties": { "name1": "River Thames", "name2": "Barking Reach", "Strahler Stream Order": 6, "long_name": "Kent South London and East Sussex", "short_name": "Kent S London and E Sussex" }, "geometry": { "type": "LineString", "coordinates": [ [ 0.1, 51.512 ], [ 0.108, 51.511 ], [ 0.135, 51.516 ] ] } },
{ "type": "Feature", "properties": { "name1": "River Stour", "name2": " ", "Strahler Stream Order": 4, "long_name": "Kent South London and East Sussex", "short_name": "Kent S London and E Sussex" }, "geometry": { "type": "MultiLineString", "coordinates": [ [ [ 1.255, 51.325 ], [ 1.275, 51.32 ], [ 1.285, 51.322 ], [ 1.3, 51.318 ], [ 1.326, 51.317 ], [ 1.343, 51.311 ], [ 1.343, 51.296 ], [ 1.328, 51.286 ], [ 1.349, 51.274 ], [ 1.353, 51.281 ], [ 1.347, 51.292 ] ], [ [ 1.349, 51.296 ], [ 1.349, 51.302 ], [ 1.365, 51.317 ], [ 1.374, 51.313 ], [ 1.389, 51.316 ] ] ] } },
{ "type": "Feature", "properties": { "name1": "Eridge Stream", "name2": " ", "Strahler Stream Order": 4, "long_name": "Kent South London and East Sussex", "short_name": "Kent S London and E Sussex" }, "geometry": { "type": "LineString", "coordinates": [ [ 0.205, 51.089 ], [ 0.184, 51.097 ], [ 0.185, 51.107 ], [ 0.175, 51.106 ], [ 0.157, 51.116 ] ] } },
{ "type": "Feature", "properties": { "name1": "River Thames", "name2": "Corney Reach", "Strahler Stream Order": 6, "long_name": "Kent South London and East Sussex", "short_name": "Kent S London and E Sussex" }, "geometry": { "type": "LineString", "coordinates": [ [ -0.254, 51.473 ], [ -0.243, 51.488 ] ] } },
{ "type": "Feature", "properties": { "name1": "River Ouse", "name2": " ", "Strahler Stream Order": 4, "long_name": "Kent South London and East Sussex", "short_name": "Kent S London and E Sussex" }, "geometry": { "type": "MultiLineString", "coordinates": [ [ [ -0.1, 51.038 ], [ -0.091, 51.029 ], [ -0.064, 51.014 ], [ -0.038, 51.005 ], [ -0.011, 51.002 ], [ 0.004, 50.993 ], [ 0.006, 50.987 ], [ 0.025, 50.991 ], [ 0.028, 50.981 ], [ 0.037, 50.969 ] ], [ [ 0.052, 50.943 ], [ 0.055, 50.937 ], [ 0.051, 50.925 ], [ 0.042, 50.915 ], [ 0.032, 50.912 ], [ 0.033, 50.904 ], [ 0.01, 50.895 ], [ -0.003, 50.887 ], [ 0.016, 50.876 ] ], [ [ 0.023, 50.866 ], [ 0.022, 50.865 ] ], [ [ 0.037, 50.969 ], [ 0.054, 50.968 ], [ 0.05, 50.944 ] ], [ [ 0.038, 50.847 ], [ 0.026, 50.834 ], [ 0.026, 50.816 ], [ 0.043, 50.81 ], [ 0.052, 50.795 ] ] ] } },
{ "type": "Feature", "properties": { "name1": "Glynde Reach", "name2": " ", "Strahler Stream Order": 4, "long_name": "Kent South London and East Sussex", "short_name": "Kent S London and E Sussex" }, "geometry": { "type": "LineString", "coordinates": [ [ 0.097, 50.872 ], [ 0.081, 50.864 ], [ 0.056, 50.857 ], [ 0.038, 50.847 ] ] } },
{ "type": "Feature", "properties": { "name1": "Great Stour", "name2": " ", "Strahler Stream Order": 4, "long_name": "Kent South London and East Sussex", "short_name": "Kent S London and E Sussex" }, "geometry": { "type": "LineString", "coordinates": [ [ 0.881, 51.15 ], [ 0.885, 51.157 ], [ 0.907, 51.15 ], [ 0.908, 51.165 ], [ 0.919, 51.168 ], [ 0.937, 51.195 ], [ 0.951, 51.203 ], [ 0.948, 51.209 ], [ 0.958, 51.226 ], [ 0.969, 51.227 ], [ 0.97, 51.24 ], [ 0.984, 51.245 ], [ 0.996, 51.259 ], [ 1.016, 51.255 ], [ 1.033, 51.259 ], [ 1.048, 51.271 ], [ 1.062, 51.273 ], [ 1.081, 51.286 ], [ 1.093, 51.289 ], [ 1.099, 51.296 ], [ 1.109, 51.298 ], [ 1.124, 51.295 ], [ 1.142, 51.3 ], [ 1.164, 51.303 ], [ 1.171, 51.312 ], [ 1.196, 51.318 ], [ 1.204, 51.324 ], [ 1.218, 51.321 ], [ 1.232, 51.329 ], [ 1.242, 51.331 ], [ 1.255, 51.325 ] ] } },
{ "type": "Feature", "properties": { "name1": "Tapner's Hole", "name2": "River Medway", "Strahler Stream Order": 5, "long_name": "Kent South London and East Sussex", "short_name": "Kent S London and E Sussex" }, "geometry": { "type": "LineString", "coordinates": [ [ 0.207, 51.181 ], [ 0.207, 51.183 ] ] } },
{ "type": "Feature", "properties": { "name1": "River Rother", "name2": " ", "Strahler Stream Order": 5, "long_name": "Kent South London and East Sussex", "short_name": "Kent S London and E Sussex" }, "geometry": { "type": "LineString", "coordinates": [ [ 0.354, 51.018 ], [ 0.377, 51.01 ], [ 0.392, 51.01 ], [ 0.435, 51.016 ], [ 0.449, 51.007 ], [ 0.45, 51.002 ], [ 0.471, 50.991 ], [ 0.49, 50.988 ], [ 0.514, 50.987 ], [ 0.539, 51.0 ], [ 0.58, 51.004 ], [ 0.616, 51.015 ], [ 0.631, 51.017 ], [ 0.663, 51.016 ], [ 0.673, 51.01 ], [ 0.677, 51.004 ], [ 0.698, 50.999 ], [ 0.708, 50.993 ], [ 0.733, 50.996 ], [ 0.752, 50.992 ], [ 0.758, 50.986 ], [ 0.749, 50.965 ], [ 0.742, 50.961 ], [ 0.738, 50.951 ], [ 0.754, 50.942 ], [ 0.764, 50.94 ], [ 0.778, 50.926 ] ] } },
{ "type": "Feature", "properties": { "name1": "River Teise", "name2": " ", "Strahler Stream Order": 4, "long_name": "Kent South London and East Sussex", "short_name": "Kent S London and E Sussex" }, "geometry": { "type": "LineString", "coordinates": [ [ 0.422, 51.105 ], [ 0.437, 51.107 ], [ 0.451, 51.13 ], [ 0.463, 51.139 ] ] } },
{ "type": "Feature", "properties": { "name1": "River Eden", "name2": " ", "Strahler Stream Order": 4, "long_name": "Kent South London and East Sussex", "short_name": "Kent S London and E Sussex" }, "geometry": { "type": "LineString", "coordinates": [ [ 0.038, 51.187 ], [ 0.058, 51.187 ], [ 0.066, 51.195 ], [ 0.082, 51.198 ], [ 0.106, 51.187 ], [ 0.148, 51.19 ], [ 0.171, 51.186 ], [ 0.168, 51.166 ], [ 0.185, 51.17 ] ] } },
{ "type": "Feature", "properties": { "name1": "River Thames", "name2": "Erith Reach", "Strahler Stream Order": 6, "long_name": "Kent South London and East Sussex", "short_name": "Kent S London and E Sussex" }, "geometry": { "type": "MultiLineString", "coordinates": [ [ [ 0.158, 51.509 ], [ 0.171, 51.505 ] ], [ [ 0.176, 51.5 ], [ 0.177, 51.496 ] ] ] } },
{ "type": "Feature", "properties": { "name1": "River Thames", "name2": "Lower Pool", "Strahler Stream Order": 6, "long_name": "Kent South London and East Sussex", "short_name": "Kent S London and E Sussex" }, "geometry": { "type": "LineString", "coordinates": [ [ -0.05, 51.506 ], [ -0.038, 51.508 ] ] } },
{ "type": "Feature", "properties": { "name1": "River Brede", "name2": " ", "Strahler Stream Order": 4, "long_name": "Kent South London and East Sussex", "short_name": "Kent S London and E Sussex" }, "geometry": { "type": "LineString", "coordinates": [ [ 0.581, 50.93 ], [ 0.613, 50.927 ], [ 0.634, 50.931 ], [ 0.661, 50.93 ], [ 0.665, 50.932 ], [ 0.689, 50.927 ], [ 0.707, 50.93 ], [ 0.727, 50.925 ], [ 0.726, 50.939 ], [ 0.732, 50.947 ] ] } },
{ "type": "Feature", "properties": { "name1": "West Swale", "name2": "The Swale", "Strahler Stream Order": 6, "long_name": "Kent South London and East Sussex", "short_name": "Kent S London and E Sussex" }, "geometry": { "type": "LineString", "coordinates": [ [ 0.725, 51.431 ], [ 0.732, 51.426 ], [ 0.736, 51.415 ], [ 0.72, 51.413 ], [ 0.729, 51.4 ], [ 0.742, 51.396 ], [ 0.761, 51.386 ] ] } },
{ "type": "Feature", "properties": { "name1": "Potman's Heath Channel", "name2": " ", "Strahler Stream Order": 4, "long_name": "Kent South London and East Sussex", "short_name": "Kent S London and E Sussex" }, "geometry": { "type": "LineString", "coordinates": [ [ 0.668, 51.022 ], [ 0.673, 51.01 ] ] } },
{ "type": "Feature", "properties": { "name1": "Eden Brook", "name2": " ", "Strahler Stream Order": 4, "long_name": "Kent South London and East Sussex", "short_name": "Kent S London and E Sussex" }, "geometry": { "type": "LineString", "coordinates": [ [ -0.002, 51.189 ], [ 0.027, 51.184 ], [ 0.038, 51.187 ] ] } },
{ "type": "Feature", "properties": { "name1": "River Thames", "name2": "Erith Rands", "Strahler Stream Order": 6, "long_name": "Kent South London and East Sussex", "short_name": "Kent S London and E Sussex" }, "geometry": { "type": "LineString", "coordinates": [ [ 0.177, 51.496 ], [ 0.188, 51.484 ], [ 0.203, 51.485 ] ] } },
{ "type": "Feature", "properties": { "name1": "Wickham Reach", "name2": "River Medway", "Strahler Stream Order": 6, "long_name": "Kent South London and East Sussex", "short_name": "Kent S London and E Sussex" }, "geometry": { "type": "LineString", "coordinates": [ [ 0.476, 51.377 ], [ 0.488, 51.38 ] ] } },
{ "type": "Feature", "properties": { "name1": "Salt Haven", "name2": " ", "Strahler Stream Order": 4, "long_name": "Kent South London and East Sussex", "short_name": "Kent S London and E Sussex" }, "geometry": { "type": "LineString", "coordinates": [ [ 0.34, 50.823 ], [ 0.35, 50.815 ], [ 0.36, 50.814 ] ] } },
{ "type": "Feature", "properties": { "name1": "River Medway", "name2": "Long Reach", "Strahler Stream Order": 5, "long_name": "Kent South London and East Sussex", "short_name": "Kent S London and E Sussex" }, "geometry": { "type": "MultiLineString", "coordinates": [ [ [ 0.247, 51.193 ], [ 0.255, 51.196 ] ], [ [ 0.6, 51.411 ], [ 0.643, 51.412 ], [ 0.651, 51.42 ] ] ] } },
{ "type": "Feature", "properties": { "name1": "River Thames", "name2": "Battersea Reach", "Strahler Stream Order": 6, "long_name": "Kent South London and East Sussex", "short_name": "Kent S London and E Sussex" }, "geometry": { "type": "LineString", "coordinates": [ [ -0.196, 51.464 ], [ -0.181, 51.469 ], [ -0.176, 51.48 ], [ -0.168, 51.482 ] ] } },
{ "type": "Feature", "properties": { "name1": "Royal Military Canal", "name2": "Rock Channel", "Strahler Stream Order": 4, "long_name": "Kent South London and East Sussex", "short_name": "Kent S London and E Sussex" }, "geometry": { "type": "LineString", "coordinates": [ [ 0.732, 50.947 ], [ 0.74, 50.95 ] ] } },
{ "type": "Feature", "properties": { "name1": "Tumbling Bay", "name2": "River Itchen", "Strahler Stream Order": 4, "long_name": "Solent and South Downs", "short_name": "Solent and South Downs" }, "geometry": { "type": "LineString", "coordinates": [ [ -1.319, 51.035 ], [ -1.319, 51.033 ] ] } },
{ "type": "Feature", "properties": { "name1": "River Loddon", "name2": "Broad Water", "Strahler Stream Order": 4, "long_name": "Solent and South Downs", "short_name": "Solent and South Downs" }, "geometry": { "type": "LineString", "coordinates": [ [ -0.994, 51.348 ], [ -0.988, 51.356 ] ] } },
{ "type": "Feature", "properties": { "name1": " ", "name2": " ", "Strahler Stream Order": 4, "long_name": "Solent and South Downs", "short_name": "Solent and South Downs" }, "geometry": { "type": "LineString", "coordinates": [ [ -1.124, 50.812 ], [ -1.119, 50.81 ], [ -1.108, 50.785 ] ] } },
{ "type": "Feature", "properties": { "name1": " ", "name2": " ", "Strahler Stream Order": 5, "long_name": "Solent and South Downs", "short_name": "Solent and South Downs" }, "geometry": { "type": "LineString", "coordinates": [ [ -0.275, 50.831 ], [ -0.273, 50.831 ] ] } },
{ "type": "Feature", "properties": { "name1": " ", "name2": " ", "Strahler Stream Order": 4, "long_name": "Solent and South Downs", "short_name": "Solent and South Downs" }, "geometry": { "type": "MultiLineString", "coordinates": [ [ [ -1.461, 50.907 ], [ -1.457, 50.905 ] ], [ [ -1.396, 50.882 ], [ -1.389, 50.878 ] ], [ [ -1.388, 50.883 ], [ -1.375, 50.872 ] ] ] } },
{ "type": "Feature", "properties": { "name1": "Emsworth Channel", "name2": " ", "Strahler Stream Order": 4, "long_name": "Solent and South Downs", "short_name": "Solent and South Downs" }, "geometry": { "type": "LineString", "coordinates": [ [ -0.936, 50.789 ], [ -0.933, 50.78 ] ] } },
{ "type": "Feature", "properties": { "name1": " ", "name2": " ", "Strahler Stream Order": 6, "long_name": "Solent and South Downs", "short_name": "Solent and South Downs" }, "geometry": { "type": "MultiLineString", "coordinates": [ [ [ -1.521, 51.8 ], [ -1.52, 51.8 ] ], [ [ -1.29, 51.774 ], [ -1.289, 51.772 ] ], [ [ -0.995, 51.346 ], [ -0.994, 51.348 ] ], [ [ -0.967, 51.382 ], [ -0.966, 51.382 ] ], [ [ -0.943, 51.37 ], [ -0.946, 51.372 ] ], [ [ -0.914, 51.476 ], [ -0.91, 51.479 ] ], [ [ -0.893, 51.551 ], [ -0.89, 51.555 ] ], [ [ -0.838, 51.303 ], [ -0.852, 51.3 ], [ -0.877, 51.307 ] ], [ [ -0.861, 51.354 ], [ -0.864, 51.354 ] ], [ [ -0.683, 51.187 ], [ -0.682, 51.187 ] ], [ [ -0.653, 51.486 ], [ -0.651, 51.486 ] ], [ [ -0.625, 51.491 ], [ -0.625, 51.49 ] ], [ [ -0.463, 51.379 ], [ -0.461, 51.379 ] ], [ [ -0.46, 51.379 ], [ -0.459, 51.379 ] ], [ [ -0.419, 51.394 ], [ -0.418, 51.395 ] ], [ [ -0.073, 51.505 ], [ -0.062, 51.502 ] ], [ [ -0.045, 51.596 ], [ -0.051, 51.588 ] ], [ [ -0.023, 51.475 ], [ -0.022, 51.476 ] ], [ [ -0.011, 51.688 ], [ -0.01, 51.685 ] ], [ [ -0.011, 51.68 ], [ -0.01, 51.677 ] ], [ [ 0.171, 51.505 ], [ 0.176, 51.5 ] ], [ [ 0.203, 51.485 ], [ 0.215, 51.486 ], [ 0.254, 51.467 ] ], [ [ 0.292, 51.463 ], [ 0.299, 51.465 ] ], [ [ 0.371, 51.449 ], [ 0.38, 51.449 ] ] ] } },
{ "type": "Feature", "properties": { "name1": " ", "name2": " ", "Strahler Stream Order": 5, "long_name": "Solent and South Downs", "short_name": "Solent and South Downs" }, "geometry": { "type": "MultiLineString", "coordinates": [ [ [ -2.318, 50.936 ], [ -2.312, 50.936 ] ], [ [ -1.978, 50.792 ], [ -1.978, 50.793 ] ], [ [ -1.957, 50.79 ], [ -1.956, 50.79 ] ], [ [ -1.801, 50.788 ], [ -1.8, 50.787 ] ], [ [ -1.775, 50.73 ], [ -1.772, 50.73 ] ] ] } },
{ "type": "Feature", "properties": { "name1": "Holmbush Gill", "name2": " ", "Strahler Stream Order": 4, "long_name": "Solent and South Downs", "short_name": "Solent and South Downs" }, "geometry": { "type": "LineString", "coordinates": [ [ -0.207, 50.971 ], [ -0.236, 50.963 ] ] } },
{ "type": "Feature", "properties": { "name1": "Heavy Reach", "name2": "Fareham Lake", "Strahler Stream Order": 4, "long_name": "Solent and South Downs", "short_name": "Solent and South Downs" }, "geometry": { "type": "LineString", "coordinates": [ [ -1.167, 50.853 ], [ -1.178, 50.848 ], [ -1.174, 50.839 ], [ -1.153, 50.84 ], [ -1.143, 50.827 ] ] } },
{ "type": "Feature", "properties": { "name1": "River Loddon", "name2": " ", "Strahler Stream Order": 5, "long_name": "Solent and South Downs", "short_name": "Solent and South Downs" }, "geometry": { "type": "MultiLineString", "coordinates": [ [ [ -1.009, 51.313 ], [ -1.033, 51.327 ], [ -1.019, 51.331 ], [ -1.004, 51.346 ], [ -0.995, 51.346 ] ], [ [ -0.988, 51.356 ], [ -0.982, 51.372 ], [ -0.967, 51.382 ] ], [ [ -0.966, 51.382 ], [ -0.958, 51.385 ], [ -0.946, 51.389 ], [ -0.942, 51.399 ], [ -0.925, 51.407 ], [ -0.91, 51.422 ], [ -0.897, 51.427 ], [ -0.9, 51.438 ], [ -0.887, 51.441 ], [ -0.875, 51.456 ], [ -0.865, 51.461 ], [ -0.865, 51.471 ], [ -0.883, 51.49 ], [ -0.88, 51.502 ] ] ] } },
{ "type": "Feature", "properties": { "name1": "Kingsley Stream", "name2": " ", "Strahler Stream Order": 4, "long_name": "Solent and South Downs", "short_name": "Solent and South Downs" }, "geometry": { "type": "LineString", "coordinates": [ [ -0.881, 51.133 ], [ -0.873, 51.132 ] ] } },
{ "type": "Feature", "properties": { "name1": "River Blackwater", "name2": " ", "Strahler Stream Order": 4, "long_name": "Solent and South Downs", "short_name": "Solent and South Downs" }, "geometry": { "type": "LineString", "coordinates": [ [ -1.574, 50.981 ], [ -1.542, 50.968 ], [ -1.529, 50.95 ], [ -1.51, 50.95 ], [ -1.508, 50.941 ], [ -1.496, 50.935 ] ] } },
{ "type": "Feature", "properties": { "name1": "Fareham Lake", "name2": " ", "Strahler Stream Order": 4, "long_name": "Solent and South Downs", "short_name": "Solent and South Downs" }, "geometry": { "type": "LineString", "coordinates": [ [ -1.143, 50.827 ], [ -1.124, 50.812 ] ] } },
{ "type": "Feature", "properties": { "name1": "Chichester Channel", "name2": " ", "Strahler Stream Order": 4, "long_name": "Solent and South Downs", "short_name": "Solent and South Downs" }, "geometry": { "type": "LineString", "coordinates": [ [ -0.892, 50.806 ], [ -0.904, 50.794 ], [ -0.914, 50.795 ], [ -0.936, 50.789 ] ] } },
{ "type": "Feature", "properties": { "name1": "West Arm", "name2": "River Adur", "Strahler Stream Order": 5, "long_name": "Solent and South Downs", "short_name": "Solent and South Downs" }, "geometry": { "type": "MultiLineString", "coordinates": [ [ [ -0.288, 50.84 ], [ -0.275, 50.831 ] ], [ [ -0.273, 50.831 ], [ -0.248, 50.829 ] ] ] } },
{ "type": "Feature", "properties": { "name1": "River Hart", "name2": " ", "Strahler Stream Order": 4, "long_name": "Solent and South Downs", "short_name": "Solent and South Downs" }, "geometry": { "type": "LineString", "coordinates": [ [ -0.877, 51.307 ], [ -0.89, 51.315 ], [ -0.902, 51.317 ], [ -0.937, 51.342 ] ] } },
{ "type": "Feature", "properties": { "name1": "River Arun", "name2": " ", "Strahler Stream Order": 4, "long_name": "Solent and South Downs", "short_name": "Solent and South Downs" }, "geometry": { "type": "LineString", "coordinates": [ [ -0.405, 51.079 ], [ -0.415, 51.084 ], [ -0.429, 51.085 ], [ -0.459, 51.083 ], [ -0.462, 51.077 ], [ -0.476, 51.071 ], [ -0.471, 51.063 ], [ -0.479, 51.045 ], [ -0.475, 51.038 ], [ -0.476, 51.021 ], [ -0.497, 51.011 ], [ -0.511, 51.008 ], [ -0.515, 51.0 ], [ -0.507, 50.99 ], [ -0.523, 50.988 ], [ -0.523, 50.982 ], [ -0.535, 50.957 ], [ -0.503, 50.953 ], [ -0.511, 50.937 ], [ -0.547, 50.93 ], [ -0.548, 50.924 ], [ -0.537, 50.916 ], [ -0.552, 50.913 ], [ -0.556, 50.904 ], [ -0.549, 50.893 ], [ -0.559, 50.884 ], [ -0.549, 50.88 ], [ -0.536, 50.867 ], [ -0.545, 50.866 ], [ -0.552, 50.854 ], [ -0.561, 50.851 ], [ -0.571, 50.836 ], [ -0.574, 50.82 ], [ -0.562, 50.819 ], [ -0.56, 50.812 ], [ -0.545, 50.807 ], [ -0.54, 50.798 ] ] } },
{ "type": "Feature", "properties": { "name1": "River Hamble", "name2": " ", "Strahler Stream Order": 4, "long_name": "Solent and South Downs", "short_name": "Solent and South Downs" }, "geometry": { "type": "LineString", "coordinates": [ [ -1.26, 50.903 ], [ -1.288, 50.896 ], [ -1.303, 50.883 ], [ -1.31, 50.873 ], [ -1.311, 50.859 ], [ -1.308, 50.849 ], [ -1.313, 50.842 ] ] } },
{ "type": "Feature", "properties": { "name1": "Chichester Channel", "name2": "Bosham Deeps", "Strahler Stream Order": 4, "long_name": "Solent and South Downs", "short_name": "Solent and South Downs" }, "geometry": { "type": "LineString", "coordinates": [ [ -0.873, 50.81 ], [ -0.892, 50.806 ] ] } },
{ "type": "Feature", "properties": { "name1": "Southampton Water", "name2": " ", "Strahler Stream Order": 5, "long_name": "Solent and South Downs", "short_name": "Solent and South Downs" }, "geometry": { "type": "LineString", "coordinates": [ [ -1.389, 50.878 ], [ -1.375, 50.872 ], [ -1.332, 50.846 ] ] } },
{ "type": "Feature", "properties": { "name1": "River Slea", "name2": " ", "Strahler Stream Order": 4, "long_name": "Solent and South Downs", "short_name": "Solent and South Downs" }, "geometry": { "type": "LineString", "coordinates": [ [ -0.856, 51.138 ], [ -0.831, 51.142 ] ] } },
{ "type": "Feature", "properties": { "name1": "River Adur", "name2": " ", "Strahler Stream Order": 4, "long_name": "Solent and South Downs", "short_name": "Solent and South Downs" }, "geometry": { "type": "MultiLineString", "coordinates": [ [ [ -0.36, 50.977 ], [ -0.325, 50.971 ], [ -0.321, 50.948 ], [ -0.309, 50.947 ], [ -0.301, 50.937 ] ], [ [ -0.236, 50.963 ], [ -0.245, 50.964 ], [ -0.292, 50.948 ], [ -0.301, 50.937 ] ], [ [ -0.301, 50.937 ], [ -0.31, 50.931 ], [ -0.3, 50.913 ], [ -0.292, 50.908 ], [ -0.293, 50.899 ], [ -0.303, 50.9 ], [ -0.31, 50.889 ], [ -0.303, 50.88 ], [ -0.302, 50.861 ], [ -0.293, 50.858 ], [ -0.288, 50.84 ] ], [ [ -0.248, 50.829 ], [ -0.247, 50.827 ] ] ] } },
{ "type": "Feature", "properties": { "name1": "River Ouse", "name2": " ", "Strahler Stream Order": 4, "long_name": "Solent and South Downs", "short_name": "Solent and South Downs" }, "geometry": { "type": "MultiLineString", "coordinates": [ [ [ -0.1, 51.038 ], [ -0.091, 51.029 ], [ -0.064, 51.014 ], [ -0.038, 51.005 ], [ -0.011, 51.002 ], [ 0.004, 50.993 ], [ 0.006, 50.987 ], [ 0.025, 50.991 ], [ 0.028, 50.981 ], [ 0.037, 50.969 ] ], [ [ 0.052, 50.943 ], [ 0.055, 50.937 ], [ 0.051, 50.925 ], [ 0.042, 50.915 ], [ 0.032, 50.912 ], [ 0.033, 50.904 ], [ 0.01, 50.895 ], [ -0.003, 50.887 ], [ 0.016, 50.876 ] ], [ [ 0.023, 50.866 ], [ 0.022, 50.865 ] ], [ [ 0.037, 50.969 ], [ 0.054, 50.968 ], [ 0.05, 50.944 ] ], [ [ 0.038, 50.847 ], [ 0.026, 50.834 ], [ 0.026, 50.816 ], [ 0.043, 50.81 ], [ 0.052, 50.795 ] ] ] } },
{ "type": "Feature", "properties": { "name1": "River Yar", "name2": " ", "Strahler Stream Order": 4, "long_name": "Solent and South Downs", "short_name": "Solent and South Downs" }, "geometry": { "type": "LineString", "coordinates": [ [ -1.244, 50.654 ], [ -1.232, 50.666 ], [ -1.191, 50.67 ], [ -1.176, 50.664 ], [ -1.149, 50.665 ], [ -1.142, 50.676 ], [ -1.115, 50.688 ], [ -1.109, 50.694 ], [ -1.096, 50.694 ], [ -1.094, 50.701 ] ] } },
{ "type": "Feature", "properties": { "name1": "River Rother", "name2": " ", "Strahler Stream Order": 4, "long_name": "Solent and South Downs", "short_name": "Solent and South Downs" }, "geometry": { "type": "LineString", "coordinates": [ [ -0.856, 50.999 ], [ -0.84, 50.998 ], [ -0.813, 50.992 ], [ -0.803, 51.001 ], [ -0.794, 50.997 ], [ -0.779, 51.001 ], [ -0.764, 50.993 ], [ -0.743, 50.998 ], [ -0.733, 50.989 ], [ -0.723, 50.988 ], [ -0.705, 50.979 ], [ -0.691, 50.984 ], [ -0.675, 50.984 ], [ -0.658, 50.98 ], [ -0.649, 50.972 ], [ -0.621, 50.973 ], [ -0.617, 50.963 ], [ -0.581, 50.954 ], [ -0.572, 50.959 ], [ -0.544, 50.948 ], [ -0.528, 50.953 ] ] } },
{ "type": "Feature", "properties": { "name1": "Wallington River", "name2": " ", "Strahler Stream Order": 4, "long_name": "Solent and South Downs", "short_name": "Solent and South Downs" }, "geometry": { "type": "LineString", "coordinates": [ [ -1.12, 50.875 ], [ -1.13, 50.88 ], [ -1.148, 50.88 ], [ -1.165, 50.877 ], [ -1.17, 50.87 ], [ -1.167, 50.853 ] ] } },
{ "type": "Feature", "properties": { "name1": "Oxney Stream", "name2": " ", "Strahler Stream Order": 4, "long_name": "Solent and South Downs", "short_name": "Solent and South Downs" }, "geometry": { "type": "LineString", "coordinates": [ [ -0.873, 51.132 ], [ -0.856, 51.138 ] ] } },
{ "type": "Feature", "properties": { "name1": "River Avon", "name2": " ", "Strahler Stream Order": 5, "long_name": "Solent and South Downs", "short_name": "Solent and South Downs" }, "geometry": { "type": "MultiLineString", "coordinates": [ [ [ -1.81, 51.302 ], [ -1.805, 51.297 ], [ -1.807, 51.286 ], [ -1.803, 51.272 ], [ -1.797, 51.264 ], [ -1.801, 51.258 ], [ -1.789, 51.252 ], [ -1.794, 51.243 ], [ -1.784, 51.239 ], [ -1.787, 51.224 ], [ -1.765, 51.205 ], [ -1.764, 51.196 ], [ -1.774, 51.178 ], [ -1.79, 51.175 ], [ -1.805, 51.167 ], [ -1.799, 51.158 ], [ -1.812, 51.155 ], [ -1.804, 51.148 ], [ -1.813, 51.136 ], [ -1.824, 51.133 ], [ -1.816, 51.125 ], [ -1.818, 51.117 ], [ -1.828, 51.107 ], [ -1.817, 51.096 ], [ -1.817, 51.088 ], [ -1.797, 51.074 ], [ -1.802, 51.066 ], [ -1.776, 51.056 ], [ -1.761, 51.055 ], [ -1.753, 51.05 ], [ -1.756, 51.04 ], [ -1.756, 51.02 ], [ -1.742, 51.015 ], [ -1.75, 50.999 ], [ -1.745, 50.992 ], [ -1.753, 50.985 ], [ -1.75, 50.968 ], [ -1.763, 50.963 ], [ -1.768, 50.955 ] ], [ [ -1.768, 50.955 ], [ -1.762, 50.951 ], [ -1.782, 50.944 ], [ -1.767, 50.929 ], [ -1.789, 50.928 ], [ -1.794, 50.902 ], [ -1.787, 50.888 ], [ -1.794, 50.886 ], [ -1.805, 50.858 ], [ -1.792, 50.854 ], [ -1.801, 50.843 ], [ -1.791, 50.837 ], [ -1.812, 50.809 ], [ -1.804, 50.803 ], [ -1.801, 50.788 ] ], [ [ -1.8, 50.787 ], [ -1.785, 50.765 ], [ -1.779, 50.738 ] ], [ [ -1.778, 50.739 ], [ -1.772, 50.73 ] ] ] } },
{ "type": "Feature", "properties": { "name1": "River Itchen", "name2": " ", "Strahler Stream Order": 4, "long_name": "Solent and South Downs", "short_name": "Solent and South Downs" }, "geometry": { "type": "MultiLineString", "coordinates": [ [ [ -1.319, 51.033 ], [ -1.316, 51.029 ], [ -1.323, 51.016 ], [ -1.324, 51.001 ], [ -1.336, 50.998 ], [ -1.335, 50.983 ], [ -1.342, 50.975 ], [ -1.333, 50.961 ], [ -1.353, 50.939 ], [ -1.38, 50.934 ], [ -1.378, 50.922 ], [ -1.387, 50.914 ], [ -1.385, 50.898 ], [ -1.388, 50.883 ] ], [ [ -1.184, 51.088 ], [ -1.19, 51.083 ], [ -1.219, 51.087 ], [ -1.225, 51.093 ], [ -1.238, 51.09 ], [ -1.286, 51.089 ], [ -1.308, 51.064 ], [ -1.309, 51.056 ], [ -1.319, 51.049 ], [ -1.319, 51.035 ] ] ] } },
{ "type": "Feature", "properties": { "name1": "Pagham Rife", "name2": " ", "Strahler Stream Order": 4, "long_name": "Solent and South Downs", "short_name": "Solent and South Downs" }, "geometry": { "type": "LineString", "coordinates": [ [ -0.756, 50.763 ], [ -0.742, 50.758 ] ] } },
{ "type": "Feature", "properties": { "name1": "Tadburn Lake", "name2": " ", "Strahler Stream Order": 4, "long_name": "Solent and South Downs", "short_name": "Solent and South Downs" }, "geometry": { "type": "LineString", "coordinates": [ [ -1.49, 50.988 ], [ -1.5, 50.986 ], [ -1.5, 50.976 ] ] } },
{ "type": "Feature", "properties": { "name1": "River Wey", "name2": " ", "Strahler Stream Order": 5, "long_name": "Solent and South Downs", "short_name": "Solent and South Downs" }, "geometry": { "type": "MultiLineString", "coordinates": [ [ [ -0.854, 51.115 ], [ -0.857, 51.117 ], [ -0.834, 51.133 ], [ -0.833, 51.141 ], [ -0.815, 51.145 ], [ -0.817, 51.15 ], [ -0.805, 51.155 ], [ -0.802, 51.168 ], [ -0.771, 51.172 ], [ -0.755, 51.184 ], [ -0.727, 51.189 ], [ -0.706, 51.186 ], [ -0.694, 51.192 ], [ -0.683, 51.187 ] ], [ [ -0.682, 51.187 ], [ -0.665, 51.187 ], [ -0.655, 51.181 ], [ -0.639, 51.191 ], [ -0.625, 51.191 ], [ -0.605, 51.187 ], [ -0.585, 51.198 ], [ -0.573, 51.21 ], [ -0.583, 51.251 ], [ -0.566, 51.255 ], [ -0.541, 51.266 ], [ -0.534, 51.274 ], [ -0.549, 51.285 ], [ -0.542, 51.302 ], [ -0.529, 51.298 ], [ -0.509, 51.308 ], [ -0.5, 51.307 ], [ -0.491, 51.315 ], [ -0.475, 51.316 ], [ -0.481, 51.324 ], [ -0.462, 51.33 ], [ -0.463, 51.337 ] ], [ [ -0.464, 51.338 ], [ -0.468, 51.347 ], [ -0.466, 51.356 ], [ -0.475, 51.364 ], [ -0.46, 51.379 ] ], [ [ -0.459, 51.379 ], [ -0.458, 51.38 ] ] ] } },
{ "type": "Feature", "properties": { "name1": "Blackwater River", "name2": " ", "Strahler Stream Order": 5, "long_name": "Solent and South Downs", "short_name": "Solent and South Downs" }, "geometry": { "type": "MultiLineString", "coordinates": [ [ [ -0.946, 51.372 ], [ -0.958, 51.385 ] ], [ [ -0.864, 51.354 ], [ -0.876, 51.352 ], [ -0.893, 51.356 ], [ -0.921, 51.366 ], [ -0.931, 51.364 ], [ -0.944, 51.37 ] ], [ [ -0.766, 51.323 ], [ -0.785, 51.339 ], [ -0.798, 51.342 ], [ -0.813, 51.341 ], [ -0.828, 51.353 ], [ -0.848, 51.352 ], [ -0.862, 51.354 ] ] ] } },
{ "type": "Feature", "properties": { "name1": "Lymington River", "name2": " ", "Strahler Stream Order": 4, "long_name": "Solent and South Downs", "short_name": "Solent and South Downs" }, "geometry": { "type": "LineString", "coordinates": [ [ -1.588, 50.836 ], [ -1.563, 50.822 ], [ -1.548, 50.818 ], [ -1.549, 50.786 ], [ -1.542, 50.77 ], [ -1.514, 50.743 ] ] } },
{ "type": "Feature", "properties": { "name1": "River Test", "name2": " ", "Strahler Stream Order": 4, "long_name": "Solent and South Downs", "short_name": "Solent and South Downs" }, "geometry": { "type": "MultiLineString", "coordinates": [ [ [ -1.515, 51.072 ], [ -1.523, 51.061 ], [ -1.518, 51.049 ], [ -1.528, 51.04 ], [ -1.531, 51.029 ], [ -1.511, 51.019 ], [ -1.508, 51.013 ] ], [ [ -1.403, 51.183 ], [ -1.418, 51.171 ], [ -1.438, 51.17 ], [ -1.452, 51.158 ], [ -1.456, 51.147 ], [ -1.479, 51.138 ], [ -1.478, 51.132 ], [ -1.492, 51.127 ], [ -1.502, 51.106 ], [ -1.51, 51.095 ], [ -1.508, 51.087 ], [ -1.517, 51.08 ], [ -1.528, 51.065 ], [ -1.529, 51.045 ], [ -1.535, 51.04 ], [ -1.532, 51.028 ], [ -1.521, 51.018 ], [ -1.508, 51.013 ] ], [ [ -1.508, 51.013 ], [ -1.498, 51.007 ], [ -1.506, 50.996 ], [ -1.5, 50.976 ], [ -1.494, 50.949 ], [ -1.501, 50.938 ], [ -1.487, 50.933 ], [ -1.461, 50.907 ] ], [ [ -1.457, 50.905 ], [ -1.433, 50.903 ], [ -1.415, 50.896 ], [ -1.396, 50.882 ] ] ] } },
{ "type": "Feature", "properties": { "name1": "River Whitewater", "name2": " ", "Strahler Stream Order": 4, "long_name": "Solent and South Downs", "short_name": "Solent and South Downs" }, "geometry": { "type": "LineString", "coordinates": [ [ -0.937, 51.342 ], [ -0.942, 51.356 ], [ -0.936, 51.366 ] ] } },
{ "type": "Feature", "properties": { "name1": "River Eau", "name2": " ", "Strahler Stream Order": 4, "long_name": "Lincolnshire and Northamptonshire", "short_name": "Lincs and Northants" }, "geometry": { "type": "LineString", "coordinates": [ [ -0.635, 53.483 ], [ -0.646, 53.483 ], [ -0.661, 53.489 ], [ -0.675, 53.512 ], [ -0.686, 53.516 ], [ -0.702, 53.514 ], [ -0.74, 53.52 ] ] } },
{ "type": "Feature", "properties": { "name1": "South Forty Foot Drain", "name2": " ", "Strahler Stream Order": 4, "long_name": "Lincolnshire and Northamptonshire", "short_name": "Lincs and Northants" }, "geometry": { "type": "LineString", "coordinates": [ [ -0.246, 52.929 ], [ -0.224, 52.956 ], [ -0.203, 52.968 ], [ -0.132, 52.976 ], [ -0.059, 52.972 ], [ -0.025, 52.967 ] ] } },
{ "type": "Feature", "properties": { "name1": "East Drain", "name2": " ", "Strahler Stream Order": 4, "long_name": "Lincolnshire and Northamptonshire", "short_name": "Lincs and Northants" }, "geometry": { "type": "LineString", "coordinates": [ [ -0.453, 53.42 ], [ -0.46, 53.425 ], [ -0.467, 53.439 ] ] } },
{ "type": "Feature", "properties": { "name1": "River Welland", "name2": " ", "Strahler Stream Order": 4, "long_name": "Lincolnshire and Northamptonshire", "short_name": "Lincs and Northants" }, "geometry": { "type": "LineString", "coordinates": [ [ -0.521, 52.641 ], [ -0.511, 52.644 ], [ -0.489, 52.643 ], [ -0.481, 52.65 ], [ -0.455, 52.655 ], [ -0.431, 52.648 ], [ -0.42, 52.649 ], [ -0.398, 52.656 ], [ -0.382, 52.657 ], [ -0.338, 52.675 ], [ -0.317, 52.675 ], [ -0.279, 52.666 ], [ -0.26, 52.651 ], [ -0.229, 52.665 ], [ -0.215, 52.668 ], [ -0.192, 52.678 ], [ -0.184, 52.678 ], [ -0.182, 52.688 ], [ -0.17, 52.709 ], [ -0.139, 52.722 ], [ -0.148, 52.74 ], [ -0.165, 52.749 ], [ -0.17, 52.768 ], [ -0.162, 52.772 ], [ -0.134, 52.801 ], [ -0.123, 52.816 ], [ -0.097, 52.844 ], [ -0.097, 52.848 ], [ -0.065, 52.866 ], [ -0.038, 52.872 ], [ 0.01, 52.893 ], [ 0.037, 52.903 ] ] } },
{ "type": "Feature", "properties": { "name1": "New River Ancholme", "name2": " ", "Strahler Stream Order": 4, "long_name": "Lincolnshire and Northamptonshire", "short_name": "Lincs and Northants" }, "geometry": { "type": "LineString", "coordinates": [ [ -0.467, 53.439 ], [ -0.477, 53.474 ], [ -0.5, 53.533 ], [ -0.503, 53.557 ], [ -0.529, 53.622 ], [ -0.531, 53.639 ], [ -0.525, 53.679 ], [ -0.514, 53.681 ] ] } },
{ "type": "Feature", "properties": { "name1": "River Trent", "name2": " ", "Strahler Stream Order": 6, "long_name": "Lincolnshire and Northamptonshire", "short_name": "Lincs and Northants" }, "geometry": { "type": "MultiLineString", "coordinates": [ [ [ -2.048, 52.842 ], [ -2.027, 52.826 ], [ -2.011, 52.819 ], [ -2.011, 52.804 ], [ -2.003, 52.787 ], [ -1.981, 52.786 ], [ -1.973, 52.78 ], [ -1.953, 52.781 ], [ -1.927, 52.764 ], [ -1.912, 52.76 ], [ -1.884, 52.746 ], [ -1.865, 52.748 ], [ -1.859, 52.755 ], [ -1.837, 52.754 ], [ -1.807, 52.757 ], [ -1.778, 52.746 ], [ -1.765, 52.746 ], [ -1.758, 52.737 ], [ -1.731, 52.74 ], [ -1.717, 52.731 ], [ -1.698, 52.735 ], [ -1.698, 52.744 ], [ -1.671, 52.781 ], [ -1.659, 52.784 ], [ -1.651, 52.779 ], [ -1.624, 52.796 ], [ -1.625, 52.813 ], [ -1.6, 52.828 ], [ -1.585, 52.831 ], [ -1.584, 52.835 ], [ -1.56, 52.849 ], [ -1.545, 52.849 ], [ -1.536, 52.854 ], [ -1.517, 52.853 ], [ -1.495, 52.842 ], [ -1.478, 52.843 ], [ -1.469, 52.852 ], [ -1.451, 52.853 ], [ -1.434, 52.842 ], [ -1.389, 52.839 ], [ -1.382, 52.846 ], [ -1.369, 52.849 ], [ -1.34, 52.865 ], [ -1.325, 52.866 ], [ -1.319, 52.873 ], [ -1.307, 52.877 ], [ -1.288, 52.872 ], [ -1.28, 52.876 ], [ -1.265, 52.873 ], [ -1.255, 52.879 ], [ -1.238, 52.883 ], [ -1.244, 52.892 ], [ -1.228, 52.896 ], [ -1.207, 52.913 ], [ -1.198, 52.91 ], [ -1.167, 52.924 ], [ -1.157, 52.938 ], [ -1.14, 52.932 ], [ -1.132, 52.943 ], [ -1.109, 52.944 ], [ -1.099, 52.942 ], [ -1.075, 52.956 ], [ -1.064, 52.95 ], [ -1.041, 52.951 ], [ -1.033, 52.959 ], [ -1.038, 52.983 ], [ -1.026, 52.986 ], [ -1.015, 52.98 ], [ -1.007, 52.986 ], [ -0.976, 52.986 ], [ -0.956, 53.008 ], [ -0.936, 53.015 ], [ -0.915, 53.035 ], [ -0.903, 53.038 ] ], [ [ -0.901, 53.04 ], [ -0.905, 53.048 ], [ -0.895, 53.055 ], [ -0.883, 53.05 ] ], [ [ -0.88, 53.046 ], [ -0.862, 53.051 ], [ -0.864, 53.059 ], [ -0.854, 53.063 ] ], [ [ -0.86, 53.068 ], [ -0.851, 53.073 ] ], [ [ -0.85, 53.074 ], [ -0.836, 53.067 ], [ -0.822, 53.072 ], [ -0.805, 53.084 ], [ -0.802, 53.099 ] ], [ [ -0.792, 53.141 ], [ -0.801, 53.158 ], [ -0.799, 53.17 ] ], [ [ -0.793, 53.107 ], [ -0.805, 53.111 ], [ -0.808, 53.12 ], [ -0.803, 53.133 ], [ -0.795, 53.138 ] ], [ [ -0.784, 53.17 ], [ -0.793, 53.187 ], [ -0.781, 53.191 ], [ -0.775, 53.207 ], [ -0.776, 53.215 ], [ -0.784, 53.224 ], [ -0.777, 53.239 ], [ -0.778, 53.252 ], [ -0.764, 53.272 ], [ -0.778, 53.282 ], [ -0.766, 53.292 ], [ -0.752, 53.293 ], [ -0.747, 53.304 ], [ -0.754, 53.32 ], [ -0.767, 53.33 ], [ -0.757, 53.339 ], [ -0.765, 53.346 ], [ -0.758, 53.353 ], [ -0.775, 53.365 ], [ -0.791, 53.363 ], [ -0.787, 53.374 ], [ -0.775, 53.378 ], [ -0.784, 53.384 ], [ -0.777, 53.397 ], [ -0.787, 53.403 ], [ -0.794, 53.414 ], [ -0.817, 53.425 ], [ -0.821, 53.441 ], [ -0.811, 53.443 ], [ -0.8, 53.454 ], [ -0.785, 53.462 ], [ -0.783, 53.478 ], [ -0.771, 53.479 ], [ -0.776, 53.489 ], [ -0.768, 53.499 ], [ -0.753, 53.5 ], [ -0.742, 53.513 ], [ -0.738, 53.527 ], [ -0.743, 53.537 ], [ -0.738, 53.548 ], [ -0.746, 53.556 ], [ -0.748, 53.567 ], [ -0.744, 53.574 ], [ -0.731, 53.582 ], [ -0.739, 53.593 ], [ -0.729, 53.608 ], [ -0.707, 53.607 ], [ -0.699, 53.615 ], [ -0.713, 53.627 ], [ -0.711, 53.646 ], [ -0.697, 53.653 ], [ -0.687, 53.675 ], [ -0.698, 53.693 ] ] ] } },
{ "type": "Feature", "properties": { "name1": "Stone Bridge Drain", "name2": " ", "Strahler Stream Order": 4, "long_name": "Lincolnshire and Northamptonshire", "short_name": "Lincs and Northants" }, "geometry": { "type": "LineString", "coordinates": [ [ 0.005, 53.063 ], [ 0.001, 53.037 ], [ -0.022, 53.005 ] ] } },
{ "type": "Feature", "properties": { "name1": "Cowbridge Drain", "name2": " ", "Strahler Stream Order": 4, "long_name": "Lincolnshire and Northamptonshire", "short_name": "Lincs and Northants" }, "geometry": { "type": "LineString", "coordinates": [ [ -0.022, 53.005 ], [ 0.031, 52.992 ] ] } },
{ "type": "Feature", "properties": { "name1": "Trent Falls", "name2": "River Ouse", "Strahler Stream Order": 7, "long_name": "Lincolnshire and Northamptonshire", "short_name": "Lincs and Northants" }, "geometry": { "type": "LineString", "coordinates": [ [ -0.71, 53.704 ], [ -0.686, 53.702 ] ] } },
{ "type": "Feature", "properties": { "name1": "Hobhole Drain", "name2": " ", "Strahler Stream Order": 4, "long_name": "Lincolnshire and Northamptonshire", "short_name": "Lincs and Northants" }, "geometry": { "type": "LineString", "coordinates": [ [ 0.031, 52.992 ], [ 0.037, 52.971 ], [ 0.03, 52.941 ], [ 0.032, 52.938 ] ] } },
{ "type": "Feature", "properties": { "name1": "River Nene", "name2": " ", "Strahler Stream Order": 4, "long_name": "Lincolnshire and Northamptonshire", "short_name": "Lincs and Northants" }, "geometry": { "type": "MultiLineString", "coordinates": [ [ [ -1.023, 52.224 ], [ -0.985, 52.229 ], [ -0.982, 52.233 ], [ -0.936, 52.224 ], [ -0.931, 52.232 ], [ -0.914, 52.23 ], [ -0.882, 52.232 ], [ -0.869, 52.227 ], [ -0.863, 52.232 ], [ -0.811, 52.242 ], [ -0.791, 52.242 ], [ -0.754, 52.25 ], [ -0.739, 52.25 ], [ -0.732, 52.258 ], [ -0.723, 52.258 ], [ -0.715, 52.267 ], [ -0.698, 52.27 ], [ -0.685, 52.279 ], [ -0.68, 52.292 ], [ -0.658, 52.293 ], [ -0.636, 52.306 ], [ -0.61, 52.307 ], [ -0.597, 52.327 ], [ -0.58, 52.33 ], [ -0.575, 52.348 ], [ -0.581, 52.36 ], [ -0.564, 52.369 ], [ -0.578, 52.377 ], [ -0.559, 52.382 ], [ -0.542, 52.38 ], [ -0.539, 52.387 ], [ -0.546, 52.398 ], [ -0.539, 52.407 ], [ -0.522, 52.408 ], [ -0.514, 52.416 ], [ -0.5, 52.421 ], [ -0.506, 52.429 ], [ -0.519, 52.429 ], [ -0.516, 52.438 ], [ -0.506, 52.436 ], [ -0.49, 52.444 ], [ -0.485, 52.452 ], [ -0.47, 52.464 ], [ -0.481, 52.472 ], [ -0.472, 52.478 ], [ -0.45, 52.467 ], [ -0.445, 52.47 ], [ -0.468, 52.493 ], [ -0.466, 52.499 ], [ -0.45, 52.505 ], [ -0.463, 52.519 ], [ -0.457, 52.523 ], [ -0.438, 52.524 ], [ -0.428, 52.514 ], [ -0.412, 52.518 ], [ -0.414, 52.528 ], [ -0.401, 52.539 ], [ -0.403, 52.549 ], [ -0.422, 52.553 ], [ -0.413, 52.568 ], [ -0.416, 52.578 ], [ -0.408, 52.583 ], [ -0.394, 52.582 ], [ -0.386, 52.567 ], [ -0.37, 52.563 ], [ -0.349, 52.565 ], [ -0.337, 52.553 ], [ -0.322, 52.557 ], [ -0.323, 52.565 ], [ -0.316, 52.572 ], [ -0.3, 52.569 ], [ -0.295, 52.561 ], [ -0.279, 52.561 ], [ -0.266, 52.568 ], [ -0.248, 52.569 ], [ -0.231, 52.565 ], [ -0.204, 52.566 ], [ -0.177, 52.57 ], [ -0.167, 52.569 ], [ 0.06, 52.606 ], [ 0.065, 52.611 ], [ 0.095, 52.628 ], [ 0.13, 52.642 ], [ 0.158, 52.665 ], [ 0.152, 52.676 ], [ 0.156, 52.708 ] ], [ [ 0.217, 52.828 ], [ 0.211, 52.84 ], [ 0.214, 52.849 ], [ 0.226, 52.852 ] ] ] } },
{ "type": "Feature", "properties": { "name1": "River Idle", "name2": "Bycarrs Dyke", "Strahler Stream Order": 4, "long_name": "Lincolnshire and Northamptonshire", "short_name": "Lincs and Northants" }, "geometry": { "type": "LineString", "coordinates": [ [ -0.916, 53.46 ], [ -0.874, 53.462 ], [ -0.845, 53.456 ], [ -0.827, 53.446 ], [ -0.812, 53.443 ] ] } },
{ "type": "Feature", "properties": { "name1": "Trent Falls", "name2": "River Trent", "Strahler Stream Order": 6, "long_name": "Lincolnshire and Northamptonshire", "short_name": "Lincs and Northants" }, "geometry": { "type": "LineString", "coordinates": [ [ -0.698, 53.693 ], [ -0.694, 53.698 ] ] } },
{ "type": "Feature", "properties": { "name1": "River Nene", "name2": "Nene Outfall Cut", "Strahler Stream Order": 5, "long_name": "Lincolnshire and Northamptonshire", "short_name": "Lincs and Northants" }, "geometry": { "type": "LineString", "coordinates": [ [ 0.175, 52.742 ], [ 0.196, 52.767 ], [ 0.207, 52.788 ], [ 0.214, 52.813 ] ] } },
{ "type": "Feature", "properties": { "name1": "River Cherwell", "name2": " ", "Strahler Stream Order": 5, "long_name": "Lincolnshire and Northamptonshire", "short_name": "Lincs and Northants" }, "geometry": { "type": "LineString", "coordinates": [ [ -1.283, 52.0 ], [ -1.287, 51.99 ], [ -1.28, 51.971 ], [ -1.282, 51.958 ], [ -1.294, 51.955 ], [ -1.29, 51.946 ], [ -1.297, 51.936 ], [ -1.283, 51.929 ], [ -1.289, 51.921 ], [ -1.303, 51.922 ], [ -1.299, 51.911 ], [ -1.304, 51.904 ], [ -1.291, 51.893 ], [ -1.286, 51.875 ], [ -1.302, 51.868 ], [ -1.294, 51.864 ], [ -1.302, 51.841 ], [ -1.277, 51.834 ], [ -1.266, 51.828 ], [ -1.271, 51.821 ], [ -1.239, 51.815 ], [ -1.246, 51.807 ], [ -1.244, 51.789 ], [ -1.259, 51.783 ], [ -1.248, 51.777 ], [ -1.254, 51.77 ], [ -1.245, 51.756 ], [ -1.248, 51.742 ] ] } },
{ "type": "Feature", "properties": { "name1": "Dallington Brook", "name2": " ", "Strahler Stream Order": 4, "long_name": "Lincolnshire and Northamptonshire", "short_name": "Lincs and Northants" }, "geometry": { "type": "LineString", "coordinates": [ [ -0.908, 52.241 ], [ -0.9, 52.231 ] ] } },
{ "type": "Feature", "properties": { "name1": "Billinghay Skirth", "name2": " ", "Strahler Stream Order": 4, "long_name": "Lincolnshire and Northamptonshire", "short_name": "Lincs and Northants" }, "geometry": { "type": "LineString", "coordinates": [ [ -0.272, 53.08 ], [ -0.25, 53.083 ], [ -0.241, 53.088 ], [ -0.216, 53.093 ] ] } },
{ "type": "Feature", "properties": { "name1": "Buck Beck", "name2": " ", "Strahler Stream Order": 4, "long_name": "Lincolnshire and Northamptonshire", "short_name": "Lincs and Northants" }, "geometry": { "type": "LineString", "coordinates": [ [ 0.013, 53.543 ], [ 0.012, 53.546 ] ] } },
{ "type": "Feature", "properties": { "name1": "The Haven", "name2": " ", "Strahler Stream Order": 5, "long_name": "Lincolnshire and Northamptonshire", "short_name": "Lincs and Northants" }, "geometry": { "type": "LineString", "coordinates": [ [ -0.03, 52.981 ], [ -0.022, 52.972 ], [ -0.025, 52.967 ], [ -0.01, 52.967 ], [ 0.025, 52.939 ], [ 0.032, 52.938 ], [ 0.046, 52.932 ], [ 0.063, 52.93 ], [ 0.081, 52.934 ] ] } },
{ "type": "Feature", "properties": { "name1": "Wainfleet Haven", "name2": " ", "Strahler Stream Order": 4, "long_name": "Lincolnshire and Northamptonshire", "short_name": "Lincs and Northants" }, "geometry": { "type": "LineString", "coordinates": [ [ 0.319, 53.1 ], [ 0.316, 53.094 ], [ 0.329, 53.087 ], [ 0.323, 53.077 ], [ 0.333, 53.075 ] ] } },
{ "type": "Feature", "properties": { "name1": "River Great Ouse", "name2": " ", "Strahler Stream Order": 5, "long_name": "Lincolnshire and Northamptonshire", "short_name": "Lincs and Northants" }, "geometry": { "type": "MultiLineString", "coordinates": [ [ [ -0.943, 52.004 ], [ -0.938, 52.01 ], [ -0.911, 52.018 ], [ -0.891, 52.03 ], [ -0.879, 52.029 ], [ -0.872, 52.035 ], [ -0.87, 52.045 ], [ -0.856, 52.047 ], [ -0.861, 52.055 ], [ -0.859, 52.064 ], [ -0.839, 52.064 ], [ -0.823, 52.075 ], [ -0.803, 52.073 ], [ -0.796, 52.067 ], [ -0.756, 52.085 ], [ -0.761, 52.095 ], [ -0.733, 52.101 ], [ -0.718, 52.088 ], [ -0.708, 52.097 ], [ -0.729, 52.111 ], [ -0.753, 52.11 ], [ -0.762, 52.121 ], [ -0.75, 52.13 ], [ -0.732, 52.132 ], [ -0.725, 52.143 ], [ -0.706, 52.149 ], [ -0.692, 52.147 ], [ -0.693, 52.162 ], [ -0.684, 52.164 ], [ -0.666, 52.16 ], [ -0.659, 52.163 ], [ -0.645, 52.154 ], [ -0.631, 52.155 ], [ -0.635, 52.168 ], [ -0.622, 52.185 ], [ -0.619, 52.196 ], [ -0.61, 52.2 ], [ -0.597, 52.198 ], [ -0.585, 52.211 ], [ -0.552, 52.21 ], [ -0.537, 52.221 ], [ -0.52, 52.22 ], [ -0.512, 52.209 ], [ -0.517, 52.202 ], [ -0.538, 52.201 ], [ -0.539, 52.194 ], [ -0.527, 52.19 ], [ -0.514, 52.191 ], [ -0.511, 52.183 ], [ -0.526, 52.179 ], [ -0.537, 52.184 ], [ -0.55, 52.183 ], [ -0.56, 52.178 ], [ -0.539, 52.167 ], [ -0.514, 52.161 ], [ -0.494, 52.16 ], [ -0.486, 52.156 ], [ -0.491, 52.148 ], [ -0.515, 52.15 ], [ -0.526, 52.139 ], [ -0.518, 52.127 ], [ -0.517, 52.119 ], [ -0.501, 52.12 ], [ -0.501, 52.131 ], [ -0.483, 52.128 ], [ -0.471, 52.134 ], [ -0.445, 52.133 ], [ -0.436, 52.125 ], [ -0.422, 52.131 ], [ -0.418, 52.143 ], [ -0.385, 52.146 ], [ -0.378, 52.14 ], [ -0.347, 52.146 ], [ -0.335, 52.156 ], [ -0.33, 52.166 ], [ -0.303, 52.168 ], [ -0.3, 52.18 ], [ -0.289, 52.19 ], [ -0.292, 52.197 ], [ -0.273, 52.205 ], [ -0.281, 52.212 ], [ -0.281, 52.219 ], [ -0.272, 52.223 ], [ -0.275, 52.234 ], [ -0.271, 52.239 ], [ -0.252, 52.245 ] ], [ [ -0.271, 52.239 ], [ -0.252, 52.245 ] ], [ [ -0.252, 52.245 ], [ -0.237, 52.253 ], [ -0.238, 52.262 ], [ -0.228, 52.27 ], [ -0.217, 52.289 ], [ -0.219, 52.297 ], [ -0.207, 52.32 ] ], [ [ -0.204, 52.321 ], [ -0.184, 52.316 ], [ -0.18, 52.326 ], [ -0.157, 52.337 ], [ -0.146, 52.335 ] ], [ [ -0.135, 52.332 ], [ -0.121, 52.331 ], [ -0.116, 52.322 ], [ -0.106, 52.32 ], [ -0.097, 52.327 ], [ -0.082, 52.327 ], [ -0.074, 52.322 ], [ -0.07, 52.312 ], [ -0.055, 52.316 ], [ -0.016, 52.312 ], [ 0.009, 52.335 ], [ 0.01, 52.342 ], [ 0.032, 52.353 ], [ 0.044, 52.353 ] ], [ [ 0.253, 52.348 ], [ 0.269, 52.389 ], [ 0.268, 52.394 ], [ 0.293, 52.4 ] ], [ [ 0.319, 52.462 ], [ 0.346, 52.486 ], [ 0.364, 52.498 ], [ 0.373, 52.507 ], [ 0.374, 52.517 ], [ 0.358, 52.531 ], [ 0.363, 52.549 ], [ 0.344, 52.566 ] ], [ [ 0.343, 52.567 ], [ 0.341, 52.591 ], [ 0.354, 52.598 ], [ 0.365, 52.611 ], [ 0.368, 52.643 ], [ 0.36, 52.666 ], [ 0.373, 52.687 ], [ 0.372, 52.693 ], [ 0.36, 52.701 ] ], [ [ 0.39, 52.743 ], [ 0.394, 52.748 ], [ 0.391, 52.754 ] ] ] } },
{ "type": "Feature", "properties": { "name1": "Old River Witham", "name2": " ", "Strahler Stream Order": 4, "long_name": "Lincolnshire and Northamptonshire", "short_name": "Lincs and Northants" }, "geometry": { "type": "LineString", "coordinates": [ [ -0.35, 53.226 ], [ -0.347, 53.216 ] ] } },
{ "type": "Feature", "properties": { "name1": "Steeping River", "name2": " ", "Strahler Stream Order": 4, "long_name": "Lincolnshire and Northamptonshire", "short_name": "Lincs and Northants" }, "geometry": { "type": "LineString", "coordinates": [ [ 0.128, 53.161 ], [ 0.149, 53.145 ], [ 0.157, 53.145 ], [ 0.177, 53.136 ], [ 0.212, 53.109 ], [ 0.236, 53.103 ], [ 0.272, 53.11 ], [ 0.282, 53.115 ], [ 0.307, 53.11 ], [ 0.319, 53.1 ] ] } },
{ "type": "Feature", "properties": { "name1": "River Nene", "name2": "Paupers' Cut", "Strahler Stream Order": 5, "long_name": "Lincolnshire and Northamptonshire", "short_name": "Lincs and Northants" }, "geometry": { "type": "LineString", "coordinates": [ [ 0.156, 52.708 ], [ 0.168, 52.725 ], [ 0.175, 52.742 ] ] } },
{ "type": "Feature", "properties": { "name1": "River Humber", "name2": " ", "Strahler Stream Order": 7, "long_name": "Lincolnshire and Northamptonshire", "short_name": "Lincs and Northants" }, "geometry": { "type": "MultiLineString", "coordinates": [ [ [ -0.686, 53.702 ], [ -0.632, 53.714 ], [ -0.613, 53.721 ] ], [ [ -0.675, 53.719 ], [ -0.63, 53.727 ], [ -0.613, 53.721 ] ], [ [ -0.613, 53.721 ], [ -0.595, 53.719 ] ], [ [ -0.588, 53.716 ], [ -0.58, 53.704 ], [ -0.528, 53.684 ], [ -0.514, 53.681 ], [ -0.501, 53.684 ], [ -0.493, 53.694 ], [ -0.477, 53.705 ], [ -0.441, 53.709 ] ] ] } },
{ "type": "Feature", "properties": { "name1": "River Lymn", "name2": " ", "Strahler Stream Order": 4, "long_name": "Lincolnshire and Northamptonshire", "short_name": "Lincs and Northants" }, "geometry": { "type": "LineString", "coordinates": [ [ 0.117, 53.18 ], [ 0.131, 53.173 ], [ 0.128, 53.161 ] ] } },
{ "type": "Feature", "properties": { "name1": "Welland Outfall", "name2": " ", "Strahler Stream Order": 5, "long_name": "Lincolnshire and Northamptonshire", "short_name": "Lincs and Northants" }, "geometry": { "type": "LineString", "coordinates": [ [ 0.037, 52.903 ], [ 0.083, 52.933 ] ] } },
{ "type": "Feature", "properties": { "name1": "River Nene", "name2": "Old Lynn Channel", "Strahler Stream Order": 5, "long_name": "Lincolnshire and Northamptonshire", "short_name": "Lincs and Northants" }, "geometry": { "type": "LineString", "coordinates": [ [ 0.217, 52.827 ], [ 0.217, 52.828 ] ] } },
{ "type": "Feature", "properties": { "name1": "Helpringham Eau", "name2": " ", "Strahler Stream Order": 4, "long_name": "Lincolnshire and Northamptonshire", "short_name": "Lincs and Northants" }, "geometry": { "type": "LineString", "coordinates": [ [ -0.298, 52.957 ], [ -0.263, 52.94 ], [ -0.246, 52.929 ] ] } },
{ "type": "Feature", "properties": { "name1": "Fossdyke Navigation", "name2": " ", "Strahler Stream Order": 4, "long_name": "Lincolnshire and Northamptonshire", "short_name": "Lincs and Northants" }, "geometry": { "type": "LineString", "coordinates": [ [ -0.626, 53.263 ], [ -0.621, 53.259 ], [ -0.571, 53.236 ], [ -0.549, 53.23 ] ] } },
{ "type": "Feature", "properties": { "name1": "West Fen Catchwater Drain", "name2": " ", "Strahler Stream Order": 4, "long_name": "Lincolnshire and Northamptonshire", "short_name": "Lincs and Northants" }, "geometry": { "type": "LineString", "coordinates": [ [ -0.051, 53.124 ], [ -0.009, 53.128 ], [ 0.001, 53.119 ], [ -0.007, 53.097 ], [ -0.005, 53.084 ], [ 0.004, 53.076 ], [ 0.005, 53.063 ] ] } },
{ "type": "Feature", "properties": { "name1": "Great Eau", "name2": " ", "Strahler Stream Order": 4, "long_name": "Lincolnshire and Northamptonshire", "short_name": "Lincs and Northants" }, "geometry": { "type": "LineString", "coordinates": [ [ 0.196, 53.382 ], [ 0.209, 53.395 ], [ 0.193, 53.414 ], [ 0.196, 53.418 ] ] } },
{ "type": "Feature", "properties": { "name1": "Catchwater Drain", "name2": " ", "Strahler Stream Order": 4, "long_name": "Lincolnshire and Northamptonshire", "short_name": "Lincs and Northants" }, "geometry": { "type": "LineString", "coordinates": [ [ -0.075, 53.127 ], [ -0.051, 53.124 ] ] } },
{ "type": "Feature", "properties": { "name1": "River Glen", "name2": " ", "Strahler Stream Order": 4, "long_name": "Lincolnshire and Northamptonshire", "short_name": "Lincs and Northants" }, "geometry": { "type": "LineString", "coordinates": [ [ -0.38, 52.706 ], [ -0.355, 52.728 ], [ -0.328, 52.739 ], [ -0.304, 52.746 ], [ -0.261, 52.771 ], [ -0.262, 52.788 ], [ -0.243, 52.793 ], [ -0.209, 52.811 ], [ -0.196, 52.815 ], [ -0.18, 52.815 ], [ -0.164, 52.819 ], [ -0.157, 52.833 ], [ -0.128, 52.842 ], [ -0.117, 52.84 ], [ -0.097, 52.848 ] ] } },
{ "type": "Feature", "properties": { "name1": "North Beck", "name2": " ", "Strahler Stream Order": 4, "long_name": "Lincolnshire and Northamptonshire", "short_name": "Lincs and Northants" }, "geometry": { "type": "LineString", "coordinates": [ [ -0.348, 52.956 ], [ -0.334, 52.962 ], [ -0.313, 52.962 ], [ -0.298, 52.957 ] ] } },
{ "type": "Feature", "properties": { "name1": "River Till", "name2": " ", "Strahler Stream Order": 4, "long_name": "Lincolnshire and Northamptonshire", "short_name": "Lincs and Northants" }, "geometry": { "type": "LineString", "coordinates": [ [ -0.652, 53.335 ], [ -0.638, 53.323 ], [ -0.644, 53.318 ], [ -0.638, 53.31 ], [ -0.645, 53.301 ], [ -0.64, 53.294 ], [ -0.647, 53.282 ], [ -0.639, 53.279 ], [ -0.626, 53.263 ] ] } },
{ "type": "Feature", "properties": { "name1": "Tycho Wing's Channel", "name2": "River Nene", "Strahler Stream Order": 5, "long_name": "Lincolnshire and Northamptonshire", "short_name": "Lincs and Northants" }, "geometry": { "type": "LineString", "coordinates": [ [ 0.214, 52.813 ], [ 0.217, 52.827 ] ] } },
{ "type": "Feature", "properties": { "name1": "River Witham", "name2": " ", "Strahler Stream Order": 5, "long_name": "Lincolnshire and Northamptonshire", "short_name": "Lincs and Northants" }, "geometry": { "type": "MultiLineString", "coordinates": [ [ [ -0.577, 53.163 ], [ -0.564, 53.194 ], [ -0.55, 53.212 ], [ -0.544, 53.227 ] ], [ [ -0.543, 53.228 ], [ -0.517, 53.228 ], [ -0.489, 53.225 ], [ -0.446, 53.23 ], [ -0.38, 53.232 ], [ -0.373, 53.227 ], [ -0.347, 53.216 ] ], [ [ -0.347, 53.215 ], [ -0.337, 53.209 ], [ -0.325, 53.19 ], [ -0.318, 53.184 ], [ -0.285, 53.178 ], [ -0.269, 53.169 ], [ -0.264, 53.161 ], [ -0.253, 53.156 ], [ -0.239, 53.134 ], [ -0.227, 53.126 ], [ -0.225, 53.109 ], [ -0.214, 53.089 ], [ -0.2, 53.086 ], [ -0.196, 53.069 ], [ -0.19, 53.063 ], [ -0.164, 53.05 ], [ -0.137, 53.029 ], [ -0.117, 53.011 ], [ -0.063, 53.008 ], [ -0.047, 52.993 ], [ -0.03, 52.981 ] ] ] } },
{ "type": "Feature", "properties": { "name1": "Saltfleet Haven", "name2": " ", "Strahler Stream Order": 4, "long_name": "Lincolnshire and Northamptonshire", "short_name": "Lincs and Northants" }, "geometry": { "type": "LineString", "coordinates": [ [ 0.196, 53.418 ], [ 0.213, 53.417 ], [ 0.228, 53.408 ], [ 0.235, 53.409 ] ] } },
{ "type": "Feature", "properties": { "name1": " ", "name2": " ", "Strahler Stream Order": 4, "long_name": "Lincolnshire and Northamptonshire", "short_name": "Lincs and Northants" }, "geometry": { "type": "MultiLineString", "coordinates": [ [ [ -0.549, 53.23 ], [ -0.544, 53.228 ] ], [ [ -0.544, 53.227 ], [ -0.544, 53.228 ] ], [ [ -0.544, 53.228 ], [ -0.543, 53.228 ] ], [ [ -0.347, 53.216 ], [ -0.347, 53.215 ] ] ] } },
{ "type": "Feature", "properties": { "name1": " ", "name2": " ", "Strahler Stream Order": 4, "long_name": "Lincolnshire and Northamptonshire", "short_name": "Lincs and Northants" }, "geometry": { "type": "LineString", "coordinates": [ [ -0.923, 52.302 ], [ -0.927, 52.292 ], [ -0.925, 52.272 ], [ -0.909, 52.259 ], [ -0.904, 52.25 ], [ -0.908, 52.241 ] ] } },
{ "type": "Feature", "properties": { "name1": " ", "name2": " ", "Strahler Stream Order": 5, "long_name": "Lincolnshire and Northamptonshire", "short_name": "Lincs and Northants" }, "geometry": { "type": "MultiLineString", "coordinates": [ [ [ -2.124, 54.282 ], [ -2.123, 54.284 ] ], [ [ -1.816, 53.932 ], [ -1.815, 53.932 ] ], [ [ -1.809, 54.128 ], [ -1.803, 54.119 ], [ -1.786, 54.11 ] ], [ [ -1.746, 53.429 ], [ -1.748, 53.418 ], [ -1.743, 53.405 ] ], [ [ -1.744, 53.433 ], [ -1.746, 53.429 ] ], [ [ -1.742, 53.402 ], [ -1.724, 53.393 ], [ -1.712, 53.38 ], [ -1.71, 53.373 ], [ -1.703, 53.366 ] ], [ [ -1.664, 54.037 ], [ -1.663, 54.037 ] ], [ [ -1.639, 53.906 ], [ -1.637, 53.905 ] ], [ [ -1.445, 53.717 ], [ -1.441, 53.719 ] ], [ [ -1.433, 53.718 ], [ -1.431, 53.718 ] ], [ [ -1.203, 54.013 ], [ -1.2, 54.012 ] ], [ [ -1.189, 53.724 ], [ -1.184, 53.727 ] ], [ [ -1.103, 53.901 ], [ -1.103, 53.897 ] ], [ [ -1.087, 53.927 ], [ -1.091, 53.923 ] ], [ [ -1.075, 53.932 ], [ -1.077, 53.929 ] ], [ [ -1.029, 53.771 ], [ -1.03, 53.77 ] ], [ [ -1.022, 53.774 ], [ -1.024, 53.771 ] ], [ [ -1.0, 53.768 ], [ -0.996, 53.765 ] ], [ [ -0.991, 53.661 ], [ -0.99, 53.661 ] ], [ [ -0.979, 53.752 ], [ -0.968, 53.749 ] ], [ [ -0.912, 53.729 ], [ -0.905, 53.728 ] ], [ [ -0.874, 53.723 ], [ -0.865, 53.723 ] ], [ [ -0.865, 53.697 ], [ -0.864, 53.695 ] ], [ [ -0.863, 53.723 ], [ -0.859, 53.724 ] ], [ [ -0.785, 53.169 ], [ -0.784, 53.17 ] ], [ [ -0.741, 54.171 ], [ -0.74, 54.171 ] ], [ [ -0.741, 54.171 ], [ -0.74, 54.171 ] ], [ [ -0.74, 54.171 ], [ -0.739, 54.171 ] ], [ [ -0.738, 53.706 ], [ -0.733, 53.707 ] ], [ [ -0.694, 53.698 ], [ -0.686, 53.702 ] ], [ [ -0.595, 53.719 ], [ -0.591, 53.718 ] ] ] } },
{ "type": "Feature", "properties": { "name1": " ", "name2": " ", "Strahler Stream Order": 4, "long_name": "Lincolnshire and Northamptonshire", "short_name": "Lincs and Northants" }, "geometry": { "type": "LineString", "coordinates": [ [ 0.041, 53.508 ], [ 0.032, 53.526 ], [ 0.013, 53.531 ], [ 0.013, 53.543 ] ] } },
{ "type": "Feature", "properties": { "name1": "Louth Canal", "name2": " ", "Strahler Stream Order": 4, "long_name": "Lincolnshire and Northamptonshire", "short_name": "Lincs and Northants" }, "geometry": { "type": "LineString", "coordinates": [ [ 0.058, 53.431 ], [ 0.043, 53.445 ], [ 0.033, 53.458 ], [ 0.024, 53.462 ], [ 0.019, 53.473 ], [ 0.007, 53.481 ], [ 0.009, 53.493 ], [ 0.041, 53.508 ] ] } },
{ "type": "Feature", "properties": { "name1": "River Ouse", "name2": "Hemingbrough Hope", "Strahler Stream Order": 6, "long_name": "Yorkshire", "short_name": "Yorkshire" }, "geometry": { "type": "LineString", "coordinates": [ [ -0.992, 53.765 ], [ -0.988, 53.762 ] ] } },
{ "type": "Feature", "properties": { "name1": "River Skirfare", "name2": " ", "Strahler Stream Order": 4, "long_name": "Yorkshire", "short_name": "Yorkshire" }, "geometry": { "type": "LineString", "coordinates": [ [ -2.164, 54.167 ], [ -2.148, 54.162 ], [ -2.136, 54.153 ], [ -2.103, 54.144 ], [ -2.077, 54.134 ], [ -2.045, 54.118 ] ] } },
{ "type": "Feature", "properties": { "name1": "River Aire", "name2": "Castleford Cut", "Strahler Stream Order": 6, "long_name": "Yorkshire", "short_name": "Yorkshire" }, "geometry": { "type": "LineString", "coordinates": [ [ -1.359, 53.732 ], [ -1.359, 53.731 ] ] } },
{ "type": "Feature", "properties": { "name1": "Rusholme Reach", "name2": "River Ouse", "Strahler Stream Order": 6, "long_name": "Yorkshire", "short_name": "Yorkshire" }, "geometry": { "type": "LineString", "coordinates": [ [ -0.962, 53.738 ], [ -0.94, 53.732 ], [ -0.917, 53.733 ] ] } },
{ "type": "Feature", "properties": { "name1": "Broughton Beck", "name2": " ", "Strahler Stream Order": 4, "long_name": "Yorkshire", "short_name": "Yorkshire" }, "geometry": { "type": "LineString", "coordinates": [ [ -2.112, 53.945 ], [ -2.104, 53.951 ], [ -2.078, 53.958 ], [ -2.06, 53.959 ] ] } },
{ "type": "Feature", "properties": { "name1": "Selby Long Reach", "name2": "River Ouse", "Strahler Stream Order": 6, "long_name": "Yorkshire", "short_name": "Yorkshire" }, "geometry": { "type": "LineString", "coordinates": [ [ -1.048, 53.804 ], [ -1.048, 53.789 ], [ -1.067, 53.787 ] ] } },
{ "type": "Feature", "properties": { "name1": "Turnhead Reach", "name2": "River Ouse", "Strahler Stream Order": 6, "long_name": "Yorkshire", "short_name": "Yorkshire" }, "geometry": { "type": "LineString", "coordinates": [ [ -1.058, 53.813 ], [ -1.05, 53.811 ] ] } },
{ "type": "Feature", "properties": { "name1": "River Aire", "name2": " ", "Strahler Stream Order": 6, "long_name": "Yorkshire", "short_name": "Yorkshire" }, "geometry": { "type": "MultiLineString", "coordinates": [ [ [ -2.151, 54.054 ], [ -2.156, 54.051 ], [ -2.154, 54.035 ], [ -2.138, 54.015 ], [ -2.15, 53.998 ], [ -2.143, 53.996 ], [ -2.131, 53.981 ], [ -2.112, 53.983 ], [ -2.088, 53.982 ], [ -2.075, 53.969 ], [ -2.065, 53.965 ], [ -2.046, 53.951 ], [ -2.024, 53.947 ], [ -2.015, 53.937 ], [ -2.009, 53.914 ], [ -2.002, 53.909 ], [ -1.977, 53.908 ], [ -1.965, 53.903 ], [ -1.943, 53.903 ], [ -1.92, 53.886 ], [ -1.891, 53.876 ], [ -1.872, 53.872 ], [ -1.852, 53.856 ], [ -1.841, 53.85 ], [ -1.843, 53.844 ], [ -1.82, 53.835 ], [ -1.808, 53.842 ], [ -1.773, 53.837 ], [ -1.75, 53.844 ], [ -1.736, 53.854 ], [ -1.722, 53.856 ], [ -1.717, 53.846 ], [ -1.702, 53.836 ], [ -1.689, 53.842 ], [ -1.663, 53.828 ], [ -1.627, 53.827 ], [ -1.605, 53.819 ], [ -1.605, 53.813 ], [ -1.587, 53.803 ], [ -1.56, 53.796 ], [ -1.529, 53.792 ], [ -1.512, 53.777 ], [ -1.495, 53.774 ], [ -1.49, 53.766 ], [ -1.463, 53.766 ], [ -1.424, 53.752 ], [ -1.41, 53.741 ], [ -1.397, 53.746 ], [ -1.379, 53.747 ], [ -1.36, 53.736 ], [ -1.359, 53.732 ] ], [ [ -1.359, 53.731 ], [ -1.342, 53.736 ], [ -1.321, 53.735 ], [ -1.314, 53.741 ], [ -1.3, 53.742 ], [ -1.273, 53.726 ], [ -1.269, 53.715 ], [ -1.249, 53.712 ] ], [ [ -1.222, 53.713 ], [ -1.207, 53.723 ], [ -1.189, 53.724 ] ], [ [ -1.184, 53.727 ], [ -1.16, 53.725 ] ], [ [ -1.158, 53.727 ], [ -1.145, 53.732 ], [ -1.121, 53.728 ], [ -1.105, 53.719 ], [ -1.085, 53.715 ], [ -1.081, 53.708 ], [ -1.062, 53.707 ], [ -1.04, 53.694 ], [ -1.021, 53.698 ] ], [ [ -1.006, 53.695 ], [ -0.965, 53.7 ], [ -0.958, 53.715 ], [ -0.946, 53.712 ], [ -0.906, 53.725 ] ] ] } },
{ "type": "Feature", "properties": { "name1": "River Rother", "name2": " ", "Strahler Stream Order": 4, "long_name": "Yorkshire", "short_name": "Yorkshire" }, "geometry": { "type": "LineString", "coordinates": [ [ -1.419, 53.232 ], [ -1.421, 53.239 ], [ -1.418, 53.255 ], [ -1.411, 53.267 ], [ -1.402, 53.27 ], [ -1.378, 53.272 ], [ -1.37, 53.267 ], [ -1.357, 53.268 ], [ -1.354, 53.286 ], [ -1.338, 53.291 ], [ -1.341, 53.308 ], [ -1.328, 53.329 ], [ -1.318, 53.332 ], [ -1.325, 53.349 ], [ -1.336, 53.352 ], [ -1.353, 53.368 ], [ -1.35, 53.371 ], [ -1.364, 53.388 ], [ -1.349, 53.394 ], [ -1.343, 53.401 ], [ -1.359, 53.404 ], [ -1.364, 53.415 ], [ -1.362, 53.425 ] ] } },
{ "type": "Feature", "properties": { "name1": "River Ouse", "name2": "Blacktoft Channel", "Strahler Stream Order": 7, "long_name": "Yorkshire", "short_name": "Yorkshire" }, "geometry": { "type": "MultiLineString", "coordinates": [ [ [ -0.749, 53.704 ], [ -0.738, 53.706 ] ], [ [ -0.734, 53.707 ], [ -0.71, 53.704 ] ] ] } },
{ "type": "Feature", "properties": { "name1": "River Swale", "name2": "Clink Pool", "Strahler Stream Order": 5, "long_name": "Yorkshire", "short_name": "Yorkshire" }, "geometry": { "type": "LineString", "coordinates": [ [ -1.73, 54.404 ], [ -1.728, 54.404 ] ] } },
{ "type": "Feature", "properties": { "name1": "River Aire", "name2": "All Ash", "Strahler Stream Order": 6, "long_name": "Yorkshire", "short_name": "Yorkshire" }, "geometry": { "type": "LineString", "coordinates": [ [ -1.16, 53.725 ], [ -1.158, 53.727 ] ] } },
{ "type": "Feature", "properties": { "name1": "River Hull", "name2": "New Cut", "Strahler Stream Order": 4, "long_name": "Yorkshire", "short_name": "Yorkshire" }, "geometry": { "type": "LineString", "coordinates": [ [ -0.357, 53.945 ], [ -0.357, 53.934 ] ] } },
{ "type": "Feature", "properties": { "name1": "Costa Beck", "name2": " ", "Strahler Stream Order": 4, "long_name": "Yorkshire", "short_name": "Yorkshire" }, "geometry": { "type": "LineString", "coordinates": [ [ -0.796, 54.208 ], [ -0.777, 54.193 ], [ -0.787, 54.183 ], [ -0.78, 54.178 ], [ -0.762, 54.174 ] ] } },
{ "type": "Feature", "properties": { "name1": "River Calder", "name2": " ", "Strahler Stream Order": 6, "long_name": "Yorkshire", "short_name": "Yorkshire" }, "geometry": { "type": "MultiLineString", "coordinates": [ [ [ -2.096, 53.715 ], [ -2.087, 53.714 ], [ -2.059, 53.72 ], [ -2.05, 53.731 ], [ -2.026, 53.742 ], [ -2.015, 53.741 ], [ -1.998, 53.734 ], [ -1.978, 53.729 ], [ -1.959, 53.73 ], [ -1.946, 53.723 ], [ -1.942, 53.715 ], [ -1.93, 53.71 ], [ -1.912, 53.708 ], [ -1.89, 53.709 ], [ -1.877, 53.698 ], [ -1.852, 53.694 ], [ -1.849, 53.686 ], [ -1.834, 53.69 ], [ -1.828, 53.696 ], [ -1.805, 53.696 ], [ -1.793, 53.702 ], [ -1.778, 53.7 ], [ -1.741, 53.691 ], [ -1.731, 53.681 ], [ -1.724, 53.684 ], [ -1.701, 53.676 ], [ -1.691, 53.668 ], [ -1.665, 53.673 ], [ -1.65, 53.681 ], [ -1.636, 53.679 ], [ -1.637, 53.688 ], [ -1.626, 53.688 ], [ -1.613, 53.673 ], [ -1.577, 53.657 ], [ -1.56, 53.652 ], [ -1.533, 53.652 ], [ -1.515, 53.664 ], [ -1.5, 53.662 ], [ -1.492, 53.67 ], [ -1.471, 53.676 ], [ -1.468, 53.685 ], [ -1.449, 53.688 ], [ -1.449, 53.697 ], [ -1.471, 53.706 ], [ -1.464, 53.715 ], [ -1.445, 53.717 ] ], [ [ -1.441, 53.719 ], [ -1.433, 53.718 ] ], [ [ -1.431, 53.718 ], [ -1.411, 53.723 ], [ -1.395, 53.724 ], [ -1.359, 53.732 ] ] ] } },
{ "type": "Feature", "properties": { "name1": "River Wharfe", "name2": "Amerdale Dub", "Strahler Stream Order": 5, "long_name": "Yorkshire", "short_name": "Yorkshire" }, "geometry": { "type": "LineString", "coordinates": [ [ -2.036, 54.119 ], [ -2.032, 54.116 ] ] } },
{ "type": "Feature", "properties": { "name1": "River Swale", "name2": "Helperby Wath", "Strahler Stream Order": 5, "long_name": "Yorkshire", "short_name": "Yorkshire" }, "geometry": { "type": "LineString", "coordinates": [ [ -1.337, 54.124 ], [ -1.335, 54.12 ] ] } },
{ "type": "Feature", "properties": { "name1": "River Nidd", "name2": "Christy Far Point", "Strahler Stream Order": 4, "long_name": "Yorkshire", "short_name": "Yorkshire" }, "geometry": { "type": "LineString", "coordinates": [ [ -1.277, 53.981 ], [ -1.275, 53.981 ] ] } },
{ "type": "Feature", "properties": { "name1": "Market Weighton Canal", "name2": " ", "Strahler Stream Order": 4, "long_name": "Yorkshire", "short_name": "Yorkshire" }, "geometry": { "type": "LineString", "coordinates": [ [ -0.716, 53.782 ], [ -0.692, 53.747 ], [ -0.681, 53.722 ], [ -0.675, 53.719 ] ] } },
{ "type": "Feature", "properties": { "name1": "Walsden Water", "name2": " ", "Strahler Stream Order": 4, "long_name": "Yorkshire", "short_name": "Yorkshire" }, "geometry": { "type": "LineString", "coordinates": [ [ -2.108, 53.704 ], [ -2.096, 53.715 ] ] } },
{ "type": "Feature", "properties": { "name1": "River Ouse", "name2": " ", "Strahler Stream Order": 7, "long_name": "Yorkshire", "short_name": "Yorkshire" }, "geometry": { "type": "MultiLineString", "coordinates": [ [ [ -1.279, 54.038 ], [ -1.278, 54.036 ] ], [ [ -1.268, 54.036 ], [ -1.244, 54.033 ], [ -1.224, 54.035 ], [ -1.218, 54.026 ], [ -1.218, 54.014 ] ], [ [ -1.198, 54.012 ], [ -1.191, 54.009 ] ], [ [ -1.175, 54.002 ], [ -1.15, 53.989 ] ], [ [ -1.137, 53.991 ], [ -1.121, 53.976 ] ], [ [ -1.11, 53.873 ], [ -1.128, 53.864 ], [ -1.118, 53.856 ], [ -1.124, 53.845 ], [ -1.134, 53.843 ], [ -1.129, 53.834 ], [ -1.119, 53.837 ], [ -1.099, 53.837 ], [ -1.088, 53.832 ], [ -1.084, 53.822 ], [ -1.058, 53.813 ] ], [ [ -1.106, 53.969 ], [ -1.099, 53.964 ] ], [ [ -1.102, 53.902 ], [ -1.103, 53.901 ] ], [ [ -1.103, 53.897 ], [ -1.097, 53.892 ] ], [ [ -1.09, 53.905 ], [ -1.097, 53.902 ] ], [ [ -1.096, 53.887 ], [ -1.096, 53.885 ] ], [ [ -1.093, 53.961 ], [ -1.078, 53.95 ], [ -1.081, 53.946 ] ], [ [ -1.091, 53.923 ], [ -1.087, 53.917 ] ], [ [ -1.091, 53.911 ], [ -1.091, 53.907 ] ], [ [ -1.077, 53.929 ], [ -1.087, 53.927 ] ], [ [ -1.067, 53.787 ], [ -1.055, 53.782 ] ], [ [ -1.05, 53.811 ], [ -1.043, 53.81 ] ], [ [ -1.024, 53.771 ], [ -1.029, 53.771 ] ], [ [ -1.025, 53.777 ], [ -1.022, 53.774 ] ], [ [ -1.014, 53.763 ], [ -1.0, 53.768 ] ], [ [ -0.996, 53.765 ], [ -0.991, 53.765 ] ], [ [ -0.988, 53.762 ], [ -0.979, 53.752 ] ], [ [ -0.968, 53.749 ], [ -0.962, 53.738 ] ], [ [ -0.917, 53.733 ], [ -0.912, 53.729 ] ], [ [ -0.905, 53.728 ], [ -0.889, 53.728 ], [ -0.874, 53.723 ] ], [ [ -0.865, 53.723 ], [ -0.863, 53.723 ] ], [ [ -0.859, 53.724 ], [ -0.844, 53.725 ], [ -0.842, 53.712 ], [ -0.846, 53.708 ] ], [ [ -0.855, 53.686 ], [ -0.851, 53.686 ] ], [ [ -0.822, 53.703 ], [ -0.805, 53.706 ], [ -0.78, 53.696 ], [ -0.772, 53.696 ], [ -0.749, 53.704 ] ] ] } },
{ "type": "Feature", "properties": { "name1": "River Seven", "name2": " ", "Strahler Stream Order": 4, "long_name": "Yorkshire", "short_name": "Yorkshire" }, "geometry": { "type": "LineString", "coordinates": [ [ -0.85, 54.322 ], [ -0.856, 54.308 ], [ -0.856, 54.297 ], [ -0.852, 54.283 ], [ -0.861, 54.259 ], [ -0.874, 54.246 ], [ -0.873, 54.223 ], [ -0.861, 54.193 ], [ -0.864, 54.187 ] ] } },
{ "type": "Feature", "properties": { "name1": "Trent Falls", "name2": "River Ouse", "Strahler Stream Order": 7, "long_name": "Yorkshire", "short_name": "Yorkshire" }, "geometry": { "type": "LineString", "coordinates": [ [ -0.71, 53.704 ], [ -0.686, 53.702 ] ] } },
{ "type": "Feature", "properties": { "name1": "River Derwent", "name2": "Pasture Reach", "Strahler Stream Order": 5, "long_name": "Yorkshire", "short_name": "Yorkshire" }, "geometry": { "type": "LineString", "coordinates": [ [ -0.948, 53.862 ], [ -0.945, 53.858 ] ] } },
{ "type": "Feature", "properties": { "name1": "River Derwent", "name2": " ", "Strahler Stream Order": 4, "long_name": "Yorkshire", "short_name": "Yorkshire" }, "geometry": { "type": "MultiLineString", "coordinates": [ [ [ -1.743, 53.405 ], [ -1.742, 53.402 ] ], [ [ -1.703, 53.366 ], [ -1.703, 53.353 ], [ -1.695, 53.349 ], [ -1.692, 53.34 ], [ -1.669, 53.331 ], [ -1.66, 53.323 ], [ -1.645, 53.322 ], [ -1.639, 53.311 ], [ -1.641, 53.305 ], [ -1.634, 53.296 ], [ -1.641, 53.287 ], [ -1.633, 53.265 ], [ -1.626, 53.256 ], [ -1.612, 53.219 ], [ -1.613, 53.199 ], [ -1.618, 53.191 ], [ -1.612, 53.164 ], [ -1.598, 53.155 ], [ -1.585, 53.155 ], [ -1.581, 53.144 ], [ -1.557, 53.139 ], [ -1.563, 53.121 ], [ -1.555, 53.11 ], [ -1.507, 53.092 ], [ -1.507, 53.082 ], [ -1.484, 53.06 ], [ -1.48, 53.049 ], [ -1.488, 53.043 ], [ -1.48, 53.035 ], [ -1.492, 53.023 ], [ -1.482, 53.01 ], [ -1.484, 53.005 ], [ -1.479, 52.989 ], [ -1.48, 52.981 ], [ -1.473, 52.976 ], [ -1.466, 52.954 ], [ -1.478, 52.937 ], [ -1.475, 52.925 ], [ -1.461, 52.919 ], [ -1.443, 52.918 ], [ -1.434, 52.905 ], [ -1.425, 52.903 ], [ -1.409, 52.906 ], [ -1.399, 52.902 ], [ -1.385, 52.902 ], [ -1.356, 52.893 ] ], [ [ -1.362, 52.891 ], [ -1.346, 52.888 ], [ -1.342, 52.879 ], [ -1.323, 52.877 ] ], [ [ -0.933, 53.79 ], [ -0.937, 53.78 ], [ -0.929, 53.774 ], [ -0.928, 53.765 ], [ -0.94, 53.758 ], [ -0.969, 53.749 ] ], [ [ -0.945, 53.858 ], [ -0.946, 53.851 ] ], [ [ -0.914, 53.992 ], [ -0.923, 53.989 ], [ -0.934, 53.971 ], [ -0.921, 53.961 ], [ -0.928, 53.942 ], [ -0.923, 53.935 ], [ -0.929, 53.93 ], [ -0.932, 53.908 ], [ -0.941, 53.905 ], [ -0.945, 53.889 ], [ -0.934, 53.882 ], [ -0.941, 53.874 ] ], [ [ -0.927, 53.819 ], [ -0.92, 53.815 ], [ -0.935, 53.802 ], [ -0.93, 53.793 ] ], [ [ -0.899, 53.999 ], [ -0.913, 53.992 ] ], [ [ -0.817, 54.12 ], [ -0.825, 54.118 ], [ -0.832, 54.107 ], [ -0.832, 54.096 ], [ -0.848, 54.092 ], [ -0.862, 54.099 ], [ -0.87, 54.097 ], [ -0.882, 54.086 ], [ -0.866, 54.079 ], [ -0.863, 54.07 ], [ -0.871, 54.063 ], [ -0.886, 54.058 ], [ -0.889, 54.046 ], [ -0.878, 54.044 ], [ -0.888, 54.033 ], [ -0.888, 54.02 ], [ -0.877, 54.014 ], [ -0.888, 54.01 ], [ -0.899, 53.999 ] ], [ [ -0.739, 54.171 ], [ -0.732, 54.167 ], [ -0.748, 54.151 ], [ -0.757, 54.149 ], [ -0.784, 54.137 ], [ -0.802, 54.133 ], [ -0.816, 54.121 ] ], [ [ -0.499, 54.197 ], [ -0.519, 54.203 ], [ -0.55, 54.201 ], [ -0.566, 54.202 ], [ -0.585, 54.199 ], [ -0.61, 54.205 ], [ -0.639, 54.204 ], [ -0.645, 54.198 ], [ -0.682, 54.201 ], [ -0.724, 54.186 ], [ -0.74, 54.184 ], [ -0.747, 54.177 ], [ -0.741, 54.171 ] ] ] } },
{ "type": "Feature", "properties": { "name1": "River Ouse", "name2": "Cuddy Shaw Reach", "Strahler Stream Order": 6, "long_name": "Yorkshire", "short_name": "Yorkshire" }, "geometry": { "type": "LineString", "coordinates": [ [ -1.278, 54.035 ], [ -1.268, 54.036 ] ] } },
{ "type": "Feature", "properties": { "name1": "River Kyle", "name2": "Fisher End", "Strahler Stream Order": 4, "long_name": "Yorkshire", "short_name": "Yorkshire" }, "geometry": { "type": "LineString", "coordinates": [ [ -1.226, 54.036 ], [ -1.224, 54.035 ] ] } },
{ "type": "Feature", "properties": { "name1": "Kettlewell Beck", "name2": " ", "Strahler Stream Order": 4, "long_name": "Yorkshire", "short_name": "Yorkshire" }, "geometry": { "type": "LineString", "coordinates": [ [ -2.041, 54.148 ], [ -2.05, 54.147 ] ] } },
{ "type": "Feature", "properties": { "name1": "River Colne", "name2": " ", "Strahler Stream Order": 4, "long_name": "Yorkshire", "short_name": "Yorkshire" }, "geometry": { "type": "LineString", "coordinates": [ [ -1.958, 53.605 ], [ -1.943, 53.606 ], [ -1.924, 53.602 ], [ -1.904, 53.615 ], [ -1.863, 53.627 ], [ -1.855, 53.627 ], [ -1.844, 53.636 ], [ -1.792, 53.642 ], [ -1.784, 53.639 ], [ -1.773, 53.642 ], [ -1.772, 53.654 ], [ -1.759, 53.661 ], [ -1.749, 53.661 ], [ -1.741, 53.673 ], [ -1.731, 53.681 ] ] } },
{ "type": "Feature", "properties": { "name1": "River Aire", "name2": "Lady Gime Reach", "Strahler Stream Order": 6, "long_name": "Yorkshire", "short_name": "Yorkshire" }, "geometry": { "type": "LineString", "coordinates": [ [ -1.021, 53.698 ], [ -1.006, 53.695 ] ] } },
{ "type": "Feature", "properties": { "name1": "Holderness Drain", "name2": " ", "Strahler Stream Order": 4, "long_name": "Yorkshire", "short_name": "Yorkshire" }, "geometry": { "type": "LineString", "coordinates": [ [ -0.309, 53.805 ], [ -0.305, 53.799 ], [ -0.274, 53.778 ], [ -0.275, 53.771 ], [ -0.285, 53.755 ], [ -0.287, 53.742 ] ] } },
{ "type": "Feature", "properties": { "name1": "River Ure", "name2": "Force Dub", "Strahler Stream Order": 5, "long_name": "Yorkshire", "short_name": "Yorkshire" }, "geometry": { "type": "LineString", "coordinates": [ [ -1.934, 54.306 ], [ -1.932, 54.307 ] ] } },
{ "type": "Feature", "properties": { "name1": "River Aire", "name2": "Little River", "Strahler Stream Order": 6, "long_name": "Yorkshire", "short_name": "Yorkshire" }, "geometry": { "type": "LineString", "coordinates": [ [ -1.249, 53.712 ], [ -1.234, 53.714 ] ] } },
{ "type": "Feature", "properties": { "name1": "River Wiske", "name2": " ", "Strahler Stream Order": 4, "long_name": "Yorkshire", "short_name": "Yorkshire" }, "geometry": { "type": "LineString", "coordinates": [ [ -1.462, 54.324 ], [ -1.447, 54.298 ], [ -1.427, 54.271 ], [ -1.422, 54.255 ], [ -1.439, 54.244 ] ] } },
{ "type": "Feature", "properties": { "name1": "River Dearne", "name2": " ", "Strahler Stream Order": 4, "long_name": "Yorkshire", "short_name": "Yorkshire" }, "geometry": { "type": "LineString", "coordinates": [ [ -1.524, 53.577 ], [ -1.494, 53.575 ], [ -1.475, 53.567 ], [ -1.463, 53.557 ], [ -1.441, 53.551 ], [ -1.424, 53.556 ], [ -1.383, 53.559 ], [ -1.363, 53.541 ], [ -1.368, 53.523 ], [ -1.344, 53.514 ], [ -1.31, 53.513 ], [ -1.288, 53.516 ], [ -1.268, 53.511 ], [ -1.243, 53.494 ] ] } },
{ "type": "Feature", "properties": { "name1": "River Ouse", "name2": "Monkton Reach", "Strahler Stream Order": 6, "long_name": "Yorkshire", "short_name": "Yorkshire" }, "geometry": { "type": "LineString", "coordinates": [ [ -1.218, 54.014 ], [ -1.203, 54.013 ] ] } },
{ "type": "Feature", "properties": { "name1": "River Aire", "name2": "Gascoigne Hill Reach", "Strahler Stream Order": 6, "long_name": "Yorkshire", "short_name": "Yorkshire" }, "geometry": { "type": "LineString", "coordinates": [ [ -1.224, 53.711 ], [ -1.222, 53.713 ] ] } },
{ "type": "Feature", "properties": { "name1": "Selby Dam", "name2": " ", "Strahler Stream Order": 4, "long_name": "Yorkshire", "short_name": "Yorkshire" }, "geometry": { "type": "LineString", "coordinates": [ [ -1.138, 53.779 ], [ -1.121, 53.777 ], [ -1.101, 53.781 ], [ -1.084, 53.781 ], [ -1.067, 53.787 ] ] } },
{ "type": "Feature", "properties": { "name1": "River Wharfe", "name2": "Dixon's Deep", "Strahler Stream Order": 5, "long_name": "Yorkshire", "short_name": "Yorkshire" }, "geometry": { "type": "LineString", "coordinates": [ [ -1.886, 53.986 ], [ -1.887, 53.984 ] ] } },
{ "type": "Feature", "properties": { "name1": "Tough Bank Deep", "name2": "River Wharfe", "Strahler Stream Order": 5, "long_name": "Yorkshire", "short_name": "Yorkshire" }, "geometry": { "type": "LineString", "coordinates": [ [ -1.887, 53.975 ], [ -1.889, 53.974 ] ] } },
{ "type": "Feature", "properties": { "name1": "River Ouse", "name2": "Busky Close Reach", "Strahler Stream Order": 6, "long_name": "Yorkshire", "short_name": "Yorkshire" }, "geometry": { "type": "LineString", "coordinates": [ [ -1.191, 54.009 ], [ -1.175, 54.002 ] ] } },
{ "type": "Feature", "properties": { "name1": "Ellerker Drain", "name2": " ", "Strahler Stream Order": 4, "long_name": "Yorkshire", "short_name": "Yorkshire" }, "geometry": { "type": "LineString", "coordinates": [ [ -0.613, 53.74 ], [ -0.597, 53.734 ], [ -0.583, 53.725 ], [ -0.591, 53.718 ] ] } },
{ "type": "Feature", "properties": { "name1": "River Derwent", "name2": "Duffield Reach", "Strahler Stream Order": 5, "long_name": "Yorkshire", "short_name": "Yorkshire" }, "geometry": { "type": "LineString", "coordinates": [ [ -0.944, 53.836 ], [ -0.941, 53.824 ] ] } },
{ "type": "Feature", "properties": { "name1": "River Wharfe", "name2": "Prior's Pool", "Strahler Stream Order": 5, "long_name": "Yorkshire", "short_name": "Yorkshire" }, "geometry": { "type": "LineString", "coordinates": [ [ -1.889, 53.982 ], [ -1.889, 53.978 ] ] } },
{ "type": "Feature", "properties": { "name1": "River Bain", "name2": " ", "Strahler Stream Order": 4, "long_name": "Yorkshire", "short_name": "Yorkshire" }, "geometry": { "type": "LineString", "coordinates": [ [ -2.112, 54.29 ], [ -2.101, 54.312 ] ] } },
{ "type": "Feature", "properties": { "name1": "River Holme", "name2": " ", "Strahler Stream Order": 4, "long_name": "Yorkshire", "short_name": "Yorkshire" }, "geometry": { "type": "LineString", "coordinates": [ [ -1.79, 53.609 ], [ -1.794, 53.618 ], [ -1.805, 53.626 ], [ -1.784, 53.639 ] ] } },
{ "type": "Feature", "properties": { "name1": "Turn Hole", "name2": "River Ure", "Strahler Stream Order": 5, "long_name": "Yorkshire", "short_name": "Yorkshire" }, "geometry": { "type": "LineString", "coordinates": [ [ -2.011, 54.297 ], [ -2.004, 54.294 ] ] } },
{ "type": "Feature", "properties": { "name1": "Arkle Beck", "name2": " ", "Strahler Stream Order": 4, "long_name": "Yorkshire", "short_name": "Yorkshire" }, "geometry": { "type": "LineString", "coordinates": [ [ -2.034, 54.44 ], [ -1.999, 54.427 ], [ -1.992, 54.415 ], [ -1.962, 54.411 ], [ -1.959, 54.403 ], [ -1.942, 54.397 ], [ -1.935, 54.382 ] ] } },
{ "type": "Feature", "properties": { "name1": "Hol Beck", "name2": " ", "Strahler Stream Order": 4, "long_name": "Yorkshire", "short_name": "Yorkshire" }, "geometry": { "type": "LineString", "coordinates": [ [ -1.58, 53.778 ], [ -1.555, 53.792 ], [ -1.547, 53.793 ] ] } },
{ "type": "Feature", "properties": { "name1": "Cam Gill Beck", "name2": " ", "Strahler Stream Order": 4, "long_name": "Yorkshire", "short_name": "Yorkshire" }, "geometry": { "type": "LineString", "coordinates": [ [ -2.041, 54.149 ], [ -2.041, 54.148 ] ] } },
{ "type": "Feature", "properties": { "name1": "The Shallows", "name2": "River Derwent", "Strahler Stream Order": 5, "long_name": "Yorkshire", "short_name": "Yorkshire" }, "geometry": { "type": "LineString", "coordinates": [ [ -0.913, 53.992 ], [ -0.914, 53.992 ] ] } },
{ "type": "Feature", "properties": { "name1": "River Wharfe", "name2": "Lud Stream", "Strahler Stream Order": 5, "long_name": "Yorkshire", "short_name": "Yorkshire" }, "geometry": { "type": "LineString", "coordinates": [ [ -1.885, 53.995 ], [ -1.884, 53.994 ] ] } },
{ "type": "Feature", "properties": { "name1": "Gordale Beck", "name2": " ", "Strahler Stream Order": 4, "long_name": "Yorkshire", "short_name": "Yorkshire" }, "geometry": { "type": "LineString", "coordinates": [ [ -2.15, 54.055 ], [ -2.151, 54.054 ] ] } },
{ "type": "Feature", "properties": { "name1": "Dutch River", "name2": " ", "Strahler Stream Order": 5, "long_name": "Yorkshire", "short_name": "Yorkshire" }, "geometry": { "type": "LineString", "coordinates": [ [ -0.991, 53.674 ], [ -0.949, 53.679 ], [ -0.892, 53.693 ], [ -0.867, 53.696 ] ] } },
{ "type": "Feature", "properties": { "name1": "River Ouse", "name2": "Clifton Short Reach", "Strahler Stream Order": 6, "long_name": "Yorkshire", "short_name": "Yorkshire" }, "geometry": { "type": "LineString", "coordinates": [ [ -1.111, 53.966 ], [ -1.106, 53.969 ] ] } },
{ "type": "Feature", "properties": { "name1": "Rodell Hold", "name2": "River Ouse", "Strahler Stream Order": 6, "long_name": "Yorkshire", "short_name": "Yorkshire" }, "geometry": { "type": "LineString", "coordinates": [ [ -1.091, 53.907 ], [ -1.09, 53.905 ] ] } },
{ "type": "Feature", "properties": { "name1": "Sheffield and South Yorkshire Navigation", "name2": "River Don", "Strahler Stream Order": 5, "long_name": "Yorkshire", "short_name": "Yorkshire" }, "geometry": { "type": "LineString", "coordinates": [ [ -1.167, 53.507 ], [ -1.163, 53.518 ] ] } },
{ "type": "Feature", "properties": { "name1": "River Idle", "name2": " ", "Strahler Stream Order": 4, "long_name": "Yorkshire", "short_name": "Yorkshire" }, "geometry": { "type": "MultiLineString", "coordinates": [ [ [ -0.951, 53.403 ], [ -0.96, 53.396 ], [ -0.975, 53.405 ], [ -0.987, 53.407 ], [ -0.998, 53.403 ], [ -1.007, 53.412 ], [ -1.003, 53.42 ], [ -1.014, 53.424 ], [ -1.013, 53.433 ], [ -0.989, 53.436 ], [ -0.968, 53.435 ], [ -0.958, 53.446 ], [ -0.939, 53.442 ], [ -0.929, 53.446 ], [ -0.916, 53.46 ] ], [ [ -0.951, 53.271 ], [ -0.939, 53.28 ], [ -0.939, 53.299 ], [ -0.947, 53.322 ], [ -0.941, 53.328 ], [ -0.948, 53.339 ], [ -0.964, 53.346 ], [ -0.957, 53.352 ], [ -0.946, 53.35 ], [ -0.929, 53.362 ], [ -0.927, 53.375 ], [ -0.933, 53.394 ], [ -0.951, 53.403 ] ] ] } },
{ "type": "Feature", "properties": { "name1": "River Rye", "name2": " ", "Strahler Stream Order": 4, "long_name": "Yorkshire", "short_name": "Yorkshire" }, "geometry": { "type": "LineString", "coordinates": [ [ -1.145, 54.291 ], [ -1.137, 54.282 ], [ -1.128, 54.279 ], [ -1.132, 54.267 ], [ -1.119, 54.255 ], [ -1.121, 54.248 ], [ -1.112, 54.243 ], [ -1.094, 54.24 ], [ -1.09, 54.232 ], [ -1.078, 54.231 ], [ -1.062, 54.244 ], [ -1.027, 54.228 ], [ -1.029, 54.222 ], [ -1.016, 54.218 ], [ -1.011, 54.211 ], [ -1.0, 54.211 ], [ -0.994, 54.207 ], [ -0.944, 54.206 ], [ -0.928, 54.202 ], [ -0.916, 54.204 ], [ -0.895, 54.191 ], [ -0.88, 54.189 ], [ -0.87, 54.192 ], [ -0.863, 54.176 ], [ -0.811, 54.163 ], [ -0.795, 54.169 ], [ -0.78, 54.167 ], [ -0.764, 54.174 ], [ -0.741, 54.171 ] ] } },
{ "type": "Feature", "properties": { "name1": "Roving Reach", "name2": "River Derwent", "Strahler Stream Order": 5, "long_name": "Yorkshire", "short_name": "Yorkshire" }, "geometry": { "type": "LineString", "coordinates": [ [ -0.946, 53.851 ], [ -0.944, 53.836 ] ] } },
{ "type": "Feature", "properties": { "name1": "River Went", "name2": " ", "Strahler Stream Order": 4, "long_name": "Yorkshire", "short_name": "Yorkshire" }, "geometry": { "type": "LineString", "coordinates": [ [ -1.128, 53.644 ], [ -1.089, 53.65 ], [ -1.065, 53.649 ], [ -1.021, 53.658 ], [ -0.992, 53.661 ] ] } },
{ "type": "Feature", "properties": { "name1": "River Swale", "name2": " ", "Strahler Stream Order": 5, "long_name": "Yorkshire", "short_name": "Yorkshire" }, "geometry": { "type": "MultiLineString", "coordinates": [ [ [ -2.223, 54.403 ], [ -2.192, 54.41 ], [ -2.168, 54.408 ], [ -2.142, 54.399 ], [ -2.143, 54.386 ], [ -2.134, 54.376 ], [ -2.109, 54.375 ], [ -2.09, 54.378 ], [ -2.079, 54.376 ] ], [ [ -2.064, 54.377 ], [ -2.044, 54.37 ], [ -2.029, 54.372 ], [ -2.01, 54.382 ], [ -1.979, 54.381 ], [ -1.955, 54.387 ], [ -1.935, 54.382 ], [ -1.917, 54.383 ], [ -1.906, 54.374 ], [ -1.861, 54.373 ], [ -1.843, 54.38 ], [ -1.833, 54.388 ], [ -1.825, 54.404 ], [ -1.786, 54.408 ], [ -1.775, 54.4 ], [ -1.752, 54.404 ], [ -1.734, 54.4 ], [ -1.73, 54.404 ] ], [ [ -1.728, 54.404 ], [ -1.705, 54.39 ], [ -1.671, 54.391 ] ], [ [ -1.669, 54.39 ], [ -1.659, 54.387 ], [ -1.633, 54.393 ], [ -1.628, 54.381 ], [ -1.62, 54.373 ], [ -1.606, 54.37 ], [ -1.601, 54.363 ], [ -1.588, 54.368 ], [ -1.581, 54.363 ], [ -1.566, 54.366 ], [ -1.555, 54.364 ], [ -1.548, 54.357 ], [ -1.537, 54.356 ], [ -1.535, 54.342 ], [ -1.51, 54.324 ], [ -1.516, 54.309 ], [ -1.498, 54.289 ], [ -1.484, 54.287 ], [ -1.478, 54.275 ], [ -1.464, 54.27 ], [ -1.457, 54.263 ], [ -1.46, 54.256 ], [ -1.448, 54.252 ], [ -1.447, 54.237 ], [ -1.442, 54.227 ], [ -1.45, 54.219 ], [ -1.438, 54.205 ], [ -1.438, 54.192 ], [ -1.432, 54.186 ], [ -1.413, 54.181 ], [ -1.395, 54.182 ], [ -1.38, 54.169 ], [ -1.36, 54.167 ], [ -1.347, 54.16 ], [ -1.351, 54.154 ], [ -1.332, 54.146 ], [ -1.341, 54.134 ], [ -1.337, 54.124 ] ], [ [ -1.335, 54.12 ], [ -1.341, 54.107 ], [ -1.331, 54.107 ], [ -1.331, 54.096 ], [ -1.343, 54.088 ] ] ] } },
{ "type": "Feature", "properties": { "name1": "River Leven", "name2": " ", "Strahler Stream Order": 4, "long_name": "Yorkshire", "short_name": "Yorkshire" }, "geometry": { "type": "MultiLineString", "coordinates": [ [ [ -1.211, 54.459 ], [ -1.232, 54.455 ], [ -1.238, 54.451 ], [ -1.258, 54.455 ], [ -1.258, 54.449 ], [ -1.277, 54.452 ], [ -1.287, 54.458 ], [ -1.312, 54.456 ], [ -1.315, 54.463 ], [ -1.302, 54.478 ], [ -1.288, 54.487 ], [ -1.304, 54.489 ], [ -1.32, 54.496 ], [ -1.315, 54.506 ], [ -1.337, 54.509 ] ], [ [ -1.071, 54.48 ], [ -1.08, 54.48 ], [ -1.087, 54.469 ], [ -1.096, 54.467 ], [ -1.107, 54.472 ], [ -1.122, 54.484 ], [ -1.135, 54.489 ], [ -1.145, 54.488 ], [ -1.158, 54.479 ], [ -1.18, 54.471 ], [ -1.194, 54.469 ], [ -1.208, 54.459 ] ], [ [ -1.053, 54.481 ], [ -1.068, 54.479 ] ] ] } },
{ "type": "Feature", "properties": { "name1": "River Ouse", "name2": "Naburn Reach", "Strahler Stream Order": 6, "long_name": "Yorkshire", "short_name": "Yorkshire" }, "geometry": { "type": "LineString", "coordinates": [ [ -1.097, 53.902 ], [ -1.102, 53.902 ] ] } },
{ "type": "Feature", "properties": { "name1": "River Tees", "name2": " ", "Strahler Stream Order": 5, "long_name": "Yorkshire", "short_name": "Yorkshire" }, "geometry": { "type": "MultiLineString", "coordinates": [ [ [ -2.288, 54.651 ], [ -2.281, 54.646 ], [ -2.268, 54.648 ], [ -2.256, 54.661 ], [ -2.244, 54.664 ], [ -2.228, 54.66 ], [ -2.217, 54.661 ], [ -2.21, 54.649 ] ], [ [ -2.208, 54.649 ], [ -2.195, 54.647 ], [ -2.183, 54.652 ], [ -2.167, 54.65 ] ], [ [ -2.164, 54.649 ], [ -2.152, 54.648 ], [ -2.142, 54.641 ] ], [ [ -2.137, 54.641 ], [ -2.122, 54.631 ], [ -2.108, 54.629 ] ], [ [ -2.104, 54.629 ], [ -2.103, 54.626 ] ], [ [ -2.098, 54.624 ], [ -2.078, 54.619 ], [ -2.053, 54.621 ], [ -2.04, 54.617 ], [ -2.037, 54.609 ], [ -2.009, 54.606 ] ], [ [ -2.007, 54.605 ], [ -2.002, 54.599 ] ], [ [ -2.0, 54.598 ], [ -1.997, 54.597 ] ], [ [ -1.996, 54.595 ], [ -1.997, 54.59 ], [ -1.981, 54.577 ] ], [ [ -1.981, 54.576 ], [ -1.965, 54.571 ], [ -1.956, 54.56 ], [ -1.94, 54.558 ], [ -1.94, 54.553 ], [ -1.914, 54.534 ], [ -1.889, 54.528 ], [ -1.871, 54.526 ] ], [ [ -1.871, 54.526 ], [ -1.853, 54.525 ], [ -1.843, 54.528 ], [ -1.83, 54.525 ], [ -1.803, 54.528 ] ], [ [ -1.798, 54.53 ], [ -1.788, 54.535 ], [ -1.776, 54.547 ], [ -1.755, 54.552 ], [ -1.739, 54.545 ], [ -1.724, 54.543 ], [ -1.703, 54.536 ], [ -1.683, 54.533 ], [ -1.671, 54.536 ], [ -1.658, 54.534 ], [ -1.656, 54.525 ], [ -1.632, 54.524 ], [ -1.634, 54.514 ], [ -1.612, 54.52 ], [ -1.602, 54.519 ], [ -1.602, 54.51 ], [ -1.581, 54.513 ], [ -1.583, 54.497 ], [ -1.571, 54.489 ], [ -1.555, 54.485 ], [ -1.546, 54.471 ], [ -1.534, 54.469 ], [ -1.529, 54.485 ], [ -1.498, 54.486 ], [ -1.499, 54.475 ], [ -1.475, 54.474 ], [ -1.468, 54.463 ], [ -1.454, 54.465 ], [ -1.464, 54.473 ], [ -1.458, 54.481 ], [ -1.458, 54.493 ], [ -1.473, 54.502 ], [ -1.458, 54.504 ], [ -1.443, 54.491 ], [ -1.427, 54.485 ], [ -1.433, 54.48 ], [ -1.411, 54.477 ], [ -1.41, 54.49 ], [ -1.396, 54.486 ], [ -1.383, 54.487 ], [ -1.376, 54.503 ], [ -1.348, 54.503 ], [ -1.338, 54.507 ], [ -1.335, 54.517 ], [ -1.34, 54.528 ], [ -1.321, 54.535 ] ], [ [ -1.311, 54.554 ], [ -1.307, 54.566 ], [ -1.289, 54.564 ] ], [ [ -1.266, 54.568 ], [ -1.261, 54.572 ], [ -1.258, 54.588 ] ], [ [ -1.214, 54.581 ], [ -1.199, 54.583 ], [ -1.177, 54.595 ], [ -1.157, 54.609 ], [ -1.154, 54.62 ], [ -1.16, 54.629 ], [ -1.148, 54.648 ] ] ] } },
{ "type": "Feature", "properties": { "name1": "River Hull", "name2": " ", "Strahler Stream Order": 4, "long_name": "Yorkshire", "short_name": "Yorkshire" }, "geometry": { "type": "MultiLineString", "coordinates": [ [ [ -0.352, 53.951 ], [ -0.357, 53.945 ] ], [ [ -0.357, 53.934 ], [ -0.356, 53.926 ], [ -0.384, 53.91 ], [ -0.382, 53.902 ], [ -0.396, 53.896 ], [ -0.395, 53.885 ], [ -0.4, 53.867 ], [ -0.393, 53.856 ], [ -0.4, 53.843 ], [ -0.385, 53.839 ], [ -0.382, 53.827 ], [ -0.37, 53.825 ], [ -0.354, 53.815 ], [ -0.354, 53.808 ], [ -0.366, 53.803 ], [ -0.364, 53.796 ], [ -0.348, 53.787 ], [ -0.348, 53.775 ], [ -0.332, 53.771 ], [ -0.336, 53.76 ], [ -0.328, 53.745 ], [ -0.332, 53.738 ] ] ] } },
{ "type": "Feature", "properties": { "name1": "River Wharfe", "name2": "Limybank Deeps", "Strahler Stream Order": 5, "long_name": "Yorkshire", "short_name": "Yorkshire" }, "geometry": { "type": "LineString", "coordinates": [ [ -1.834, 53.931 ], [ -1.829, 53.929 ] ] } },
{ "type": "Feature", "properties": { "name1": "River Skirfare", "name2": "Amerdale Dub", "Strahler Stream Order": 4, "long_name": "Yorkshire", "short_name": "Yorkshire" }, "geometry": { "type": "LineString", "coordinates": [ [ -2.045, 54.118 ], [ -2.036, 54.119 ] ] } },
{ "type": "Feature", "properties": { "name1": "River Aire", "name2": "Bank Dole Reach", "Strahler Stream Order": 6, "long_name": "Yorkshire", "short_name": "Yorkshire" }, "geometry": { "type": "LineString", "coordinates": [ [ -1.234, 53.714 ], [ -1.224, 53.711 ] ] } },
{ "type": "Feature", "properties": { "name1": "Eshton Beck", "name2": " ", "Strahler Stream Order": 4, "long_name": "Yorkshire", "short_name": "Yorkshire" }, "geometry": { "type": "LineString", "coordinates": [ [ -2.091, 53.999 ], [ -2.086, 53.993 ], [ -2.088, 53.982 ] ] } },
{ "type": "Feature", "properties": { "name1": "River Greta", "name2": " ", "Strahler Stream Order": 4, "long_name": "Yorkshire", "short_name": "Yorkshire" }, "geometry": { "type": "LineString", "coordinates": [ [ -2.471, 54.153 ], [ -2.488, 54.147 ], [ -2.495, 54.149 ], [ -2.505, 54.14 ], [ -2.517, 54.143 ], [ -2.583, 54.143 ], [ -2.613, 54.15 ] ] } },
{ "type": "Feature", "properties": { "name1": "Commondale Beck", "name2": " ", "Strahler Stream Order": 4, "long_name": "Yorkshire", "short_name": "Yorkshire" }, "geometry": { "type": "LineString", "coordinates": [ [ -0.977, 54.481 ], [ -0.953, 54.47 ], [ -0.952, 54.466 ] ] } },
{ "type": "Feature", "properties": { "name1": "River Ure", "name2": " ", "Strahler Stream Order": 5, "long_name": "Yorkshire", "short_name": "Yorkshire" }, "geometry": { "type": "MultiLineString", "coordinates": [ [ [ -2.232, 54.319 ], [ -2.201, 54.307 ], [ -2.182, 54.31 ], [ -2.128, 54.307 ], [ -2.095, 54.313 ], [ -2.09, 54.309 ], [ -2.069, 54.308 ], [ -2.041, 54.304 ], [ -2.024, 54.298 ], [ -2.011, 54.297 ] ], [ [ -2.004, 54.294 ], [ -1.968, 54.295 ], [ -1.948, 54.305 ], [ -1.934, 54.306 ] ], [ [ -1.932, 54.307 ], [ -1.92, 54.305 ] ], [ [ -1.912, 54.304 ], [ -1.877, 54.297 ], [ -1.865, 54.301 ], [ -1.843, 54.301 ], [ -1.834, 54.295 ], [ -1.794, 54.291 ], [ -1.776, 54.279 ], [ -1.767, 54.279 ], [ -1.748, 54.27 ], [ -1.734, 54.274 ], [ -1.719, 54.27 ], [ -1.691, 54.268 ], [ -1.68, 54.258 ], [ -1.677, 54.249 ] ], [ [ -1.677, 54.249 ], [ -1.658, 54.242 ], [ -1.653, 54.223 ], [ -1.643, 54.217 ], [ -1.645, 54.202 ], [ -1.639, 54.19 ], [ -1.624, 54.186 ], [ -1.602, 54.191 ], [ -1.594, 54.203 ], [ -1.58, 54.205 ], [ -1.566, 54.195 ], [ -1.551, 54.189 ], [ -1.532, 54.185 ], [ -1.526, 54.179 ], [ -1.517, 54.159 ], [ -1.521, 54.147 ], [ -1.508, 54.142 ], [ -1.506, 54.135 ], [ -1.49, 54.124 ], [ -1.492, 54.104 ], [ -1.479, 54.1 ], [ -1.458, 54.099 ], [ -1.456, 54.091 ], [ -1.443, 54.093 ], [ -1.413, 54.091 ], [ -1.408, 54.099 ], [ -1.395, 54.097 ], [ -1.384, 54.102 ], [ -1.368, 54.099 ], [ -1.355, 54.09 ], [ -1.343, 54.088 ], [ -1.339, 54.082 ], [ -1.31, 54.081 ], [ -1.298, 54.066 ], [ -1.287, 54.061 ], [ -1.289, 54.052 ], [ -1.279, 54.038 ] ] ] } },
{ "type": "Feature", "properties": { "name1": "River Derwent", "name2": "Hut Reach", "Strahler Stream Order": 5, "long_name": "Yorkshire", "short_name": "Yorkshire" }, "geometry": { "type": "LineString", "coordinates": [ [ -0.941, 53.874 ], [ -0.939, 53.868 ], [ -0.948, 53.862 ] ] } },
{ "type": "Feature", "properties": { "name1": "River Seph", "name2": " ", "Strahler Stream Order": 4, "long_name": "Yorkshire", "short_name": "Yorkshire" }, "geometry": { "type": "LineString", "coordinates": [ [ -1.141, 54.386 ], [ -1.135, 54.369 ], [ -1.123, 54.358 ], [ -1.119, 54.341 ], [ -1.126, 54.331 ], [ -1.129, 54.316 ], [ -1.138, 54.309 ], [ -1.146, 54.291 ] ] } },
{ "type": "Feature", "properties": { "name1": "Seph Mouth", "name2": "River Rye", "Strahler Stream Order": 4, "long_name": "Yorkshire", "short_name": "Yorkshire" }, "geometry": { "type": "LineString", "coordinates": [ [ -1.146, 54.291 ], [ -1.145, 54.291 ] ] } },
{ "type": "Feature", "properties": { "name1": "River Bain", "name2": "Low Wheel", "Strahler Stream Order": 4, "long_name": "Yorkshire", "short_name": "Yorkshire" }, "geometry": { "type": "LineString", "coordinates": [ [ -2.123, 54.284 ], [ -2.112, 54.29 ] ] } },
{ "type": "Feature", "properties": { "name1": "Went End", "name2": "River Went", "Strahler Stream Order": 4, "long_name": "Yorkshire", "short_name": "Yorkshire" }, "geometry": { "type": "LineString", "coordinates": [ [ -0.992, 53.661 ], [ -0.991, 53.661 ] ] } },
{ "type": "Feature", "properties": { "name1": "River Wharfe", "name2": "Mason Holme Deep", "Strahler Stream Order": 5, "long_name": "Yorkshire", "short_name": "Yorkshire" }, "geometry": { "type": "LineString", "coordinates": [ [ -1.892, 53.999 ], [ -1.89, 53.999 ] ] } },
{ "type": "Feature", "properties": { "name1": "River Nidd", "name2": "Haxby Hippings", "Strahler Stream Order": 4, "long_name": "Yorkshire", "short_name": "Yorkshire" }, "geometry": { "type": "LineString", "coordinates": [ [ -1.678, 54.033 ], [ -1.673, 54.033 ] ] } },
{ "type": "Feature", "properties": { "name1": "River Esk", "name2": "Arnecliff Pool", "Strahler Stream Order": 4, "long_name": "Yorkshire", "short_name": "Yorkshire" }, "geometry": { "type": "LineString", "coordinates": [ [ -0.797, 54.439 ], [ -0.795, 54.44 ] ] } },
{ "type": "Feature", "properties": { "name1": "Hebden Water", "name2": " ", "Strahler Stream Order": 4, "long_name": "Yorkshire", "short_name": "Yorkshire" }, "geometry": { "type": "LineString", "coordinates": [ [ -2.019, 53.758 ], [ -2.011, 53.754 ], [ -2.015, 53.741 ] ] } },
{ "type": "Feature", "properties": { "name1": "River Ouse", "name2": "Barlby Reach", "Strahler Stream Order": 6, "long_name": "Yorkshire", "short_name": "Yorkshire" }, "geometry": { "type": "LineString", "coordinates": [ [ -1.043, 53.81 ], [ -1.048, 53.804 ] ] } },
{ "type": "Feature", "properties": { "name1": "River Don", "name2": "Flood Drain", "Strahler Stream Order": 5, "long_name": "Yorkshire", "short_name": "Yorkshire" }, "geometry": { "type": "LineString", "coordinates": [ [ -1.143, 53.525 ], [ -1.121, 53.544 ], [ -1.109, 53.546 ], [ -1.093, 53.554 ] ] } },
{ "type": "Feature", "properties": { "name1": "The Beck", "name2": " ", "Strahler Stream Order": 4, "long_name": "Yorkshire", "short_name": "Yorkshire" }, "geometry": { "type": "LineString", "coordinates": [ [ -0.878, 53.899 ], [ -0.907, 53.901 ], [ -0.922, 53.892 ], [ -0.924, 53.878 ], [ -0.941, 53.874 ] ] } },
{ "type": "Feature", "properties": { "name1": "River Humber", "name2": " ", "Strahler Stream Order": 7, "long_name": "Yorkshire", "short_name": "Yorkshire" }, "geometry": { "type": "MultiLineString", "coordinates": [ [ [ -0.686, 53.702 ], [ -0.632, 53.714 ], [ -0.613, 53.721 ] ], [ [ -0.675, 53.719 ], [ -0.63, 53.727 ], [ -0.613, 53.721 ] ], [ [ -0.613, 53.721 ], [ -0.595, 53.719 ] ], [ [ -0.588, 53.716 ], [ -0.58, 53.704 ], [ -0.528, 53.684 ], [ -0.514, 53.681 ], [ -0.501, 53.684 ], [ -0.493, 53.694 ], [ -0.477, 53.705 ], [ -0.441, 53.709 ] ] ] } },
{ "type": "Feature", "properties": { "name1": "River Wharfe", "name2": "Netherby Deep", "Strahler Stream Order": 5, "long_name": "Yorkshire", "short_name": "Yorkshire" }, "geometry": { "type": "LineString", "coordinates": [ [ -1.5, 53.915 ], [ -1.497, 53.915 ] ] } },
{ "type": "Feature", "properties": { "name1": "River Ure", "name2": "Beeld Dub", "Strahler Stream Order": 5, "long_name": "Yorkshire", "short_name": "Yorkshire" }, "geometry": { "type": "LineString", "coordinates": [ [ -1.92, 54.305 ], [ -1.912, 54.304 ] ] } },
{ "type": "Feature", "properties": { "name1": "Sandhall Reach", "name2": "River Ouse", "Strahler Stream Order": 7, "long_name": "Yorkshire", "short_name": "Yorkshire" }, "geometry": { "type": "MultiLineString", "coordinates": [ [ [ -0.864, 53.702 ], [ -0.865, 53.697 ] ], [ [ -0.846, 53.708 ], [ -0.864, 53.702 ] ] ] } },
{ "type": "Feature", "properties": { "name1": "River Ouse", "name2": "Kettlewell Ings Reach", "Strahler Stream Order": 6, "long_name": "Yorkshire", "short_name": "Yorkshire" }, "geometry": { "type": "LineString", "coordinates": [ [ -1.087, 53.916 ], [ -1.091, 53.911 ] ] } },
{ "type": "Feature", "properties": { "name1": "River Aire", "name2": "Aire Mouth", "Strahler Stream Order": 6, "long_name": "Yorkshire", "short_name": "Yorkshire" }, "geometry": { "type": "LineString", "coordinates": [ [ -0.906, 53.725 ], [ -0.906, 53.727 ] ] } },
{ "type": "Feature", "properties": { "name1": "River Leven", "name2": "Old Fish Pond", "Strahler Stream Order": 4, "long_name": "Yorkshire", "short_name": "Yorkshire" }, "geometry": { "type": "LineString", "coordinates": [ [ -1.068, 54.479 ], [ -1.071, 54.48 ] ] } },
{ "type": "Feature", "properties": { "name1": "River Kyle", "name2": " ", "Strahler Stream Order": 4, "long_name": "Yorkshire", "short_name": "Yorkshire" }, "geometry": { "type": "LineString", "coordinates": [ [ -1.216, 54.053 ], [ -1.213, 54.047 ], [ -1.228, 54.043 ], [ -1.226, 54.036 ] ] } },
{ "type": "Feature", "properties": { "name1": "River Loxley", "name2": " ", "Strahler Stream Order": 4, "long_name": "Yorkshire", "short_name": "Yorkshire" }, "geometry": { "type": "LineString", "coordinates": [ [ -1.512, 53.4 ], [ -1.494, 53.405 ], [ -1.487, 53.401 ] ] } },
{ "type": "Feature", "properties": { "name1": "Swinefleet Reach", "name2": "River Ouse", "Strahler Stream Order": 7, "long_name": "Yorkshire", "short_name": "Yorkshire" }, "geometry": { "type": "LineString", "coordinates": [ [ -0.851, 53.686 ], [ -0.846, 53.686 ], [ -0.822, 53.703 ] ] } },
{ "type": "Feature", "properties": { "name1": "River Burn", "name2": " ", "Strahler Stream Order": 4, "long_name": "Yorkshire", "short_name": "Yorkshire" }, "geometry": { "type": "LineString", "coordinates": [ [ -1.739, 54.214 ], [ -1.731, 54.217 ], [ -1.707, 54.215 ], [ -1.681, 54.219 ], [ -1.647, 54.213 ] ] } },
{ "type": "Feature", "properties": { "name1": "Willow Tree Reach", "name2": "River Ouse", "Strahler Stream Order": 6, "long_name": "Yorkshire", "short_name": "Yorkshire" }, "geometry": { "type": "LineString", "coordinates": [ [ -1.055, 53.782 ], [ -1.025, 53.776 ] ] } },
{ "type": "Feature", "properties": { "name1": "River Ouse", "name2": "Goole Reach", "Strahler Stream Order": 7, "long_name": "Yorkshire", "short_name": "Yorkshire" }, "geometry": { "type": "LineString", "coordinates": [ [ -0.864, 53.695 ], [ -0.855, 53.686 ] ] } },
{ "type": "Feature", "properties": { "name1": "River Nidd", "name2": " ", "Strahler Stream Order": 4, "long_name": "Yorkshire", "short_name": "Yorkshire" }, "geometry": { "type": "MultiLineString", "coordinates": [ [ [ -1.844, 54.153 ], [ -1.832, 54.149 ], [ -1.825, 54.139 ], [ -1.809, 54.128 ] ], [ [ -1.786, 54.11 ], [ -1.785, 54.11 ] ], [ [ -1.782, 54.108 ], [ -1.764, 54.086 ], [ -1.729, 54.071 ], [ -1.721, 54.073 ], [ -1.705, 54.065 ], [ -1.695, 54.056 ], [ -1.696, 54.039 ], [ -1.678, 54.033 ] ], [ [ -1.673, 54.033 ], [ -1.664, 54.037 ] ], [ [ -1.663, 54.037 ], [ -1.643, 54.039 ], [ -1.624, 54.029 ], [ -1.59, 54.026 ], [ -1.588, 54.032 ], [ -1.571, 54.029 ], [ -1.556, 54.033 ], [ -1.541, 54.026 ], [ -1.541, 54.02 ], [ -1.514, 54.024 ], [ -1.498, 54.02 ], [ -1.499, 54.015 ], [ -1.478, 54.014 ], [ -1.472, 54.004 ], [ -1.457, 53.994 ], [ -1.444, 54.005 ], [ -1.437, 53.994 ], [ -1.43, 53.994 ], [ -1.423, 53.981 ], [ -1.39, 53.974 ], [ -1.374, 53.975 ], [ -1.361, 53.966 ], [ -1.342, 53.972 ], [ -1.338, 53.968 ], [ -1.317, 53.973 ], [ -1.3, 53.986 ], [ -1.287, 53.987 ], [ -1.277, 53.981 ] ], [ [ -1.275, 53.981 ], [ -1.27, 53.987 ], [ -1.276, 53.993 ], [ -1.266, 54.0 ], [ -1.232, 54.002 ], [ -1.22, 54.007 ], [ -1.218, 54.014 ] ] ] } },
{ "type": "Feature", "properties": { "name1": "River Nidd", "name2": "Foul Hole", "Strahler Stream Order": 4, "long_name": "Yorkshire", "short_name": "Yorkshire" }, "geometry": { "type": "LineString", "coordinates": [ [ -1.785, 54.11 ], [ -1.782, 54.108 ] ] } },
{ "type": "Feature", "properties": { "name1": "River Esk", "name2": " ", "Strahler Stream Order": 4, "long_name": "Yorkshire", "short_name": "Yorkshire" }, "geometry": { "type": "MultiLineString", "coordinates": [ [ [ -0.952, 54.466 ], [ -0.926, 54.464 ], [ -0.896, 54.465 ], [ -0.887, 54.457 ], [ -0.842, 54.456 ], [ -0.827, 54.458 ], [ -0.818, 54.452 ], [ -0.799, 54.449 ], [ -0.797, 54.439 ] ], [ [ -0.795, 54.44 ], [ -0.792, 54.438 ] ], [ [ -0.792, 54.438 ], [ -0.792, 54.436 ] ], [ [ -0.791, 54.436 ], [ -0.762, 54.436 ], [ -0.739, 54.434 ], [ -0.726, 54.44 ], [ -0.708, 54.442 ], [ -0.695, 54.448 ], [ -0.686, 54.447 ], [ -0.668, 54.461 ], [ -0.652, 54.462 ], [ -0.616, 54.474 ], [ -0.611, 54.482 ], [ -0.613, 54.492 ] ] ] } },
{ "type": "Feature", "properties": { "name1": "River Ouse", "name2": "Ing Cliffs Drain", "Strahler Stream Order": 6, "long_name": "Yorkshire", "short_name": "Yorkshire" }, "geometry": { "type": "LineString", "coordinates": [ [ -1.121, 53.976 ], [ -1.111, 53.966 ] ] } },
{ "type": "Feature", "properties": { "name1": "River Swale", "name2": "Crow Hole", "Strahler Stream Order": 5, "long_name": "Yorkshire", "short_name": "Yorkshire" }, "geometry": { "type": "LineString", "coordinates": [ [ -1.671, 54.391 ], [ -1.669, 54.39 ] ] } },
{ "type": "Feature", "properties": { "name1": "River Ouse", "name2": "Clifton Long Reach", "Strahler Stream Order": 6, "long_name": "Yorkshire", "short_name": "Yorkshire" }, "geometry": { "type": "LineString", "coordinates": [ [ -1.099, 53.964 ], [ -1.093, 53.961 ] ] } },
{ "type": "Feature", "properties": { "name1": "River Wharfe", "name2": " ", "Strahler Stream Order": 5, "long_name": "Yorkshire", "short_name": "Yorkshire" }, "geometry": { "type": "MultiLineString", "coordinates": [ [ [ -2.05, 54.147 ], [ -2.036, 54.119 ] ], [ [ -2.032, 54.116 ], [ -2.036, 54.108 ], [ -2.031, 54.101 ], [ -2.031, 54.083 ], [ -2.012, 54.076 ], [ -1.992, 54.062 ], [ -1.963, 54.058 ], [ -1.947, 54.045 ], [ -1.913, 54.028 ], [ -1.922, 54.019 ], [ -1.917, 54.007 ], [ -1.892, 53.999 ] ], [ [ -1.89, 53.999 ], [ -1.885, 53.995 ] ], [ [ -1.889, 53.974 ], [ -1.893, 53.968 ], [ -1.879, 53.963 ], [ -1.88, 53.955 ], [ -1.874, 53.945 ], [ -1.862, 53.94 ], [ -1.863, 53.934 ], [ -1.834, 53.931 ] ], [ [ -1.889, 53.978 ], [ -1.887, 53.975 ] ], [ [ -1.887, 53.984 ], [ -1.889, 53.982 ] ], [ [ -1.884, 53.994 ], [ -1.886, 53.986 ] ], [ [ -1.829, 53.929 ], [ -1.816, 53.932 ] ], [ [ -1.815, 53.932 ], [ -1.783, 53.93 ], [ -1.776, 53.921 ], [ -1.765, 53.925 ], [ -1.745, 53.923 ], [ -1.743, 53.915 ], [ -1.713, 53.904 ], [ -1.7, 53.905 ], [ -1.692, 53.911 ], [ -1.666, 53.913 ], [ -1.639, 53.906 ] ], [ [ -1.637, 53.905 ], [ -1.62, 53.903 ], [ -1.608, 53.909 ], [ -1.586, 53.901 ], [ -1.585, 53.909 ], [ -1.567, 53.911 ], [ -1.563, 53.904 ], [ -1.551, 53.903 ], [ -1.549, 53.911 ], [ -1.527, 53.909 ], [ -1.5, 53.915 ] ], [ [ -1.497, 53.915 ], [ -1.488, 53.911 ], [ -1.468, 53.911 ], [ -1.464, 53.906 ], [ -1.45, 53.907 ], [ -1.437, 53.914 ], [ -1.425, 53.907 ], [ -1.414, 53.913 ], [ -1.403, 53.911 ], [ -1.395, 53.929 ], [ -1.354, 53.91 ], [ -1.323, 53.9 ], [ -1.308, 53.906 ], [ -1.269, 53.892 ], [ -1.256, 53.883 ], [ -1.252, 53.875 ], [ -1.237, 53.873 ], [ -1.228, 53.865 ], [ -1.205, 53.854 ], [ -1.172, 53.856 ], [ -1.157, 53.852 ], [ -1.137, 53.841 ], [ -1.13, 53.844 ] ] ] } },
{ "type": "Feature", "properties": { "name1": "River Ouse", "name2": "Fulford Reach", "Strahler Stream Order": 6, "long_name": "Yorkshire", "short_name": "Yorkshire" }, "geometry": { "type": "LineString", "coordinates": [ [ -1.081, 53.946 ], [ -1.083, 53.938 ], [ -1.075, 53.932 ] ] } },
{ "type": "Feature", "properties": { "name1": "River Foss", "name2": " ", "Strahler Stream Order": 4, "long_name": "Yorkshire", "short_name": "Yorkshire" }, "geometry": { "type": "MultiLineString", "coordinates": [ [ [ -1.078, 53.952 ], [ -1.079, 53.951 ] ], [ [ -1.076, 53.958 ], [ -1.078, 53.952 ] ] ] } },
{ "type": "Feature", "properties": { "name1": "River Foulness", "name2": " ", "Strahler Stream Order": 4, "long_name": "Yorkshire", "short_name": "Yorkshire" }, "geometry": { "type": "LineString", "coordinates": [ [ -0.794, 53.852 ], [ -0.804, 53.838 ], [ -0.816, 53.834 ], [ -0.817, 53.824 ], [ -0.828, 53.818 ], [ -0.823, 53.806 ], [ -0.809, 53.804 ], [ -0.788, 53.794 ], [ -0.783, 53.789 ], [ -0.758, 53.785 ], [ -0.746, 53.78 ], [ -0.729, 53.784 ], [ -0.716, 53.782 ] ] } },
{ "type": "Feature", "properties": { "name1": "Cod Beck", "name2": " ", "Strahler Stream Order": 4, "long_name": "Yorkshire", "short_name": "Yorkshire" }, "geometry": { "type": "LineString", "coordinates": [ [ -1.372, 54.283 ], [ -1.368, 54.274 ], [ -1.354, 54.265 ], [ -1.355, 54.257 ], [ -1.345, 54.236 ], [ -1.332, 54.222 ], [ -1.338, 54.201 ], [ -1.349, 54.197 ], [ -1.349, 54.185 ], [ -1.371, 54.181 ], [ -1.375, 54.171 ], [ -1.366, 54.168 ] ] } },
{ "type": "Feature", "properties": { "name1": "Foredyke Stream", "name2": " ", "Strahler Stream Order": 4, "long_name": "Yorkshire", "short_name": "Yorkshire" }, "geometry": { "type": "LineString", "coordinates": [ [ -0.31, 53.82 ], [ -0.309, 53.805 ] ] } },
{ "type": "Feature", "properties": { "name1": "Goole Reach", "name2": "Dutch River", "Strahler Stream Order": 5, "long_name": "Yorkshire", "short_name": "Yorkshire" }, "geometry": { "type": "LineString", "coordinates": [ [ -0.867, 53.696 ], [ -0.864, 53.695 ] ] } },
{ "type": "Feature", "properties": { "name1": "River Derwent", "name2": "East and West Reach", "Strahler Stream Order": 5, "long_name": "Yorkshire", "short_name": "Yorkshire" }, "geometry": { "type": "LineString", "coordinates": [ [ -0.93, 53.793 ], [ -0.933, 53.79 ] ] } },
{ "type": "Feature", "properties": { "name1": "River Skell", "name2": " ", "Strahler Stream Order": 4, "long_name": "Yorkshire", "short_name": "Yorkshire" }, "geometry": { "type": "LineString", "coordinates": [ [ -1.536, 54.131 ], [ -1.527, 54.134 ], [ -1.503, 54.133 ] ] } },
{ "type": "Feature", "properties": { "name1": "River Wenning", "name2": " ", "Strahler Stream Order": 5, "long_name": "Yorkshire", "short_name": "Yorkshire" }, "geometry": { "type": "MultiLineString", "coordinates": [ [ [ -2.539, 54.119 ], [ -2.545, 54.117 ], [ -2.562, 54.124 ], [ -2.597, 54.125 ], [ -2.597, 54.118 ], [ -2.627, 54.114 ], [ -2.632, 54.109 ], [ -2.658, 54.109 ] ], [ [ -2.39, 54.101 ], [ -2.423, 54.106 ], [ -2.453, 54.104 ], [ -2.497, 54.114 ], [ -2.516, 54.113 ], [ -2.535, 54.116 ] ] ] } },
{ "type": "Feature", "properties": { "name1": "River Ouse", "name2": "Halfpenny Hill Reach", "Strahler Stream Order": 6, "long_name": "Yorkshire", "short_name": "Yorkshire" }, "geometry": { "type": "LineString", "coordinates": [ [ -1.097, 53.892 ], [ -1.096, 53.887 ] ] } },
{ "type": "Feature", "properties": { "name1": "River Hertford", "name2": " ", "Strahler Stream Order": 4, "long_name": "Yorkshire", "short_name": "Yorkshire" }, "geometry": { "type": "LineString", "coordinates": [ [ -0.437, 54.213 ], [ -0.475, 54.201 ], [ -0.499, 54.197 ] ] } },
{ "type": "Feature", "properties": { "name1": "River Don", "name2": " ", "Strahler Stream Order": 5, "long_name": "Yorkshire", "short_name": "Yorkshire" }, "geometry": { "type": "MultiLineString", "coordinates": [ [ [ -1.564, 53.477 ], [ -1.551, 53.458 ], [ -1.551, 53.446 ], [ -1.535, 53.44 ], [ -1.538, 53.435 ], [ -1.525, 53.425 ], [ -1.511, 53.42 ], [ -1.501, 53.41 ], [ -1.486, 53.406 ], [ -1.487, 53.396 ], [ -1.467, 53.389 ], [ -1.442, 53.389 ], [ -1.444, 53.394 ], [ -1.427, 53.401 ], [ -1.422, 53.41 ], [ -1.411, 53.417 ], [ -1.383, 53.42 ], [ -1.362, 53.425 ], [ -1.35, 53.44 ], [ -1.335, 53.444 ], [ -1.319, 53.444 ], [ -1.312, 53.461 ], [ -1.299, 53.467 ], [ -1.291, 53.491 ], [ -1.271, 53.491 ], [ -1.244, 53.495 ], [ -1.231, 53.489 ], [ -1.209, 53.489 ], [ -1.208, 53.495 ], [ -1.196, 53.499 ], [ -1.186, 53.51 ], [ -1.167, 53.507 ] ], [ [ -1.163, 53.518 ], [ -1.143, 53.525 ] ], [ [ -1.093, 53.554 ], [ -1.091, 53.564 ], [ -1.081, 53.571 ], [ -1.088, 53.594 ], [ -1.072, 53.594 ], [ -1.051, 53.602 ], [ -1.028, 53.605 ], [ -0.996, 53.612 ], [ -0.986, 53.617 ], [ -0.982, 53.628 ], [ -0.989, 53.645 ], [ -0.991, 53.674 ] ] ] } },
{ "type": "Feature", "properties": { "name1": "Winder Wheel", "name2": "River Wenning", "Strahler Stream Order": 4, "long_name": "Yorkshire", "short_name": "Yorkshire" }, "geometry": { "type": "LineString", "coordinates": [ [ -2.535, 54.116 ], [ -2.539, 54.119 ] ] } },
{ "type": "Feature", "properties": { "name1": " ", "name2": " ", "Strahler Stream Order": 4, "long_name": "Yorkshire", "short_name": "Yorkshire" }, "geometry": { "type": "MultiLineString", "coordinates": [ [ [ -2.17, 54.586 ], [ -2.146, 54.587 ], [ -2.127, 54.584 ] ], [ [ -2.167, 54.65 ], [ -2.166, 54.65 ] ], [ [ -2.12, 54.586 ], [ -2.085, 54.601 ] ], [ [ -2.108, 54.629 ], [ -2.104, 54.629 ] ], [ [ -2.009, 54.606 ], [ -2.007, 54.605 ] ], [ [ -2.001, 54.599 ], [ -2.0, 54.598 ] ], [ [ -1.871, 54.526 ], [ -1.87, 54.526 ] ], [ [ -1.286, 54.565 ], [ -1.284, 54.565 ] ], [ [ -1.207, 54.459 ], [ -1.211, 54.459 ] ] ] } },
{ "type": "Feature", "properties": { "name1": "River Humber", "name2": "Brough Roads", "Strahler Stream Order": 7, "long_name": "Yorkshire", "short_name": "Yorkshire" }, "geometry": { "type": "LineString", "coordinates": [ [ -0.591, 53.718 ], [ -0.588, 53.716 ] ] } },
{ "type": "Feature", "properties": { "name1": "River Swale", "name2": "Black Dub", "Strahler Stream Order": 4, "long_name": "Yorkshire", "short_name": "Yorkshire" }, "geometry": { "type": "LineString", "coordinates": [ [ -2.079, 54.376 ], [ -2.064, 54.377 ] ] } },
{ "type": "Feature", "properties": { "name1": "River Ouse", "name2": "Poppleton Reach", "Strahler Stream Order": 6, "long_name": "Yorkshire", "short_name": "Yorkshire" }, "geometry": { "type": "LineString", "coordinates": [ [ -1.15, 53.989 ], [ -1.137, 53.991 ] ] } },
{ "type": "Feature", "properties": { "name1": "River Ouse", "name2": "Beningbrough Reach", "Strahler Stream Order": 6, "long_name": "Yorkshire", "short_name": "Yorkshire" }, "geometry": { "type": "LineString", "coordinates": [ [ -1.2, 54.012 ], [ -1.198, 54.012 ] ] } },
{ "type": "Feature", "properties": { "name1": " ", "name2": " ", "Strahler Stream Order": 5, "long_name": "Yorkshire", "short_name": "Yorkshire" }, "geometry": { "type": "MultiLineString", "coordinates": [ [ [ -2.124, 54.282 ], [ -2.123, 54.284 ] ], [ [ -1.816, 53.932 ], [ -1.815, 53.932 ] ], [ [ -1.809, 54.128 ], [ -1.803, 54.119 ], [ -1.786, 54.11 ] ], [ [ -1.746, 53.429 ], [ -1.748, 53.418 ], [ -1.743, 53.405 ] ], [ [ -1.744, 53.433 ], [ -1.746, 53.429 ] ], [ [ -1.742, 53.402 ], [ -1.724, 53.393 ], [ -1.712, 53.38 ], [ -1.71, 53.373 ], [ -1.703, 53.366 ] ], [ [ -1.664, 54.037 ], [ -1.663, 54.037 ] ], [ [ -1.639, 53.906 ], [ -1.637, 53.905 ] ], [ [ -1.445, 53.717 ], [ -1.441, 53.719 ] ], [ [ -1.433, 53.718 ], [ -1.431, 53.718 ] ], [ [ -1.203, 54.013 ], [ -1.2, 54.012 ] ], [ [ -1.189, 53.724 ], [ -1.184, 53.727 ] ], [ [ -1.103, 53.901 ], [ -1.103, 53.897 ] ], [ [ -1.087, 53.927 ], [ -1.091, 53.923 ] ], [ [ -1.075, 53.932 ], [ -1.077, 53.929 ] ], [ [ -1.029, 53.771 ], [ -1.03, 53.77 ] ], [ [ -1.022, 53.774 ], [ -1.024, 53.771 ] ], [ [ -1.0, 53.768 ], [ -0.996, 53.765 ] ], [ [ -0.991, 53.661 ], [ -0.99, 53.661 ] ], [ [ -0.979, 53.752 ], [ -0.968, 53.749 ] ], [ [ -0.912, 53.729 ], [ -0.905, 53.728 ] ], [ [ -0.874, 53.723 ], [ -0.865, 53.723 ] ], [ [ -0.865, 53.697 ], [ -0.864, 53.695 ] ], [ [ -0.863, 53.723 ], [ -0.859, 53.724 ] ], [ [ -0.785, 53.169 ], [ -0.784, 53.17 ] ], [ [ -0.741, 54.171 ], [ -0.74, 54.171 ] ], [ [ -0.741, 54.171 ], [ -0.74, 54.171 ] ], [ [ -0.74, 54.171 ], [ -0.739, 54.171 ] ], [ [ -0.738, 53.706 ], [ -0.733, 53.707 ] ], [ [ -0.694, 53.698 ], [ -0.686, 53.702 ] ], [ [ -0.595, 53.719 ], [ -0.591, 53.718 ] ] ] } },
{ "type": "Feature", "properties": { "name1": " ", "name2": " ", "Strahler Stream Order": 4, "long_name": "Yorkshire", "short_name": "Yorkshire" }, "geometry": { "type": "LineString", "coordinates": [ [ -0.792, 54.436 ], [ -0.791, 54.436 ] ] } },
{ "type": "Feature", "properties": { "name1": "Thief Lane End Reach", "name2": "River Ouse", "Strahler Stream Order": 6, "long_name": "Yorkshire", "short_name": "Yorkshire" }, "geometry": { "type": "LineString", "coordinates": [ [ -1.03, 53.77 ], [ -1.026, 53.76 ], [ -1.014, 53.763 ] ] } },
{ "type": "Feature", "properties": { "name1": "River Worth", "name2": " ", "Strahler Stream Order": 4, "long_name": "Yorkshire", "short_name": "Yorkshire" }, "geometry": { "type": "LineString", "coordinates": [ [ -1.947, 53.839 ], [ -1.932, 53.841 ], [ -1.922, 53.846 ], [ -1.907, 53.863 ], [ -1.885, 53.875 ] ] } },
{ "type": "Feature", "properties": { "name1": "River Ryburn", "name2": " ", "Strahler Stream Order": 4, "long_name": "Yorkshire", "short_name": "Yorkshire" }, "geometry": { "type": "LineString", "coordinates": [ [ -1.949, 53.666 ], [ -1.937, 53.675 ], [ -1.932, 53.684 ], [ -1.934, 53.697 ], [ -1.913, 53.704 ], [ -1.912, 53.708 ] ] } },
{ "type": "Feature", "properties": { "name1": "River Ribble", "name2": " ", "Strahler Stream Order": 6, "long_name": "Yorkshire", "short_name": "Yorkshire" }, "geometry": { "type": "MultiLineString", "coordinates": [ [ [ -2.497, 53.82 ], [ -2.529, 53.812 ], [ -2.53, 53.804 ], [ -2.556, 53.809 ], [ -2.574, 53.791 ], [ -2.597, 53.796 ], [ -2.602, 53.79 ], [ -2.599, 53.782 ], [ -2.619, 53.779 ], [ -2.628, 53.767 ], [ -2.643, 53.766 ], [ -2.657, 53.761 ], [ -2.663, 53.749 ], [ -2.685, 53.749 ], [ -2.7, 53.752 ], [ -2.713, 53.748 ], [ -2.725, 53.758 ], [ -2.753, 53.758 ], [ -2.791, 53.752 ], [ -2.877, 53.733 ], [ -2.943, 53.727 ], [ -2.975, 53.731 ], [ -3.004, 53.725 ], [ -3.059, 53.721 ], [ -3.081, 53.714 ] ], [ [ -2.476, 53.827 ], [ -2.494, 53.818 ] ], [ [ -2.34, 53.916 ], [ -2.354, 53.898 ], [ -2.37, 53.9 ], [ -2.379, 53.893 ], [ -2.397, 53.887 ], [ -2.395, 53.882 ], [ -2.413, 53.877 ], [ -2.425, 53.86 ], [ -2.418, 53.853 ], [ -2.426, 53.845 ], [ -2.442, 53.839 ], [ -2.442, 53.83 ], [ -2.473, 53.831 ] ], [ [ -2.28, 54.098 ], [ -2.274, 54.088 ], [ -2.284, 54.083 ], [ -2.281, 54.075 ], [ -2.298, 54.052 ], [ -2.289, 54.042 ], [ -2.284, 54.026 ], [ -2.272, 54.017 ], [ -2.268, 54.009 ], [ -2.257, 54.005 ], [ -2.259, 53.996 ], [ -2.229, 53.992 ], [ -2.219, 53.981 ], [ -2.248, 53.96 ], [ -2.269, 53.952 ], [ -2.268, 53.944 ], [ -2.29, 53.934 ], [ -2.308, 53.934 ] ] ] } },
{ "type": "Feature", "properties": { "name1": "Holbeck", "name2": " ", "Strahler Stream Order": 4, "long_name": "Yorkshire", "short_name": "Yorkshire" }, "geometry": { "type": "LineString", "coordinates": [ [ -0.9, 54.19 ], [ -0.895, 54.191 ] ] } },
{ "type": "Feature", "properties": { "name1": "River Derwent", "name2": "Ferry Reach", "Strahler Stream Order": 5, "long_name": "Yorkshire", "short_name": "Yorkshire" }, "geometry": { "type": "LineString", "coordinates": [ [ -0.941, 53.824 ], [ -0.927, 53.819 ] ] } },
{ "type": "Feature", "properties": { "name1": "River Dove", "name2": " ", "Strahler Stream Order": 4, "long_name": "Yorkshire", "short_name": "Yorkshire" }, "geometry": { "type": "MultiLineString", "coordinates": [ [ [ -1.785, 53.05 ], [ -1.779, 53.043 ], [ -1.768, 53.044 ], [ -1.759, 53.038 ], [ -1.757, 53.029 ], [ -1.763, 53.025 ], [ -1.762, 53.015 ], [ -1.771, 52.996 ], [ -1.784, 52.995 ], [ -1.788, 52.989 ], [ -1.803, 52.981 ], [ -1.824, 52.979 ], [ -1.829, 52.975 ], [ -1.828, 52.964 ], [ -1.832, 52.955 ], [ -1.83, 52.946 ], [ -1.849, 52.936 ], [ -1.857, 52.924 ], [ -1.848, 52.92 ], [ -1.842, 52.905 ], [ -1.828, 52.884 ], [ -1.812, 52.881 ], [ -1.777, 52.884 ], [ -1.75, 52.873 ], [ -1.74, 52.865 ], [ -1.716, 52.861 ], [ -1.704, 52.867 ], [ -1.669, 52.861 ], [ -1.66, 52.857 ], [ -1.641, 52.856 ], [ -1.623, 52.848 ], [ -1.605, 52.843 ], [ -1.585, 52.831 ] ], [ [ -0.931, 54.238 ], [ -0.918, 54.218 ], [ -0.905, 54.212 ], [ -0.91, 54.202 ] ] ] } },
{ "type": "Feature", "properties": { "name1": "River Ouse", "name2": "Moreby Reach", "Strahler Stream Order": 6, "long_name": "Yorkshire", "short_name": "Yorkshire" }, "geometry": { "type": "LineString", "coordinates": [ [ -1.096, 53.885 ], [ -1.1, 53.877 ], [ -1.11, 53.873 ] ] } },
{ "type": "Feature", "properties": { "name1": "River Derwent", "name2": "New Cut", "Strahler Stream Order": 5, "long_name": "Yorkshire", "short_name": "Yorkshire" }, "geometry": { "type": "LineString", "coordinates": [ [ -0.816, 54.12 ], [ -0.817, 54.12 ] ] } },
{ "type": "Feature", "properties": { "name1": "Weaver Navigation", "name2": "River Weaver", "Strahler Stream Order": 5, "long_name": "Greater Manchester Merseyside and Cheshire", "short_name": "Gtr Mancs Mersey and Ches" }, "geometry": { "type": "LineString", "coordinates": [ [ -2.628, 53.283 ], [ -2.639, 53.282 ] ] } },
{ "type": "Feature", "properties": { "name1": "River Dane", "name2": "Gooseberry Pool", "Strahler Stream Order": 4, "long_name": "Greater Manchester Merseyside and Cheshire", "short_name": "Gtr Mancs Mersey and Ches" }, "geometry": { "type": "LineString", "coordinates": [ [ -2.174, 53.189 ], [ -2.18, 53.187 ] ] } },
{ "type": "Feature", "properties": { "name1": "River Alt", "name2": " ", "Strahler Stream Order": 5, "long_name": "Greater Manchester Merseyside and Cheshire", "short_name": "Gtr Mancs Mersey and Ches" }, "geometry": { "type": "LineString", "coordinates": [ [ -2.906, 53.471 ], [ -2.931, 53.483 ], [ -2.948, 53.498 ], [ -2.963, 53.501 ], [ -2.968, 53.512 ], [ -3.014, 53.535 ], [ -3.05, 53.544 ], [ -3.06, 53.545 ], [ -3.07, 53.536 ], [ -3.062, 53.529 ], [ -3.066, 53.524 ], [ -3.063, 53.509 ], [ -3.072, 53.499 ], [ -3.079, 53.498 ] ] } },
{ "type": "Feature", "properties": { "name1": "River Dane", "name2": " ", "Strahler Stream Order": 4, "long_name": "Greater Manchester Merseyside and Cheshire", "short_name": "Gtr Mancs Mersey and Ches" }, "geometry": { "type": "MultiLineString", "coordinates": [ [ [ -2.18, 53.187 ], [ -2.199, 53.172 ], [ -2.209, 53.167 ], [ -2.226, 53.168 ], [ -2.236, 53.178 ], [ -2.25, 53.181 ], [ -2.267, 53.18 ], [ -2.285, 53.194 ], [ -2.319, 53.201 ], [ -2.327, 53.206 ], [ -2.378, 53.206 ], [ -2.391, 53.207 ], [ -2.409, 53.203 ], [ -2.419, 53.204 ], [ -2.46, 53.199 ], [ -2.477, 53.218 ], [ -2.493, 53.227 ], [ -2.491, 53.236 ], [ -2.501, 53.243 ], [ -2.495, 53.252 ], [ -2.509, 53.254 ], [ -2.516, 53.26 ] ], [ [ -2.144, 53.187 ], [ -2.174, 53.189 ] ], [ [ -2.105, 53.169 ], [ -2.13, 53.177 ], [ -2.134, 53.185 ], [ -2.143, 53.187 ] ], [ [ -2.084, 53.17 ], [ -2.095, 53.173 ], [ -2.103, 53.169 ] ], [ [ -2.053, 53.184 ], [ -2.058, 53.176 ], [ -2.071, 53.173 ] ], [ [ -2.046, 53.193 ], [ -2.055, 53.187 ] ], [ [ -2.054, 53.185 ], [ -2.053, 53.184 ] ] ] } },
{ "type": "Feature", "properties": { "name1": "River Dane", "name2": "Pecker Pool", "Strahler Stream Order": 4, "long_name": "Greater Manchester Merseyside and Cheshire", "short_name": "Gtr Mancs Mersey and Ches" }, "geometry": { "type": "LineString", "coordinates": [ [ -2.143, 53.187 ], [ -2.144, 53.187 ] ] } },
{ "type": "Feature", "properties": { "name1": "Crossens Pool", "name2": " ", "Strahler Stream Order": 5, "long_name": "Greater Manchester Merseyside and Cheshire", "short_name": "Gtr Mancs Mersey and Ches" }, "geometry": { "type": "MultiLineString", "coordinates": [ [ [ -2.959, 53.697 ], [ -2.95, 53.705 ], [ -2.966, 53.707 ], [ -2.986, 53.706 ], [ -3.0, 53.719 ], [ -3.014, 53.724 ] ], [ [ -2.957, 53.69 ], [ -2.959, 53.697 ] ], [ [ -2.953, 53.691 ], [ -2.956, 53.69 ] ], [ [ -2.945, 53.679 ], [ -2.953, 53.685 ] ], [ [ -2.953, 53.685 ], [ -2.952, 53.69 ] ] ] } },
{ "type": "Feature", "properties": { "name1": "Witton Brook", "name2": " ", "Strahler Stream Order": 4, "long_name": "Greater Manchester Merseyside and Cheshire", "short_name": "Gtr Mancs Mersey and Ches" }, "geometry": { "type": "LineString", "coordinates": [ [ -2.507, 53.268 ], [ -2.519, 53.27 ] ] } },
{ "type": "Feature", "properties": { "name1": "River Douglas", "name2": " ", "Strahler Stream Order": 4, "long_name": "Greater Manchester Merseyside and Cheshire", "short_name": "Gtr Mancs Mersey and Ches" }, "geometry": { "type": "LineString", "coordinates": [ [ -2.645, 53.54 ], [ -2.664, 53.557 ], [ -2.684, 53.562 ], [ -2.691, 53.56 ], [ -2.711, 53.564 ], [ -2.72, 53.577 ], [ -2.744, 53.584 ], [ -2.771, 53.585 ], [ -2.777, 53.598 ], [ -2.792, 53.606 ], [ -2.806, 53.632 ], [ -2.811, 53.648 ], [ -2.809, 53.661 ], [ -2.824, 53.68 ], [ -2.834, 53.698 ], [ -2.824, 53.703 ], [ -2.827, 53.716 ], [ -2.838, 53.726 ], [ -2.864, 53.736 ] ] } },
{ "type": "Feature", "properties": { "name1": "Pennington Brook", "name2": " ", "Strahler Stream Order": 4, "long_name": "Greater Manchester Merseyside and Cheshire", "short_name": "Gtr Mancs Mersey and Ches" }, "geometry": { "type": "LineString", "coordinates": [ [ -2.492, 53.479 ], [ -2.491, 53.478 ] ] } },
{ "type": "Feature", "properties": { "name1": "The Feeder", "name2": " ", "Strahler Stream Order": 4, "long_name": "Greater Manchester Merseyside and Cheshire", "short_name": "Gtr Mancs Mersey and Ches" }, "geometry": { "type": "LineString", "coordinates": [ [ -2.561, 53.394 ], [ -2.562, 53.395 ] ] } },
{ "type": "Feature", "properties": { "name1": "River Croal", "name2": " ", "Strahler Stream Order": 4, "long_name": "Greater Manchester Merseyside and Cheshire", "short_name": "Gtr Mancs Mersey and Ches" }, "geometry": { "type": "LineString", "coordinates": [ [ -2.404, 53.567 ], [ -2.382, 53.55 ] ] } },
{ "type": "Feature", "properties": { "name1": "Wincham Brook", "name2": " ", "Strahler Stream Order": 4, "long_name": "Greater Manchester Merseyside and Cheshire", "short_name": "Gtr Mancs Mersey and Ches" }, "geometry": { "type": "LineString", "coordinates": [ [ -2.45, 53.278 ], [ -2.465, 53.277 ], [ -2.473, 53.269 ], [ -2.497, 53.265 ] ] } },
{ "type": "Feature", "properties": { "name1": "River Tonge", "name2": " ", "Strahler Stream Order": 4, "long_name": "Greater Manchester Merseyside and Cheshire", "short_name": "Gtr Mancs Mersey and Ches" }, "geometry": { "type": "LineString", "coordinates": [ [ -2.425, 53.596 ], [ -2.414, 53.585 ], [ -2.412, 53.576 ], [ -2.404, 53.567 ] ] } },
{ "type": "Feature", "properties": { "name1": "River Roch", "name2": " ", "Strahler Stream Order": 4, "long_name": "Greater Manchester Merseyside and Cheshire", "short_name": "Gtr Mancs Mersey and Ches" }, "geometry": { "type": "LineString", "coordinates": [ [ -2.132, 53.628 ], [ -2.144, 53.617 ], [ -2.189, 53.61 ], [ -2.215, 53.603 ], [ -2.251, 53.599 ], [ -2.27, 53.589 ], [ -2.283, 53.587 ], [ -2.284, 53.575 ], [ -2.301, 53.562 ] ] } },
{ "type": "Feature", "properties": { "name1": "Downholland Brook", "name2": " ", "Strahler Stream Order": 4, "long_name": "Greater Manchester Merseyside and Cheshire", "short_name": "Gtr Mancs Mersey and Ches" }, "geometry": { "type": "LineString", "coordinates": [ [ -3.018, 53.571 ], [ -3.041, 53.565 ], [ -3.039, 53.552 ], [ -3.047, 53.543 ] ] } },
{ "type": "Feature", "properties": { "name1": "Wade Brook", "name2": " ", "Strahler Stream Order": 4, "long_name": "Greater Manchester Merseyside and Cheshire", "short_name": "Gtr Mancs Mersey and Ches" }, "geometry": { "type": "LineString", "coordinates": [ [ -2.497, 53.265 ], [ -2.507, 53.268 ] ] } },
{ "type": "Feature", "properties": { "name1": "River Etherow", "name2": " ", "Strahler Stream Order": 5, "long_name": "Greater Manchester Merseyside and Cheshire", "short_name": "Gtr Mancs Mersey and Ches" }, "geometry": { "type": "MultiLineString", "coordinates": [ [ [ -1.967, 53.471 ], [ -1.979, 53.468 ], [ -1.988, 53.461 ], [ -1.987, 53.454 ], [ -1.996, 53.446 ], [ -2.015, 53.44 ], [ -2.026, 53.43 ], [ -2.059, 53.409 ] ], [ [ -1.936, 53.48 ], [ -1.939, 53.478 ] ], [ [ -1.917, 53.482 ], [ -1.918, 53.482 ] ], [ [ -1.88, 53.492 ], [ -1.887, 53.488 ] ], [ [ -1.825, 53.493 ], [ -1.848, 53.495 ] ] ] } },
{ "type": "Feature", "properties": { "name1": "River Dee", "name2": "Afon Dyfrdwy", "Strahler Stream Order": 5, "long_name": "Greater Manchester Merseyside and Cheshire", "short_name": "Gtr Mancs Mersey and Ches" }, "geometry": { "type": "MultiLineString", "coordinates": [ [ [ -3.675, 52.862 ], [ -3.651, 52.869 ] ], [ [ -3.593, 52.903 ], [ -3.578, 52.907 ], [ -3.573, 52.918 ], [ -3.561, 52.918 ], [ -3.542, 52.911 ], [ -3.521, 52.91 ], [ -3.518, 52.916 ], [ -3.504, 52.922 ], [ -3.482, 52.919 ], [ -3.475, 52.924 ], [ -3.464, 52.92 ], [ -3.443, 52.935 ], [ -3.439, 52.943 ], [ -3.427, 52.952 ], [ -3.42, 52.951 ], [ -3.406, 52.965 ], [ -3.377, 52.987 ], [ -3.367, 52.984 ], [ -3.338, 52.982 ], [ -3.321, 52.983 ], [ -3.304, 52.979 ], [ -3.283, 52.979 ], [ -3.26, 52.976 ], [ -3.249, 52.983 ], [ -3.233, 52.974 ], [ -3.222, 52.981 ], [ -3.233, 52.985 ], [ -3.226, 52.992 ], [ -3.211, 52.991 ], [ -3.211, 52.983 ], [ -3.195, 52.98 ], [ -3.184, 52.984 ], [ -3.176, 52.971 ], [ -3.154, 52.97 ], [ -3.129, 52.972 ], [ -3.127, 52.964 ], [ -3.095, 52.963 ], [ -3.091, 52.971 ], [ -3.076, 52.964 ], [ -3.05, 52.96 ], [ -3.041, 52.962 ], [ -3.026, 52.953 ], [ -3.012, 52.949 ], [ -3.008, 52.957 ], [ -2.982, 52.959 ], [ -2.98, 52.965 ], [ -2.949, 52.965 ], [ -2.948, 52.972 ], [ -2.963, 52.972 ], [ -2.957, 52.99 ], [ -2.95, 52.992 ], [ -2.938, 52.985 ], [ -2.935, 52.998 ], [ -2.914, 53.003 ], [ -2.865, 53.026 ], [ -2.861, 53.044 ], [ -2.862, 53.062 ], [ -2.869, 53.07 ], [ -2.882, 53.074 ], [ -2.876, 53.082 ], [ -2.892, 53.088 ], [ -2.899, 53.094 ], [ -2.892, 53.11 ], [ -2.884, 53.111 ], [ -2.871, 53.142 ] ], [ [ -2.87, 53.148 ], [ -2.877, 53.15 ], [ -2.875, 53.161 ], [ -2.882, 53.171 ], [ -2.871, 53.182 ], [ -2.877, 53.191 ], [ -2.901, 53.183 ], [ -2.905, 53.193 ], [ -2.922, 53.182 ], [ -2.932, 53.181 ], [ -3.043, 53.221 ], [ -3.061, 53.223 ], [ -3.072, 53.233 ], [ -3.11, 53.251 ], [ -3.118, 53.258 ], [ -3.144, 53.268 ], [ -3.158, 53.268 ], [ -3.196, 53.296 ], [ -3.206, 53.312 ], [ -3.208, 53.326 ], [ -3.229, 53.356 ], [ -3.228, 53.363 ] ] ] } },
{ "type": "Feature", "properties": { "name1": "Three Pools Waterway", "name2": " ", "Strahler Stream Order": 4, "long_name": "Greater Manchester Merseyside and Cheshire", "short_name": "Gtr Mancs Mersey and Ches" }, "geometry": { "type": "LineString", "coordinates": [ [ -2.959, 53.642 ], [ -2.949, 53.654 ], [ -2.94, 53.659 ], [ -2.947, 53.667 ], [ -2.944, 53.679 ] ] } },
{ "type": "Feature", "properties": { "name1": "Manchester Ship Canal", "name2": " ", "Strahler Stream Order": 5, "long_name": "Greater Manchester Merseyside and Cheshire", "short_name": "Gtr Mancs Mersey and Ches" }, "geometry": { "type": "LineString", "coordinates": [ [ -2.265, 53.473 ], [ -2.283, 53.465 ], [ -2.321, 53.48 ], [ -2.356, 53.474 ], [ -2.383, 53.464 ] ] } },
{ "type": "Feature", "properties": { "name1": "Moss Brook", "name2": "Black Brook", "Strahler Stream Order": 4, "long_name": "Greater Manchester Merseyside and Cheshire", "short_name": "Gtr Mancs Mersey and Ches" }, "geometry": { "type": "LineString", "coordinates": [ [ -2.474, 53.482 ], [ -2.492, 53.479 ] ] } },
{ "type": "Feature", "properties": { "name1": "River Irwell", "name2": " ", "Strahler Stream Order": 5, "long_name": "Greater Manchester Merseyside and Cheshire", "short_name": "Gtr Mancs Mersey and Ches" }, "geometry": { "type": "LineString", "coordinates": [ [ -2.206, 53.695 ], [ -2.215, 53.692 ], [ -2.239, 53.69 ], [ -2.27, 53.699 ], [ -2.288, 53.7 ], [ -2.301, 53.696 ], [ -2.323, 53.67 ], [ -2.313, 53.658 ], [ -2.314, 53.648 ], [ -2.309, 53.641 ], [ -2.315, 53.632 ], [ -2.308, 53.614 ], [ -2.3, 53.602 ], [ -2.308, 53.594 ], [ -2.314, 53.579 ], [ -2.304, 53.577 ], [ -2.301, 53.561 ], [ -2.307, 53.557 ], [ -2.323, 53.56 ], [ -2.35, 53.554 ], [ -2.356, 53.557 ], [ -2.382, 53.55 ], [ -2.359, 53.545 ], [ -2.324, 53.527 ], [ -2.312, 53.528 ], [ -2.29, 53.511 ], [ -2.29, 53.504 ], [ -2.278, 53.5 ], [ -2.268, 53.492 ], [ -2.249, 53.49 ], [ -2.248, 53.483 ], [ -2.265, 53.473 ] ] } },
{ "type": "Feature", "properties": { "name1": "Glaze Brook", "name2": " ", "Strahler Stream Order": 4, "long_name": "Greater Manchester Merseyside and Cheshire", "short_name": "Gtr Mancs Mersey and Ches" }, "geometry": { "type": "LineString", "coordinates": [ [ -2.491, 53.478 ], [ -2.49, 53.46 ], [ -2.476, 53.448 ], [ -2.474, 53.439 ], [ -2.463, 53.437 ], [ -2.449, 53.423 ], [ -2.449, 53.416 ] ] } },
{ "type": "Feature", "properties": { "name1": "The Sloyne", "name2": "River Mersey", "Strahler Stream Order": 5, "long_name": "Greater Manchester Merseyside and Cheshire", "short_name": "Gtr Mancs Mersey and Ches" }, "geometry": { "type": "LineString", "coordinates": [ [ -2.969, 53.364 ], [ -2.991, 53.384 ] ] } },
{ "type": "Feature", "properties": { "name1": "River Goyt", "name2": " ", "Strahler Stream Order": 5, "long_name": "Greater Manchester Merseyside and Cheshire", "short_name": "Gtr Mancs Mersey and Ches" }, "geometry": { "type": "LineString", "coordinates": [ [ -1.986, 53.325 ], [ -1.977, 53.339 ], [ -1.985, 53.351 ], [ -1.998, 53.363 ], [ -2.028, 53.364 ], [ -2.051, 53.383 ], [ -2.056, 53.409 ], [ -2.084, 53.409 ], [ -2.099, 53.398 ], [ -2.119, 53.404 ], [ -2.125, 53.414 ], [ -2.157, 53.414 ] ] } },
{ "type": "Feature", "properties": { "name1": "River Wheelock", "name2": " ", "Strahler Stream Order": 4, "long_name": "Greater Manchester Merseyside and Cheshire", "short_name": "Gtr Mancs Mersey and Ches" }, "geometry": { "type": "LineString", "coordinates": [ [ -2.37, 53.129 ], [ -2.381, 53.128 ], [ -2.415, 53.131 ], [ -2.442, 53.151 ], [ -2.443, 53.171 ], [ -2.457, 53.176 ], [ -2.46, 53.199 ] ] } },
{ "type": "Feature", "properties": { "name1": "River Mersey", "name2": " ", "Strahler Stream Order": 5, "long_name": "Greater Manchester Merseyside and Cheshire", "short_name": "Gtr Mancs Mersey and Ches" }, "geometry": { "type": "MultiLineString", "coordinates": [ [ [ -2.991, 53.384 ], [ -3.008, 53.406 ], [ -3.015, 53.426 ], [ -3.026, 53.446 ], [ -3.046, 53.458 ] ], [ [ -2.562, 53.395 ], [ -2.564, 53.388 ], [ -2.578, 53.384 ], [ -2.592, 53.386 ], [ -2.598, 53.375 ], [ -2.607, 53.375 ], [ -2.609, 53.387 ], [ -2.623, 53.375 ], [ -2.638, 53.378 ], [ -2.645, 53.373 ], [ -2.657, 53.375 ], [ -2.678, 53.355 ], [ -2.702, 53.362 ], [ -2.717, 53.355 ], [ -2.727, 53.355 ], [ -2.732, 53.347 ], [ -2.744, 53.35 ], [ -2.761, 53.349 ], [ -2.768, 53.345 ], [ -2.777, 53.331 ], [ -2.772, 53.321 ], [ -2.815, 53.313 ], [ -2.84, 53.316 ], [ -2.866, 53.309 ], [ -2.921, 53.324 ], [ -2.938, 53.333 ], [ -2.962, 53.359 ], [ -2.969, 53.364 ] ], [ [ -2.546, 53.396 ], [ -2.561, 53.394 ] ] ] } },
{ "type": "Feature", "properties": { "name1": "River Mersey", "name2": " ", "Strahler Stream Order": 5, "long_name": "Greater Manchester Merseyside and Cheshire", "short_name": "Gtr Mancs Mersey and Ches" }, "geometry": { "type": "MultiLineString", "coordinates": [ [ [ -2.426, 53.426 ], [ -2.451, 53.415 ], [ -2.465, 53.401 ], [ -2.472, 53.398 ] ], [ [ -2.414, 53.437 ], [ -2.421, 53.428 ] ], [ [ -2.157, 53.414 ], [ -2.176, 53.406 ], [ -2.2, 53.407 ], [ -2.22, 53.405 ], [ -2.222, 53.401 ], [ -2.241, 53.401 ], [ -2.24, 53.412 ], [ -2.254, 53.409 ], [ -2.284, 53.425 ], [ -2.289, 53.432 ], [ -2.311, 53.437 ], [ -2.328, 53.433 ], [ -2.35, 53.438 ], [ -2.38, 53.436 ], [ -2.385, 53.441 ], [ -2.414, 53.437 ] ], [ [ -2.383, 53.464 ], [ -2.396, 53.459 ], [ -2.407, 53.45 ], [ -2.414, 53.437 ] ] ] } },
{ "type": "Feature", "properties": { "name1": "River Bollin", "name2": " ", "Strahler Stream Order": 4, "long_name": "Greater Manchester Merseyside and Cheshire", "short_name": "Gtr Mancs Mersey and Ches" }, "geometry": { "type": "LineString", "coordinates": [ [ -2.11, 53.241 ], [ -2.12, 53.25 ], [ -2.121, 53.265 ], [ -2.143, 53.274 ], [ -2.147, 53.288 ], [ -2.169, 53.314 ], [ -2.183, 53.322 ], [ -2.2, 53.325 ], [ -2.24, 53.332 ], [ -2.26, 53.348 ], [ -2.272, 53.348 ], [ -2.28, 53.338 ], [ -2.297, 53.344 ], [ -2.297, 53.349 ], [ -2.323, 53.358 ], [ -2.33, 53.364 ], [ -2.357, 53.368 ], [ -2.365, 53.363 ], [ -2.401, 53.375 ], [ -2.408, 53.383 ], [ -2.446, 53.392 ], [ -2.478, 53.396 ] ] } },
{ "type": "Feature", "properties": { "name1": "River Weaver", "name2": " ", "Strahler Stream Order": 5, "long_name": "Greater Manchester Merseyside and Cheshire", "short_name": "Gtr Mancs Mersey and Ches" }, "geometry": { "type": "MultiLineString", "coordinates": [ [ [ -2.639, 53.282 ], [ -2.657, 53.287 ], [ -2.683, 53.291 ], [ -2.687, 53.299 ], [ -2.707, 53.301 ], [ -2.724, 53.313 ], [ -2.74, 53.307 ], [ -2.748, 53.313 ] ], [ [ -2.518, 53.19 ], [ -2.517, 53.202 ], [ -2.521, 53.211 ], [ -2.533, 53.223 ], [ -2.542, 53.227 ], [ -2.525, 53.242 ], [ -2.517, 53.253 ], [ -2.519, 53.27 ], [ -2.529, 53.273 ], [ -2.555, 53.262 ], [ -2.562, 53.273 ], [ -2.593, 53.272 ], [ -2.601, 53.28 ], [ -2.622, 53.29 ], [ -2.628, 53.283 ] ], [ [ -2.615, 53.025 ], [ -2.607, 53.02 ], [ -2.577, 53.024 ], [ -2.567, 53.018 ], [ -2.565, 52.999 ], [ -2.548, 52.989 ], [ -2.539, 52.988 ], [ -2.53, 52.979 ], [ -2.519, 52.979 ], [ -2.521, 52.993 ], [ -2.509, 53.002 ], [ -2.508, 53.011 ], [ -2.494, 53.023 ], [ -2.5, 53.04 ], [ -2.51, 53.044 ], [ -2.526, 53.056 ], [ -2.526, 53.069 ], [ -2.516, 53.084 ], [ -2.503, 53.09 ], [ -2.506, 53.099 ], [ -2.498, 53.111 ], [ -2.504, 53.119 ], [ -2.502, 53.128 ], [ -2.508, 53.135 ], [ -2.495, 53.139 ], [ -2.503, 53.147 ], [ -2.49, 53.154 ], [ -2.496, 53.164 ], [ -2.489, 53.174 ], [ -2.512, 53.186 ] ] ] } },
{ "type": "Feature", "properties": { "name1": "Chew Brook", "name2": " ", "Strahler Stream Order": 4, "long_name": "Greater Manchester Merseyside and Cheshire", "short_name": "Gtr Mancs Mersey and Ches" }, "geometry": { "type": "LineString", "coordinates": [ [ -1.98, 53.531 ], [ -2.002, 53.532 ], [ -2.012, 53.535 ] ] } },
{ "type": "Feature", "properties": { "name1": "Belmont Brook", "name2": "Eagley Brook", "Strahler Stream Order": 4, "long_name": "Greater Manchester Merseyside and Cheshire", "short_name": "Gtr Mancs Mersey and Ches" }, "geometry": { "type": "LineString", "coordinates": [ [ -2.465, 53.633 ], [ -2.447, 53.628 ], [ -2.439, 53.617 ], [ -2.42, 53.612 ], [ -2.416, 53.605 ], [ -2.425, 53.596 ] ] } },
{ "type": "Feature", "properties": { "name1": "River Tame", "name2": " ", "Strahler Stream Order": 5, "long_name": "Greater Manchester Merseyside and Cheshire", "short_name": "Gtr Mancs Mersey and Ches" }, "geometry": { "type": "LineString", "coordinates": [ [ -2.009, 53.553 ], [ -2.012, 53.535 ], [ -2.032, 53.532 ], [ -2.032, 53.522 ], [ -2.041, 53.517 ], [ -2.038, 53.498 ], [ -2.048, 53.486 ], [ -2.1, 53.48 ], [ -2.105, 53.471 ], [ -2.094, 53.459 ], [ -2.09, 53.449 ], [ -2.093, 53.437 ], [ -2.106, 53.433 ], [ -2.111, 53.438 ], [ -2.13, 53.44 ], [ -2.148, 53.435 ], [ -2.148, 53.42 ], [ -2.157, 53.414 ] ] } },
{ "type": "Feature", "properties": { "name1": "River Dane", "name2": "Hammond's Hole", "Strahler Stream Order": 4, "long_name": "Greater Manchester Merseyside and Cheshire", "short_name": "Gtr Mancs Mersey and Ches" }, "geometry": { "type": "LineString", "coordinates": [ [ -2.071, 53.173 ], [ -2.071, 53.172 ] ] } },
{ "type": "Feature", "properties": { "name1": " ", "name2": " ", "Strahler Stream Order": 6, "long_name": "Greater Manchester Merseyside and Cheshire", "short_name": "Gtr Mancs Mersey and Ches" }, "geometry": { "type": "MultiLineString", "coordinates": [ [ [ -2.472, 53.398 ], [ -2.469, 53.406 ], [ -2.484, 53.411 ] ], [ [ -2.421, 53.428 ], [ -2.426, 53.426 ] ], [ [ -1.977, 53.53 ], [ -1.98, 53.531 ] ], [ [ -1.939, 53.478 ], [ -1.958, 53.469 ], [ -1.967, 53.471 ] ], [ [ -1.918, 53.482 ], [ -1.936, 53.48 ] ], [ [ -1.887, 53.488 ], [ -1.903, 53.482 ], [ -1.917, 53.482 ] ], [ [ -1.848, 53.495 ], [ -1.88, 53.492 ] ] ] } },
{ "type": "Feature", "properties": { "name1": " ", "name2": " ", "Strahler Stream Order": 4, "long_name": "Greater Manchester Merseyside and Cheshire", "short_name": "Gtr Mancs Mersey and Ches" }, "geometry": { "type": "MultiLineString", "coordinates": [ [ [ -2.512, 53.186 ], [ -2.518, 53.19 ] ], [ [ -2.103, 53.169 ], [ -2.105, 53.169 ] ], [ [ -2.071, 53.172 ], [ -2.084, 53.17 ] ], [ [ -2.055, 53.187 ], [ -2.054, 53.185 ] ] ] } },
{ "type": "Feature", "properties": { "name1": " ", "name2": " ", "Strahler Stream Order": 4, "long_name": "Greater Manchester Merseyside and Cheshire", "short_name": "Gtr Mancs Mersey and Ches" }, "geometry": { "type": "MultiLineString", "coordinates": [ [ [ -2.969, 53.68 ], [ -2.953, 53.684 ] ], [ [ -2.956, 53.69 ], [ -2.957, 53.69 ] ], [ [ -2.953, 53.685 ], [ -2.952, 53.686 ] ], [ [ -2.952, 53.69 ], [ -2.953, 53.691 ] ], [ [ -2.576, 53.636 ], [ -2.577, 53.635 ] ], [ [ -2.576, 53.635 ], [ -2.575, 53.626 ] ], [ [ -2.487, 53.878 ], [ -2.486, 53.878 ] ] ] } },
{ "type": "Feature", "properties": { "name1": "Sankey Brook", "name2": " ", "Strahler Stream Order": 4, "long_name": "Greater Manchester Merseyside and Cheshire", "short_name": "Gtr Mancs Mersey and Ches" }, "geometry": { "type": "LineString", "coordinates": [ [ -2.709, 53.457 ], [ -2.684, 53.457 ], [ -2.678, 53.453 ], [ -2.646, 53.444 ], [ -2.632, 53.442 ], [ -2.625, 53.434 ], [ -2.623, 53.421 ], [ -2.607, 53.416 ], [ -2.609, 53.403 ], [ -2.617, 53.397 ], [ -2.617, 53.386 ], [ -2.639, 53.378 ] ] } },
{ "type": "Feature", "properties": { "name1": " ", "name2": " ", "Strahler Stream Order": 5, "long_name": "Greater Manchester Merseyside and Cheshire", "short_name": "Gtr Mancs Mersey and Ches" }, "geometry": { "type": "MultiLineString", "coordinates": [ [ [ -3.722, 52.946 ], [ -3.695, 52.951 ], [ -3.672, 52.944 ] ], [ [ -3.651, 52.869 ], [ -3.639, 52.875 ], [ -3.634, 52.882 ], [ -3.603, 52.902 ], [ -3.593, 52.903 ] ], [ [ -2.871, 53.142 ], [ -2.87, 53.148 ] ] ] } },
{ "type": "Feature", "properties": { "name1": "Wealth Hole", "name2": "Shaw's Mere", "Strahler Stream Order": 6, "long_name": "North East", "short_name": "North East" }, "geometry": { "type": "LineString", "coordinates": [ [ -2.314, 55.645 ], [ -2.303, 55.647 ] ] } },
{ "type": "Feature", "properties": { "name1": "Swinburn's Leap", "name2": "River Wear", "Strahler Stream Order": 5, "long_name": "North East", "short_name": "North East" }, "geometry": { "type": "LineString", "coordinates": [ [ -1.558, 54.864 ], [ -1.558, 54.865 ] ] } },
{ "type": "Feature", "properties": { "name1": "River Lune", "name2": " ", "Strahler Stream Order": 4, "long_name": "North East", "short_name": "North East" }, "geometry": { "type": "MultiLineString", "coordinates": [ [ [ -2.216, 54.584 ], [ -2.204, 54.581 ], [ -2.17, 54.586 ] ], [ [ -2.127, 54.584 ], [ -2.12, 54.586 ] ], [ [ -2.085, 54.601 ], [ -2.066, 54.611 ], [ -2.053, 54.621 ] ] ] } },
{ "type": "Feature", "properties": { "name1": "Summerson's Hole", "name2": "River Derwent", "Strahler Stream Order": 5, "long_name": "North East", "short_name": "North East" }, "geometry": { "type": "LineString", "coordinates": [ [ -1.846, 54.891 ], [ -1.845, 54.892 ] ] } },
{ "type": "Feature", "properties": { "name1": "River West Allen", "name2": " ", "Strahler Stream Order": 4, "long_name": "North East", "short_name": "North East" }, "geometry": { "type": "MultiLineString", "coordinates": [ [ [ -2.344, 54.902 ], [ -2.341, 54.911 ], [ -2.332, 54.918 ], [ -2.317, 54.922 ] ], [ [ -2.343, 54.867 ], [ -2.345, 54.879 ], [ -2.341, 54.884 ], [ -2.343, 54.9 ] ] ] } },
{ "type": "Feature", "properties": { "name1": "River Coquet", "name2": "Bell Pool", "Strahler Stream Order": 5, "long_name": "North East", "short_name": "North East" }, "geometry": { "type": "LineString", "coordinates": [ [ -1.818, 55.281 ], [ -1.82, 55.279 ] ] } },
{ "type": "Feature", "properties": { "name1": "Seaton on Tees Channel", "name2": " ", "Strahler Stream Order": 4, "long_name": "North East", "short_name": "North East" }, "geometry": { "type": "LineString", "coordinates": [ [ -1.178, 54.632 ], [ -1.16, 54.629 ] ] } },
{ "type": "Feature", "properties": { "name1": "River Tyne", "name2": "Green Pool", "Strahler Stream Order": 6, "long_name": "North East", "short_name": "North East" }, "geometry": { "type": "LineString", "coordinates": [ [ -2.028, 54.976 ], [ -2.023, 54.974 ] ] } },
{ "type": "Feature", "properties": { "name1": "River Glen", "name2": " ", "Strahler Stream Order": 4, "long_name": "North East", "short_name": "North East" }, "geometry": { "type": "LineString", "coordinates": [ [ -2.145, 55.569 ], [ -2.132, 55.573 ], [ -2.107, 55.574 ], [ -2.083, 55.572 ], [ -2.053, 55.565 ], [ -2.039, 55.587 ] ] } },
{ "type": "Feature", "properties": { "name1": "River Tweed", "name2": "Caller Heugh", "Strahler Stream Order": 6, "long_name": "North East", "short_name": "North East" }, "geometry": { "type": "LineString", "coordinates": [ [ -2.217, 55.667 ], [ -2.218, 55.669 ] ] } },
{ "type": "Feature", "properties": { "name1": "River Derwent", "name2": "Black Pool", "Strahler Stream Order": 4, "long_name": "North East", "short_name": "North East" }, "geometry": { "type": "LineString", "coordinates": [ [ -1.913, 54.834 ], [ -1.914, 54.835 ] ] } },
{ "type": "Feature", "properties": { "name1": "The Pool", "name2": "Short Stream", "Strahler Stream Order": 5, "long_name": "North East", "short_name": "North East" }, "geometry": { "type": "LineString", "coordinates": [ [ -2.119, 55.655 ], [ -2.116, 55.661 ] ] } },
{ "type": "Feature", "properties": { "name1": " ", "name2": " ", "Strahler Stream Order": 5, "long_name": "North East", "short_name": "North East" }, "geometry": { "type": "MultiLineString", "coordinates": [ [ [ -3.391, 55.588 ], [ -3.39, 55.588 ] ], [ [ -3.347, 55.607 ], [ -3.345, 55.607 ] ], [ [ -3.335, 55.604 ], [ -3.334, 55.604 ] ], [ [ -3.31, 55.613 ], [ -3.309, 55.614 ] ], [ [ -3.217, 55.652 ], [ -3.216, 55.651 ] ], [ [ -3.196, 55.49 ], [ -3.158, 55.503 ] ], [ [ -3.164, 55.648 ], [ -3.16, 55.646 ] ], [ [ -3.15, 55.641 ], [ -3.147, 55.64 ] ], [ [ -3.1, 55.632 ], [ -3.101, 55.63 ] ], [ [ -3.098, 55.624 ], [ -3.097, 55.624 ] ], [ [ -3.09, 55.622 ], [ -3.089, 55.622 ] ], [ [ -3.083, 55.62 ], [ -3.081, 55.619 ] ], [ [ -2.999, 55.483 ], [ -2.998, 55.482 ] ], [ [ -2.973, 55.507 ], [ -2.971, 55.507 ] ], [ [ -2.961, 55.625 ], [ -2.958, 55.623 ] ], [ [ -2.956, 55.619 ], [ -2.953, 55.618 ] ], [ [ -2.947, 55.616 ], [ -2.946, 55.616 ] ], [ [ -2.913, 55.534 ], [ -2.911, 55.533 ] ], [ [ -2.889, 55.606 ], [ -2.886, 55.605 ] ], [ [ -2.868, 55.6 ], [ -2.866, 55.598 ] ], [ [ -2.865, 55.585 ], [ -2.863, 55.584 ] ], [ [ -2.831, 55.571 ], [ -2.83, 55.571 ] ], [ [ -2.829, 55.572 ], [ -2.825, 55.573 ] ], [ [ -2.827, 55.579 ], [ -2.824, 55.579 ] ], [ [ -2.821, 55.574 ], [ -2.818, 55.574 ] ], [ [ -2.818, 55.579 ], [ -2.816, 55.58 ] ], [ [ -2.817, 55.416 ], [ -2.815, 55.417 ] ], [ [ -2.813, 55.581 ], [ -2.811, 55.581 ] ], [ [ -2.812, 55.578 ], [ -2.811, 55.579 ] ], [ [ -2.804, 55.588 ], [ -2.801, 55.591 ] ], [ [ -2.738, 55.444 ], [ -2.737, 55.444 ] ], [ [ -2.737, 55.605 ], [ -2.735, 55.604 ] ], [ [ -2.724, 55.455 ], [ -2.722, 55.456 ] ], [ [ -2.715, 55.453 ], [ -2.713, 55.454 ] ], [ [ -2.707, 55.606 ], [ -2.704, 55.607 ] ], [ [ -2.665, 55.599 ], [ -2.664, 55.598 ] ], [ [ -2.66, 55.582 ], [ -2.659, 55.581 ] ], [ [ -2.656, 55.581 ], [ -2.651, 55.58 ] ], [ [ -2.653, 55.577 ], [ -2.654, 55.575 ] ], [ [ -2.624, 55.574 ], [ -2.626, 55.572 ] ], [ [ -2.622, 55.568 ], [ -2.619, 55.567 ] ], [ [ -2.617, 55.518 ], [ -2.612, 55.518 ] ], [ [ -2.616, 55.493 ], [ -2.614, 55.495 ] ], [ [ -2.613, 55.498 ], [ -2.612, 55.498 ] ], [ [ -2.603, 55.501 ], [ -2.6, 55.503 ] ], [ [ -2.601, 55.577 ], [ -2.597, 55.577 ] ], [ [ -2.556, 55.475 ], [ -2.554, 55.476 ] ], [ [ -2.526, 55.517 ], [ -2.523, 55.518 ] ], [ [ -2.51, 55.58 ], [ -2.508, 55.58 ] ], [ [ -2.491, 55.523 ], [ -2.487, 55.522 ] ], [ [ -2.486, 55.595 ], [ -2.485, 55.595 ] ], [ [ -2.475, 55.55 ], [ -2.476, 55.551 ] ], [ [ -2.472, 55.545 ], [ -2.475, 55.546 ] ], [ [ -2.474, 55.526 ], [ -2.471, 55.527 ] ], [ [ -2.474, 55.568 ], [ -2.472, 55.571 ] ], [ [ -2.473, 55.536 ], [ -2.47, 55.537 ] ], [ [ -2.472, 55.531 ], [ -2.473, 55.532 ] ], [ [ -2.455, 55.597 ], [ -2.451, 55.598 ] ], [ [ -2.45, 55.597 ], [ -2.449, 55.597 ] ], [ [ -2.418, 55.603 ], [ -2.415, 55.605 ] ], [ [ -2.26, 55.645 ], [ -2.256, 55.645 ] ], [ [ -2.219, 55.671 ], [ -2.22, 55.673 ] ], [ [ -2.209, 55.682 ], [ -2.208, 55.682 ] ], [ [ -2.205, 55.686 ], [ -2.204, 55.687 ] ], [ [ -2.185, 55.684 ], [ -2.187, 55.684 ] ], [ [ -2.176, 55.678 ], [ -2.178, 55.677 ] ], [ [ -2.176, 55.719 ], [ -2.172, 55.721 ] ], [ [ -2.168, 55.723 ], [ -2.164, 55.723 ] ], [ [ -2.126, 55.639 ], [ -2.128, 55.638 ] ], [ [ -2.119, 55.65 ], [ -2.117, 55.652 ] ] ] } },
{ "type": "Feature", "properties": { "name1": "Proctor's Burn", "name2": " ", "Strahler Stream Order": 4, "long_name": "North East", "short_name": "North East" }, "geometry": { "type": "LineString", "coordinates": [ [ -2.194, 55.06 ], [ -2.178, 55.062 ] ] } },
{ "type": "Feature", "properties": { "name1": "Holme Fleet", "name2": " ", "Strahler Stream Order": 4, "long_name": "North East", "short_name": "North East" }, "geometry": { "type": "LineString", "coordinates": [ [ -1.233, 54.594 ], [ -1.218, 54.583 ] ] } },
{ "type": "Feature", "properties": { "name1": "River Derwent", "name2": " ", "Strahler Stream Order": 5, "long_name": "North East", "short_name": "North East" }, "geometry": { "type": "MultiLineString", "coordinates": [ [ [ -2.088, 54.837 ], [ -2.055, 54.847 ], [ -2.039, 54.848 ], [ -2.027, 54.858 ] ], [ [ -1.956, 54.861 ], [ -1.95, 54.853 ], [ -1.934, 54.852 ], [ -1.922, 54.846 ], [ -1.913, 54.834 ] ], [ [ -1.914, 54.835 ], [ -1.896, 54.845 ], [ -1.87, 54.851 ], [ -1.87, 54.861 ], [ -1.86, 54.869 ], [ -1.86, 54.879 ], [ -1.851, 54.885 ], [ -1.855, 54.891 ] ], [ [ -1.853, 54.891 ], [ -1.846, 54.891 ] ], [ [ -1.845, 54.892 ], [ -1.827, 54.906 ], [ -1.807, 54.907 ], [ -1.794, 54.904 ], [ -1.782, 54.911 ], [ -1.768, 54.907 ], [ -1.75, 54.918 ], [ -1.739, 54.917 ], [ -1.728, 54.928 ], [ -1.712, 54.936 ], [ -1.71, 54.942 ], [ -1.692, 54.956 ] ] ] } },
{ "type": "Feature", "properties": { "name1": "Long Grain", "name2": " ", "Strahler Stream Order": 4, "long_name": "North East", "short_name": "North East" }, "geometry": { "type": "LineString", "coordinates": [ [ -2.273, 54.594 ], [ -2.254, 54.595 ], [ -2.231, 54.584 ], [ -2.216, 54.584 ] ] } },
{ "type": "Feature", "properties": { "name1": "River Wansbeck", "name2": " ", "Strahler Stream Order": 4, "long_name": "North East", "short_name": "North East" }, "geometry": { "type": "MultiLineString", "coordinates": [ [ [ -1.831, 55.16 ], [ -1.812, 55.157 ] ], [ [ -1.809, 55.157 ], [ -1.755, 55.161 ], [ -1.738, 55.166 ], [ -1.704, 55.169 ] ], [ [ -1.7, 55.169 ], [ -1.696, 55.17 ] ], [ [ -1.693, 55.169 ], [ -1.693, 55.165 ] ], [ [ -1.691, 55.165 ], [ -1.681, 55.169 ] ], [ [ -1.683, 55.17 ], [ -1.682, 55.172 ] ], [ [ -1.678, 55.171 ], [ -1.674, 55.174 ] ], [ [ -1.667, 55.172 ], [ -1.657, 55.166 ], [ -1.638, 55.17 ], [ -1.621, 55.168 ] ], [ [ -1.613, 55.167 ], [ -1.605, 55.163 ], [ -1.59, 55.171 ], [ -1.562, 55.164 ], [ -1.542, 55.161 ], [ -1.522, 55.162 ] ] ] } },
{ "type": "Feature", "properties": { "name1": "Waters' Meeting", "name2": "River Browney", "Strahler Stream Order": 4, "long_name": "North East", "short_name": "North East" }, "geometry": { "type": "LineString", "coordinates": [ [ -1.728, 54.813 ], [ -1.725, 54.812 ] ] } },
{ "type": "Feature", "properties": { "name1": "River Coquet", "name2": "Devil's Elbow", "Strahler Stream Order": 4, "long_name": "North East", "short_name": "North East" }, "geometry": { "type": "LineString", "coordinates": [ [ -2.115, 55.339 ], [ -2.113, 55.339 ] ] } },
{ "type": "Feature", "properties": { "name1": "Ugly Dub", "name2": "River North Tyne", "Strahler Stream Order": 5, "long_name": "North East", "short_name": "North East" }, "geometry": { "type": "LineString", "coordinates": [ [ -2.453, 55.182 ], [ -2.446, 55.182 ] ] } },
{ "type": "Feature", "properties": { "name1": "Bedburn Beck", "name2": " ", "Strahler Stream Order": 4, "long_name": "North East", "short_name": "North East" }, "geometry": { "type": "LineString", "coordinates": [ [ -1.896, 54.664 ], [ -1.888, 54.671 ], [ -1.856, 54.675 ], [ -1.843, 54.682 ], [ -1.8, 54.685 ] ] } },
{ "type": "Feature", "properties": { "name1": "River South Tyne", "name2": " ", "Strahler Stream Order": 4, "long_name": "North East", "short_name": "North East" }, "geometry": { "type": "MultiLineString", "coordinates": [ [ [ -2.384, 54.757 ], [ -2.401, 54.771 ], [ -2.446, 54.786 ], [ -2.442, 54.807 ], [ -2.447, 54.827 ], [ -2.473, 54.839 ], [ -2.474, 54.85 ], [ -2.499, 54.862 ], [ -2.502, 54.872 ], [ -2.496, 54.888 ], [ -2.504, 54.896 ], [ -2.497, 54.905 ] ], [ [ -2.497, 54.907 ], [ -2.509, 54.919 ], [ -2.515, 54.942 ], [ -2.51, 54.95 ], [ -2.495, 54.953 ], [ -2.463, 54.968 ], [ -2.45, 54.965 ], [ -2.434, 54.968 ], [ -2.426, 54.962 ], [ -2.405, 54.968 ], [ -2.387, 54.964 ], [ -2.367, 54.968 ], [ -2.36, 54.974 ], [ -2.338, 54.971 ], [ -2.319, 54.977 ], [ -2.297, 54.976 ], [ -2.287, 54.967 ], [ -2.272, 54.971 ], [ -2.252, 54.97 ], [ -2.24, 54.977 ], [ -2.223, 54.977 ], [ -2.215, 54.988 ], [ -2.2, 54.998 ], [ -2.18, 55.003 ], [ -2.156, 54.995 ], [ -2.149, 54.988 ], [ -2.13, 54.989 ] ] ] } },
{ "type": "Feature", "properties": { "name1": "River Wear", "name2": "Mallygill Turn", "Strahler Stream Order": 5, "long_name": "North East", "short_name": "North East" }, "geometry": { "type": "LineString", "coordinates": [ [ -1.532, 54.805 ], [ -1.527, 54.807 ] ] } },
{ "type": "Feature", "properties": { "name1": "Water Meetings", "name2": "River West Allen", "Strahler Stream Order": 4, "long_name": "North East", "short_name": "North East" }, "geometry": { "type": "LineString", "coordinates": [ [ -2.317, 54.922 ], [ -2.314, 54.922 ] ] } },
{ "type": "Feature", "properties": { "name1": "River Tees", "name2": "Lowcroft Pool", "Strahler Stream Order": 4, "long_name": "North East", "short_name": "North East" }, "geometry": { "type": "LineString", "coordinates": [ [ -2.166, 54.65 ], [ -2.164, 54.649 ] ] } },
{ "type": "Feature", "properties": { "name1": "River Greta", "name2": "Church Pool", "Strahler Stream Order": 4, "long_name": "North East", "short_name": "North East" }, "geometry": { "type": "LineString", "coordinates": [ [ -1.883, 54.504 ], [ -1.881, 54.506 ] ] } },
{ "type": "Feature", "properties": { "name1": "River Tweed", "name2": "Crooksbut", "Strahler Stream Order": 6, "long_name": "North East", "short_name": "North East" }, "geometry": { "type": "LineString", "coordinates": [ [ -2.23, 55.663 ], [ -2.222, 55.663 ] ] } },
{ "type": "Feature", "properties": { "name1": "River Tees", "name2": "New Cut", "Strahler Stream Order": 5, "long_name": "North East", "short_name": "North East" }, "geometry": { "type": "LineString", "coordinates": [ [ -1.283, 54.565 ], [ -1.266, 54.568 ] ] } },
{ "type": "Feature", "properties": { "name1": "River Tees", "name2": "Balder Foot", "Strahler Stream Order": 5, "long_name": "North East", "short_name": "North East" }, "geometry": { "type": "LineString", "coordinates": [ [ -1.981, 54.577 ], [ -1.981, 54.576 ] ] } },
{ "type": "Feature", "properties": { "name1": "Wreigh Burn", "name2": " ", "Strahler Stream Order": 4, "long_name": "North East", "short_name": "North East" }, "geometry": { "type": "LineString", "coordinates": [ [ -1.998, 55.335 ], [ -1.996, 55.332 ], [ -1.962, 55.322 ], [ -1.955, 55.312 ] ] } },
{ "type": "Feature", "properties": { "name1": "River Rede", "name2": "Ingram Pool", "Strahler Stream Order": 4, "long_name": "North East", "short_name": "North East" }, "geometry": { "type": "LineString", "coordinates": [ [ -2.154, 55.18 ], [ -2.153, 55.178 ] ] } },
{ "type": "Feature", "properties": { "name1": "River Leven", "name2": " ", "Strahler Stream Order": 4, "long_name": "North East", "short_name": "North East" }, "geometry": { "type": "MultiLineString", "coordinates": [ [ [ -1.211, 54.459 ], [ -1.232, 54.455 ], [ -1.238, 54.451 ], [ -1.258, 54.455 ], [ -1.258, 54.449 ], [ -1.277, 54.452 ], [ -1.287, 54.458 ], [ -1.312, 54.456 ], [ -1.315, 54.463 ], [ -1.302, 54.478 ], [ -1.288, 54.487 ], [ -1.304, 54.489 ], [ -1.32, 54.496 ], [ -1.315, 54.506 ], [ -1.337, 54.509 ] ], [ [ -1.071, 54.48 ], [ -1.08, 54.48 ], [ -1.087, 54.469 ], [ -1.096, 54.467 ], [ -1.107, 54.472 ], [ -1.122, 54.484 ], [ -1.135, 54.489 ], [ -1.145, 54.488 ], [ -1.158, 54.479 ], [ -1.18, 54.471 ], [ -1.194, 54.469 ], [ -1.208, 54.459 ] ], [ [ -1.053, 54.481 ], [ -1.068, 54.479 ] ] ] } },
{ "type": "Feature", "properties": { "name1": "River Wear", "name2": " ", "Strahler Stream Order": 5, "long_name": "North East", "short_name": "North East" }, "geometry": { "type": "MultiLineString", "coordinates": [ [ [ -2.223, 54.75 ], [ -2.203, 54.743 ], [ -2.173, 54.737 ], [ -2.165, 54.738 ], [ -2.111, 54.736 ], [ -2.097, 54.741 ], [ -2.063, 54.74 ], [ -2.022, 54.747 ] ], [ [ -2.015, 54.748 ], [ -1.988, 54.736 ] ], [ [ -1.986, 54.735 ], [ -1.983, 54.729 ], [ -1.958, 54.724 ], [ -1.946, 54.727 ], [ -1.925, 54.726 ], [ -1.907, 54.728 ], [ -1.866, 54.725 ], [ -1.851, 54.718 ], [ -1.83, 54.715 ], [ -1.807, 54.694 ], [ -1.804, 54.687 ], [ -1.79, 54.681 ], [ -1.793, 54.674 ], [ -1.783, 54.671 ], [ -1.729, 54.673 ], [ -1.692, 54.665 ], [ -1.672, 54.669 ], [ -1.685, 54.678 ], [ -1.678, 54.693 ], [ -1.693, 54.691 ], [ -1.692, 54.701 ], [ -1.636, 54.713 ], [ -1.615, 54.726 ], [ -1.584, 54.736 ], [ -1.579, 54.741 ], [ -1.577, 54.751 ], [ -1.563, 54.746 ], [ -1.554, 54.764 ], [ -1.557, 54.774 ], [ -1.572, 54.777 ], [ -1.577, 54.77 ] ], [ [ -1.579, 54.77 ], [ -1.576, 54.781 ], [ -1.565, 54.787 ], [ -1.544, 54.791 ], [ -1.532, 54.805 ] ], [ [ -1.558, 54.865 ], [ -1.535, 54.866 ], [ -1.514, 54.881 ], [ -1.505, 54.882 ] ], [ [ -1.527, 54.807 ], [ -1.555, 54.822 ], [ -1.558, 54.83 ], [ -1.573, 54.836 ], [ -1.56, 54.841 ], [ -1.556, 54.848 ], [ -1.566, 54.857 ], [ -1.558, 54.864 ] ], [ [ -1.502, 54.886 ], [ -1.487, 54.892 ], [ -1.474, 54.903 ], [ -1.459, 54.904 ], [ -1.451, 54.909 ], [ -1.428, 54.916 ], [ -1.403, 54.914 ], [ -1.387, 54.91 ], [ -1.373, 54.91 ], [ -1.361, 54.918 ] ] ] } },
{ "type": "Feature", "properties": { "name1": "River North Tyne", "name2": " ", "Strahler Stream Order": 5, "long_name": "North East", "short_name": "North East" }, "geometry": { "type": "MultiLineString", "coordinates": [ [ [ -2.582, 55.233 ], [ -2.58, 55.223 ] ], [ [ -2.459, 55.186 ], [ -2.453, 55.182 ] ], [ [ -2.446, 55.182 ], [ -2.441, 55.18 ] ], [ [ -2.441, 55.178 ], [ -2.425, 55.168 ], [ -2.411, 55.165 ], [ -2.385, 55.166 ], [ -2.378, 55.17 ], [ -2.348, 55.168 ], [ -2.341, 55.16 ] ], [ [ -2.331, 55.158 ], [ -2.316, 55.151 ], [ -2.299, 55.156 ], [ -2.289, 55.154 ], [ -2.282, 55.146 ], [ -2.257, 55.143 ], [ -2.244, 55.134 ], [ -2.226, 55.137 ], [ -2.222, 55.132 ], [ -2.218, 55.124 ] ], [ [ -2.234, 55.104 ], [ -2.219, 55.097 ], [ -2.216, 55.083 ], [ -2.198, 55.079 ], [ -2.192, 55.071 ], [ -2.176, 55.061 ], [ -2.159, 55.063 ], [ -2.15, 55.053 ], [ -2.125, 55.052 ], [ -2.111, 55.033 ], [ -2.143, 55.023 ], [ -2.143, 55.013 ], [ -2.133, 55.009 ], [ -2.13, 54.998 ] ], [ [ -2.218, 55.123 ], [ -2.205, 55.115 ], [ -2.234, 55.106 ] ], [ [ -2.131, 54.996 ], [ -2.13, 54.989 ] ] ] } },
{ "type": "Feature", "properties": { "name1": "River Tees", "name2": " ", "Strahler Stream Order": 5, "long_name": "North East", "short_name": "North East" }, "geometry": { "type": "MultiLineString", "coordinates": [ [ [ -2.288, 54.651 ], [ -2.281, 54.646 ], [ -2.268, 54.648 ], [ -2.256, 54.661 ], [ -2.244, 54.664 ], [ -2.228, 54.66 ], [ -2.217, 54.661 ], [ -2.21, 54.649 ] ], [ [ -2.208, 54.649 ], [ -2.195, 54.647 ], [ -2.183, 54.652 ], [ -2.167, 54.65 ] ], [ [ -2.164, 54.649 ], [ -2.152, 54.648 ], [ -2.142, 54.641 ] ], [ [ -2.137, 54.641 ], [ -2.122, 54.631 ], [ -2.108, 54.629 ] ], [ [ -2.104, 54.629 ], [ -2.103, 54.626 ] ], [ [ -2.098, 54.624 ], [ -2.078, 54.619 ], [ -2.053, 54.621 ], [ -2.04, 54.617 ], [ -2.037, 54.609 ], [ -2.009, 54.606 ] ], [ [ -2.007, 54.605 ], [ -2.002, 54.599 ] ], [ [ -2.0, 54.598 ], [ -1.997, 54.597 ] ], [ [ -1.996, 54.595 ], [ -1.997, 54.59 ], [ -1.981, 54.577 ] ], [ [ -1.981, 54.576 ], [ -1.965, 54.571 ], [ -1.956, 54.56 ], [ -1.94, 54.558 ], [ -1.94, 54.553 ], [ -1.914, 54.534 ], [ -1.889, 54.528 ], [ -1.871, 54.526 ] ], [ [ -1.871, 54.526 ], [ -1.853, 54.525 ], [ -1.843, 54.528 ], [ -1.83, 54.525 ], [ -1.803, 54.528 ] ], [ [ -1.798, 54.53 ], [ -1.788, 54.535 ], [ -1.776, 54.547 ], [ -1.755, 54.552 ], [ -1.739, 54.545 ], [ -1.724, 54.543 ], [ -1.703, 54.536 ], [ -1.683, 54.533 ], [ -1.671, 54.536 ], [ -1.658, 54.534 ], [ -1.656, 54.525 ], [ -1.632, 54.524 ], [ -1.634, 54.514 ], [ -1.612, 54.52 ], [ -1.602, 54.519 ], [ -1.602, 54.51 ], [ -1.581, 54.513 ], [ -1.583, 54.497 ], [ -1.571, 54.489 ], [ -1.555, 54.485 ], [ -1.546, 54.471 ], [ -1.534, 54.469 ], [ -1.529, 54.485 ], [ -1.498, 54.486 ], [ -1.499, 54.475 ], [ -1.475, 54.474 ], [ -1.468, 54.463 ], [ -1.454, 54.465 ], [ -1.464, 54.473 ], [ -1.458, 54.481 ], [ -1.458, 54.493 ], [ -1.473, 54.502 ], [ -1.458, 54.504 ], [ -1.443, 54.491 ], [ -1.427, 54.485 ], [ -1.433, 54.48 ], [ -1.411, 54.477 ], [ -1.41, 54.49 ], [ -1.396, 54.486 ], [ -1.383, 54.487 ], [ -1.376, 54.503 ], [ -1.348, 54.503 ], [ -1.338, 54.507 ], [ -1.335, 54.517 ], [ -1.34, 54.528 ], [ -1.321, 54.535 ] ], [ [ -1.311, 54.554 ], [ -1.307, 54.566 ], [ -1.289, 54.564 ] ], [ [ -1.266, 54.568 ], [ -1.261, 54.572 ], [ -1.258, 54.588 ] ], [ [ -1.214, 54.581 ], [ -1.199, 54.583 ], [ -1.177, 54.595 ], [ -1.157, 54.609 ], [ -1.154, 54.62 ], [ -1.16, 54.629 ], [ -1.148, 54.648 ] ] ] } },
{ "type": "Feature", "properties": { "name1": "Rough Stones", "name2": "River Tweed", "Strahler Stream Order": 6, "long_name": "North East", "short_name": "North East" }, "geometry": { "type": "LineString", "coordinates": [ [ -2.218, 55.665 ], [ -2.217, 55.667 ] ] } },
{ "type": "Feature", "properties": { "name1": "The Pot", "name2": "River Tweed", "Strahler Stream Order": 6, "long_name": "North East", "short_name": "North East" }, "geometry": { "type": "LineString", "coordinates": [ [ -2.208, 55.682 ], [ -2.208, 55.683 ] ] } },
{ "type": "Feature", "properties": { "name1": "Tophet Hole", "name2": "River Tees", "Strahler Stream Order": 5, "long_name": "North East", "short_name": "North East" }, "geometry": { "type": "LineString", "coordinates": [ [ -1.997, 54.597 ], [ -1.996, 54.595 ] ] } },
{ "type": "Feature", "properties": { "name1": "Three Stones", "name2": "River Tweed", "Strahler Stream Order": 6, "long_name": "North East", "short_name": "North East" }, "geometry": { "type": "LineString", "coordinates": [ [ -2.326, 55.641 ], [ -2.317, 55.643 ] ] } },
{ "type": "Feature", "properties": { "name1": "River Greta", "name2": " ", "Strahler Stream Order": 4, "long_name": "North East", "short_name": "North East" }, "geometry": { "type": "MultiLineString", "coordinates": [ [ [ -2.044, 54.511 ], [ -2.018, 54.515 ], [ -1.964, 54.51 ], [ -1.946, 54.505 ], [ -1.933, 54.496 ], [ -1.924, 54.495 ], [ -1.892, 54.499 ], [ -1.883, 54.504 ] ], [ [ -1.881, 54.506 ], [ -1.871, 54.511 ] ], [ [ -1.868, 54.517 ], [ -1.871, 54.526 ] ] ] } },
{ "type": "Feature", "properties": { "name1": "River West Allen", "name2": "Diana's Bath", "Strahler Stream Order": 4, "long_name": "North East", "short_name": "North East" }, "geometry": { "type": "LineString", "coordinates": [ [ -2.343, 54.9 ], [ -2.344, 54.902 ] ] } },
{ "type": "Feature", "properties": { "name1": "River Till", "name2": "Hell's Hole", "Strahler Stream Order": 5, "long_name": "North East", "short_name": "North East" }, "geometry": { "type": "LineString", "coordinates": [ [ -2.133, 55.66 ], [ -2.14, 55.662 ] ] } },
{ "type": "Feature", "properties": { "name1": "River Wansbeck", "name2": "Long Stream", "Strahler Stream Order": 4, "long_name": "North East", "short_name": "North East" }, "geometry": { "type": "LineString", "coordinates": [ [ -1.621, 55.168 ], [ -1.613, 55.167 ] ] } },
{ "type": "Feature", "properties": { "name1": "River Till", "name2": "Blake's Folly", "Strahler Stream Order": 5, "long_name": "North East", "short_name": "North East" }, "geometry": { "type": "LineString", "coordinates": [ [ -2.181, 55.677 ], [ -2.183, 55.68 ] ] } },
{ "type": "Feature", "properties": { "name1": "River Tweed", "name2": " ", "Strahler Stream Order": 6, "long_name": "North East", "short_name": "North East" }, "geometry": { "type": "MultiLineString", "coordinates": [ [ [ -3.448, 55.494 ], [ -3.445, 55.498 ], [ -3.421, 55.508 ], [ -3.406, 55.523 ], [ -3.414, 55.546 ], [ -3.389, 55.564 ], [ -3.387, 55.571 ], [ -3.395, 55.583 ] ], [ [ -3.394, 55.585 ], [ -3.391, 55.588 ] ], [ [ -3.39, 55.588 ], [ -3.376, 55.6 ] ], [ [ -3.376, 55.601 ], [ -3.377, 55.603 ] ], [ [ -3.376, 55.604 ], [ -3.36, 55.607 ] ], [ [ -3.355, 55.607 ], [ -3.347, 55.607 ] ], [ [ -3.345, 55.607 ], [ -3.337, 55.606 ] ], [ [ -3.334, 55.604 ], [ -3.316, 55.609 ] ], [ [ -3.314, 55.61 ], [ -3.314, 55.611 ] ], [ [ -3.313, 55.612 ], [ -3.311, 55.612 ] ], [ [ -3.309, 55.614 ], [ -3.308, 55.614 ] ], [ [ -3.306, 55.616 ], [ -3.301, 55.619 ] ], [ [ -3.3, 55.621 ], [ -3.28, 55.636 ], [ -3.273, 55.646 ], [ -3.248, 55.645 ], [ -3.231, 55.639 ], [ -3.217, 55.652 ] ], [ [ -3.216, 55.651 ], [ -3.214, 55.651 ] ], [ [ -3.212, 55.652 ], [ -3.21, 55.651 ] ], [ [ -3.207, 55.651 ], [ -3.203, 55.651 ] ], [ [ -3.197, 55.651 ], [ -3.174, 55.647 ] ], [ [ -3.171, 55.647 ], [ -3.164, 55.648 ] ], [ [ -3.16, 55.646 ], [ -3.159, 55.644 ] ], [ [ -3.158, 55.642 ], [ -3.15, 55.641 ] ], [ [ -3.147, 55.64 ], [ -3.139, 55.639 ] ], [ [ -3.132, 55.638 ], [ -3.127, 55.638 ] ], [ [ -3.116, 55.639 ], [ -3.108, 55.642 ] ], [ [ -3.107, 55.641 ], [ -3.105, 55.641 ] ], [ [ -3.101, 55.63 ], [ -3.102, 55.629 ] ], [ [ -3.102, 55.626 ], [ -3.098, 55.624 ] ], [ [ -3.102, 55.642 ], [ -3.101, 55.64 ] ], [ [ -3.099, 55.633 ], [ -3.1, 55.632 ] ], [ [ -3.097, 55.624 ], [ -3.094, 55.623 ] ], [ [ -3.092, 55.622 ], [ -3.09, 55.622 ] ], [ [ -3.089, 55.622 ], [ -3.083, 55.62 ] ], [ [ -3.081, 55.619 ], [ -3.079, 55.617 ] ], [ [ -3.062, 55.611 ], [ -3.059, 55.614 ] ], [ [ -3.057, 55.614 ], [ -3.054, 55.614 ] ], [ [ -3.05, 55.617 ], [ -3.037, 55.622 ] ], [ [ -3.034, 55.622 ], [ -3.028, 55.624 ] ], [ [ -3.02, 55.622 ], [ -3.017, 55.622 ] ], [ [ -3.012, 55.622 ], [ -3.011, 55.622 ] ], [ [ -3.009, 55.623 ], [ -3.006, 55.624 ] ], [ [ -2.975, 55.627 ], [ -2.974, 55.627 ] ], [ [ -2.97, 55.626 ], [ -2.961, 55.625 ] ], [ [ -2.958, 55.623 ], [ -2.956, 55.619 ] ], [ [ -2.953, 55.618 ], [ -2.947, 55.616 ] ], [ [ -2.946, 55.616 ], [ -2.942, 55.615 ] ], [ [ -2.938, 55.615 ], [ -2.934, 55.615 ] ], [ [ -2.921, 55.615 ], [ -2.92, 55.615 ] ], [ [ -2.918, 55.614 ], [ -2.908, 55.611 ] ], [ [ -2.899, 55.606 ], [ -2.895, 55.606 ] ], [ [ -2.893, 55.606 ], [ -2.889, 55.606 ] ], [ [ -2.886, 55.605 ], [ -2.884, 55.604 ] ], [ [ -2.877, 55.603 ], [ -2.868, 55.6 ] ], [ [ -2.867, 55.593 ], [ -2.868, 55.587 ] ], [ [ -2.868, 55.587 ], [ -2.866, 55.586 ] ], [ [ -2.866, 55.598 ], [ -2.867, 55.595 ] ], [ [ -2.863, 55.584 ], [ -2.857, 55.583 ] ], [ [ -2.855, 55.583 ], [ -2.842, 55.583 ] ], [ [ -2.841, 55.583 ], [ -2.839, 55.583 ] ], [ [ -2.837, 55.582 ], [ -2.827, 55.579 ] ], [ [ -2.824, 55.579 ], [ -2.818, 55.579 ] ], [ [ -2.816, 55.58 ], [ -2.813, 55.581 ] ], [ [ -2.807, 55.586 ], [ -2.804, 55.588 ] ], [ [ -2.801, 55.591 ], [ -2.792, 55.594 ] ], [ [ -2.788, 55.599 ], [ -2.787, 55.599 ] ], [ [ -2.785, 55.601 ], [ -2.784, 55.601 ] ], [ [ -2.78, 55.603 ], [ -2.772, 55.606 ] ], [ [ -2.763, 55.61 ], [ -2.756, 55.609 ] ], [ [ -2.743, 55.606 ], [ -2.737, 55.605 ] ], [ [ -2.735, 55.604 ], [ -2.721, 55.603 ] ], [ [ -2.718, 55.603 ], [ -2.707, 55.606 ] ], [ [ -2.704, 55.607 ], [ -2.697, 55.604 ] ], [ [ -2.694, 55.603 ], [ -2.69, 55.602 ] ], [ [ -2.687, 55.604 ], [ -2.682, 55.605 ] ], [ [ -2.675, 55.604 ], [ -2.673, 55.603 ] ], [ [ -2.669, 55.601 ], [ -2.665, 55.599 ] ], [ [ -2.664, 55.598 ], [ -2.662, 55.598 ] ], [ [ -2.662, 55.583 ], [ -2.66, 55.582 ] ], [ [ -2.659, 55.595 ], [ -2.662, 55.586 ] ], [ [ -2.661, 55.599 ], [ -2.656, 55.6 ] ], [ [ -2.659, 55.581 ], [ -2.656, 55.581 ] ], [ [ -2.654, 55.575 ], [ -2.653, 55.574 ] ], [ [ -2.652, 55.596 ], [ -2.653, 55.596 ] ], [ [ -2.651, 55.58 ], [ -2.652, 55.579 ] ], [ [ -2.652, 55.601 ], [ -2.65, 55.599 ] ], [ [ -2.626, 55.572 ], [ -2.622, 55.568 ] ], [ [ -2.621, 55.575 ], [ -2.624, 55.574 ] ], [ [ -2.621, 55.581 ], [ -2.619, 55.577 ] ], [ [ -2.619, 55.567 ], [ -2.614, 55.567 ] ], [ [ -2.61, 55.575 ], [ -2.601, 55.577 ] ], [ [ -2.597, 55.577 ], [ -2.579, 55.575 ] ], [ [ -2.566, 55.579 ], [ -2.555, 55.579 ] ], [ [ -2.551, 55.578 ], [ -2.544, 55.575 ] ], [ [ -2.541, 55.574 ], [ -2.536, 55.573 ] ], [ [ -2.508, 55.58 ], [ -2.506, 55.581 ] ], [ [ -2.488, 55.595 ], [ -2.486, 55.595 ] ], [ [ -2.479, 55.595 ], [ -2.478, 55.595 ] ], [ [ -2.465, 55.594 ], [ -2.464, 55.594 ] ], [ [ -2.461, 55.597 ], [ -2.456, 55.599 ] ], [ [ -2.453, 55.601 ], [ -2.451, 55.602 ] ], [ [ -2.438, 55.598 ], [ -2.437, 55.597 ] ], [ [ -2.438, 55.6 ], [ -2.437, 55.597 ] ], [ [ -2.437, 55.597 ], [ -2.433, 55.595 ] ], [ [ -2.423, 55.6 ], [ -2.418, 55.603 ] ], [ [ -2.415, 55.605 ], [ -2.409, 55.607 ] ], [ [ -2.396, 55.612 ], [ -2.393, 55.613 ] ], [ [ -2.391, 55.621 ], [ -2.381, 55.625 ] ], [ [ -2.377, 55.627 ], [ -2.37, 55.631 ] ], [ [ -2.34, 55.639 ], [ -2.337, 55.637 ] ], [ [ -2.332, 55.635 ], [ -2.326, 55.641 ] ], [ [ -2.317, 55.643 ], [ -2.314, 55.645 ] ], [ [ -2.302, 55.647 ], [ -2.297, 55.647 ] ], [ [ -2.29, 55.644 ], [ -2.279, 55.643 ] ], [ [ -2.276, 55.643 ], [ -2.272, 55.643 ] ], [ [ -2.267, 55.644 ], [ -2.26, 55.645 ] ], [ [ -2.256, 55.645 ], [ -2.235, 55.641 ] ], [ [ -2.243, 55.648 ], [ -2.244, 55.654 ] ], [ [ -2.237, 55.656 ], [ -2.23, 55.663 ] ], [ [ -2.232, 55.645 ], [ -2.233, 55.646 ] ], [ [ -2.222, 55.663 ], [ -2.218, 55.665 ] ], [ [ -2.22, 55.673 ], [ -2.217, 55.677 ] ], [ [ -2.218, 55.669 ], [ -2.219, 55.671 ] ], [ [ -2.212, 55.68 ], [ -2.209, 55.682 ] ], [ [ -2.208, 55.68 ], [ -2.208, 55.682 ] ], [ [ -2.208, 55.683 ], [ -2.205, 55.686 ] ], [ [ -2.204, 55.687 ], [ -2.198, 55.688 ], [ -2.184, 55.702 ], [ -2.167, 55.707 ], [ -2.176, 55.719 ] ], [ [ -2.172, 55.721 ], [ -2.168, 55.723 ] ], [ [ -2.164, 55.723 ], [ -2.15, 55.723 ], [ -2.15, 55.735 ], [ -2.142, 55.74 ], [ -2.121, 55.738 ], [ -2.11, 55.757 ], [ -2.098, 55.763 ], [ -2.051, 55.758 ], [ -2.04, 55.76 ], [ -2.033, 55.771 ], [ -2.016, 55.773 ], [ -2.002, 55.762 ], [ -1.986, 55.764 ] ] ] } },
{ "type": "Feature", "properties": { "name1": "River Pont", "name2": " ", "Strahler Stream Order": 4, "long_name": "North East", "short_name": "North East" }, "geometry": { "type": "LineString", "coordinates": [ [ -1.744, 55.065 ], [ -1.753, 55.074 ], [ -1.749, 55.081 ], [ -1.722, 55.093 ] ] } },
{ "type": "Feature", "properties": { "name1": "Lewis Burn", "name2": " ", "Strahler Stream Order": 4, "long_name": "North East", "short_name": "North East" }, "geometry": { "type": "LineString", "coordinates": [ [ -2.583, 55.194 ], [ -2.563, 55.206 ], [ -2.55, 55.207 ] ] } },
{ "type": "Feature", "properties": { "name1": "River North Tyne", "name2": "Kell's Pool", "Strahler Stream Order": 5, "long_name": "North East", "short_name": "North East" }, "geometry": { "type": "LineString", "coordinates": [ [ -2.341, 55.16 ], [ -2.331, 55.158 ] ] } },
{ "type": "Feature", "properties": { "name1": "River Till", "name2": "Earning Stream", "Strahler Stream Order": 5, "long_name": "North East", "short_name": "North East" }, "geometry": { "type": "LineString", "coordinates": [ [ -2.13, 55.656 ], [ -2.131, 55.657 ] ] } },
{ "type": "Feature", "properties": { "name1": "River Tees", "name2": "Middlesbrough Reach", "Strahler Stream Order": 5, "long_name": "North East", "short_name": "North East" }, "geometry": { "type": "LineString", "coordinates": [ [ -1.258, 54.588 ], [ -1.25, 54.592 ], [ -1.214, 54.581 ] ] } },
{ "type": "Feature", "properties": { "name1": "River Till", "name2": " ", "Strahler Stream Order": 5, "long_name": "North East", "short_name": "North East" }, "geometry": { "type": "MultiLineString", "coordinates": [ [ [ -2.187, 55.684 ], [ -2.208, 55.68 ] ], [ [ -2.183, 55.68 ], [ -2.185, 55.684 ] ], [ [ -2.178, 55.677 ], [ -2.181, 55.677 ] ], [ [ -2.148, 55.67 ], [ -2.176, 55.678 ] ], [ [ -2.141, 55.664 ], [ -2.144, 55.669 ] ], [ [ -2.14, 55.662 ], [ -2.141, 55.662 ] ], [ [ -2.131, 55.657 ], [ -2.133, 55.66 ] ], [ [ -2.125, 55.659 ], [ -2.13, 55.656 ] ], [ [ -2.128, 55.638 ], [ -2.13, 55.642 ] ], [ [ -2.125, 55.643 ], [ -2.119, 55.65 ] ], [ [ -1.961, 55.565 ], [ -1.974, 55.558 ], [ -2.012, 55.572 ], [ -2.01, 55.576 ], [ -2.039, 55.587 ], [ -2.065, 55.591 ], [ -2.071, 55.596 ], [ -2.087, 55.596 ], [ -2.095, 55.6 ], [ -2.106, 55.621 ], [ -2.108, 55.641 ], [ -2.124, 55.639 ] ], [ [ -2.117, 55.651 ], [ -2.119, 55.655 ] ], [ [ -1.927, 55.507 ], [ -1.919, 55.52 ], [ -1.929, 55.522 ], [ -1.922, 55.533 ], [ -1.906, 55.548 ], [ -1.907, 55.557 ], [ -1.954, 55.561 ] ] ] } },
{ "type": "Feature", "properties": { "name1": "Devil's Water", "name2": " ", "Strahler Stream Order": 4, "long_name": "North East", "short_name": "North East" }, "geometry": { "type": "MultiLineString", "coordinates": [ [ [ -2.084, 54.923 ], [ -2.074, 54.931 ], [ -2.078, 54.935 ] ], [ [ -2.078, 54.935 ], [ -2.075, 54.946 ], [ -2.066, 54.957 ], [ -2.052, 54.956 ], [ -2.039, 54.965 ], [ -2.04, 54.975 ] ] ] } },
{ "type": "Feature", "properties": { "name1": "Salmon Loch", "name2": "River Tyne", "Strahler Stream Order": 6, "long_name": "North East", "short_name": "North East" }, "geometry": { "type": "LineString", "coordinates": [ [ -1.924, 54.949 ], [ -1.924, 54.95 ] ] } },
{ "type": "Feature", "properties": { "name1": "River Tweed", "name2": "Back of the Wall", "Strahler Stream Order": 6, "long_name": "North East", "short_name": "North East" }, "geometry": { "type": "LineString", "coordinates": [ [ -2.235, 55.641 ], [ -2.232, 55.645 ] ] } },
{ "type": "Feature", "properties": { "name1": "Straw Ford", "name2": "River Till", "Strahler Stream Order": 5, "long_name": "North East", "short_name": "North East" }, "geometry": { "type": "LineString", "coordinates": [ [ -2.141, 55.662 ], [ -2.141, 55.664 ] ] } },
{ "type": "Feature", "properties": { "name1": "River Derwent", "name2": "Derwent Gut", "Strahler Stream Order": 5, "long_name": "North East", "short_name": "North East" }, "geometry": { "type": "LineString", "coordinates": [ [ -1.692, 54.956 ], [ -1.679, 54.965 ] ] } },
{ "type": "Feature", "properties": { "name1": "River Tees", "name2": "Old Cut", "Strahler Stream Order": 5, "long_name": "North East", "short_name": "North East" }, "geometry": { "type": "MultiLineString", "coordinates": [ [ [ -1.289, 54.564 ], [ -1.286, 54.565 ] ], [ [ -1.284, 54.565 ], [ -1.283, 54.565 ] ] ] } },
{ "type": "Feature", "properties": { "name1": "River Tees", "name2": "Breckholm Pool", "Strahler Stream Order": 4, "long_name": "North East", "short_name": "North East" }, "geometry": { "type": "LineString", "coordinates": [ [ -2.103, 54.626 ], [ -2.098, 54.624 ] ] } },
{ "type": "Feature", "properties": { "name1": "River Wear", "name2": "Long Reach", "Strahler Stream Order": 5, "long_name": "North East", "short_name": "North East" }, "geometry": { "type": "LineString", "coordinates": [ [ -1.505, 54.882 ], [ -1.502, 54.886 ] ] } },
{ "type": "Feature", "properties": { "name1": "River Tees", "name2": "Boiling Pot", "Strahler Stream Order": 4, "long_name": "North East", "short_name": "North East" }, "geometry": { "type": "LineString", "coordinates": [ [ -2.21, 54.649 ], [ -2.208, 54.649 ] ] } },
{ "type": "Feature", "properties": { "name1": "River Blyth", "name2": " ", "Strahler Stream Order": 4, "long_name": "North East", "short_name": "North East" }, "geometry": { "type": "LineString", "coordinates": [ [ -1.722, 55.093 ], [ -1.703, 55.092 ], [ -1.677, 55.102 ], [ -1.665, 55.098 ], [ -1.621, 55.114 ], [ -1.603, 55.111 ], [ -1.588, 55.112 ], [ -1.584, 55.129 ], [ -1.567, 55.134 ], [ -1.544, 55.134 ], [ -1.523, 55.139 ], [ -1.498, 55.127 ], [ -1.49, 55.118 ] ] } },
{ "type": "Feature", "properties": { "name1": "Storey's Hole", "name2": "River Coquet", "Strahler Stream Order": 5, "long_name": "North East", "short_name": "North East" }, "geometry": { "type": "LineString", "coordinates": [ [ -1.94, 55.308 ], [ -1.929, 55.305 ] ] } },
{ "type": "Feature", "properties": { "name1": "River Allen", "name2": " ", "Strahler Stream Order": 4, "long_name": "North East", "short_name": "North East" }, "geometry": { "type": "LineString", "coordinates": [ [ -2.313, 54.923 ], [ -2.312, 54.94 ], [ -2.322, 54.954 ], [ -2.316, 54.96 ], [ -2.317, 54.97 ], [ -2.311, 54.977 ] ] } },
{ "type": "Feature", "properties": { "name1": "River Tweed", "name2": "Long Stream", "Strahler Stream Order": 6, "long_name": "North East", "short_name": "North East" }, "geometry": { "type": "MultiLineString", "coordinates": [ [ [ -2.648, 55.573 ], [ -2.628, 55.584 ], [ -2.621, 55.581 ] ], [ [ -2.579, 55.575 ], [ -2.566, 55.579 ] ], [ [ -2.244, 55.654 ], [ -2.237, 55.656 ] ] ] } },
{ "type": "Feature", "properties": { "name1": "River Tweed", "name2": "Black Mark", "Strahler Stream Order": 6, "long_name": "North East", "short_name": "North East" }, "geometry": { "type": "LineString", "coordinates": [ [ -2.272, 55.643 ], [ -2.267, 55.644 ] ] } },
{ "type": "Feature", "properties": { "name1": "Tarset Burn", "name2": " ", "Strahler Stream Order": 4, "long_name": "North East", "short_name": "North East" }, "geometry": { "type": "LineString", "coordinates": [ [ -2.33, 55.186 ], [ -2.333, 55.164 ], [ -2.342, 55.162 ] ] } },
{ "type": "Feature", "properties": { "name1": "Tiptoe Throat", "name2": "River Till", "Strahler Stream Order": 5, "long_name": "North East", "short_name": "North East" }, "geometry": { "type": "LineString", "coordinates": [ [ -2.144, 55.669 ], [ -2.148, 55.67 ] ] } },
{ "type": "Feature", "properties": { "name1": "Whiteadder Water", "name2": " ", "Strahler Stream Order": 5, "long_name": "North East", "short_name": "North East" }, "geometry": { "type": "MultiLineString", "coordinates": [ [ [ -2.456, 55.828 ], [ -2.439, 55.83 ], [ -2.428, 55.837 ], [ -2.427, 55.845 ], [ -2.402, 55.846 ], [ -2.392, 55.853 ], [ -2.371, 55.846 ], [ -2.366, 55.837 ], [ -2.344, 55.836 ] ], [ [ -2.343, 55.835 ], [ -2.368, 55.818 ], [ -2.358, 55.816 ], [ -2.361, 55.807 ], [ -2.321, 55.801 ], [ -2.316, 55.806 ], [ -2.29, 55.797 ], [ -2.254, 55.801 ], [ -2.239, 55.793 ], [ -2.228, 55.792 ] ], [ [ -2.225, 55.792 ], [ -2.22, 55.785 ], [ -2.207, 55.784 ] ], [ [ -2.198, 55.787 ], [ -2.179, 55.79 ], [ -2.174, 55.786 ], [ -2.147, 55.787 ], [ -2.122, 55.785 ], [ -2.091, 55.779 ], [ -2.096, 55.775 ], [ -2.071, 55.768 ], [ -2.064, 55.762 ], [ -2.044, 55.759 ] ] ] } },
{ "type": "Feature", "properties": { "name1": "River Derwent", "name2": "Crosswheel Crag Pool", "Strahler Stream Order": 5, "long_name": "North East", "short_name": "North East" }, "geometry": { "type": "LineString", "coordinates": [ [ -1.855, 54.891 ], [ -1.853, 54.891 ] ] } },
{ "type": "Feature", "properties": { "name1": "Seaton on Tees Channel", "name2": "Greatham Creek", "Strahler Stream Order": 4, "long_name": "North East", "short_name": "North East" }, "geometry": { "type": "LineString", "coordinates": [ [ -1.208, 54.622 ], [ -1.192, 54.625 ], [ -1.178, 54.632 ] ] } },
{ "type": "Feature", "properties": { "name1": "The Thrum", "name2": "River Coquet", "Strahler Stream Order": 5, "long_name": "North East", "short_name": "North East" }, "geometry": { "type": "LineString", "coordinates": [ [ -1.894, 55.308 ], [ -1.891, 55.307 ] ] } },
{ "type": "Feature", "properties": { "name1": "Water Meetings", "name2": "River Allen", "Strahler Stream Order": 4, "long_name": "North East", "short_name": "North East" }, "geometry": { "type": "LineString", "coordinates": [ [ -2.314, 54.922 ], [ -2.313, 54.923 ] ] } },
{ "type": "Feature", "properties": { "name1": "The Horse Shoe", "name2": "River Tees", "Strahler Stream Order": 5, "long_name": "North East", "short_name": "North East" }, "geometry": { "type": "LineString", "coordinates": [ [ -1.321, 54.535 ], [ -1.308, 54.539 ], [ -1.311, 54.554 ] ] } },
{ "type": "Feature", "properties": { "name1": "River Till", "name2": "Pike Hole", "Strahler Stream Order": 4, "long_name": "North East", "short_name": "North East" }, "geometry": { "type": "LineString", "coordinates": [ [ -1.954, 55.561 ], [ -1.961, 55.565 ] ] } },
{ "type": "Feature", "properties": { "name1": "Waren Burn", "name2": " ", "Strahler Stream Order": 4, "long_name": "North East", "short_name": "North East" }, "geometry": { "type": "MultiLineString", "coordinates": [ [ [ -1.763, 55.579 ], [ -1.761, 55.586 ], [ -1.771, 55.599 ], [ -1.766, 55.606 ] ], [ [ -1.76, 55.611 ], [ -1.747, 55.617 ], [ -1.748, 55.624 ] ] ] } },
{ "type": "Feature", "properties": { "name1": "The Leap", "name2": "River Tees", "Strahler Stream Order": 4, "long_name": "North East", "short_name": "North East" }, "geometry": { "type": "LineString", "coordinates": [ [ -2.142, 54.641 ], [ -2.137, 54.641 ] ] } },
{ "type": "Feature", "properties": { "name1": "River Tyne", "name2": " ", "Strahler Stream Order": 6, "long_name": "North East", "short_name": "North East" }, "geometry": { "type": "MultiLineString", "coordinates": [ [ [ -2.13, 54.989 ], [ -2.123, 54.982 ], [ -2.103, 54.98 ], [ -2.081, 54.971 ], [ -2.066, 54.971 ], [ -2.056, 54.98 ], [ -2.041, 54.975 ], [ -2.028, 54.976 ] ], [ [ -2.023, 54.974 ], [ -2.002, 54.964 ], [ -1.992, 54.966 ], [ -1.986, 54.957 ], [ -1.974, 54.951 ], [ -1.957, 54.954 ], [ -1.935, 54.947 ], [ -1.924, 54.949 ] ], [ [ -1.924, 54.95 ], [ -1.899, 54.958 ], [ -1.891, 54.964 ], [ -1.881, 54.961 ], [ -1.859, 54.971 ], [ -1.835, 54.977 ], [ -1.825, 54.972 ], [ -1.791, 54.984 ], [ -1.77, 54.981 ], [ -1.751, 54.983 ], [ -1.727, 54.975 ], [ -1.725, 54.969 ], [ -1.71, 54.967 ], [ -1.7, 54.971 ], [ -1.689, 54.966 ], [ -1.627, 54.959 ], [ -1.603, 54.969 ], [ -1.592, 54.971 ], [ -1.577, 54.964 ], [ -1.552, 54.959 ], [ -1.536, 54.964 ], [ -1.533, 54.979 ], [ -1.52, 54.987 ], [ -1.452, 54.988 ], [ -1.441, 55.005 ], [ -1.431, 55.008 ] ] ] } },
{ "type": "Feature", "properties": { "name1": "Coldgate Water", "name2": " ", "Strahler Stream Order": 4, "long_name": "North East", "short_name": "North East" }, "geometry": { "type": "LineString", "coordinates": [ [ -2.039, 55.518 ], [ -2.024, 55.514 ], [ -2.005, 55.517 ] ] } },
{ "type": "Feature", "properties": { "name1": " ", "name2": " ", "Strahler Stream Order": 4, "long_name": "North East", "short_name": "North East" }, "geometry": { "type": "MultiLineString", "coordinates": [ [ [ -1.988, 54.736 ], [ -1.986, 54.735 ] ], [ [ -1.577, 54.77 ], [ -1.579, 54.77 ] ] ] } },
{ "type": "Feature", "properties": { "name1": " ", "name2": " ", "Strahler Stream Order": 4, "long_name": "North East", "short_name": "North East" }, "geometry": { "type": "MultiLineString", "coordinates": [ [ [ -2.17, 54.586 ], [ -2.146, 54.587 ], [ -2.127, 54.584 ] ], [ [ -2.167, 54.65 ], [ -2.166, 54.65 ] ], [ [ -2.12, 54.586 ], [ -2.085, 54.601 ] ], [ [ -2.108, 54.629 ], [ -2.104, 54.629 ] ], [ [ -2.009, 54.606 ], [ -2.007, 54.605 ] ], [ [ -2.001, 54.599 ], [ -2.0, 54.598 ] ], [ [ -1.871, 54.526 ], [ -1.87, 54.526 ] ], [ [ -1.286, 54.565 ], [ -1.284, 54.565 ] ], [ [ -1.207, 54.459 ], [ -1.211, 54.459 ] ] ] } },
{ "type": "Feature", "properties": { "name1": "River Wear", "name2": "Briggen Winch", "Strahler Stream Order": 4, "long_name": "North East", "short_name": "North East" }, "geometry": { "type": "LineString", "coordinates": [ [ -2.022, 54.747 ], [ -2.015, 54.748 ] ] } },
{ "type": "Feature", "properties": { "name1": "Crook Burn", "name2": " ", "Strahler Stream Order": 4, "long_name": "North East", "short_name": "North East" }, "geometry": { "type": "LineString", "coordinates": [ [ -2.248, 55.043 ], [ -2.224, 55.044 ], [ -2.194, 55.06 ] ] } },
{ "type": "Feature", "properties": { "name1": "River Browney", "name2": " ", "Strahler Stream Order": 4, "long_name": "North East", "short_name": "North East" }, "geometry": { "type": "LineString", "coordinates": [ [ -1.725, 54.812 ], [ -1.7, 54.803 ], [ -1.689, 54.804 ], [ -1.624, 54.796 ], [ -1.625, 54.788 ], [ -1.599, 54.773 ], [ -1.599, 54.742 ], [ -1.595, 54.736 ], [ -1.579, 54.741 ] ] } },
{ "type": "Feature", "properties": { "name1": "River Tees", "name2": "Dubock Pool", "Strahler Stream Order": 5, "long_name": "North East", "short_name": "North East" }, "geometry": { "type": "LineString", "coordinates": [ [ -1.803, 54.528 ], [ -1.798, 54.53 ] ] } },
{ "type": "Feature", "properties": { "name1": "Willow Ford", "name2": "River Till", "Strahler Stream Order": 5, "long_name": "North East", "short_name": "North East" }, "geometry": { "type": "LineString", "coordinates": [ [ -2.13, 55.642 ], [ -2.125, 55.643 ] ] } },
{ "type": "Feature", "properties": { "name1": " ", "name2": " ", "Strahler Stream Order": 4, "long_name": "North East", "short_name": "North East" }, "geometry": { "type": "LineString", "coordinates": [ [ -1.766, 55.606 ], [ -1.76, 55.611 ] ] } },
{ "type": "Feature", "properties": { "name1": " ", "name2": " ", "Strahler Stream Order": 4, "long_name": "North East", "short_name": "North East" }, "geometry": { "type": "MultiLineString", "coordinates": [ [ [ -2.58, 55.223 ], [ -2.575, 55.217 ], [ -2.56, 55.214 ], [ -2.549, 55.206 ], [ -2.528, 55.202 ], [ -2.525, 55.186 ], [ -2.508, 55.184 ], [ -2.478, 55.184 ], [ -2.459, 55.186 ] ], [ [ -2.497, 54.905 ], [ -2.496, 54.905 ] ], [ [ -2.441, 55.18 ], [ -2.441, 55.178 ] ], [ [ -2.234, 55.106 ], [ -2.234, 55.104 ] ], [ [ -2.218, 55.124 ], [ -2.218, 55.123 ] ], [ [ -2.027, 54.858 ], [ -1.996, 54.871 ], [ -1.985, 54.87 ], [ -1.972, 54.861 ], [ -1.956, 54.861 ] ] ] } },
{ "type": "Feature", "properties": { "name1": "River Coquet", "name2": " ", "Strahler Stream Order": 4, "long_name": "North East", "short_name": "North East" }, "geometry": { "type": "MultiLineString", "coordinates": [ [ [ -2.126, 55.345 ], [ -2.115, 55.339 ] ], [ [ -2.113, 55.339 ], [ -2.106, 55.339 ], [ -2.069, 55.327 ], [ -2.069, 55.32 ], [ -2.052, 55.31 ], [ -2.05, 55.294 ], [ -2.031, 55.296 ], [ -2.025, 55.292 ], [ -1.994, 55.31 ], [ -1.956, 55.313 ], [ -1.94, 55.308 ] ], [ [ -1.929, 55.305 ], [ -1.899, 55.31 ], [ -1.894, 55.308 ] ], [ [ -1.891, 55.307 ], [ -1.883, 55.301 ], [ -1.867, 55.3 ], [ -1.858, 55.293 ], [ -1.818, 55.281 ] ], [ [ -1.82, 55.279 ], [ -1.809, 55.284 ], [ -1.773, 55.28 ], [ -1.763, 55.291 ], [ -1.751, 55.287 ], [ -1.738, 55.292 ], [ -1.716, 55.292 ], [ -1.692, 55.302 ], [ -1.692, 55.309 ], [ -1.661, 55.318 ], [ -1.66, 55.326 ], [ -1.637, 55.331 ], [ -1.628, 55.348 ], [ -1.608, 55.349 ], [ -1.608, 55.344 ], [ -1.584, 55.337 ], [ -1.571, 55.339 ] ] ] } },
{ "type": "Feature", "properties": { "name1": " ", "name2": " ", "Strahler Stream Order": 4, "long_name": "North East", "short_name": "North East" }, "geometry": { "type": "MultiLineString", "coordinates": [ [ [ -1.812, 55.157 ], [ -1.809, 55.157 ] ], [ [ -1.696, 55.17 ], [ -1.693, 55.169 ] ], [ [ -1.693, 55.165 ], [ -1.691, 55.165 ] ], [ [ -1.681, 55.169 ], [ -1.683, 55.17 ] ] ] } },
{ "type": "Feature", "properties": { "name1": "Hisehope Burn", "name2": " ", "Strahler Stream Order": 4, "long_name": "North East", "short_name": "North East" }, "geometry": { "type": "LineString", "coordinates": [ [ -1.907, 54.835 ], [ -1.903, 54.842 ] ] } },
{ "type": "Feature", "properties": { "name1": "The Cradle", "name2": "River Till", "Strahler Stream Order": 5, "long_name": "North East", "short_name": "North East" }, "geometry": { "type": "LineString", "coordinates": [ [ -2.124, 55.639 ], [ -2.126, 55.639 ] ] } },
{ "type": "Feature", "properties": { "name1": "River Tweed", "name2": "Middle Stream", "Strahler Stream Order": 6, "long_name": "North East", "short_name": "North East" }, "geometry": { "type": "LineString", "coordinates": [ [ -2.233, 55.646 ], [ -2.243, 55.648 ] ] } },
{ "type": "Feature", "properties": { "name1": "River Wansbeck", "name2": "Purdy's Stream", "Strahler Stream Order": 4, "long_name": "North East", "short_name": "North East" }, "geometry": { "type": "LineString", "coordinates": [ [ -1.704, 55.169 ], [ -1.7, 55.169 ] ] } },
{ "type": "Feature", "properties": { "name1": "Wooler Water", "name2": " ", "Strahler Stream Order": 4, "long_name": "North East", "short_name": "North East" }, "geometry": { "type": "LineString", "coordinates": [ [ -2.005, 55.517 ], [ -1.997, 55.523 ], [ -2.007, 55.534 ], [ -2.011, 55.549 ], [ -1.998, 55.566 ] ] } },
{ "type": "Feature", "properties": { "name1": "River Wansbeck", "name2": "Hell's Kettle", "Strahler Stream Order": 4, "long_name": "North East", "short_name": "North East" }, "geometry": { "type": "LineString", "coordinates": [ [ -1.674, 55.174 ], [ -1.667, 55.172 ] ] } },
{ "type": "Feature", "properties": { "name1": "River Greta", "name2": "Hell Cauldron", "Strahler Stream Order": 4, "long_name": "North East", "short_name": "North East" }, "geometry": { "type": "LineString", "coordinates": [ [ -1.871, 54.511 ], [ -1.868, 54.517 ] ] } },
{ "type": "Feature", "properties": { "name1": "River Wansbeck", "name2": "Farcy Holes", "Strahler Stream Order": 4, "long_name": "North East", "short_name": "North East" }, "geometry": { "type": "LineString", "coordinates": [ [ -1.682, 55.172 ], [ -1.678, 55.171 ] ] } },
{ "type": "Feature", "properties": { "name1": "River Aln", "name2": " ", "Strahler Stream Order": 4, "long_name": "North East", "short_name": "North East" }, "geometry": { "type": "LineString", "coordinates": [ [ -1.815, 55.412 ], [ -1.806, 55.425 ], [ -1.78, 55.428 ], [ -1.769, 55.434 ], [ -1.752, 55.43 ], [ -1.734, 55.436 ], [ -1.728, 55.424 ], [ -1.72, 55.419 ], [ -1.699, 55.416 ], [ -1.687, 55.418 ], [ -1.662, 55.4 ], [ -1.653, 55.401 ], [ -1.611, 55.394 ], [ -1.622, 55.388 ], [ -1.603, 55.385 ] ] } },
{ "type": "Feature", "properties": { "name1": "River South Tyne", "name2": "Brown's Pool", "Strahler Stream Order": 4, "long_name": "North East", "short_name": "North East" }, "geometry": { "type": "LineString", "coordinates": [ [ -2.496, 54.905 ], [ -2.497, 54.907 ] ] } },
{ "type": "Feature", "properties": { "name1": "Bowmont Water", "name2": " ", "Strahler Stream Order": 4, "long_name": "North East", "short_name": "North East" }, "geometry": { "type": "LineString", "coordinates": [ [ -2.254, 55.471 ], [ -2.263, 55.47 ], [ -2.285, 55.478 ], [ -2.297, 55.487 ], [ -2.295, 55.493 ], [ -2.299, 55.513 ], [ -2.297, 55.532 ], [ -2.285, 55.541 ], [ -2.276, 55.553 ], [ -2.261, 55.56 ], [ -2.25, 55.589 ], [ -2.223, 55.595 ], [ -2.203, 55.595 ], [ -2.156, 55.58 ], [ -2.145, 55.569 ] ] } },
{ "type": "Feature", "properties": { "name1": "Roughton Stream", "name2": "River Till", "Strahler Stream Order": 5, "long_name": "North East", "short_name": "North East" }, "geometry": { "type": "LineString", "coordinates": [ [ -2.116, 55.661 ], [ -2.125, 55.659 ] ] } },
{ "type": "Feature", "properties": { "name1": "Watty's Pool", "name2": "River North Tyne", "Strahler Stream Order": 5, "long_name": "North East", "short_name": "North East" }, "geometry": { "type": "LineString", "coordinates": [ [ -2.13, 54.998 ], [ -2.131, 54.996 ] ] } },
{ "type": "Feature", "properties": { "name1": "River Rede", "name2": " ", "Strahler Stream Order": 4, "long_name": "North East", "short_name": "North East" }, "geometry": { "type": "MultiLineString", "coordinates": [ [ [ -2.34, 55.296 ], [ -2.328, 55.289 ], [ -2.298, 55.287 ], [ -2.282, 55.282 ], [ -2.264, 55.267 ], [ -2.243, 55.26 ], [ -2.23, 55.25 ], [ -2.218, 55.247 ], [ -2.216, 55.24 ], [ -2.173, 55.228 ], [ -2.164, 55.216 ], [ -2.151, 55.211 ], [ -2.16, 55.205 ], [ -2.166, 55.184 ], [ -2.154, 55.18 ] ], [ [ -2.153, 55.178 ], [ -2.179, 55.173 ], [ -2.198, 55.159 ], [ -2.197, 55.151 ], [ -2.222, 55.132 ] ] ] } },
{ "type": "Feature", "properties": { "name1": "River Cam", "name2": "Long Reach", "Strahler Stream Order": 5, "long_name": "East Anglia", "short_name": "East Anglia" }, "geometry": { "type": "LineString", "coordinates": [ [ 0.157, 52.22 ], [ 0.167, 52.224 ] ] } },
{ "type": "Feature", "properties": { "name1": "River Alde", "name2": " ", "Strahler Stream Order": 4, "long_name": "East Anglia", "short_name": "East Anglia" }, "geometry": { "type": "MultiLineString", "coordinates": [ [ [ 1.492, 52.165 ], [ 1.501, 52.165 ] ], [ [ 1.555, 52.157 ], [ 1.564, 52.158 ] ], [ [ 1.587, 52.126 ], [ 1.58, 52.117 ] ] ] } },
{ "type": "Feature", "properties": { "name1": "New Dyke", "name2": " ", "Strahler Stream Order": 4, "long_name": "East Anglia", "short_name": "East Anglia" }, "geometry": { "type": "LineString", "coordinates": [ [ -0.183, 52.467 ], [ -0.174, 52.471 ] ] } },
{ "type": "Feature", "properties": { "name1": "Ray Gut", "name2": " ", "Strahler Stream Order": 4, "long_name": "East Anglia", "short_name": "East Anglia" }, "geometry": { "type": "LineString", "coordinates": [ [ 0.68, 51.528 ], [ 0.696, 51.523 ] ] } },
{ "type": "Feature", "properties": { "name1": "Straight Reach", "name2": "River Stour", "Strahler Stream Order": 4, "long_name": "East Anglia", "short_name": "East Anglia" }, "geometry": { "type": "LineString", "coordinates": [ [ 1.103, 51.95 ], [ 1.105, 51.949 ] ] } },
{ "type": "Feature", "properties": { "name1": "River Stour", "name2": "Netherhallfleet Reach", "Strahler Stream Order": 4, "long_name": "East Anglia", "short_name": "East Anglia" }, "geometry": { "type": "LineString", "coordinates": [ [ 1.119, 51.948 ], [ 1.133, 51.952 ] ] } },
{ "type": "Feature", "properties": { "name1": "River Blackwater", "name2": " ", "Strahler Stream Order": 5, "long_name": "East Anglia", "short_name": "East Anglia" }, "geometry": { "type": "MultiLineString", "coordinates": [ [ [ 0.686, 51.733 ], [ 0.692, 51.727 ], [ 0.707, 51.723 ] ], [ [ 0.755, 51.718 ], [ 0.769, 51.714 ], [ 0.801, 51.724 ], [ 0.828, 51.724 ], [ 0.858, 51.733 ], [ 0.891, 51.751 ] ] ] } },
{ "type": "Feature", "properties": { "name1": "Lake Lothing", "name2": "Inner Harbour", "Strahler Stream Order": 5, "long_name": "East Anglia", "short_name": "East Anglia" }, "geometry": { "type": "LineString", "coordinates": [ [ 1.711, 52.475 ], [ 1.724, 52.477 ], [ 1.741, 52.473 ] ] } },
{ "type": "Feature", "properties": { "name1": "River Deben", "name2": " ", "Strahler Stream Order": 4, "long_name": "East Anglia", "short_name": "East Anglia" }, "geometry": { "type": "MultiLineString", "coordinates": [ [ [ 1.353, 52.114 ], [ 1.348, 52.103 ], [ 1.334, 52.102 ], [ 1.319, 52.089 ], [ 1.314, 52.079 ] ], [ [ 1.321, 52.075 ], [ 1.338, 52.061 ], [ 1.333, 52.053 ], [ 1.346, 52.046 ], [ 1.35, 52.039 ], [ 1.342, 52.03 ], [ 1.36, 52.022 ], [ 1.363, 52.007 ], [ 1.384, 51.998 ], [ 1.392, 51.991 ] ], [ [ 1.36, 52.118 ], [ 1.359, 52.117 ] ] ] } },
{ "type": "Feature", "properties": { "name1": "River Gipping", "name2": " ", "Strahler Stream Order": 4, "long_name": "East Anglia", "short_name": "East Anglia" }, "geometry": { "type": "LineString", "coordinates": [ [ 1.007, 52.182 ], [ 1.019, 52.172 ], [ 1.048, 52.163 ], [ 1.065, 52.149 ], [ 1.079, 52.145 ], [ 1.078, 52.136 ], [ 1.094, 52.128 ], [ 1.091, 52.117 ], [ 1.105, 52.11 ], [ 1.101, 52.098 ], [ 1.1, 52.082 ], [ 1.106, 52.072 ], [ 1.098, 52.064 ], [ 1.113, 52.056 ], [ 1.126, 52.064 ], [ 1.135, 52.06 ] ] } },
{ "type": "Feature", "properties": { "name1": "Butley River", "name2": " ", "Strahler Stream Order": 4, "long_name": "East Anglia", "short_name": "East Anglia" }, "geometry": { "type": "LineString", "coordinates": [ [ 1.49, 52.08 ], [ 1.491, 52.072 ], [ 1.503, 52.071 ] ] } },
{ "type": "Feature", "properties": { "name1": "River Orwell", "name2": "New Channel", "Strahler Stream Order": 4, "long_name": "East Anglia", "short_name": "East Anglia" }, "geometry": { "type": "LineString", "coordinates": [ [ 1.157, 52.035 ], [ 1.166, 52.027 ] ] } },
{ "type": "Feature", "properties": { "name1": "River Cam", "name2": " ", "Strahler Stream Order": 4, "long_name": "East Anglia", "short_name": "East Anglia" }, "geometry": { "type": "MultiLineString", "coordinates": [ [ [ 0.038, 52.126 ], [ 0.055, 52.126 ], [ 0.07, 52.136 ], [ 0.063, 52.15 ], [ 0.076, 52.152 ], [ 0.087, 52.166 ] ], [ [ 0.138, 52.143 ], [ 0.116, 52.152 ], [ 0.103, 52.152 ], [ 0.088, 52.157 ], [ 0.088, 52.166 ] ], [ [ 0.088, 52.166 ], [ 0.1, 52.172 ], [ 0.098, 52.18 ], [ 0.105, 52.191 ], [ 0.114, 52.193 ], [ 0.116, 52.201 ] ], [ [ 0.116, 52.209 ], [ 0.121, 52.213 ], [ 0.141, 52.211 ], [ 0.146, 52.218 ], [ 0.157, 52.22 ] ], [ [ 0.167, 52.224 ], [ 0.171, 52.234 ], [ 0.184, 52.242 ], [ 0.186, 52.251 ], [ 0.2, 52.258 ], [ 0.215, 52.274 ], [ 0.223, 52.276 ], [ 0.242, 52.291 ], [ 0.256, 52.318 ], [ 0.254, 52.332 ], [ 0.258, 52.336 ], [ 0.253, 52.348 ] ] ] } },
{ "type": "Feature", "properties": { "name1": "Alconbury Brook", "name2": " ", "Strahler Stream Order": 4, "long_name": "East Anglia", "short_name": "East Anglia" }, "geometry": { "type": "LineString", "coordinates": [ [ -0.241, 52.336 ], [ -0.235, 52.331 ], [ -0.203, 52.325 ], [ -0.18, 52.326 ] ] } },
{ "type": "Feature", "properties": { "name1": "Oulton Dyke", "name2": "Oulton Broad", "Strahler Stream Order": 5, "long_name": "East Anglia", "short_name": "East Anglia" }, "geometry": { "type": "LineString", "coordinates": [ [ 1.682, 52.49 ], [ 1.683, 52.476 ], [ 1.701, 52.473 ], [ 1.711, 52.475 ] ] } },
{ "type": "Feature", "properties": { "name1": "River Ore", "name2": " ", "Strahler Stream Order": 4, "long_name": "East Anglia", "short_name": "East Anglia" }, "geometry": { "type": "MultiLineString", "coordinates": [ [ [ 1.497, 52.064 ], [ 1.466, 52.048 ] ], [ [ 1.564, 52.097 ], [ 1.552, 52.09 ], [ 1.539, 52.09 ], [ 1.539, 52.08 ] ] ] } },
{ "type": "Feature", "properties": { "name1": "Runham Swim", "name2": "River Bure", "Strahler Stream Order": 4, "long_name": "East Anglia", "short_name": "East Anglia" }, "geometry": { "type": "LineString", "coordinates": [ [ 1.654, 52.632 ], [ 1.66, 52.63 ] ] } },
{ "type": "Feature", "properties": { "name1": "River Nene (old course)", "name2": " ", "Strahler Stream Order": 4, "long_name": "East Anglia", "short_name": "East Anglia" }, "geometry": { "type": "MultiLineString", "coordinates": [ [ [ -0.173, 52.472 ], [ -0.168, 52.484 ], [ -0.179, 52.486 ], [ -0.179, 52.498 ] ], [ [ -0.004, 52.523 ], [ 0.003, 52.53 ], [ 0.014, 52.53 ], [ 0.031, 52.546 ], [ 0.042, 52.546 ], [ 0.062, 52.554 ], [ 0.094, 52.55 ], [ 0.113, 52.557 ], [ 0.122, 52.565 ], [ 0.138, 52.568 ], [ 0.167, 52.582 ], [ 0.175, 52.588 ], [ 0.203, 52.589 ], [ 0.215, 52.601 ], [ 0.235, 52.61 ] ] ] } },
{ "type": "Feature", "properties": { "name1": "The Black Bourn", "name2": "Broad Water", "Strahler Stream Order": 4, "long_name": "East Anglia", "short_name": "East Anglia" }, "geometry": { "type": "LineString", "coordinates": [ [ 0.796, 52.364 ], [ 0.789, 52.368 ] ] } },
{ "type": "Feature", "properties": { "name1": "Dunwich River", "name2": " ", "Strahler Stream Order": 4, "long_name": "East Anglia", "short_name": "East Anglia" }, "geometry": { "type": "LineString", "coordinates": [ [ 1.642, 52.295 ], [ 1.647, 52.305 ], [ 1.661, 52.309 ], [ 1.67, 52.316 ] ] } },
{ "type": "Feature", "properties": { "name1": "River Crouch", "name2": "Ringwood Bar", "Strahler Stream Order": 5, "long_name": "East Anglia", "short_name": "East Anglia" }, "geometry": { "type": "LineString", "coordinates": [ [ 0.839, 51.62 ], [ 0.845, 51.62 ] ] } },
{ "type": "Feature", "properties": { "name1": "East Haven Creek", "name2": " ", "Strahler Stream Order": 4, "long_name": "East Anglia", "short_name": "East Anglia" }, "geometry": { "type": "LineString", "coordinates": [ [ 0.543, 51.544 ], [ 0.545, 51.547 ] ] } },
{ "type": "Feature", "properties": { "name1": "River Stour", "name2": "New Cut", "Strahler Stream Order": 4, "long_name": "East Anglia", "short_name": "East Anglia" }, "geometry": { "type": "LineString", "coordinates": [ [ 0.576, 52.073 ], [ 0.587, 52.076 ] ] } },
{ "type": "Feature", "properties": { "name1": "River Deben", "name2": "Quill", "Strahler Stream Order": 4, "long_name": "East Anglia", "short_name": "East Anglia" }, "geometry": { "type": "LineString", "coordinates": [ [ 1.359, 52.117 ], [ 1.353, 52.114 ] ] } },
{ "type": "Feature", "properties": { "name1": " ", "name2": " ", "Strahler Stream Order": 6, "long_name": "East Anglia", "short_name": "East Anglia" }, "geometry": { "type": "MultiLineString", "coordinates": [ [ [ -1.521, 51.8 ], [ -1.52, 51.8 ] ], [ [ -1.29, 51.774 ], [ -1.289, 51.772 ] ], [ [ -0.995, 51.346 ], [ -0.994, 51.348 ] ], [ [ -0.967, 51.382 ], [ -0.966, 51.382 ] ], [ [ -0.943, 51.37 ], [ -0.946, 51.372 ] ], [ [ -0.914, 51.476 ], [ -0.91, 51.479 ] ], [ [ -0.893, 51.551 ], [ -0.89, 51.555 ] ], [ [ -0.838, 51.303 ], [ -0.852, 51.3 ], [ -0.877, 51.307 ] ], [ [ -0.861, 51.354 ], [ -0.864, 51.354 ] ], [ [ -0.683, 51.187 ], [ -0.682, 51.187 ] ], [ [ -0.653, 51.486 ], [ -0.651, 51.486 ] ], [ [ -0.625, 51.491 ], [ -0.625, 51.49 ] ], [ [ -0.463, 51.379 ], [ -0.461, 51.379 ] ], [ [ -0.46, 51.379 ], [ -0.459, 51.379 ] ], [ [ -0.419, 51.394 ], [ -0.418, 51.395 ] ], [ [ -0.073, 51.505 ], [ -0.062, 51.502 ] ], [ [ -0.045, 51.596 ], [ -0.051, 51.588 ] ], [ [ -0.023, 51.475 ], [ -0.022, 51.476 ] ], [ [ -0.011, 51.688 ], [ -0.01, 51.685 ] ], [ [ -0.011, 51.68 ], [ -0.01, 51.677 ] ], [ [ 0.171, 51.505 ], [ 0.176, 51.5 ] ], [ [ 0.203, 51.485 ], [ 0.215, 51.486 ], [ 0.254, 51.467 ] ], [ [ 0.292, 51.463 ], [ 0.299, 51.465 ] ], [ [ 0.371, 51.449 ], [ 0.38, 51.449 ] ] ] } },
{ "type": "Feature", "properties": { "name1": "Bevill's Leam", "name2": " ", "Strahler Stream Order": 4, "long_name": "East Anglia", "short_name": "East Anglia" }, "geometry": { "type": "LineString", "coordinates": [ [ -0.179, 52.498 ], [ -0.172, 52.503 ], [ -0.118, 52.522 ], [ -0.073, 52.542 ] ] } },
{ "type": "Feature", "properties": { "name1": "New Cut", "name2": " ", "Strahler Stream Order": 6, "long_name": "East Anglia", "short_name": "East Anglia" }, "geometry": { "type": "LineString", "coordinates": [ [ 1.593, 52.548 ], [ 1.621, 52.532 ] ] } },
{ "type": "Feature", "properties": { "name1": "River Crouch", "name2": "Raypits Reach", "Strahler Stream Order": 5, "long_name": "East Anglia", "short_name": "East Anglia" }, "geometry": { "type": "LineString", "coordinates": [ [ 0.725, 51.637 ], [ 0.733, 51.634 ] ] } },
{ "type": "Feature", "properties": { "name1": "River Kym", "name2": " ", "Strahler Stream Order": 4, "long_name": "East Anglia", "short_name": "East Anglia" }, "geometry": { "type": "LineString", "coordinates": [ [ -0.372, 52.273 ], [ -0.357, 52.275 ], [ -0.353, 52.267 ], [ -0.338, 52.268 ], [ -0.312, 52.263 ], [ -0.31, 52.255 ], [ -0.294, 52.252 ], [ -0.28, 52.254 ], [ -0.28, 52.244 ], [ -0.271, 52.239 ] ] } },
{ "type": "Feature", "properties": { "name1": "Blakeney Pit", "name2": "Blakeney Channel", "Strahler Stream Order": 4, "long_name": "East Anglia", "short_name": "East Anglia" }, "geometry": { "type": "LineString", "coordinates": [ [ 1.007, 52.968 ], [ 0.966, 52.969 ] ] } },
{ "type": "Feature", "properties": { "name1": "Great Raveley Drain", "name2": " ", "Strahler Stream Order": 4, "long_name": "East Anglia", "short_name": "East Anglia" }, "geometry": { "type": "LineString", "coordinates": [ [ -0.188, 52.433 ], [ -0.181, 52.463 ], [ -0.183, 52.467 ] ] } },
{ "type": "Feature", "properties": { "name1": "River Hiz", "name2": " ", "Strahler Stream Order": 4, "long_name": "East Anglia", "short_name": "East Anglia" }, "geometry": { "type": "LineString", "coordinates": [ [ -0.283, 52.002 ], [ -0.27, 52.007 ], [ -0.267, 52.029 ], [ -0.275, 52.034 ] ] } },
{ "type": "Feature", "properties": { "name1": "River Nene", "name2": " ", "Strahler Stream Order": 4, "long_name": "East Anglia", "short_name": "East Anglia" }, "geometry": { "type": "MultiLineString", "coordinates": [ [ [ -1.023, 52.224 ], [ -0.985, 52.229 ], [ -0.982, 52.233 ], [ -0.936, 52.224 ], [ -0.931, 52.232 ], [ -0.914, 52.23 ], [ -0.882, 52.232 ], [ -0.869, 52.227 ], [ -0.863, 52.232 ], [ -0.811, 52.242 ], [ -0.791, 52.242 ], [ -0.754, 52.25 ], [ -0.739, 52.25 ], [ -0.732, 52.258 ], [ -0.723, 52.258 ], [ -0.715, 52.267 ], [ -0.698, 52.27 ], [ -0.685, 52.279 ], [ -0.68, 52.292 ], [ -0.658, 52.293 ], [ -0.636, 52.306 ], [ -0.61, 52.307 ], [ -0.597, 52.327 ], [ -0.58, 52.33 ], [ -0.575, 52.348 ], [ -0.581, 52.36 ], [ -0.564, 52.369 ], [ -0.578, 52.377 ], [ -0.559, 52.382 ], [ -0.542, 52.38 ], [ -0.539, 52.387 ], [ -0.546, 52.398 ], [ -0.539, 52.407 ], [ -0.522, 52.408 ], [ -0.514, 52.416 ], [ -0.5, 52.421 ], [ -0.506, 52.429 ], [ -0.519, 52.429 ], [ -0.516, 52.438 ], [ -0.506, 52.436 ], [ -0.49, 52.444 ], [ -0.485, 52.452 ], [ -0.47, 52.464 ], [ -0.481, 52.472 ], [ -0.472, 52.478 ], [ -0.45, 52.467 ], [ -0.445, 52.47 ], [ -0.468, 52.493 ], [ -0.466, 52.499 ], [ -0.45, 52.505 ], [ -0.463, 52.519 ], [ -0.457, 52.523 ], [ -0.438, 52.524 ], [ -0.428, 52.514 ], [ -0.412, 52.518 ], [ -0.414, 52.528 ], [ -0.401, 52.539 ], [ -0.403, 52.549 ], [ -0.422, 52.553 ], [ -0.413, 52.568 ], [ -0.416, 52.578 ], [ -0.408, 52.583 ], [ -0.394, 52.582 ], [ -0.386, 52.567 ], [ -0.37, 52.563 ], [ -0.349, 52.565 ], [ -0.337, 52.553 ], [ -0.322, 52.557 ], [ -0.323, 52.565 ], [ -0.316, 52.572 ], [ -0.3, 52.569 ], [ -0.295, 52.561 ], [ -0.279, 52.561 ], [ -0.266, 52.568 ], [ -0.248, 52.569 ], [ -0.231, 52.565 ], [ -0.204, 52.566 ], [ -0.177, 52.57 ], [ -0.167, 52.569 ], [ 0.06, 52.606 ], [ 0.065, 52.611 ], [ 0.095, 52.628 ], [ 0.13, 52.642 ], [ 0.158, 52.665 ], [ 0.152, 52.676 ], [ 0.156, 52.708 ] ], [ [ 0.217, 52.828 ], [ 0.211, 52.84 ], [ 0.214, 52.849 ], [ 0.226, 52.852 ] ] ] } },
{ "type": "Feature", "properties": { "name1": "Cley Channel", "name2": " ", "Strahler Stream Order": 4, "long_name": "East Anglia", "short_name": "East Anglia" }, "geometry": { "type": "LineString", "coordinates": [ [ 1.044, 52.963 ], [ 1.015, 52.971 ], [ 1.007, 52.968 ] ] } },
{ "type": "Feature", "properties": { "name1": "River Orwell", "name2": "Long Reach", "Strahler Stream Order": 4, "long_name": "East Anglia", "short_name": "East Anglia" }, "geometry": { "type": "LineString", "coordinates": [ [ 1.216, 52.0 ], [ 1.234, 51.998 ], [ 1.258, 51.992 ] ] } },
{ "type": "Feature", "properties": { "name1": "River Stour", "name2": "Baythorne Deeps", "Strahler Stream Order": 4, "long_name": "East Anglia", "short_name": "East Anglia" }, "geometry": { "type": "LineString", "coordinates": [ [ 0.506, 52.056 ], [ 0.512, 52.059 ] ] } },
{ "type": "Feature", "properties": { "name1": "River Thames", "name2": "Northfleet Hope", "Strahler Stream Order": 6, "long_name": "East Anglia", "short_name": "East Anglia" }, "geometry": { "type": "LineString", "coordinates": [ [ 0.322, 51.467 ], [ 0.335, 51.452 ] ] } },
{ "type": "Feature", "properties": { "name1": "River Great Ouse", "name2": "Houghton Wale", "Strahler Stream Order": 6, "long_name": "East Anglia", "short_name": "East Anglia" }, "geometry": { "type": "LineString", "coordinates": [ [ -0.146, 52.335 ], [ -0.135, 52.332 ] ] } },
{ "type": "Feature", "properties": { "name1": "Troublesome Reach", "name2": "River Deben", "Strahler Stream Order": 4, "long_name": "East Anglia", "short_name": "East Anglia" }, "geometry": { "type": "LineString", "coordinates": [ [ 1.315, 52.078 ], [ 1.321, 52.075 ] ] } },
{ "type": "Feature", "properties": { "name1": "River Ore", "name2": "Halfway Reach", "Strahler Stream Order": 4, "long_name": "East Anglia", "short_name": "East Anglia" }, "geometry": { "type": "LineString", "coordinates": [ [ 1.567, 52.108 ], [ 1.564, 52.097 ] ] } },
{ "type": "Feature", "properties": { "name1": "Well Creek", "name2": " ", "Strahler Stream Order": 4, "long_name": "East Anglia", "short_name": "East Anglia" }, "geometry": { "type": "LineString", "coordinates": [ [ 0.235, 52.61 ], [ 0.255, 52.605 ], [ 0.299, 52.584 ], [ 0.33, 52.586 ], [ 0.341, 52.59 ] ] } },
{ "type": "Feature", "properties": { "name1": "Smallgains Creek", "name2": "Ray Gut", "Strahler Stream Order": 4, "long_name": "East Anglia", "short_name": "East Anglia" }, "geometry": { "type": "LineString", "coordinates": [ [ 0.614, 51.53 ], [ 0.629, 51.53 ], [ 0.632, 51.525 ], [ 0.66, 51.528 ], [ 0.68, 51.528 ] ] } },
{ "type": "Feature", "properties": { "name1": "Minsmere New Cut", "name2": " ", "Strahler Stream Order": 4, "long_name": "East Anglia", "short_name": "East Anglia" }, "geometry": { "type": "LineString", "coordinates": [ [ 1.591, 52.241 ], [ 1.629, 52.237 ] ] } },
{ "type": "Feature", "properties": { "name1": "Blakeney Harbour", "name2": " ", "Strahler Stream Order": 4, "long_name": "East Anglia", "short_name": "East Anglia" }, "geometry": { "type": "LineString", "coordinates": [ [ 0.966, 52.969 ], [ 0.957, 52.976 ], [ 0.965, 52.981 ] ] } },
{ "type": "Feature", "properties": { "name1": "River Thames", "name2": "Fiddler's Reach", "Strahler Stream Order": 6, "long_name": "East Anglia", "short_name": "East Anglia" }, "geometry": { "type": "MultiLineString", "coordinates": [ [ [ 0.267, 51.462 ], [ 0.277, 51.458 ], [ 0.292, 51.462 ] ], [ [ 0.299, 51.465 ], [ 0.307, 51.47 ], [ 0.322, 51.467 ] ] ] } },
{ "type": "Feature", "properties": { "name1": "River Great Ouse", "name2": "Eau Brink Cut", "Strahler Stream Order": 7, "long_name": "East Anglia", "short_name": "East Anglia" }, "geometry": { "type": "LineString", "coordinates": [ [ 0.36, 52.701 ], [ 0.354, 52.707 ], [ 0.355, 52.717 ], [ 0.39, 52.743 ] ] } },
{ "type": "Feature", "properties": { "name1": "Holehaven Creek", "name2": " ", "Strahler Stream Order": 4, "long_name": "East Anglia", "short_name": "East Anglia" }, "geometry": { "type": "LineString", "coordinates": [ [ 0.517, 51.53 ], [ 0.526, 51.516 ], [ 0.535, 51.52 ], [ 0.551, 51.513 ], [ 0.555, 51.502 ] ] } },
{ "type": "Feature", "properties": { "name1": "River Hit", "name2": " ", "Strahler Stream Order": 4, "long_name": "East Anglia", "short_name": "East Anglia" }, "geometry": { "type": "LineString", "coordinates": [ [ -0.371, 52.009 ], [ -0.368, 52.015 ], [ -0.333, 52.035 ], [ -0.331, 52.04 ] ] } },
{ "type": "Feature", "properties": { "name1": "River Great Ouse", "name2": "Lynn Channel", "Strahler Stream Order": 7, "long_name": "East Anglia", "short_name": "East Anglia" }, "geometry": { "type": "LineString", "coordinates": [ [ 0.391, 52.754 ], [ 0.379, 52.776 ], [ 0.357, 52.806 ] ] } },
{ "type": "Feature", "properties": { "name1": "Little Ouse River", "name2": " ", "Strahler Stream Order": 5, "long_name": "East Anglia", "short_name": "East Anglia" }, "geometry": { "type": "LineString", "coordinates": [ [ 0.773, 52.386 ], [ 0.766, 52.39 ], [ 0.75, 52.382 ], [ 0.741, 52.391 ], [ 0.755, 52.407 ], [ 0.747, 52.414 ], [ 0.728, 52.416 ], [ 0.719, 52.425 ], [ 0.727, 52.437 ], [ 0.726, 52.445 ], [ 0.706, 52.453 ], [ 0.687, 52.452 ], [ 0.668, 52.462 ], [ 0.662, 52.462 ], [ 0.642, 52.451 ], [ 0.615, 52.449 ], [ 0.598, 52.454 ], [ 0.572, 52.452 ], [ 0.554, 52.456 ], [ 0.539, 52.451 ], [ 0.528, 52.453 ], [ 0.485, 52.448 ], [ 0.455, 52.443 ], [ 0.439, 52.452 ], [ 0.426, 52.455 ], [ 0.401, 52.466 ], [ 0.392, 52.476 ], [ 0.382, 52.479 ], [ 0.367, 52.496 ], [ 0.367, 52.501 ] ] } },
{ "type": "Feature", "properties": { "name1": "Woodbridge Haven", "name2": "River Deben", "Strahler Stream Order": 4, "long_name": "East Anglia", "short_name": "East Anglia" }, "geometry": { "type": "LineString", "coordinates": [ [ 1.392, 51.991 ], [ 1.393, 51.981 ] ] } },
{ "type": "Feature", "properties": { "name1": "Hadleigh Ray", "name2": "Benfleet Creek", "Strahler Stream Order": 4, "long_name": "East Anglia", "short_name": "East Anglia" }, "geometry": { "type": "LineString", "coordinates": [ [ 0.604, 51.535 ], [ 0.614, 51.53 ] ] } },
{ "type": "Feature", "properties": { "name1": "River Stour", "name2": "Norman's Reach", "Strahler Stream Order": 4, "long_name": "East Anglia", "short_name": "East Anglia" }, "geometry": { "type": "LineString", "coordinates": [ [ 1.067, 51.948 ], [ 1.078, 51.948 ] ] } },
{ "type": "Feature", "properties": { "name1": "New Bedford River", "name2": "Hundred Foot Drain", "Strahler Stream Order": 6, "long_name": "East Anglia", "short_name": "East Anglia" }, "geometry": { "type": "LineString", "coordinates": [ [ 0.044, 52.353 ], [ 0.095, 52.392 ], [ 0.101, 52.4 ], [ 0.116, 52.411 ], [ 0.14, 52.421 ], [ 0.26, 52.511 ], [ 0.342, 52.584 ] ] } },
{ "type": "Feature", "properties": { "name1": "River Thames", "name2": " ", "Strahler Stream Order": 6, "long_name": "East Anglia", "short_name": "East Anglia" }, "geometry": { "type": "MultiLineString", "coordinates": [ [ [ -1.853, 51.645 ], [ -1.82, 51.644 ], [ -1.808, 51.663 ], [ -1.792, 51.661 ], [ -1.789, 51.667 ], [ -1.77, 51.668 ], [ -1.768, 51.663 ], [ -1.748, 51.663 ], [ -1.736, 51.668 ], [ -1.727, 51.667 ], [ -1.711, 51.672 ], [ -1.71, 51.682 ], [ -1.694, 51.693 ], [ -1.677, 51.689 ], [ -1.669, 51.681 ], [ -1.653, 51.681 ], [ -1.635, 51.688 ], [ -1.627, 51.684 ], [ -1.607, 51.692 ], [ -1.598, 51.688 ], [ -1.577, 51.7 ], [ -1.556, 51.699 ], [ -1.541, 51.703 ], [ -1.535, 51.698 ], [ -1.516, 51.702 ], [ -1.496, 51.695 ], [ -1.483, 51.702 ], [ -1.463, 51.701 ], [ -1.46, 51.713 ], [ -1.441, 51.712 ], [ -1.438, 51.708 ], [ -1.416, 51.71 ], [ -1.392, 51.706 ], [ -1.378, 51.714 ], [ -1.367, 51.73 ], [ -1.374, 51.737 ], [ -1.365, 51.749 ], [ -1.361, 51.774 ], [ -1.347, 51.777 ], [ -1.335, 51.786 ], [ -1.317, 51.788 ] ], [ [ -1.309, 51.789 ], [ -1.304, 51.781 ], [ -1.29, 51.774 ] ], [ [ -1.289, 51.772 ], [ -1.273, 51.757 ], [ -1.271, 51.748 ], [ -1.258, 51.747 ], [ -1.242, 51.737 ], [ -1.242, 51.721 ], [ -1.232, 51.71 ], [ -1.233, 51.703 ], [ -1.221, 51.685 ], [ -1.23, 51.673 ], [ -1.25, 51.666 ], [ -1.267, 51.671 ], [ -1.284, 51.666 ], [ -1.28, 51.659 ] ], [ [ -1.276, 51.646 ], [ -1.263, 51.65 ], [ -1.233, 51.641 ], [ -1.211, 51.643 ], [ -1.21, 51.656 ], [ -1.196, 51.659 ], [ -1.183, 51.656 ], [ -1.177, 51.647 ], [ -1.179, 51.635 ], [ -1.154, 51.636 ], [ -1.144, 51.625 ], [ -1.116, 51.62 ], [ -1.114, 51.61 ], [ -1.122, 51.598 ], [ -1.126, 51.584 ], [ -1.125, 51.571 ], [ -1.138, 51.564 ], [ -1.147, 51.553 ], [ -1.14, 51.543 ] ], [ [ -1.14, 51.542 ], [ -1.134, 51.536 ], [ -1.143, 51.517 ], [ -1.135, 51.511 ], [ -1.119, 51.512 ], [ -1.109, 51.505 ], [ -1.103, 51.49 ], [ -1.087, 51.486 ], [ -1.067, 51.491 ], [ -1.05, 51.492 ], [ -1.039, 51.487 ], [ -1.034, 51.474 ] ], [ [ -1.028, 51.472 ], [ -1.014, 51.467 ] ], [ [ -1.012, 51.467 ], [ -1.008, 51.468 ] ], [ [ -1.003, 51.47 ], [ -0.979, 51.467 ], [ -0.969, 51.461 ], [ -0.959, 51.463 ], [ -0.946, 51.459 ], [ -0.93, 51.468 ], [ -0.921, 51.468 ], [ -0.914, 51.476 ] ], [ [ -0.91, 51.479 ], [ -0.899, 51.486 ], [ -0.894, 51.495 ] ], [ [ -0.894, 51.497 ], [ -0.872, 51.508 ], [ -0.881, 51.513 ], [ -0.878, 51.523 ], [ -0.9, 51.536 ], [ -0.898, 51.544 ] ], [ [ -0.89, 51.555 ], [ -0.887, 51.56 ], [ -0.871, 51.56 ], [ -0.861, 51.548 ], [ -0.848, 51.545 ], [ -0.811, 51.553 ], [ -0.793, 51.551 ], [ -0.783, 51.556 ], [ -0.777, 51.566 ], [ -0.757, 51.565 ], [ -0.738, 51.574 ], [ -0.719, 51.578 ], [ -0.711, 51.564 ], [ -0.693, 51.56 ], [ -0.691, 51.556 ] ], [ [ -0.691, 51.552 ], [ -0.702, 51.526 ], [ -0.704, 51.512 ], [ -0.689, 51.509 ], [ -0.679, 51.495 ], [ -0.666, 51.488 ], [ -0.653, 51.486 ] ], [ [ -0.651, 51.486 ], [ -0.647, 51.49 ], [ -0.63, 51.492 ] ], [ [ -0.627, 51.491 ], [ -0.625, 51.49 ] ], [ [ -0.625, 51.49 ], [ -0.61, 51.485 ], [ -0.6, 51.494 ], [ -0.581, 51.48 ], [ -0.585, 51.474 ], [ -0.575, 51.469 ], [ -0.574, 51.453 ], [ -0.558, 51.444 ], [ -0.544, 51.441 ] ], [ [ -0.54, 51.439 ], [ -0.511, 51.431 ], [ -0.513, 51.417 ], [ -0.495, 51.413 ] ], [ [ -0.493, 51.406 ], [ -0.485, 51.387 ], [ -0.476, 51.39 ], [ -0.463, 51.379 ] ], [ [ -0.461, 51.379 ], [ -0.442, 51.39 ], [ -0.434, 51.384 ], [ -0.419, 51.394 ] ], [ [ -0.418, 51.395 ], [ -0.411, 51.404 ], [ -0.392, 51.41 ], [ -0.374, 51.408 ], [ -0.36, 51.412 ], [ -0.339, 51.401 ] ], [ [ -0.333, 51.396 ], [ -0.32, 51.392 ], [ -0.309, 51.401 ], [ -0.308, 51.425 ], [ -0.326, 51.432 ], [ -0.329, 51.444 ], [ -0.306, 51.449 ], [ -0.303, 51.454 ], [ -0.321, 51.465 ], [ -0.319, 51.471 ], [ -0.307, 51.475 ], [ -0.298, 51.484 ], [ -0.279, 51.484 ], [ -0.265, 51.471 ], [ -0.254, 51.473 ] ], [ [ -0.243, 51.488 ], [ -0.227, 51.486 ], [ -0.225, 51.475 ], [ -0.208, 51.465 ], [ -0.196, 51.464 ] ], [ [ -0.168, 51.482 ], [ -0.146, 51.485 ], [ -0.134, 51.484 ], [ -0.123, 51.493 ], [ -0.121, 51.506 ], [ -0.113, 51.51 ], [ -0.098, 51.51 ], [ -0.073, 51.505 ] ], [ [ -0.062, 51.502 ], [ -0.05, 51.506 ] ], [ [ -0.038, 51.508 ], [ -0.03, 51.505 ], [ -0.029, 51.491 ], [ -0.02, 51.485 ], [ -0.002, 51.487 ], [ -0.003, 51.505 ] ], [ [ 0.335, 51.452 ], [ 0.343, 51.449 ], [ 0.37, 51.449 ] ], [ [ 0.419, 51.45 ], [ 0.441, 51.455 ], [ 0.456, 51.486 ], [ 0.484, 51.5 ], [ 0.555, 51.502 ], [ 0.585, 51.505 ], [ 0.592, 51.503 ], [ 0.635, 51.501 ], [ 0.678, 51.503 ] ] ] } },
{ "type": "Feature", "properties": { "name1": "River Thames", "name2": "Gravesend Reach", "Strahler Stream Order": 6, "long_name": "East Anglia", "short_name": "East Anglia" }, "geometry": { "type": "LineString", "coordinates": [ [ 0.38, 51.449 ], [ 0.419, 51.45 ] ] } },
{ "type": "Feature", "properties": { "name1": "Short Reach", "name2": "River Alde", "Strahler Stream Order": 4, "long_name": "East Anglia", "short_name": "East Anglia" }, "geometry": { "type": "LineString", "coordinates": [ [ 1.564, 52.158 ], [ 1.574, 52.157 ], [ 1.573, 52.145 ] ] } },
{ "type": "Feature", "properties": { "name1": "Benfleet Creek", "name2": " ", "Strahler Stream Order": 4, "long_name": "East Anglia", "short_name": "East Anglia" }, "geometry": { "type": "LineString", "coordinates": [ [ 0.545, 51.547 ], [ 0.578, 51.538 ], [ 0.587, 51.539 ], [ 0.604, 51.535 ] ] } },
{ "type": "Feature", "properties": { "name1": "Spitty's Reach", "name2": "River Crouch", "Strahler Stream Order": 4, "long_name": "East Anglia", "short_name": "East Anglia" }, "geometry": { "type": "LineString", "coordinates": [ [ 0.586, 51.626 ], [ 0.589, 51.628 ] ] } },
{ "type": "Feature", "properties": { "name1": "River Great Ouse", "name2": " ", "Strahler Stream Order": 5, "long_name": "East Anglia", "short_name": "East Anglia" }, "geometry": { "type": "MultiLineString", "coordinates": [ [ [ -0.943, 52.004 ], [ -0.938, 52.01 ], [ -0.911, 52.018 ], [ -0.891, 52.03 ], [ -0.879, 52.029 ], [ -0.872, 52.035 ], [ -0.87, 52.045 ], [ -0.856, 52.047 ], [ -0.861, 52.055 ], [ -0.859, 52.064 ], [ -0.839, 52.064 ], [ -0.823, 52.075 ], [ -0.803, 52.073 ], [ -0.796, 52.067 ], [ -0.756, 52.085 ], [ -0.761, 52.095 ], [ -0.733, 52.101 ], [ -0.718, 52.088 ], [ -0.708, 52.097 ], [ -0.729, 52.111 ], [ -0.753, 52.11 ], [ -0.762, 52.121 ], [ -0.75, 52.13 ], [ -0.732, 52.132 ], [ -0.725, 52.143 ], [ -0.706, 52.149 ], [ -0.692, 52.147 ], [ -0.693, 52.162 ], [ -0.684, 52.164 ], [ -0.666, 52.16 ], [ -0.659, 52.163 ], [ -0.645, 52.154 ], [ -0.631, 52.155 ], [ -0.635, 52.168 ], [ -0.622, 52.185 ], [ -0.619, 52.196 ], [ -0.61, 52.2 ], [ -0.597, 52.198 ], [ -0.585, 52.211 ], [ -0.552, 52.21 ], [ -0.537, 52.221 ], [ -0.52, 52.22 ], [ -0.512, 52.209 ], [ -0.517, 52.202 ], [ -0.538, 52.201 ], [ -0.539, 52.194 ], [ -0.527, 52.19 ], [ -0.514, 52.191 ], [ -0.511, 52.183 ], [ -0.526, 52.179 ], [ -0.537, 52.184 ], [ -0.55, 52.183 ], [ -0.56, 52.178 ], [ -0.539, 52.167 ], [ -0.514, 52.161 ], [ -0.494, 52.16 ], [ -0.486, 52.156 ], [ -0.491, 52.148 ], [ -0.515, 52.15 ], [ -0.526, 52.139 ], [ -0.518, 52.127 ], [ -0.517, 52.119 ], [ -0.501, 52.12 ], [ -0.501, 52.131 ], [ -0.483, 52.128 ], [ -0.471, 52.134 ], [ -0.445, 52.133 ], [ -0.436, 52.125 ], [ -0.422, 52.131 ], [ -0.418, 52.143 ], [ -0.385, 52.146 ], [ -0.378, 52.14 ], [ -0.347, 52.146 ], [ -0.335, 52.156 ], [ -0.33, 52.166 ], [ -0.303, 52.168 ], [ -0.3, 52.18 ], [ -0.289, 52.19 ], [ -0.292, 52.197 ], [ -0.273, 52.205 ], [ -0.281, 52.212 ], [ -0.281, 52.219 ], [ -0.272, 52.223 ], [ -0.275, 52.234 ], [ -0.271, 52.239 ], [ -0.252, 52.245 ] ], [ [ -0.271, 52.239 ], [ -0.252, 52.245 ] ], [ [ -0.252, 52.245 ], [ -0.237, 52.253 ], [ -0.238, 52.262 ], [ -0.228, 52.27 ], [ -0.217, 52.289 ], [ -0.219, 52.297 ], [ -0.207, 52.32 ] ], [ [ -0.204, 52.321 ], [ -0.184, 52.316 ], [ -0.18, 52.326 ], [ -0.157, 52.337 ], [ -0.146, 52.335 ] ], [ [ -0.135, 52.332 ], [ -0.121, 52.331 ], [ -0.116, 52.322 ], [ -0.106, 52.32 ], [ -0.097, 52.327 ], [ -0.082, 52.327 ], [ -0.074, 52.322 ], [ -0.07, 52.312 ], [ -0.055, 52.316 ], [ -0.016, 52.312 ], [ 0.009, 52.335 ], [ 0.01, 52.342 ], [ 0.032, 52.353 ], [ 0.044, 52.353 ] ], [ [ 0.253, 52.348 ], [ 0.269, 52.389 ], [ 0.268, 52.394 ], [ 0.293, 52.4 ] ], [ [ 0.319, 52.462 ], [ 0.346, 52.486 ], [ 0.364, 52.498 ], [ 0.373, 52.507 ], [ 0.374, 52.517 ], [ 0.358, 52.531 ], [ 0.363, 52.549 ], [ 0.344, 52.566 ] ], [ [ 0.343, 52.567 ], [ 0.341, 52.591 ], [ 0.354, 52.598 ], [ 0.365, 52.611 ], [ 0.368, 52.643 ], [ 0.36, 52.666 ], [ 0.373, 52.687 ], [ 0.372, 52.693 ], [ 0.36, 52.701 ] ], [ [ 0.39, 52.743 ], [ 0.394, 52.748 ], [ 0.391, 52.754 ] ] ] } },
{ "type": "Feature", "properties": { "name1": "River Stour", "name2": "Cattawade Creek", "Strahler Stream Order": 4, "long_name": "East Anglia", "short_name": "East Anglia" }, "geometry": { "type": "LineString", "coordinates": [ [ 1.058, 51.956 ], [ 1.067, 51.948 ] ] } },
{ "type": "Feature", "properties": { "name1": "Inner Harbour", "name2": " ", "Strahler Stream Order": 5, "long_name": "East Anglia", "short_name": "East Anglia" }, "geometry": { "type": "LineString", "coordinates": [ [ 1.741, 52.473 ], [ 1.756, 52.472 ] ] } },
{ "type": "Feature", "properties": { "name1": "River Ore", "name2": "Lower Gull", "Strahler Stream Order": 5, "long_name": "East Anglia", "short_name": "East Anglia" }, "geometry": { "type": "LineString", "coordinates": [ [ 1.503, 52.071 ], [ 1.497, 52.064 ] ] } },
{ "type": "Feature", "properties": { "name1": "River Nene", "name2": "Paupers' Cut", "Strahler Stream Order": 5, "long_name": "East Anglia", "short_name": "East Anglia" }, "geometry": { "type": "LineString", "coordinates": [ [ 0.156, 52.708 ], [ 0.168, 52.725 ], [ 0.175, 52.742 ] ] } },
{ "type": "Feature", "properties": { "name1": "River Tas", "name2": " ", "Strahler Stream Order": 4, "long_name": "East Anglia", "short_name": "East Anglia" }, "geometry": { "type": "LineString", "coordinates": [ [ 1.233, 52.518 ], [ 1.234, 52.522 ], [ 1.268, 52.537 ], [ 1.284, 52.548 ], [ 1.293, 52.563 ], [ 1.286, 52.586 ], [ 1.302, 52.593 ], [ 1.297, 52.6 ], [ 1.308, 52.609 ] ] } },
{ "type": "Feature", "properties": { "name1": "River Ivel", "name2": " ", "Strahler Stream Order": 5, "long_name": "East Anglia", "short_name": "East Anglia" }, "geometry": { "type": "MultiLineString", "coordinates": [ [ [ -0.331, 52.04 ], [ -0.304, 52.043 ], [ -0.291, 52.054 ], [ -0.277, 52.06 ] ], [ [ -0.277, 52.06 ], [ -0.272, 52.072 ], [ -0.269, 52.099 ], [ -0.271, 52.106 ], [ -0.287, 52.124 ], [ -0.302, 52.126 ], [ -0.317, 52.141 ], [ -0.31, 52.148 ], [ -0.312, 52.158 ], [ -0.303, 52.168 ] ], [ [ -0.275, 52.034 ], [ -0.281, 52.042 ], [ -0.274, 52.051 ], [ -0.277, 52.06 ] ] ] } },
{ "type": "Feature", "properties": { "name1": "River Lark", "name2": " ", "Strahler Stream Order": 4, "long_name": "East Anglia", "short_name": "East Anglia" }, "geometry": { "type": "LineString", "coordinates": [ [ 0.656, 52.304 ], [ 0.633, 52.31 ], [ 0.615, 52.309 ], [ 0.596, 52.326 ], [ 0.581, 52.325 ], [ 0.567, 52.332 ], [ 0.495, 52.341 ], [ 0.489, 52.338 ], [ 0.472, 52.345 ], [ 0.452, 52.345 ], [ 0.407, 52.362 ], [ 0.384, 52.392 ], [ 0.374, 52.411 ], [ 0.361, 52.421 ], [ 0.348, 52.417 ], [ 0.339, 52.427 ], [ 0.329, 52.427 ], [ 0.312, 52.435 ] ] } },
{ "type": "Feature", "properties": { "name1": "River Orwell", "name2": "New Cut", "Strahler Stream Order": 4, "long_name": "East Anglia", "short_name": "East Anglia" }, "geometry": { "type": "LineString", "coordinates": [ [ 1.154, 52.052 ], [ 1.162, 52.045 ], [ 1.157, 52.035 ] ] } },
{ "type": "Feature", "properties": { "name1": "River Bure", "name2": " ", "Strahler Stream Order": 4, "long_name": "East Anglia", "short_name": "East Anglia" }, "geometry": { "type": "MultiLineString", "coordinates": [ [ [ 1.234, 52.824 ], [ 1.251, 52.821 ], [ 1.261, 52.806 ], [ 1.277, 52.798 ], [ 1.273, 52.794 ], [ 1.284, 52.778 ], [ 1.296, 52.769 ], [ 1.313, 52.764 ], [ 1.317, 52.752 ], [ 1.343, 52.742 ], [ 1.343, 52.734 ], [ 1.355, 52.73 ], [ 1.358, 52.723 ], [ 1.375, 52.725 ], [ 1.386, 52.714 ], [ 1.375, 52.708 ], [ 1.38, 52.703 ], [ 1.396, 52.703 ], [ 1.393, 52.712 ], [ 1.424, 52.704 ], [ 1.416, 52.694 ], [ 1.434, 52.69 ], [ 1.442, 52.702 ], [ 1.457, 52.703 ], [ 1.469, 52.697 ], [ 1.474, 52.689 ], [ 1.512, 52.69 ], [ 1.546, 52.68 ], [ 1.562, 52.667 ], [ 1.557, 52.651 ], [ 1.57, 52.648 ], [ 1.567, 52.639 ], [ 1.59, 52.638 ], [ 1.593, 52.629 ], [ 1.609, 52.624 ], [ 1.633, 52.633 ], [ 1.654, 52.632 ] ], [ [ 1.66, 52.63 ], [ 1.687, 52.628 ], [ 1.692, 52.622 ] ], [ [ 1.694, 52.621 ], [ 1.707, 52.63 ], [ 1.725, 52.627 ], [ 1.724, 52.614 ], [ 1.719, 52.61 ] ] ] } },
{ "type": "Feature", "properties": { "name1": "The Crotch", "name2": "River Dove", "Strahler Stream Order": 4, "long_name": "East Anglia", "short_name": "East Anglia" }, "geometry": { "type": "LineString", "coordinates": [ [ 1.197, 52.36 ], [ 1.197, 52.361 ] ] } },
{ "type": "Feature", "properties": { "name1": "River Blyth", "name2": " ", "Strahler Stream Order": 4, "long_name": "East Anglia", "short_name": "East Anglia" }, "geometry": { "type": "LineString", "coordinates": [ [ 1.516, 52.338 ], [ 1.544, 52.338 ], [ 1.554, 52.333 ], [ 1.571, 52.33 ], [ 1.586, 52.32 ], [ 1.606, 52.324 ], [ 1.62, 52.32 ], [ 1.641, 52.33 ], [ 1.659, 52.324 ], [ 1.675, 52.313 ] ] } },
{ "type": "Feature", "properties": { "name1": "Swan's Harbour", "name2": "River Yare", "Strahler Stream Order": 4, "long_name": "East Anglia", "short_name": "East Anglia" }, "geometry": { "type": "LineString", "coordinates": [ [ 1.136, 52.625 ], [ 1.14, 52.623 ] ] } },
{ "type": "Feature", "properties": { "name1": "The Black Bourn", "name2": " ", "Strahler Stream Order": 4, "long_name": "East Anglia", "short_name": "East Anglia" }, "geometry": { "type": "MultiLineString", "coordinates": [ [ [ 0.789, 52.368 ], [ 0.773, 52.386 ] ], [ [ 0.843, 52.29 ], [ 0.827, 52.296 ], [ 0.827, 52.32 ], [ 0.842, 52.323 ], [ 0.838, 52.336 ], [ 0.824, 52.33 ], [ 0.815, 52.331 ], [ 0.808, 52.341 ], [ 0.806, 52.355 ], [ 0.796, 52.364 ] ] ] } },
{ "type": "Feature", "properties": { "name1": "River Roding", "name2": " ", "Strahler Stream Order": 4, "long_name": "East Anglia", "short_name": "East Anglia" }, "geometry": { "type": "MultiLineString", "coordinates": [ [ [ 0.255, 51.7 ], [ 0.255, 51.69 ], [ 0.244, 51.688 ], [ 0.229, 51.675 ], [ 0.215, 51.675 ], [ 0.208, 51.661 ], [ 0.191, 51.66 ], [ 0.192, 51.654 ], [ 0.168, 51.656 ], [ 0.155, 51.661 ], [ 0.137, 51.66 ], [ 0.095, 51.647 ], [ 0.089, 51.641 ], [ 0.077, 51.639 ], [ 0.052, 51.624 ], [ 0.048, 51.603 ], [ 0.041, 51.599 ], [ 0.043, 51.579 ], [ 0.04, 51.575 ], [ 0.054, 51.561 ], [ 0.068, 51.555 ], [ 0.071, 51.537 ] ], [ [ 0.099, 51.514 ], [ 0.1, 51.512 ] ] ] } },
{ "type": "Feature", "properties": { "name1": "The Gull", "name2": "River Ore", "Strahler Stream Order": 4, "long_name": "East Anglia", "short_name": "East Anglia" }, "geometry": { "type": "LineString", "coordinates": [ [ 1.539, 52.08 ], [ 1.523, 52.08 ], [ 1.512, 52.069 ], [ 1.503, 52.071 ] ] } },
{ "type": "Feature", "properties": { "name1": "Whittlesey Dike", "name2": " ", "Strahler Stream Order": 4, "long_name": "East Anglia", "short_name": "East Anglia" }, "geometry": { "type": "LineString", "coordinates": [ [ -0.073, 52.542 ], [ -0.022, 52.525 ], [ -0.004, 52.523 ] ] } },
{ "type": "Feature", "properties": { "name1": "River Orwell", "name2": "Lower Reach", "Strahler Stream Order": 4, "long_name": "East Anglia", "short_name": "East Anglia" }, "geometry": { "type": "LineString", "coordinates": [ [ 1.276, 51.976 ], [ 1.278, 51.968 ], [ 1.288, 51.959 ] ] } },
{ "type": "Feature", "properties": { "name1": "River Orwell", "name2": " ", "Strahler Stream Order": 4, "long_name": "East Anglia", "short_name": "East Anglia" }, "geometry": { "type": "MultiLineString", "coordinates": [ [ [ 1.135, 52.06 ], [ 1.141, 52.052 ], [ 1.154, 52.052 ] ], [ [ 1.166, 52.027 ], [ 1.167, 52.027 ] ], [ [ 1.261, 51.992 ], [ 1.274, 51.988 ], [ 1.276, 51.982 ] ] ] } },
{ "type": "Feature", "properties": { "name1": "River Orwell", "name2": "Freston Reach", "Strahler Stream Order": 4, "long_name": "East Anglia", "short_name": "East Anglia" }, "geometry": { "type": "LineString", "coordinates": [ [ 1.167, 52.027 ], [ 1.168, 52.021 ], [ 1.184, 52.013 ] ] } },
{ "type": "Feature", "properties": { "name1": "River Ouzel", "name2": " ", "Strahler Stream Order": 4, "long_name": "East Anglia", "short_name": "East Anglia" }, "geometry": { "type": "LineString", "coordinates": [ [ -0.668, 51.914 ], [ -0.663, 51.925 ], [ -0.67, 51.935 ], [ -0.693, 51.939 ], [ -0.696, 51.948 ], [ -0.707, 51.948 ], [ -0.704, 51.961 ], [ -0.718, 51.983 ], [ -0.708, 51.993 ], [ -0.713, 51.998 ], [ -0.708, 52.008 ], [ -0.71, 52.02 ], [ -0.717, 52.036 ], [ -0.725, 52.042 ], [ -0.714, 52.046 ], [ -0.715, 52.06 ], [ -0.708, 52.065 ], [ -0.709, 52.079 ], [ -0.723, 52.082 ], [ -0.717, 52.088 ] ] } },
{ "type": "Feature", "properties": { "name1": "River Wissey", "name2": " ", "Strahler Stream Order": 4, "long_name": "East Anglia", "short_name": "East Anglia" }, "geometry": { "type": "LineString", "coordinates": [ [ 0.535, 52.567 ], [ 0.511, 52.563 ], [ 0.508, 52.553 ], [ 0.484, 52.546 ], [ 0.446, 52.554 ], [ 0.436, 52.55 ], [ 0.423, 52.554 ], [ 0.41, 52.563 ], [ 0.4, 52.565 ], [ 0.364, 52.559 ], [ 0.344, 52.566 ] ] } },
{ "type": "Feature", "properties": { "name1": "River Chelmer", "name2": " ", "Strahler Stream Order": 5, "long_name": "East Anglia", "short_name": "East Anglia" }, "geometry": { "type": "LineString", "coordinates": [ [ 0.418, 51.857 ], [ 0.431, 51.832 ], [ 0.452, 51.83 ], [ 0.461, 51.82 ], [ 0.458, 51.808 ], [ 0.466, 51.804 ], [ 0.47, 51.791 ], [ 0.478, 51.785 ], [ 0.484, 51.772 ], [ 0.474, 51.751 ], [ 0.476, 51.733 ], [ 0.483, 51.728 ], [ 0.503, 51.731 ], [ 0.518, 51.726 ], [ 0.525, 51.731 ], [ 0.522, 51.743 ], [ 0.538, 51.749 ], [ 0.566, 51.748 ], [ 0.576, 51.753 ], [ 0.595, 51.754 ], [ 0.615, 51.742 ], [ 0.622, 51.747 ], [ 0.656, 51.746 ], [ 0.664, 51.739 ], [ 0.686, 51.733 ] ] } },
{ "type": "Feature", "properties": { "name1": "River Stour", "name2": " ", "Strahler Stream Order": 4, "long_name": "East Anglia", "short_name": "East Anglia" }, "geometry": { "type": "MultiLineString", "coordinates": [ [ [ 0.49, 52.067 ], [ 0.49, 52.06 ], [ 0.506, 52.056 ] ], [ [ 0.512, 52.059 ], [ 0.531, 52.061 ], [ 0.546, 52.059 ], [ 0.551, 52.068 ], [ 0.576, 52.073 ] ], [ [ 0.588, 52.076 ], [ 0.595, 52.074 ], [ 0.607, 52.081 ], [ 0.62, 52.077 ], [ 0.636, 52.086 ], [ 0.647, 52.084 ], [ 0.667, 52.086 ], [ 0.69, 52.08 ], [ 0.702, 52.08 ], [ 0.711, 52.073 ], [ 0.703, 52.066 ], [ 0.709, 52.055 ], [ 0.723, 52.046 ], [ 0.724, 52.033 ], [ 0.742, 52.03 ], [ 0.742, 52.016 ], [ 0.751, 51.999 ], [ 0.761, 51.998 ], [ 0.76, 51.985 ], [ 0.771, 51.982 ], [ 0.774, 51.97 ], [ 0.787, 51.963 ], [ 0.813, 51.961 ], [ 0.822, 51.969 ], [ 0.844, 51.961 ], [ 0.865, 51.969 ], [ 0.885, 51.968 ], [ 0.889, 51.973 ], [ 0.911, 51.973 ], [ 0.923, 51.976 ], [ 0.929, 51.971 ], [ 0.945, 51.971 ], [ 0.957, 51.977 ], [ 0.972, 51.969 ], [ 0.975, 51.961 ], [ 0.999, 51.964 ], [ 1.023, 51.955 ], [ 1.049, 51.959 ], [ 1.058, 51.956 ] ], [ [ 1.078, 51.948 ], [ 1.087, 51.946 ] ], [ [ 1.095, 51.948 ], [ 1.098, 51.95 ] ], [ [ 1.101, 51.95 ], [ 1.103, 51.95 ] ], [ [ 1.112, 51.949 ], [ 1.119, 51.948 ] ], [ [ 1.133, 51.952 ], [ 1.148, 51.949 ], [ 1.17, 51.952 ], [ 1.22, 51.949 ] ] ] } },
{ "type": "Feature", "properties": { "name1": "Westrow Reach", "name2": "Short Reach", "Strahler Stream Order": 4, "long_name": "East Anglia", "short_name": "East Anglia" }, "geometry": { "type": "LineString", "coordinates": [ [ 1.573, 52.145 ], [ 1.583, 52.141 ], [ 1.597, 52.142 ], [ 1.587, 52.126 ] ] } },
{ "type": "Feature", "properties": { "name1": "River Colne", "name2": " ", "Strahler Stream Order": 4, "long_name": "East Anglia", "short_name": "East Anglia" }, "geometry": { "type": "LineString", "coordinates": [ [ 0.954, 51.854 ], [ 0.979, 51.848 ], [ 0.982, 51.839 ], [ 0.979, 51.828 ], [ 0.992, 51.81 ], [ 1.01, 51.801 ] ] } },
{ "type": "Feature", "properties": { "name1": "River Wensum", "name2": " ", "Strahler Stream Order": 5, "long_name": "East Anglia", "short_name": "East Anglia" }, "geometry": { "type": "LineString", "coordinates": [ [ 0.782, 52.817 ], [ 0.799, 52.832 ], [ 0.814, 52.833 ], [ 0.844, 52.827 ], [ 0.87, 52.827 ], [ 0.88, 52.822 ], [ 0.895, 52.822 ], [ 0.912, 52.805 ], [ 0.937, 52.788 ], [ 0.961, 52.785 ], [ 0.95, 52.777 ], [ 0.95, 52.761 ], [ 0.958, 52.753 ], [ 0.956, 52.746 ], [ 0.969, 52.743 ], [ 0.973, 52.736 ], [ 0.991, 52.734 ], [ 0.992, 52.719 ], [ 1.0, 52.718 ], [ 1.013, 52.724 ], [ 1.024, 52.715 ], [ 1.042, 52.724 ], [ 1.057, 52.727 ], [ 1.081, 52.717 ], [ 1.091, 52.722 ], [ 1.1, 52.716 ], [ 1.121, 52.725 ], [ 1.148, 52.709 ], [ 1.151, 52.701 ], [ 1.173, 52.691 ], [ 1.173, 52.682 ], [ 1.166, 52.679 ], [ 1.163, 52.669 ], [ 1.174, 52.667 ], [ 1.187, 52.678 ], [ 1.202, 52.673 ], [ 1.202, 52.661 ], [ 1.215, 52.664 ], [ 1.222, 52.673 ], [ 1.234, 52.668 ], [ 1.233, 52.66 ], [ 1.248, 52.652 ], [ 1.25, 52.64 ], [ 1.258, 52.638 ], [ 1.283, 52.642 ], [ 1.288, 52.633 ], [ 1.309, 52.634 ], [ 1.303, 52.626 ], [ 1.309, 52.62 ], [ 1.322, 52.621 ] ] } },
{ "type": "Feature", "properties": { "name1": "Vange Creek", "name2": " ", "Strahler Stream Order": 4, "long_name": "East Anglia", "short_name": "East Anglia" }, "geometry": { "type": "LineString", "coordinates": [ [ 0.507, 51.532 ], [ 0.517, 51.53 ] ] } },
{ "type": "Feature", "properties": { "name1": "River Waveney", "name2": "Bowling Alley Reach", "Strahler Stream Order": 6, "long_name": "East Anglia", "short_name": "East Anglia" }, "geometry": { "type": "MultiLineString", "coordinates": [ [ [ 1.634, 52.563 ], [ 1.633, 52.57 ] ], [ [ 1.634, 52.572 ], [ 1.637, 52.575 ] ] ] } },
{ "type": "Feature", "properties": { "name1": "River Crouch", "name2": " ", "Strahler Stream Order": 5, "long_name": "East Anglia", "short_name": "East Anglia" }, "geometry": { "type": "MultiLineString", "coordinates": [ [ [ 0.563, 51.618 ], [ 0.586, 51.626 ] ], [ [ 0.589, 51.628 ], [ 0.618, 51.632 ], [ 0.642, 51.632 ] ], [ [ 0.712, 51.636 ], [ 0.725, 51.637 ] ], [ [ 0.733, 51.634 ], [ 0.75, 51.633 ], [ 0.763, 51.638 ] ], [ [ 0.765, 51.638 ], [ 0.788, 51.625 ], [ 0.839, 51.62 ] ], [ [ 0.845, 51.62 ], [ 0.864, 51.618 ], [ 0.874, 51.62 ], [ 0.9, 51.62 ] ] ] } },
{ "type": "Feature", "properties": { "name1": "River Yare", "name2": " ", "Strahler Stream Order": 4, "long_name": "East Anglia", "short_name": "East Anglia" }, "geometry": { "type": "MultiLineString", "coordinates": [ [ [ 1.14, 52.623 ], [ 1.147, 52.635 ], [ 1.174, 52.639 ], [ 1.198, 52.629 ], [ 1.213, 52.627 ], [ 1.234, 52.63 ], [ 1.229, 52.621 ], [ 1.245, 52.614 ], [ 1.256, 52.599 ], [ 1.27, 52.602 ], [ 1.282, 52.595 ], [ 1.298, 52.606 ], [ 1.308, 52.609 ], [ 1.323, 52.621 ] ], [ [ 1.324, 52.622 ], [ 1.329, 52.624 ] ], [ [ 1.343, 52.625 ], [ 1.349, 52.621 ], [ 1.37, 52.624 ], [ 1.377, 52.62 ], [ 1.381, 52.606 ], [ 1.4, 52.609 ], [ 1.414, 52.621 ], [ 1.423, 52.622 ], [ 1.454, 52.595 ], [ 1.468, 52.587 ], [ 1.478, 52.586 ], [ 1.498, 52.571 ], [ 1.518, 52.576 ], [ 1.524, 52.57 ], [ 1.521, 52.563 ], [ 1.537, 52.562 ], [ 1.543, 52.555 ], [ 1.574, 52.559 ], [ 1.579, 52.556 ] ], [ [ 1.646, 52.589 ], [ 1.653, 52.597 ], [ 1.712, 52.612 ], [ 1.719, 52.61 ] ] ] } },
{ "type": "Feature", "properties": { "name1": "River Nar", "name2": " ", "Strahler Stream Order": 4, "long_name": "East Anglia", "short_name": "East Anglia" }, "geometry": { "type": "MultiLineString", "coordinates": [ [ [ 0.395, 52.748 ], [ 0.394, 52.748 ] ], [ [ 0.401, 52.742 ], [ 0.396, 52.748 ] ] ] } },
{ "type": "Feature", "properties": { "name1": "Sandall's Cut", "name2": "River Great Ouse", "Strahler Stream Order": 5, "long_name": "East Anglia", "short_name": "East Anglia" }, "geometry": { "type": "LineString", "coordinates": [ [ 0.307, 52.423 ], [ 0.319, 52.455 ], [ 0.319, 52.462 ] ] } },
{ "type": "Feature", "properties": { "name1": "River Crouch", "name2": "Longpole Reach", "Strahler Stream Order": 4, "long_name": "East Anglia", "short_name": "East Anglia" }, "geometry": { "type": "LineString", "coordinates": [ [ 0.657, 51.637 ], [ 0.708, 51.635 ] ] } },
{ "type": "Feature", "properties": { "name1": "The Backs", "name2": "River Cam", "Strahler Stream Order": 5, "long_name": "East Anglia", "short_name": "East Anglia" }, "geometry": { "type": "LineString", "coordinates": [ [ 0.116, 52.202 ], [ 0.116, 52.209 ] ] } },
{ "type": "Feature", "properties": { "name1": "River Thames", "name2": "Long Reach", "Strahler Stream Order": 6, "long_name": "East Anglia", "short_name": "East Anglia" }, "geometry": { "type": "LineString", "coordinates": [ [ 0.254, 51.467 ], [ 0.267, 51.462 ] ] } },
{ "type": "Feature", "properties": { "name1": "River Ore", "name2": "Orford Haven", "Strahler Stream Order": 5, "long_name": "East Anglia", "short_name": "East Anglia" }, "geometry": { "type": "LineString", "coordinates": [ [ 1.466, 52.048 ], [ 1.465, 52.047 ] ] } },
{ "type": "Feature", "properties": { "name1": "River Alde", "name2": "Blackstakes Reach", "Strahler Stream Order": 4, "long_name": "East Anglia", "short_name": "East Anglia" }, "geometry": { "type": "LineString", "coordinates": [ [ 1.58, 52.117 ], [ 1.567, 52.108 ] ] } },
{ "type": "Feature", "properties": { "name1": "Upper Troublesome Reach", "name2": "Short Reach", "Strahler Stream Order": 4, "long_name": "East Anglia", "short_name": "East Anglia" }, "geometry": { "type": "LineString", "coordinates": [ [ 1.501, 52.165 ], [ 1.507, 52.164 ], [ 1.511, 52.151 ], [ 1.522, 52.159 ], [ 1.548, 52.16 ] ] } },
{ "type": "Feature", "properties": { "name1": " ", "name2": " ", "Strahler Stream Order": 4, "long_name": "East Anglia", "short_name": "East Anglia" }, "geometry": { "type": "MultiLineString", "coordinates": [ [ [ 1.142, 52.391 ], [ 1.134, 52.38 ], [ 1.131, 52.368 ] ], [ [ 1.322, 52.621 ], [ 1.324, 52.622 ] ], [ [ 1.329, 52.624 ], [ 1.343, 52.625 ] ], [ [ 1.579, 52.556 ], [ 1.593, 52.548 ] ], [ [ 1.632, 52.463 ], [ 1.635, 52.464 ] ], [ [ 1.633, 52.57 ], [ 1.634, 52.572 ] ], [ [ 1.637, 52.575 ], [ 1.638, 52.575 ] ], [ [ 1.647, 52.575 ], [ 1.648, 52.576 ] ], [ [ 1.692, 52.622 ], [ 1.694, 52.622 ] ], [ [ 1.719, 52.61 ], [ 1.725, 52.604 ], [ 1.733, 52.573 ], [ 1.739, 52.573 ] ] ] } },
{ "type": "Feature", "properties": { "name1": "River Stour", "name2": "Middle Ground", "Strahler Stream Order": 4, "long_name": "East Anglia", "short_name": "East Anglia" }, "geometry": { "type": "LineString", "coordinates": [ [ 1.098, 51.95 ], [ 1.101, 51.95 ] ] } },
{ "type": "Feature", "properties": { "name1": " ", "name2": " ", "Strahler Stream Order": 4, "long_name": "East Anglia", "short_name": "East Anglia" }, "geometry": { "type": "LineString", "coordinates": [ [ 1.314, 52.079 ], [ 1.315, 52.078 ] ] } },
{ "type": "Feature", "properties": { "name1": " ", "name2": " ", "Strahler Stream Order": 4, "long_name": "East Anglia", "short_name": "East Anglia" }, "geometry": { "type": "MultiLineString", "coordinates": [ [ [ 1.184, 52.013 ], [ 1.203, 52.008 ] ], [ [ 1.258, 51.992 ], [ 1.261, 51.992 ] ], [ [ 1.276, 51.982 ], [ 1.276, 51.976 ] ] ] } },
{ "type": "Feature", "properties": { "name1": " ", "name2": " ", "Strahler Stream Order": 4, "long_name": "East Anglia", "short_name": "East Anglia" }, "geometry": { "type": "MultiLineString", "coordinates": [ [ [ 0.587, 52.076 ], [ 0.588, 52.076 ] ], [ [ 1.105, 51.949 ], [ 1.112, 51.949 ] ] ] } },
{ "type": "Feature", "properties": { "name1": " ", "name2": " ", "Strahler Stream Order": 7, "long_name": "East Anglia", "short_name": "East Anglia" }, "geometry": { "type": "MultiLineString", "coordinates": [ [ [ -0.441, 52.114 ], [ -0.434, 52.115 ], [ -0.406, 52.131 ], [ -0.379, 52.141 ] ], [ [ -0.371, 52.008 ], [ -0.371, 52.009 ] ], [ [ -0.207, 52.32 ], [ -0.204, 52.321 ] ], [ [ -0.174, 52.471 ], [ -0.173, 52.472 ] ], [ [ 0.087, 52.166 ], [ 0.088, 52.166 ] ], [ [ 0.116, 52.201 ], [ 0.116, 52.202 ] ], [ [ 0.293, 52.4 ], [ 0.307, 52.423 ] ], [ [ 0.344, 52.566 ], [ 0.343, 52.567 ] ], [ [ 0.345, 52.566 ], [ 0.344, 52.566 ] ], [ [ 0.357, 52.806 ], [ 0.353, 52.822 ], [ 0.358, 52.828 ] ], [ [ 0.396, 52.748 ], [ 0.395, 52.748 ] ] ] } },
{ "type": "Feature", "properties": { "name1": " ", "name2": " ", "Strahler Stream Order": 4, "long_name": "East Anglia", "short_name": "East Anglia" }, "geometry": { "type": "MultiLineString", "coordinates": [ [ [ 0.642, 51.632 ], [ 0.644, 51.632 ] ], [ [ 0.708, 51.637 ], [ 0.708, 51.635 ], [ 0.712, 51.636 ] ], [ [ 0.763, 51.638 ], [ 0.765, 51.638 ] ] ] } },
{ "type": "Feature", "properties": { "name1": "River Crouch", "name2": "Brandyhole Reach", "Strahler Stream Order": 4, "long_name": "East Anglia", "short_name": "East Anglia" }, "geometry": { "type": "LineString", "coordinates": [ [ 0.644, 51.632 ], [ 0.657, 51.637 ] ] } },
{ "type": "Feature", "properties": { "name1": "Black Water", "name2": " ", "Strahler Stream Order": 4, "long_name": "East Anglia", "short_name": "East Anglia" }, "geometry": { "type": "LineString", "coordinates": [ [ 0.947, 52.734 ], [ 0.957, 52.741 ], [ 0.969, 52.741 ] ] } },
{ "type": "Feature", "properties": { "name1": "River Thet", "name2": " ", "Strahler Stream Order": 4, "long_name": "East Anglia", "short_name": "East Anglia" }, "geometry": { "type": "LineString", "coordinates": [ [ 0.951, 52.508 ], [ 0.941, 52.501 ], [ 0.94, 52.493 ], [ 0.931, 52.48 ], [ 0.917, 52.475 ], [ 0.921, 52.464 ], [ 0.916, 52.453 ], [ 0.926, 52.444 ], [ 0.923, 52.439 ], [ 0.894, 52.433 ], [ 0.875, 52.432 ], [ 0.875, 52.426 ], [ 0.843, 52.418 ], [ 0.823, 52.41 ], [ 0.803, 52.411 ], [ 0.785, 52.419 ], [ 0.754, 52.409 ], [ 0.747, 52.413 ] ] } },
{ "type": "Feature", "properties": { "name1": "Southey Creek", "name2": " ", "Strahler Stream Order": 5, "long_name": "East Anglia", "short_name": "East Anglia" }, "geometry": { "type": "LineString", "coordinates": [ [ 0.707, 51.723 ], [ 0.719, 51.718 ], [ 0.746, 51.715 ], [ 0.755, 51.718 ] ] } },
{ "type": "Feature", "properties": { "name1": "River Alde", "name2": "Long Reach", "Strahler Stream Order": 4, "long_name": "East Anglia", "short_name": "East Anglia" }, "geometry": { "type": "LineString", "coordinates": [ [ 1.548, 52.16 ], [ 1.555, 52.157 ] ] } },
{ "type": "Feature", "properties": { "name1": "River Waveney", "name2": "Belton Reach", "Strahler Stream Order": 6, "long_name": "East Anglia", "short_name": "East Anglia" }, "geometry": { "type": "LineString", "coordinates": [ [ 1.638, 52.575 ], [ 1.647, 52.575 ] ] } },
{ "type": "Feature", "properties": { "name1": "River Can", "name2": " ", "Strahler Stream Order": 4, "long_name": "East Anglia", "short_name": "East Anglia" }, "geometry": { "type": "LineString", "coordinates": [ [ 0.442, 51.737 ], [ 0.451, 51.739 ], [ 0.462, 51.732 ], [ 0.479, 51.73 ] ] } },
{ "type": "Feature", "properties": { "name1": "River Orwell", "name2": "Potter's Reach", "Strahler Stream Order": 4, "long_name": "East Anglia", "short_name": "East Anglia" }, "geometry": { "type": "LineString", "coordinates": [ [ 1.203, 52.008 ], [ 1.216, 52.0 ] ] } },
{ "type": "Feature", "properties": { "name1": "River Waveney", "name2": " ", "Strahler Stream Order": 4, "long_name": "East Anglia", "short_name": "East Anglia" }, "geometry": { "type": "MultiLineString", "coordinates": [ [ [ 1.131, 52.368 ], [ 1.155, 52.361 ], [ 1.196, 52.361 ] ], [ [ 1.197, 52.361 ], [ 1.214, 52.355 ], [ 1.233, 52.365 ], [ 1.25, 52.366 ], [ 1.286, 52.391 ], [ 1.302, 52.392 ], [ 1.316, 52.387 ], [ 1.331, 52.394 ], [ 1.333, 52.399 ], [ 1.347, 52.404 ], [ 1.346, 52.409 ], [ 1.361, 52.413 ], [ 1.356, 52.421 ], [ 1.371, 52.43 ], [ 1.406, 52.444 ], [ 1.435, 52.448 ], [ 1.432, 52.457 ], [ 1.411, 52.462 ], [ 1.419, 52.471 ], [ 1.435, 52.465 ], [ 1.446, 52.456 ], [ 1.46, 52.459 ], [ 1.464, 52.465 ], [ 1.482, 52.472 ], [ 1.507, 52.462 ], [ 1.522, 52.462 ], [ 1.532, 52.468 ], [ 1.54, 52.462 ], [ 1.559, 52.458 ], [ 1.568, 52.475 ], [ 1.587, 52.479 ], [ 1.619, 52.463 ], [ 1.632, 52.463 ] ], [ [ 1.635, 52.464 ], [ 1.643, 52.468 ], [ 1.659, 52.468 ], [ 1.663, 52.475 ], [ 1.681, 52.489 ], [ 1.682, 52.496 ], [ 1.673, 52.504 ], [ 1.654, 52.501 ], [ 1.645, 52.508 ], [ 1.646, 52.516 ], [ 1.629, 52.522 ], [ 1.62, 52.533 ], [ 1.62, 52.541 ], [ 1.606, 52.543 ], [ 1.61, 52.551 ], [ 1.625, 52.554 ], [ 1.634, 52.563 ] ], [ [ 1.648, 52.576 ], [ 1.646, 52.589 ] ] ] } },
{ "type": "Feature", "properties": { "name1": "River Dove", "name2": " ", "Strahler Stream Order": 4, "long_name": "East Anglia", "short_name": "East Anglia" }, "geometry": { "type": "LineString", "coordinates": [ [ 1.191, 52.354 ], [ 1.197, 52.36 ] ] } },
{ "type": "Feature", "properties": { "name1": "River Stour", "name2": "Miller's Reach", "Strahler Stream Order": 4, "long_name": "East Anglia", "short_name": "East Anglia" }, "geometry": { "type": "LineString", "coordinates": [ [ 1.087, 51.946 ], [ 1.095, 51.948 ] ] } },
{ "type": "Feature", "properties": { "name1": "Little Avon River", "name2": " ", "Strahler Stream Order": 4, "long_name": "West Midlands", "short_name": "West Midlands" }, "geometry": { "type": "LineString", "coordinates": [ [ -2.443, 51.654 ], [ -2.457, 51.66 ], [ -2.46, 51.67 ], [ -2.458, 51.685 ], [ -2.469, 51.691 ] ] } },
{ "type": "Feature", "properties": { "name1": "Camlad", "name2": " ", "Strahler Stream Order": 4, "long_name": "West Midlands", "short_name": "West Midlands" }, "geometry": { "type": "LineString", "coordinates": [ [ -3.078, 52.539 ], [ -3.07, 52.554 ], [ -3.077, 52.577 ], [ -3.069, 52.591 ], [ -3.084, 52.6 ], [ -3.097, 52.599 ], [ -3.103, 52.592 ], [ -3.134, 52.585 ], [ -3.144, 52.587 ], [ -3.159, 52.584 ], [ -3.161, 52.592 ], [ -3.17, 52.597 ] ] } },
{ "type": "Feature", "properties": { "name1": "Rea Brook", "name2": " ", "Strahler Stream Order": 4, "long_name": "West Midlands", "short_name": "West Midlands" }, "geometry": { "type": "LineString", "coordinates": [ [ -2.876, 52.663 ], [ -2.862, 52.669 ], [ -2.848, 52.68 ], [ -2.825, 52.679 ], [ -2.808, 52.685 ], [ -2.795, 52.678 ], [ -2.776, 52.685 ], [ -2.764, 52.685 ], [ -2.75, 52.696 ], [ -2.74, 52.692 ], [ -2.734, 52.702 ], [ -2.747, 52.706 ] ] } },
{ "type": "Feature", "properties": { "name1": "River Onny", "name2": " ", "Strahler Stream Order": 4, "long_name": "West Midlands", "short_name": "West Midlands" }, "geometry": { "type": "LineString", "coordinates": [ [ -2.926, 52.502 ], [ -2.917, 52.5 ], [ -2.913, 52.481 ], [ -2.902, 52.478 ], [ -2.894, 52.482 ], [ -2.875, 52.48 ], [ -2.873, 52.473 ], [ -2.831, 52.454 ], [ -2.833, 52.447 ], [ -2.827, 52.435 ], [ -2.828, 52.425 ], [ -2.822, 52.418 ], [ -2.79, 52.398 ], [ -2.775, 52.395 ], [ -2.758, 52.385 ] ] } },
{ "type": "Feature", "properties": { "name1": "River Sow", "name2": " ", "Strahler Stream Order": 4, "long_name": "West Midlands", "short_name": "West Midlands" }, "geometry": { "type": "LineString", "coordinates": [ [ -2.144, 52.817 ], [ -2.123, 52.811 ], [ -2.12, 52.804 ], [ -2.079, 52.804 ], [ -2.063, 52.795 ], [ -2.045, 52.791 ], [ -2.009, 52.801 ] ] } },
{ "type": "Feature", "properties": { "name1": "River Dane", "name2": " ", "Strahler Stream Order": 4, "long_name": "West Midlands", "short_name": "West Midlands" }, "geometry": { "type": "MultiLineString", "coordinates": [ [ [ -2.18, 53.187 ], [ -2.199, 53.172 ], [ -2.209, 53.167 ], [ -2.226, 53.168 ], [ -2.236, 53.178 ], [ -2.25, 53.181 ], [ -2.267, 53.18 ], [ -2.285, 53.194 ], [ -2.319, 53.201 ], [ -2.327, 53.206 ], [ -2.378, 53.206 ], [ -2.391, 53.207 ], [ -2.409, 53.203 ], [ -2.419, 53.204 ], [ -2.46, 53.199 ], [ -2.477, 53.218 ], [ -2.493, 53.227 ], [ -2.491, 53.236 ], [ -2.501, 53.243 ], [ -2.495, 53.252 ], [ -2.509, 53.254 ], [ -2.516, 53.26 ] ], [ [ -2.144, 53.187 ], [ -2.174, 53.189 ] ], [ [ -2.105, 53.169 ], [ -2.13, 53.177 ], [ -2.134, 53.185 ], [ -2.143, 53.187 ] ], [ [ -2.084, 53.17 ], [ -2.095, 53.173 ], [ -2.103, 53.169 ] ], [ [ -2.053, 53.184 ], [ -2.058, 53.176 ], [ -2.071, 53.173 ] ], [ [ -2.046, 53.193 ], [ -2.055, 53.187 ] ], [ [ -2.054, 53.185 ], [ -2.053, 53.184 ] ] ] } },
{ "type": "Feature", "properties": { "name1": "River Trent", "name2": " ", "Strahler Stream Order": 6, "long_name": "West Midlands", "short_name": "West Midlands" }, "geometry": { "type": "MultiLineString", "coordinates": [ [ [ -2.048, 52.842 ], [ -2.027, 52.826 ], [ -2.011, 52.819 ], [ -2.011, 52.804 ], [ -2.003, 52.787 ], [ -1.981, 52.786 ], [ -1.973, 52.78 ], [ -1.953, 52.781 ], [ -1.927, 52.764 ], [ -1.912, 52.76 ], [ -1.884, 52.746 ], [ -1.865, 52.748 ], [ -1.859, 52.755 ], [ -1.837, 52.754 ], [ -1.807, 52.757 ], [ -1.778, 52.746 ], [ -1.765, 52.746 ], [ -1.758, 52.737 ], [ -1.731, 52.74 ], [ -1.717, 52.731 ], [ -1.698, 52.735 ], [ -1.698, 52.744 ], [ -1.671, 52.781 ], [ -1.659, 52.784 ], [ -1.651, 52.779 ], [ -1.624, 52.796 ], [ -1.625, 52.813 ], [ -1.6, 52.828 ], [ -1.585, 52.831 ], [ -1.584, 52.835 ], [ -1.56, 52.849 ], [ -1.545, 52.849 ], [ -1.536, 52.854 ], [ -1.517, 52.853 ], [ -1.495, 52.842 ], [ -1.478, 52.843 ], [ -1.469, 52.852 ], [ -1.451, 52.853 ], [ -1.434, 52.842 ], [ -1.389, 52.839 ], [ -1.382, 52.846 ], [ -1.369, 52.849 ], [ -1.34, 52.865 ], [ -1.325, 52.866 ], [ -1.319, 52.873 ], [ -1.307, 52.877 ], [ -1.288, 52.872 ], [ -1.28, 52.876 ], [ -1.265, 52.873 ], [ -1.255, 52.879 ], [ -1.238, 52.883 ], [ -1.244, 52.892 ], [ -1.228, 52.896 ], [ -1.207, 52.913 ], [ -1.198, 52.91 ], [ -1.167, 52.924 ], [ -1.157, 52.938 ], [ -1.14, 52.932 ], [ -1.132, 52.943 ], [ -1.109, 52.944 ], [ -1.099, 52.942 ], [ -1.075, 52.956 ], [ -1.064, 52.95 ], [ -1.041, 52.951 ], [ -1.033, 52.959 ], [ -1.038, 52.983 ], [ -1.026, 52.986 ], [ -1.015, 52.98 ], [ -1.007, 52.986 ], [ -0.976, 52.986 ], [ -0.956, 53.008 ], [ -0.936, 53.015 ], [ -0.915, 53.035 ], [ -0.903, 53.038 ] ], [ [ -0.901, 53.04 ], [ -0.905, 53.048 ], [ -0.895, 53.055 ], [ -0.883, 53.05 ] ], [ [ -0.88, 53.046 ], [ -0.862, 53.051 ], [ -0.864, 53.059 ], [ -0.854, 53.063 ] ], [ [ -0.86, 53.068 ], [ -0.851, 53.073 ] ], [ [ -0.85, 53.074 ], [ -0.836, 53.067 ], [ -0.822, 53.072 ], [ -0.805, 53.084 ], [ -0.802, 53.099 ] ], [ [ -0.792, 53.141 ], [ -0.801, 53.158 ], [ -0.799, 53.17 ] ], [ [ -0.793, 53.107 ], [ -0.805, 53.111 ], [ -0.808, 53.12 ], [ -0.803, 53.133 ], [ -0.795, 53.138 ] ], [ [ -0.784, 53.17 ], [ -0.793, 53.187 ], [ -0.781, 53.191 ], [ -0.775, 53.207 ], [ -0.776, 53.215 ], [ -0.784, 53.224 ], [ -0.777, 53.239 ], [ -0.778, 53.252 ], [ -0.764, 53.272 ], [ -0.778, 53.282 ], [ -0.766, 53.292 ], [ -0.752, 53.293 ], [ -0.747, 53.304 ], [ -0.754, 53.32 ], [ -0.767, 53.33 ], [ -0.757, 53.339 ], [ -0.765, 53.346 ], [ -0.758, 53.353 ], [ -0.775, 53.365 ], [ -0.791, 53.363 ], [ -0.787, 53.374 ], [ -0.775, 53.378 ], [ -0.784, 53.384 ], [ -0.777, 53.397 ], [ -0.787, 53.403 ], [ -0.794, 53.414 ], [ -0.817, 53.425 ], [ -0.821, 53.441 ], [ -0.811, 53.443 ], [ -0.8, 53.454 ], [ -0.785, 53.462 ], [ -0.783, 53.478 ], [ -0.771, 53.479 ], [ -0.776, 53.489 ], [ -0.768, 53.499 ], [ -0.753, 53.5 ], [ -0.742, 53.513 ], [ -0.738, 53.527 ], [ -0.743, 53.537 ], [ -0.738, 53.548 ], [ -0.746, 53.556 ], [ -0.748, 53.567 ], [ -0.744, 53.574 ], [ -0.731, 53.582 ], [ -0.739, 53.593 ], [ -0.729, 53.608 ], [ -0.707, 53.607 ], [ -0.699, 53.615 ], [ -0.713, 53.627 ], [ -0.711, 53.646 ], [ -0.697, 53.653 ], [ -0.687, 53.675 ], [ -0.698, 53.693 ] ] ] } },
{ "type": "Feature", "properties": { "name1": "Afon Gwy", "name2": "River Wye", "Strahler Stream Order": 6, "long_name": "West Midlands", "short_name": "West Midlands" }, "geometry": { "type": "MultiLineString", "coordinates": [ [ [ -3.706, 52.429 ], [ -3.687, 52.425 ], [ -3.678, 52.419 ], [ -3.664, 52.419 ], [ -3.655, 52.411 ], [ -3.627, 52.406 ], [ -3.605, 52.404 ], [ -3.6, 52.393 ], [ -3.605, 52.381 ], [ -3.593, 52.374 ], [ -3.593, 52.364 ], [ -3.579, 52.348 ], [ -3.568, 52.347 ], [ -3.546, 52.339 ], [ -3.54, 52.331 ], [ -3.547, 52.325 ], [ -3.521, 52.311 ], [ -3.515, 52.304 ], [ -3.499, 52.294 ], [ -3.51, 52.288 ], [ -3.515, 52.28 ] ], [ [ -3.514, 52.278 ], [ -3.508, 52.276 ], [ -3.5, 52.264 ], [ -3.499, 52.254 ], [ -3.473, 52.254 ], [ -3.454, 52.239 ], [ -3.443, 52.22 ] ], [ [ -3.45, 52.201 ], [ -3.446, 52.197 ] ], [ [ -3.448, 52.218 ], [ -3.445, 52.214 ] ], [ [ -3.446, 52.195 ], [ -3.461, 52.186 ], [ -3.463, 52.177 ], [ -3.447, 52.172 ] ], [ [ -3.444, 52.209 ], [ -3.446, 52.208 ] ], [ [ -3.441, 52.172 ], [ -3.432, 52.165 ], [ -3.419, 52.161 ], [ -3.411, 52.153 ], [ -3.401, 52.15 ], [ -3.393, 52.156 ], [ -3.371, 52.153 ], [ -3.363, 52.145 ], [ -3.367, 52.134 ], [ -3.36, 52.12 ], [ -3.35, 52.114 ], [ -3.355, 52.103 ], [ -3.352, 52.092 ], [ -3.335, 52.087 ], [ -3.322, 52.08 ], [ -3.311, 52.08 ], [ -3.301, 52.069 ], [ -3.284, 52.057 ] ], [ [ -3.28, 52.055 ], [ -3.273, 52.039 ], [ -3.262, 52.039 ], [ -3.232, 52.032 ], [ -3.214, 52.038 ], [ -3.209, 52.044 ], [ -3.198, 52.044 ], [ -3.194, 52.055 ], [ -3.176, 52.054 ], [ -3.168, 52.065 ] ], [ [ -3.169, 52.071 ], [ -3.145, 52.071 ], [ -3.14, 52.076 ] ], [ [ -3.138, 52.077 ], [ -3.132, 52.073 ], [ -3.119, 52.088 ], [ -3.123, 52.103 ], [ -3.106, 52.105 ], [ -3.108, 52.114 ], [ -3.098, 52.121 ], [ -3.075, 52.121 ], [ -3.062, 52.115 ], [ -3.071, 52.11 ] ], [ [ -3.068, 52.109 ], [ -3.042, 52.106 ] ], [ [ -3.043, 52.105 ], [ -3.025, 52.104 ], [ -2.983, 52.113 ], [ -2.986, 52.107 ], [ -2.966, 52.103 ], [ -2.968, 52.089 ], [ -2.949, 52.089 ], [ -2.924, 52.084 ], [ -2.912, 52.079 ], [ -2.88, 52.079 ], [ -2.871, 52.075 ], [ -2.859, 52.078 ], [ -2.854, 52.063 ], [ -2.845, 52.062 ], [ -2.831, 52.067 ], [ -2.827, 52.073 ], [ -2.802, 52.057 ], [ -2.8, 52.051 ], [ -2.778, 52.053 ], [ -2.763, 52.046 ], [ -2.751, 52.045 ], [ -2.716, 52.053 ], [ -2.709, 52.044 ], [ -2.7, 52.049 ], [ -2.681, 52.047 ], [ -2.657, 52.039 ], [ -2.668, 52.031 ], [ -2.647, 52.023 ], [ -2.63, 52.027 ], [ -2.638, 52.014 ], [ -2.625, 52.013 ], [ -2.628, 52.0 ], [ -2.626, 51.99 ], [ -2.602, 51.991 ], [ -2.6, 51.986 ], [ -2.618, 51.975 ], [ -2.654, 51.968 ], [ -2.662, 51.955 ], [ -2.653, 51.946 ], [ -2.638, 51.949 ], [ -2.627, 51.947 ], [ -2.613, 51.956 ], [ -2.598, 51.962 ], [ -2.571, 51.969 ], [ -2.56, 51.966 ], [ -2.568, 51.956 ], [ -2.597, 51.947 ], [ -2.608, 51.941 ], [ -2.603, 51.927 ], [ -2.593, 51.918 ], [ -2.607, 51.91 ], [ -2.62, 51.907 ], [ -2.62, 51.9 ], [ -2.633, 51.894 ], [ -2.632, 51.886 ], [ -2.621, 51.88 ], [ -2.608, 51.878 ], [ -2.613, 51.867 ], [ -2.586, 51.861 ], [ -2.605, 51.855 ], [ -2.609, 51.847 ], [ -2.633, 51.843 ], [ -2.626, 51.854 ], [ -2.635, 51.863 ], [ -2.644, 51.859 ], [ -2.644, 51.845 ], [ -2.639, 51.839 ], [ -2.648, 51.827 ], [ -2.666, 51.836 ], [ -2.685, 51.837 ], [ -2.689, 51.822 ], [ -2.704, 51.815 ], [ -2.71, 51.806 ], [ -2.7, 51.799 ], [ -2.688, 51.799 ], [ -2.673, 51.784 ], [ -2.681, 51.769 ], [ -2.663, 51.755 ], [ -2.671, 51.737 ], [ -2.688, 51.731 ], [ -2.68, 51.725 ], [ -2.68, 51.715 ], [ -2.668, 51.706 ], [ -2.676, 51.7 ], [ -2.669, 51.693 ], [ -2.672, 51.68 ], [ -2.657, 51.675 ], [ -2.668, 51.669 ], [ -2.684, 51.669 ], [ -2.686, 51.662 ], [ -2.668, 51.659 ], [ -2.68, 51.649 ], [ -2.669, 51.646 ], [ -2.669, 51.635 ], [ -2.656, 51.623 ], [ -2.662, 51.615 ], [ -2.665, 51.601 ], [ -2.662, 51.596 ] ] ] } },
{ "type": "Feature", "properties": { "name1": "Millian Brook", "name2": " ", "Strahler Stream Order": 4, "long_name": "West Midlands", "short_name": "West Midlands" }, "geometry": { "type": "LineString", "coordinates": [ [ -2.146, 52.817 ], [ -2.144, 52.817 ] ] } },
{ "type": "Feature", "properties": { "name1": "River Worfe", "name2": " ", "Strahler Stream Order": 4, "long_name": "West Midlands", "short_name": "West Midlands" }, "geometry": { "type": "LineString", "coordinates": [ [ -2.357, 52.551 ], [ -2.381, 52.554 ], [ -2.393, 52.56 ], [ -2.408, 52.554 ] ] } },
{ "type": "Feature", "properties": { "name1": "Quinny Brook", "name2": " ", "Strahler Stream Order": 4, "long_name": "West Midlands", "short_name": "West Midlands" }, "geometry": { "type": "LineString", "coordinates": [ [ -2.812, 52.467 ], [ -2.83, 52.459 ], [ -2.831, 52.454 ] ] } },
{ "type": "Feature", "properties": { "name1": "Berkeley Pill", "name2": " ", "Strahler Stream Order": 4, "long_name": "West Midlands", "short_name": "West Midlands" }, "geometry": { "type": "LineString", "coordinates": [ [ -2.469, 51.691 ], [ -2.491, 51.7 ], [ -2.507, 51.703 ] ] } },
{ "type": "Feature", "properties": { "name1": " ", "name2": " ", "Strahler Stream Order": 7, "long_name": "West Midlands", "short_name": "West Midlands" }, "geometry": { "type": "MultiLineString", "coordinates": [ [ [ -3.588, 52.259 ], [ -3.577, 52.268 ] ], [ [ -3.515, 52.28 ], [ -3.516, 52.279 ], [ -3.514, 52.278 ] ], [ [ -3.446, 52.208 ], [ -3.45, 52.201 ] ], [ [ -3.447, 52.218 ], [ -3.448, 52.218 ] ], [ [ -3.447, 52.172 ], [ -3.441, 52.172 ] ], [ [ -3.443, 52.22 ], [ -3.447, 52.218 ] ], [ [ -3.446, 52.197 ], [ -3.446, 52.195 ] ], [ [ -3.445, 52.214 ], [ -3.444, 52.209 ] ], [ [ -3.284, 52.057 ], [ -3.28, 52.055 ] ], [ [ -3.185, 52.748 ], [ -3.185, 52.749 ] ], [ [ -3.168, 52.065 ], [ -3.17, 52.071 ] ], [ [ -3.14, 52.076 ], [ -3.138, 52.077 ] ], [ [ -3.071, 52.11 ], [ -3.068, 52.109 ] ], [ [ -3.042, 52.105 ], [ -3.043, 52.105 ] ], [ [ -2.877, 52.359 ], [ -2.844, 52.34 ], [ -2.836, 52.341 ], [ -2.837, 52.355 ], [ -2.832, 52.357 ] ], [ [ -2.619, 51.654 ], [ -2.632, 51.639 ], [ -2.644, 51.629 ] ], [ [ -2.582, 51.634 ], [ -2.597, 51.628 ], [ -2.614, 51.615 ], [ -2.639, 51.613 ] ], [ [ -2.449, 51.8 ], [ -2.447, 51.787 ] ], [ [ -2.37, 51.793 ], [ -2.396, 51.801 ] ], [ [ -2.337, 51.85 ], [ -2.352, 51.846 ] ], [ [ -2.27, 51.911 ], [ -2.262, 51.898 ], [ -2.267, 51.892 ], [ -2.267, 51.878 ], [ -2.27, 51.868 ] ], [ [ -2.223, 51.934 ], [ -2.244, 51.926 ] ], [ [ -2.14, 52.028 ], [ -2.14, 52.027 ] ] ] } },
{ "type": "Feature", "properties": { "name1": "River Rea", "name2": " ", "Strahler Stream Order": 4, "long_name": "West Midlands", "short_name": "West Midlands" }, "geometry": { "type": "LineString", "coordinates": [ [ -2.499, 52.427 ], [ -2.496, 52.408 ], [ -2.482, 52.404 ], [ -2.483, 52.392 ], [ -2.472, 52.377 ], [ -2.459, 52.371 ], [ -2.464, 52.365 ], [ -2.492, 52.353 ], [ -2.505, 52.332 ], [ -2.514, 52.331 ], [ -2.514, 52.322 ], [ -2.531, 52.32 ], [ -2.535, 52.314 ] ] } },
{ "type": "Feature", "properties": { "name1": "Ledwyche Brook", "name2": " ", "Strahler Stream Order": 4, "long_name": "West Midlands", "short_name": "West Midlands" }, "geometry": { "type": "LineString", "coordinates": [ [ -2.679, 52.386 ], [ -2.678, 52.375 ], [ -2.686, 52.365 ], [ -2.676, 52.358 ], [ -2.672, 52.343 ], [ -2.66, 52.341 ], [ -2.656, 52.333 ], [ -2.647, 52.332 ], [ -2.625, 52.322 ], [ -2.628, 52.313 ], [ -2.615, 52.308 ] ] } },
{ "type": "Feature", "properties": { "name1": "River Leam", "name2": " ", "Strahler Stream Order": 4, "long_name": "West Midlands", "short_name": "West Midlands" }, "geometry": { "type": "LineString", "coordinates": [ [ -1.407, 52.318 ], [ -1.417, 52.326 ], [ -1.437, 52.313 ], [ -1.445, 52.32 ], [ -1.462, 52.306 ], [ -1.48, 52.303 ], [ -1.473, 52.295 ], [ -1.478, 52.29 ], [ -1.492, 52.289 ], [ -1.507, 52.283 ], [ -1.518, 52.29 ], [ -1.534, 52.286 ], [ -1.56, 52.288 ] ] } },
{ "type": "Feature", "properties": { "name1": "Endon Brook", "name2": " ", "Strahler Stream Order": 4, "long_name": "West Midlands", "short_name": "West Midlands" }, "geometry": { "type": "LineString", "coordinates": [ [ -2.097, 53.083 ], [ -2.084, 53.084 ], [ -2.067, 53.079 ], [ -2.049, 53.078 ] ] } },
{ "type": "Feature", "properties": { "name1": "River Dee", "name2": "Afon Dyfrdwy", "Strahler Stream Order": 5, "long_name": "West Midlands", "short_name": "West Midlands" }, "geometry": { "type": "MultiLineString", "coordinates": [ [ [ -3.675, 52.862 ], [ -3.651, 52.869 ] ], [ [ -3.593, 52.903 ], [ -3.578, 52.907 ], [ -3.573, 52.918 ], [ -3.561, 52.918 ], [ -3.542, 52.911 ], [ -3.521, 52.91 ], [ -3.518, 52.916 ], [ -3.504, 52.922 ], [ -3.482, 52.919 ], [ -3.475, 52.924 ], [ -3.464, 52.92 ], [ -3.443, 52.935 ], [ -3.439, 52.943 ], [ -3.427, 52.952 ], [ -3.42, 52.951 ], [ -3.406, 52.965 ], [ -3.377, 52.987 ], [ -3.367, 52.984 ], [ -3.338, 52.982 ], [ -3.321, 52.983 ], [ -3.304, 52.979 ], [ -3.283, 52.979 ], [ -3.26, 52.976 ], [ -3.249, 52.983 ], [ -3.233, 52.974 ], [ -3.222, 52.981 ], [ -3.233, 52.985 ], [ -3.226, 52.992 ], [ -3.211, 52.991 ], [ -3.211, 52.983 ], [ -3.195, 52.98 ], [ -3.184, 52.984 ], [ -3.176, 52.971 ], [ -3.154, 52.97 ], [ -3.129, 52.972 ], [ -3.127, 52.964 ], [ -3.095, 52.963 ], [ -3.091, 52.971 ], [ -3.076, 52.964 ], [ -3.05, 52.96 ], [ -3.041, 52.962 ], [ -3.026, 52.953 ], [ -3.012, 52.949 ], [ -3.008, 52.957 ], [ -2.982, 52.959 ], [ -2.98, 52.965 ], [ -2.949, 52.965 ], [ -2.948, 52.972 ], [ -2.963, 52.972 ], [ -2.957, 52.99 ], [ -2.95, 52.992 ], [ -2.938, 52.985 ], [ -2.935, 52.998 ], [ -2.914, 53.003 ], [ -2.865, 53.026 ], [ -2.861, 53.044 ], [ -2.862, 53.062 ], [ -2.869, 53.07 ], [ -2.882, 53.074 ], [ -2.876, 53.082 ], [ -2.892, 53.088 ], [ -2.899, 53.094 ], [ -2.892, 53.11 ], [ -2.884, 53.111 ], [ -2.871, 53.142 ] ], [ [ -2.87, 53.148 ], [ -2.877, 53.15 ], [ -2.875, 53.161 ], [ -2.882, 53.171 ], [ -2.871, 53.182 ], [ -2.877, 53.191 ], [ -2.901, 53.183 ], [ -2.905, 53.193 ], [ -2.922, 53.182 ], [ -2.932, 53.181 ], [ -3.043, 53.221 ], [ -3.061, 53.223 ], [ -3.072, 53.233 ], [ -3.11, 53.251 ], [ -3.118, 53.258 ], [ -3.144, 53.268 ], [ -3.158, 53.268 ], [ -3.196, 53.296 ], [ -3.206, 53.312 ], [ -3.208, 53.326 ], [ -3.229, 53.356 ], [ -3.228, 53.363 ] ] ] } },
{ "type": "Feature", "properties": { "name1": "Afon Tefeidiad", "name2": "River Teme", "Strahler Stream Order": 6, "long_name": "West Midlands", "short_name": "West Midlands" }, "geometry": { "type": "MultiLineString", "coordinates": [ [ [ -3.132, 52.384 ], [ -3.113, 52.378 ], [ -3.099, 52.37 ], [ -3.096, 52.364 ], [ -3.084, 52.359 ], [ -3.068, 52.358 ], [ -3.055, 52.348 ], [ -3.043, 52.344 ], [ -2.987, 52.351 ], [ -2.956, 52.352 ], [ -2.903, 52.351 ], [ -2.884, 52.355 ], [ -2.878, 52.36 ], [ -2.877, 52.359 ] ], [ [ -2.832, 52.357 ], [ -2.787, 52.378 ], [ -2.779, 52.376 ], [ -2.764, 52.386 ], [ -2.741, 52.384 ], [ -2.738, 52.376 ], [ -2.723, 52.364 ], [ -2.703, 52.363 ], [ -2.715, 52.345 ], [ -2.702, 52.334 ], [ -2.699, 52.317 ], [ -2.675, 52.314 ], [ -2.671, 52.31 ], [ -2.647, 52.305 ], [ -2.637, 52.309 ], [ -2.61, 52.306 ], [ -2.595, 52.314 ], [ -2.584, 52.313 ], [ -2.575, 52.318 ], [ -2.563, 52.311 ], [ -2.539, 52.316 ], [ -2.528, 52.309 ], [ -2.506, 52.319 ], [ -2.487, 52.316 ], [ -2.437, 52.304 ], [ -2.435, 52.298 ], [ -2.42, 52.293 ], [ -2.418, 52.275 ], [ -2.405, 52.272 ], [ -2.398, 52.259 ], [ -2.384, 52.258 ], [ -2.384, 52.244 ], [ -2.375, 52.241 ], [ -2.387, 52.233 ], [ -2.402, 52.215 ], [ -2.393, 52.211 ], [ -2.4, 52.202 ], [ -2.385, 52.198 ], [ -2.37, 52.204 ], [ -2.363, 52.199 ], [ -2.36, 52.187 ], [ -2.33, 52.194 ], [ -2.326, 52.186 ], [ -2.308, 52.176 ], [ -2.276, 52.177 ], [ -2.264, 52.17 ], [ -2.233, 52.17 ], [ -2.22, 52.167 ] ] ] } },
{ "type": "Feature", "properties": { "name1": "River Perry", "name2": " ", "Strahler Stream Order": 4, "long_name": "West Midlands", "short_name": "West Midlands" }, "geometry": { "type": "LineString", "coordinates": [ [ -2.85, 52.769 ], [ -2.836, 52.767 ], [ -2.831, 52.744 ] ] } },
{ "type": "Feature", "properties": { "name1": "River Manifold", "name2": " ", "Strahler Stream Order": 4, "long_name": "West Midlands", "short_name": "West Midlands" }, "geometry": { "type": "LineString", "coordinates": [ [ -1.845, 53.083 ], [ -1.83, 53.08 ], [ -1.827, 53.066 ], [ -1.811, 53.063 ], [ -1.812, 53.053 ], [ -1.798, 53.055 ], [ -1.785, 53.05 ] ] } },
{ "type": "Feature", "properties": { "name1": "Afon Honddu", "name2": " ", "Strahler Stream Order": 4, "long_name": "West Midlands", "short_name": "West Midlands" }, "geometry": { "type": "LineString", "coordinates": [ [ -3.014, 51.898 ], [ -2.994, 51.883 ], [ -2.975, 51.887 ], [ -2.967, 51.905 ] ] } },
{ "type": "Feature", "properties": { "name1": "River Vyrnwy", "name2": "Afon Efyrnwy", "Strahler Stream Order": 4, "long_name": "West Midlands", "short_name": "West Midlands" }, "geometry": { "type": "MultiLineString", "coordinates": [ [ [ -3.422, 52.723 ], [ -3.409, 52.714 ], [ -3.394, 52.711 ], [ -3.388, 52.702 ], [ -3.372, 52.71 ], [ -3.336, 52.714 ], [ -3.327, 52.712 ], [ -3.318, 52.698 ], [ -3.291, 52.696 ], [ -3.279, 52.699 ], [ -3.254, 52.7 ], [ -3.231, 52.716 ], [ -3.216, 52.721 ], [ -3.206, 52.729 ], [ -3.194, 52.73 ], [ -3.192, 52.741 ], [ -3.185, 52.748 ] ], [ [ -3.185, 52.749 ], [ -3.17, 52.759 ], [ -3.165, 52.766 ], [ -3.146, 52.768 ], [ -3.148, 52.776 ], [ -3.133, 52.776 ], [ -3.119, 52.768 ], [ -3.099, 52.77 ], [ -3.085, 52.778 ], [ -3.074, 52.77 ], [ -3.054, 52.774 ], [ -3.049, 52.768 ], [ -3.017, 52.766 ], [ -3.011, 52.762 ], [ -3.014, 52.75 ], [ -2.992, 52.744 ], [ -2.997, 52.736 ] ] ] } },
{ "type": "Feature", "properties": { "name1": "River Blythe", "name2": " ", "Strahler Stream Order": 4, "long_name": "West Midlands", "short_name": "West Midlands" }, "geometry": { "type": "LineString", "coordinates": [ [ -1.689, 52.518 ], [ -1.689, 52.522 ] ] } },
{ "type": "Feature", "properties": { "name1": "River Alne", "name2": " ", "Strahler Stream Order": 4, "long_name": "West Midlands", "short_name": "West Midlands" }, "geometry": { "type": "LineString", "coordinates": [ [ -1.77, 52.272 ], [ -1.79, 52.249 ], [ -1.798, 52.245 ], [ -1.815, 52.227 ], [ -1.831, 52.229 ], [ -1.842, 52.226 ], [ -1.855, 52.215 ], [ -1.865, 52.211 ] ] } },
{ "type": "Feature", "properties": { "name1": "River Sowe", "name2": " ", "Strahler Stream Order": 4, "long_name": "West Midlands", "short_name": "West Midlands" }, "geometry": { "type": "LineString", "coordinates": [ [ -1.436, 52.418 ], [ -1.45, 52.412 ], [ -1.448, 52.404 ], [ -1.461, 52.403 ], [ -1.482, 52.383 ], [ -1.483, 52.378 ], [ -1.507, 52.374 ], [ -1.502, 52.362 ], [ -1.513, 52.36 ], [ -1.514, 52.35 ], [ -1.525, 52.349 ] ] } },
{ "type": "Feature", "properties": { "name1": "River Monnow", "name2": "Afon Mynwy", "Strahler Stream Order": 5, "long_name": "West Midlands", "short_name": "West Midlands" }, "geometry": { "type": "LineString", "coordinates": [ [ -2.967, 51.905 ], [ -2.952, 51.906 ], [ -2.921, 51.92 ], [ -2.895, 51.923 ], [ -2.875, 51.933 ], [ -2.87, 51.927 ], [ -2.859, 51.928 ], [ -2.854, 51.918 ], [ -2.837, 51.913 ], [ -2.836, 51.906 ], [ -2.818, 51.904 ], [ -2.816, 51.899 ], [ -2.801, 51.89 ], [ -2.771, 51.878 ], [ -2.777, 51.864 ], [ -2.769, 51.862 ], [ -2.758, 51.85 ], [ -2.74, 51.841 ], [ -2.732, 51.829 ], [ -2.732, 51.822 ], [ -2.717, 51.819 ], [ -2.71, 51.806 ] ] } },
{ "type": "Feature", "properties": { "name1": "River Penk", "name2": " ", "Strahler Stream Order": 4, "long_name": "West Midlands", "short_name": "West Midlands" }, "geometry": { "type": "LineString", "coordinates": [ [ -2.145, 52.665 ], [ -2.155, 52.674 ], [ -2.159, 52.693 ], [ -2.139, 52.702 ], [ -2.143, 52.716 ], [ -2.133, 52.718 ], [ -2.125, 52.726 ], [ -2.102, 52.733 ], [ -2.098, 52.749 ], [ -2.104, 52.763 ], [ -2.103, 52.77 ], [ -2.091, 52.798 ], [ -2.082, 52.803 ] ] } },
{ "type": "Feature", "properties": { "name1": "Cound Brook", "name2": " ", "Strahler Stream Order": 4, "long_name": "West Midlands", "short_name": "West Midlands" }, "geometry": { "type": "LineString", "coordinates": [ [ -2.772, 52.632 ], [ -2.766, 52.647 ], [ -2.749, 52.645 ], [ -2.733, 52.651 ], [ -2.727, 52.661 ], [ -2.717, 52.653 ], [ -2.704, 52.652 ], [ -2.689, 52.645 ], [ -2.663, 52.641 ], [ -2.642, 52.653 ] ] } },
{ "type": "Feature", "properties": { "name1": "Whiston Brook", "name2": " ", "Strahler Stream Order": 4, "long_name": "West Midlands", "short_name": "West Midlands" }, "geometry": { "type": "LineString", "coordinates": [ [ -2.162, 52.732 ], [ -2.143, 52.725 ], [ -2.125, 52.726 ] ] } },
{ "type": "Feature", "properties": { "name1": "River Stour", "name2": " ", "Strahler Stream Order": 4, "long_name": "West Midlands", "short_name": "West Midlands" }, "geometry": { "type": "MultiLineString", "coordinates": [ [ [ -2.203, 52.468 ], [ -2.207, 52.457 ], [ -2.221, 52.459 ], [ -2.217, 52.448 ], [ -2.218, 52.435 ], [ -2.214, 52.43 ], [ -2.231, 52.422 ], [ -2.243, 52.421 ], [ -2.253, 52.403 ], [ -2.249, 52.385 ], [ -2.254, 52.378 ], [ -2.252, 52.369 ], [ -2.258, 52.362 ], [ -2.263, 52.341 ], [ -2.277, 52.335 ] ], [ [ -1.624, 52.039 ], [ -1.614, 52.05 ], [ -1.623, 52.065 ], [ -1.616, 52.073 ], [ -1.624, 52.083 ], [ -1.62, 52.091 ], [ -1.628, 52.094 ], [ -1.616, 52.105 ], [ -1.638, 52.121 ], [ -1.659, 52.125 ], [ -1.667, 52.136 ], [ -1.686, 52.138 ], [ -1.7, 52.146 ], [ -1.697, 52.153 ], [ -1.715, 52.174 ], [ -1.734, 52.178 ] ] ] } },
{ "type": "Feature", "properties": { "name1": "Shell Brook", "name2": "Bow Brook", "Strahler Stream Order": 4, "long_name": "West Midlands", "short_name": "West Midlands" }, "geometry": { "type": "LineString", "coordinates": [ [ -2.062, 52.238 ], [ -2.07, 52.239 ], [ -2.078, 52.227 ] ] } },
{ "type": "Feature", "properties": { "name1": "River Frome", "name2": " ", "Strahler Stream Order": 4, "long_name": "West Midlands", "short_name": "West Midlands" }, "geometry": { "type": "LineString", "coordinates": [ [ -2.241, 51.739 ], [ -2.259, 51.738 ], [ -2.278, 51.741 ], [ -2.288, 51.739 ], [ -2.307, 51.745 ], [ -2.325, 51.754 ], [ -2.336, 51.763 ], [ -2.342, 51.774 ], [ -2.361, 51.786 ], [ -2.361, 51.794 ] ] } },
{ "type": "Feature", "properties": { "name1": "Broadway Brook", "name2": " ", "Strahler Stream Order": 4, "long_name": "West Midlands", "short_name": "West Midlands" }, "geometry": { "type": "LineString", "coordinates": [ [ -1.904, 52.097 ], [ -1.913, 52.103 ], [ -1.929, 52.107 ] ] } },
{ "type": "Feature", "properties": { "name1": "River Leadon", "name2": " ", "Strahler Stream Order": 4, "long_name": "West Midlands", "short_name": "West Midlands" }, "geometry": { "type": "LineString", "coordinates": [ [ -2.442, 51.987 ], [ -2.438, 51.98 ], [ -2.397, 51.976 ], [ -2.382, 51.966 ], [ -2.355, 51.959 ], [ -2.347, 51.95 ], [ -2.332, 51.944 ], [ -2.343, 51.932 ], [ -2.322, 51.903 ], [ -2.327, 51.897 ], [ -2.308, 51.888 ], [ -2.295, 51.894 ], [ -2.283, 51.891 ], [ -2.282, 51.881 ], [ -2.267, 51.878 ] ] } },
{ "type": "Feature", "properties": { "name1": "River Roden", "name2": " ", "Strahler Stream Order": 4, "long_name": "West Midlands", "short_name": "West Midlands" }, "geometry": { "type": "LineString", "coordinates": [ [ -2.677, 52.86 ], [ -2.667, 52.853 ], [ -2.684, 52.844 ], [ -2.681, 52.835 ], [ -2.671, 52.837 ], [ -2.663, 52.831 ], [ -2.661, 52.821 ], [ -2.64, 52.806 ], [ -2.634, 52.796 ], [ -2.652, 52.787 ], [ -2.653, 52.776 ], [ -2.636, 52.764 ], [ -2.63, 52.749 ], [ -2.605, 52.74 ], [ -2.6, 52.729 ], [ -2.609, 52.72 ], [ -2.596, 52.717 ], [ -2.603, 52.708 ] ] } },
{ "type": "Feature", "properties": { "name1": "River Churnet", "name2": " ", "Strahler Stream Order": 4, "long_name": "West Midlands", "short_name": "West Midlands" }, "geometry": { "type": "LineString", "coordinates": [ [ -2.058, 53.104 ], [ -2.053, 53.097 ], [ -2.036, 53.093 ], [ -2.034, 53.086 ], [ -2.048, 53.08 ], [ -2.049, 53.075 ], [ -2.027, 53.065 ], [ -2.023, 53.053 ], [ -2.006, 53.046 ], [ -2.0, 53.033 ], [ -1.983, 53.031 ], [ -1.962, 53.021 ], [ -1.957, 53.01 ], [ -1.94, 53.002 ], [ -1.925, 53.003 ], [ -1.899, 52.98 ], [ -1.867, 52.982 ], [ -1.852, 52.968 ], [ -1.841, 52.963 ], [ -1.849, 52.936 ] ] } },
{ "type": "Feature", "properties": { "name1": "River Lugg", "name2": " ", "Strahler Stream Order": 4, "long_name": "West Midlands", "short_name": "West Midlands" }, "geometry": { "type": "LineString", "coordinates": [ [ -2.951, 52.267 ], [ -2.937, 52.268 ], [ -2.936, 52.275 ], [ -2.921, 52.282 ], [ -2.886, 52.282 ], [ -2.862, 52.29 ], [ -2.839, 52.281 ], [ -2.844, 52.269 ], [ -2.826, 52.258 ], [ -2.819, 52.258 ], [ -2.782, 52.245 ], [ -2.758, 52.236 ], [ -2.738, 52.235 ], [ -2.721, 52.221 ], [ -2.718, 52.204 ], [ -2.719, 52.191 ], [ -2.71, 52.183 ], [ -2.71, 52.167 ], [ -2.682, 52.168 ], [ -2.678, 52.156 ], [ -2.695, 52.153 ], [ -2.711, 52.157 ], [ -2.724, 52.14 ], [ -2.705, 52.127 ], [ -2.715, 52.121 ], [ -2.71, 52.107 ], [ -2.691, 52.105 ], [ -2.68, 52.082 ], [ -2.686, 52.067 ], [ -2.675, 52.062 ], [ -2.662, 52.063 ], [ -2.644, 52.047 ], [ -2.642, 52.042 ], [ -2.627, 52.037 ], [ -2.635, 52.031 ] ] } },
{ "type": "Feature", "properties": { "name1": "Afon Tanat", "name2": " ", "Strahler Stream Order": 4, "long_name": "West Midlands", "short_name": "West Midlands" }, "geometry": { "type": "LineString", "coordinates": [ [ -3.403, 52.823 ], [ -3.376, 52.823 ], [ -3.362, 52.813 ], [ -3.347, 52.811 ], [ -3.308, 52.812 ], [ -3.286, 52.809 ], [ -3.244, 52.809 ], [ -3.228, 52.805 ], [ -3.21, 52.807 ], [ -3.163, 52.802 ], [ -3.153, 52.809 ], [ -3.14, 52.806 ], [ -3.133, 52.797 ], [ -3.121, 52.798 ], [ -3.107, 52.79 ], [ -3.121, 52.784 ], [ -3.124, 52.778 ] ] } },
{ "type": "Feature", "properties": { "name1": "Bow Brook", "name2": " ", "Strahler Stream Order": 4, "long_name": "West Midlands", "short_name": "West Midlands" }, "geometry": { "type": "LineString", "coordinates": [ [ -2.078, 52.227 ], [ -2.083, 52.214 ], [ -2.095, 52.207 ], [ -2.094, 52.191 ], [ -2.107, 52.184 ], [ -2.096, 52.172 ], [ -2.1, 52.161 ], [ -2.099, 52.15 ], [ -2.088, 52.136 ], [ -2.093, 52.124 ], [ -2.106, 52.126 ], [ -2.116, 52.099 ], [ -2.111, 52.09 ], [ -2.119, 52.081 ] ] } },
{ "type": "Feature", "properties": { "name1": "Afon Hafren", "name2": "River Severn", "Strahler Stream Order": 7, "long_name": "West Midlands", "short_name": "West Midlands" }, "geometry": { "type": "MultiLineString", "coordinates": [ [ [ -3.54, 52.451 ], [ -3.518, 52.46 ], [ -3.486, 52.455 ], [ -3.474, 52.456 ], [ -3.439, 52.476 ], [ -3.433, 52.494 ], [ -3.439, 52.511 ], [ -3.42, 52.52 ], [ -3.409, 52.518 ], [ -3.401, 52.525 ], [ -3.37, 52.516 ], [ -3.365, 52.505 ], [ -3.355, 52.502 ], [ -3.34, 52.511 ], [ -3.319, 52.517 ], [ -3.307, 52.515 ], [ -3.296, 52.523 ], [ -3.269, 52.524 ], [ -3.27, 52.529 ], [ -3.242, 52.544 ], [ -3.231, 52.556 ], [ -3.21, 52.569 ], [ -3.182, 52.577 ], [ -3.175, 52.585 ], [ -3.183, 52.592 ], [ -3.167, 52.602 ], [ -3.16, 52.611 ], [ -3.144, 52.623 ], [ -3.139, 52.642 ], [ -3.112, 52.676 ], [ -3.102, 52.694 ], [ -3.089, 52.699 ], [ -3.07, 52.715 ], [ -3.071, 52.725 ], [ -3.065, 52.732 ], [ -3.046, 52.742 ], [ -3.028, 52.745 ], [ -3.014, 52.739 ], [ -2.983, 52.733 ], [ -2.973, 52.736 ], [ -2.972, 52.748 ], [ -2.95, 52.746 ], [ -2.934, 52.733 ], [ -2.918, 52.734 ], [ -2.895, 52.732 ], [ -2.894, 52.724 ], [ -2.857, 52.725 ], [ -2.846, 52.732 ], [ -2.833, 52.733 ], [ -2.832, 52.744 ], [ -2.817, 52.742 ], [ -2.815, 52.756 ], [ -2.809, 52.76 ], [ -2.786, 52.747 ], [ -2.797, 52.745 ], [ -2.802, 52.738 ], [ -2.784, 52.733 ], [ -2.791, 52.723 ], [ -2.788, 52.717 ], [ -2.774, 52.719 ], [ -2.761, 52.713 ], [ -2.764, 52.706 ], [ -2.747, 52.706 ], [ -2.737, 52.714 ], [ -2.729, 52.726 ], [ -2.712, 52.715 ], [ -2.708, 52.705 ], [ -2.713, 52.699 ], [ -2.705, 52.691 ], [ -2.692, 52.693 ], [ -2.692, 52.684 ], [ -2.681, 52.68 ], [ -2.684, 52.672 ], [ -2.667, 52.671 ], [ -2.65, 52.674 ], [ -2.648, 52.653 ], [ -2.642, 52.653 ], [ -2.628, 52.641 ], [ -2.604, 52.643 ], [ -2.597, 52.636 ], [ -2.582, 52.642 ], [ -2.546, 52.636 ], [ -2.514, 52.637 ], [ -2.502, 52.63 ], [ -2.473, 52.627 ], [ -2.459, 52.623 ], [ -2.427, 52.608 ], [ -2.435, 52.599 ], [ -2.434, 52.581 ], [ -2.407, 52.571 ], [ -2.409, 52.544 ], [ -2.416, 52.536 ], [ -2.418, 52.526 ], [ -2.409, 52.52 ], [ -2.388, 52.516 ], [ -2.395, 52.501 ], [ -2.392, 52.493 ], [ -2.377, 52.487 ], [ -2.374, 52.474 ], [ -2.378, 52.46 ], [ -2.365, 52.45 ], [ -2.369, 52.443 ], [ -2.363, 52.438 ], [ -2.363, 52.425 ], [ -2.344, 52.418 ], [ -2.347, 52.407 ], [ -2.331, 52.404 ], [ -2.332, 52.397 ], [ -2.325, 52.385 ], [ -2.309, 52.374 ], [ -2.304, 52.367 ], [ -2.314, 52.359 ], [ -2.312, 52.352 ], [ -2.301, 52.342 ], [ -2.277, 52.335 ], [ -2.265, 52.32 ], [ -2.275, 52.31 ], [ -2.275, 52.292 ], [ -2.27, 52.283 ], [ -2.275, 52.272 ], [ -2.268, 52.268 ], [ -2.252, 52.267 ], [ -2.231, 52.249 ], [ -2.233, 52.236 ], [ -2.242, 52.231 ], [ -2.244, 52.218 ], [ -2.235, 52.212 ], [ -2.239, 52.201 ], [ -2.223, 52.189 ], [ -2.226, 52.177 ], [ -2.219, 52.172 ], [ -2.218, 52.161 ], [ -2.226, 52.139 ], [ -2.234, 52.134 ], [ -2.225, 52.126 ], [ -2.244, 52.117 ], [ -2.239, 52.104 ], [ -2.226, 52.101 ], [ -2.215, 52.09 ], [ -2.225, 52.08 ], [ -2.227, 52.072 ], [ -2.218, 52.065 ], [ -2.2, 52.059 ], [ -2.201, 52.05 ], [ -2.209, 52.043 ], [ -2.196, 52.032 ], [ -2.184, 52.014 ], [ -2.167, 52.006 ], [ -2.164, 51.996 ], [ -2.173, 51.995 ], [ -2.177, 51.984 ], [ -2.186, 51.98 ], [ -2.197, 51.966 ], [ -2.209, 51.961 ], [ -2.214, 51.952 ], [ -2.227, 51.949 ], [ -2.229, 51.939 ], [ -2.223, 51.934 ] ], [ [ -2.644, 51.629 ], [ -2.648, 51.621 ], [ -2.639, 51.613 ], [ -2.646, 51.603 ], [ -2.678, 51.589 ], [ -2.697, 51.585 ], [ -2.698, 51.571 ] ], [ [ -2.447, 51.787 ], [ -2.436, 51.782 ], [ -2.413, 51.784 ], [ -2.4, 51.779 ], [ -2.406, 51.77 ], [ -2.421, 51.758 ], [ -2.439, 51.757 ], [ -2.455, 51.746 ], [ -2.474, 51.74 ], [ -2.477, 51.733 ], [ -2.488, 51.726 ], [ -2.487, 51.713 ], [ -2.505, 51.705 ], [ -2.514, 51.698 ], [ -2.526, 51.696 ], [ -2.531, 51.688 ], [ -2.548, 51.68 ], [ -2.571, 51.665 ], [ -2.586, 51.66 ], [ -2.611, 51.659 ], [ -2.619, 51.654 ] ], [ [ -2.396, 51.801 ], [ -2.412, 51.806 ], [ -2.414, 51.815 ], [ -2.424, 51.819 ], [ -2.437, 51.814 ], [ -2.449, 51.8 ] ], [ [ -2.352, 51.846 ], [ -2.361, 51.826 ], [ -2.361, 51.81 ], [ -2.349, 51.806 ], [ -2.351, 51.796 ], [ -2.37, 51.793 ] ], [ [ -2.27, 51.868 ], [ -2.276, 51.862 ], [ -2.288, 51.86 ], [ -2.279, 51.844 ], [ -2.302, 51.835 ], [ -2.307, 51.847 ], [ -2.337, 51.85 ] ], [ [ -2.244, 51.926 ], [ -2.264, 51.924 ], [ -2.27, 51.911 ] ] ] } },
{ "type": "Feature", "properties": { "name1": "Swan's Neck", "name2": "River Avon", "Strahler Stream Order": 5, "long_name": "West Midlands", "short_name": "West Midlands" }, "geometry": { "type": "LineString", "coordinates": [ [ -2.098, 52.079 ], [ -2.11, 52.078 ] ] } },
{ "type": "Feature", "properties": { "name1": "River Avon", "name2": " ", "Strahler Stream Order": 5, "long_name": "West Midlands", "short_name": "West Midlands" }, "geometry": { "type": "MultiLineString", "coordinates": [ [ [ -2.14, 52.027 ], [ -2.155, 51.998 ] ], [ [ -2.11, 52.078 ], [ -2.121, 52.081 ], [ -2.134, 52.076 ], [ -2.134, 52.068 ], [ -2.118, 52.056 ], [ -2.118, 52.033 ], [ -2.14, 52.028 ] ], [ [ -1.525, 52.349 ], [ -1.538, 52.344 ], [ -1.529, 52.336 ], [ -1.528, 52.328 ], [ -1.546, 52.329 ], [ -1.557, 52.326 ], [ -1.541, 52.315 ], [ -1.55, 52.308 ], [ -1.573, 52.306 ], [ -1.563, 52.298 ], [ -1.56, 52.286 ], [ -1.588, 52.277 ], [ -1.584, 52.267 ], [ -1.6, 52.261 ], [ -1.596, 52.251 ], [ -1.628, 52.242 ], [ -1.625, 52.238 ], [ -1.606, 52.236 ], [ -1.626, 52.223 ], [ -1.62, 52.218 ], [ -1.635, 52.206 ], [ -1.651, 52.203 ], [ -1.66, 52.211 ], [ -1.67, 52.203 ], [ -1.69, 52.202 ], [ -1.692, 52.196 ], [ -1.706, 52.189 ], [ -1.716, 52.178 ], [ -1.734, 52.179 ], [ -1.747, 52.172 ], [ -1.767, 52.166 ], [ -1.782, 52.176 ], [ -1.797, 52.175 ], [ -1.791, 52.167 ], [ -1.796, 52.161 ], [ -1.826, 52.164 ], [ -1.846, 52.16 ], [ -1.859, 52.164 ], [ -1.866, 52.153 ], [ -1.881, 52.155 ], [ -1.891, 52.14 ], [ -1.905, 52.133 ], [ -1.908, 52.122 ], [ -1.925, 52.126 ], [ -1.931, 52.117 ], [ -1.93, 52.102 ], [ -1.946, 52.088 ], [ -1.959, 52.089 ], [ -1.953, 52.104 ], [ -1.964, 52.113 ], [ -1.995, 52.123 ], [ -2.006, 52.118 ], [ -2.001, 52.108 ], [ -2.007, 52.102 ], [ -2.028, 52.105 ], [ -2.049, 52.125 ], [ -2.07, 52.116 ], [ -2.075, 52.101 ], [ -2.099, 52.102 ], [ -2.099, 52.091 ], [ -2.077, 52.088 ], [ -2.071, 52.081 ], [ -2.077, 52.076 ], [ -2.091, 52.074 ], [ -2.098, 52.079 ] ] ] } },
{ "type": "Feature", "properties": { "name1": " ", "name2": " ", "Strahler Stream Order": 4, "long_name": "West Midlands", "short_name": "West Midlands" }, "geometry": { "type": "MultiLineString", "coordinates": [ [ [ -2.512, 53.186 ], [ -2.518, 53.19 ] ], [ [ -2.103, 53.169 ], [ -2.105, 53.169 ] ], [ [ -2.071, 53.172 ], [ -2.084, 53.17 ] ], [ [ -2.055, 53.187 ], [ -2.054, 53.185 ] ] ] } },
{ "type": "Feature", "properties": { "name1": "River Anker", "name2": " ", "Strahler Stream Order": 4, "long_name": "West Midlands", "short_name": "West Midlands" }, "geometry": { "type": "LineString", "coordinates": [ [ -1.462, 52.517 ], [ -1.467, 52.522 ], [ -1.471, 52.538 ], [ -1.484, 52.54 ], [ -1.495, 52.547 ], [ -1.488, 52.553 ], [ -1.509, 52.561 ], [ -1.52, 52.562 ], [ -1.526, 52.569 ], [ -1.527, 52.583 ], [ -1.538, 52.59 ], [ -1.557, 52.596 ], [ -1.572, 52.595 ], [ -1.582, 52.606 ], [ -1.584, 52.617 ], [ -1.597, 52.615 ], [ -1.602, 52.62 ], [ -1.619, 52.621 ], [ -1.611, 52.631 ], [ -1.637, 52.645 ], [ -1.675, 52.647 ], [ -1.685, 52.632 ], [ -1.698, 52.632 ] ] } },
{ "type": "Feature", "properties": { "name1": "River Tame", "name2": " ", "Strahler Stream Order": 4, "long_name": "West Midlands", "short_name": "West Midlands" }, "geometry": { "type": "LineString", "coordinates": [ [ -1.958, 52.532 ], [ -1.933, 52.533 ], [ -1.926, 52.526 ], [ -1.913, 52.526 ], [ -1.907, 52.519 ], [ -1.888, 52.526 ], [ -1.875, 52.508 ], [ -1.864, 52.51 ], [ -1.844, 52.504 ], [ -1.802, 52.51 ], [ -1.746, 52.52 ], [ -1.736, 52.523 ], [ -1.708, 52.518 ], [ -1.694, 52.519 ], [ -1.68, 52.525 ], [ -1.698, 52.531 ], [ -1.698, 52.538 ], [ -1.687, 52.547 ], [ -1.687, 52.562 ], [ -1.696, 52.573 ], [ -1.693, 52.578 ], [ -1.702, 52.586 ], [ -1.69, 52.611 ], [ -1.698, 52.632 ], [ -1.733, 52.639 ], [ -1.736, 52.648 ], [ -1.717, 52.676 ], [ -1.718, 52.687 ], [ -1.736, 52.692 ], [ -1.746, 52.698 ], [ -1.732, 52.706 ], [ -1.731, 52.718 ], [ -1.717, 52.731 ] ] } },
{ "type": "Feature", "properties": { "name1": "River Dore", "name2": " ", "Strahler Stream Order": 4, "long_name": "West Midlands", "short_name": "West Midlands" }, "geometry": { "type": "LineString", "coordinates": [ [ -2.881, 51.943 ], [ -2.876, 51.933 ] ] } },
{ "type": "Feature", "properties": { "name1": "Mill Avon", "name2": " ", "Strahler Stream Order": 5, "long_name": "West Midlands", "short_name": "West Midlands" }, "geometry": { "type": "LineString", "coordinates": [ [ -2.155, 51.998 ], [ -2.166, 51.988 ], [ -2.177, 51.984 ] ] } },
{ "type": "Feature", "properties": { "name1": "River Tern", "name2": " ", "Strahler Stream Order": 5, "long_name": "West Midlands", "short_name": "West Midlands" }, "geometry": { "type": "MultiLineString", "coordinates": [ [ [ -2.604, 52.707 ], [ -2.633, 52.703 ], [ -2.666, 52.692 ], [ -2.662, 52.678 ] ], [ [ -2.538, 52.784 ], [ -2.546, 52.781 ], [ -2.555, 52.764 ], [ -2.55, 52.751 ], [ -2.561, 52.746 ], [ -2.573, 52.731 ], [ -2.575, 52.716 ], [ -2.597, 52.712 ], [ -2.604, 52.707 ] ], [ [ -2.603, 52.708 ], [ -2.604, 52.707 ] ] ] } },
{ "type": "Feature", "properties": { "name1": "River Clun", "name2": " ", "Strahler Stream Order": 4, "long_name": "West Midlands", "short_name": "West Midlands" }, "geometry": { "type": "LineString", "coordinates": [ [ -3.033, 52.424 ], [ -3.021, 52.42 ], [ -3.011, 52.425 ], [ -2.995, 52.422 ], [ -2.983, 52.425 ], [ -2.952, 52.419 ], [ -2.932, 52.418 ], [ -2.902, 52.428 ], [ -2.887, 52.41 ], [ -2.893, 52.403 ], [ -2.889, 52.397 ], [ -2.886, 52.379 ], [ -2.892, 52.376 ], [ -2.889, 52.364 ], [ -2.878, 52.36 ] ] } },
{ "type": "Feature", "properties": { "name1": "River Cole", "name2": " ", "Strahler Stream Order": 4, "long_name": "West Midlands", "short_name": "West Midlands" }, "geometry": { "type": "LineString", "coordinates": [ [ -1.737, 52.485 ], [ -1.723, 52.493 ], [ -1.717, 52.504 ], [ -1.705, 52.503 ], [ -1.702, 52.514 ], [ -1.689, 52.518 ] ] } },
{ "type": "Feature", "properties": { "name1": "River Arrow", "name2": " ", "Strahler Stream Order": 4, "long_name": "West Midlands", "short_name": "West Midlands" }, "geometry": { "type": "MultiLineString", "coordinates": [ [ [ -3.063, 52.184 ], [ -3.043, 52.199 ], [ -3.021, 52.202 ], [ -3.015, 52.208 ], [ -2.996, 52.208 ], [ -2.988, 52.219 ], [ -2.947, 52.231 ], [ -2.947, 52.236 ], [ -2.928, 52.236 ], [ -2.905, 52.222 ], [ -2.892, 52.221 ], [ -2.885, 52.226 ], [ -2.85, 52.223 ], [ -2.832, 52.226 ], [ -2.827, 52.223 ], [ -2.8, 52.225 ], [ -2.789, 52.214 ], [ -2.776, 52.207 ], [ -2.763, 52.212 ], [ -2.733, 52.211 ], [ -2.716, 52.206 ] ], [ [ -1.865, 52.211 ], [ -1.876, 52.209 ], [ -1.88, 52.202 ], [ -1.873, 52.188 ], [ -1.874, 52.176 ], [ -1.882, 52.17 ], [ -1.881, 52.155 ] ] ] } },
{ "type": "Feature", "properties": { "name1": "River Dove", "name2": " ", "Strahler Stream Order": 4, "long_name": "West Midlands", "short_name": "West Midlands" }, "geometry": { "type": "MultiLineString", "coordinates": [ [ [ -1.785, 53.05 ], [ -1.779, 53.043 ], [ -1.768, 53.044 ], [ -1.759, 53.038 ], [ -1.757, 53.029 ], [ -1.763, 53.025 ], [ -1.762, 53.015 ], [ -1.771, 52.996 ], [ -1.784, 52.995 ], [ -1.788, 52.989 ], [ -1.803, 52.981 ], [ -1.824, 52.979 ], [ -1.829, 52.975 ], [ -1.828, 52.964 ], [ -1.832, 52.955 ], [ -1.83, 52.946 ], [ -1.849, 52.936 ], [ -1.857, 52.924 ], [ -1.848, 52.92 ], [ -1.842, 52.905 ], [ -1.828, 52.884 ], [ -1.812, 52.881 ], [ -1.777, 52.884 ], [ -1.75, 52.873 ], [ -1.74, 52.865 ], [ -1.716, 52.861 ], [ -1.704, 52.867 ], [ -1.669, 52.861 ], [ -1.66, 52.857 ], [ -1.641, 52.856 ], [ -1.623, 52.848 ], [ -1.605, 52.843 ], [ -1.585, 52.831 ] ], [ [ -0.931, 54.238 ], [ -0.918, 54.218 ], [ -0.905, 54.212 ], [ -0.91, 54.202 ] ] ] } },
{ "type": "Feature", "properties": { "name1": "Willowholm Pool", "name2": "River Nith", "Strahler Stream Order": 4, "long_name": null, "short_name": null }, "geometry": { "type": "LineString", "coordinates": [ [ -3.791, 55.261 ], [ -3.788, 55.259 ] ] } },
{ "type": "Feature", "properties": { "name1": "North Medwin", "name2": " ", "Strahler Stream Order": 4, "long_name": null, "short_name": null }, "geometry": { "type": "LineString", "coordinates": [ [ -3.61, 55.684 ], [ -3.615, 55.684 ] ] } },
{ "type": "Feature", "properties": { "name1": "Birns Water", "name2": " ", "Strahler Stream Order": 4, "long_name": null, "short_name": null }, "geometry": { "type": "LineString", "coordinates": [ [ -2.865, 55.885 ], [ -2.872, 55.896 ], [ -2.865, 55.907 ], [ -2.874, 55.909 ] ] } },
{ "type": "Feature", "properties": { "name1": "New Cut", "name2": " ", "Strahler Stream Order": 4, "long_name": null, "short_name": null }, "geometry": { "type": "LineString", "coordinates": [ [ -3.07, 52.734 ], [ -3.063, 52.735 ] ] } },
{ "type": "Feature", "properties": { "name1": "River Tweed", "name2": "Nutwood Pool", "Strahler Stream Order": 5, "long_name": null, "short_name": null }, "geometry": { "type": "LineString", "coordinates": [ [ -3.099, 55.638 ], [ -3.099, 55.633 ] ] } },
{ "type": "Feature", "properties": { "name1": "Water of Fleet", "name2": " ", "Strahler Stream Order": 4, "long_name": null, "short_name": null }, "geometry": { "type": "MultiLineString", "coordinates": [ [ [ -4.225, 54.849 ], [ -4.237, 54.834 ], [ -4.245, 54.831 ] ], [ [ -4.203, 54.867 ], [ -4.222, 54.851 ] ], [ [ -4.196, 54.893 ], [ -4.191, 54.89 ] ], [ [ -4.187, 54.879 ], [ -4.195, 54.873 ] ], [ [ -4.191, 54.89 ], [ -4.193, 54.889 ] ], [ [ -4.193, 54.888 ], [ -4.19, 54.887 ] ], [ [ -4.186, 54.886 ], [ -4.186, 54.879 ] ] ] } },
{ "type": "Feature", "properties": { "name1": "Well Run", "name2": "River Brora", "Strahler Stream Order": 4, "long_name": null, "short_name": null }, "geometry": { "type": "LineString", "coordinates": [ [ -3.899, 58.014 ], [ -3.894, 58.012 ] ] } },
{ "type": "Feature", "properties": { "name1": "Waters Meeting", "name2": "River Rawthey", "Strahler Stream Order": 4, "long_name": null, "short_name": null }, "geometry": { "type": "LineString", "coordinates": [ ] } },
{ "type": "Feature", "properties": { "name1": "River Thurso", "name2": "Island Stream Pool", "Strahler Stream Order": 5, "long_name": null, "short_name": null }, "geometry": { "type": "LineString", "coordinates": [ [ -3.513, 58.492 ], [ -3.511, 58.494 ] ] } },
{ "type": "Feature", "properties": { "name1": "River Thurso", "name2": "Blackpark Pool", "Strahler Stream Order": 5, "long_name": null, "short_name": null }, "geometry": { "type": "LineString", "coordinates": [ [ -3.504, 58.5 ], [ -3.501, 58.5 ] ] } },
{ "type": "Feature", "properties": { "name1": "Cadoxton River", "name2": " ", "Strahler Stream Order": 4, "long_name": null, "short_name": null }, "geometry": { "type": "LineString", "coordinates": [ [ -3.235, 51.408 ], [ -3.244, 51.404 ], [ -3.249, 51.395 ] ] } },
{ "type": "Feature", "properties": { "name1": "Llangwm Pool", "name2": "Daugleddau", "Strahler Stream Order": 5, "long_name": null, "short_name": null }, "geometry": { "type": "LineString", "coordinates": [ [ -4.896, 51.757 ], [ -4.899, 51.744 ] ] } },
{ "type": "Feature", "properties": { "name1": "River Spey", "name2": "Church Yard Pool", "Strahler Stream Order": 5, "long_name": null, "short_name": null }, "geometry": { "type": "LineString", "coordinates": [ [ -3.431, 57.402 ], [ -3.427, 57.402 ] ] } },
{ "type": "Feature", "properties": { "name1": "River Croe", "name2": " ", "Strahler Stream Order": 4, "long_name": null, "short_name": null }, "geometry": { "type": "LineString", "coordinates": [ [ -5.3, 57.203 ], [ -5.32, 57.209 ], [ -5.341, 57.219 ], [ -5.351, 57.228 ], [ -5.37, 57.236 ], [ -5.391, 57.237 ], [ -5.405, 57.231 ] ] } },
{ "type": "Feature", "properties": { "name1": "River Earn", "name2": " ", "Strahler Stream Order": 5, "long_name": null, "short_name": null }, "geometry": { "type": "MultiLineString", "coordinates": [ [ [ -4.013, 56.373 ], [ -3.982, 56.375 ], [ -3.967, 56.371 ], [ -3.942, 56.373 ], [ -3.923, 56.37 ], [ -3.91, 56.373 ] ], [ [ -3.912, 56.37 ], [ -3.893, 56.37 ], [ -3.883, 56.375 ], [ -3.857, 56.374 ], [ -3.848, 56.361 ], [ -3.826, 56.359 ], [ -3.809, 56.345 ], [ -3.782, 56.347 ], [ -3.748, 56.331 ], [ -3.729, 56.331 ], [ -3.716, 56.327 ], [ -3.704, 56.334 ], [ -3.681, 56.332 ], [ -3.671, 56.337 ], [ -3.634, 56.337 ], [ -3.601, 56.341 ], [ -3.591, 56.336 ], [ -3.582, 56.343 ], [ -3.562, 56.343 ], [ -3.557, 56.347 ], [ -3.533, 56.349 ], [ -3.514, 56.356 ], [ -3.494, 56.356 ], [ -3.474, 56.363 ], [ -3.461, 56.356 ], [ -3.418, 56.359 ], [ -3.401, 56.349 ], [ -3.367, 56.353 ], [ -3.351, 56.349 ], [ -3.337, 56.35 ], [ -3.308, 56.348 ], [ -3.298, 56.355 ] ] ] } },
{ "type": "Feature", "properties": { "name1": "River South Esk", "name2": " ", "Strahler Stream Order": 4, "long_name": null, "short_name": null }, "geometry": { "type": "MultiLineString", "coordinates": [ [ [ -3.044, 56.803 ], [ -3.042, 56.79 ], [ -3.033, 56.789 ], [ -3.025, 56.772 ], [ -3.018, 56.77 ], [ -3.006, 56.747 ], [ -2.999, 56.742 ], [ -2.991, 56.728 ], [ -2.963, 56.711 ], [ -2.936, 56.71 ], [ -2.93, 56.703 ], [ -2.913, 56.703 ], [ -2.906, 56.699 ], [ -2.861, 56.712 ], [ -2.85, 56.705 ], [ -2.836, 56.706 ], [ -2.817, 56.698 ], [ -2.793, 56.712 ], [ -2.762, 56.708 ], [ -2.76, 56.713 ], [ -2.733, 56.718 ], [ -2.708, 56.717 ], [ -2.676, 56.719 ], [ -2.655, 56.726 ] ], [ [ -2.653, 56.725 ], [ -2.634, 56.725 ], [ -2.622, 56.721 ] ], [ [ -2.62, 56.721 ], [ -2.611, 56.715 ] ], [ [ -2.607, 56.714 ], [ -2.603, 56.714 ] ], [ [ -2.596, 56.712 ], [ -2.589, 56.713 ] ], [ [ -2.588, 56.714 ], [ -2.584, 56.716 ] ], [ [ -2.582, 56.715 ], [ -2.58, 56.714 ] ], [ [ -2.577, 56.713 ], [ -2.562, 56.711 ], [ -2.557, 56.716 ], [ -2.532, 56.712 ], [ -2.52, 56.701 ], [ -2.491, 56.706 ], [ -2.471, 56.706 ], [ -2.464, 56.702 ], [ -2.439, 56.704 ] ] ] } },
{ "type": "Feature", "properties": { "name1": "Willie's Hole", "name2": "Whiteadder Water", "Strahler Stream Order": 5, "long_name": null, "short_name": null }, "geometry": { "type": "LineString", "coordinates": [ [ -2.207, 55.784 ], [ -2.198, 55.787 ] ] } },
{ "type": "Feature", "properties": { "name1": "River Teviot", "name2": "Eamonton Pool", "Strahler Stream Order": 5, "long_name": null, "short_name": null }, "geometry": { "type": "LineString", "coordinates": [ [ -2.587, 55.504 ], [ -2.583, 55.505 ] ] } },
{ "type": "Feature", "properties": { "name1": "River Inver", "name2": " ", "Strahler Stream Order": 4, "long_name": null, "short_name": null }, "geometry": { "type": "MultiLineString", "coordinates": [ [ [ -5.237, 58.156 ], [ -5.243, 58.153 ] ], [ [ -5.233, 58.158 ], [ -5.235, 58.156 ] ], [ [ -5.231, 58.158 ], [ -5.232, 58.158 ] ], [ [ -5.227, 58.159 ], [ -5.229, 58.159 ] ], [ [ -5.216, 58.16 ], [ -5.217, 58.16 ] ], [ [ -5.214, 58.159 ], [ -5.215, 58.159 ] ], [ [ -5.211, 58.159 ], [ -5.212, 58.159 ] ], [ [ -5.205, 58.16 ], [ -5.21, 58.159 ] ], [ [ -5.203, 58.16 ], [ -5.205, 58.16 ] ], [ [ -5.196, 58.162 ], [ -5.199, 58.161 ] ], [ [ -5.187, 58.166 ], [ -5.192, 58.163 ] ], [ [ -5.179, 58.17 ], [ -5.182, 58.169 ] ], [ [ -5.166, 58.173 ], [ -5.178, 58.17 ] ], [ [ -5.147, 58.172 ], [ -5.162, 58.174 ] ], [ [ -5.137, 58.173 ], [ -5.142, 58.175 ] ] ] } },
{ "type": "Feature", "properties": { "name1": "River Don", "name2": "Chapel Pot", "Strahler Stream Order": 4, "long_name": null, "short_name": null }, "geometry": { "type": "LineString", "coordinates": [ [ -2.416, 57.27 ], [ -2.413, 57.272 ] ] } },
{ "type": "Feature", "properties": { "name1": "River Fillan", "name2": " ", "Strahler Stream Order": 4, "long_name": null, "short_name": null }, "geometry": { "type": "MultiLineString", "coordinates": [ [ [ -4.704, 56.419 ], [ -4.695, 56.424 ], [ -4.676, 56.422 ] ], [ [ -4.676, 56.422 ], [ -4.653, 56.414 ], [ -4.647, 56.408 ], [ -4.622, 56.395 ], [ -4.604, 56.391 ], [ -4.59, 56.395 ] ] ] } },
{ "type": "Feature", "properties": { "name1": "River Don", "name2": "Camp Field Pot", "Strahler Stream Order": 4, "long_name": null, "short_name": null }, "geometry": { "type": "LineString", "coordinates": [ [ -2.504, 57.228 ], [ -2.498, 57.227 ] ] } },
{ "type": "Feature", "properties": { "name1": "River Don", "name2": "Kail Pot", "Strahler Stream Order": 4, "long_name": null, "short_name": null }, "geometry": { "type": "LineString", "coordinates": [ [ -2.799, 57.24 ], [ -2.796, 57.238 ] ] } },
{ "type": "Feature", "properties": { "name1": "River Thurso", "name2": "Cairn Pool", "Strahler Stream Order": 5, "long_name": null, "short_name": null }, "geometry": { "type": "LineString", "coordinates": [ [ -3.502, 58.549 ], [ -3.506, 58.55 ] ] } },
{ "type": "Feature", "properties": { "name1": "River Deveron", "name2": "Powan Daff", "Strahler Stream Order": 5, "long_name": null, "short_name": null }, "geometry": { "type": "LineString", "coordinates": [ [ -2.544, 57.535 ], [ -2.54, 57.536 ] ] } },
{ "type": "Feature", "properties": { "name1": "River South Esk", "name2": "Boat Pool", "Strahler Stream Order": 4, "long_name": null, "short_name": null }, "geometry": { "type": "LineString", "coordinates": [ [ -2.601, 56.713 ], [ -2.596, 56.712 ] ] } },
{ "type": "Feature", "properties": { "name1": "Water of Philorth", "name2": " ", "Strahler Stream Order": 4, "long_name": null, "short_name": null }, "geometry": { "type": "LineString", "coordinates": [ [ -2.019, 57.637 ], [ -2.007, 57.637 ], [ -2.005, 57.645 ], [ -1.984, 57.657 ], [ -1.965, 57.674 ], [ -1.952, 57.677 ] ] } },
{ "type": "Feature", "properties": { "name1": "Whiteadder Water", "name2": "Copper Mines Pool", "Strahler Stream Order": 4, "long_name": null, "short_name": null }, "geometry": { "type": "LineString", "coordinates": [ [ -2.344, 55.836 ], [ -2.343, 55.835 ] ] } },
{ "type": "Feature", "properties": { "name1": "River Aline", "name2": " ", "Strahler Stream Order": 4, "long_name": null, "short_name": null }, "geometry": { "type": "MultiLineString", "coordinates": [ [ [ -5.754, 56.589 ], [ -5.754, 56.588 ] ], [ [ -5.754, 56.587 ], [ -5.753, 56.586 ] ], [ [ -5.753, 56.585 ], [ -5.751, 56.582 ] ], [ [ -5.75, 56.567 ], [ -5.752, 56.561 ] ], [ [ -5.752, 56.579 ], [ -5.751, 56.574 ] ], [ [ -5.751, 56.573 ], [ -5.75, 56.57 ] ] ] } },
{ "type": "Feature", "properties": { "name1": "Water of Girvan", "name2": " ", "Strahler Stream Order": 4, "long_name": null, "short_name": null }, "geometry": { "type": "MultiLineString", "coordinates": [ [ [ -4.655, 55.319 ], [ -4.672, 55.315 ], [ -4.669, 55.303 ], [ -4.699, 55.289 ], [ -4.713, 55.285 ], [ -4.742, 55.272 ], [ -4.773, 55.267 ], [ -4.777, 55.263 ], [ -4.803, 55.262 ], [ -4.817, 55.251 ], [ -4.837, 55.253 ], [ -4.864, 55.245 ] ], [ [ -4.647, 55.326 ], [ -4.655, 55.32 ] ] ] } },
{ "type": "Feature", "properties": { "name1": "Smithy Pool", "name2": "River Tweed", "Strahler Stream Order": 4, "long_name": null, "short_name": null }, "geometry": { "type": "LineString", "coordinates": [ [ -3.314, 55.611 ], [ -3.313, 55.612 ] ] } },
{ "type": "Feature", "properties": { "name1": "Clyth Burn", "name2": " ", "Strahler Stream Order": 4, "long_name": null, "short_name": null }, "geometry": { "type": "LineString", "coordinates": [ [ -3.248, 58.307 ], [ -3.246, 58.301 ] ] } },
{ "type": "Feature", "properties": { "name1": "Slaskie Pot", "name2": "River Don", "Strahler Stream Order": 4, "long_name": null, "short_name": null }, "geometry": { "type": "LineString", "coordinates": [ [ -2.79, 57.241 ], [ -2.787, 57.242 ] ] } },
{ "type": "Feature", "properties": { "name1": "Upper Acharn Pool", "name2": "Acharn Pool", "Strahler Stream Order": 4, "long_name": null, "short_name": null }, "geometry": { "type": "LineString", "coordinates": [ [ -5.748, 56.586 ], [ -5.75, 56.588 ] ] } },
{ "type": "Feature", "properties": { "name1": "River Naver", "name2": " ", "Strahler Stream Order": 4, "long_name": null, "short_name": null }, "geometry": { "type": "MultiLineString", "coordinates": [ [ [ -4.28, 58.311 ], [ -4.264, 58.313 ] ], [ [ -4.261, 58.315 ], [ -4.262, 58.316 ] ], [ [ -4.26, 58.318 ], [ -4.259, 58.319 ] ], [ [ -4.258, 58.321 ], [ -4.251, 58.334 ], [ -4.25, 58.347 ], [ -4.234, 58.359 ], [ -4.231, 58.369 ], [ -4.213, 58.383 ] ], [ [ -4.209, 58.501 ], [ -4.216, 58.511 ], [ -4.243, 58.529 ] ], [ [ -4.21, 58.385 ], [ -4.182, 58.417 ], [ -4.19, 58.429 ], [ -4.187, 58.448 ], [ -4.191, 58.462 ], [ -4.199, 58.474 ], [ -4.208, 58.479 ], [ -4.213, 58.494 ], [ -4.21, 58.498 ] ] ] } },
{ "type": "Feature", "properties": { "name1": "River Bladnoch", "name2": " ", "Strahler Stream Order": 5, "long_name": null, "short_name": null }, "geometry": { "type": "MultiLineString", "coordinates": [ [ [ -4.596, 54.96 ], [ -4.586, 54.95 ] ], [ [ -4.58, 54.95 ], [ -4.595, 54.927 ], [ -4.592, 54.916 ], [ -4.583, 54.914 ], [ -4.578, 54.905 ], [ -4.569, 54.902 ], [ -4.566, 54.893 ], [ -4.552, 54.875 ], [ -4.528, 54.873 ], [ -4.528, 54.859 ], [ -4.511, 54.861 ], [ -4.506, 54.868 ], [ -4.482, 54.864 ] ], [ [ -4.481, 54.863 ], [ -4.469, 54.856 ], [ -4.449, 54.855 ], [ -4.424, 54.865 ], [ -4.421, 54.87 ], [ -4.398, 54.874 ], [ -4.39, 54.872 ] ] ] } },
{ "type": "Feature", "properties": { "name1": "Liddel Water", "name2": "Cowugly Pool", "Strahler Stream Order": 4, "long_name": null, "short_name": null }, "geometry": { "type": "LineString", "coordinates": [ [ -2.889, 55.087 ], [ -2.892, 55.088 ] ] } },
{ "type": "Feature", "properties": { "name1": "White Cart Water", "name2": "New Harbour", "Strahler Stream Order": 5, "long_name": null, "short_name": null }, "geometry": { "type": "LineString", "coordinates": [ [ -4.422, 55.851 ], [ -4.422, 55.864 ] ] } },
{ "type": "Feature", "properties": { "name1": "River Don", "name2": "Jenny Gow's Pot", "Strahler Stream Order": 4, "long_name": null, "short_name": null }, "geometry": { "type": "LineString", "coordinates": [ [ -2.864, 57.235 ], [ -2.868, 57.235 ] ] } },
{ "type": "Feature", "properties": { "name1": "The Howdens", "name2": "River Tweed", "Strahler Stream Order": 5, "long_name": null, "short_name": null }, "geometry": { "type": "LineString", "coordinates": [ [ -3.21, 55.651 ], [ -3.207, 55.651 ] ] } },
{ "type": "Feature", "properties": { "name1": "River Kelvin", "name2": " ", "Strahler Stream Order": 5, "long_name": null, "short_name": null }, "geometry": { "type": "LineString", "coordinates": [ [ -4.108, 55.954 ], [ -4.13, 55.948 ], [ -4.151, 55.948 ], [ -4.158, 55.944 ], [ -4.185, 55.938 ], [ -4.202, 55.938 ], [ -4.219, 55.934 ], [ -4.232, 55.927 ], [ -4.268, 55.926 ], [ -4.27, 55.919 ], [ -4.294, 55.912 ], [ -4.307, 55.9 ], [ -4.292, 55.881 ], [ -4.278, 55.876 ], [ -4.289, 55.87 ], [ -4.31, 55.865 ] ] } },
{ "type": "Feature", "properties": { "name1": "River Don", "name2": "Deepstane Pot", "Strahler Stream Order": 4, "long_name": null, "short_name": null }, "geometry": { "type": "LineString", "coordinates": [ [ -2.614, 57.259 ], [ -2.61, 57.26 ] ] } },
{ "type": "Feature", "properties": { "name1": "River Annan", "name2": "Duck's Pool", "Strahler Stream Order": 5, "long_name": null, "short_name": null }, "geometry": { "type": "LineString", "coordinates": [ [ -3.3, 55.042 ], [ -3.296, 55.044 ] ] } },
{ "type": "Feature", "properties": { "name1": "River Tweed", "name2": "Craig Stream", "Strahler Stream Order": 5, "long_name": null, "short_name": null }, "geometry": { "type": "LineString", "coordinates": [ [ -3.101, 55.64 ], [ -3.099, 55.638 ] ] } },
{ "type": "Feature", "properties": { "name1": "Water of Minnoch", "name2": "Poachers Pool", "Strahler Stream Order": 4, "long_name": null, "short_name": null }, "geometry": { "type": "LineString", "coordinates": [ [ -4.547, 55.064 ], [ -4.548, 55.063 ] ] } },
{ "type": "Feature", "properties": { "name1": "White Esk", "name2": " ", "Strahler Stream Order": 4, "long_name": null, "short_name": null }, "geometry": { "type": "MultiLineString", "coordinates": [ [ [ -3.194, 55.296 ], [ -3.185, 55.288 ], [ -3.189, 55.283 ] ], [ [ -3.186, 55.282 ], [ -3.178, 55.272 ] ], [ [ -3.176, 55.271 ], [ -3.175, 55.271 ] ], [ [ -3.175, 55.268 ], [ -3.174, 55.267 ] ], [ [ -3.172, 55.263 ], [ -3.185, 55.242 ], [ -3.175, 55.206 ] ], [ [ -3.173, 55.27 ], [ -3.174, 55.269 ] ], [ [ -3.174, 55.266 ], [ -3.173, 55.264 ] ] ] } },
{ "type": "Feature", "properties": { "name1": "River Spey", "name2": "Cumberland Pool", "Strahler Stream Order": 6, "long_name": null, "short_name": null }, "geometry": { "type": "LineString", "coordinates": [ [ -3.105, 57.635 ], [ -3.1, 57.637 ] ] } },
{ "type": "Feature", "properties": { "name1": "River Nith", "name2": "Hell's Cauldron", "Strahler Stream Order": 4, "long_name": null, "short_name": null }, "geometry": { "type": "LineString", "coordinates": [ [ -3.796, 55.313 ], [ -3.797, 55.313 ] ] } },
{ "type": "Feature", "properties": { "name1": "River Conon", "name2": "Gillanders Pool", "Strahler Stream Order": 5, "long_name": null, "short_name": null }, "geometry": { "type": "LineString", "coordinates": [ [ -4.598, 57.554 ], [ -4.595, 57.554 ] ] } },
{ "type": "Feature", "properties": { "name1": "Sandyhill Pool", "name2": "River Spey", "Strahler Stream Order": 6, "long_name": null, "short_name": null }, "geometry": { "type": "LineString", "coordinates": [ [ -3.188, 57.527 ], [ -3.189, 57.53 ] ] } },
{ "type": "Feature", "properties": { "name1": " ", "name2": " ", "Strahler Stream Order": 4, "long_name": null, "short_name": null }, "geometry": { "type": "MultiLineString", "coordinates": [ [ [ -7.362, 57.157 ], [ -7.356, 57.154 ] ], [ [ -7.341, 57.152 ], [ -7.313, 57.148 ], [ -7.282, 57.146 ] ] ] } },
{ "type": "Feature", "properties": { "name1": "Worthington's Flash", "name2": "Wincham Brook", "Strahler Stream Order": 4, "long_name": null, "short_name": null }, "geometry": { "type": "LineString", "coordinates": [ ] } },
{ "type": "Feature", "properties": { "name1": "Poll na Fiaraich", "name2": "Gruinard River", "Strahler Stream Order": 4, "long_name": null, "short_name": null }, "geometry": { "type": "LineString", "coordinates": [ [ -5.404, 57.842 ], [ -5.408, 57.842 ] ] } },
{ "type": "Feature", "properties": { "name1": "Kinnel Water", "name2": " ", "Strahler Stream Order": 4, "long_name": null, "short_name": null }, "geometry": { "type": "MultiLineString", "coordinates": [ [ [ -3.47, 55.239 ], [ -3.465, 55.227 ] ], [ [ -3.467, 55.209 ], [ -3.48, 55.194 ], [ -3.466, 55.185 ] ], [ [ -3.465, 55.215 ], [ -3.467, 55.209 ] ], [ [ -3.465, 55.217 ], [ -3.466, 55.215 ] ], [ [ -3.466, 55.227 ], [ -3.465, 55.218 ] ], [ [ -3.463, 55.183 ], [ -3.461, 55.175 ], [ -3.443, 55.16 ], [ -3.445, 55.149 ], [ -3.433, 55.147 ], [ -3.415, 55.139 ] ] ] } },
{ "type": "Feature", "properties": { "name1": "River Thurso", "name2": "Buckies Pool", "Strahler Stream Order": 5, "long_name": null, "short_name": null }, "geometry": { "type": "LineString", "coordinates": [ [ -3.515, 58.558 ], [ -3.518, 58.558 ] ] } },
{ "type": "Feature", "properties": { "name1": "Abhainn Lacasaidh", "name2": "River Laxay", "Strahler Stream Order": 4, "long_name": null, "short_name": null }, "geometry": { "type": "MultiLineString", "coordinates": [ [ [ -6.604, 58.119 ], [ -6.586, 58.121 ], [ -6.574, 58.111 ], [ -6.554, 58.102 ] ], [ [ -6.552, 58.102 ], [ -6.541, 58.099 ] ] ] } },
{ "type": "Feature", "properties": { "name1": "River Scaddle", "name2": " ", "Strahler Stream Order": 4, "long_name": null, "short_name": null }, "geometry": { "type": "LineString", "coordinates": [ [ -5.255, 56.771 ], [ -5.242, 56.765 ], [ -5.221, 56.763 ] ] } },
{ "type": "Feature", "properties": { "name1": "Afon Dysynni", "name2": " ", "Strahler Stream Order": 4, "long_name": null, "short_name": null }, "geometry": { "type": "LineString", "coordinates": [ [ -3.987, 52.656 ], [ -4.003, 52.648 ], [ -4.021, 52.643 ], [ -4.044, 52.626 ], [ -4.056, 52.626 ], [ -4.069, 52.617 ], [ -4.075, 52.608 ] ] } },
{ "type": "Feature", "properties": { "name1": "River Carron", "name2": "Poll Mòrail", "Strahler Stream Order": 4, "long_name": null, "short_name": null }, "geometry": { "type": "LineString", "coordinates": [ [ -4.509, 57.898 ], [ -4.505, 57.898 ] ] } },
{ "type": "Feature", "properties": { "name1": "River of Wester", "name2": " ", "Strahler Stream Order": 5, "long_name": null, "short_name": null }, "geometry": { "type": "LineString", "coordinates": [ [ -3.153, 58.514 ], [ -3.146, 58.506 ], [ -3.13, 58.501 ] ] } },
{ "type": "Feature", "properties": { "name1": "River Dovey", "name2": "Afon Dyfi", "Strahler Stream Order": 4, "long_name": null, "short_name": null }, "geometry": { "type": "LineString", "coordinates": [ [ -3.677, 52.727 ], [ -3.691, 52.719 ], [ -3.692, 52.695 ], [ -3.704, 52.682 ], [ -3.701, 52.678 ], [ -3.714, 52.665 ], [ -3.71, 52.66 ], [ -3.717, 52.641 ], [ -3.729, 52.634 ], [ -3.742, 52.633 ], [ -3.789, 52.611 ], [ -3.808, 52.608 ], [ -3.837, 52.599 ], [ -3.86, 52.6 ], [ -3.876, 52.583 ], [ -3.893, 52.577 ], [ -3.909, 52.577 ], [ -3.922, 52.571 ], [ -3.926, 52.558 ], [ -3.964, 52.559 ], [ -3.991, 52.55 ], [ -4.007, 52.548 ], [ -4.015, 52.539 ], [ -4.025, 52.537 ], [ -4.036, 52.542 ], [ -4.051, 52.54 ] ] } },
{ "type": "Feature", "properties": { "name1": "Rotche Hole", "name2": "River Annan", "Strahler Stream Order": 5, "long_name": null, "short_name": null }, "geometry": { "type": "LineString", "coordinates": [ [ -3.366, 55.06 ], [ -3.364, 55.059 ] ] } },
{ "type": "Feature", "properties": { "name1": "Abhainn Ghaig", "name2": " ", "Strahler Stream Order": 4, "long_name": null, "short_name": null }, "geometry": { "type": "LineString", "coordinates": [ [ -4.047, 56.933 ], [ -4.05, 56.945 ] ] } },
{ "type": "Feature", "properties": { "name1": "River Tweed", "name2": "Bogle Pool", "Strahler Stream Order": 5, "long_name": null, "short_name": null }, "geometry": { "type": "LineString", "coordinates": [ [ -2.867, 55.595 ], [ -2.868, 55.593 ] ] } },
{ "type": "Feature", "properties": { "name1": "River Carron", "name2": "Poll Ur", "Strahler Stream Order": 4, "long_name": null, "short_name": null }, "geometry": { "type": "LineString", "coordinates": [ [ -5.403, 57.442 ], [ -5.409, 57.441 ] ] } },
{ "type": "Feature", "properties": { "name1": "River Don", "name2": "Fae-me-well Pot", "Strahler Stream Order": 5, "long_name": null, "short_name": null }, "geometry": { "type": "LineString", "coordinates": [ [ -2.206, 57.231 ], [ -2.204, 57.23 ] ] } },
{ "type": "Feature", "properties": { "name1": "River Spey", "name2": "Dummie Pool", "Strahler Stream Order": 5, "long_name": null, "short_name": null }, "geometry": { "type": "LineString", "coordinates": [ [ -3.46, 57.401 ], [ -3.455, 57.402 ] ] } },
{ "type": "Feature", "properties": { "name1": "River Livet", "name2": " ", "Strahler Stream Order": 4, "long_name": null, "short_name": null }, "geometry": { "type": "LineString", "coordinates": [ [ -3.3, 57.312 ], [ -3.324, 57.337 ], [ -3.335, 57.353 ], [ -3.349, 57.353 ], [ -3.361, 57.359 ] ] } },
{ "type": "Feature", "properties": { "name1": "St John's Pool", "name2": "River Findhorn", "Strahler Stream Order": 5, "long_name": null, "short_name": null }, "geometry": { "type": "LineString", "coordinates": [ [ -3.65, 57.578 ], [ -3.654, 57.581 ] ] } },
{ "type": "Feature", "properties": { "name1": "Gryfe Water", "name2": " ", "Strahler Stream Order": 4, "long_name": null, "short_name": null }, "geometry": { "type": "MultiLineString", "coordinates": [ [ [ -4.771, 55.904 ], [ -4.769, 55.908 ] ], [ [ -4.726, 55.908 ], [ -4.704, 55.901 ], [ -4.692, 55.905 ], [ -4.682, 55.9 ], [ -4.668, 55.901 ], [ -4.631, 55.887 ], [ -4.631, 55.879 ] ] ] } },
{ "type": "Feature", "properties": { "name1": "Llyn yr Hen-bont", "name2": "Afon Glaslyn", "Strahler Stream Order": 4, "long_name": null, "short_name": null }, "geometry": { "type": "LineString", "coordinates": [ [ -4.097, 53.0 ], [ -4.095, 52.994 ] ] } },
{ "type": "Feature", "properties": { "name1": "River Goil", "name2": " ", "Strahler Stream Order": 4, "long_name": null, "short_name": null }, "geometry": { "type": "LineString", "coordinates": [ [ -4.9, 56.176 ], [ -4.906, 56.169 ] ] } },
{ "type": "Feature", "properties": { "name1": "Wall Pool", "name2": "River Conon", "Strahler Stream Order": 5, "long_name": null, "short_name": null }, "geometry": { "type": "LineString", "coordinates": [ [ -4.461, 57.549 ], [ -4.458, 57.551 ] ] } },
{ "type": "Feature", "properties": { "name1": "River Tweed", "name2": "Deadwater Pool", "Strahler Stream Order": 6, "long_name": null, "short_name": null }, "geometry": { "type": "LineString", "coordinates": [ [ -2.784, 55.601 ], [ -2.78, 55.603 ] ] } },
{ "type": "Feature", "properties": { "name1": "River Deveron", "name2": "Miaggie Pot", "Strahler Stream Order": 5, "long_name": null, "short_name": null }, "geometry": { "type": "LineString", "coordinates": [ [ -2.553, 57.53 ], [ -2.551, 57.53 ] ] } },
{ "type": "Feature", "properties": { "name1": " ", "name2": " ", "Strahler Stream Order": 4, "long_name": null, "short_name": null }, "geometry": { "type": "MultiLineString", "coordinates": [ [ [ -4.095, 52.994 ], [ -4.096, 52.993 ] ], [ [ -4.09, 52.881 ], [ -4.083, 52.9 ] ], [ [ -3.922, 52.896 ], [ -3.934, 52.899 ], [ -3.951, 52.916 ], [ -3.973, 52.921 ] ] ] } },
{ "type": "Feature", "properties": { "name1": "Abhainn Bad a' Chròtha", "name2": " ", "Strahler Stream Order": 4, "long_name": null, "short_name": null }, "geometry": { "type": "LineString", "coordinates": [ [ -5.718, 57.693 ], [ -5.722, 57.697 ] ] } },
{ "type": "Feature", "properties": { "name1": "River Spey", "name2": "Deleigh Pool", "Strahler Stream Order": 5, "long_name": null, "short_name": null }, "geometry": { "type": "LineString", "coordinates": [ [ -3.441, 57.399 ], [ -3.437, 57.4 ] ] } },
{ "type": "Feature", "properties": { "name1": "Afon Rhondda", "name2": "Rhondda River", "Strahler Stream Order": 4, "long_name": null, "short_name": null }, "geometry": { "type": "MultiLineString", "coordinates": [ [ [ -3.551, 51.68 ], [ -3.499, 51.657 ], [ -3.485, 51.645 ], [ -3.474, 51.646 ], [ -3.461, 51.641 ] ], [ [ -3.46, 51.641 ], [ -3.451, 51.639 ], [ -3.455, 51.626 ], [ -3.445, 51.617 ], [ -3.412, 51.615 ], [ -3.405, 51.609 ], [ -3.386, 51.612 ], [ -3.37, 51.61 ], [ -3.34, 51.6 ] ] ] } },
{ "type": "Feature", "properties": { "name1": "River Arkaig", "name2": " ", "Strahler Stream Order": 4, "long_name": null, "short_name": null }, "geometry": { "type": "MultiLineString", "coordinates": [ [ [ -5.009, 56.952 ], [ -4.992, 56.947 ] ], [ [ -4.991, 56.947 ], [ -4.982, 56.941 ] ] ] } },
{ "type": "Feature", "properties": { "name1": "Afon Syfni", "name2": " ", "Strahler Stream Order": 4, "long_name": null, "short_name": null }, "geometry": { "type": "LineString", "coordinates": [ [ -4.8, 51.844 ], [ -4.79, 51.846 ], [ -4.782, 51.841 ] ] } },
{ "type": "Feature", "properties": { "name1": "River Don", "name2": "Laidner Pot", "Strahler Stream Order": 4, "long_name": null, "short_name": null }, "geometry": { "type": "LineString", "coordinates": [ [ -2.84, 57.254 ], [ -2.837, 57.251 ] ] } },
{ "type": "Feature", "properties": { "name1": "River Foyers", "name2": " ", "Strahler Stream Order": 4, "long_name": null, "short_name": null }, "geometry": { "type": "LineString", "coordinates": [ [ -4.497, 57.225 ], [ -4.499, 57.231 ], [ -4.488, 57.245 ], [ -4.503, 57.263 ] ] } },
{ "type": "Feature", "properties": { "name1": "Dalbeattie Burn", "name2": " ", "Strahler Stream Order": 4, "long_name": null, "short_name": null }, "geometry": { "type": "LineString", "coordinates": [ [ -3.806, 54.933 ], [ -3.82, 54.936 ], [ -3.826, 54.924 ] ] } },
{ "type": "Feature", "properties": { "name1": "River Avon", "name2": " ", "Strahler Stream Order": 4, "long_name": null, "short_name": null }, "geometry": { "type": "MultiLineString", "coordinates": [ [ [ -3.535, 57.117 ], [ -3.529, 57.127 ], [ -3.51, 57.142 ], [ -3.489, 57.136 ], [ -3.463, 57.14 ], [ -3.446, 57.135 ], [ -3.401, 57.145 ], [ -3.391, 57.144 ], [ -3.358, 57.152 ], [ -3.389, 57.176 ], [ -3.384, 57.187 ], [ -3.393, 57.201 ], [ -3.387, 57.214 ], [ -3.379, 57.221 ], [ -3.38, 57.23 ], [ -3.392, 57.242 ] ], [ [ -3.393, 57.248 ], [ -3.395, 57.256 ], [ -3.41, 57.257 ], [ -3.408, 57.269 ], [ -3.424, 57.282 ], [ -3.417, 57.293 ], [ -3.425, 57.295 ], [ -3.425, 57.307 ], [ -3.411, 57.314 ], [ -3.403, 57.324 ] ], [ [ -3.398, 57.332 ], [ -3.375, 57.346 ], [ -3.364, 57.347 ], [ -3.36, 57.363 ] ], [ [ -3.375, 57.414 ], [ -3.379, 57.417 ] ], [ [ -3.361, 57.406 ], [ -3.372, 57.41 ] ], [ [ -3.348, 57.387 ], [ -3.348, 57.395 ], [ -3.361, 57.404 ] ], [ [ -3.361, 57.373 ], [ -3.359, 57.375 ] ], [ [ -3.356, 57.376 ], [ -3.35, 57.386 ] ] ] } },
{ "type": "Feature", "properties": { "name1": "River Esk", "name2": "Little Moat Pool", "Strahler Stream Order": 4, "long_name": null, "short_name": null }, "geometry": { "type": "LineString", "coordinates": [ [ -2.953, 55.077 ], [ -2.95, 55.076 ] ] } },
{ "type": "Feature", "properties": { "name1": "Afon Glaslyn", "name2": " ", "Strahler Stream Order": 5, "long_name": null, "short_name": null }, "geometry": { "type": "MultiLineString", "coordinates": [ [ [ -4.096, 52.993 ], [ -4.09, 52.986 ], [ -4.101, 52.957 ], [ -4.088, 52.949 ], [ -4.098, 52.945 ], [ -4.089, 52.938 ], [ -4.108, 52.924 ], [ -4.127, 52.926 ], [ -4.132, 52.915 ], [ -4.141, 52.91 ] ], [ [ -4.101, 53.012 ], [ -4.097, 53.0 ] ], [ [ -4.095, 52.994 ], [ -4.094, 52.994 ] ] ] } },
{ "type": "Feature", "properties": { "name1": " ", "name2": " ", "Strahler Stream Order": 4, "long_name": null, "short_name": null }, "geometry": { "type": "MultiLineString", "coordinates": [ [ [ -4.687, 52.099 ], [ -4.688, 52.101 ] ], [ [ -4.39, 52.037 ], [ -4.391, 52.037 ] ] ] } },
{ "type": "Feature", "properties": { "name1": "Upper Tormsdale Pool", "name2": "River Thurso", "Strahler Stream Order": 5, "long_name": null, "short_name": null }, "geometry": { "type": "LineString", "coordinates": [ [ -3.474, 58.435 ], [ -3.475, 58.437 ] ] } },
{ "type": "Feature", "properties": { "name1": "River Spey", "name2": "Dellagyle Pool", "Strahler Stream Order": 6, "long_name": null, "short_name": null }, "geometry": { "type": "LineString", "coordinates": [ [ -3.263, 57.468 ], [ -3.258, 57.469 ] ] } },
{ "type": "Feature", "properties": { "name1": "Water of Ken", "name2": "Boat Weil", "Strahler Stream Order": 5, "long_name": null, "short_name": null }, "geometry": { "type": "LineString", "coordinates": [ [ -4.168, 55.107 ], [ -4.169, 55.106 ] ] } },
{ "type": "Feature", "properties": { "name1": " ", "name2": " ", "Strahler Stream Order": 4, "long_name": null, "short_name": null }, "geometry": { "type": "LineString", "coordinates": [ [ -4.069, 52.846 ], [ -4.065, 52.834 ] ] } },
{ "type": "Feature", "properties": { "name1": " ", "name2": " ", "Strahler Stream Order": 4, "long_name": null, "short_name": null }, "geometry": { "type": "MultiLineString", "coordinates": [ [ [ -3.898, 52.393 ], [ -3.92, 52.398 ] ], [ [ -3.843, 52.432 ], [ -3.846, 52.423 ] ], [ [ -3.836, 52.465 ], [ -3.837, 52.459 ] ] ] } },
{ "type": "Feature", "properties": { "name1": "Strath Burn", "name2": "Poll Mhic Fhionnlaidh", "Strahler Stream Order": 4, "long_name": null, "short_name": null }, "geometry": { "type": "LineString", "coordinates": [ [ -3.314, 58.422 ], [ -3.311, 58.423 ] ] } },
{ "type": "Feature", "properties": { "name1": " ", "name2": " ", "Strahler Stream Order": 4, "long_name": null, "short_name": null }, "geometry": { "type": "MultiLineString", "coordinates": [ [ [ -3.619, 51.745 ], [ -3.622, 51.743 ] ], [ [ -3.61, 51.748 ], [ -3.611, 51.748 ] ] ] } },
{ "type": "Feature", "properties": { "name1": "River Don", "name2": "Cleik-him-in Pot", "Strahler Stream Order": 4, "long_name": null, "short_name": null }, "geometry": { "type": "LineString", "coordinates": [ [ -2.873, 57.235 ], [ -2.876, 57.235 ] ] } },
{ "type": "Feature", "properties": { "name1": "River Carron", "name2": "Poll na h-Uamhaidh", "Strahler Stream Order": 4, "long_name": null, "short_name": null }, "geometry": { "type": "LineString", "coordinates": [ [ -4.564, 57.884 ], [ -4.558, 57.886 ] ] } },
{ "type": "Feature", "properties": { "name1": "The Slap", "name2": "River Tweed", "Strahler Stream Order": 6, "long_name": null, "short_name": null }, "geometry": { "type": "LineString", "coordinates": [ [ -2.478, 55.595 ], [ -2.465, 55.594 ] ] } },
{ "type": "Feature", "properties": { "name1": " ", "name2": " ", "Strahler Stream Order": 4, "long_name": null, "short_name": null }, "geometry": { "type": "MultiLineString", "coordinates": [ [ [ -4.966, 51.879 ], [ -4.963, 51.876 ] ], [ [ -4.943, 51.768 ], [ -4.916, 51.773 ], [ -4.893, 51.767 ] ] ] } },
{ "type": "Feature", "properties": { "name1": "River Annan", "name2": "Clinty Pool", "Strahler Stream Order": 4, "long_name": null, "short_name": null }, "geometry": { "type": "LineString", "coordinates": [ [ -3.417, 55.206 ], [ -3.419, 55.205 ] ] } },
{ "type": "Feature", "properties": { "name1": "River Hope", "name2": " ", "Strahler Stream Order": 4, "long_name": null, "short_name": null }, "geometry": { "type": "LineString", "coordinates": [ [ -4.623, 58.503 ], [ -4.614, 58.521 ] ] } },
{ "type": "Feature", "properties": { "name1": " ", "name2": " ", "Strahler Stream Order": 4, "long_name": null, "short_name": null }, "geometry": { "type": "LineString", "coordinates": [ ] } },
{ "type": "Feature", "properties": { "name1": "River Laggan", "name2": " ", "Strahler Stream Order": 4, "long_name": null, "short_name": null }, "geometry": { "type": "LineString", "coordinates": [ [ -6.308, 55.717 ], [ -6.312, 55.715 ] ] } },
{ "type": "Feature", "properties": { "name1": "Loch Dochart", "name2": " ", "Strahler Stream Order": 4, "long_name": null, "short_name": null }, "geometry": { "type": "LineString", "coordinates": [ [ -4.59, 56.395 ], [ -4.587, 56.397 ] ] } },
{ "type": "Feature", "properties": { "name1": "River Tweed", "name2": "Backbrae Stream", "Strahler Stream Order": 6, "long_name": null, "short_name": null }, "geometry": { "type": "LineString", "coordinates": [ [ -2.619, 55.577 ], [ -2.622, 55.575 ] ] } },
{ "type": "Feature", "properties": { "name1": "River Spey", "name2": "Craig an Fhithich Pool", "Strahler Stream Order": 6, "long_name": null, "short_name": null }, "geometry": { "type": "LineString", "coordinates": [ [ -3.34, 57.451 ], [ -3.339, 57.451 ] ] } },
{ "type": "Feature", "properties": { "name1": "River Deveron", "name2": "Cat Loup", "Strahler Stream Order": 4, "long_name": null, "short_name": null }, "geometry": { "type": "LineString", "coordinates": [ [ -2.961, 57.418 ], [ -2.961, 57.419 ] ] } },
{ "type": "Feature", "properties": { "name1": "River Nairn", "name2": "Poll an Fhraoich", "Strahler Stream Order": 4, "long_name": null, "short_name": null }, "geometry": { "type": "LineString", "coordinates": [ [ -4.122, 57.428 ], [ -4.116, 57.431 ] ] } },
{ "type": "Feature", "properties": { "name1": "River Ythan", "name2": "Crook a' Peel", "Strahler Stream Order": 4, "long_name": null, "short_name": null }, "geometry": { "type": "LineString", "coordinates": [ [ -2.281, 57.444 ], [ -2.279, 57.444 ] ] } },
{ "type": "Feature", "properties": { "name1": "River Inver", "name2": "Lochan an Iasgaich", "Strahler Stream Order": 4, "long_name": null, "short_name": null }, "geometry": { "type": "LineString", "coordinates": [ [ -5.142, 58.175 ], [ -5.147, 58.172 ] ] } },
{ "type": "Feature", "properties": { "name1": "Water of Milk", "name2": "Rumble Pool", "Strahler Stream Order": 4, "long_name": null, "short_name": null }, "geometry": { "type": "LineString", "coordinates": [ [ -3.32, 55.115 ], [ -3.321, 55.114 ] ] } },
{ "type": "Feature", "properties": { "name1": "The York Cascade", "name2": "River Tilt", "Strahler Stream Order": 4, "long_name": null, "short_name": null }, "geometry": { "type": "LineString", "coordinates": [ [ -3.841, 56.776 ], [ -3.843, 56.773 ] ] } },
{ "type": "Feature", "properties": { "name1": "Afon Cleifion", "name2": " ", "Strahler Stream Order": 4, "long_name": null, "short_name": null }, "geometry": { "type": "LineString", "coordinates": [ [ -3.644, 52.696 ], [ -3.654, 52.696 ], [ -3.669, 52.704 ], [ -3.692, 52.699 ] ] } },
{ "type": "Feature", "properties": { "name1": "Terrace", "name2": "Black Water", "Strahler Stream Order": 4, "long_name": null, "short_name": null }, "geometry": { "type": "LineString", "coordinates": [ [ -4.067, 58.11 ], [ -4.063, 58.108 ] ] } },
{ "type": "Feature", "properties": { "name1": "River Cree", "name2": "Loch of Cree", "Strahler Stream Order": 4, "long_name": null, "short_name": null }, "geometry": { "type": "LineString", "coordinates": [ [ -4.57, 55.035 ], [ -4.535, 55.006 ] ] } },
{ "type": "Feature", "properties": { "name1": "River Tweed", "name2": "Old Shiel Pool", "Strahler Stream Order": 4, "long_name": null, "short_name": null }, "geometry": { "type": "LineString", "coordinates": [ [ -3.36, 55.607 ], [ -3.355, 55.607 ] ] } },
{ "type": "Feature", "properties": { "name1": "River Spey", "name2": "Invermashie Pool", "Strahler Stream Order": 4, "long_name": null, "short_name": null }, "geometry": { "type": "LineString", "coordinates": [ [ -4.307, 57.013 ], [ -4.304, 57.013 ] ] } },
{ "type": "Feature", "properties": { "name1": "Shee Water", "name2": " ", "Strahler Stream Order": 4, "long_name": null, "short_name": null }, "geometry": { "type": "LineString", "coordinates": [ [ -3.486, 56.822 ], [ -3.457, 56.812 ], [ -3.445, 56.811 ], [ -3.426, 56.798 ], [ -3.418, 56.785 ], [ -3.403, 56.777 ], [ -3.396, 56.748 ] ] } },
{ "type": "Feature", "properties": { "name1": "Glascarnoch River", "name2": " ", "Strahler Stream Order": 4, "long_name": null, "short_name": null }, "geometry": { "type": "LineString", "coordinates": [ [ -4.777, 57.696 ], [ -4.759, 57.692 ], [ -4.733, 57.698 ] ] } },
{ "type": "Feature", "properties": { "name1": " ", "name2": " ", "Strahler Stream Order": 4, "long_name": null, "short_name": null }, "geometry": { "type": "MultiLineString", "coordinates": [ [ [ -3.605, 51.482 ], [ -3.612, 51.481 ] ], [ [ -3.605, 51.486 ], [ -3.606, 51.486 ] ], [ [ -3.6, 51.486 ], [ -3.603, 51.486 ] ], [ [ -3.599, 51.487 ], [ -3.599, 51.486 ] ], [ [ -3.596, 51.489 ], [ -3.597, 51.488 ] ], [ [ -3.594, 51.497 ], [ -3.596, 51.496 ] ], [ [ -3.587, 51.502 ], [ -3.591, 51.499 ] ] ] } },
{ "type": "Feature", "properties": { "name1": "River Tweed", "name2": "Dooflats Pool", "Strahler Stream Order": 4, "long_name": null, "short_name": null }, "geometry": { "type": "LineString", "coordinates": [ [ -3.395, 55.583 ], [ -3.394, 55.584 ] ] } },
{ "type": "Feature", "properties": { "name1": " ", "name2": " ", "Strahler Stream Order": 5, "long_name": null, "short_name": null }, "geometry": { "type": "LineString", "coordinates": [ [ -3.796, 53.074 ], [ -3.797, 53.078 ] ] } },
{ "type": "Feature", "properties": { "name1": "Willows Pool", "name2": "River Spey", "Strahler Stream Order": 6, "long_name": null, "short_name": null }, "geometry": { "type": "LineString", "coordinates": [ [ -3.139, 57.552 ], [ -3.142, 57.559 ] ] } },
{ "type": "Feature", "properties": { "name1": "River Spey", "name2": "Cailloch Pool", "Strahler Stream Order": 5, "long_name": null, "short_name": null }, "geometry": { "type": "LineString", "coordinates": [ [ -3.469, 57.378 ], [ -3.47, 57.38 ] ] } },
{ "type": "Feature", "properties": { "name1": " ", "name2": " ", "Strahler Stream Order": 4, "long_name": null, "short_name": null }, "geometry": { "type": "MultiLineString", "coordinates": [ [ [ -3.962, 55.376 ], [ -3.958, 55.376 ] ], [ [ -3.812, 55.226 ], [ -3.811, 55.227 ] ], [ [ -3.808, 55.161 ], [ -3.807, 55.161 ] ], [ [ -3.796, 55.308 ], [ -3.797, 55.306 ] ], [ [ -3.778, 55.247 ], [ -3.777, 55.246 ] ], [ [ -3.747, 55.186 ], [ -3.745, 55.184 ] ], [ [ -3.727, 55.176 ], [ -3.725, 55.176 ] ], [ [ -3.617, 55.085 ], [ -3.617, 55.082 ] ], [ [ -3.602, 55.085 ], [ -3.608, 55.084 ] ] ] } },
{ "type": "Feature", "properties": { "name1": "Woodhead Pool", "name2": "Todle Pool", "Strahler Stream Order": 5, "long_name": null, "short_name": null }, "geometry": { "type": "LineString", "coordinates": [ [ -3.384, 55.071 ], [ -3.381, 55.069 ] ] } },
{ "type": "Feature", "properties": { "name1": " ", "name2": " ", "Strahler Stream Order": 4, "long_name": null, "short_name": null }, "geometry": { "type": "MultiLineString", "coordinates": [ [ [ -3.841, 54.93 ], [ -3.841, 54.929 ] ], [ [ -3.828, 54.924 ], [ -3.827, 54.924 ] ] ] } },
{ "type": "Feature", "properties": { "name1": "Sand Hole", "name2": "River Dee", "Strahler Stream Order": 5, "long_name": null, "short_name": null }, "geometry": { "type": "LineString", "coordinates": [ [ -3.242, 57.036 ], [ -3.239, 57.039 ] ] } },
{ "type": "Feature", "properties": { "name1": " ", "name2": " ", "Strahler Stream Order": 4, "long_name": null, "short_name": null }, "geometry": { "type": "LineString", "coordinates": [ [ -3.435, 54.992 ], [ -3.434, 54.991 ] ] } },
{ "type": "Feature", "properties": { "name1": "River Thurso", "name2": "Cruives Pool", "Strahler Stream Order": 4, "long_name": null, "short_name": null }, "geometry": { "type": "LineString", "coordinates": [ [ -3.482, 58.42 ], [ -3.474, 58.421 ] ] } },
{ "type": "Feature", "properties": { "name1": "River Carron", "name2": "Muin Bheag", "Strahler Stream Order": 4, "long_name": null, "short_name": null }, "geometry": { "type": "LineString", "coordinates": [ [ -4.482, 57.895 ], [ -4.481, 57.892 ] ] } },
{ "type": "Feature", "properties": { "name1": "River Teviot", "name2": "Devil's Cauld", "Strahler Stream Order": 5, "long_name": null, "short_name": null }, "geometry": { "type": "LineString", "coordinates": [ [ -2.499, 55.523 ], [ -2.497, 55.525 ] ] } },
{ "type": "Feature", "properties": { "name1": " ", "name2": " ", "Strahler Stream Order": 4, "long_name": null, "short_name": null }, "geometry": { "type": "MultiLineString", "coordinates": [ [ [ -4.083, 51.662 ], [ -4.093, 51.656 ], [ -4.104, 51.657 ] ], [ [ -4.064, 51.693 ], [ -4.069, 51.686 ] ] ] } },
{ "type": "Feature", "properties": { "name1": "River Thurso", "name2": "Aimster Pool", "Strahler Stream Order": 5, "long_name": null, "short_name": null }, "geometry": { "type": "LineString", "coordinates": [ [ -3.508, 58.552 ], [ -3.508, 58.555 ] ] } },
{ "type": "Feature", "properties": { "name1": "River Strae", "name2": " ", "Strahler Stream Order": 4, "long_name": null, "short_name": null }, "geometry": { "type": "LineString", "coordinates": [ [ -4.989, 56.434 ], [ -5.019, 56.41 ] ] } },
{ "type": "Feature", "properties": { "name1": "Black Water", "name2": " ", "Strahler Stream Order": 4, "long_name": null, "short_name": null }, "geometry": { "type": "MultiLineString", "coordinates": [ [ [ -4.089, 58.113 ], [ -4.088, 58.114 ] ], [ [ -4.074, 58.112 ], [ -4.067, 58.11 ] ], [ [ -4.063, 58.108 ], [ -4.051, 58.102 ], [ -4.034, 58.078 ], [ -4.024, 58.072 ] ] ] } },
{ "type": "Feature", "properties": { "name1": "Suileag an Taillir", "name2": "River Carron", "Strahler Stream Order": 4, "long_name": null, "short_name": null }, "geometry": { "type": "LineString", "coordinates": [ [ -4.379, 57.889 ], [ -4.377, 57.89 ] ] } },
{ "type": "Feature", "properties": { "name1": "River Teviot", "name2": "Cauld Head", "Strahler Stream Order": 5, "long_name": null, "short_name": null }, "geometry": { "type": "LineString", "coordinates": [ [ -2.636, 55.486 ], [ -2.634, 55.487 ] ] } },
{ "type": "Feature", "properties": { "name1": " ", "name2": " ", "Strahler Stream Order": 4, "long_name": null, "short_name": null }, "geometry": { "type": "MultiLineString", "coordinates": [ [ [ -4.282, 53.144 ], [ -4.329, 53.125 ] ], [ [ -4.163, 53.141 ], [ -4.163, 53.142 ] ], [ [ -4.143, 53.067 ], [ -4.163, 53.078 ] ], [ [ -4.118, 53.121 ], [ -4.155, 53.139 ] ] ] } },
{ "type": "Feature", "properties": { "name1": " ", "name2": " ", "Strahler Stream Order": 4, "long_name": null, "short_name": null }, "geometry": { "type": "LineString", "coordinates": [ [ -4.199, 53.214 ], [ -4.176, 53.22 ], [ -4.163, 53.22 ], [ -4.14, 53.237 ], [ -4.118, 53.247 ], [ -4.1, 53.252 ], [ -4.075, 53.267 ], [ -4.075, 53.274 ], [ -4.066, 53.282 ] ] } },
{ "type": "Feature", "properties": { "name1": "Daugleddau", "name2": "Beggars Reach", "Strahler Stream Order": 5, "long_name": null, "short_name": null }, "geometry": { "type": "LineString", "coordinates": [ [ -4.899, 51.744 ], [ -4.9, 51.739 ], [ -4.885, 51.733 ] ] } },
{ "type": "Feature", "properties": { "name1": " ", "name2": " ", "Strahler Stream Order": 4, "long_name": null, "short_name": null }, "geometry": { "type": "MultiLineString", "coordinates": [ [ [ -4.097, 52.607 ], [ -4.098, 52.607 ] ], [ [ -4.074, 52.602 ], [ -4.077, 52.602 ] ] ] } },
{ "type": "Feature", "properties": { "name1": " ", "name2": " ", "Strahler Stream Order": 5, "long_name": null, "short_name": null }, "geometry": { "type": "LineString", "coordinates": [ [ -4.021, 52.719 ], [ -4.043, 52.719 ] ] } },
{ "type": "Feature", "properties": { "name1": "River Nith", "name2": "Milestone Pool", "Strahler Stream Order": 4, "long_name": null, "short_name": null }, "geometry": { "type": "LineString", "coordinates": [ [ -3.797, 55.306 ], [ -3.798, 55.302 ] ] } },
{ "type": "Feature", "properties": { "name1": "The Cherry", "name2": "River Ness", "Strahler Stream Order": 5, "long_name": null, "short_name": null }, "geometry": { "type": "LineString", "coordinates": [ [ -4.231, 57.486 ], [ -4.236, 57.496 ] ] } },
{ "type": "Feature", "properties": { "name1": "River Thurso", "name2": "Fence Pools", "Strahler Stream Order": 5, "long_name": null, "short_name": null }, "geometry": { "type": "LineString", "coordinates": [ [ -3.52, 58.559 ], [ -3.521, 58.561 ] ] } },
{ "type": "Feature", "properties": { "name1": "River Spey", "name2": "Poll na Gaibhre", "Strahler Stream Order": 5, "long_name": null, "short_name": null }, "geometry": { "type": "LineString", "coordinates": [ [ -3.384, 57.414 ], [ -3.379, 57.416 ] ] } },
{ "type": "Feature", "properties": { "name1": "The Kirns", "name2": "River Deveron", "Strahler Stream Order": 5, "long_name": null, "short_name": null }, "geometry": { "type": "LineString", "coordinates": [ [ -2.484, 57.539 ], [ -2.481, 57.54 ] ] } },
{ "type": "Feature", "properties": { "name1": "Abhainn a' Ghlinne Ghil", "name2": " ", "Strahler Stream Order": 4, "long_name": null, "short_name": null }, "geometry": { "type": "MultiLineString", "coordinates": [ [ [ -5.75, 56.588 ], [ -5.753, 56.59 ] ], [ [ -5.744, 56.589 ], [ -5.748, 56.586 ] ] ] } },
{ "type": "Feature", "properties": { "name1": "Duisk River", "name2": " ", "Strahler Stream Order": 4, "long_name": null, "short_name": null }, "geometry": { "type": "LineString", "coordinates": [ [ -4.817, 55.135 ], [ -4.832, 55.144 ] ] } },
{ "type": "Feature", "properties": { "name1": "River Deveron", "name2": "Blackbeast Pot", "Strahler Stream Order": 5, "long_name": null, "short_name": null }, "geometry": { "type": "LineString", "coordinates": [ [ -2.558, 57.517 ], [ -2.554, 57.515 ] ] } },
{ "type": "Feature", "properties": { "name1": "River Balvag", "name2": " ", "Strahler Stream Order": 4, "long_name": null, "short_name": null }, "geometry": { "type": "LineString", "coordinates": [ [ -4.369, 56.355 ], [ -4.362, 56.356 ], [ -4.331, 56.349 ], [ -4.327, 56.332 ], [ -4.332, 56.322 ], [ -4.327, 56.307 ] ] } },
{ "type": "Feature", "properties": { "name1": "Cleddau Ddu", "name2": "Eastern Cleddau", "Strahler Stream Order": 4, "long_name": null, "short_name": null }, "geometry": { "type": "LineString", "coordinates": [ [ -4.743, 51.891 ], [ -4.75, 51.885 ], [ -4.758, 51.862 ], [ -4.764, 51.853 ], [ -4.78, 51.845 ], [ -4.779, 51.835 ], [ -4.795, 51.821 ], [ -4.796, 51.803 ], [ -4.808, 51.801 ], [ -4.824, 51.791 ], [ -4.856, 51.788 ], [ -4.87, 51.776 ], [ -4.886, 51.77 ] ] } },
{ "type": "Feature", "properties": { "name1": "River Conon", "name2": "Kettle Pool", "Strahler Stream Order": 5, "long_name": null, "short_name": null }, "geometry": { "type": "LineString", "coordinates": [ [ -4.494, 57.551 ], [ -4.493, 57.55 ] ] } },
{ "type": "Feature", "properties": { "name1": "River Thurso", "name2": "Dalemore Pool", "Strahler Stream Order": 5, "long_name": null, "short_name": null }, "geometry": { "type": "LineString", "coordinates": [ [ -3.461, 58.425 ], [ -3.463, 58.427 ] ] } },
{ "type": "Feature", "properties": { "name1": "River Avon", "name2": "Poll na h-luchrach", "Strahler Stream Order": 5, "long_name": null, "short_name": null }, "geometry": { "type": "MultiLineString", "coordinates": [ [ [ -3.357, 57.37 ], [ -3.361, 57.373 ] ], [ [ -3.36, 57.363 ], [ -3.356, 57.37 ] ] ] } },
{ "type": "Feature", "properties": { "name1": "River Findhorn", "name2": "Pool of Peck", "Strahler Stream Order": 4, "long_name": null, "short_name": null }, "geometry": { "type": "LineString", "coordinates": [ [ -3.674, 57.523 ], [ -3.672, 57.524 ] ] } },
{ "type": "Feature", "properties": { "name1": "Garbh Ghaoir", "name2": " ", "Strahler Stream Order": 4, "long_name": null, "short_name": null }, "geometry": { "type": "LineString", "coordinates": [ [ -4.583, 56.677 ], [ -4.561, 56.675 ], [ -4.547, 56.678 ] ] } },
{ "type": "Feature", "properties": { "name1": "River Coe", "name2": " ", "Strahler Stream Order": 4, "long_name": null, "short_name": null }, "geometry": { "type": "LineString", "coordinates": [ [ -5.07, 56.664 ], [ -5.083, 56.677 ], [ -5.101, 56.685 ] ] } },
{ "type": "Feature", "properties": { "name1": "Jed Water", "name2": "Goose Pool", "Strahler Stream Order": 4, "long_name": null, "short_name": null }, "geometry": { "type": "LineString", "coordinates": [ [ -2.551, 55.48 ], [ -2.552, 55.482 ] ] } },
{ "type": "Feature", "properties": { "name1": "Alltan Dubh", "name2": "Black Water", "Strahler Stream Order": 4, "long_name": null, "short_name": null }, "geometry": { "type": "MultiLineString", "coordinates": [ [ [ -4.733, 57.698 ], [ -4.721, 57.697 ], [ -4.7, 57.687 ], [ -4.677, 57.683 ], [ -4.665, 57.676 ], [ -4.664, 57.669 ], [ -4.675, 57.664 ], [ -4.687, 57.649 ], [ -4.676, 57.635 ], [ -4.696, 57.622 ], [ -4.67, 57.605 ] ], [ [ -4.643, 57.596 ], [ -4.631, 57.596 ] ], [ [ -4.621, 57.597 ], [ -4.601, 57.594 ], [ -4.604, 57.587 ], [ -4.574, 57.562 ], [ -4.548, 57.558 ] ] ] } },
{ "type": "Feature", "properties": { "name1": "Sand Pool", "name2": "River Annan", "Strahler Stream Order": 5, "long_name": null, "short_name": null }, "geometry": { "type": "LineString", "coordinates": [ [ -3.263, 55.015 ], [ -3.262, 55.014 ] ] } },
{ "type": "Feature", "properties": { "name1": "River Deveron", "name2": "Kebboch Pot", "Strahler Stream Order": 5, "long_name": null, "short_name": null }, "geometry": { "type": "LineString", "coordinates": [ [ -2.5, 57.569 ], [ -2.502, 57.57 ] ] } },
{ "type": "Feature", "properties": { "name1": "Ewenny River", "name2": "Afon Ewenni", "Strahler Stream Order": 4, "long_name": null, "short_name": null }, "geometry": { "type": "MultiLineString", "coordinates": [ [ [ -3.612, 51.481 ], [ -3.616, 51.478 ] ], [ [ -3.508, 51.508 ], [ -3.518, 51.502 ], [ -3.541, 51.498 ], [ -3.584, 51.483 ], [ -3.605, 51.482 ] ] ] } },
{ "type": "Feature", "properties": { "name1": "River Teviot", "name2": "Long Pool", "Strahler Stream Order": 5, "long_name": null, "short_name": null }, "geometry": { "type": "LineString", "coordinates": [ [ -2.639, 55.484 ], [ -2.637, 55.485 ] ] } },
{ "type": "Feature", "properties": { "name1": "River Fiddich", "name2": " ", "Strahler Stream Order": 4, "long_name": null, "short_name": null }, "geometry": { "type": "MultiLineString", "coordinates": [ [ [ -3.18, 57.487 ], [ -3.182, 57.494 ] ], [ [ -3.172, 57.487 ], [ -3.179, 57.487 ] ], [ [ -3.116, 57.445 ], [ -3.135, 57.475 ], [ -3.151, 57.489 ], [ -3.159, 57.483 ], [ -3.172, 57.486 ] ] ] } },
{ "type": "Feature", "properties": { "name1": "The Dark Shore", "name2": "South Clippers", "Strahler Stream Order": 6, "long_name": null, "short_name": null }, "geometry": { "type": "LineString", "coordinates": [ [ -2.521, 55.576 ], [ -2.51, 55.58 ] ] } },
{ "type": "Feature", "properties": { "name1": "River Teviot", "name2": "Coble Pool", "Strahler Stream Order": 5, "long_name": null, "short_name": null }, "geometry": { "type": "LineString", "coordinates": [ [ -2.798, 55.423 ], [ -2.795, 55.423 ] ] } },
{ "type": "Feature", "properties": { "name1": "River Urie", "name2": " ", "Strahler Stream Order": 4, "long_name": null, "short_name": null }, "geometry": { "type": "MultiLineString", "coordinates": [ [ [ -2.501, 57.322 ], [ -2.487, 57.319 ], [ -2.47, 57.32 ], [ -2.462, 57.325 ] ], [ [ -2.46, 57.325 ], [ -2.43, 57.315 ], [ -2.433, 57.309 ], [ -2.423, 57.3 ], [ -2.402, 57.3 ], [ -2.379, 57.297 ], [ -2.369, 57.292 ], [ -2.367, 57.278 ], [ -2.361, 57.27 ] ] ] } },
{ "type": "Feature", "properties": { "name1": " ", "name2": " ", "Strahler Stream Order": 4, "long_name": null, "short_name": null }, "geometry": { "type": "MultiLineString", "coordinates": [ [ [ -4.222, 54.851 ], [ -4.225, 54.849 ] ], [ [ -4.193, 54.889 ], [ -4.193, 54.888 ] ], [ [ -4.186, 54.879 ], [ -4.187, 54.879 ] ] ] } },
{ "type": "Feature", "properties": { "name1": "Afon Ystwyth", "name2": " ", "Strahler Stream Order": 4, "long_name": null, "short_name": null }, "geometry": { "type": "LineString", "coordinates": [ [ -4.022, 52.36 ], [ -4.043, 52.359 ], [ -4.072, 52.375 ], [ -4.08, 52.386 ], [ -4.08, 52.394 ], [ -4.09, 52.407 ] ] } },
{ "type": "Feature", "properties": { "name1": "River Esk", "name2": "Glenfirra Pool", "Strahler Stream Order": 4, "long_name": null, "short_name": null }, "geometry": { "type": "LineString", "coordinates": [ [ -2.981, 55.131 ], [ -2.982, 55.13 ] ] } },
{ "type": "Feature", "properties": { "name1": "River Einig", "name2": "Poll Cròm", "Strahler Stream Order": 5, "long_name": null, "short_name": null }, "geometry": { "type": "LineString", "coordinates": [ [ -4.735, 57.96 ], [ -4.726, 57.962 ] ] } },
{ "type": "Feature", "properties": { "name1": "River Garry", "name2": "Ciste Dhubh", "Strahler Stream Order": 5, "long_name": null, "short_name": null }, "geometry": { "type": "LineString", "coordinates": [ [ -4.837, 57.073 ], [ -4.835, 57.072 ] ] } },
{ "type": "Feature", "properties": { "name1": "River Thurso", "name2": "Geise Pool", "Strahler Stream Order": 5, "long_name": null, "short_name": null }, "geometry": { "type": "LineString", "coordinates": [ [ -3.528, 58.575 ], [ -3.525, 58.575 ] ] } },
{ "type": "Feature", "properties": { "name1": "Buckland Burn", "name2": " ", "Strahler Stream Order": 4, "long_name": null, "short_name": null }, "geometry": { "type": "LineString", "coordinates": [ [ -4.015, 54.831 ], [ -4.037, 54.816 ], [ -4.058, 54.814 ], [ -4.075, 54.808 ] ] } },
{ "type": "Feature", "properties": { "name1": "Cairn Water", "name2": " ", "Strahler Stream Order": 4, "long_name": null, "short_name": null }, "geometry": { "type": "MultiLineString", "coordinates": [ [ [ -3.91, 55.191 ], [ -3.899, 55.193 ], [ -3.885, 55.19 ], [ -3.863, 55.19 ], [ -3.859, 55.181 ], [ -3.822, 55.171 ], [ -3.808, 55.161 ] ], [ [ -3.808, 55.161 ], [ -3.806, 55.158 ] ], [ [ -3.804, 55.154 ], [ -3.802, 55.152 ] ], [ [ -3.804, 55.157 ], [ -3.803, 55.155 ] ], [ [ -3.802, 55.151 ], [ -3.793, 55.141 ] ], [ [ -3.795, 55.134 ], [ -3.803, 55.13 ], [ -3.777, 55.11 ], [ -3.764, 55.103 ], [ -3.744, 55.101 ] ], [ [ -3.789, 55.138 ], [ -3.793, 55.134 ] ] ] } },
{ "type": "Feature", "properties": { "name1": "River Averon", "name2": "Poll a' Charachaidh", "Strahler Stream Order": 4, "long_name": null, "short_name": null }, "geometry": { "type": "LineString", "coordinates": [ [ -4.258, 57.693 ], [ -4.256, 57.69 ] ] } },
{ "type": "Feature", "properties": { "name1": "Water of Feugh", "name2": " ", "Strahler Stream Order": 4, "long_name": null, "short_name": null }, "geometry": { "type": "LineString", "coordinates": [ [ -2.549, 57.018 ], [ -2.525, 57.022 ], [ -2.498, 57.036 ], [ -2.492, 57.048 ] ] } },
{ "type": "Feature", "properties": { "name1": "River Spey", "name2": "Otter Hole", "Strahler Stream Order": 6, "long_name": null, "short_name": null }, "geometry": { "type": "LineString", "coordinates": [ [ -3.153, 57.541 ], [ -3.149, 57.542 ] ] } },
{ "type": "Feature", "properties": { "name1": "River Deveron", "name2": "Craigward Pot", "Strahler Stream Order": 4, "long_name": null, "short_name": null }, "geometry": { "type": "LineString", "coordinates": [ [ -2.855, 57.457 ], [ -2.854, 57.459 ] ] } },
{ "type": "Feature", "properties": { "name1": "River Tweed", "name2": "Leithen Foot Pool", "Strahler Stream Order": 5, "long_name": null, "short_name": null }, "geometry": { "type": "LineString", "coordinates": [ [ -3.054, 55.614 ], [ -3.05, 55.617 ] ] } },
{ "type": "Feature", "properties": { "name1": " ", "name2": " ", "Strahler Stream Order": 4, "long_name": null, "short_name": null }, "geometry": { "type": "MultiLineString", "coordinates": [ [ [ -4.263, 55.21 ], [ -4.261, 55.21 ] ], [ [ -4.192, 55.163 ], [ -4.187, 55.156 ], [ -4.188, 55.146 ] ], [ [ -4.189, 55.192 ], [ -4.179, 55.184 ] ], [ [ -4.183, 55.13 ], [ -4.174, 55.117 ] ], [ [ -4.179, 55.184 ], [ -4.179, 55.179 ] ], [ [ -4.175, 55.184 ], [ -4.179, 55.184 ] ], [ [ -4.17, 55.187 ], [ -4.173, 55.186 ] ], [ [ -4.172, 55.186 ], [ -4.173, 55.185 ] ], [ [ -4.13, 55.057 ], [ -4.128, 55.051 ], [ -4.101, 55.032 ], [ -4.072, 55.022 ], [ -4.062, 55.012 ], [ -4.045, 55.004 ], [ -4.023, 55.001 ], [ -4.009, 54.992 ], [ -4.005, 54.985 ], [ -3.994, 54.981 ], [ -3.98, 54.963 ], [ -3.982, 54.96 ] ], [ [ -4.05, 54.855 ], [ -4.05, 54.854 ] ], [ [ -4.026, 54.866 ], [ -4.027, 54.865 ] ], [ [ -3.976, 54.918 ], [ -3.979, 54.917 ] ] ] } },
{ "type": "Feature", "properties": { "name1": "River Lochy", "name2": "Poll a' Chaisteil", "Strahler Stream Order": 6, "long_name": null, "short_name": null }, "geometry": { "type": "LineString", "coordinates": [ [ -5.061, 56.862 ], [ -5.068, 56.861 ] ] } },
{ "type": "Feature", "properties": { "name1": "River Spey", "name2": "Poll na Drochaide", "Strahler Stream Order": 5, "long_name": null, "short_name": null }, "geometry": { "type": "LineString", "coordinates": [ [ -4.132, 57.055 ], [ -4.125, 57.054 ] ] } },
{ "type": "Feature", "properties": { "name1": "River Deveron", "name2": "Otter Hole", "Strahler Stream Order": 5, "long_name": null, "short_name": null }, "geometry": { "type": "LineString", "coordinates": [ [ -2.767, 57.486 ], [ -2.768, 57.488 ] ] } },
{ "type": "Feature", "properties": { "name1": " ", "name2": " ", "Strahler Stream Order": 4, "long_name": null, "short_name": null }, "geometry": { "type": "LineString", "coordinates": [ [ -4.817, 54.86 ], [ -4.816, 54.856 ] ] } },
{ "type": "Feature", "properties": { "name1": "Well Hole", "name2": "Wee Doach", "Strahler Stream Order": 5, "long_name": null, "short_name": null }, "geometry": { "type": "LineString", "coordinates": [ [ -4.027, 54.864 ], [ -4.028, 54.863 ] ] } },
{ "type": "Feature", "properties": { "name1": "Olway Brook", "name2": "Nant Olwy", "Strahler Stream Order": 4, "long_name": null, "short_name": null }, "geometry": { "type": "LineString", "coordinates": [ [ -2.847, 51.728 ], [ -2.861, 51.714 ], [ -2.878, 51.706 ], [ -2.895, 51.703 ], [ -2.881, 51.684 ], [ -2.886, 51.677 ] ] } },
{ "type": "Feature", "properties": { "name1": "Inveruglas Water", "name2": " ", "Strahler Stream Order": 4, "long_name": null, "short_name": null }, "geometry": { "type": "LineString", "coordinates": [ [ -4.742, 56.246 ], [ -4.729, 56.244 ], [ -4.7, 56.247 ] ] } },
{ "type": "Feature", "properties": { "name1": "River Spey", "name2": "Dolly Pool", "Strahler Stream Order": 5, "long_name": null, "short_name": null }, "geometry": { "type": "LineString", "coordinates": [ [ -3.523, 57.366 ], [ -3.521, 57.367 ] ] } },
{ "type": "Feature", "properties": { "name1": "River Kirkaig", "name2": "Fall Pool", "Strahler Stream Order": 4, "long_name": null, "short_name": null }, "geometry": { "type": "LineString", "coordinates": [ [ -5.207, 58.109 ], [ -5.208, 58.109 ] ] } },
{ "type": "Feature", "properties": { "name1": "Dean Water", "name2": " ", "Strahler Stream Order": 4, "long_name": null, "short_name": null }, "geometry": { "type": "LineString", "coordinates": [ [ -2.978, 56.629 ], [ -3.003, 56.624 ], [ -3.008, 56.619 ], [ -3.031, 56.619 ], [ -3.046, 56.626 ], [ -3.074, 56.619 ], [ -3.085, 56.619 ], [ -3.122, 56.608 ], [ -3.137, 56.598 ], [ -3.168, 56.599 ], [ -3.173, 56.597 ] ] } },
{ "type": "Feature", "properties": { "name1": "Lochar Water", "name2": "Channel of Lochar Water", "Strahler Stream Order": 4, "long_name": null, "short_name": null }, "geometry": { "type": "MultiLineString", "coordinates": [ [ [ -3.434, 54.991 ], [ -3.422, 54.984 ], [ -3.415, 54.964 ], [ -3.423, 54.96 ], [ -3.445, 54.959 ], [ -3.472, 54.94 ], [ -3.481, 54.923 ] ], [ [ -3.469, 54.985 ], [ -3.453, 54.991 ], [ -3.435, 54.992 ] ] ] } },
{ "type": "Feature", "properties": { "name1": "Whitegates Pool", "name2": "River Conon", "Strahler Stream Order": 5, "long_name": null, "short_name": null }, "geometry": { "type": "LineString", "coordinates": [ [ -4.444, 57.561 ], [ -4.444, 57.562 ] ] } },
{ "type": "Feature", "properties": { "name1": "River Tweed", "name2": "Paddy's Pool", "Strahler Stream Order": 4, "long_name": null, "short_name": null }, "geometry": { "type": "LineString", "coordinates": [ ] } },
{ "type": "Feature", "properties": { "name1": " ", "name2": " ", "Strahler Stream Order": 4, "long_name": null, "short_name": null }, "geometry": { "type": "MultiLineString", "coordinates": [ [ [ -4.527, 54.999 ], [ -4.527, 54.998 ] ], [ [ -4.482, 54.864 ], [ -4.481, 54.863 ] ] ] } },
{ "type": "Feature", "properties": { "name1": "Water of Bogie", "name2": " ", "Strahler Stream Order": 4, "long_name": null, "short_name": null }, "geometry": { "type": "LineString", "coordinates": [ [ -2.865, 57.308 ], [ -2.848, 57.307 ], [ -2.828, 57.33 ], [ -2.829, 57.334 ], [ -2.805, 57.346 ], [ -2.798, 57.355 ], [ -2.788, 57.359 ], [ -2.784, 57.364 ], [ -2.803, 57.389 ], [ -2.798, 57.39 ], [ -2.798, 57.41 ] ] } },
{ "type": "Feature", "properties": { "name1": "River Lochy", "name2": " ", "Strahler Stream Order": 6, "long_name": null, "short_name": null }, "geometry": { "type": "MultiLineString", "coordinates": [ [ [ -5.084, 56.833 ], [ -5.099, 56.826 ], [ -5.115, 56.826 ] ], [ [ -5.082, 56.847 ], [ -5.08, 56.846 ] ], [ [ -5.072, 56.853 ], [ -5.082, 56.849 ] ], [ [ -5.076, 56.836 ], [ -5.08, 56.833 ] ], [ [ -5.073, 56.857 ], [ -5.072, 56.855 ] ], [ [ -5.071, 56.842 ], [ -5.072, 56.839 ] ], [ [ -5.06, 56.864 ], [ -5.061, 56.862 ] ], [ [ -5.003, 56.909 ], [ -5.01, 56.898 ], [ -5.037, 56.89 ], [ -5.038, 56.884 ], [ -5.058, 56.869 ] ] ] } },
{ "type": "Feature", "properties": { "name1": "Afon Twymyn", "name2": " ", "Strahler Stream Order": 4, "long_name": null, "short_name": null }, "geometry": { "type": "LineString", "coordinates": [ [ -3.64, 52.611 ], [ -3.657, 52.617 ], [ -3.67, 52.612 ], [ -3.693, 52.614 ], [ -3.705, 52.61 ], [ -3.709, 52.618 ], [ -3.724, 52.62 ], [ -3.742, 52.633 ] ] } },
{ "type": "Feature", "properties": { "name1": "The Put", "name2": "The Back Bullers", "Strahler Stream Order": 6, "long_name": null, "short_name": null }, "geometry": { "type": "LineString", "coordinates": [ [ -2.451, 55.602 ], [ -2.438, 55.6 ] ] } },
{ "type": "Feature", "properties": { "name1": "Water of Fleet", "name2": "Standing Stone Pool", "Strahler Stream Order": 4, "long_name": null, "short_name": null }, "geometry": { "type": "LineString", "coordinates": [ ] } },
{ "type": "Feature", "properties": { "name1": "River Tweed", "name2": "Burn Stream", "Strahler Stream Order": 6, "long_name": null, "short_name": null }, "geometry": { "type": "LineString", "coordinates": [ [ -2.337, 55.636 ], [ -2.335, 55.635 ] ] } },
{ "type": "Feature", "properties": { "name1": "River Don", "name2": "Island Stream", "Strahler Stream Order": 4, "long_name": null, "short_name": null }, "geometry": { "type": "LineString", "coordinates": [ [ -2.457, 57.239 ], [ -2.454, 57.241 ] ] } },
{ "type": "Feature", "properties": { "name1": "Halladale River", "name2": " ", "Strahler Stream Order": 4, "long_name": null, "short_name": null }, "geometry": { "type": "MultiLineString", "coordinates": [ [ [ -3.884, 58.513 ], [ -3.9, 58.517 ], [ -3.898, 58.532 ], [ -3.906, 58.559 ], [ -3.909, 58.561 ] ], [ [ -3.893, 58.443 ], [ -3.901, 58.461 ], [ -3.903, 58.485 ] ], [ [ -3.902, 58.486 ], [ -3.903, 58.495 ] ], [ [ -3.9, 58.504 ], [ -3.893, 58.506 ] ], [ [ -3.889, 58.509 ], [ -3.885, 58.512 ] ] ] } },
{ "type": "Feature", "properties": { "name1": "Weaver", "name2": "River Dee", "Strahler Stream Order": 5, "long_name": null, "short_name": null }, "geometry": { "type": "LineString", "coordinates": [ [ -3.263, 57.028 ], [ -3.252, 57.032 ] ] } },
{ "type": "Feature", "properties": { "name1": "River Esk", "name2": "Dunk Pool", "Strahler Stream Order": 4, "long_name": null, "short_name": null }, "geometry": { "type": "LineString", "coordinates": [ [ -2.97, 55.1 ], [ -2.967, 55.097 ] ] } },
{ "type": "Feature", "properties": { "name1": "River Deveron", "name2": "Horse Pot", "Strahler Stream Order": 4, "long_name": null, "short_name": null }, "geometry": { "type": "LineString", "coordinates": [ [ -2.786, 57.456 ], [ -2.784, 57.456 ] ] } },
{ "type": "Feature", "properties": { "name1": "Ogmore River", "name2": "Afon Ogwr", "Strahler Stream Order": 5, "long_name": null, "short_name": null }, "geometry": { "type": "MultiLineString", "coordinates": [ [ [ -3.612, 51.484 ], [ -3.616, 51.478 ], [ -3.648, 51.469 ] ], [ [ -3.606, 51.486 ], [ -3.612, 51.484 ] ], [ [ -3.603, 51.486 ], [ -3.605, 51.486 ] ], [ [ -3.599, 51.486 ], [ -3.6, 51.486 ] ], [ [ -3.597, 51.488 ], [ -3.599, 51.487 ] ], [ [ -3.596, 51.496 ], [ -3.596, 51.489 ] ], [ [ -3.591, 51.499 ], [ -3.595, 51.497 ] ], [ [ -3.54, 51.568 ], [ -3.564, 51.558 ], [ -3.573, 51.55 ], [ -3.595, 51.539 ], [ -3.585, 51.531 ], [ -3.588, 51.52 ], [ -3.579, 51.51 ], [ -3.587, 51.502 ] ] ] } },
{ "type": "Feature", "properties": { "name1": "Dunbeath Water", "name2": " ", "Strahler Stream Order": 4, "long_name": null, "short_name": null }, "geometry": { "type": "LineString", "coordinates": [ [ -3.439, 58.254 ], [ -3.423, 58.245 ] ] } },
{ "type": "Feature", "properties": { "name1": "Rose Pot", "name2": "River Dee", "Strahler Stream Order": 5, "long_name": null, "short_name": null }, "geometry": { "type": "LineString", "coordinates": [ [ -2.532, 57.056 ], [ -2.522, 57.052 ] ] } },
{ "type": "Feature", "properties": { "name1": "Afon Lwyd", "name2": " ", "Strahler Stream Order": 4, "long_name": null, "short_name": null }, "geometry": { "type": "LineString", "coordinates": [ [ -3.093, 51.773 ], [ -3.067, 51.764 ], [ -3.059, 51.756 ], [ -3.057, 51.723 ], [ -3.059, 51.719 ], [ -3.042, 51.707 ], [ -3.038, 51.7 ], [ -3.024, 51.698 ], [ -3.013, 51.684 ], [ -3.017, 51.664 ], [ -3.01, 51.652 ], [ -3.013, 51.648 ], [ -3.001, 51.636 ], [ -2.965, 51.625 ], [ -2.944, 51.611 ] ] } },
{ "type": "Feature", "properties": { "name1": "Salt Vat", "name2": "River Dee", "Strahler Stream Order": 5, "long_name": null, "short_name": null }, "geometry": { "type": "LineString", "coordinates": [ [ -2.554, 57.055 ], [ -2.552, 57.056 ] ] } },
{ "type": "Feature", "properties": { "name1": "Washinghouse Pot", "name2": "River Deveron", "Strahler Stream Order": 5, "long_name": null, "short_name": null }, "geometry": { "type": "LineString", "coordinates": [ [ -2.589, 57.521 ], [ -2.585, 57.522 ] ] } },
{ "type": "Feature", "properties": { "name1": "Silver Pool", "name2": "River Ness", "Strahler Stream Order": 5, "long_name": null, "short_name": null }, "geometry": { "type": "LineString", "coordinates": [ [ -4.229, 57.469 ], [ -4.232, 57.484 ] ] } },
{ "type": "Feature", "properties": { "name1": " ", "name2": " ", "Strahler Stream Order": 4, "long_name": null, "short_name": null }, "geometry": { "type": "LineString", "coordinates": [ ] } },
{ "type": "Feature", "properties": { "name1": "River Esk", "name2": " ", "Strahler Stream Order": 5, "long_name": null, "short_name": null }, "geometry": { "type": "LineString", "coordinates": [ [ -3.057, 55.911 ], [ -3.044, 55.923 ], [ -3.059, 55.933 ], [ -3.061, 55.939 ], [ -3.049, 55.946 ], [ -3.049, 55.958 ] ] } },
{ "type": "Feature", "properties": { "name1": "Cluden Water", "name2": " ", "Strahler Stream Order": 5, "long_name": null, "short_name": null }, "geometry": { "type": "MultiLineString", "coordinates": [ [ [ -3.744, 55.101 ], [ -3.727, 55.1 ], [ -3.709, 55.103 ], [ -3.678, 55.099 ] ], [ [ -3.661, 55.097 ], [ -3.66, 55.096 ] ], [ [ -3.658, 55.095 ], [ -3.641, 55.095 ], [ -3.617, 55.085 ] ] ] } },
{ "type": "Feature", "properties": { "name1": "River Arnisdale", "name2": " ", "Strahler Stream Order": 4, "long_name": null, "short_name": null }, "geometry": { "type": "LineString", "coordinates": [ [ -5.532, 57.128 ], [ -5.545, 57.129 ], [ -5.559, 57.125 ] ] } },
{ "type": "Feature", "properties": { "name1": "River Deveron", "name2": "Craig Pot", "Strahler Stream Order": 4, "long_name": null, "short_name": null }, "geometry": { "type": "LineString", "coordinates": [ [ -2.996, 57.386 ], [ -2.997, 57.387 ] ] } },
{ "type": "Feature", "properties": { "name1": "Red Burn", "name2": " ", "Strahler Stream Order": 4, "long_name": null, "short_name": null }, "geometry": { "type": "LineString", "coordinates": [ [ -3.95, 55.973 ], [ -3.948, 55.984 ] ] } },
{ "type": "Feature", "properties": { "name1": "River Drynoch", "name2": "Abhainn na Droighnich", "Strahler Stream Order": 4, "long_name": null, "short_name": null }, "geometry": { "type": "LineString", "coordinates": [ [ -6.321, 57.299 ], [ -6.325, 57.299 ] ] } },
{ "type": "Feature", "properties": { "name1": "Gwendraeth Fach", "name2": " ", "Strahler Stream Order": 4, "long_name": null, "short_name": null }, "geometry": { "type": "LineString", "coordinates": [ [ -4.186, 51.815 ], [ -4.203, 51.81 ], [ -4.234, 51.804 ], [ -4.27, 51.791 ], [ -4.276, 51.781 ], [ -4.291, 51.781 ], [ -4.296, 51.774 ], [ -4.29, 51.767 ], [ -4.292, 51.743 ], [ -4.306, 51.737 ], [ -4.326, 51.733 ], [ -4.334, 51.735 ] ] } },
{ "type": "Feature", "properties": { "name1": "Struach Pot", "name2": "River Deveron", "Strahler Stream Order": 4, "long_name": null, "short_name": null }, "geometry": { "type": "LineString", "coordinates": [ [ -2.832, 57.464 ], [ -2.831, 57.464 ] ] } },
{ "type": "Feature", "properties": { "name1": "Shochie Burn", "name2": " ", "Strahler Stream Order": 4, "long_name": null, "short_name": null }, "geometry": { "type": "LineString", "coordinates": [ [ -3.47, 56.457 ], [ -3.458, 56.453 ] ] } },
{ "type": "Feature", "properties": { "name1": "River Tweed", "name2": "New Water", "Strahler Stream Order": 5, "long_name": null, "short_name": null }, "geometry": { "type": "LineString", "coordinates": [ [ -3.079, 55.617 ], [ -3.062, 55.611 ] ] } },
{ "type": "Feature", "properties": { "name1": "River Averon", "name2": "Alness River", "Strahler Stream Order": 4, "long_name": null, "short_name": null }, "geometry": { "type": "MultiLineString", "coordinates": [ [ [ -4.368, 57.74 ], [ -4.361, 57.735 ], [ -4.345, 57.734 ] ], [ [ -4.343, 57.734 ], [ -4.337, 57.735 ], [ -4.309, 57.729 ], [ -4.286, 57.721 ], [ -4.258, 57.693 ] ], [ [ -4.256, 57.69 ], [ -4.248, 57.68 ] ] ] } },
{ "type": "Feature", "properties": { "name1": "River Elchaig", "name2": " ", "Strahler Stream Order": 4, "long_name": null, "short_name": null }, "geometry": { "type": "LineString", "coordinates": [ [ -5.313, 57.287 ], [ -5.342, 57.288 ], [ -5.371, 57.294 ], [ -5.383, 57.3 ], [ -5.403, 57.301 ], [ -5.404, 57.308 ], [ -5.427, 57.315 ], [ -5.456, 57.31 ], [ -5.464, 57.311 ] ] } },
{ "type": "Feature", "properties": { "name1": "Wick River", "name2": "Borgies Pool", "Strahler Stream Order": 5, "long_name": null, "short_name": null }, "geometry": { "type": "LineString", "coordinates": [ [ -3.262, 58.474 ], [ -3.26, 58.474 ] ] } },
{ "type": "Feature", "properties": { "name1": "River Findhorn", "name2": "Duillan Pool", "Strahler Stream Order": 4, "long_name": null, "short_name": null }, "geometry": { "type": "LineString", "coordinates": [ [ -3.678, 57.523 ], [ -3.676, 57.523 ] ] } },
{ "type": "Feature", "properties": { "name1": "Afon Alwen", "name2": " ", "Strahler Stream Order": 4, "long_name": null, "short_name": null }, "geometry": { "type": "LineString", "coordinates": [ [ -3.458, 52.987 ], [ -3.439, 52.982 ], [ -3.415, 52.981 ], [ -3.401, 52.972 ] ] } },
{ "type": "Feature", "properties": { "name1": "Wood Pool", "name2": "River Spey", "Strahler Stream Order": 6, "long_name": null, "short_name": null }, "geometry": { "type": "LineString", "coordinates": [ [ -3.142, 57.559 ], [ -3.129, 57.572 ] ] } },
{ "type": "Feature", "properties": { "name1": "Afon y Bala", "name2": " ", "Strahler Stream Order": 4, "long_name": null, "short_name": null }, "geometry": { "type": "LineString", "coordinates": [ [ -4.114, 53.119 ], [ -4.118, 53.121 ] ] } },
{ "type": "Feature", "properties": { "name1": "River Spey", "name2": "Craigroy Pool", "Strahler Stream Order": 6, "long_name": null, "short_name": null }, "geometry": { "type": "LineString", "coordinates": [ [ -3.359, 57.438 ], [ -3.359, 57.44 ] ] } },
{ "type": "Feature", "properties": { "name1": "Terryoron Pot", "name2": "River Deveron", "Strahler Stream Order": 4, "long_name": null, "short_name": null }, "geometry": { "type": "LineString", "coordinates": [ [ -2.886, 57.451 ], [ -2.882, 57.451 ] ] } },
{ "type": "Feature", "properties": { "name1": "Borthwick Water", "name2": " ", "Strahler Stream Order": 4, "long_name": null, "short_name": null }, "geometry": { "type": "LineString", "coordinates": [ [ -2.868, 55.417 ], [ -2.848, 55.412 ], [ -2.826, 55.41 ] ] } },
{ "type": "Feature", "properties": { "name1": "Afon Clwyd", "name2": "River Clwyd", "Strahler Stream Order": 4, "long_name": null, "short_name": null }, "geometry": { "type": "LineString", "coordinates": [ [ -3.305, 53.087 ], [ -3.308, 53.102 ], [ -3.316, 53.112 ], [ -3.314, 53.127 ], [ -3.318, 53.139 ], [ -3.334, 53.156 ], [ -3.35, 53.169 ], [ -3.36, 53.17 ], [ -3.364, 53.181 ], [ -3.356, 53.187 ], [ -3.364, 53.2 ], [ -3.377, 53.208 ], [ -3.385, 53.227 ], [ -3.398, 53.228 ], [ -3.413, 53.242 ], [ -3.424, 53.245 ], [ -3.422, 53.253 ], [ -3.445, 53.269 ], [ -3.445, 53.277 ], [ -3.461, 53.28 ], [ -3.463, 53.286 ], [ -3.487, 53.3 ], [ -3.497, 53.302 ], [ -3.511, 53.313 ], [ -3.504, 53.317 ], [ -3.508, 53.327 ] ] } },
{ "type": "Feature", "properties": { "name1": "River Awe", "name2": " ", "Strahler Stream Order": 5, "long_name": null, "short_name": null }, "geometry": { "type": "MultiLineString", "coordinates": [ [ [ -5.218, 56.437 ], [ -5.226, 56.445 ] ], [ [ -5.212, 56.433 ], [ -5.214, 56.434 ] ], [ [ -5.2, 56.425 ], [ -5.201, 56.426 ] ], [ [ -5.178, 56.413 ], [ -5.194, 56.419 ] ], [ [ -5.17, 56.41 ], [ -5.175, 56.413 ] ] ] } },
{ "type": "Feature", "properties": { "name1": "Carrick Lane", "name2": " ", "Strahler Stream Order": 4, "long_name": null, "short_name": null }, "geometry": { "type": "LineString", "coordinates": [ [ -4.41, 55.212 ], [ -4.402, 55.219 ], [ -4.382, 55.218 ] ] } },
{ "type": "Feature", "properties": { "name1": "River Spey", "name2": "Pol Mackree", "Strahler Stream Order": 6, "long_name": null, "short_name": null }, "geometry": { "type": "LineString", "coordinates": [ [ -3.266, 57.466 ], [ -3.266, 57.467 ] ] } },
{ "type": "Feature", "properties": { "name1": "Sluggan Pool", "name2": "River Lochy", "Strahler Stream Order": 6, "long_name": null, "short_name": null }, "geometry": { "type": "LineString", "coordinates": [ [ -5.072, 56.839 ], [ -5.076, 56.836 ] ] } },
{ "type": "Feature", "properties": { "name1": "Gruinard River", "name2": " ", "Strahler Stream Order": 4, "long_name": null, "short_name": null }, "geometry": { "type": "MultiLineString", "coordinates": [ [ [ -5.425, 57.853 ], [ -5.442, 57.87 ] ], [ [ -5.419, 57.849 ], [ -5.422, 57.851 ] ], [ [ -5.408, 57.842 ], [ -5.415, 57.846 ] ], [ [ -5.39, 57.826 ], [ -5.404, 57.842 ] ], [ [ -5.386, 57.821 ], [ -5.389, 57.825 ] ], [ [ -5.373, 57.813 ], [ -5.385, 57.817 ] ], [ [ -5.361, 57.81 ], [ -5.372, 57.813 ] ] ] } },
{ "type": "Feature", "properties": { "name1": "River Garry", "name2": "Linne na Dabhaich", "Strahler Stream Order": 5, "long_name": null, "short_name": null }, "geometry": { "type": "LineString", "coordinates": [ [ -4.781, 57.071 ], [ -4.776, 57.071 ] ] } },
{ "type": "Feature", "properties": { "name1": "River Teviot", "name2": "Philip's Scar Pool", "Strahler Stream Order": 5, "long_name": null, "short_name": null }, "geometry": { "type": "LineString", "coordinates": [ [ -2.647, 55.482 ], [ -2.645, 55.484 ] ] } },
{ "type": "Feature", "properties": { "name1": "River Carron", "name2": "Lùb Luiard", "Strahler Stream Order": 4, "long_name": null, "short_name": null }, "geometry": { "type": "LineString", "coordinates": [ [ -4.58, 57.867 ], [ -4.58, 57.87 ] ] } },
{ "type": "Feature", "properties": { "name1": " ", "name2": " ", "Strahler Stream Order": 5, "long_name": null, "short_name": null }, "geometry": { "type": "MultiLineString", "coordinates": [ [ [ -3.599, 51.95 ], [ -3.593, 51.951 ] ], [ [ -3.408, 51.949 ], [ -3.405, 51.95 ] ], [ [ -3.243, 51.873 ], [ -3.239, 51.875 ] ], [ [ -3.175, 51.872 ], [ -3.162, 51.87 ], [ -3.162, 51.864 ], [ -3.15, 51.862 ], [ -3.142, 51.856 ] ], [ [ -3.102, 51.832 ], [ -3.102, 51.833 ] ], [ [ -3.041, 51.824 ], [ -3.04, 51.823 ] ], [ [ -2.994, 51.591 ], [ -2.975, 51.578 ], [ -2.984, 51.572 ] ], [ [ -2.986, 51.57 ], [ -2.967, 51.558 ], [ -2.984, 51.549 ], [ -2.985, 51.541 ], [ -2.975, 51.528 ] ], [ [ -2.953, 51.733 ], [ -2.952, 51.731 ] ], [ [ -2.943, 51.748 ], [ -2.944, 51.747 ] ], [ [ -2.942, 51.729 ], [ -2.939, 51.729 ] ], [ [ -2.936, 51.761 ], [ -2.941, 51.759 ] ], [ [ -2.938, 51.73 ], [ -2.937, 51.732 ] ], [ [ -2.934, 51.78 ], [ -2.932, 51.78 ] ], [ [ -2.93, 51.778 ], [ -2.93, 51.774 ] ], [ [ -2.926, 51.726 ], [ -2.927, 51.725 ] ], [ [ -2.927, 51.73 ], [ -2.925, 51.729 ] ], [ [ -2.906, 51.698 ], [ -2.904, 51.696 ] ], [ [ -2.896, 51.692 ], [ -2.892, 51.69 ] ], [ [ -2.892, 51.683 ], [ -2.893, 51.682 ] ], [ [ -2.892, 51.652 ], [ -2.89, 51.649 ] ], [ [ -2.887, 51.683 ], [ -2.89, 51.683 ] ], [ [ -2.889, 51.69 ], [ -2.886, 51.69 ] ], [ [ -2.888, 51.671 ], [ -2.889, 51.669 ] ], [ [ -2.888, 51.664 ], [ -2.886, 51.663 ] ], [ [ -2.886, 51.684 ], [ -2.887, 51.683 ] ], [ [ -2.886, 51.678 ], [ -2.887, 51.677 ] ], [ [ -2.886, 51.689 ], [ -2.885, 51.687 ] ], [ [ -2.885, 51.687 ], [ -2.885, 51.685 ] ] ] } },
{ "type": "Feature", "properties": { "name1": "River Don", "name2": "Bridge of Lead Pot", "Strahler Stream Order": 4, "long_name": null, "short_name": null }, "geometry": { "type": "LineString", "coordinates": [ ] } },
{ "type": "Feature", "properties": { "name1": "Water of Ae", "name2": " ", "Strahler Stream Order": 4, "long_name": null, "short_name": null }, "geometry": { "type": "LineString", "coordinates": [ [ -3.47, 55.148 ], [ -3.458, 55.157 ], [ -3.446, 55.161 ] ] } },
{ "type": "Feature", "properties": { "name1": "Shale Pool", "name2": "River Esk", "Strahler Stream Order": 4, "long_name": null, "short_name": null }, "geometry": { "type": "LineString", "coordinates": [ ] } },
{ "type": "Feature", "properties": { "name1": "River Don", "name2": "Lady's Pot", "Strahler Stream Order": 4, "long_name": null, "short_name": null }, "geometry": { "type": "LineString", "coordinates": [ [ -2.556, 57.259 ], [ -2.544, 57.259 ] ] } },
{ "type": "Feature", "properties": { "name1": "Dryfe Water", "name2": " ", "Strahler Stream Order": 4, "long_name": null, "short_name": null }, "geometry": { "type": "MultiLineString", "coordinates": [ [ [ -3.345, 55.182 ], [ -3.345, 55.171 ], [ -3.359, 55.156 ], [ -3.359, 55.15 ], [ -3.369, 55.141 ], [ -3.378, 55.141 ], [ -3.4, 55.124 ] ], [ [ -3.317, 55.202 ], [ -3.323, 55.196 ], [ -3.343, 55.187 ], [ -3.345, 55.183 ] ] ] } },
{ "type": "Feature", "properties": { "name1": "River Tweed", "name2": "Girley Pool", "Strahler Stream Order": 5, "long_name": null, "short_name": null }, "geometry": { "type": "LineString", "coordinates": [ [ -3.102, 55.629 ], [ -3.102, 55.626 ] ] } },
{ "type": "Feature", "properties": { "name1": "River Tweed", "name2": "Mill Stream", "Strahler Stream Order": 6, "long_name": null, "short_name": null }, "geometry": { "type": "LineString", "coordinates": [ [ -2.537, 55.573 ], [ -2.524, 55.575 ] ] } },
{ "type": "Feature", "properties": { "name1": "River Parrett", "name2": "Culliford's Hole", "Strahler Stream Order": 4, "long_name": null, "short_name": null }, "geometry": { "type": "LineString", "coordinates": [ ] } },
{ "type": "Feature", "properties": { "name1": "River Esk", "name2": "Chapel Pool", "Strahler Stream Order": 4, "long_name": null, "short_name": null }, "geometry": { "type": "LineString", "coordinates": [ [ -2.959, 55.093 ], [ -2.958, 55.093 ] ] } },
{ "type": "Feature", "properties": { "name1": "River Tweed", "name2": "Drown Pouch", "Strahler Stream Order": 5, "long_name": null, "short_name": null }, "geometry": { "type": "LineString", "coordinates": [ [ -3.059, 55.614 ], [ -3.057, 55.614 ] ] } },
{ "type": "Feature", "properties": { "name1": "River Tweed", "name2": "Redyett Pool", "Strahler Stream Order": 5, "long_name": null, "short_name": null }, "geometry": { "type": "LineString", "coordinates": [ [ -3.138, 55.639 ], [ -3.132, 55.638 ] ] } },
{ "type": "Feature", "properties": { "name1": "Allt a' Bhaird", "name2": " ", "Strahler Stream Order": 4, "long_name": null, "short_name": null }, "geometry": { "type": "LineString", "coordinates": [ [ -6.585, 58.149 ], [ -6.582, 58.143 ], [ -6.616, 58.136 ] ] } },
{ "type": "Feature", "properties": { "name1": "Afon Llwchwr", "name2": "River Loughor", "Strahler Stream Order": 4, "long_name": null, "short_name": null }, "geometry": { "type": "MultiLineString", "coordinates": [ [ [ -4.104, 51.657 ], [ -4.125, 51.647 ], [ -4.145, 51.645 ], [ -4.167, 51.65 ], [ -4.175, 51.646 ], [ -4.2, 51.655 ], [ -4.218, 51.669 ], [ -4.234, 51.672 ] ], [ [ -4.069, 51.686 ], [ -4.081, 51.684 ], [ -4.075, 51.666 ], [ -4.083, 51.662 ] ], [ [ -3.998, 51.777 ], [ -4.005, 51.77 ], [ -4.002, 51.763 ], [ -4.014, 51.753 ], [ -4.026, 51.749 ], [ -4.034, 51.736 ], [ -4.044, 51.736 ], [ -4.05, 51.729 ], [ -4.045, 51.72 ], [ -4.053, 51.701 ], [ -4.064, 51.693 ] ] ] } },
{ "type": "Feature", "properties": { "name1": "Afon Wyre", "name2": " ", "Strahler Stream Order": 4, "long_name": null, "short_name": null }, "geometry": { "type": "LineString", "coordinates": [ [ -4.139, 52.307 ], [ -4.155, 52.304 ], [ -4.162, 52.308 ] ] } },
{ "type": "Feature", "properties": { "name1": "River Nith", "name2": "Otter Pool", "Strahler Stream Order": 4, "long_name": null, "short_name": null }, "geometry": { "type": "LineString", "coordinates": [ [ -3.804, 55.289 ], [ -3.804, 55.288 ] ] } },
{ "type": "Feature", "properties": { "name1": "River Thurso", "name2": "Old Water Mark Pool", "Strahler Stream Order": 5, "long_name": null, "short_name": null }, "geometry": { "type": "LineString", "coordinates": [ [ -3.486, 58.543 ], [ -3.489, 58.544 ] ] } },
{ "type": "Feature", "properties": { "name1": "River Don", "name2": "Black Pot", "Strahler Stream Order": 4, "long_name": null, "short_name": null }, "geometry": { "type": "LineString", "coordinates": [ [ -2.442, 57.258 ], [ -2.442, 57.259 ] ] } },
{ "type": "Feature", "properties": { "name1": "Spottes Burn", "name2": " ", "Strahler Stream Order": 4, "long_name": null, "short_name": null }, "geometry": { "type": "LineString", "coordinates": [ [ -3.869, 55.006 ], [ -3.875, 55.002 ], [ -3.868, 54.992 ], [ -3.867, 54.974 ] ] } },
{ "type": "Feature", "properties": { "name1": "Laggie Duff's Pool", "name2": "Holyn Bush Pool", "Strahler Stream Order": 5, "long_name": null, "short_name": null }, "geometry": { "type": "LineString", "coordinates": [ [ -3.678, 55.099 ], [ -3.661, 55.097 ] ] } },
{ "type": "Feature", "properties": { "name1": "Afon Artro", "name2": " ", "Strahler Stream Order": 5, "long_name": null, "short_name": null }, "geometry": { "type": "LineString", "coordinates": [ [ -4.042, 52.855 ], [ -4.059, 52.835 ], [ -4.074, 52.83 ], [ -4.09, 52.819 ], [ -4.107, 52.822 ], [ -4.116, 52.831 ], [ -4.131, 52.828 ] ] } },
{ "type": "Feature", "properties": { "name1": "Upper New Pool", "name2": "Turn Pool", "Strahler Stream Order": 4, "long_name": null, "short_name": null }, "geometry": { "type": "LineString", "coordinates": [ [ -5.217, 58.16 ], [ -5.227, 58.159 ] ] } },
{ "type": "Feature", "properties": { "name1": "River Ythan", "name2": "Fechill Pot", "Strahler Stream Order": 4, "long_name": null, "short_name": null }, "geometry": { "type": "LineString", "coordinates": [ [ -2.053, 57.364 ], [ -2.051, 57.363 ] ] } },
{ "type": "Feature", "properties": { "name1": "Luther Water", "name2": " ", "Strahler Stream Order": 4, "long_name": null, "short_name": null }, "geometry": { "type": "LineString", "coordinates": [ [ -2.524, 56.815 ], [ -2.56, 56.799 ], [ -2.558, 56.787 ] ] } },
{ "type": "Feature", "properties": { "name1": "Worthenbury Brook", "name2": " ", "Strahler Stream Order": 4, "long_name": null, "short_name": null }, "geometry": { "type": "LineString", "coordinates": [ [ -2.868, 53.009 ], [ -2.865, 53.026 ] ] } },
{ "type": "Feature", "properties": { "name1": "River Thurso", "name2": "Frothy Pool", "Strahler Stream Order": 5, "long_name": null, "short_name": null }, "geometry": { "type": "LineString", "coordinates": [ [ -3.531, 58.472 ], [ -3.532, 58.473 ] ] } },
{ "type": "Feature", "properties": { "name1": "River Spean", "name2": "Camus nan Leacan", "Strahler Stream Order": 5, "long_name": null, "short_name": null }, "geometry": { "type": "LineString", "coordinates": [ [ -4.8, 56.886 ], [ -4.803, 56.884 ] ] } },
{ "type": "Feature", "properties": { "name1": "Afon Cynin", "name2": " ", "Strahler Stream Order": 4, "long_name": null, "short_name": null }, "geometry": { "type": "LineString", "coordinates": [ [ -4.493, 51.816 ], [ -4.495, 51.809 ] ] } },
{ "type": "Feature", "properties": { "name1": "Poll a' Chull", "name2": "Halladale River", "Strahler Stream Order": 4, "long_name": null, "short_name": null }, "geometry": { "type": "LineString", "coordinates": [ [ -3.885, 58.512 ], [ -3.884, 58.513 ] ] } },
{ "type": "Feature", "properties": { "name1": "River Kirkaig", "name2": "Lower Nettle Pool", "Strahler Stream Order": 4, "long_name": null, "short_name": null }, "geometry": { "type": "LineString", "coordinates": [ [ -5.213, 58.111 ], [ -5.219, 58.112 ] ] } },
{ "type": "Feature", "properties": { "name1": "River Garry", "name2": "Linne Eilean Gainimh", "Strahler Stream Order": 5, "long_name": null, "short_name": null }, "geometry": { "type": "LineString", "coordinates": [ [ -4.816, 57.067 ], [ -4.808, 57.068 ] ] } },
{ "type": "Feature", "properties": { "name1": "Western Cleddau", "name2": "Cleddau Wen", "Strahler Stream Order": 4, "long_name": null, "short_name": null }, "geometry": { "type": "MultiLineString", "coordinates": [ [ [ -4.97, 51.898 ], [ -4.966, 51.879 ] ], [ [ -4.963, 51.876 ], [ -4.963, 51.87 ], [ -4.983, 51.851 ], [ -4.984, 51.839 ], [ -4.99, 51.83 ], [ -4.97, 51.821 ], [ -4.971, 51.805 ], [ -4.948, 51.788 ], [ -4.935, 51.784 ], [ -4.945, 51.777 ], [ -4.943, 51.768 ] ] ] } },
{ "type": "Feature", "properties": { "name1": "River Tweed", "name2": "Fairnilee Cauld Pool", "Strahler Stream Order": 5, "long_name": null, "short_name": null }, "geometry": { "type": "LineString", "coordinates": [ [ -2.866, 55.586 ], [ -2.865, 55.585 ] ] } },
{ "type": "Feature", "properties": { "name1": "Tulchan Pool", "name2": "River Spey", "Strahler Stream Order": 5, "long_name": null, "short_name": null }, "geometry": { "type": "LineString", "coordinates": [ [ -3.466, 57.4 ], [ -3.463, 57.401 ] ] } },
{ "type": "Feature", "properties": { "name1": "Poll na Cloiche", "name2": "Gruinard River", "Strahler Stream Order": 4, "long_name": null, "short_name": null }, "geometry": { "type": "LineString", "coordinates": [ [ -5.389, 57.825 ], [ -5.39, 57.826 ] ] } },
{ "type": "Feature", "properties": { "name1": "River Thurso", "name2": "Chapel Pool", "Strahler Stream Order": 5, "long_name": null, "short_name": null }, "geometry": { "type": "LineString", "coordinates": [ [ -3.519, 58.489 ], [ -3.515, 58.489 ] ] } },
{ "type": "Feature", "properties": { "name1": "River Dee", "name2": "Dildawn Pool", "Strahler Stream Order": 5, "long_name": null, "short_name": null }, "geometry": { "type": "LineString", "coordinates": [ [ -3.988, 54.913 ], [ -3.991, 54.912 ] ] } },
{ "type": "Feature", "properties": { "name1": "River South Esk", "name2": "Arrat's Mill Pool", "Strahler Stream Order": 4, "long_name": null, "short_name": null }, "geometry": { "type": "LineString", "coordinates": [ [ -2.584, 56.716 ], [ -2.582, 56.715 ] ] } },
{ "type": "Feature", "properties": { "name1": "River Kirkaig", "name2": "Heather Pool", "Strahler Stream Order": 4, "long_name": null, "short_name": null }, "geometry": { "type": "LineString", "coordinates": [ [ -5.244, 58.12 ], [ -5.248, 58.121 ] ] } },
{ "type": "Feature", "properties": { "name1": "Afon Gwili", "name2": " ", "Strahler Stream Order": 4, "long_name": null, "short_name": null }, "geometry": { "type": "LineString", "coordinates": [ [ -4.302, 51.939 ], [ -4.332, 51.932 ], [ -4.35, 51.914 ], [ -4.312, 51.904 ], [ -4.3, 51.895 ], [ -4.3, 51.888 ], [ -4.29, 51.878 ], [ -4.279, 51.873 ], [ -4.279, 51.861 ] ] } },
{ "type": "Feature", "properties": { "name1": "River Tweed", "name2": "Dirtpot", "Strahler Stream Order": 5, "long_name": null, "short_name": null }, "geometry": { "type": "LineString", "coordinates": [ [ -3.105, 55.641 ], [ -3.102, 55.642 ] ] } },
{ "type": "Feature", "properties": { "name1": "River Spey", "name2": "Pool of Dalbreck", "Strahler Stream Order": 6, "long_name": null, "short_name": null }, "geometry": { "type": "LineString", "coordinates": [ ] } },
{ "type": "Feature", "properties": { "name1": "Allan Water", "name2": " ", "Strahler Stream Order": 4, "long_name": null, "short_name": null }, "geometry": { "type": "LineString", "coordinates": [ [ -3.854, 56.256 ], [ -3.871, 56.25 ], [ -3.886, 56.25 ], [ -3.904, 56.24 ], [ -3.935, 56.228 ], [ -3.954, 56.226 ], [ -3.961, 56.2 ], [ -3.974, 56.195 ], [ -3.964, 56.186 ], [ -3.964, 56.175 ], [ -3.953, 56.167 ], [ -3.956, 56.157 ], [ -3.949, 56.153 ], [ -3.954, 56.141 ] ] } },
{ "type": "Feature", "properties": { "name1": "Afon Conwy", "name2": "River Conwy", "Strahler Stream Order": 5, "long_name": null, "short_name": null }, "geometry": { "type": "MultiLineString", "coordinates": [ [ [ -3.797, 53.078 ], [ -3.795, 53.085 ], [ -3.798, 53.101 ], [ -3.788, 53.11 ], [ -3.793, 53.12 ], [ -3.795, 53.135 ], [ -3.807, 53.141 ], [ -3.809, 53.154 ], [ -3.825, 53.158 ], [ -3.825, 53.171 ], [ -3.819, 53.18 ], [ -3.826, 53.184 ], [ -3.834, 53.201 ], [ -3.828, 53.206 ], [ -3.829, 53.219 ], [ -3.822, 53.229 ], [ -3.807, 53.234 ], [ -3.807, 53.242 ], [ -3.824, 53.251 ], [ -3.821, 53.257 ], [ -3.808, 53.262 ], [ -3.815, 53.279 ], [ -3.824, 53.28 ], [ -3.836, 53.293 ] ], [ [ -3.707, 53.045 ], [ -3.737, 53.049 ], [ -3.747, 53.056 ], [ -3.772, 53.063 ], [ -3.795, 53.072 ], [ -3.796, 53.074 ] ] ] } },
{ "type": "Feature", "properties": { "name1": "Abhainn Srath na Sealga", "name2": " ", "Strahler Stream Order": 4, "long_name": null, "short_name": null }, "geometry": { "type": "LineString", "coordinates": [ [ -5.269, 57.774 ], [ -5.276, 57.782 ] ] } },
{ "type": "Feature", "properties": { "name1": "River Tummel", "name2": "Queen's Pool", "Strahler Stream Order": 5, "long_name": null, "short_name": null }, "geometry": { "type": "LineString", "coordinates": [ [ -4.085, 56.707 ], [ -4.079, 56.706 ] ] } },
{ "type": "Feature", "properties": { "name1": "River Brora", "name2": "Fannich", "Strahler Stream Order": 4, "long_name": null, "short_name": null }, "geometry": { "type": "LineString", "coordinates": [ [ -3.902, 58.014 ], [ -3.901, 58.014 ] ] } },
{ "type": "Feature", "properties": { "name1": "River Garry", "name2": " ", "Strahler Stream Order": 4, "long_name": null, "short_name": null }, "geometry": { "type": "MultiLineString", "coordinates": [ [ [ -5.186, 57.072 ], [ -5.16, 57.068 ], [ -5.138, 57.057 ], [ -5.12, 57.061 ] ], [ [ -5.08, 57.063 ], [ -5.067, 57.059 ] ], [ [ -5.039, 57.06 ], [ -5.02, 57.063 ] ], [ [ -4.846, 57.077 ], [ -4.841, 57.073 ] ], [ [ -4.839, 57.072 ], [ -4.837, 57.073 ] ], [ [ -4.835, 57.072 ], [ -4.833, 57.071 ] ], [ [ -4.833, 57.07 ], [ -4.833, 57.065 ] ], [ [ -4.828, 57.065 ], [ -4.816, 57.067 ] ], [ [ -4.807, 57.068 ], [ -4.806, 57.068 ] ], [ [ -4.805, 57.068 ], [ -4.781, 57.071 ] ], [ [ -4.776, 57.071 ], [ -4.768, 57.072 ] ] ] } },
{ "type": "Feature", "properties": { "name1": "River Carron", "name2": "Poll a' Chapuill", "Strahler Stream Order": 4, "long_name": null, "short_name": null }, "geometry": { "type": "LineString", "coordinates": [ [ -4.474, 57.89 ], [ -4.471, 57.89 ] ] } },
{ "type": "Feature", "properties": { "name1": " ", "name2": " ", "Strahler Stream Order": 4, "long_name": null, "short_name": null }, "geometry": { "type": "LineString", "coordinates": [ [ -6.427, 55.805 ], [ -6.438, 55.806 ] ] } },
{ "type": "Feature", "properties": { "name1": "Poll na Sròine Duibhe", "name2": "Gruinard River", "Strahler Stream Order": 4, "long_name": null, "short_name": null }, "geometry": { "type": "LineString", "coordinates": [ [ -5.422, 57.851 ], [ -5.425, 57.853 ] ] } },
{ "type": "Feature", "properties": { "name1": "Taf Fechan", "name2": "Pwll Glas", "Strahler Stream Order": 4, "long_name": null, "short_name": null }, "geometry": { "type": "LineString", "coordinates": [ [ -3.395, 51.757 ], [ -3.396, 51.755 ] ] } },
{ "type": "Feature", "properties": { "name1": "Black Water", "name2": " ", "Strahler Stream Order": 4, "long_name": null, "short_name": null }, "geometry": { "type": "LineString", "coordinates": [ [ -4.373, 56.228 ], [ -4.348, 56.221 ] ] } },
{ "type": "Feature", "properties": { "name1": "Roseburgh Pool", "name2": "Dryfe Water", "Strahler Stream Order": 4, "long_name": null, "short_name": null }, "geometry": { "type": "LineString", "coordinates": [ [ -3.345, 55.183 ], [ -3.345, 55.182 ] ] } },
{ "type": "Feature", "properties": { "name1": "River Tweed", "name2": "Clure Pool", "Strahler Stream Order": 5, "long_name": null, "short_name": null }, "geometry": { "type": "LineString", "coordinates": [ [ -3.037, 55.622 ], [ -3.034, 55.622 ] ] } },
{ "type": "Feature", "properties": { "name1": "River Deveron", "name2": "Kemp's Brig", "Strahler Stream Order": 5, "long_name": null, "short_name": null }, "geometry": { "type": "LineString", "coordinates": [ [ -2.764, 57.465 ], [ -2.762, 57.467 ] ] } },
{ "type": "Feature", "properties": { "name1": "Gardener's Pool", "name2": "Cairn Water", "Strahler Stream Order": 4, "long_name": null, "short_name": null }, "geometry": { "type": "LineString", "coordinates": [ [ -3.793, 55.141 ], [ -3.789, 55.138 ] ] } },
{ "type": "Feature", "properties": { "name1": " ", "name2": " ", "Strahler Stream Order": 4, "long_name": null, "short_name": null }, "geometry": { "type": "MultiLineString", "coordinates": [ [ [ -4.625, 55.384 ], [ -4.623, 55.386 ] ], [ [ -4.409, 55.317 ], [ -4.42, 55.322 ] ], [ [ -4.382, 55.218 ], [ -4.367, 55.241 ], [ -4.365, 55.25 ], [ -4.369, 55.26 ], [ -4.388, 55.267 ], [ -4.399, 55.283 ] ] ] } },
{ "type": "Feature", "properties": { "name1": "River Teviot", "name2": "Burnfoot Stream", "Strahler Stream Order": 5, "long_name": null, "short_name": null }, "geometry": { "type": "LineString", "coordinates": [ [ -2.516, 55.522 ], [ -2.507, 55.521 ] ] } },
{ "type": "Feature", "properties": { "name1": "Lyne Water", "name2": " ", "Strahler Stream Order": 4, "long_name": null, "short_name": null }, "geometry": { "type": "LineString", "coordinates": [ [ -3.328, 55.673 ], [ -3.315, 55.669 ], [ -3.313, 55.66 ], [ -3.295, 55.655 ], [ -3.296, 55.65 ], [ -3.269, 55.651 ], [ -3.255, 55.645 ] ] } },
{ "type": "Feature", "properties": { "name1": "River Kingie", "name2": " ", "Strahler Stream Order": 4, "long_name": null, "short_name": null }, "geometry": { "type": "LineString", "coordinates": [ [ -5.15, 57.049 ], [ -5.138, 57.057 ] ] } },
{ "type": "Feature", "properties": { "name1": "River Tweed", "name2": "Holy Wiel", "Strahler Stream Order": 6, "long_name": null, "short_name": null }, "geometry": { "type": "LineString", "coordinates": [ [ -2.653, 55.596 ], [ -2.659, 55.595 ] ] } },
{ "type": "Feature", "properties": { "name1": "River Oich", "name2": " ", "Strahler Stream Order": 5, "long_name": null, "short_name": null }, "geometry": { "type": "LineString", "coordinates": [ [ -4.747, 57.091 ], [ -4.741, 57.102 ], [ -4.746, 57.106 ], [ -4.736, 57.118 ], [ -4.724, 57.125 ], [ -4.708, 57.127 ], [ -4.692, 57.146 ], [ -4.665, 57.148 ] ] } },
{ "type": "Feature", "properties": { "name1": "River Tromie", "name2": " ", "Strahler Stream Order": 4, "long_name": null, "short_name": null }, "geometry": { "type": "LineString", "coordinates": [ [ -4.036, 56.968 ], [ -4.035, 56.985 ], [ -4.057, 56.997 ], [ -4.056, 57.005 ], [ -4.04, 57.017 ], [ -4.029, 57.031 ], [ -4.001, 57.057 ], [ -3.999, 57.072 ], [ -4.014, 57.085 ] ] } },
{ "type": "Feature", "properties": { "name1": "River Oykel", "name2": " ", "Strahler Stream Order": 4, "long_name": null, "short_name": null }, "geometry": { "type": "MultiLineString", "coordinates": [ [ [ -4.778, 57.978 ], [ -4.773, 57.974 ], [ -4.751, 57.97 ], [ -4.737, 57.971 ], [ -4.713, 57.96 ], [ -4.699, 57.962 ] ], [ [ -4.695, 57.966 ], [ -4.69, 57.967 ] ], [ [ -4.69, 57.968 ], [ -4.685, 57.972 ], [ -4.652, 57.968 ], [ -4.645, 57.974 ], [ -4.62, 57.971 ], [ -4.581, 57.972 ] ] ] } },
{ "type": "Feature", "properties": { "name1": "Strath Burn", "name2": "Eas Mìn", "Strahler Stream Order": 4, "long_name": null, "short_name": null }, "geometry": { "type": "LineString", "coordinates": [ [ -3.298, 58.432 ], [ -3.293, 58.432 ] ] } },
{ "type": "Feature", "properties": { "name1": "River Garry", "name2": "Camag Linne Mhòr", "Strahler Stream Order": 5, "long_name": null, "short_name": null }, "geometry": { "type": "LineString", "coordinates": [ [ -4.841, 57.073 ], [ -4.839, 57.072 ] ] } },
{ "type": "Feature", "properties": { "name1": "River Nith", "name2": "Drew's Pool", "Strahler Stream Order": 5, "long_name": null, "short_name": null }, "geometry": { "type": "LineString", "coordinates": [ [ -3.697, 55.151 ], [ -3.695, 55.15 ] ] } },
{ "type": "Feature", "properties": { "name1": "River Deveron", "name2": "Falconer Pot", "Strahler Stream Order": 5, "long_name": null, "short_name": null }, "geometry": { "type": "LineString", "coordinates": [ [ -2.651, 57.533 ], [ -2.651, 57.531 ] ] } },
{ "type": "Feature", "properties": { "name1": "River Spey", "name2": "Heathery Isle Pool", "Strahler Stream Order": 6, "long_name": null, "short_name": null }, "geometry": { "type": "LineString", "coordinates": [ [ -3.181, 57.496 ], [ -3.179, 57.503 ] ] } },
{ "type": "Feature", "properties": { "name1": "River Helmsdale", "name2": " ", "Strahler Stream Order": 5, "long_name": null, "short_name": null }, "geometry": { "type": "MultiLineString", "coordinates": [ [ [ -4.066, 58.27 ], [ -4.045, 58.264 ], [ -4.032, 58.264 ] ], [ [ -4.011, 58.259 ], [ -3.988, 58.259 ], [ -3.967, 58.252 ], [ -3.961, 58.246 ] ], [ [ -3.96, 58.246 ], [ -3.961, 58.246 ] ], [ [ -3.961, 58.246 ], [ -3.957, 58.241 ], [ -3.937, 58.235 ], [ -3.923, 58.224 ], [ -3.924, 58.218 ], [ -3.915, 58.208 ], [ -3.897, 58.201 ], [ -3.88, 58.2 ], [ -3.866, 58.176 ], [ -3.868, 58.169 ], [ -3.86, 58.162 ], [ -3.836, 58.153 ], [ -3.827, 58.154 ], [ -3.812, 58.145 ], [ -3.788, 58.145 ], [ -3.78, 58.141 ], [ -3.708, 58.143 ], [ -3.684, 58.135 ], [ -3.668, 58.136 ], [ -3.665, 58.124 ], [ -3.649, 58.114 ] ] ] } },
{ "type": "Feature", "properties": { "name1": "River Gaur", "name2": "Easan Garbh Dhùin", "Strahler Stream Order": 4, "long_name": null, "short_name": null }, "geometry": { "type": "LineString", "coordinates": [ [ -4.512, 56.678 ], [ -4.508, 56.679 ] ] } },
{ "type": "Feature", "properties": { "name1": "Avon Water", "name2": " ", "Strahler Stream Order": 4, "long_name": null, "short_name": null }, "geometry": { "type": "MultiLineString", "coordinates": [ [ [ -4.089, 55.659 ], [ -4.056, 55.661 ], [ -4.037, 55.679 ], [ -4.026, 55.678 ], [ -4.007, 55.699 ] ], [ [ -4.007, 55.699 ], [ -3.971, 55.709 ], [ -3.964, 55.718 ], [ -3.982, 55.725 ], [ -3.989, 55.737 ], [ -4.017, 55.756 ], [ -4.026, 55.766 ], [ -4.016, 55.771 ], [ -4.015, 55.781 ] ] ] } },
{ "type": "Feature", "properties": { "name1": " ", "name2": " ", "Strahler Stream Order": 4, "long_name": null, "short_name": null }, "geometry": { "type": "MultiLineString", "coordinates": [ [ [ -3.461, 51.641 ], [ -3.46, 51.641 ] ], [ [ -3.445, 51.806 ], [ -3.434, 51.793 ] ], [ [ -3.411, 51.763 ], [ -3.411, 51.762 ] ], [ [ -3.37, 51.819 ], [ -3.372, 51.812 ], [ -3.364, 51.798 ] ], [ [ -3.227, 51.483 ], [ -3.224, 51.481 ] ] ] } },
{ "type": "Feature", "properties": { "name1": " ", "name2": " ", "Strahler Stream Order": 4, "long_name": null, "short_name": null }, "geometry": { "type": "MultiLineString", "coordinates": [ [ [ -3.132, 51.525 ], [ -3.132, 51.524 ] ], [ [ -3.122, 51.531 ], [ -3.132, 51.527 ] ], [ [ -3.129, 51.589 ], [ -3.124, 51.587 ] ], [ [ -3.12, 51.542 ], [ -3.119, 51.537 ] ], [ [ -3.119, 51.533 ], [ -3.119, 51.531 ] ], [ [ -3.095, 51.563 ], [ -3.103, 51.565 ] ], [ [ -3.103, 51.562 ], [ -3.1, 51.56 ] ] ] } },
{ "type": "Feature", "properties": { "name1": "River Spey", "name2": "Boat Pool", "Strahler Stream Order": 6, "long_name": null, "short_name": null }, "geometry": { "type": "LineString", "coordinates": [ [ -3.234, 57.469 ], [ -3.232, 57.47 ] ] } },
{ "type": "Feature", "properties": { "name1": "Scar Pool", "name2": "River Esk", "Strahler Stream Order": 4, "long_name": null, "short_name": null }, "geometry": { "type": "MultiLineString", "coordinates": [ [ [ -3.03, 55.176 ], [ -3.016, 55.18 ] ], [ [ -2.985, 55.123 ], [ -2.986, 55.121 ] ] ] } },
{ "type": "Feature", "properties": { "name1": " ", "name2": " ", "Strahler Stream Order": 4, "long_name": null, "short_name": null }, "geometry": { "type": "LineString", "coordinates": [ [ -4.655, 55.32 ], [ -4.655, 55.319 ] ] } },
{ "type": "Feature", "properties": { "name1": "River Ythan", "name2": "Brewer's Pot", "Strahler Stream Order": 4, "long_name": null, "short_name": null }, "geometry": { "type": "LineString", "coordinates": [ [ -2.364, 57.421 ], [ -2.362, 57.42 ] ] } },
{ "type": "Feature", "properties": { "name1": "River Dee", "name2": "Grey Mare", "Strahler Stream Order": 5, "long_name": null, "short_name": null }, "geometry": { "type": "LineString", "coordinates": [ [ -2.583, 57.057 ], [ -2.579, 57.054 ] ] } },
{ "type": "Feature", "properties": { "name1": " ", "name2": " ", "Strahler Stream Order": 5, "long_name": null, "short_name": null }, "geometry": { "type": "LineString", "coordinates": [ [ -4.951, 55.12 ], [ -4.954, 55.119 ] ] } },
{ "type": "Feature", "properties": { "name1": "River Findhorn", "name2": "Principe Pool", "Strahler Stream Order": 5, "long_name": null, "short_name": null }, "geometry": { "type": "LineString", "coordinates": [ [ -3.669, 57.532 ], [ -3.667, 57.535 ] ] } },
{ "type": "Feature", "properties": { "name1": "Strom Dearg", "name2": " ", "Strahler Stream Order": 4, "long_name": null, "short_name": null }, "geometry": { "type": "LineString", "coordinates": [ [ -7.356, 57.154 ], [ -7.341, 57.152 ] ] } },
{ "type": "Feature", "properties": { "name1": "River South Esk", "name2": "Bridge Pool", "Strahler Stream Order": 4, "long_name": null, "short_name": null }, "geometry": { "type": "LineString", "coordinates": [ [ -2.603, 56.714 ], [ -2.601, 56.713 ] ] } },
{ "type": "Feature", "properties": { "name1": "River Ailort", "name2": " ", "Strahler Stream Order": 4, "long_name": null, "short_name": null }, "geometry": { "type": "LineString", "coordinates": [ [ -5.658, 56.878 ], [ -5.68, 56.876 ] ] } },
{ "type": "Feature", "properties": { "name1": "Linne Lag na Caillich", "name2": "Garbh Uisge", "Strahler Stream Order": 4, "long_name": null, "short_name": null }, "geometry": { "type": "LineString", "coordinates": [ [ -4.257, 56.249 ], [ -4.255, 56.249 ] ] } },
{ "type": "Feature", "properties": { "name1": "Robie's Pool", "name2": "River Tweed", "Strahler Stream Order": 5, "long_name": null, "short_name": null }, "geometry": { "type": "LineString", "coordinates": [ [ -3.108, 55.642 ], [ -3.107, 55.641 ] ] } },
{ "type": "Feature", "properties": { "name1": "Thief's Pot", "name2": "River Deveron", "Strahler Stream Order": 5, "long_name": null, "short_name": null }, "geometry": { "type": "LineString", "coordinates": [ [ -2.519, 57.617 ], [ -2.519, 57.619 ] ] } },
{ "type": "Feature", "properties": { "name1": "Sands Drain", "name2": " ", "Strahler Stream Order": 4, "long_name": null, "short_name": null }, "geometry": { "type": "LineString", "coordinates": [ ] } },
{ "type": "Feature", "properties": { "name1": "River Thurso", "name2": "Mill Pool", "Strahler Stream Order": 5, "long_name": null, "short_name": null }, "geometry": { "type": "MultiLineString", "coordinates": [ [ [ -3.534, 58.483 ], [ -3.528, 58.484 ] ], [ [ -3.513, 58.557 ], [ -3.515, 58.558 ] ], [ [ -3.501, 58.517 ], [ -3.499, 58.516 ] ] ] } },
{ "type": "Feature", "properties": { "name1": "Afon Llugwy", "name2": " ", "Strahler Stream Order": 4, "long_name": null, "short_name": null }, "geometry": { "type": "LineString", "coordinates": [ [ -3.913, 53.102 ], [ -3.885, 53.096 ], [ -3.842, 53.103 ], [ -3.828, 53.1 ], [ -3.823, 53.094 ], [ -3.803, 53.093 ], [ -3.796, 53.1 ] ] } },
{ "type": "Feature", "properties": { "name1": "River Teviot", "name2": "Riplaw", "Strahler Stream Order": 5, "long_name": null, "short_name": null }, "geometry": { "type": "LineString", "coordinates": [ [ -2.569, 55.506 ], [ -2.561, 55.512 ] ] } },
{ "type": "Feature", "properties": { "name1": "River Tay", "name2": " ", "Strahler Stream Order": 6, "long_name": null, "short_name": null }, "geometry": { "type": "LineString", "coordinates": [ [ -4.002, 56.586 ], [ -3.977, 56.596 ], [ -3.971, 56.607 ], [ -3.928, 56.61 ], [ -3.913, 56.616 ], [ -3.895, 56.615 ], [ -3.878, 56.618 ], [ -3.871, 56.625 ], [ -3.855, 56.624 ], [ -3.842, 56.635 ], [ -3.825, 56.638 ], [ -3.809, 56.645 ], [ -3.805, 56.651 ], [ -3.775, 56.659 ], [ -3.758, 56.661 ], [ -3.737, 56.651 ], [ -3.691, 56.651 ], [ -3.653, 56.634 ], [ -3.641, 56.614 ], [ -3.628, 56.609 ], [ -3.629, 56.598 ], [ -3.614, 56.564 ], [ -3.582, 56.564 ], [ -3.561, 56.556 ], [ -3.557, 56.548 ], [ -3.534, 56.539 ], [ -3.511, 56.547 ], [ -3.489, 56.538 ], [ -3.47, 56.54 ], [ -3.454, 56.534 ], [ -3.424, 56.532 ], [ -3.409, 56.544 ], [ -3.389, 56.544 ], [ -3.39, 56.538 ], [ -3.371, 56.529 ], [ -3.371, 56.522 ], [ -3.383, 56.52 ], [ -3.394, 56.508 ], [ -3.412, 56.504 ], [ -3.414, 56.493 ], [ -3.45, 56.477 ], [ -3.448, 56.469 ], [ -3.46, 56.459 ], [ -3.453, 56.443 ], [ -3.467, 56.436 ], [ -3.463, 56.427 ], [ -3.432, 56.411 ], [ -3.425, 56.399 ], [ -3.426, 56.378 ], [ -3.403, 56.379 ], [ -3.384, 56.385 ], [ -3.365, 56.379 ], [ -3.341, 56.375 ], [ -3.321, 56.362 ], [ -3.3, 56.355 ], [ -3.286, 56.355 ] ] } },
{ "type": "Feature", "properties": { "name1": "River Don", "name2": "Dalweary Pot", "Strahler Stream Order": 5, "long_name": null, "short_name": null }, "geometry": { "type": "LineString", "coordinates": [ [ -2.314, 57.227 ], [ -2.309, 57.228 ] ] } },
{ "type": "Feature", "properties": { "name1": "River Teviot", "name2": "Ninewells Pool", "Strahler Stream Order": 5, "long_name": null, "short_name": null }, "geometry": { "type": "LineString", "coordinates": [ [ -2.481, 55.553 ], [ -2.482, 55.554 ] ] } },
{ "type": "Feature", "properties": { "name1": "An Lige Mòr", "name2": " ", "Strahler Stream Order": 4, "long_name": null, "short_name": null }, "geometry": { "type": "LineString", "coordinates": [ [ -7.384, 57.16 ], [ -7.362, 57.157 ] ] } },
{ "type": "Feature", "properties": { "name1": "Allt Braglenmore", "name2": " ", "Strahler Stream Order": 4, "long_name": null, "short_name": null }, "geometry": { "type": "LineString", "coordinates": [ [ -5.384, 56.328 ], [ -5.396, 56.33 ] ] } },
{ "type": "Feature", "properties": { "name1": "River Laxford", "name2": "Fern Pool", "Strahler Stream Order": 4, "long_name": null, "short_name": null }, "geometry": { "type": "LineString", "coordinates": [ [ -4.981, 58.369 ], [ -4.983, 58.368 ] ] } },
{ "type": "Feature", "properties": { "name1": "River Spey", "name2": "Clachnastrone Pool", "Strahler Stream Order": 5, "long_name": null, "short_name": null }, "geometry": { "type": "LineString", "coordinates": [ [ -3.604, 57.321 ], [ -3.599, 57.319 ] ] } },
{ "type": "Feature", "properties": { "name1": "The Rock", "name2": "River Spey", "Strahler Stream Order": 6, "long_name": null, "short_name": null }, "geometry": { "type": "LineString", "coordinates": [ [ -3.123, 57.579 ], [ -3.116, 57.592 ] ] } },
{ "type": "Feature", "properties": { "name1": "Rhymney River", "name2": "Afon Rhymni", "Strahler Stream Order": 4, "long_name": null, "short_name": null }, "geometry": { "type": "MultiLineString", "coordinates": [ [ [ -3.295, 51.768 ], [ -3.282, 51.75 ], [ -3.272, 51.742 ], [ -3.25, 51.73 ], [ -3.243, 51.719 ], [ -3.232, 51.715 ], [ -3.223, 51.702 ], [ -3.23, 51.697 ], [ -3.227, 51.683 ], [ -3.221, 51.679 ], [ -3.227, 51.668 ], [ -3.22, 51.649 ], [ -3.23, 51.64 ], [ -3.235, 51.629 ], [ -3.221, 51.617 ], [ -3.228, 51.597 ], [ -3.196, 51.586 ], [ -3.175, 51.59 ], [ -3.165, 51.589 ], [ -3.154, 51.594 ], [ -3.137, 51.596 ], [ -3.129, 51.589 ] ], [ [ -3.132, 51.527 ], [ -3.132, 51.525 ] ], [ [ -3.132, 51.524 ], [ -3.142, 51.518 ], [ -3.141, 51.502 ], [ -3.12, 51.491 ], [ -3.124, 51.482 ], [ -3.117, 51.475 ] ], [ [ -3.124, 51.587 ], [ -3.122, 51.58 ], [ -3.099, 51.576 ], [ -3.09, 51.57 ], [ -3.095, 51.563 ] ], [ [ -3.119, 51.531 ], [ -3.122, 51.531 ] ], [ [ -3.1, 51.56 ], [ -3.12, 51.542 ] ], [ [ -3.119, 51.537 ], [ -3.119, 51.533 ] ], [ [ -3.103, 51.565 ], [ -3.103, 51.562 ] ] ] } },
{ "type": "Feature", "properties": { "name1": "Upper Maisondieu", "name2": "The Segs", "Strahler Stream Order": 5, "long_name": null, "short_name": null }, "geometry": { "type": "LineString", "coordinates": [ [ -2.462, 55.587 ], [ -2.457, 55.593 ] ] } },
{ "type": "Feature", "properties": { "name1": "Kensary Burn", "name2": " ", "Strahler Stream Order": 4, "long_name": null, "short_name": null }, "geometry": { "type": "LineString", "coordinates": [ [ -3.341, 58.404 ], [ -3.328, 58.422 ], [ -3.314, 58.422 ] ] } },
{ "type": "Feature", "properties": { "name1": "Goodie Water", "name2": " ", "Strahler Stream Order": 4, "long_name": null, "short_name": null }, "geometry": { "type": "LineString", "coordinates": [ [ -4.248, 56.173 ], [ -4.24, 56.176 ], [ -4.186, 56.173 ], [ -4.166, 56.167 ], [ -4.133, 56.153 ], [ -4.119, 56.154 ], [ -4.09, 56.148 ] ] } },
{ "type": "Feature", "properties": { "name1": "Dulais", "name2": " ", "Strahler Stream Order": 4, "long_name": null, "short_name": null }, "geometry": { "type": "LineString", "coordinates": [ [ -3.754, 51.728 ], [ -3.755, 51.721 ], [ -3.769, 51.705 ], [ -3.766, 51.695 ], [ -3.777, 51.686 ], [ -3.777, 51.679 ] ] } },
{ "type": "Feature", "properties": { "name1": "River Spey", "name2": "Brae Water", "Strahler Stream Order": 6, "long_name": null, "short_name": null }, "geometry": { "type": "MultiLineString", "coordinates": [ [ [ -3.129, 57.572 ], [ -3.128, 57.573 ] ], [ [ -3.117, 57.598 ], [ -3.106, 57.615 ] ], [ [ -3.105, 57.615 ], [ -3.107, 57.62 ] ] ] } },
{ "type": "Feature", "properties": { "name1": "River Spey", "name2": "Blacksboat Pool", "Strahler Stream Order": 6, "long_name": null, "short_name": null }, "geometry": { "type": "LineString", "coordinates": [ [ -3.36, 57.434 ], [ -3.359, 57.436 ] ] } },
{ "type": "Feature", "properties": { "name1": "River Spey", "name2": " ", "Strahler Stream Order": 6, "long_name": null, "short_name": null }, "geometry": { "type": "MultiLineString", "coordinates": [ [ [ -4.434, 57.022 ], [ -4.41, 57.015 ], [ -4.387, 57.016 ], [ -4.376, 57.007 ], [ -4.341, 57.01 ], [ -4.314, 57.015 ], [ -4.307, 57.013 ] ], [ [ -4.302, 57.014 ], [ -4.275, 57.019 ], [ -4.261, 57.009 ], [ -4.242, 57.018 ], [ -4.223, 57.014 ], [ -4.192, 57.019 ], [ -4.182, 57.032 ], [ -4.166, 57.038 ], [ -4.159, 57.045 ], [ -4.146, 57.047 ], [ -4.132, 57.054 ] ], [ [ -4.125, 57.054 ], [ -4.106, 57.057 ], [ -4.099, 57.068 ], [ -4.082, 57.07 ] ], [ [ -4.066, 57.07 ], [ -4.047, 57.072 ], [ -4.047, 57.077 ], [ -4.028, 57.084 ], [ -4.006, 57.086 ], [ -3.998, 57.091 ], [ -3.985, 57.089 ], [ -3.975, 57.102 ], [ -3.939, 57.11 ] ], [ [ -3.925, 57.126 ], [ -3.919, 57.133 ], [ -3.895, 57.137 ], [ -3.846, 57.155 ], [ -3.847, 57.171 ], [ -3.83, 57.17 ], [ -3.826, 57.189 ], [ -3.804, 57.197 ], [ -3.81, 57.205 ], [ -3.785, 57.208 ], [ -3.775, 57.216 ], [ -3.761, 57.22 ], [ -3.763, 57.236 ], [ -3.746, 57.242 ], [ -3.747, 57.255 ], [ -3.739, 57.255 ], [ -3.726, 57.266 ], [ -3.717, 57.265 ], [ -3.689, 57.273 ], [ -3.683, 57.279 ], [ -3.663, 57.281 ], [ -3.657, 57.293 ], [ -3.647, 57.294 ], [ -3.626, 57.308 ] ], [ [ -3.626, 57.309 ], [ -3.614, 57.319 ] ], [ [ -3.612, 57.32 ], [ -3.604, 57.321 ] ], [ [ -3.599, 57.319 ], [ -3.594, 57.317 ] ], [ [ -3.591, 57.318 ], [ -3.588, 57.319 ] ], [ [ -3.583, 57.32 ], [ -3.573, 57.325 ], [ -3.554, 57.326 ] ], [ [ -3.553, 57.328 ], [ -3.553, 57.342 ] ], [ [ -3.552, 57.343 ], [ -3.535, 57.346 ] ], [ [ -3.535, 57.348 ], [ -3.536, 57.352 ] ], [ [ -3.536, 57.355 ], [ -3.526, 57.354 ] ], [ [ -3.522, 57.362 ], [ -3.523, 57.363 ] ], [ [ -3.523, 57.355 ], [ -3.521, 57.359 ] ], [ [ -3.521, 57.367 ], [ -3.515, 57.368 ] ], [ [ -3.507, 57.369 ], [ -3.502, 57.37 ] ], [ [ -3.495, 57.373 ], [ -3.491, 57.372 ] ], [ [ -3.488, 57.372 ], [ -3.484, 57.372 ] ], [ [ -3.479, 57.372 ], [ -3.477, 57.372 ] ], [ [ -3.468, 57.383 ], [ -3.475, 57.386 ] ], [ [ -3.475, 57.391 ], [ -3.469, 57.394 ] ], [ [ -3.473, 57.372 ], [ -3.471, 57.373 ] ], [ [ -3.469, 57.38 ], [ -3.468, 57.382 ] ], [ [ -3.469, 57.376 ], [ -3.469, 57.378 ] ], [ [ -3.468, 57.397 ], [ -3.466, 57.4 ] ], [ [ -3.463, 57.401 ], [ -3.46, 57.401 ] ], [ [ -3.455, 57.402 ], [ -3.452, 57.401 ] ], [ [ -3.449, 57.4 ], [ -3.447, 57.399 ] ], [ [ -3.443, 57.399 ], [ -3.441, 57.399 ] ], [ [ -3.437, 57.4 ], [ -3.431, 57.402 ] ], [ [ -3.417, 57.411 ], [ -3.405, 57.415 ] ], [ [ -3.4, 57.415 ], [ -3.384, 57.414 ] ], [ [ -3.379, 57.416 ], [ -3.379, 57.419 ] ], [ [ -3.376, 57.42 ], [ -3.375, 57.421 ] ], [ [ -3.37, 57.422 ], [ -3.367, 57.424 ] ], [ [ -3.363, 57.45 ], [ -3.366, 57.453 ] ], [ [ -3.366, 57.426 ], [ -3.363, 57.429 ] ], [ [ -3.364, 57.455 ], [ -3.351, 57.455 ] ], [ [ -3.361, 57.432 ], [ -3.359, 57.434 ] ], [ [ -3.359, 57.44 ], [ -3.36, 57.443 ] ], [ [ -3.359, 57.436 ], [ -3.359, 57.438 ] ], [ [ -3.348, 57.457 ], [ -3.347, 57.457 ] ], [ [ -3.343, 57.454 ], [ -3.34, 57.451 ] ], [ [ -3.339, 57.451 ], [ -3.335, 57.452 ] ], [ [ -3.333, 57.454 ], [ -3.333, 57.461 ] ], [ [ -3.318, 57.461 ], [ -3.316, 57.458 ] ], [ [ -3.311, 57.457 ], [ -3.306, 57.455 ] ], [ [ -3.295, 57.453 ], [ -3.294, 57.454 ] ], [ [ -3.292, 57.456 ], [ -3.29, 57.457 ] ], [ [ -3.281, 57.456 ], [ -3.277, 57.457 ] ], [ [ -3.272, 57.46 ], [ -3.27, 57.46 ] ], [ [ -3.269, 57.461 ], [ -3.266, 57.466 ] ], [ [ -3.266, 57.467 ], [ -3.263, 57.468 ] ], [ [ -3.258, 57.469 ], [ -3.256, 57.47 ] ], [ [ -3.251, 57.469 ], [ -3.25, 57.468 ] ], [ [ -3.247, 57.467 ], [ -3.243, 57.465 ] ], [ [ -3.239, 57.465 ], [ -3.236, 57.469 ] ], [ [ -3.228, 57.472 ], [ -3.21, 57.479 ] ], [ [ -3.204, 57.481 ], [ -3.202, 57.481 ] ], [ [ -3.199, 57.516 ], [ -3.201, 57.519 ] ], [ [ -3.197, 57.506 ], [ -3.2, 57.509 ] ], [ [ -3.199, 57.512 ], [ -3.198, 57.513 ] ], [ [ -3.198, 57.523 ], [ -3.196, 57.524 ] ], [ [ -3.197, 57.485 ], [ -3.197, 57.49 ] ], [ [ -3.194, 57.535 ], [ -3.193, 57.539 ] ], [ [ -3.192, 57.539 ], [ -3.187, 57.542 ] ], [ [ -3.191, 57.525 ], [ -3.188, 57.527 ] ], [ [ -3.189, 57.53 ], [ -3.19, 57.531 ] ], [ [ -3.182, 57.506 ], [ -3.184, 57.506 ] ], [ [ -3.184, 57.493 ], [ -3.183, 57.493 ] ], [ [ -3.183, 57.542 ], [ -3.182, 57.539 ] ], [ [ -3.181, 57.495 ], [ -3.181, 57.496 ] ], [ [ -3.178, 57.503 ], [ -3.179, 57.503 ] ], [ [ -3.174, 57.534 ], [ -3.166, 57.536 ] ], [ [ -3.165, 57.536 ], [ -3.16, 57.539 ] ], [ [ -3.149, 57.542 ], [ -3.149, 57.544 ] ], [ [ -3.149, 57.546 ], [ -3.149, 57.548 ] ], [ [ -3.145, 57.55 ], [ -3.141, 57.551 ] ], [ [ -3.107, 57.62 ], [ -3.106, 57.621 ] ], [ [ -3.098, 57.63 ], [ -3.105, 57.635 ] ], [ [ -3.1, 57.637 ], [ -3.095, 57.645 ] ], [ [ -3.097, 57.674 ], [ -3.1, 57.677 ] ], [ [ -3.099, 57.652 ], [ -3.103, 57.661 ], [ -3.093, 57.671 ] ], [ [ -3.097, 57.627 ], [ -3.097, 57.628 ] ] ] } },
{ "type": "Feature", "properties": { "name1": "Rock Pool", "name2": "River Aline", "Strahler Stream Order": 4, "long_name": null, "short_name": null }, "geometry": { "type": "LineString", "coordinates": [ [ -5.752, 56.581 ], [ -5.752, 56.579 ] ] } },
{ "type": "Feature", "properties": { "name1": "River Dee", "name2": "Jock Young's Leap", "Strahler Stream Order": 5, "long_name": null, "short_name": null }, "geometry": { "type": "LineString", "coordinates": [ [ -2.651, 57.067 ], [ -2.649, 57.066 ] ] } },
{ "type": "Feature", "properties": { "name1": "Afon Gaseg", "name2": " ", "Strahler Stream Order": 4, "long_name": null, "short_name": null }, "geometry": { "type": "LineString", "coordinates": [ [ -4.074, 52.953 ], [ -4.088, 52.949 ] ] } },
{ "type": "Feature", "properties": { "name1": "River Avan", "name2": "Afon Afan", "Strahler Stream Order": 4, "long_name": null, "short_name": null }, "geometry": { "type": "LineString", "coordinates": [ [ -3.647, 51.654 ], [ -3.664, 51.655 ], [ -3.671, 51.649 ], [ -3.687, 51.65 ], [ -3.709, 51.642 ], [ -3.723, 51.641 ], [ -3.735, 51.632 ], [ -3.746, 51.633 ], [ -3.744, 51.623 ], [ -3.75, 51.617 ], [ -3.765, 51.611 ], [ -3.787, 51.594 ], [ -3.796, 51.592 ], [ -3.8, 51.584 ], [ -3.81, 51.582 ] ] } },
{ "type": "Feature", "properties": { "name1": "Carnoch River", "name2": " ", "Strahler Stream Order": 4, "long_name": null, "short_name": null }, "geometry": { "type": "LineString", "coordinates": [ [ -5.519, 56.69 ], [ -5.546, 56.685 ] ] } },
{ "type": "Feature", "properties": { "name1": "Afon Dwyfach", "name2": " ", "Strahler Stream Order": 4, "long_name": null, "short_name": null }, "geometry": { "type": "LineString", "coordinates": [ [ -4.265, 52.974 ], [ -4.265, 52.957 ], [ -4.277, 52.947 ], [ -4.273, 52.938 ], [ -4.287, 52.933 ], [ -4.295, 52.919 ], [ -4.285, 52.917 ] ] } },
{ "type": "Feature", "properties": { "name1": "Afon Gwyrfai", "name2": " ", "Strahler Stream Order": 4, "long_name": null, "short_name": null }, "geometry": { "type": "MultiLineString", "coordinates": [ [ [ -4.163, 53.078 ], [ -4.171, 53.086 ], [ -4.192, 53.093 ], [ -4.192, 53.102 ], [ -4.213, 53.11 ], [ -4.242, 53.114 ], [ -4.261, 53.111 ], [ -4.264, 53.115 ], [ -4.285, 53.113 ], [ -4.316, 53.107 ], [ -4.316, 53.121 ], [ -4.32, 53.127 ] ], [ [ -4.139, 53.064 ], [ -4.143, 53.067 ] ] ] } },
{ "type": "Feature", "properties": { "name1": "River Teviot", "name2": "Assie Pool", "Strahler Stream Order": 5, "long_name": null, "short_name": null }, "geometry": { "type": "LineString", "coordinates": [ [ -2.47, 55.572 ], [ -2.469, 55.573 ] ] } },
{ "type": "Feature", "properties": { "name1": "Urr Water", "name2": "Dell's Reach", "Strahler Stream Order": 5, "long_name": null, "short_name": null }, "geometry": { "type": "LineString", "coordinates": [ [ -3.822, 54.886 ], [ -3.818, 54.89 ] ] } },
{ "type": "Feature", "properties": { "name1": "North Ugie Water", "name2": " ", "Strahler Stream Order": 4, "long_name": null, "short_name": null }, "geometry": { "type": "LineString", "coordinates": [ [ -2.139, 57.603 ], [ -2.111, 57.602 ], [ -2.102, 57.597 ], [ -2.093, 57.585 ], [ -2.084, 57.582 ], [ -2.077, 57.572 ], [ -2.068, 57.57 ], [ -2.033, 57.57 ], [ -2.023, 57.566 ], [ -2.014, 57.556 ], [ -1.994, 57.551 ], [ -1.979, 57.54 ], [ -1.963, 57.544 ], [ -1.948, 57.544 ], [ -1.933, 57.53 ], [ -1.908, 57.527 ] ] } },
{ "type": "Feature", "properties": { "name1": "The Cut", "name2": "River Cree", "Strahler Stream Order": 4, "long_name": null, "short_name": null }, "geometry": { "type": "LineString", "coordinates": [ [ -4.529, 55.001 ], [ -4.527, 54.999 ] ] } },
{ "type": "Feature", "properties": { "name1": "River Foss", "name2": "Brownie Dyke", "Strahler Stream Order": 4, "long_name": null, "short_name": null }, "geometry": { "type": "LineString", "coordinates": [ ] } },
{ "type": "Feature", "properties": { "name1": "River Spey", "name2": "Coble Pot", "Strahler Stream Order": 6, "long_name": null, "short_name": null }, "geometry": { "type": "LineString", "coordinates": [ [ -3.198, 57.513 ], [ -3.199, 57.516 ] ] } },
{ "type": "Feature", "properties": { "name1": "Whiteadder Water", "name2": "Sandy's Pool", "Strahler Stream Order": 4, "long_name": null, "short_name": null }, "geometry": { "type": "LineString", "coordinates": [ [ -2.228, 55.792 ], [ -2.225, 55.792 ] ] } },
{ "type": "Feature", "properties": { "name1": "River Nith", "name2": "Glenairlie Pool", "Strahler Stream Order": 4, "long_name": null, "short_name": null }, "geometry": { "type": "LineString", "coordinates": [ [ -3.838, 55.331 ], [ -3.837, 55.33 ] ] } },
{ "type": "Feature", "properties": { "name1": "Malpas Brook", "name2": " ", "Strahler Stream Order": 4, "long_name": null, "short_name": null }, "geometry": { "type": "LineString", "coordinates": [ [ -3.008, 51.6 ], [ -2.998, 51.597 ] ] } },
{ "type": "Feature", "properties": { "name1": "River Thurso", "name2": "Linn More Pool", "Strahler Stream Order": 5, "long_name": null, "short_name": null }, "geometry": { "type": "LineString", "coordinates": [ [ -3.509, 58.497 ], [ -3.508, 58.498 ] ] } },
{ "type": "Feature", "properties": { "name1": "Eas Gobhain", "name2": " ", "Strahler Stream Order": 4, "long_name": null, "short_name": null }, "geometry": { "type": "LineString", "coordinates": [ [ -4.263, 56.23 ], [ -4.248, 56.239 ], [ -4.223, 56.241 ] ] } },
{ "type": "Feature", "properties": { "name1": "River Mudale", "name2": " ", "Strahler Stream Order": 4, "long_name": null, "short_name": null }, "geometry": { "type": "LineString", "coordinates": [ [ -4.507, 58.283 ], [ -4.484, 58.289 ], [ -4.464, 58.291 ], [ -4.446, 58.289 ], [ -4.427, 58.283 ] ] } },
{ "type": "Feature", "properties": { "name1": " ", "name2": " ", "Strahler Stream Order": 4, "long_name": null, "short_name": null }, "geometry": { "type": "LineString", "coordinates": [ [ -5.013, 56.122 ], [ -5.004, 56.118 ], [ -4.99, 56.103 ], [ -4.994, 56.074 ], [ -4.988, 56.061 ], [ -4.985, 56.039 ] ] } },
{ "type": "Feature", "properties": { "name1": "Whitehill Pot", "name2": "River Deveron", "Strahler Stream Order": 5, "long_name": null, "short_name": null }, "geometry": { "type": "LineString", "coordinates": [ [ -2.515, 57.609 ], [ -2.516, 57.612 ] ] } },
{ "type": "Feature", "properties": { "name1": "River Sligachan", "name2": " ", "Strahler Stream Order": 4, "long_name": null, "short_name": null }, "geometry": { "type": "LineString", "coordinates": [ [ -6.17, 57.283 ], [ -6.174, 57.293 ], [ -6.147, 57.302 ] ] } },
{ "type": "Feature", "properties": { "name1": "River Teviot", "name2": "Nisbetmill Cauld", "Strahler Stream Order": 5, "long_name": null, "short_name": null }, "geometry": { "type": "LineString", "coordinates": [ [ -2.558, 55.513 ], [ -2.55, 55.513 ] ] } },
{ "type": "Feature", "properties": { "name1": "Rough Mires", "name2": "River Don", "Strahler Stream Order": 4, "long_name": null, "short_name": null }, "geometry": { "type": "LineString", "coordinates": [ [ -2.856, 57.244 ], [ -2.85, 57.244 ] ] } },
{ "type": "Feature", "properties": { "name1": "River Tyne", "name2": " ", "Strahler Stream Order": 4, "long_name": null, "short_name": null }, "geometry": { "type": "MultiLineString", "coordinates": [ [ [ -2.874, 55.909 ], [ -2.859, 55.919 ], [ -2.83, 55.928 ], [ -2.818, 55.928 ], [ -2.81, 55.935 ], [ -2.799, 55.935 ], [ -2.792, 55.949 ] ], [ [ -2.784, 55.95 ], [ -2.772, 55.951 ], [ -2.774, 55.959 ], [ -2.759, 55.959 ], [ -2.728, 55.968 ], [ -2.704, 55.967 ], [ -2.692, 55.974 ], [ -2.669, 55.976 ], [ -2.653, 55.986 ], [ -2.619, 55.999 ], [ -2.606, 56.008 ], [ -2.588, 56.0 ], [ -2.574, 56.019 ] ] ] } },
{ "type": "Feature", "properties": { "name1": "River Thurso", "name2": "Redbrae Pool", "Strahler Stream Order": 4, "long_name": null, "short_name": null }, "geometry": { "type": "LineString", "coordinates": [ [ -3.494, 58.418 ], [ -3.491, 58.419 ] ] } },
{ "type": "Feature", "properties": { "name1": "Afon Lliw", "name2": " ", "Strahler Stream Order": 4, "long_name": null, "short_name": null }, "geometry": { "type": "LineString", "coordinates": [ [ -4.049, 51.656 ], [ -4.059, 51.654 ], [ -4.079, 51.658 ], [ -4.083, 51.662 ] ] } },
{ "type": "Feature", "properties": { "name1": "River Fleet", "name2": " ", "Strahler Stream Order": 4, "long_name": null, "short_name": null }, "geometry": { "type": "LineString", "coordinates": [ [ -4.203, 58.004 ], [ -4.179, 58.002 ], [ -4.176, 57.991 ], [ -4.165, 57.991 ], [ -4.153, 57.984 ], [ -4.131, 57.981 ], [ -4.117, 57.971 ], [ -4.086, 57.964 ], [ -4.071, 57.956 ], [ -4.064, 57.944 ], [ -4.046, 57.941 ], [ -4.049, 57.935 ], [ -4.025, 57.93 ], [ -4.012, 57.934 ], [ -3.993, 57.931 ] ] } },
{ "type": "Feature", "properties": { "name1": "River Teviot", "name2": "Ashtree Cast", "Strahler Stream Order": 5, "long_name": null, "short_name": null }, "geometry": { "type": "LineString", "coordinates": [ [ -2.476, 55.563 ], [ -2.474, 55.566 ] ] } },
{ "type": "Feature", "properties": { "name1": "Shanks Pool", "name2": "River Spey", "Strahler Stream Order": 6, "long_name": null, "short_name": null }, "geometry": { "type": "LineString", "coordinates": [ [ -3.194, 57.491 ], [ -3.184, 57.493 ] ] } },
{ "type": "Feature", "properties": { "name1": "River Sorn", "name2": " ", "Strahler Stream Order": 4, "long_name": null, "short_name": null }, "geometry": { "type": "LineString", "coordinates": [ [ -6.204, 55.804 ], [ -6.213, 55.794 ], [ -6.227, 55.788 ], [ -6.226, 55.782 ], [ -6.25, 55.782 ], [ -6.267, 55.775 ] ] } },
{ "type": "Feature", "properties": { "name1": "River Kingie", "name2": "Aobran Allt a' Ghiubhais", "Strahler Stream Order": 4, "long_name": null, "short_name": null }, "geometry": { "type": "LineString", "coordinates": [ [ -5.165, 57.042 ], [ -5.15, 57.049 ] ] } },
{ "type": "Feature", "properties": { "name1": "River Shiel", "name2": " ", "Strahler Stream Order": 4, "long_name": null, "short_name": null }, "geometry": { "type": "MultiLineString", "coordinates": [ [ [ -5.831, 56.77 ], [ -5.832, 56.785 ] ], [ [ -5.821, 56.764 ], [ -5.831, 56.768 ] ], [ [ -5.82, 56.757 ], [ -5.825, 56.758 ] ], [ [ -5.809, 56.757 ], [ -5.811, 56.757 ] ], [ [ -5.802, 56.753 ], [ -5.808, 56.756 ] ] ] } },
{ "type": "Feature", "properties": { "name1": "River Thurso", "name2": "Boat Pool", "Strahler Stream Order": 5, "long_name": null, "short_name": null }, "geometry": { "type": "LineString", "coordinates": [ [ -3.507, 58.556 ], [ -3.508, 58.557 ] ] } },
{ "type": "Feature", "properties": { "name1": "Loup Pool", "name2": "Liddel Water", "Strahler Stream Order": 4, "long_name": null, "short_name": null }, "geometry": { "type": "LineString", "coordinates": [ [ -2.892, 55.088 ], [ -2.893, 55.085 ] ] } },
{ "type": "Feature", "properties": { "name1": "Sulags Pools", "name2": "River Thurso", "Strahler Stream Order": 5, "long_name": null, "short_name": null }, "geometry": { "type": "LineString", "coordinates": [ [ -3.483, 58.528 ], [ -3.483, 58.53 ] ] } },
{ "type": "Feature", "properties": { "name1": "River Lochy", "name2": "Poll Eas nan Long", "Strahler Stream Order": 6, "long_name": null, "short_name": null }, "geometry": { "type": "LineString", "coordinates": [ [ -5.058, 56.869 ], [ -5.06, 56.864 ] ] } },
{ "type": "Feature", "properties": { "name1": "River Laxford", "name2": "Duke's Pool", "Strahler Stream Order": 4, "long_name": null, "short_name": null }, "geometry": { "type": "LineString", "coordinates": [ [ -4.983, 58.358 ], [ -4.982, 58.359 ] ] } },
{ "type": "Feature", "properties": { "name1": "River Don", "name2": "Commons Pot", "Strahler Stream Order": 5, "long_name": null, "short_name": null }, "geometry": { "type": "LineString", "coordinates": [ [ -2.339, 57.238 ], [ -2.339, 57.237 ] ] } },
{ "type": "Feature", "properties": { "name1": "River Ythan", "name2": "Laundry Pool", "Strahler Stream Order": 4, "long_name": null, "short_name": null }, "geometry": { "type": "LineString", "coordinates": [ [ -2.212, 57.414 ], [ -2.208, 57.414 ] ] } },
{ "type": "Feature", "properties": { "name1": "Kyle of Sutherland", "name2": "Allt a' Churraichd", "Strahler Stream Order": 6, "long_name": null, "short_name": null }, "geometry": { "type": "LineString", "coordinates": [ [ -4.415, 57.932 ], [ -4.413, 57.93 ] ] } },
{ "type": "Feature", "properties": { "name1": "River Don", "name2": "Borealis Pot", "Strahler Stream Order": 4, "long_name": null, "short_name": null }, "geometry": { "type": "LineString", "coordinates": [ [ -2.512, 57.229 ], [ -2.508, 57.228 ] ] } },
{ "type": "Feature", "properties": { "name1": "River Clyde", "name2": "Corra Linn", "Strahler Stream Order": 5, "long_name": null, "short_name": null }, "geometry": { "type": "LineString", "coordinates": [ [ -3.778, 55.649 ], [ -3.776, 55.656 ] ] } },
{ "type": "Feature", "properties": { "name1": "River Tweed", "name2": "Eddy Pool", "Strahler Stream Order": 6, "long_name": null, "short_name": null }, "geometry": { "type": "LineString", "coordinates": [ [ -2.697, 55.604 ], [ -2.695, 55.603 ] ] } },
{ "type": "Feature", "properties": { "name1": "Abhainn Ghuilbinn", "name2": " ", "Strahler Stream Order": 4, "long_name": null, "short_name": null }, "geometry": { "type": "LineString", "coordinates": [ [ -4.596, 56.84 ], [ -4.587, 56.877 ], [ -4.574, 56.885 ], [ -4.566, 56.902 ], [ -4.571, 56.907 ], [ -4.588, 56.908 ] ] } },
{ "type": "Feature", "properties": { "name1": "Afon Nedd", "name2": "River Neath", "Strahler Stream Order": 4, "long_name": null, "short_name": null }, "geometry": { "type": "MultiLineString", "coordinates": [ [ [ -3.622, 51.743 ], [ -3.646, 51.739 ], [ -3.659, 51.728 ], [ -3.675, 51.723 ], [ -3.684, 51.715 ], [ -3.702, 51.714 ], [ -3.712, 51.703 ], [ -3.729, 51.698 ], [ -3.739, 51.69 ], [ -3.76, 51.681 ], [ -3.777, 51.679 ], [ -3.793, 51.667 ], [ -3.806, 51.667 ], [ -3.819, 51.655 ], [ -3.838, 51.651 ], [ -3.839, 51.645 ], [ -3.831, 51.636 ], [ -3.832, 51.626 ], [ -3.848, 51.619 ], [ -3.872, 51.603 ] ], [ [ -3.611, 51.748 ], [ -3.619, 51.745 ] ], [ [ -3.591, 51.755 ], [ -3.61, 51.748 ] ] ] } },
{ "type": "Feature", "properties": { "name1": "River Tweed", "name2": "How Ford", "Strahler Stream Order": 5, "long_name": null, "short_name": null }, "geometry": { "type": "LineString", "coordinates": [ [ -3.094, 55.623 ], [ -3.092, 55.622 ] ] } },
{ "type": "Feature", "properties": { "name1": "River Laxford", "name2": " ", "Strahler Stream Order": 4, "long_name": null, "short_name": null }, "geometry": { "type": "MultiLineString", "coordinates": [ [ [ -4.983, 58.368 ], [ -5.0, 58.375 ], [ -5.02, 58.377 ] ], [ [ -4.985, 58.364 ], [ -4.981, 58.368 ] ], [ [ -4.982, 58.359 ], [ -4.983, 58.363 ] ], [ [ -4.959, 58.347 ], [ -4.983, 58.358 ] ] ] } },
{ "type": "Feature", "properties": { "name1": "White Cart Water", "name2": " ", "Strahler Stream Order": 4, "long_name": null, "short_name": null }, "geometry": { "type": "MultiLineString", "coordinates": [ [ [ -4.422, 55.864 ], [ -4.41, 55.874 ], [ -4.406, 55.883 ] ], [ [ -4.282, 55.768 ], [ -4.266, 55.782 ], [ -4.268, 55.793 ], [ -4.259, 55.818 ], [ -4.301, 55.827 ], [ -4.318, 55.827 ], [ -4.339, 55.832 ], [ -4.338, 55.839 ], [ -4.355, 55.842 ], [ -4.374, 55.838 ], [ -4.4, 55.836 ], [ -4.418, 55.841 ], [ -4.422, 55.851 ] ] ] } },
{ "type": "Feature", "properties": { "name1": "River Spey", "name2": "Poll Breugach", "Strahler Stream Order": 5, "long_name": null, "short_name": null }, "geometry": { "type": "LineString", "coordinates": [ [ -4.082, 57.069 ], [ -4.066, 57.07 ] ] } },
{ "type": "Feature", "properties": { "name1": "River Bogie", "name2": " ", "Strahler Stream Order": 4, "long_name": null, "short_name": null }, "geometry": { "type": "LineString", "coordinates": [ [ -2.798, 57.41 ], [ -2.794, 57.419 ], [ -2.804, 57.43 ], [ -2.775, 57.447 ], [ -2.769, 57.459 ] ] } },
{ "type": "Feature", "properties": { "name1": "River North Esk", "name2": "Meeting of the Waters", "Strahler Stream Order": 4, "long_name": null, "short_name": null }, "geometry": { "type": "LineString", "coordinates": [ [ -3.059, 55.911 ], [ -3.058, 55.911 ] ] } },
{ "type": "Feature", "properties": { "name1": "Eas Gobhain", "name2": "Coilantogle Ford", "Strahler Stream Order": 4, "long_name": null, "short_name": null }, "geometry": { "type": "LineString", "coordinates": [ [ -4.264, 56.23 ], [ -4.263, 56.23 ] ] } },
{ "type": "Feature", "properties": { "name1": "Afon Iaen", "name2": " ", "Strahler Stream Order": 4, "long_name": null, "short_name": null }, "geometry": { "type": "LineString", "coordinates": [ [ -3.631, 52.609 ], [ -3.64, 52.611 ] ] } },
{ "type": "Feature", "properties": { "name1": "River Balgy", "name2": "Poll a' Gobha", "Strahler Stream Order": 4, "long_name": null, "short_name": null }, "geometry": { "type": "LineString", "coordinates": [ [ -5.598, 57.527 ], [ -5.598, 57.529 ] ] } },
{ "type": "Feature", "properties": { "name1": "Water of Deugh", "name2": " ", "Strahler Stream Order": 4, "long_name": null, "short_name": null }, "geometry": { "type": "MultiLineString", "coordinates": [ [ [ -4.276, 55.252 ], [ -4.27, 55.241 ], [ -4.261, 55.238 ], [ -4.27, 55.221 ] ], [ [ -4.271, 55.218 ], [ -4.263, 55.21 ] ], [ [ -4.261, 55.21 ], [ -4.252, 55.211 ], [ -4.224, 55.207 ], [ -4.199, 55.198 ], [ -4.189, 55.192 ] ] ] } },
{ "type": "Feature", "properties": { "name1": "Water of May", "name2": " ", "Strahler Stream Order": 4, "long_name": null, "short_name": null }, "geometry": { "type": "LineString", "coordinates": [ [ -3.482, 56.294 ], [ -3.491, 56.304 ], [ -3.5, 56.328 ], [ -3.535, 56.33 ], [ -3.543, 56.343 ], [ -3.539, 56.349 ] ] } },
{ "type": "Feature", "properties": { "name1": "River Don", "name2": "Phemie Pool", "Strahler Stream Order": 4, "long_name": null, "short_name": null }, "geometry": { "type": "LineString", "coordinates": [ [ -2.591, 57.269 ], [ -2.584, 57.269 ] ] } },
{ "type": "Feature", "properties": { "name1": "River Tweed", "name2": "Minister's Pool", "Strahler Stream Order": 5, "long_name": null, "short_name": null }, "geometry": { "type": "LineString", "coordinates": [ [ -3.203, 55.651 ], [ -3.197, 55.651 ] ] } },
{ "type": "Feature", "properties": { "name1": "River Tweed", "name2": "Innes's Cast", "Strahler Stream Order": 6, "long_name": null, "short_name": null }, "geometry": { "type": "LineString", "coordinates": [ [ -2.456, 55.599 ], [ -2.453, 55.601 ] ] } },
{ "type": "Feature", "properties": { "name1": "River Brora", "name2": "Madman", "Strahler Stream Order": 4, "long_name": null, "short_name": null }, "geometry": { "type": "LineString", "coordinates": [ [ -3.89, 58.008 ], [ -3.885, 58.01 ] ] } },
{ "type": "Feature", "properties": { "name1": "River Tweed", "name2": "Old Washing Pool", "Strahler Stream Order": 4, "long_name": null, "short_name": null }, "geometry": { "type": "LineString", "coordinates": [ [ -3.377, 55.602 ], [ -3.376, 55.604 ] ] } },
{ "type": "Feature", "properties": { "name1": "River Einig", "name2": "Linne a' Ghiubhais", "Strahler Stream Order": 5, "long_name": null, "short_name": null }, "geometry": { "type": "LineString", "coordinates": [ [ -4.736, 57.96 ], [ -4.735, 57.96 ] ] } },
{ "type": "Feature", "properties": { "name1": "River Bovey", "name2": "Bovey and Teign Meeting", "Strahler Stream Order": 5, "long_name": null, "short_name": null }, "geometry": { "type": "LineString", "coordinates": [ ] } },
{ "type": "Feature", "properties": { "name1": "River Deveron", "name2": "Black Pot", "Strahler Stream Order": 4, "long_name": null, "short_name": null }, "geometry": { "type": "LineString", "coordinates": [ [ -2.845, 57.469 ], [ -2.842, 57.468 ] ] } },
{ "type": "Feature", "properties": { "name1": "Ryefield Burn", "name2": " ", "Strahler Stream Order": 5, "long_name": null, "short_name": null }, "geometry": { "type": "LineString", "coordinates": [ [ -4.405, 57.588 ], [ -4.4, 57.593 ] ] } },
{ "type": "Feature", "properties": { "name1": "Willow Tree", "name2": "Skelly Rock", "Strahler Stream Order": 6, "long_name": null, "short_name": null }, "geometry": { "type": "LineString", "coordinates": [ [ -2.464, 55.594 ], [ -2.461, 55.597 ] ] } },
{ "type": "Feature", "properties": { "name1": "The Bush", "name2": " ", "Strahler Stream Order": 4, "long_name": null, "short_name": null }, "geometry": { "type": "LineString", "coordinates": [ [ -3.254, 58.984 ], [ -3.255, 58.976 ] ] } },
{ "type": "Feature", "properties": { "name1": "River Lyon", "name2": "Peter's Pool", "Strahler Stream Order": 4, "long_name": null, "short_name": null }, "geometry": { "type": "LineString", "coordinates": [ [ -4.074, 56.593 ], [ -4.071, 56.592 ] ] } },
{ "type": "Feature", "properties": { "name1": "River Forth", "name2": "Longcarse Reach", "Strahler Stream Order": 6, "long_name": null, "short_name": null }, "geometry": { "type": "LineString", "coordinates": [ [ -3.805, 56.109 ], [ -3.794, 56.104 ] ] } },
{ "type": "Feature", "properties": { "name1": "Lochar Water", "name2": "Highlandman's Pool", "Strahler Stream Order": 4, "long_name": null, "short_name": null }, "geometry": { "type": "LineString", "coordinates": [ [ -3.494, 54.99 ], [ -3.49, 54.986 ] ] } },
{ "type": "Feature", "properties": { "name1": "River Gaur", "name2": " ", "Strahler Stream Order": 4, "long_name": null, "short_name": null }, "geometry": { "type": "MultiLineString", "coordinates": [ [ [ -4.514, 56.678 ], [ -4.512, 56.678 ] ], [ [ -4.508, 56.678 ], [ -4.486, 56.682 ], [ -4.479, 56.679 ], [ -4.439, 56.68 ] ] ] } },
{ "type": "Feature", "properties": { "name1": "River Ythan", "name2": " ", "Strahler Stream Order": 4, "long_name": null, "short_name": null }, "geometry": { "type": "MultiLineString", "coordinates": [ [ [ -2.391, 57.446 ], [ -2.403, 57.433 ], [ -2.396, 57.429 ] ], [ [ -2.392, 57.428 ], [ -2.367, 57.422 ] ], [ [ -2.366, 57.421 ], [ -2.364, 57.421 ] ], [ [ -2.362, 57.42 ], [ -2.354, 57.418 ] ], [ [ -2.352, 57.418 ], [ -2.349, 57.419 ] ], [ [ -2.35, 57.42 ], [ -2.351, 57.423 ] ], [ [ -2.35, 57.424 ], [ -2.349, 57.425 ] ], [ [ -2.348, 57.426 ], [ -2.34, 57.433 ] ], [ [ -2.338, 57.433 ], [ -2.334, 57.432 ] ], [ [ -2.331, 57.433 ], [ -2.326, 57.438 ] ], [ [ -2.325, 57.438 ], [ -2.302, 57.437 ] ], [ [ -2.304, 57.441 ], [ -2.303, 57.442 ] ], [ [ -2.301, 57.438 ], [ -2.303, 57.44 ] ], [ [ -2.301, 57.443 ], [ -2.295, 57.443 ] ], [ [ -2.293, 57.442 ], [ -2.288, 57.441 ] ], [ [ -2.287, 57.44 ], [ -2.281, 57.444 ] ], [ [ -2.279, 57.444 ], [ -2.273, 57.446 ] ], [ [ -2.27, 57.446 ], [ -2.268, 57.445 ] ], [ [ -2.258, 57.44 ], [ -2.255, 57.435 ] ], [ [ -2.25, 57.434 ], [ -2.246, 57.432 ] ], [ [ -2.237, 57.426 ], [ -2.23, 57.42 ] ], [ [ -2.227, 57.42 ], [ -2.212, 57.414 ] ], [ [ -2.208, 57.414 ], [ -2.2, 57.414 ] ], [ [ -2.199, 57.414 ], [ -2.192, 57.415 ] ], [ [ -2.188, 57.415 ], [ -2.169, 57.404 ] ], [ [ -2.167, 57.403 ], [ -2.157, 57.39 ] ], [ [ -2.154, 57.389 ], [ -2.131, 57.378 ] ], [ [ -2.132, 57.376 ], [ -2.131, 57.371 ] ], [ [ -2.129, 57.369 ], [ -2.123, 57.366 ], [ -2.098, 57.369 ], [ -2.092, 57.364 ], [ -2.053, 57.364 ] ], [ [ -2.051, 57.363 ], [ -2.019, 57.361 ], [ -2.009, 57.356 ], [ -2.001, 57.342 ], [ -1.997, 57.325 ], [ -1.989, 57.321 ], [ -1.99, 57.31 ] ] ] } },
{ "type": "Feature", "properties": { "name1": "River Creran", "name2": " ", "Strahler Stream Order": 4, "long_name": null, "short_name": null }, "geometry": { "type": "MultiLineString", "coordinates": [ [ [ -5.223, 56.574 ], [ -5.228, 56.566 ], [ -5.243, 56.565 ], [ -5.262, 56.554 ] ], [ [ -5.196, 56.585 ], [ -5.215, 56.581 ] ] ] } },
{ "type": "Feature", "properties": { "name1": " ", "name2": " ", "Strahler Stream Order": 4, "long_name": null, "short_name": null }, "geometry": { "type": "MultiLineString", "coordinates": [ [ [ -4.432, 56.182 ], [ -4.417, 56.182 ] ], [ [ -4.348, 56.221 ], [ -4.327, 56.223 ], [ -4.295, 56.22 ], [ -4.27, 56.225 ], [ -4.264, 56.23 ] ], [ [ -4.327, 56.307 ], [ -4.314, 56.299 ], [ -4.29, 56.29 ], [ -4.286, 56.261 ] ] ] } },
{ "type": "Feature", "properties": { "name1": "Halladale River", "name2": "Achiemore Pool", "Strahler Stream Order": 4, "long_name": null, "short_name": null }, "geometry": { "type": "LineString", "coordinates": [ [ -3.902, 58.497 ], [ -3.901, 58.502 ] ] } },
{ "type": "Feature", "properties": { "name1": "Endrick Water", "name2": " ", "Strahler Stream Order": 4, "long_name": null, "short_name": null }, "geometry": { "type": "LineString", "coordinates": [ [ -4.403, 56.039 ], [ -4.434, 56.044 ], [ -4.451, 56.057 ], [ -4.474, 56.056 ], [ -4.491, 56.063 ], [ -4.52, 56.069 ] ] } },
{ "type": "Feature", "properties": { "name1": "Afon Tryweryn", "name2": " ", "Strahler Stream Order": 4, "long_name": null, "short_name": null }, "geometry": { "type": "MultiLineString", "coordinates": [ [ [ -3.779, 52.929 ], [ -3.766, 52.938 ], [ -3.757, 52.938 ], [ -3.722, 52.946 ] ], [ [ -3.672, 52.944 ], [ -3.648, 52.947 ], [ -3.637, 52.938 ], [ -3.628, 52.938 ], [ -3.613, 52.93 ], [ -3.607, 52.918 ], [ -3.6, 52.919 ], [ -3.582, 52.907 ] ] ] } },
{ "type": "Feature", "properties": { "name1": "River Deveron", "name2": "Boat Pool", "Strahler Stream Order": 5, "long_name": null, "short_name": null }, "geometry": { "type": "LineString", "coordinates": [ [ -2.619, 57.514 ], [ -2.614, 57.513 ] ] } },
{ "type": "Feature", "properties": { "name1": "Taf Fechan", "name2": " ", "Strahler Stream Order": 4, "long_name": null, "short_name": null }, "geometry": { "type": "LineString", "coordinates": [ [ -3.364, 51.798 ], [ -3.365, 51.781 ], [ -3.381, 51.783 ], [ -3.394, 51.768 ], [ -3.402, 51.764 ], [ -3.395, 51.757 ] ] } },
{ "type": "Feature", "properties": { "name1": "Afon Rhythallt", "name2": " ", "Strahler Stream Order": 4, "long_name": null, "short_name": null }, "geometry": { "type": "MultiLineString", "coordinates": [ [ [ -4.163, 53.142 ], [ -4.179, 53.15 ] ], [ [ -4.155, 53.139 ], [ -4.163, 53.141 ] ] ] } },
{ "type": "Feature", "properties": { "name1": "River Lyon", "name2": " ", "Strahler Stream Order": 4, "long_name": null, "short_name": null }, "geometry": { "type": "MultiLineString", "coordinates": [ [ [ -4.519, 56.542 ], [ -4.506, 56.544 ], [ -4.481, 56.541 ], [ -4.45, 56.545 ] ], [ [ -4.43, 56.546 ], [ -4.403, 56.554 ], [ -4.384, 56.577 ], [ -4.366, 56.578 ], [ -4.322, 56.588 ], [ -4.314, 56.594 ], [ -4.296, 56.593 ], [ -4.275, 56.595 ], [ -4.26, 56.6 ], [ -4.224, 56.597 ], [ -4.165, 56.607 ], [ -4.156, 56.602 ], [ -4.113, 56.597 ], [ -4.101, 56.598 ], [ -4.091, 56.604 ], [ -4.074, 56.602 ] ], [ [ -4.073, 56.601 ], [ -4.074, 56.593 ] ], [ [ -4.071, 56.592 ], [ -4.044, 56.593 ], [ -4.04, 56.599 ], [ -4.027, 56.599 ], [ -4.015, 56.611 ], [ -4.001, 56.615 ], [ -3.977, 56.614 ], [ -3.966, 56.607 ] ] ] } },
{ "type": "Feature", "properties": { "name1": "River Nith", "name2": " ", "Strahler Stream Order": 4, "long_name": null, "short_name": null }, "geometry": { "type": "MultiLineString", "coordinates": [ [ [ -4.236, 55.391 ], [ -4.229, 55.398 ], [ -4.198, 55.398 ], [ -4.184, 55.402 ], [ -4.158, 55.396 ], [ -4.123, 55.399 ], [ -4.08, 55.393 ], [ -4.04, 55.396 ], [ -4.029, 55.389 ], [ -4.017, 55.387 ] ], [ [ -4.015, 55.388 ], [ -3.976, 55.382 ], [ -3.962, 55.376 ] ], [ [ -3.958, 55.376 ], [ -3.943, 55.375 ], [ -3.936, 55.368 ] ], [ [ -3.934, 55.366 ], [ -3.92, 55.356 ] ], [ [ -3.916, 55.355 ], [ -3.887, 55.354 ], [ -3.87, 55.343 ], [ -3.849, 55.34 ], [ -3.842, 55.334 ] ], [ [ -3.839, 55.332 ], [ -3.838, 55.331 ] ], [ [ -3.837, 55.33 ], [ -3.812, 55.326 ], [ -3.796, 55.313 ] ], [ [ -3.804, 55.288 ], [ -3.801, 55.285 ] ], [ [ -3.802, 55.292 ], [ -3.804, 55.289 ] ], [ [ -3.797, 55.296 ], [ -3.8, 55.293 ] ], [ [ -3.8, 55.285 ], [ -3.794, 55.271 ] ], [ [ -3.798, 55.302 ], [ -3.796, 55.299 ] ], [ [ -3.797, 55.313 ], [ -3.796, 55.308 ] ], [ [ -3.796, 55.298 ], [ -3.796, 55.297 ] ], [ [ -3.791, 55.269 ], [ -3.791, 55.261 ] ], [ [ -3.788, 55.259 ], [ -3.778, 55.247 ] ], [ [ -3.777, 55.246 ], [ -3.784, 55.233 ], [ -3.78, 55.222 ], [ -3.763, 55.213 ], [ -3.766, 55.204 ] ], [ [ -3.764, 55.203 ], [ -3.753, 55.195 ] ], [ [ -3.752, 55.193 ], [ -3.747, 55.186 ] ], [ [ -3.745, 55.184 ], [ -3.735, 55.176 ] ], [ [ -3.733, 55.175 ], [ -3.728, 55.176 ] ], [ [ -3.725, 55.176 ], [ -3.72, 55.17 ] ], [ [ -3.717, 55.168 ], [ -3.706, 55.154 ], [ -3.697, 55.151 ] ], [ [ -3.695, 55.15 ], [ -3.69, 55.149 ] ], [ [ -3.688, 55.149 ], [ -3.679, 55.137 ], [ -3.665, 55.132 ], [ -3.653, 55.133 ], [ -3.641, 55.122 ], [ -3.63, 55.118 ], [ -3.626, 55.104 ], [ -3.605, 55.095 ], [ -3.602, 55.084 ] ], [ [ -3.608, 55.084 ], [ -3.617, 55.085 ] ], [ [ -3.617, 55.082 ], [ -3.608, 55.076 ], [ -3.618, 55.069 ], [ -3.604, 55.059 ], [ -3.612, 55.052 ], [ -3.607, 55.047 ], [ -3.605, 55.033 ], [ -3.588, 55.023 ], [ -3.575, 55.006 ], [ -3.574, 54.979 ], [ -3.582, 54.969 ], [ -3.576, 54.962 ], [ -3.556, 54.96 ], [ -3.532, 54.961 ], [ -3.518, 54.955 ], [ -3.502, 54.934 ], [ -3.515, 54.925 ], [ -3.532, 54.922 ], [ -3.542, 54.908 ], [ -3.542, 54.902 ] ] ] } },
{ "type": "Feature", "properties": { "name1": "Roe Glas", "name2": " ", "Strahler Stream Order": 4, "long_name": null, "short_name": null }, "geometry": { "type": "LineString", "coordinates": [ [ -7.415, 57.219 ], [ -7.431, 57.221 ] ] } },
{ "type": "Feature", "properties": { "name1": "River Tweed", "name2": "Pictarnie Pool", "Strahler Stream Order": 5, "long_name": null, "short_name": null }, "geometry": { "type": "LineString", "coordinates": [ [ -3.028, 55.624 ], [ -3.02, 55.622 ] ] } },
{ "type": "Feature", "properties": { "name1": "River Shin", "name2": " ", "Strahler Stream Order": 5, "long_name": null, "short_name": null }, "geometry": { "type": "LineString", "coordinates": [ [ -4.402, 58.013 ], [ -4.415, 57.976 ], [ -4.402, 57.949 ], [ -4.414, 57.935 ] ] } },
{ "type": "Feature", "properties": { "name1": " ", "name2": " ", "Strahler Stream Order": 4, "long_name": null, "short_name": null }, "geometry": { "type": "MultiLineString", "coordinates": [ [ [ -4.769, 55.908 ], [ -4.758, 55.91 ], [ -4.742, 55.907 ] ], [ [ -4.741, 55.907 ], [ -4.726, 55.908 ] ], [ [ -4.717, 56.305 ], [ -4.706, 56.297 ], [ -4.695, 56.278 ], [ -4.7, 56.247 ], [ -4.688, 56.227 ], [ -4.686, 56.211 ], [ -4.696, 56.2 ], [ -4.684, 56.184 ], [ -4.655, 56.165 ], [ -4.653, 56.144 ], [ -4.644, 56.135 ], [ -4.641, 56.121 ], [ -4.622, 56.11 ], [ -4.612, 56.116 ], [ -4.595, 56.115 ], [ -4.586, 56.098 ], [ -4.564, 56.094 ], [ -4.541, 56.075 ] ], [ [ -4.618, 55.793 ], [ -4.589, 55.806 ], [ -4.584, 55.806 ] ], [ [ -4.541, 56.075 ], [ -4.554, 56.066 ], [ -4.57, 56.061 ], [ -4.595, 56.044 ], [ -4.611, 56.028 ], [ -4.588, 56.008 ] ], [ [ -4.53, 56.073 ], [ -4.541, 56.075 ] ], [ [ -4.251, 55.854 ], [ -4.258, 55.856 ] ], [ [ -3.775, 55.646 ], [ -3.776, 55.646 ] ] ] } },
{ "type": "Feature", "properties": { "name1": "Afon Lledr", "name2": " ", "Strahler Stream Order": 4, "long_name": null, "short_name": null }, "geometry": { "type": "LineString", "coordinates": [ [ -3.886, 53.052 ], [ -3.876, 53.054 ], [ -3.87, 53.063 ], [ -3.859, 53.068 ], [ -3.826, 53.069 ], [ -3.819, 53.065 ], [ -3.795, 53.072 ] ] } },
{ "type": "Feature", "properties": { "name1": " ", "name2": " ", "Strahler Stream Order": 4, "long_name": null, "short_name": null }, "geometry": { "type": "MultiLineString", "coordinates": [ [ [ -3.065, 55.891 ], [ -3.065, 55.892 ] ], [ [ -3.058, 55.911 ], [ -3.057, 55.911 ] ] ] } },
{ "type": "Feature", "properties": { "name1": "River Roy", "name2": "Poll na Drochaide", "Strahler Stream Order": 4, "long_name": null, "short_name": null }, "geometry": { "type": "LineString", "coordinates": [ [ -4.799, 56.923 ], [ -4.8, 56.921 ] ] } },
{ "type": "Feature", "properties": { "name1": "Quoynee Burn", "name2": " ", "Strahler Stream Order": 4, "long_name": null, "short_name": null }, "geometry": { "type": "LineString", "coordinates": [ [ -3.388, 58.52 ], [ -3.37, 58.517 ], [ -3.353, 58.505 ], [ -3.355, 58.501 ] ] } },
{ "type": "Feature", "properties": { "name1": " ", "name2": " ", "Strahler Stream Order": 4, "long_name": null, "short_name": null }, "geometry": { "type": "LineString", "coordinates": [ [ -3.567, 55.879 ], [ -3.565, 55.879 ] ] } },
{ "type": "Feature", "properties": { "name1": "Scrogbank Boat Pool", "name2": "River Tweed", "Strahler Stream Order": 5, "long_name": null, "short_name": null }, "geometry": { "type": "LineString", "coordinates": [ [ -2.98, 55.628 ], [ -2.975, 55.627 ] ] } },
{ "type": "Feature", "properties": { "name1": "River Shiel", "name2": "Linne a' Bheithe", "Strahler Stream Order": 4, "long_name": null, "short_name": null }, "geometry": { "type": "LineString", "coordinates": [ [ -5.811, 56.757 ], [ -5.82, 56.757 ] ] } },
{ "type": "Feature", "properties": { "name1": "River Camel", "name2": "Crabb's Pool", "Strahler Stream Order": 4, "long_name": null, "short_name": null }, "geometry": { "type": "LineString", "coordinates": [ ] } },
{ "type": "Feature", "properties": { "name1": "Whiskey Pot", "name2": "River Ythan", "Strahler Stream Order": 4, "long_name": null, "short_name": null }, "geometry": { "type": "LineString", "coordinates": [ [ -2.303, 57.442 ], [ -2.301, 57.443 ] ] } },
{ "type": "Feature", "properties": { "name1": "River Gryfe", "name2": " ", "Strahler Stream Order": 5, "long_name": null, "short_name": null }, "geometry": { "type": "LineString", "coordinates": [ [ -4.631, 55.879 ], [ -4.627, 55.873 ], [ -4.583, 55.858 ], [ -4.569, 55.856 ], [ -4.546, 55.857 ], [ -4.537, 55.864 ], [ -4.522, 55.863 ], [ -4.517, 55.869 ], [ -4.503, 55.867 ], [ -4.481, 55.875 ], [ -4.461, 55.871 ] ] } },
{ "type": "Feature", "properties": { "name1": "Upper Clydach River", "name2": " ", "Strahler Stream Order": 4, "long_name": null, "short_name": null }, "geometry": { "type": "LineString", "coordinates": [ [ -3.866, 51.736 ], [ -3.864, 51.726 ], [ -3.849, 51.717 ] ] } },
{ "type": "Feature", "properties": { "name1": "Sheep Pool", "name2": "River Conon", "Strahler Stream Order": 5, "long_name": null, "short_name": null }, "geometry": { "type": "LineString", "coordinates": [ [ -4.486, 57.549 ], [ -4.471, 57.549 ] ] } },
{ "type": "Feature", "properties": { "name1": "Slatie's Pot", "name2": "River Ythan", "Strahler Stream Order": 4, "long_name": null, "short_name": null }, "geometry": { "type": "LineString", "coordinates": [ [ -2.367, 57.422 ], [ -2.366, 57.421 ] ] } },
{ "type": "Feature", "properties": { "name1": "River Tweed", "name2": "Craigie Pool", "Strahler Stream Order": 4, "long_name": null, "short_name": null }, "geometry": { "type": "LineString", "coordinates": [ [ -3.301, 55.619 ], [ -3.3, 55.62 ] ] } },
{ "type": "Feature", "properties": { "name1": "Rock Pool", "name2": "River Thurso", "Strahler Stream Order": 5, "long_name": null, "short_name": null }, "geometry": { "type": "LineString", "coordinates": [ [ -3.517, 58.466 ], [ -3.519, 58.467 ] ] } },
{ "type": "Feature", "properties": { "name1": "The Weetles", "name2": "The Trows", "Strahler Stream Order": 6, "long_name": null, "short_name": null }, "geometry": { "type": "LineString", "coordinates": [ [ -2.506, 55.581 ], [ -2.488, 55.595 ] ] } },
{ "type": "Feature", "properties": { "name1": "River Kirkaig", "name2": " ", "Strahler Stream Order": 4, "long_name": null, "short_name": null }, "geometry": { "type": "MultiLineString", "coordinates": [ [ [ -5.262, 58.121 ], [ -5.268, 58.123 ] ], [ [ -5.248, 58.121 ], [ -5.259, 58.122 ] ], [ [ -5.243, 58.12 ], [ -5.244, 58.12 ] ], [ [ -5.219, 58.112 ], [ -5.234, 58.114 ] ], [ [ -5.208, 58.109 ], [ -5.213, 58.111 ] ], [ [ -5.188, 58.108 ], [ -5.207, 58.109 ] ] ] } },
{ "type": "Feature", "properties": { "name1": "Scurry Pool", "name2": "River Tweed", "Strahler Stream Order": 6, "long_name": null, "short_name": null }, "geometry": { "type": "LineString", "coordinates": [ [ -2.393, 55.613 ], [ -2.391, 55.621 ] ] } },
{ "type": "Feature", "properties": { "name1": "River Nith", "name2": "Palmtree Pool", "Strahler Stream Order": 4, "long_name": null, "short_name": null }, "geometry": { "type": "LineString", "coordinates": [ [ -3.796, 55.297 ], [ -3.797, 55.296 ] ] } },
{ "type": "Feature", "properties": { "name1": "Howmore River", "name2": " ", "Strahler Stream Order": 4, "long_name": null, "short_name": null }, "geometry": { "type": "LineString", "coordinates": [ [ -7.391, 57.3 ], [ -7.4, 57.305 ] ] } },
{ "type": "Feature", "properties": { "name1": "River Braan", "name2": "Falls of the Braan", "Strahler Stream Order": 4, "long_name": null, "short_name": null }, "geometry": { "type": "LineString", "coordinates": [ [ -3.634, 56.552 ], [ -3.62, 56.555 ] ] } },
{ "type": "Feature", "properties": { "name1": "River Findhorn", "name2": "Lookout Pool", "Strahler Stream Order": 5, "long_name": null, "short_name": null }, "geometry": { "type": "LineString", "coordinates": [ [ -3.669, 57.529 ], [ -3.667, 57.532 ] ] } },
{ "type": "Feature", "properties": { "name1": "River Nith", "name2": "Crowbank Pool", "Strahler Stream Order": 4, "long_name": null, "short_name": null }, "geometry": { "type": "LineString", "coordinates": [ [ -3.794, 55.271 ], [ -3.791, 55.269 ] ] } },
{ "type": "Feature", "properties": { "name1": "South Ugie Water", "name2": " ", "Strahler Stream Order": 4, "long_name": null, "short_name": null }, "geometry": { "type": "LineString", "coordinates": [ [ -1.933, 57.52 ], [ -1.921, 57.52 ], [ -1.908, 57.527 ] ] } },
{ "type": "Feature", "properties": { "name1": "Afon Henwy", "name2": " ", "Strahler Stream Order": 4, "long_name": null, "short_name": null }, "geometry": { "type": "LineString", "coordinates": [ [ -4.184, 52.958 ], [ -4.2, 52.963 ], [ -4.212, 52.962 ] ] } },
{ "type": "Feature", "properties": { "name1": "River Deveron", "name2": "Broad Pool", "Strahler Stream Order": 4, "long_name": null, "short_name": null }, "geometry": { "type": "LineString", "coordinates": [ [ -2.958, 57.415 ], [ -2.961, 57.417 ] ] } },
{ "type": "Feature", "properties": { "name1": " ", "name2": " ", "Strahler Stream Order": 4, "long_name": null, "short_name": null }, "geometry": { "type": "LineString", "coordinates": [ [ -5.396, 56.33 ], [ -5.435, 56.328 ] ] } },
{ "type": "Feature", "properties": { "name1": "The Whirlpool", "name2": "River Nith", "Strahler Stream Order": 5, "long_name": null, "short_name": null }, "geometry": { "type": "LineString", "coordinates": [ [ -3.753, 55.195 ], [ -3.752, 55.193 ] ] } },
{ "type": "Feature", "properties": { "name1": "River South Esk", "name2": "Craig Pool", "Strahler Stream Order": 4, "long_name": null, "short_name": null }, "geometry": { "type": "LineString", "coordinates": [ [ -2.622, 56.721 ], [ -2.62, 56.721 ] ] } },
{ "type": "Feature", "properties": { "name1": "River Arkaig", "name2": "Loch na Cairidh", "Strahler Stream Order": 4, "long_name": null, "short_name": null }, "geometry": { "type": "LineString", "coordinates": [ [ -4.992, 56.947 ], [ -4.991, 56.947 ] ] } },
{ "type": "Feature", "properties": { "name1": "Swallow Heugh", "name2": "River Teviot", "Strahler Stream Order": 5, "long_name": null, "short_name": null }, "geometry": { "type": "LineString", "coordinates": [ [ -2.471, 55.526 ], [ -2.471, 55.528 ] ] } },
{ "type": "Feature", "properties": { "name1": "River Spey", "name2": "Boathouse Pool", "Strahler Stream Order": 5, "long_name": null, "short_name": null }, "geometry": { "type": "LineString", "coordinates": [ [ -3.553, 57.342 ], [ -3.552, 57.343 ] ] } },
{ "type": "Feature", "properties": { "name1": "River Teviot", "name2": "Mains Boat Hole", "Strahler Stream Order": 5, "long_name": null, "short_name": null }, "geometry": { "type": "LineString", "coordinates": [ [ -2.596, 55.504 ], [ -2.591, 55.503 ] ] } },
{ "type": "Feature", "properties": { "name1": "River Orrin", "name2": " ", "Strahler Stream Order": 4, "long_name": null, "short_name": null }, "geometry": { "type": "MultiLineString", "coordinates": [ [ [ -4.912, 57.474 ], [ -4.898, 57.475 ] ], [ [ -4.897, 57.475 ], [ -4.884, 57.482 ], [ -4.856, 57.482 ], [ -4.811, 57.495 ] ], [ [ -4.796, 57.494 ], [ -4.791, 57.495 ] ], [ [ -4.668, 57.515 ], [ -4.641, 57.512 ], [ -4.628, 57.516 ], [ -4.608, 57.529 ], [ -4.595, 57.534 ], [ -4.572, 57.536 ], [ -4.561, 57.529 ], [ -4.547, 57.53 ], [ -4.523, 57.527 ], [ -4.511, 57.528 ], [ -4.502, 57.544 ], [ -4.491, 57.549 ] ] ] } },
{ "type": "Feature", "properties": { "name1": "River Teith", "name2": " ", "Strahler Stream Order": 5, "long_name": null, "short_name": null }, "geometry": { "type": "LineString", "coordinates": [ [ -4.223, 56.241 ], [ -4.202, 56.236 ], [ -4.192, 56.219 ], [ -4.171, 56.219 ], [ -4.159, 56.213 ], [ -4.144, 56.214 ], [ -4.133, 56.207 ], [ -4.094, 56.2 ], [ -4.066, 56.187 ], [ -4.042, 56.181 ], [ -4.036, 56.17 ], [ -4.023, 56.167 ], [ -3.998, 56.149 ], [ -3.982, 56.142 ] ] } },
{ "type": "Feature", "properties": { "name1": "River Spey", "name2": "Pollowwick", "Strahler Stream Order": 5, "long_name": null, "short_name": null }, "geometry": { "type": "LineString", "coordinates": [ [ -3.523, 57.354 ], [ -3.523, 57.355 ] ] } },
{ "type": "Feature", "properties": { "name1": "Afon Teifi", "name2": " ", "Strahler Stream Order": 4, "long_name": null, "short_name": null }, "geometry": { "type": "MultiLineString", "coordinates": [ [ [ -4.688, 52.101 ], [ -4.69, 52.108 ] ], [ [ -4.461, 52.039 ], [ -4.475, 52.039 ], [ -4.487, 52.049 ], [ -4.497, 52.044 ], [ -4.515, 52.047 ], [ -4.535, 52.044 ], [ -4.56, 52.044 ], [ -4.566, 52.057 ], [ -4.576, 52.057 ], [ -4.595, 52.063 ], [ -4.625, 52.054 ], [ -4.639, 52.061 ], [ -4.638, 52.069 ], [ -4.644, 52.08 ], [ -4.682, 52.085 ], [ -4.68, 52.098 ], [ -4.687, 52.099 ] ], [ [ -4.391, 52.037 ], [ -4.402, 52.036 ] ], [ [ -3.939, 52.243 ], [ -3.955, 52.23 ], [ -3.952, 52.214 ], [ -3.941, 52.209 ], [ -3.957, 52.203 ], [ -3.955, 52.195 ], [ -3.977, 52.193 ], [ -3.991, 52.183 ], [ -3.986, 52.165 ], [ -3.995, 52.164 ], [ -4.006, 52.154 ], [ -4.026, 52.129 ], [ -4.043, 52.125 ], [ -4.053, 52.114 ], [ -4.07, 52.107 ], [ -4.088, 52.105 ], [ -4.104, 52.096 ], [ -4.134, 52.096 ], [ -4.153, 52.089 ], [ -4.164, 52.068 ], [ -4.194, 52.059 ], [ -4.213, 52.058 ], [ -4.24, 52.041 ], [ -4.255, 52.038 ], [ -4.283, 52.04 ], [ -4.291, 52.044 ], [ -4.287, 52.052 ], [ -4.301, 52.052 ], [ -4.304, 52.04 ], [ -4.316, 52.037 ], [ -4.331, 52.038 ], [ -4.338, 52.032 ], [ -4.356, 52.029 ], [ -4.373, 52.037 ], [ -4.39, 52.037 ] ] ] } },
{ "type": "Feature", "properties": { "name1": "Afon Corrwg", "name2": " ", "Strahler Stream Order": 4, "long_name": null, "short_name": null }, "geometry": { "type": "LineString", "coordinates": [ [ -3.628, 51.68 ], [ -3.635, 51.67 ], [ -3.644, 51.666 ], [ -3.647, 51.654 ] ] } },
{ "type": "Feature", "properties": { "name1": "River Deveron", "name2": "Logg Pot", "Strahler Stream Order": 5, "long_name": null, "short_name": null }, "geometry": { "type": "LineString", "coordinates": [ [ -2.61, 57.512 ], [ -2.608, 57.512 ] ] } },
{ "type": "Feature", "properties": { "name1": "River Deveron", "name2": "Kirn Pot", "Strahler Stream Order": 5, "long_name": null, "short_name": null }, "geometry": { "type": "LineString", "coordinates": [ [ -2.509, 57.629 ], [ -2.51, 57.631 ] ] } },
{ "type": "Feature", "properties": { "name1": "River Tweed", "name2": "Blueyett Pool", "Strahler Stream Order": 4, "long_name": null, "short_name": null }, "geometry": { "type": "LineString", "coordinates": [ [ -3.316, 55.609 ], [ -3.314, 55.61 ] ] } },
{ "type": "Feature", "properties": { "name1": "Urr Water", "name2": "Mary's Pool", "Strahler Stream Order": 4, "long_name": null, "short_name": null }, "geometry": { "type": "LineString", "coordinates": [ [ -3.835, 54.924 ], [ -3.828, 54.924 ] ] } },
{ "type": "Feature", "properties": { "name1": "River Teviot", "name2": "Boat Hole", "Strahler Stream Order": 5, "long_name": null, "short_name": null }, "geometry": { "type": "LineString", "coordinates": [ [ -2.522, 55.519 ], [ -2.52, 55.521 ] ] } },
{ "type": "Feature", "properties": { "name1": "Strathmore River", "name2": " ", "Strahler Stream Order": 4, "long_name": null, "short_name": null }, "geometry": { "type": "LineString", "coordinates": [ [ -4.664, 58.339 ], [ -4.647, 58.344 ], [ -4.643, 58.352 ], [ -4.647, 58.365 ], [ -4.636, 58.385 ], [ -4.638, 58.395 ], [ -4.648, 58.401 ], [ -4.656, 58.412 ], [ -4.654, 58.419 ] ] } },
{ "type": "Feature", "properties": { "name1": "River Spey", "name2": "Bundearg", "Strahler Stream Order": 6, "long_name": null, "short_name": null }, "geometry": { "type": "LineString", "coordinates": [ [ -3.38, 57.419 ], [ -3.377, 57.42 ] ] } },
{ "type": "Feature", "properties": { "name1": "Rule Water", "name2": " ", "Strahler Stream Order": 4, "long_name": null, "short_name": null }, "geometry": { "type": "LineString", "coordinates": [ [ -2.654, 55.387 ], [ -2.655, 55.402 ], [ -2.647, 55.406 ], [ -2.631, 55.426 ], [ -2.637, 55.439 ], [ -2.634, 55.447 ], [ -2.65, 55.47 ], [ -2.65, 55.477 ] ] } },
{ "type": "Feature", "properties": { "name1": "River Lossie", "name2": "Dell Pool", "Strahler Stream Order": 4, "long_name": null, "short_name": null }, "geometry": { "type": "LineString", "coordinates": [ [ -3.427, 57.56 ], [ -3.425, 57.56 ] ] } },
{ "type": "Feature", "properties": { "name1": "Ettrick Water", "name2": "Clinty Pool", "Strahler Stream Order": 4, "long_name": null, "short_name": null }, "geometry": { "type": "LineString", "coordinates": [ [ -2.998, 55.482 ], [ -2.997, 55.483 ] ] } },
{ "type": "Feature", "properties": { "name1": "River Avon", "name2": "Poll a' Ghrianain", "Strahler Stream Order": 4, "long_name": null, "short_name": null }, "geometry": { "type": "LineString", "coordinates": [ [ -3.403, 57.324 ], [ -3.398, 57.332 ] ] } },
{ "type": "Feature", "properties": { "name1": "River Don", "name2": "Garples Pot", "Strahler Stream Order": 4, "long_name": null, "short_name": null }, "geometry": { "type": "LineString", "coordinates": [ [ -2.439, 57.253 ], [ -2.439, 57.255 ] ] } },
{ "type": "Feature", "properties": { "name1": "River Esk", "name2": "Mason's Stream", "Strahler Stream Order": 4, "long_name": null, "short_name": null }, "geometry": { "type": "LineString", "coordinates": [ [ -2.944, 55.073 ], [ -2.946, 55.07 ] ] } },
{ "type": "Feature", "properties": { "name1": "River Don", "name2": "Craig Pot", "Strahler Stream Order": 4, "long_name": null, "short_name": null }, "geometry": { "type": "LineString", "coordinates": [ [ -2.619, 57.258 ], [ -2.615, 57.259 ] ] } },
{ "type": "Feature", "properties": { "name1": "The Slobs", "name2": "River Spey", "Strahler Stream Order": 6, "long_name": null, "short_name": null }, "geometry": { "type": "LineString", "coordinates": [ [ -3.361, 57.443 ], [ -3.361, 57.447 ] ] } },
{ "type": "Feature", "properties": { "name1": "River Carron", "name2": " ", "Strahler Stream Order": 5, "long_name": null, "short_name": null }, "geometry": { "type": "LineString", "coordinates": [ [ -3.987, 56.039 ], [ -3.97, 56.038 ], [ -3.95, 56.029 ], [ -3.925, 56.023 ], [ -3.906, 56.029 ], [ -3.879, 56.021 ], [ -3.872, 56.013 ], [ -3.845, 56.012 ], [ -3.844, 56.019 ], [ -3.821, 56.011 ], [ -3.81, 56.011 ], [ -3.8, 56.021 ], [ -3.778, 56.025 ], [ -3.754, 56.02 ], [ -3.699, 56.03 ], [ -3.693, 56.038 ] ] } },
{ "type": "Feature", "properties": { "name1": "River Dee", "name2": " ", "Strahler Stream Order": 5, "long_name": null, "short_name": null }, "geometry": { "type": "MultiLineString", "coordinates": [ [ [ -3.612, 56.977 ], [ -3.588, 56.982 ], [ -3.545, 56.988 ] ], [ [ -3.541, 56.989 ], [ -3.505, 56.989 ], [ -3.493, 56.987 ], [ -3.469, 56.989 ], [ -3.433, 57.005 ], [ -3.417, 57.007 ], [ -3.403, 57.016 ], [ -3.391, 57.018 ], [ -3.36, 57.009 ], [ -3.345, 57.008 ], [ -3.333, 56.999 ], [ -3.299, 57.006 ], [ -3.295, 57.017 ], [ -3.275, 57.021 ], [ -3.265, 57.027 ] ], [ [ -3.246, 57.035 ], [ -3.242, 57.036 ] ], [ [ -3.239, 57.039 ], [ -3.237, 57.041 ] ], [ [ -3.232, 57.042 ], [ -3.227, 57.042 ] ], [ [ -3.218, 57.04 ], [ -3.216, 57.038 ] ], [ [ -3.214, 57.037 ], [ -3.2, 57.035 ], [ -3.191, 57.042 ], [ -3.178, 57.043 ], [ -3.132, 57.056 ], [ -3.113, 57.056 ], [ -3.087, 57.05 ], [ -3.081, 57.057 ], [ -3.06, 57.057 ], [ -3.057, 57.044 ], [ -3.039, 57.043 ], [ -3.026, 57.055 ], [ -3.009, 57.056 ], [ -2.974, 57.071 ], [ -2.958, 57.067 ], [ -2.958, 57.057 ], [ -2.941, 57.056 ], [ -2.926, 57.067 ], [ -2.91, 57.067 ], [ -2.899, 57.072 ], [ -2.884, 57.072 ], [ -2.868, 57.08 ], [ -2.859, 57.071 ], [ -2.83, 57.071 ], [ -2.819, 57.077 ] ], [ [ -2.815, 57.077 ], [ -2.803, 57.066 ], [ -2.771, 57.073 ], [ -2.753, 57.072 ], [ -2.743, 57.068 ], [ -2.726, 57.07 ], [ -2.715, 57.066 ], [ -2.704, 57.069 ], [ -2.706, 57.087 ], [ -2.692, 57.089 ], [ -2.686, 57.083 ], [ -2.665, 57.082 ], [ -2.662, 57.072 ] ], [ [ -2.661, 57.07 ], [ -2.651, 57.067 ] ], [ [ -2.649, 57.066 ], [ -2.627, 57.054 ], [ -2.614, 57.056 ], [ -2.596, 57.051 ] ], [ [ -2.588, 57.056 ], [ -2.583, 57.057 ] ], [ [ -2.579, 57.054 ], [ -2.562, 57.051 ] ], [ [ -2.56, 57.052 ], [ -2.554, 57.055 ] ], [ [ -2.552, 57.056 ], [ -2.546, 57.057 ] ], [ [ -2.542, 57.057 ], [ -2.535, 57.057 ] ], [ [ -2.534, 57.056 ], [ -2.532, 57.056 ] ], [ [ -2.522, 57.052 ], [ -2.508, 57.048 ], [ -2.492, 57.048 ], [ -2.464, 57.058 ], [ -2.451, 57.055 ], [ -2.408, 57.053 ], [ -2.381, 57.062 ], [ -2.371, 57.06 ], [ -2.355, 57.071 ], [ -2.337, 57.075 ] ], [ [ -2.335, 57.077 ], [ -2.319, 57.072 ], [ -2.309, 57.077 ], [ -2.289, 57.08 ], [ -2.273, 57.078 ], [ -2.26, 57.086 ], [ -2.261, 57.094 ] ], [ [ -2.261, 57.095 ], [ -2.229, 57.095 ], [ -2.216, 57.1 ], [ -2.179, 57.107 ], [ -2.172, 57.115 ], [ -2.16, 57.113 ], [ -2.138, 57.117 ] ], [ [ -2.124, 57.119 ], [ -2.113, 57.129 ], [ -2.096, 57.13 ], [ -2.095, 57.138 ], [ -2.076, 57.14 ], [ -2.058, 57.145 ] ] ] } },
{ "type": "Feature", "properties": { "name1": "River Dochart", "name2": " ", "Strahler Stream Order": 4, "long_name": null, "short_name": null }, "geometry": { "type": "MultiLineString", "coordinates": [ [ [ -4.58, 56.4 ], [ -4.572, 56.403 ] ], [ [ -4.543, 56.41 ], [ -4.511, 56.418 ], [ -4.478, 56.42 ], [ -4.447, 56.42 ], [ -4.435, 56.422 ], [ -4.396, 56.436 ], [ -4.374, 56.442 ], [ -4.336, 56.455 ], [ -4.311, 56.467 ], [ -4.296, 56.47 ] ] ] } },
{ "type": "Feature", "properties": { "name1": "River Findhorn", "name2": "Murnachy Pool", "Strahler Stream Order": 5, "long_name": null, "short_name": null }, "geometry": { "type": "LineString", "coordinates": [ [ -3.664, 57.554 ], [ -3.666, 57.556 ] ] } },
{ "type": "Feature", "properties": { "name1": "Afon Cefni", "name2": " ", "Strahler Stream Order": 4, "long_name": null, "short_name": null }, "geometry": { "type": "LineString", "coordinates": [ [ -4.386, 53.191 ], [ -4.395, 53.188 ], [ -4.412, 53.17 ], [ -4.426, 53.16 ] ] } },
{ "type": "Feature", "properties": { "name1": "Water of Milk", "name2": "Blue Eel Pool", "Strahler Stream Order": 4, "long_name": null, "short_name": null }, "geometry": { "type": "LineString", "coordinates": [ [ -3.304, 55.117 ], [ -3.307, 55.117 ] ] } },
{ "type": "Feature", "properties": { "name1": "River Tweed", "name2": "Little Battery", "Strahler Stream Order": 6, "long_name": null, "short_name": null }, "geometry": { "type": "LineString", "coordinates": [ [ -2.721, 55.603 ], [ -2.718, 55.603 ] ] } },
{ "type": "Feature", "properties": { "name1": "Afon Cynon", "name2": " ", "Strahler Stream Order": 4, "long_name": null, "short_name": null }, "geometry": { "type": "LineString", "coordinates": [ [ -3.513, 51.741 ], [ -3.458, 51.727 ], [ -3.446, 51.721 ], [ -3.439, 51.71 ], [ -3.411, 51.699 ], [ -3.394, 51.686 ], [ -3.381, 51.685 ], [ -3.373, 51.677 ], [ -3.36, 51.671 ], [ -3.354, 51.663 ], [ -3.345, 51.663 ], [ -3.325, 51.645 ] ] } },
{ "type": "Feature", "properties": { "name1": "Pistyll Cain", "name2": "Afon Gain", "Strahler Stream Order": 4, "long_name": null, "short_name": null }, "geometry": { "type": "LineString", "coordinates": [ [ -3.882, 52.83 ], [ -3.88, 52.83 ] ] } },
{ "type": "Feature", "properties": { "name1": "River Spey", "name2": "Doos Nest", "Strahler Stream Order": 6, "long_name": null, "short_name": null }, "geometry": { "type": "LineString", "coordinates": [ [ -3.197, 57.49 ], [ -3.195, 57.491 ] ] } },
{ "type": "Feature", "properties": { "name1": " ", "name2": " ", "Strahler Stream Order": 5, "long_name": null, "short_name": null }, "geometry": { "type": "MultiLineString", "coordinates": [ [ [ -5.309, 56.221 ], [ -5.277, 56.244 ], [ -5.28, 56.253 ], [ -5.265, 56.27 ], [ -5.243, 56.277 ], [ -5.232, 56.287 ], [ -5.224, 56.315 ], [ -5.187, 56.333 ], [ -5.179, 56.34 ], [ -5.141, 56.346 ], [ -5.126, 56.355 ], [ -5.078, 56.367 ], [ -5.065, 56.375 ] ], [ [ -5.194, 56.419 ], [ -5.194, 56.42 ] ], [ [ -5.065, 56.375 ], [ -5.072, 56.38 ], [ -5.094, 56.384 ], [ -5.112, 56.392 ], [ -5.151, 56.401 ], [ -5.17, 56.41 ] ], [ [ -5.021, 56.408 ], [ -5.03, 56.407 ], [ -5.057, 56.389 ], [ -5.051, 56.384 ], [ -5.065, 56.375 ] ], [ [ -4.809, 56.488 ], [ -4.811, 56.488 ] ], [ [ -4.76, 56.557 ], [ -4.757, 56.554 ], [ -4.777, 56.544 ], [ -4.771, 56.536 ] ] ] } },
{ "type": "Feature", "properties": { "name1": "Allt Linnidal", "name2": " ", "Strahler Stream Order": 4, "long_name": null, "short_name": null }, "geometry": { "type": "LineString", "coordinates": [ [ -5.839, 57.252 ], [ -5.837, 57.254 ] ] } },
{ "type": "Feature", "properties": { "name1": "River Meig", "name2": " ", "Strahler Stream Order": 4, "long_name": null, "short_name": null }, "geometry": { "type": "MultiLineString", "coordinates": [ [ [ -4.84, 57.555 ], [ -4.773, 57.553 ], [ -4.766, 57.558 ] ], [ [ -4.718, 57.565 ], [ -4.696, 57.571 ], [ -4.681, 57.57 ] ] ] } },
{ "type": "Feature", "properties": { "name1": "River Spey", "name2": "Miller's Pool", "Strahler Stream Order": 6, "long_name": null, "short_name": null }, "geometry": { "type": "LineString", "coordinates": [ [ -3.21, 57.479 ], [ -3.204, 57.481 ] ] } },
{ "type": "Feature", "properties": { "name1": " ", "name2": " ", "Strahler Stream Order": 4, "long_name": null, "short_name": null }, "geometry": { "type": "MultiLineString", "coordinates": [ [ [ -3.385, 56.206 ], [ -3.372, 56.188 ], [ -3.338, 56.179 ] ], [ [ -3.338, 56.179 ], [ -3.337, 56.179 ] ] ] } },
{ "type": "Feature", "properties": { "name1": " ", "name2": " ", "Strahler Stream Order": 5, "long_name": null, "short_name": null }, "geometry": { "type": "MultiLineString", "coordinates": [ [ [ -4.665, 56.639 ], [ -4.634, 56.656 ], [ -4.596, 56.68 ], [ -4.583, 56.677 ] ], [ [ -4.609, 56.528 ], [ -4.59, 56.54 ], [ -4.541, 56.543 ], [ -4.519, 56.542 ] ], [ [ -4.587, 56.397 ], [ -4.58, 56.4 ] ], [ [ -4.572, 56.403 ], [ -4.543, 56.41 ] ], [ [ -4.547, 56.678 ], [ -4.537, 56.681 ], [ -4.514, 56.678 ] ], [ [ -4.45, 56.545 ], [ -4.43, 56.546 ] ], [ [ -4.439, 56.68 ], [ -4.419, 56.687 ], [ -4.392, 56.687 ], [ -4.341, 56.684 ], [ -4.274, 56.694 ], [ -4.228, 56.697 ], [ -4.196, 56.696 ], [ -4.189, 56.698 ] ], [ [ -4.296, 56.47 ], [ -4.286, 56.476 ], [ -4.255, 56.483 ], [ -4.234, 56.491 ], [ -4.197, 56.496 ], [ -4.161, 56.507 ], [ -4.136, 56.522 ], [ -4.118, 56.539 ], [ -4.107, 56.553 ], [ -4.089, 56.565 ], [ -4.037, 56.573 ], [ -4.017, 56.578 ], [ -4.002, 56.586 ] ], [ [ -4.121, 56.765 ], [ -4.105, 56.765 ] ], [ [ -4.004, 56.706 ], [ -3.99, 56.705 ], [ -3.954, 56.71 ], [ -3.906, 56.711 ], [ -3.87, 56.715 ], [ -3.852, 56.714 ], [ -3.842, 56.719 ], [ -3.825, 56.721 ] ], [ [ -3.783, 56.719 ], [ -3.773, 56.716 ], [ -3.77, 56.707 ], [ -3.751, 56.707 ], [ -3.74, 56.7 ] ], [ [ -3.34, 56.613 ], [ -3.34, 56.612 ] ] ] } },
{ "type": "Feature", "properties": { "name1": "River Teviot", "name2": "Gogaren", "Strahler Stream Order": 5, "long_name": null, "short_name": null }, "geometry": { "type": "LineString", "coordinates": [ [ -2.47, 55.575 ], [ -2.47, 55.576 ] ] } },
{ "type": "Feature", "properties": { "name1": "River Spey", "name2": "Broadwood Pool", "Strahler Stream Order": 6, "long_name": null, "short_name": null }, "geometry": { "type": "LineString", "coordinates": [ [ -3.363, 57.429 ], [ -3.361, 57.432 ] ] } },
{ "type": "Feature", "properties": { "name1": "Tongland Loch", "name2": "Sand Bed Pool", "Strahler Stream Order": 5, "long_name": null, "short_name": null }, "geometry": { "type": "LineString", "coordinates": [ [ -4.022, 54.874 ], [ -4.025, 54.867 ] ] } },
{ "type": "Feature", "properties": { "name1": "River Teviot", "name2": "Horns Hole", "Strahler Stream Order": 5, "long_name": null, "short_name": null }, "geometry": { "type": "LineString", "coordinates": [ [ -2.741, 55.443 ], [ -2.74, 55.443 ] ] } },
{ "type": "Feature", "properties": { "name1": "River Ericht", "name2": " ", "Strahler Stream Order": 4, "long_name": null, "short_name": null }, "geometry": { "type": "MultiLineString", "coordinates": [ [ [ -4.438, 56.73 ], [ -4.437, 56.709 ], [ -4.432, 56.702 ], [ -4.413, 56.695 ], [ -4.419, 56.687 ] ], [ [ -3.39, 56.648 ], [ -3.368, 56.645 ], [ -3.346, 56.629 ] ], [ [ -3.349, 56.617 ], [ -3.346, 56.614 ] ], [ [ -3.342, 56.627 ], [ -3.348, 56.618 ] ], [ [ -3.343, 56.613 ], [ -3.34, 56.612 ] ], [ [ -3.34, 56.612 ], [ -3.351, 56.608 ], [ -3.332, 56.588 ], [ -3.319, 56.585 ], [ -3.284, 56.587 ], [ -3.253, 56.578 ], [ -3.241, 56.572 ] ] ] } },
{ "type": "Feature", "properties": { "name1": "Dun's Pool", "name2": "Cairn Water", "Strahler Stream Order": 4, "long_name": null, "short_name": null }, "geometry": { "type": "LineString", "coordinates": [ [ -3.806, 55.158 ], [ -3.804, 55.157 ] ] } },
{ "type": "Feature", "properties": { "name1": "River North Esk", "name2": " ", "Strahler Stream Order": 4, "long_name": null, "short_name": null }, "geometry": { "type": "LineString", "coordinates": [ [ -3.255, 55.817 ], [ -3.24, 55.822 ], [ -3.215, 55.824 ], [ -3.196, 55.841 ], [ -3.173, 55.846 ], [ -3.173, 55.851 ], [ -3.143, 55.86 ], [ -3.143, 55.871 ], [ -3.12, 55.88 ], [ -3.1, 55.892 ], [ -3.068, 55.897 ], [ -3.069, 55.905 ], [ -3.059, 55.911 ] ] } },
{ "type": "Feature", "properties": { "name1": "Gwendraeth Fawr", "name2": " ", "Strahler Stream Order": 4, "long_name": null, "short_name": null }, "geometry": { "type": "LineString", "coordinates": [ [ -4.215, 51.755 ], [ -4.226, 51.748 ], [ -4.251, 51.743 ], [ -4.259, 51.734 ], [ -4.267, 51.733 ], [ -4.276, 51.724 ], [ -4.287, 51.729 ], [ -4.311, 51.725 ], [ -4.332, 51.727 ], [ -4.334, 51.735 ], [ -4.361, 51.737 ], [ -4.377, 51.734 ], [ -4.387, 51.738 ] ] } },
{ "type": "Feature", "properties": { "name1": "Samuel's Pool", "name2": "River Ericht", "Strahler Stream Order": 4, "long_name": null, "short_name": null }, "geometry": { "type": "LineString", "coordinates": [ [ -3.346, 56.614 ], [ -3.343, 56.613 ] ] } },
{ "type": "Feature", "properties": { "name1": "The Gill", "name2": "River Cree", "Strahler Stream Order": 4, "long_name": null, "short_name": null }, "geometry": { "type": "LineString", "coordinates": [ [ -4.495, 54.971 ], [ -4.487, 54.968 ] ] } },
{ "type": "Feature", "properties": { "name1": "Black Esk", "name2": " ", "Strahler Stream Order": 4, "long_name": null, "short_name": null }, "geometry": { "type": "LineString", "coordinates": [ [ -3.175, 55.206 ], [ -3.174, 55.206 ] ] } },
{ "type": "Feature", "properties": { "name1": "Benlister Burn", "name2": " ", "Strahler Stream Order": 4, "long_name": null, "short_name": null }, "geometry": { "type": "LineString", "coordinates": [ [ -5.125, 55.528 ], [ -5.124, 55.528 ] ] } },
{ "type": "Feature", "properties": { "name1": "River Tweed", "name2": "Barn Walls Stream", "Strahler Stream Order": 5, "long_name": null, "short_name": null }, "geometry": { "type": "LineString", "coordinates": [ [ -3.017, 55.622 ], [ -3.012, 55.622 ] ] } },
{ "type": "Feature", "properties": { "name1": "River Ythan", "name2": "Otter Pool", "Strahler Stream Order": 4, "long_name": null, "short_name": null }, "geometry": { "type": "LineString", "coordinates": [ [ -2.303, 57.44 ], [ -2.304, 57.441 ] ] } },
{ "type": "Feature", "properties": { "name1": "River Tweed", "name2": "Cuddies Hole", "Strahler Stream Order": 6, "long_name": null, "short_name": null }, "geometry": { "type": "LineString", "coordinates": [ [ -2.335, 55.635 ], [ -2.333, 55.635 ] ] } },
{ "type": "Feature", "properties": { "name1": "Pow Burn", "name2": " ", "Strahler Stream Order": 4, "long_name": null, "short_name": null }, "geometry": { "type": "LineString", "coordinates": [ [ -2.585, 56.699 ], [ -2.576, 56.707 ], [ -2.564, 56.711 ] ] } },
{ "type": "Feature", "properties": { "name1": "River Ouse", "name2": "Eel Pot", "Strahler Stream Order": 4, "long_name": null, "short_name": null }, "geometry": { "type": "LineString", "coordinates": [ ] } },
{ "type": "Feature", "properties": { "name1": "Burn of Lyth", "name2": " ", "Strahler Stream Order": 5, "long_name": null, "short_name": null }, "geometry": { "type": "LineString", "coordinates": [ [ -3.216, 58.555 ], [ -3.209, 58.537 ], [ -3.193, 58.522 ] ] } },
{ "type": "Feature", "properties": { "name1": "Powgavie Burn", "name2": " ", "Strahler Stream Order": 4, "long_name": null, "short_name": null }, "geometry": { "type": "LineString", "coordinates": [ [ -3.155, 56.415 ], [ -3.135, 56.417 ], [ -3.113, 56.41 ], [ -3.1, 56.413 ], [ -3.074, 56.411 ] ] } },
{ "type": "Feature", "properties": { "name1": "River Deveron", "name2": "Glenniehouse Pot", "Strahler Stream Order": 5, "long_name": null, "short_name": null }, "geometry": { "type": "LineString", "coordinates": [ [ -2.696, 57.532 ], [ -2.698, 57.533 ] ] } },
{ "type": "Feature", "properties": { "name1": "Slioch Pool", "name2": "River Spey", "Strahler Stream Order": 6, "long_name": null, "short_name": null }, "geometry": { "type": "LineString", "coordinates": [ [ -3.347, 57.457 ], [ -3.343, 57.454 ] ] } },
{ "type": "Feature", "properties": { "name1": "River Lochy", "name2": "Lundy Pool", "Strahler Stream Order": 6, "long_name": null, "short_name": null }, "geometry": { "type": "LineString", "coordinates": [ [ -5.078, 56.846 ], [ -5.071, 56.842 ] ] } },
{ "type": "Feature", "properties": { "name1": "River Esk", "name2": "Cat Clints", "Strahler Stream Order": 4, "long_name": null, "short_name": null }, "geometry": { "type": "LineString", "coordinates": [ [ -2.961, 55.094 ], [ -2.959, 55.093 ] ] } },
{ "type": "Feature", "properties": { "name1": "River Isla", "name2": "Craigy Linn", "Strahler Stream Order": 4, "long_name": null, "short_name": null }, "geometry": { "type": "LineString", "coordinates": [ [ -3.158, 56.626 ], [ -3.154, 56.624 ] ] } },
{ "type": "Feature", "properties": { "name1": "Tarrig Mhore", "name2": "River Spey", "Strahler Stream Order": 5, "long_name": null, "short_name": null }, "geometry": { "type": "LineString", "coordinates": [ [ -3.626, 57.308 ], [ -3.626, 57.309 ] ] } },
{ "type": "Feature", "properties": { "name1": "River Spey", "name2": "Long Pool", "Strahler Stream Order": 6, "long_name": null, "short_name": null }, "geometry": { "type": "MultiLineString", "coordinates": [ [ [ -3.588, 57.319 ], [ -3.583, 57.32 ] ], [ [ -3.335, 57.452 ], [ -3.333, 57.454 ] ], [ [ -3.201, 57.519 ], [ -3.2, 57.522 ] ] ] } },
{ "type": "Feature", "properties": { "name1": "Badachro River", "name2": " ", "Strahler Stream Order": 4, "long_name": null, "short_name": null }, "geometry": { "type": "LineString", "coordinates": [ [ -5.71, 57.679 ], [ -5.711, 57.688 ] ] } },
{ "type": "Feature", "properties": { "name1": "Long Pool", "name2": "Black Water", "Strahler Stream Order": 4, "long_name": null, "short_name": null }, "geometry": { "type": "LineString", "coordinates": [ [ -4.081, 58.114 ], [ -4.074, 58.112 ] ] } },
{ "type": "Feature", "properties": { "name1": " ", "name2": " ", "Strahler Stream Order": 4, "long_name": null, "short_name": null }, "geometry": { "type": "MultiLineString", "coordinates": [ [ [ -4.88, 56.705 ], [ -4.883, 56.705 ] ], [ [ -4.873, 56.703 ], [ -4.878, 56.703 ] ], [ [ -4.807, 56.704 ], [ -4.856, 56.702 ], [ -4.862, 56.705 ] ] ] } },
{ "type": "Feature", "properties": { "name1": "River Spey", "name2": "Gruggle Pool", "Strahler Stream Order": 6, "long_name": null, "short_name": null }, "geometry": { "type": "LineString", "coordinates": [ [ -3.306, 57.455 ], [ -3.295, 57.453 ] ] } },
{ "type": "Feature", "properties": { "name1": "River Ruel", "name2": " ", "Strahler Stream Order": 4, "long_name": null, "short_name": null }, "geometry": { "type": "LineString", "coordinates": [ [ -5.189, 55.983 ], [ -5.194, 55.967 ], [ -5.19, 55.961 ] ] } },
{ "type": "Feature", "properties": { "name1": "Liddel Water", "name2": "Flock Pool", "Strahler Stream Order": 4, "long_name": null, "short_name": null }, "geometry": { "type": "LineString", "coordinates": [ [ -2.832, 55.131 ], [ -2.83, 55.129 ] ] } },
{ "type": "Feature", "properties": { "name1": "River Esk", "name2": "Kiln Pot", "Strahler Stream Order": 4, "long_name": null, "short_name": null }, "geometry": { "type": "LineString", "coordinates": [ [ -3.012, 55.176 ], [ -3.014, 55.17 ] ] } },
{ "type": "Feature", "properties": { "name1": "River Thurso", "name2": "Devil's Pool", "Strahler Stream Order": 4, "long_name": null, "short_name": null }, "geometry": { "type": "LineString", "coordinates": [ [ -3.497, 58.417 ], [ -3.496, 58.418 ] ] } },
{ "type": "Feature", "properties": { "name1": "River Tweed", "name2": "Battery Stream", "Strahler Stream Order": 6, "long_name": null, "short_name": null }, "geometry": { "type": "LineString", "coordinates": [ [ -2.662, 55.586 ], [ -2.662, 55.583 ] ] } },
{ "type": "Feature", "properties": { "name1": "River Esk", "name2": "King's Pool", "Strahler Stream Order": 4, "long_name": null, "short_name": null }, "geometry": { "type": "LineString", "coordinates": [ [ -3.174, 55.206 ], [ -3.163, 55.207 ] ] } },
{ "type": "Feature", "properties": { "name1": "River Ythan", "name2": "Black Stank", "Strahler Stream Order": 4, "long_name": null, "short_name": null }, "geometry": { "type": "LineString", "coordinates": [ [ -2.268, 57.445 ], [ -2.263, 57.442 ] ] } },
{ "type": "Feature", "properties": { "name1": "Trough Pool", "name2": "River Esk", "Strahler Stream Order": 4, "long_name": null, "short_name": null }, "geometry": { "type": "LineString", "coordinates": [ [ -2.983, 55.13 ], [ -2.986, 55.129 ] ] } },
{ "type": "Feature", "properties": { "name1": "Rannoch River", "name2": " ", "Strahler Stream Order": 4, "long_name": null, "short_name": null }, "geometry": { "type": "MultiLineString", "coordinates": [ [ [ -5.719, 56.56 ], [ -5.75, 56.562 ] ], [ [ -5.698, 56.56 ], [ -5.706, 56.56 ] ] ] } },
{ "type": "Feature", "properties": { "name1": "Scar Pool", "name2": "River Dane", "Strahler Stream Order": 4, "long_name": null, "short_name": null }, "geometry": { "type": "LineString", "coordinates": [ ] } },
{ "type": "Feature", "properties": { "name1": "Finlas Water", "name2": " ", "Strahler Stream Order": 4, "long_name": null, "short_name": null }, "geometry": { "type": "LineString", "coordinates": [ [ -4.618, 56.054 ], [ -4.629, 56.048 ], [ -4.619, 56.038 ], [ -4.607, 56.032 ] ] } },
{ "type": "Feature", "properties": { "name1": "Ettrick Water", "name2": " ", "Strahler Stream Order": 5, "long_name": null, "short_name": null }, "geometry": { "type": "MultiLineString", "coordinates": [ [ [ -3.149, 55.418 ], [ -3.111, 55.434 ], [ -3.101, 55.441 ], [ -3.103, 55.448 ], [ -3.075, 55.461 ] ], [ [ -3.074, 55.462 ], [ -3.066, 55.474 ], [ -3.04, 55.486 ], [ -3.019, 55.481 ], [ -2.999, 55.483 ] ], [ [ -2.997, 55.483 ], [ -2.994, 55.495 ], [ -2.979, 55.504 ] ], [ [ -2.971, 55.507 ], [ -2.967, 55.512 ], [ -2.926, 55.516 ], [ -2.923, 55.525 ], [ -2.913, 55.534 ] ], [ [ -2.911, 55.532 ], [ -2.89, 55.528 ], [ -2.885, 55.535 ], [ -2.856, 55.546 ], [ -2.834, 55.562 ], [ -2.832, 55.568 ] ], [ [ -2.83, 55.571 ], [ -2.829, 55.572 ] ], [ [ -2.825, 55.573 ], [ -2.821, 55.574 ] ], [ [ -2.818, 55.574 ], [ -2.812, 55.578 ] ], [ [ -2.811, 55.579 ], [ -2.812, 55.581 ] ] ] } },
{ "type": "Feature", "properties": { "name1": "River Clyde", "name2": "Ram's Horn Pool", "Strahler Stream Order": 4, "long_name": null, "short_name": null }, "geometry": { "type": "LineString", "coordinates": [ [ -3.681, 55.52 ], [ -3.679, 55.521 ] ] } },
{ "type": "Feature", "properties": { "name1": "Black Water", "name2": " ", "Strahler Stream Order": 4, "long_name": null, "short_name": null }, "geometry": { "type": "LineString", "coordinates": [ [ -3.396, 56.748 ], [ -3.401, 56.742 ], [ -3.393, 56.726 ], [ -3.414, 56.711 ], [ -3.406, 56.688 ], [ -3.398, 56.679 ], [ -3.402, 56.654 ], [ -3.39, 56.648 ] ] } },
{ "type": "Feature", "properties": { "name1": "Long Pool", "name2": "Island Run", "Strahler Stream Order": 4, "long_name": null, "short_name": null }, "geometry": { "type": "LineString", "coordinates": [ [ -4.088, 58.114 ], [ -4.081, 58.114 ] ] } },
{ "type": "Feature", "properties": { "name1": "Tail of Reabeg Pool", "name2": "Rock Pool", "Strahler Stream Order": 5, "long_name": null, "short_name": null }, "geometry": { "type": "LineString", "coordinates": [ [ -3.512, 58.464 ], [ -3.517, 58.466 ] ] } },
{ "type": "Feature", "properties": { "name1": "River Inver", "name2": "Mill Pool", "Strahler Stream Order": 4, "long_name": null, "short_name": null }, "geometry": { "type": "LineString", "coordinates": [ [ -5.232, 58.158 ], [ -5.233, 58.158 ] ] } },
{ "type": "Feature", "properties": { "name1": " ", "name2": " ", "Strahler Stream Order": 4, "long_name": null, "short_name": null }, "geometry": { "type": "MultiLineString", "coordinates": [ [ [ -5.753, 56.59 ], [ -5.754, 56.589 ] ], [ [ -5.753, 56.586 ], [ -5.753, 56.585 ] ], [ [ -5.706, 56.56 ], [ -5.719, 56.56 ] ] ] } },
{ "type": "Feature", "properties": { "name1": "River Ythan", "name2": "Gowkie's Pot", "Strahler Stream Order": 4, "long_name": null, "short_name": null }, "geometry": { "type": "LineString", "coordinates": [ [ -2.261, 57.441 ], [ -2.258, 57.44 ] ] } },
{ "type": "Feature", "properties": { "name1": "River Farrar", "name2": "Garbh-uisge", "Strahler Stream Order": 4, "long_name": null, "short_name": null }, "geometry": { "type": "LineString", "coordinates": [ [ -4.979, 57.409 ], [ -4.969, 57.407 ] ] } },
{ "type": "Feature", "properties": { "name1": "Sculbach", "name2": "River Dee", "Strahler Stream Order": 5, "long_name": null, "short_name": null }, "geometry": { "type": "LineString", "coordinates": [ [ -3.222, 57.041 ], [ -3.218, 57.04 ] ] } },
{ "type": "Feature", "properties": { "name1": "Burn of Strand", "name2": " ", "Strahler Stream Order": 4, "long_name": null, "short_name": null }, "geometry": { "type": "LineString", "coordinates": [ [ -1.239, 60.192 ], [ -1.226, 60.194 ] ] } },
{ "type": "Feature", "properties": { "name1": "Afon Ieithon", "name2": "River Ithon", "Strahler Stream Order": 4, "long_name": null, "short_name": null }, "geometry": { "type": "LineString", "coordinates": [ [ -3.328, 52.394 ], [ -3.328, 52.384 ], [ -3.349, 52.371 ], [ -3.336, 52.366 ], [ -3.329, 52.357 ], [ -3.313, 52.352 ], [ -3.323, 52.344 ], [ -3.323, 52.328 ], [ -3.314, 52.322 ], [ -3.316, 52.31 ], [ -3.312, 52.297 ], [ -3.316, 52.282 ], [ -3.3, 52.28 ], [ -3.301, 52.268 ], [ -3.295, 52.261 ], [ -3.306, 52.252 ], [ -3.339, 52.246 ], [ -3.334, 52.261 ], [ -3.34, 52.269 ], [ -3.355, 52.274 ], [ -3.39, 52.249 ], [ -3.389, 52.243 ], [ -3.403, 52.226 ], [ -3.412, 52.226 ], [ -3.417, 52.208 ], [ -3.433, 52.208 ], [ -3.446, 52.197 ] ] } },
{ "type": "Feature", "properties": { "name1": "River Affric", "name2": " ", "Strahler Stream Order": 4, "long_name": null, "short_name": null }, "geometry": { "type": "MultiLineString", "coordinates": [ [ [ -5.101, 57.236 ], [ -5.084, 57.242 ] ], [ [ -4.995, 57.264 ], [ -4.987, 57.265 ] ], [ [ -4.867, 57.306 ], [ -4.857, 57.312 ], [ -4.829, 57.317 ], [ -4.809, 57.317 ] ] ] } },
{ "type": "Feature", "properties": { "name1": "River Averon", "name2": "Ironrock Pool", "Strahler Stream Order": 4, "long_name": null, "short_name": null }, "geometry": { "type": "LineString", "coordinates": [ [ -4.345, 57.734 ], [ -4.343, 57.734 ] ] } },
{ "type": "Feature", "properties": { "name1": "Sgolbach Beàg", "name2": "River Oykel", "Strahler Stream Order": 5, "long_name": null, "short_name": null }, "geometry": { "type": "LineString", "coordinates": [ [ -4.699, 57.962 ], [ -4.695, 57.966 ] ] } },
{ "type": "Feature", "properties": { "name1": "Afon Cothi", "name2": " ", "Strahler Stream Order": 4, "long_name": null, "short_name": null }, "geometry": { "type": "LineString", "coordinates": [ [ -3.982, 52.012 ], [ -3.976, 52.002 ], [ -3.992, 51.991 ], [ -4.006, 51.99 ], [ -4.045, 51.978 ], [ -4.061, 51.983 ], [ -4.088, 51.976 ], [ -4.099, 51.967 ], [ -4.121, 51.959 ], [ -4.13, 51.946 ], [ -4.131, 51.926 ], [ -4.137, 51.92 ], [ -4.131, 51.91 ], [ -4.131, 51.899 ], [ -4.146, 51.886 ], [ -4.16, 51.885 ], [ -4.172, 51.879 ], [ -4.171, 51.871 ], [ -4.18, 51.859 ] ] } },
{ "type": "Feature", "properties": { "name1": "Ale Water", "name2": " ", "Strahler Stream Order": 4, "long_name": null, "short_name": null }, "geometry": { "type": "MultiLineString", "coordinates": [ [ [ -2.846, 55.482 ], [ -2.824, 55.501 ], [ -2.807, 55.502 ], [ -2.782, 55.498 ], [ -2.779, 55.505 ], [ -2.74, 55.52 ], [ -2.731, 55.528 ], [ -2.696, 55.529 ], [ -2.684, 55.527 ], [ -2.654, 55.527 ], [ -2.633, 55.525 ], [ -2.617, 55.518 ] ], [ [ -2.612, 55.518 ], [ -2.598, 55.514 ], [ -2.583, 55.516 ], [ -2.587, 55.504 ] ] ] } },
{ "type": "Feature", "properties": { "name1": "River Grudie", "name2": " ", "Strahler Stream Order": 4, "long_name": null, "short_name": null }, "geometry": { "type": "LineString", "coordinates": [ [ -4.914, 57.652 ], [ -4.905, 57.655 ], [ -4.884, 57.653 ], [ -4.87, 57.638 ], [ -4.851, 57.632 ], [ -4.841, 57.623 ], [ -4.83, 57.62 ] ] } },
{ "type": "Feature", "properties": { "name1": "Scuddach Pool", "name2": "River Findhorn", "Strahler Stream Order": 5, "long_name": null, "short_name": null }, "geometry": { "type": "LineString", "coordinates": [ [ -3.666, 57.536 ], [ -3.665, 57.537 ] ] } },
{ "type": "Feature", "properties": { "name1": "River Thurso", "name2": "Mill Pools", "Strahler Stream Order": 5, "long_name": null, "short_name": null }, "geometry": { "type": "LineString", "coordinates": [ [ -3.49, 58.446 ], [ -3.491, 58.447 ] ] } },
{ "type": "Feature", "properties": { "name1": "River Carron", "name2": "Poll an Donaidh", "Strahler Stream Order": 4, "long_name": null, "short_name": null }, "geometry": { "type": "LineString", "coordinates": [ [ -4.556, 57.887 ], [ -4.555, 57.888 ] ] } },
{ "type": "Feature", "properties": { "name1": " ", "name2": " ", "Strahler Stream Order": 4, "long_name": null, "short_name": null }, "geometry": { "type": "LineString", "coordinates": [ [ -5.215, 56.581 ], [ -5.223, 56.574 ] ] } },
{ "type": "Feature", "properties": { "name1": "Water of Ken", "name2": " ", "Strahler Stream Order": 5, "long_name": null, "short_name": null }, "geometry": { "type": "MultiLineString", "coordinates": [ [ [ -4.179, 55.179 ], [ -4.192, 55.163 ] ], [ [ -4.188, 55.146 ], [ -4.192, 55.134 ], [ -4.183, 55.13 ] ], [ [ -4.173, 55.185 ], [ -4.175, 55.184 ] ], [ [ -4.174, 55.117 ], [ -4.168, 55.107 ] ], [ [ -4.173, 55.186 ], [ -4.172, 55.186 ] ], [ [ -4.168, 55.188 ], [ -4.17, 55.187 ] ], [ [ -4.169, 55.106 ], [ -4.175, 55.097 ], [ -4.156, 55.092 ], [ -4.136, 55.091 ], [ -4.128, 55.072 ], [ -4.13, 55.057 ] ], [ [ -4.144, 55.197 ], [ -4.166, 55.189 ] ] ] } },
{ "type": "Feature", "properties": { "name1": "River Teviot", "name2": "Bloody Breeks", "Strahler Stream Order": 5, "long_name": null, "short_name": null }, "geometry": { "type": "LineString", "coordinates": [ [ -2.478, 55.56 ], [ -2.477, 55.562 ] ] } },
{ "type": "Feature", "properties": { "name1": "River Clyde", "name2": "Lower Harbour", "Strahler Stream Order": 5, "long_name": null, "short_name": null }, "geometry": { "type": "LineString", "coordinates": [ [ -4.26, 55.855 ], [ -4.279, 55.856 ], [ -4.31, 55.865 ] ] } },
{ "type": "Feature", "properties": { "name1": "Tom Bell's Linn", "name2": "Liddel Water", "Strahler Stream Order": 4, "long_name": null, "short_name": null }, "geometry": { "type": "LineString", "coordinates": [ [ -2.834, 55.121 ], [ -2.841, 55.123 ] ] } },
{ "type": "Feature", "properties": { "name1": "Afon Senni", "name2": " ", "Strahler Stream Order": 4, "long_name": null, "short_name": null }, "geometry": { "type": "LineString", "coordinates": [ [ -3.567, 51.939 ], [ -3.572, 51.946 ] ] } },
{ "type": "Feature", "properties": { "name1": "Whirling Hole", "name2": "River Findhorn", "Strahler Stream Order": 5, "long_name": null, "short_name": null }, "geometry": { "type": "LineString", "coordinates": [ [ -3.667, 57.55 ], [ -3.663, 57.551 ] ] } },
{ "type": "Feature", "properties": { "name1": "Kale Water", "name2": " ", "Strahler Stream Order": 4, "long_name": null, "short_name": null }, "geometry": { "type": "LineString", "coordinates": [ [ -2.352, 55.465 ], [ -2.356, 55.472 ], [ -2.345, 55.487 ], [ -2.344, 55.499 ], [ -2.351, 55.506 ], [ -2.348, 55.513 ], [ -2.354, 55.521 ], [ -2.374, 55.523 ], [ -2.404, 55.523 ], [ -2.413, 55.53 ], [ -2.448, 55.536 ], [ -2.463, 55.541 ] ] } },
{ "type": "Feature", "properties": { "name1": "Errochty Water", "name2": " ", "Strahler Stream Order": 4, "long_name": null, "short_name": null }, "geometry": { "type": "LineString", "coordinates": [ [ -4.105, 56.764 ], [ -4.079, 56.753 ], [ -4.056, 56.753 ], [ -4.019, 56.748 ], [ -3.986, 56.749 ], [ -3.949, 56.765 ] ] } },
{ "type": "Feature", "properties": { "name1": "River Lochy", "name2": "Cruive Pool", "Strahler Stream Order": 6, "long_name": null, "short_name": null }, "geometry": { "type": "LineString", "coordinates": [ [ -5.08, 56.846 ], [ -5.078, 56.846 ] ] } },
{ "type": "Feature", "properties": { "name1": "River Eachaig", "name2": " ", "Strahler Stream Order": 4, "long_name": null, "short_name": null }, "geometry": { "type": "LineString", "coordinates": [ [ -4.985, 56.039 ], [ -4.981, 56.029 ], [ -4.985, 56.021 ], [ -4.97, 56.007 ], [ -4.96, 56.005 ], [ -4.948, 55.992 ] ] } },
{ "type": "Feature", "properties": { "name1": " ", "name2": " ", "Strahler Stream Order": 4, "long_name": null, "short_name": null }, "geometry": { "type": "LineString", "coordinates": [ [ -5.644, 56.761 ], [ -5.647, 56.758 ], [ -5.675, 56.757 ], [ -5.676, 56.75 ], [ -5.744, 56.758 ], [ -5.793, 56.745 ], [ -5.802, 56.753 ] ] } },
{ "type": "Feature", "properties": { "name1": "Tongland Loch", "name2": "River Dee", "Strahler Stream Order": 5, "long_name": null, "short_name": null }, "geometry": { "type": "LineString", "coordinates": [ [ -4.004, 54.896 ], [ -4.01, 54.89 ] ] } },
{ "type": "Feature", "properties": { "name1": "River Spey", "name2": "Pool of Dalmunach", "Strahler Stream Order": 6, "long_name": null, "short_name": null }, "geometry": { "type": "LineString", "coordinates": [ [ -3.317, 57.458 ], [ -3.311, 57.457 ] ] } },
{ "type": "Feature", "properties": { "name1": "Afon Seiont", "name2": " ", "Strahler Stream Order": 4, "long_name": null, "short_name": null }, "geometry": { "type": "LineString", "coordinates": [ [ -4.179, 53.15 ], [ -4.194, 53.156 ], [ -4.21, 53.154 ], [ -4.232, 53.145 ], [ -4.262, 53.13 ], [ -4.282, 53.144 ] ] } },
{ "type": "Feature", "properties": { "name1": "River Deveron", "name2": "Artloch Pot", "Strahler Stream Order": 4, "long_name": null, "short_name": null }, "geometry": { "type": "LineString", "coordinates": [ [ -2.877, 57.451 ], [ -2.873, 57.451 ] ] } },
{ "type": "Feature", "properties": { "name1": "Water of Tulla", "name2": " ", "Strahler Stream Order": 4, "long_name": null, "short_name": null }, "geometry": { "type": "LineString", "coordinates": [ [ -4.732, 56.565 ], [ -4.741, 56.56 ], [ -4.76, 56.557 ] ] } },
{ "type": "Feature", "properties": { "name1": "Grwyne Fechan", "name2": " ", "Strahler Stream Order": 4, "long_name": null, "short_name": null }, "geometry": { "type": "LineString", "coordinates": [ [ -3.123, 51.92 ], [ -3.106, 51.9 ], [ -3.104, 51.892 ], [ -3.109, 51.883 ], [ -3.097, 51.871 ] ] } },
{ "type": "Feature", "properties": { "name1": "River Findhorn", "name2": "Red Craigs", "Strahler Stream Order": 5, "long_name": null, "short_name": null }, "geometry": { "type": "LineString", "coordinates": [ [ -3.655, 57.582 ], [ -3.662, 57.589 ] ] } },
{ "type": "Feature", "properties": { "name1": "River Tweed", "name2": "Maggy's Tail", "Strahler Stream Order": 5, "long_name": null, "short_name": null }, "geometry": { "type": "LineString", "coordinates": [ [ -3.127, 55.638 ], [ -3.118, 55.639 ] ] } },
{ "type": "Feature", "properties": { "name1": "Afon Mellte", "name2": " ", "Strahler Stream Order": 4, "long_name": null, "short_name": null }, "geometry": { "type": "MultiLineString", "coordinates": [ [ [ -3.587, 51.758 ], [ -3.591, 51.755 ] ], [ [ -3.561, 51.777 ], [ -3.565, 51.765 ], [ -3.585, 51.759 ] ] ] } },
{ "type": "Feature", "properties": { "name1": "Black Cart Water", "name2": " ", "Strahler Stream Order": 6, "long_name": null, "short_name": null }, "geometry": { "type": "LineString", "coordinates": [ [ -4.585, 55.806 ], [ -4.568, 55.809 ], [ -4.554, 55.815 ], [ -4.529, 55.83 ], [ -4.52, 55.838 ], [ -4.499, 55.842 ], [ -4.473, 55.855 ], [ -4.46, 55.867 ], [ -4.461, 55.871 ], [ -4.44, 55.879 ], [ -4.406, 55.883 ], [ -4.404, 55.893 ] ] } },
{ "type": "Feature", "properties": { "name1": "River Dee", "name2": "Linn of Dee", "Strahler Stream Order": 4, "long_name": null, "short_name": null }, "geometry": { "type": "LineString", "coordinates": [ [ -3.545, 56.988 ], [ -3.541, 56.989 ] ] } },
{ "type": "Feature", "properties": { "name1": "Afon Twrch", "name2": "River Twrch", "Strahler Stream Order": 4, "long_name": null, "short_name": null }, "geometry": { "type": "LineString", "coordinates": [ [ -3.804, 51.786 ], [ -3.781, 51.772 ], [ -3.782, 51.761 ] ] } },
{ "type": "Feature", "properties": { "name1": "Leuchar Burn", "name2": " ", "Strahler Stream Order": 4, "long_name": null, "short_name": null }, "geometry": { "type": "LineString", "coordinates": [ [ -2.343, 57.134 ], [ -2.326, 57.126 ], [ -2.304, 57.123 ] ] } },
{ "type": "Feature", "properties": { "name1": "River Conon", "name2": " ", "Strahler Stream Order": 5, "long_name": null, "short_name": null }, "geometry": { "type": "MultiLineString", "coordinates": [ [ [ -4.697, 57.583 ], [ -4.687, 57.572 ], [ -4.673, 57.569 ], [ -4.662, 57.562 ], [ -4.632, 57.561 ] ], [ [ -4.595, 57.554 ], [ -4.564, 57.551 ], [ -4.548, 57.558 ], [ -4.527, 57.555 ] ], [ [ -4.526, 57.556 ], [ -4.501, 57.553 ] ], [ [ -4.496, 57.552 ], [ -4.494, 57.551 ] ], [ [ -4.493, 57.55 ], [ -4.486, 57.549 ] ], [ [ -4.471, 57.549 ], [ -4.465, 57.549 ] ], [ [ -4.458, 57.551 ], [ -4.457, 57.553 ] ], [ [ -4.444, 57.562 ], [ -4.437, 57.573 ], [ -4.429, 57.574 ], [ -4.42, 57.585 ], [ -4.409, 57.588 ] ] ] } },
{ "type": "Feature", "properties": { "name1": "Water of Milk", "name2": "Moat Pool", "Strahler Stream Order": 4, "long_name": null, "short_name": null }, "geometry": { "type": "LineString", "coordinates": [ [ -3.292, 55.121 ], [ -3.293, 55.12 ] ] } },
{ "type": "Feature", "properties": { "name1": "Stilefoot Pool", "name2": "River Tweed", "Strahler Stream Order": 6, "long_name": null, "short_name": null }, "geometry": { "type": "LineString", "coordinates": [ [ -2.614, 55.567 ], [ -2.61, 55.575 ] ] } },
{ "type": "Feature", "properties": { "name1": "Medwin Water", "name2": " ", "Strahler Stream Order": 4, "long_name": null, "short_name": null }, "geometry": { "type": "LineString", "coordinates": [ [ -3.615, 55.684 ], [ -3.634, 55.681 ] ] } },
{ "type": "Feature", "properties": { "name1": " ", "name2": " ", "Strahler Stream Order": 4, "long_name": null, "short_name": null }, "geometry": { "type": "MultiLineString", "coordinates": [ [ [ -5.311, 56.97 ], [ -5.282, 56.975 ], [ -5.247, 56.977 ], [ -5.171, 56.975 ], [ -5.139, 56.97 ], [ -5.108, 56.971 ], [ -5.082, 56.968 ], [ -5.047, 56.953 ], [ -5.021, 56.954 ], [ -5.009, 56.952 ] ], [ [ -5.082, 56.849 ], [ -5.082, 56.848 ] ], [ [ -4.93, 56.957 ], [ -4.947, 56.946 ], [ -4.965, 56.939 ], [ -4.973, 56.925 ], [ -4.985, 56.916 ] ], [ [ -4.876, 56.889 ], [ -4.877, 56.89 ] ], [ [ -4.607, 56.831 ], [ -4.596, 56.84 ] ], [ [ -4.492, 56.947 ], [ -4.518, 56.931 ], [ -4.535, 56.926 ], [ -4.548, 56.918 ], [ -4.562, 56.916 ] ] ] } },
{ "type": "Feature", "properties": { "name1": "Harwood Burn", "name2": " ", "Strahler Stream Order": 4, "long_name": null, "short_name": null }, "geometry": { "type": "LineString", "coordinates": [ [ -2.656, 55.383 ], [ -2.654, 55.387 ] ] } },
{ "type": "Feature", "properties": { "name1": "River Inver", "name2": "Red Pool", "Strahler Stream Order": 4, "long_name": null, "short_name": null }, "geometry": { "type": "LineString", "coordinates": [ [ -5.215, 58.159 ], [ -5.216, 58.16 ] ] } },
{ "type": "Feature", "properties": { "name1": "River Inver", "name2": "Pollan", "Strahler Stream Order": 4, "long_name": null, "short_name": null }, "geometry": { "type": "LineString", "coordinates": [ [ -5.229, 58.159 ], [ -5.231, 58.158 ] ] } },
{ "type": "Feature", "properties": { "name1": "River Dee", "name2": "Black Shed", "Strahler Stream Order": 5, "long_name": null, "short_name": null }, "geometry": { "type": "LineString", "coordinates": [ [ -3.265, 57.027 ], [ -3.263, 57.028 ] ] } },
{ "type": "Feature", "properties": { "name1": "River Garnock", "name2": " ", "Strahler Stream Order": 4, "long_name": null, "short_name": null }, "geometry": { "type": "LineString", "coordinates": [ [ -4.686, 55.757 ], [ -4.678, 55.739 ], [ -4.707, 55.717 ], [ -4.707, 55.708 ], [ -4.718, 55.705 ], [ -4.71, 55.693 ], [ -4.713, 55.687 ], [ -4.71, 55.669 ], [ -4.693, 55.661 ], [ -4.69, 55.651 ], [ -4.696, 55.642 ], [ -4.714, 55.635 ], [ -4.69, 55.608 ] ] } },
{ "type": "Feature", "properties": { "name1": "River Urie", "name2": "Meg's Pot", "Strahler Stream Order": 4, "long_name": null, "short_name": null }, "geometry": { "type": "LineString", "coordinates": [ [ -2.462, 57.325 ], [ -2.46, 57.325 ] ] } },
{ "type": "Feature", "properties": { "name1": "River Leven", "name2": " ", "Strahler Stream Order": 5, "long_name": null, "short_name": null }, "geometry": { "type": "LineString", "coordinates": [ [ -4.588, 56.008 ], [ -4.573, 55.996 ], [ -4.573, 55.984 ], [ -4.583, 55.969 ], [ -4.575, 55.966 ], [ -4.574, 55.943 ], [ -4.564, 55.939 ], [ -4.572, 55.932 ] ] } },
{ "type": "Feature", "properties": { "name1": "River Wey Navigation", "name2": " ", "Strahler Stream Order": 4, "long_name": null, "short_name": null }, "geometry": { "type": "LineString", "coordinates": [ ] } },
{ "type": "Feature", "properties": { "name1": "River Don", "name2": "Boat Pot", "Strahler Stream Order": 4, "long_name": null, "short_name": null }, "geometry": { "type": "LineString", "coordinates": [ [ -2.729, 57.243 ], [ -2.724, 57.242 ] ] } },
{ "type": "Feature", "properties": { "name1": "Kirkhope Linns", "name2": "Ettrick Water", "Strahler Stream Order": 4, "long_name": null, "short_name": null }, "geometry": { "type": "LineString", "coordinates": [ [ -2.979, 55.504 ], [ -2.973, 55.507 ] ] } },
{ "type": "Feature", "properties": { "name1": "Yarrow Water", "name2": "Sundhope Pool", "Strahler Stream Order": 4, "long_name": null, "short_name": null }, "geometry": { "type": "LineString", "coordinates": [ [ -3.059, 55.516 ], [ -3.057, 55.516 ] ] } },
{ "type": "Feature", "properties": { "name1": "River Deveron", "name2": "Dalriach Pot", "Strahler Stream Order": 4, "long_name": null, "short_name": null }, "geometry": { "type": "LineString", "coordinates": [ [ -3.029, 57.363 ], [ -3.027, 57.364 ] ] } },
{ "type": "Feature", "properties": { "name1": "Mucomir Cut", "name2": " ", "Strahler Stream Order": 5, "long_name": null, "short_name": null }, "geometry": { "type": "LineString", "coordinates": [ [ -4.985, 56.916 ], [ -4.985, 56.91 ] ] } },
{ "type": "Feature", "properties": { "name1": "Poll Lucais", "name2": "Allt Graad", "Strahler Stream Order": 4, "long_name": null, "short_name": null }, "geometry": { "type": "LineString", "coordinates": [ [ -4.368, 57.667 ], [ -4.355, 57.67 ] ] } },
{ "type": "Feature", "properties": { "name1": "River Thurso", "name2": "Hoy Pool", "Strahler Stream Order": 5, "long_name": null, "short_name": null }, "geometry": { "type": "LineString", "coordinates": [ [ -3.478, 58.526 ], [ -3.48, 58.528 ] ] } },
{ "type": "Feature", "properties": { "name1": "River Nith", "name2": "Manse Pool", "Strahler Stream Order": 4, "long_name": null, "short_name": null }, "geometry": { "type": "LineString", "coordinates": [ [ -4.017, 55.387 ], [ -4.015, 55.388 ] ] } },
{ "type": "Feature", "properties": { "name1": "Winter Cast", "name2": "River Tweed", "Strahler Stream Order": 6, "long_name": null, "short_name": null }, "geometry": { "type": "LineString", "coordinates": [ [ -2.409, 55.607 ], [ -2.407, 55.609 ] ] } },
{ "type": "Feature", "properties": { "name1": "River Brora", "name2": " ", "Strahler Stream Order": 4, "long_name": null, "short_name": null }, "geometry": { "type": "MultiLineString", "coordinates": [ [ [ -4.024, 58.072 ], [ -4.003, 58.069 ], [ -3.979, 58.061 ] ], [ [ -3.929, 58.02 ], [ -3.913, 58.015 ] ], [ [ -3.901, 58.014 ], [ -3.899, 58.014 ] ], [ [ -3.894, 58.012 ], [ -3.89, 58.008 ] ], [ [ -3.885, 58.01 ], [ -3.852, 58.012 ], [ -3.842, 58.009 ] ] ] } },
{ "type": "Feature", "properties": { "name1": "River Esk", "name2": "Charlie's Pool", "Strahler Stream Order": 4, "long_name": null, "short_name": null }, "geometry": { "type": "LineString", "coordinates": [ [ -3.002, 55.153 ], [ -3.001, 55.153 ] ] } },
{ "type": "Feature", "properties": { "name1": "Scur Pool", "name2": "River Findhorn", "Strahler Stream Order": 5, "long_name": null, "short_name": null }, "geometry": { "type": "LineString", "coordinates": [ [ -3.654, 57.568 ], [ -3.647, 57.568 ] ] } },
{ "type": "Feature", "properties": { "name1": "Spinningdale Burn", "name2": " ", "Strahler Stream Order": 4, "long_name": null, "short_name": null }, "geometry": { "type": "MultiLineString", "coordinates": [ [ [ -4.243, 57.881 ], [ -4.234, 57.875 ] ], [ [ -4.232, 57.875 ], [ -4.23, 57.872 ] ] ] } },
{ "type": "Feature", "properties": { "name1": "River Spey", "name2": "Pool Shuan", "Strahler Stream Order": 6, "long_name": null, "short_name": null }, "geometry": { "type": "LineString", "coordinates": [ [ -3.244, 57.465 ], [ -3.24, 57.465 ] ] } },
{ "type": "Feature", "properties": { "name1": " ", "name2": " ", "Strahler Stream Order": 4, "long_name": null, "short_name": null }, "geometry": { "type": "LineString", "coordinates": [ [ -2.209, 56.968 ], [ -2.205, 56.967 ] ] } },
{ "type": "Feature", "properties": { "name1": "River Dee", "name2": "Cumstoun Pool", "Strahler Stream Order": 5, "long_name": null, "short_name": null }, "geometry": { "type": "LineString", "coordinates": [ [ -4.05, 54.854 ], [ -4.05, 54.853 ] ] } },
{ "type": "Feature", "properties": { "name1": "River Lochy", "name2": "Castle Pool", "Strahler Stream Order": 6, "long_name": null, "short_name": null }, "geometry": { "type": "LineString", "coordinates": [ [ -5.08, 56.833 ], [ -5.084, 56.833 ] ] } },
{ "type": "Feature", "properties": { "name1": " ", "name2": " ", "Strahler Stream Order": 4, "long_name": null, "short_name": null }, "geometry": { "type": "MultiLineString", "coordinates": [ [ [ -2.655, 56.726 ], [ -2.653, 56.725 ] ], [ [ -2.58, 56.714 ], [ -2.577, 56.713 ] ] ] } },
{ "type": "Feature", "properties": { "name1": "The Kiosk", "name2": "River Tweed", "Strahler Stream Order": 6, "long_name": null, "short_name": null }, "geometry": { "type": "LineString", "coordinates": [ [ -2.407, 55.609 ], [ -2.396, 55.611 ] ] } },
{ "type": "Feature", "properties": { "name1": "Luggie Water", "name2": " ", "Strahler Stream Order": 4, "long_name": null, "short_name": null }, "geometry": { "type": "LineString", "coordinates": [ [ -4.131, 55.935 ], [ -4.148, 55.935 ], [ -4.158, 55.944 ] ] } },
{ "type": "Feature", "properties": { "name1": "Logie Water", "name2": " ", "Strahler Stream Order": 4, "long_name": null, "short_name": null }, "geometry": { "type": "LineString", "coordinates": [ [ -3.691, 55.927 ], [ -3.7, 55.936 ] ] } },
{ "type": "Feature", "properties": { "name1": "River Annan", "name2": "Horse Pool", "Strahler Stream Order": 5, "long_name": null, "short_name": null }, "geometry": { "type": "LineString", "coordinates": [ [ -3.325, 55.047 ], [ -3.321, 55.048 ] ] } },
{ "type": "Feature", "properties": { "name1": "Afon Carno", "name2": " ", "Strahler Stream Order": 4, "long_name": null, "short_name": null }, "geometry": { "type": "LineString", "coordinates": [ [ -3.526, 52.556 ], [ -3.519, 52.553 ], [ -3.484, 52.55 ], [ -3.453, 52.525 ], [ -3.434, 52.514 ] ] } },
{ "type": "Feature", "properties": { "name1": "River Nith", "name2": "Partridge Pool", "Strahler Stream Order": 5, "long_name": null, "short_name": null }, "geometry": { "type": "LineString", "coordinates": [ [ -3.72, 55.17 ], [ -3.717, 55.168 ] ] } },
{ "type": "Feature", "properties": { "name1": "River Tweed", "name2": "Moss Pool", "Strahler Stream Order": 5, "long_name": null, "short_name": null }, "geometry": { "type": "LineString", "coordinates": [ [ -2.884, 55.604 ], [ -2.878, 55.604 ] ] } },
{ "type": "Feature", "properties": { "name1": "River Don", "name2": "Greeneddy Pot", "Strahler Stream Order": 5, "long_name": null, "short_name": null }, "geometry": { "type": "LineString", "coordinates": [ ] } },
{ "type": "Feature", "properties": { "name1": "Afon Prysor", "name2": " ", "Strahler Stream Order": 4, "long_name": null, "short_name": null }, "geometry": { "type": "MultiLineString", "coordinates": [ [ [ -3.973, 52.921 ], [ -3.986, 52.932 ], [ -4.001, 52.933 ], [ -4.006, 52.938 ] ], [ [ -3.853, 52.911 ], [ -3.864, 52.91 ], [ -3.881, 52.903 ], [ -3.906, 52.901 ], [ -3.922, 52.896 ] ] ] } },
{ "type": "Feature", "properties": { "name1": "River Add", "name2": " ", "Strahler Stream Order": 4, "long_name": null, "short_name": null }, "geometry": { "type": "LineString", "coordinates": [ [ -5.361, 56.1 ], [ -5.375, 56.095 ], [ -5.39, 56.099 ], [ -5.403, 56.107 ], [ -5.442, 56.096 ], [ -5.438, 56.087 ], [ -5.441, 56.079 ], [ -5.457, 56.077 ], [ -5.475, 56.086 ], [ -5.475, 56.091 ], [ -5.511, 56.084 ], [ -5.521, 56.075 ], [ -5.536, 56.081 ], [ -5.55, 56.081 ], [ -5.549, 56.091 ] ] } },
{ "type": "Feature", "properties": { "name1": "River Ythan", "name2": "Minister's Pot", "Strahler Stream Order": 4, "long_name": null, "short_name": null }, "geometry": { "type": "LineString", "coordinates": [ [ -2.239, 57.428 ], [ -2.237, 57.426 ] ] } },
{ "type": "Feature", "properties": { "name1": "Barbauchlaw Burn", "name2": " ", "Strahler Stream Order": 4, "long_name": null, "short_name": null }, "geometry": { "type": "LineString", "coordinates": [ ] } },
{ "type": "Feature", "properties": { "name1": "River Tyne", "name2": "Long Cram", "Strahler Stream Order": 4, "long_name": null, "short_name": null }, "geometry": { "type": "LineString", "coordinates": [ [ -2.792, 55.949 ], [ -2.784, 55.95 ] ] } },
{ "type": "Feature", "properties": { "name1": "River Tweed", "name2": "Crom Wiel Pool", "Strahler Stream Order": 6, "long_name": null, "short_name": null }, "geometry": { "type": "LineString", "coordinates": [ [ -2.656, 55.6 ], [ -2.652, 55.601 ] ] } },
{ "type": "Feature", "properties": { "name1": "River Deveron", "name2": " ", "Strahler Stream Order": 5, "long_name": null, "short_name": null }, "geometry": { "type": "MultiLineString", "coordinates": [ [ [ -3.031, 57.363 ], [ -3.029, 57.363 ] ], [ [ -3.027, 57.364 ], [ -3.015, 57.376 ] ], [ [ -3.013, 57.376 ], [ -2.996, 57.386 ] ], [ [ -2.997, 57.387 ], [ -2.985, 57.394 ], [ -2.989, 57.399 ] ], [ [ -2.989, 57.399 ], [ -2.968, 57.407 ] ], [ [ -2.966, 57.408 ], [ -2.962, 57.409 ] ], [ [ -2.962, 57.41 ], [ -2.96, 57.411 ] ], [ [ -2.96, 57.417 ], [ -2.961, 57.418 ] ], [ [ -2.961, 57.419 ], [ -2.961, 57.42 ] ], [ [ -2.958, 57.413 ], [ -2.958, 57.415 ] ], [ [ -2.958, 57.42 ], [ -2.957, 57.421 ] ], [ [ -2.956, 57.422 ], [ -2.951, 57.431 ], [ -2.96, 57.434 ], [ -2.95, 57.442 ] ], [ [ -2.947, 57.442 ], [ -2.93, 57.444 ], [ -2.918, 57.449 ] ], [ [ -2.914, 57.449 ], [ -2.899, 57.451 ] ], [ [ -2.895, 57.451 ], [ -2.886, 57.451 ] ], [ [ -2.882, 57.451 ], [ -2.877, 57.451 ] ], [ [ -2.873, 57.451 ], [ -2.863, 57.452 ] ], [ [ -2.858, 57.452 ], [ -2.856, 57.455 ] ], [ [ -2.854, 57.459 ], [ -2.853, 57.464 ] ], [ [ -2.852, 57.466 ], [ -2.852, 57.468 ] ], [ [ -2.849, 57.469 ], [ -2.845, 57.469 ] ], [ [ -2.842, 57.468 ], [ -2.84, 57.468 ] ], [ [ -2.837, 57.468 ], [ -2.832, 57.464 ] ], [ [ -2.831, 57.464 ], [ -2.831, 57.46 ] ], [ [ -2.829, 57.458 ], [ -2.817, 57.452 ] ], [ [ -2.813, 57.452 ], [ -2.812, 57.453 ] ], [ [ -2.811, 57.454 ], [ -2.809, 57.455 ] ], [ [ -2.805, 57.455 ], [ -2.786, 57.456 ] ], [ [ -2.784, 57.456 ], [ -2.782, 57.456 ] ], [ [ -2.78, 57.456 ], [ -2.771, 57.459 ] ], [ [ -2.768, 57.488 ], [ -2.782, 57.505 ], [ -2.772, 57.519 ] ], [ [ -2.768, 57.461 ], [ -2.764, 57.465 ] ], [ [ -2.764, 57.481 ], [ -2.767, 57.486 ] ], [ [ -2.767, 57.521 ], [ -2.734, 57.521 ], [ -2.705, 57.51 ] ], [ [ -2.765, 57.478 ], [ -2.765, 57.479 ] ], [ [ -2.761, 57.469 ], [ -2.762, 57.474 ] ], [ [ -2.762, 57.467 ], [ -2.761, 57.467 ] ], [ [ -2.7, 57.509 ], [ -2.699, 57.509 ] ], [ [ -2.698, 57.533 ], [ -2.683, 57.539 ], [ -2.669, 57.535 ] ], [ [ -2.694, 57.517 ], [ -2.7, 57.521 ], [ -2.696, 57.532 ] ], [ [ -2.693, 57.509 ], [ -2.692, 57.515 ] ], [ [ -2.667, 57.534 ], [ -2.651, 57.533 ] ], [ [ -2.65, 57.531 ], [ -2.635, 57.523 ], [ -2.629, 57.514 ] ], [ [ -2.625, 57.514 ], [ -2.619, 57.514 ] ], [ [ -2.614, 57.513 ], [ -2.61, 57.512 ] ], [ [ -2.608, 57.512 ], [ -2.605, 57.517 ] ], [ [ -2.603, 57.517 ], [ -2.589, 57.521 ] ], [ [ -2.585, 57.522 ], [ -2.578, 57.522 ] ], [ [ -2.574, 57.521 ], [ -2.563, 57.517 ] ], [ [ -2.56, 57.517 ], [ -2.558, 57.517 ] ], [ [ -2.554, 57.515 ], [ -2.553, 57.53 ] ], [ [ -2.551, 57.53 ], [ -2.546, 57.532 ] ], [ [ -2.544, 57.534 ], [ -2.544, 57.535 ] ], [ [ -2.54, 57.536 ], [ -2.534, 57.537 ] ], [ [ -2.531, 57.536 ], [ -2.526, 57.535 ] ], [ [ -2.52, 57.535 ], [ -2.484, 57.539 ] ], [ [ -2.516, 57.615 ], [ -2.519, 57.617 ] ], [ [ -2.519, 57.619 ], [ -2.509, 57.629 ] ], [ [ -2.516, 57.612 ], [ -2.515, 57.614 ] ], [ [ -2.502, 57.57 ], [ -2.517, 57.587 ], [ -2.513, 57.598 ], [ -2.515, 57.609 ] ], [ [ -2.51, 57.631 ], [ -2.536, 57.638 ], [ -2.541, 57.643 ], [ -2.513, 57.659 ], [ -2.512, 57.666 ] ], [ [ -2.498, 57.563 ], [ -2.5, 57.569 ] ], [ [ -2.488, 57.551 ], [ -2.503, 57.555 ], [ -2.498, 57.561 ] ], [ [ -2.481, 57.54 ], [ -2.491, 57.551 ] ] ] } },
{ "type": "Feature", "properties": { "name1": "River Tweed", "name2": "Dawyck Mill Pool", "Strahler Stream Order": 4, "long_name": null, "short_name": null }, "geometry": { "type": "LineString", "coordinates": [ [ -3.312, 55.612 ], [ -3.31, 55.613 ] ] } },
{ "type": "Feature", "properties": { "name1": "Afon Tywi", "name2": "River Towy", "Strahler Stream Order": 5, "long_name": null, "short_name": null }, "geometry": { "type": "LineString", "coordinates": [ [ -3.786, 52.105 ], [ -3.798, 52.099 ], [ -3.804, 52.089 ], [ -3.781, 52.075 ], [ -3.78, 52.069 ], [ -3.794, 52.068 ], [ -3.802, 52.058 ], [ -3.802, 52.043 ], [ -3.817, 52.02 ], [ -3.805, 52.01 ], [ -3.805, 51.998 ], [ -3.817, 51.979 ], [ -3.834, 51.972 ], [ -3.857, 51.969 ], [ -3.881, 51.953 ], [ -3.893, 51.95 ], [ -3.898, 51.938 ], [ -3.91, 51.926 ], [ -3.913, 51.915 ], [ -3.93, 51.908 ], [ -3.946, 51.907 ], [ -3.943, 51.901 ], [ -3.973, 51.897 ], [ -3.972, 51.889 ], [ -3.986, 51.885 ], [ -3.996, 51.88 ], [ -4.026, 51.873 ], [ -4.034, 51.879 ], [ -4.063, 51.867 ], [ -4.079, 51.858 ], [ -4.094, 51.861 ], [ -4.127, 51.864 ], [ -4.132, 51.871 ], [ -4.166, 51.865 ], [ -4.176, 51.858 ], [ -4.197, 51.862 ], [ -4.21, 51.869 ], [ -4.227, 51.868 ], [ -4.238, 51.859 ], [ -4.256, 51.86 ], [ -4.276, 51.858 ], [ -4.289, 51.863 ], [ -4.297, 51.857 ], [ -4.317, 51.85 ], [ -4.313, 51.838 ], [ -4.328, 51.827 ], [ -4.319, 51.82 ], [ -4.324, 51.802 ], [ -4.343, 51.799 ], [ -4.36, 51.789 ], [ -4.37, 51.788 ], [ -4.37, 51.773 ], [ -4.38, 51.769 ], [ -4.388, 51.759 ], [ -4.382, 51.748 ], [ -4.387, 51.738 ], [ -4.4, 51.734 ] ] } },
{ "type": "Feature", "properties": { "name1": "Tarf Water", "name2": " ", "Strahler Stream Order": 4, "long_name": null, "short_name": null }, "geometry": { "type": "LineString", "coordinates": [ [ -4.728, 54.935 ], [ -4.712, 54.923 ], [ -4.697, 54.926 ], [ -4.697, 54.916 ], [ -4.686, 54.912 ], [ -4.689, 54.906 ], [ -4.663, 54.907 ], [ -4.656, 54.894 ], [ -4.638, 54.899 ], [ -4.633, 54.904 ], [ -4.585, 54.911 ], [ -4.579, 54.91 ] ] } },
{ "type": "Feature", "properties": { "name1": "River Orrin", "name2": "Lùb Mhòr", "Strahler Stream Order": 4, "long_name": null, "short_name": null }, "geometry": { "type": "LineString", "coordinates": [ [ -4.811, 57.495 ], [ -4.806, 57.494 ] ] } },
{ "type": "Feature", "properties": { "name1": "The Shoals", "name2": "River Clyde", "Strahler Stream Order": 5, "long_name": null, "short_name": null }, "geometry": { "type": "LineString", "coordinates": [ [ -3.704, 55.66 ], [ -3.709, 55.657 ] ] } },
{ "type": "Feature", "properties": { "name1": "River South Esk", "name2": "Horse Pool", "Strahler Stream Order": 4, "long_name": null, "short_name": null }, "geometry": { "type": "LineString", "coordinates": [ [ -2.589, 56.713 ], [ -2.588, 56.714 ] ] } },
{ "type": "Feature", "properties": { "name1": "Afon Cywyn", "name2": " ", "Strahler Stream Order": 4, "long_name": null, "short_name": null }, "geometry": { "type": "LineString", "coordinates": [ [ -4.419, 51.864 ], [ -4.424, 51.845 ], [ -4.436, 51.832 ], [ -4.442, 51.82 ], [ -4.454, 51.812 ], [ -4.456, 51.789 ] ] } },
{ "type": "Feature", "properties": { "name1": "River Braan", "name2": " ", "Strahler Stream Order": 4, "long_name": null, "short_name": null }, "geometry": { "type": "MultiLineString", "coordinates": [ [ [ -3.664, 56.545 ], [ -3.643, 56.546 ], [ -3.634, 56.552 ] ], [ [ -3.62, 56.555 ], [ -3.591, 56.564 ] ] ] } },
{ "type": "Feature", "properties": { "name1": "River Esk", "name2": "Mill Pool", "Strahler Stream Order": 4, "long_name": null, "short_name": null }, "geometry": { "type": "LineString", "coordinates": [ [ -2.957, 55.085 ], [ -2.95, 55.082 ] ] } },
{ "type": "Feature", "properties": { "name1": "River Tweed", "name2": "Rink Stream", "Strahler Stream Order": 6, "long_name": null, "short_name": null }, "geometry": { "type": "LineString", "coordinates": [ [ -2.812, 55.582 ], [ -2.807, 55.586 ] ] } },
{ "type": "Feature", "properties": { "name1": "Sluie Pool", "name2": "River Findhorn", "Strahler Stream Order": 5, "long_name": null, "short_name": null }, "geometry": { "type": "LineString", "coordinates": [ [ -3.663, 57.552 ], [ -3.664, 57.554 ] ] } },
{ "type": "Feature", "properties": { "name1": "River Deveron", "name2": "Meeting Pot", "Strahler Stream Order": 4, "long_name": null, "short_name": null }, "geometry": { "type": "LineString", "coordinates": [ [ -2.771, 57.459 ], [ -2.769, 57.459 ] ] } },
{ "type": "Feature", "properties": { "name1": "Water of Fleet", "name2": "The Canal", "Strahler Stream Order": 4, "long_name": null, "short_name": null }, "geometry": { "type": "LineString", "coordinates": [ [ -4.195, 54.873 ], [ -4.203, 54.867 ] ] } },
{ "type": "Feature", "properties": { "name1": "River Ythan", "name2": "Meg's Pot", "Strahler Stream Order": 4, "long_name": null, "short_name": null }, "geometry": { "type": "LineString", "coordinates": [ [ -2.273, 57.446 ], [ -2.27, 57.446 ] ] } },
{ "type": "Feature", "properties": { "name1": "Turn Pool", "name2": "River Teviot", "Strahler Stream Order": 5, "long_name": null, "short_name": null }, "geometry": { "type": "LineString", "coordinates": [ [ -2.481, 55.556 ], [ -2.477, 55.557 ] ] } },
{ "type": "Feature", "properties": { "name1": "River Garry", "name2": "Poll an Onochoin", "Strahler Stream Order": 5, "long_name": null, "short_name": null }, "geometry": { "type": "LineString", "coordinates": [ [ -4.833, 57.065 ], [ -4.832, 57.064 ] ] } },
{ "type": "Feature", "properties": { "name1": "River Teviot", "name2": "Pates Plum Pool", "Strahler Stream Order": 5, "long_name": null, "short_name": null }, "geometry": { "type": "LineString", "coordinates": [ [ -2.789, 55.422 ], [ -2.788, 55.425 ] ] } },
{ "type": "Feature", "properties": { "name1": "River Awe", "name2": "Poll Glas", "Strahler Stream Order": 5, "long_name": null, "short_name": null }, "geometry": { "type": "LineString", "coordinates": [ [ -5.207, 56.43 ], [ -5.212, 56.433 ] ] } },
{ "type": "Feature", "properties": { "name1": "River Thurso", "name2": "Dale Stream Pool", "Strahler Stream Order": 5, "long_name": null, "short_name": null }, "geometry": { "type": "LineString", "coordinates": [ [ -3.495, 58.45 ], [ -3.497, 58.455 ] ] } },
{ "type": "Feature", "properties": { "name1": "Endrick Water", "name2": "Endrick Mouth", "Strahler Stream Order": 4, "long_name": null, "short_name": null }, "geometry": { "type": "LineString", "coordinates": [ [ -4.52, 56.069 ], [ -4.53, 56.073 ] ] } },
{ "type": "Feature", "properties": { "name1": " ", "name2": " ", "Strahler Stream Order": 5, "long_name": null, "short_name": null }, "geometry": { "type": "LineString", "coordinates": [ [ -1.814, 57.523 ], [ -1.813, 57.523 ] ] } },
{ "type": "Feature", "properties": { "name1": "River Deveron", "name2": "Kirktown Pool", "Strahler Stream Order": 5, "long_name": null, "short_name": null }, "geometry": { "type": "LineString", "coordinates": [ [ -2.762, 57.474 ], [ -2.765, 57.478 ] ] } },
{ "type": "Feature", "properties": { "name1": "Cample Water", "name2": " ", "Strahler Stream Order": 4, "long_name": null, "short_name": null }, "geometry": { "type": "LineString", "coordinates": [ [ -3.728, 55.233 ], [ -3.741, 55.227 ], [ -3.768, 55.231 ], [ -3.781, 55.224 ] ] } },
{ "type": "Feature", "properties": { "name1": "Afon Llynfi", "name2": " ", "Strahler Stream Order": 4, "long_name": null, "short_name": null }, "geometry": { "type": "LineString", "coordinates": [ [ -3.24, 52.001 ], [ -3.238, 52.008 ], [ -3.225, 52.014 ], [ -3.216, 52.033 ], [ -3.2, 52.043 ] ] } },
{ "type": "Feature", "properties": { "name1": "River Tweed", "name2": "Rampy Pool", "Strahler Stream Order": 5, "long_name": null, "short_name": null }, "geometry": { "type": "LineString", "coordinates": [ [ -2.921, 55.615 ], [ -2.918, 55.614 ] ] } },
{ "type": "Feature", "properties": { "name1": "River Lossie", "name2": " ", "Strahler Stream Order": 4, "long_name": null, "short_name": null }, "geometry": { "type": "MultiLineString", "coordinates": [ [ [ -3.439, 57.558 ], [ -3.429, 57.559 ] ], [ [ -3.424, 57.56 ], [ -3.403, 57.564 ], [ -3.379, 57.573 ], [ -3.37, 57.571 ], [ -3.345, 57.581 ], [ -3.332, 57.597 ], [ -3.339, 57.605 ], [ -3.331, 57.626 ], [ -3.337, 57.632 ], [ -3.342, 57.65 ], [ -3.313, 57.655 ], [ -3.301, 57.65 ], [ -3.285, 57.653 ], [ -3.272, 57.644 ], [ -3.257, 57.649 ], [ -3.264, 57.676 ], [ -3.254, 57.686 ], [ -3.251, 57.701 ], [ -3.269, 57.709 ], [ -3.278, 57.721 ] ] ] } },
{ "type": "Feature", "properties": { "name1": "River Teviot", "name2": " ", "Strahler Stream Order": 5, "long_name": null, "short_name": null }, "geometry": { "type": "MultiLineString", "coordinates": [ [ [ -2.931, 55.344 ], [ -2.918, 55.354 ], [ -2.895, 55.36 ], [ -2.887, 55.365 ] ], [ [ -2.885, 55.365 ], [ -2.876, 55.368 ], [ -2.87, 55.381 ], [ -2.849, 55.395 ], [ -2.839, 55.397 ], [ -2.817, 55.416 ] ], [ [ -2.815, 55.417 ], [ -2.81, 55.415 ] ], [ [ -2.807, 55.415 ], [ -2.798, 55.423 ] ], [ [ -2.795, 55.423 ], [ -2.789, 55.422 ] ], [ [ -2.788, 55.425 ], [ -2.765, 55.431 ], [ -2.741, 55.443 ] ], [ [ -2.74, 55.443 ], [ -2.738, 55.444 ] ], [ [ -2.735, 55.444 ], [ -2.724, 55.455 ] ], [ [ -2.722, 55.456 ], [ -2.716, 55.453 ] ], [ [ -2.713, 55.454 ], [ -2.691, 55.457 ], [ -2.671, 55.467 ], [ -2.663, 55.468 ], [ -2.647, 55.482 ] ], [ [ -2.645, 55.484 ], [ -2.639, 55.484 ] ], [ [ -2.637, 55.485 ], [ -2.636, 55.486 ] ], [ [ -2.634, 55.487 ], [ -2.625, 55.493 ] ], [ [ -2.622, 55.493 ], [ -2.616, 55.493 ] ], [ [ -2.614, 55.495 ], [ -2.613, 55.498 ] ], [ [ -2.612, 55.498 ], [ -2.603, 55.501 ] ], [ [ -2.6, 55.503 ], [ -2.596, 55.504 ] ], [ [ -2.591, 55.503 ], [ -2.587, 55.504 ] ], [ [ -2.583, 55.505 ], [ -2.569, 55.506 ] ], [ [ -2.561, 55.512 ], [ -2.558, 55.513 ] ], [ [ -2.55, 55.513 ], [ -2.526, 55.517 ] ], [ [ -2.523, 55.517 ], [ -2.522, 55.519 ] ], [ [ -2.52, 55.521 ], [ -2.516, 55.522 ] ], [ [ -2.507, 55.521 ], [ -2.505, 55.521 ] ], [ [ -2.502, 55.521 ], [ -2.499, 55.523 ] ], [ [ -2.497, 55.525 ], [ -2.491, 55.523 ] ], [ [ -2.487, 55.522 ], [ -2.474, 55.526 ] ], [ [ -2.482, 55.554 ], [ -2.481, 55.556 ] ], [ [ -2.476, 55.551 ], [ -2.481, 55.553 ] ], [ [ -2.477, 55.557 ], [ -2.478, 55.56 ] ], [ [ -2.477, 55.562 ], [ -2.476, 55.563 ] ], [ [ -2.475, 55.546 ], [ -2.475, 55.55 ] ], [ [ -2.474, 55.566 ], [ -2.474, 55.568 ] ], [ [ -2.473, 55.532 ], [ -2.473, 55.535 ] ], [ [ -2.47, 55.537 ], [ -2.463, 55.541 ], [ -2.472, 55.545 ] ], [ [ -2.471, 55.528 ], [ -2.472, 55.531 ] ], [ [ -2.472, 55.571 ], [ -2.47, 55.572 ] ], [ [ -2.469, 55.573 ], [ -2.47, 55.575 ] ], [ [ -2.47, 55.576 ], [ -2.466, 55.577 ] ], [ [ -2.462, 55.586 ], [ -2.462, 55.587 ] ], [ [ -2.457, 55.593 ], [ -2.455, 55.596 ] ], [ [ -2.451, 55.598 ], [ -2.45, 55.597 ] ], [ [ -2.45, 55.597 ], [ -2.449, 55.596 ] ], [ [ -2.446, 55.595 ], [ -2.443, 55.597 ] ] ] } },
{ "type": "Feature", "properties": { "name1": "River Thurso", "name2": "Gerston Pool", "Strahler Stream Order": 5, "long_name": null, "short_name": null }, "geometry": { "type": "LineString", "coordinates": [ [ -3.507, 58.514 ], [ -3.501, 58.517 ] ] } },
{ "type": "Feature", "properties": { "name1": "River Eden", "name2": " ", "Strahler Stream Order": 4, "long_name": null, "short_name": null }, "geometry": { "type": "LineString", "coordinates": [ [ -3.201, 56.278 ], [ -3.183, 56.276 ], [ -3.159, 56.264 ], [ -3.135, 56.265 ], [ -3.122, 56.268 ], [ -3.1, 56.268 ], [ -3.079, 56.276 ], [ -3.05, 56.295 ], [ -3.038, 56.297 ], [ -3.009, 56.319 ], [ -2.972, 56.323 ], [ -2.948, 56.329 ], [ -2.941, 56.34 ], [ -2.922, 56.342 ], [ -2.91, 56.354 ], [ -2.888, 56.358 ], [ -2.889, 56.365 ], [ -2.854, 56.367 ], [ -2.835, 56.363 ], [ -2.826, 56.365 ], [ -2.818, 56.375 ], [ -2.804, 56.378 ] ] } },
{ "type": "Feature", "properties": { "name1": "Waters Meeting", "name2": "River Lune", "Strahler Stream Order": 5, "long_name": null, "short_name": null }, "geometry": { "type": "LineString", "coordinates": [ ] } },
{ "type": "Feature", "properties": { "name1": "Afon Wysg", "name2": "River Usk", "Strahler Stream Order": 5, "long_name": null, "short_name": null }, "geometry": { "type": "MultiLineString", "coordinates": [ [ [ -3.6, 51.95 ], [ -3.599, 51.95 ] ], [ [ -3.593, 51.951 ], [ -3.589, 51.944 ], [ -3.572, 51.946 ], [ -3.566, 51.955 ], [ -3.536, 51.956 ], [ -3.521, 51.95 ], [ -3.484, 51.948 ], [ -3.47, 51.954 ], [ -3.446, 51.954 ], [ -3.44, 51.944 ], [ -3.425, 51.95 ], [ -3.408, 51.949 ] ], [ [ -3.405, 51.95 ], [ -3.394, 51.948 ], [ -3.387, 51.94 ], [ -3.37, 51.938 ], [ -3.365, 51.941 ], [ -3.347, 51.935 ], [ -3.337, 51.937 ], [ -3.316, 51.918 ], [ -3.292, 51.914 ], [ -3.272, 51.897 ], [ -3.27, 51.875 ], [ -3.243, 51.873 ] ], [ [ -3.239, 51.875 ], [ -3.217, 51.874 ], [ -3.209, 51.869 ], [ -3.196, 51.872 ], [ -3.175, 51.872 ] ], [ [ -3.142, 51.856 ], [ -3.122, 51.849 ], [ -3.119, 51.84 ], [ -3.102, 51.832 ] ], [ [ -3.102, 51.833 ], [ -3.091, 51.84 ], [ -3.076, 51.835 ], [ -3.075, 51.828 ], [ -3.041, 51.824 ] ], [ [ -3.04, 51.823 ], [ -3.015, 51.815 ], [ -3.019, 51.801 ], [ -3.011, 51.794 ], [ -2.999, 51.794 ], [ -2.988, 51.779 ], [ -2.96, 51.781 ], [ -2.945, 51.775 ], [ -2.934, 51.78 ] ], [ [ -2.89, 51.649 ], [ -2.887, 51.639 ], [ -2.893, 51.633 ], [ -2.912, 51.623 ], [ -2.921, 51.627 ], [ -2.935, 51.615 ], [ -2.944, 51.611 ], [ -2.956, 51.602 ], [ -2.972, 51.609 ], [ -2.993, 51.608 ], [ -2.989, 51.597 ], [ -2.994, 51.591 ] ], [ [ -2.984, 51.572 ], [ -2.986, 51.57 ] ], [ [ -2.944, 51.747 ], [ -2.955, 51.739 ], [ -2.953, 51.733 ] ], [ [ -2.952, 51.731 ], [ -2.942, 51.729 ] ], [ [ -2.941, 51.759 ], [ -2.943, 51.748 ] ], [ [ -2.939, 51.729 ], [ -2.938, 51.73 ] ], [ [ -2.937, 51.732 ], [ -2.927, 51.73 ] ], [ [ -2.93, 51.774 ], [ -2.936, 51.761 ] ], [ [ -2.932, 51.78 ], [ -2.93, 51.778 ] ], [ [ -2.927, 51.725 ], [ -2.931, 51.72 ], [ -2.913, 51.716 ], [ -2.906, 51.698 ] ], [ [ -2.925, 51.729 ], [ -2.926, 51.726 ] ], [ [ -2.904, 51.696 ], [ -2.896, 51.692 ] ], [ [ -2.893, 51.682 ], [ -2.887, 51.68 ] ], [ [ -2.892, 51.69 ], [ -2.889, 51.69 ] ], [ [ -2.886, 51.663 ], [ -2.892, 51.652 ] ], [ [ -2.89, 51.683 ], [ -2.892, 51.683 ] ], [ [ -2.889, 51.669 ], [ -2.888, 51.664 ] ], [ [ -2.887, 51.677 ], [ -2.888, 51.671 ] ], [ [ -2.887, 51.68 ], [ -2.886, 51.678 ] ], [ [ -2.886, 51.69 ], [ -2.886, 51.689 ] ], [ [ -2.885, 51.685 ], [ -2.886, 51.684 ] ] ] } },
{ "type": "Feature", "properties": { "name1": "River Isla", "name2": " ", "Strahler Stream Order": 4, "long_name": null, "short_name": null }, "geometry": { "type": "LineString", "coordinates": [ [ -2.96, 57.55 ], [ -2.949, 57.553 ], [ -2.925, 57.556 ], [ -2.902, 57.548 ], [ -2.886, 57.551 ], [ -2.858, 57.543 ], [ -2.831, 57.545 ], [ -2.824, 57.541 ], [ -2.81, 57.52 ], [ -2.789, 57.508 ], [ -2.778, 57.515 ] ] } },
{ "type": "Feature", "properties": { "name1": "River Tweed", "name2": "Kirkburn Pool", "Strahler Stream Order": 5, "long_name": null, "short_name": null }, "geometry": { "type": "LineString", "coordinates": [ [ -3.118, 55.639 ], [ -3.116, 55.639 ] ] } },
{ "type": "Feature", "properties": { "name1": " ", "name2": " ", "Strahler Stream Order": 4, "long_name": null, "short_name": null }, "geometry": { "type": "LineString", "coordinates": [ [ -1.952, 57.677 ], [ -1.953, 57.678 ] ] } },
{ "type": "Feature", "properties": { "name1": "River Ythan", "name2": "Pot Howie", "Strahler Stream Order": 4, "long_name": null, "short_name": null }, "geometry": { "type": "LineString", "coordinates": [ [ -2.326, 57.438 ], [ -2.325, 57.438 ] ] } },
{ "type": "Feature", "properties": { "name1": "Muckle Burn", "name2": " ", "Strahler Stream Order": 4, "long_name": null, "short_name": null }, "geometry": { "type": "LineString", "coordinates": [ [ -3.77, 57.542 ], [ -3.756, 57.552 ], [ -3.712, 57.567 ], [ -3.723, 57.575 ], [ -3.726, 57.583 ], [ -3.711, 57.586 ], [ -3.709, 57.593 ], [ -3.696, 57.595 ], [ -3.685, 57.606 ], [ -3.666, 57.607 ], [ -3.666, 57.617 ], [ -3.646, 57.63 ], [ -3.646, 57.64 ], [ -3.63, 57.643 ] ] } },
{ "type": "Feature", "properties": { "name1": " ", "name2": " ", "Strahler Stream Order": 5, "long_name": null, "short_name": null }, "geometry": { "type": "MultiLineString", "coordinates": [ [ [ -3.237, 57.041 ], [ -3.232, 57.042 ] ], [ [ -3.216, 57.038 ], [ -3.214, 57.037 ] ], [ [ -2.819, 57.077 ], [ -2.815, 57.077 ] ], [ [ -2.662, 57.072 ], [ -2.661, 57.07 ] ], [ [ -2.546, 57.057 ], [ -2.542, 57.057 ] ], [ [ -2.535, 57.057 ], [ -2.534, 57.056 ] ], [ [ -2.261, 57.094 ], [ -2.261, 57.095 ] ], [ [ -2.13, 57.118 ], [ -2.124, 57.119 ] ] ] } },
{ "type": "Feature", "properties": { "name1": "River Dionard", "name2": " ", "Strahler Stream Order": 4, "long_name": null, "short_name": null }, "geometry": { "type": "LineString", "coordinates": [ [ -4.814, 58.571 ], [ -4.801, 58.577 ] ] } },
{ "type": "Feature", "properties": { "name1": "River Spey", "name2": "Pool Voulin", "Strahler Stream Order": 6, "long_name": null, "short_name": null }, "geometry": { "type": "LineString", "coordinates": [ [ -3.322, 57.462 ], [ -3.318, 57.461 ] ] } },
{ "type": "Feature", "properties": { "name1": "River Ling", "name2": " ", "Strahler Stream Order": 4, "long_name": null, "short_name": null }, "geometry": { "type": "LineString", "coordinates": [ [ -5.326, 57.374 ], [ -5.344, 57.369 ], [ -5.364, 57.355 ], [ -5.394, 57.349 ], [ -5.414, 57.337 ], [ -5.425, 57.325 ], [ -5.424, 57.319 ], [ -5.439, 57.314 ] ] } },
{ "type": "Feature", "properties": { "name1": "Daugleddau", "name2": "Castle Reach", "Strahler Stream Order": 5, "long_name": null, "short_name": null }, "geometry": { "type": "LineString", "coordinates": [ [ -4.885, 51.733 ], [ -4.886, 51.723 ] ] } },
{ "type": "Feature", "properties": { "name1": " ", "name2": " ", "Strahler Stream Order": 4, "long_name": null, "short_name": null }, "geometry": { "type": "MultiLineString", "coordinates": [ [ [ -2.396, 57.429 ], [ -2.393, 57.428 ] ], [ [ -2.34, 57.433 ], [ -2.338, 57.433 ] ], [ [ -2.288, 57.441 ], [ -2.287, 57.44 ] ], [ [ -2.263, 57.442 ], [ -2.261, 57.441 ] ], [ [ -2.23, 57.42 ], [ -2.227, 57.42 ] ], [ [ -2.2, 57.414 ], [ -2.199, 57.414 ] ], [ [ -2.192, 57.415 ], [ -2.188, 57.415 ] ], [ [ -2.169, 57.404 ], [ -2.167, 57.403 ] ], [ [ -2.157, 57.39 ], [ -2.154, 57.389 ] ], [ [ -2.131, 57.371 ], [ -2.129, 57.369 ] ] ] } },
{ "type": "Feature", "properties": { "name1": " ", "name2": " ", "Strahler Stream Order": 4, "long_name": null, "short_name": null }, "geometry": { "type": "MultiLineString", "coordinates": [ [ [ -3.001, 57.215 ], [ -3.001, 57.217 ] ], [ [ -2.994, 57.22 ], [ -2.99, 57.22 ] ], [ [ -2.958, 57.214 ], [ -2.955, 57.214 ] ], [ [ -2.948, 57.212 ], [ -2.945, 57.211 ] ], [ [ -2.917, 57.206 ], [ -2.914, 57.206 ] ], [ [ -2.884, 57.207 ], [ -2.883, 57.208 ] ], [ [ -2.876, 57.215 ], [ -2.873, 57.216 ] ], [ [ -2.868, 57.216 ], [ -2.866, 57.216 ] ], [ [ -2.864, 57.223 ], [ -2.864, 57.224 ] ], [ [ -2.846, 57.254 ], [ -2.843, 57.254 ] ], [ [ -2.819, 57.251 ], [ -2.818, 57.251 ] ], [ [ -2.648, 57.256 ], [ -2.646, 57.257 ] ], [ [ -2.636, 57.257 ], [ -2.633, 57.258 ] ], [ [ -2.53, 57.234 ], [ -2.528, 57.233 ] ], [ [ -2.454, 57.241 ], [ -2.453, 57.241 ] ], [ [ -2.443, 57.247 ], [ -2.441, 57.248 ] ], [ [ -2.44, 57.256 ], [ -2.441, 57.257 ] ], [ [ -2.407, 57.272 ], [ -2.403, 57.271 ] ], [ [ -2.399, 57.268 ], [ -2.397, 57.268 ] ], [ [ -2.344, 57.246 ], [ -2.342, 57.245 ] ], [ [ -2.34, 57.241 ], [ -2.341, 57.24 ] ], [ [ -2.34, 57.237 ], [ -2.339, 57.236 ] ], [ [ -2.335, 57.243 ], [ -2.334, 57.243 ] ], [ [ -2.328, 57.231 ], [ -2.328, 57.23 ] ], [ [ -2.32, 57.231 ], [ -2.319, 57.231 ] ], [ [ -2.314, 57.227 ], [ -2.314, 57.228 ] ], [ [ -2.288, 57.23 ], [ -2.286, 57.23 ] ], [ [ -2.283, 57.234 ], [ -2.279, 57.234 ] ], [ [ -2.273, 57.235 ], [ -2.272, 57.234 ] ], [ [ -2.17, 57.208 ], [ -2.17, 57.206 ] ] ] } },
{ "type": "Feature", "properties": { "name1": "River Tweed", "name2": "Carseheugh Stream", "Strahler Stream Order": 6, "long_name": null, "short_name": null }, "geometry": { "type": "LineString", "coordinates": [ ] } },
{ "type": "Feature", "properties": { "name1": " ", "name2": " ", "Strahler Stream Order": 4, "long_name": null, "short_name": null }, "geometry": { "type": "LineString", "coordinates": [ [ -5.4, 57.208 ], [ -5.409, 57.211 ] ] } },
{ "type": "Feature", "properties": { "name1": "River Ossian", "name2": " ", "Strahler Stream Order": 4, "long_name": null, "short_name": null }, "geometry": { "type": "LineString", "coordinates": [ [ -4.598, 56.797 ], [ -4.601, 56.816 ], [ -4.608, 56.82 ], [ -4.607, 56.831 ] ] } },
{ "type": "Feature", "properties": { "name1": "River Stinchar", "name2": " ", "Strahler Stream Order": 5, "long_name": null, "short_name": null }, "geometry": { "type": "MultiLineString", "coordinates": [ [ [ -4.954, 55.119 ], [ -4.963, 55.109 ], [ -4.974, 55.104 ], [ -5.004, 55.097 ], [ -5.013, 55.09 ] ], [ [ -4.715, 55.21 ], [ -4.733, 55.2 ], [ -4.756, 55.195 ], [ -4.761, 55.188 ], [ -4.776, 55.188 ], [ -4.798, 55.182 ], [ -4.824, 55.169 ], [ -4.839, 55.146 ], [ -4.832, 55.144 ], [ -4.87, 55.142 ], [ -4.908, 55.129 ], [ -4.925, 55.127 ], [ -4.951, 55.12 ] ] ] } },
{ "type": "Feature", "properties": { "name1": "River Pean", "name2": " ", "Strahler Stream Order": 4, "long_name": null, "short_name": null }, "geometry": { "type": "LineString", "coordinates": [ [ -5.327, 56.967 ], [ -5.311, 56.97 ] ] } },
{ "type": "Feature", "properties": { "name1": "River Spey", "name2": "Collie Pool", "Strahler Stream Order": 6, "long_name": null, "short_name": null }, "geometry": { "type": "LineString", "coordinates": [ [ -3.149, 57.547 ], [ -3.148, 57.548 ] ] } },
{ "type": "Feature", "properties": { "name1": "Winter Pool", "name2": "Ettrick Water", "Strahler Stream Order": 4, "long_name": null, "short_name": null }, "geometry": { "type": "LineString", "coordinates": [ [ -3.075, 55.461 ], [ -3.074, 55.462 ] ] } },
{ "type": "Feature", "properties": { "name1": "River Teviot", "name2": "Boat Pool", "Strahler Stream Order": 5, "long_name": null, "short_name": null }, "geometry": { "type": "LineString", "coordinates": [ [ -2.625, 55.493 ], [ -2.622, 55.493 ] ] } },
{ "type": "Feature", "properties": { "name1": " ", "name2": " ", "Strahler Stream Order": 6, "long_name": null, "short_name": null }, "geometry": { "type": "MultiLineString", "coordinates": [ [ [ -4.304, 57.013 ], [ -4.303, 57.014 ] ], [ [ -4.05, 56.945 ], [ -4.042, 56.961 ] ], [ [ -3.939, 57.11 ], [ -3.925, 57.126 ] ], [ [ -3.614, 57.319 ], [ -3.612, 57.32 ] ], [ [ -3.554, 57.326 ], [ -3.553, 57.328 ] ], [ [ -3.537, 57.352 ], [ -3.536, 57.355 ] ], [ [ -3.526, 57.354 ], [ -3.523, 57.354 ] ], [ [ -3.522, 57.359 ], [ -3.522, 57.362 ] ], [ [ -3.515, 57.368 ], [ -3.507, 57.369 ] ], [ [ -3.502, 57.37 ], [ -3.495, 57.373 ] ], [ [ -3.491, 57.372 ], [ -3.488, 57.372 ] ], [ [ -3.481, 57.372 ], [ -3.479, 57.372 ] ], [ [ -3.477, 57.372 ], [ -3.474, 57.372 ] ], [ [ -3.475, 57.386 ], [ -3.475, 57.391 ] ], [ [ -3.471, 57.373 ], [ -3.469, 57.376 ] ], [ [ -3.469, 57.394 ], [ -3.469, 57.395 ] ], [ [ -3.468, 57.382 ], [ -3.468, 57.383 ] ], [ [ -3.447, 57.399 ], [ -3.443, 57.399 ] ], [ [ -3.375, 57.421 ], [ -3.37, 57.422 ] ], [ [ -3.366, 57.453 ], [ -3.364, 57.455 ] ], [ [ -3.361, 57.447 ], [ -3.363, 57.45 ] ], [ [ -3.356, 57.37 ], [ -3.357, 57.37 ] ], [ [ -3.294, 57.454 ], [ -3.292, 57.456 ] ], [ [ -3.277, 57.457 ], [ -3.275, 57.458 ] ], [ [ -3.275, 57.458 ], [ -3.272, 57.46 ] ], [ [ -3.27, 57.46 ], [ -3.269, 57.461 ] ], [ [ -3.25, 57.468 ], [ -3.247, 57.467 ] ], [ [ -3.236, 57.468 ], [ -3.234, 57.469 ] ], [ [ -3.232, 57.47 ], [ -3.228, 57.472 ] ], [ [ -3.202, 57.481 ], [ -3.201, 57.481 ] ], [ [ -3.2, 57.522 ], [ -3.198, 57.523 ] ], [ [ -3.196, 57.524 ], [ -3.193, 57.525 ] ], [ [ -3.193, 57.539 ], [ -3.192, 57.539 ] ], [ [ -3.184, 57.506 ], [ -3.185, 57.507 ] ], [ [ -3.182, 57.494 ], [ -3.181, 57.495 ] ], [ [ -3.172, 57.486 ], [ -3.172, 57.487 ] ], [ [ -3.166, 57.536 ], [ -3.165, 57.536 ] ], [ [ -3.148, 57.548 ], [ -3.145, 57.55 ] ], [ [ -3.141, 57.55 ], [ -3.139, 57.552 ] ], [ [ -3.128, 57.573 ], [ -3.126, 57.574 ] ], [ [ -3.118, 57.597 ], [ -3.117, 57.598 ] ], [ [ -3.106, 57.615 ], [ -3.105, 57.615 ] ], [ [ -3.096, 57.673 ], [ -3.097, 57.674 ] ], [ [ -3.093, 57.671 ], [ -3.093, 57.672 ] ] ] } },
{ "type": "Feature", "properties": { "name1": "Caochan Mhineagair", "name2": " ", "Strahler Stream Order": 4, "long_name": null, "short_name": null }, "geometry": { "type": "LineString", "coordinates": [ [ -4.982, 56.941 ], [ -4.968, 56.935 ] ] } },
{ "type": "Feature", "properties": { "name1": " ", "name2": " ", "Strahler Stream Order": 5, "long_name": null, "short_name": null }, "geometry": { "type": "MultiLineString", "coordinates": [ [ [ -2.959, 57.412 ], [ -2.958, 57.413 ] ], [ [ -2.957, 57.421 ], [ -2.956, 57.422 ] ], [ [ -2.95, 57.442 ], [ -2.947, 57.442 ] ], [ [ -2.918, 57.449 ], [ -2.914, 57.449 ] ], [ [ -2.899, 57.451 ], [ -2.895, 57.451 ] ], [ [ -2.863, 57.452 ], [ -2.858, 57.452 ] ], [ [ -2.853, 57.464 ], [ -2.852, 57.466 ] ], [ [ -2.852, 57.468 ], [ -2.849, 57.469 ] ], [ [ -2.831, 57.46 ], [ -2.829, 57.458 ] ], [ [ -2.812, 57.453 ], [ -2.812, 57.454 ] ], [ [ -2.782, 57.456 ], [ -2.78, 57.456 ] ], [ [ -2.769, 57.459 ], [ -2.768, 57.459 ] ], [ [ -2.761, 57.467 ], [ -2.761, 57.469 ] ], [ [ -2.699, 57.509 ], [ -2.699, 57.508 ] ], [ [ -2.578, 57.522 ], [ -2.574, 57.521 ] ], [ [ -2.532, 57.537 ], [ -2.531, 57.536 ] ], [ [ -2.526, 57.535 ], [ -2.52, 57.535 ] ] ] } },
{ "type": "Feature", "properties": { "name1": " ", "name2": " ", "Strahler Stream Order": 4, "long_name": null, "short_name": null }, "geometry": { "type": "LineString", "coordinates": [ [ -5.331, 57.477 ], [ -5.358, 57.463 ] ] } },
{ "type": "Feature", "properties": { "name1": "River Don", "name2": "Coble Pot", "Strahler Stream Order": 4, "long_name": null, "short_name": null }, "geometry": { "type": "LineString", "coordinates": [ [ -2.911, 57.204 ], [ -2.909, 57.204 ] ] } },
{ "type": "Feature", "properties": { "name1": "River Annan", "name2": "Luce Pool", "Strahler Stream Order": 5, "long_name": null, "short_name": null }, "geometry": { "type": "LineString", "coordinates": [ [ -3.276, 55.039 ], [ -3.275, 55.038 ] ] } },
{ "type": "Feature", "properties": { "name1": "Culshan Burn", "name2": " ", "Strahler Stream Order": 4, "long_name": null, "short_name": null }, "geometry": { "type": "LineString", "coordinates": [ [ -3.872, 55.01 ], [ -3.869, 55.006 ] ] } },
{ "type": "Feature", "properties": { "name1": "Afon Alaw", "name2": " ", "Strahler Stream Order": 4, "long_name": null, "short_name": null }, "geometry": { "type": "LineString", "coordinates": [ [ -4.537, 53.31 ], [ -4.549, 53.302 ], [ -4.56, 53.301 ], [ -4.577, 53.289 ], [ -4.581, 53.303 ] ] } },
{ "type": "Feature", "properties": { "name1": "Afon Geirch", "name2": " ", "Strahler Stream Order": 4, "long_name": null, "short_name": null }, "geometry": { "type": "LineString", "coordinates": [ [ -4.559, 52.917 ], [ -4.55, 52.922 ], [ -4.567, 52.931 ], [ -4.581, 52.934 ] ] } },
{ "type": "Feature", "properties": { "name1": "River Carron", "name2": "Poll Gob na Foide", "Strahler Stream Order": 4, "long_name": null, "short_name": null }, "geometry": { "type": "LineString", "coordinates": [ [ -4.58, 57.87 ], [ -4.573, 57.876 ] ] } },
{ "type": "Feature", "properties": { "name1": "River Garry", "name2": " ", "Strahler Stream Order": 5, "long_name": null, "short_name": null }, "geometry": { "type": "MultiLineString", "coordinates": [ [ [ -4.225, 56.824 ], [ -4.217, 56.827 ], [ -4.171, 56.816 ], [ -4.137, 56.817 ], [ -4.098, 56.805 ], [ -4.071, 56.805 ], [ -4.056, 56.799 ], [ -4.034, 56.799 ], [ -4.014, 56.792 ], [ -4.012, 56.786 ], [ -3.97, 56.769 ], [ -3.949, 56.765 ] ], [ [ -3.949, 56.765 ], [ -3.912, 56.767 ], [ -3.895, 56.77 ], [ -3.879, 56.765 ], [ -3.858, 56.766 ], [ -3.773, 56.742 ], [ -3.778, 56.718 ] ] ] } },
{ "type": "Feature", "properties": { "name1": "River Dee", "name2": "Boat Pool", "Strahler Stream Order": 4, "long_name": null, "short_name": null }, "geometry": { "type": "LineString", "coordinates": [ [ -4.06, 55.006 ], [ -4.058, 55.007 ] ] } },
{ "type": "Feature", "properties": { "name1": "River Fechlin", "name2": " ", "Strahler Stream Order": 4, "long_name": null, "short_name": null }, "geometry": { "type": "LineString", "coordinates": [ [ -4.444, 57.17 ], [ -4.452, 57.176 ], [ -4.463, 57.172 ], [ -4.481, 57.183 ], [ -4.487, 57.192 ], [ -4.505, 57.202 ], [ -4.505, 57.21 ], [ -4.497, 57.216 ], [ -4.497, 57.225 ] ] } },
{ "type": "Feature", "properties": { "name1": "River Don", "name2": "Laird's Pot", "Strahler Stream Order": 4, "long_name": null, "short_name": null }, "geometry": { "type": "LineString", "coordinates": [ [ -2.76, 57.239 ], [ -2.758, 57.24 ] ] } },
{ "type": "Feature", "properties": { "name1": "River Broom", "name2": "Auchindrean Pool", "Strahler Stream Order": 4, "long_name": null, "short_name": null }, "geometry": { "type": "LineString", "coordinates": [ [ -5.037, 57.775 ], [ -5.036, 57.778 ] ] } },
{ "type": "Feature", "properties": { "name1": "Stream Pot", "name2": "River Spey", "Strahler Stream Order": 6, "long_name": null, "short_name": null }, "geometry": { "type": "LineString", "coordinates": [ [ -3.352, 57.455 ], [ -3.351, 57.458 ] ] } },
{ "type": "Feature", "properties": { "name1": "Urr Water", "name2": "Garden Reach", "Strahler Stream Order": 5, "long_name": null, "short_name": null }, "geometry": { "type": "LineString", "coordinates": [ [ -3.835, 54.898 ], [ -3.839, 54.897 ] ] } },
{ "type": "Feature", "properties": { "name1": "Afon Bran", "name2": " ", "Strahler Stream Order": 4, "long_name": null, "short_name": null }, "geometry": { "type": "LineString", "coordinates": [ [ -3.766, 52.02 ], [ -3.792, 51.997 ], [ -3.805, 51.983 ], [ -3.817, 51.979 ] ] } },
{ "type": "Feature", "properties": { "name1": " ", "name2": " ", "Strahler Stream Order": 4, "long_name": null, "short_name": null }, "geometry": { "type": "LineString", "coordinates": [ [ -7.415, 57.216 ], [ -7.415, 57.219 ] ] } },
{ "type": "Feature", "properties": { "name1": "Afon Leri", "name2": " ", "Strahler Stream Order": 4, "long_name": null, "short_name": null }, "geometry": { "type": "LineString", "coordinates": [ [ -4.04, 52.507 ], [ -4.042, 52.528 ], [ -4.05, 52.533 ], [ -4.046, 52.541 ] ] } },
{ "type": "Feature", "properties": { "name1": "River Don", "name2": "Rake Pot", "Strahler Stream Order": 4, "long_name": null, "short_name": null }, "geometry": { "type": "LineString", "coordinates": [ [ -2.599, 57.262 ], [ -2.591, 57.269 ] ] } },
{ "type": "Feature", "properties": { "name1": "Afon Rheidol", "name2": " ", "Strahler Stream Order": 4, "long_name": null, "short_name": null }, "geometry": { "type": "MultiLineString", "coordinates": [ [ [ -3.92, 52.398 ], [ -3.933, 52.393 ], [ -3.95, 52.392 ], [ -3.962, 52.386 ], [ -3.993, 52.404 ], [ -4.015, 52.409 ], [ -4.061, 52.401 ], [ -4.078, 52.41 ], [ -4.09, 52.407 ] ], [ [ -3.846, 52.423 ], [ -3.837, 52.402 ], [ -3.849, 52.38 ], [ -3.861, 52.38 ], [ -3.871, 52.387 ], [ -3.889, 52.387 ], [ -3.898, 52.393 ] ], [ [ -3.837, 52.459 ], [ -3.836, 52.454 ], [ -3.845, 52.437 ], [ -3.843, 52.432 ] ] ] } },
{ "type": "Feature", "properties": { "name1": "Ferry Burn", "name2": " ", "Strahler Stream Order": 4, "long_name": null, "short_name": null }, "geometry": { "type": "LineString", "coordinates": [ [ -4.383, 54.899 ], [ -4.395, 54.894 ] ] } },
{ "type": "Feature", "properties": { "name1": "River Ayr", "name2": " ", "Strahler Stream Order": 4, "long_name": null, "short_name": null }, "geometry": { "type": "LineString", "coordinates": [ [ -4.386, 55.498 ], [ -4.413, 55.497 ], [ -4.421, 55.503 ], [ -4.434, 55.501 ], [ -4.44, 55.494 ], [ -4.459, 55.483 ], [ -4.473, 55.48 ], [ -4.498, 55.48 ], [ -4.508, 55.474 ], [ -4.52, 55.474 ], [ -4.522, 55.465 ], [ -4.533, 55.461 ], [ -4.539, 55.47 ], [ -4.533, 55.48 ], [ -4.55, 55.479 ], [ -4.558, 55.469 ], [ -4.572, 55.46 ], [ -4.607, 55.456 ], [ -4.621, 55.458 ], [ -4.632, 55.466 ], [ -4.646, 55.47 ] ] } },
{ "type": "Feature", "properties": { "name1": "Upper Tachore Pot", "name2": "River Deveron", "Strahler Stream Order": 5, "long_name": null, "short_name": null }, "geometry": { "type": "LineString", "coordinates": [ [ -2.705, 57.51 ], [ -2.7, 57.509 ] ] } },
{ "type": "Feature", "properties": { "name1": "Pwll y Gates", "name2": "Pwll Twcwr", "Strahler Stream Order": 4, "long_name": null, "short_name": null }, "geometry": { "type": "LineString", "coordinates": [ [ -4.765, 52.016 ], [ -4.77, 52.016 ] ] } },
{ "type": "Feature", "properties": { "name1": "River Spey", "name2": "Poll Creagan", "Strahler Stream Order": 5, "long_name": null, "short_name": null }, "geometry": { "type": "LineString", "coordinates": [ [ -4.133, 57.054 ], [ -4.132, 57.055 ] ] } },
{ "type": "Feature", "properties": { "name1": " ", "name2": " ", "Strahler Stream Order": 4, "long_name": null, "short_name": null }, "geometry": { "type": "LineString", "coordinates": [ [ -6.325, 57.299 ], [ -6.331, 57.3 ] ] } },
{ "type": "Feature", "properties": { "name1": "Cargen Water", "name2": " ", "Strahler Stream Order": 4, "long_name": null, "short_name": null }, "geometry": { "type": "LineString", "coordinates": [ [ -3.653, 55.066 ], [ -3.643, 55.062 ] ] } },
{ "type": "Feature", "properties": { "name1": "River Spey", "name2": "Byres Water", "Strahler Stream Order": 6, "long_name": null, "short_name": null }, "geometry": { "type": "LineString", "coordinates": [ [ -3.095, 57.645 ], [ -3.099, 57.652 ] ] } },
{ "type": "Feature", "properties": { "name1": " ", "name2": " ", "Strahler Stream Order": 4, "long_name": null, "short_name": null }, "geometry": { "type": "LineString", "coordinates": [ [ -7.307, 57.231 ], [ -7.306, 57.225 ], [ -7.288, 57.221 ], [ -7.26, 57.222 ] ] } },
{ "type": "Feature", "properties": { "name1": "River Clyde", "name2": " ", "Strahler Stream Order": 4, "long_name": null, "short_name": null }, "geometry": { "type": "MultiLineString", "coordinates": [ [ [ -4.31, 55.865 ], [ -4.344, 55.87 ], [ -4.381, 55.886 ], [ -4.403, 55.892 ], [ -4.423, 55.904 ], [ -4.445, 55.907 ], [ -4.466, 55.923 ], [ -4.486, 55.929 ], [ -4.516, 55.928 ], [ -4.569, 55.933 ], [ -4.577, 55.932 ], [ -4.628, 55.94 ], [ -4.654, 55.937 ], [ -4.673, 55.938 ] ], [ [ -4.258, 55.855 ], [ -4.26, 55.855 ] ], [ [ -3.776, 55.656 ], [ -3.791, 55.671 ], [ -3.8, 55.676 ], [ -3.816, 55.673 ], [ -3.851, 55.683 ], [ -3.875, 55.705 ], [ -3.874, 55.712 ], [ -3.902, 55.727 ], [ -3.912, 55.74 ], [ -3.924, 55.742 ], [ -3.932, 55.749 ], [ -3.953, 55.752 ], [ -3.959, 55.758 ], [ -3.99, 55.768 ], [ -3.999, 55.779 ], [ -4.015, 55.781 ], [ -4.04, 55.793 ], [ -4.079, 55.796 ], [ -4.082, 55.803 ], [ -4.094, 55.803 ], [ -4.094, 55.821 ], [ -4.099, 55.829 ], [ -4.11, 55.826 ], [ -4.131, 55.833 ], [ -4.145, 55.828 ], [ -4.158, 55.828 ], [ -4.175, 55.823 ], [ -4.179, 55.835 ], [ -4.214, 55.837 ], [ -4.24, 55.843 ], [ -4.238, 55.849 ], [ -4.252, 55.854 ] ], [ [ -3.776, 55.646 ], [ -3.778, 55.649 ] ], [ [ -3.709, 55.657 ], [ -3.724, 55.657 ], [ -3.73, 55.652 ], [ -3.758, 55.644 ], [ -3.775, 55.646 ] ], [ [ -3.634, 55.681 ], [ -3.655, 55.68 ], [ -3.671, 55.675 ], [ -3.689, 55.673 ], [ -3.707, 55.675 ], [ -3.71, 55.669 ], [ -3.704, 55.66 ] ], [ [ -3.648, 55.472 ], [ -3.664, 55.474 ], [ -3.683, 55.47 ], [ -3.694, 55.477 ], [ -3.688, 55.489 ], [ -3.691, 55.504 ], [ -3.688, 55.516 ], [ -3.681, 55.52 ] ], [ [ -3.679, 55.521 ], [ -3.673, 55.535 ], [ -3.648, 55.549 ], [ -3.632, 55.555 ], [ -3.617, 55.576 ], [ -3.588, 55.59 ] ], [ [ -3.587, 55.591 ], [ -3.566, 55.599 ], [ -3.558, 55.609 ], [ -3.573, 55.609 ], [ -3.597, 55.621 ], [ -3.606, 55.62 ], [ -3.624, 55.625 ], [ -3.616, 55.643 ], [ -3.607, 55.649 ], [ -3.619, 55.655 ], [ -3.62, 55.667 ], [ -3.641, 55.677 ] ] ] } },
{ "type": "Feature", "properties": { "name1": "River Fiddich", "name2": "Crooked Pot", "Strahler Stream Order": 4, "long_name": null, "short_name": null }, "geometry": { "type": "LineString", "coordinates": [ [ -3.179, 57.487 ], [ -3.18, 57.487 ] ] } },
{ "type": "Feature", "properties": { "name1": "Afon Elan", "name2": " ", "Strahler Stream Order": 4, "long_name": null, "short_name": null }, "geometry": { "type": "LineString", "coordinates": [ [ -3.577, 52.268 ], [ -3.57, 52.269 ], [ -3.533, 52.29 ], [ -3.517, 52.279 ] ] } },
{ "type": "Feature", "properties": { "name1": "River Spey", "name2": "Pool Dorine", "Strahler Stream Order": 6, "long_name": null, "short_name": null }, "geometry": { "type": "LineString", "coordinates": [ [ -3.29, 57.457 ], [ -3.281, 57.456 ] ] } },
{ "type": "Feature", "properties": { "name1": "River Findhorn", "name2": " ", "Strahler Stream Order": 5, "long_name": null, "short_name": null }, "geometry": { "type": "MultiLineString", "coordinates": [ [ [ -4.23, 57.181 ], [ -4.225, 57.191 ], [ -4.19, 57.205 ], [ -4.178, 57.213 ], [ -4.16, 57.216 ], [ -4.145, 57.225 ], [ -4.136, 57.235 ], [ -4.107, 57.237 ], [ -4.093, 57.246 ], [ -4.092, 57.259 ], [ -4.075, 57.271 ], [ -4.072, 57.284 ], [ -4.051, 57.294 ], [ -4.046, 57.291 ], [ -4.015, 57.298 ], [ -4.017, 57.306 ], [ -3.988, 57.312 ], [ -3.985, 57.335 ], [ -3.971, 57.343 ], [ -4.001, 57.346 ], [ -4.0, 57.355 ], [ -3.986, 57.36 ], [ -3.985, 57.367 ], [ -3.972, 57.369 ], [ -3.951, 57.378 ], [ -3.951, 57.395 ], [ -3.939, 57.395 ], [ -3.928, 57.408 ], [ -3.918, 57.41 ] ], [ [ -3.916, 57.41 ], [ -3.909, 57.42 ], [ -3.891, 57.419 ], [ -3.898, 57.429 ], [ -3.879, 57.437 ], [ -3.865, 57.435 ], [ -3.85, 57.439 ], [ -3.824, 57.437 ], [ -3.815, 57.442 ], [ -3.789, 57.442 ], [ -3.772, 57.454 ], [ -3.769, 57.468 ], [ -3.76, 57.472 ], [ -3.758, 57.484 ], [ -3.734, 57.487 ], [ -3.734, 57.498 ], [ -3.712, 57.5 ], [ -3.705, 57.512 ] ], [ [ -3.704, 57.513 ], [ -3.703, 57.512 ] ], [ [ -3.701, 57.513 ], [ -3.7, 57.513 ] ], [ [ -3.699, 57.514 ], [ -3.696, 57.516 ] ], [ [ -3.695, 57.517 ], [ -3.694, 57.518 ] ], [ [ -3.693, 57.519 ], [ -3.691, 57.52 ] ], [ [ -3.689, 57.52 ], [ -3.687, 57.519 ] ], [ [ -3.683, 57.52 ], [ -3.677, 57.523 ] ], [ [ -3.676, 57.523 ], [ -3.674, 57.523 ] ], [ [ -3.672, 57.524 ], [ -3.672, 57.525 ] ], [ [ -3.668, 57.54 ], [ -3.672, 57.544 ] ], [ [ -3.671, 57.525 ], [ -3.672, 57.525 ], [ -3.671, 57.526 ] ], [ [ -3.671, 57.527 ], [ -3.669, 57.529 ] ], [ [ -3.671, 57.544 ], [ -3.67, 57.545 ] ], [ [ -3.667, 57.532 ], [ -3.669, 57.532 ] ], [ [ -3.667, 57.535 ], [ -3.666, 57.536 ] ], [ [ -3.666, 57.556 ], [ -3.666, 57.557 ] ], [ [ -3.665, 57.538 ], [ -3.666, 57.539 ] ], [ [ -3.665, 57.537 ], [ -3.665, 57.538 ] ], [ [ -3.663, 57.551 ], [ -3.663, 57.552 ] ], [ [ -3.661, 57.589 ], [ -3.633, 57.614 ], [ -3.639, 57.634 ], [ -3.626, 57.643 ] ], [ [ -3.656, 57.556 ], [ -3.655, 57.555 ] ], [ [ -3.654, 57.581 ], [ -3.655, 57.582 ] ], [ [ -3.655, 57.566 ], [ -3.654, 57.568 ] ], [ [ -3.651, 57.562 ], [ -3.654, 57.564 ] ], [ [ -3.651, 57.557 ], [ -3.649, 57.559 ] ], [ [ -3.65, 57.576 ], [ -3.65, 57.578 ] ], [ [ -3.649, 57.573 ], [ -3.649, 57.574 ] ], [ [ -3.647, 57.568 ], [ -3.648, 57.57 ] ], [ [ -3.626, 57.643 ], [ -3.62, 57.645 ], [ -3.616, 57.66 ], [ -3.636, 57.666 ] ], [ [ -3.63, 57.643 ], [ -3.626, 57.643 ] ] ] } },
{ "type": "Feature", "properties": { "name1": "The Mermaid", "name2": "River Deveron", "Strahler Stream Order": 4, "long_name": null, "short_name": null }, "geometry": { "type": "LineString", "coordinates": [ [ -2.809, 57.455 ], [ -2.805, 57.455 ] ] } },
{ "type": "Feature", "properties": { "name1": "Ebbw River", "name2": "Afon Ebwy", "Strahler Stream Order": 4, "long_name": null, "short_name": null }, "geometry": { "type": "LineString", "coordinates": [ [ -3.146, 51.71 ], [ -3.145, 51.702 ], [ -3.128, 51.694 ], [ -3.142, 51.684 ], [ -3.138, 51.677 ], [ -3.143, 51.664 ], [ -3.133, 51.653 ], [ -3.14, 51.648 ], [ -3.132, 51.635 ], [ -3.13, 51.619 ], [ -3.111, 51.616 ], [ -3.104, 51.607 ], [ -3.092, 51.6 ], [ -3.074, 51.6 ], [ -3.072, 51.594 ], [ -3.059, 51.582 ], [ -3.044, 51.581 ], [ -3.031, 51.57 ], [ -3.005, 51.566 ], [ -2.992, 51.55 ], [ -2.986, 51.547 ] ] } },
{ "type": "Feature", "properties": { "name1": "River Esk", "name2": "Jock's Pool", "Strahler Stream Order": 4, "long_name": null, "short_name": null }, "geometry": { "type": "LineString", "coordinates": [ [ -2.95, 55.082 ], [ -2.949, 55.081 ] ] } },
{ "type": "Feature", "properties": { "name1": "Burn of Bower", "name2": " ", "Strahler Stream Order": 4, "long_name": null, "short_name": null }, "geometry": { "type": "LineString", "coordinates": [ [ -3.286, 58.545 ], [ -3.249, 58.538 ], [ -3.21, 58.537 ] ] } },
{ "type": "Feature", "properties": { "name1": "Poll-Ashil", "name2": "Halladale River", "Strahler Stream Order": 4, "long_name": null, "short_name": null }, "geometry": { "type": "LineString", "coordinates": [ [ -3.893, 58.506 ], [ -3.889, 58.508 ] ] } },
{ "type": "Feature", "properties": { "name1": "River Deveron", "name2": "Mains Pot", "Strahler Stream Order": 4, "long_name": null, "short_name": null }, "geometry": { "type": "LineString", "coordinates": [ [ -3.015, 57.376 ], [ -3.013, 57.376 ] ] } },
{ "type": "Feature", "properties": { "name1": "Willie's Pool", "name2": "River Annan", "Strahler Stream Order": 5, "long_name": null, "short_name": null }, "geometry": { "type": "LineString", "coordinates": [ [ -3.407, 55.096 ], [ -3.405, 55.092 ] ] } },
{ "type": "Feature", "properties": { "name1": "Rumbling Pot", "name2": "River Don", "Strahler Stream Order": 4, "long_name": null, "short_name": null }, "geometry": { "type": "LineString", "coordinates": [ [ -3.021, 57.196 ], [ -3.02, 57.197 ] ] } },
{ "type": "Feature", "properties": { "name1": "The Shallows", "name2": "River Avon", "Strahler Stream Order": 5, "long_name": null, "short_name": null }, "geometry": { "type": "LineString", "coordinates": [ ] } },
{ "type": "Feature", "properties": { "name1": "River Cree", "name2": " ", "Strahler Stream Order": 5, "long_name": null, "short_name": null }, "geometry": { "type": "MultiLineString", "coordinates": [ [ [ -4.569, 55.036 ], [ -4.57, 55.035 ] ], [ [ -4.535, 55.006 ], [ -4.529, 55.001 ] ], [ [ -4.527, 54.998 ], [ -4.521, 54.978 ], [ -4.511, 54.971 ], [ -4.495, 54.971 ] ], [ [ -4.487, 54.968 ], [ -4.474, 54.946 ], [ -4.464, 54.94 ], [ -4.444, 54.944 ], [ -4.436, 54.934 ], [ -4.421, 54.933 ], [ -4.421, 54.92 ], [ -4.397, 54.916 ], [ -4.405, 54.9 ], [ -4.383, 54.887 ], [ -4.389, 54.872 ] ] ] } },
{ "type": "Feature", "properties": { "name1": "Llyn Aberdeuddwr", "name2": "Afon Elan", "Strahler Stream Order": 4, "long_name": null, "short_name": null }, "geometry": { "type": "LineString", "coordinates": [ [ -3.517, 52.279 ], [ -3.516, 52.279 ] ] } },
{ "type": "Feature", "properties": { "name1": "The Bummles", "name2": "River Tweed", "Strahler Stream Order": 4, "long_name": null, "short_name": null }, "geometry": { "type": "LineString", "coordinates": [ [ -3.308, 55.614 ], [ -3.306, 55.616 ] ] } },
{ "type": "Feature", "properties": { "name1": "River Ugie", "name2": " ", "Strahler Stream Order": 5, "long_name": null, "short_name": null }, "geometry": { "type": "MultiLineString", "coordinates": [ [ [ -1.908, 57.527 ], [ -1.893, 57.533 ] ], [ [ -1.879, 57.535 ], [ -1.86, 57.539 ], [ -1.855, 57.531 ], [ -1.837, 57.529 ], [ -1.814, 57.523 ] ], [ [ -1.813, 57.523 ], [ -1.81, 57.517 ], [ -1.791, 57.517 ] ] ] } },
{ "type": "Feature", "properties": { "name1": "Afon Llifon", "name2": " ", "Strahler Stream Order": 4, "long_name": null, "short_name": null }, "geometry": { "type": "LineString", "coordinates": [ [ -4.311, 53.068 ], [ -4.32, 53.063 ], [ -4.34, 53.06 ] ] } },
{ "type": "Feature", "properties": { "name1": "The Piles", "name2": "River Spey", "Strahler Stream Order": 6, "long_name": null, "short_name": null }, "geometry": { "type": "LineString", "coordinates": [ [ -3.185, 57.507 ], [ -3.197, 57.506 ] ] } },
{ "type": "Feature", "properties": { "name1": "Afon Aman", "name2": "River Amman", "Strahler Stream Order": 4, "long_name": null, "short_name": null }, "geometry": { "type": "LineString", "coordinates": [ [ -3.906, 51.803 ], [ -3.925, 51.807 ], [ -3.933, 51.804 ], [ -3.97, 51.798 ], [ -3.985, 51.79 ], [ -3.998, 51.777 ] ] } },
{ "type": "Feature", "properties": { "name1": "Lunan Water", "name2": " ", "Strahler Stream Order": 4, "long_name": null, "short_name": null }, "geometry": { "type": "LineString", "coordinates": [ [ -2.668, 56.638 ], [ -2.658, 56.641 ], [ -2.628, 56.64 ], [ -2.606, 56.63 ], [ -2.568, 56.631 ], [ -2.565, 56.636 ], [ -2.526, 56.646 ], [ -2.513, 56.654 ], [ -2.501, 56.65 ] ] } },
{ "type": "Feature", "properties": { "name1": "Leader Water", "name2": " ", "Strahler Stream Order": 4, "long_name": null, "short_name": null }, "geometry": { "type": "MultiLineString", "coordinates": [ [ [ -2.784, 55.769 ], [ -2.772, 55.752 ], [ -2.744, 55.729 ], [ -2.722, 55.708 ], [ -2.707, 55.705 ], [ -2.709, 55.681 ], [ -2.695, 55.665 ], [ -2.696, 55.65 ] ], [ [ -2.693, 55.649 ], [ -2.694, 55.642 ], [ -2.678, 55.634 ], [ -2.68, 55.628 ], [ -2.671, 55.622 ], [ -2.671, 55.602 ] ] ] } },
{ "type": "Feature", "properties": { "name1": " ", "name2": " ", "Strahler Stream Order": 4, "long_name": null, "short_name": null }, "geometry": { "type": "MultiLineString", "coordinates": [ [ [ -4.032, 57.724 ], [ -4.032, 57.708 ] ], [ [ -4.029, 57.729 ], [ -4.031, 57.725 ] ] ] } },
{ "type": "Feature", "properties": { "name1": "River Don", "name2": "Balbithan Pot", "Strahler Stream Order": 5, "long_name": null, "short_name": null }, "geometry": { "type": "LineString", "coordinates": [ [ -2.337, 57.243 ], [ -2.335, 57.243 ] ] } },
{ "type": "Feature", "properties": { "name1": "Irfon", "name2": " ", "Strahler Stream Order": 4, "long_name": null, "short_name": null }, "geometry": { "type": "LineString", "coordinates": [ [ -3.618, 52.101 ], [ -3.59, 52.11 ], [ -3.569, 52.112 ], [ -3.56, 52.11 ], [ -3.54, 52.119 ], [ -3.524, 52.135 ], [ -3.503, 52.134 ], [ -3.492, 52.131 ], [ -3.477, 52.139 ], [ -3.469, 52.147 ], [ -3.437, 52.144 ], [ -3.43, 52.148 ], [ -3.416, 52.147 ], [ -3.412, 52.154 ] ] } },
{ "type": "Feature", "properties": { "name1": "River Etive", "name2": " ", "Strahler Stream Order": 4, "long_name": null, "short_name": null }, "geometry": { "type": "LineString", "coordinates": [ [ -4.943, 56.617 ], [ -4.949, 56.615 ], [ -4.978, 56.617 ], [ -4.991, 56.614 ], [ -5.023, 56.581 ], [ -5.044, 56.566 ], [ -5.064, 56.566 ], [ -5.072, 56.559 ] ] } },
{ "type": "Feature", "properties": { "name1": " ", "name2": " ", "Strahler Stream Order": 4, "long_name": null, "short_name": null }, "geometry": { "type": "MultiLineString", "coordinates": [ [ [ -5.083, 57.66 ], [ -5.072, 57.654 ], [ -5.031, 57.643 ], [ -5.011, 57.641 ], [ -4.99, 57.643 ], [ -4.947, 57.642 ], [ -4.922, 57.645 ], [ -4.914, 57.652 ] ], [ [ -4.898, 57.475 ], [ -4.897, 57.475 ] ], [ [ -4.871, 57.725 ], [ -4.841, 57.717 ], [ -4.816, 57.705 ], [ -4.777, 57.696 ] ], [ [ -4.819, 57.62 ], [ -4.807, 57.617 ], [ -4.791, 57.621 ], [ -4.756, 57.62 ], [ -4.739, 57.616 ], [ -4.706, 57.597 ], [ -4.697, 57.583 ] ], [ [ -4.791, 57.495 ], [ -4.769, 57.5 ], [ -4.752, 57.499 ], [ -4.733, 57.507 ], [ -4.668, 57.515 ] ], [ [ -4.766, 57.558 ], [ -4.756, 57.561 ], [ -4.718, 57.565 ] ], [ [ -4.67, 57.605 ], [ -4.659, 57.597 ], [ -4.643, 57.596 ] ], [ [ -4.632, 57.561 ], [ -4.598, 57.554 ] ], [ [ -4.631, 57.596 ], [ -4.621, 57.597 ] ], [ [ -4.527, 57.555 ], [ -4.526, 57.556 ] ], [ [ -4.465, 57.549 ], [ -4.461, 57.549 ] ], [ [ -4.457, 57.553 ], [ -4.457, 57.554 ] ], [ [ -4.409, 57.588 ], [ -4.405, 57.588 ] ] ] } },
{ "type": "Feature", "properties": { "name1": "River Annan", "name2": "Bowmill Pool", "Strahler Stream Order": 5, "long_name": null, "short_name": null }, "geometry": { "type": "LineString", "coordinates": [ [ -3.368, 55.062 ], [ -3.368, 55.06 ] ] } },
{ "type": "Feature", "properties": { "name1": "Bannock Burn", "name2": " ", "Strahler Stream Order": 4, "long_name": null, "short_name": null }, "geometry": { "type": "LineString", "coordinates": [ [ -3.942, 58.264 ], [ -3.943, 58.258 ], [ -3.958, 58.255 ], [ -3.961, 58.246 ] ] } },
{ "type": "Feature", "properties": { "name1": " ", "name2": " ", "Strahler Stream Order": 4, "long_name": null, "short_name": null }, "geometry": { "type": "MultiLineString", "coordinates": [ [ [ -5.121, 57.418 ], [ -5.092, 57.417 ], [ -5.055, 57.427 ], [ -5.036, 57.428 ], [ -5.02, 57.425 ], [ -5.013, 57.418 ], [ -5.001, 57.416 ], [ -4.993, 57.409 ] ], [ [ -5.084, 57.242 ], [ -5.059, 57.254 ], [ -5.024, 57.258 ], [ -4.995, 57.264 ] ], [ [ -4.981, 57.263 ], [ -4.962, 57.27 ], [ -4.925, 57.279 ], [ -4.91, 57.295 ], [ -4.876, 57.301 ], [ -4.867, 57.306 ] ], [ [ -4.884, 57.396 ], [ -4.861, 57.402 ] ], [ [ -4.841, 57.406 ], [ -4.79, 57.413 ] ] ] } },
{ "type": "Feature", "properties": { "name1": "River Tamar", "name2": "Hamoaze", "Strahler Stream Order": 5, "long_name": null, "short_name": null }, "geometry": { "type": "LineString", "coordinates": [ [ -4.198, 50.389 ], [ -4.19, 50.381 ], [ -4.191, 50.369 ], [ -4.185, 50.363 ] ] } },
{ "type": "Feature", "properties": { "name1": " ", "name2": " ", "Strahler Stream Order": 4, "long_name": null, "short_name": null }, "geometry": { "type": "MultiLineString", "coordinates": [ [ [ -4.154, 58.29 ], [ -4.116, 58.292 ], [ -4.078, 58.273 ], [ -4.066, 58.27 ] ], [ [ -4.032, 58.264 ], [ -4.011, 58.259 ] ] ] } },
{ "type": "Feature", "properties": { "name1": "River Devon", "name2": " ", "Strahler Stream Order": 4, "long_name": null, "short_name": null }, "geometry": { "type": "LineString", "coordinates": [ [ -3.606, 56.17 ], [ -3.626, 56.17 ], [ -3.633, 56.164 ], [ -3.648, 56.162 ], [ -3.655, 56.154 ], [ -3.675, 56.154 ], [ -3.697, 56.16 ], [ -3.735, 56.148 ], [ -3.752, 56.147 ], [ -3.762, 56.151 ], [ -3.772, 56.147 ], [ -3.809, 56.144 ], [ -3.82, 56.149 ], [ -3.831, 56.144 ], [ -3.847, 56.144 ], [ -3.858, 56.136 ], [ -3.85, 56.127 ], [ -3.852, 56.12 ] ] } },
{ "type": "Feature", "properties": { "name1": "Willie's Bank", "name2": "River Tweed", "Strahler Stream Order": 6, "long_name": null, "short_name": null }, "geometry": { "type": "LineString", "coordinates": [ [ -2.524, 55.575 ], [ -2.521, 55.576 ] ] } },
{ "type": "Feature", "properties": { "name1": " ", "name2": " ", "Strahler Stream Order": 5, "long_name": null, "short_name": null }, "geometry": { "type": "MultiLineString", "coordinates": [ [ [ -3.7, 57.513 ], [ -3.699, 57.514 ] ], [ [ -3.694, 57.518 ], [ -3.693, 57.519 ] ], [ [ -3.672, 57.525 ], [ -3.671, 57.525 ] ], [ [ -3.672, 57.544 ], [ -3.671, 57.544 ] ], [ [ -3.666, 57.522 ], [ -3.666, 57.523 ] ], [ [ -3.648, 57.57 ], [ -3.649, 57.573 ] ] ] } },
{ "type": "Feature", "properties": { "name1": "River Roy", "name2": " ", "Strahler Stream Order": 4, "long_name": null, "short_name": null }, "geometry": { "type": "MultiLineString", "coordinates": [ [ [ -4.8, 56.921 ], [ -4.807, 56.907 ], [ -4.832, 56.893 ], [ -4.839, 56.885 ] ], [ [ -4.641, 57.005 ], [ -4.66, 57.002 ], [ -4.676, 56.993 ], [ -4.71, 56.992 ], [ -4.72, 56.994 ], [ -4.756, 56.973 ], [ -4.792, 56.959 ], [ -4.799, 56.944 ], [ -4.794, 56.929 ], [ -4.799, 56.923 ] ] ] } },
{ "type": "Feature", "properties": { "name1": " ", "name2": " ", "Strahler Stream Order": 4, "long_name": null, "short_name": null }, "geometry": { "type": "MultiLineString", "coordinates": [ [ [ -3.429, 57.559 ], [ -3.427, 57.559 ] ], [ [ -3.425, 57.56 ], [ -3.424, 57.56 ] ] ] } },
{ "type": "Feature", "properties": { "name1": "River Naver", "name2": "Poll an Lòinein", "Strahler Stream Order": 4, "long_name": null, "short_name": null }, "geometry": { "type": "LineString", "coordinates": [ [ -4.264, 58.313 ], [ -4.261, 58.315 ] ] } },
{ "type": "Feature", "properties": { "name1": "River Deveron", "name2": "Kemlin Pot", "Strahler Stream Order": 5, "long_name": null, "short_name": null }, "geometry": { "type": "LineString", "coordinates": [ [ -2.629, 57.514 ], [ -2.625, 57.514 ] ] } },
{ "type": "Feature", "properties": { "name1": "River Deveron", "name2": "Pot of Peterkirk", "Strahler Stream Order": 4, "long_name": null, "short_name": null }, "geometry": { "type": "LineString", "coordinates": [ [ -2.856, 57.455 ], [ -2.855, 57.457 ] ] } },
{ "type": "Feature", "properties": { "name1": "Burn of King Edward", "name2": " ", "Strahler Stream Order": 4, "long_name": null, "short_name": null }, "geometry": { "type": "LineString", "coordinates": [ [ -2.46, 57.594 ], [ -2.47, 57.594 ], [ -2.477, 57.602 ], [ -2.492, 57.61 ], [ -2.515, 57.613 ] ] } },
{ "type": "Feature", "properties": { "name1": "River Avon", "name2": "Corrandubh Pool", "Strahler Stream Order": 5, "long_name": null, "short_name": null }, "geometry": { "type": "LineString", "coordinates": [ [ -3.359, 57.375 ], [ -3.356, 57.376 ] ] } },
{ "type": "Feature", "properties": { "name1": "Upper Horse Pool", "name2": "River Thurso", "Strahler Stream Order": 5, "long_name": null, "short_name": null }, "geometry": { "type": "LineString", "coordinates": [ [ -3.478, 58.541 ], [ -3.481, 58.542 ] ] } },
{ "type": "Feature", "properties": { "name1": " ", "name2": " ", "Strahler Stream Order": 4, "long_name": null, "short_name": null }, "geometry": { "type": "MultiLineString", "coordinates": [ [ [ -5.353, 57.054 ], [ -5.31, 57.06 ], [ -5.275, 57.073 ], [ -5.235, 57.065 ], [ -5.222, 57.059 ], [ -5.207, 57.065 ], [ -5.196, 57.062 ], [ -5.186, 57.072 ] ], [ [ -5.12, 57.061 ], [ -5.096, 57.065 ], [ -5.08, 57.063 ] ], [ [ -5.067, 57.059 ], [ -5.039, 57.06 ] ], [ [ -5.02, 57.063 ], [ -4.992, 57.069 ], [ -4.986, 57.073 ], [ -4.964, 57.075 ], [ -4.959, 57.072 ], [ -4.93, 57.074 ], [ -4.899, 57.079 ], [ -4.868, 57.08 ], [ -4.846, 57.077 ] ], [ [ -4.833, 57.071 ], [ -4.833, 57.07 ] ], [ [ -4.808, 57.068 ], [ -4.807, 57.068 ] ], [ [ -4.806, 57.068 ], [ -4.805, 57.068 ] ], [ [ -4.768, 57.072 ], [ -4.749, 57.086 ], [ -4.747, 57.091 ] ], [ [ -4.755, 57.189 ], [ -4.734, 57.194 ], [ -4.721, 57.202 ] ], [ [ -4.665, 57.148 ], [ -4.65, 57.157 ], [ -4.627, 57.175 ], [ -4.616, 57.181 ], [ -4.597, 57.197 ], [ -4.59, 57.206 ], [ -4.567, 57.218 ], [ -4.529, 57.244 ], [ -4.51, 57.26 ], [ -4.499, 57.264 ], [ -4.468, 57.286 ], [ -4.427, 57.322 ], [ -4.417, 57.334 ], [ -4.402, 57.341 ], [ -4.377, 57.36 ], [ -4.362, 57.375 ], [ -4.357, 57.388 ], [ -4.313, 57.425 ] ], [ [ -4.614, 57.333 ], [ -4.587, 57.336 ] ], [ [ -4.433, 57.156 ], [ -4.444, 57.17 ] ] ] } },
{ "type": "Feature", "properties": { "name1": "Water of Ken", "name2": "Bell's Pool", "Strahler Stream Order": 4, "long_name": null, "short_name": null }, "geometry": { "type": "LineString", "coordinates": [ [ -4.166, 55.189 ], [ -4.168, 55.188 ] ] } },
{ "type": "Feature", "properties": { "name1": "Pwll Jack", "name2": "Afon Nyfer", "Strahler Stream Order": 4, "long_name": null, "short_name": null }, "geometry": { "type": "LineString", "coordinates": [ [ -4.785, 52.019 ], [ -4.791, 52.023 ] ] } },
{ "type": "Feature", "properties": { "name1": "White Esk", "name2": "Craig Pool", "Strahler Stream Order": 4, "long_name": null, "short_name": null }, "geometry": { "type": "LineString", "coordinates": [ [ -3.174, 55.267 ], [ -3.174, 55.266 ] ] } },
{ "type": "Feature", "properties": { "name1": "River Balgy", "name2": "Poll Garbh", "Strahler Stream Order": 4, "long_name": null, "short_name": null }, "geometry": { "type": "LineString", "coordinates": [ [ -5.595, 57.524 ], [ -5.596, 57.526 ] ] } },
{ "type": "Feature", "properties": { "name1": "Avondhu", "name2": " ", "Strahler Stream Order": 4, "long_name": null, "short_name": null }, "geometry": { "type": "LineString", "coordinates": [ [ -4.417, 56.182 ], [ -4.409, 56.181 ] ] } },
{ "type": "Feature", "properties": { "name1": "River Don", "name2": "Katie's Pot", "Strahler Stream Order": 4, "long_name": null, "short_name": null }, "geometry": { "type": "LineString", "coordinates": [ [ -2.702, 57.246 ], [ -2.699, 57.246 ] ] } },
{ "type": "Feature", "properties": { "name1": "River Ore", "name2": " ", "Strahler Stream Order": 4, "long_name": null, "short_name": null }, "geometry": { "type": "LineString", "coordinates": [ [ -3.255, 56.145 ], [ -3.22, 56.154 ], [ -3.2, 56.154 ], [ -3.183, 56.16 ], [ -3.176, 56.158 ], [ -3.14, 56.16 ], [ -3.124, 56.163 ], [ -3.122, 56.173 ], [ -3.102, 56.175 ], [ -3.084, 56.181 ], [ -3.071, 56.191 ] ] } },
{ "type": "Feature", "properties": { "name1": "The Turn", "name2": "The Rock", "Strahler Stream Order": 6, "long_name": null, "short_name": null }, "geometry": { "type": "LineString", "coordinates": [ [ -3.126, 57.574 ], [ -3.123, 57.579 ] ] } },
{ "type": "Feature", "properties": { "name1": "River Teviot", "name2": "Horse Pool", "Strahler Stream Order": 4, "long_name": null, "short_name": null }, "geometry": { "type": "LineString", "coordinates": [ [ -2.887, 55.365 ], [ -2.885, 55.365 ] ] } },
{ "type": "Feature", "properties": { "name1": "Gryfe Water", "name2": "Gryfe Reservoir Number 1", "Strahler Stream Order": 4, "long_name": null, "short_name": null }, "geometry": { "type": "LineString", "coordinates": [ [ -4.742, 55.907 ], [ -4.741, 55.907 ] ] } },
{ "type": "Feature", "properties": { "name1": " ", "name2": " ", "Strahler Stream Order": 4, "long_name": null, "short_name": null }, "geometry": { "type": "MultiLineString", "coordinates": [ [ [ -5.038, 57.765 ], [ -5.038, 57.766 ] ], [ [ -5.038, 57.775 ], [ -5.037, 57.775 ] ] ] } },
{ "type": "Feature", "properties": { "name1": "River Tweed", "name2": "Oak Pool", "Strahler Stream Order": 6, "long_name": null, "short_name": null }, "geometry": { "type": "LineString", "coordinates": [ [ -2.772, 55.606 ], [ -2.763, 55.61 ] ] } },
{ "type": "Feature", "properties": { "name1": " ", "name2": " ", "Strahler Stream Order": 4, "long_name": null, "short_name": null }, "geometry": { "type": "LineString", "coordinates": [ [ -5.567, 57.47 ], [ -5.558, 57.491 ], [ -5.574, 57.502 ], [ -5.59, 57.52 ] ] } },
{ "type": "Feature", "properties": { "name1": "River Teviot", "name2": "Jack's Plumb", "Strahler Stream Order": 5, "long_name": null, "short_name": null }, "geometry": { "type": "LineString", "coordinates": [ [ -2.443, 55.597 ], [ -2.438, 55.598 ] ] } },
{ "type": "Feature", "properties": { "name1": "River Carron", "name2": "Poll Chròmba", "Strahler Stream Order": 4, "long_name": null, "short_name": null }, "geometry": { "type": "LineString", "coordinates": [ [ -4.445, 57.885 ], [ -4.441, 57.884 ] ] } },
{ "type": "Feature", "properties": { "name1": "River Spey", "name2": "Island Stream", "Strahler Stream Order": 6, "long_name": null, "short_name": null }, "geometry": { "type": "LineString", "coordinates": [ [ -3.182, 57.539 ], [ -3.174, 57.534 ] ] } },
{ "type": "Feature", "properties": { "name1": "Afon Ogwen", "name2": " ", "Strahler Stream Order": 4, "long_name": null, "short_name": null }, "geometry": { "type": "LineString", "coordinates": [ [ -4.058, 53.175 ], [ -4.081, 53.188 ], [ -4.08, 53.195 ], [ -4.093, 53.201 ], [ -4.096, 53.22 ], [ -4.083, 53.227 ], [ -4.083, 53.235 ], [ -4.09, 53.243 ], [ -4.104, 53.25 ] ] } },
{ "type": "Feature", "properties": { "name1": "River Lundy", "name2": " ", "Strahler Stream Order": 4, "long_name": null, "short_name": null }, "geometry": { "type": "LineString", "coordinates": [ [ -5.056, 56.852 ], [ -5.071, 56.842 ] ] } },
{ "type": "Feature", "properties": { "name1": " ", "name2": " ", "Strahler Stream Order": 4, "long_name": null, "short_name": null }, "geometry": { "type": "LineString", "coordinates": [ [ -5.506, 57.536 ], [ -5.511, 57.537 ] ] } },
{ "type": "Feature", "properties": { "name1": "White Dyke", "name2": "River Tweed", "Strahler Stream Order": 6, "long_name": null, "short_name": null }, "geometry": { "type": "LineString", "coordinates": [ [ -2.433, 55.595 ], [ -2.423, 55.599 ] ] } },
{ "type": "Feature", "properties": { "name1": "Coladoir River", "name2": " ", "Strahler Stream Order": 4, "long_name": null, "short_name": null }, "geometry": { "type": "LineString", "coordinates": [ [ -5.995, 56.386 ], [ -6.001, 56.389 ] ] } },
{ "type": "Feature", "properties": { "name1": "Kyle of Sutherland", "name2": " ", "Strahler Stream Order": 6, "long_name": null, "short_name": null }, "geometry": { "type": "MultiLineString", "coordinates": [ [ [ -4.581, 57.972 ], [ -4.563, 57.966 ] ], [ [ -4.561, 57.965 ], [ -4.556, 57.964 ] ], [ [ -4.555, 57.964 ], [ -4.538, 57.958 ], [ -4.504, 57.955 ] ], [ [ -4.501, 57.956 ], [ -4.468, 57.956 ], [ -4.431, 57.944 ] ], [ [ -4.428, 57.944 ], [ -4.414, 57.936 ] ], [ [ -4.414, 57.935 ], [ -4.415, 57.932 ] ], [ [ -4.412, 57.929 ], [ -4.405, 57.926 ] ], [ [ -4.404, 57.926 ], [ -4.392, 57.91 ] ], [ [ -4.39, 57.91 ], [ -4.373, 57.907 ], [ -4.354, 57.9 ], [ -4.347, 57.891 ], [ -4.352, 57.88 ], [ -4.337, 57.879 ] ] ] } },
{ "type": "Feature", "properties": { "name1": "River Tweed", "name2": "Gateheugh Stream", "Strahler Stream Order": 6, "long_name": null, "short_name": null }, "geometry": { "type": "LineString", "coordinates": [ [ -2.65, 55.599 ], [ -2.652, 55.596 ] ] } },
{ "type": "Feature", "properties": { "name1": "River Ewe", "name2": " ", "Strahler Stream Order": 4, "long_name": null, "short_name": null }, "geometry": { "type": "LineString", "coordinates": [ [ -5.574, 57.745 ], [ -5.598, 57.757 ], [ -5.603, 57.768 ] ] } },
{ "type": "Feature", "properties": { "name1": "Afon Elái", "name2": "Ely River", "Strahler Stream Order": 4, "long_name": null, "short_name": null }, "geometry": { "type": "MultiLineString", "coordinates": [ [ [ -3.393, 51.54 ], [ -3.391, 51.527 ], [ -3.36, 51.51 ], [ -3.361, 51.505 ], [ -3.345, 51.498 ], [ -3.347, 51.494 ], [ -3.34, 51.48 ], [ -3.334, 51.475 ], [ -3.299, 51.484 ], [ -3.277, 51.483 ], [ -3.267, 51.486 ], [ -3.227, 51.483 ] ], [ [ -3.224, 51.481 ], [ -3.194, 51.455 ], [ -3.188, 51.448 ], [ -3.171, 51.449 ] ] ] } },
{ "type": "Feature", "properties": { "name1": "River Teviot", "name2": "Dunk Pool", "Strahler Stream Order": 5, "long_name": null, "short_name": null }, "geometry": { "type": "LineString", "coordinates": [ [ -2.81, 55.415 ], [ -2.807, 55.415 ] ] } },
{ "type": "Feature", "properties": { "name1": "River Dee", "name2": "Keith's Pot", "Strahler Stream Order": 5, "long_name": null, "short_name": null }, "geometry": { "type": "LineString", "coordinates": [ [ -2.337, 57.075 ], [ -2.335, 57.077 ] ] } },
{ "type": "Feature", "properties": { "name1": "River Spey", "name2": "Craig Steel Pool", "Strahler Stream Order": 6, "long_name": null, "short_name": null }, "geometry": { "type": "LineString", "coordinates": [ [ -3.329, 57.462 ], [ -3.322, 57.462 ] ] } },
{ "type": "Feature", "properties": { "name1": "Bargod Taf", "name2": " ", "Strahler Stream Order": 4, "long_name": null, "short_name": null }, "geometry": { "type": "LineString", "coordinates": [ [ -3.299, 51.665 ], [ -3.308, 51.659 ] ] } },
{ "type": "Feature", "properties": { "name1": "River Shiel", "name2": " ", "Strahler Stream Order": 4, "long_name": null, "short_name": null }, "geometry": { "type": "MultiLineString", "coordinates": [ [ [ -5.409, 57.211 ], [ -5.432, 57.219 ] ], [ [ -5.358, 57.173 ], [ -5.38, 57.182 ], [ -5.381, 57.193 ], [ -5.4, 57.208 ] ] ] } },
{ "type": "Feature", "properties": { "name1": "River Deveron", "name2": "Ittingstone Pool", "Strahler Stream Order": 4, "long_name": null, "short_name": null }, "geometry": { "type": "LineString", "coordinates": [ [ -2.817, 57.452 ], [ -2.813, 57.452 ] ] } },
{ "type": "Feature", "properties": { "name1": "Tam's Loup", "name2": "Kilmarnock Water", "Strahler Stream Order": 4, "long_name": null, "short_name": null }, "geometry": { "type": "LineString", "coordinates": [ [ -4.492, 55.616 ], [ -4.492, 55.615 ] ] } },
{ "type": "Feature", "properties": { "name1": "Taf Fawr", "name2": " ", "Strahler Stream Order": 4, "long_name": null, "short_name": null }, "geometry": { "type": "MultiLineString", "coordinates": [ [ [ -3.434, 51.793 ], [ -3.429, 51.781 ], [ -3.42, 51.775 ], [ -3.411, 51.763 ] ], [ [ -3.411, 51.762 ], [ -3.396, 51.755 ] ] ] } },
{ "type": "Feature", "properties": { "name1": "Roehillock Pool", "name2": "River Findhorn", "Strahler Stream Order": 5, "long_name": null, "short_name": null }, "geometry": { "type": "LineString", "coordinates": [ [ -3.654, 57.564 ], [ -3.655, 57.566 ] ] } },
{ "type": "Feature", "properties": { "name1": "Afon Nyfer", "name2": " ", "Strahler Stream Order": 4, "long_name": null, "short_name": null }, "geometry": { "type": "MultiLineString", "coordinates": [ [ [ -4.796, 52.024 ], [ -4.809, 52.029 ], [ -4.813, 52.022 ], [ -4.851, 52.023 ] ], [ [ -4.791, 52.023 ], [ -4.796, 52.024 ] ], [ [ -4.776, 52.015 ], [ -4.785, 52.019 ] ], [ [ -4.751, 52.002 ], [ -4.753, 52.008 ], [ -4.765, 52.016 ] ] ] } },
{ "type": "Feature", "properties": { "name1": "Nant-y-Fendrod", "name2": " ", "Strahler Stream Order": 4, "long_name": null, "short_name": null }, "geometry": { "type": "LineString", "coordinates": [ [ -3.904, 51.666 ], [ -3.916, 51.654 ], [ -3.924, 51.652 ] ] } },
{ "type": "Feature", "properties": { "name1": "River Shiel", "name2": "Linne Bhàn", "Strahler Stream Order": 4, "long_name": null, "short_name": null }, "geometry": { "type": "LineString", "coordinates": [ [ -5.808, 56.756 ], [ -5.809, 56.757 ] ] } },
{ "type": "Feature", "properties": { "name1": "The Puts", "name2": "River Tweed", "Strahler Stream Order": 5, "long_name": null, "short_name": null }, "geometry": { "type": "LineString", "coordinates": [ [ -3.159, 55.644 ], [ -3.158, 55.642 ] ] } },
{ "type": "Feature", "properties": { "name1": "Blackadder Water", "name2": " ", "Strahler Stream Order": 4, "long_name": null, "short_name": null }, "geometry": { "type": "LineString", "coordinates": [ [ -2.28, 55.77 ], [ -2.247, 55.77 ], [ -2.247, 55.776 ], [ -2.217, 55.785 ] ] } },
{ "type": "Feature", "properties": { "name1": "River Nith", "name2": "Mains Pool", "Strahler Stream Order": 4, "long_name": null, "short_name": null }, "geometry": { "type": "LineString", "coordinates": [ [ -3.92, 55.356 ], [ -3.916, 55.355 ] ] } },
{ "type": "Feature", "properties": { "name1": " ", "name2": " ", "Strahler Stream Order": 4, "long_name": null, "short_name": null }, "geometry": { "type": "LineString", "coordinates": [ [ -4.234, 57.875 ], [ -4.232, 57.875 ] ] } },
{ "type": "Feature", "properties": { "name1": "River Tweed", "name2": "Broad Stream", "Strahler Stream Order": 5, "long_name": null, "short_name": null }, "geometry": { "type": "LineString", "coordinates": [ [ -3.174, 55.647 ], [ -3.171, 55.647 ] ] } },
{ "type": "Feature", "properties": { "name1": "River Thurso", "name2": "Boy's Pool", "Strahler Stream Order": 5, "long_name": null, "short_name": null }, "geometry": { "type": "LineString", "coordinates": [ [ -3.524, 58.47 ], [ -3.527, 58.471 ] ] } },
{ "type": "Feature", "properties": { "name1": " ", "name2": " ", "Strahler Stream Order": 4, "long_name": null, "short_name": null }, "geometry": { "type": "MultiLineString", "coordinates": [ [ [ -4.837, 58.174 ], [ -4.822, 58.164 ] ], [ [ -4.821, 58.164 ], [ -4.808, 58.152 ] ], [ [ -4.743, 58.181 ], [ -4.728, 58.173 ], [ -4.699, 58.165 ], [ -4.673, 58.155 ], [ -4.658, 58.154 ], [ -4.628, 58.144 ], [ -4.616, 58.138 ] ], [ [ -4.69, 57.967 ], [ -4.69, 57.968 ] ], [ [ -4.606, 58.146 ], [ -4.616, 58.138 ] ], [ [ -4.616, 58.138 ], [ -4.597, 58.13 ], [ -4.572, 58.113 ], [ -4.545, 58.106 ], [ -4.513, 58.086 ], [ -4.507, 58.078 ], [ -4.473, 58.071 ], [ -4.452, 58.055 ], [ -4.447, 58.048 ] ], [ [ -4.57, 57.881 ], [ -4.565, 57.882 ] ], [ [ -4.563, 57.966 ], [ -4.561, 57.965 ] ], [ [ -4.556, 57.964 ], [ -4.555, 57.964 ] ], [ [ -4.519, 57.899 ], [ -4.516, 57.899 ] ], [ [ -4.504, 57.955 ], [ -4.501, 57.956 ] ], [ [ -4.426, 58.053 ], [ -4.447, 58.048 ] ], [ [ -4.447, 58.048 ], [ -4.432, 58.033 ], [ -4.404, 58.026 ] ], [ [ -4.431, 57.944 ], [ -4.428, 57.944 ] ], [ [ -4.425, 57.885 ], [ -4.42, 57.885 ] ], [ [ -4.414, 57.936 ], [ -4.414, 57.935 ] ], [ [ -4.413, 57.93 ], [ -4.412, 57.929 ] ], [ [ -4.405, 57.926 ], [ -4.404, 57.926 ] ], [ [ -4.402, 58.026 ], [ -4.404, 58.026 ] ], [ [ -4.404, 58.026 ], [ -4.402, 58.013 ] ], [ [ -4.392, 57.91 ], [ -4.39, 57.91 ] ] ] } },
{ "type": "Feature", "properties": { "name1": "Hell Caldron", "name2": "Cairn Water", "Strahler Stream Order": 4, "long_name": null, "short_name": null }, "geometry": { "type": "LineString", "coordinates": [ [ -3.793, 55.134 ], [ -3.795, 55.134 ] ] } },
{ "type": "Feature", "properties": { "name1": " ", "name2": " ", "Strahler Stream Order": 4, "long_name": null, "short_name": null }, "geometry": { "type": "LineString", "coordinates": [ [ -4.188, 57.85 ], [ -4.184, 57.858 ] ] } },
{ "type": "Feature", "properties": { "name1": "River Thurso", "name2": "Lower Throat Pool", "Strahler Stream Order": 5, "long_name": null, "short_name": null }, "geometry": { "type": "LineString", "coordinates": [ [ -3.509, 58.462 ], [ -3.512, 58.464 ] ] } },
{ "type": "Feature", "properties": { "name1": " ", "name2": " ", "Strahler Stream Order": 4, "long_name": null, "short_name": null }, "geometry": { "type": "MultiLineString", "coordinates": [ [ [ -5.372, 57.813 ], [ -5.373, 57.813 ] ], [ [ -5.276, 57.782 ], [ -5.326, 57.8 ], [ -5.361, 57.81 ] ] ] } },
{ "type": "Feature", "properties": { "name1": "River Lochy", "name2": "Canal Pool", "Strahler Stream Order": 6, "long_name": null, "short_name": null }, "geometry": { "type": "LineString", "coordinates": [ [ -5.07, 56.861 ], [ -5.073, 56.857 ] ] } },
{ "type": "Feature", "properties": { "name1": "River Deveron", "name2": "Crombie Pot", "Strahler Stream Order": 4, "long_name": null, "short_name": null }, "geometry": { "type": "LineString", "coordinates": [ [ -2.962, 57.409 ], [ -2.962, 57.41 ] ] } },
{ "type": "Feature", "properties": { "name1": "Burn of Turriff", "name2": " ", "Strahler Stream Order": 4, "long_name": null, "short_name": null }, "geometry": { "type": "LineString", "coordinates": [ [ -2.432, 57.52 ], [ -2.452, 57.533 ], [ -2.465, 57.534 ], [ -2.478, 57.541 ] ] } },
{ "type": "Feature", "properties": { "name1": "River Don", "name2": "Pot Water", "Strahler Stream Order": 5, "long_name": null, "short_name": null }, "geometry": { "type": "LineString", "coordinates": [ [ -2.11, 57.174 ], [ -2.109, 57.172 ] ] } },
{ "type": "Feature", "properties": { "name1": "Lochar Water", "name2": " ", "Strahler Stream Order": 4, "long_name": null, "short_name": null }, "geometry": { "type": "MultiLineString", "coordinates": [ [ [ -3.524, 55.015 ], [ -3.52, 55.002 ], [ -3.494, 54.99 ] ], [ [ -3.49, 54.986 ], [ -3.469, 54.985 ] ] ] } },
{ "type": "Feature", "properties": { "name1": "Jenkin's Pool", "name2": "Duncan's Pool", "Strahler Stream Order": 4, "long_name": null, "short_name": null }, "geometry": { "type": "LineString", "coordinates": [ [ -3.803, 54.935 ], [ -3.806, 54.933 ] ] } },
{ "type": "Feature", "properties": { "name1": "River Naver", "name2": "Poll Harraild Mòr", "Strahler Stream Order": 4, "long_name": null, "short_name": null }, "geometry": { "type": "LineString", "coordinates": [ [ -4.259, 58.319 ], [ -4.258, 58.321 ] ] } },
{ "type": "Feature", "properties": { "name1": " ", "name2": " ", "Strahler Stream Order": 4, "long_name": null, "short_name": null }, "geometry": { "type": "LineString", "coordinates": [ [ -5.328, 57.627 ], [ -5.333, 57.628 ], [ -5.379, 57.651 ], [ -5.391, 57.659 ], [ -5.433, 57.672 ], [ -5.438, 57.679 ], [ -5.462, 57.691 ], [ -5.492, 57.703 ], [ -5.527, 57.712 ], [ -5.541, 57.72 ], [ -5.555, 57.733 ], [ -5.575, 57.741 ], [ -5.574, 57.745 ] ] } },
{ "type": "Feature", "properties": { "name1": "River Findhorn", "name2": "Muckle Stronach", "Strahler Stream Order": 4, "long_name": null, "short_name": null }, "geometry": { "type": "LineString", "coordinates": [ [ -3.687, 57.519 ], [ -3.683, 57.52 ] ] } },
{ "type": "Feature", "properties": { "name1": "Water of Milk", "name2": " ", "Strahler Stream Order": 4, "long_name": null, "short_name": null }, "geometry": { "type": "MultiLineString", "coordinates": [ [ [ -3.327, 55.096 ], [ -3.346, 55.076 ], [ -3.339, 55.053 ], [ -3.334, 55.046 ] ], [ [ -3.321, 55.114 ], [ -3.332, 55.107 ], [ -3.326, 55.096 ] ], [ [ -3.307, 55.117 ], [ -3.32, 55.115 ] ], [ [ -3.296, 55.119 ], [ -3.304, 55.117 ] ], [ [ -3.293, 55.12 ], [ -3.294, 55.119 ] ], [ [ -3.282, 55.13 ], [ -3.292, 55.121 ] ] ] } },
{ "type": "Feature", "properties": { "name1": "River Thurso", "name2": "Auch-a-Clachan Pool", "Strahler Stream Order": 5, "long_name": null, "short_name": null }, "geometry": { "type": "LineString", "coordinates": [ [ -3.5, 58.457 ], [ -3.499, 58.457 ] ] } },
{ "type": "Feature", "properties": { "name1": "Uidh Fheàrna", "name2": " ", "Strahler Stream Order": 4, "long_name": null, "short_name": null }, "geometry": { "type": "LineString", "coordinates": [ [ -5.136, 58.09 ], [ -5.151, 58.096 ] ] } },
{ "type": "Feature", "properties": { "name1": "River Thurso", "name2": "John Mac Donald's Pool", "Strahler Stream Order": 5, "long_name": null, "short_name": null }, "geometry": { "type": "LineString", "coordinates": [ [ -3.536, 58.481 ], [ -3.536, 58.482 ] ] } },
{ "type": "Feature", "properties": { "name1": "Kirkgunzeon Lane", "name2": " ", "Strahler Stream Order": 4, "long_name": null, "short_name": null }, "geometry": { "type": "LineString", "coordinates": [ [ -3.8, 54.963 ], [ -3.801, 54.95 ], [ -3.797, 54.939 ], [ -3.803, 54.935 ] ] } },
{ "type": "Feature", "properties": { "name1": "River Tweed", "name2": "Craig Gullet", "Strahler Stream Order": 5, "long_name": null, "short_name": null }, "geometry": { "type": "LineString", "coordinates": [ [ -2.896, 55.606 ], [ -2.893, 55.606 ] ] } },
{ "type": "Feature", "properties": { "name1": "Shirmers Burn", "name2": " ", "Strahler Stream Order": 4, "long_name": null, "short_name": null }, "geometry": { "type": "LineString", "coordinates": [ [ -4.097, 55.041 ], [ -4.106, 55.035 ] ] } },
{ "type": "Feature", "properties": { "name1": " ", "name2": " ", "Strahler Stream Order": 4, "long_name": null, "short_name": null }, "geometry": { "type": "LineString", "coordinates": [ [ -5.183, 57.946 ], [ -5.184, 57.942 ] ] } },
{ "type": "Feature", "properties": { "name1": "River Carron", "name2": "Poll na Muice", "Strahler Stream Order": 4, "long_name": null, "short_name": null }, "geometry": { "type": "LineString", "coordinates": [ [ -4.395, 57.884 ], [ -4.392, 57.884 ] ] } },
{ "type": "Feature", "properties": { "name1": "Rappach Water", "name2": " ", "Strahler Stream Order": 4, "long_name": null, "short_name": null }, "geometry": { "type": "LineString", "coordinates": [ [ -4.938, 57.944 ], [ -4.931, 57.942 ], [ -4.908, 57.947 ], [ -4.885, 57.948 ], [ -4.823, 57.935 ] ] } },
{ "type": "Feature", "properties": { "name1": "Cowie Water", "name2": " ", "Strahler Stream Order": 4, "long_name": null, "short_name": null }, "geometry": { "type": "LineString", "coordinates": [ [ -2.267, 56.988 ], [ -2.224, 56.977 ], [ -2.209, 56.968 ] ] } },
{ "type": "Feature", "properties": { "name1": "River Carron", "name2": " ", "Strahler Stream Order": 4, "long_name": null, "short_name": null }, "geometry": { "type": "MultiLineString", "coordinates": [ [ [ -5.409, 57.441 ], [ -5.42, 57.44 ], [ -5.428, 57.427 ], [ -5.436, 57.426 ], [ -5.442, 57.413 ], [ -5.456, 57.403 ] ], [ [ -5.358, 57.463 ], [ -5.371, 57.457 ], [ -5.372, 57.449 ], [ -5.403, 57.442 ] ], [ [ -5.262, 57.49 ], [ -5.316, 57.483 ], [ -5.331, 57.477 ] ] ] } },
{ "type": "Feature", "properties": { "name1": "River Calder", "name2": " ", "Strahler Stream Order": 4, "long_name": null, "short_name": null }, "geometry": { "type": "LineString", "coordinates": [ [ -4.619, 55.792 ], [ -4.618, 55.793 ] ] } },
{ "type": "Feature", "properties": { "name1": "River Ericht", "name2": "Farquharson's Pool", "Strahler Stream Order": 4, "long_name": null, "short_name": null }, "geometry": { "type": "LineString", "coordinates": [ [ -3.348, 56.618 ], [ -3.349, 56.617 ] ] } },
{ "type": "Feature", "properties": { "name1": "Ronald's Pot", "name2": "River Ythan", "Strahler Stream Order": 4, "long_name": null, "short_name": null }, "geometry": { "type": "LineString", "coordinates": [ [ -2.351, 57.423 ], [ -2.35, 57.424 ] ] } },
{ "type": "Feature", "properties": { "name1": "River Clyde", "name2": "Johnson's Hole", "Strahler Stream Order": 4, "long_name": null, "short_name": null }, "geometry": { "type": "LineString", "coordinates": [ [ -3.588, 55.59 ], [ -3.587, 55.591 ] ] } },
{ "type": "Feature", "properties": { "name1": "Ormsary Water", "name2": " ", "Strahler Stream Order": 4, "long_name": null, "short_name": null }, "geometry": { "type": "LineString", "coordinates": [ [ -5.59, 55.886 ], [ -5.625, 55.886 ] ] } },
{ "type": "Feature", "properties": { "name1": "River Deveron", "name2": "Lower Tachore Pot", "Strahler Stream Order": 5, "long_name": null, "short_name": null }, "geometry": { "type": "LineString", "coordinates": [ [ -2.699, 57.508 ], [ -2.693, 57.509 ] ] } },
{ "type": "Feature", "properties": { "name1": "River Kinglass", "name2": " ", "Strahler Stream Order": 4, "long_name": null, "short_name": null }, "geometry": { "type": "LineString", "coordinates": [ [ -4.999, 56.493 ], [ -5.013, 56.481 ], [ -5.047, 56.475 ], [ -5.083, 56.483 ], [ -5.113, 56.485 ], [ -5.129, 56.492 ] ] } },
{ "type": "Feature", "properties": { "name1": "River Brora", "name2": "Rallan", "Strahler Stream Order": 4, "long_name": null, "short_name": null }, "geometry": { "type": "LineString", "coordinates": [ [ -3.913, 58.015 ], [ -3.902, 58.014 ] ] } },
{ "type": "Feature", "properties": { "name1": "River Ness", "name2": " ", "Strahler Stream Order": 5, "long_name": null, "short_name": null }, "geometry": { "type": "MultiLineString", "coordinates": [ [ [ -4.313, 57.425 ], [ -4.294, 57.435 ], [ -4.274, 57.436 ], [ -4.262, 57.444 ], [ -4.262, 57.452 ], [ -4.253, 57.458 ], [ -4.236, 57.46 ], [ -4.229, 57.469 ] ], [ [ -4.232, 57.484 ], [ -4.231, 57.486 ] ] ] } },
{ "type": "Feature", "properties": { "name1": "Lady's Pool", "name2": "Cairn Water", "Strahler Stream Order": 4, "long_name": null, "short_name": null }, "geometry": { "type": "LineString", "coordinates": [ [ -3.803, 55.155 ], [ -3.804, 55.154 ] ] } },
{ "type": "Feature", "properties": { "name1": "River Divie", "name2": "Junction Pool", "Strahler Stream Order": 4, "long_name": null, "short_name": null }, "geometry": { "type": "LineString", "coordinates": [ [ -3.666, 57.527 ], [ -3.67, 57.528 ] ] } },
{ "type": "Feature", "properties": { "name1": "Well Pool", "name2": "River Thurso", "Strahler Stream Order": 5, "long_name": null, "short_name": null }, "geometry": { "type": "LineString", "coordinates": [ [ -3.498, 58.547 ], [ -3.5, 58.548 ] ] } },
{ "type": "Feature", "properties": { "name1": "River Kirkaig", "name2": "Elder's Pool", "Strahler Stream Order": 4, "long_name": null, "short_name": null }, "geometry": { "type": "LineString", "coordinates": [ [ -5.259, 58.122 ], [ -5.262, 58.121 ] ] } },
{ "type": "Feature", "properties": { "name1": "Upper Aultderg", "name2": "River Spey", "Strahler Stream Order": 6, "long_name": null, "short_name": null }, "geometry": { "type": "LineString", "coordinates": [ [ -3.116, 57.592 ], [ -3.118, 57.597 ] ] } },
{ "type": "Feature", "properties": { "name1": "River Annan", "name2": "Crooked Pool", "Strahler Stream Order": 5, "long_name": null, "short_name": null }, "geometry": { "type": "LineString", "coordinates": [ [ -3.274, 55.025 ], [ -3.268, 55.021 ] ] } },
{ "type": "Feature", "properties": { "name1": " ", "name2": " ", "Strahler Stream Order": 4, "long_name": null, "short_name": null }, "geometry": { "type": "LineString", "coordinates": [ [ -5.711, 57.688 ], [ -5.718, 57.693 ] ] } },
{ "type": "Feature", "properties": { "name1": "River Ythan", "name2": "Lochcam Pot", "Strahler Stream Order": 4, "long_name": null, "short_name": null }, "geometry": { "type": "LineString", "coordinates": [ [ -2.246, 57.432 ], [ -2.239, 57.428 ] ] } },
{ "type": "Feature", "properties": { "name1": "Trowse Eye", "name2": "River Yare", "Strahler Stream Order": 5, "long_name": null, "short_name": null }, "geometry": { "type": "LineString", "coordinates": [ ] } },
{ "type": "Feature", "properties": { "name1": "River Broom", "name2": "Post Office Pool", "Strahler Stream Order": 4, "long_name": null, "short_name": null }, "geometry": { "type": "LineString", "coordinates": [ [ -5.057, 57.804 ], [ -5.059, 57.813 ], [ -5.068, 57.816 ] ] } },
{ "type": "Feature", "properties": { "name1": "River Snizort", "name2": " ", "Strahler Stream Order": 4, "long_name": null, "short_name": null }, "geometry": { "type": "LineString", "coordinates": [ [ -6.291, 57.45 ], [ -6.3, 57.45 ], [ -6.318, 57.457 ], [ -6.322, 57.468 ] ] } },
{ "type": "Feature", "properties": { "name1": "River Druie", "name2": " ", "Strahler Stream Order": 4, "long_name": null, "short_name": null }, "geometry": { "type": "LineString", "coordinates": [ [ -3.795, 57.174 ], [ -3.818, 57.177 ], [ -3.829, 57.184 ] ] } },
{ "type": "Feature", "properties": { "name1": "River Einig", "name2": " ", "Strahler Stream Order": 4, "long_name": null, "short_name": null }, "geometry": { "type": "MultiLineString", "coordinates": [ [ [ -4.823, 57.935 ], [ -4.796, 57.938 ], [ -4.792, 57.943 ], [ -4.767, 57.948 ], [ -4.75, 57.957 ], [ -4.736, 57.96 ] ], [ [ -4.726, 57.962 ], [ -4.72, 57.963 ] ] ] } },
{ "type": "Feature", "properties": { "name1": "River Findhorn", "name2": "Pool Brahan", "Strahler Stream Order": 4, "long_name": null, "short_name": null }, "geometry": { "type": "LineString", "coordinates": [ [ -3.703, 57.512 ], [ -3.701, 57.513 ] ] } },
{ "type": "Feature", "properties": { "name1": "River Beauly", "name2": " ", "Strahler Stream Order": 5, "long_name": null, "short_name": null }, "geometry": { "type": "LineString", "coordinates": [ [ -4.653, 57.421 ], [ -4.637, 57.427 ], [ -4.619, 57.427 ], [ -4.58, 57.423 ], [ -4.565, 57.43 ], [ -4.545, 57.458 ], [ -4.527, 57.466 ], [ -4.509, 57.463 ], [ -4.5, 57.455 ], [ -4.483, 57.459 ], [ -4.469, 57.456 ], [ -4.464, 57.463 ], [ -4.473, 57.467 ], [ -4.449, 57.481 ], [ -4.437, 57.483 ], [ -4.433, 57.491 ], [ -4.415, 57.501 ], [ -4.392, 57.502 ] ] } },
{ "type": "Feature", "properties": { "name1": "River Aline", "name2": "Larch Pool", "Strahler Stream Order": 4, "long_name": null, "short_name": null }, "geometry": { "type": "LineString", "coordinates": [ [ -5.751, 56.574 ], [ -5.751, 56.573 ] ] } },
{ "type": "Feature", "properties": { "name1": "River Tweed", "name2": "Rae Wiel", "Strahler Stream Order": 5, "long_name": null, "short_name": null }, "geometry": { "type": "LineString", "coordinates": [ [ -2.839, 55.583 ], [ -2.837, 55.582 ] ] } },
{ "type": "Feature", "properties": { "name1": "Pwll Glâs", "name2": "Afon Teifi", "Strahler Stream Order": 4, "long_name": null, "short_name": null }, "geometry": { "type": "LineString", "coordinates": [ [ -4.402, 52.036 ], [ -4.421, 52.038 ], [ -4.451, 52.044 ], [ -4.461, 52.039 ] ] } },
{ "type": "Feature", "properties": { "name1": "Garbh Uisge", "name2": " ", "Strahler Stream Order": 4, "long_name": null, "short_name": null }, "geometry": { "type": "MultiLineString", "coordinates": [ [ [ -4.286, 56.261 ], [ -4.279, 56.249 ], [ -4.257, 56.249 ] ], [ [ -4.255, 56.249 ], [ -4.223, 56.241 ] ] ] } },
{ "type": "Feature", "properties": { "name1": "River Carron", "name2": "Poll Creag an Fhithich", "Strahler Stream Order": 4, "long_name": null, "short_name": null }, "geometry": { "type": "LineString", "coordinates": [ [ -4.392, 57.884 ], [ -4.391, 57.885 ] ] } },
{ "type": "Feature", "properties": { "name1": "Shot Pool", "name2": " ", "Strahler Stream Order": 5, "long_name": null, "short_name": null }, "geometry": { "type": "LineString", "coordinates": [ [ -4.832, 57.064 ], [ -4.828, 57.065 ] ] } },
{ "type": "Feature", "properties": { "name1": "River Tummel", "name2": " ", "Strahler Stream Order": 6, "long_name": null, "short_name": null }, "geometry": { "type": "MultiLineString", "coordinates": [ [ [ -4.189, 56.698 ], [ -4.177, 56.702 ], [ -4.155, 56.696 ], [ -4.111, 56.7 ], [ -4.085, 56.707 ] ], [ [ -4.079, 56.706 ], [ -4.045, 56.707 ], [ -4.034, 56.71 ], [ -4.004, 56.706 ] ], [ [ -3.825, 56.721 ], [ -3.806, 56.727 ], [ -3.795, 56.72 ], [ -3.783, 56.718 ] ], [ [ -3.74, 56.7 ], [ -3.714, 56.695 ], [ -3.716, 56.687 ], [ -3.686, 56.674 ], [ -3.676, 56.662 ], [ -3.668, 56.64 ] ] ] } },
{ "type": "Feature", "properties": { "name1": " ", "name2": " ", "Strahler Stream Order": 4, "long_name": null, "short_name": null }, "geometry": { "type": "LineString", "coordinates": [ [ -6.917, 57.872 ], [ -6.936, 57.874 ], [ -6.939, 57.881 ], [ -6.963, 57.885 ] ] } },
{ "type": "Feature", "properties": { "name1": "Round Pot", "name2": "River Ythan", "Strahler Stream Order": 4, "long_name": null, "short_name": null }, "geometry": { "type": "LineString", "coordinates": [ [ -2.302, 57.437 ], [ -2.301, 57.438 ] ] } },
{ "type": "Feature", "properties": { "name1": "River Treig", "name2": " ", "Strahler Stream Order": 4, "long_name": null, "short_name": null }, "geometry": { "type": "LineString", "coordinates": [ [ -4.696, 56.876 ], [ -4.699, 56.882 ] ] } },
{ "type": "Feature", "properties": { "name1": "Machrihanish Water", "name2": " ", "Strahler Stream Order": 4, "long_name": null, "short_name": null }, "geometry": { "type": "LineString", "coordinates": [ [ -5.658, 55.426 ], [ -5.691, 55.427 ], [ -5.715, 55.424 ], [ -5.724, 55.429 ] ] } },
{ "type": "Feature", "properties": { "name1": "Broad Water", "name2": "Afon Dysynni", "Strahler Stream Order": 4, "long_name": null, "short_name": null }, "geometry": { "type": "MultiLineString", "coordinates": [ [ [ -4.098, 52.607 ], [ -4.116, 52.604 ], [ -4.13, 52.61 ] ], [ [ -4.077, 52.602 ], [ -4.097, 52.607 ] ], [ [ -4.075, 52.608 ], [ -4.074, 52.602 ] ] ] } },
{ "type": "Feature", "properties": { "name1": "River Almond", "name2": " ", "Strahler Stream Order": 4, "long_name": null, "short_name": null }, "geometry": { "type": "LineString", "coordinates": [ [ -3.511, 56.414 ], [ -3.506, 56.419 ], [ -3.488, 56.419 ], [ -3.458, 56.425 ] ] } },
{ "type": "Feature", "properties": { "name1": "River Spey", "name2": "Poll a' Chreagain Bhig", "Strahler Stream Order": 5, "long_name": null, "short_name": null }, "geometry": { "type": "LineString", "coordinates": [ [ -3.427, 57.402 ], [ -3.417, 57.411 ] ] } },
{ "type": "Feature", "properties": { "name1": "Weedy Pool", "name2": "River Thurso", "Strahler Stream Order": 4, "long_name": null, "short_name": null }, "geometry": { "type": "LineString", "coordinates": [ [ -3.569, 58.393 ], [ -3.566, 58.395 ] ] } },
{ "type": "Feature", "properties": { "name1": "River Tweed", "name2": "Rampy Stream", "Strahler Stream Order": 5, "long_name": null, "short_name": null }, "geometry": { "type": "LineString", "coordinates": [ [ -2.931, 55.615 ], [ -2.921, 55.615 ] ] } },
{ "type": "Feature", "properties": { "name1": "River Broom", "name2": "Arthur's Pool", "Strahler Stream Order": 4, "long_name": null, "short_name": null }, "geometry": { "type": "LineString", "coordinates": [ [ -5.04, 57.769 ], [ -5.04, 57.772 ] ] } },
{ "type": "Feature", "properties": { "name1": "Abhainn Dhubh", "name2": " ", "Strahler Stream Order": 4, "long_name": null, "short_name": null }, "geometry": { "type": "LineString", "coordinates": [ [ -6.672, 58.173 ], [ -6.699, 58.172 ], [ -6.705, 58.181 ] ] } },
{ "type": "Feature", "properties": { "name1": "The Glisters", "name2": "River Dee", "Strahler Stream Order": 5, "long_name": null, "short_name": null }, "geometry": { "type": "LineString", "coordinates": [ [ -2.562, 57.051 ], [ -2.56, 57.052 ] ] } },
{ "type": "Feature", "properties": { "name1": "Rocky Pool", "name2": "River Inver", "Strahler Stream Order": 4, "long_name": null, "short_name": null }, "geometry": { "type": "LineString", "coordinates": [ [ -5.235, 58.156 ], [ -5.237, 58.156 ] ] } },
{ "type": "Feature", "properties": { "name1": "River Carron", "name2": "Poll an Tuairneir", "Strahler Stream Order": 4, "long_name": null, "short_name": null }, "geometry": { "type": "LineString", "coordinates": [ [ -4.539, 57.896 ], [ -4.533, 57.896 ] ] } },
{ "type": "Feature", "properties": { "name1": "River Ythan", "name2": "Hagberry Pot", "Strahler Stream Order": 4, "long_name": null, "short_name": null }, "geometry": { "type": "LineString", "coordinates": [ [ -2.295, 57.443 ], [ -2.293, 57.442 ] ] } },
{ "type": "Feature", "properties": { "name1": "River Tweed", "name2": "Boatshiel Pool", "Strahler Stream Order": 6, "long_name": null, "short_name": null }, "geometry": { "type": "LineString", "coordinates": [ [ -2.756, 55.609 ], [ -2.744, 55.606 ] ] } },
{ "type": "Feature", "properties": { "name1": "Culter Burn", "name2": " ", "Strahler Stream Order": 4, "long_name": null, "short_name": null }, "geometry": { "type": "LineString", "coordinates": [ [ -2.304, 57.123 ], [ -2.294, 57.122 ], [ -2.284, 57.114 ], [ -2.289, 57.104 ], [ -2.276, 57.101 ], [ -2.261, 57.093 ] ] } },
{ "type": "Feature", "properties": { "name1": "Forss Water", "name2": " ", "Strahler Stream Order": 4, "long_name": null, "short_name": null }, "geometry": { "type": "LineString", "coordinates": [ [ -3.665, 58.53 ], [ -3.651, 58.536 ], [ -3.644, 58.551 ], [ -3.624, 58.549 ], [ -3.624, 58.555 ], [ -3.638, 58.567 ], [ -3.647, 58.585 ], [ -3.671, 58.602 ], [ -3.674, 58.608 ] ] } },
{ "type": "Feature", "properties": { "name1": "Tunnel Pool", "name2": "River Spey", "Strahler Stream Order": 6, "long_name": null, "short_name": null }, "geometry": { "type": "LineString", "coordinates": [ [ -3.201, 57.481 ], [ -3.197, 57.485 ] ] } },
{ "type": "Feature", "properties": { "name1": "River Spey", "name2": "Junction Pool", "Strahler Stream Order": 6, "long_name": null, "short_name": null }, "geometry": { "type": "LineString", "coordinates": [ [ -3.191, 57.531 ], [ -3.194, 57.535 ] ] } },
{ "type": "Feature", "properties": { "name1": "River Tweed", "name2": "Gardenfoot Pool", "Strahler Stream Order": 5, "long_name": null, "short_name": null }, "geometry": { "type": "LineString", "coordinates": [ [ -3.214, 55.651 ], [ -3.212, 55.652 ] ] } },
{ "type": "Feature", "properties": { "name1": "River Aline", "name2": "Big Pool", "Strahler Stream Order": 4, "long_name": null, "short_name": null }, "geometry": { "type": "LineString", "coordinates": [ [ -5.752, 56.582 ], [ -5.752, 56.581 ] ] } },
{ "type": "Feature", "properties": { "name1": "Merddwr", "name2": " ", "Strahler Stream Order": 4, "long_name": null, "short_name": null }, "geometry": { "type": "LineString", "coordinates": [ [ -3.646, 53.038 ], [ -3.665, 53.049 ], [ -3.677, 53.045 ], [ -3.693, 53.048 ], [ -3.707, 53.045 ] ] } },
{ "type": "Feature", "properties": { "name1": "River Deveron", "name2": "Cairn Ford", "Strahler Stream Order": 4, "long_name": null, "short_name": null }, "geometry": { "type": "LineString", "coordinates": [ ] } },
{ "type": "Feature", "properties": { "name1": "Gala Water", "name2": " ", "Strahler Stream Order": 4, "long_name": null, "short_name": null }, "geometry": { "type": "LineString", "coordinates": [ [ -2.87, 55.679 ], [ -2.88, 55.666 ], [ -2.864, 55.664 ], [ -2.87, 55.652 ], [ -2.847, 55.639 ], [ -2.83, 55.639 ], [ -2.829, 55.628 ], [ -2.799, 55.612 ], [ -2.778, 55.609 ], [ -2.777, 55.605 ] ] } },
{ "type": "Feature", "properties": { "name1": "Water of Fleet", "name2": "Ditches Pool", "Strahler Stream Order": 4, "long_name": null, "short_name": null }, "geometry": { "type": "LineString", "coordinates": [ [ -4.19, 54.887 ], [ -4.186, 54.886 ] ] } },
{ "type": "Feature", "properties": { "name1": "River Nith", "name2": "Duncan's Linn", "Strahler Stream Order": 4, "long_name": null, "short_name": null }, "geometry": { "type": "LineString", "coordinates": [ [ -3.801, 55.285 ], [ -3.8, 55.285 ] ] } },
{ "type": "Feature", "properties": { "name1": "Washing Pool", "name2": "River Inver", "Strahler Stream Order": 4, "long_name": null, "short_name": null }, "geometry": { "type": "LineString", "coordinates": [ [ -5.184, 58.168 ], [ -5.187, 58.166 ] ] } },
{ "type": "Feature", "properties": { "name1": " ", "name2": " ", "Strahler Stream Order": 4, "long_name": null, "short_name": null }, "geometry": { "type": "LineString", "coordinates": [ [ -6.691, 58.329 ], [ -6.687, 58.332 ] ] } },
{ "type": "Feature", "properties": { "name1": "River Forth", "name2": " ", "Strahler Stream Order": 6, "long_name": null, "short_name": null }, "geometry": { "type": "MultiLineString", "coordinates": [ [ [ -4.409, 56.181 ], [ -4.387, 56.179 ], [ -4.369, 56.172 ], [ -4.366, 56.158 ], [ -4.333, 56.151 ], [ -4.33, 56.141 ], [ -4.314, 56.145 ], [ -4.29, 56.146 ], [ -4.285, 56.138 ], [ -4.27, 56.136 ], [ -4.244, 56.149 ], [ -4.231, 56.139 ], [ -4.217, 56.144 ], [ -4.161, 56.145 ], [ -4.163, 56.14 ], [ -4.143, 56.138 ], [ -4.141, 56.146 ], [ -4.109, 56.141 ], [ -4.09, 56.148 ], [ -4.081, 56.145 ], [ -4.085, 56.136 ], [ -4.074, 56.135 ], [ -4.048, 56.138 ], [ -4.051, 56.129 ], [ -4.031, 56.126 ], [ -4.014, 56.128 ], [ -4.012, 56.121 ], [ -3.982, 56.123 ], [ -3.978, 56.13 ], [ -3.982, 56.142 ], [ -3.969, 56.136 ], [ -3.961, 56.142 ], [ -3.941, 56.133 ], [ -3.925, 56.129 ], [ -3.902, 56.127 ], [ -3.886, 56.13 ], [ -3.876, 56.119 ], [ -3.867, 56.121 ], [ -3.861, 56.108 ], [ -3.848, 56.12 ], [ -3.836, 56.117 ], [ -3.836, 56.105 ], [ -3.83, 56.101 ], [ -3.812, 56.102 ], [ -3.805, 56.109 ] ], [ [ -3.794, 56.104 ], [ -3.773, 56.084 ], [ -3.757, 56.075 ], [ -3.745, 56.072 ] ] ] } },
{ "type": "Feature", "properties": { "name1": "River Ythan", "name2": "Devil's Elbow", "Strahler Stream Order": 4, "long_name": null, "short_name": null }, "geometry": { "type": "LineString", "coordinates": [ [ -2.349, 57.425 ], [ -2.348, 57.426 ] ] } },
{ "type": "Feature", "properties": { "name1": "Afon Troddi", "name2": "River Trothy", "Strahler Stream Order": 4, "long_name": null, "short_name": null }, "geometry": { "type": "LineString", "coordinates": [ [ -2.9, 51.814 ], [ -2.882, 51.819 ], [ -2.877, 51.826 ], [ -2.859, 51.831 ], [ -2.828, 51.826 ], [ -2.822, 51.821 ], [ -2.804, 51.822 ], [ -2.792, 51.809 ], [ -2.792, 51.795 ], [ -2.785, 51.786 ], [ -2.765, 51.793 ], [ -2.757, 51.79 ], [ -2.734, 51.791 ], [ -2.718, 51.802 ], [ -2.703, 51.801 ] ] } },
{ "type": "Feature", "properties": { "name1": "River Don", "name2": "Ree Pot", "Strahler Stream Order": 4, "long_name": null, "short_name": null }, "geometry": { "type": "LineString", "coordinates": [ [ -2.443, 57.264 ], [ -2.441, 57.265 ] ] } },
{ "type": "Feature", "properties": { "name1": "River Laggan", "name2": "Linn' a' Ghàidhil", "Strahler Stream Order": 4, "long_name": null, "short_name": null }, "geometry": { "type": "LineString", "coordinates": [ [ -6.302, 55.719 ], [ -6.308, 55.717 ] ] } },
{ "type": "Feature", "properties": { "name1": "Scaur Water", "name2": " ", "Strahler Stream Order": 4, "long_name": null, "short_name": null }, "geometry": { "type": "MultiLineString", "coordinates": [ [ [ -3.824, 55.228 ], [ -3.812, 55.226 ] ], [ [ -3.811, 55.227 ], [ -3.802, 55.233 ], [ -3.787, 55.218 ], [ -3.77, 55.214 ] ] ] } },
{ "type": "Feature", "properties": { "name1": "River Tweed", "name2": "Nout Sikes", "Strahler Stream Order": 5, "long_name": null, "short_name": null }, "geometry": { "type": "LineString", "coordinates": [ [ -2.942, 55.615 ], [ -2.938, 55.615 ] ] } },
{ "type": "Feature", "properties": { "name1": " ", "name2": " ", "Strahler Stream Order": 4, "long_name": null, "short_name": null }, "geometry": { "type": "LineString", "coordinates": [ [ -6.707, 58.184 ], [ -6.729, 58.187 ], [ -6.739, 58.182 ], [ -6.748, 58.193 ] ] } },
{ "type": "Feature", "properties": { "name1": "River Spean", "name2": "Linne na h-Inghinn", "Strahler Stream Order": 5, "long_name": null, "short_name": null }, "geometry": { "type": "LineString", "coordinates": [ [ -4.839, 56.885 ], [ -4.841, 56.883 ] ] } },
{ "type": "Feature", "properties": { "name1": "River Spey", "name2": "Geantree Pool", "Strahler Stream Order": 6, "long_name": null, "short_name": null }, "geometry": { "type": "LineString", "coordinates": [ [ -3.256, 57.47 ], [ -3.251, 57.469 ] ] } },
{ "type": "Feature", "properties": { "name1": "River Inver", "name2": "Pier Pool", "Strahler Stream Order": 4, "long_name": null, "short_name": null }, "geometry": { "type": "LineString", "coordinates": [ [ -5.178, 58.17 ], [ -5.179, 58.17 ] ] } },
{ "type": "Feature", "properties": { "name1": " ", "name2": " ", "Strahler Stream Order": 4, "long_name": null, "short_name": null }, "geometry": { "type": "LineString", "coordinates": [ [ -3.979, 58.061 ], [ -3.958, 58.054 ], [ -3.946, 58.046 ], [ -3.943, 58.032 ], [ -3.929, 58.02 ] ] } },
{ "type": "Feature", "properties": { "name1": "Poll a' Ghàraidh", "name2": "Halladale River", "Strahler Stream Order": 4, "long_name": null, "short_name": null }, "geometry": { "type": "LineString", "coordinates": [ [ -3.903, 58.485 ], [ -3.902, 58.486 ] ] } },
{ "type": "Feature", "properties": { "name1": "Teviot Bridge Cast", "name2": "River Teviot", "Strahler Stream Order": 5, "long_name": null, "short_name": null }, "geometry": { "type": "LineString", "coordinates": [ [ -2.449, 55.596 ], [ -2.446, 55.595 ] ] } },
{ "type": "Feature", "properties": { "name1": " ", "name2": " ", "Strahler Stream Order": 4, "long_name": null, "short_name": null }, "geometry": { "type": "MultiLineString", "coordinates": [ [ [ -5.199, 58.161 ], [ -5.201, 58.161 ] ], [ [ -5.182, 58.169 ], [ -5.184, 58.168 ] ], [ [ -4.983, 58.152 ], [ -5.006, 58.168 ], [ -5.058, 58.177 ], [ -5.078, 58.185 ], [ -5.096, 58.189 ], [ -5.116, 58.179 ], [ -5.137, 58.173 ] ] ] } },
{ "type": "Feature", "properties": { "name1": "Afon Rhyd-hir", "name2": " ", "Strahler Stream Order": 4, "long_name": null, "short_name": null }, "geometry": { "type": "LineString", "coordinates": [ [ -4.452, 52.905 ], [ -4.467, 52.9 ], [ -4.459, 52.888 ], [ -4.444, 52.883 ], [ -4.425, 52.883 ], [ -4.406, 52.887 ] ] } },
{ "type": "Feature", "properties": { "name1": " ", "name2": " ", "Strahler Stream Order": 4, "long_name": null, "short_name": null }, "geometry": { "type": "MultiLineString", "coordinates": [ [ [ -5.151, 58.096 ], [ -5.178, 58.109 ], [ -5.188, 58.108 ] ], [ [ -5.041, 58.063 ], [ -5.052, 58.063 ], [ -5.136, 58.09 ] ] ] } },
{ "type": "Feature", "properties": { "name1": "River Tweed", "name2": "Mosshouse Pool", "Strahler Stream Order": 6, "long_name": null, "short_name": null }, "geometry": { "type": "LineString", "coordinates": [ [ -2.787, 55.599 ], [ -2.785, 55.6 ] ] } },
{ "type": "Feature", "properties": { "name1": "River Lochy", "name2": "Poll a' Chait", "Strahler Stream Order": 6, "long_name": null, "short_name": null }, "geometry": { "type": "LineString", "coordinates": [ [ -5.068, 56.861 ], [ -5.07, 56.861 ] ] } },
{ "type": "Feature", "properties": { "name1": "River Dee", "name2": "Cutter's Pool", "Strahler Stream Order": 5, "long_name": null, "short_name": null }, "geometry": { "type": "LineString", "coordinates": [ [ -4.066, 54.801 ], [ -4.063, 54.798 ] ] } },
{ "type": "Feature", "properties": { "name1": "River Tweed", "name2": "Leader Foot", "Strahler Stream Order": 6, "long_name": null, "short_name": null }, "geometry": { "type": "LineString", "coordinates": [ [ -2.673, 55.603 ], [ -2.669, 55.601 ] ] } },
{ "type": "Feature", "properties": { "name1": "River Spean", "name2": "Goit-rèis", "Strahler Stream Order": 5, "long_name": null, "short_name": null }, "geometry": { "type": "LineString", "coordinates": [ [ -4.976, 56.906 ], [ -4.977, 56.906 ] ] } },
{ "type": "Feature", "properties": { "name1": " ", "name2": " ", "Strahler Stream Order": 4, "long_name": null, "short_name": null }, "geometry": { "type": "LineString", "coordinates": [ [ -7.033, 58.071 ], [ -7.056, 58.066 ] ] } },
{ "type": "Feature", "properties": { "name1": "Abhainn Dubhag", "name2": " ", "Strahler Stream Order": 4, "long_name": null, "short_name": null }, "geometry": { "type": "LineString", "coordinates": [ [ -4.811, 57.921 ], [ -4.807, 57.937 ] ] } },
{ "type": "Feature", "properties": { "name1": "Emral Brook", "name2": " ", "Strahler Stream Order": 4, "long_name": null, "short_name": null }, "geometry": { "type": "LineString", "coordinates": [ [ -2.867, 53.008 ], [ -2.868, 53.009 ] ] } },
{ "type": "Feature", "properties": { "name1": "River Findhorn", "name2": "Poolie", "Strahler Stream Order": 5, "long_name": null, "short_name": null }, "geometry": { "type": "LineString", "coordinates": [ [ -3.671, 57.545 ], [ -3.667, 57.55 ] ] } },
{ "type": "Feature", "properties": { "name1": "Afon y Glyn", "name2": " ", "Strahler Stream Order": 5, "long_name": null, "short_name": null }, "geometry": { "type": "LineString", "coordinates": [ [ -4.067, 52.89 ], [ -4.083, 52.9 ], [ -4.098, 52.901 ], [ -4.134, 52.911 ] ] } },
{ "type": "Feature", "properties": { "name1": " ", "name2": " ", "Strahler Stream Order": 4, "long_name": null, "short_name": null }, "geometry": { "type": "MultiLineString", "coordinates": [ [ [ -6.616, 58.136 ], [ -6.626, 58.131 ], [ -6.627, 58.118 ], [ -6.604, 58.119 ] ], [ [ -6.588, 58.154 ], [ -6.585, 58.149 ] ], [ [ -6.554, 58.102 ], [ -6.552, 58.102 ] ] ] } },
{ "type": "Feature", "properties": { "name1": "River Awe", "name2": "Poll nam Bèiste", "Strahler Stream Order": 5, "long_name": null, "short_name": null }, "geometry": { "type": "LineString", "coordinates": [ [ -5.201, 56.426 ], [ -5.207, 56.43 ] ] } },
{ "type": "Feature", "properties": { "name1": "Boat Pool", "name2": " ", "Strahler Stream Order": 5, "long_name": null, "short_name": null }, "geometry": { "type": "LineString", "coordinates": [ [ -2.765, 57.479 ], [ -2.764, 57.481 ] ] } },
{ "type": "Feature", "properties": { "name1": "River Avon", "name2": "Poll nan Eun", "Strahler Stream Order": 4, "long_name": null, "short_name": null }, "geometry": { "type": "LineString", "coordinates": [ [ -3.392, 57.242 ], [ -3.393, 57.248 ] ] } },
{ "type": "Feature", "properties": { "name1": "River Moriston", "name2": " ", "Strahler Stream Order": 4, "long_name": null, "short_name": null }, "geometry": { "type": "MultiLineString", "coordinates": [ [ [ -4.95, 57.146 ], [ -4.91, 57.162 ], [ -4.891, 57.163 ], [ -4.86, 57.172 ], [ -4.825, 57.171 ], [ -4.798, 57.176 ], [ -4.795, 57.183 ], [ -4.755, 57.189 ] ], [ [ -4.721, 57.202 ], [ -4.707, 57.201 ], [ -4.697, 57.208 ], [ -4.643, 57.222 ], [ -4.618, 57.212 ], [ -4.591, 57.205 ] ] ] } },
{ "type": "Feature", "properties": { "name1": "River Divie", "name2": " ", "Strahler Stream Order": 4, "long_name": null, "short_name": null }, "geometry": { "type": "MultiLineString", "coordinates": [ [ [ -3.654, 57.504 ], [ -3.666, 57.513 ], [ -3.666, 57.522 ] ], [ [ -3.666, 57.523 ], [ -3.666, 57.527 ] ] ] } },
{ "type": "Feature", "properties": { "name1": "River Cassley", "name2": " ", "Strahler Stream Order": 4, "long_name": null, "short_name": null }, "geometry": { "type": "LineString", "coordinates": [ [ -4.808, 58.152 ], [ -4.798, 58.146 ], [ -4.768, 58.138 ], [ -4.766, 58.125 ], [ -4.744, 58.116 ], [ -4.727, 58.097 ], [ -4.719, 58.077 ], [ -4.684, 58.057 ], [ -4.674, 58.058 ], [ -4.664, 58.046 ], [ -4.652, 58.039 ], [ -4.647, 58.03 ], [ -4.614, 58.005 ], [ -4.604, 58.003 ], [ -4.591, 57.991 ], [ -4.581, 57.972 ] ] } },
{ "type": "Feature", "properties": { "name1": "Skelly Pool", "name2": "River Esk", "Strahler Stream Order": 4, "long_name": null, "short_name": null }, "geometry": { "type": "LineString", "coordinates": [ [ -2.979, 55.105 ], [ -2.978, 55.104 ] ] } },
{ "type": "Feature", "properties": { "name1": " ", "name2": " ", "Strahler Stream Order": 5, "long_name": null, "short_name": null }, "geometry": { "type": "MultiLineString", "coordinates": [ [ [ -3.588, 58.375 ], [ -3.569, 58.393 ] ], [ [ -3.54, 58.398 ], [ -3.538, 58.401 ] ], [ [ -3.536, 58.479 ], [ -3.536, 58.481 ] ], [ [ -3.533, 58.575 ], [ -3.53, 58.576 ] ], [ [ -3.53, 58.474 ], [ -3.53, 58.475 ] ], [ [ -3.527, 58.583 ], [ -3.529, 58.583 ] ], [ [ -3.526, 58.486 ], [ -3.525, 58.486 ] ], [ [ -3.522, 58.576 ], [ -3.521, 58.578 ] ], [ [ -3.519, 58.593 ], [ -3.516, 58.594 ] ], [ [ -3.517, 58.412 ], [ -3.514, 58.412 ] ], [ [ -3.515, 58.49 ], [ -3.514, 58.491 ] ], [ [ -3.507, 58.461 ], [ -3.509, 58.462 ] ], [ [ -3.5, 58.504 ], [ -3.502, 58.505 ] ], [ [ -3.501, 58.416 ], [ -3.5, 58.416 ] ], [ [ -3.501, 58.5 ], [ -3.497, 58.503 ] ], [ [ -3.499, 58.457 ], [ -3.498, 58.457 ] ], [ [ -3.491, 58.447 ], [ -3.492, 58.447 ] ], [ [ -3.489, 58.544 ], [ -3.49, 58.544 ] ], [ [ -3.487, 58.442 ], [ -3.488, 58.442 ] ], [ [ -3.486, 58.518 ], [ -3.485, 58.518 ] ], [ [ -3.48, 58.52 ], [ -3.478, 58.522 ] ], [ [ -3.48, 58.536 ], [ -3.479, 58.537 ] ] ] } },
{ "type": "Feature", "properties": { "name1": "River Deveron", "name2": "Isla Pot", "Strahler Stream Order": 5, "long_name": null, "short_name": null }, "geometry": { "type": "LineString", "coordinates": [ [ -2.772, 57.519 ], [ -2.767, 57.521 ] ] } },
{ "type": "Feature", "properties": { "name1": "River Tweed", "name2": "Castle Pool", "Strahler Stream Order": 5, "long_name": null, "short_name": null }, "geometry": { "type": "LineString", "coordinates": [ [ -3.139, 55.639 ], [ -3.138, 55.639 ] ] } },
{ "type": "Feature", "properties": { "name1": "River Thurso", "name2": "Manse Pool", "Strahler Stream Order": 5, "long_name": null, "short_name": null }, "geometry": { "type": "LineString", "coordinates": [ [ -3.493, 58.444 ], [ -3.492, 58.445 ] ] } },
{ "type": "Feature", "properties": { "name1": "Top Lairdie Pool", "name2": "River Thurso", "Strahler Stream Order": 5, "long_name": null, "short_name": null }, "geometry": { "type": "LineString", "coordinates": [ [ -3.498, 58.457 ], [ -3.502, 58.459 ] ] } },
{ "type": "Feature", "properties": { "name1": "River Taf", "name2": "Afon Taf", "Strahler Stream Order": 5, "long_name": null, "short_name": null }, "geometry": { "type": "LineString", "coordinates": [ [ -4.628, 51.926 ], [ -4.641, 51.912 ], [ -4.663, 51.901 ], [ -4.667, 51.895 ], [ -4.664, 51.874 ], [ -4.677, 51.857 ], [ -4.675, 51.851 ], [ -4.684, 51.844 ], [ -4.643, 51.825 ], [ -4.629, 51.817 ], [ -4.607, 51.814 ], [ -4.586, 51.818 ], [ -4.57, 51.813 ], [ -4.555, 51.814 ], [ -4.555, 51.807 ], [ -4.529, 51.806 ], [ -4.516, 51.81 ], [ -4.496, 51.81 ], [ -4.489, 51.801 ], [ -4.468, 51.788 ], [ -4.456, 51.789 ], [ -4.444, 51.778 ], [ -4.454, 51.769 ], [ -4.431, 51.761 ], [ -4.401, 51.753 ], [ -4.397, 51.745 ], [ -4.4, 51.734 ], [ -4.436, 51.724 ], [ -4.45, 51.71 ] ] } },
{ "type": "Feature", "properties": { "name1": "River Annan", "name2": "Priest's Plumb", "Strahler Stream Order": 5, "long_name": null, "short_name": null }, "geometry": { "type": "LineString", "coordinates": [ [ -3.308, 55.041 ], [ -3.302, 55.041 ] ] } },
{ "type": "Feature", "properties": { "name1": "River Fiag", "name2": " ", "Strahler Stream Order": 4, "long_name": null, "short_name": null }, "geometry": { "type": "LineString", "coordinates": [ [ -4.63, 58.192 ], [ -4.627, 58.178 ], [ -4.617, 58.174 ], [ -4.606, 58.159 ], [ -4.606, 58.146 ] ] } },
{ "type": "Feature", "properties": { "name1": "Burn of Isbister", "name2": " ", "Strahler Stream Order": 4, "long_name": null, "short_name": null }, "geometry": { "type": "LineString", "coordinates": [ [ -3.066, 59.048 ], [ -3.06, 59.045 ] ] } },
{ "type": "Feature", "properties": { "name1": "Fionn Loch Beag", "name2": " ", "Strahler Stream Order": 4, "long_name": null, "short_name": null }, "geometry": { "type": "LineString", "coordinates": [ [ -4.822, 58.164 ], [ -4.821, 58.164 ] ] } },
{ "type": "Feature", "properties": { "name1": "River Deveron", "name2": "Howie's Intake", "Strahler Stream Order": 4, "long_name": null, "short_name": null }, "geometry": { "type": "LineString", "coordinates": [ [ -2.96, 57.411 ], [ -2.959, 57.412 ] ] } },
{ "type": "Feature", "properties": { "name1": "River Dulnain", "name2": " ", "Strahler Stream Order": 4, "long_name": null, "short_name": null }, "geometry": { "type": "LineString", "coordinates": [ [ -3.702, 57.303 ], [ -3.688, 57.299 ], [ -3.677, 57.304 ], [ -3.66, 57.301 ], [ -3.654, 57.293 ] ] } },
{ "type": "Feature", "properties": { "name1": "The Daues", "name2": "River Don", "Strahler Stream Order": 5, "long_name": null, "short_name": null }, "geometry": { "type": "LineString", "coordinates": [ [ -2.298, 57.23 ], [ -2.294, 57.231 ] ] } },
{ "type": "Feature", "properties": { "name1": "River Spean", "name2": "Poll Garbh", "Strahler Stream Order": 5, "long_name": null, "short_name": null }, "geometry": { "type": "LineString", "coordinates": [ [ -4.965, 56.904 ], [ -4.966, 56.904 ] ] } },
{ "type": "Feature", "properties": { "name1": "Cargen Pow", "name2": " ", "Strahler Stream Order": 4, "long_name": null, "short_name": null }, "geometry": { "type": "LineString", "coordinates": [ [ -3.643, 55.062 ], [ -3.639, 55.056 ], [ -3.624, 55.051 ], [ -3.618, 55.038 ], [ -3.605, 55.035 ] ] } },
{ "type": "Feature", "properties": { "name1": "River Thurso", "name2": "Morgan's Canal Pool", "Strahler Stream Order": 5, "long_name": null, "short_name": null }, "geometry": { "type": "LineString", "coordinates": [ [ -3.533, 58.476 ], [ -3.533, 58.477 ] ] } },
{ "type": "Feature", "properties": { "name1": "River Balgy", "name2": " ", "Strahler Stream Order": 4, "long_name": null, "short_name": null }, "geometry": { "type": "MultiLineString", "coordinates": [ [ [ -5.596, 57.526 ], [ -5.598, 57.527 ] ], [ [ -5.598, 57.529 ], [ -5.598, 57.53 ] ], [ [ -5.59, 57.52 ], [ -5.595, 57.524 ] ] ] } },
{ "type": "Feature", "properties": { "name1": "The Caldron", "name2": "River Dee", "Strahler Stream Order": 5, "long_name": null, "short_name": null }, "geometry": { "type": "LineString", "coordinates": [ [ -4.029, 54.862 ], [ -4.033, 54.86 ] ] } },
{ "type": "Feature", "properties": { "name1": "Tom Mairs Crook", "name2": "River Spey", "Strahler Stream Order": 6, "long_name": null, "short_name": null }, "geometry": { "type": "LineString", "coordinates": [ [ -3.193, 57.525 ], [ -3.191, 57.525 ] ] } },
{ "type": "Feature", "properties": { "name1": "River Spey", "name2": "Redbank Pool", "Strahler Stream Order": 6, "long_name": null, "short_name": null }, "geometry": { "type": "LineString", "coordinates": [ [ -3.367, 57.424 ], [ -3.366, 57.426 ] ] } },
{ "type": "Feature", "properties": { "name1": "River Tweed", "name2": "Caddonfoot Pool", "Strahler Stream Order": 5, "long_name": null, "short_name": null }, "geometry": { "type": "LineString", "coordinates": [ [ -2.878, 55.604 ], [ -2.877, 55.603 ] ] } },
{ "type": "Feature", "properties": { "name1": "Salmon Pool", "name2": "River Thurso", "Strahler Stream Order": 5, "long_name": null, "short_name": null }, "geometry": { "type": "LineString", "coordinates": [ [ -3.522, 58.578 ], [ -3.527, 58.583 ] ] } },
{ "type": "Feature", "properties": { "name1": "River Tweed", "name2": "Between the Caulds Pool", "Strahler Stream Order": 6, "long_name": null, "short_name": null }, "geometry": { "type": "LineString", "coordinates": [ [ -2.544, 55.575 ], [ -2.541, 55.574 ] ] } },
{ "type": "Feature", "properties": { "name1": " ", "name2": " ", "Strahler Stream Order": 4, "long_name": null, "short_name": null }, "geometry": { "type": "MultiLineString", "coordinates": [ [ [ -4.983, 58.363 ], [ -4.985, 58.364 ] ], [ [ -4.981, 58.368 ], [ -4.981, 58.369 ] ], [ [ -4.913, 58.333 ], [ -4.944, 58.341 ], [ -4.959, 58.347 ] ] ] } },
{ "type": "Feature", "properties": { "name1": "Allt a' Choin-duinn", "name2": " ", "Strahler Stream Order": 4, "long_name": null, "short_name": null }, "geometry": { "type": "LineString", "coordinates": [ [ -4.383, 58.031 ], [ -4.384, 58.025 ], [ -4.402, 58.026 ] ] } },
{ "type": "Feature", "properties": { "name1": "Sourden Pool", "name2": "River Spey", "Strahler Stream Order": 6, "long_name": null, "short_name": null }, "geometry": { "type": "LineString", "coordinates": [ [ -3.187, 57.541 ], [ -3.183, 57.542 ] ] } },
{ "type": "Feature", "properties": { "name1": "River Deveron", "name2": "Crooked Pot", "Strahler Stream Order": 4, "long_name": null, "short_name": null }, "geometry": { "type": "LineString", "coordinates": [ ] } },
{ "type": "Feature", "properties": { "name1": "River Findhorn", "name2": "Poll Beag", "Strahler Stream Order": 4, "long_name": null, "short_name": null }, "geometry": { "type": "LineString", "coordinates": [ [ -3.918, 57.41 ], [ -3.916, 57.41 ] ] } },
{ "type": "Feature", "properties": { "name1": " ", "name2": " ", "Strahler Stream Order": 4, "long_name": null, "short_name": null }, "geometry": { "type": "LineString", "coordinates": [ [ -4.654, 58.419 ], [ -4.645, 58.433 ], [ -4.645, 58.444 ], [ -4.628, 58.459 ], [ -4.623, 58.503 ] ] } },
{ "type": "Feature", "properties": { "name1": "River Inver", "name2": "Red Stream", "Strahler Stream Order": 4, "long_name": null, "short_name": null }, "geometry": { "type": "LineString", "coordinates": [ [ -5.213, 58.158 ], [ -5.214, 58.159 ] ] } },
{ "type": "Feature", "properties": { "name1": "River Findhorn", "name2": "Fish Pool", "Strahler Stream Order": 4, "long_name": null, "short_name": null }, "geometry": { "type": "LineString", "coordinates": [ [ -3.696, 57.516 ], [ -3.695, 57.517 ] ] } },
{ "type": "Feature", "properties": { "name1": "Kinlochewe River", "name2": " ", "Strahler Stream Order": 4, "long_name": null, "short_name": null }, "geometry": { "type": "LineString", "coordinates": [ [ -5.297, 57.608 ], [ -5.304, 57.619 ], [ -5.328, 57.627 ] ] } },
{ "type": "Feature", "properties": { "name1": "River Deveron", "name2": "March Pot", "Strahler Stream Order": 4, "long_name": null, "short_name": null }, "geometry": { "type": "LineString", "coordinates": [ [ -2.84, 57.468 ], [ -2.837, 57.468 ] ] } },
{ "type": "Feature", "properties": { "name1": "River Spean", "name2": " ", "Strahler Stream Order": 5, "long_name": null, "short_name": null }, "geometry": { "type": "MultiLineString", "coordinates": [ [ [ -4.977, 56.906 ], [ -4.984, 56.91 ], [ -5.003, 56.909 ] ], [ [ -4.966, 56.904 ], [ -4.976, 56.906 ] ], [ [ -4.89, 56.892 ], [ -4.909, 56.894 ], [ -4.949, 56.89 ], [ -4.965, 56.904 ] ], [ [ -4.877, 56.89 ], [ -4.888, 56.892 ] ], [ [ -4.841, 56.883 ], [ -4.859, 56.882 ], [ -4.876, 56.889 ] ], [ [ -4.804, 56.884 ], [ -4.839, 56.885 ] ], [ [ -4.803, 56.884 ], [ -4.804, 56.884 ] ], [ [ -4.562, 56.916 ], [ -4.588, 56.908 ], [ -4.625, 56.895 ], [ -4.646, 56.897 ], [ -4.688, 56.886 ], [ -4.702, 56.88 ], [ -4.717, 56.882 ], [ -4.726, 56.888 ], [ -4.744, 56.884 ], [ -4.763, 56.889 ], [ -4.8, 56.886 ] ] ] } },
{ "type": "Feature", "properties": { "name1": "River Almond", "name2": " ", "Strahler Stream Order": 4, "long_name": null, "short_name": null }, "geometry": { "type": "MultiLineString", "coordinates": [ [ [ -3.591, 55.869 ], [ -3.584, 55.875 ], [ -3.567, 55.879 ] ], [ [ -3.565, 55.879 ], [ -3.554, 55.885 ], [ -3.532, 55.884 ], [ -3.485, 55.892 ], [ -3.454, 55.91 ], [ -3.433, 55.917 ], [ -3.429, 55.931 ], [ -3.41, 55.94 ], [ -3.405, 55.949 ], [ -3.38, 55.95 ], [ -3.355, 55.959 ], [ -3.317, 55.967 ], [ -3.299, 55.983 ], [ -3.293, 55.995 ] ] ] } },
{ "type": "Feature", "properties": { "name1": "Garple Burn", "name2": " ", "Strahler Stream Order": 4, "long_name": null, "short_name": null }, "geometry": { "type": "LineString", "coordinates": [ [ -4.125, 55.104 ], [ -4.126, 55.091 ], [ -4.136, 55.09 ] ] } },
{ "type": "Feature", "properties": { "name1": "River Carron", "name2": " ", "Strahler Stream Order": 4, "long_name": null, "short_name": null }, "geometry": { "type": "MultiLineString", "coordinates": [ [ [ -4.624, 57.867 ], [ -4.596, 57.862 ], [ -4.58, 57.867 ] ], [ [ -4.573, 57.876 ], [ -4.573, 57.877 ] ], [ [ -4.572, 57.878 ], [ -4.57, 57.881 ] ], [ [ -4.565, 57.882 ], [ -4.564, 57.884 ] ], [ [ -4.558, 57.886 ], [ -4.556, 57.887 ] ], [ [ -4.555, 57.888 ], [ -4.552, 57.889 ] ], [ [ -4.551, 57.891 ], [ -4.539, 57.896 ] ], [ [ -4.533, 57.896 ], [ -4.519, 57.899 ] ], [ [ -4.516, 57.899 ], [ -4.509, 57.898 ] ], [ [ -4.505, 57.898 ], [ -4.482, 57.895 ] ], [ [ -4.481, 57.892 ], [ -4.474, 57.89 ] ], [ [ -4.471, 57.89 ], [ -4.445, 57.885 ] ], [ [ -4.441, 57.884 ], [ -4.425, 57.885 ] ], [ [ -4.42, 57.885 ], [ -4.395, 57.884 ] ], [ [ -4.391, 57.885 ], [ -4.379, 57.889 ] ], [ [ -4.377, 57.89 ], [ -4.35, 57.895 ] ] ] } },
{ "type": "Feature", "properties": { "name1": "Water of Minnoch", "name2": "Quaking Ash Wiel", "Strahler Stream Order": 4, "long_name": null, "short_name": null }, "geometry": { "type": "LineString", "coordinates": [ [ -4.551, 55.05 ], [ -4.553, 55.049 ] ] } },
{ "type": "Feature", "properties": { "name1": " ", "name2": " ", "Strahler Stream Order": 4, "long_name": null, "short_name": null }, "geometry": { "type": "LineString", "coordinates": [ [ -3.901, 58.502 ], [ -3.9, 58.504 ] ] } },
{ "type": "Feature", "properties": { "name1": "Shortsholm Pool", "name2": "River Esk", "Strahler Stream Order": 4, "long_name": null, "short_name": null }, "geometry": { "type": "LineString", "coordinates": [ [ -2.966, 55.097 ], [ -2.964, 55.095 ] ] } },
{ "type": "Feature", "properties": { "name1": "Bonny Water", "name2": " ", "Strahler Stream Order": 4, "long_name": null, "short_name": null }, "geometry": { "type": "LineString", "coordinates": [ [ -3.948, 55.984 ], [ -3.941, 55.988 ], [ -3.925, 55.988 ], [ -3.907, 55.992 ], [ -3.886, 56.004 ], [ -3.87, 56.006 ], [ -3.854, 56.012 ] ] } },
{ "type": "Feature", "properties": { "name1": "River Ythan", "name2": "Hughie's Pot", "Strahler Stream Order": 4, "long_name": null, "short_name": null }, "geometry": { "type": "LineString", "coordinates": [ [ -2.255, 57.435 ], [ -2.25, 57.434 ] ] } },
{ "type": "Feature", "properties": { "name1": " ", "name2": " ", "Strahler Stream Order": 4, "long_name": null, "short_name": null }, "geometry": { "type": "MultiLineString", "coordinates": [ [ [ -3.391, 58.516 ], [ -3.388, 58.52 ] ], [ [ -3.355, 58.501 ], [ -3.337, 58.488 ], [ -3.312, 58.486 ], [ -3.292, 58.477 ] ] ] } },
{ "type": "Feature", "properties": { "name1": "Little River", "name2": " ", "Strahler Stream Order": 4, "long_name": null, "short_name": null }, "geometry": { "type": "LineString", "coordinates": [ [ -3.428, 58.373 ], [ -3.428, 58.382 ], [ -3.419, 58.391 ], [ -3.423, 58.405 ], [ -3.422, 58.405 ], [ -3.423, 58.405 ], [ -3.422, 58.406 ], [ -3.422, 58.405 ], [ -3.422, 58.406 ], [ -3.424, 58.407 ], [ -3.445, 58.409 ], [ -3.463, 58.422 ] ] } },
{ "type": "Feature", "properties": { "name1": " ", "name2": " ", "Strahler Stream Order": 5, "long_name": null, "short_name": null }, "geometry": { "type": "LineString", "coordinates": [ [ -3.17, 58.518 ], [ -3.153, 58.514 ] ] } },
{ "type": "Feature", "properties": { "name1": "Liddel Water", "name2": "Ellen's Pool", "Strahler Stream Order": 4, "long_name": null, "short_name": null }, "geometry": { "type": "LineString", "coordinates": [ [ -2.823, 55.161 ], [ -2.822, 55.16 ] ] } },
{ "type": "Feature", "properties": { "name1": "Old Water", "name2": " ", "Strahler Stream Order": 4, "long_name": null, "short_name": null }, "geometry": { "type": "LineString", "coordinates": [ [ -3.793, 55.076 ], [ -3.773, 55.069 ], [ -3.763, 55.069 ], [ -3.75, 55.086 ], [ -3.752, 55.095 ], [ -3.744, 55.101 ] ] } },
{ "type": "Feature", "properties": { "name1": " ", "name2": " ", "Strahler Stream Order": 4, "long_name": null, "short_name": null }, "geometry": { "type": "LineString", "coordinates": [ [ -3.517, 58.205 ], [ -3.517, 58.204 ] ] } },
{ "type": "Feature", "properties": { "name1": "River Euchar", "name2": " ", "Strahler Stream Order": 4, "long_name": null, "short_name": null }, "geometry": { "type": "LineString", "coordinates": [ [ -5.435, 56.328 ], [ -5.452, 56.329 ], [ -5.47, 56.323 ], [ -5.497, 56.32 ], [ -5.515, 56.331 ], [ -5.523, 56.344 ] ] } },
{ "type": "Feature", "properties": { "name1": "River Farrar", "name2": " ", "Strahler Stream Order": 4, "long_name": null, "short_name": null }, "geometry": { "type": "MultiLineString", "coordinates": [ [ [ -4.993, 57.409 ], [ -4.979, 57.409 ] ], [ [ -4.969, 57.407 ], [ -4.95, 57.406 ], [ -4.944, 57.401 ], [ -4.929, 57.402 ], [ -4.907, 57.399 ], [ -4.891, 57.403 ], [ -4.884, 57.396 ] ], [ [ -4.861, 57.402 ], [ -4.841, 57.406 ] ], [ [ -4.79, 57.413 ], [ -4.758, 57.416 ], [ -4.72, 57.413 ], [ -4.699, 57.427 ], [ -4.687, 57.425 ], [ -4.663, 57.426 ], [ -4.653, 57.421 ] ] ] } },
{ "type": "Feature", "properties": { "name1": "River Nith", "name2": "Black Pool", "Strahler Stream Order": 5, "long_name": null, "short_name": null }, "geometry": { "type": "LineString", "coordinates": [ [ -3.69, 55.149 ], [ -3.688, 55.149 ] ] } },
{ "type": "Feature", "properties": { "name1": "Rough Stones", "name2": "River Spey", "Strahler Stream Order": 6, "long_name": null, "short_name": null }, "geometry": { "type": "LineString", "coordinates": [ [ -3.183, 57.493 ], [ -3.182, 57.494 ] ] } },
{ "type": "Feature", "properties": { "name1": "Arn Burn", "name2": " ", "Strahler Stream Order": 4, "long_name": null, "short_name": null }, "geometry": { "type": "LineString", "coordinates": [ [ -4.633, 56.076 ], [ -4.612, 56.065 ], [ -4.618, 56.054 ] ] } },
{ "type": "Feature", "properties": { "name1": "Ward Pot", "name2": "River Don", "Strahler Stream Order": 4, "long_name": null, "short_name": null }, "geometry": { "type": "LineString", "coordinates": [ [ -2.771, 57.24 ], [ -2.767, 57.24 ] ] } },
{ "type": "Feature", "properties": { "name1": "River Deveron", "name2": "Ringstone Pot", "Strahler Stream Order": 5, "long_name": null, "short_name": null }, "geometry": { "type": "LineString", "coordinates": [ [ -2.768, 57.459 ], [ -2.768, 57.461 ] ] } },
{ "type": "Feature", "properties": { "name1": "Sordale Stream Pool", "name2": "River Thurso", "Strahler Stream Order": 5, "long_name": null, "short_name": null }, "geometry": { "type": "LineString", "coordinates": [ [ -3.477, 58.537 ], [ -3.477, 58.54 ] ] } },
{ "type": "Feature", "properties": { "name1": "Strath Burn", "name2": " ", "Strahler Stream Order": 4, "long_name": null, "short_name": null }, "geometry": { "type": "MultiLineString", "coordinates": [ [ [ -3.311, 58.423 ], [ -3.298, 58.432 ] ], [ [ -3.293, 58.432 ], [ -3.279, 58.447 ], [ -3.288, 58.46 ], [ -3.303, 58.464 ] ] ] } },
{ "type": "Feature", "properties": { "name1": "Spùt Bàn", "name2": "River Lyon", "Strahler Stream Order": 4, "long_name": null, "short_name": null }, "geometry": { "type": "LineString", "coordinates": [ [ -4.074, 56.602 ], [ -4.073, 56.601 ] ] } },
{ "type": "Feature", "properties": { "name1": " ", "name2": " ", "Strahler Stream Order": 4, "long_name": null, "short_name": null }, "geometry": { "type": "LineString", "coordinates": [ [ -4.452, 58.494 ], [ -4.432, 58.506 ], [ -4.413, 58.505 ], [ -4.399, 58.509 ], [ -4.396, 58.517 ] ] } },
{ "type": "Feature", "properties": { "name1": "Saligo River", "name2": " ", "Strahler Stream Order": 4, "long_name": null, "short_name": null }, "geometry": { "type": "LineString", "coordinates": [ [ -6.438, 55.806 ], [ -6.457, 55.809 ] ] } },
{ "type": "Feature", "properties": { "name1": "River Nith", "name2": "Craig Pool", "Strahler Stream Order": 5, "long_name": null, "short_name": null }, "geometry": { "type": "LineString", "coordinates": [ [ -3.735, 55.176 ], [ -3.733, 55.175 ] ] } },
{ "type": "Feature", "properties": { "name1": "Wellington", "name2": "River Tweed", "Strahler Stream Order": 6, "long_name": null, "short_name": null }, "geometry": { "type": "LineString", "coordinates": [ [ -2.217, 55.677 ], [ -2.212, 55.68 ] ] } },
{ "type": "Feature", "properties": { "name1": "River Thurso", "name2": "Black Pool", "Strahler Stream Order": 5, "long_name": null, "short_name": null }, "geometry": { "type": "LineString", "coordinates": [ [ -3.525, 58.486 ], [ -3.521, 58.488 ] ] } },
{ "type": "Feature", "properties": { "name1": " ", "name2": " ", "Strahler Stream Order": 4, "long_name": null, "short_name": null }, "geometry": { "type": "MultiLineString", "coordinates": [ [ [ -4.427, 58.283 ], [ -4.401, 58.281 ], [ -4.385, 58.289 ], [ -4.36, 58.296 ], [ -4.347, 58.304 ], [ -4.329, 58.309 ], [ -4.3, 58.313 ], [ -4.28, 58.311 ] ], [ [ -4.212, 58.383 ], [ -4.21, 58.385 ] ], [ [ -4.21, 58.5 ], [ -4.209, 58.501 ] ] ] } },
{ "type": "Feature", "properties": { "name1": "River Tweed", "name2": "Listerheugh Stream", "Strahler Stream Order": 5, "long_name": null, "short_name": null }, "geometry": { "type": "LineString", "coordinates": [ [ -3.006, 55.624 ], [ -2.989, 55.629 ], [ -2.98, 55.628 ] ] } },
{ "type": "Feature", "properties": { "name1": "River Thurso", "name2": " ", "Strahler Stream Order": 5, "long_name": null, "short_name": null }, "geometry": { "type": "MultiLineString", "coordinates": [ [ [ -3.566, 58.395 ], [ -3.551, 58.392 ], [ -3.54, 58.398 ] ], [ [ -3.543, 58.409 ], [ -3.536, 58.411 ] ], [ [ -3.538, 58.401 ], [ -3.541, 58.407 ] ], [ [ -3.536, 58.482 ], [ -3.534, 58.483 ] ], [ [ -3.533, 58.477 ], [ -3.536, 58.479 ] ], [ [ -3.534, 58.573 ], [ -3.533, 58.575 ] ], [ [ -3.53, 58.475 ], [ -3.533, 58.476 ] ], [ [ -3.532, 58.473 ], [ -3.53, 58.474 ] ], [ [ -3.527, 58.471 ], [ -3.531, 58.472 ] ], [ [ -3.53, 58.41 ], [ -3.517, 58.412 ] ], [ [ -3.53, 58.576 ], [ -3.528, 58.575 ] ], [ [ -3.529, 58.583 ], [ -3.519, 58.593 ] ], [ [ -3.525, 58.575 ], [ -3.522, 58.576 ] ], [ [ -3.52, 58.561 ], [ -3.524, 58.564 ] ], [ [ -3.522, 58.468 ], [ -3.524, 58.47 ] ], [ [ -3.521, 58.578 ], [ -3.522, 58.578 ] ], [ [ -3.521, 58.488 ], [ -3.519, 58.489 ] ], [ [ -3.518, 58.558 ], [ -3.52, 58.559 ] ], [ [ -3.516, 58.594 ], [ -3.511, 58.601 ] ], [ [ -3.515, 58.489 ], [ -3.515, 58.49 ] ], [ [ -3.514, 58.412 ], [ -3.502, 58.413 ] ], [ [ -3.514, 58.491 ], [ -3.513, 58.492 ] ], [ [ -3.508, 58.557 ], [ -3.513, 58.557 ] ], [ [ -3.511, 58.494 ], [ -3.509, 58.497 ] ], [ [ -3.508, 58.555 ], [ -3.507, 58.556 ] ], [ [ -3.505, 58.55 ], [ -3.508, 58.552 ] ], [ [ -3.508, 58.498 ], [ -3.504, 58.5 ] ], [ [ -3.502, 58.505 ], [ -3.507, 58.514 ] ], [ [ -3.502, 58.459 ], [ -3.506, 58.461 ] ], [ [ -3.5, 58.548 ], [ -3.502, 58.549 ] ], [ [ -3.501, 58.457 ], [ -3.5, 58.457 ] ], [ [ -3.497, 58.455 ], [ -3.501, 58.455 ] ], [ [ -3.497, 58.503 ], [ -3.5, 58.504 ] ], [ [ -3.5, 58.416 ], [ -3.497, 58.417 ] ], [ [ -3.499, 58.516 ], [ -3.497, 58.515 ] ], [ [ -3.491, 58.545 ], [ -3.498, 58.547 ] ], [ [ -3.496, 58.418 ], [ -3.494, 58.418 ] ], [ [ -3.492, 58.447 ], [ -3.495, 58.45 ] ], [ [ -3.488, 58.442 ], [ -3.493, 58.444 ] ], [ [ -3.492, 58.445 ], [ -3.49, 58.446 ] ], [ [ -3.491, 58.516 ], [ -3.486, 58.518 ] ], [ [ -3.491, 58.419 ], [ -3.482, 58.42 ] ], [ [ -3.488, 58.544 ], [ -3.489, 58.544 ] ], [ [ -3.487, 58.441 ], [ -3.487, 58.442 ] ], [ [ -3.475, 58.437 ], [ -3.487, 58.439 ] ], [ [ -3.481, 58.542 ], [ -3.486, 58.543 ] ], [ [ -3.485, 58.518 ], [ -3.48, 58.52 ] ], [ [ -3.483, 58.53 ], [ -3.48, 58.536 ] ], [ [ -3.48, 58.528 ], [ -3.483, 58.528 ] ], [ [ -3.479, 58.537 ], [ -3.477, 58.537 ] ], [ [ -3.477, 58.54 ], [ -3.478, 58.541 ] ], [ [ -3.478, 58.522 ], [ -3.478, 58.526 ] ], [ [ -3.474, 58.421 ], [ -3.463, 58.422 ], [ -3.461, 58.425 ] ], [ [ -3.463, 58.427 ], [ -3.473, 58.435 ] ] ] } },
{ "type": "Feature", "properties": { "name1": "River Findhorn", "name2": "Halliemuir Pool", "Strahler Stream Order": 5, "long_name": null, "short_name": null }, "geometry": { "type": "LineString", "coordinates": [ [ -3.655, 57.555 ], [ -3.651, 57.557 ] ] } },
{ "type": "Feature", "properties": { "name1": "Nant Clydach", "name2": " ", "Strahler Stream Order": 4, "long_name": null, "short_name": null }, "geometry": { "type": "LineString", "coordinates": [ [ -3.39, 51.661 ], [ -3.375, 51.659 ], [ -3.37, 51.649 ], [ -3.362, 51.644 ], [ -3.35, 51.626 ], [ -3.328, 51.627 ] ] } },
{ "type": "Feature", "properties": { "name1": "River Esk", "name2": "Hollows Pool", "Strahler Stream Order": 4, "long_name": null, "short_name": null }, "geometry": { "type": "LineString", "coordinates": [ [ -2.972, 55.099 ], [ -2.97, 55.099 ] ] } },
{ "type": "Feature", "properties": { "name1": "River Affric", "name2": "Garbh-Uisge", "Strahler Stream Order": 4, "long_name": null, "short_name": null }, "geometry": { "type": "LineString", "coordinates": [ [ -4.987, 57.265 ], [ -4.981, 57.263 ] ] } },
{ "type": "Feature", "properties": { "name1": "Allt Graad", "name2": " ", "Strahler Stream Order": 4, "long_name": null, "short_name": null }, "geometry": { "type": "LineString", "coordinates": [ [ -4.355, 57.67 ], [ -4.332, 57.664 ], [ -4.324, 57.666 ], [ -4.293, 57.658 ] ] } },
{ "type": "Feature", "properties": { "name1": "Afon Goedol", "name2": " ", "Strahler Stream Order": 4, "long_name": null, "short_name": null }, "geometry": { "type": "LineString", "coordinates": [ [ -3.947, 52.974 ], [ -3.952, 52.961 ] ] } },
{ "type": "Feature", "properties": { "name1": "River Tweed", "name2": "Parkgate Pool", "Strahler Stream Order": 4, "long_name": null, "short_name": null }, "geometry": { "type": "LineString", "coordinates": [ [ -3.376, 55.6 ], [ -3.376, 55.601 ] ] } },
{ "type": "Feature", "properties": { "name1": "Smigel Pool", "name2": "Halladale River", "Strahler Stream Order": 4, "long_name": null, "short_name": null }, "geometry": { "type": "LineString", "coordinates": [ [ -3.903, 58.495 ], [ -3.902, 58.497 ] ] } },
{ "type": "Feature", "properties": { "name1": "River Deveron", "name2": "Ashogle Pot", "Strahler Stream Order": 5, "long_name": null, "short_name": null }, "geometry": { "type": "LineString", "coordinates": [ [ -2.498, 57.561 ], [ -2.498, 57.563 ] ] } },
{ "type": "Feature", "properties": { "name1": "River Doon", "name2": " ", "Strahler Stream Order": 4, "long_name": null, "short_name": null }, "geometry": { "type": "MultiLineString", "coordinates": [ [ [ -4.623, 55.386 ], [ -4.62, 55.399 ], [ -4.629, 55.408 ], [ -4.623, 55.417 ], [ -4.644, 55.429 ], [ -4.655, 55.448 ] ], [ [ -4.532, 55.392 ], [ -4.542, 55.396 ], [ -4.565, 55.389 ], [ -4.588, 55.397 ], [ -4.599, 55.395 ], [ -4.608, 55.386 ], [ -4.625, 55.384 ] ], [ [ -4.42, 55.322 ], [ -4.439, 55.33 ], [ -4.451, 55.342 ], [ -4.471, 55.344 ], [ -4.508, 55.368 ], [ -4.5, 55.377 ], [ -4.52, 55.384 ], [ -4.528, 55.392 ] ], [ [ -4.399, 55.283 ], [ -4.398, 55.303 ], [ -4.409, 55.317 ] ] ] } },
{ "type": "Feature", "properties": { "name1": "River Inver", "name2": "Deer Pool", "Strahler Stream Order": 4, "long_name": null, "short_name": null }, "geometry": { "type": "LineString", "coordinates": [ [ -5.192, 58.163 ], [ -5.196, 58.162 ] ] } },
{ "type": "Feature", "properties": { "name1": "Upper Grassy Pool", "name2": "River Inver", "Strahler Stream Order": 4, "long_name": null, "short_name": null }, "geometry": { "type": "LineString", "coordinates": [ [ -5.162, 58.174 ], [ -5.166, 58.173 ] ] } },
{ "type": "Feature", "properties": { "name1": "Scum Pool", "name2": "River Findhorn", "Strahler Stream Order": 4, "long_name": null, "short_name": null }, "geometry": { "type": "MultiLineString", "coordinates": [ [ [ -3.705, 57.512 ], [ -3.704, 57.513 ] ], [ [ -3.691, 57.52 ], [ -3.689, 57.52 ] ] ] } },
{ "type": "Feature", "properties": { "name1": "Wiske Mouth", "name2": "River Wiske", "Strahler Stream Order": 4, "long_name": null, "short_name": null }, "geometry": { "type": "LineString", "coordinates": [ ] } },
{ "type": "Feature", "properties": { "name1": "River Bran", "name2": " ", "Strahler Stream Order": 4, "long_name": null, "short_name": null }, "geometry": { "type": "LineString", "coordinates": [ [ -4.83, 57.62 ], [ -4.819, 57.62 ] ] } },
{ "type": "Feature", "properties": { "name1": "Turn Pool", "name2": "River Kirkaig", "Strahler Stream Order": 4, "long_name": null, "short_name": null }, "geometry": { "type": "LineString", "coordinates": [ [ -5.234, 58.114 ], [ -5.243, 58.12 ] ] } },
{ "type": "Feature", "properties": { "name1": "River Ugie", "name2": "Low's Pot", "Strahler Stream Order": 5, "long_name": null, "short_name": null }, "geometry": { "type": "LineString", "coordinates": [ [ -1.893, 57.533 ], [ -1.879, 57.535 ] ] } },
{ "type": "Feature", "properties": { "name1": "Straan Pool", "name2": "River Spey", "Strahler Stream Order": 5, "long_name": null, "short_name": null }, "geometry": { "type": "LineString", "coordinates": [ [ -3.453, 57.401 ], [ -3.449, 57.4 ] ] } },
{ "type": "Feature", "properties": { "name1": "Scar Pool", "name2": "Liddel Water", "Strahler Stream Order": 4, "long_name": null, "short_name": null }, "geometry": { "type": "LineString", "coordinates": [ [ -2.823, 55.145 ], [ -2.823, 55.142 ] ] } },
{ "type": "Feature", "properties": { "name1": "Afon Cynffig", "name2": " ", "Strahler Stream Order": 4, "long_name": null, "short_name": null }, "geometry": { "type": "LineString", "coordinates": [ [ -3.728, 51.532 ], [ -3.744, 51.537 ], [ -3.758, 51.535 ], [ -3.771, 51.538 ] ] } },
{ "type": "Feature", "properties": { "name1": "Sunderlandburn Foot", "name2": "Ettrick Water", "Strahler Stream Order": 5, "long_name": null, "short_name": null }, "geometry": { "type": "LineString", "coordinates": [ [ -2.832, 55.568 ], [ -2.831, 55.571 ] ] } },
{ "type": "Feature", "properties": { "name1": "Y Cyt", "name2": " ", "Strahler Stream Order": 4, "long_name": null, "short_name": null }, "geometry": { "type": "LineString", "coordinates": [ [ -4.128, 52.929 ], [ -4.125, 52.926 ] ] } },
{ "type": "Feature", "properties": { "name1": "Mouse Water", "name2": " ", "Strahler Stream Order": 4, "long_name": null, "short_name": null }, "geometry": { "type": "LineString", "coordinates": [ [ -3.701, 55.741 ], [ -3.692, 55.725 ], [ -3.679, 55.722 ], [ -3.679, 55.716 ], [ -3.691, 55.706 ], [ -3.714, 55.699 ], [ -3.724, 55.692 ], [ -3.744, 55.688 ], [ -3.758, 55.692 ], [ -3.781, 55.691 ], [ -3.797, 55.684 ], [ -3.805, 55.676 ] ] } },
{ "type": "Feature", "properties": { "name1": " ", "name2": " ", "Strahler Stream Order": 4, "long_name": null, "short_name": null }, "geometry": { "type": "LineString", "coordinates": [ [ -3.232, 59.05 ], [ -3.24, 59.04 ], [ -3.233, 59.035 ], [ -3.225, 59.015 ], [ -3.211, 58.996 ], [ -3.23, 58.993 ], [ -3.255, 58.993 ], [ -3.254, 58.984 ] ] } },
{ "type": "Feature", "properties": { "name1": "Wark Dub", "name2": "River Tweed", "Strahler Stream Order": 6, "long_name": null, "short_name": null }, "geometry": { "type": "LineString", "coordinates": [ [ -2.297, 55.647 ], [ -2.29, 55.644 ] ] } },
{ "type": "Feature", "properties": { "name1": "River Ythan", "name2": "Pout Pot", "Strahler Stream Order": 4, "long_name": null, "short_name": null }, "geometry": { "type": "LineString", "coordinates": [ [ -2.131, 57.378 ], [ -2.132, 57.376 ] ] } },
{ "type": "Feature", "properties": { "name1": "River Dee", "name2": " ", "Strahler Stream Order": 5, "long_name": null, "short_name": null }, "geometry": { "type": "MultiLineString", "coordinates": [ [ [ -4.094, 55.005 ], [ -4.083, 55.01 ], [ -4.064, 55.009 ] ], [ [ -4.063, 54.798 ], [ -4.069, 54.791 ] ], [ [ -4.05, 54.853 ], [ -4.043, 54.848 ], [ -4.051, 54.838 ], [ -4.063, 54.839 ], [ -4.068, 54.829 ], [ -4.08, 54.82 ], [ -4.073, 54.805 ], [ -4.066, 54.801 ] ], [ [ -4.063, 55.008 ], [ -4.06, 55.006 ] ], [ [ -4.058, 55.007 ], [ -4.056, 55.008 ] ], [ [ -4.041, 54.858 ], [ -4.05, 54.855 ] ], [ [ -4.033, 54.86 ], [ -4.035, 54.86 ] ], [ [ -4.028, 54.863 ], [ -4.029, 54.862 ] ], [ [ -4.025, 54.867 ], [ -4.026, 54.866 ] ], [ [ -3.991, 54.912 ], [ -3.992, 54.904 ], [ -4.004, 54.896 ] ], [ [ -3.979, 54.918 ], [ -3.988, 54.914 ] ], [ [ -3.981, 54.96 ], [ -3.98, 54.95 ], [ -3.968, 54.944 ], [ -3.971, 54.923 ], [ -3.976, 54.918 ] ] ] } },
{ "type": "Feature", "properties": { "name1": "River Taff", "name2": "Afon Taf", "Strahler Stream Order": 6, "long_name": null, "short_name": null }, "geometry": { "type": "MultiLineString", "coordinates": [ [ [ -3.396, 51.755 ], [ -3.385, 51.751 ], [ -3.368, 51.727 ], [ -3.355, 51.719 ], [ -3.339, 51.698 ], [ -3.344, 51.69 ], [ -3.327, 51.668 ], [ -3.328, 51.66 ], [ -3.308, 51.659 ] ], [ [ -3.307, 51.659 ], [ -3.308, 51.659 ] ], [ [ -3.308, 51.659 ], [ -3.313, 51.651 ], [ -3.332, 51.641 ], [ -3.323, 51.619 ], [ -3.337, 51.609 ], [ -3.34, 51.6 ], [ -3.325, 51.598 ], [ -3.314, 51.58 ], [ -3.289, 51.573 ], [ -3.283, 51.562 ], [ -3.273, 51.56 ], [ -3.274, 51.546 ], [ -3.254, 51.532 ], [ -3.254, 51.519 ], [ -3.237, 51.515 ], [ -3.238, 51.508 ], [ -3.223, 51.498 ], [ -3.197, 51.497 ], [ -3.189, 51.488 ], [ -3.179, 51.46 ], [ -3.171, 51.449 ], [ -3.16, 51.443 ] ] ] } },
{ "type": "Feature", "properties": { "name1": "Afon Wnion", "name2": " ", "Strahler Stream Order": 4, "long_name": null, "short_name": null }, "geometry": { "type": "LineString", "coordinates": [ [ -3.792, 52.77 ], [ -3.8, 52.767 ], [ -3.821, 52.766 ], [ -3.859, 52.752 ], [ -3.875, 52.742 ], [ -3.883, 52.745 ], [ -3.901, 52.743 ], [ -3.911, 52.753 ] ] } },
{ "type": "Feature", "properties": { "name1": "River Awe", "name2": "Poll Fada", "Strahler Stream Order": 5, "long_name": null, "short_name": null }, "geometry": { "type": "LineString", "coordinates": [ [ -5.214, 56.434 ], [ -5.218, 56.437 ] ] } },
{ "type": "Feature", "properties": { "name1": "River Spey", "name2": "March Pool", "Strahler Stream Order": 5, "long_name": null, "short_name": null }, "geometry": { "type": "MultiLineString", "coordinates": [ [ [ -3.523, 57.363 ], [ -3.523, 57.366 ] ], [ [ -3.405, 57.415 ], [ -3.4, 57.415 ] ] ] } },
{ "type": "Feature", "properties": { "name1": "Tam's Hole", "name2": "River Don", "Strahler Stream Order": 5, "long_name": null, "short_name": null }, "geometry": { "type": "LineString", "coordinates": [ [ -2.102, 57.178 ], [ -2.099, 57.178 ] ] } },
{ "type": "Feature", "properties": { "name1": "River Tweed", "name2": "Harp Pool", "Strahler Stream Order": 6, "long_name": null, "short_name": null }, "geometry": { "type": "LineString", "coordinates": [ [ -2.792, 55.593 ], [ -2.788, 55.599 ] ] } },
{ "type": "Feature", "properties": { "name1": "River Avon", "name2": "Boat Pool", "Strahler Stream Order": 5, "long_name": null, "short_name": null }, "geometry": { "type": "LineString", "coordinates": [ [ -3.372, 57.41 ], [ -3.375, 57.414 ] ] } },
{ "type": "Feature", "properties": { "name1": "Douglas Water", "name2": " ", "Strahler Stream Order": 4, "long_name": null, "short_name": null }, "geometry": { "type": "LineString", "coordinates": [ [ -3.873, 55.535 ], [ -3.873, 55.541 ], [ -3.86, 55.545 ], [ -3.845, 55.567 ], [ -3.808, 55.581 ], [ -3.808, 55.595 ], [ -3.793, 55.607 ], [ -3.772, 55.63 ], [ -3.755, 55.637 ] ] } },
{ "type": "Feature", "properties": { "name1": " ", "name2": " ", "Strahler Stream Order": 4, "long_name": null, "short_name": null }, "geometry": { "type": "LineString", "coordinates": [ [ -1.226, 60.194 ], [ -1.217, 60.201 ] ] } },
{ "type": "Feature", "properties": { "name1": "Daugleddau", "name2": " ", "Strahler Stream Order": 5, "long_name": null, "short_name": null }, "geometry": { "type": "MultiLineString", "coordinates": [ [ [ -4.886, 51.723 ], [ -4.893, 51.709 ], [ -4.906, 51.709 ], [ -4.921, 51.703 ], [ -4.936, 51.706 ] ], [ [ -4.886, 51.77 ], [ -4.894, 51.766 ], [ -4.896, 51.757 ] ] ] } },
{ "type": "Feature", "properties": { "name1": "River Awe", "name2": "Linne Bhuidhe", "Strahler Stream Order": 5, "long_name": null, "short_name": null }, "geometry": { "type": "LineString", "coordinates": [ [ -5.194, 56.42 ], [ -5.2, 56.425 ] ] } },
{ "type": "Feature", "properties": { "name1": "River Findhorn", "name2": "Hut Pool", "Strahler Stream Order": 5, "long_name": null, "short_name": null }, "geometry": { "type": "LineString", "coordinates": [ [ -3.666, 57.557 ], [ -3.656, 57.556 ] ] } },
{ "type": "Feature", "properties": { "name1": "Strathcoul Pool", "name2": "River Thurso", "Strahler Stream Order": 5, "long_name": null, "short_name": null }, "geometry": { "type": "LineString", "coordinates": [ [ -3.519, 58.467 ], [ -3.522, 58.468 ] ] } },
{ "type": "Feature", "properties": { "name1": "River Dee", "name2": "Carnaquheen", "Strahler Stream Order": 5, "long_name": null, "short_name": null }, "geometry": { "type": "LineString", "coordinates": [ [ -3.252, 57.032 ], [ -3.246, 57.035 ] ] } },
{ "type": "Feature", "properties": { "name1": "Afon Dwyfor", "name2": " ", "Strahler Stream Order": 5, "long_name": null, "short_name": null }, "geometry": { "type": "LineString", "coordinates": [ [ -4.19, 52.988 ], [ -4.199, 52.983 ], [ -4.209, 52.963 ], [ -4.231, 52.964 ], [ -4.242, 52.962 ], [ -4.244, 52.943 ], [ -4.248, 52.937 ], [ -4.269, 52.923 ], [ -4.285, 52.917 ], [ -4.281, 52.913 ], [ -4.262, 52.909 ] ] } },
{ "type": "Feature", "properties": { "name1": "Geldie Burn", "name2": " ", "Strahler Stream Order": 4, "long_name": null, "short_name": null }, "geometry": { "type": "LineString", "coordinates": [ [ -3.635, 56.961 ], [ -3.627, 56.972 ], [ -3.612, 56.977 ] ] } },
{ "type": "Feature", "properties": { "name1": "Bannock Burn", "name2": " ", "Strahler Stream Order": 4, "long_name": null, "short_name": null }, "geometry": { "type": "LineString", "coordinates": [ [ -3.948, 56.09 ], [ -3.932, 56.085 ], [ -3.913, 56.093 ], [ -3.901, 56.104 ], [ -3.904, 56.112 ], [ -3.885, 56.112 ], [ -3.879, 56.121 ] ] } },
{ "type": "Feature", "properties": { "name1": "Green Water", "name2": " ", "Strahler Stream Order": 4, "long_name": null, "short_name": null }, "geometry": { "type": "LineString", "coordinates": [ [ -4.676, 55.886 ], [ -4.646, 55.875 ], [ -4.631, 55.879 ] ] } },
{ "type": "Feature", "properties": { "name1": "River Orchy", "name2": " ", "Strahler Stream Order": 4, "long_name": null, "short_name": null }, "geometry": { "type": "MultiLineString", "coordinates": [ [ [ -4.811, 56.488 ], [ -4.814, 56.482 ], [ -4.835, 56.471 ], [ -4.86, 56.437 ], [ -4.881, 56.431 ], [ -4.885, 56.426 ], [ -4.922, 56.413 ], [ -4.93, 56.408 ], [ -4.957, 56.403 ], [ -4.973, 56.406 ], [ -5.009, 56.407 ], [ -5.019, 56.41 ], [ -5.021, 56.408 ] ], [ [ -4.771, 56.536 ], [ -4.768, 56.527 ], [ -4.77, 56.513 ], [ -4.785, 56.498 ], [ -4.809, 56.488 ] ] ] } },
{ "type": "Feature", "properties": { "name1": "River Aline", "name2": "Corner Pool", "Strahler Stream Order": 4, "long_name": null, "short_name": null }, "geometry": { "type": "LineString", "coordinates": [ [ -5.754, 56.588 ], [ -5.754, 56.587 ] ] } },
{ "type": "Feature", "properties": { "name1": "Tail of Black Pool", "name2": "River Thurso", "Strahler Stream Order": 5, "long_name": null, "short_name": null }, "geometry": { "type": "LineString", "coordinates": [ [ -3.528, 58.484 ], [ -3.526, 58.486 ] ] } },
{ "type": "Feature", "properties": { "name1": "Sauce Pool", "name2": "River Thurso", "Strahler Stream Order": 4, "long_name": null, "short_name": null }, "geometry": { "type": "LineString", "coordinates": [ [ -3.502, 58.413 ], [ -3.501, 58.416 ] ] } },
{ "type": "Feature", "properties": { "name1": "Sandholm Pool", "name2": "Liddel Water", "Strahler Stream Order": 4, "long_name": null, "short_name": null }, "geometry": { "type": "LineString", "coordinates": [ [ -2.794, 55.197 ], [ -2.797, 55.196 ] ] } },
{ "type": "Feature", "properties": { "name1": "River Nith", "name2": "Auchensell Pool", "Strahler Stream Order": 4, "long_name": null, "short_name": null }, "geometry": { "type": "LineString", "coordinates": [ [ -3.796, 55.299 ], [ -3.796, 55.298 ] ] } },
{ "type": "Feature", "properties": { "name1": "River Deveron", "name2": "Pondend Pot", "Strahler Stream Order": 5, "long_name": null, "short_name": null }, "geometry": { "type": "LineString", "coordinates": [ [ -2.491, 57.551 ], [ -2.488, 57.55 ] ] } },
{ "type": "Feature", "properties": { "name1": "Ey Burn", "name2": " ", "Strahler Stream Order": 4, "long_name": null, "short_name": null }, "geometry": { "type": "LineString", "coordinates": [ [ -3.505, 56.977 ], [ -3.505, 56.989 ] ] } },
{ "type": "Feature", "properties": { "name1": "River Annan", "name2": "Jock's Pool", "Strahler Stream Order": 4, "long_name": null, "short_name": null }, "geometry": { "type": "LineString", "coordinates": [ [ -3.424, 55.192 ], [ -3.422, 55.191 ] ] } },
{ "type": "Feature", "properties": { "name1": "Sarn-y-Gornant", "name2": " ", "Strahler Stream Order": 4, "long_name": null, "short_name": null }, "geometry": { "type": "LineString", "coordinates": [ [ -4.113, 52.821 ], [ -4.123, 52.827 ] ] } },
{ "type": "Feature", "properties": { "name1": "Annick Water", "name2": " ", "Strahler Stream Order": 4, "long_name": null, "short_name": null }, "geometry": { "type": "LineString", "coordinates": [ [ -4.569, 55.656 ], [ -4.573, 55.65 ], [ -4.603, 55.642 ], [ -4.612, 55.643 ], [ -4.625, 55.628 ], [ -4.625, 55.621 ], [ -4.612, 55.613 ], [ -4.625, 55.609 ], [ -4.646, 55.615 ], [ -4.661, 55.604 ] ] } },
{ "type": "Feature", "properties": { "name1": "Tawelan Brook", "name2": " ", "Strahler Stream Order": 4, "long_name": null, "short_name": null }, "geometry": { "type": "LineString", "coordinates": [ [ -4.334, 51.852 ], [ -4.316, 51.851 ] ] } },
{ "type": "Feature", "properties": { "name1": "Grwyne Fawr", "name2": " ", "Strahler Stream Order": 4, "long_name": null, "short_name": null }, "geometry": { "type": "LineString", "coordinates": [ [ -3.097, 51.871 ], [ -3.108, 51.864 ], [ -3.104, 51.846 ], [ -3.111, 51.836 ] ] } },
{ "type": "Feature", "properties": { "name1": "River Avon", "name2": " ", "Strahler Stream Order": 5, "long_name": null, "short_name": null }, "geometry": { "type": "LineString", "coordinates": [ [ -3.839, 55.942 ], [ -3.811, 55.946 ], [ -3.794, 55.94 ], [ -3.785, 55.943 ], [ -3.768, 55.934 ], [ -3.749, 55.934 ], [ -3.736, 55.937 ], [ -3.709, 55.934 ], [ -3.7, 55.936 ], [ -3.678, 55.942 ], [ -3.664, 55.961 ], [ -3.654, 55.962 ], [ -3.647, 55.97 ], [ -3.631, 55.974 ], [ -3.63, 55.987 ], [ -3.661, 55.989 ], [ -3.692, 56.005 ], [ -3.676, 56.007 ], [ -3.656, 56.02 ], [ -3.635, 56.025 ] ] } },
{ "type": "Feature", "properties": { "name1": "River Tromie", "name2": "Poll Dubh", "Strahler Stream Order": 4, "long_name": null, "short_name": null }, "geometry": { "type": "LineString", "coordinates": [ [ -4.042, 56.961 ], [ -4.036, 56.968 ] ] } },
{ "type": "Feature", "properties": { "name1": " ", "name2": " ", "Strahler Stream Order": 4, "long_name": null, "short_name": null }, "geometry": { "type": "LineString", "coordinates": [ [ -1.327, 59.925 ], [ -1.345, 59.942 ] ] } },
{ "type": "Feature", "properties": { "name1": "Afon Sawdde", "name2": " ", "Strahler Stream Order": 4, "long_name": null, "short_name": null }, "geometry": { "type": "LineString", "coordinates": [ [ -3.838, 51.895 ], [ -3.852, 51.907 ], [ -3.865, 51.913 ], [ -3.89, 51.937 ], [ -3.901, 51.936 ] ] } },
{ "type": "Feature", "properties": { "name1": "River Tweed", "name2": "Lady's Hole", "Strahler Stream Order": 6, "long_name": null, "short_name": null }, "geometry": { "type": "LineString", "coordinates": [ [ -2.279, 55.643 ], [ -2.276, 55.643 ] ] } },
{ "type": "Feature", "properties": { "name1": "Afon Erch", "name2": " ", "Strahler Stream Order": 4, "long_name": null, "short_name": null }, "geometry": { "type": "LineString", "coordinates": [ [ -4.365, 52.943 ], [ -4.38, 52.934 ], [ -4.371, 52.923 ], [ -4.382, 52.91 ], [ -4.381, 52.9 ], [ -4.408, 52.89 ], [ -4.395, 52.887 ] ] } },
{ "type": "Feature", "properties": { "name1": "River Dee", "name2": "Garthdee Fishings", "Strahler Stream Order": 5, "long_name": null, "short_name": null }, "geometry": { "type": "LineString", "coordinates": [ [ -2.138, 57.117 ], [ -2.13, 57.118 ] ] } },
{ "type": "Feature", "properties": { "name1": "The Cour", "name2": " ", "Strahler Stream Order": 4, "long_name": null, "short_name": null }, "geometry": { "type": "LineString", "coordinates": [ [ -4.893, 56.87 ], [ -4.876, 56.889 ] ] } },
{ "type": "Feature", "properties": { "name1": "The Spout", "name2": "River Spey", "Strahler Stream Order": 6, "long_name": null, "short_name": null }, "geometry": { "type": "LineString", "coordinates": [ [ -3.097, 57.628 ], [ -3.098, 57.63 ] ] } },
{ "type": "Feature", "properties": { "name1": " ", "name2": " ", "Strahler Stream Order": 4, "long_name": null, "short_name": null }, "geometry": { "type": "LineString", "coordinates": [ [ -1.648, 60.303 ], [ -1.647, 60.304 ] ] } },
{ "type": "Feature", "properties": { "name1": "River Tirry", "name2": " ", "Strahler Stream Order": 4, "long_name": null, "short_name": null }, "geometry": { "type": "LineString", "coordinates": [ [ -4.449, 58.112 ], [ -4.422, 58.092 ], [ -4.418, 58.079 ], [ -4.426, 58.053 ] ] } },
{ "type": "Feature", "properties": { "name1": "River Truim", "name2": "Poll Dubh", "Strahler Stream Order": 4, "long_name": null, "short_name": null }, "geometry": { "type": "LineString", "coordinates": [ ] } },
{ "type": "Feature", "properties": { "name1": "Burn of Hobbiegill", "name2": " ", "Strahler Stream Order": 5, "long_name": null, "short_name": null }, "geometry": { "type": "LineString", "coordinates": [ [ -3.193, 58.522 ], [ -3.17, 58.518 ] ] } },
{ "type": "Feature", "properties": { "name1": "Trough Pool", "name2": "River Annan", "Strahler Stream Order": 4, "long_name": null, "short_name": null }, "geometry": { "type": "LineString", "coordinates": [ [ -3.409, 55.219 ], [ -3.408, 55.217 ] ] } },
{ "type": "Feature", "properties": { "name1": "River Dee", "name2": "Polmonier", "Strahler Stream Order": 5, "long_name": null, "short_name": null }, "geometry": { "type": "LineString", "coordinates": [ [ -3.227, 57.042 ], [ -3.222, 57.041 ] ] } },
{ "type": "Feature", "properties": { "name1": "River Deveron", "name2": "Bridge Pot", "Strahler Stream Order": 4, "long_name": null, "short_name": null }, "geometry": { "type": "LineString", "coordinates": [ [ -2.969, 57.407 ], [ -2.966, 57.408 ] ] } },
{ "type": "Feature", "properties": { "name1": "River Axe", "name2": "Hope Pool", "Strahler Stream Order": 4, "long_name": null, "short_name": null }, "geometry": { "type": "LineString", "coordinates": [ ] } },
{ "type": "Feature", "properties": { "name1": "River Thurso", "name2": "Lower Lairdie Pool", "Strahler Stream Order": 5, "long_name": null, "short_name": null }, "geometry": { "type": "LineString", "coordinates": [ [ -3.506, 58.461 ], [ -3.507, 58.461 ] ] } },
{ "type": "Feature", "properties": { "name1": "Carron Water", "name2": " ", "Strahler Stream Order": 4, "long_name": null, "short_name": null }, "geometry": { "type": "LineString", "coordinates": [ [ -3.754, 55.301 ], [ -3.782, 55.271 ], [ -3.784, 55.259 ] ] } },
{ "type": "Feature", "properties": { "name1": "River Truim", "name2": " ", "Strahler Stream Order": 4, "long_name": null, "short_name": null }, "geometry": { "type": "MultiLineString", "coordinates": [ [ [ -4.214, 56.96 ], [ -4.199, 56.966 ], [ -4.18, 56.983 ], [ -4.179, 57.003 ], [ -4.171, 57.004 ] ], [ [ -4.171, 57.004 ], [ -4.168, 57.01 ] ], [ [ -4.17, 57.011 ], [ -4.162, 57.02 ], [ -4.16, 57.032 ], [ -4.166, 57.038 ] ] ] } },
{ "type": "Feature", "properties": { "name1": "Sea Pool", "name2": "River Shiel", "Strahler Stream Order": 4, "long_name": null, "short_name": null }, "geometry": { "type": "LineString", "coordinates": [ [ -5.831, 56.768 ], [ -5.831, 56.77 ] ] } },
{ "type": "Feature", "properties": { "name1": "Sowie's Pot", "name2": "River Esk", "Strahler Stream Order": 4, "long_name": null, "short_name": null }, "geometry": { "type": "LineString", "coordinates": [ [ -2.989, 55.137 ], [ -2.988, 55.136 ] ] } },
{ "type": "Feature", "properties": { "name1": "River Annan", "name2": "Dormont Pool", "Strahler Stream Order": 5, "long_name": null, "short_name": null }, "geometry": { "type": "LineString", "coordinates": [ [ -3.398, 55.066 ], [ -3.395, 55.069 ] ] } },
{ "type": "Feature", "properties": { "name1": "Kenson River", "name2": " ", "Strahler Stream Order": 4, "long_name": null, "short_name": null }, "geometry": { "type": "LineString", "coordinates": [ [ -3.365, 51.411 ], [ -3.386, 51.405 ], [ -3.395, 51.399 ] ] } },
{ "type": "Feature", "properties": { "name1": "River Teviot", "name2": "Kirk Pool", "Strahler Stream Order": 5, "long_name": null, "short_name": null }, "geometry": { "type": "LineString", "coordinates": [ [ -2.505, 55.521 ], [ -2.502, 55.521 ] ] } },
{ "type": "Feature", "properties": { "name1": "River Carron", "name2": "Poll an Easain Ruaidh", "Strahler Stream Order": 4, "long_name": null, "short_name": null }, "geometry": { "type": "LineString", "coordinates": [ [ -4.552, 57.889 ], [ -4.551, 57.891 ] ] } },
{ "type": "Feature", "properties": { "name1": "River Tweed", "name2": "Peel Stream", "Strahler Stream Order": 5, "long_name": null, "short_name": null }, "geometry": { "type": "LineString", "coordinates": [ [ -2.908, 55.611 ], [ -2.899, 55.606 ] ] } },
{ "type": "Feature", "properties": { "name1": "River Naver", "name2": "Dawson Pool", "Strahler Stream Order": 4, "long_name": null, "short_name": null }, "geometry": { "type": "LineString", "coordinates": [ [ -4.213, 58.383 ], [ -4.212, 58.383 ] ] } },
{ "type": "Feature", "properties": { "name1": "River Ericht", "name2": "Colevin", "Strahler Stream Order": 4, "long_name": null, "short_name": null }, "geometry": { "type": "LineString", "coordinates": [ [ -3.346, 56.629 ], [ -3.342, 56.627 ] ] } },
{ "type": "Feature", "properties": { "name1": "River Ythan", "name2": "Haven", "Strahler Stream Order": 4, "long_name": null, "short_name": null }, "geometry": { "type": "LineString", "coordinates": [ [ -1.99, 57.31 ], [ -1.985, 57.304 ] ] } },
{ "type": "Feature", "properties": { "name1": "Afon Rhondda Fach", "name2": " ", "Strahler Stream Order": 4, "long_name": null, "short_name": null }, "geometry": { "type": "LineString", "coordinates": [ [ -3.417, 51.634 ], [ -3.409, 51.63 ], [ -3.41, 51.614 ] ] } },
{ "type": "Feature", "properties": { "name1": "River Einion", "name2": "River Banwy", "Strahler Stream Order": 4, "long_name": null, "short_name": null }, "geometry": { "type": "LineString", "coordinates": [ [ -3.455, 52.682 ], [ -3.433, 52.677 ], [ -3.413, 52.687 ], [ -3.389, 52.686 ], [ -3.383, 52.679 ], [ -3.372, 52.679 ], [ -3.36, 52.673 ], [ -3.353, 52.656 ], [ -3.326, 52.649 ], [ -3.321, 52.654 ], [ -3.299, 52.663 ], [ -3.278, 52.662 ], [ -3.277, 52.672 ], [ -3.285, 52.688 ], [ -3.269, 52.694 ] ] } },
{ "type": "Feature", "properties": { "name1": "River Nith", "name2": "Lintmill Pool", "Strahler Stream Order": 5, "long_name": null, "short_name": null }, "geometry": { "type": "LineString", "coordinates": [ [ -3.728, 55.176 ], [ -3.727, 55.176 ] ] } },
{ "type": "Feature", "properties": { "name1": "Weaver's Pool", "name2": "Leader Water", "Strahler Stream Order": 4, "long_name": null, "short_name": null }, "geometry": { "type": "LineString", "coordinates": [ [ -2.696, 55.65 ], [ -2.693, 55.649 ] ] } },
{ "type": "Feature", "properties": { "name1": "Loch Rànail", "name2": " ", "Strahler Stream Order": 4, "long_name": null, "short_name": null }, "geometry": { "type": "LineString", "coordinates": [ [ -6.705, 58.181 ], [ -6.707, 58.184 ] ] } },
{ "type": "Feature", "properties": { "name1": "River Esk", "name2": "Mid Pool", "Strahler Stream Order": 4, "long_name": null, "short_name": null }, "geometry": { "type": "LineString", "coordinates": [ [ -2.983, 55.114 ], [ -2.982, 55.113 ] ] } },
{ "type": "Feature", "properties": { "name1": "River Naver", "name2": "Poll Vochie", "Strahler Stream Order": 4, "long_name": null, "short_name": null }, "geometry": { "type": "LineString", "coordinates": [ [ -4.21, 58.498 ], [ -4.21, 58.5 ] ] } },
{ "type": "Feature", "properties": { "name1": "River Teviot", "name2": "Ox Pool", "Strahler Stream Order": 5, "long_name": null, "short_name": null }, "geometry": { "type": "LineString", "coordinates": [ [ -2.737, 55.444 ], [ -2.735, 55.444 ] ] } },
{ "type": "Feature", "properties": { "name1": "Jed Water", "name2": " ", "Strahler Stream Order": 4, "long_name": null, "short_name": null }, "geometry": { "type": "MultiLineString", "coordinates": [ [ [ -2.508, 55.417 ], [ -2.55, 55.446 ], [ -2.559, 55.461 ], [ -2.55, 55.463 ], [ -2.556, 55.475 ] ], [ [ -2.554, 55.476 ], [ -2.551, 55.48 ] ], [ [ -2.552, 55.482 ], [ -2.545, 55.486 ], [ -2.545, 55.497 ], [ -2.538, 55.505 ], [ -2.54, 55.513 ] ] ] } },
{ "type": "Feature", "properties": { "name1": "River Truim", "name2": "Poll Uaigh", "Strahler Stream Order": 4, "long_name": null, "short_name": null }, "geometry": { "type": "LineString", "coordinates": [ [ -4.168, 57.01 ], [ -4.17, 57.011 ] ] } },
{ "type": "Feature", "properties": { "name1": "River Carron", "name2": "Poll a' Choire", "Strahler Stream Order": 4, "long_name": null, "short_name": null }, "geometry": { "type": "LineString", "coordinates": [ [ -4.573, 57.877 ], [ -4.572, 57.878 ] ] } },
{ "type": "Feature", "properties": { "name1": "River Orrin", "name2": "Lùb na Ceàrdaich", "Strahler Stream Order": 4, "long_name": null, "short_name": null }, "geometry": { "type": "LineString", "coordinates": [ [ -4.806, 57.494 ], [ -4.796, 57.494 ] ] } },
{ "type": "Feature", "properties": { "name1": "River Leven", "name2": " ", "Strahler Stream Order": 4, "long_name": null, "short_name": null }, "geometry": { "type": "MultiLineString", "coordinates": [ [ [ -4.892, 56.705 ], [ -4.9, 56.702 ], [ -4.932, 56.703 ], [ -4.941, 56.711 ], [ -4.96, 56.715 ], [ -4.978, 56.715 ] ], [ [ -4.883, 56.705 ], [ -4.89, 56.705 ] ], [ [ -4.878, 56.703 ], [ -4.88, 56.705 ] ], [ [ -4.862, 56.705 ], [ -4.873, 56.703 ] ] ] } },
{ "type": "Feature", "properties": { "name1": "River Don", "name2": "Auchreddachie Pot", "Strahler Stream Order": 4, "long_name": null, "short_name": null }, "geometry": { "type": "LineString", "coordinates": [ [ -2.645, 57.253 ], [ -2.647, 57.254 ] ] } },
{ "type": "Feature", "properties": { "name1": "River Thurso", "name2": "Cottage Linn", "Strahler Stream Order": 4, "long_name": null, "short_name": null }, "geometry": { "type": "LineString", "coordinates": [ [ -3.541, 58.407 ], [ -3.543, 58.409 ] ] } },
{ "type": "Feature", "properties": { "name1": "River Deveron", "name2": "Boat Hole", "Strahler Stream Order": 4, "long_name": null, "short_name": null }, "geometry": { "type": "LineString", "coordinates": [ [ -2.812, 57.454 ], [ -2.811, 57.454 ] ] } },
{ "type": "Feature", "properties": { "name1": "River Deveron", "name2": "Euchrie Pot", "Strahler Stream Order": 5, "long_name": null, "short_name": null }, "geometry": { "type": "LineString", "coordinates": [ [ -2.669, 57.535 ], [ -2.667, 57.534 ] ] } },
{ "type": "Feature", "properties": { "name1": "River Nith", "name2": "Minister's Pool", "Strahler Stream Order": 4, "long_name": null, "short_name": null }, "geometry": { "type": "LineString", "coordinates": [ [ -3.936, 55.368 ], [ -3.934, 55.366 ] ] } },
{ "type": "Feature", "properties": { "name1": "River Nell", "name2": "Feochan Mhòr", "Strahler Stream Order": 4, "long_name": null, "short_name": null }, "geometry": { "type": "LineString", "coordinates": [ [ -5.439, 56.367 ], [ -5.451, 56.363 ] ] } },
{ "type": "Feature", "properties": { "name1": "Carew River", "name2": " ", "Strahler Stream Order": 4, "long_name": null, "short_name": null }, "geometry": { "type": "LineString", "coordinates": [ [ -4.872, 51.719 ], [ -4.888, 51.718 ] ] } },
{ "type": "Feature", "properties": { "name1": "River Deveron", "name2": "Lum Pot", "Strahler Stream Order": 5, "long_name": null, "short_name": null }, "geometry": { "type": "LineString", "coordinates": [ [ -2.605, 57.517 ], [ -2.603, 57.517 ] ] } },
{ "type": "Feature", "properties": { "name1": "River Tweed", "name2": "Black Pool", "Strahler Stream Order": 5, "long_name": null, "short_name": null }, "geometry": { "type": "LineString", "coordinates": [ [ -2.842, 55.583 ], [ -2.841, 55.583 ] ] } },
{ "type": "Feature", "properties": { "name1": "River South Esk", "name2": " ", "Strahler Stream Order": 4, "long_name": null, "short_name": null }, "geometry": { "type": "MultiLineString", "coordinates": [ [ [ -3.083, 55.824 ], [ -3.068, 55.841 ], [ -3.083, 55.85 ], [ -3.079, 55.871 ], [ -3.064, 55.883 ], [ -3.065, 55.891 ] ], [ [ -3.065, 55.892 ], [ -3.055, 55.907 ], [ -3.058, 55.911 ] ] ] } },
{ "type": "Feature", "properties": { "name1": "River Nith", "name2": "Cow Pool", "Strahler Stream Order": 4, "long_name": null, "short_name": null }, "geometry": { "type": "LineString", "coordinates": [ [ -3.8, 55.293 ], [ -3.802, 55.292 ] ] } },
{ "type": "Feature", "properties": { "name1": "Afon Soch", "name2": " ", "Strahler Stream Order": 4, "long_name": null, "short_name": null }, "geometry": { "type": "LineString", "coordinates": [ [ -4.586, 52.846 ], [ -4.579, 52.837 ], [ -4.559, 52.836 ], [ -4.56, 52.824 ], [ -4.542, 52.813 ], [ -4.536, 52.823 ], [ -4.525, 52.83 ], [ -4.514, 52.825 ], [ -4.496, 52.827 ] ] } },
{ "type": "Feature", "properties": { "name1": "River Inver", "name2": "Long Pool", "Strahler Stream Order": 4, "long_name": null, "short_name": null }, "geometry": { "type": "LineString", "coordinates": [ [ -5.201, 58.161 ], [ -5.203, 58.16 ] ] } },
{ "type": "Feature", "properties": { "name1": "River Nethan", "name2": " ", "Strahler Stream Order": 4, "long_name": null, "short_name": null }, "geometry": { "type": "LineString", "coordinates": [ [ -3.884, 55.697 ], [ -3.87, 55.704 ] ] } },
{ "type": "Feature", "properties": { "name1": "Water of Deugh", "name2": "Washing Pool", "Strahler Stream Order": 4, "long_name": null, "short_name": null }, "geometry": { "type": "LineString", "coordinates": [ [ -4.27, 55.221 ], [ -4.271, 55.218 ] ] } },
{ "type": "Feature", "properties": { "name1": "River Spey", "name2": "Lurag", "Strahler Stream Order": 5, "long_name": null, "short_name": null }, "geometry": { "type": "LineString", "coordinates": [ [ -3.594, 57.317 ], [ -3.591, 57.318 ] ] } },
{ "type": "Feature", "properties": { "name1": "River Findhorn", "name2": "Ashen Tree Pool", "Strahler Stream Order": 5, "long_name": null, "short_name": null }, "geometry": { "type": "LineString", "coordinates": [ [ -3.65, 57.574 ], [ -3.65, 57.576 ] ] } },
{ "type": "Feature", "properties": { "name1": "Levern Water", "name2": " ", "Strahler Stream Order": 4, "long_name": null, "short_name": null }, "geometry": { "type": "LineString", "coordinates": [ [ -4.346, 55.827 ], [ -4.351, 55.835 ], [ -4.362, 55.837 ] ] } },
{ "type": "Feature", "properties": { "name1": "River Enrick", "name2": " ", "Strahler Stream Order": 4, "long_name": null, "short_name": null }, "geometry": { "type": "MultiLineString", "coordinates": [ [ [ -4.68, 57.338 ], [ -4.672, 57.333 ], [ -4.658, 57.334 ], [ -4.614, 57.333 ] ], [ [ -4.587, 57.336 ], [ -4.563, 57.33 ], [ -4.537, 57.339 ], [ -4.494, 57.336 ], [ -4.472, 57.337 ], [ -4.453, 57.331 ], [ -4.423, 57.328 ] ] ] } },
{ "type": "Feature", "properties": { "name1": "Sruth a' Mhuilinn", "name2": " ", "Strahler Stream Order": 4, "long_name": null, "short_name": null }, "geometry": { "type": "LineString", "coordinates": [ [ -7.395, 57.147 ], [ -7.401, 57.154 ], [ -7.384, 57.16 ] ] } },
{ "type": "Feature", "properties": { "name1": "The Meetings", "name2": "River Clyde", "Strahler Stream Order": 4, "long_name": null, "short_name": null }, "geometry": { "type": "LineString", "coordinates": [ [ -3.641, 55.677 ], [ -3.634, 55.681 ] ] } },
{ "type": "Feature", "properties": { "name1": "River Dee", "name2": "Dumb Pool", "Strahler Stream Order": 4, "long_name": null, "short_name": null }, "geometry": { "type": "LineString", "coordinates": [ [ -4.064, 55.009 ], [ -4.063, 55.008 ] ] } },
{ "type": "Feature", "properties": { "name1": "River Torridon", "name2": " ", "Strahler Stream Order": 4, "long_name": null, "short_name": null }, "geometry": { "type": "MultiLineString", "coordinates": [ [ [ -5.511, 57.537 ], [ -5.524, 57.544 ] ], [ [ -5.501, 57.537 ], [ -5.506, 57.536 ] ] ] } },
{ "type": "Feature", "properties": { "name1": "River South Esk", "name2": "Arn Pool", "Strahler Stream Order": 4, "long_name": null, "short_name": null }, "geometry": { "type": "LineString", "coordinates": [ [ -2.611, 56.715 ], [ -2.607, 56.714 ] ] } },
{ "type": "Feature", "properties": { "name1": "River Thurso", "name2": "Geise Stream Pool", "Strahler Stream Order": 5, "long_name": null, "short_name": null }, "geometry": { "type": "LineString", "coordinates": [ [ -3.525, 58.564 ], [ -3.529, 58.565 ] ] } },
{ "type": "Feature", "properties": { "name1": "Walla' Bath", "name2": "River Deveron", "Strahler Stream Order": 4, "long_name": null, "short_name": null }, "geometry": { "type": "LineString", "coordinates": [ [ -2.961, 57.42 ], [ -2.958, 57.42 ] ] } },
{ "type": "Feature", "properties": { "name1": "River Findhorn", "name2": "Little Ess Pool", "Strahler Stream Order": 5, "long_name": null, "short_name": null }, "geometry": { "type": "LineString", "coordinates": [ ] } },
{ "type": "Feature", "properties": { "name1": "River Ythan", "name2": "Matthew's Pot", "Strahler Stream Order": 4, "long_name": null, "short_name": null }, "geometry": { "type": "LineString", "coordinates": [ [ -2.334, 57.432 ], [ -2.331, 57.433 ] ] } },
{ "type": "Feature", "properties": { "name1": "River Spey", "name2": "Beaufort Pool", "Strahler Stream Order": 6, "long_name": null, "short_name": null }, "geometry": { "type": "LineString", "coordinates": [ [ -3.16, 57.539 ], [ -3.154, 57.541 ] ] } },
{ "type": "Feature", "properties": { "name1": "River Aline", "name2": "Long Pool", "Strahler Stream Order": 4, "long_name": null, "short_name": null }, "geometry": { "type": "LineString", "coordinates": [ [ -5.75, 56.57 ], [ -5.75, 56.567 ] ] } },
{ "type": "Feature", "properties": { "name1": "River Deveron", "name2": "Morison's Pool", "Strahler Stream Order": 5, "long_name": null, "short_name": null }, "geometry": { "type": "LineString", "coordinates": [ [ -2.546, 57.532 ], [ -2.544, 57.533 ] ] } },
{ "type": "Feature", "properties": { "name1": "River Spey", "name2": "Broom Pool", "Strahler Stream Order": 6, "long_name": null, "short_name": null }, "geometry": { "type": "LineString", "coordinates": [ [ -3.15, 57.544 ], [ -3.15, 57.546 ] ] } },
{ "type": "Feature", "properties": { "name1": "Machany Water", "name2": " ", "Strahler Stream Order": 4, "long_name": null, "short_name": null }, "geometry": { "type": "LineString", "coordinates": [ [ -3.735, 56.322 ], [ -3.723, 56.329 ] ] } },
{ "type": "Feature", "properties": { "name1": "River Spey", "name2": "Garbh-àth Mòr", "Strahler Stream Order": 5, "long_name": null, "short_name": null }, "geometry": { "type": "LineString", "coordinates": [ [ -3.535, 57.346 ], [ -3.535, 57.348 ] ] } },
{ "type": "Feature", "properties": { "name1": "River Tweed", "name2": "Rack Stream", "Strahler Stream Order": 6, "long_name": null, "short_name": null }, "geometry": { "type": "LineString", "coordinates": [ [ -2.37, 55.631 ], [ -2.353, 55.64 ], [ -2.34, 55.639 ] ] } },
{ "type": "Feature", "properties": { "name1": "River Tweed", "name2": "Mill End", "Strahler Stream Order": 6, "long_name": null, "short_name": null }, "geometry": { "type": "LineString", "coordinates": [ [ -2.381, 55.624 ], [ -2.377, 55.627 ] ] } },
{ "type": "Feature", "properties": { "name1": "River Awe", "name2": "Poll na Cloiche", "Strahler Stream Order": 5, "long_name": null, "short_name": null }, "geometry": { "type": "LineString", "coordinates": [ [ -5.175, 56.413 ], [ -5.178, 56.413 ] ] } },
{ "type": "Feature", "properties": { "name1": "Crindau Pill", "name2": " ", "Strahler Stream Order": 4, "long_name": null, "short_name": null }, "geometry": { "type": "LineString", "coordinates": [ [ -2.998, 51.597 ], [ -2.99, 51.602 ] ] } },
{ "type": "Feature", "properties": { "name1": "Poll na h-Earra", "name2": "Gruinard River", "Strahler Stream Order": 4, "long_name": null, "short_name": null }, "geometry": { "type": "LineString", "coordinates": [ [ -5.385, 57.817 ], [ -5.386, 57.821 ] ] } },
{ "type": "Feature", "properties": { "name1": "River Cur", "name2": " ", "Strahler Stream Order": 4, "long_name": null, "short_name": null }, "geometry": { "type": "LineString", "coordinates": [ [ -5.037, 56.135 ], [ -5.013, 56.122 ] ] } },
{ "type": "Feature", "properties": { "name1": "River Isla", "name2": " ", "Strahler Stream Order": 5, "long_name": null, "short_name": null }, "geometry": { "type": "MultiLineString", "coordinates": [ [ [ -3.154, 56.624 ], [ -3.139, 56.613 ], [ -3.148, 56.607 ], [ -3.164, 56.603 ], [ -3.175, 56.595 ], [ -3.191, 56.599 ], [ -3.2, 56.589 ], [ -3.217, 56.585 ], [ -3.234, 56.588 ], [ -3.241, 56.57 ], [ -3.282, 56.553 ], [ -3.294, 56.545 ], [ -3.322, 56.542 ], [ -3.324, 56.533 ], [ -3.337, 56.533 ], [ -3.362, 56.528 ], [ -3.368, 56.524 ] ], [ [ -3.259, 56.722 ], [ -3.25, 56.712 ], [ -3.247, 56.701 ], [ -3.255, 56.694 ], [ -3.229, 56.67 ], [ -3.201, 56.67 ], [ -3.155, 56.658 ], [ -3.149, 56.646 ], [ -3.153, 56.638 ], [ -3.177, 56.635 ], [ -3.177, 56.63 ], [ -3.158, 56.626 ] ] ] } },
{ "type": "Feature", "properties": { "name1": "Allt Deveron", "name2": " ", "Strahler Stream Order": 4, "long_name": null, "short_name": null }, "geometry": { "type": "MultiLineString", "coordinates": [ [ [ -3.032, 57.362 ], [ -3.031, 57.363 ] ], [ [ -3.028, 57.333 ], [ -3.035, 57.348 ], [ -3.025, 57.357 ], [ -3.031, 57.361 ] ] ] } },
{ "type": "Feature", "properties": { "name1": "Urr Water", "name2": " ", "Strahler Stream Order": 5, "long_name": null, "short_name": null }, "geometry": { "type": "MultiLineString", "coordinates": [ [ [ -3.867, 54.974 ], [ -3.844, 54.958 ], [ -3.846, 54.952 ], [ -3.841, 54.93 ] ], [ [ -3.841, 54.929 ], [ -3.835, 54.924 ] ], [ [ -3.839, 54.897 ], [ -3.822, 54.886 ] ], [ [ -3.827, 54.924 ], [ -3.819, 54.918 ], [ -3.824, 54.912 ], [ -3.821, 54.903 ], [ -3.835, 54.898 ] ], [ [ -3.818, 54.89 ], [ -3.822, 54.879 ], [ -3.812, 54.865 ], [ -3.814, 54.856 ], [ -3.786, 54.849 ] ] ] } },
{ "type": "Feature", "properties": { "name1": "Poll an Uillt Ghairbh", "name2": "Gruinard River", "Strahler Stream Order": 4, "long_name": null, "short_name": null }, "geometry": { "type": "LineString", "coordinates": [ [ -5.415, 57.846 ], [ -5.419, 57.849 ] ] } },
{ "type": "Feature", "properties": { "name1": "River Tweed", "name2": "Cockburn's Pool", "Strahler Stream Order": 6, "long_name": null, "short_name": null }, "geometry": { "type": "LineString", "coordinates": [ [ -2.662, 55.598 ], [ -2.661, 55.599 ] ] } },
{ "type": "Feature", "properties": { "name1": "River Spey", "name2": "Gilmour's Pool", "Strahler Stream Order": 6, "long_name": null, "short_name": null }, "geometry": { "type": "LineString", "coordinates": [ [ -3.2, 57.509 ], [ -3.199, 57.512 ] ] } },
{ "type": "Feature", "properties": { "name1": "River Thurso", "name2": "Ath nan Leac", "Strahler Stream Order": 4, "long_name": null, "short_name": null }, "geometry": { "type": "LineString", "coordinates": [ [ -3.536, 58.41 ], [ -3.53, 58.41 ] ] } },
{ "type": "Feature", "properties": { "name1": "River Tawe", "name2": "Afon Tawe", "Strahler Stream Order": 4, "long_name": null, "short_name": null }, "geometry": { "type": "LineString", "coordinates": [ [ -3.755, 51.784 ], [ -3.762, 51.767 ], [ -3.789, 51.759 ], [ -3.797, 51.748 ], [ -3.827, 51.733 ], [ -3.84, 51.722 ], [ -3.862, 51.711 ], [ -3.875, 51.693 ], [ -3.886, 51.691 ], [ -3.898, 51.694 ], [ -3.905, 51.688 ], [ -3.902, 51.681 ], [ -3.916, 51.67 ], [ -3.924, 51.652 ], [ -3.934, 51.646 ], [ -3.935, 51.621 ], [ -3.928, 51.608 ] ] } },
{ "type": "Feature", "properties": { "name1": "River Irvine", "name2": " ", "Strahler Stream Order": 4, "long_name": null, "short_name": null }, "geometry": { "type": "LineString", "coordinates": [ [ -4.275, 55.609 ], [ -4.28, 55.606 ], [ -4.304, 55.607 ], [ -4.382, 55.602 ], [ -4.411, 55.604 ], [ -4.427, 55.609 ], [ -4.464, 55.605 ], [ -4.478, 55.599 ], [ -4.521, 55.593 ], [ -4.541, 55.596 ], [ -4.545, 55.592 ], [ -4.565, 55.592 ], [ -4.567, 55.598 ], [ -4.601, 55.597 ], [ -4.603, 55.605 ], [ -4.624, 55.597 ], [ -4.638, 55.601 ], [ -4.655, 55.601 ], [ -4.663, 55.611 ], [ -4.686, 55.617 ], [ -4.69, 55.608 ], [ -4.7, 55.604 ] ] } },
{ "type": "Feature", "properties": { "name1": "River Findhorn", "name2": "Pool Anchor", "Strahler Stream Order": 5, "long_name": null, "short_name": null }, "geometry": { "type": "LineString", "coordinates": [ [ -3.666, 57.539 ], [ -3.668, 57.54 ] ] } },
{ "type": "Feature", "properties": { "name1": "Afon Cledwen", "name2": " ", "Strahler Stream Order": 4, "long_name": null, "short_name": null }, "geometry": { "type": "LineString", "coordinates": [ [ -3.681, 53.191 ], [ -3.682, 53.192 ] ] } },
{ "type": "Feature", "properties": { "name1": "River Doon", "name2": "Kennedy's Dub", "Strahler Stream Order": 4, "long_name": null, "short_name": null }, "geometry": { "type": "LineString", "coordinates": [ [ -4.528, 55.392 ], [ -4.532, 55.392 ] ] } },
{ "type": "Feature", "properties": { "name1": "River Deveron", "name2": "Bognie's Pot", "Strahler Stream Order": 5, "long_name": null, "short_name": null }, "geometry": { "type": "LineString", "coordinates": [ [ -2.692, 57.515 ], [ -2.694, 57.517 ] ] } },
{ "type": "Feature", "properties": { "name1": "River Thurso", "name2": "Braal Pool", "Strahler Stream Order": 5, "long_name": null, "short_name": null }, "geometry": { "type": "LineString", "coordinates": [ ] } },
{ "type": "Feature", "properties": { "name1": "River Earn", "name2": "Pool Ronan", "Strahler Stream Order": 4, "long_name": null, "short_name": null }, "geometry": { "type": "LineString", "coordinates": [ [ -3.91, 56.373 ], [ -3.912, 56.37 ] ] } },
{ "type": "Feature", "properties": { "name1": "River Tweed", "name2": "Harecraig Stream", "Strahler Stream Order": 6, "long_name": null, "short_name": null }, "geometry": { "type": "LineString", "coordinates": [ [ -2.654, 55.574 ], [ -2.648, 55.573 ] ] } },
{ "type": "Feature", "properties": { "name1": "River Thurso", "name2": "Lower Tormsdale Pool", "Strahler Stream Order": 5, "long_name": null, "short_name": null }, "geometry": { "type": "LineString", "coordinates": [ [ -3.487, 58.439 ], [ -3.487, 58.441 ] ] } },
{ "type": "Feature", "properties": { "name1": "Upper Commissary Pool", "name2": "River Thurso", "Strahler Stream Order": 5, "long_name": null, "short_name": null }, "geometry": { "type": "LineString", "coordinates": [ [ -3.529, 58.565 ], [ -3.534, 58.573 ] ] } },
{ "type": "Feature", "properties": { "name1": "Afon Dwyryd", "name2": " ", "Strahler Stream Order": 6, "long_name": null, "short_name": null }, "geometry": { "type": "LineString", "coordinates": [ [ -3.952, 52.961 ], [ -3.962, 52.954 ], [ -3.981, 52.954 ], [ -3.986, 52.948 ], [ -4.006, 52.938 ], [ -4.019, 52.941 ], [ -4.038, 52.937 ], [ -4.044, 52.927 ], [ -4.08, 52.921 ], [ -4.085, 52.915 ], [ -4.098, 52.913 ], [ -4.108, 52.907 ], [ -4.125, 52.915 ], [ -4.134, 52.911 ], [ -4.149, 52.91 ], [ -4.153, 52.898 ], [ -4.163, 52.89 ] ] } },
{ "type": "Feature", "properties": { "name1": "Wick River", "name2": " ", "Strahler Stream Order": 5, "long_name": null, "short_name": null }, "geometry": { "type": "MultiLineString", "coordinates": [ [ [ -3.303, 58.464 ], [ -3.298, 58.472 ], [ -3.282, 58.477 ], [ -3.262, 58.474 ] ], [ [ -3.26, 58.474 ], [ -3.248, 58.475 ], [ -3.226, 58.462 ], [ -3.2, 58.461 ], [ -3.183, 58.457 ], [ -3.169, 58.449 ], [ -3.141, 58.456 ], [ -3.123, 58.448 ], [ -3.089, 58.442 ] ] ] } },
{ "type": "Feature", "properties": { "name1": "River Naver", "name2": "Poll Harraild Beag", "Strahler Stream Order": 4, "long_name": null, "short_name": null }, "geometry": { "type": "LineString", "coordinates": [ [ -4.262, 58.316 ], [ -4.26, 58.318 ] ] } },
{ "type": "Feature", "properties": { "name1": "Yarrow Water", "name2": " ", "Strahler Stream Order": 4, "long_name": null, "short_name": null }, "geometry": { "type": "MultiLineString", "coordinates": [ [ [ -3.158, 55.503 ], [ -3.148, 55.508 ], [ -3.12, 55.507 ], [ -3.103, 55.509 ], [ -3.082, 55.516 ], [ -3.059, 55.516 ] ], [ [ -3.057, 55.516 ], [ -3.041, 55.522 ], [ -3.038, 55.53 ], [ -3.024, 55.536 ], [ -2.999, 55.54 ], [ -2.973, 55.552 ], [ -2.95, 55.558 ], [ -2.926, 55.56 ], [ -2.899, 55.541 ], [ -2.882, 55.536 ] ] ] } },
{ "type": "Feature", "properties": { "name1": "River Broom", "name2": " ", "Strahler Stream Order": 4, "long_name": null, "short_name": null }, "geometry": { "type": "MultiLineString", "coordinates": [ [ [ -5.068, 57.816 ], [ -5.083, 57.829 ] ], [ [ -5.036, 57.778 ], [ -5.058, 57.797 ], [ -5.057, 57.804 ] ], [ [ -5.038, 57.766 ], [ -5.04, 57.769 ] ], [ [ -5.04, 57.772 ], [ -5.038, 57.775 ] ] ] } },
{ "type": "Feature", "properties": { "name1": "River Nith", "name2": "Porter's Hole", "Strahler Stream Order": 5, "long_name": null, "short_name": null }, "geometry": { "type": "LineString", "coordinates": [ [ -3.766, 55.204 ], [ -3.764, 55.203 ] ] } },
{ "type": "Feature", "properties": { "name1": "Uidh Chrò", "name2": " ", "Strahler Stream Order": 4, "long_name": null, "short_name": null }, "geometry": { "type": "LineString", "coordinates": [ [ -5.681, 57.826 ], [ -5.676, 57.832 ] ] } },
{ "type": "Feature", "properties": { "name1": "Willie's Pool", "name2": "Cluden Water", "Strahler Stream Order": 5, "long_name": null, "short_name": null }, "geometry": { "type": "LineString", "coordinates": [ [ -3.66, 55.096 ], [ -3.658, 55.095 ] ] } },
{ "type": "Feature", "properties": { "name1": "River Thurso", "name2": "Mire Pool", "Strahler Stream Order": 5, "long_name": null, "short_name": null }, "geometry": { "type": "LineString", "coordinates": [ [ -3.501, 58.455 ], [ -3.501, 58.457 ] ] } },
{ "type": "Feature", "properties": { "name1": "River Inver", "name2": "Island Pool", "Strahler Stream Order": 4, "long_name": null, "short_name": null }, "geometry": { "type": "LineString", "coordinates": [ [ -5.21, 58.159 ], [ -5.211, 58.159 ] ] } },
{ "type": "Feature", "properties": { "name1": "River Spey", "name2": "Lower Rake", "Strahler Stream Order": 6, "long_name": null, "short_name": null }, "geometry": { "type": "LineString", "coordinates": [ [ -3.093, 57.672 ], [ -3.096, 57.673 ] ] } },
{ "type": "Feature", "properties": { "name1": "Afon Rhiw", "name2": "River Rhiw", "Strahler Stream Order": 4, "long_name": null, "short_name": null }, "geometry": { "type": "LineString", "coordinates": [ [ -3.344, 52.605 ], [ -3.334, 52.598 ], [ -3.315, 52.611 ], [ -3.302, 52.616 ], [ -3.293, 52.614 ], [ -3.267, 52.615 ], [ -3.254, 52.618 ], [ -3.227, 52.601 ], [ -3.205, 52.601 ], [ -3.182, 52.593 ] ] } },
{ "type": "Feature", "properties": { "name1": "Pool Horie", "name2": "Allt Deveron", "Strahler Stream Order": 4, "long_name": null, "short_name": null }, "geometry": { "type": "LineString", "coordinates": [ [ -3.031, 57.361 ], [ -3.032, 57.362 ] ] } },
{ "type": "Feature", "properties": { "name1": "River Deveron", "name2": "Drachlaw Ford", "Strahler Stream Order": 5, "long_name": null, "short_name": null }, "geometry": { "type": "LineString", "coordinates": [ [ -2.563, 57.517 ], [ -2.56, 57.517 ] ] } },
{ "type": "Feature", "properties": { "name1": "Water of Minnoch", "name2": " ", "Strahler Stream Order": 4, "long_name": null, "short_name": null }, "geometry": { "type": "MultiLineString", "coordinates": [ [ [ -4.564, 55.043 ], [ -4.569, 55.036 ] ], [ [ -4.553, 55.049 ], [ -4.564, 55.043 ] ], [ [ -4.548, 55.06 ], [ -4.538, 55.055 ], [ -4.551, 55.05 ] ], [ [ -4.548, 55.063 ], [ -4.548, 55.061 ] ], [ [ -4.546, 55.066 ], [ -4.547, 55.064 ] ], [ [ -4.544, 55.069 ], [ -4.546, 55.066 ] ] ] } },
{ "type": "Feature", "properties": { "name1": "Speanock Pool", "name2": "River Spey", "Strahler Stream Order": 5, "long_name": null, "short_name": null }, "geometry": { "type": "LineString", "coordinates": [ [ -3.469, 57.395 ], [ -3.468, 57.397 ] ] } },
{ "type": "Feature", "properties": { "name1": "River Leven", "name2": " ", "Strahler Stream Order": 4, "long_name": null, "short_name": null }, "geometry": { "type": "LineString", "coordinates": [ [ -3.337, 56.179 ], [ -3.253, 56.198 ], [ -3.214, 56.196 ], [ -3.2, 56.203 ], [ -3.192, 56.201 ], [ -3.161, 56.204 ], [ -3.142, 56.196 ], [ -3.118, 56.197 ], [ -3.098, 56.191 ], [ -3.091, 56.193 ], [ -3.067, 56.189 ], [ -3.042, 56.191 ], [ -3.033, 56.196 ], [ -3.009, 56.195 ], [ -2.992, 56.19 ] ] } },
{ "type": "Feature", "properties": { "name1": "Humbie Water", "name2": " ", "Strahler Stream Order": 4, "long_name": null, "short_name": null }, "geometry": { "type": "LineString", "coordinates": [ [ -2.863, 55.872 ], [ -2.865, 55.885 ] ] } },
{ "type": "Feature", "properties": { "name1": "River Falloch", "name2": " ", "Strahler Stream Order": 4, "long_name": null, "short_name": null }, "geometry": { "type": "LineString", "coordinates": [ [ -4.699, 56.348 ], [ -4.718, 56.342 ], [ -4.717, 56.327 ], [ -4.723, 56.31 ], [ -4.717, 56.305 ] ] } },
{ "type": "Feature", "properties": { "name1": "River Tweed", "name2": "Bridge Pool", "Strahler Stream Order": 6, "long_name": null, "short_name": null }, "geometry": { "type": "LineString", "coordinates": [ [ -2.682, 55.605 ], [ -2.675, 55.604 ] ] } },
{ "type": "Feature", "properties": { "name1": "River Ythan", "name2": "Mill Water", "Strahler Stream Order": 4, "long_name": null, "short_name": null }, "geometry": { "type": "LineString", "coordinates": [ [ -2.349, 57.419 ], [ -2.35, 57.42 ] ] } },
{ "type": "Feature", "properties": { "name1": "Thorn Tree Stream", "name2": "Thorn Tree Nick", "Strahler Stream Order": 5, "long_name": null, "short_name": null }, "geometry": { "type": "LineString", "coordinates": [ [ -2.466, 55.577 ], [ -2.462, 55.586 ] ] } },
{ "type": "Feature", "properties": { "name1": "River Killin", "name2": " ", "Strahler Stream Order": 4, "long_name": null, "short_name": null }, "geometry": { "type": "LineString", "coordinates": [ [ -4.42, 57.125 ], [ -4.421, 57.133 ], [ -4.434, 57.144 ], [ -4.433, 57.156 ] ] } },
{ "type": "Feature", "properties": { "name1": "Chair Run", "name2": "Black Water", "Strahler Stream Order": 4, "long_name": null, "short_name": null }, "geometry": { "type": "LineString", "coordinates": [ [ -4.092, 58.113 ], [ -4.089, 58.113 ] ] } },
{ "type": "Feature", "properties": { "name1": "River Tweed", "name2": "Cauld Pool", "Strahler Stream Order": 6, "long_name": null, "short_name": null }, "geometry": { "type": "LineString", "coordinates": [ [ -2.652, 55.578 ], [ -2.653, 55.577 ] ] } },
{ "type": "Feature", "properties": { "name1": "Afon Ceirw", "name2": " ", "Strahler Stream Order": 4, "long_name": null, "short_name": null }, "geometry": { "type": "LineString", "coordinates": [ [ -3.561, 53.015 ], [ -3.546, 53.002 ], [ -3.521, 52.995 ], [ -3.507, 52.987 ], [ -3.496, 52.985 ], [ -3.479, 52.991 ], [ -3.458, 52.987 ] ] } },
{ "type": "Feature", "properties": { "name1": "Craigroy Burn", "name2": " ", "Strahler Stream Order": 4, "long_name": null, "short_name": null }, "geometry": { "type": "LineString", "coordinates": [ [ -4.189, 57.849 ], [ -4.188, 57.85 ] ] } },
{ "type": "Feature", "properties": { "name1": "The Slunks", "name2": "River Nith", "Strahler Stream Order": 4, "long_name": null, "short_name": null }, "geometry": { "type": "LineString", "coordinates": [ [ -3.842, 55.334 ], [ -3.839, 55.332 ] ] } },
{ "type": "Feature", "properties": { "name1": "Afon Carrog", "name2": " ", "Strahler Stream Order": 4, "long_name": null, "short_name": null }, "geometry": { "type": "LineString", "coordinates": [ [ -4.318, 53.105 ], [ -4.316, 53.107 ] ] } },
{ "type": "Feature", "properties": { "name1": "River Shiel", "name2": "Linne a' Chreagain", "Strahler Stream Order": 4, "long_name": null, "short_name": null }, "geometry": { "type": "LineString", "coordinates": [ [ -5.825, 56.758 ], [ -5.821, 56.764 ] ] } },
{ "type": "Feature", "properties": { "name1": "Afon Aeron", "name2": " ", "Strahler Stream Order": 4, "long_name": null, "short_name": null }, "geometry": { "type": "LineString", "coordinates": [ [ -4.052, 52.204 ], [ -4.072, 52.199 ], [ -4.096, 52.197 ], [ -4.106, 52.186 ], [ -4.13, 52.184 ], [ -4.143, 52.193 ], [ -4.155, 52.193 ], [ -4.18, 52.208 ], [ -4.216, 52.222 ], [ -4.224, 52.219 ], [ -4.238, 52.222 ], [ -4.266, 52.244 ] ] } },
{ "type": "Feature", "properties": { "name1": "Water of Luce", "name2": " ", "Strahler Stream Order": 4, "long_name": null, "short_name": null }, "geometry": { "type": "MultiLineString", "coordinates": [ [ [ -4.853, 54.943 ], [ -4.859, 54.928 ], [ -4.842, 54.903 ], [ -4.834, 54.898 ], [ -4.836, 54.882 ], [ -4.82, 54.878 ], [ -4.814, 54.866 ], [ -4.817, 54.86 ] ], [ [ -4.816, 54.856 ], [ -4.811, 54.849 ] ] ] } },
{ "type": "Feature", "properties": { "name1": "River Bladnoch", "name2": "Broad Wheel", "Strahler Stream Order": 4, "long_name": null, "short_name": null }, "geometry": { "type": "LineString", "coordinates": [ [ -4.586, 54.95 ], [ -4.58, 54.95 ] ] } },
{ "type": "Feature", "properties": { "name1": "The Dub", "name2": "River Tweed", "Strahler Stream Order": 6, "long_name": null, "short_name": null }, "geometry": { "type": "LineString", "coordinates": [ [ -2.555, 55.579 ], [ -2.551, 55.578 ] ] } },
{ "type": "Feature", "properties": { "name1": "River Elwy", "name2": "Afon Elwy", "Strahler Stream Order": 4, "long_name": null, "short_name": null }, "geometry": { "type": "LineString", "coordinates": [ [ -3.682, 53.192 ], [ -3.684, 53.207 ], [ -3.68, 53.212 ], [ -3.642, 53.215 ], [ -3.626, 53.213 ], [ -3.617, 53.219 ], [ -3.603, 53.22 ], [ -3.596, 53.228 ], [ -3.542, 53.244 ], [ -3.526, 53.24 ], [ -3.51, 53.242 ], [ -3.482, 53.226 ], [ -3.466, 53.221 ], [ -3.457, 53.227 ], [ -3.443, 53.228 ], [ -3.437, 53.242 ], [ -3.454, 53.264 ], [ -3.452, 53.278 ] ] } },
{ "type": "Feature", "properties": { "name1": "River Spey", "name2": "Ladies' Haugh", "Strahler Stream Order": 6, "long_name": null, "short_name": null }, "geometry": { "type": "LineString", "coordinates": [ [ -3.179, 57.503 ], [ -3.182, 57.506 ] ] } },
{ "type": "Feature", "properties": { "name1": "Berriedale Water", "name2": " ", "Strahler Stream Order": 4, "long_name": null, "short_name": null }, "geometry": { "type": "MultiLineString", "coordinates": [ [ [ -3.575, 58.248 ], [ -3.551, 58.244 ], [ -3.534, 58.238 ], [ -3.528, 58.229 ], [ -3.511, 58.231 ], [ -3.507, 58.219 ], [ -3.517, 58.205 ] ], [ [ -3.517, 58.204 ], [ -3.53, 58.2 ], [ -3.522, 58.192 ], [ -3.502, 58.188 ], [ -3.495, 58.183 ] ] ] } },
{ "type": "Feature", "properties": { "name1": "Pwll y Gerwyn", "name2": "Afon Mellte", "Strahler Stream Order": 4, "long_name": null, "short_name": null }, "geometry": { "type": "LineString", "coordinates": [ [ -3.585, 51.759 ], [ -3.587, 51.758 ] ] } },
{ "type": "Feature", "properties": { "name1": "River Esk", "name2": "Peak Pool", "Strahler Stream Order": 4, "long_name": null, "short_name": null }, "geometry": { "type": "LineString", "coordinates": [ [ -2.957, 55.092 ], [ -2.958, 55.091 ] ] } },
{ "type": "Feature", "properties": { "name1": "River Don", "name2": "Mill of Brux Pot", "Strahler Stream Order": 4, "long_name": null, "short_name": null }, "geometry": { "type": "LineString", "coordinates": [ [ -2.865, 57.218 ], [ -2.862, 57.22 ] ] } },
{ "type": "Feature", "properties": { "name1": "River Leven", "name2": "Braigh na h-Aibhne", "Strahler Stream Order": 4, "long_name": null, "short_name": null }, "geometry": { "type": "LineString", "coordinates": [ [ -4.89, 56.705 ], [ -4.892, 56.705 ] ] } },
{ "type": "Feature", "properties": { "name1": "Avon Water", "name2": "Avon Linn", "Strahler Stream Order": 4, "long_name": null, "short_name": null }, "geometry": { "type": "LineString", "coordinates": [ [ -4.115, 55.649 ], [ -4.089, 55.659 ] ] } },
{ "type": "Feature", "properties": { "name1": "Clunie Water", "name2": " ", "Strahler Stream Order": 4, "long_name": null, "short_name": null }, "geometry": { "type": "LineString", "coordinates": [ [ -3.42, 56.933 ], [ -3.408, 56.945 ], [ -3.407, 56.954 ], [ -3.391, 56.991 ], [ -3.402, 57.001 ], [ -3.398, 57.01 ], [ -3.404, 57.015 ] ] } },
{ "type": "Feature", "properties": { "name1": "Afon Dulais", "name2": " ", "Strahler Stream Order": 4, "long_name": null, "short_name": null }, "geometry": { "type": "LineString", "coordinates": [ [ -3.967, 51.955 ], [ -3.956, 51.942 ], [ -3.958, 51.931 ], [ -3.977, 51.922 ], [ -3.971, 51.917 ], [ -3.972, 51.906 ], [ -3.968, 51.898 ] ] } },
{ "type": "Feature", "properties": { "name1": "River Esk", "name2": "Holehouse Dub", "Strahler Stream Order": 4, "long_name": null, "short_name": null }, "geometry": { "type": "LineString", "coordinates": [ [ -2.959, 55.09 ], [ -2.958, 55.086 ] ] } },
{ "type": "Feature", "properties": { "name1": "The Girnals", "name2": "River Dee", "Strahler Stream Order": 5, "long_name": null, "short_name": null }, "geometry": { "type": "LineString", "coordinates": [ [ -2.596, 57.051 ], [ -2.588, 57.056 ] ] } },
{ "type": "Feature", "properties": { "name1": "Loch Leven", "name2": " ", "Strahler Stream Order": 4, "long_name": null, "short_name": null }, "geometry": { "type": "LineString", "coordinates": [ [ -5.101, 56.685 ], [ -5.112, 56.687 ] ] } },
{ "type": "Feature", "properties": { "name1": "The Bullers", "name2": "River Tweed", "Strahler Stream Order": 6, "long_name": null, "short_name": null }, "geometry": { "type": "LineString", "coordinates": [ [ -2.69, 55.602 ], [ -2.687, 55.604 ] ] } },
{ "type": "Feature", "properties": { "name1": "Afon Mawddach", "name2": " ", "Strahler Stream Order": 5, "long_name": null, "short_name": null }, "geometry": { "type": "MultiLineString", "coordinates": [ [ [ -4.043, 52.719 ], [ -4.063, 52.711 ] ], [ [ -3.878, 52.829 ], [ -3.877, 52.812 ], [ -3.888, 52.805 ], [ -3.888, 52.79 ], [ -3.877, 52.784 ], [ -3.899, 52.756 ], [ -3.915, 52.752 ], [ -3.923, 52.754 ], [ -3.938, 52.748 ], [ -3.954, 52.752 ], [ -3.977, 52.738 ], [ -3.993, 52.739 ], [ -4.006, 52.732 ], [ -4.019, 52.732 ], [ -4.021, 52.719 ] ] ] } },
{ "type": "Feature", "properties": { "name1": "Balgreddan Burn", "name2": " ", "Strahler Stream Order": 4, "long_name": null, "short_name": null }, "geometry": { "type": "LineString", "coordinates": [ [ -4.002, 54.834 ], [ -4.015, 54.831 ] ] } },
{ "type": "Feature", "properties": { "name1": "River Tweed", "name2": "Birkie Throat", "Strahler Stream Order": 5, "long_name": null, "short_name": null }, "geometry": { "type": "LineString", "coordinates": [ [ -2.974, 55.627 ], [ -2.97, 55.626 ] ] } },
{ "type": "Feature", "properties": { "name1": "River Don", "name2": " ", "Strahler Stream Order": 5, "long_name": null, "short_name": null }, "geometry": { "type": "MultiLineString", "coordinates": [ [ [ -3.071, 57.203 ], [ -3.049, 57.194 ], [ -3.021, 57.196 ] ], [ [ -3.02, 57.197 ], [ -2.999, 57.205 ], [ -3.001, 57.215 ] ], [ [ -3.001, 57.217 ], [ -2.994, 57.22 ] ], [ [ -2.99, 57.22 ], [ -2.98, 57.216 ], [ -2.958, 57.214 ] ], [ [ -2.955, 57.214 ], [ -2.948, 57.212 ] ], [ [ -2.945, 57.211 ], [ -2.917, 57.206 ] ], [ [ -2.914, 57.206 ], [ -2.911, 57.204 ] ], [ [ -2.909, 57.204 ], [ -2.884, 57.207 ] ], [ [ -2.883, 57.208 ], [ -2.877, 57.215 ] ], [ [ -2.876, 57.235 ], [ -2.863, 57.245 ], [ -2.856, 57.244 ] ], [ [ -2.868, 57.235 ], [ -2.873, 57.235 ] ], [ [ -2.873, 57.216 ], [ -2.868, 57.216 ] ], [ [ -2.866, 57.216 ], [ -2.865, 57.218 ] ], [ [ -2.865, 57.224 ], [ -2.864, 57.235 ] ], [ [ -2.862, 57.22 ], [ -2.864, 57.223 ] ], [ [ -2.85, 57.244 ], [ -2.846, 57.254 ] ], [ [ -2.843, 57.254 ], [ -2.84, 57.254 ] ], [ [ -2.837, 57.251 ], [ -2.822, 57.25 ] ], [ [ -2.818, 57.251 ], [ -2.804, 57.248 ], [ -2.799, 57.24 ] ], [ [ -2.796, 57.238 ], [ -2.79, 57.241 ] ], [ [ -2.787, 57.242 ], [ -2.771, 57.24 ] ], [ [ -2.767, 57.24 ], [ -2.76, 57.239 ] ], [ [ -2.758, 57.24 ], [ -2.746, 57.242 ] ], [ [ -2.746, 57.242 ], [ -2.735, 57.242 ] ], [ [ -2.735, 57.242 ], [ -2.729, 57.243 ] ], [ [ -2.724, 57.242 ], [ -2.702, 57.246 ] ], [ [ -2.699, 57.246 ], [ -2.661, 57.243 ], [ -2.641, 57.248 ], [ -2.645, 57.253 ] ], [ [ -2.647, 57.254 ], [ -2.648, 57.256 ] ], [ [ -2.646, 57.257 ], [ -2.636, 57.257 ] ], [ [ -2.633, 57.258 ], [ -2.619, 57.258 ] ], [ [ -2.615, 57.259 ], [ -2.614, 57.259 ] ], [ [ -2.61, 57.26 ], [ -2.599, 57.262 ] ], [ [ -2.584, 57.269 ], [ -2.57, 57.269 ], [ -2.556, 57.259 ] ], [ [ -2.544, 57.259 ], [ -2.533, 57.256 ] ], [ [ -2.533, 57.256 ], [ -2.53, 57.234 ] ], [ [ -2.528, 57.233 ], [ -2.512, 57.229 ] ], [ [ -2.508, 57.228 ], [ -2.504, 57.228 ] ], [ [ -2.498, 57.227 ], [ -2.466, 57.225 ], [ -2.457, 57.239 ] ], [ [ -2.453, 57.241 ], [ -2.443, 57.247 ] ], [ [ -2.442, 57.259 ], [ -2.443, 57.264 ] ], [ [ -2.441, 57.257 ], [ -2.442, 57.258 ] ], [ [ -2.441, 57.248 ], [ -2.439, 57.253 ] ], [ [ -2.441, 57.265 ], [ -2.416, 57.27 ] ], [ [ -2.439, 57.255 ], [ -2.44, 57.256 ] ], [ [ -2.413, 57.272 ], [ -2.407, 57.272 ] ], [ [ -2.403, 57.271 ], [ -2.399, 57.268 ] ], [ [ -2.397, 57.268 ], [ -2.39, 57.273 ], [ -2.371, 57.276 ], [ -2.361, 57.27 ], [ -2.362, 57.257 ], [ -2.351, 57.257 ], [ -2.344, 57.246 ] ], [ [ -2.342, 57.245 ], [ -2.337, 57.243 ] ], [ [ -2.341, 57.24 ], [ -2.339, 57.238 ] ], [ [ -2.334, 57.242 ], [ -2.34, 57.241 ] ], [ [ -2.339, 57.237 ], [ -2.34, 57.237 ] ], [ [ -2.339, 57.236 ], [ -2.328, 57.236 ] ], [ [ -2.328, 57.236 ], [ -2.328, 57.23 ] ], [ [ -2.328, 57.23 ], [ -2.32, 57.231 ] ], [ [ -2.319, 57.231 ], [ -2.314, 57.227 ] ], [ [ -2.309, 57.228 ], [ -2.298, 57.23 ] ], [ [ -2.294, 57.231 ], [ -2.288, 57.23 ] ], [ [ -2.286, 57.23 ], [ -2.283, 57.234 ] ], [ [ -2.279, 57.234 ], [ -2.277, 57.234 ] ], [ [ -2.277, 57.234 ], [ -2.273, 57.235 ] ], [ [ -2.272, 57.234 ], [ -2.262, 57.228 ], [ -2.242, 57.235 ], [ -2.231, 57.231 ], [ -2.206, 57.231 ] ], [ [ -2.204, 57.23 ], [ -2.202, 57.223 ], [ -2.18, 57.216 ], [ -2.17, 57.208 ] ], [ [ -2.17, 57.206 ], [ -2.174, 57.194 ], [ -2.161, 57.182 ], [ -2.132, 57.174 ], [ -2.11, 57.174 ] ], [ [ -2.109, 57.172 ], [ -2.102, 57.178 ] ], [ [ -2.099, 57.178 ], [ -2.084, 57.175 ], [ -2.072, 57.178 ] ] ] } },
{ "type": "Feature", "properties": { "name1": "Black Grain", "name2": " ", "Strahler Stream Order": 4, "long_name": null, "short_name": null }, "geometry": { "type": "LineString", "coordinates": [ [ -3.521, 55.017 ], [ -3.524, 55.015 ] ] } },
{ "type": "Feature", "properties": { "name1": "River Glass", "name2": " ", "Strahler Stream Order": 4, "long_name": null, "short_name": null }, "geometry": { "type": "LineString", "coordinates": [ [ -4.43, 57.683 ], [ -4.407, 57.677 ], [ -4.406, 57.672 ], [ -4.38, 57.665 ], [ -4.368, 57.667 ] ] } },
{ "type": "Feature", "properties": { "name1": "River Thurso", "name2": "Lower Horse Pool", "Strahler Stream Order": 5, "long_name": null, "short_name": null }, "geometry": { "type": "LineString", "coordinates": [ [ -3.49, 58.544 ], [ -3.491, 58.545 ] ] } },
{ "type": "Feature", "properties": { "name1": "River Deveron", "name2": "Carding Pot", "Strahler Stream Order": 5, "long_name": null, "short_name": null }, "geometry": { "type": "LineString", "coordinates": [ [ -2.515, 57.614 ], [ -2.516, 57.615 ] ] } },
{ "type": "Feature", "properties": { "name1": "River Dee", "name2": "Lower Bridge Pool", "Strahler Stream Order": 5, "long_name": null, "short_name": null }, "geometry": { "type": "LineString", "coordinates": [ [ -4.035, 54.859 ], [ -4.041, 54.858 ] ] } },
{ "type": "Feature", "properties": { "name1": "Southwick Water", "name2": "Southwick Burn", "Strahler Stream Order": 4, "long_name": null, "short_name": null }, "geometry": { "type": "LineString", "coordinates": [ [ -3.716, 54.876 ], [ -3.72, 54.864 ], [ -3.737, 54.855 ] ] } },
{ "type": "Feature", "properties": { "name1": "River Findhorn", "name2": "Artist Pool", "Strahler Stream Order": 4, "long_name": null, "short_name": null }, "geometry": { "type": "LineString", "coordinates": [ [ -3.671, 57.526 ], [ -3.671, 57.527 ] ] } },
{ "type": "Feature", "properties": { "name1": "River Lune", "name2": "Island Dub", "Strahler Stream Order": 5, "long_name": null, "short_name": null }, "geometry": { "type": "LineString", "coordinates": [ ] } },
{ "type": "Feature", "properties": { "name1": "River Glass", "name2": " ", "Strahler Stream Order": 4, "long_name": null, "short_name": null }, "geometry": { "type": "LineString", "coordinates": [ [ -4.809, 57.317 ], [ -4.796, 57.318 ], [ -4.792, 57.329 ], [ -4.767, 57.342 ], [ -4.755, 57.341 ], [ -4.732, 57.352 ], [ -4.724, 57.365 ], [ -4.71, 57.37 ], [ -4.698, 57.384 ], [ -4.677, 57.393 ], [ -4.669, 57.404 ], [ -4.675, 57.409 ], [ -4.666, 57.417 ], [ -4.653, 57.421 ] ] } },
{ "type": "Feature", "properties": { "name1": "River Spey", "name2": "Craig Pool", "Strahler Stream Order": 6, "long_name": null, "short_name": null }, "geometry": { "type": "LineString", "coordinates": [ [ -3.351, 57.458 ], [ -3.348, 57.457 ] ] } },
{ "type": "Feature", "properties": { "name1": "Pwll y Washpool", "name2": "Afon Nyfer", "Strahler Stream Order": 4, "long_name": null, "short_name": null }, "geometry": { "type": "LineString", "coordinates": [ [ -4.77, 52.016 ], [ -4.776, 52.015 ] ] } },
{ "type": "Feature", "properties": { "name1": "River Nethy", "name2": " ", "Strahler Stream Order": 4, "long_name": null, "short_name": null }, "geometry": { "type": "LineString", "coordinates": [ [ -3.628, 57.254 ], [ -3.639, 57.263 ], [ -3.663, 57.266 ], [ -3.671, 57.28 ] ] } },
{ "type": "Feature", "properties": { "name1": "Afon Eden", "name2": " ", "Strahler Stream Order": 4, "long_name": null, "short_name": null }, "geometry": { "type": "LineString", "coordinates": [ [ -3.93, 52.876 ], [ -3.928, 52.864 ], [ -3.916, 52.855 ], [ -3.915, 52.841 ], [ -3.896, 52.822 ], [ -3.888, 52.805 ] ] } },
{ "type": "Feature", "properties": { "name1": "River Lochy", "name2": "Poll na h-Atha", "Strahler Stream Order": 6, "long_name": null, "short_name": null }, "geometry": { "type": "LineString", "coordinates": [ [ -5.072, 56.855 ], [ -5.072, 56.853 ] ] } },
{ "type": "Feature", "properties": { "name1": "River Conon", "name2": "Last Hope Pool", "Strahler Stream Order": 5, "long_name": null, "short_name": null }, "geometry": { "type": "LineString", "coordinates": [ [ -4.457, 57.554 ], [ -4.444, 57.561 ] ] } },
{ "type": "Feature", "properties": { "name1": "The Canal", "name2": " ", "Strahler Stream Order": 4, "long_name": null, "short_name": null }, "geometry": { "type": "MultiLineString", "coordinates": [ [ [ -4.031, 57.725 ], [ -4.032, 57.724 ] ], [ [ -3.994, 57.751 ], [ -4.01, 57.742 ], [ -4.015, 57.734 ], [ -4.029, 57.729 ] ] ] } },
{ "type": "Feature", "properties": { "name1": "Soldier Pool", "name2": "River Findhorn", "Strahler Stream Order": 5, "long_name": null, "short_name": null }, "geometry": { "type": "LineString", "coordinates": [ [ -3.649, 57.559 ], [ -3.651, 57.562 ] ] } },
{ "type": "Feature", "properties": { "name1": "River Avon", "name2": "Jenkins' Pool", "Strahler Stream Order": 5, "long_name": null, "short_name": null }, "geometry": { "type": "LineString", "coordinates": [ [ -3.361, 57.404 ], [ -3.361, 57.406 ] ] } },
{ "type": "Feature", "properties": { "name1": "River Strip", "name2": "River Conon", "Strahler Stream Order": 5, "long_name": null, "short_name": null }, "geometry": { "type": "LineString", "coordinates": [ [ -4.501, 57.553 ], [ -4.496, 57.552 ] ] } },
{ "type": "Feature", "properties": { "name1": "The Shot", "name2": "The Huddles", "Strahler Stream Order": 6, "long_name": null, "short_name": null }, "geometry": { "type": "LineString", "coordinates": [ [ -2.485, 55.595 ], [ -2.479, 55.595 ] ] } },
{ "type": "Feature", "properties": { "name1": "River Spean", "name2": "Linne na h-Uamha", "Strahler Stream Order": 5, "long_name": null, "short_name": null }, "geometry": { "type": "LineString", "coordinates": [ [ -4.888, 56.892 ], [ -4.89, 56.892 ] ] } },
{ "type": "Feature", "properties": { "name1": "River Ythan", "name2": "Peth Pot", "Strahler Stream Order": 4, "long_name": null, "short_name": null }, "geometry": { "type": "LineString", "coordinates": [ [ -2.354, 57.418 ], [ -2.352, 57.418 ] ] } },
{ "type": "Feature", "properties": { "name1": "Upper Manse Pool", "name2": "River Thurso", "Strahler Stream Order": 5, "long_name": null, "short_name": null }, "geometry": { "type": "LineString", "coordinates": [ [ -3.497, 58.515 ], [ -3.491, 58.516 ] ] } },
{ "type": "Feature", "properties": { "name1": "Loch Burn", "name2": " ", "Strahler Stream Order": 4, "long_name": null, "short_name": null }, "geometry": { "type": "LineString", "coordinates": [ [ -3.292, 58.477 ], [ -3.282, 58.477 ] ] } },
{ "type": "Feature", "properties": { "name1": "Afon Ddawan", "name2": "River Thaw", "Strahler Stream Order": 4, "long_name": null, "short_name": null }, "geometry": { "type": "LineString", "coordinates": [ [ -3.395, 51.399 ], [ -3.398, 51.391 ], [ -3.396, 51.379 ] ] } },
{ "type": "Feature", "properties": { "name1": "Kip Water", "name2": " ", "Strahler Stream Order": 4, "long_name": null, "short_name": null }, "geometry": { "type": "LineString", "coordinates": [ [ -4.871, 55.91 ], [ -4.877, 55.908 ] ] } },
{ "type": "Feature", "properties": { "name1": "River Tweed", "name2": "Brander Pool", "Strahler Stream Order": 5, "long_name": null, "short_name": null }, "geometry": { "type": "LineString", "coordinates": [ [ -2.857, 55.583 ], [ -2.855, 55.583 ] ] } },
{ "type": "Feature", "properties": { "name1": "Kilmarnock Water", "name2": " ", "Strahler Stream Order": 4, "long_name": null, "short_name": null }, "geometry": { "type": "MultiLineString", "coordinates": [ [ [ -4.492, 55.615 ], [ -4.5, 55.601 ], [ -4.507, 55.596 ] ], [ [ -4.482, 55.623 ], [ -4.492, 55.616 ] ] ] } },
{ "type": "Feature", "properties": { "name1": "Stiel Pool", "name2": "River Tweed", "Strahler Stream Order": 5, "long_name": null, "short_name": null }, "geometry": { "type": "LineString", "coordinates": [ [ -2.934, 55.615 ], [ -2.931, 55.615 ] ] } },
{ "type": "Feature", "properties": { "name1": "River Tweed", "name2": "Bold Throat", "Strahler Stream Order": 5, "long_name": null, "short_name": null }, "geometry": { "type": "LineString", "coordinates": [ [ -3.011, 55.622 ], [ -3.01, 55.623 ] ] } },
{ "type": "Feature", "properties": { "name1": "River Avon", "name2": "Poll Dubh", "Strahler Stream Order": 5, "long_name": null, "short_name": null }, "geometry": { "type": "LineString", "coordinates": [ [ -3.35, 57.386 ], [ -3.348, 57.387 ] ] } },
{ "type": "Feature", "properties": { "name1": "River Spey", "name2": "Dalvey Stream", "Strahler Stream Order": 5, "long_name": null, "short_name": null }, "geometry": { "type": "LineString", "coordinates": [ [ -3.484, 57.372 ], [ -3.481, 57.372 ] ] } },
{ "type": "Feature", "properties": { "name1": "The Birks", "name2": "River Spey", "Strahler Stream Order": 6, "long_name": null, "short_name": null }, "geometry": { "type": "LineString", "coordinates": [ [ -3.106, 57.62 ], [ -3.097, 57.627 ] ] } },
{ "type": "Feature", "properties": { "name1": "Fionn Allt", "name2": " ", "Strahler Stream Order": 4, "long_name": null, "short_name": null }, "geometry": { "type": "LineString", "coordinates": [ [ -4.845, 58.178 ], [ -4.837, 58.174 ] ] } },
{ "type": "Feature", "properties": { "name1": "River Annan", "name2": "Alice's Pool", "Strahler Stream Order": 5, "long_name": null, "short_name": null }, "geometry": { "type": "LineString", "coordinates": [ [ -3.277, 55.031 ], [ -3.272, 55.03 ] ] } },
{ "type": "Feature", "properties": { "name1": "Strontian River", "name2": " ", "Strahler Stream Order": 4, "long_name": null, "short_name": null }, "geometry": { "type": "LineString", "coordinates": [ [ -5.564, 56.706 ], [ -5.573, 56.69 ] ] } },
{ "type": "Feature", "properties": { "name1": "River Spey", "name2": "Pool Veriner", "Strahler Stream Order": 6, "long_name": null, "short_name": null }, "geometry": { "type": "LineString", "coordinates": [ [ -3.333, 57.461 ], [ -3.329, 57.462 ] ] } },
{ "type": "Feature", "properties": { "name1": "River Tweed", "name2": "Long Pool", "Strahler Stream Order": 4, "long_name": null, "short_name": null }, "geometry": { "type": "LineString", "coordinates": [ [ -3.337, 55.606 ], [ -3.335, 55.604 ] ] } },
{ "type": "Feature", "properties": { "name1": "Afon Gain", "name2": " ", "Strahler Stream Order": 4, "long_name": null, "short_name": null }, "geometry": { "type": "MultiLineString", "coordinates": [ [ [ -3.863, 52.874 ], [ -3.873, 52.871 ], [ -3.886, 52.858 ], [ -3.886, 52.85 ], [ -3.893, 52.842 ], [ -3.882, 52.83 ] ], [ [ -3.88, 52.83 ], [ -3.878, 52.829 ] ] ] } },
{ "type": "Feature", "properties": { "name1": "River Deveron", "name2": "Burnend Pot", "Strahler Stream Order": 5, "long_name": null, "short_name": null }, "geometry": { "type": "LineString", "coordinates": [ [ -2.534, 57.537 ], [ -2.532, 57.536 ] ] } },
{ "type": "Feature", "properties": { "name1": "River North Esk", "name2": " ", "Strahler Stream Order": 4, "long_name": null, "short_name": null }, "geometry": { "type": "LineString", "coordinates": [ [ -2.906, 56.91 ], [ -2.886, 56.895 ], [ -2.869, 56.895 ], [ -2.815, 56.899 ], [ -2.792, 56.894 ], [ -2.785, 56.886 ], [ -2.769, 56.886 ], [ -2.759, 56.898 ], [ -2.73, 56.894 ], [ -2.712, 56.889 ], [ -2.712, 56.879 ], [ -2.704, 56.874 ], [ -2.7, 56.862 ], [ -2.67, 56.842 ], [ -2.651, 56.823 ], [ -2.65, 56.815 ], [ -2.631, 56.809 ], [ -2.627, 56.8 ], [ -2.617, 56.793 ], [ -2.616, 56.783 ], [ -2.605, 56.782 ], [ -2.594, 56.788 ], [ -2.571, 56.785 ], [ -2.556, 56.787 ], [ -2.548, 56.782 ], [ -2.53, 56.785 ], [ -2.515, 56.775 ], [ -2.493, 56.766 ], [ -2.48, 56.764 ], [ -2.475, 56.755 ], [ -2.459, 56.747 ], [ -2.448, 56.752 ], [ -2.436, 56.751 ], [ -2.419, 56.755 ] ] } },
{ "type": "Feature", "properties": { "name1": "Burn of Halkirk", "name2": " ", "Strahler Stream Order": 4, "long_name": null, "short_name": null }, "geometry": { "type": "LineString", "coordinates": [ [ -3.472, 58.506 ], [ -3.478, 58.522 ] ] } },
{ "type": "Feature", "properties": { "name1": "River Nairn", "name2": " ", "Strahler Stream Order": 4, "long_name": null, "short_name": null }, "geometry": { "type": "MultiLineString", "coordinates": [ [ [ -4.211, 57.369 ], [ -4.19, 57.383 ], [ -4.184, 57.394 ], [ -4.169, 57.398 ], [ -4.154, 57.411 ], [ -4.136, 57.417 ], [ -4.122, 57.428 ] ], [ [ -4.116, 57.431 ], [ -4.116, 57.441 ], [ -4.11, 57.453 ], [ -4.093, 57.462 ], [ -4.091, 57.467 ], [ -4.021, 57.494 ], [ -4.003, 57.508 ], [ -3.982, 57.512 ], [ -3.979, 57.52 ], [ -3.965, 57.527 ], [ -3.955, 57.524 ], [ -3.943, 57.53 ], [ -3.927, 57.543 ], [ -3.901, 57.55 ], [ -3.885, 57.557 ], [ -3.873, 57.567 ], [ -3.861, 57.594 ] ] ] } },
{ "type": "Feature", "properties": { "name1": "Tongland Loch", "name2": "Strandfoot Pool", "Strahler Stream Order": 5, "long_name": null, "short_name": null }, "geometry": { "type": "LineString", "coordinates": [ [ -4.01, 54.89 ], [ -4.022, 54.874 ] ] } },
{ "type": "Feature", "properties": { "name1": "Afon Alun", "name2": "River Alyn", "Strahler Stream Order": 4, "long_name": null, "short_name": null }, "geometry": { "type": "LineString", "coordinates": [ [ -3.218, 53.177 ], [ -3.193, 53.192 ], [ -3.178, 53.179 ], [ -3.144, 53.176 ], [ -3.129, 53.169 ], [ -3.122, 53.156 ], [ -3.102, 53.153 ], [ -3.085, 53.143 ], [ -3.081, 53.136 ], [ -3.056, 53.131 ], [ -3.044, 53.117 ], [ -3.035, 53.114 ], [ -3.027, 53.098 ], [ -3.028, 53.092 ], [ -3.009, 53.082 ], [ -2.99, 53.082 ], [ -2.986, 53.089 ], [ -2.975, 53.092 ], [ -2.959, 53.108 ], [ -2.935, 53.105 ], [ -2.925, 53.1 ], [ -2.899, 53.098 ] ] } },
{ "type": "Feature", "properties": { "name1": "River Tay", "name2": "North Deep", "Strahler Stream Order": 6, "long_name": null, "short_name": null }, "geometry": { "type": "LineString", "coordinates": [ [ -3.286, 56.355 ], [ -3.269, 56.359 ] ] } },
{ "type": "Feature", "properties": { "name1": "River Canaird", "name2": " ", "Strahler Stream Order": 4, "long_name": null, "short_name": null }, "geometry": { "type": "LineString", "coordinates": [ [ -5.157, 57.961 ], [ -5.172, 57.96 ], [ -5.183, 57.946 ] ] } },
{ "type": "Feature", "properties": { "name1": "River Don", "name2": "Poundash Pot", "Strahler Stream Order": 4, "long_name": null, "short_name": null }, "geometry": { "type": "LineString", "coordinates": [ [ -2.822, 57.25 ], [ -2.819, 57.251 ] ] } },
{ "type": "Feature", "properties": { "name1": "Kinnel Water", "name2": "Alder Pool", "Strahler Stream Order": 4, "long_name": null, "short_name": null }, "geometry": { "type": "LineString", "coordinates": [ [ -3.465, 55.218 ], [ -3.465, 55.217 ] ] } },
{ "type": "Feature", "properties": { "name1": "River Tilt", "name2": " ", "Strahler Stream Order": 4, "long_name": null, "short_name": null }, "geometry": { "type": "MultiLineString", "coordinates": [ [ [ -3.843, 56.773 ], [ -3.845, 56.762 ] ], [ [ -3.671, 56.896 ], [ -3.675, 56.885 ], [ -3.716, 56.863 ], [ -3.723, 56.861 ], [ -3.765, 56.84 ], [ -3.785, 56.827 ], [ -3.818, 56.822 ], [ -3.834, 56.81 ], [ -3.835, 56.79 ], [ -3.841, 56.776 ] ] ] } }
]
}
