{"type":"FeatureCollection","features":[{"type":"Feature","geometry":{"type":"MultiPolygon","coordinates":[[[[-2.42026,51.29663],[-2.42212,51.28748],[-2.43905,51.28519],[-2.45329,51.27385],[-2.47375,51.27797],[-2.478,51.2731],[-2.50636,51.279],[-2.49742,51.29089],[-2.55782,51.30266],[-2.58228,51.29193],[-2.59547,51.29619],[-2.62998,51.28356],[-2.6387,51.29483],[-2.69685,51.31614],[-2.68718,51.33036],[-2.70789,51.33781],[-2.6905,51.34953],[-2.69419,51.37986],[-2.6797,51.36013],[-2.66875,51.36079],[-2.67653,51.34197],[-2.65897,51.34151],[-2.6444,51.37514],[-2.63002,51.37522],[-2.62695,51.38714],[-2.61246,51.38177],[-2.6227,51.38941],[-2.60312,51.38883],[-2.58727,51.39515],[-2.57075,51.39937],[-2.56087,51.41172],[-2.53601,51.41114],[-2.52303,51.42563],[-2.52795,51.43377],[-2.50799,51.42464],[-2.49151,51.42894],[-2.49232,51.41799],[-2.48104,51.42159],[-2.46965,51.41593],[-2.34329,51.43954],[-2.32503,51.43699],[-2.31262,51.42245],[-2.29462,51.4288],[-2.27854,51.41588],[-2.29086,51.40571],[-2.28182,51.39723],[-2.29677,51.39493],[-2.29206,51.36957],[-2.34428,51.3454],[-2.29641,51.34267],[-2.30093,51.33323],[-2.27775,51.32571],[-2.38718,51.29465],[-2.39983,51.30489],[-2.42026,51.29663]]]]},"properties":{"name":"Bath and North East Somerset","public_name":"Bath and North East Somerset","region":"South West","public_region":"South West"}},{"type":"Feature","geometry":{"type":"MultiPolygon","coordinates":[[[[-0.15731,52.08054],[-0.17265,52.0602],[-0.19501,52.0624],[-0.21952,52.03673],[-0.20128,52.00981],[-0.24411,51.99901],[-0.24792,51.98516],[-0.26028,51.9797],[-0.27393,51.9812],[-0.28396,52.00181],[-0.30008,52.00077],[-0.29535,51.9954],[-0.31158,51.9821],[-0.36718,51.98375],[-0.36376,51.9752],[-0.34929,51.97116],[-0.35025,51.95757],[-0.37413,51.94776],[-0.38294,51.9514],[-0.37875,51.97588],[-0.38667,51.97945],[-0.39946,51.96766],[-0.40564,51.93245],[-0.38924,51.92577],[-0.38564,51.91567],[-0.40246,51.90969],[-0.41909,51.91229],[-0.42634,51.92672],[-0.48573,51.92269],[-0.4823,51.90779],[-0.50595,51.9006],[-0.4553,51.88228],[-0.42209,51.85447],[-0.39588,51.87057],[-0.36978,51.86811],[-0.35486,51.87401],[-0.33951,51.8496],[-0.36332,51.8421],[-0.37329,51.82925],[-0.40488,51.8406],[-0.42153,51.8502],[-0.44755,51.84759],[-0.46971,51.85589],[-0.47832,51.85313],[-0.47122,51.84546],[-0.50184,51.83679],[-0.51122,51.82589],[-0.50231,51.81545],[-0.51975,51.80509],[-0.5432,51.81545],[-0.55365,51.8267],[-0.54368,51.82451],[-0.53766,51.8314],[-0.58359,51.87031],[-0.609,51.87555],[-0.62011,51.88548],[-0.65201,51.88678],[-0.673,51.90174],[-0.69224,51.90015],[-0.70218,51.90911],[-0.683,51.94182],[-0.67046,51.94361],[-0.67196,51.95598],[-0.66213,51.95556],[-0.653,51.96922],[-0.6457,51.97222],[-0.66171,51.99973],[-0.6435,52.01084],[-0.65105,52.01847],[-0.64041,52.02359],[-0.64308,52.03725],[-0.669,52.04871],[-0.63138,52.08096],[-0.60581,52.0921],[-0.59183,52.11068],[-0.60752,52.13398],[-0.63464,52.13796],[-0.64075,52.15291],[-0.63069,52.15491],[-0.62747,52.18153],[-0.64333,52.18889],[-0.66815,52.19502],[-0.63735,52.2273],[-0.65367,52.26827],[-0.6106,52.27889],[-0.58635,52.2729],[-0.56571,52.25345],[-0.53992,52.25729],[-0.53121,52.27039],[-0.54199,52.28993],[-0.51407,52.31468],[-0.51985,52.31768],[-0.46538,52.32294],[-0.43611,52.31446],[-0.43578,52.29664],[-0.42179,52.28493],[-0.37503,52.28046],[-0.3722,52.27349],[-0.38236,52.27111],[-0.3744,52.23298],[-0.34103,52.23063],[-0.34349,52.24186],[-0.33527,52.24287],[-0.29323,52.2405],[-0.28563,52.23726],[-0.29951,52.21627],[-0.29192,52.20743],[-0.26187,52.20985],[-0.24075,52.19018],[-0.24402,52.18267],[-0.24981,52.18436],[-0.26072,52.17639],[-0.21665,52.15872],[-0.23483,52.14472],[-0.17156,52.13949],[-0.15443,52.1444],[-0.14447,52.13819],[-0.15731,52.08054]]]]},"properties":{"name":"Bedfordshire","public_name":"Bedfordshire","region":"East of England","public_region":"Anglian"}},{"type":"Feature","geometry":{"type":"MultiPolygon","coordinates":[[[[-2.37124,53.66706],[-2.36264,53.65597],[-2.37679,53.6317],[-2.39785,53.63219],[-2.40121,53.62458],[-2.42161,53.62385],[-2.43873,53.64603],[-2.45027,53.64142],[-2.45378,53.62196],[-2.473,53.61662],[-2.51132,53.62698],[-2.53235,53.66489],[-2.51538,53.69165],[-2.5398,53.70217],[-2.5408,53.71965],[-2.55518,53.72525],[-2.5646,53.74244],[-2.55753,53.74976],[-2.5513,53.75637],[-2.52575,53.75965],[-2.48127,53.77378],[-2.47709,53.78103],[-2.46581,53.7808],[-2.44632,53.76657],[-2.45178,53.75644],[-2.44007,53.7494],[-2.43387,53.71917],[-2.41307,53.70468],[-2.40015,53.69247],[-2.37443,53.68724],[-2.37124,53.66706]]]]},"properties":{"name":"Blackburn with Darwen","public_name":"Blackburn with Darwen","region":"North West","public_region":"North West"}},{"type":"Feature","geometry":{"type":"MultiPolygon","coordinates":[[[[-2.98462,53.79376],[-3.00613,53.78792],[-2.99656,53.77443],[-3.0288,53.7731],[-3.03272,53.78064],[-3.05739,53.77643],[-3.04796,53.87572],[-3.01966,53.86857],[-3.02045,53.84072],[-3.00765,53.83403],[-3.01167,53.82557],[-2.99501,53.81847],[-2.98462,53.79376]]]]},"properties":{"name":"Blackpool","public_name":"Blackpool","region":"North West","public_region":"North West"}},{"type":"Feature","geometry":{"type":"MultiPolygon","coordinates":[[[[-3.10601,51.72051],[-3.11557,51.68512],[-3.13598,51.68135],[-3.12993,51.69652],[-3.15635,51.71397],[-3.16724,51.7099],[-3.21012,51.75009],[-3.21945,51.74573],[-3.21102,51.73074],[-3.22404,51.72922],[-3.22282,51.72316],[-3.26695,51.7593],[-3.27254,51.77758],[-3.30131,51.79897],[-3.31009,51.7943],[-3.30858,51.80613],[-3.28343,51.82548],[-3.23877,51.81235],[-3.15735,51.81605],[-3.14585,51.80474],[-3.15686,51.79608],[-3.13413,51.79277],[-3.14386,51.78605],[-3.10603,51.76132],[-3.11517,51.75738],[-3.10601,51.72051]]]]},"properties":{"name":"Blaenau Gwent","public_name":"Blaenau Gwent","region":"Wales","public_region":"Wales"}},{"type":"Feature","geometry":{"type":"MultiPolygon","coordinates":[[[[-1.79333,50.73628],[-1.79425,50.73078],[-1.76999,50.73049],[-1.76344,50.71862],[-1.74601,50.71548],[-1.74233,50.72025],[-1.74885,50.71101],[-1.83093,50.7206],[-1.90091,50.70944],[-1.90582,50.72364],[-1.89115,50.74195],[-1.93762,50.75569],[-1.92208,50.77375],[-1.8939,50.7801],[-1.87305,50.76326],[-1.85098,50.7735],[-1.84219,50.76151],[-1.81715,50.75714],[-1.81557,50.74339],[-1.79333,50.73628]]]]},"properties":{"name":"Bournemouth","public_name":"Bournemouth","region":"South West","public_region":"South West"}},{"type":"Feature","geometry":{"type":"MultiPolygon","coordinates":[[[[-0.67628,51.43158],[-0.69613,51.41302],[-0.66765,51.38457],[-0.73535,51.36501],[-0.77548,51.33196],[-0.78507,51.33844],[-0.81425,51.34163],[-0.83737,51.35287],[-0.81359,51.37032],[-0.78886,51.37175],[-0.80149,51.40509],[-0.79252,51.40885],[-0.80004,51.44118],[-0.78258,51.46869],[-0.76966,51.46776],[-0.76465,51.45972],[-0.72454,51.45614],[-0.71444,51.46714],[-0.68888,51.46696],[-0.67276,51.45785],[-0.65677,51.46149],[-0.662,51.44432],[-0.63057,51.44219],[-0.63133,51.41445],[-0.67628,51.43158]]]]},"properties":{"name":"Bracknell Forest","public_name":"Bracknell Forest","region":"South East","public_region":"Thames"}},{"type":"Feature","geometry":{"type":"MultiPolygon","coordinates":[[[[-3.48173,51.53044],[-3.48775,51.51667],[-3.4975,51.51264],[-3.5296,51.50136],[-3.52752,51.49371],[-3.53944,51.49103],[-3.53284,51.48161],[-3.55475,51.49277],[-3.612,51.48089],[-3.64152,51.46797],[-3.66256,51.48047],[-3.67945,51.4732],[-3.72084,51.47971],[-3.73488,51.49893],[-3.74939,51.50402],[-3.76245,51.53554],[-3.74417,51.53666],[-3.70311,51.52716],[-3.68758,51.53747],[-3.65667,51.53913],[-3.6554,51.56492],[-3.69439,51.5941],[-3.69081,51.60365],[-3.67672,51.60132],[-3.6807,51.62191],[-3.6618,51.64545],[-3.5958,51.63774],[-3.58031,51.64468],[-3.56336,51.64552],[-3.53802,51.64428],[-3.51014,51.61807],[-3.47259,51.60114],[-3.47646,51.58173],[-3.48872,51.57424],[-3.4631,51.54345],[-3.48173,51.53044]]]]},"properties":{"name":"Bridgend","public_name":"Bridgend","region":"Wales","public_region":"Wales"}},{"type":"Feature","geometry":{"type":"MultiPolygon","coordinates":[[[[-0.046,50.82183],[-0.03103,50.81742],[-0.02046,50.82184],[-0.01603,50.81488],[-0.03857,50.7992],[-0.09256,50.81175],[-0.10642,50.80827],[-0.1358,50.81917],[-0.21608,50.82753],[-0.245,50.86382],[-0.23927,50.86789],[-0.22675,50.87819],[-0.21391,50.87047],[-0.20266,50.87586],[-0.18776,50.86858],[-0.17784,50.89048],[-0.16589,50.89234],[-0.16816,50.88075],[-0.13504,50.88664],[-0.13531,50.87811],[-0.12183,50.87343],[-0.10494,50.87235],[-0.09755,50.87795],[-0.08496,50.87312],[-0.07347,50.84125],[-0.03687,50.84124],[-0.046,50.82183]]]]},"properties":{"name":"Brighton and Hove","public_name":"Brighton and Hove","region":"South East","public_region":"Southern"}},{"type":"Feature","geometry":{"type":"MultiPolygon","coordinates":[[[[-2.51225,51.46234],[-2.52228,51.44981],[-2.53925,51.44557],[-2.52832,51.44496],[-2.52795,51.43377],[-2.52303,51.42563],[-2.53601,51.41114],[-2.56087,51.41172],[-2.57075,51.39937],[-2.58727,51.39515],[-2.63327,51.40346],[-2.63709,51.4232],[-2.62952,51.43737],[-2.63989,51.44136],[-2.6258,51.44876],[-2.63404,51.46649],[-2.66147,51.48638],[-2.68461,51.48049],[-2.71821,51.50824],[-2.67381,51.54443],[-2.6514,51.52071],[-2.65448,51.51372],[-2.58099,51.51741],[-2.59122,51.50968],[-2.58815,51.50124],[-2.5516,51.49223],[-2.5377,51.49707],[-2.51587,51.49387],[-2.51225,51.46234]]]]},"properties":{"name":"Bristol","public_name":"Bristol","region":"South West","public_region":"South West"}},{"type":"Feature","geometry":{"type":"MultiPolygon","coordinates":[[[[-0.49549,51.53833],[-0.49235,51.51708],[-0.48319,51.50665],[-0.49,51.49484],[-0.5323,51.49335],[-0.52841,51.51012],[-0.56871,51.51138],[-0.56504,51.52068],[-0.57511,51.5293],[-0.58984,51.52267],[-0.63057,51.5389],[-0.6599,51.52833],[-0.65488,51.50088],[-0.64223,51.50063],[-0.63396,51.49239],[-0.6507,51.48586],[-0.66821,51.48917],[-0.68662,51.50739],[-0.70318,51.5111],[-0.69122,51.55682],[-0.6942,51.56217],[-0.69626,51.56508],[-0.71122,51.56432],[-0.71693,51.57719],[-0.75748,51.56481],[-0.77418,51.56701],[-0.79298,51.55136],[-0.84276,51.54476],[-0.88142,51.56201],[-0.90032,51.53722],[-0.90172,51.55608],[-0.93862,51.57104],[-0.94152,51.58549],[-0.91689,51.59931],[-0.94293,51.60473],[-0.93859,51.61794],[-0.94982,51.62067],[-0.95005,51.6289],[-0.93461,51.63669],[-0.95075,51.65074],[-0.92945,51.65574],[-0.93223,51.66486],[-0.91775,51.6724],[-0.87773,51.66838],[-0.89792,51.6764],[-0.87992,51.68086],[-0.8948,51.69252],[-0.88771,51.71834],[-0.9128,51.73702],[-0.93322,51.75233],[-0.97971,51.76071],[-0.98626,51.75211],[-1.0297,51.75788],[-1.03046,51.74492],[-1.04549,51.74459],[-1.08087,51.75655],[-1.08338,51.78058],[-1.12197,51.78707],[-1.12356,51.79417],[-1.11743,51.79916],[-1.12491,51.80751],[-1.11012,51.8173],[-1.13987,51.83512],[-1.12162,51.84534],[-1.07802,51.82923],[-1.04736,51.8397],[-1.06203,51.84416],[-1.06466,51.86869],[-1.07763,51.87672],[-1.069,51.88726],[-1.09354,51.89393],[-1.07938,51.91721],[-1.0867,51.92264],[-1.06213,51.93513],[-1.05464,51.94795],[-1.07912,51.94343],[-1.09525,51.9571],[-1.05314,52.00244],[-1.06087,52.0086],[-1.08808,52.00577],[-1.09594,52.01496],[-1.11517,52.01651],[-1.13668,52.02223],[-1.12222,52.04494],[-1.06208,52.06272],[-1.02642,52.0644],[-1.04213,52.07393],[-0.96782,52.0709],[-0.95189,52.08152],[-0.94007,52.07583],[-0.93023,52.04311],[-0.9084,52.02223],[-0.89014,52.03155],[-0.88031,52.02868],[-0.87134,52.04024],[-0.81984,52.01228],[-0.80353,51.98549],[-0.76202,51.98555],[-0.7404,51.96985],[-0.71396,51.97786],[-0.71341,51.98981],[-0.66909,51.97848],[-0.653,51.96922],[-0.66213,51.95556],[-0.67196,51.95598],[-0.67046,51.94361],[-0.683,51.94182],[-0.70218,51.90911],[-0.69224,51.90015],[-0.673,51.90174],[-0.65201,51.88678],[-0.62011,51.88548],[-0.609,51.87555],[-0.58359,51.87031],[-0.53766,51.8314],[-0.54368,51.82451],[-0.55365,51.8267],[-0.55716,51.83096],[-0.58185,51.8069],[-0.63297,51.81994],[-0.6478,51.8136],[-0.66724,51.8158],[-0.69548,51.8411],[-0.68679,51.84923],[-0.69638,51.85813],[-0.71747,51.8571],[-0.7457,51.84209],[-0.72426,51.81814],[-0.70932,51.82053],[-0.68542,51.80018],[-0.69022,51.79233],[-0.67349,51.76846],[-0.61296,51.74742],[-0.5864,51.75211],[-0.57279,51.73586],[-0.56372,51.73961],[-0.55374,51.73406],[-0.55044,51.72304],[-0.56323,51.71187],[-0.54404,51.69681],[-0.54631,51.68043],[-0.52429,51.68211],[-0.52496,51.67872],[-0.51117,51.67989],[-0.50513,51.67307],[-0.51474,51.66545],[-0.52102,51.66804],[-0.5228,51.65839],[-0.53691,51.66062],[-0.53095,51.64913],[-0.53928,51.63804],[-0.52252,51.60506],[-0.50062,51.59969],[-0.49958,51.59218],[-0.47662,51.55803],[-0.49549,51.53833]]]]},"properties":{"name":"Buckinghamshire","public_name":"Buckinghamshire","region":"South East","public_region":"Thames"}},{"type":"Feature","geometry":{"type":"MultiPolygon","coordinates":[[[[-3.0749,51.65225],[-3.10207,51.63132],[-3.08157,51.61964],[-3.06476,51.60378],[-3.09373,51.5914],[-3.10509,51.59724],[-3.12411,51.58849],[-3.12175,51.57969],[-3.09017,51.56854],[-3.10375,51.56428],[-3.11286,51.54887],[-3.12514,51.54697],[-3.1445,51.55539],[-3.15257,51.55164],[-3.16385,51.56043],[-3.23751,51.55262],[-3.24931,51.56942],[-3.26298,51.56614],[-3.26984,51.58383],[-3.28761,51.58768],[-3.30555,51.62106],[-3.30269,51.63493],[-3.31384,51.64472],[-3.29606,51.66403],[-3.28522,51.65823],[-3.28459,51.67715],[-3.2741,51.68224],[-3.30072,51.73629],[-3.3155,51.7318],[-3.3101,51.73945],[-3.32904,51.75865],[-3.33446,51.7904],[-3.31009,51.7943],[-3.30131,51.79897],[-3.27254,51.77758],[-3.26695,51.7593],[-3.22282,51.72316],[-3.22404,51.72922],[-3.21102,51.73074],[-3.21945,51.74573],[-3.21012,51.75009],[-3.16724,51.7099],[-3.15635,51.71397],[-3.12993,51.69652],[-3.13598,51.68135],[-3.11557,51.68512],[-3.10197,51.68209],[-3.08442,51.68836],[-3.07166,51.67417],[-3.0749,51.65225]]]]},"properties":{"name":"Caerphilly","public_name":"Caerphilly","region":"Wales","public_region":"Wales"}},{"type":"Feature","geometry":{"type":"MultiPolygon","coordinates":[[[[0.42045,52.15673],[0.41825,52.13434],[0.38956,52.11746],[0.38177,52.10269],[0.39496,52.09596],[0.4033,52.06624],[0.37958,52.04955],[0.394,52.03183],[0.37169,52.03736],[0.34383,52.051],[0.32464,52.07277],[0.28598,52.09039],[0.2762,52.09263],[0.25154,52.07677],[0.23518,52.08899],[0.20343,52.09266],[0.19394,52.07547],[0.18317,52.07317],[0.18989,52.06019],[0.16754,52.05499],[0.16637,52.04818],[0.15109,52.05284],[0.12811,52.04731],[0.11905,52.05995],[0.10571,52.06025],[0.09223,52.02164],[0.08049,52.00813],[0.06507,52.00759],[0.04036,52.05313],[0.00229,52.05014],[-0.02444,52.06331],[-0.12103,52.01951],[-0.12237,52.02963],[-0.13376,52.04622],[-0.15515,52.05305],[-0.14753,52.06939],[-0.15731,52.08054],[-0.14447,52.13819],[-0.15443,52.1444],[-0.17156,52.13949],[-0.23483,52.14472],[-0.21665,52.15872],[-0.26072,52.17639],[-0.24981,52.18436],[-0.24402,52.18267],[-0.24075,52.19018],[-0.26187,52.20985],[-0.29192,52.20743],[-0.29951,52.21627],[-0.28563,52.23726],[-0.29323,52.2405],[-0.33527,52.24287],[-0.34349,52.24186],[-0.34103,52.23063],[-0.3744,52.23298],[-0.38236,52.27111],[-0.3722,52.27349],[-0.37503,52.28046],[-0.42179,52.28493],[-0.43578,52.29664],[-0.43611,52.31446],[-0.46538,52.32294],[-0.46667,52.33891],[-0.48325,52.34093],[-0.4777,52.3489],[-0.49872,52.36008],[-0.48854,52.37401],[-0.49596,52.3795],[-0.43927,52.3863],[-0.41595,52.40379],[-0.41709,52.41158],[-0.36243,52.43351],[-0.37188,52.43704],[-0.35353,52.46026],[-0.34161,52.46692],[-0.35942,52.48984],[-0.35436,52.50648],[-0.41384,52.52642],[-0.4013,52.53867],[-0.40208,52.5483],[-0.41961,52.55894],[-0.40732,52.56398],[-0.41539,52.57872],[-0.39685,52.58298],[-0.38532,52.56713],[-0.34849,52.56435],[-0.32547,52.55287],[-0.33275,52.54653],[-0.29331,52.50687],[-0.27456,52.51166],[-0.26931,52.52081],[-0.2448,52.52298],[-0.23174,52.53446],[-0.23485,52.54365],[-0.21768,52.5379],[-0.20066,52.54515],[-0.18787,52.54184],[-0.19789,52.55079],[-0.187,52.56849],[-0.01286,52.59433],[-0.03129,52.66151],[0.02148,52.66487],[0.04898,52.68198],[0.04413,52.71436],[0.06317,52.72711],[0.08901,52.72361],[0.13296,52.73928],[0.17017,52.73987],[0.15536,52.69289],[0.15484,52.68077],[0.1847,52.67788],[0.18382,52.65564],[0.16984,52.65052],[0.21928,52.62179],[0.19158,52.6015],[0.19953,52.58274],[0.21576,52.57943],[0.21839,52.57258],[0.20561,52.56555],[0.21722,52.56057],[0.20469,52.55464],[0.20512,52.54788],[0.21461,52.54909],[0.20385,52.54539],[0.21313,52.53815],[0.20583,52.53383],[0.23057,52.52789],[0.2061,52.51962],[0.23877,52.50917],[0.24602,52.49987],[0.25645,52.5077],[0.30934,52.5136],[0.36704,52.50116],[0.38068,52.47952],[0.4285,52.45463],[0.42529,52.43031],[0.37475,52.40971],[0.40766,52.3615],[0.42003,52.35214],[0.44248,52.34881],[0.4363,52.33352],[0.4242,52.3292],[0.43135,52.31581],[0.45747,52.31628],[0.50474,52.2847],[0.49877,52.273],[0.42418,52.25586],[0.38533,52.28298],[0.3827,52.29325],[0.35874,52.29734],[0.3552,52.27931],[0.33997,52.26767],[0.36086,52.24941],[0.34265,52.24233],[0.37122,52.22654],[0.42131,52.23968],[0.41465,52.24794],[0.42694,52.25359],[0.44337,52.24262],[0.45553,52.24758],[0.4761,52.23393],[0.4949,52.23924],[0.51445,52.22676],[0.50862,52.21397],[0.4913,52.16509],[0.4707,52.16324],[0.46279,52.171],[0.44449,52.17107],[0.43703,52.15996],[0.42045,52.15673]]]]},"properties":{"name":"Cambridgeshire","public_name":"Cambridgeshire","region":"East of England","public_region":"Anglian"}},{"type":"Feature","geometry":{"type":"MultiPolygon","coordinates":[[[[-3.11395,51.49281],[-3.14032,51.47299],[-3.13575,51.46722],[-3.1587,51.45111],[-3.16236,51.46297],[-3.17477,51.46596],[-3.17474,51.44779],[-3.18456,51.44774],[-3.21805,51.47464],[-3.24804,51.46455],[-3.27143,51.46526],[-3.29837,51.49991],[-3.31156,51.50714],[-3.33684,51.509],[-3.34158,51.53514],[-3.32432,51.53583],[-3.31008,51.549],[-3.27439,51.55117],[-3.26156,51.53778],[-3.23751,51.55262],[-3.16385,51.56043],[-3.15257,51.55164],[-3.1445,51.55539],[-3.12514,51.54697],[-3.11286,51.54887],[-3.08085,51.5316],[-3.0689,51.52026],[-3.09035,51.50994],[-3.08265,51.50182],[-3.11395,51.49281]]]]},"properties":{"name":"Cardiff","public_name":"Cardiff","region":"Wales","public_region":"Wales"}},{"type":"Feature","geometry":{"type":"MultiPolygon","coordinates":[[[[-4.07663,51.69031],[-4.08532,51.6617],[-4.13553,51.66187],[-4.14697,51.65455],[-4.19729,51.68374],[-4.24459,51.67816],[-4.25364,51.68275],[-4.25082,51.67673],[-4.27816,51.67633],[-4.25762,51.67351],[-4.27749,51.66803],[-4.31956,51.67584],[-4.38269,51.72729],[-4.38019,51.73218],[-4.3422,51.73048],[-4.32445,51.72859],[-4.32054,51.73846],[-4.36428,51.73722],[-4.37558,51.74752],[-4.36612,51.78732],[-4.37666,51.77571],[-4.40383,51.75724],[-4.44891,51.77016],[-4.46377,51.77978],[-4.45897,51.76048],[-4.41771,51.74523],[-4.44566,51.73347],[-4.55916,51.74196],[-4.57866,51.73426],[-4.61083,51.73815],[-4.63014,51.73394],[-4.62259,51.7681],[-4.64523,51.77843],[-4.63412,51.78493],[-4.64437,51.79756],[-4.61825,51.80763],[-4.62187,51.81603],[-4.66952,51.83667],[-4.74141,51.82651],[-4.74286,51.83741],[-4.77698,51.83275],[-4.78193,51.8421],[-4.76181,51.85537],[-4.76182,51.84522],[-4.71201,51.85312],[-4.72102,51.87474],[-4.7529,51.87536],[-4.7201,51.91437],[-4.66782,51.93409],[-4.63556,51.91861],[-4.6,51.94093],[-4.5777,51.93193],[-4.5414,51.95657],[-4.49327,51.96136],[-4.48702,51.98863],[-4.51226,51.99493],[-4.52292,52.01116],[-4.54559,52.01839],[-4.55973,52.04371],[-4.5449,52.04423],[-4.54105,52.05211],[-4.53553,52.04434],[-4.50194,52.04257],[-4.48778,52.04903],[-4.47493,52.03902],[-4.45949,52.03998],[-4.44974,52.044],[-4.41108,52.04182],[-4.39766,52.03455],[-4.38488,52.04001],[-4.35145,52.0267],[-4.33481,52.04126],[-4.30429,52.03947],[-4.3004,52.05191],[-4.28679,52.05186],[-4.29067,52.04389],[-4.27523,52.0382],[-4.23483,52.03818],[-4.2054,52.06273],[-4.19092,52.05943],[-4.164,52.06824],[-4.15887,52.0811],[-4.14737,52.08071],[-4.15866,52.08693],[-4.14424,52.0942],[-4.10032,52.09607],[-4.0597,52.11365],[-4.026,52.09813],[-4.00946,52.09934],[-3.94047,52.13844],[-3.93098,52.12736],[-3.90671,52.11978],[-3.86009,52.14218],[-3.79441,52.11713],[-3.78609,52.10455],[-3.77673,52.10687],[-3.74945,52.12762],[-3.71609,52.11346],[-3.71527,52.1031],[-3.72879,52.09397],[-3.72308,52.0852],[-3.66712,52.07429],[-3.67904,52.0606],[-3.64712,52.03878],[-3.66826,52.02542],[-3.67,52.0042],[-3.71119,51.96187],[-3.69989,51.94608],[-3.7205,51.94192],[-3.72759,51.91219],[-3.71341,51.90548],[-3.71382,51.88712],[-3.77263,51.84602],[-3.80643,51.788],[-3.82074,51.80303],[-3.86496,51.81034],[-3.89998,51.80362],[-3.88208,51.7879],[-3.88719,51.76879],[-3.9185,51.77528],[-3.92982,51.76982],[-3.97445,51.76424],[-3.99973,51.77423],[-4.00174,51.76266],[-4.04922,51.72957],[-4.0437,51.70645],[-4.05386,51.70944],[-4.05289,51.70124],[-4.07663,51.69031]]]]},"properties":{"name":"Carmarthenshire","public_name":"Carmarthenshire","region":"Wales","public_region":"Wales"}},{"type":"Feature","geometry":{"type":"MultiPolygon","coordinates":[[[[-4.71349,52.07053],[-4.68586,52.07413],[-4.6773,52.08177],[-4.68242,52.08963],[-4.68894,52.08141],[-4.71165,52.0851],[-4.70677,52.09781],[-4.69008,52.10317],[-4.6753,52.09619],[-4.6884,52.10425],[-4.68564,52.13007],[-4.64062,52.13852],[-4.58278,52.13793],[-4.56714,52.14452],[-4.54572,52.13369],[-4.5186,52.13498],[-4.47104,52.16023],[-4.466,52.17391],[-4.45969,52.16734],[-4.44478,52.17004],[-4.37761,52.21581],[-4.36188,52.21887],[-4.35091,52.21003],[-4.32489,52.21364],[-4.26479,52.24454],[-4.20749,52.2638],[-4.14033,52.3226],[-4.08931,52.3991],[-4.092,52.40689],[-4.09041,52.40719],[-4.09184,52.41399],[-4.08194,52.44104],[-4.05186,52.48171],[-4.05375,52.53433],[-4.04046,52.52003],[-4.0391,52.52677],[-4.01423,52.52645],[-3.98349,52.53556],[-3.95381,52.55624],[-3.94921,52.5516],[-3.94166,52.55794],[-3.92601,52.56073],[-3.86219,52.5611],[-3.84086,52.55132],[-3.83619,52.5259],[-3.84396,52.51205],[-3.8255,52.48373],[-3.81019,52.47891],[-3.7982,52.48772],[-3.77217,52.48869],[-3.76793,52.49851],[-3.74722,52.50687],[-3.73325,52.50658],[-3.74479,52.47462],[-3.7664,52.46929],[-3.77161,52.44214],[-3.71198,52.41336],[-3.69719,52.36692],[-3.68542,52.36822],[-3.65817,52.34769],[-3.70508,52.34138],[-3.74496,52.31746],[-3.72779,52.30584],[-3.73308,52.29029],[-3.70563,52.27392],[-3.73163,52.27144],[-3.75342,52.25175],[-3.74423,52.24628],[-3.75226,52.1976],[-3.74205,52.13961],[-3.74945,52.12762],[-3.77673,52.10687],[-3.78609,52.10455],[-3.79441,52.11713],[-3.86009,52.14218],[-3.90671,52.11978],[-3.93098,52.12736],[-3.94047,52.13844],[-4.00946,52.09934],[-4.026,52.09813],[-4.0597,52.11365],[-4.10032,52.09607],[-4.14424,52.0942],[-4.15866,52.08693],[-4.14737,52.08071],[-4.15887,52.0811],[-4.164,52.06824],[-4.19092,52.05943],[-4.2054,52.06273],[-4.23483,52.03818],[-4.27523,52.0382],[-4.29067,52.04389],[-4.28679,52.05186],[-4.3004,52.05191],[-4.30429,52.03947],[-4.33481,52.04126],[-4.35145,52.0267],[-4.38488,52.04001],[-4.39766,52.03455],[-4.41108,52.04182],[-4.44974,52.044],[-4.45949,52.03998],[-4.47493,52.03902],[-4.48778,52.04903],[-4.50194,52.04257],[-4.53553,52.04434],[-4.54105,52.05211],[-4.5449,52.04423],[-4.55973,52.04371],[-4.57056,52.05893],[-4.60798,52.06211],[-4.63116,52.05595],[-4.64047,52.06256],[-4.64331,52.07672],[-4.66553,52.0576],[-4.71349,52.07053]]]]},"properties":{"name":"Ceredigion","public_name":"Ceredigion","region":"Wales","public_region":"Wales"}},{"type":"Feature","geometry":{"type":"MultiPolygon","coordinates":[[[[-2.14304,53.18756],[-2.14141,53.15663],[-2.15565,53.1596],[-2.21143,53.11575],[-2.24651,53.0902],[-2.25325,53.09396],[-2.29338,53.07831],[-2.31673,53.0811],[-2.34759,53.05615],[-2.38289,53.0488],[-2.38423,53.02615],[-2.37047,53.01456],[-2.38295,53.0072],[-2.37799,52.99824],[-2.43676,52.98624],[-2.43461,52.96951],[-2.48115,52.9588],[-2.52132,52.97429],[-2.52952,52.94715],[-2.56126,52.96494],[-2.58651,52.95541],[-2.5977,52.96299],[-2.59489,52.97959],[-2.60568,52.97938],[-2.60773,52.98835],[-2.62214,52.98684],[-2.63265,52.99666],[-2.67466,52.98565],[-2.69929,52.99542],[-2.72741,52.98396],[-2.7598,52.98637],[-2.76681,52.99464],[-2.78929,52.99576],[-2.80331,52.98958],[-2.83603,52.99713],[-2.84406,53.01761],[-2.86101,53.02279],[-2.85572,53.03725],[-2.87009,53.04537],[-2.85924,53.05424],[-2.87171,53.05743],[-2.86146,53.0607],[-2.88175,53.07458],[-2.87588,53.0816],[-2.90178,53.09158],[-2.88127,53.12172],[-2.90339,53.11178],[-2.94367,53.12161],[-2.96381,53.13274],[-2.99227,53.15665],[-2.94404,53.16523],[-2.92096,53.17707],[-2.9223,53.18928],[-2.94951,53.21126],[-3.02587,53.24843],[-3.09314,53.26049],[-3.09969,53.27056],[-3.09062,53.26434],[-3.08245,53.27148],[-3.09182,53.27832],[-3.06811,53.27585],[-3.08388,53.27944],[-3.08687,53.28889],[-3.09328,53.2844],[-3.10403,53.28804],[-3.10373,53.30001],[-3.10902,53.29724],[-3.07417,53.31636],[-3.02614,53.29773],[-2.99274,53.30709],[-2.9672,53.30097],[-2.92857,53.30823],[-2.87619,53.29063],[-2.84558,53.29112],[-2.85529,53.29399],[-2.8396,53.29872],[-2.84775,53.30624],[-2.83056,53.30816],[-2.78949,53.29683],[-2.75243,53.31474],[-2.73821,53.30668],[-2.72352,53.31312],[-2.70078,53.3058],[-2.68538,53.3153],[-2.64156,53.30502],[-2.64506,53.31012],[-2.62412,53.30938],[-2.61994,53.32031],[-2.60942,53.31211],[-2.59523,53.32244],[-2.58629,53.32938],[-2.56309,53.32306],[-2.5184,53.34237],[-2.52105,53.34788],[-2.48688,53.36789],[-2.43988,53.36665],[-2.42749,53.37589],[-2.42784,53.38892],[-2.36945,53.36366],[-2.34095,53.36746],[-2.3152,53.35903],[-2.29699,53.34863],[-2.30136,53.3401],[-2.26708,53.35056],[-2.25645,53.36066],[-2.24079,53.35956],[-2.18544,53.35264],[-2.18098,53.34403],[-2.19416,53.33863],[-2.16132,53.32733],[-2.1441,53.34285],[-2.15119,53.34812],[-2.1382,53.35687],[-2.13903,53.3673],[-2.12437,53.36198],[-2.09495,53.36602],[-2.06808,53.35738],[-2.04056,53.37407],[-2.02713,53.36375],[-2.00894,53.3617],[-2.00466,53.34599],[-2.01365,53.3324],[-2.00155,53.3189],[-2.00949,53.26063],[-1.99973,53.24503],[-1.97486,53.23104],[-1.99023,53.22302],[-1.98741,53.21357],[-2.00021,53.19372],[-2.01839,53.18904],[-2.04642,53.19266],[-2.05825,53.1763],[-2.07823,53.17041],[-2.1137,53.16899],[-2.14304,53.18756]]]]},"properties":{"name":"Cheshire","public_name":"Cheshire","region":"North West","public_region":"North West"}},{"type":"Feature","geometry":{"type":"MultiPolygon","coordinates":[[[[-4.03112,53.10636],[-4.00785,53.14375],[-3.97032,53.16017],[-3.96497,53.18337],[-3.93893,53.20025],[-3.93537,53.21484],[-3.97935,53.23187],[-3.99828,53.24834],[-4.0034,53.24713],[-4.00255,53.25228],[-3.92123,53.27198],[-3.88366,53.28865],[-3.84142,53.29514],[-3.82285,53.28046],[-3.84382,53.3183],[-3.87886,53.33932],[-3.833,53.33801],[-3.81869,53.32282],[-3.77513,53.3283],[-3.76574,53.31901],[-3.73988,53.3144],[-3.73168,53.30014],[-3.70754,53.29382],[-3.60963,53.29045],[-3.50927,53.31324],[-3.49147,53.3],[-3.5066,53.29869],[-3.50508,53.29123],[-3.52178,53.28341],[-3.51831,53.25636],[-3.53305,53.24884],[-3.52672,53.24079],[-3.50942,53.2417],[-3.46602,53.22076],[-3.4745,53.17632],[-3.46098,53.16497],[-3.53402,53.13996],[-3.56334,53.11947],[-3.56644,53.11162],[-3.55595,53.10665],[-3.59944,53.09155],[-3.60161,53.08519],[-3.59306,53.07844],[-3.56493,53.09464],[-3.51579,53.08977],[-3.50986,53.07634],[-3.48693,53.08403],[-3.48689,53.06591],[-3.46516,53.05305],[-3.46287,53.04615],[-3.48966,53.03793],[-3.47624,53.02642],[-3.48115,53.01855],[-3.45459,52.99791],[-3.45789,52.98491],[-3.48303,52.96952],[-3.50461,52.96536],[-3.53383,52.97371],[-3.58299,52.96752],[-3.6108,52.99599],[-3.5998,53.0116],[-3.61532,53.01133],[-3.67297,52.99707],[-3.68302,52.98683],[-3.73534,52.97984],[-3.76972,52.95929],[-3.81322,52.94936],[-3.84104,52.96229],[-3.84937,52.97731],[-3.89655,52.99488],[-3.88781,53.01159],[-3.89893,53.02055],[-3.98542,53.01064],[-3.99721,53.03764],[-3.97706,53.06892],[-3.99132,53.07648],[-3.98667,53.08418],[-4.01359,53.08969],[-4.0141,53.10354],[-4.02911,53.10151],[-4.03112,53.10636]]]]},"properties":{"name":"Conwy","public_name":"Conwy","region":"Wales","public_region":"Wales"}},{"type":"Feature","geometry":{"type":"MultiPolygon","coordinates":[[[[-4.20553,50.40781],[-4.22656,50.39348],[-4.23409,50.39181],[-4.20219,50.38836],[-4.20939,50.38559],[-4.19831,50.38277],[-4.19455,50.3723],[-4.20611,50.36454],[-4.19705,50.35963],[-4.2085,50.34704],[-4.1717,50.35884],[-4.17011,50.34298],[-4.2012,50.33294],[-4.18834,50.31769],[-4.21056,50.31834],[-4.22424,50.3116],[-4.22587,50.3312],[-4.28246,50.35679],[-4.38694,50.36571],[-4.43662,50.36102],[-4.45097,50.35092],[-4.4593,50.36525],[-4.4639,50.3578],[-4.45082,50.34769],[-4.4743,50.3329],[-4.49759,50.33738],[-4.50171,50.33068],[-4.53888,50.32372],[-4.57831,50.33254],[-4.59838,50.3239],[-4.60661,50.32896],[-4.6331,50.32436],[-4.63847,50.32988],[-4.62241,50.3343],[-4.62967,50.33453],[-4.6319,50.33874],[-4.65309,50.32368],[-4.66756,50.32309],[-4.67279,50.31397],[-4.68469,50.32012],[-4.6814,50.33782],[-4.69483,50.34767],[-4.70541,50.34866],[-4.70592,50.34025],[-4.75675,50.33105],[-4.7668,50.32063],[-4.75246,50.29877],[-4.76404,50.30047],[-4.78115,50.29017],[-4.77777,50.27907],[-4.78672,50.27022],[-4.78587,50.26208],[-4.76806,50.25389],[-4.78559,50.2454],[-4.78084,50.23749],[-4.79819,50.23018],[-4.80447,50.21847],[-4.81581,50.23074],[-4.86238,50.23603],[-4.91873,50.19624],[-4.93353,50.20709],[-4.95755,50.20224],[-4.97358,50.18566],[-4.98189,50.15183],[-5.00974,50.13919],[-5.01799,50.14862],[-5.0249,50.16546],[-5.04181,50.144],[-5.05315,50.14846],[-5.06732,50.14467],[-5.09676,50.12888],[-5.08192,50.10932],[-5.11307,50.08875],[-5.07592,50.08556],[-5.07951,50.06877],[-5.06765,50.06764],[-5.05778,50.0528],[-5.06866,50.03527],[-5.09657,50.02647],[-5.0911,50.01572],[-5.10133,50.00422],[-5.12234,50.00926],[-5.16266,50.00601],[-5.18611,49.97937],[-5.18562,49.96308],[-5.21567,49.95954],[-5.21883,49.97099],[-5.24555,49.97553],[-5.25449,49.99659],[-5.26682,50.00048],[-5.25588,50.02161],[-5.26622,50.02933],[-5.26134,50.03339],[-5.28163,50.04341],[-5.27963,50.05669],[-5.31623,50.08521],[-5.32145,50.08221],[-5.33911,50.09197],[-5.36318,50.08904],[-5.38412,50.10156],[-5.41798,50.1038],[-5.41517,50.09991],[-5.42908,50.09697],[-5.42873,50.10523],[-5.46299,50.12314],[-5.52399,50.12616],[-5.53109,50.11416],[-5.54912,50.10649],[-5.53316,50.08853],[-5.55464,50.05984],[-5.56323,50.0625],[-5.57718,50.05173],[-5.61911,50.05124],[-5.6364,50.03997],[-5.64793,50.04388],[-5.6729,50.03468],[-5.68462,50.0379],[-5.69256,50.05406],[-5.71046,50.05803],[-5.71671,50.06918],[-5.68852,50.09039],[-5.71018,50.12733],[-5.673,50.16631],[-5.62893,50.1678],[-5.60061,50.19326],[-5.5908,50.18873],[-5.53874,50.21617],[-5.49844,50.21988],[-5.48618,50.21487],[-5.47563,50.21888],[-5.46911,50.19979],[-5.43671,50.1934],[-5.43435,50.19228],[-5.39686,50.22163],[-5.39565,50.24041],[-5.37958,50.24398],[-5.37281,50.23745],[-5.33574,50.23978],[-5.30304,50.26192],[-5.28932,50.26114],[-5.27808,50.27395],[-5.25613,50.28178],[-5.25117,50.28172],[-5.23478,50.30041],[-5.23573,50.31829],[-5.2006,50.32059],[-5.18138,50.34045],[-5.15382,50.34615],[-5.14658,50.37532],[-5.15756,50.38947],[-5.14348,50.38879],[-5.14764,50.40513],[-5.13563,50.40123],[-5.13545,50.4088],[-5.12599,50.40394],[-5.10895,50.40886],[-5.10639,50.40857],[-5.12566,50.41212],[-5.10133,50.41359],[-5.09978,50.42599],[-5.08355,50.41502],[-5.05462,50.42545],[-5.06607,50.42726],[-5.05515,50.428],[-5.04205,50.44489],[-5.03608,50.47994],[-5.03513,50.49425],[-5.04675,50.4978],[-5.03223,50.50952],[-5.02116,50.50927],[-5.02971,50.51485],[-5.02418,50.53867],[-5.03965,50.54508],[-5.03659,50.54944],[-4.98376,50.54223],[-4.94957,50.56936],[-4.94982,50.55621],[-4.92582,50.54472],[-4.9311,50.5645],[-4.91553,50.576],[-4.93541,50.58675],[-4.91855,50.59451],[-4.90832,50.58455],[-4.88516,50.5823],[-4.86761,50.58902],[-4.86997,50.59541],[-4.84939,50.59884],[-4.8324,50.59216],[-4.79592,50.59822],[-4.77039,50.62239],[-4.75868,50.65284],[-4.76665,50.65486],[-4.76448,50.66974],[-4.74213,50.67673],[-4.73499,50.67151],[-4.72612,50.68404],[-4.68025,50.69602],[-4.68104,50.70444],[-4.65457,50.71623],[-4.65386,50.73985],[-4.63454,50.74097],[-4.63313,50.74994],[-4.56236,50.78142],[-4.55863,50.82873],[-4.54668,50.82991],[-4.55611,50.83681],[-4.56981,50.90371],[-4.55505,50.92593],[-4.54593,50.92836],[-4.45603,50.92887],[-4.46265,50.91349],[-4.42084,50.86671],[-4.43363,50.86552],[-4.44224,50.84699],[-4.43852,50.82316],[-4.44686,50.80827],[-4.49344,50.79316],[-4.47307,50.78498],[-4.45087,50.78571],[-4.42374,50.76458],[-4.40881,50.76243],[-4.41439,50.77442],[-4.39348,50.77825],[-4.38103,50.77054],[-4.3849,50.74773],[-4.36157,50.71895],[-4.36931,50.70256],[-4.34891,50.68955],[-4.3351,50.64644],[-4.32587,50.63789],[-4.30008,50.63342],[-4.31119,50.58488],[-4.30658,50.57858],[-4.29099,50.58373],[-4.28544,50.57501],[-4.28597,50.58467],[-4.27162,50.5826],[-4.27949,50.56918],[-4.25927,50.54578],[-4.27163,50.53675],[-4.25344,50.54364],[-4.24173,50.54283],[-4.22671,50.52977],[-4.2072,50.53354],[-4.20244,50.50313],[-4.18531,50.5085],[-4.18012,50.50306],[-4.19826,50.49148],[-4.2208,50.49774],[-4.2308,50.4911],[-4.21614,50.4755],[-4.24042,50.46258],[-4.23066,50.45509],[-4.21762,50.46446],[-4.19371,50.45503],[-4.19894,50.44561],[-4.19926,50.4357],[-4.22247,50.42534],[-4.21004,50.42571],[-4.21559,50.41515],[-4.20553,50.40781]]],[[[-6.29866,49.93723],[-6.27624,49.92867],[-6.27552,49.92162],[-6.27911,49.91508],[-6.28644,49.91672],[-6.28321,49.91168],[-6.30324,49.91126],[-6.3039,49.90298],[-6.31281,49.91324],[-6.32248,49.90776],[-6.32758,49.91258],[-6.30903,49.91662],[-6.31379,49.92754],[-6.29866,49.93723]]],[[[-6.31911,49.95331],[-6.31968,49.94473],[-6.33271,49.93912],[-6.3504,49.96715],[-6.31911,49.95331]]],[[[-6.30097,49.96406],[-6.29267,49.98065],[-6.28776,49.96568],[-6.26139,49.96415],[-6.28284,49.95609],[-6.30097,49.96406]]],[[[-6.32694,49.89258],[-6.32929,49.88866],[-6.3382,49.89347],[-6.34122,49.88235],[-6.35696,49.89782],[-6.33692,49.89413],[-6.33453,49.89877],[-6.32694,49.89258]]],[[[-6.34802,49.95569],[-6.35007,49.94579],[-6.36309,49.94584],[-6.35626,49.94909],[-6.36498,49.95161],[-6.35655,49.95973],[-6.36291,49.96548],[-6.34802,49.95569]]]]},"properties":{"name":"Cornwall & Isles of Scilly","public_name":"Cornwall & Isles of Scilly","region":"South West","public_region":"South West"}},{"type":"Feature","geometry":{"type":"MultiPolygon","coordinates":[[[[-3.29623,54.88017],[-3.29623,54.88017],[-3.29623,54.88017],[-3.28185,54.87497],[-3.28805,54.8926],[-3.26374,54.89129],[-3.24963,54.90209],[-3.25434,54.91086],[-3.27458,54.90309],[-3.30927,54.91204],[-3.31347,54.91889],[-3.28543,54.94142],[-3.24786,54.9444],[-3.2322,54.95321],[-3.186,54.94993],[-3.15515,54.93235],[-3.11881,54.92771],[-3.07362,54.93768],[-3.12976,54.93439],[-3.11563,54.93759],[-3.12865,54.93803],[-3.13144,54.94722],[-3.10873,54.94911],[-3.11372,54.95333],[-3.10332,54.95459],[-3.11627,54.96066],[-3.09497,54.96625],[-3.10501,54.97089],[-3.07792,54.97054],[-3.05707,54.98296],[-3.05754,54.99173],[-3.04408,54.99863],[-3.04949,55.00938],[-3.0259,55.03654],[-3.05342,55.04728],[-3.05093,55.0528],[-2.95859,55.04929],[-2.93645,55.05961],[-2.94042,55.06916],[-2.91516,55.07886],[-2.89624,55.07857],[-2.88629,55.09481],[-2.85209,55.10848],[-2.84125,55.12249],[-2.82678,55.12601],[-2.8255,55.13831],[-2.78487,55.14179],[-2.73256,55.16728],[-2.70344,55.1732],[-2.68978,55.18898],[-2.67455,55.17589],[-2.68325,55.16663],[-2.67732,55.15548],[-2.64712,55.13106],[-2.5989,55.12457],[-2.59355,55.10512],[-2.58077,55.0956],[-2.56842,55.09626],[-2.55694,55.08103],[-2.53225,55.08276],[-2.50257,55.09075],[-2.48633,55.08304],[-2.50123,55.07522],[-2.49219,55.06815],[-2.50398,55.06248],[-2.48304,55.04001],[-2.52691,55.03294],[-2.57318,55.01611],[-2.57331,54.98763],[-2.60136,54.97131],[-2.59556,54.96347],[-2.56842,54.95828],[-2.56764,54.94085],[-2.54527,54.92917],[-2.56621,54.91923],[-2.57641,54.89671],[-2.60527,54.88393],[-2.57335,54.85354],[-2.58267,54.84586],[-2.56784,54.82357],[-2.53375,54.8067],[-2.49558,54.81023],[-2.46059,54.83416],[-2.42269,54.84283],[-2.41162,54.85642],[-2.38973,54.83199],[-2.34842,54.80707],[-2.32738,54.80533],[-2.32328,54.795],[-2.31208,54.79101],[-2.30844,54.77351],[-2.32238,54.76419],[-2.3323,54.73199],[-2.3258,54.72659],[-2.35572,54.69774],[-2.35189,54.68585],[-2.32711,54.67058],[-2.29313,54.66412],[-2.28797,54.65047],[-2.325,54.63159],[-2.3045,54.59623],[-2.20948,54.5517],[-2.19758,54.53266],[-2.17252,54.53242],[-2.15902,54.47198],[-2.16471,54.45649],[-2.1775,54.46162],[-2.18931,54.44897],[-2.24953,54.45193],[-2.2679,54.44722],[-2.27134,54.44091],[-2.29286,54.4393],[-2.30814,54.41978],[-2.3055,54.39711],[-2.29178,54.39089],[-2.29744,54.37689],[-2.31704,54.3763],[-2.34464,54.35962],[-2.37053,54.35654],[-2.30984,54.3243],[-2.32303,54.31107],[-2.31719,54.28715],[-2.32589,54.27968],[-2.31549,54.27019],[-2.31909,54.25714],[-2.32564,54.24143],[-2.33765,54.23759],[-2.36231,54.24974],[-2.37232,54.24822],[-2.37302,54.24009],[-2.39678,54.23937],[-2.40363,54.22557],[-2.43543,54.22287],[-2.46086,54.22671],[-2.45958,54.23956],[-2.55636,54.19893],[-2.60575,54.19434],[-2.63983,54.20198],[-2.67988,54.16112],[-2.73649,54.16897],[-2.73439,54.1841],[-2.76823,54.18595],[-2.79923,54.19772],[-2.83722,54.17416],[-2.86949,54.17668],[-2.85743,54.17898],[-2.86412,54.19203],[-2.84247,54.20551],[-2.90578,54.19433],[-2.93528,54.16687],[-2.93186,54.15138],[-2.94505,54.1609],[-2.97204,54.14512],[-2.99952,54.12849],[-3.02087,54.12691],[-3.00924,54.14055],[-2.99991,54.1394],[-3.00007,54.1526],[-3.00218,54.16647],[-3.01029,54.17694],[-3.03877,54.19719],[-3.03242,54.21131],[-3.05314,54.19888],[-3.06194,54.18046],[-3.06086,54.16199],[-3.07798,54.15397],[-3.10465,54.12],[-3.14266,54.09738],[-3.1724,54.08177],[-3.15072,54.06478],[-3.17144,54.07962],[-3.17798,54.07487],[-3.17375,54.08338],[-3.19411,54.10426],[-3.22025,54.0897],[-3.24213,54.10932],[-3.23702,54.15473],[-3.24958,54.1548],[-3.25654,54.16869],[-3.21715,54.17745],[-3.22299,54.18778],[-3.21476,54.18565],[-3.20493,54.21756],[-3.18894,54.23397],[-3.19756,54.22879],[-3.21406,54.25656],[-3.22904,54.2599],[-3.22291,54.25159],[-3.23153,54.24997],[-3.22392,54.2472],[-3.23823,54.23331],[-3.23312,54.22876],[-3.25147,54.21582],[-3.23926,54.20312],[-3.25398,54.19163],[-3.28776,54.19702],[-3.29937,54.1884],[-3.31874,54.18924],[-3.4214,54.28439],[-3.42254,54.33977],[-3.43529,54.34337],[-3.50962,54.41562],[-3.59299,54.48211],[-3.61958,54.4909],[-3.63596,54.50717],[-3.63829,54.51798],[-3.61361,54.52503],[-3.59889,54.55293],[-3.57375,54.60015],[-3.56589,54.61222],[-3.57996,54.65234],[-3.57174,54.65084],[-3.51898,54.69297],[-3.50988,54.71762],[-3.50713,54.71761],[-3.43902,54.75635],[-3.43786,54.80162],[-3.39865,54.86905],[-3.36699,54.89146],[-3.33884,54.90023],[-3.33976,54.89626],[-3.29623,54.88017]]],[[[-3.27668,54.14181],[-3.25211,54.15147],[-3.26572,54.14407],[-3.25079,54.12574],[-3.24943,54.09715],[-3.22093,54.08049],[-3.22338,54.06701],[-3.21017,54.06508],[-3.20574,54.05226],[-3.19607,54.04874],[-3.17287,54.05525],[-3.17307,54.04706],[-3.19562,54.04425],[-3.21206,54.04957],[-3.26853,54.10734],[-3.27668,54.14181]]],[[[-3.29623,54.88017],[-3.29623,54.88017],[-3.29623,54.88017],[-3.29623,54.88017]]]]},"properties":{"name":"Cumbria","public_name":"Cumbria","region":"North West","public_region":"North West"}},{"type":"Feature","geometry":{"type":"MultiPolygon","coordinates":[[[[-1.46258,54.47587],[-1.45341,54.466],[-1.46251,54.46235],[-1.46035,54.45118],[-1.47204,54.45559],[-1.47297,54.45866],[-1.46784,54.46083],[-1.47546,54.4739],[-1.49904,54.47567],[-1.4921,54.48628],[-1.51133,54.475],[-1.51412,54.48376],[-1.5264,54.48521],[-1.53014,54.47574],[-1.52014,54.47083],[-1.54566,54.47123],[-1.55519,54.48497],[-1.58297,54.49709],[-1.57911,54.5051],[-1.59197,54.50451],[-1.58106,54.51283],[-1.60263,54.51057],[-1.60061,54.51709],[-1.6121,54.51998],[-1.63332,54.5141],[-1.63376,54.52535],[-1.65467,54.52464],[-1.65793,54.53458],[-1.68362,54.53347],[-1.69692,54.536],[-1.70527,54.54916],[-1.6912,54.55623],[-1.70927,54.56317],[-1.70898,54.57413],[-1.70002,54.58417],[-1.6793,54.58596],[-1.68241,54.61776],[-1.60676,54.61753],[-1.60621,54.60343],[-1.58418,54.61048],[-1.5934,54.59507],[-1.58331,54.5809],[-1.55281,54.58233],[-1.55864,54.59211],[-1.48468,54.59967],[-1.45607,54.59921],[-1.44339,54.59061],[-1.4233,54.60312],[-1.4081,54.59432],[-1.41138,54.56477],[-1.44674,54.55566],[-1.44963,54.53295],[-1.42147,54.51963],[-1.42516,54.50052],[-1.43631,54.49097],[-1.45779,54.50364],[-1.47418,54.50097],[-1.45837,54.49251],[-1.46258,54.47587]]]]},"properties":{"name":"Darlington","public_name":"Darlington","region":"North East","public_region":"North East"}},{"type":"Feature","geometry":{"type":"MultiPolygon","coordinates":[[[[-3.23744,52.951],[-3.29741,52.9431],[-3.31426,52.94684],[-3.32434,52.93183],[-3.35342,52.92196],[-3.34882,52.91629],[-3.37542,52.89473],[-3.38894,52.8761],[-3.46729,52.8621],[-3.48307,52.8655],[-3.47356,52.87125],[-3.48996,52.89577],[-3.46497,52.9202],[-3.49145,52.93368],[-3.44667,52.96329],[-3.44862,52.97402],[-3.43676,52.98082],[-3.45789,52.98491],[-3.45459,52.99791],[-3.48115,53.01855],[-3.47624,53.02642],[-3.48966,53.03793],[-3.46287,53.04615],[-3.46516,53.05305],[-3.48689,53.06591],[-3.48693,53.08403],[-3.50986,53.07634],[-3.51579,53.08977],[-3.56493,53.09464],[-3.59306,53.07844],[-3.60161,53.08519],[-3.59944,53.09155],[-3.55595,53.10665],[-3.56644,53.11162],[-3.56334,53.11947],[-3.53402,53.13996],[-3.46098,53.16497],[-3.4745,53.17632],[-3.46602,53.22076],[-3.50942,53.2417],[-3.52672,53.24079],[-3.53305,53.24884],[-3.51831,53.25636],[-3.52178,53.28341],[-3.50508,53.29123],[-3.5066,53.29869],[-3.49147,53.3],[-3.50927,53.31324],[-3.48061,53.32833],[-3.3634,53.35198],[-3.36907,53.33426],[-3.38822,53.3233],[-3.3937,53.32679],[-3.40022,53.31762],[-3.39765,53.30962],[-3.38038,53.31392],[-3.39425,53.30167],[-3.38223,53.30103],[-3.37518,53.29159],[-3.35574,53.29697],[-3.35694,53.28386],[-3.33062,53.27442],[-3.3618,53.25303],[-3.3504,53.25213],[-3.33381,53.23665],[-3.30444,53.23291],[-3.32237,53.22041],[-3.31643,53.20953],[-3.30418,53.20801],[-3.31105,53.20067],[-3.27547,53.17972],[-3.28099,53.16859],[-3.27126,53.15749],[-3.24585,53.15225],[-3.20817,53.15981],[-3.1824,53.15403],[-3.17685,53.11606],[-3.16998,53.10825],[-3.14591,53.10393],[-3.15183,53.09317],[-3.13007,53.07207],[-3.12923,53.06145],[-3.14776,53.04381],[-3.13082,53.0241],[-3.14877,52.99856],[-3.12063,52.98553],[-3.12229,52.97674],[-3.10516,52.97332],[-3.11128,52.96937],[-3.0903,52.9716],[-3.09292,52.96393],[-3.11069,52.9617],[-3.09707,52.95899],[-3.19797,52.94419],[-3.23744,52.951]]]]},"properties":{"name":"Denbighshire","public_name":"Denbighshire","region":"Wales","public_region":"Wales"}},{"type":"Feature","geometry":{"type":"MultiPolygon","coordinates":[[[[-1.41892,52.88453],[-1.41647,52.87568],[-1.42978,52.87019],[-1.42357,52.86506],[-1.44458,52.86106],[-1.46376,52.87247],[-1.49367,52.86972],[-1.50312,52.88483],[-1.5417,52.88952],[-1.55686,52.91466],[-1.54573,52.92662],[-1.53791,52.92483],[-1.50803,52.93743],[-1.50765,52.95431],[-1.49781,52.95599],[-1.49541,52.96586],[-1.47365,52.96492],[-1.46765,52.9648],[-1.46856,52.95064],[-1.4578,52.94823],[-1.40928,52.9503],[-1.41991,52.93176],[-1.38308,52.92591],[-1.38827,52.90145],[-1.40278,52.90044],[-1.41892,52.88453]]]]},"properties":{"name":"Derby","public_name":"Derby","region":"East Midlands","public_region":"Midlands"}},{"type":"Feature","geometry":{"type":"MultiPolygon","coordinates":[[[[-1.19694,53.1848],[-1.24179,53.17808],[-1.25993,53.16446],[-1.29596,53.17121],[-1.30071,53.1642],[-1.31655,53.16534],[-1.32345,53.16232],[-1.31498,53.1358],[-1.32178,53.13063],[-1.30142,53.10415],[-1.30925,53.09677],[-1.30256,53.08851],[-1.33164,53.08097],[-1.34306,53.07096],[-1.33639,53.053],[-1.33181,53.0309],[-1.31336,53.00522],[-1.28785,52.96979],[-1.29251,52.95562],[-1.28104,52.94914],[-1.28194,52.91074],[-1.24662,52.90308],[-1.23971,52.89227],[-1.24386,52.8915],[-1.24006,52.88009],[-1.26789,52.87335],[-1.306,52.87706],[-1.31933,52.86948],[-1.32534,52.86596],[-1.34487,52.86751],[-1.35118,52.85327],[-1.36073,52.85535],[-1.39433,52.83675],[-1.38794,52.83308],[-1.41771,52.8016],[-1.44357,52.80273],[-1.4419,52.79352],[-1.46279,52.78684],[-1.45589,52.77708],[-1.46876,52.76677],[-1.49407,52.75907],[-1.50395,52.76744],[-1.55485,52.762],[-1.5625,52.75057],[-1.54532,52.72822],[-1.56388,52.71118],[-1.57713,52.71175],[-1.60401,52.6967],[-1.63535,52.70247],[-1.65505,52.69878],[-1.65662,52.72173],[-1.70729,52.73058],[-1.69222,52.74416],[-1.69687,52.75272],[-1.66561,52.78514],[-1.64994,52.77946],[-1.63825,52.78671],[-1.62696,52.77975],[-1.6193,52.78515],[-1.61113,52.78139],[-1.61435,52.78826],[-1.58895,52.7998],[-1.59183,52.80947],[-1.61034,52.8156],[-1.58547,52.83161],[-1.62676,52.85442],[-1.68999,52.86442],[-1.70273,52.8609],[-1.70435,52.86666],[-1.72515,52.85963],[-1.74474,52.8687],[-1.77712,52.88377],[-1.78825,52.88006],[-1.80186,52.88613],[-1.81106,52.88063],[-1.83272,52.88708],[-1.82995,52.89645],[-1.85548,52.92043],[-1.85408,52.93084],[-1.82982,52.94565],[-1.82612,52.97747],[-1.76241,52.99984],[-1.75679,53.0308],[-1.77899,53.04483],[-1.7847,53.04991],[-1.77566,53.05934],[-1.78565,53.06309],[-1.79424,53.08838],[-1.78306,53.09309],[-1.78373,53.10281],[-1.82144,53.13579],[-1.81608,53.15862],[-1.87398,53.19534],[-1.90395,53.19856],[-1.95671,53.21373],[-1.96237,53.22622],[-1.98741,53.21357],[-1.99023,53.22302],[-1.97486,53.23104],[-1.99973,53.24503],[-2.00949,53.26063],[-2.00155,53.3189],[-2.01365,53.3324],[-2.00466,53.34599],[-2.00894,53.3617],[-2.02713,53.36375],[-2.04056,53.37407],[-2.03106,53.37025],[-2.03378,53.37553],[-2.02147,53.37504],[-2.00464,53.38631],[-1.99233,53.41518],[-2.0137,53.41587],[-2.02623,53.42979],[-2.01312,53.43993],[-2.00416,53.43591],[-2.0081,53.4416],[-1.9806,53.46319],[-1.98792,53.4803],[-1.97428,53.48837],[-1.97132,53.50454],[-1.96339,53.50981],[-1.95134,53.50418],[-1.92197,53.50994],[-1.9175,53.51306],[-1.92678,53.52093],[-1.90962,53.53837],[-1.89411,53.5336],[-1.87349,53.54041],[-1.84162,53.51982],[-1.82223,53.52108],[-1.81952,53.51341],[-1.80078,53.51136],[-1.81029,53.50633],[-1.7962,53.5031],[-1.80147,53.48098],[-1.76835,53.46471],[-1.74533,53.46217],[-1.74674,53.42618],[-1.72995,53.41597],[-1.70437,53.41533],[-1.70497,53.40504],[-1.65487,53.39304],[-1.66396,53.36687],[-1.59055,53.3459],[-1.61219,53.34322],[-1.63277,53.32081],[-1.6277,53.31624],[-1.60878,53.32252],[-1.60153,53.31819],[-1.59908,53.31136],[-1.58503,53.32157],[-1.58054,53.31172],[-1.56147,53.31592],[-1.56176,53.3064],[-1.53692,53.30471],[-1.50211,53.31757],[-1.46791,53.31713],[-1.45524,53.32183],[-1.45993,53.33061],[-1.44202,53.33739],[-1.42087,53.33455],[-1.41109,53.342],[-1.38666,53.33484],[-1.38982,53.31843],[-1.36266,53.31501],[-1.35646,53.3193],[-1.33775,53.31583],[-1.32473,53.32881],[-1.32162,53.32547],[-1.31233,53.33415],[-1.29907,53.33251],[-1.28856,53.32616],[-1.29571,53.31504],[-1.282,53.30946],[-1.24345,53.30158],[-1.2306,53.30862],[-1.20318,53.30417],[-1.19974,53.31142],[-1.17668,53.30516],[-1.17156,53.29462],[-1.18012,53.28711],[-1.16649,53.27763],[-1.18154,53.27001],[-1.1748,53.26509],[-1.20234,53.26125],[-1.21303,53.24765],[-1.202,53.23553],[-1.20943,53.21768],[-1.19694,53.1848]],[[-1.41892,52.88453],[-1.41647,52.87568],[-1.42978,52.87019],[-1.42357,52.86506],[-1.44458,52.86106],[-1.46376,52.87247],[-1.49367,52.86972],[-1.50312,52.88483],[-1.5417,52.88952],[-1.55686,52.91466],[-1.54573,52.92662],[-1.53791,52.92483],[-1.50803,52.93743],[-1.50765,52.95431],[-1.49781,52.95599],[-1.49541,52.96586],[-1.47365,52.96492],[-1.46765,52.9648],[-1.46856,52.95064],[-1.4578,52.94823],[-1.40928,52.9503],[-1.41991,52.93176],[-1.38308,52.92591],[-1.38827,52.90145],[-1.40278,52.90044],[-1.41892,52.88453]]]]},"properties":{"name":"Derbyshire","public_name":"Derbyshire","region":"East Midlands","public_region":"Midlands"}},{"type":"Feature","geometry":{"type":"MultiPolygon","coordinates":[[[[-2.95259,50.76139],[-2.93506,50.75428],[-2.95301,50.72839],[-2.95345,50.71425],[-3.01616,50.69899],[-3.07987,50.70229],[-3.09571,50.68531],[-3.1847,50.68491],[-3.25463,50.6741],[-3.27601,50.66227],[-3.3006,50.63149],[-3.34919,50.6201],[-3.36186,50.60644],[-3.42647,50.61799],[-3.41587,50.62958],[-3.44962,50.67308],[-3.44974,50.68446],[-3.45631,50.6749],[-3.46859,50.68173],[-3.46808,50.66396],[-3.45138,50.64745],[-3.44366,50.6016],[-3.42453,50.61103],[-3.46401,50.58075],[-3.46857,50.56306],[-3.49643,50.5417],[-3.50977,50.54288],[-3.49597,50.53778],[-3.50902,50.51653],[-3.52089,50.5177],[-3.51998,50.51106],[-3.54361,50.49747],[-3.55995,50.49489],[-3.56476,50.48698],[-3.56977,50.49072],[-3.58423,50.47774],[-3.58865,50.45063],[-3.61276,50.44698],[-3.6284,50.43434],[-3.61321,50.41451],[-3.57983,50.41022],[-3.57471,50.39412],[-3.54424,50.3735],[-3.50764,50.37949],[-3.52106,50.35876],[-3.51787,50.34653],[-3.54416,50.33545],[-3.57201,50.34878],[-3.56351,50.33547],[-3.57904,50.32581],[-3.61213,50.31855],[-3.64079,50.29219],[-3.65898,50.23638],[-3.64041,50.2218],[-3.65643,50.21782],[-3.68099,50.22246],[-3.72139,50.20187],[-3.73737,50.21481],[-3.7691,50.22128],[-3.76159,50.23622],[-3.78188,50.22962],[-3.78066,50.21565],[-3.79008,50.20998],[-3.82294,50.2171],[-3.87126,50.24188],[-3.859,50.24266],[-3.85806,50.2608],[-3.88164,50.27349],[-3.87992,50.28144],[-3.89466,50.2817],[-3.923,50.29708],[-3.94369,50.29594],[-3.94779,50.30476],[-3.94608,50.31244],[-3.96056,50.30451],[-3.99164,50.30753],[-4.01398,50.30266],[-4.02038,50.29461],[-4.05067,50.29435],[-4.07412,50.30697],[-4.0333,50.31341],[-4.119,50.31952],[-4.12658,50.3445],[-4.09056,50.34092],[-4.05017,50.35806],[-4.05017,50.37748],[-4.02692,50.37912],[-4.02114,50.39179],[-4.03962,50.40143],[-4.07148,50.40186],[-4.08256,50.42457],[-4.11003,50.43244],[-4.11346,50.44417],[-4.13564,50.43294],[-4.15583,50.43644],[-4.16579,50.41989],[-4.18507,50.43428],[-4.19894,50.44561],[-4.19371,50.45503],[-4.21762,50.46446],[-4.23066,50.45509],[-4.24042,50.46258],[-4.21614,50.4755],[-4.2308,50.4911],[-4.2208,50.49774],[-4.19826,50.49148],[-4.18012,50.50306],[-4.18531,50.5085],[-4.20244,50.50313],[-4.2072,50.53354],[-4.22671,50.52977],[-4.24173,50.54283],[-4.25344,50.54364],[-4.27163,50.53675],[-4.25927,50.54578],[-4.27949,50.56918],[-4.27162,50.5826],[-4.28597,50.58467],[-4.28544,50.57501],[-4.29099,50.58373],[-4.30658,50.57858],[-4.31119,50.58488],[-4.30008,50.63342],[-4.32587,50.63789],[-4.3351,50.64644],[-4.34891,50.68955],[-4.36931,50.70256],[-4.36157,50.71895],[-4.3849,50.74773],[-4.38103,50.77054],[-4.39348,50.77825],[-4.41439,50.77442],[-4.40881,50.76243],[-4.42374,50.76458],[-4.45087,50.78571],[-4.47307,50.78498],[-4.49344,50.79316],[-4.44686,50.80827],[-4.43852,50.82316],[-4.44224,50.84699],[-4.43363,50.86552],[-4.42084,50.86671],[-4.46265,50.91349],[-4.45603,50.92887],[-4.54593,50.92836],[-4.55098,50.93936],[-4.533,50.96538],[-4.53501,51.00867],[-4.52594,51.02218],[-4.46951,51.02158],[-4.42528,51.01364],[-4.37493,50.99011],[-4.33922,50.98957],[-4.30064,50.99909],[-4.25826,51.03761],[-4.23814,51.04144],[-4.21812,51.06522],[-4.20848,51.06183],[-4.21027,51.05192],[-4.19066,51.05491],[-4.19828,51.03301],[-4.17967,51.04854],[-4.18087,51.06631],[-4.19052,51.06488],[-4.21452,51.07525],[-4.22241,51.11763],[-4.24027,51.12057],[-4.23916,51.13329],[-4.26184,51.14282],[-4.22372,51.14426],[-4.21639,51.1514],[-4.21147,51.17831],[-4.23051,51.18788],[-4.21153,51.19015],[-4.20124,51.20067],[-4.17758,51.19741],[-4.12165,51.21263],[-4.09729,51.21082],[-4.0881,51.21745],[-4.03865,51.2067],[-4.0277,51.21649],[-3.95821,51.21922],[-3.92564,51.23197],[-3.89196,51.22381],[-3.84954,51.23496],[-3.81345,51.23114],[-3.78697,51.2463],[-3.76974,51.23767],[-3.72151,51.23362],[-3.73319,51.22273],[-3.72602,51.17894],[-3.78629,51.17193],[-3.80625,51.17787],[-3.8398,51.17667],[-3.83447,51.13838],[-3.80427,51.11569],[-3.76738,51.10579],[-3.72004,51.08086],[-3.69239,51.0806],[-3.64887,51.05859],[-3.62439,51.06125],[-3.59446,51.0552],[-3.61461,51.01272],[-3.59163,51.00617],[-3.53503,51.00335],[-3.51889,51.01479],[-3.52041,51.02588],[-3.48413,51.03382],[-3.46367,51.02527],[-3.4268,51.03141],[-3.41569,51.02784],[-3.41576,51.02363],[-3.38047,51.01849],[-3.37865,50.97751],[-3.33371,50.9828],[-3.29384,50.95515],[-3.25482,50.94185],[-3.16647,50.94772],[-3.18786,50.91043],[-3.17049,50.90759],[-3.17042,50.90036],[-3.15609,50.90007],[-3.14233,50.88925],[-3.12633,50.90172],[-3.05287,50.90873],[-3.05478,50.87463],[-3.03262,50.86165],[-3.0368,50.85107],[-3.01143,50.85724],[-2.9985,50.85099],[-2.97358,50.85567],[-2.96982,50.83419],[-2.95588,50.82281],[-2.96126,50.81555],[-2.8926,50.80471],[-2.88664,50.79482],[-2.89745,50.78615],[-2.93362,50.78115],[-2.95437,50.76771],[-2.95259,50.76139]]],[[[-4.65309,51.16213],[-4.67108,51.15848],[-4.67624,51.16409],[-4.67751,51.20253],[-4.65309,51.16213]]]]},"properties":{"name":"Devon","public_name":"Devon","region":"South West","public_region":"South West"}},{"type":"Feature","geometry":{"type":"MultiPolygon","coordinates":[[[[-1.73946,50.72467],[-1.74113,50.72154],[-1.7427,50.72154],[-1.74231,50.72353],[-1.75665,50.73021],[-1.76434,50.72334],[-1.76999,50.73049],[-1.79425,50.73078],[-1.79333,50.73628],[-1.81557,50.74339],[-1.81715,50.75714],[-1.84219,50.76151],[-1.85098,50.7735],[-1.87305,50.76326],[-1.8939,50.7801],[-1.92208,50.77375],[-1.91862,50.78063],[-1.93713,50.7828],[-1.93613,50.79716],[-1.95833,50.7893],[-2.00583,50.791],[-1.99914,50.78814],[-2.00933,50.7826],[-2.01274,50.74831],[-2.02478,50.72937],[-2.05336,50.72877],[-2.04816,50.72281],[-2.04225,50.72629],[-2.04163,50.71404],[-2.06291,50.71655],[-2.07191,50.70792],[-2.05764,50.70563],[-2.07217,50.70505],[-2.08215,50.68698],[-2.06573,50.68673],[-2.05453,50.69981],[-2.02614,50.70743],[-2.01809,50.70158],[-2.03321,50.70212],[-2.02444,50.68767],[-2.05268,50.67799],[-2.04732,50.67406],[-2.02473,50.68462],[-2.02659,50.67805],[-2.02207,50.68211],[-2.01146,50.68278],[-2.004,50.67781],[-1.99859,50.67665],[-1.99574,50.66716],[-1.97837,50.67695],[-1.98526,50.66991],[-1.97472,50.66516],[-1.94984,50.68013],[-1.94174,50.67306],[-1.9494,50.64586],[-1.92377,50.64205],[-1.95633,50.61791],[-1.95655,50.60923],[-1.9441,50.60747],[-1.95117,50.59438],[-2.02669,50.58889],[-2.05527,50.5765],[-2.06338,50.59321],[-2.11455,50.59905],[-2.13442,50.61263],[-2.14604,50.60851],[-2.15778,50.61542],[-2.18751,50.61486],[-2.1985,50.62303],[-2.23637,50.61598],[-2.32421,50.62525],[-2.33875,50.63199],[-2.4102,50.63317],[-2.42557,50.63533],[-2.44251,50.6254],[-2.45257,50.61295],[-2.44137,50.60965],[-2.45091,50.60375],[-2.43243,50.59619],[-2.44999,50.60124],[-2.47184,50.58355],[-2.48779,50.59111],[-2.51749,50.61787],[-2.54885,50.6249],[-2.54529,50.6309],[-2.55806,50.63085],[-2.5605,50.63916],[-2.61149,50.65411],[-2.504,50.59656],[-2.62711,50.65958],[-2.76167,50.71127],[-2.91003,50.73384],[-2.9478,50.71831],[-2.95301,50.72839],[-2.93506,50.75428],[-2.95259,50.76139],[-2.95437,50.76771],[-2.93362,50.78115],[-2.89745,50.78615],[-2.88664,50.79482],[-2.8926,50.80471],[-2.96126,50.81555],[-2.95588,50.82281],[-2.94168,50.8359],[-2.88624,50.8506],[-2.82964,50.84856],[-2.81142,50.86342],[-2.79243,50.85284],[-2.7575,50.86691],[-2.71455,50.8639],[-2.71439,50.87115],[-2.66061,50.88711],[-2.61789,50.88101],[-2.60944,50.89086],[-2.62407,50.90777],[-2.60404,50.92673],[-2.61604,50.94145],[-2.5982,50.94858],[-2.60339,50.97635],[-2.59584,50.98135],[-2.58602,50.97688],[-2.57463,50.9867],[-2.55621,50.97954],[-2.54542,50.98509],[-2.55149,50.99635],[-2.53517,50.99938],[-2.52653,50.99193],[-2.50253,50.99391],[-2.49035,50.97278],[-2.45866,50.94975],[-2.44348,50.95847],[-2.44718,50.96786],[-2.42799,50.97139],[-2.41493,50.96059],[-2.34456,50.97884],[-2.35496,50.9909],[-2.37776,50.99142],[-2.37805,51.01172],[-2.33015,51.04119],[-2.34998,51.06881],[-2.32713,51.07977],[-2.26863,51.06875],[-2.24469,51.07232],[-2.19285,51.03734],[-2.17257,51.00108],[-2.11977,50.9782],[-2.12062,50.96143],[-2.10287,50.94561],[-2.06729,50.95183],[-2.05833,50.96365],[-2.03657,50.97218],[-1.99404,50.97573],[-1.96537,50.99204],[-1.95666,50.98638],[-1.95547,50.97827],[-1.92099,50.9615],[-1.87372,50.91726],[-1.84184,50.93167],[-1.81076,50.92717],[-1.81655,50.90396],[-1.82496,50.89578],[-1.84172,50.89703],[-1.85353,50.86653],[-1.85095,50.85873],[-1.83002,50.85528],[-1.80803,50.86447],[-1.80246,50.84281],[-1.79071,50.8364],[-1.8038,50.82991],[-1.80296,50.8135],[-1.81202,50.80882],[-1.80232,50.79669],[-1.80594,50.79209],[-1.78788,50.77887],[-1.78561,50.76478],[-1.7488,50.77943],[-1.7391,50.76351],[-1.74418,50.74747],[-1.68181,50.75183],[-1.69241,50.73684],[-1.70994,50.7365],[-1.73941,50.72469],[-1.7394,50.72472],[-1.73946,50.72467]]],[[[-2.42957,50.53601],[-2.45758,50.51324],[-2.44902,50.56],[-2.50257,50.59759],[-2.46063,50.57128],[-2.42211,50.56931],[-2.42864,50.56633],[-2.41568,50.5492],[-2.42957,50.53601]]],[[[-1.97436,50.69725],[-1.95589,50.69081],[-1.96698,50.68593],[-1.98811,50.69244],[-1.97436,50.69725]]],[[[-2.01866,50.6847],[-2.02201,50.69396],[-2.01227,50.68801],[-2.01866,50.6847]]],[[[-2.00905,50.68308],[-2.00905,50.68305],[-2.00946,50.68305],[-2.00964,50.68346],[-2.00969,50.68312],[-2.01037,50.68308],[-2.01189,50.6836],[-2.01076,50.68406],[-2.0095,50.68361],[-2.00905,50.68308]]]]},"properties":{"name":"Dorset","public_name":"Dorset","region":"South West","public_region":"South West"}},{"type":"Feature","geometry":{"type":"MultiPolygon","coordinates":[[[[-1.34446,54.69112],[-1.33443,54.68904],[-1.33093,54.68212],[-1.34784,54.66241],[-1.34121,54.65023],[-1.38268,54.64438],[-1.38089,54.64391],[-1.41281,54.61658],[-1.4509,54.6105],[-1.44339,54.59061],[-1.45607,54.59921],[-1.48468,54.59967],[-1.55864,54.59211],[-1.55281,54.58233],[-1.58331,54.5809],[-1.5934,54.59507],[-1.58418,54.61048],[-1.60621,54.60343],[-1.60676,54.61753],[-1.68241,54.61776],[-1.6793,54.58596],[-1.70002,54.58417],[-1.70898,54.57413],[-1.70927,54.56317],[-1.6912,54.55623],[-1.70527,54.54916],[-1.69692,54.536],[-1.72187,54.54225],[-1.73308,54.52773],[-1.77969,54.53186],[-1.77612,54.50672],[-1.79294,54.48436],[-1.83943,54.50843],[-1.85779,54.50353],[-1.85912,54.48185],[-1.94254,54.45339],[-1.97005,54.45151],[-1.99676,54.46689],[-2.04472,54.47518],[-2.04319,54.48359],[-2.11659,54.46225],[-2.16471,54.45649],[-2.15902,54.47198],[-2.17252,54.53242],[-2.19758,54.53266],[-2.20948,54.5517],[-2.3045,54.59623],[-2.325,54.63159],[-2.28797,54.65047],[-2.29313,54.66412],[-2.32711,54.67058],[-2.35189,54.68585],[-2.35572,54.69774],[-2.3258,54.72659],[-2.3323,54.73199],[-2.32238,54.76419],[-2.30844,54.77351],[-2.31208,54.79101],[-2.28267,54.79825],[-2.2189,54.78237],[-2.19859,54.80673],[-2.16946,54.8036],[-2.16634,54.81388],[-2.14312,54.82695],[-2.13978,54.84186],[-2.08247,54.83821],[-2.03975,54.84828],[-2.00096,54.86966],[-1.98023,54.86818],[-1.95293,54.8541],[-1.93267,54.85418],[-1.92719,54.84137],[-1.91519,54.83397],[-1.89746,54.84575],[-1.8704,54.85066],[-1.85443,54.89118],[-1.821,54.90565],[-1.79492,54.90354],[-1.78175,54.91153],[-1.7681,54.90691],[-1.73758,54.91869],[-1.7249,54.90879],[-1.6984,54.90899],[-1.69168,54.90259],[-1.67477,54.90955],[-1.67812,54.89984],[-1.65994,54.89066],[-1.65,54.89362],[-1.64542,54.8788],[-1.59415,54.90201],[-1.5799,54.87776],[-1.56097,54.88343],[-1.5618,54.87571],[-1.53195,54.87818],[-1.50666,54.87113],[-1.50764,54.8504],[-1.50356,54.83747],[-1.48184,54.80964],[-1.4935,54.79999],[-1.43752,54.80052],[-1.42253,54.80317],[-1.413,54.8233],[-1.41357,54.84485],[-1.38165,54.84715],[-1.36867,54.85769],[-1.34744,54.86062],[-1.32098,54.83773],[-1.30074,54.76979],[-1.24192,54.72271],[-1.27024,54.72716],[-1.30551,54.71751],[-1.30131,54.70809],[-1.31936,54.69132],[-1.34446,54.69112]]]]},"properties":{"name":"Durham","public_name":"Durham","region":"North East","public_region":"North East"}},{"type":"Feature","geometry":{"type":"MultiPolygon","coordinates":[[[[0.14547,53.60735],[0.14392,53.60183],[0.14349,53.60796],[0.12457,53.62339],[0.07959,53.64099],[0.03449,53.64919],[-0.05409,53.62899],[-0.11352,53.63943],[-0.22725,53.70847],[-0.23693,53.72668],[-0.24439,53.73081],[-0.25232,53.78131],[-0.27824,53.78204],[-0.31613,53.81325],[-0.3624,53.80499],[-0.3596,53.79336],[-0.39221,53.79111],[-0.38811,53.76932],[-0.4182,53.76061],[-0.42118,53.75375],[-0.40194,53.74997],[-0.42212,53.73176],[-0.4192,53.71956],[-0.44745,53.71385],[-0.47338,53.71726],[-0.55316,53.70953],[-0.58325,53.72655],[-0.63021,53.73397],[-0.62466,53.72905],[-0.67299,53.72132],[-0.69597,53.70434],[-0.7265,53.70414],[-0.69849,53.69763],[-0.70245,53.67747],[-0.72176,53.67934],[-0.77449,53.65619],[-0.77213,53.66405],[-0.78874,53.65919],[-0.8058,53.64633],[-0.84826,53.63302],[-0.86533,53.63769],[-0.94684,53.65912],[-0.991,53.66117],[-1.03722,53.65448],[-1.051,53.65754],[-1.10357,53.66954],[-1.08104,53.68459],[-1.07493,53.70398],[-1.06231,53.70672],[-1.03902,53.69367],[-0.98058,53.69669],[-0.98042,53.70481],[-0.96795,53.70652],[-0.96253,53.70053],[-0.95737,53.71469],[-0.9037,53.71787],[-0.90987,53.73279],[-0.96106,53.7367],[-0.9733,53.75017],[-0.92837,53.76531],[-0.93447,53.80184],[-0.92008,53.81596],[-0.94061,53.8235],[-0.94813,53.8621],[-0.92938,53.87925],[-0.91967,53.88928],[-0.94951,53.89383],[-0.92167,53.92121],[-0.92772,53.93084],[-0.9212,53.9604],[-0.9341,53.96865],[-0.92529,53.9915],[-0.8939,53.99952],[-0.87844,54.01717],[-0.84315,54.02168],[-0.79898,54.02407],[-0.79918,54.01904],[-0.73425,54.03024],[-0.73048,54.01268],[-0.70489,54.00605],[-0.68367,54.00874],[-0.68729,54.03043],[-0.67849,54.03723],[-0.65948,54.03715],[-0.64464,54.05509],[-0.66031,54.06308],[-0.61551,54.07047],[-0.59078,54.08713],[-0.56313,54.09398],[-0.5246,54.08546],[-0.46593,54.10761],[-0.45434,54.11674],[-0.45853,54.12596],[-0.42708,54.13742],[-0.43316,54.16405],[-0.41824,54.17405],[-0.39073,54.1765],[-0.37491,54.15409],[-0.34638,54.14685],[-0.32383,54.15028],[-0.30407,54.13625],[-0.26541,54.14054],[-0.22973,54.13242],[-0.21253,54.15757],[-0.20326,54.15644],[-0.09374,54.12838],[-0.07638,54.11641],[-0.10471,54.1041],[-0.16796,54.09833],[-0.18636,54.07958],[-0.19841,54.0779],[-0.21225,54.05754],[-0.21192,54.00732],[-0.15636,53.90467],[-0.04427,53.79613],[0.1141,53.66535],[0.14257,53.62343],[0.14547,53.60735]]]]},"properties":{"name":"East Riding of Yorkshire","public_name":"East Riding of Yorkshire","region":"Yorkshire and The Humber","public_region":"North East"}},{"type":"Feature","geometry":{"type":"MultiPolygon","coordinates":[[[[0.06084,51.78352],[0.09912,51.78321],[0.12558,51.79515],[0.14811,51.79594],[0.15828,51.81351],[0.17328,51.81754],[0.16118,51.82594],[0.17044,51.86161],[0.19557,51.86808],[0.17495,51.8828],[0.18387,51.89336],[0.12473,51.88458],[0.11841,51.94716],[0.09643,51.98432],[0.06688,51.9798],[0.07244,51.9874],[0.07412,52.0014],[0.06507,52.00759],[0.08049,52.00813],[0.09223,52.02164],[0.10571,52.06025],[0.11905,52.05995],[0.12811,52.04731],[0.15109,52.05284],[0.16637,52.04818],[0.16754,52.05499],[0.18989,52.06019],[0.18317,52.07317],[0.19394,52.07547],[0.20343,52.09266],[0.23518,52.08899],[0.25154,52.07677],[0.2762,52.09263],[0.28598,52.09039],[0.32464,52.07277],[0.34383,52.051],[0.37169,52.03736],[0.394,52.03183],[0.37958,52.04955],[0.4033,52.06624],[0.43809,52.0723],[0.45359,52.06813],[0.46664,52.07844],[0.50079,52.0538],[0.51102,52.05982],[0.54223,52.05775],[0.55134,52.06874],[0.60735,52.0809],[0.61932,52.07656],[0.63454,52.08627],[0.65416,52.08605],[0.68426,52.08693],[0.71209,52.07223],[0.70315,52.06526],[0.71623,52.04867],[0.69937,52.04842],[0.69648,52.03929],[0.71248,52.03486],[0.7065,52.02951],[0.71437,52.02731],[0.74078,52.03102],[0.7385,52.01069],[0.76112,51.99747],[0.75964,51.98542],[0.7746,51.98258],[0.77223,51.97041],[0.78101,51.96612],[0.78713,51.96312],[0.81217,51.96087],[0.82183,51.96871],[0.85021,51.96075],[0.88981,51.97339],[0.92514,51.97618],[0.94288,51.97068],[0.96246,51.97715],[0.97151,51.96225],[0.99868,51.96395],[1.02577,51.95587],[1.0483,51.95931],[1.06185,51.94593],[1.11941,51.94003],[1.17059,51.94799],[1.18826,51.94062],[1.21911,51.9449],[1.21725,51.93981],[1.22738,51.93946],[1.24727,51.94833],[1.27792,51.93936],[1.29043,51.9497],[1.29659,51.93557],[1.28129,51.93474],[1.25336,51.91776],[1.2467,51.8961],[1.232,51.90151],[1.2466,51.8913],[1.23162,51.88741],[1.23084,51.90194],[1.22598,51.90373],[1.21208,51.8965],[1.22828,51.89053],[1.21248,51.89037],[1.19899,51.88478],[1.20976,51.87848],[1.17818,51.87142],[1.20775,51.87086],[1.22439,51.88057],[1.21273,51.86994],[1.22846,51.8726],[1.23238,51.85506],[1.23712,51.86196],[1.24926,51.86229],[1.24989,51.8561],[1.25247,51.86371],[1.26789,51.8636],[1.26994,51.86365],[1.26836,51.86521],[1.26771,51.8647],[1.26467,51.86395],[1.26331,51.86395],[1.26357,51.8641],[1.26181,51.86517],[1.26165,51.86649],[1.25877,51.86871],[1.25606,51.86866],[1.25496,51.86924],[1.25183,51.86946],[1.25191,51.8702],[1.25138,51.87093],[1.25222,51.87209],[1.25267,51.87218],[1.25314,51.87343],[1.25416,51.87362],[1.25634,51.87312],[1.25783,51.87331],[1.26009,51.87231],[1.26053,51.8725],[1.26452,51.87226],[1.26736,51.86867],[1.26749,51.86758],[1.2665,51.86833],[1.26648,51.86776],[1.26701,51.86732],[1.26653,51.86679],[1.26786,51.86718],[1.26832,51.86588],[1.26776,51.87709],[1.29085,51.87416],[1.28721,51.85926],[1.23648,51.81915],[1.13213,51.77713],[1.03969,51.7715],[1.02921,51.78868],[1.03907,51.77416],[1.03759,51.79],[1.01772,51.80128],[1.04936,51.8014],[1.0602,51.81159],[1.06777,51.82108],[1.05675,51.81879],[1.05976,51.81251],[1.05859,51.81126],[1.02614,51.80461],[0.99416,51.81594],[0.98284,51.82953],[0.99146,51.83839],[0.97653,51.84575],[0.98229,51.81735],[0.95252,51.83327],[0.96414,51.82198],[0.94351,51.82215],[0.96956,51.81272],[0.92967,51.80782],[0.93712,51.80585],[0.91148,51.79961],[0.90418,51.80409],[0.89342,51.77443],[0.86791,51.79246],[0.8772,51.77934],[0.89458,51.76629],[0.86033,51.76884],[0.8574,51.77499],[0.83523,51.77214],[0.85617,51.76772],[0.84094,51.77021],[0.84224,51.76482],[0.8607,51.76428],[0.88266,51.75762],[0.85622,51.74379],[0.84715,51.74751],[0.84774,51.7403],[0.81366,51.73851],[0.79226,51.74515],[0.7886,51.73665],[0.77672,51.74395],[0.77472,51.73889],[0.76052,51.74247],[0.75551,51.7354],[0.75206,51.73274],[0.73549,51.72947],[0.71286,51.73749],[0.70535,51.72385],[0.68694,51.73108],[0.71118,51.71348],[0.76921,51.70832],[0.75114,51.70078],[0.74825,51.69095],[0.73827,51.69377],[0.73781,51.68711],[0.75691,51.69072],[0.76695,51.70274],[0.7956,51.70814],[0.79333,51.71814],[0.8197,51.72107],[0.85239,51.71559],[0.89599,51.74376],[0.93068,51.74704],[0.95054,51.73082],[0.93926,51.70258],[0.95003,51.68349],[0.93562,51.66108],[0.9371,51.63622],[0.9043,51.62242],[0.85955,51.62122],[0.80295,51.62936],[0.79449,51.62556],[0.76189,51.64415],[0.74621,51.64564],[0.7169,51.643],[0.72195,51.63577],[0.73763,51.63049],[0.76406,51.63687],[0.78439,51.62429],[0.86572,51.61556],[0.86611,51.59921],[0.82041,51.5989],[0.80607,51.60896],[0.81908,51.5976],[0.77612,51.58334],[0.80585,51.58612],[0.79549,51.57235],[0.80803,51.57873],[0.81768,51.56208],[0.85047,51.55662],[0.82122,51.54066],[0.78895,51.54245],[0.78666,51.55294],[0.76113,51.55296],[0.6753,51.57286],[0.63892,51.5768],[0.63205,51.57052],[0.6254,51.53807],[0.56069,51.54432],[0.58585,51.53643],[0.60161,51.53488],[0.59876,51.52958],[0.63156,51.52524],[0.61882,51.51984],[0.63683,51.52195],[0.5733,51.50783],[0.55354,51.50993],[0.53984,51.52056],[0.52873,51.51829],[0.51797,51.52987],[0.50677,51.54278],[0.50711,51.53751],[0.48481,51.54787],[0.46673,51.54672],[0.46159,51.55369],[0.42766,51.54513],[0.41725,51.55717],[0.3935,51.55765],[0.39178,51.56721],[0.38171,51.56703],[0.31301,51.56582],[0.29026,51.5643],[0.26985,51.59957],[0.25398,51.6016],[0.26453,51.60832],[0.25274,51.61744],[0.22406,51.63173],[0.20028,51.62493],[0.13816,51.62354],[0.09226,51.61357],[0.0889,51.60485],[0.07281,51.60469],[0.02179,51.62883],[0.02513,51.63729],[-0.01229,51.64623],[-0.01109,51.68087],[-0.01977,51.70321],[-0.01354,51.74221],[0.00068,51.74476],[0.00289,51.75379],[0.01448,51.7632],[0.06084,51.78352]]],[[[0.8369,51.56647],[0.84028,51.56091],[0.82575,51.56446],[0.83269,51.57576],[0.84643,51.58143],[0.83849,51.59411],[0.8668,51.59518],[0.87541,51.61465],[0.95792,51.62052],[0.9277,51.591],[0.86049,51.55679],[0.8369,51.56647]]],[[[0.95049,51.77647],[0.90412,51.7739],[0.89807,51.77972],[0.94274,51.80674],[0.94197,51.80211],[0.96763,51.80866],[1.0059,51.79926],[0.98937,51.7875],[0.95049,51.77647]]],[[[0.83632,51.5949],[0.83746,51.58523],[0.82066,51.56545],[0.80857,51.58652],[0.82778,51.59605],[0.83632,51.5949]]],[[[1.23075,51.88177],[1.26026,51.88193],[1.24453,51.86882],[1.22585,51.87518],[1.23075,51.88177]]],[[[0.7211,51.73082],[0.72965,51.71943],[0.70819,51.71966],[0.7211,51.73082]]],[[[0.7723,51.71865],[0.75444,51.72475],[0.78771,51.72238],[0.7723,51.71865]]],[[[1.27046,51.87686],[1.26326,51.88595],[1.27776,51.87933],[1.27046,51.87686]]],[[[1.26358,51.87941],[1.26406,51.87736],[1.26398,51.87609],[1.26351,51.87298],[1.26197,51.87351],[1.25508,51.87452],[1.25559,51.87486],[1.25493,51.87485],[1.25461,51.87561],[1.25522,51.87583],[1.2573,51.87499],[1.25961,51.87559],[1.26034,51.87687],[1.2596,51.87837],[1.26086,51.87986],[1.26218,51.88068],[1.26358,51.87941]]]]},"properties":{"name":"Essex","public_name":"Essex","region":"East of England","public_region":"Anglian"}},{"type":"Feature","geometry":{"type":"MultiPolygon","coordinates":[[[[0.64645,50.87127],[0.60866,50.85973],[0.50307,50.84313],[0.37748,50.8203],[0.33919,50.79919],[0.26003,50.73844],[0.21546,50.73973],[0.14891,50.75909],[0.12212,50.75841],[0.05821,50.78231],[0.05847,50.77583],[-0.03823,50.79953],[-0.01603,50.81488],[-0.02046,50.82184],[-0.03103,50.81742],[-0.046,50.82183],[-0.03687,50.84124],[-0.07347,50.84125],[-0.08496,50.87312],[-0.09755,50.87795],[-0.10494,50.87235],[-0.12183,50.87343],[-0.13531,50.87811],[-0.13504,50.88664],[-0.12,50.9417],[-0.10545,50.94312],[-0.10555,50.96441],[-0.11644,50.96722],[-0.10884,50.98025],[-0.09318,50.97923],[-0.08385,50.99072],[-0.07055,50.99135],[-0.06129,50.97839],[-0.03633,50.97719],[-0.02463,50.98003],[-0.01581,51.00259],[-0.02194,51.02652],[-0.00159,51.03576],[-0.00303,51.04757],[0.0137,51.05702],[-0.00858,51.05646],[-0.01328,51.07397],[-0.02688,51.07512],[-0.03622,51.09346],[0.01044,51.10219],[0.00948,51.1104],[0.01859,51.10358],[0.04453,51.11065],[0.02812,51.11772],[0.02733,51.13985],[0.04999,51.14265],[0.07836,51.13996],[0.13309,51.14728],[0.15932,51.13812],[0.15116,51.13436],[0.15353,51.12047],[0.1717,51.11541],[0.22543,51.12436],[0.24452,51.11488],[0.27564,51.11236],[0.27391,51.12008],[0.32524,51.12288],[0.33468,51.10557],[0.3589,51.10452],[0.35079,51.08407],[0.37388,51.08847],[0.3976,51.08365],[0.40658,51.07969],[0.40052,51.07175],[0.41128,51.06589],[0.47137,51.04908],[0.47139,51.03077],[0.53761,51.02165],[0.54215,51.01089],[0.56835,51.00382],[0.60536,51.01207],[0.63877,51.01189],[0.66127,51.0178],[0.67692,51.0033],[0.70674,50.99361],[0.74058,51.00068],[0.77858,50.99082],[0.7771,50.97543],[0.78429,50.97723],[0.81291,50.942],[0.82983,50.94567],[0.84137,50.95761],[0.84608,50.95186],[0.85593,50.95313],[0.86786,50.93326],[0.8547,50.92373],[0.77198,50.93126],[0.77457,50.9276],[0.73186,50.91456],[0.66652,50.872],[0.64645,50.87127]]]]},"properties":{"name":"East Sussex","public_name":"East Sussex","region":"South East","public_region":"Southern"}},{"type":"Feature","geometry":{"type":"MultiPolygon","coordinates":[[[[-3.40022,53.31762],[-3.3937,53.32679],[-3.38822,53.3233],[-3.36907,53.33426],[-3.3634,53.35198],[-3.3097,53.35577],[-3.30893,53.33782],[-3.28,53.32257],[-3.26789,53.31961],[-3.26148,53.32611],[-3.2586,53.31474],[-3.20335,53.29449],[-3.13184,53.25838],[-3.13532,53.25369],[-3.05778,53.22066],[-3.01337,53.21025],[-3.0571,53.22365],[-3.09379,53.24443],[-3.06855,53.23922],[-3.09835,53.25389],[-3.02587,53.24843],[-2.94951,53.21126],[-2.9223,53.18928],[-2.92096,53.17707],[-2.94404,53.16523],[-2.99227,53.15665],[-2.96381,53.13274],[-3.00533,53.12405],[-3.00767,53.11416],[-3.02915,53.1035],[-3.02756,53.09296],[-3.03494,53.09675],[-3.05871,53.08533],[-3.07134,53.08959],[-3.11184,53.07306],[-3.13007,53.07207],[-3.15183,53.09317],[-3.14591,53.10393],[-3.16998,53.10825],[-3.17685,53.11606],[-3.1824,53.15403],[-3.20817,53.15981],[-3.24585,53.15225],[-3.27126,53.15749],[-3.28099,53.16859],[-3.27547,53.17972],[-3.31105,53.20067],[-3.30418,53.20801],[-3.31643,53.20953],[-3.32237,53.22041],[-3.30444,53.23291],[-3.33381,53.23665],[-3.3504,53.25213],[-3.3618,53.25303],[-3.33062,53.27442],[-3.35694,53.28386],[-3.35574,53.29697],[-3.37518,53.29159],[-3.38223,53.30103],[-3.39425,53.30167],[-3.38038,53.31392],[-3.39765,53.30962],[-3.40022,53.31762]]]]},"properties":{"name":"Flintshire","public_name":"Flintshire","region":"Wales","public_region":"Wales"}},{"type":"Feature","geometry":{"type":"MultiPolygon","coordinates":[[[[-1.64554,51.92229],[-1.63307,51.89922],[-1.65867,51.89654],[-1.66712,51.87699],[-1.68688,51.86549],[-1.6764,51.8503],[-1.68648,51.83445],[-1.67687,51.81702],[-1.68195,51.80399],[-1.7195,51.78321],[-1.70072,51.77058],[-1.68703,51.73988],[-1.6956,51.72297],[-1.68618,51.71017],[-1.65745,51.69645],[-1.65208,51.68299],[-1.6619,51.68036],[-1.68652,51.68929],[-1.69356,51.69271],[-1.72534,51.66927],[-1.76633,51.66268],[-1.777,51.66939],[-1.78863,51.667],[-1.81195,51.70314],[-1.82318,51.67348],[-1.81603,51.66298],[-1.8505,51.65628],[-1.87389,51.68259],[-1.89902,51.67968],[-1.87663,51.65158],[-1.88841,51.64885],[-1.92091,51.65724],[-1.94207,51.67041],[-1.96307,51.65865],[-1.95227,51.63683],[-1.97734,51.63809],[-1.99518,51.65132],[-2.01498,51.65031],[-2.05718,51.67244],[-2.15254,51.59034],[-2.1795,51.60004],[-2.19002,51.5925],[-2.20656,51.59595],[-2.20743,51.6034],[-2.24187,51.59211],[-2.24512,51.58141],[-2.28275,51.57852],[-2.28986,51.5932],[-2.33107,51.5916],[-2.36559,51.60373],[-2.37058,51.59761],[-2.39471,51.59739],[-2.38891,51.62754],[-2.40048,51.63514],[-2.38537,51.63932],[-2.39579,51.63874],[-2.39884,51.64581],[-2.40722,51.6412],[-2.46044,51.6526],[-2.49068,51.64483],[-2.48964,51.66396],[-2.53474,51.67724],[-2.55348,51.66933],[-2.59621,51.61653],[-2.6278,51.60563],[-2.66718,51.61096],[-2.65792,51.62224],[-2.66679,51.63057],[-2.66886,51.645],[-2.67921,51.64686],[-2.6652,51.66466],[-2.68583,51.66316],[-2.68253,51.66859],[-2.65642,51.67339],[-2.67222,51.68187],[-2.66948,51.6948],[-2.68353,51.70105],[-2.66806,51.70577],[-2.68777,51.73109],[-2.67263,51.73635],[-2.66278,51.7536],[-2.68045,51.76892],[-2.66955,51.79436],[-2.6783,51.80325],[-2.65954,51.81068],[-2.66087,51.82275],[-2.65023,51.82614],[-2.63671,51.84309],[-2.62547,51.83896],[-2.60121,51.85621],[-2.58282,51.84957],[-2.58064,51.86166],[-2.53162,51.86076],[-2.50863,51.88516],[-2.4878,51.88041],[-2.46521,51.89298],[-2.44007,51.89682],[-2.44819,51.91866],[-2.46604,51.92797],[-2.46549,51.95169],[-2.50085,51.96053],[-2.49225,51.96412],[-2.49491,51.98107],[-2.47099,51.99473],[-2.4913,52.01045],[-2.47893,52.02252],[-2.46515,52.02357],[-2.46326,52.01433],[-2.43455,52.01313],[-2.4373,51.99716],[-2.4132,51.99408],[-2.39902,51.99614],[-2.39408,52.01178],[-2.35138,52.02135],[-2.35255,52.01353],[-2.32611,52.00562],[-2.32657,51.9758],[-2.31262,51.9765],[-2.30044,51.96677],[-2.27056,51.96893],[-2.25137,51.96656],[-2.22062,51.99549],[-2.18509,51.99055],[-2.18076,51.9996],[-2.1643,51.99644],[-2.18769,52.01907],[-2.17689,52.02261],[-2.17139,52.04756],[-2.16141,52.05051],[-2.13372,52.04632],[-2.1161,52.03786],[-2.13958,52.02775],[-2.15079,52.00662],[-2.14187,51.99981],[-2.11163,52.01534],[-2.08488,52.01047],[-2.06079,52.01467],[-2.04952,52.00379],[-2.03837,52.00459],[-1.98415,52.03587],[-1.9514,52.03772],[-1.93174,52.02995],[-1.91346,52.04445],[-1.86155,52.01262],[-1.83906,52.00677],[-1.82503,52.03092],[-1.83459,52.04372],[-1.86346,52.05341],[-1.86289,52.06342],[-1.87442,52.06998],[-1.8534,52.07236],[-1.84663,52.07941],[-1.83176,52.07276],[-1.81895,52.08539],[-1.81275,52.07873],[-1.78968,52.10622],[-1.76766,52.11258],[-1.75019,52.09488],[-1.73855,52.09139],[-1.72857,52.10011],[-1.73068,52.07339],[-1.71297,52.06657],[-1.70174,52.0728],[-1.70515,52.05969],[-1.68865,52.05182],[-1.69399,52.03952],[-1.66388,52.03126],[-1.62443,52.03897],[-1.61875,52.02907],[-1.6699,51.99308],[-1.66254,51.964],[-1.65538,51.95749],[-1.6325,51.95564],[-1.6152,51.93767],[-1.64554,51.92229]]]]},"properties":{"name":"Gloucestershire","public_name":"Gloucestershire","region":"South West","public_region":"Midlands"}},{"type":"Feature","geometry":{"type":"MultiPolygon","coordinates":[[[[0.15826,51.51196],[0.12715,51.51944],[0.09676,51.51515],[0.06998,51.49928],[0.02441,51.49831],[0.0092,51.50831],[-0.00899,51.50129],[-0.00326,51.48983],[-0.01535,51.48602],[-0.02614,51.49126],[-0.02991,51.50886],[-0.06111,51.50287],[-0.07919,51.50782],[-0.11157,51.51075],[-0.12468,51.49471],[-0.13266,51.4857],[-0.1561,51.48467],[-0.1734,51.48227],[-0.18388,51.47742],[-0.18947,51.46836],[-0.21117,51.46979],[-0.22863,51.4888],[-0.24374,51.48845],[-0.26099,51.47256],[-0.29275,51.48746],[-0.32206,51.4706],[-0.32173,51.46541],[-0.29402,51.48541],[-0.26024,51.47031],[-0.23323,51.48859],[-0.22294,51.47186],[-0.19413,51.45984],[-0.17163,51.48025],[-0.12629,51.48448],[-0.10893,51.50844],[-0.06889,51.49991],[-0.03344,51.50566],[-0.0324,51.49303],[-0.02267,51.47399],[-0.0184,51.48085],[-0.01788,51.48322],[0.00196,51.48846],[0.00272,51.50488],[0.02158,51.49401],[0.05778,51.49405],[0.07621,51.49589],[0.09202,51.50901],[0.12021,51.51144],[0.1668,51.50325],[0.17775,51.48307],[0.2176,51.48047],[0.20269,51.45393],[0.17283,51.44324],[0.1643,51.42858],[0.15585,51.43088],[0.14929,51.40914],[0.16236,51.39249],[0.14751,51.39216],[0.15203,51.36969],[0.13693,51.34417],[0.11843,51.34415],[0.11787,51.32966],[0.085,51.31602],[0.08579,51.29315],[0.04237,51.29267],[0.03288,51.30752],[0.01498,51.29179],[0.00227,51.32914],[-0.01102,51.33356],[-0.01436,51.3298],[-0.02208,51.3381],[-0.03799,51.33864],[-0.05029,51.33264],[-0.05133,51.32245],[-0.0789,51.31977],[-0.0912,51.30147],[-0.12432,51.28676],[-0.13734,51.30078],[-0.15535,51.30128],[-0.15657,51.32151],[-0.1974,51.34359],[-0.22097,51.32986],[-0.22981,51.33654],[-0.21729,51.34339],[-0.22289,51.35713],[-0.24543,51.36685],[-0.24506,51.38003],[-0.26117,51.3796],[-0.28815,51.36227],[-0.30622,51.33508],[-0.33014,51.32752],[-0.33053,51.34842],[-0.30739,51.37838],[-0.31772,51.39367],[-0.32761,51.39174],[-0.35916,51.4119],[-0.39049,51.40964],[-0.38666,51.42008],[-0.39291,51.42328],[-0.4191,51.43236],[-0.44001,51.43063],[-0.44631,51.44],[-0.4565,51.43822],[-0.45866,51.45632],[-0.50962,51.46927],[-0.49,51.49484],[-0.48319,51.50665],[-0.49235,51.51708],[-0.49549,51.53833],[-0.47662,51.55803],[-0.49958,51.59218],[-0.50062,51.59969],[-0.4994,51.63037],[-0.45715,51.61229],[-0.44053,51.62008],[-0.40407,51.61318],[-0.37853,51.61778],[-0.36262,51.62353],[-0.3167,51.64053],[-0.29615,51.63544],[-0.25736,51.64183],[-0.25061,51.65605],[-0.21219,51.66133],[-0.20338,51.67012],[-0.19103,51.66394],[-0.18211,51.6686],[-0.1725,51.67309],[-0.16352,51.68811],[-0.11827,51.68893],[-0.1058,51.69187],[-0.01109,51.68087],[-0.01229,51.64623],[0.02513,51.63729],[0.02179,51.62883],[0.07281,51.60469],[0.0889,51.60485],[0.09226,51.61357],[0.13816,51.62354],[0.20028,51.62493],[0.22406,51.63173],[0.25274,51.61744],[0.26453,51.60832],[0.25398,51.6016],[0.26985,51.59957],[0.29026,51.5643],[0.31301,51.56582],[0.334,51.5405],[0.26532,51.53215],[0.26365,51.51787],[0.2538,51.51789],[0.24894,51.52867],[0.24488,51.51876],[0.23715,51.51933],[0.24199,51.50797],[0.2266,51.50659],[0.22994,51.49936],[0.18757,51.4879],[0.17587,51.50896],[0.15826,51.51196]]]]},"properties":{"name":"Greater London","public_name":"Greater London","region":"London","public_region":"Thames"}},{"type":"Feature","geometry":{"type":"MultiPolygon","coordinates":[[[[-1.98792,53.4803],[-1.9806,53.46319],[-2.0081,53.4416],[-2.00416,53.43591],[-2.01312,53.43993],[-2.02623,53.42979],[-2.0137,53.41587],[-1.99233,53.41518],[-2.00464,53.38631],[-2.02147,53.37504],[-2.03378,53.37553],[-2.03106,53.37025],[-2.04056,53.37407],[-2.06808,53.35738],[-2.09495,53.36602],[-2.12437,53.36198],[-2.13903,53.3673],[-2.1382,53.35687],[-2.15119,53.34812],[-2.1441,53.34285],[-2.16132,53.32733],[-2.19416,53.33863],[-2.18098,53.34403],[-2.18544,53.35264],[-2.24079,53.35956],[-2.25645,53.36066],[-2.26708,53.35056],[-2.30136,53.3401],[-2.29699,53.34863],[-2.3152,53.35903],[-2.34095,53.36746],[-2.36945,53.36366],[-2.42784,53.38892],[-2.47833,53.39623],[-2.44938,53.41587],[-2.45163,53.42679],[-2.48961,53.45956],[-2.49634,53.48091],[-2.55264,53.4678],[-2.54908,53.46147],[-2.57025,53.45848],[-2.57674,53.44604],[-2.58315,53.45331],[-2.61544,53.46367],[-2.61214,53.48112],[-2.64554,53.48024],[-2.66636,53.49976],[-2.69889,53.50202],[-2.71001,53.51463],[-2.72378,53.51035],[-2.73052,53.52058],[-2.71793,53.52729],[-2.71861,53.54354],[-2.70421,53.56263],[-2.71922,53.5761],[-2.69331,53.58946],[-2.68931,53.60429],[-2.6346,53.60827],[-2.62757,53.5894],[-2.59604,53.61074],[-2.574,53.59427],[-2.51132,53.62698],[-2.473,53.61662],[-2.45378,53.62196],[-2.45027,53.64142],[-2.43873,53.64603],[-2.42161,53.62385],[-2.40121,53.62458],[-2.39785,53.63219],[-2.37679,53.6317],[-2.36264,53.65597],[-2.37124,53.66706],[-2.35334,53.65847],[-2.31556,53.65506],[-2.29569,53.66428],[-2.28285,53.62023],[-2.27173,53.61452],[-2.25677,53.62038],[-2.26971,53.64457],[-2.26144,53.65411],[-2.23308,53.66883],[-2.21773,53.66896],[-2.20523,53.65433],[-2.18241,53.64824],[-2.1854,53.63821],[-2.16129,53.64145],[-2.1599,53.65934],[-2.14814,53.68199],[-2.14259,53.67798],[-2.13413,53.68572],[-2.11809,53.67123],[-2.09291,53.67014],[-2.08253,53.67824],[-2.05124,53.68368],[-2.05439,53.67302],[-2.0371,53.66233],[-2.04114,53.64083],[-2.03,53.63615],[-2.02687,53.62423],[-2.02304,53.61582],[-2.00947,53.61676],[-1.94811,53.57283],[-1.94273,53.56163],[-1.91289,53.55163],[-1.90962,53.53837],[-1.92678,53.52093],[-1.9175,53.51306],[-1.92197,53.50994],[-1.95134,53.50418],[-1.96339,53.50981],[-1.97132,53.50454],[-1.97428,53.48837],[-1.98792,53.4803]]]]},"properties":{"name":"Greater Manchester","public_name":"Greater Manchester","region":"North West","public_region":"North West"}},{"type":"Feature","geometry":{"type":"MultiPolygon","coordinates":[[[[-4.437,52.99874],[-4.41006,52.99806],[-4.35349,53.03348],[-4.33737,53.05892],[-4.34656,53.11432],[-4.33629,53.12293],[-4.31957,53.12148],[-4.33376,53.11398],[-4.31933,53.09276],[-4.30581,53.10795],[-4.31373,53.10653],[-4.31187,53.12716],[-4.27799,53.14318],[-4.24367,53.17042],[-4.21204,53.18325],[-4.19941,53.20995],[-4.12253,53.23718],[-4.11388,53.23145],[-4.1132,53.23693],[-4.10642,53.23233],[-4.09106,53.23665],[-4.08574,53.22565],[-4.0034,53.24713],[-3.99828,53.24834],[-3.97935,53.23187],[-3.93537,53.21484],[-3.93893,53.20025],[-3.96497,53.18337],[-3.97032,53.16017],[-4.00785,53.14375],[-4.03112,53.10636],[-4.02911,53.10151],[-4.0141,53.10354],[-4.01359,53.08969],[-3.98667,53.08418],[-3.99132,53.07648],[-3.97706,53.06892],[-3.99721,53.03764],[-3.98542,53.01064],[-3.89893,53.02055],[-3.88781,53.01159],[-3.89655,52.99488],[-3.84937,52.97731],[-3.84104,52.96229],[-3.81322,52.94936],[-3.76972,52.95929],[-3.73534,52.97984],[-3.68302,52.98683],[-3.67297,52.99707],[-3.61532,53.01133],[-3.5998,53.0116],[-3.6108,52.99599],[-3.58299,52.96752],[-3.53383,52.97371],[-3.50461,52.96536],[-3.48303,52.96952],[-3.45789,52.98491],[-3.43676,52.98082],[-3.44862,52.97402],[-3.44667,52.96329],[-3.49145,52.93368],[-3.46497,52.9202],[-3.48996,52.89577],[-3.47356,52.87125],[-3.48307,52.8655],[-3.50541,52.84189],[-3.56659,52.83009],[-3.56817,52.8229],[-3.5865,52.82773],[-3.60866,52.79579],[-3.58374,52.73818],[-3.59933,52.72583],[-3.60198,52.70507],[-3.65641,52.69138],[-3.68444,52.69366],[-3.70953,52.67098],[-3.7168,52.67879],[-3.7439,52.68129],[-3.75803,52.66957],[-3.8082,52.67785],[-3.84067,52.65097],[-3.83462,52.63273],[-3.85038,52.62055],[-3.84218,52.59956],[-3.87532,52.59265],[-3.88321,52.57747],[-3.91519,52.57841],[-3.92846,52.57119],[-3.92601,52.56073],[-3.94166,52.55794],[-3.9603,52.56066],[-4.06657,52.54177],[-4.12651,52.6074],[-4.10039,52.60406],[-4.12836,52.61115],[-4.09494,52.66842],[-4.05752,52.68709],[-4.05862,52.7083],[-4.04967,52.71543],[-4.05121,52.70377],[-4.00753,52.72685],[-4.03502,52.72168],[-4.0589,52.71781],[-4.08907,52.75547],[-4.15017,52.80753],[-4.15182,52.81499],[-4.13273,52.82599],[-4.13962,52.81809],[-4.11866,52.83028],[-4.10781,52.82639],[-4.11672,52.83167],[-4.12943,52.82697],[-4.11908,52.84805],[-4.14828,52.89589],[-4.13256,52.90089],[-4.13638,52.89723],[-4.1228,52.89545],[-4.0829,52.89845],[-4.07642,52.90524],[-4.07877,52.91277],[-4.06462,52.92279],[-4.10286,52.90899],[-4.11066,52.92001],[-4.12857,52.92181],[-4.13477,52.91403],[-4.15139,52.90648],[-4.21867,52.91902],[-4.26135,52.91086],[-4.31651,52.90858],[-4.32674,52.89193],[-4.38871,52.89565],[-4.40102,52.88669],[-4.41376,52.8834],[-4.39629,52.88262],[-4.45704,52.87113],[-4.47656,52.85763],[-4.47038,52.84777],[-4.49502,52.83809],[-4.50613,52.82495],[-4.49732,52.82557],[-4.49865,52.81097],[-4.48528,52.80835],[-4.48651,52.79478],[-4.5148,52.79295],[-4.52793,52.77778],[-4.54258,52.78649],[-4.53619,52.80024],[-4.6034,52.82506],[-4.64435,52.79976],[-4.66124,52.80617],[-4.68812,52.79348],[-4.69251,52.79967],[-4.72071,52.80287],[-4.73221,52.78191],[-4.76784,52.79743],[-4.7224,52.83644],[-4.72621,52.8535],[-4.69602,52.85953],[-4.68998,52.87431],[-4.66819,52.87907],[-4.65005,52.90601],[-4.6324,52.90584],[-4.61802,52.92209],[-4.57053,52.93888],[-4.56742,52.94857],[-4.56312,52.93835],[-4.51958,52.94031],[-4.47179,52.96663],[-4.437,52.99874]]],[[[-4.80241,52.74537],[-4.795,52.76805],[-4.77969,52.76579],[-4.80241,52.74537]]]]},"properties":{"name":"Gwynedd","public_name":"Gwynedd","region":"Wales","public_region":"Wales"}},{"type":"Feature","geometry":{"type":"MultiPolygon","coordinates":[[[[-2.60942,53.31211],[-2.61994,53.32031],[-2.62412,53.30938],[-2.64506,53.31012],[-2.64156,53.30502],[-2.68538,53.3153],[-2.70078,53.3058],[-2.72352,53.31312],[-2.73821,53.30668],[-2.76306,53.33091],[-2.75325,53.34358],[-2.71866,53.34492],[-2.69951,53.35667],[-2.67464,53.35365],[-2.63062,53.36403],[-2.63139,53.34605],[-2.60661,53.34298],[-2.6175,53.32957],[-2.59523,53.32244],[-2.60942,53.31211]]],[[[-2.81844,53.34799],[-2.80913,53.35504],[-2.7872,53.35632],[-2.77668,53.38102],[-2.75765,53.38072],[-2.7452,53.40192],[-2.71532,53.39901],[-2.71273,53.39058],[-2.69063,53.38537],[-2.69338,53.3618],[-2.73516,53.3477],[-2.76453,53.35521],[-2.75913,53.34959],[-2.77828,53.3326],[-2.78429,53.33641],[-2.77747,53.3303],[-2.78558,53.32344],[-2.83227,53.33727],[-2.81878,53.33976],[-2.81844,53.34799]]]]},"properties":{"name":"Halton","public_name":"Halton","region":"North West","public_region":"North West"}},{"type":"Feature","geometry":{"type":"MultiPolygon","coordinates":[[[[-1.56822,50.71153],[-1.64204,50.73192],[-1.69241,50.73684],[-1.68181,50.75183],[-1.74418,50.74747],[-1.7391,50.76351],[-1.7488,50.77943],[-1.78561,50.76478],[-1.78788,50.77887],[-1.80594,50.79209],[-1.80232,50.79669],[-1.81202,50.80882],[-1.80296,50.8135],[-1.8038,50.82991],[-1.79071,50.8364],[-1.80246,50.84281],[-1.80803,50.86447],[-1.83002,50.85528],[-1.85095,50.85873],[-1.85353,50.86653],[-1.84172,50.89703],[-1.82496,50.89578],[-1.81655,50.90396],[-1.81076,50.92717],[-1.84184,50.93167],[-1.87372,50.91726],[-1.92099,50.9615],[-1.95547,50.97827],[-1.95666,50.98638],[-1.94994,50.98232],[-1.92789,50.9977],[-1.88675,50.99953],[-1.87449,51.00634],[-1.87399,50.98445],[-1.85339,51.00469],[-1.83582,51.00943],[-1.81543,50.98593],[-1.80032,50.9914],[-1.75441,50.9779],[-1.71963,50.97679],[-1.68942,50.9547],[-1.66167,50.94529],[-1.63498,50.95925],[-1.62341,50.95464],[-1.61976,50.95857],[-1.60293,50.97852],[-1.61965,50.983],[-1.6289,50.99904],[-1.60609,51.0019],[-1.61494,51.00666],[-1.6091,51.00982],[-1.59754,51.00806],[-1.60538,51.01726],[-1.59941,51.02373],[-1.63239,51.03278],[-1.63497,51.04089],[-1.62775,51.07814],[-1.63732,51.09215],[-1.62626,51.11734],[-1.66299,51.1272],[-1.654,51.15597],[-1.67238,51.17855],[-1.66885,51.19078],[-1.69411,51.20405],[-1.6898,51.21477],[-1.63355,51.21752],[-1.60744,51.25277],[-1.57765,51.25563],[-1.54517,51.2451],[-1.53597,51.24862],[-1.52983,51.26052],[-1.54052,51.26084],[-1.5426,51.28125],[-1.52282,51.28706],[-1.51952,51.29594],[-1.53358,51.31623],[-1.52752,51.33847],[-1.49831,51.32938],[-1.42185,51.3359],[-1.44495,51.34812],[-1.44413,51.35493],[-1.42846,51.35669],[-1.41109,51.37285],[-1.35047,51.36722],[-1.31872,51.37295],[-1.27604,51.36735],[-1.25116,51.37204],[-1.17692,51.35732],[-1.13861,51.35719],[-1.11581,51.36047],[-1.11548,51.37421],[-1.08664,51.38391],[-1.05004,51.35815],[-0.98614,51.36285],[-0.92379,51.36601],[-0.87787,51.35259],[-0.83737,51.35287],[-0.81425,51.34163],[-0.78507,51.33844],[-0.77548,51.33196],[-0.76629,51.31984],[-0.74418,51.3093],[-0.73189,51.28028],[-0.72942,51.25642],[-0.74479,51.22946],[-0.77587,51.24191],[-0.80176,51.23904],[-0.80477,51.24507],[-0.8208,51.23927],[-0.84893,51.21072],[-0.82544,51.18124],[-0.83422,51.14758],[-0.79841,51.15253],[-0.7693,51.11715],[-0.74555,51.11219],[-0.74929,51.10325],[-0.75939,51.10325],[-0.7574,51.08778],[-0.7535,51.08646],[-0.78081,51.07938],[-0.79803,51.06351],[-0.81452,51.06669],[-0.81993,51.06069],[-0.83144,51.06852],[-0.84287,51.06689],[-0.85283,51.04485],[-0.89708,51.02193],[-0.8934,51.00271],[-0.90794,50.9941],[-0.93186,50.94559],[-0.94213,50.9429],[-0.92403,50.92421],[-0.94002,50.9183],[-0.9576,50.89064],[-0.93862,50.87373],[-0.92647,50.8641],[-0.9322,50.84343],[-0.97448,50.84231],[-0.98144,50.83494],[-1.0012,50.84368],[-1.01992,50.84321],[-1.02334,50.85279],[-1.05436,50.85512],[-1.11586,50.85828],[-1.11772,50.84445],[-1.11295,50.83609],[-1.12749,50.83712],[-1.15466,50.84507],[-1.17622,50.8393],[-1.15256,50.83584],[-1.15714,50.8234],[-1.14579,50.82598],[-1.12383,50.80618],[-1.13679,50.80197],[-1.12368,50.80409],[-1.1171,50.79647],[-1.1405,50.78463],[-1.11192,50.78957],[-1.14126,50.77343],[-1.19063,50.7902],[-1.21411,50.80937],[-1.24619,50.8173],[-1.30642,50.84069],[-1.30022,50.87947],[-1.31662,50.87568],[-1.31346,50.84906],[-1.36519,50.88008],[-1.32754,50.89946],[-1.33337,50.91989],[-1.35794,50.93074],[-1.35472,50.94097],[-1.3689,50.94719],[-1.38157,50.94608],[-1.40614,50.95618],[-1.42371,50.94726],[-1.45178,50.94914],[-1.47733,50.92857],[-1.47347,50.91481],[-1.48185,50.91064],[-1.42186,50.89503],[-1.37679,50.8539],[-1.35272,50.84815],[-1.36052,50.84292],[-1.34213,50.84433],[-1.33458,50.83747],[-1.33926,50.82651],[-1.31931,50.82446],[-1.32752,50.82393],[-1.32599,50.81652],[-1.31458,50.81538],[-1.31553,50.82118],[-1.31259,50.81553],[-1.3526,50.784],[-1.40074,50.78244],[-1.39277,50.77747],[-1.39919,50.77454],[-1.50154,50.75406],[-1.51955,50.75418],[-1.53506,50.76388],[-1.52594,50.74453],[-1.54187,50.73977],[-1.53113,50.73706],[-1.55561,50.72227],[-1.57955,50.71773],[-1.56822,50.71153]]],[[[-0.97022,50.81033],[-0.96495,50.80913],[-0.97338,50.80907],[-0.96899,50.80275],[-0.95276,50.80108],[-0.96682,50.78763],[-0.95132,50.78692],[-0.9589,50.78118],[-0.93682,50.78682],[-0.93745,50.77736],[-1.02158,50.78627],[-1.02476,50.79596],[-0.99491,50.79815],[-0.98681,50.82691],[-0.96912,50.83454],[-0.95104,50.82399],[-0.95707,50.80735],[-0.96495,50.80913],[-0.96167,50.80916],[-0.97022,50.81033]]],[[[-1.56822,50.71153],[-1.55938,50.71015],[-1.55273,50.70724],[-1.56822,50.71153]]],[[[-1.31259,50.81553],[-1.30692,50.82],[-1.31152,50.81347],[-1.31259,50.81553]]],[[[-1.55184,50.707],[-1.55351,50.71299],[-1.54961,50.70638],[-1.55184,50.707]]],[[[-1.55273,50.70724],[-1.55184,50.707],[-1.55179,50.70683],[-1.55273,50.70724]]]]},"properties":{"name":"Hampshire","public_name":"Hampshire","region":"South East","public_region":"Southern"}},{"type":"Feature","geometry":{"type":"MultiPolygon","coordinates":[[[[-1.19307,54.688],[-1.19924,54.68094],[-1.18439,54.66022],[-1.15771,54.64818],[-1.16872,54.64461],[-1.17319,54.63345],[-1.16475,54.6321],[-1.1886,54.6327],[-1.20069,54.62303],[-1.23415,54.62879],[-1.25666,54.62337],[-1.29902,54.628],[-1.29817,54.6355],[-1.31635,54.64522],[-1.32864,54.64417],[-1.33504,54.6313],[-1.38089,54.64391],[-1.38268,54.64438],[-1.34121,54.65023],[-1.34784,54.66241],[-1.33093,54.68212],[-1.33443,54.68904],[-1.34446,54.69112],[-1.31936,54.69132],[-1.30131,54.70809],[-1.30551,54.71751],[-1.27024,54.72716],[-1.17762,54.69917],[-1.17377,54.69187],[-1.19631,54.69855],[-1.18749,54.6939],[-1.19258,54.68855],[-1.19307,54.688]]]]},"properties":{"name":"Hartlepool","public_name":"Hartlepool","region":"North East","public_region":"North East"}},{"type":"Feature","geometry":{"type":"MultiPolygon","coordinates":[[[[-2.39408,52.01178],[-2.39902,51.99614],[-2.4132,51.99408],[-2.4373,51.99716],[-2.43455,52.01313],[-2.46326,52.01433],[-2.46515,52.02357],[-2.47893,52.02252],[-2.4913,52.01045],[-2.47099,51.99473],[-2.49491,51.98107],[-2.49225,51.96412],[-2.50085,51.96053],[-2.46549,51.95169],[-2.46604,51.92797],[-2.44819,51.91866],[-2.44007,51.89682],[-2.46521,51.89298],[-2.4878,51.88041],[-2.50863,51.88516],[-2.53162,51.86076],[-2.58064,51.86166],[-2.58282,51.84957],[-2.60121,51.85621],[-2.62547,51.83896],[-2.63671,51.84309],[-2.65023,51.82614],[-2.66615,51.83564],[-2.69336,51.83387],[-2.69732,51.84476],[-2.71367,51.83981],[-2.71971,51.84879],[-2.73887,51.83666],[-2.77884,51.86595],[-2.76833,51.8805],[-2.80112,51.8902],[-2.82095,51.90533],[-2.83615,51.90603],[-2.84191,51.91772],[-2.86192,51.91401],[-2.84502,51.9222],[-2.8777,51.93377],[-2.95248,51.90622],[-2.97184,51.90497],[-2.97666,51.92748],[-3.00812,51.92712],[-3.02594,51.95728],[-3.06736,51.98314],[-3.09919,52.02268],[-3.08628,52.04019],[-3.09058,52.05051],[-3.12597,52.07832],[-3.12271,52.10315],[-3.10546,52.10538],[-3.10498,52.11672],[-3.14192,52.12786],[-3.13587,52.1379],[-3.09369,52.1443],[-3.07263,52.15563],[-3.08403,52.16316],[-3.09896,52.1547],[-3.12243,52.16341],[-3.09472,52.18372],[-3.10179,52.20264],[-3.07209,52.21308],[-3.07304,52.23587],[-3.04416,52.23793],[-3.04833,52.25024],[-3.03615,52.25671],[-3.00561,52.2642],[-2.97729,52.25968],[-2.94963,52.26946],[-3.0126,52.27925],[-3.00087,52.32175],[-2.96684,52.32949],[-2.95473,52.34924],[-2.93315,52.35004],[-2.93889,52.36104],[-2.92615,52.36698],[-2.90081,52.36726],[-2.92231,52.37513],[-2.91787,52.38614],[-2.90543,52.38577],[-2.89297,52.3741],[-2.88846,52.38514],[-2.85544,52.39528],[-2.80543,52.38824],[-2.80739,52.37595],[-2.79211,52.37452],[-2.79242,52.35685],[-2.73277,52.35552],[-2.74838,52.33489],[-2.76699,52.3361],[-2.73717,52.31946],[-2.72467,52.31984],[-2.7124,52.30812],[-2.67981,52.31201],[-2.68929,52.31619],[-2.66968,52.34155],[-2.64102,52.33283],[-2.61827,52.30602],[-2.64292,52.30824],[-2.66143,52.30079],[-2.63988,52.28636],[-2.60053,52.28567],[-2.59627,52.2773],[-2.6283,52.26115],[-2.62887,52.24034],[-2.57614,52.24774],[-2.57421,52.25272],[-2.53168,52.25326],[-2.52582,52.24808],[-2.51581,52.25592],[-2.49565,52.25693],[-2.50423,52.27514],[-2.47631,52.28557],[-2.45141,52.28507],[-2.428,52.2706],[-2.4681,52.25602],[-2.4747,52.24135],[-2.46486,52.23436],[-2.42307,52.23725],[-2.38435,52.22515],[-2.40405,52.22122],[-2.39268,52.2086],[-2.40787,52.20271],[-2.42201,52.1724],[-2.43518,52.1682],[-2.41487,52.14518],[-2.37932,52.1551],[-2.35872,52.15188],[-2.34461,52.13258],[-2.35609,52.12707],[-2.34912,52.09563],[-2.3383,52.09544],[-2.35138,52.02135],[-2.39408,52.01178]]]]},"properties":{"name":"Herefordshire","public_name":"Herefordshire","region":"West Midlands","public_region":"Midlands"}},{"type":"Feature","geometry":{"type":"MultiPolygon","coordinates":[[[[0.17044,51.86161],[0.16118,51.82594],[0.17328,51.81754],[0.15828,51.81351],[0.14811,51.79594],[0.12558,51.79515],[0.09912,51.78321],[0.06084,51.78352],[0.01448,51.7632],[0.00289,51.75379],[0.00068,51.74476],[-0.01354,51.74221],[-0.01977,51.70321],[-0.01109,51.68087],[-0.1058,51.69187],[-0.11827,51.68893],[-0.16352,51.68811],[-0.1725,51.67309],[-0.18211,51.6686],[-0.19103,51.66394],[-0.20338,51.67012],[-0.21219,51.66133],[-0.25061,51.65605],[-0.25736,51.64183],[-0.29615,51.63544],[-0.3167,51.64053],[-0.36262,51.62353],[-0.37853,51.61778],[-0.40407,51.61318],[-0.44053,51.62008],[-0.45715,51.61229],[-0.4994,51.63037],[-0.50062,51.59969],[-0.52252,51.60506],[-0.53928,51.63804],[-0.53095,51.64913],[-0.53691,51.66062],[-0.5228,51.65839],[-0.52102,51.66804],[-0.51474,51.66545],[-0.50513,51.67307],[-0.51117,51.67989],[-0.52496,51.67872],[-0.52429,51.68211],[-0.54631,51.68043],[-0.54404,51.69681],[-0.56323,51.71187],[-0.55044,51.72304],[-0.55374,51.73406],[-0.56372,51.73961],[-0.57279,51.73586],[-0.5864,51.75211],[-0.61296,51.74742],[-0.67349,51.76846],[-0.69022,51.79233],[-0.68542,51.80018],[-0.70932,51.82053],[-0.72426,51.81814],[-0.7457,51.84209],[-0.71747,51.8571],[-0.69638,51.85813],[-0.68679,51.84923],[-0.69548,51.8411],[-0.66724,51.8158],[-0.6478,51.8136],[-0.63297,51.81994],[-0.58185,51.8069],[-0.55716,51.83096],[-0.55365,51.8267],[-0.5432,51.81545],[-0.51975,51.80509],[-0.50231,51.81545],[-0.51122,51.82589],[-0.50184,51.83679],[-0.47122,51.84546],[-0.47832,51.85313],[-0.46971,51.85589],[-0.44755,51.84759],[-0.42153,51.8502],[-0.40488,51.8406],[-0.37329,51.82925],[-0.36332,51.8421],[-0.33951,51.8496],[-0.35486,51.87401],[-0.34992,51.8787],[-0.3776,51.89857],[-0.38564,51.91567],[-0.38924,51.92577],[-0.40564,51.93245],[-0.39946,51.96766],[-0.38667,51.97945],[-0.37875,51.97588],[-0.38294,51.9514],[-0.37413,51.94776],[-0.35025,51.95757],[-0.34929,51.97116],[-0.36376,51.9752],[-0.36718,51.98375],[-0.31158,51.9821],[-0.29535,51.9954],[-0.30008,52.00077],[-0.28396,52.00181],[-0.27393,51.9812],[-0.26028,51.9797],[-0.24792,51.98516],[-0.24411,51.99901],[-0.20128,52.00981],[-0.21952,52.03673],[-0.19501,52.0624],[-0.17265,52.0602],[-0.15731,52.08054],[-0.14753,52.06939],[-0.15515,52.05305],[-0.13376,52.04622],[-0.12237,52.02963],[-0.12103,52.01951],[-0.02444,52.06331],[0.00229,52.05014],[0.04036,52.05313],[0.06507,52.00759],[0.07412,52.0014],[0.07244,51.9874],[0.06688,51.9798],[0.09643,51.98432],[0.11841,51.94716],[0.12473,51.88458],[0.18387,51.89336],[0.17495,51.8828],[0.19557,51.86808],[0.17044,51.86161]]]]},"properties":{"name":"Hertfordshire","public_name":"Hertfordshire","region":"East of England","public_region":"Thames"}},{"type":"Feature","geometry":{"type":"MultiPolygon","coordinates":[[[[-4.37499,53.19559],[-4.44358,53.15501],[-4.46667,53.18221],[-4.48641,53.17725],[-4.48814,53.18649],[-4.50449,53.18731],[-4.4975,53.20741],[-4.52248,53.22198],[-4.52198,53.23184],[-4.55552,53.24965],[-4.54835,53.2544],[-4.56022,53.25921],[-4.55478,53.26796],[-4.57079,53.26011],[-4.55516,53.24576],[-4.59736,53.24029],[-4.61331,53.24656],[-4.6088,53.25638],[-4.62561,53.26931],[-4.6174,53.27917],[-4.65163,53.2879],[-4.68245,53.28176],[-4.68829,53.28829],[-4.67771,53.29831],[-4.70043,53.30657],[-4.68325,53.31323],[-4.68126,53.32344],[-4.66183,53.31886],[-4.64811,53.31993],[-4.62879,53.31444],[-4.62451,53.31935],[-4.61975,53.31415],[-4.6099,53.30251],[-4.59602,53.30555],[-4.57482,53.28787],[-4.55971,53.30075],[-4.54704,53.29967],[-4.53803,53.30759],[-4.5666,53.30099],[-4.56211,53.31649],[-4.58447,53.33124],[-4.56969,53.33703],[-4.55539,53.373],[-4.57569,53.39982],[-4.56542,53.40712],[-4.52989,53.40605],[-4.51027,53.41687],[-4.50755,53.409],[-4.49205,53.41121],[-4.47792,53.42226],[-4.45017,53.41293],[-4.45095,53.42287],[-4.42575,53.4301],[-4.40536,53.42737],[-4.40251,53.42091],[-4.3958,53.42598],[-4.36768,53.42387],[-4.35642,53.41424],[-4.33838,53.41952],[-4.33443,53.41325],[-4.32595,53.41838],[-4.293,53.41109],[-4.28738,53.41705],[-4.26934,53.3907],[-4.29554,53.36446],[-4.27642,53.37096],[-4.26465,53.36078],[-4.23011,53.35768],[-4.23388,53.34057],[-4.22475,53.33819],[-4.21903,53.31907],[-4.20458,53.31417],[-4.21448,53.29871],[-4.20405,53.29227],[-4.14354,53.30527],[-4.11966,53.31914],[-4.04018,53.31061],[-4.07145,53.29066],[-4.10054,53.25476],[-4.15951,53.23408],[-4.17052,53.22516],[-4.20267,53.21571],[-4.21855,53.18561],[-4.24502,53.17919],[-4.30422,53.14696],[-4.32312,53.14446],[-4.33809,53.1532],[-4.35235,53.13458],[-4.32839,53.12668],[-4.39873,53.14498],[-4.41593,53.13492],[-4.40757,53.14427],[-4.41969,53.16395],[-4.38733,53.16939],[-4.37499,53.19559]]]]},"properties":{"name":"Isle of Anglesey","public_name":"Isle of Anglesey","region":"Wales","public_region":"Wales"}},{"type":"Feature","geometry":{"type":"MultiPolygon","coordinates":[[[[-1.40395,50.72086],[-1.38671,50.72255],[-1.38569,50.72226],[-1.38607,50.72264],[-1.40993,50.72555],[-1.35423,50.73871],[-1.32075,50.7649],[-1.30078,50.76682],[-1.28294,50.72989],[-1.29185,50.76467],[-1.27579,50.76628],[-1.24818,50.75218],[-1.23924,50.74387],[-1.21385,50.73806],[-1.21951,50.73107],[-1.21078,50.73502],[-1.15952,50.73334],[-1.1096,50.72151],[-1.09826,50.69823],[-1.10284,50.69979],[-1.10827,50.69353],[-1.08236,50.69443],[-1.06985,50.68389],[-1.09794,50.66523],[-1.13357,50.66189],[-1.15911,50.65056],[-1.18514,50.59726],[-1.29495,50.57492],[-1.3893,50.62681],[-1.44728,50.6435],[-1.48514,50.66699],[-1.58643,50.66314],[-1.54899,50.67788],[-1.52202,50.70719],[-1.50371,50.70693],[-1.50453,50.70345],[-1.50078,50.70617],[-1.47013,50.70965],[-1.42557,50.72676],[-1.41632,50.72499],[-1.42118,50.72468],[-1.41197,50.72081],[-1.41437,50.70995],[-1.40395,50.72086]]]]},"properties":{"name":"Isle of Wight","public_name":"Isle of Wight","region":"South East","public_region":"Southern"}},{"type":"Feature","geometry":{"type":"MultiPolygon","coordinates":[[[[1.34544,51.30799],[1.34568,51.30219],[1.34912,51.30129],[1.37062,51.31179],[1.40393,51.23456],[1.40103,51.16517],[1.37955,51.14217],[1.34237,51.12957],[1.3157,51.1221],[1.32781,51.11137],[1.30165,51.11331],[1.26766,51.10169],[1.22082,51.09947],[1.18569,51.07957],[1.19492,51.07595],[1.07525,51.0634],[0.99421,51.0226],[0.9641,50.96808],[0.98099,50.91816],[0.97367,50.91134],[0.8547,50.92373],[0.86786,50.93326],[0.85593,50.95313],[0.84608,50.95186],[0.84137,50.95761],[0.82983,50.94567],[0.81291,50.942],[0.78429,50.97723],[0.7771,50.97543],[0.77858,50.99082],[0.74058,51.00068],[0.70674,50.99361],[0.67692,51.0033],[0.66127,51.0178],[0.63877,51.01189],[0.60536,51.01207],[0.56835,51.00382],[0.54215,51.01089],[0.53761,51.02165],[0.47139,51.03077],[0.47137,51.04908],[0.41128,51.06589],[0.40052,51.07175],[0.40658,51.07969],[0.3976,51.08365],[0.37388,51.08847],[0.35079,51.08407],[0.3589,51.10452],[0.33468,51.10557],[0.32524,51.12288],[0.27391,51.12008],[0.27564,51.11236],[0.24452,51.11488],[0.22543,51.12436],[0.1717,51.11541],[0.15353,51.12047],[0.15116,51.13436],[0.15932,51.13812],[0.13309,51.14728],[0.07836,51.13996],[0.04999,51.14265],[0.05262,51.1804],[0.04515,51.18865],[0.03367,51.21455],[0.05821,51.24778],[0.04237,51.29267],[0.08579,51.29315],[0.085,51.31602],[0.11787,51.32966],[0.11843,51.34415],[0.13693,51.34417],[0.15203,51.36969],[0.14751,51.39216],[0.16236,51.39249],[0.14929,51.40914],[0.15585,51.43088],[0.1643,51.42858],[0.17283,51.44324],[0.20269,51.45393],[0.2176,51.48047],[0.27426,51.45377],[0.31537,51.46495],[0.32513,51.45034],[0.38219,51.44329],[0.45849,51.45526],[0.48793,51.44328],[0.48921,51.41533],[0.47511,51.41295],[0.46766,51.3983],[0.45182,51.39832],[0.45329,51.39138],[0.43108,51.38803],[0.39707,51.35269],[0.39989,51.34446],[0.41857,51.34791],[0.45471,51.34089],[0.45694,51.36806],[0.49413,51.35264],[0.50306,51.35467],[0.50581,51.34295],[0.5329,51.33716],[0.54397,51.3279],[0.56343,51.33874],[0.60137,51.3333],[0.63488,51.36637],[0.6225,51.37603],[0.63461,51.38909],[0.63991,51.39509],[0.65962,51.39183],[0.67003,51.3733],[0.68733,51.39186],[0.70303,51.3926],[0.69525,51.37982],[0.71351,51.38395],[0.71862,51.38938],[0.70175,51.39573],[0.69586,51.40728],[0.7055,51.40842],[0.69623,51.41969],[0.72795,51.42359],[0.71467,51.41977],[0.73114,51.41898],[0.71628,51.41308],[0.7259,51.39988],[0.76363,51.3829],[0.75592,51.35362],[0.76686,51.36258],[0.81429,51.35829],[0.8659,51.3559],[0.8976,51.3444],[0.89562,51.33703],[0.90434,51.34302],[0.95021,51.34576],[1.01149,51.35175],[1.03312,51.36556],[1.2242,51.37933],[1.31483,51.38033],[1.4249,51.39378],[1.44956,51.37749],[1.44343,51.35811],[1.42466,51.32598],[1.42317,51.33137],[1.41396,51.32392],[1.37744,51.32968],[1.36586,51.325],[1.36313,51.31356],[1.34544,51.30799]]],[[[0.80458,51.37067],[0.76615,51.36977],[0.76423,51.38823],[0.731,51.40137],[0.72147,51.41447],[0.7321,51.40902],[0.74687,51.41537],[0.7354,51.42359],[0.74838,51.43695],[0.74388,51.44707],[0.79131,51.43938],[0.82383,51.42584],[0.90199,51.41649],[0.95099,51.37347],[0.89714,51.35433],[0.85831,51.36435],[0.8396,51.36355],[0.80458,51.37067]]],[[[0.69051,51.41216],[0.69541,51.39766],[0.67261,51.3984],[0.66555,51.40745],[0.69051,51.41216]]],[[[0.68428,51.42296],[0.6883,51.41533],[0.65956,51.41857],[0.66471,51.4237],[0.68428,51.42296]]],[[[0.80458,51.37064],[0.80403,51.37049],[0.80458,51.37067],[0.80458,51.37064]]]]},"properties":{"name":"Kent","public_name":"Kent","region":"South East","public_region":"Southern"}},{"type":"Feature","geometry":{"type":"MultiPolygon","coordinates":[[[[-0.33187,53.74391],[-0.33263,53.73827],[-0.4192,53.71956],[-0.42212,53.73176],[-0.40194,53.74997],[-0.42118,53.75375],[-0.4182,53.76061],[-0.38811,53.76932],[-0.39221,53.79111],[-0.3596,53.79336],[-0.3624,53.80499],[-0.31613,53.81325],[-0.27824,53.78204],[-0.25232,53.78131],[-0.24439,53.73081],[-0.28674,53.74254],[-0.33128,53.7383],[-0.33187,53.74391]]]]},"properties":{"name":"Kingston upon Hull","public_name":"Kingston upon Hull","region":"Yorkshire and The Humber","public_region":"North East"}},{"type":"Feature","geometry":{"type":"MultiPolygon","coordinates":[[[[-2.17329,53.723],[-2.16258,53.69921],[-2.14515,53.69203],[-2.14814,53.68199],[-2.1599,53.65934],[-2.16129,53.64145],[-2.1854,53.63821],[-2.18241,53.64824],[-2.20523,53.65433],[-2.21773,53.66896],[-2.23308,53.66883],[-2.26144,53.65411],[-2.26971,53.64457],[-2.25677,53.62038],[-2.27179,53.6145],[-2.28285,53.62023],[-2.29569,53.66428],[-2.31556,53.65506],[-2.35334,53.65847],[-2.37124,53.66706],[-2.37443,53.68724],[-2.40015,53.69247],[-2.41307,53.70468],[-2.43387,53.71917],[-2.44007,53.7494],[-2.45178,53.75644],[-2.44632,53.76657],[-2.46581,53.7808],[-2.47709,53.78103],[-2.48127,53.77378],[-2.52575,53.75965],[-2.5513,53.75637],[-2.55753,53.74976],[-2.5646,53.74244],[-2.55518,53.72525],[-2.5408,53.71965],[-2.5398,53.70217],[-2.51538,53.69165],[-2.53235,53.66489],[-2.51132,53.62698],[-2.574,53.59427],[-2.59604,53.61074],[-2.62757,53.5894],[-2.6346,53.60827],[-2.68931,53.60429],[-2.69331,53.58946],[-2.71922,53.5761],[-2.70421,53.56263],[-2.71861,53.54354],[-2.71793,53.52729],[-2.73052,53.52058],[-2.76887,53.51356],[-2.78248,53.53141],[-2.82259,53.5051],[-2.82497,53.48519],[-2.84442,53.48411],[-2.85027,53.49324],[-2.86147,53.49101],[-2.87334,53.50002],[-2.888,53.50381],[-2.89239,53.51113],[-2.88172,53.52053],[-2.92301,53.5252],[-2.9479,53.54434],[-2.97728,53.54621],[-2.96297,53.52369],[-2.97625,53.51534],[-3.02509,53.53899],[-3.04462,53.54083],[-3.04001,53.56556],[-3.02262,53.56958],[-3.02071,53.58366],[-3.03599,53.5872],[-3.02808,53.60307],[-2.99789,53.62665],[-2.98183,53.62219],[-2.96651,53.63185],[-2.94015,53.65859],[-2.95622,53.69747],[-2.94698,53.69863],[-2.95464,53.70504],[-2.93475,53.70463],[-2.94825,53.71177],[-2.93829,53.72492],[-2.92522,53.72003],[-2.92877,53.72521],[-2.9151,53.72608],[-2.86467,53.73391],[-2.79462,53.75191],[-2.85881,53.7378],[-2.90096,53.73278],[-2.95168,53.73311],[-2.93957,53.73923],[-2.97477,53.73392],[-3.01547,53.73859],[-3.04948,53.75729],[-3.05739,53.77643],[-3.03272,53.78064],[-3.0288,53.7731],[-2.99656,53.77443],[-3.00613,53.78792],[-2.98462,53.79376],[-2.99501,53.81847],[-3.01167,53.82557],[-3.00765,53.83403],[-3.02045,53.84072],[-3.01966,53.86857],[-3.04796,53.87572],[-3.04929,53.9206],[-3.0061,53.92805],[-3.00694,53.90156],[-2.99667,53.93107],[-2.91502,53.9515],[-2.92189,53.9462],[-2.90488,53.93849],[-2.88669,53.9416],[-2.89433,53.94653],[-2.88231,53.94587],[-2.88525,53.93683],[-2.87605,53.94074],[-2.88318,53.9474],[-2.87044,53.95157],[-2.8871,53.95835],[-2.87145,53.95666],[-2.86178,53.96471],[-2.85729,53.96058],[-2.84501,53.96537],[-2.87184,53.97025],[-2.87905,53.97911],[-2.85609,53.99957],[-2.82865,53.99667],[-2.85366,54.00596],[-2.86079,54.00386],[-2.87528,54.00719],[-2.88082,53.98952],[-2.88398,53.99472],[-2.89794,53.99109],[-2.90346,54.0206],[-2.92428,54.03107],[-2.90621,54.0395],[-2.87873,54.07459],[-2.84722,54.07749],[-2.81959,54.08879],[-2.82862,54.08963],[-2.82695,54.09997],[-2.80858,54.10814],[-2.79184,54.12964],[-2.80425,54.13156],[-2.80429,54.12303],[-2.82072,54.12297],[-2.83635,54.15056],[-2.86299,54.15548],[-2.86949,54.17668],[-2.83722,54.17416],[-2.79923,54.19772],[-2.76823,54.18595],[-2.73439,54.1841],[-2.73649,54.16897],[-2.67988,54.16112],[-2.63983,54.20198],[-2.60575,54.19434],[-2.55636,54.19893],[-2.45958,54.23956],[-2.46086,54.22671],[-2.53398,54.15768],[-2.56046,54.15308],[-2.56474,54.12706],[-2.52411,54.10212],[-2.52401,54.09461],[-2.50953,54.09541],[-2.46435,54.07527],[-2.46399,54.06107],[-2.46955,54.0462],[-2.45877,54.04048],[-2.42583,54.03808],[-2.37407,54.04908],[-2.362,54.04066],[-2.35732,54.0191],[-2.34354,54.01731],[-2.33956,54.00942],[-2.35231,54.01053],[-2.35236,53.99466],[-2.33992,53.98941],[-2.31915,53.99383],[-2.29432,53.97442],[-2.23034,53.98152],[-2.22106,53.97791],[-2.23201,53.97122],[-2.22573,53.96108],[-2.19602,53.96956],[-2.18452,53.95225],[-2.17947,53.94597],[-2.18228,53.93538],[-2.17168,53.93767],[-2.16287,53.92726],[-2.12435,53.92319],[-2.10302,53.89093],[-2.08245,53.87754],[-2.08991,53.86817],[-2.08119,53.86996],[-2.04613,53.85013],[-2.04692,53.8295],[-2.06125,53.82562],[-2.11228,53.80569],[-2.12836,53.79902],[-2.12482,53.78804],[-2.13636,53.78009],[-2.12952,53.75458],[-2.14535,53.73608],[-2.17329,53.723]]]]},"properties":{"name":"Lancashire","public_name":"Lancashire","region":"North West","public_region":"North West"}},{"type":"Feature","geometry":{"type":"MultiPolygon","coordinates":[[[[-1.04625,52.63779],[-1.0705,52.61805],[-1.07437,52.61341],[-1.09664,52.61636],[-1.10366,52.59589],[-1.12018,52.59752],[-1.14452,52.58554],[-1.15311,52.58065],[-1.15956,52.59169],[-1.17417,52.59283],[-1.16557,52.61306],[-1.21599,52.63452],[-1.20726,52.64257],[-1.19066,52.64038],[-1.18407,52.64956],[-1.18396,52.66307],[-1.17666,52.66428],[-1.17909,52.67638],[-1.15726,52.6915],[-1.14453,52.68824],[-1.12826,52.66509],[-1.11888,52.67314],[-1.07509,52.66961],[-1.05677,52.66382],[-1.05895,52.65641],[-1.05359,52.65548],[-1.04625,52.63779]]]]},"properties":{"name":"Leicester","public_name":"Leicester","region":"East Midlands","public_region":"Midlands"}},{"type":"Feature","geometry":{"type":"MultiPolygon","coordinates":[[[[-0.82034,52.51561],[-0.86877,52.52696],[-0.88342,52.51379],[-0.88214,52.49315],[-0.89806,52.4869],[-0.88455,52.48129],[-0.88241,52.47127],[-0.90156,52.46083],[-0.94221,52.46776],[-0.94939,52.47696],[-1.00093,52.47081],[-1.04454,52.44569],[-1.03429,52.43627],[-1.05,52.42219],[-1.08462,52.43619],[-1.09822,52.42504],[-1.12928,52.41609],[-1.14937,52.39702],[-1.16423,52.39919],[-1.18401,52.39215],[-1.20134,52.39646],[-1.30596,52.49338],[-1.3251,52.50102],[-1.41736,52.53444],[-1.45923,52.55196],[-1.52288,52.57058],[-1.52716,52.58272],[-1.56077,52.59614],[-1.55447,52.61472],[-1.56694,52.62063],[-1.57137,52.63511],[-1.547,52.64225],[-1.54243,52.65361],[-1.55319,52.66868],[-1.58965,52.68724],[-1.60401,52.6967],[-1.57713,52.71175],[-1.56388,52.71118],[-1.54532,52.72822],[-1.5625,52.75057],[-1.55485,52.762],[-1.50395,52.76744],[-1.49407,52.75907],[-1.46876,52.76677],[-1.45589,52.77708],[-1.46279,52.78684],[-1.4419,52.79352],[-1.44357,52.80273],[-1.41771,52.8016],[-1.38794,52.83308],[-1.39433,52.83675],[-1.36073,52.85535],[-1.35118,52.85327],[-1.34487,52.86751],[-1.32534,52.86596],[-1.306,52.87706],[-1.26789,52.87335],[-1.27528,52.86027],[-1.26455,52.85809],[-1.27089,52.82373],[-1.26318,52.81378],[-1.25537,52.80413],[-1.24152,52.80528],[-1.22574,52.79162],[-1.21125,52.79491],[-1.19773,52.78939],[-1.16328,52.8065],[-1.1309,52.80581],[-1.11695,52.81956],[-1.07444,52.82471],[-1.07163,52.81396],[-1.03754,52.81634],[-1.02149,52.82205],[-0.98901,52.81823],[-0.97506,52.82921],[-0.97708,52.84072],[-0.95941,52.84383],[-0.92813,52.86606],[-0.94058,52.87683],[-0.91693,52.87891],[-0.85764,52.90562],[-0.86049,52.9158],[-0.82255,52.94412],[-0.83391,52.94586],[-0.82003,52.96044],[-0.81371,52.95697],[-0.79733,52.97615],[-0.777,52.97784],[-0.77844,52.95929],[-0.75532,52.95136],[-0.77687,52.90479],[-0.75847,52.90047],[-0.7666,52.88678],[-0.74273,52.88314],[-0.68205,52.81178],[-0.66411,52.75669],[-0.68444,52.75646],[-0.69625,52.74647],[-0.75333,52.73655],[-0.77649,52.74391],[-0.8012,52.73672],[-0.8216,52.7166],[-0.78606,52.69472],[-0.78213,52.67046],[-0.80972,52.64428],[-0.80176,52.63882],[-0.80584,52.62067],[-0.82096,52.59644],[-0.79245,52.5976],[-0.76539,52.58251],[-0.75991,52.56489],[-0.73888,52.54886],[-0.74222,52.53947],[-0.71367,52.52495],[-0.75723,52.51093],[-0.77488,52.51826],[-0.78888,52.51367],[-0.82034,52.51561]],[[-1.04625,52.63779],[-1.0705,52.61805],[-1.07437,52.61341],[-1.09664,52.61636],[-1.10366,52.59589],[-1.12018,52.59752],[-1.14452,52.58554],[-1.15311,52.58065],[-1.15956,52.59169],[-1.17417,52.59283],[-1.16557,52.61306],[-1.21599,52.63452],[-1.20726,52.64257],[-1.19066,52.64038],[-1.18407,52.64956],[-1.18396,52.66307],[-1.17666,52.66428],[-1.17909,52.67638],[-1.15726,52.6915],[-1.14453,52.68824],[-1.12826,52.66509],[-1.11888,52.67314],[-1.07509,52.66961],[-1.05677,52.66382],[-1.05895,52.65641],[-1.05359,52.65548],[-1.04625,52.63779]]]]},"properties":{"name":"Leicestershire","public_name":"Leicestershire","region":"East Midlands","public_region":"Midlands"}},{"type":"Feature","geometry":{"type":"MultiPolygon","coordinates":[[[[0.02658,52.89891],[0.04311,52.90523],[0.03797,52.89792],[0.05804,52.90132],[0.09162,52.89009],[0.12315,52.88977],[0.14956,52.88221],[0.17471,52.87354],[0.2138,52.82712],[0.20578,52.78422],[0.21588,52.81721],[0.26587,52.81007],[0.24507,52.7845],[0.27219,52.77278],[0.18631,52.73533],[0.17017,52.73987],[0.13296,52.73928],[0.089,52.72361],[0.06317,52.72711],[0.04413,52.71436],[0.04898,52.68198],[0.02148,52.66487],[-0.03129,52.66151],[-0.03212,52.66534],[-0.0638,52.67521],[-0.08785,52.66676],[-0.10221,52.67219],[-0.14108,52.65149],[-0.18004,52.66054],[-0.19288,52.65242],[-0.20605,52.66805],[-0.26026,52.65142],[-0.28925,52.67026],[-0.33505,52.67485],[-0.35016,52.66163],[-0.40569,52.64803],[-0.45271,52.65426],[-0.45305,52.64923],[-0.47584,52.6487],[-0.49504,52.64022],[-0.5236,52.66521],[-0.50669,52.65951],[-0.48161,52.66603],[-0.45946,52.66908],[-0.43407,52.68368],[-0.43045,52.7054],[-0.49454,52.70963],[-0.51265,52.71966],[-0.54245,52.72326],[-0.53999,52.73838],[-0.56612,52.74497],[-0.57265,52.75309],[-0.60545,52.75047],[-0.60861,52.75969],[-0.66411,52.75669],[-0.68205,52.81178],[-0.74273,52.88314],[-0.7666,52.88678],[-0.75847,52.90047],[-0.77687,52.90479],[-0.75532,52.95136],[-0.77844,52.95929],[-0.777,52.97784],[-0.80368,53.0129],[-0.79583,53.01058],[-0.78842,53.02583],[-0.76083,53.02939],[-0.74969,53.0551],[-0.73098,53.05438],[-0.7226,53.0599],[-0.71347,53.06602],[-0.69514,53.06627],[-0.72959,53.0978],[-0.71676,53.11616],[-0.73241,53.12778],[-0.71538,53.13686],[-0.71816,53.17727],[-0.76414,53.18152],[-0.76211,53.18819],[-0.73043,53.2107],[-0.71476,53.20759],[-0.6975,53.22023],[-0.67587,53.21762],[-0.66658,53.23968],[-0.68803,53.25837],[-0.73415,53.25398],[-0.73509,53.24385],[-0.77651,53.24675],[-0.76366,53.27307],[-0.77726,53.28379],[-0.76256,53.29916],[-0.7503,53.2933],[-0.74923,53.32382],[-0.76593,53.3301],[-0.75809,53.35386],[-0.77457,53.36492],[-0.79043,53.3635],[-0.77467,53.37772],[-0.78971,53.38581],[-0.77649,53.39649],[-0.78804,53.41523],[-0.81738,53.42653],[-0.81992,53.44071],[-0.79678,53.45481],[-0.7836,53.46436],[-0.78401,53.47618],[-0.77062,53.47965],[-0.76731,53.49879],[-0.75106,53.50052],[-0.73858,53.51983],[-0.62448,53.5128],[-0.63395,53.48541],[-0.62975,53.4582],[-0.56605,53.4581],[-0.47175,53.47485],[-0.48657,53.48046],[-0.48068,53.49622],[-0.48839,53.50481],[-0.40505,53.51757],[-0.40814,53.53209],[-0.42187,53.53441],[-0.4307,53.54631],[-0.50123,53.53744],[-0.4909,53.54584],[-0.46702,53.54894],[-0.46641,53.55548],[-0.45071,53.55798],[-0.42877,53.57439],[-0.41939,53.56368],[-0.33583,53.55866],[-0.30074,53.59526],[-0.30855,53.61431],[-0.29211,53.61324],[-0.24849,53.59361],[-0.25139,53.58463],[-0.23466,53.58623],[-0.22265,53.56801],[-0.19518,53.5716],[-0.18749,53.56355],[-0.21971,53.53258],[-0.21059,53.53168],[-0.20408,53.51174],[-0.2106,53.48626],[-0.18856,53.48451],[-0.1818,53.46869],[-0.15371,53.46571],[-0.14928,53.44684],[-0.1318,53.43591],[-0.12034,53.43357],[-0.08221,53.45113],[-0.10786,53.46987],[-0.0898,53.47766],[-0.09548,53.48596],[-0.07526,53.48931],[-0.06494,53.51878],[-0.04661,53.52007],[-0.03968,53.51308],[0.00943,53.52093],[0.01723,53.52603],[0.05465,53.50794],[0.05709,53.51694],[0.04739,53.51463],[0.03872,53.5267],[0.07781,53.51123],[0.08028,53.51696],[0.08824,53.51487],[0.07962,53.5033],[0.09313,53.49399],[0.10177,53.49275],[0.11332,53.48722],[0.11786,53.49321],[0.10895,53.50427],[0.13645,53.49541],[0.12858,53.48457],[0.14384,53.48194],[0.14748,53.4941],[0.16358,53.48211],[0.16804,53.47654],[0.15736,53.4789],[0.19142,53.44937],[0.18513,53.44339],[0.20065,53.43611],[0.18781,53.43768],[0.21251,53.42126],[0.1965,53.41775],[0.22836,53.40584],[0.24266,53.37277],[0.33718,53.24032],[0.35563,53.19203],[0.34959,53.13739],[0.33985,53.09726],[0.32834,53.08943],[0.29705,53.09471],[0.31247,53.08913],[0.27981,53.08237],[0.29103,53.08126],[0.21562,53.04091],[0.19745,53.03423],[0.15626,53.01264],[0.08639,52.95819],[0.0935,52.95691],[0.07902,52.93396],[0.04188,52.93269],[0.07837,52.93201],[0.05188,52.91886],[0.03691,52.92437],[0.04557,52.91568],[0.02658,52.89891]]]]},"properties":{"name":"Lincolnshire","public_name":"Lincolnshire","region":"East Midlands","public_region":"Anglian"}},{"type":"Feature","geometry":{"type":"MultiPolygon","coordinates":[[[[-0.35486,51.87401],[-0.36978,51.86811],[-0.39588,51.87057],[-0.42209,51.85447],[-0.4553,51.88228],[-0.50595,51.9006],[-0.4823,51.90779],[-0.48573,51.92269],[-0.42634,51.92672],[-0.41909,51.91229],[-0.40246,51.90969],[-0.38564,51.91567],[-0.3776,51.89857],[-0.34992,51.8787],[-0.35486,51.87401]]]]},"properties":{"name":"Luton","public_name":"Luton","region":"East of England","public_region":"Anglian"}},{"type":"Feature","geometry":{"type":"MultiPolygon","coordinates":[[[[0.63461,51.38909],[0.6225,51.37603],[0.63488,51.36637],[0.60137,51.3333],[0.56343,51.33874],[0.54397,51.3279],[0.5329,51.33716],[0.50581,51.34295],[0.50306,51.35467],[0.49413,51.35264],[0.45694,51.36806],[0.45471,51.34089],[0.41857,51.34791],[0.39989,51.34446],[0.39707,51.35269],[0.43108,51.38803],[0.45329,51.39138],[0.45182,51.39832],[0.46766,51.3983],[0.47511,51.41295],[0.48921,51.41533],[0.48793,51.44328],[0.45849,51.45526],[0.45428,51.46345],[0.46759,51.4642],[0.45785,51.46695],[0.46871,51.48277],[0.54698,51.48704],[0.55391,51.48142],[0.57452,51.48426],[0.58246,51.47965],[0.58575,51.48444],[0.61521,51.47508],[0.65996,51.47767],[0.67121,51.47225],[0.69971,51.47273],[0.72036,51.45973],[0.72323,51.44352],[0.7134,51.43568],[0.67786,51.43317],[0.67034,51.44851],[0.66719,51.44388],[0.65672,51.44927],[0.63579,51.44622],[0.61827,51.42868],[0.62519,51.42367],[0.61064,51.41737],[0.53496,51.4134],[0.51871,51.39682],[0.53666,51.41021],[0.56094,51.39481],[0.59461,51.38645],[0.61177,51.37883],[0.6192,51.38849],[0.63461,51.38909]]],[[[0.5826,51.40326],[0.56022,51.40323],[0.56391,51.40807],[0.5826,51.40326]]]]},"properties":{"name":"Medway","public_name":"Medway","region":"South East","public_region":"Southern"}},{"type":"Feature","geometry":{"type":"MultiPolygon","coordinates":[[[[-2.7452,53.40192],[-2.75765,53.38072],[-2.77668,53.38102],[-2.7872,53.35632],[-2.80913,53.35504],[-2.81844,53.34799],[-2.81878,53.33976],[-2.83227,53.33727],[-2.82666,53.33164],[-2.83647,53.32699],[-2.87816,53.33418],[-2.98501,53.38652],[-3.00876,53.43837],[-3.04148,53.4656],[-3.06506,53.50478],[-3.06324,53.52388],[-3.07612,53.52336],[-3.10477,53.54719],[-3.0975,53.57441],[-3.04273,53.63631],[-2.96935,53.69832],[-2.97149,53.69215],[-2.95622,53.69747],[-2.94015,53.65859],[-2.96651,53.63185],[-2.98183,53.62219],[-2.99789,53.62665],[-3.02808,53.60307],[-3.03599,53.5872],[-3.02071,53.58366],[-3.02262,53.56958],[-3.04001,53.56556],[-3.04462,53.54083],[-3.02509,53.53899],[-2.97625,53.51534],[-2.96297,53.52369],[-2.97728,53.54621],[-2.9479,53.54434],[-2.92301,53.5252],[-2.88172,53.52053],[-2.89239,53.51113],[-2.888,53.50381],[-2.87334,53.50002],[-2.86147,53.49101],[-2.85027,53.49324],[-2.84442,53.48411],[-2.82497,53.48519],[-2.82259,53.5051],[-2.78248,53.53141],[-2.76887,53.51356],[-2.73052,53.52058],[-2.72378,53.51035],[-2.71001,53.51463],[-2.69889,53.50202],[-2.66636,53.49976],[-2.64554,53.48024],[-2.61214,53.48112],[-2.61544,53.46367],[-2.58315,53.45331],[-2.57674,53.44604],[-2.58533,53.43976],[-2.59874,53.45036],[-2.59673,53.44246],[-2.62741,53.43437],[-2.63884,53.44426],[-2.67717,53.45274],[-2.68207,53.43887],[-2.66871,53.44106],[-2.6753,53.43294],[-2.66346,53.42884],[-2.67626,53.38761],[-2.69063,53.38537],[-2.71273,53.39058],[-2.71532,53.39901],[-2.7452,53.40192]]],[[[-3.12234,53.32252],[-3.18628,53.36443],[-3.20037,53.3875],[-3.04032,53.44288],[-3.00252,53.37472],[-2.92857,53.30823],[-2.9672,53.30097],[-2.99274,53.30709],[-3.02614,53.29773],[-3.07417,53.31636],[-3.10373,53.30001],[-3.10902,53.29724],[-3.12234,53.32252]]]]},"properties":{"name":"Merseyside","public_name":"Merseyside","region":"North West","public_region":"North West"}},{"type":"Feature","geometry":{"type":"MultiPolygon","coordinates":[[[[-3.29606,51.66403],[-3.31384,51.64472],[-3.31385,51.6557],[-3.32192,51.6521],[-3.33145,51.65671],[-3.38059,51.71137],[-3.3999,51.71788],[-3.45308,51.76165],[-3.42748,51.75845],[-3.4167,51.76717],[-3.44111,51.79672],[-3.44217,51.81745],[-3.41712,51.83509],[-3.40241,51.82631],[-3.40231,51.81415],[-3.37285,51.81219],[-3.36376,51.79102],[-3.33446,51.7904],[-3.32904,51.75865],[-3.3101,51.73945],[-3.3155,51.7318],[-3.30072,51.73629],[-3.2741,51.68224],[-3.28459,51.67715],[-3.28522,51.65823],[-3.29606,51.66403]]]]},"properties":{"name":"Merthyr Tydfil","public_name":"Merthyr Tydfil","region":"Wales","public_region":"Wales"}},{"type":"Feature","geometry":{"type":"MultiPolygon","coordinates":[[[[-1.20024,54.57687],[-1.17786,54.56856],[-1.16663,54.55406],[-1.19902,54.54449],[-1.16137,54.52488],[-1.15973,54.51583],[-1.13731,54.51491],[-1.14668,54.50136],[-1.23059,54.51187],[-1.28229,54.5184],[-1.28538,54.53618],[-1.27063,54.55638],[-1.28176,54.56526],[-1.26222,54.56961],[-1.25554,54.58915],[-1.21977,54.57887],[-1.19705,54.58178],[-1.20024,54.57687]]]]},"properties":{"name":"Middlesbrough","public_name":"Middlesbrough","region":"North East","public_region":"North East"}},{"type":"Feature","geometry":{"type":"MultiPolygon","coordinates":[[[[-0.669,52.04871],[-0.64308,52.03725],[-0.64041,52.02359],[-0.65105,52.01847],[-0.6435,52.01084],[-0.66171,51.99973],[-0.6457,51.97222],[-0.653,51.96922],[-0.66909,51.97848],[-0.71341,51.98981],[-0.71396,51.97786],[-0.7404,51.96985],[-0.76202,51.98555],[-0.80353,51.98549],[-0.81984,52.01228],[-0.87134,52.04024],[-0.85247,52.05069],[-0.86283,52.06089],[-0.83952,52.06382],[-0.83144,52.07193],[-0.84673,52.0915],[-0.86955,52.10002],[-0.87147,52.11174],[-0.88732,52.11452],[-0.88074,52.12632],[-0.82822,52.1326],[-0.83198,52.14367],[-0.81406,52.14246],[-0.80761,52.15697],[-0.79211,52.15132],[-0.78321,52.16591],[-0.76535,52.17109],[-0.76207,52.16343],[-0.74975,52.16686],[-0.70547,52.19156],[-0.66815,52.19502],[-0.64333,52.18889],[-0.62747,52.18153],[-0.63069,52.15491],[-0.64075,52.15291],[-0.63464,52.13796],[-0.60752,52.13398],[-0.59183,52.11068],[-0.60581,52.0921],[-0.63138,52.08096],[-0.669,52.04871]]]]},"properties":{"name":"Milton Keynes","public_name":"Milton Keynes","region":"South East","public_region":"Anglian"}},{"type":"Feature","geometry":{"type":"MultiPolygon","coordinates":[[[[-2.66679,51.63057],[-2.65792,51.62224],[-2.66718,51.61096],[-2.69563,51.60338],[-2.71289,51.58225],[-2.75934,51.57779],[-2.82163,51.55407],[-2.83422,51.57038],[-2.85266,51.57125],[-2.85919,51.57942],[-2.84752,51.6008],[-2.83478,51.60429],[-2.8304,51.61494],[-2.80337,51.61568],[-2.83451,51.64818],[-2.88358,51.64151],[-2.90872,51.62373],[-2.92436,51.62667],[-2.94178,51.61748],[-2.95386,51.63017],[-2.97315,51.63402],[-2.97763,51.65268],[-3.00349,51.66906],[-3.00162,51.67779],[-2.99003,51.6801],[-2.97945,51.67363],[-2.96961,51.69302],[-3.00197,51.69085],[-2.98245,51.71392],[-3.00282,51.72131],[-3.02545,51.7181],[-3.03274,51.72398],[-3.02765,51.74534],[-3.05062,51.76237],[-3.04349,51.77045],[-3.05883,51.78362],[-3.10836,51.79626],[-3.13413,51.79277],[-3.15686,51.79608],[-3.14585,51.80474],[-3.15735,51.81605],[-3.12051,51.8389],[-3.101,51.83226],[-3.09699,51.84661],[-3.0634,51.86332],[-3.07219,51.87514],[-3.04,51.88474],[-3.04947,51.91143],[-3.07864,51.92452],[-3.09011,51.95038],[-3.08159,51.95539],[-3.09316,51.96523],[-3.06736,51.98314],[-3.02594,51.95728],[-3.00812,51.92712],[-2.97666,51.92748],[-2.97184,51.90497],[-2.95248,51.90622],[-2.8777,51.93377],[-2.84502,51.9222],[-2.86192,51.91401],[-2.84191,51.91772],[-2.83615,51.90603],[-2.82095,51.90533],[-2.80112,51.8902],[-2.76833,51.8805],[-2.77884,51.86595],[-2.73887,51.83666],[-2.71971,51.84879],[-2.71367,51.83981],[-2.69732,51.84476],[-2.69336,51.83387],[-2.66615,51.83564],[-2.65023,51.82614],[-2.66087,51.82275],[-2.65954,51.81068],[-2.6783,51.80325],[-2.66955,51.79436],[-2.68045,51.76892],[-2.66278,51.7536],[-2.67263,51.73635],[-2.68777,51.73109],[-2.66806,51.70577],[-2.68353,51.70105],[-2.66948,51.6948],[-2.67222,51.68187],[-2.65642,51.67339],[-2.68253,51.66859],[-2.68583,51.66316],[-2.6652,51.66466],[-2.67921,51.64686],[-2.66886,51.645],[-2.66679,51.63057]]]]},"properties":{"name":"Monmouthshire","public_name":"Monmouthshire","region":"Wales","public_region":"Wales"}},{"type":"Feature","geometry":{"type":"MultiPolygon","coordinates":[[[[-3.79806,51.57114],[-3.80263,51.5818],[-3.81691,51.57966],[-3.79941,51.5854],[-3.81191,51.58362],[-3.8508,51.61447],[-3.83654,51.62389],[-3.87659,51.61677],[-3.8907,51.62154],[-3.87523,51.65754],[-3.85106,51.67538],[-3.84273,51.69724],[-3.85632,51.69716],[-3.86442,51.70504],[-3.87429,51.70231],[-3.88849,51.73908],[-3.92982,51.76982],[-3.9185,51.77528],[-3.88719,51.76879],[-3.88208,51.7879],[-3.89998,51.80362],[-3.86496,51.81034],[-3.82074,51.80303],[-3.80643,51.788],[-3.8016,51.78175],[-3.77884,51.77162],[-3.77761,51.75667],[-3.75716,51.75282],[-3.7375,51.7581],[-3.7279,51.7762],[-3.67035,51.78719],[-3.62529,51.77391],[-3.60365,51.77392],[-3.59373,51.75312],[-3.57893,51.72205],[-3.58962,51.6793],[-3.56402,51.65497],[-3.56336,51.64552],[-3.58031,51.64468],[-3.5958,51.63774],[-3.6618,51.64545],[-3.6807,51.62191],[-3.67672,51.60132],[-3.69081,51.60365],[-3.69439,51.5941],[-3.6554,51.56492],[-3.65667,51.53913],[-3.68758,51.53747],[-3.70311,51.52716],[-3.74417,51.53666],[-3.76245,51.53554],[-3.78991,51.56979],[-3.79806,51.57114]]],[[[-3.79987,51.57306],[-3.79806,51.57114],[-3.81722,51.57432],[-3.79987,51.57306]]]]},"properties":{"name":"Neath Port Talbot","public_name":"Neath Port Talbot","region":"Wales","public_region":"Wales"}},{"type":"Feature","geometry":{"type":"MultiPolygon","coordinates":[[[[0.0013,53.53951],[0.01723,53.52603],[0.00943,53.52093],[-0.03968,53.51308],[-0.04661,53.52007],[-0.06494,53.51878],[-0.07526,53.48931],[-0.09548,53.48596],[-0.0898,53.47766],[-0.10786,53.46987],[-0.08221,53.45113],[-0.12034,53.43357],[-0.1318,53.43591],[-0.14928,53.44684],[-0.15371,53.46571],[-0.1818,53.46869],[-0.18856,53.48451],[-0.2106,53.48626],[-0.20408,53.51174],[-0.21059,53.53168],[-0.21971,53.53258],[-0.18749,53.56355],[-0.19518,53.5716],[-0.22265,53.56801],[-0.23466,53.58623],[-0.25139,53.58463],[-0.24849,53.59361],[-0.29211,53.61324],[-0.23261,53.62398],[-0.20428,53.63843],[-0.09321,53.58105],[-0.07945,53.57691],[-0.07207,53.58385],[-0.0608,53.58205],[0.0013,53.53951]]]]},"properties":{"name":"North East Lincolnshire","public_name":"North East Lincolnshire","region":"Yorkshire and The Humber","public_region":"Anglian"}},{"type":"Feature","geometry":{"type":"MultiPolygon","coordinates":[[[[-2.85919,51.57942],[-2.85266,51.57125],[-2.83422,51.57038],[-2.82163,51.55407],[-2.90504,51.53242],[-2.92286,51.5354],[-2.91143,51.54216],[-2.95122,51.53507],[-2.97944,51.54325],[-2.96999,51.55584],[-2.98855,51.5495],[-2.99002,51.54836],[-2.99535,51.53638],[-3.07207,51.50327],[-3.08265,51.50182],[-3.09035,51.50994],[-3.0689,51.52026],[-3.08085,51.5316],[-3.11286,51.54887],[-3.10375,51.56428],[-3.09017,51.56854],[-3.12175,51.57969],[-3.12411,51.58849],[-3.10509,51.59724],[-3.09373,51.5914],[-3.06476,51.60378],[-3.08157,51.61964],[-3.04504,51.60667],[-3.04718,51.62252],[-3.01954,51.61653],[-3.00039,51.61947],[-2.98928,51.62876],[-2.96382,51.6252],[-2.95386,51.63017],[-2.94178,51.61748],[-2.92436,51.62667],[-2.90872,51.62373],[-2.88358,51.64151],[-2.83451,51.64818],[-2.80337,51.61568],[-2.8304,51.61494],[-2.83478,51.60429],[-2.84752,51.6008],[-2.85919,51.57942]]]]},"properties":{"name":"Newport","public_name":"Newport","region":"Wales","public_region":"Wales"}},{"type":"Feature","geometry":{"type":"MultiPolygon","coordinates":[[[[-0.86533,53.63769],[-0.84826,53.63302],[-0.8058,53.64633],[-0.78874,53.65919],[-0.77213,53.66405],[-0.77449,53.65619],[-0.72176,53.67934],[-0.70245,53.67747],[-0.69849,53.68459],[-0.68511,53.67222],[-0.69421,53.6952],[-0.613,53.71454],[-0.58625,53.69332],[-0.52351,53.67697],[-0.47049,53.6982],[-0.39353,53.69685],[-0.38765,53.70216],[-0.29421,53.71413],[-0.20428,53.63843],[-0.23261,53.62398],[-0.29211,53.61324],[-0.30855,53.61431],[-0.30074,53.59526],[-0.33583,53.55866],[-0.41939,53.56368],[-0.42877,53.57439],[-0.45071,53.55798],[-0.46641,53.55548],[-0.46702,53.54894],[-0.4909,53.54584],[-0.50123,53.53744],[-0.4307,53.54631],[-0.42187,53.53441],[-0.40814,53.53209],[-0.40505,53.51757],[-0.48839,53.50481],[-0.48068,53.49622],[-0.48657,53.48046],[-0.47175,53.47485],[-0.56605,53.4581],[-0.62975,53.4582],[-0.63395,53.48541],[-0.62448,53.5128],[-0.73858,53.51983],[-0.75106,53.50052],[-0.76731,53.49879],[-0.77062,53.47965],[-0.78401,53.47618],[-0.7836,53.46436],[-0.79678,53.45481],[-0.87204,53.46634],[-0.87373,53.4615],[-0.91626,53.46028],[-0.92025,53.46549],[-0.90053,53.47513],[-0.93558,53.50248],[-0.93209,53.51065],[-0.95001,53.51364],[-0.94371,53.53062],[-0.89235,53.53736],[-0.90126,53.54789],[-0.89099,53.56654],[-0.90111,53.5687],[-0.86533,53.63769]]]]},"properties":{"name":"North Lincolnshire","public_name":"North Lincolnshire","region":"Yorkshire and The Humber","public_region":"Anglian"}},{"type":"Feature","geometry":{"type":"MultiPolygon","coordinates":[[[[0.87523,52.96016],[0.8768,52.96031],[0.91776,52.9604],[0.91968,52.96562],[0.93538,52.95881],[0.98397,52.96377],[0.98268,52.95764],[1.01535,52.95545],[1.01858,52.96408],[1.03575,52.96708],[0.99567,52.97693],[0.97025,52.97055],[0.97334,52.9779],[0.97827,52.98043],[1.13025,52.95064],[1.26946,52.93889],[1.34317,52.92002],[1.43312,52.88147],[1.58152,52.80247],[1.67493,52.74257],[1.70255,52.71658],[1.73744,52.6473],[1.73984,52.57303],[1.7344,52.57741],[1.73863,52.57195],[1.73177,52.56469],[1.74043,52.53208],[1.72598,52.53062],[1.70255,52.5444],[1.66795,52.55022],[1.63671,52.53741],[1.62884,52.52609],[1.6544,52.50153],[1.67184,52.50411],[1.68281,52.49175],[1.65986,52.46879],[1.64686,52.4718],[1.63473,52.46273],[1.61683,52.46331],[1.58656,52.47846],[1.56888,52.4747],[1.55695,52.45756],[1.52957,52.46828],[1.50807,52.46164],[1.48005,52.47184],[1.44649,52.456],[1.42012,52.47102],[1.41099,52.46157],[1.43324,52.45594],[1.43219,52.44516],[1.40789,52.44439],[1.36373,52.42749],[1.36123,52.41318],[1.34661,52.40489],[1.32268,52.38908],[1.28494,52.39018],[1.26047,52.37141],[1.21405,52.35539],[1.07915,52.37236],[1.06807,52.37851],[1.02994,52.37823],[0.98029,52.3695],[0.96744,52.37009],[0.9302,52.38882],[0.86555,52.39052],[0.85541,52.39942],[0.83829,52.4007],[0.78373,52.38624],[0.76594,52.39034],[0.74982,52.38291],[0.73756,52.39512],[0.71241,52.3946],[0.68483,52.39902],[0.67217,52.41281],[0.71888,52.44956],[0.68395,52.45315],[0.6663,52.46249],[0.64196,52.45097],[0.62029,52.45439],[0.61557,52.44889],[0.58248,52.45184],[0.5548,52.45601],[0.52381,52.44818],[0.44551,52.44735],[0.42529,52.43031],[0.4285,52.45463],[0.38068,52.47952],[0.36704,52.50116],[0.30934,52.5136],[0.25645,52.5077],[0.24602,52.49987],[0.23877,52.50917],[0.2061,52.51962],[0.23057,52.52789],[0.20583,52.53383],[0.21313,52.53815],[0.20385,52.54539],[0.21461,52.54909],[0.20512,52.54788],[0.20469,52.55464],[0.21722,52.56057],[0.20561,52.56555],[0.21839,52.57258],[0.21576,52.57943],[0.19953,52.58274],[0.19158,52.6015],[0.21928,52.62179],[0.16984,52.65052],[0.18382,52.65564],[0.1847,52.67788],[0.15484,52.68077],[0.15536,52.69289],[0.17017,52.73987],[0.18631,52.73533],[0.27219,52.77278],[0.24507,52.7845],[0.26587,52.81007],[0.28427,52.8152],[0.32584,52.81503],[0.36662,52.7911],[0.37429,52.77835],[0.36706,52.79615],[0.3734,52.80779],[0.38193,52.80774],[0.37586,52.81531],[0.39592,52.8303],[0.412,52.83004],[0.41127,52.83476],[0.4283,52.83679],[0.41924,52.83967],[0.43105,52.84602],[0.43387,52.83894],[0.44638,52.84349],[0.44537,52.8737],[0.48674,52.9427],[0.54093,52.97488],[0.56266,52.97657],[0.57217,52.96396],[0.58641,52.97315],[0.59085,52.96532],[0.604,52.96757],[0.59007,52.97669],[0.61784,52.97361],[0.61628,52.96849],[0.62602,52.97095],[0.61991,52.97375],[0.67403,52.97613],[0.66756,52.97013],[0.68841,52.97086],[0.67527,52.9715],[0.69513,52.97815],[0.70869,52.97407],[0.73164,52.97222],[0.73145,52.96072],[0.75786,52.96932],[0.76132,52.9758],[0.7512,52.97691],[0.78142,52.97719],[0.81377,52.96979],[0.81377,52.97736],[0.83808,52.97919],[0.82077,52.97672],[0.85172,52.97339],[0.85109,52.95767],[0.87046,52.95491],[0.87523,52.96016]]],[[[0.68132,52.97743],[0.68411,52.98703],[0.69616,52.98759],[0.75107,52.97844],[0.72221,52.97737],[0.71449,52.97702],[0.69836,52.98407],[0.68132,52.97743]]],[[[0.87562,52.96699],[0.86533,52.9695],[0.85239,52.9581],[0.86745,52.97938],[0.89124,52.96983],[0.87589,52.96747],[0.87562,52.96699]]],[[[0.87562,52.96699],[0.88331,52.96512],[0.8925,52.96932],[0.89124,52.96983],[0.89305,52.97011],[0.90506,52.96305],[0.8768,52.96031],[0.87537,52.96031],[0.87523,52.96016],[0.87562,52.96699]]],[[[0.66225,52.986],[0.68411,52.98703],[0.68349,52.98596],[0.66225,52.986]]]]},"properties":{"name":"Norfolk","public_name":"Norfolk","region":"East of England","public_region":"Anglian"}},{"type":"Feature","geometry":{"type":"MultiPolygon","coordinates":[[[[-0.6106,52.27889],[-0.65367,52.26827],[-0.63735,52.2273],[-0.66815,52.19502],[-0.70547,52.19156],[-0.74975,52.16686],[-0.76207,52.16343],[-0.76535,52.17109],[-0.78321,52.16591],[-0.79211,52.15132],[-0.80761,52.15697],[-0.81406,52.14246],[-0.83198,52.14367],[-0.82822,52.1326],[-0.88074,52.12632],[-0.88732,52.11452],[-0.87147,52.11174],[-0.86955,52.10002],[-0.84673,52.0915],[-0.83144,52.07193],[-0.83952,52.06382],[-0.86283,52.06089],[-0.85247,52.05069],[-0.87134,52.04024],[-0.88031,52.02868],[-0.89014,52.03155],[-0.9084,52.02223],[-0.93023,52.04311],[-0.94007,52.07583],[-0.95189,52.08152],[-0.96782,52.0709],[-1.04213,52.07393],[-1.02642,52.0644],[-1.06208,52.06272],[-1.12222,52.04494],[-1.13668,52.02223],[-1.11517,52.01651],[-1.13435,51.99729],[-1.16384,51.9934],[-1.17607,51.98203],[-1.19628,51.97742],[-1.24163,51.98628],[-1.28274,51.97922],[-1.28888,51.98971],[-1.27816,52.01419],[-1.31288,52.05115],[-1.29752,52.07804],[-1.31818,52.07991],[-1.32114,52.0871],[-1.2723,52.09785],[-1.24803,52.09684],[-1.33088,52.16822],[-1.31315,52.19045],[-1.28121,52.19194],[-1.25483,52.1992],[-1.26093,52.21598],[-1.27529,52.222],[-1.28466,52.23856],[-1.26691,52.23523],[-1.25449,52.24755],[-1.23301,52.25324],[-1.21575,52.26636],[-1.22358,52.28682],[-1.2338,52.29031],[-1.20925,52.31519],[-1.26537,52.32834],[-1.26228,52.33428],[-1.22139,52.34961],[-1.17499,52.35627],[-1.17214,52.36128],[-1.20134,52.39646],[-1.18401,52.39215],[-1.16423,52.39919],[-1.14937,52.39702],[-1.12928,52.41609],[-1.09822,52.42504],[-1.08462,52.43619],[-1.05,52.42219],[-1.03429,52.43627],[-1.04454,52.44569],[-1.00093,52.47081],[-0.94939,52.47696],[-0.94221,52.46776],[-0.90156,52.46083],[-0.88241,52.47127],[-0.88455,52.48129],[-0.89806,52.4869],[-0.88214,52.49315],[-0.88342,52.51379],[-0.86877,52.52696],[-0.82034,52.51561],[-0.78888,52.51367],[-0.77488,52.51826],[-0.75723,52.51093],[-0.71367,52.52495],[-0.69785,52.54568],[-0.6713,52.56409],[-0.63897,52.57149],[-0.60303,52.58857],[-0.58887,52.58675],[-0.58156,52.59585],[-0.57192,52.58578],[-0.55813,52.59446],[-0.54419,52.59287],[-0.5529,52.60087],[-0.5407,52.62546],[-0.51709,52.64245],[-0.49504,52.64022],[-0.47352,52.62822],[-0.47097,52.61794],[-0.49766,52.58683],[-0.47883,52.57363],[-0.42504,52.58239],[-0.41539,52.57872],[-0.40732,52.56398],[-0.41961,52.55894],[-0.40208,52.5483],[-0.4013,52.53867],[-0.41384,52.52642],[-0.35436,52.50648],[-0.35942,52.48984],[-0.34161,52.46692],[-0.35353,52.46026],[-0.37188,52.43704],[-0.36243,52.43351],[-0.41709,52.41158],[-0.41595,52.40379],[-0.43927,52.3863],[-0.49596,52.3795],[-0.48854,52.37401],[-0.49872,52.36008],[-0.4777,52.3489],[-0.48325,52.34093],[-0.46667,52.33891],[-0.46538,52.32294],[-0.51985,52.31768],[-0.51407,52.31468],[-0.54199,52.28993],[-0.53121,52.27039],[-0.53992,52.25729],[-0.56571,52.25345],[-0.58635,52.2729],[-0.6106,52.27889]]]]},"properties":{"name":"Northamptonshire","public_name":"Northamptonshire","region":"East Midlands","public_region":"Anglian"}},{"type":"Feature","geometry":{"type":"MultiPolygon","coordinates":[[[[-1.51402,55.18166],[-1.52506,55.16263],[-1.54007,55.16161],[-1.52613,55.15999],[-1.48669,55.11645],[-1.52193,55.14357],[-1.49292,55.11923],[-1.49774,55.10812],[-1.47119,55.08543],[-1.46176,55.07431],[-1.4923,55.06598],[-1.4878,55.05358],[-1.50862,55.04801],[-1.51027,55.055],[-1.53233,55.05414],[-1.53985,55.06158],[-1.55617,55.05423],[-1.57507,55.05561],[-1.57853,55.06307],[-1.63931,55.06438],[-1.64767,55.07938],[-1.7046,55.07093],[-1.71375,55.06547],[-1.71053,55.05274],[-1.69791,55.05237],[-1.6949,55.04289],[-1.75023,55.02401],[-1.75655,55.00326],[-1.7738,55.00396],[-1.76984,54.98138],[-1.78496,54.98452],[-1.80272,54.9788],[-1.8128,54.97631],[-1.82335,54.95548],[-1.83369,54.95329],[-1.82694,54.93022],[-1.84114,54.92972],[-1.85265,54.9174],[-1.821,54.90565],[-1.85443,54.89118],[-1.8704,54.85066],[-1.89746,54.84575],[-1.91519,54.83397],[-1.92719,54.84137],[-1.93267,54.85418],[-1.95293,54.8541],[-1.98023,54.86818],[-2.00096,54.86966],[-2.03975,54.84828],[-2.08247,54.83821],[-2.13978,54.84186],[-2.14312,54.82695],[-2.16634,54.81388],[-2.16946,54.8036],[-2.19859,54.80673],[-2.2189,54.78237],[-2.28267,54.79825],[-2.31208,54.79101],[-2.32328,54.795],[-2.32738,54.80533],[-2.34842,54.80707],[-2.38973,54.83199],[-2.41162,54.85642],[-2.42269,54.84283],[-2.46059,54.83416],[-2.49558,54.81023],[-2.53375,54.8067],[-2.56784,54.82357],[-2.58267,54.84586],[-2.57335,54.85354],[-2.60527,54.88393],[-2.57641,54.89671],[-2.56621,54.91923],[-2.54527,54.92917],[-2.56764,54.94085],[-2.56842,54.95828],[-2.59556,54.96347],[-2.60136,54.97131],[-2.57331,54.98763],[-2.57318,55.01611],[-2.52691,55.03294],[-2.48304,55.04001],[-2.50398,55.06248],[-2.49219,55.06815],[-2.50123,55.07522],[-2.48633,55.08304],[-2.50257,55.09075],[-2.53225,55.08276],[-2.55694,55.08103],[-2.56842,55.09626],[-2.58077,55.0956],[-2.59355,55.10512],[-2.5989,55.12457],[-2.64712,55.13106],[-2.67732,55.15548],[-2.68325,55.16663],[-2.67455,55.17589],[-2.68978,55.18898],[-2.68386,55.20231],[-2.66681,55.22158],[-2.63141,55.2237],[-2.63022,55.24479],[-2.61145,55.24713],[-2.64677,55.26004],[-2.62665,55.26222],[-2.60923,55.28324],[-2.57336,55.29688],[-2.55904,55.31783],[-2.51996,55.32318],[-2.48851,55.35183],[-2.4444,55.35918],[-2.41499,55.35892],[-2.39961,55.34825],[-2.3789,55.34917],[-2.32923,55.36792],[-2.34623,55.37306],[-2.33001,55.38124],[-2.34473,55.39944],[-2.33236,55.40991],[-2.31325,55.40679],[-2.2606,55.43293],[-2.23128,55.42843],[-2.19485,55.44459],[-2.18963,55.46116],[-2.1552,55.46925],[-2.20158,55.47552],[-2.20264,55.48954],[-2.22884,55.50952],[-2.22428,55.52279],[-2.2403,55.55563],[-2.2888,55.58031],[-2.28923,55.60377],[-2.31609,55.62046],[-2.30862,55.62888],[-2.32431,55.62617],[-2.33601,55.63206],[-2.32481,55.64309],[-2.3038,55.64721],[-2.23418,55.6412],[-2.24823,55.65207],[-2.21845,55.66426],[-2.21865,55.67591],[-2.16722,55.70604],[-2.17603,55.71923],[-2.15174,55.72251],[-2.1466,55.73808],[-2.11955,55.73832],[-2.10802,55.76025],[-2.08566,55.76273],[-2.08611,55.79305],[-2.03438,55.81107],[-1.9841,55.76472],[-1.99256,55.76138],[-1.96076,55.73327],[-1.88408,55.69446],[-1.88562,55.68396],[-1.87324,55.68279],[-1.87001,55.66592],[-1.84047,55.64247],[-1.81317,55.63371],[-1.78406,55.64417],[-1.76469,55.6253],[-1.78631,55.61598],[-1.77078,55.60349],[-1.74232,55.61856],[-1.7228,55.61682],[-1.64543,55.58212],[-1.63964,55.57674],[-1.64559,55.57413],[-1.61881,55.55218],[-1.63236,55.55026],[-1.6375,55.54107],[-1.61058,55.52172],[-1.61454,55.49846],[-1.59112,55.49241],[-1.59333,55.44023],[-1.57538,55.43128],[-1.58034,55.40673],[-1.60966,55.38566],[-1.61962,55.39402],[-1.62346,55.38949],[-1.61463,55.37993],[-1.60847,55.38394],[-1.58858,55.34525],[-1.57054,55.3397],[-1.60333,55.34392],[-1.56771,55.33442],[-1.54939,55.32178],[-1.56095,55.30186],[-1.57312,55.27534],[-1.55298,55.2459],[-1.52544,55.2272],[-1.5183,55.20694],[-1.499,55.18563],[-1.51402,55.18166]]],[[[-1.77848,55.66792],[-1.80243,55.66829],[-1.81558,55.68241],[-1.84238,55.67872],[-1.85494,55.68566],[-1.78046,55.68625],[-1.77848,55.66792]]]]},"properties":{"name":"Northumberland","public_name":"Northumberland","region":"North East","public_region":"North East"}},{"type":"Feature","geometry":{"type":"MultiPolygon","coordinates":[[[[-1.11511,52.94386],[-1.13289,52.94215],[-1.14252,52.93189],[-1.15229,52.93701],[-1.15861,52.90004],[-1.17493,52.88964],[-1.21751,52.90063],[-1.21051,52.91225],[-1.19901,52.90946],[-1.18231,52.91732],[-1.19578,52.92784],[-1.24683,52.95308],[-1.23198,52.96762],[-1.24684,52.98452],[-1.22625,52.98112],[-1.20361,52.987],[-1.21911,52.99148],[-1.21394,52.99738],[-1.22515,53.00808],[-1.21016,53.01803],[-1.18275,53.01855],[-1.18449,53.01443],[-1.14352,53.00648],[-1.15366,52.99716],[-1.13826,52.99482],[-1.14249,52.98627],[-1.12279,52.98345],[-1.12011,52.9678],[-1.08612,52.94855],[-1.09968,52.94195],[-1.11511,52.94386]]]]},"properties":{"name":"Nottingham","public_name":"Nottingham","region":"East Midlands","public_region":"Midlands"}},{"type":"Feature","geometry":{"type":"MultiPolygon","coordinates":[[[[-0.72959,53.0978],[-0.69514,53.06627],[-0.71347,53.06602],[-0.73098,53.05438],[-0.74969,53.0551],[-0.76083,53.02939],[-0.78842,53.02583],[-0.79583,53.01058],[-0.80368,53.0129],[-0.777,52.97784],[-0.79733,52.97615],[-0.81371,52.95697],[-0.82003,52.96044],[-0.83391,52.94586],[-0.82255,52.94412],[-0.86049,52.9158],[-0.85764,52.90562],[-0.91693,52.87891],[-0.94058,52.87683],[-0.92813,52.86606],[-0.95941,52.84383],[-0.97708,52.84072],[-0.97506,52.82921],[-0.98901,52.81823],[-1.02149,52.82205],[-1.03754,52.81634],[-1.07163,52.81396],[-1.07444,52.82471],[-1.11695,52.81956],[-1.1309,52.80581],[-1.16328,52.8065],[-1.19773,52.78939],[-1.21125,52.79491],[-1.22574,52.79162],[-1.24152,52.80528],[-1.25537,52.80413],[-1.26318,52.81378],[-1.27089,52.82373],[-1.26455,52.85809],[-1.27528,52.86027],[-1.26789,52.87335],[-1.24006,52.88009],[-1.24386,52.8915],[-1.23971,52.89227],[-1.24662,52.90308],[-1.28194,52.91074],[-1.28104,52.94914],[-1.29251,52.95562],[-1.28785,52.96979],[-1.31336,53.00522],[-1.33181,53.0309],[-1.33639,53.053],[-1.34306,53.07096],[-1.33164,53.08097],[-1.30256,53.08851],[-1.30925,53.09677],[-1.30142,53.10415],[-1.32178,53.13063],[-1.31498,53.1358],[-1.32345,53.16232],[-1.31655,53.16534],[-1.30071,53.1642],[-1.29596,53.17121],[-1.25993,53.16446],[-1.24179,53.17808],[-1.19694,53.1848],[-1.20943,53.21768],[-1.202,53.23553],[-1.21303,53.24765],[-1.20234,53.26125],[-1.1748,53.26509],[-1.18154,53.27001],[-1.16649,53.27763],[-1.18012,53.28711],[-1.17156,53.29462],[-1.17668,53.30516],[-1.19974,53.31142],[-1.13869,53.34138],[-1.14033,53.34656],[-1.15686,53.34495],[-1.16195,53.35789],[-1.13853,53.35582],[-1.14614,53.36914],[-1.13057,53.37557],[-1.13469,53.38975],[-1.11561,53.39715],[-1.11598,53.40739],[-1.1082,53.40586],[-1.08704,53.42551],[-1.03095,53.43099],[-1.03046,53.42516],[-1.01429,53.42626],[-0.99591,53.43683],[-0.98602,53.47162],[-0.95333,53.48439],[-0.93558,53.50248],[-0.90053,53.47513],[-0.92025,53.46549],[-0.91626,53.46028],[-0.87373,53.4615],[-0.87204,53.46634],[-0.79678,53.45481],[-0.81992,53.44071],[-0.81738,53.42653],[-0.78804,53.41523],[-0.77649,53.39649],[-0.78971,53.38581],[-0.77467,53.37772],[-0.79043,53.3635],[-0.77457,53.36492],[-0.75809,53.35386],[-0.76593,53.3301],[-0.74923,53.32382],[-0.7503,53.2933],[-0.76256,53.29916],[-0.77726,53.28379],[-0.76366,53.27307],[-0.77651,53.24675],[-0.73509,53.24385],[-0.73415,53.25398],[-0.68803,53.25837],[-0.66658,53.23968],[-0.67587,53.21762],[-0.6975,53.22023],[-0.71476,53.20759],[-0.73043,53.2107],[-0.76211,53.18819],[-0.76414,53.18152],[-0.71816,53.17727],[-0.71538,53.13686],[-0.73241,53.12778],[-0.71676,53.11616],[-0.72959,53.0978]],[[-1.11511,52.94386],[-1.13289,52.94215],[-1.14252,52.93189],[-1.15229,52.93701],[-1.15861,52.90004],[-1.17493,52.88964],[-1.21751,52.90063],[-1.21051,52.91225],[-1.19901,52.90946],[-1.18231,52.91732],[-1.19578,52.92784],[-1.24683,52.95308],[-1.23198,52.96762],[-1.24684,52.98452],[-1.22625,52.98112],[-1.20361,52.987],[-1.21911,52.99148],[-1.21394,52.99738],[-1.22515,53.00808],[-1.21016,53.01803],[-1.18275,53.01855],[-1.18449,53.01443],[-1.14352,53.00648],[-1.15366,52.99716],[-1.13826,52.99482],[-1.14249,52.98627],[-1.12279,52.98345],[-1.12011,52.9678],[-1.08612,52.94855],[-1.09968,52.94195],[-1.11511,52.94386]]]]},"properties":{"name":"Nottinghamshire","public_name":"Nottinghamshire","region":"East Midlands","public_region":"Midlands"}},{"type":"Feature","geometry":{"type":"MultiPolygon","coordinates":[[[[-2.63709,51.4232],[-2.63327,51.40346],[-2.58727,51.39515],[-2.60312,51.38883],[-2.6227,51.38941],[-2.61246,51.38177],[-2.62695,51.38714],[-2.63002,51.37522],[-2.6444,51.37514],[-2.65897,51.34151],[-2.67653,51.34197],[-2.66875,51.36079],[-2.6797,51.36013],[-2.69419,51.37986],[-2.6905,51.34953],[-2.70789,51.33781],[-2.68718,51.33036],[-2.69685,51.31614],[-2.74899,51.31913],[-2.75628,51.32461],[-2.76832,51.3237],[-2.81867,51.32637],[-2.8078,51.31489],[-2.81023,51.30143],[-2.87714,51.30007],[-2.88491,51.30667],[-2.8971,51.29062],[-2.93642,51.30302],[-2.96177,51.30483],[-2.97245,51.29573],[-2.99318,51.30105],[-2.98277,51.34957],[-2.99494,51.35547],[-2.96832,51.36332],[-2.96221,51.37475],[-2.9625,51.38235],[-2.98079,51.38842],[-2.93981,51.39818],[-2.93917,51.39104],[-2.91734,51.39589],[-2.88659,51.41255],[-2.87935,51.43167],[-2.80008,51.4851],[-2.77356,51.49466],[-2.73259,51.49249],[-2.72876,51.50268],[-2.68461,51.48049],[-2.66147,51.48638],[-2.63404,51.46649],[-2.6258,51.44876],[-2.63989,51.44136],[-2.62952,51.43737],[-2.63709,51.4232]]]]},"properties":{"name":"North Somerset","public_name":"North Somerset","region":"South West","public_region":"South West"}},{"type":"Feature","geometry":{"type":"MultiPolygon","coordinates":[[[[-0.41824,54.17405],[-0.43316,54.16405],[-0.42708,54.13742],[-0.45853,54.12596],[-0.45434,54.11674],[-0.46593,54.10761],[-0.5246,54.08546],[-0.56313,54.09398],[-0.59078,54.08713],[-0.61551,54.07047],[-0.66031,54.06308],[-0.64464,54.05509],[-0.65948,54.03715],[-0.67849,54.03723],[-0.68729,54.03043],[-0.68367,54.00874],[-0.70489,54.00605],[-0.73048,54.01268],[-0.73425,54.03024],[-0.79918,54.01904],[-0.79898,54.02407],[-0.84315,54.02168],[-0.87844,54.01717],[-0.8939,53.99952],[-0.92529,53.9915],[-0.99483,53.98305],[-0.97192,53.99668],[-0.97541,54.00473],[-0.96684,54.02296],[-1.0022,54.05529],[-1.01437,54.04931],[-1.0606,54.05676],[-1.05872,54.04783],[-1.09427,54.04661],[-1.12027,54.02903],[-1.14079,54.02984],[-1.14908,54.00293],[-1.13699,53.99107],[-1.1519,53.98916],[-1.1755,54.00218],[-1.19193,54.0005],[-1.1821,53.98533],[-1.20031,53.98901],[-1.2221,53.97932],[-1.19949,53.92533],[-1.16491,53.91056],[-1.15439,53.89591],[-1.13648,53.89579],[-1.10533,53.87582],[-1.09119,53.8858],[-1.06495,53.87457],[-1.0082,53.88998],[-0.99283,53.87519],[-0.94407,53.8881],[-0.93443,53.8798],[-0.92938,53.87925],[-0.94813,53.8621],[-0.94061,53.8235],[-0.92008,53.81596],[-0.93447,53.80184],[-0.92837,53.76531],[-0.9733,53.75017],[-0.96106,53.7367],[-0.90987,53.73279],[-0.9037,53.71787],[-0.95737,53.71469],[-0.96253,53.70053],[-0.96795,53.70652],[-0.98042,53.70481],[-0.98058,53.69669],[-1.03902,53.69367],[-1.06231,53.70672],[-1.07493,53.70398],[-1.08104,53.68459],[-1.10357,53.66954],[-1.051,53.65754],[-1.05327,53.65152],[-1.12154,53.64675],[-1.1354,53.63271],[-1.15229,53.64276],[-1.19031,53.6359],[-1.20982,53.64315],[-1.21747,53.62421],[-1.23284,53.62109],[-1.25537,53.64478],[-1.24442,53.69241],[-1.19901,53.69487],[-1.19881,53.70071],[-1.21844,53.70708],[-1.21981,53.7144],[-1.22607,53.70987],[-1.23002,53.71486],[-1.26842,53.71486],[-1.27186,53.72479],[-1.30204,53.74171],[-1.31535,53.74366],[-1.31224,53.75587],[-1.29494,53.75545],[-1.29035,53.76347],[-1.31381,53.78154],[-1.31487,53.80954],[-1.30362,53.81652],[-1.33609,53.83357],[-1.32655,53.84041],[-1.35297,53.85673],[-1.3126,53.8653],[-1.32178,53.9029],[-1.31388,53.90499],[-1.30058,53.90747],[-1.2972,53.92166],[-1.30731,53.92148],[-1.29418,53.92705],[-1.30899,53.92408],[-1.30696,53.93441],[-1.34471,53.93948],[-1.3404,53.94587],[-1.39718,53.94252],[-1.40919,53.93545],[-1.40671,53.92783],[-1.43355,53.92634],[-1.43393,53.91035],[-1.43998,53.91397],[-1.46296,53.90598],[-1.49467,53.91532],[-1.5485,53.91093],[-1.55127,53.90303],[-1.56773,53.91078],[-1.58289,53.90934],[-1.58685,53.90124],[-1.59999,53.90976],[-1.62053,53.90338],[-1.65167,53.90565],[-1.65508,53.91247],[-1.68462,53.91057],[-1.68702,53.91637],[-1.70708,53.91912],[-1.71795,53.90853],[-1.72721,53.91018],[-1.74562,53.92299],[-1.77608,53.92152],[-1.78244,53.92943],[-1.79801,53.9297],[-1.80509,53.93901],[-1.84769,53.94076],[-1.8362,53.93141],[-1.86083,53.93289],[-1.8704,53.95442],[-1.87951,53.96282],[-1.89314,53.95537],[-1.90627,53.95836],[-1.92798,53.95044],[-1.95068,53.95673],[-1.96617,53.95155],[-1.96307,53.93339],[-1.97686,53.9264],[-1.95257,53.90352],[-1.97935,53.90116],[-1.98236,53.86885],[-2.02163,53.87148],[-2.04613,53.85013],[-2.08119,53.86996],[-2.08991,53.86817],[-2.08245,53.87754],[-2.10302,53.89093],[-2.12435,53.92319],[-2.16287,53.92726],[-2.17168,53.93767],[-2.18228,53.93538],[-2.17947,53.94597],[-2.18452,53.95225],[-2.19602,53.96956],[-2.22573,53.96108],[-2.23201,53.97122],[-2.22106,53.97791],[-2.23034,53.98152],[-2.29432,53.97442],[-2.31915,53.99383],[-2.33992,53.98941],[-2.35236,53.99466],[-2.35231,54.01053],[-2.33956,54.00942],[-2.34354,54.01731],[-2.35732,54.0191],[-2.362,54.04066],[-2.37407,54.04908],[-2.42583,54.03808],[-2.45877,54.04048],[-2.46955,54.0462],[-2.46399,54.06107],[-2.46435,54.07527],[-2.50953,54.09541],[-2.52401,54.09461],[-2.52411,54.10212],[-2.56474,54.12706],[-2.56046,54.15308],[-2.53398,54.15768],[-2.46086,54.22671],[-2.43543,54.22287],[-2.40363,54.22557],[-2.39678,54.23937],[-2.37302,54.24009],[-2.37232,54.24822],[-2.36231,54.24974],[-2.33765,54.23759],[-2.32564,54.24143],[-2.31909,54.25714],[-2.31549,54.27019],[-2.32589,54.27968],[-2.31719,54.28715],[-2.32303,54.31107],[-2.30984,54.3243],[-2.37053,54.35654],[-2.34464,54.35962],[-2.31704,54.3763],[-2.29744,54.37689],[-2.29178,54.39089],[-2.3055,54.39711],[-2.30814,54.41978],[-2.29286,54.4393],[-2.27134,54.44091],[-2.2679,54.44722],[-2.24953,54.45193],[-2.18931,54.44897],[-2.1775,54.46162],[-2.16471,54.45649],[-2.11659,54.46225],[-2.04319,54.48359],[-2.04472,54.47518],[-1.99676,54.46689],[-1.97005,54.45151],[-1.94254,54.45339],[-1.85912,54.48185],[-1.85779,54.50353],[-1.83943,54.50843],[-1.79294,54.48436],[-1.77612,54.50672],[-1.77969,54.53186],[-1.73308,54.52773],[-1.72187,54.54225],[-1.69692,54.536],[-1.68362,54.53347],[-1.65793,54.53458],[-1.65467,54.52464],[-1.63376,54.52535],[-1.63332,54.5141],[-1.6121,54.51998],[-1.60061,54.51709],[-1.60263,54.51057],[-1.58106,54.51283],[-1.59197,54.50451],[-1.57911,54.5051],[-1.58297,54.49709],[-1.55519,54.48497],[-1.54566,54.47123],[-1.52014,54.47083],[-1.53014,54.47574],[-1.5264,54.48521],[-1.51412,54.48376],[-1.51133,54.475],[-1.4921,54.48628],[-1.49904,54.47567],[-1.47546,54.4739],[-1.46784,54.46083],[-1.47297,54.45866],[-1.47204,54.45559],[-1.46035,54.45118],[-1.46251,54.46235],[-1.45341,54.466],[-1.46258,54.47587],[-1.45837,54.49251],[-1.47418,54.50097],[-1.45779,54.50364],[-1.43631,54.49097],[-1.42657,54.48477],[-1.43184,54.47936],[-1.41189,54.47735],[-1.40691,54.49344],[-1.39476,54.48557],[-1.38092,54.49391],[-1.37029,54.48613],[-1.37255,54.4723],[-1.36441,54.46594],[-1.3449,54.4724],[-1.34362,54.46414],[-1.3131,54.47727],[-1.30042,54.4758],[-1.28097,54.49043],[-1.25739,54.48731],[-1.25666,54.5011],[-1.24231,54.50164],[-1.23059,54.51187],[-1.14668,54.50136],[-1.11837,54.49819],[-1.09451,54.50675],[-1.03684,54.49403],[-1.02378,54.50203],[-1.00339,54.503],[-0.96781,54.49726],[-0.95257,54.488],[-0.8942,54.4969],[-0.84412,54.48954],[-0.8533,54.5027],[-0.84863,54.52999],[-0.82697,54.54856],[-0.8004,54.551],[-0.78842,54.56071],[-0.77452,54.55739],[-0.74464,54.52853],[-0.71592,54.5344],[-0.68181,54.51943],[-0.67026,54.50074],[-0.61295,54.49425],[-0.58854,54.48926],[-0.52146,54.44695],[-0.5327,54.43324],[-0.52277,54.41626],[-0.49094,54.4077],[-0.46368,54.38917],[-0.43267,54.34018],[-0.41704,54.33145],[-0.40748,54.29391],[-0.38477,54.28805],[-0.39653,54.27424],[-0.36597,54.25389],[-0.36949,54.24931],[-0.25926,54.21588],[-0.27708,54.21728],[-0.28521,54.20317],[-0.26327,54.1759],[-0.21253,54.15757],[-0.22973,54.13242],[-0.26541,54.14054],[-0.30407,54.13625],[-0.32383,54.15028],[-0.34638,54.14685],[-0.37491,54.15409],[-0.39073,54.1765],[-0.41824,54.17405]]]]},"properties":{"name":"North Yorkshire","public_name":"North Yorkshire","region":"Yorkshire and The Humber","public_region":"North East"}},{"type":"Feature","geometry":{"type":"MultiPolygon","coordinates":[[[[-0.89396,51.49655],[-0.92172,51.46793],[-0.94919,51.45951],[-0.95521,51.46533],[-0.94116,51.47498],[-0.9575,51.49307],[-0.99842,51.4843],[-1.00752,51.46783],[-1.01823,51.46658],[-1.03658,51.47522],[-1.03983,51.48664],[-1.05137,51.49186],[-1.08838,51.48575],[-1.1028,51.49017],[-1.11289,51.50936],[-1.14208,51.51619],[-1.13447,51.53372],[-1.14039,51.54291],[-1.20467,51.52839],[-1.20487,51.53761],[-1.22681,51.53516],[-1.26068,51.53779],[-1.28758,51.55285],[-1.32874,51.56371],[-1.34262,51.54364],[-1.36734,51.55247],[-1.3838,51.54042],[-1.40488,51.54723],[-1.42278,51.53576],[-1.42661,51.5456],[-1.44785,51.53643],[-1.46444,51.53852],[-1.47076,51.52861],[-1.5167,51.55118],[-1.53097,51.54607],[-1.55502,51.55337],[-1.5812,51.53699],[-1.58472,51.52491],[-1.60283,51.51829],[-1.64808,51.57218],[-1.65506,51.5765],[-1.67655,51.56944],[-1.69113,51.58352],[-1.69063,51.60545],[-1.66702,51.61626],[-1.67375,51.62285],[-1.66,51.63518],[-1.69271,51.65339],[-1.70017,51.67227],[-1.68652,51.68929],[-1.6619,51.68036],[-1.65208,51.68299],[-1.65745,51.69645],[-1.68618,51.71017],[-1.6956,51.72297],[-1.68703,51.73988],[-1.70072,51.77058],[-1.7195,51.78321],[-1.68195,51.80399],[-1.67687,51.81702],[-1.68648,51.83445],[-1.6764,51.8503],[-1.68688,51.86549],[-1.66712,51.87699],[-1.65867,51.89654],[-1.63307,51.89922],[-1.64554,51.92229],[-1.6152,51.93767],[-1.6325,51.95564],[-1.65538,51.95749],[-1.66254,51.964],[-1.6699,51.99308],[-1.61236,51.95539],[-1.59165,51.97044],[-1.60031,51.97693],[-1.58059,51.97299],[-1.54969,51.98085],[-1.55724,51.99165],[-1.54176,51.99642],[-1.52794,51.99174],[-1.52284,51.99683],[-1.49737,52.05894],[-1.50187,52.07161],[-1.47712,52.10135],[-1.4472,52.09761],[-1.45347,52.11299],[-1.42498,52.11826],[-1.38542,52.09413],[-1.35779,52.1013],[-1.37086,52.11752],[-1.39332,52.11895],[-1.36616,52.13606],[-1.34872,52.13512],[-1.33088,52.16822],[-1.24803,52.09684],[-1.2723,52.09785],[-1.32114,52.0871],[-1.31818,52.07991],[-1.29752,52.07804],[-1.31288,52.05115],[-1.27816,52.01419],[-1.28888,51.98971],[-1.28274,51.97922],[-1.24163,51.98628],[-1.19628,51.97742],[-1.17607,51.98203],[-1.16384,51.9934],[-1.13435,51.99729],[-1.11517,52.01651],[-1.09594,52.01496],[-1.08808,52.00577],[-1.06087,52.0086],[-1.05314,52.00244],[-1.09525,51.9571],[-1.07912,51.94343],[-1.05464,51.94795],[-1.06213,51.93513],[-1.0867,51.92264],[-1.07938,51.91721],[-1.09354,51.89393],[-1.069,51.88726],[-1.07763,51.87672],[-1.06466,51.86869],[-1.06203,51.84416],[-1.04736,51.8397],[-1.07802,51.82923],[-1.12162,51.84534],[-1.13987,51.83512],[-1.11012,51.8173],[-1.12491,51.80751],[-1.11743,51.79916],[-1.12356,51.79417],[-1.12197,51.78707],[-1.08338,51.78058],[-1.08087,51.75655],[-1.04549,51.74459],[-1.03046,51.74492],[-1.0297,51.75788],[-0.98626,51.75211],[-0.97971,51.76071],[-0.93322,51.75233],[-0.9128,51.73702],[-0.88771,51.71834],[-0.8948,51.69252],[-0.87992,51.68086],[-0.89792,51.6764],[-0.87773,51.66838],[-0.91775,51.6724],[-0.93223,51.66486],[-0.92945,51.65574],[-0.95075,51.65074],[-0.93461,51.63669],[-0.95005,51.6289],[-0.94982,51.62067],[-0.93859,51.61794],[-0.94293,51.60473],[-0.91689,51.59931],[-0.94152,51.58549],[-0.93862,51.57104],[-0.90172,51.55608],[-0.90032,51.53722],[-0.87882,51.52373],[-0.88026,51.51176],[-0.87069,51.50298],[-0.89396,51.49655]]]]},"properties":{"name":"Oxfordshire","public_name":"Oxfordshire","region":"South East","public_region":"Thames"}},{"type":"Feature","geometry":{"type":"MultiPolygon","coordinates":[[[[-4.97114,52.00149],[-4.91962,52.01008],[-4.91004,52.03495],[-4.87922,52.01915],[-4.85915,52.02305],[-4.8144,52.01867],[-4.8413,52.0248],[-4.84522,52.04246],[-4.82874,52.05363],[-4.79866,52.05657],[-4.77736,52.06672],[-4.73013,52.1179],[-4.69008,52.10317],[-4.70677,52.09781],[-4.71165,52.0851],[-4.68894,52.08141],[-4.68242,52.08963],[-4.6773,52.08177],[-4.68586,52.07413],[-4.71349,52.07053],[-4.66553,52.0576],[-4.64331,52.07672],[-4.64047,52.06256],[-4.63116,52.05595],[-4.60798,52.06211],[-4.57056,52.05893],[-4.55973,52.04371],[-4.54559,52.01839],[-4.52292,52.01116],[-4.51226,51.99493],[-4.48702,51.98863],[-4.49327,51.96136],[-4.5414,51.95657],[-4.5777,51.93193],[-4.6,51.94093],[-4.63556,51.91861],[-4.66782,51.93409],[-4.7201,51.91437],[-4.7529,51.87536],[-4.72102,51.87474],[-4.71201,51.85312],[-4.76182,51.84522],[-4.76181,51.85537],[-4.78193,51.8421],[-4.77698,51.83275],[-4.74286,51.83741],[-4.74141,51.82651],[-4.66952,51.83667],[-4.62187,51.81603],[-4.61825,51.80763],[-4.64437,51.79756],[-4.63412,51.78493],[-4.64523,51.77843],[-4.62259,51.7681],[-4.63014,51.73394],[-4.67625,51.72718],[-4.69789,51.71111],[-4.68017,51.69741],[-4.69715,51.68627],[-4.70189,51.67488],[-4.6933,51.67201],[-4.71441,51.65865],[-4.71158,51.6516],[-4.7567,51.6537],[-4.7559,51.64402],[-4.77701,51.64241],[-4.78104,51.63493],[-4.81285,51.64516],[-4.86077,51.64712],[-4.86175,51.6387],[-4.89866,51.62715],[-4.90411,51.61719],[-4.89643,51.61014],[-4.92311,51.6114],[-4.92627,51.5961],[-4.94834,51.59702],[-4.97536,51.61039],[-5.00763,51.60864],[-5.05929,51.62059],[-5.05022,51.64082],[-5.065,51.66342],[-5.11345,51.67422],[-5.1234,51.67122],[-5.12504,51.68222],[-5.10672,51.68619],[-5.11389,51.69201],[-5.07981,51.68975],[-5.08666,51.68441],[-5.0783,51.67922],[-5.05117,51.67599],[-5.04226,51.68113],[-5.05659,51.68784],[-5.05115,51.69389],[-5.02766,51.69503],[-5.00738,51.68732],[-4.96037,51.69967],[-4.9849,51.69935],[-5.01415,51.70406],[-5.01769,51.71484],[-5.02267,51.70792],[-5.0625,51.70946],[-5.05377,51.7014],[-5.06359,51.69945],[-5.06678,51.70663],[-5.08622,51.70661],[-5.10507,51.72356],[-5.10569,51.71693],[-5.11594,51.71032],[-5.12457,51.7174],[-5.15661,51.71281],[-5.16408,51.72342],[-5.17342,51.71503],[-5.16847,51.70679],[-5.14966,51.7023],[-5.15814,51.70167],[-5.15727,51.6879],[-5.16946,51.688],[-5.17596,51.68036],[-5.18835,51.68981],[-5.18722,51.70884],[-5.20368,51.71173],[-5.20134,51.71739],[-5.21477,51.72367],[-5.23289,51.71736],[-5.22776,51.72312],[-5.25402,51.73813],[-5.21097,51.73388],[-5.20276,51.75575],[-5.18606,51.75362],[-5.16022,51.77212],[-5.11741,51.76825],[-5.1076,51.77411],[-5.10287,51.81005],[-5.11677,51.82738],[-5.11668,51.84355],[-5.13398,51.8627],[-5.18152,51.86111],[-5.17909,51.86711],[-5.19456,51.86719],[-5.18938,51.8738],[-5.20231,51.86665],[-5.21752,51.87343],[-5.28243,51.87021],[-5.28167,51.86538],[-5.31526,51.85952],[-5.31954,51.86539],[-5.30721,51.87722],[-5.31622,51.88452],[-5.29566,51.89506],[-5.30366,51.90364],[-5.31464,51.90232],[-5.28923,51.91419],[-5.2592,51.91478],[-5.23617,51.92951],[-5.21048,51.93213],[-5.21305,51.93863],[-5.19832,51.94185],[-5.19637,51.95059],[-5.15401,51.94827],[-5.1467,51.96151],[-5.10703,51.96116],[-5.10428,51.96926],[-5.08537,51.96848],[-5.07992,51.98533],[-5.09561,51.99369],[-5.07221,52.00454],[-5.08955,52.0153],[-5.07136,52.02603],[-5.07489,52.03075],[-5.02077,52.02032],[-4.99181,52.026],[-4.98755,52.01654],[-4.96997,52.01279],[-4.98341,52.01422],[-4.99305,52.00449],[-4.9808,52.00512],[-4.98976,52.00077],[-4.96919,51.99495],[-4.97114,52.00149]]],[[[-5.32978,51.87769],[-5.33259,51.85463],[-5.34228,51.85373],[-5.35334,51.86375],[-5.34198,51.86913],[-5.34822,51.87608],[-5.32978,51.87769]]],[[[-5.26879,51.7355],[-5.28024,51.73175],[-5.28138,51.73673],[-5.293,51.7283],[-5.31466,51.73733],[-5.30015,51.7452],[-5.26879,51.7355]]],[[[-4.67464,51.63774],[-4.68403,51.62991],[-4.70344,51.63202],[-4.70948,51.64217],[-4.67464,51.63774]]]]},"properties":{"name":"Pembrokeshire","public_name":"Pembrokeshire","region":"Wales","public_region":"Wales"}},{"type":"Feature","geometry":{"type":"MultiPolygon","coordinates":[[[[-0.187,52.56849],[-0.19789,52.55079],[-0.18787,52.54184],[-0.20066,52.54515],[-0.21768,52.5379],[-0.23485,52.54365],[-0.23174,52.53446],[-0.2448,52.52298],[-0.26931,52.52081],[-0.27456,52.51166],[-0.29331,52.50687],[-0.33275,52.54653],[-0.32547,52.55287],[-0.34849,52.56435],[-0.38532,52.56713],[-0.39685,52.58298],[-0.41539,52.57872],[-0.42504,52.58239],[-0.47883,52.57363],[-0.49766,52.58683],[-0.47097,52.61794],[-0.47352,52.62822],[-0.49504,52.64022],[-0.47584,52.6487],[-0.45305,52.64923],[-0.45271,52.65426],[-0.40569,52.64803],[-0.35016,52.66163],[-0.33505,52.67485],[-0.28925,52.67026],[-0.26026,52.65142],[-0.20605,52.66805],[-0.19288,52.65242],[-0.18004,52.66054],[-0.14108,52.65149],[-0.10221,52.67219],[-0.08785,52.66676],[-0.0638,52.67521],[-0.03212,52.66534],[-0.03129,52.66151],[-0.01286,52.59433],[-0.187,52.56849]]]]},"properties":{"name":"Peterborough","public_name":"Peterborough","region":"East of England","public_region":"Anglian"}},{"type":"Feature","geometry":{"type":"MultiPolygon","coordinates":[[[[-4.05017,50.37748],[-4.05017,50.35806],[-4.09056,50.34092],[-4.12658,50.3445],[-4.13527,50.35943],[-4.10113,50.35484],[-4.1123,50.35778],[-4.1088,50.36659],[-4.08371,50.38721],[-4.10006,50.38344],[-4.11566,50.36199],[-4.13195,50.37038],[-4.13345,50.3633],[-4.15319,50.36604],[-4.16716,50.35965],[-4.1684,50.36412],[-4.18539,50.36718],[-4.18145,50.37717],[-4.19449,50.3921],[-4.2054,50.3995],[-4.19275,50.42409],[-4.16579,50.41989],[-4.15583,50.43644],[-4.13564,50.43294],[-4.11346,50.44417],[-4.11003,50.43244],[-4.08256,50.42457],[-4.07148,50.40186],[-4.03962,50.40143],[-4.02114,50.39179],[-4.02692,50.37912],[-4.05017,50.37748]]]]},"properties":{"name":"Plymouth","public_name":"Plymouth","region":"South West","public_region":"South West"}},{"type":"Feature","geometry":{"type":"MultiPolygon","coordinates":[[[[-1.90582,50.72364],[-1.90091,50.70944],[-1.94748,50.68271],[-1.93351,50.6986],[-1.9524,50.70443],[-1.94797,50.70886],[-1.95837,50.7156],[-1.99189,50.71252],[-1.98409,50.71964],[-1.99597,50.7375],[-2.01141,50.72659],[-1.98657,50.70808],[-2.03933,50.71844],[-2.02478,50.72937],[-2.01274,50.74831],[-2.00933,50.7826],[-1.99914,50.78814],[-2.00583,50.791],[-1.95833,50.7893],[-1.93613,50.79716],[-1.93713,50.7828],[-1.91862,50.78063],[-1.92208,50.77375],[-1.93762,50.75569],[-1.89115,50.74195],[-1.90582,50.72364]]]]},"properties":{"name":"Poole","public_name":"Poole","region":"South West","public_region":"South West"}},{"type":"Feature","geometry":{"type":"MultiPolygon","coordinates":[[[[-1.10027,50.82673],[-1.08458,50.82485],[-1.07662,50.83681],[-1.04415,50.83391],[-1.08227,50.83802],[-1.08925,50.82863],[-1.10629,50.83787],[-1.10329,50.84641],[-1.11772,50.84445],[-1.11586,50.85828],[-1.05436,50.85512],[-1.02334,50.85279],[-1.02414,50.82633],[-1.0363,50.83538],[-1.04413,50.83215],[-1.0443,50.79064],[-1.03061,50.7966],[-1.0304,50.78737],[-1.08915,50.77768],[-1.10969,50.79155],[-1.11145,50.80656],[-1.08961,50.80961],[-1.0926,50.81516],[-1.10027,50.82673]]],[[[-1.09371,50.81504],[-1.10166,50.81369],[-1.09714,50.82062],[-1.09371,50.81504]]]]},"properties":{"name":"Portsmouth","public_name":"Portsmouth","region":"South East","public_region":"Southern"}},{"type":"Feature","geometry":{"type":"MultiPolygon","coordinates":[[[[-3.02153,52.72419],[-3.02252,52.70664],[-3.04696,52.69121],[-3.04564,52.67543],[-3.03852,52.67532],[-3.04465,52.66553],[-3.05109,52.64731],[-3.08352,52.64127],[-3.05979,52.63068],[-3.0731,52.62894],[-3.09365,52.60929],[-3.08936,52.59957],[-3.11745,52.58575],[-3.13959,52.58571],[-3.11149,52.5414],[-3.1371,52.53336],[-3.13154,52.52701],[-3.08538,52.53452],[-3.08081,52.53913],[-3.09395,52.54489],[-3.08728,52.55127],[-3.05982,52.55555],[-3.03645,52.57179],[-3.01452,52.57548],[-2.99418,52.55293],[-3.00148,52.52252],[-3.03242,52.52369],[-3.0292,52.50125],[-3.11154,52.49883],[-3.181,52.4738],[-3.19731,52.476],[-3.23185,52.45313],[-3.23557,52.44252],[-3.21974,52.4213],[-3.17944,52.40962],[-3.15461,52.38778],[-3.1106,52.37715],[-3.06067,52.34823],[-3.04003,52.34436],[-2.9743,52.35472],[-2.95473,52.34924],[-2.96684,52.32949],[-3.00087,52.32175],[-3.0126,52.27925],[-2.94963,52.26946],[-2.97729,52.25968],[-3.00561,52.2642],[-3.03615,52.25671],[-3.04833,52.25024],[-3.04416,52.23793],[-3.07304,52.23587],[-3.07209,52.21308],[-3.10179,52.20264],[-3.09472,52.18372],[-3.12243,52.16341],[-3.09896,52.1547],[-3.08403,52.16316],[-3.07263,52.15563],[-3.09369,52.1443],[-3.13587,52.1379],[-3.14192,52.12786],[-3.10498,52.11672],[-3.10546,52.10538],[-3.12271,52.10315],[-3.12597,52.07832],[-3.09058,52.05051],[-3.08628,52.04019],[-3.09919,52.02268],[-3.06736,51.98314],[-3.09316,51.96523],[-3.08159,51.95539],[-3.09011,51.95038],[-3.07864,51.92452],[-3.04947,51.91143],[-3.04,51.88474],[-3.07219,51.87514],[-3.0634,51.86332],[-3.09699,51.84661],[-3.101,51.83226],[-3.12051,51.8389],[-3.15735,51.81605],[-3.23877,51.81235],[-3.28343,51.82548],[-3.30858,51.80613],[-3.31009,51.7943],[-3.33446,51.7904],[-3.36376,51.79102],[-3.37285,51.81219],[-3.40231,51.81415],[-3.40241,51.82631],[-3.41712,51.83509],[-3.44217,51.81745],[-3.46012,51.83012],[-3.47006,51.8285],[-3.47632,51.80946],[-3.54127,51.78444],[-3.53712,51.77619],[-3.55997,51.77746],[-3.56577,51.76486],[-3.59369,51.75313],[-3.60365,51.77392],[-3.62529,51.77391],[-3.67035,51.78719],[-3.7279,51.7762],[-3.7375,51.7581],[-3.75716,51.75282],[-3.77761,51.75667],[-3.77884,51.77162],[-3.8016,51.78175],[-3.80643,51.788],[-3.77263,51.84602],[-3.71382,51.88712],[-3.71341,51.90548],[-3.72759,51.91219],[-3.7205,51.94192],[-3.69989,51.94608],[-3.71119,51.96187],[-3.67,52.0042],[-3.66826,52.02542],[-3.64712,52.03878],[-3.67904,52.0606],[-3.66712,52.07429],[-3.72308,52.0852],[-3.72879,52.09397],[-3.71527,52.1031],[-3.71609,52.11346],[-3.74945,52.12762],[-3.74205,52.13961],[-3.75226,52.1976],[-3.74423,52.24628],[-3.75342,52.25175],[-3.73163,52.27144],[-3.70563,52.27392],[-3.73308,52.29029],[-3.72779,52.30584],[-3.74496,52.31746],[-3.70508,52.34138],[-3.65817,52.34769],[-3.68542,52.36822],[-3.69719,52.36692],[-3.71198,52.41336],[-3.77161,52.44214],[-3.7664,52.46929],[-3.74479,52.47462],[-3.73325,52.50658],[-3.74722,52.50687],[-3.76793,52.49851],[-3.77217,52.48869],[-3.7982,52.48772],[-3.81019,52.47891],[-3.8255,52.48373],[-3.84396,52.51205],[-3.83619,52.5259],[-3.84086,52.55132],[-3.86219,52.5611],[-3.92601,52.56073],[-3.92846,52.57119],[-3.91519,52.57841],[-3.88321,52.57747],[-3.87532,52.59265],[-3.84218,52.59956],[-3.85038,52.62055],[-3.83462,52.63273],[-3.84067,52.65097],[-3.8082,52.67785],[-3.75803,52.66957],[-3.7439,52.68129],[-3.7168,52.67879],[-3.70953,52.67098],[-3.68444,52.69366],[-3.65641,52.69138],[-3.60198,52.70507],[-3.59933,52.72583],[-3.58374,52.73818],[-3.60866,52.79579],[-3.5865,52.82773],[-3.56817,52.8229],[-3.56659,52.83009],[-3.50541,52.84189],[-3.48307,52.8655],[-3.46729,52.8621],[-3.38894,52.8761],[-3.37542,52.89473],[-3.34566,52.89254],[-3.32207,52.88207],[-3.30226,52.88215],[-3.29132,52.87086],[-3.27415,52.86703],[-3.23297,52.86703],[-3.20522,52.89309],[-3.19702,52.89088],[-3.17438,52.90156],[-3.14456,52.89301],[-3.1356,52.88508],[-3.15244,52.87873],[-3.12772,52.86724],[-3.16307,52.84747],[-3.15132,52.84257],[-3.16785,52.81926],[-3.16818,52.8073],[-3.15319,52.80633],[-3.1611,52.79609],[-3.11834,52.78364],[-3.0867,52.79556],[-3.08886,52.77754],[-3.07425,52.7696],[-3.06859,52.77418],[-3.06342,52.76919],[-3.0573,52.77376],[-3.04654,52.76702],[-3.03899,52.77036],[-3.03509,52.76402],[-3.0171,52.76767],[-3.01079,52.75852],[-3.02178,52.75191],[-2.99226,52.74384],[-2.99653,52.73601],[-2.98637,52.73326],[-2.96504,52.73221],[-2.96107,52.71637],[-2.97812,52.71529],[-2.97752,52.72645],[-3.00061,52.72021],[-3.02153,52.72419]]]]},"properties":{"name":"Powys","public_name":"Powys","region":"Wales","public_region":"Wales"}},{"type":"Feature","geometry":{"type":"MultiPolygon","coordinates":[[[[-0.94524,51.44617],[-0.94356,51.42934],[-0.96195,51.41234],[-0.97372,51.40978],[-0.98136,51.42062],[-0.99629,51.41959],[-1.00374,51.43389],[-1.02164,51.43571],[-1.03406,51.45273],[-1.04921,51.45141],[-1.05299,51.46037],[-1.03658,51.47522],[-1.01823,51.46658],[-1.00752,51.46783],[-0.99842,51.4843],[-0.9575,51.49307],[-0.94116,51.47498],[-0.95521,51.46533],[-0.94919,51.45951],[-0.9285,51.44516],[-0.93246,51.44097],[-0.94524,51.44617]]]]},"properties":{"name":"Reading","public_name":"Reading","region":"South East","public_region":"Thames"}},{"type":"Feature","geometry":{"type":"MultiPolygon","coordinates":[[[[-1.13654,54.63938],[-1.1188,54.62885],[-1.0541,54.61677],[-1.0024,54.59358],[-0.96027,54.58502],[-0.9262,54.5867],[-0.89601,54.57139],[-0.85321,54.57176],[-0.80879,54.55856],[-0.78842,54.56071],[-0.8004,54.551],[-0.82697,54.54856],[-0.84863,54.52999],[-0.8533,54.5027],[-0.84412,54.48954],[-0.8942,54.4969],[-0.95257,54.488],[-0.96781,54.49726],[-1.00339,54.503],[-1.02378,54.50203],[-1.03684,54.49403],[-1.09451,54.50675],[-1.11837,54.49819],[-1.14668,54.50136],[-1.13731,54.51491],[-1.15973,54.51583],[-1.16137,54.52488],[-1.19902,54.54449],[-1.16663,54.55406],[-1.17786,54.56856],[-1.20024,54.57687],[-1.19705,54.58178],[-1.16024,54.60453],[-1.14912,54.61432],[-1.15461,54.62749],[-1.13543,54.62962],[-1.13654,54.63938]]]]},"properties":{"name":"Redcar and Cleveland","public_name":"Redcar and Cleveland","region":"North East","public_region":"North East"}},{"type":"Feature","geometry":{"type":"MultiPolygon","coordinates":[[[[-3.27439,51.55117],[-3.31008,51.549],[-3.32432,51.53583],[-3.34158,51.53514],[-3.33684,51.509],[-3.37848,51.51272],[-3.40194,51.49904],[-3.41105,51.50676],[-3.43834,51.50646],[-3.46786,51.51502],[-3.4975,51.51264],[-3.48775,51.51667],[-3.48173,51.53044],[-3.4631,51.54345],[-3.48872,51.57424],[-3.47646,51.58173],[-3.47259,51.60114],[-3.51014,51.61807],[-3.53802,51.64428],[-3.56336,51.64552],[-3.56402,51.65497],[-3.58962,51.6793],[-3.57893,51.72205],[-3.59369,51.75313],[-3.56577,51.76486],[-3.55997,51.77746],[-3.53712,51.77619],[-3.54127,51.78444],[-3.47632,51.80946],[-3.47006,51.8285],[-3.46012,51.83012],[-3.44217,51.81745],[-3.44111,51.79672],[-3.4167,51.76717],[-3.42748,51.75845],[-3.45308,51.76165],[-3.3999,51.71788],[-3.38059,51.71137],[-3.33145,51.65671],[-3.32192,51.6521],[-3.31385,51.6557],[-3.31384,51.64472],[-3.30269,51.63493],[-3.30555,51.62106],[-3.28761,51.58768],[-3.26984,51.58383],[-3.26298,51.56614],[-3.24931,51.56942],[-3.23751,51.55262],[-3.26156,51.53778],[-3.27439,51.55117]]]]},"properties":{"name":"Rhondda Cynon Taff","public_name":"Rhondda Cynon Taff","region":"Wales","public_region":"Wales"}},{"type":"Feature","geometry":{"type":"MultiPolygon","coordinates":[[[[-0.48161,52.66603],[-0.50669,52.65951],[-0.5236,52.66521],[-0.49504,52.64022],[-0.51709,52.64245],[-0.5407,52.62546],[-0.5529,52.60087],[-0.54419,52.59287],[-0.55813,52.59446],[-0.57192,52.58578],[-0.58156,52.59585],[-0.58887,52.58675],[-0.60303,52.58857],[-0.63897,52.57149],[-0.6713,52.56409],[-0.69785,52.54568],[-0.71367,52.52495],[-0.74222,52.53947],[-0.73888,52.54886],[-0.75991,52.56489],[-0.76539,52.58251],[-0.79245,52.5976],[-0.82096,52.59644],[-0.80584,52.62067],[-0.80176,52.63882],[-0.80972,52.64428],[-0.78213,52.67046],[-0.78606,52.69472],[-0.8216,52.7166],[-0.8012,52.73672],[-0.77649,52.74391],[-0.75333,52.73655],[-0.69625,52.74647],[-0.68444,52.75646],[-0.66411,52.75669],[-0.60861,52.75969],[-0.60545,52.75047],[-0.57265,52.75309],[-0.56612,52.74497],[-0.53999,52.73838],[-0.54245,52.72326],[-0.51265,52.71966],[-0.49454,52.70963],[-0.43045,52.7054],[-0.43407,52.68368],[-0.45946,52.66908],[-0.48161,52.66603]]]]},"properties":{"name":"Rutland","public_name":"Rutland","region":"East Midlands","public_region":"Anglian"}},{"type":"Feature","geometry":{"type":"MultiPolygon","coordinates":[[[[-2.31143,51.48737],[-2.29056,51.48686],[-2.29575,51.45859],[-2.28527,51.45793],[-2.29462,51.4288],[-2.31262,51.42245],[-2.32503,51.43699],[-2.34329,51.43954],[-2.46965,51.41593],[-2.48104,51.42159],[-2.49232,51.41799],[-2.49151,51.42894],[-2.50799,51.42464],[-2.52795,51.43377],[-2.52832,51.44496],[-2.53925,51.44557],[-2.52228,51.44981],[-2.51225,51.46234],[-2.51587,51.49387],[-2.5377,51.49707],[-2.5516,51.49223],[-2.58815,51.50124],[-2.59122,51.50968],[-2.58099,51.51741],[-2.65448,51.51372],[-2.6514,51.52071],[-2.67381,51.54443],[-2.66389,51.57315],[-2.6278,51.60563],[-2.59621,51.61653],[-2.55348,51.66933],[-2.53474,51.67724],[-2.48964,51.66396],[-2.49068,51.64483],[-2.46044,51.6526],[-2.40722,51.6412],[-2.39884,51.64581],[-2.39579,51.63874],[-2.38537,51.63932],[-2.40048,51.63514],[-2.38891,51.62754],[-2.39471,51.59739],[-2.37058,51.59761],[-2.36559,51.60373],[-2.33107,51.5916],[-2.28986,51.5932],[-2.28275,51.57852],[-2.2603,51.5699],[-2.26651,51.53626],[-2.25211,51.52814],[-2.32433,51.49751],[-2.31143,51.48737]]]]},"properties":{"name":"South Gloucestershire","public_name":"South Gloucestershire","region":"South West","public_region":"South West"}},{"type":"Feature","geometry":{"type":"MultiPolygon","coordinates":[[[[-2.41048,52.38714],[-2.41403,52.36834],[-2.47477,52.36713],[-2.47418,52.3606],[-2.48833,52.35538],[-2.4818,52.33106],[-2.51321,52.3292],[-2.51213,52.3371],[-2.53915,52.34412],[-2.56222,52.33309],[-2.56265,52.31112],[-2.57486,52.31756],[-2.61001,52.30627],[-2.61827,52.30602],[-2.64102,52.33283],[-2.66968,52.34155],[-2.68929,52.31619],[-2.67981,52.31201],[-2.7124,52.30812],[-2.72467,52.31984],[-2.73717,52.31946],[-2.76699,52.3361],[-2.74838,52.33489],[-2.73277,52.35552],[-2.79242,52.35685],[-2.79211,52.37452],[-2.80739,52.37595],[-2.80543,52.38824],[-2.85544,52.39528],[-2.88846,52.38514],[-2.89297,52.3741],[-2.90543,52.38577],[-2.91787,52.38614],[-2.92231,52.37513],[-2.90081,52.36726],[-2.92615,52.36698],[-2.93889,52.36104],[-2.93315,52.35004],[-2.95473,52.34924],[-2.9743,52.35472],[-3.04003,52.34436],[-3.06067,52.34823],[-3.1106,52.37715],[-3.15461,52.38778],[-3.17944,52.40962],[-3.21974,52.4213],[-3.23557,52.44252],[-3.23185,52.45313],[-3.19731,52.476],[-3.181,52.4738],[-3.11154,52.49883],[-3.0292,52.50125],[-3.03242,52.52369],[-3.00148,52.52252],[-2.99418,52.55293],[-3.01452,52.57548],[-3.03645,52.57179],[-3.05982,52.55555],[-3.08728,52.55127],[-3.09395,52.54489],[-3.08081,52.53913],[-3.08538,52.53452],[-3.13154,52.52701],[-3.1371,52.53336],[-3.11149,52.5414],[-3.13959,52.58571],[-3.11745,52.58575],[-3.08936,52.59957],[-3.09365,52.60929],[-3.0731,52.62894],[-3.05979,52.63068],[-3.08352,52.64127],[-3.05109,52.64731],[-3.04465,52.66553],[-3.03852,52.67532],[-3.04564,52.67543],[-3.04696,52.69121],[-3.02252,52.70664],[-3.02153,52.72419],[-3.00061,52.72021],[-2.97752,52.72645],[-2.97812,52.71529],[-2.96107,52.71637],[-2.96504,52.73221],[-2.98637,52.73326],[-2.99653,52.73601],[-2.99226,52.74384],[-3.02178,52.75191],[-3.01079,52.75852],[-3.0171,52.76767],[-3.03509,52.76402],[-3.03899,52.77036],[-3.04654,52.76702],[-3.0573,52.77376],[-3.06342,52.76919],[-3.06859,52.77418],[-3.07425,52.7696],[-3.08886,52.77754],[-3.0867,52.79556],[-3.11834,52.78364],[-3.1611,52.79609],[-3.15319,52.80633],[-3.16818,52.8073],[-3.16785,52.81926],[-3.15132,52.84257],[-3.16307,52.84747],[-3.12772,52.86724],[-3.15244,52.87873],[-3.1356,52.88508],[-3.14456,52.89301],[-3.11413,52.89397],[-3.1097,52.91833],[-3.09598,52.93032],[-3.0765,52.92547],[-3.03713,52.92868],[-3.01036,52.95425],[-2.98191,52.95924],[-2.97477,52.96894],[-2.95981,52.95117],[-2.92888,52.93865],[-2.88747,52.9525],[-2.88371,52.94667],[-2.84105,52.94255],[-2.80054,52.89545],[-2.75533,52.92461],[-2.72854,52.92516],[-2.72415,52.95675],[-2.73532,52.97],[-2.72741,52.98396],[-2.69929,52.99542],[-2.67466,52.98565],[-2.63265,52.99666],[-2.62214,52.98684],[-2.60773,52.98835],[-2.60568,52.97938],[-2.59489,52.97959],[-2.5977,52.96299],[-2.58651,52.95541],[-2.56126,52.96494],[-2.52952,52.94715],[-2.52132,52.97429],[-2.48115,52.9588],[-2.43461,52.96951],[-2.43676,52.98624],[-2.37799,52.99824],[-2.36873,52.97934],[-2.37977,52.97598],[-2.38617,52.95326],[-2.39377,52.95056],[-2.39915,52.96061],[-2.4129,52.96172],[-2.40544,52.94744],[-2.42527,52.94998],[-2.45588,52.92563],[-2.45571,52.91549],[-2.47084,52.90585],[-2.4576,52.87909],[-2.44548,52.874],[-2.41929,52.88673],[-2.38556,52.88797],[-2.37917,52.91287],[-2.37538,52.89146],[-2.3937,52.83677],[-2.40766,52.83459],[-2.41635,52.82699],[-2.43021,52.82814],[-2.44048,52.82076],[-2.47296,52.82043],[-2.45627,52.78411],[-2.47263,52.78044],[-2.48965,52.78292],[-2.47712,52.79936],[-2.48838,52.80041],[-2.48651,52.80523],[-2.50303,52.79659],[-2.52199,52.79894],[-2.53752,52.78509],[-2.53381,52.7941],[-2.5514,52.80232],[-2.56132,52.79902],[-2.58279,52.80561],[-2.59801,52.79795],[-2.59225,52.77683],[-2.62101,52.77651],[-2.63234,52.75957],[-2.64313,52.76707],[-2.66342,52.76043],[-2.66412,52.73628],[-2.63024,52.72625],[-2.62429,52.71949],[-2.59742,52.71824],[-2.62255,52.69902],[-2.55565,52.67108],[-2.54846,52.6547],[-2.51274,52.64065],[-2.50201,52.62946],[-2.43804,52.61459],[-2.43664,52.62708],[-2.4183,52.63376],[-2.41899,52.66292],[-2.40197,52.68248],[-2.4025,52.70389],[-2.37508,52.74079],[-2.35793,52.7312],[-2.31558,52.73293],[-2.30861,52.72073],[-2.32484,52.70532],[-2.31991,52.69538],[-2.308,52.69332],[-2.30304,52.68294],[-2.24773,52.68306],[-2.23872,52.66369],[-2.24769,52.65665],[-2.2348,52.65586],[-2.23689,52.63605],[-2.25581,52.60997],[-2.27931,52.6058],[-2.3238,52.61294],[-2.32182,52.59361],[-2.30102,52.59323],[-2.26201,52.56868],[-2.26084,52.56314],[-2.28248,52.55338],[-2.25641,52.54178],[-2.26922,52.53067],[-2.26095,52.52409],[-2.29139,52.51167],[-2.31275,52.48919],[-2.29564,52.47388],[-2.2861,52.45474],[-2.29497,52.44893],[-2.31175,52.43752],[-2.36353,52.43941],[-2.37295,52.40195],[-2.3336,52.38819],[-2.36736,52.38805],[-2.39068,52.38151],[-2.41048,52.38714]]]]},"properties":{"name":"Shropshire","public_name":"Shropshire","region":"West Midlands","public_region":"Midlands"}},{"type":"Feature","geometry":{"type":"MultiPolygon","coordinates":[[[[-0.5323,51.49335],[-0.49,51.49484],[-0.50962,51.46927],[-0.52438,51.47153],[-0.5344,51.48684],[-0.56054,51.49724],[-0.56549,51.4914],[-0.60057,51.50233],[-0.60774,51.49728],[-0.62411,51.50413],[-0.64223,51.50063],[-0.65488,51.50088],[-0.6599,51.52833],[-0.63057,51.5389],[-0.58984,51.52267],[-0.57511,51.5293],[-0.56504,51.52068],[-0.56871,51.51138],[-0.52841,51.51012],[-0.5323,51.49335]]]]},"properties":{"name":"Slough","public_name":"Slough","region":"South East","public_region":"Thames"}},{"type":"Feature","geometry":{"type":"MultiPolygon","coordinates":[[[[-2.34631,51.13052],[-2.34454,51.12468],[-2.36453,51.11888],[-2.36087,51.09902],[-2.32713,51.07977],[-2.34998,51.06881],[-2.33015,51.04119],[-2.37805,51.01172],[-2.37776,50.99142],[-2.35496,50.9909],[-2.34456,50.97884],[-2.41493,50.96059],[-2.42799,50.97139],[-2.44718,50.96786],[-2.44348,50.95847],[-2.45866,50.94975],[-2.49035,50.97278],[-2.50253,50.99391],[-2.52653,50.99193],[-2.53517,50.99938],[-2.55149,50.99635],[-2.54542,50.98509],[-2.55621,50.97954],[-2.57463,50.9867],[-2.58602,50.97688],[-2.59584,50.98135],[-2.60339,50.97635],[-2.5982,50.94858],[-2.61604,50.94145],[-2.60404,50.92673],[-2.62407,50.90777],[-2.60944,50.89086],[-2.61789,50.88101],[-2.66061,50.88711],[-2.71439,50.87115],[-2.71455,50.8639],[-2.7575,50.86691],[-2.79243,50.85284],[-2.81142,50.86342],[-2.82964,50.84856],[-2.88624,50.8506],[-2.94168,50.8359],[-2.95588,50.82281],[-2.96982,50.83419],[-2.97358,50.85567],[-2.9985,50.85099],[-3.01143,50.85724],[-3.0368,50.85107],[-3.03262,50.86165],[-3.05478,50.87463],[-3.05287,50.90873],[-3.12633,50.90172],[-3.14233,50.88925],[-3.15609,50.90007],[-3.17042,50.90036],[-3.17049,50.90759],[-3.18786,50.91043],[-3.16647,50.94772],[-3.25482,50.94185],[-3.29384,50.95515],[-3.33371,50.9828],[-3.37865,50.97751],[-3.38047,51.01849],[-3.41576,51.02363],[-3.41569,51.02784],[-3.4268,51.03141],[-3.46367,51.02527],[-3.48413,51.03382],[-3.52041,51.02588],[-3.51889,51.01479],[-3.53503,51.00335],[-3.59163,51.00617],[-3.61461,51.01272],[-3.59446,51.0552],[-3.62439,51.06125],[-3.64887,51.05859],[-3.69239,51.0806],[-3.72004,51.08086],[-3.76738,51.10579],[-3.80427,51.11569],[-3.83447,51.13838],[-3.8398,51.17667],[-3.80625,51.17787],[-3.78629,51.17193],[-3.72602,51.17894],[-3.73319,51.22273],[-3.72151,51.23362],[-3.63197,51.22373],[-3.6217,51.21678],[-3.57878,51.23215],[-3.54292,51.23237],[-3.49688,51.22399],[-3.47061,51.20804],[-3.44403,51.20748],[-3.40359,51.1825],[-3.27584,51.17978],[-3.20217,51.20146],[-3.18042,51.19976],[-3.13143,51.21084],[-3.07606,51.20136],[-3.05159,51.20331],[-3.02829,51.21867],[-3.01917,51.21839],[-3.0296,51.19814],[-3.05103,51.18712],[-3.02708,51.1927],[-3.01541,51.20876],[-2.99777,51.22544],[-3.00181,51.24488],[-3.02149,51.26491],[-3.01123,51.3203],[-3.03499,51.3288],[-2.9941,51.32093],[-2.99318,51.30105],[-2.97245,51.29573],[-2.96177,51.30483],[-2.93642,51.30302],[-2.8971,51.29062],[-2.88491,51.30667],[-2.87714,51.30007],[-2.81023,51.30143],[-2.8078,51.31489],[-2.81867,51.32637],[-2.76832,51.3237],[-2.75628,51.32461],[-2.74899,51.31913],[-2.69685,51.31614],[-2.6387,51.29483],[-2.62998,51.28356],[-2.59547,51.29619],[-2.58228,51.29193],[-2.55782,51.30266],[-2.49742,51.29089],[-2.50636,51.279],[-2.478,51.2731],[-2.47375,51.27797],[-2.45329,51.27385],[-2.43905,51.28519],[-2.42212,51.28748],[-2.42026,51.29663],[-2.39983,51.30489],[-2.38718,51.29465],[-2.27775,51.32571],[-2.27196,51.31426],[-2.28499,51.30958],[-2.27677,51.304],[-2.27998,51.29223],[-2.26548,51.29624],[-2.2535,51.28984],[-2.24517,51.27253],[-2.24534,51.25388],[-2.26333,51.23261],[-2.26667,51.21554],[-2.30086,51.17413],[-2.34631,51.13052]]]]},"properties":{"name":"Somerset","public_name":"Somerset","region":"South West","public_region":"South West"}},{"type":"Feature","geometry":{"type":"MultiPolygon","coordinates":[[[[-1.32754,50.89946],[-1.36519,50.88008],[-1.38332,50.8896],[-1.38485,50.904],[-1.37185,50.91246],[-1.38794,50.9069],[-1.39535,50.88312],[-1.39903,50.89456],[-1.40083,50.89029],[-1.43974,50.9082],[-1.45089,50.90413],[-1.46715,50.91146],[-1.47733,50.92857],[-1.45178,50.94914],[-1.42371,50.94726],[-1.40614,50.95618],[-1.38157,50.94608],[-1.3689,50.94719],[-1.35472,50.94097],[-1.35794,50.93074],[-1.33337,50.91989],[-1.32754,50.89946]]]]},"properties":{"name":"Southampton","public_name":"Southampton","region":"South East","public_region":"Southern"}},{"type":"Feature","geometry":{"type":"MultiPolygon","coordinates":[[[[0.76824,51.52548],[0.64303,51.54108],[0.6254,51.53807],[0.63205,51.57052],[0.63892,51.5768],[0.6753,51.57286],[0.76113,51.55296],[0.78666,51.55294],[0.78895,51.54245],[0.82122,51.54066],[0.7876,51.52179],[0.76824,51.52548]]]]},"properties":{"name":"Southend-on-Sea","public_name":"Southend-on-Sea","region":"East of England","public_region":"Anglian"}},{"type":"Feature","geometry":{"type":"MultiPolygon","coordinates":[[[[-1.64887,52.59859],[-1.66565,52.59223],[-1.70395,52.58762],[-1.72932,52.58792],[-1.74241,52.59431],[-1.78809,52.58785],[-1.79654,52.59911],[-1.83684,52.60734],[-1.85396,52.60191],[-1.87257,52.58493],[-1.89227,52.59914],[-1.88565,52.61477],[-1.91599,52.63527],[-1.90509,52.64319],[-1.91802,52.64988],[-1.91285,52.65822],[-1.92369,52.65551],[-1.93353,52.66151],[-1.9428,52.65574],[-1.95465,52.66264],[-1.95995,52.66202],[-1.96097,52.6428],[-1.98478,52.63964],[-2.00385,52.63714],[-2.03552,52.62178],[-2.03013,52.61694],[-2.05119,52.62034],[-2.05935,52.62166],[-2.06733,52.61206],[-2.08101,52.61189],[-2.10125,52.63504],[-2.11381,52.63789],[-2.15299,52.62974],[-2.15156,52.62457],[-2.16836,52.61997],[-2.16916,52.60932],[-2.1964,52.6066],[-2.18931,52.58859],[-2.20688,52.58657],[-2.20181,52.57876],[-2.18034,52.57449],[-2.17554,52.55439],[-2.14096,52.55852],[-2.12839,52.55382],[-2.13916,52.54805],[-2.13559,52.53445],[-2.15222,52.52568],[-2.14422,52.51706],[-2.19176,52.50338],[-2.16743,52.47153],[-2.17643,52.45454],[-2.16486,52.43019],[-2.16771,52.42377],[-2.19288,52.42328],[-2.21788,52.43535],[-2.27524,52.44024],[-2.29497,52.44893],[-2.2861,52.45474],[-2.29564,52.47388],[-2.31275,52.48919],[-2.29139,52.51167],[-2.26095,52.52409],[-2.26922,52.53067],[-2.25641,52.54178],[-2.28248,52.55338],[-2.26084,52.56314],[-2.26201,52.56868],[-2.30102,52.59323],[-2.32182,52.59361],[-2.3238,52.61294],[-2.27931,52.6058],[-2.25581,52.60997],[-2.23689,52.63605],[-2.2348,52.65586],[-2.24769,52.65665],[-2.23872,52.66369],[-2.24773,52.68306],[-2.30304,52.68294],[-2.308,52.69332],[-2.31991,52.69538],[-2.32484,52.70532],[-2.30861,52.72073],[-2.31558,52.73293],[-2.31065,52.74029],[-2.33048,52.7516],[-2.33013,52.75794],[-2.36887,52.77729],[-2.36586,52.78319],[-2.38562,52.7907],[-2.37142,52.79527],[-2.37766,52.81163],[-2.41635,52.82699],[-2.40766,52.83459],[-2.3937,52.83677],[-2.37538,52.89146],[-2.37917,52.91287],[-2.38556,52.88797],[-2.41929,52.88673],[-2.44548,52.874],[-2.4576,52.87909],[-2.47084,52.90585],[-2.45571,52.91549],[-2.45588,52.92563],[-2.42527,52.94998],[-2.40544,52.94744],[-2.4129,52.96172],[-2.39915,52.96061],[-2.39377,52.95056],[-2.38617,52.95326],[-2.37977,52.97598],[-2.36873,52.97934],[-2.37799,52.99824],[-2.38295,53.0072],[-2.37047,53.01456],[-2.38423,53.02615],[-2.38289,53.0488],[-2.34759,53.05615],[-2.31673,53.0811],[-2.29338,53.07831],[-2.25325,53.09396],[-2.24651,53.0902],[-2.21143,53.11575],[-2.15565,53.1596],[-2.14141,53.15663],[-2.14304,53.18756],[-2.1137,53.16899],[-2.07823,53.17041],[-2.05825,53.1763],[-2.04642,53.19266],[-2.01839,53.18904],[-2.00021,53.19372],[-1.98741,53.21357],[-1.96237,53.22622],[-1.95671,53.21373],[-1.90395,53.19856],[-1.87398,53.19534],[-1.81608,53.15862],[-1.82144,53.13579],[-1.78373,53.10281],[-1.78306,53.09309],[-1.79424,53.08838],[-1.78565,53.06309],[-1.77566,53.05934],[-1.7847,53.04991],[-1.77899,53.04483],[-1.75679,53.0308],[-1.76241,52.99984],[-1.82612,52.97747],[-1.82982,52.94565],[-1.85408,52.93084],[-1.85548,52.92043],[-1.82995,52.89645],[-1.83272,52.88708],[-1.81106,52.88063],[-1.80186,52.88613],[-1.78825,52.88006],[-1.77712,52.88377],[-1.74474,52.8687],[-1.72515,52.85963],[-1.70435,52.86666],[-1.70273,52.8609],[-1.68999,52.86442],[-1.62676,52.85442],[-1.58547,52.83161],[-1.61034,52.8156],[-1.59183,52.80947],[-1.58895,52.7998],[-1.61435,52.78826],[-1.61113,52.78139],[-1.6193,52.78515],[-1.62696,52.77975],[-1.63825,52.78671],[-1.64994,52.77946],[-1.66561,52.78514],[-1.69687,52.75272],[-1.69222,52.74416],[-1.70729,52.73058],[-1.65662,52.72173],[-1.65505,52.69878],[-1.63535,52.70247],[-1.60401,52.6967],[-1.58965,52.68724],[-1.60427,52.6737],[-1.64495,52.6575],[-1.63295,52.64356],[-1.64243,52.64092],[-1.64413,52.62077],[-1.63602,52.6196],[-1.64887,52.59859]],[[-2.09002,52.99024],[-2.07924,52.97448],[-2.08813,52.97383],[-2.08122,52.96689],[-2.12166,52.95607],[-2.13034,52.97108],[-2.14571,52.97609],[-2.1626,52.95335],[-2.1769,52.95369],[-2.18161,52.94619],[-2.19126,52.95007],[-2.21252,52.98056],[-2.20434,52.98138],[-2.21778,53.00397],[-2.20555,53.02502],[-2.23851,53.07115],[-2.19862,53.0927],[-2.17853,53.09153],[-2.16115,53.0701],[-2.1254,53.06456],[-2.12744,53.05372],[-2.11658,53.04802],[-2.13178,53.04732],[-2.12249,53.01871],[-2.10347,53.01084],[-2.10495,52.99768],[-2.09165,52.99883],[-2.09002,52.99024]]]]},"properties":{"name":"Staffordshire","public_name":"Staffordshire","region":"West Midlands","public_region":"Midlands"}},{"type":"Feature","geometry":{"type":"MultiPolygon","coordinates":[[[[-1.4509,54.6105],[-1.41281,54.61658],[-1.38089,54.64391],[-1.33504,54.6313],[-1.32864,54.64417],[-1.31635,54.64522],[-1.29817,54.6355],[-1.29902,54.628],[-1.25666,54.62337],[-1.23415,54.62879],[-1.20069,54.62303],[-1.17354,54.62149],[-1.16206,54.62264],[-1.1606,54.61012],[-1.19705,54.58178],[-1.21977,54.57887],[-1.25554,54.58915],[-1.26222,54.56961],[-1.28176,54.56526],[-1.27063,54.55638],[-1.28538,54.53618],[-1.28229,54.5184],[-1.23059,54.51187],[-1.24231,54.50164],[-1.25666,54.5011],[-1.25739,54.48731],[-1.28097,54.49043],[-1.30042,54.4758],[-1.3131,54.47727],[-1.34362,54.46414],[-1.3449,54.4724],[-1.36441,54.46594],[-1.37255,54.4723],[-1.37029,54.48613],[-1.38092,54.49391],[-1.39476,54.48557],[-1.40691,54.49344],[-1.41189,54.47735],[-1.43184,54.47936],[-1.42657,54.48477],[-1.43631,54.49097],[-1.42516,54.50052],[-1.42147,54.51963],[-1.44963,54.53295],[-1.44674,54.55566],[-1.41138,54.56477],[-1.4081,54.59432],[-1.4233,54.60312],[-1.44339,54.59061],[-1.4509,54.6105]]]]},"properties":{"name":"Stockton-on-Tees","public_name":"Stockton-on-Tees","region":"North East","public_region":"North East"}},{"type":"Feature","geometry":{"type":"MultiPolygon","coordinates":[[[[-2.09002,52.99024],[-2.07924,52.97448],[-2.08813,52.97383],[-2.08122,52.96689],[-2.12166,52.95607],[-2.13034,52.97108],[-2.14571,52.97609],[-2.1626,52.95335],[-2.1769,52.95369],[-2.18161,52.94619],[-2.19126,52.95007],[-2.21252,52.98056],[-2.20434,52.98138],[-2.21778,53.00397],[-2.20555,53.02502],[-2.23851,53.07115],[-2.19862,53.0927],[-2.17853,53.09153],[-2.16115,53.0701],[-2.1254,53.06456],[-2.12744,53.05372],[-2.11658,53.04802],[-2.13178,53.04732],[-2.12249,53.01871],[-2.10347,53.01084],[-2.10495,52.99768],[-2.09165,52.99883],[-2.09002,52.99024]]]]},"properties":{"name":"Stoke-on-Trent","public_name":"Stoke-on-Trent","region":"West Midlands","public_region":"Midlands"}},{"type":"Feature","geometry":{"type":"MultiPolygon","coordinates":[[[[1.6755,52.31339],[1.66716,52.31164],[1.63145,52.27224],[1.62225,52.1862],[1.58346,52.08935],[1.48625,52.05621],[1.46262,52.04047],[1.488,52.05927],[1.55014,52.08124],[1.51793,52.07586],[1.50809,52.07015],[1.50129,52.07068],[1.45099,52.04406],[1.46231,52.0451],[1.43122,52.00491],[1.39486,51.98736],[1.38851,51.99938],[1.36155,52.00618],[1.39162,51.98923],[1.38885,51.97835],[1.34489,51.95691],[1.31902,51.93237],[1.31965,51.95053],[1.28283,51.96889],[1.28028,51.9931],[1.25834,52.00296],[1.25686,51.99653],[1.21542,52.0065],[1.17876,52.02151],[1.15348,52.03399],[1.17233,52.01417],[1.2115,51.99661],[1.26739,51.98779],[1.27499,51.956],[1.24295,51.9614],[1.21969,51.95286],[1.21015,51.95599],[1.18731,51.95574],[1.16351,51.97051],[1.13039,51.95354],[1.0861,51.95892],[1.06361,51.94844],[1.0483,51.95931],[1.02577,51.95587],[0.99868,51.96395],[0.97151,51.96225],[0.96246,51.97715],[0.94288,51.97068],[0.92514,51.97618],[0.88981,51.97339],[0.85021,51.96075],[0.82183,51.96871],[0.81217,51.96087],[0.78713,51.96312],[0.78101,51.96612],[0.77223,51.97041],[0.7746,51.98258],[0.75964,51.98542],[0.76112,51.99747],[0.7385,52.01069],[0.74078,52.03102],[0.71437,52.02731],[0.7065,52.02951],[0.71248,52.03486],[0.69648,52.03929],[0.69937,52.04842],[0.71623,52.04867],[0.70315,52.06526],[0.71209,52.07223],[0.68426,52.08693],[0.65416,52.08605],[0.63454,52.08627],[0.61932,52.07656],[0.60735,52.0809],[0.55134,52.06874],[0.54223,52.05775],[0.51102,52.05982],[0.50079,52.0538],[0.46664,52.07844],[0.45359,52.06813],[0.43809,52.0723],[0.4033,52.06624],[0.39496,52.09596],[0.38177,52.10269],[0.38956,52.11746],[0.41825,52.13434],[0.42045,52.15673],[0.43703,52.15996],[0.44449,52.17107],[0.46279,52.171],[0.4707,52.16324],[0.4913,52.16509],[0.50862,52.21397],[0.51445,52.22676],[0.4949,52.23924],[0.4761,52.23393],[0.45553,52.24758],[0.44337,52.24262],[0.42694,52.25359],[0.41465,52.24794],[0.42131,52.23968],[0.37122,52.22654],[0.34265,52.24233],[0.36086,52.24941],[0.33997,52.26767],[0.3552,52.27931],[0.35874,52.29734],[0.3827,52.29325],[0.38533,52.28298],[0.42418,52.25586],[0.49877,52.273],[0.50474,52.2847],[0.45747,52.31628],[0.43135,52.31581],[0.4242,52.3292],[0.4363,52.33352],[0.44248,52.34881],[0.42003,52.35214],[0.40766,52.3615],[0.37475,52.40971],[0.42529,52.43031],[0.44551,52.44735],[0.52381,52.44818],[0.5548,52.45601],[0.58248,52.45184],[0.61557,52.44889],[0.62029,52.45439],[0.64196,52.45097],[0.6663,52.46249],[0.68395,52.45315],[0.71888,52.44956],[0.67217,52.41281],[0.68483,52.39902],[0.71241,52.3946],[0.73756,52.39512],[0.74982,52.38291],[0.76594,52.39034],[0.78373,52.38624],[0.83829,52.4007],[0.85541,52.39942],[0.86555,52.39052],[0.9302,52.38882],[0.96744,52.37009],[0.98029,52.3695],[1.02994,52.37823],[1.06807,52.37851],[1.07915,52.37236],[1.21405,52.35539],[1.26047,52.37141],[1.28494,52.39018],[1.32268,52.38908],[1.34661,52.40489],[1.36123,52.41318],[1.36373,52.42749],[1.40789,52.44439],[1.43219,52.44516],[1.43324,52.45594],[1.41099,52.46157],[1.42012,52.47102],[1.44649,52.456],[1.48005,52.47184],[1.50807,52.46164],[1.52957,52.46828],[1.55695,52.45756],[1.56888,52.4747],[1.58656,52.47846],[1.61683,52.46331],[1.63473,52.46273],[1.64686,52.4718],[1.65986,52.46879],[1.68281,52.49175],[1.67184,52.50411],[1.6544,52.50153],[1.62884,52.52609],[1.63671,52.53741],[1.66795,52.55022],[1.70255,52.5444],[1.72598,52.53062],[1.74043,52.53208],[1.76292,52.48115],[1.75636,52.47194],[1.7334,52.44481],[1.72976,52.4],[1.6755,52.31339]]]]},"properties":{"name":"Suffolk","public_name":"Suffolk","region":"East of England","public_region":"Anglian"}},{"type":"Feature","geometry":{"type":"MultiPolygon","coordinates":[[[[0.04515,51.18865],[0.05262,51.1804],[0.04999,51.14265],[0.02733,51.13985],[-0.05635,51.13677],[-0.07634,51.1423],[-0.1376,51.14216],[-0.13316,51.15923],[-0.14039,51.16042],[-0.16092,51.15983],[-0.17674,51.16685],[-0.21217,51.15546],[-0.21426,51.14847],[-0.2552,51.14414],[-0.25464,51.13905],[-0.30037,51.12474],[-0.39155,51.11651],[-0.41923,51.10521],[-0.43846,51.09791],[-0.44122,51.10326],[-0.45052,51.1003],[-0.48854,51.09734],[-0.50639,51.08827],[-0.535,51.09358],[-0.53921,51.08203],[-0.57762,51.08666],[-0.60067,51.07967],[-0.62911,51.08901],[-0.69677,51.0715],[-0.70647,51.07867],[-0.72531,51.07817],[-0.7535,51.08646],[-0.7574,51.08778],[-0.75942,51.10325],[-0.74929,51.10325],[-0.74555,51.11219],[-0.7693,51.11715],[-0.79841,51.15253],[-0.83422,51.14758],[-0.82544,51.18124],[-0.84893,51.21072],[-0.8208,51.23927],[-0.80477,51.24507],[-0.80176,51.23904],[-0.77587,51.24191],[-0.74479,51.22946],[-0.72942,51.25642],[-0.73189,51.28028],[-0.74418,51.3093],[-0.76629,51.31984],[-0.77548,51.33196],[-0.73535,51.36501],[-0.66765,51.38457],[-0.61636,51.38354],[-0.62351,51.38954],[-0.61652,51.39241],[-0.60514,51.43131],[-0.57169,51.45101],[-0.52278,51.4353],[-0.54063,51.45785],[-0.52438,51.47153],[-0.50962,51.46927],[-0.45866,51.45632],[-0.4565,51.43822],[-0.44631,51.44],[-0.44001,51.43063],[-0.4191,51.43236],[-0.39291,51.42328],[-0.38666,51.42008],[-0.39049,51.40964],[-0.35916,51.4119],[-0.32761,51.39174],[-0.31772,51.39367],[-0.30739,51.37838],[-0.33053,51.34842],[-0.33014,51.32752],[-0.30622,51.33508],[-0.28815,51.36227],[-0.26117,51.3796],[-0.24506,51.38003],[-0.24543,51.36685],[-0.22289,51.35713],[-0.21729,51.34339],[-0.22981,51.33654],[-0.22097,51.32986],[-0.1974,51.34359],[-0.15657,51.32151],[-0.15535,51.30128],[-0.13734,51.30078],[-0.12432,51.28676],[-0.0912,51.30147],[-0.0789,51.31977],[-0.05133,51.32245],[-0.05029,51.33264],[-0.03799,51.33864],[-0.02208,51.3381],[-0.01436,51.3298],[-0.01102,51.33356],[0.00227,51.32914],[0.01498,51.29179],[0.03288,51.30752],[0.04237,51.29267],[0.05821,51.24778],[0.03367,51.21455],[0.04515,51.18865]]]]},"properties":{"name":"Surrey","public_name":"Surrey","region":"South East","public_region":"Thames"}},{"type":"Feature","geometry":{"type":"MultiPolygon","coordinates":[[[[-3.85106,51.67538],[-3.87523,51.65754],[-3.8907,51.62154],[-3.92695,51.60636],[-3.92878,51.61343],[-3.95544,51.61259],[-3.99304,51.59833],[-4.00055,51.58022],[-3.97363,51.56714],[-3.98078,51.56474],[-4.00905,51.56807],[-4.02436,51.56312],[-4.03413,51.57014],[-4.06421,51.55723],[-4.10196,51.56525],[-4.10869,51.57538],[-4.15655,51.56187],[-4.16101,51.55531],[-4.14616,51.54523],[-4.1526,51.54103],[-4.19477,51.54825],[-4.20836,51.54426],[-4.20628,51.53722],[-4.24046,51.54321],[-4.27881,51.56149],[-4.30823,51.563],[-4.29056,51.56987],[-4.2895,51.58137],[-4.30696,51.6091],[-4.31652,51.60905],[-4.2624,51.62543],[-4.24293,51.64876],[-4.23013,51.64233],[-4.24175,51.63081],[-4.2171,51.62293],[-4.22548,51.62984],[-4.20991,51.62692],[-4.21638,51.63551],[-4.18946,51.62894],[-4.1931,51.62343],[-4.16727,51.62866],[-4.1646,51.624],[-4.15845,51.63431],[-4.11099,51.64333],[-4.11679,51.64597],[-4.1024,51.6535],[-4.08113,51.65757],[-4.06933,51.65318],[-4.08128,51.66201],[-4.06826,51.66897],[-4.07663,51.69031],[-4.05289,51.70124],[-4.05386,51.70944],[-4.0437,51.70645],[-4.04922,51.72957],[-4.00174,51.76266],[-3.99973,51.77423],[-3.97445,51.76424],[-3.92982,51.76982],[-3.88849,51.73908],[-3.87429,51.70231],[-3.86442,51.70504],[-3.85632,51.69716],[-3.84273,51.69724],[-3.85106,51.67538]]]]},"properties":{"name":"Swansea","public_name":"Swansea","region":"Wales","public_region":"Wales"}},{"type":"Feature","geometry":{"type":"MultiPolygon","coordinates":[[[[-1.60283,51.51829],[-1.71909,51.50071],[-1.71575,51.48838],[-1.77434,51.48246],[-1.79781,51.48445],[-1.81346,51.50704],[-1.83759,51.50084],[-1.84592,51.51385],[-1.84219,51.52626],[-1.8308,51.51114],[-1.84439,51.54344],[-1.85383,51.5463],[-1.84929,51.55331],[-1.86514,51.55953],[-1.86011,51.56524],[-1.8452,51.56172],[-1.85009,51.5681],[-1.83849,51.58003],[-1.82262,51.58385],[-1.83757,51.58724],[-1.83902,51.61669],[-1.80639,51.63272],[-1.7886,51.63271],[-1.79909,51.6625],[-1.78863,51.667],[-1.777,51.66939],[-1.76633,51.66268],[-1.72534,51.66927],[-1.69356,51.69271],[-1.68652,51.68929],[-1.70017,51.67227],[-1.69271,51.65339],[-1.66,51.63518],[-1.67375,51.62285],[-1.66702,51.61626],[-1.69063,51.60545],[-1.69113,51.58352],[-1.67655,51.56944],[-1.65506,51.5765],[-1.64808,51.57218],[-1.60283,51.51829]]]]},"properties":{"name":"Swindon","public_name":"Swindon","region":"South West","public_region":"Thames"}},{"type":"Feature","geometry":{"type":"MultiPolygon","coordinates":[[[[-1.11598,53.40739],[-1.11561,53.39715],[-1.13469,53.38975],[-1.13057,53.37557],[-1.14614,53.36914],[-1.13853,53.35582],[-1.16195,53.35789],[-1.15686,53.34495],[-1.14033,53.34656],[-1.13869,53.34138],[-1.19974,53.31142],[-1.20318,53.30417],[-1.2306,53.30862],[-1.24345,53.30158],[-1.282,53.30946],[-1.29571,53.31504],[-1.28856,53.32616],[-1.29907,53.33251],[-1.31233,53.33415],[-1.32162,53.32547],[-1.32473,53.32881],[-1.33775,53.31583],[-1.35646,53.3193],[-1.36266,53.31501],[-1.38982,53.31843],[-1.38666,53.33484],[-1.41109,53.342],[-1.42087,53.33455],[-1.44202,53.33739],[-1.45993,53.33061],[-1.45524,53.32183],[-1.46791,53.31713],[-1.50211,53.31757],[-1.53692,53.30471],[-1.56176,53.3064],[-1.56147,53.31592],[-1.58054,53.31172],[-1.58503,53.32157],[-1.59908,53.31136],[-1.60153,53.31819],[-1.60878,53.32252],[-1.6277,53.31624],[-1.63277,53.32081],[-1.61219,53.34322],[-1.59055,53.3459],[-1.66396,53.36687],[-1.65487,53.39304],[-1.70497,53.40504],[-1.70437,53.41533],[-1.72995,53.41597],[-1.74674,53.42618],[-1.74533,53.46217],[-1.76835,53.46471],[-1.80147,53.48098],[-1.7962,53.5031],[-1.81029,53.50633],[-1.80078,53.51136],[-1.81952,53.51341],[-1.82223,53.52108],[-1.80428,53.537],[-1.77188,53.53384],[-1.74133,53.54113],[-1.72317,53.55986],[-1.66198,53.55363],[-1.66099,53.55966],[-1.6157,53.56303],[-1.5962,53.57697],[-1.60174,53.58775],[-1.58799,53.59351],[-1.58998,53.6071],[-1.54736,53.60319],[-1.53614,53.59362],[-1.51869,53.59969],[-1.49656,53.59735],[-1.49507,53.60317],[-1.48383,53.59481],[-1.44681,53.6128],[-1.40021,53.59864],[-1.37668,53.60646],[-1.35616,53.59535],[-1.35143,53.58106],[-1.34608,53.58032],[-1.30767,53.5754],[-1.25808,53.59198],[-1.2577,53.59983],[-1.24722,53.60075],[-1.24818,53.61627],[-1.22789,53.61733],[-1.23284,53.62109],[-1.21747,53.62421],[-1.20982,53.64315],[-1.19031,53.6359],[-1.15229,53.64276],[-1.1354,53.63271],[-1.12154,53.64675],[-1.05327,53.65152],[-1.051,53.65754],[-1.03722,53.65448],[-0.991,53.66117],[-0.94684,53.65912],[-0.86533,53.63769],[-0.90111,53.5687],[-0.89099,53.56654],[-0.90126,53.54789],[-0.89235,53.53736],[-0.94371,53.53062],[-0.95001,53.51364],[-0.93209,53.51065],[-0.93558,53.50248],[-0.95333,53.48439],[-0.98602,53.47162],[-0.99591,53.43683],[-1.01429,53.42626],[-1.03046,53.42516],[-1.03095,53.43099],[-1.08704,53.42551],[-1.1082,53.40586],[-1.11598,53.40739]]]]},"properties":{"name":"South Yorkshire","public_name":"South Yorkshire","region":"Yorkshire and The Humber","public_region":"North East"}},{"type":"Feature","geometry":{"type":"MultiPolygon","coordinates":[[[[-2.33013,52.75794],[-2.33048,52.7516],[-2.31065,52.74029],[-2.31558,52.73293],[-2.35793,52.7312],[-2.37508,52.74079],[-2.4025,52.70389],[-2.40197,52.68248],[-2.41899,52.66292],[-2.4183,52.63376],[-2.43664,52.62708],[-2.43804,52.61459],[-2.50201,52.62946],[-2.51274,52.64065],[-2.54846,52.6547],[-2.55565,52.67108],[-2.62255,52.69902],[-2.59742,52.71824],[-2.62429,52.71949],[-2.63024,52.72625],[-2.66412,52.73628],[-2.66342,52.76043],[-2.64313,52.76707],[-2.63234,52.75957],[-2.62101,52.77651],[-2.59225,52.77683],[-2.59801,52.79795],[-2.58279,52.80561],[-2.56132,52.79902],[-2.5514,52.80232],[-2.53381,52.7941],[-2.53752,52.78509],[-2.52199,52.79894],[-2.50303,52.79659],[-2.48651,52.80523],[-2.48838,52.80041],[-2.47712,52.79936],[-2.48965,52.78292],[-2.47263,52.78044],[-2.45627,52.78411],[-2.47296,52.82043],[-2.44048,52.82076],[-2.43021,52.82814],[-2.41635,52.82699],[-2.37766,52.81163],[-2.37142,52.79527],[-2.38562,52.7907],[-2.36586,52.78319],[-2.36887,52.77729],[-2.33013,52.75794]]]]},"properties":{"name":"Telford and Wrekin","public_name":"Telford and Wrekin","region":"West Midlands","public_region":"Midlands"}},{"type":"Feature","geometry":{"type":"MultiPolygon","coordinates":[[[[0.52216,51.51596],[0.54124,51.51256],[0.50814,51.50519],[0.45557,51.50684],[0.44068,51.50177],[0.44557,51.49818],[0.43429,51.46194],[0.35899,51.45113],[0.34082,51.45233],[0.3229,51.47328],[0.29778,51.47218],[0.28137,51.4614],[0.21094,51.4899],[0.22994,51.49936],[0.2266,51.50659],[0.24199,51.50797],[0.23715,51.51933],[0.24488,51.51876],[0.24894,51.52867],[0.2538,51.51789],[0.26365,51.51787],[0.26532,51.53215],[0.334,51.5405],[0.31301,51.56582],[0.38171,51.56703],[0.39178,51.56721],[0.3935,51.55765],[0.41725,51.55717],[0.42766,51.54513],[0.46159,51.55369],[0.46673,51.54672],[0.48481,51.54787],[0.50711,51.53751],[0.52216,51.51596]]]]},"properties":{"name":"Thurrock","public_name":"Thurrock","region":"East of England","public_region":"Anglian"}},{"type":"Feature","geometry":{"type":"MultiPolygon","coordinates":[[[[-3.5355,50.46269],[-3.55715,50.44255],[-3.55495,50.40654],[-3.51953,50.40317],[-3.51178,50.39594],[-3.50514,50.39998],[-3.51297,50.40569],[-3.48231,50.40013],[-3.50319,50.38886],[-3.49627,50.38148],[-3.50764,50.37949],[-3.54424,50.3735],[-3.57471,50.39412],[-3.57983,50.41022],[-3.61321,50.41451],[-3.6284,50.43434],[-3.61276,50.44698],[-3.58865,50.45063],[-3.58423,50.47774],[-3.56977,50.49072],[-3.56476,50.48698],[-3.55995,50.49489],[-3.54361,50.49747],[-3.51998,50.51106],[-3.52089,50.5177],[-3.50902,50.51653],[-3.51482,50.48187],[-3.48059,50.46353],[-3.51596,50.45381],[-3.5355,50.46269]]]]},"properties":{"name":"Torbay","public_name":"Torbay","region":"South West","public_region":"South West"}},{"type":"Feature","geometry":{"type":"MultiPolygon","coordinates":[[[[-2.98928,51.62876],[-3.00039,51.61947],[-3.01954,51.61653],[-3.04718,51.62252],[-3.04504,51.60667],[-3.08157,51.61964],[-3.10207,51.63132],[-3.0749,51.65225],[-3.07166,51.67417],[-3.08442,51.68836],[-3.10197,51.68209],[-3.11557,51.68512],[-3.10601,51.72051],[-3.11517,51.75738],[-3.10603,51.76132],[-3.14386,51.78605],[-3.13413,51.79277],[-3.10836,51.79626],[-3.05883,51.78362],[-3.04349,51.77045],[-3.05062,51.76237],[-3.02765,51.74534],[-3.03274,51.72398],[-3.02545,51.7181],[-3.00282,51.72131],[-2.98245,51.71392],[-3.00197,51.69085],[-2.96961,51.69302],[-2.97945,51.67363],[-2.99003,51.6801],[-3.00162,51.67779],[-3.00349,51.66906],[-2.97763,51.65268],[-2.97315,51.63402],[-2.95386,51.63017],[-2.96382,51.6252],[-2.98928,51.62876]]]]},"properties":{"name":"Torfaen","public_name":"Torfaen","region":"Wales","public_region":"Wales"}},{"type":"Feature","geometry":{"type":"MultiPolygon","coordinates":[[[[-1.35555,54.8774],[-1.34744,54.86062],[-1.36867,54.85769],[-1.38165,54.84715],[-1.41357,54.84485],[-1.413,54.8233],[-1.42253,54.80317],[-1.43752,54.80052],[-1.4935,54.79999],[-1.48184,54.80964],[-1.50356,54.83747],[-1.50764,54.8504],[-1.50666,54.87113],[-1.53195,54.87818],[-1.5618,54.87571],[-1.56097,54.88343],[-1.5799,54.87776],[-1.59415,54.90201],[-1.64542,54.8788],[-1.65,54.89362],[-1.65994,54.89066],[-1.67812,54.89984],[-1.67477,54.90955],[-1.69168,54.90259],[-1.6984,54.90899],[-1.7249,54.90879],[-1.73758,54.91869],[-1.7681,54.90691],[-1.78175,54.91153],[-1.79492,54.90354],[-1.821,54.90565],[-1.85265,54.9174],[-1.84114,54.92972],[-1.82694,54.93022],[-1.83369,54.95329],[-1.82335,54.95548],[-1.8128,54.97631],[-1.80272,54.9788],[-1.78496,54.98452],[-1.76984,54.98138],[-1.7738,55.00396],[-1.75655,55.00326],[-1.75023,55.02401],[-1.6949,55.04289],[-1.69791,55.05237],[-1.71053,55.05274],[-1.71375,55.06547],[-1.7046,55.07093],[-1.64767,55.07938],[-1.63931,55.06438],[-1.57853,55.06307],[-1.57507,55.05561],[-1.55617,55.05423],[-1.53985,55.06158],[-1.53233,55.05414],[-1.51027,55.055],[-1.50862,55.04801],[-1.4878,55.05358],[-1.4923,55.06598],[-1.46176,55.07431],[-1.42988,55.03049],[-1.40279,55.01449],[-1.42983,55.01322],[-1.45329,54.98981],[-1.53083,54.98401],[-1.44951,54.98433],[-1.42389,55.00816],[-1.41865,55.00326],[-1.40099,55.01137],[-1.41226,55.00043],[-1.36073,54.97132],[-1.3532,54.95756],[-1.37567,54.9369],[-1.36396,54.94411],[-1.3661,54.92609],[-1.35228,54.92126],[-1.3634,54.92273],[-1.37087,54.91176],[-1.35274,54.91916],[-1.35038,54.90589],[-1.36163,54.89829],[-1.35555,54.8774]]]]},"properties":{"name":"Tyne and Wear","public_name":"Tyne and Wear","region":"North East","public_region":"North East"}},{"type":"Feature","geometry":{"type":"MultiPolygon","coordinates":[[[[-3.17112,51.41991],[-3.16959,51.40624],[-3.1876,51.40006],[-3.2241,51.40368],[-3.2789,51.38539],[-3.28398,51.39369],[-3.2895,51.38596],[-3.31099,51.39257],[-3.34089,51.38119],[-3.40516,51.38135],[-3.41495,51.38777],[-3.55895,51.40133],[-3.59264,51.43772],[-3.63336,51.45716],[-3.64152,51.46797],[-3.612,51.48089],[-3.55475,51.49277],[-3.53284,51.48161],[-3.53944,51.49103],[-3.52752,51.49371],[-3.5296,51.50136],[-3.4975,51.51264],[-3.46786,51.51502],[-3.43834,51.50646],[-3.41105,51.50676],[-3.40194,51.49904],[-3.37848,51.51272],[-3.33684,51.509],[-3.31156,51.50714],[-3.29837,51.49991],[-3.27143,51.46526],[-3.24804,51.46455],[-3.21805,51.47464],[-3.18456,51.44774],[-3.16724,51.44538],[-3.17112,51.41991]]]]},"properties":{"name":"Vale of Glamorgan","public_name":"Vale of Glamorgan","region":"Wales","public_region":"Wales"}},{"type":"Feature","geometry":{"type":"MultiPolygon","coordinates":[[[[-2.47833,53.39623],[-2.42784,53.38892],[-2.42749,53.37589],[-2.43988,53.36665],[-2.48688,53.36789],[-2.52105,53.34788],[-2.5184,53.34237],[-2.56309,53.32306],[-2.58629,53.32938],[-2.59523,53.32244],[-2.6175,53.32957],[-2.60661,53.34298],[-2.63139,53.34605],[-2.63062,53.36403],[-2.67464,53.35365],[-2.66337,53.36711],[-2.67449,53.35675],[-2.69338,53.3618],[-2.69063,53.38537],[-2.67626,53.38761],[-2.66346,53.42884],[-2.6753,53.43294],[-2.66871,53.44106],[-2.68207,53.43887],[-2.67717,53.45274],[-2.63884,53.44426],[-2.62741,53.43437],[-2.59673,53.44246],[-2.59874,53.45036],[-2.58533,53.43976],[-2.57674,53.44604],[-2.57025,53.45848],[-2.54908,53.46147],[-2.55264,53.4678],[-2.49634,53.48091],[-2.48961,53.45956],[-2.45163,53.42679],[-2.44938,53.41587],[-2.47833,53.39623]]]]},"properties":{"name":"Warrington","public_name":"Warrington","region":"North West","public_region":"North West"}},{"type":"Feature","geometry":{"type":"MultiPolygon","coordinates":[[[[-1.23301,52.25324],[-1.25449,52.24755],[-1.26691,52.23523],[-1.28466,52.23856],[-1.27529,52.222],[-1.26093,52.21598],[-1.25483,52.1992],[-1.28121,52.19194],[-1.31315,52.19045],[-1.33088,52.16822],[-1.34872,52.13512],[-1.36616,52.13606],[-1.39332,52.11895],[-1.37086,52.11752],[-1.35779,52.1013],[-1.38542,52.09413],[-1.42498,52.11826],[-1.45347,52.11299],[-1.4472,52.09761],[-1.47712,52.10135],[-1.50187,52.07161],[-1.49737,52.05894],[-1.52284,51.99683],[-1.52794,51.99174],[-1.54176,51.99642],[-1.55724,51.99165],[-1.54969,51.98085],[-1.58059,51.97299],[-1.60031,51.97693],[-1.59165,51.97044],[-1.61236,51.95539],[-1.6699,51.99308],[-1.61875,52.02907],[-1.62443,52.03897],[-1.66388,52.03126],[-1.69399,52.03952],[-1.68865,52.05182],[-1.70515,52.05969],[-1.70174,52.0728],[-1.71297,52.06657],[-1.73068,52.07339],[-1.72857,52.10011],[-1.73855,52.09139],[-1.75019,52.09488],[-1.76766,52.11258],[-1.75741,52.11593],[-1.79101,52.12018],[-1.78556,52.13204],[-1.80844,52.13986],[-1.82323,52.13637],[-1.82336,52.14591],[-1.83968,52.1527],[-1.8542,52.13851],[-1.86694,52.153],[-1.88911,52.15634],[-1.89424,52.14824],[-1.88498,52.14713],[-1.90325,52.13344],[-1.92189,52.15299],[-1.94431,52.15532],[-1.93549,52.16954],[-1.96197,52.17072],[-1.94136,52.17781],[-1.93655,52.20256],[-1.9173,52.21895],[-1.93462,52.252],[-1.93741,52.27614],[-1.91598,52.27502],[-1.90081,52.28348],[-1.88632,52.28675],[-1.87524,52.30424],[-1.88094,52.31092],[-1.86668,52.31824],[-1.86484,52.33308],[-1.88898,52.36108],[-1.87204,52.36758],[-1.80781,52.36659],[-1.77576,52.34795],[-1.77923,52.36452],[-1.76281,52.36426],[-1.74358,52.35536],[-1.73524,52.37005],[-1.72027,52.37256],[-1.71856,52.35572],[-1.69389,52.351],[-1.68433,52.36322],[-1.6609,52.36565],[-1.64843,52.35673],[-1.62341,52.36553],[-1.60024,52.38877],[-1.56781,52.38476],[-1.55242,52.36388],[-1.52466,52.37938],[-1.51392,52.36905],[-1.50451,52.37779],[-1.46402,52.37325],[-1.46314,52.37965],[-1.43267,52.39502],[-1.43806,52.41024],[-1.42395,52.43289],[-1.45805,52.45532],[-1.46202,52.45782],[-1.49282,52.45842],[-1.50481,52.45],[-1.53504,52.45946],[-1.5398,52.46478],[-1.5612,52.45521],[-1.59493,52.46067],[-1.5955,52.4559],[-1.6243,52.46356],[-1.64141,52.44333],[-1.66229,52.44428],[-1.6666,52.43546],[-1.67716,52.43634],[-1.75353,52.51295],[-1.75382,52.5212],[-1.72886,52.52445],[-1.74909,52.53141],[-1.75601,52.55537],[-1.77424,52.56461],[-1.76355,52.57096],[-1.77884,52.5758],[-1.78809,52.58785],[-1.74241,52.59431],[-1.72932,52.58792],[-1.70395,52.58762],[-1.66565,52.59223],[-1.64887,52.59859],[-1.63602,52.6196],[-1.64413,52.62077],[-1.64243,52.64092],[-1.63295,52.64356],[-1.64495,52.6575],[-1.60427,52.6737],[-1.58965,52.68724],[-1.55319,52.66868],[-1.54243,52.65361],[-1.547,52.64225],[-1.57137,52.63511],[-1.56694,52.62063],[-1.55447,52.61472],[-1.56077,52.59614],[-1.52716,52.58272],[-1.52288,52.57058],[-1.45923,52.55196],[-1.41736,52.53444],[-1.3251,52.50102],[-1.30596,52.49338],[-1.20134,52.39646],[-1.17214,52.36128],[-1.17499,52.35627],[-1.22139,52.34961],[-1.26228,52.33428],[-1.26537,52.32834],[-1.20925,52.31519],[-1.2338,52.29031],[-1.22358,52.28682],[-1.21575,52.26636],[-1.23301,52.25324]]]]},"properties":{"name":"Warwickshire","public_name":"Warwickshire","region":"West Midlands","public_region":"Midlands"}},{"type":"Feature","geometry":{"type":"MultiPolygon","coordinates":[[[[-0.99979,51.41275],[-1.01191,51.39287],[-0.98172,51.37563],[-0.99184,51.36659],[-0.98614,51.36285],[-1.05004,51.35815],[-1.08664,51.38391],[-1.11548,51.37421],[-1.11581,51.36047],[-1.13861,51.35719],[-1.17692,51.35732],[-1.25116,51.37204],[-1.27604,51.36735],[-1.31872,51.37295],[-1.35047,51.36722],[-1.41109,51.37285],[-1.42846,51.35669],[-1.44413,51.35493],[-1.44495,51.34812],[-1.42185,51.3359],[-1.49831,51.32938],[-1.48574,51.34775],[-1.50062,51.35627],[-1.49547,51.36967],[-1.51342,51.37205],[-1.55562,51.39559],[-1.553,51.41004],[-1.56229,51.40824],[-1.57094,51.41531],[-1.56513,51.42204],[-1.52664,51.42393],[-1.52401,51.44748],[-1.55954,51.46974],[-1.58342,51.49584],[-1.58472,51.52491],[-1.5812,51.53699],[-1.55502,51.55337],[-1.53097,51.54607],[-1.5167,51.55118],[-1.47076,51.52861],[-1.46444,51.53852],[-1.44785,51.53643],[-1.42661,51.5456],[-1.42278,51.53576],[-1.40488,51.54723],[-1.3838,51.54042],[-1.36734,51.55247],[-1.34262,51.54364],[-1.32874,51.56371],[-1.28758,51.55285],[-1.26068,51.53779],[-1.22681,51.53516],[-1.20487,51.53761],[-1.20467,51.52839],[-1.14039,51.54291],[-1.13447,51.53372],[-1.14208,51.51619],[-1.11289,51.50936],[-1.1028,51.49017],[-1.08838,51.48575],[-1.05137,51.49186],[-1.03983,51.48664],[-1.03658,51.47522],[-1.05299,51.46037],[-1.04921,51.45141],[-1.03406,51.45273],[-1.02164,51.43571],[-1.00374,51.43389],[-0.99979,51.41275]]]]},"properties":{"name":"West Berkshire","public_name":"West Berkshire","region":"South East","public_region":"Thames"}},{"type":"Feature","geometry":{"type":"MultiPolygon","coordinates":[[[[-1.6898,51.21477],[-1.69411,51.20405],[-1.66885,51.19078],[-1.67238,51.17855],[-1.654,51.15597],[-1.66299,51.1272],[-1.62626,51.11734],[-1.63732,51.09215],[-1.62775,51.07814],[-1.63497,51.04089],[-1.63239,51.03278],[-1.59941,51.02373],[-1.60538,51.01726],[-1.59754,51.00806],[-1.6091,51.00982],[-1.61494,51.00666],[-1.60609,51.0019],[-1.6289,50.99904],[-1.61965,50.983],[-1.60293,50.97852],[-1.61976,50.95857],[-1.62341,50.95464],[-1.63498,50.95925],[-1.66167,50.94529],[-1.68942,50.9547],[-1.71963,50.97679],[-1.75441,50.9779],[-1.80032,50.9914],[-1.81543,50.98593],[-1.83582,51.00943],[-1.85339,51.00469],[-1.87399,50.98445],[-1.87449,51.00634],[-1.88675,50.99953],[-1.92789,50.9977],[-1.94994,50.98232],[-1.95666,50.98638],[-1.96537,50.99204],[-1.99404,50.97573],[-2.03657,50.97218],[-2.05833,50.96365],[-2.06729,50.95183],[-2.10287,50.94561],[-2.12062,50.96143],[-2.11977,50.9782],[-2.17257,51.00108],[-2.19285,51.03734],[-2.24469,51.07232],[-2.26863,51.06875],[-2.32713,51.07977],[-2.36087,51.09902],[-2.36453,51.11888],[-2.34454,51.12468],[-2.34631,51.13052],[-2.30086,51.17413],[-2.26667,51.21554],[-2.26333,51.23261],[-2.24534,51.25388],[-2.24517,51.27253],[-2.2535,51.28984],[-2.26548,51.29624],[-2.27998,51.29223],[-2.27677,51.304],[-2.28499,51.30958],[-2.27196,51.31426],[-2.27775,51.32571],[-2.30093,51.33323],[-2.29641,51.34267],[-2.34428,51.3454],[-2.29206,51.36957],[-2.29677,51.39493],[-2.28182,51.39723],[-2.29086,51.40571],[-2.27854,51.41588],[-2.29462,51.4288],[-2.28527,51.45793],[-2.29575,51.45859],[-2.29056,51.48686],[-2.31143,51.48737],[-2.32433,51.49751],[-2.25211,51.52814],[-2.26651,51.53626],[-2.2603,51.5699],[-2.28275,51.57852],[-2.24512,51.58141],[-2.24187,51.59211],[-2.20743,51.6034],[-2.20656,51.59595],[-2.19002,51.5925],[-2.1795,51.60004],[-2.15254,51.59034],[-2.05718,51.67244],[-2.01498,51.65031],[-1.99518,51.65132],[-1.97734,51.63809],[-1.95227,51.63683],[-1.96307,51.65865],[-1.94207,51.67041],[-1.92091,51.65724],[-1.88841,51.64885],[-1.87663,51.65158],[-1.89902,51.67968],[-1.87389,51.68259],[-1.8505,51.65628],[-1.81603,51.66298],[-1.82318,51.67348],[-1.81195,51.70314],[-1.78863,51.667],[-1.79909,51.6625],[-1.7886,51.63271],[-1.80639,51.63272],[-1.83902,51.61669],[-1.83757,51.58724],[-1.82262,51.58385],[-1.83849,51.58003],[-1.85009,51.5681],[-1.8452,51.56172],[-1.86011,51.56524],[-1.86514,51.55953],[-1.84929,51.55331],[-1.85383,51.5463],[-1.84439,51.54344],[-1.8308,51.51114],[-1.84219,51.52626],[-1.84592,51.51385],[-1.83759,51.50084],[-1.81346,51.50704],[-1.79781,51.48445],[-1.77434,51.48246],[-1.71575,51.48838],[-1.71909,51.50071],[-1.60283,51.51829],[-1.58472,51.52491],[-1.58342,51.49584],[-1.55954,51.46974],[-1.52401,51.44748],[-1.52664,51.42393],[-1.56513,51.42204],[-1.57094,51.41531],[-1.56229,51.40824],[-1.553,51.41004],[-1.55562,51.39559],[-1.51342,51.37205],[-1.49547,51.36967],[-1.50062,51.35627],[-1.48574,51.34775],[-1.49831,51.32938],[-1.52752,51.33847],[-1.53358,51.31623],[-1.51952,51.29594],[-1.52282,51.28706],[-1.5426,51.28125],[-1.54052,51.26084],[-1.52983,51.26052],[-1.53597,51.24862],[-1.54517,51.2451],[-1.57765,51.25563],[-1.60744,51.25277],[-1.63355,51.21752],[-1.6898,51.21477]]]]},"properties":{"name":"Wiltshire","public_name":"Wiltshire","region":"South West","public_region":"South West"}},{"type":"Feature","geometry":{"type":"MultiPolygon","coordinates":[[[[-0.57169,51.45101],[-0.60514,51.43131],[-0.61652,51.39241],[-0.62351,51.38954],[-0.61636,51.38354],[-0.66765,51.38457],[-0.69613,51.41302],[-0.67628,51.43158],[-0.63133,51.41445],[-0.63057,51.44219],[-0.662,51.44432],[-0.65677,51.46149],[-0.67276,51.45785],[-0.68888,51.46696],[-0.71444,51.46714],[-0.72454,51.45614],[-0.76465,51.45972],[-0.76966,51.46776],[-0.78258,51.46869],[-0.80004,51.44118],[-0.8181,51.44319],[-0.83377,51.4641],[-0.8218,51.4726],[-0.82917,51.48783],[-0.81741,51.50723],[-0.85393,51.52607],[-0.84276,51.54476],[-0.79298,51.55136],[-0.77418,51.56701],[-0.75748,51.56481],[-0.71693,51.57719],[-0.71122,51.56432],[-0.69626,51.56508],[-0.69122,51.55682],[-0.70318,51.5111],[-0.68662,51.50739],[-0.66821,51.48917],[-0.6507,51.48586],[-0.63396,51.49239],[-0.64223,51.50063],[-0.62411,51.50413],[-0.60774,51.49728],[-0.60057,51.50233],[-0.56549,51.4914],[-0.56054,51.49724],[-0.5344,51.48684],[-0.52438,51.47153],[-0.54063,51.45785],[-0.52278,51.4353],[-0.57169,51.45101]]]]},"properties":{"name":"Windsor and Maidenhead","public_name":"Windsor and Maidenhead","region":"South East","public_region":"Thames"}},{"type":"Feature","geometry":{"type":"MultiPolygon","coordinates":[[[[-1.43806,52.41024],[-1.43267,52.39502],[-1.46314,52.37965],[-1.46402,52.37325],[-1.50451,52.37779],[-1.51392,52.36905],[-1.52466,52.37938],[-1.55242,52.36388],[-1.56781,52.38476],[-1.60024,52.38877],[-1.62341,52.36553],[-1.64843,52.35673],[-1.6609,52.36565],[-1.68433,52.36322],[-1.69389,52.351],[-1.71856,52.35572],[-1.72027,52.37256],[-1.73524,52.37005],[-1.74358,52.35536],[-1.76281,52.36426],[-1.77923,52.36452],[-1.77576,52.34795],[-1.80781,52.36659],[-1.87204,52.36758],[-1.84548,52.40039],[-1.86866,52.40419],[-1.87836,52.39988],[-1.91368,52.40745],[-1.93432,52.38722],[-1.95362,52.39336],[-1.99827,52.38109],[-2.03365,52.40231],[-1.98604,52.41671],[-2.017,52.43267],[-2.02477,52.43487],[-2.02971,52.42729],[-2.03812,52.42879],[-2.03789,52.44154],[-2.0585,52.44075],[-2.06248,52.42742],[-2.06806,52.43518],[-2.08606,52.43291],[-2.09329,52.44527],[-2.13603,52.42625],[-2.16486,52.43019],[-2.17643,52.45454],[-2.16743,52.47153],[-2.19176,52.50338],[-2.14422,52.51706],[-2.15222,52.52568],[-2.13559,52.53445],[-2.13916,52.54805],[-2.12839,52.55382],[-2.14096,52.55852],[-2.17554,52.55439],[-2.18034,52.57449],[-2.20181,52.57876],[-2.20688,52.58657],[-2.18931,52.58859],[-2.1964,52.6066],[-2.16916,52.60932],[-2.16836,52.61997],[-2.15156,52.62457],[-2.15299,52.62974],[-2.11381,52.63789],[-2.10125,52.63504],[-2.08101,52.61189],[-2.06733,52.61206],[-2.05935,52.62166],[-2.05119,52.62034],[-2.03013,52.61694],[-2.03552,52.62178],[-2.00385,52.63714],[-1.98478,52.63964],[-1.96097,52.6428],[-1.95995,52.66202],[-1.95465,52.66264],[-1.9428,52.65574],[-1.93353,52.66151],[-1.92369,52.65551],[-1.91285,52.65822],[-1.91802,52.64988],[-1.90509,52.64319],[-1.91599,52.63527],[-1.88565,52.61477],[-1.89227,52.59914],[-1.87257,52.58493],[-1.85396,52.60191],[-1.83684,52.60734],[-1.79654,52.59911],[-1.78809,52.58785],[-1.77884,52.5758],[-1.76355,52.57096],[-1.77424,52.56461],[-1.75601,52.55537],[-1.74909,52.53141],[-1.72886,52.52445],[-1.75382,52.5212],[-1.75353,52.51295],[-1.67716,52.43634],[-1.6666,52.43546],[-1.66229,52.44428],[-1.64141,52.44333],[-1.6243,52.46356],[-1.5955,52.4559],[-1.59493,52.46067],[-1.5612,52.45521],[-1.5398,52.46478],[-1.53504,52.45946],[-1.50481,52.45],[-1.49282,52.45842],[-1.46202,52.45782],[-1.45805,52.45532],[-1.42395,52.43289],[-1.43806,52.41024]]]]},"properties":{"name":"West Midlands","public_name":"West Midlands","region":"West Midlands","public_region":"Midlands"}},{"type":"Feature","geometry":{"type":"MultiPolygon","coordinates":[[[[-0.80149,51.40509],[-0.78886,51.37175],[-0.81359,51.37032],[-0.83737,51.35287],[-0.87787,51.35259],[-0.92379,51.36601],[-0.98614,51.36285],[-0.99184,51.36659],[-0.98172,51.37563],[-1.01191,51.39287],[-0.99979,51.41275],[-1.00374,51.43389],[-0.99629,51.41959],[-0.98136,51.42062],[-0.97372,51.40978],[-0.96195,51.41234],[-0.94356,51.42934],[-0.94524,51.44617],[-0.93246,51.44097],[-0.9285,51.44516],[-0.94919,51.45951],[-0.92172,51.46793],[-0.89396,51.49655],[-0.87069,51.50298],[-0.88026,51.51176],[-0.87882,51.52373],[-0.90032,51.53722],[-0.88142,51.56201],[-0.84276,51.54476],[-0.85393,51.52607],[-0.81741,51.50723],[-0.82917,51.48783],[-0.8218,51.4726],[-0.83377,51.4641],[-0.8181,51.44319],[-0.80004,51.44118],[-0.79252,51.40885],[-0.80149,51.40509]]]]},"properties":{"name":"Wokingham","public_name":"Wokingham","region":"South East","public_region":"Thames"}},{"type":"Feature","geometry":{"type":"MultiPolygon","coordinates":[[[[-1.88094,52.31092],[-1.87524,52.30424],[-1.88632,52.28675],[-1.90081,52.28348],[-1.91598,52.27502],[-1.93741,52.27614],[-1.93462,52.252],[-1.9173,52.21895],[-1.93655,52.20256],[-1.94136,52.17781],[-1.96197,52.17072],[-1.93549,52.16954],[-1.94431,52.15532],[-1.92189,52.15299],[-1.90325,52.13344],[-1.88498,52.14713],[-1.89424,52.14824],[-1.88911,52.15634],[-1.86694,52.153],[-1.8542,52.13851],[-1.83968,52.1527],[-1.82336,52.14591],[-1.82323,52.13637],[-1.80844,52.13986],[-1.78556,52.13204],[-1.79101,52.12018],[-1.75741,52.11593],[-1.76766,52.11258],[-1.78968,52.10622],[-1.81275,52.07873],[-1.81895,52.08539],[-1.83176,52.07276],[-1.84663,52.07941],[-1.8534,52.07236],[-1.87442,52.06998],[-1.86289,52.06342],[-1.86346,52.05341],[-1.8346,52.04372],[-1.82503,52.03092],[-1.83906,52.00677],[-1.86155,52.01262],[-1.91346,52.04445],[-1.93174,52.02995],[-1.9514,52.03772],[-1.98415,52.03587],[-2.03837,52.00459],[-2.04952,52.00379],[-2.06077,52.01467],[-2.08488,52.01047],[-2.11163,52.01534],[-2.14187,51.99981],[-2.15079,52.00662],[-2.13958,52.02775],[-2.1161,52.03786],[-2.13372,52.04632],[-2.16141,52.05051],[-2.17139,52.04756],[-2.17689,52.02261],[-2.18769,52.01907],[-2.1643,51.99644],[-2.18076,51.9996],[-2.18509,51.99055],[-2.22062,51.99549],[-2.25137,51.96656],[-2.27056,51.96893],[-2.30044,51.96677],[-2.31262,51.9765],[-2.32657,51.9758],[-2.32611,52.00562],[-2.35255,52.01353],[-2.35138,52.02135],[-2.3383,52.09544],[-2.34912,52.09563],[-2.35609,52.12707],[-2.34461,52.13258],[-2.35872,52.15188],[-2.37932,52.1551],[-2.41487,52.14518],[-2.43518,52.1682],[-2.42201,52.1724],[-2.40787,52.20271],[-2.39268,52.2086],[-2.40405,52.22122],[-2.38435,52.22515],[-2.42307,52.23725],[-2.46486,52.23436],[-2.4747,52.24135],[-2.4681,52.25602],[-2.428,52.2706],[-2.45141,52.28507],[-2.47631,52.28557],[-2.50423,52.27514],[-2.49565,52.25693],[-2.51581,52.25592],[-2.52582,52.24808],[-2.53168,52.25326],[-2.57421,52.25272],[-2.57614,52.24774],[-2.62887,52.24034],[-2.6283,52.26115],[-2.59627,52.2773],[-2.60053,52.28567],[-2.63988,52.28636],[-2.66143,52.30079],[-2.64292,52.30824],[-2.61827,52.30602],[-2.61001,52.30627],[-2.57486,52.31756],[-2.56265,52.31112],[-2.56222,52.33309],[-2.53915,52.34412],[-2.51213,52.3371],[-2.51321,52.3292],[-2.4818,52.33106],[-2.48833,52.35538],[-2.47418,52.3606],[-2.47477,52.36713],[-2.41403,52.36834],[-2.41048,52.38714],[-2.39068,52.38151],[-2.36736,52.38805],[-2.3336,52.38819],[-2.37295,52.40195],[-2.36353,52.43941],[-2.31175,52.43752],[-2.29497,52.44893],[-2.27524,52.44024],[-2.21788,52.43535],[-2.19288,52.42328],[-2.16771,52.42377],[-2.16486,52.43019],[-2.13603,52.42625],[-2.09329,52.44527],[-2.08606,52.43291],[-2.06806,52.43518],[-2.06248,52.42742],[-2.0585,52.44075],[-2.03789,52.44154],[-2.03812,52.42879],[-2.02971,52.42729],[-2.02477,52.43487],[-2.017,52.43267],[-1.98604,52.41671],[-2.03365,52.40231],[-1.99827,52.38109],[-1.95362,52.39336],[-1.93432,52.38722],[-1.91368,52.40745],[-1.87836,52.39988],[-1.86866,52.40419],[-1.84548,52.40039],[-1.87204,52.36758],[-1.88898,52.36108],[-1.86484,52.33308],[-1.86668,52.31824],[-1.88094,52.31092]]]]},"properties":{"name":"Worcestershire","public_name":"Worcestershire","region":"West Midlands","public_region":"Midlands"}},{"type":"Feature","geometry":{"type":"MultiPolygon","coordinates":[[[[-2.80054,52.89545],[-2.84105,52.94255],[-2.88371,52.94667],[-2.88747,52.9525],[-2.92888,52.93865],[-2.95981,52.95117],[-2.97477,52.96894],[-2.98191,52.95924],[-3.01036,52.95425],[-3.03713,52.92868],[-3.0765,52.92547],[-3.09598,52.93032],[-3.1097,52.91833],[-3.11413,52.89397],[-3.14456,52.89301],[-3.17438,52.90156],[-3.19702,52.89088],[-3.20522,52.89309],[-3.23297,52.86703],[-3.27415,52.86703],[-3.29132,52.87086],[-3.30226,52.88215],[-3.32207,52.88207],[-3.34566,52.89254],[-3.37542,52.89473],[-3.34882,52.91629],[-3.35342,52.92196],[-3.32434,52.93183],[-3.31426,52.94684],[-3.29741,52.9431],[-3.23744,52.951],[-3.19797,52.94419],[-3.09707,52.95899],[-3.11069,52.9617],[-3.09292,52.96393],[-3.0903,52.9716],[-3.11128,52.96937],[-3.10516,52.97332],[-3.12229,52.97674],[-3.12063,52.98553],[-3.14877,52.99856],[-3.13082,53.0241],[-3.14776,53.04381],[-3.12923,53.06145],[-3.13007,53.07207],[-3.11184,53.07306],[-3.07134,53.08959],[-3.05871,53.08533],[-3.03494,53.09675],[-3.02756,53.09296],[-3.02915,53.1035],[-3.00767,53.11416],[-3.00533,53.12405],[-2.96381,53.13274],[-2.94367,53.12161],[-2.90339,53.11178],[-2.88127,53.12172],[-2.90178,53.09158],[-2.87588,53.0816],[-2.88175,53.07458],[-2.86146,53.0607],[-2.87171,53.05743],[-2.85924,53.05424],[-2.87009,53.04537],[-2.85572,53.03725],[-2.86101,53.02279],[-2.84406,53.01761],[-2.83603,52.99713],[-2.80331,52.98958],[-2.78929,52.99576],[-2.76681,52.99464],[-2.7598,52.98637],[-2.72741,52.98396],[-2.73532,52.97],[-2.72415,52.95675],[-2.72854,52.92516],[-2.75533,52.92461],[-2.80054,52.89545]]]]},"properties":{"name":"Wrexham","public_name":"Wrexham","region":"Wales","public_region":"Wales"}},{"type":"Feature","geometry":{"type":"MultiPolygon","coordinates":[[[[0.00948,51.1104],[0.01044,51.10219],[-0.03622,51.09346],[-0.02688,51.07512],[-0.01328,51.07397],[-0.00858,51.05646],[0.0137,51.05702],[-0.00303,51.04757],[-0.00159,51.03576],[-0.02194,51.02652],[-0.01581,51.00259],[-0.02463,50.98003],[-0.03633,50.97719],[-0.06129,50.97839],[-0.07055,50.99135],[-0.08385,50.99072],[-0.09318,50.97923],[-0.10884,50.98025],[-0.11644,50.96722],[-0.10555,50.96441],[-0.10545,50.94312],[-0.12,50.9417],[-0.13504,50.88664],[-0.16816,50.88075],[-0.16589,50.89234],[-0.17784,50.89048],[-0.18776,50.86858],[-0.20266,50.87586],[-0.21391,50.87047],[-0.22675,50.87819],[-0.23927,50.86789],[-0.245,50.86382],[-0.21608,50.82753],[-0.24658,50.82552],[-0.25171,50.83026],[-0.24806,50.82473],[-0.2779,50.82694],[-0.33272,50.81745],[-0.43602,50.80321],[-0.54203,50.80025],[-0.70144,50.77786],[-0.75257,50.75819],[-0.76075,50.76964],[-0.78165,50.76848],[-0.78688,50.75991],[-0.77282,50.76165],[-0.76182,50.75087],[-0.75353,50.75725],[-0.78603,50.72269],[-0.84288,50.75357],[-0.91684,50.78039],[-0.91233,50.78898],[-0.91564,50.78045],[-0.90492,50.78229],[-0.87829,50.8076],[-0.84475,50.7993],[-0.82542,50.80448],[-0.80781,50.83055],[-0.81385,50.83389],[-0.81938,50.81739],[-0.8427,50.80476],[-0.86883,50.81386],[-0.85117,50.82784],[-0.86121,50.82801],[-0.85948,50.83994],[-0.87091,50.84048],[-0.86578,50.82697],[-0.87683,50.8115],[-0.89233,50.81852],[-0.89505,50.83859],[-0.91322,50.84009],[-0.91242,50.82772],[-0.92052,50.83364],[-0.93512,50.83027],[-0.9322,50.84343],[-0.92647,50.8641],[-0.93862,50.87373],[-0.9576,50.89064],[-0.94002,50.9183],[-0.92403,50.92421],[-0.94213,50.9429],[-0.93186,50.94559],[-0.90794,50.9941],[-0.8934,51.00271],[-0.89708,51.02193],[-0.85283,51.04485],[-0.84287,51.06689],[-0.83144,51.06852],[-0.81993,51.06069],[-0.81452,51.06669],[-0.79803,51.06351],[-0.78081,51.07938],[-0.7535,51.08646],[-0.72531,51.07817],[-0.70647,51.07867],[-0.69677,51.0715],[-0.62911,51.08901],[-0.60067,51.07967],[-0.57762,51.08666],[-0.53921,51.08203],[-0.535,51.09358],[-0.50639,51.08827],[-0.48854,51.09734],[-0.45052,51.1003],[-0.44122,51.10326],[-0.43846,51.09791],[-0.41923,51.10521],[-0.39155,51.11651],[-0.30037,51.12474],[-0.25464,51.13905],[-0.2552,51.14414],[-0.21426,51.14847],[-0.21217,51.15546],[-0.17674,51.16685],[-0.16092,51.15983],[-0.14039,51.16042],[-0.13316,51.15923],[-0.1376,51.14216],[-0.07634,51.1423],[-0.05635,51.13677],[0.02733,51.13985],[0.02812,51.11772],[0.04453,51.11065],[0.01859,51.10358],[0.00948,51.1104]]],[[[-0.90786,50.81691],[-0.91158,50.80332],[-0.94255,50.81534],[-0.93971,50.83011],[-0.91208,50.82738],[-0.90786,50.81691]]]]},"properties":{"name":"West Sussex","public_name":"West Sussex","region":"South East","public_region":"Southern"}},{"type":"Feature","geometry":{"type":"MultiPolygon","coordinates":[[[[-1.25537,53.64478],[-1.23284,53.62109],[-1.22789,53.61733],[-1.24818,53.61627],[-1.24722,53.60075],[-1.2577,53.59983],[-1.25808,53.59198],[-1.30767,53.5754],[-1.34608,53.58032],[-1.35143,53.58106],[-1.35616,53.59535],[-1.37668,53.60646],[-1.40021,53.59864],[-1.44681,53.6128],[-1.48383,53.59481],[-1.49507,53.60317],[-1.49656,53.59735],[-1.51869,53.59969],[-1.53614,53.59362],[-1.54736,53.60319],[-1.58998,53.6071],[-1.58799,53.59351],[-1.60174,53.58775],[-1.5962,53.57697],[-1.6157,53.56303],[-1.66099,53.55966],[-1.66198,53.55363],[-1.72317,53.55986],[-1.74133,53.54113],[-1.77188,53.53384],[-1.80428,53.537],[-1.82223,53.52108],[-1.84162,53.51982],[-1.87349,53.54041],[-1.89411,53.5336],[-1.90962,53.53837],[-1.91289,53.55163],[-1.94273,53.56163],[-1.94811,53.57283],[-2.00947,53.61676],[-2.02304,53.61582],[-2.02687,53.62423],[-2.03,53.63615],[-2.04114,53.64083],[-2.0371,53.66233],[-2.05439,53.67302],[-2.05124,53.68368],[-2.08253,53.67824],[-2.09291,53.67014],[-2.11809,53.67123],[-2.13413,53.68572],[-2.14259,53.67798],[-2.14814,53.68199],[-2.14515,53.69203],[-2.16258,53.69921],[-2.17329,53.723],[-2.14535,53.73608],[-2.12952,53.75458],[-2.13636,53.78009],[-2.12482,53.78804],[-2.12836,53.79902],[-2.11228,53.80569],[-2.06125,53.82562],[-2.04692,53.8295],[-2.04613,53.85013],[-2.02163,53.87148],[-1.98236,53.86885],[-1.97935,53.90116],[-1.95257,53.90352],[-1.97686,53.9264],[-1.96307,53.93339],[-1.96617,53.95155],[-1.95068,53.95673],[-1.92798,53.95044],[-1.90627,53.95836],[-1.89314,53.95537],[-1.87951,53.96282],[-1.8704,53.95442],[-1.86083,53.93289],[-1.8362,53.93141],[-1.84769,53.94076],[-1.80509,53.93901],[-1.79801,53.9297],[-1.78244,53.92943],[-1.77608,53.92152],[-1.74562,53.92299],[-1.72721,53.91018],[-1.71795,53.90853],[-1.70708,53.91912],[-1.68702,53.91637],[-1.68462,53.91057],[-1.65508,53.91247],[-1.65167,53.90565],[-1.62053,53.90338],[-1.59999,53.90976],[-1.58685,53.90124],[-1.58289,53.90934],[-1.56773,53.91078],[-1.55127,53.90303],[-1.5485,53.91093],[-1.49467,53.91532],[-1.46296,53.90598],[-1.43998,53.91397],[-1.43393,53.91035],[-1.43355,53.92634],[-1.40671,53.92783],[-1.40919,53.93545],[-1.39718,53.94252],[-1.3404,53.94587],[-1.34471,53.93948],[-1.30696,53.93441],[-1.30899,53.92408],[-1.29418,53.92705],[-1.30731,53.92148],[-1.2972,53.92166],[-1.30058,53.90747],[-1.31388,53.90499],[-1.32178,53.9029],[-1.3126,53.8653],[-1.35297,53.85673],[-1.32655,53.84041],[-1.33609,53.83357],[-1.30362,53.81652],[-1.31487,53.80954],[-1.31381,53.78154],[-1.29035,53.76347],[-1.29494,53.75545],[-1.31224,53.75587],[-1.31535,53.74366],[-1.30204,53.74171],[-1.27186,53.72479],[-1.26842,53.71486],[-1.23002,53.71486],[-1.22607,53.70987],[-1.21981,53.7144],[-1.21844,53.70708],[-1.19881,53.70071],[-1.19901,53.69487],[-1.24442,53.69241],[-1.25537,53.64478]]]]},"properties":{"name":"W Yorkshire","public_name":"West Yorkshire","region":"Yorkshire and The Humber","public_region":"North East"}},{"type":"Feature","geometry":{"type":"MultiPolygon","coordinates":[[[[-0.92772,53.93084],[-0.92167,53.92121],[-0.94951,53.89383],[-0.91967,53.88928],[-0.92938,53.87925],[-0.93443,53.8798],[-0.94407,53.8881],[-0.99283,53.87519],[-1.0082,53.88998],[-1.06495,53.87457],[-1.09119,53.8858],[-1.10533,53.87582],[-1.13648,53.89579],[-1.15439,53.89591],[-1.16491,53.91056],[-1.19949,53.92533],[-1.2221,53.97932],[-1.20031,53.98901],[-1.1821,53.98533],[-1.19193,54.0005],[-1.1755,54.00218],[-1.1519,53.98916],[-1.13699,53.99107],[-1.14908,54.00293],[-1.14079,54.02984],[-1.12027,54.02903],[-1.09427,54.04661],[-1.05872,54.04783],[-1.0606,54.05676],[-1.01437,54.04931],[-1.0022,54.05529],[-0.96684,54.02296],[-0.97541,54.00473],[-0.97192,53.99668],[-0.99483,53.98305],[-0.92529,53.9915],[-0.9341,53.96865],[-0.9212,53.9604],[-0.92772,53.93084]]]]},"properties":{"name":"York","public_name":"York","region":"Yorkshire and The Humber","public_region":"North East"}}]}