{"type":"FeatureCollection", "features": [
{"type":"Feature","geometry":{"type":"MultiPolygon","coordinates":[[[[-4.469,50.9243],[-4.4754,50.9372],[-4.4846,50.937],[-4.4948,50.9341],[-4.5059,50.9365],[-4.5177,50.9304],[-4.5326,50.9301],[-4.5452,50.9329],[-4.5461,50.9285],[-4.5524,50.9255],[-4.5611,50.9178],[-4.5653,50.9108],[-4.5654,50.8985],[-4.5612,50.8921],[-4.5668,50.8854],[-4.5598,50.8796],[-4.5574,50.8672],[-4.5558,50.849],[-4.556,50.8371],[-4.5537,50.832],[-4.5588,50.825],[-4.5566,50.8227],[-4.5575,50.8073],[-4.5596,50.8061],[-4.5569,50.7967],[-4.5581,50.7885],[-4.5622,50.7814],[-4.5725,50.7769],[-4.5752,50.7725],[-4.5813,50.7717],[-4.5905,50.7661],[-4.6036,50.7644],[-4.6127,50.761],[-4.62,50.7512],[-4.6336,50.7498],[-4.6344,50.7424],[-4.6407,50.7385],[-4.6497,50.7397],[-4.6519,50.7355],[-4.6495,50.7318],[-4.6504,50.7263],[-4.6546,50.7229],[-4.656,50.7152],[-4.6814,50.7044],[-4.6855,50.6996],[-4.6838,50.6953],[-4.6989,50.6943],[-4.7023,50.6904],[-4.7177,50.6836],[-4.7226,50.6853],[-4.728,50.6816],[-4.7289,50.6767],[-4.735,50.6718],[-4.7414,50.6742],[-4.7531,50.6709],[-4.7578,50.672],[-4.7648,50.6698],[-4.7609,50.6653],[-4.7662,50.6592],[-4.7667,50.655],[-4.7588,50.6528],[-4.7618,50.6446],[-4.7672,50.6433],[-4.768,50.6359],[-4.7727,50.6289],[-4.771,50.6224],[-4.7829,50.6124],[-4.7824,50.61],[-4.7884,50.6028],[-4.7968,50.5981],[-4.8185,50.5957],[-4.8422,50.5944],[-4.8476,50.5983],[-4.8556,50.5964],[-4.8602,50.5931],[-4.8707,50.5951],[-4.8753,50.5871],[-4.8813,50.5863],[-4.8883,50.5825],[-4.8969,50.5858],[-4.908,50.5847],[-4.916,50.5883],[-4.9193,50.5924],[-4.9312,50.5886],[-4.9348,50.5861],[-4.9258,50.5832],[-4.9158,50.5761],[-4.9254,50.5717],[-4.9313,50.5643],[-4.9263,50.5617],[-4.9297,50.553],[-4.9269,50.5453],[-4.9148,50.5434],[-4.9139,50.5369],[-4.8969,50.531],[-4.8873,50.5349],[-4.8586,50.5345],[-4.8483,50.5306],[-4.8536,50.5286],[-4.8617,50.5297],[-4.8866,50.53],[-4.8995,50.5261],[-4.9108,50.5307],[-4.9246,50.5312],[-4.9311,50.5302],[-4.9363,50.5419],[-4.9344,50.5462],[-4.9399,50.5539],[-4.9491,50.5555],[-4.9448,50.5684],[-4.9519,50.5692],[-4.9554,50.5635],[-4.9652,50.5584],[-4.9725,50.5575],[-4.9778,50.5491],[-4.978,50.5454],[-4.988,50.5424],[-4.9946,50.543],[-5.0019,50.5406],[-5.0041,50.5464],[-5.0156,50.5442],[-5.0207,50.546],[-5.0244,50.5513],[-5.0367,50.5495],[-5.0346,50.5436],[-5.0268,50.5415],[-5.023,50.5323],[-5.0243,50.5272],[-5.0295,50.5247],[-5.0285,50.5113],[-5.0356,50.5045],[-5.0427,50.5025],[-5.0404,50.4965],[-5.0353,50.4938],[-5.0338,50.4837],[-5.0398,50.474],[-5.0331,50.4693],[-5.0418,50.4655],[-5.0431,50.4588],[-5.0401,50.4506],[-5.0444,50.4417],[-5.0563,50.4293],[-5.0585,50.4241],[-5.0664,50.4247],[-5.0782,50.4154],[-5.0864,50.4157],[-5.0882,50.4207],[-5.0978,50.4191],[-5.1037,50.4126],[-5.1131,50.4136],[-5.1116,50.4095],[-5.123,50.4047],[-5.1296,50.4049],[-5.1339,50.4084],[-5.1401,50.4033],[-5.1478,50.4051],[-5.1487,50.4003],[-5.1431,50.3949],[-5.147,50.3905],[-5.1571,50.388],[-5.1524,50.3844],[-5.1527,50.3807],[-5.147,50.3748],[-5.1538,50.3518],[-5.1558,50.3476],[-5.1684,50.3444],[-5.1722,50.341],[-5.1816,50.3404],[-5.1807,50.3342],[-5.1901,50.3322],[-5.1921,50.3274],[-5.201,50.3206],[-5.2062,50.3219],[-5.2258,50.3203],[-5.2354,50.3184],[-5.2339,50.3049],[-5.2415,50.2937],[-5.2422,50.2887],[-5.2513,50.2818],[-5.2618,50.2792],[-5.2629,50.2753],[-5.2781,50.2741],[-5.2847,50.2659],[-5.292,50.2623],[-5.3022,50.2607],[-5.3107,50.2571],[-5.3144,50.2499],[-5.3183,50.2493],[-5.3286,50.2426],[-5.3441,50.2379],[-5.3576,50.2402],[-5.3682,50.2363],[-5.3738,50.2375],[-5.3779,50.244],[-5.385,50.2401],[-5.3947,50.2409],[-5.3913,50.2305],[-5.3941,50.2255],[-5.4034,50.2146],[-5.4116,50.208],[-5.4276,50.1997],[-5.4347,50.1928],[-5.4222,50.1888],[-5.4368,50.1759],[-5.4406,50.1787],[-5.4314,50.1876],[-5.437,50.1932],[-5.4532,50.1952],[-5.4692,50.1998],[-5.4701,50.207],[-5.4773,50.2096],[-5.4797,50.2166],[-5.4862,50.2148],[-5.5008,50.218],[-5.5098,50.2177],[-5.514,50.2154],[-5.5326,50.2141],[-5.5387,50.2161],[-5.5437,50.2117],[-5.5486,50.2119],[-5.5538,50.2074],[-5.5697,50.1986],[-5.5756,50.201],[-5.5893,50.192],[-5.5979,50.1906],[-5.6216,50.1767],[-5.629,50.168],[-5.652,50.1677],[-5.6586,50.1637],[-5.6713,50.1668],[-5.6724,50.1632],[-5.6798,50.1592],[-5.6811,50.1562],[-5.692,50.15],[-5.6946,50.1459],[-5.694,50.1379],[-5.7049,50.1348],[-5.7022,50.1308],[-5.7077,50.1289],[-5.702,50.1204],[-5.6977,50.1112],[-5.6974,50.0987],[-5.6893,50.0921],[-5.6925,50.0831],[-5.6988,50.0782],[-5.709,50.0775],[-5.7095,50.0711],[-5.7161,50.0677],[-5.7148,50.0629],[-5.7095,50.0602],[-5.7056,50.0549],[-5.6941,50.0542],[-5.6908,50.0446],[-5.68,50.0353],[-5.6583,50.0394],[-5.6546,50.0378],[-5.6487,50.0436],[-5.6433,50.0443],[-5.6373,50.0415],[-5.6284,50.0443],[-5.6218,50.0494],[-5.6258,50.056],[-5.6406,50.0574],[-5.6401,50.0608],[-5.6312,50.0671],[-5.631,50.0694],[-5.6205,50.0783],[-5.629,50.0802],[-5.6328,50.0846],[-5.631,50.0883],[-5.6375,50.0903],[-5.6422,50.0971],[-5.648,50.0999],[-5.6463,50.1051],[-5.641,50.1095],[-5.6452,50.118],[-5.642,50.1221],[-5.6351,50.1237],[-5.6321,50.1307],[-5.6375,50.1362],[-5.6382,50.1454],[-5.6276,50.1536],[-5.6201,50.1565],[-5.6141,50.1612],[-5.6138,50.1653],[-5.5949,50.1663],[-5.593,50.1592],[-5.5839,50.1595],[-5.5739,50.1656],[-5.577,50.1705],[-5.5634,50.1754],[-5.5516,50.1771],[-5.5416,50.1747],[-5.5388,50.1793],[-5.543,50.1846],[-5.5449,50.1912],[-5.5332,50.1941],[-5.5317,50.1921],[-5.5169,50.191],[-5.5009,50.1836],[-5.5008,50.1723],[-5.4911,50.1636],[-5.4784,50.1631],[-5.473,50.1655],[-5.4597,50.165],[-5.4503,50.1608],[-5.451,50.1563],[-5.4422,50.1561],[-5.4364,50.1534],[-5.4325,50.1478],[-5.4201,50.1403],[-5.4188,50.1314],[-5.4199,50.1181],[-5.4133,50.1133],[-5.3998,50.1115],[-5.3941,50.1139],[-5.3822,50.1142],[-5.3689,50.1097],[-5.3582,50.1109],[-5.3524,50.1135],[-5.3518,50.1196],[-5.3436,50.1226],[-5.3225,50.1263],[-5.3227,50.1294],[-5.3141,50.1355],[-5.3089,50.142],[-5.2931,50.146],[-5.2913,50.1501],[-5.2773,50.1555],[-5.2737,50.1592],[-5.2742,50.1666],[-5.2685,50.1751],[-5.2649,50.1837],[-5.2585,50.1879],[-5.2465,50.1923],[-5.2441,50.1982],[-5.2332,50.2026],[-5.2347,50.2084],[-5.2284,50.209],[-5.2146,50.2168],[-5.2073,50.2233],[-5.2104,50.2277],[-5.2123,50.2356],[-5.2114,50.243],[-5.1986,50.2463],[-5.1946,50.2536],[-5.1866,50.2601],[-5.196,50.2641],[-5.1928,50.2685],[-5.176,50.2809],[-5.1602,50.2802],[-5.1587,50.2843],[-5.1459,50.2918],[-5.1366,50.2943],[-5.1232,50.2942],[-5.1134,50.2999],[-5.1058,50.3014],[-5.1046,50.3051],[-5.0949,50.3062],[-5.0959,50.3107],[-5.0919,50.3148],[-5.0849,50.3155],[-5.0824,50.3196],[-5.0874,50.3213],[-5.0863,50.3262],[-5.0752,50.3283],[-5.0675,50.3339],[-5.0617,50.3359],[-5.0584,50.3405],[-5.05,50.3407],[-5.0397,50.3437],[-5.0333,50.3438],[-5.029,50.3471],[-5.0182,50.3483],[-5.0107,50.3462],[-5.0069,50.3483],[-5.0082,50.3566],[-4.9963,50.3578],[-4.9848,50.3653],[-4.9808,50.3695],[-4.9676,50.3721],[-4.9477,50.3789],[-4.9316,50.3811],[-4.9232,50.3932],[-4.923,50.4006],[-4.9134,50.4049],[-4.8988,50.4089],[-4.8935,50.4248],[-4.8835,50.4286],[-4.8744,50.4302],[-4.8612,50.4265],[-4.857,50.4266],[-4.8401,50.4146],[-4.8142,50.4296],[-4.8072,50.43],[-4.8056,50.4265],[-4.7965,50.4271],[-4.7952,50.4294],[-4.7821,50.4344],[-4.7727,50.4308],[-4.773,50.4227],[-4.7698,50.4174],[-4.7627,50.4158],[-4.7582,50.4222],[-4.7459,50.4297],[-4.7463,50.4355],[-4.7217,50.437],[-4.7114,50.435],[-4.7071,50.4405],[-4.6982,50.4443],[-4.6887,50.4508],[-4.6884,50.458],[-4.6991,50.4614],[-4.6996,50.4703],[-4.7023,50.4791],[-4.6947,50.4831],[-4.6964,50.4873],[-4.6946,50.4929],[-4.6864,50.4981],[-4.6859,50.5017],[-4.6733,50.5033],[-4.6672,50.5071],[-4.6444,50.5166],[-4.6428,50.5254],[-4.638,50.5271],[-4.6337,50.5335],[-4.6249,50.5334],[-4.6253,50.5404],[-4.6192,50.5444],[-4.6208,50.5473],[-4.6295,50.552],[-4.6291,50.5574],[-4.6169,50.5599],[-4.6034,50.5521],[-4.6038,50.5476],[-4.5981,50.5464],[-4.5963,50.5384],[-4.5901,50.5358],[-4.5808,50.5396],[-4.5806,50.5482],[-4.573,50.5526],[-4.5748,50.5591],[-4.5799,50.5612],[-4.5831,50.5683],[-4.5801,50.5724],[-4.5887,50.5804],[-4.5919,50.5877],[-4.6015,50.5951],[-4.596,50.5977],[-4.597,50.6036],[-4.6012,50.6152],[-4.5972,50.6197],[-4.5977,50.6278],[-4.6109,50.6365],[-4.6273,50.6402],[-4.6311,50.6451],[-4.6385,50.6494],[-4.6326,50.6585],[-4.6182,50.6665],[-4.609,50.6797],[-4.6101,50.6862],[-4.6077,50.6942],[-4.6097,50.6986],[-4.6393,50.7015],[-4.6396,50.7074],[-4.6332,50.7071],[-4.6172,50.7128],[-4.5909,50.7112],[-4.5855,50.7149],[-4.583,50.721],[-4.5847,50.7266],[-4.5799,50.7303],[-4.5722,50.7318],[-4.5617,50.7199],[-4.5447,50.7212],[-4.5345,50.7295],[-4.5327,50.7354],[-4.522,50.7334],[-4.5183,50.7303],[-4.5105,50.73],[-4.5061,50.74],[-4.4992,50.7442],[-4.4902,50.7426],[-4.4828,50.7432],[-4.4776,50.7388],[-4.4677,50.7381],[-4.4615,50.741],[-4.4575,50.746],[-4.4587,50.7565],[-4.4626,50.763],[-4.4563,50.778],[-4.462,50.7783],[-4.4616,50.7841],[-4.4561,50.7883],[-4.46,50.7941],[-4.4651,50.7967],[-4.4655,50.8038],[-4.4613,50.8053],[-4.4683,50.8173],[-4.4645,50.8317],[-4.47,50.8366],[-4.4696,50.842],[-4.4733,50.8444],[-4.4736,50.85],[-4.4694,50.851],[-4.4715,50.8635],[-4.4702,50.8663],[-4.4752,50.8733],[-4.4816,50.8732],[-4.4816,50.88],[-4.4731,50.8806],[-4.4737,50.8923],[-4.4838,50.8961],[-4.487,50.9021],[-4.4837,50.906],[-4.486,50.9102],[-4.4784,50.9149],[-4.4795,50.9205],[-4.469,50.9243]]],[[[-6.2986,49.9369],[-6.3092,49.9337],[-6.3139,49.9275],[-6.3089,49.9235],[-6.3083,49.9175],[-6.3167,49.9154],[-6.3219,49.9174],[-6.3278,49.9127],[-6.3222,49.908],[-6.313,49.9134],[-6.3035,49.903],[-6.3001,49.9063],[-6.3007,49.9121],[-6.288,49.9101],[-6.2777,49.9182],[-6.276,49.923],[-6.2809,49.9266],[-6.2818,49.9307],[-6.2986,49.9369]]],[[[-6.3429,49.9679],[-6.3515,49.9654],[-6.3406,49.952],[-6.333,49.9392],[-6.3305,49.9425],[-6.3211,49.9451],[-6.3204,49.9523],[-6.3255,49.958],[-6.3393,49.9627],[-6.3429,49.9679]]],[[[-6.2965,49.9742],[-6.3048,49.9667],[-6.2877,49.961],[-6.2856,49.9576],[-6.2709,49.9586],[-6.2621,49.9626],[-6.2862,49.9653],[-6.2965,49.9742]]],[[[-6.3587,49.9667],[-6.3631,49.9507],[-6.3588,49.9461],[-6.35,49.9459],[-6.3515,49.9513],[-6.3484,49.955],[-6.3587,49.9667]]],[[[-6.3484,49.8979],[-6.3511,49.8924],[-6.3429,49.8862],[-6.3357,49.8866],[-6.3407,49.8965],[-6.3484,49.8979]]]]},"properties":{"HA_NUM":49,"HA_NAME":"Camel Group"}},
{"type":"Feature","geometry":{"type":"Polygon","coordinates":[[[-3.8368,51.1675],[-3.8497,51.1687],[-3.8513,51.1722],[-3.8607,51.1757],[-3.8715,51.1757],[-3.8777,51.1705],[-3.8973,51.1684],[-3.9021,51.1723],[-3.9179,51.1743],[-3.9317,51.1709],[-3.9408,51.1739],[-3.9472,51.1738],[-3.949,51.1819],[-3.9545,51.1845],[-3.9763,51.1846],[-3.9805,51.1836],[-3.9977,51.1842],[-4.0019,51.1821],[-4.0045,51.1751],[-4.0181,51.1762],[-4.024,51.1784],[-4.0483,51.1798],[-4.0514,51.1761],[-4.0607,51.1764],[-4.0667,51.174],[-4.0789,51.1752],[-4.0917,51.1731],[-4.0996,51.1739],[-4.1011,51.1766],[-4.1169,51.1772],[-4.1292,51.1797],[-4.1331,51.1782],[-4.1618,51.1741],[-4.1821,51.1782],[-4.1916,51.1844],[-4.2225,51.186],[-4.2138,51.182],[-4.2144,51.1762],[-4.2098,51.1725],[-4.2122,51.1605],[-4.215,51.1539],[-4.2227,51.1447],[-4.2473,51.1456],[-4.2559,51.1471],[-4.2578,51.1403],[-4.2396,51.1333],[-4.2388,51.1275],[-4.2428,51.1256],[-4.2405,51.1207],[-4.2228,51.1174],[-4.2223,51.1072],[-4.2233,51.0888],[-4.2163,51.0758],[-4.2065,51.071],[-4.1965,51.0687],[-4.1889,51.0724],[-4.1862,51.0762],[-4.1699,51.0803],[-4.1677,51.0843],[-4.1528,51.0854],[-4.1474,51.084],[-4.1299,51.0876],[-4.129,51.0933],[-4.1198,51.0944],[-4.1081,51.0937],[-4.0959,51.0874],[-4.0806,51.083],[-4.0836,51.0783],[-4.09,51.0816],[-4.1109,51.085],[-4.1191,51.0887],[-4.1183,51.0814],[-4.1293,51.0777],[-4.1393,51.0796],[-4.1549,51.0796],[-4.1542,51.0732],[-4.1644,51.0746],[-4.181,51.0663],[-4.1816,51.0511],[-4.1795,51.0501],[-4.1876,51.0391],[-4.1976,51.0339],[-4.1993,51.0302],[-4.1974,51.0245],[-4.2017,51.0179],[-4.2036,51.0324],[-4.1955,51.0398],[-4.1907,51.0462],[-4.1906,51.0545],[-4.1971,51.0579],[-4.2106,51.0525],[-4.2146,51.0568],[-4.212,51.0625],[-4.2169,51.0649],[-4.2241,51.064],[-4.2277,51.0603],[-4.2348,51.0453],[-4.2393,51.041],[-4.2563,51.0389],[-4.2639,51.0331],[-4.279,51.0164],[-4.2847,51.0137],[-4.2962,51.0025],[-4.3054,50.9964],[-4.3174,50.9931],[-4.3338,50.9912],[-4.3447,50.9889],[-4.3574,50.9904],[-4.375,50.9901],[-4.3958,50.9968],[-4.4044,51.0045],[-4.4253,51.0136],[-4.4333,51.0124],[-4.4556,51.0165],[-4.4688,51.0214],[-4.4813,51.0217],[-4.4951,51.0207],[-4.5011,51.0186],[-4.5166,51.0222],[-4.5269,51.0189],[-4.5272,51.0117],[-4.5335,51.0101],[-4.5306,51.0059],[-4.5328,51.0024],[-4.5304,50.9968],[-4.5347,50.9951],[-4.5298,50.9874],[-4.5334,50.9777],[-4.5329,50.9664],[-4.5391,50.9577],[-4.5439,50.9535],[-4.5427,50.9447],[-4.5491,50.939],[-4.5452,50.9329],[-4.5326,50.9301],[-4.5177,50.9304],[-4.5059,50.9365],[-4.4948,50.9341],[-4.4846,50.937],[-4.4754,50.9372],[-4.469,50.9243],[-4.4618,50.9235],[-4.4492,50.9193],[-4.4403,50.9193],[-4.4317,50.9129],[-4.4296,50.906],[-4.4169,50.9015],[-4.4136,50.8989],[-4.4124,50.8904],[-4.4046,50.8892],[-4.4037,50.8856],[-4.3964,50.8822],[-4.3837,50.8712],[-4.3825,50.8618],[-4.3619,50.8613],[-4.3568,50.8587],[-4.346,50.8567],[-4.33,50.8476],[-4.3302,50.8381],[-4.3178,50.8321],[-4.3181,50.8237],[-4.3108,50.8192],[-4.3105,50.8138],[-4.301,50.8144],[-4.2901,50.8097],[-4.2848,50.8098],[-4.2686,50.8132],[-4.2589,50.8107],[-4.264,50.8061],[-4.2652,50.8016],[-4.2627,50.7933],[-4.2512,50.7906],[-4.243,50.7971],[-4.2359,50.7972],[-4.2158,50.7927],[-4.2131,50.7864],[-4.2076,50.7845],[-4.2094,50.777],[-4.2065,50.7758],[-4.2038,50.763],[-4.1944,50.7589],[-4.1859,50.7586],[-4.1808,50.756],[-4.1701,50.7544],[-4.1626,50.7469],[-4.1295,50.7282],[-4.1206,50.7261],[-4.1058,50.7273],[-4.0939,50.7306],[-4.0859,50.7258],[-4.0761,50.73],[-4.071,50.727],[-4.0653,50.7176],[-4.058,50.7196],[-4.0536,50.7165],[-4.0553,50.7063],[-4.0494,50.7013],[-4.0548,50.6962],[-4.0588,50.6894],[-4.0546,50.6841],[-4.0405,50.6774],[-4.0383,50.6738],[-4.0296,50.6688],[-4.0219,50.6545],[-4.0017,50.654],[-3.9972,50.6563],[-3.9771,50.649],[-3.9759,50.6544],[-3.9649,50.6551],[-3.9576,50.6574],[-3.9503,50.6686],[-3.9492,50.6765],[-3.9452,50.6815],[-3.9376,50.687],[-3.9368,50.7025],[-3.9321,50.7087],[-3.9182,50.7062],[-3.9058,50.706],[-3.9068,50.7131],[-3.9022,50.7204],[-3.8866,50.7216],[-3.8767,50.7213],[-3.8748,50.7283],[-3.8703,50.7304],[-3.8508,50.7302],[-3.8496,50.7338],[-3.8356,50.7399],[-3.8365,50.7455],[-3.844,50.7551],[-3.8436,50.7636],[-3.8351,50.7638],[-3.8332,50.7696],[-3.8197,50.7685],[-3.8178,50.7748],[-3.8116,50.7794],[-3.8045,50.7795],[-3.7972,50.7904],[-3.7901,50.7919],[-3.7919,50.8004],[-3.7901,50.8103],[-3.7852,50.8122],[-3.7731,50.8106],[-3.7589,50.8112],[-3.7458,50.8105],[-3.7385,50.8147],[-3.7214,50.8141],[-3.713,50.8169],[-3.7169,50.8258],[-3.7283,50.8283],[-3.7221,50.8325],[-3.7143,50.8324],[-3.7094,50.8358],[-3.7104,50.8421],[-3.7239,50.8441],[-3.7229,50.8536],[-3.7259,50.8594],[-3.7316,50.8593],[-3.7346,50.8642],[-3.732,50.869],[-3.7191,50.8676],[-3.7122,50.8717],[-3.7072,50.8714],[-3.6903,50.8775],[-3.6861,50.8775],[-3.6777,50.8826],[-3.6628,50.8835],[-3.6623,50.8896],[-3.6593,50.8941],[-3.6186,50.8983],[-3.6237,50.9036],[-3.6241,50.9139],[-3.6214,50.9198],[-3.6123,50.9222],[-3.6077,50.9335],[-3.598,50.9422],[-3.6005,50.9511],[-3.5985,50.957],[-3.6128,50.9568],[-3.6206,50.958],[-3.618,50.9639],[-3.6206,50.9772],[-3.62,50.981],[-3.6267,50.9881],[-3.6353,50.9898],[-3.6391,50.9965],[-3.618,51.0057],[-3.6109,51.0049],[-3.6104,51.0108],[-3.6161,51.0121],[-3.6121,51.0184],[-3.6103,51.0286],[-3.5962,51.0348],[-3.5987,51.0451],[-3.6016,51.0464],[-3.6133,51.0454],[-3.6252,51.0466],[-3.6324,51.0501],[-3.6482,51.0516],[-3.6604,51.0546],[-3.6698,51.059],[-3.6859,51.0601],[-3.6914,51.0636],[-3.7028,51.0639],[-3.7001,51.0675],[-3.6944,51.0676],[-3.6946,51.0726],[-3.7062,51.0773],[-3.7204,51.0771],[-3.7302,51.0801],[-3.7301,51.0873],[-3.7401,51.0876],[-3.7571,51.1031],[-3.7622,51.1048],[-3.7652,51.1097],[-3.7816,51.1086],[-3.7867,51.1116],[-3.8148,51.1171],[-3.8149,51.12],[-3.8223,51.1259],[-3.8225,51.1307],[-3.8298,51.1344],[-3.8421,51.1384],[-3.8415,51.1418],[-3.8305,51.1526],[-3.8378,51.1576],[-3.8352,51.1631],[-3.8368,51.1675]]]},"properties":{"HA_NUM":50,"HA_NAME":"Taw and Torridge"}},
{"type":"Feature","geometry":{"type":"MultiPolygon","coordinates":[[[[-3.1654,51.2028],[-3.18,51.2],[-3.1914,51.2031],[-3.2024,51.2018],[-3.217,51.1945],[-3.2259,51.1932],[-3.2495,51.1878],[-3.2576,51.1877],[-3.2753,51.1801],[-3.2963,51.1829],[-3.3068,51.1799],[-3.3202,51.1826],[-3.336,51.1835],[-3.3523,51.1818],[-3.3724,51.1852],[-3.3873,51.183],[-3.4006,51.1825],[-3.4143,51.1851],[-3.4332,51.1964],[-3.4423,51.2071],[-3.4506,51.2092],[-3.4666,51.2075],[-3.4726,51.2093],[-3.4786,51.2172],[-3.4962,51.224],[-3.5024,51.2232],[-3.5339,51.2311],[-3.556,51.2336],[-3.5632,51.2317],[-3.5778,51.232],[-3.5867,51.2254],[-3.5948,51.222],[-3.6102,51.22],[-3.6225,51.2168],[-3.6317,51.2237],[-3.64,51.223],[-3.6943,51.2293],[-3.6987,51.2311],[-3.718,51.2321],[-3.728,51.2355],[-3.7454,51.2356],[-3.7482,51.2367],[-3.7645,51.2371],[-3.7759,51.2399],[-3.7875,51.2461],[-3.7957,51.2394],[-3.8069,51.2324],[-3.8143,51.2312],[-3.8276,51.2328],[-3.8324,51.232],[-3.839,51.2352],[-3.853,51.2348],[-3.8621,51.231],[-3.8717,51.2314],[-3.8802,51.2292],[-3.8838,51.2259],[-3.8924,51.2241],[-3.901,51.2266],[-3.9024,51.2294],[-3.9196,51.2303],[-3.9252,51.2321],[-3.9382,51.2292],[-3.9471,51.2223],[-3.9602,51.2192],[-3.9729,51.2204],[-3.994,51.2178],[-4.003,51.2194],[-4.0324,51.2135],[-4.0404,51.2103],[-4.0404,51.2073],[-4.051,51.2075],[-4.058,51.2124],[-4.0702,51.2162],[-4.0782,51.2154],[-4.0887,51.2173],[-4.0905,51.2141],[-4.0983,51.2115],[-4.1128,51.2093],[-4.1212,51.2126],[-4.1351,51.2091],[-4.1465,51.2041],[-4.1561,51.2044],[-4.1589,51.2019],[-4.1668,51.2028],[-4.1717,51.1992],[-4.1799,51.1979],[-4.1832,51.1997],[-4.2036,51.1996],[-4.2076,51.1925],[-4.2136,51.19],[-4.2275,51.189],[-4.2254,51.186],[-4.225,51.186],[-4.2225,51.186],[-4.1916,51.1844],[-4.1821,51.1782],[-4.1618,51.1741],[-4.1331,51.1782],[-4.1292,51.1797],[-4.1169,51.1772],[-4.1011,51.1766],[-4.0996,51.1739],[-4.0917,51.1731],[-4.0789,51.1752],[-4.0667,51.174],[-4.0607,51.1764],[-4.0514,51.1761],[-4.0483,51.1798],[-4.024,51.1784],[-4.0181,51.1762],[-4.0045,51.1751],[-4.0019,51.1821],[-3.9977,51.1842],[-3.9805,51.1836],[-3.9763,51.1846],[-3.9545,51.1845],[-3.949,51.1819],[-3.9472,51.1738],[-3.9408,51.1739],[-3.9317,51.1709],[-3.9179,51.1743],[-3.9021,51.1723],[-3.8973,51.1684],[-3.8777,51.1705],[-3.8715,51.1757],[-3.8607,51.1757],[-3.8513,51.1722],[-3.8497,51.1687],[-3.8368,51.1675],[-3.8348,51.1707],[-3.8207,51.1682],[-3.8101,51.1621],[-3.7921,51.1583],[-3.7835,51.1661],[-3.7802,51.1644],[-3.7691,51.165],[-3.7594,51.1633],[-3.7554,51.1607],[-3.7393,51.1614],[-3.7335,51.1583],[-3.7162,51.1563],[-3.7063,51.1574],[-3.6993,51.1611],[-3.6822,51.1631],[-3.6723,51.1677],[-3.6645,51.1683],[-3.6579,51.1657],[-3.6546,51.1617],[-3.6474,51.1614],[-3.6405,51.1574],[-3.6255,51.159],[-3.6199,51.1613],[-3.6092,51.1623],[-3.5902,51.1617],[-3.5868,51.1555],[-3.578,51.1493],[-3.5689,51.1449],[-3.5571,51.1455],[-3.5496,51.1443],[-3.539,51.1368],[-3.5333,51.1364],[-3.5308,51.1274],[-3.5193,51.1235],[-3.5036,51.1242],[-3.497,51.1189],[-3.4861,51.115],[-3.4702,51.1075],[-3.4624,51.1099],[-3.4517,51.1095],[-3.446,51.111],[-3.438,51.1066],[-3.4223,51.1068],[-3.4136,51.1019],[-3.3906,51.0981],[-3.377,51.0979],[-3.3701,51.1038],[-3.3575,51.1012],[-3.3499,51.0982],[-3.3361,51.1033],[-3.3299,51.0973],[-3.3174,51.0985],[-3.3111,51.104],[-3.3015,51.1055],[-3.2978,51.0983],[-3.2908,51.0907],[-3.2796,51.0886],[-3.2717,51.0842],[-3.2645,51.0832],[-3.2589,51.0857],[-3.2563,51.0961],[-3.2442,51.0989],[-3.2413,51.0962],[-3.2275,51.1009],[-3.2205,51.1063],[-3.2067,51.111],[-3.1952,51.1102],[-3.1954,51.1169],[-3.1991,51.1205],[-3.2077,51.1229],[-3.2086,51.1276],[-3.2172,51.13],[-3.2166,51.1349],[-3.2116,51.1366],[-3.1967,51.1381],[-3.2004,51.1452],[-3.2055,51.1465],[-3.2115,51.1586],[-3.2066,51.1638],[-3.2069,51.1726],[-3.1999,51.1785],[-3.1906,51.1799],[-3.1886,51.1872],[-3.1745,51.1936],[-3.1647,51.2004],[-3.1654,51.2028]]],[[[-4.6775,51.2024],[-4.679,51.1933],[-4.6755,51.1916],[-4.6771,51.1843],[-4.6735,51.181],[-4.6806,51.1751],[-4.6758,51.1634],[-4.6715,51.1587],[-4.6577,51.1629],[-4.6616,51.1672],[-4.6639,51.1899],[-4.6701,51.196],[-4.6705,51.2011],[-4.6775,51.2024]]]]},"properties":{"HA_NUM":51,"HA_NAME":"East Lyn Group"}},
{"type":"Feature","geometry":{"type":"Polygon","coordinates":[[[-2.7183,51.4923],[-2.7278,51.4978],[-2.7349,51.4936],[-2.7511,51.4929],[-2.7614,51.4953],[-2.7733,51.4945],[-2.7739,51.4913],[-2.7833,51.4872],[-2.8002,51.4848],[-2.8152,51.4749],[-2.8235,51.4671],[-2.8278,51.4661],[-2.8507,51.4543],[-2.8623,51.4432],[-2.8661,51.4372],[-2.8792,51.432],[-2.8772,51.4289],[-2.8831,51.4254],[-2.8876,51.4154],[-2.8946,51.4086],[-2.9129,51.3969],[-2.9321,51.3945],[-2.938,51.3982],[-2.9486,51.3961],[-2.9567,51.3921],[-2.9641,51.3924],[-2.9713,51.3903],[-2.9719,51.3863],[-2.9624,51.3823],[-2.964,51.3678],[-2.9707,51.3626],[-2.9924,51.3586],[-2.9952,51.3556],[-2.9828,51.3482],[-2.9858,51.3348],[-2.9918,51.3224],[-3.0009,51.3226],[-3.0029,51.3253],[-3.0126,51.3256],[-3.0324,51.3282],[-3.0266,51.324],[-3.013,51.3231],[-3.0112,51.3174],[-3.0124,51.3032],[-3.0216,51.2696],[-3.0217,51.266],[-3.0123,51.253],[-3.0059,51.2485],[-2.9996,51.2416],[-3.0017,51.2235],[-3.0107,51.2176],[-3.016,51.2079],[-3.0205,51.2033],[-3.0224,51.1973],[-3.0333,51.1891],[-3.0472,51.1879],[-3.055,51.1825],[-3.0545,51.1759],[-3.0595,51.1737],[-3.0598,51.1787],[-3.0564,51.1864],[-3.0452,51.1946],[-3.0351,51.1937],[-3.0311,51.1964],[-3.0223,51.2191],[-3.0311,51.2181],[-3.0528,51.2066],[-3.0606,51.2038],[-3.076,51.2013],[-3.1008,51.2083],[-3.1144,51.2069],[-3.126,51.2109],[-3.1558,51.2086],[-3.1654,51.2028],[-3.1647,51.2004],[-3.1745,51.1936],[-3.1886,51.1872],[-3.1906,51.1799],[-3.1999,51.1785],[-3.2069,51.1726],[-3.2066,51.1638],[-3.2115,51.1586],[-3.2055,51.1465],[-3.2004,51.1452],[-3.1967,51.1381],[-3.2116,51.1366],[-3.2166,51.1349],[-3.2172,51.13],[-3.2086,51.1276],[-3.2077,51.1229],[-3.1991,51.1205],[-3.1954,51.1169],[-3.1952,51.1102],[-3.2067,51.111],[-3.2205,51.1063],[-3.2275,51.1009],[-3.2413,51.0962],[-3.2442,51.0989],[-3.2563,51.0961],[-3.2589,51.0857],[-3.2645,51.0832],[-3.2717,51.0842],[-3.2796,51.0886],[-3.2908,51.0907],[-3.2978,51.0983],[-3.3015,51.1055],[-3.3111,51.104],[-3.3174,51.0985],[-3.3299,51.0973],[-3.3361,51.1033],[-3.3499,51.0982],[-3.3575,51.1012],[-3.3701,51.1038],[-3.377,51.0979],[-3.3906,51.0981],[-3.4136,51.1019],[-3.4089,51.0898],[-3.4174,51.0868],[-3.4111,51.0691],[-3.4039,51.0665],[-3.3932,51.0657],[-3.3888,51.0615],[-3.3886,51.0564],[-3.392,51.0493],[-3.3862,51.046],[-3.3769,51.0448],[-3.3763,51.0252],[-3.3712,51.0224],[-3.3761,51.0192],[-3.3766,51.0124],[-3.38,51.0052],[-3.3849,51.0038],[-3.3882,50.9954],[-3.3974,50.9937],[-3.4037,50.9892],[-3.3972,50.9866],[-3.3797,50.9832],[-3.3797,50.973],[-3.3775,50.9711],[-3.3552,50.9754],[-3.3504,50.9696],[-3.3418,50.9679],[-3.3324,50.9617],[-3.3154,50.9664],[-3.2998,50.967],[-3.2961,50.9616],[-3.2964,50.9479],[-3.3026,50.9404],[-3.2833,50.9366],[-3.274,50.9331],[-3.2654,50.9316],[-3.2528,50.9399],[-3.2429,50.9438],[-3.2351,50.9443],[-3.2288,50.9471],[-3.2212,50.9431],[-3.2052,50.9442],[-3.1943,50.947],[-3.1876,50.952],[-3.1826,50.9521],[-3.1751,50.9476],[-3.1605,50.9478],[-3.1583,50.9465],[-3.1455,50.9473],[-3.1355,50.9435],[-3.1298,50.9467],[-3.1184,50.9444],[-3.1068,50.9371],[-3.1001,50.9376],[-3.0935,50.9435],[-3.0828,50.9445],[-3.0756,50.9401],[-3.0692,50.9388],[-3.0662,50.9329],[-3.0562,50.9326],[-3.0413,50.9359],[-3.0349,50.9355],[-3.0325,50.9222],[-3.0259,50.9158],[-3.0142,50.9154],[-3.0095,50.9123],[-3.0065,50.9065],[-3.0086,50.9031],[-3.0077,50.8941],[-3.0105,50.8907],[-3.0096,50.8853],[-3.0025,50.8818],[-2.991,50.8801],[-2.9692,50.8726],[-2.9596,50.8732],[-2.9533,50.8755],[-2.9308,50.8716],[-2.9166,50.8717],[-2.9092,50.8749],[-2.9021,50.8754],[-2.8979,50.88],[-2.8902,50.8823],[-2.8745,50.8833],[-2.8675,50.886],[-2.8547,50.8852],[-2.8483,50.888],[-2.8412,50.8858],[-2.8334,50.8881],[-2.8184,50.8832],[-2.8099,50.8828],[-2.8105,50.8792],[-2.8033,50.8752],[-2.8039,50.866],[-2.7925,50.8627],[-2.791,50.8587],[-2.7831,50.8574],[-2.7802,50.852],[-2.7745,50.8516],[-2.7644,50.844],[-2.7495,50.8446],[-2.7388,50.8424],[-2.7289,50.8447],[-2.7226,50.8486],[-2.7112,50.843],[-2.7076,50.8394],[-2.7011,50.8368],[-2.6846,50.8254],[-2.6812,50.8306],[-2.6762,50.8315],[-2.6706,50.8388],[-2.6614,50.8388],[-2.6529,50.8411],[-2.6493,50.8389],[-2.6394,50.8394],[-2.6262,50.8368],[-2.6191,50.8373],[-2.6089,50.8449],[-2.6011,50.845],[-2.5939,50.8383],[-2.5798,50.8424],[-2.5755,50.8384],[-2.5666,50.8357],[-2.5448,50.8259],[-2.5427,50.8295],[-2.5307,50.8336],[-2.5189,50.831],[-2.5123,50.8373],[-2.5095,50.8432],[-2.501,50.8473],[-2.5103,50.8555],[-2.5097,50.8589],[-2.5154,50.865],[-2.5225,50.8678],[-2.5269,50.875],[-2.5199,50.8888],[-2.5104,50.8931],[-2.5044,50.8976],[-2.4952,50.8994],[-2.4974,50.9053],[-2.502,50.9071],[-2.5223,50.9088],[-2.5228,50.9236],[-2.5125,50.9272],[-2.5097,50.9318],[-2.503,50.9358],[-2.4948,50.9359],[-2.4863,50.9381],[-2.4807,50.9422],[-2.4693,50.9405],[-2.4643,50.9378],[-2.4507,50.9347],[-2.4351,50.9388],[-2.4301,50.9388],[-2.4287,50.9442],[-2.4245,50.9485],[-2.421,50.9559],[-2.4168,50.958],[-2.4204,50.9676],[-2.4283,50.9721],[-2.4298,50.9782],[-2.4391,50.9876],[-2.4457,51.0015],[-2.4643,51.0106],[-2.4701,51.0185],[-2.4672,51.0219],[-2.458,51.0264],[-2.4559,51.0313],[-2.4553,51.0428],[-2.4654,51.0475],[-2.4605,51.0596],[-2.4398,51.0624],[-2.437,51.0606],[-2.4216,51.0598],[-2.4184,51.0621],[-2.4228,51.0737],[-2.415,51.0792],[-2.415,51.0845],[-2.4108,51.0859],[-2.403,51.0976],[-2.3902,51.099],[-2.3737,51.0964],[-2.3627,51.1005],[-2.3596,51.1086],[-2.3639,51.1144],[-2.3596,51.1189],[-2.3496,51.1207],[-2.3418,51.1244],[-2.344,51.1315],[-2.3547,51.1333],[-2.3691,51.1396],[-2.3791,51.1377],[-2.382,51.1481],[-2.3956,51.1489],[-2.4057,51.1561],[-2.4125,51.1565],[-2.4272,51.1627],[-2.4337,51.1704],[-2.4398,51.1699],[-2.4524,51.1817],[-2.4625,51.1878],[-2.466,51.1837],[-2.476,51.1796],[-2.4853,51.1782],[-2.5003,51.1784],[-2.5054,51.1836],[-2.5047,51.1914],[-2.5019,51.1964],[-2.5063,51.2033],[-2.5056,51.2085],[-2.51,51.211],[-2.52,51.2118],[-2.5279,51.2158],[-2.5326,51.2158],[-2.5559,51.2202],[-2.5732,51.234],[-2.579,51.2336],[-2.5912,51.2371],[-2.6112,51.237],[-2.6306,51.238],[-2.635,51.2454],[-2.63,51.2486],[-2.6322,51.2551],[-2.6309,51.2596],[-2.6396,51.2661],[-2.6383,51.2782],[-2.6476,51.2782],[-2.6505,51.2804],[-2.6613,51.2808],[-2.6671,51.2866],[-2.6743,51.2897],[-2.6701,51.2956],[-2.6601,51.2981],[-2.6502,51.3072],[-2.6539,51.3143],[-2.6532,51.3195],[-2.6646,51.3343],[-2.6728,51.3369],[-2.6794,51.3418],[-2.6787,51.3452],[-2.6845,51.3485],[-2.6803,51.3558],[-2.6811,51.3603],[-2.6924,51.3692],[-2.687,51.371],[-2.6849,51.3764],[-2.6915,51.3809],[-2.7026,51.3804],[-2.708,51.3828],[-2.7053,51.3936],[-2.6982,51.3966],[-2.691,51.3971],[-2.6852,51.3949],[-2.6665,51.3923],[-2.6518,51.3937],[-2.645,51.3991],[-2.6609,51.4058],[-2.661,51.4112],[-2.6682,51.4152],[-2.6669,51.4222],[-2.6699,51.4269],[-2.6822,51.4335],[-2.6927,51.442],[-2.7039,51.4415],[-2.7084,51.4532],[-2.7077,51.459],[-2.7107,51.4624],[-2.7072,51.4694],[-2.7008,51.4773],[-2.7139,51.4841],[-2.7125,51.4871],[-2.7183,51.4923]]]},"properties":{"HA_NUM":52,"HA_NAME":"Somerset Rivers Group"}},
{"type":"Feature","geometry":{"type":"Polygon","coordinates":[[[-2.1276,51.6886],[-2.1377,51.6863],[-2.1392,51.6836],[-2.1478,51.6804],[-2.1608,51.6732],[-2.1767,51.6732],[-2.1807,51.662],[-2.1861,51.662],[-2.194,51.6584],[-2.207,51.6583],[-2.211,51.6606],[-2.2313,51.6596],[-2.236,51.6623],[-2.245,51.6628],[-2.2602,51.6591],[-2.2634,51.6569],[-2.2569,51.6495],[-2.2554,51.6403],[-2.2611,51.6362],[-2.2582,51.6326],[-2.2654,51.6285],[-2.2741,51.6267],[-2.2871,51.6285],[-2.2936,51.6247],[-2.2877,51.6184],[-2.2841,51.6116],[-2.2847,51.602],[-2.2923,51.5979],[-2.2941,51.5925],[-2.3041,51.5839],[-2.3272,51.5812],[-2.329,51.578],[-2.3257,51.5702],[-2.3307,51.5672],[-2.3321,51.56],[-2.3386,51.5591],[-2.3378,51.5524],[-2.3406,51.5474],[-2.3551,51.5541],[-2.3616,51.5546],[-2.3667,51.5577],[-2.3754,51.5698],[-2.3881,51.5698],[-2.392,51.5684],[-2.4043,51.5688],[-2.3978,51.5729],[-2.3979,51.5841],[-2.4045,51.5899],[-2.4283,51.5898],[-2.4341,51.5952],[-2.4431,51.5938],[-2.4572,51.5956],[-2.4659,51.5996],[-2.4717,51.5969],[-2.4811,51.6],[-2.4991,51.5995],[-2.5107,51.5972],[-2.5128,51.5936],[-2.5207,51.5926],[-2.5177,51.5857],[-2.522,51.5823],[-2.5321,51.5793],[-2.5328,51.5759],[-2.54,51.5732],[-2.5428,51.5673],[-2.5493,51.5655],[-2.5528,51.5601],[-2.5607,51.5583],[-2.5729,51.5499],[-2.5793,51.5469],[-2.5907,51.5347],[-2.5924,51.528],[-2.6043,51.5311],[-2.6152,51.531],[-2.6208,51.5247],[-2.6266,51.5242],[-2.6352,51.5185],[-2.6372,51.512],[-2.6415,51.5086],[-2.6386,51.5032],[-2.6486,51.4989],[-2.6593,51.4921],[-2.6715,51.4916],[-2.6818,51.5037],[-2.6826,51.5077],[-2.6891,51.5126],[-2.6892,51.5162],[-2.6975,51.5202],[-2.7154,51.5068],[-2.7061,51.5033],[-2.7049,51.4999],[-2.7183,51.4923],[-2.7125,51.4871],[-2.7139,51.4841],[-2.7008,51.4773],[-2.7072,51.4694],[-2.7107,51.4624],[-2.7077,51.459],[-2.7084,51.4532],[-2.7039,51.4415],[-2.6927,51.442],[-2.6822,51.4335],[-2.6699,51.4269],[-2.6669,51.4222],[-2.6682,51.4152],[-2.661,51.4112],[-2.6609,51.4058],[-2.645,51.3991],[-2.6518,51.3937],[-2.6665,51.3923],[-2.6852,51.3949],[-2.691,51.3971],[-2.6982,51.3966],[-2.7053,51.3936],[-2.708,51.3828],[-2.7026,51.3804],[-2.6915,51.3809],[-2.6849,51.3764],[-2.687,51.371],[-2.6924,51.3692],[-2.6811,51.3603],[-2.6803,51.3558],[-2.6845,51.3485],[-2.6787,51.3452],[-2.6794,51.3418],[-2.6728,51.3369],[-2.6646,51.3343],[-2.6532,51.3195],[-2.6539,51.3143],[-2.6502,51.3072],[-2.6601,51.2981],[-2.6701,51.2956],[-2.6743,51.2897],[-2.6671,51.2866],[-2.6613,51.2808],[-2.6505,51.2804],[-2.6476,51.2782],[-2.6383,51.2782],[-2.6396,51.2661],[-2.6309,51.2596],[-2.6322,51.2551],[-2.63,51.2486],[-2.635,51.2454],[-2.6306,51.238],[-2.6112,51.237],[-2.5912,51.2371],[-2.579,51.2336],[-2.5732,51.234],[-2.5559,51.2202],[-2.5326,51.2158],[-2.5279,51.2158],[-2.52,51.2118],[-2.51,51.211],[-2.5056,51.2085],[-2.5063,51.2033],[-2.5019,51.1964],[-2.5047,51.1914],[-2.5054,51.1836],[-2.5003,51.1784],[-2.4853,51.1782],[-2.476,51.1796],[-2.466,51.1837],[-2.4625,51.1878],[-2.4524,51.1817],[-2.4398,51.1699],[-2.4337,51.1704],[-2.4272,51.1627],[-2.4125,51.1565],[-2.4057,51.1561],[-2.3956,51.1489],[-2.382,51.1481],[-2.3791,51.1377],[-2.3691,51.1396],[-2.3547,51.1333],[-2.344,51.1315],[-2.3333,51.1347],[-2.3255,51.1426],[-2.3205,51.1392],[-2.3126,51.1393],[-2.3019,51.1456],[-2.2916,51.1497],[-2.2827,51.1501],[-2.2798,51.1537],[-2.2727,51.1515],[-2.2505,51.1516],[-2.247,51.1579],[-2.2492,51.165],[-2.2456,51.1765],[-2.2525,51.1857],[-2.2393,51.1911],[-2.2336,51.1948],[-2.2329,51.2042],[-2.2258,51.2078],[-2.2248,51.2208],[-2.2187,51.224],[-2.2126,51.2303],[-2.1979,51.229],[-2.1829,51.2326],[-2.17,51.2308],[-2.1528,51.2309],[-2.1417,51.2336],[-2.14,51.2385],[-2.1407,51.2466],[-2.1472,51.2533],[-2.1429,51.2592],[-2.135,51.2606],[-2.1268,51.2565],[-2.1078,51.2565],[-2.1028,51.2601],[-2.1049,51.2633],[-2.1035,51.2691],[-2.0885,51.2691],[-2.0806,51.2754],[-2.0705,51.2754],[-2.0584,51.2698],[-2.0562,51.2665],[-2.0465,51.2615],[-2.0268,51.2552],[-2.0139,51.2557],[-2.0093,51.2588],[-1.9967,51.2611],[-1.987,51.2606],[-1.981,51.2642],[-1.9752,51.2732],[-1.963,51.2795],[-1.9544,51.2876],[-1.9523,51.293],[-1.9436,51.2993],[-1.93,51.2984],[-1.9307,51.3074],[-1.935,51.3157],[-1.9386,51.3182],[-1.94,51.3312],[-1.9504,51.3411],[-1.958,51.3415],[-1.9644,51.3546],[-1.9752,51.3548],[-1.9759,51.364],[-1.9809,51.3654],[-1.9816,51.3728],[-1.9841,51.3757],[-1.9924,51.3753],[-1.996,51.387],[-1.9902,51.3879],[-1.9852,51.3937],[-1.9766,51.3924],[-1.9694,51.3955],[-1.9651,51.4027],[-1.9579,51.4022],[-1.9507,51.4063],[-1.9388,51.4094],[-1.9299,51.4103],[-1.9306,51.4132],[-1.9248,51.418],[-1.9298,51.422],[-1.9284,51.4265],[-1.9212,51.4281],[-1.9212,51.4332],[-1.9291,51.4373],[-1.9269,51.4463],[-1.9233,51.4485],[-1.9269,51.4571],[-1.9233,51.4647],[-1.9226,51.4733],[-1.9197,51.4778],[-1.9074,51.4804],[-1.8952,51.4861],[-1.8872,51.4867],[-1.8642,51.4943],[-1.8555,51.5002],[-1.8555,51.5047],[-1.8368,51.5055],[-1.836,51.5145],[-1.841,51.5269],[-1.8374,51.533],[-1.8431,51.5367],[-1.8439,51.5424],[-1.8565,51.5415],[-1.8611,51.5456],[-1.8727,51.5447],[-1.8842,51.5452],[-1.8842,51.5488],[-1.8921,51.5528],[-1.8936,51.562],[-1.8979,51.5663],[-1.9058,51.5674],[-1.9101,51.5704],[-1.9245,51.574],[-1.9404,51.5731],[-1.9469,51.5794],[-1.9541,51.5839],[-1.9729,51.5825],[-1.9794,51.5861],[-1.9815,51.596],[-1.9945,51.5965],[-1.9996,51.6001],[-2.0147,51.6032],[-2.0198,51.6073],[-2.0292,51.6095],[-2.0494,51.6104],[-2.0472,51.6138],[-2.0509,51.6185],[-2.0628,51.6185],[-2.0761,51.6113],[-2.0826,51.6117],[-2.0913,51.6162],[-2.0949,51.6207],[-2.1007,51.6225],[-2.1007,51.6266],[-2.1058,51.6292],[-2.1152,51.6376],[-2.1311,51.6432],[-2.1304,51.649],[-2.121,51.6576],[-2.1138,51.6609],[-2.1203,51.6695],[-2.1247,51.6713],[-2.1247,51.6859],[-2.1276,51.6886]]]},"properties":{"HA_NUM":53,"HA_NAME":"Avon (Bristol)"}},
{"type":"Feature","geometry":{"type":"Polygon","coordinates":[[[-2.3017,52.9455],[-2.3084,52.9473],[-2.3151,52.9523],[-2.3278,52.9536],[-2.3293,52.9581],[-2.3361,52.967],[-2.345,52.9672],[-2.3562,52.9728],[-2.3711,52.9741],[-2.3723,52.9809],[-2.3853,52.9804],[-2.3902,52.9785],[-2.4084,52.9789],[-2.4195,52.9726],[-2.4344,52.9708],[-2.4366,52.9654],[-2.4495,52.9613],[-2.4543,52.9572],[-2.4655,52.954],[-2.4661,52.9432],[-2.4742,52.9391],[-2.4705,52.934],[-2.4718,52.9212],[-2.4673,52.918],[-2.4754,52.9086],[-2.4869,52.909],[-2.4917,52.9045],[-2.4991,52.9015],[-2.5035,52.8974],[-2.5117,52.8999],[-2.5228,52.8971],[-2.5355,52.8986],[-2.5415,52.9022],[-2.5505,52.9114],[-2.5661,52.9122],[-2.5751,52.9182],[-2.5726,52.923],[-2.5671,52.9266],[-2.5661,52.9342],[-2.5775,52.9308],[-2.5925,52.9341],[-2.6015,52.9397],[-2.606,52.9448],[-2.612,52.9457],[-2.63,52.9555],[-2.6404,52.9541],[-2.6501,52.9572],[-2.659,52.9549],[-2.6713,52.9589],[-2.6836,52.9565],[-2.6921,52.9565],[-2.7028,52.9499],[-2.7028,52.947],[-2.7123,52.9397],[-2.7101,52.9375],[-2.7137,52.9303],[-2.7184,52.9276],[-2.7308,52.9293],[-2.7316,52.9374],[-2.7398,52.9351],[-2.748,52.9373],[-2.7554,52.9345],[-2.7703,52.938],[-2.7763,52.9407],[-2.7896,52.9325],[-2.8055,52.9315],[-2.8103,52.9261],[-2.8215,52.9283],[-2.837,52.9214],[-2.8353,52.9097],[-2.8404,52.9052],[-2.853,52.9042],[-2.8649,52.9061],[-2.8651,52.9131],[-2.8692,52.9162],[-2.88,52.9161],[-2.8853,52.9193],[-2.9028,52.92],[-2.9165,52.919],[-2.9239,52.9163],[-2.9234,52.928],[-2.942,52.9283],[-2.9486,52.9246],[-2.9507,52.9178],[-2.9733,52.915],[-2.9808,52.919],[-2.9901,52.9182],[-2.991,52.9256],[-2.9974,52.9292],[-3.0051,52.9241],[-3.0177,52.9204],[-3.0228,52.9166],[-3.0248,52.9091],[-3.03,52.9095],[-3.0355,52.9041],[-3.0418,52.9027],[-3.0585,52.903],[-3.0618,52.9012],[-3.0748,52.8997],[-3.088,52.8928],[-3.0965,52.8901],[-3.1161,52.8894],[-3.1188,52.8905],[-3.1351,52.8897],[-3.1368,52.8967],[-3.1519,52.908],[-3.1682,52.9047],[-3.1688,52.8995],[-3.1754,52.8952],[-3.1843,52.896],[-3.199,52.8891],[-3.2138,52.888],[-3.227,52.8798],[-3.2373,52.8779],[-3.2409,52.8734],[-3.2527,52.871],[-3.2579,52.8714],[-3.2738,52.8685],[-3.2825,52.8716],[-3.2921,52.871],[-3.2967,52.877],[-3.2961,52.8809],[-3.3096,52.8834],[-3.3221,52.8819],[-3.3342,52.8858],[-3.3372,52.8894],[-3.3448,52.8925],[-3.3529,52.8906],[-3.3678,52.8931],[-3.3781,52.8889],[-3.3808,52.8813],[-3.3874,52.8762],[-3.3985,52.8752],[-3.4043,52.8724],[-3.4155,52.8728],[-3.4176,52.87],[-3.4308,52.8645],[-3.4344,52.8609],[-3.4522,52.8606],[-3.4582,52.8633],[-3.4671,52.8605],[-3.4739,52.8635],[-3.4798,52.8634],[-3.4903,52.8676],[-3.4997,52.8596],[-3.5044,52.8438],[-3.5133,52.8432],[-3.5212,52.8382],[-3.5335,52.8394],[-3.5411,52.8424],[-3.5473,52.8397],[-3.5562,52.8404],[-3.56,52.8332],[-3.5678,52.8331],[-3.5791,52.8356],[-3.5856,52.8329],[-3.5931,52.8328],[-3.6074,52.8186],[-3.61,52.8096],[-3.5994,52.8037],[-3.6088,52.7975],[-3.6062,52.7872],[-3.5972,52.7842],[-3.5992,52.7787],[-3.5923,52.7725],[-3.593,52.75],[-3.5885,52.7474],[-3.5912,52.7406],[-3.583,52.7394],[-3.5885,52.7285],[-3.5942,52.7233],[-3.5941,52.7186],[-3.5829,52.7165],[-3.5789,52.7084],[-3.5729,52.7072],[-3.5794,52.7017],[-3.5846,52.7016],[-3.5925,52.6966],[-3.5967,52.6895],[-3.5851,52.6868],[-3.5897,52.6795],[-3.5822,52.6778],[-3.5791,52.6734],[-3.5819,52.6673],[-3.5788,52.6644],[-3.5778,52.6567],[-3.5829,52.6544],[-3.5738,52.6489],[-3.5736,52.6442],[-3.5779,52.6397],[-3.586,52.64],[-3.5963,52.6381],[-3.5999,52.6353],[-3.5994,52.6218],[-3.5934,52.6201],[-3.5889,52.6157],[-3.571,52.6132],[-3.5584,52.6103],[-3.5519,52.6153],[-3.5445,52.6145],[-3.5328,52.6061],[-3.5367,52.604],[-3.5373,52.5988],[-3.5416,52.5956],[-3.5578,52.5945],[-3.5749,52.5867],[-3.5826,52.587],[-3.5898,52.5811],[-3.5957,52.5792],[-3.5983,52.5711],[-3.5981,52.5652],[-3.6071,52.5682],[-3.6122,52.5677],[-3.6193,52.5609],[-3.6244,52.5595],[-3.621,52.546],[-3.6351,52.5377],[-3.6461,52.5376],[-3.6511,52.542],[-3.6562,52.5401],[-3.6544,52.5325],[-3.6565,52.5294],[-3.6672,52.5292],[-3.6697,52.5274],[-3.6808,52.5277],[-3.7109,52.5268],[-3.7118,52.5295],[-3.7078,52.5396],[-3.7079,52.5439],[-3.7175,52.5429],[-3.7242,52.545],[-3.7216,52.5361],[-3.7322,52.5242],[-3.7312,52.5175],[-3.7268,52.5164],[-3.7286,52.5081],[-3.7319,52.4973],[-3.7399,52.4958],[-3.7419,52.4895],[-3.7387,52.4834],[-3.7457,52.475],[-3.7276,52.4631],[-3.7144,52.4633],[-3.7113,52.4593],[-3.7023,52.4554],[-3.6912,52.4551],[-3.6785,52.4504],[-3.6731,52.4419],[-3.6612,52.4403],[-3.6566,52.4336],[-3.6506,52.4312],[-3.6452,52.4252],[-3.624,52.4269],[-3.6209,52.4238],[-3.6215,52.4188],[-3.614,52.4144],[-3.5964,52.4164],[-3.5963,52.4133],[-3.5819,52.4135],[-3.5785,52.4106],[-3.5798,52.4059],[-3.5854,52.3982],[-3.5905,52.3958],[-3.5859,52.3905],[-3.5784,52.3857],[-3.5834,52.382],[-3.5833,52.3784],[-3.5736,52.3754],[-3.5705,52.3714],[-3.5535,52.3667],[-3.5488,52.3694],[-3.5457,52.3753],[-3.5303,52.3764],[-3.5228,52.3729],[-3.5058,52.37],[-3.4979,52.3642],[-3.491,52.3643],[-3.4794,52.369],[-3.4752,52.3753],[-3.476,52.3784],[-3.4619,52.3863],[-3.4531,52.3859],[-3.4456,52.3905],[-3.4422,52.3991],[-3.4357,52.4039],[-3.4337,52.4113],[-3.4427,52.4155],[-3.437,52.4203],[-3.4394,52.427],[-3.4366,52.4306],[-3.4375,52.436],[-3.4228,52.4371],[-3.4163,52.4417],[-3.398,52.4428],[-3.394,52.4446],[-3.3768,52.4466],[-3.3724,52.4498],[-3.3621,52.4495],[-3.3591,52.4464],[-3.3474,52.4476],[-3.3313,52.4525],[-3.3323,52.459],[-3.3224,52.4625],[-3.31,52.4537],[-3.3068,52.4434],[-3.3074,52.4389],[-3.3146,52.4329],[-3.3071,52.4299],[-3.3017,52.4322],[-3.2862,52.4328],[-3.2843,52.429],[-3.2775,52.4248],[-3.2826,52.4225],[-3.2831,52.4122],[-3.2851,52.405],[-3.268,52.4004],[-3.2686,52.3941],[-3.2604,52.3913],[-3.2513,52.3801],[-3.2447,52.3802],[-3.2397,52.3848],[-3.2331,52.3864],[-3.2292,52.3795],[-3.2204,52.3796],[-3.2102,52.3833],[-3.2079,52.3779],[-3.2099,52.3714],[-3.2043,52.3689],[-3.1892,52.3655],[-3.1818,52.3658],[-3.1773,52.3593],[-3.1688,52.3576],[-3.1581,52.3579],[-3.1566,52.3537],[-3.1491,52.3484],[-3.1359,52.3512],[-3.1166,52.3426],[-3.1149,52.333],[-3.0995,52.3331],[-3.0964,52.3239],[-3.0904,52.3197],[-3.0809,52.32],[-3.074,52.323],[-3.0586,52.3231],[-3.0503,52.3169],[-3.0434,52.3165],[-3.0346,52.3184],[-3.0296,52.3234],[-3.0222,52.3226],[-3.0168,52.3262],[-3.0039,52.3245],[-2.9937,52.3286],[-2.974,52.3306],[-2.9637,52.3282],[-2.9519,52.3292],[-2.9512,52.3267],[-2.9356,52.3206],[-2.9352,52.3165],[-2.9282,52.3157],[-2.9072,52.3109],[-2.8952,52.3191],[-2.8983,52.3249],[-2.8866,52.325],[-2.8776,52.3159],[-2.8801,52.3129],[-2.8567,52.3005],[-2.8406,52.2984],[-2.8375,52.2939],[-2.8288,52.294],[-2.8156,52.2967],[-2.801,52.3027],[-2.7948,52.3027],[-2.7808,52.2974],[-2.7584,52.2935],[-2.7548,52.2971],[-2.7438,52.2995],[-2.7393,52.2959],[-2.729,52.2924],[-2.734,52.286],[-2.734,52.2806],[-2.7288,52.2793],[-2.7258,52.2744],[-2.71,52.2727],[-2.7037,52.2696],[-2.6911,52.2787],[-2.6847,52.2738],[-2.6781,52.2715],[-2.6787,52.2637],[-2.6721,52.2603],[-2.6641,52.2635],[-2.6576,52.269],[-2.6458,52.2695],[-2.6385,52.2655],[-2.6282,52.2655],[-2.6197,52.2624],[-2.6106,52.267],[-2.6026,52.2679],[-2.5982,52.2661],[-2.5857,52.2648],[-2.5871,52.2585],[-2.5724,52.2537],[-2.5738,52.2492],[-2.5664,52.247],[-2.5533,52.2488],[-2.5422,52.2399],[-2.5414,52.2336],[-2.5336,52.2287],[-2.5245,52.2296],[-2.519,52.2278],[-2.5128,52.2312],[-2.5011,52.2324],[-2.4945,52.2378],[-2.4925,52.2468],[-2.4969,52.2518],[-2.4934,52.265],[-2.503,52.2733],[-2.4987,52.2821],[-2.4921,52.2855],[-2.4848,52.2828],[-2.4847,52.2783],[-2.4773,52.2671],[-2.4771,52.2518],[-2.4734,52.2442],[-2.4755,52.2379],[-2.4703,52.2334],[-2.4708,52.2119],[-2.4766,52.2064],[-2.4832,52.2035],[-2.4788,52.1997],[-2.4802,52.1929],[-2.4677,52.1881],[-2.464,52.1885],[-2.4574,52.1831],[-2.4588,52.1784],[-2.4529,52.1742],[-2.4557,52.1656],[-2.4446,52.1524],[-2.4446,52.1472],[-2.4504,52.1454],[-2.4581,52.1485],[-2.4628,52.14],[-2.4686,52.1377],[-2.4743,52.1215],[-2.4815,52.1147],[-2.4795,52.0954],[-2.4827,52.092],[-2.4827,52.0864],[-2.4979,52.0787],[-2.511,52.0786],[-2.5117,52.0748],[-2.5218,52.0651],[-2.5306,52.0655],[-2.5334,52.0615],[-2.5333,52.0529],[-2.5474,52.0434],[-2.5499,52.0393],[-2.5419,52.0371],[-2.5389,52.0322],[-2.5418,52.029],[-2.5387,52.0151],[-2.5401,52.0066],[-2.5429,52.0016],[-2.5406,51.994],[-2.537,51.99],[-2.5412,51.9818],[-2.5506,51.9746],[-2.5469,51.9656],[-2.5359,51.9598],[-2.5249,51.9567],[-2.5197,51.9494],[-2.5204,51.9446],[-2.5153,51.9402],[-2.4977,51.9285],[-2.4962,51.9254],[-2.4815,51.9138],[-2.4793,51.907],[-2.4783,51.8873],[-2.4797,51.8738],[-2.4898,51.8737],[-2.5159,51.8687],[-2.5238,51.8619],[-2.5354,51.8569],[-2.5389,51.8519],[-2.5324,51.8506],[-2.5279,51.8416],[-2.5301,51.8392],[-2.5257,51.8336],[-2.5438,51.829],[-2.5575,51.8242],[-2.5789,51.8266],[-2.5865,51.8243],[-2.5864,51.818],[-2.5907,51.813],[-2.6001,51.8112],[-2.5999,51.795],[-2.597,51.7923],[-2.6077,51.7815],[-2.6086,51.7666],[-2.6197,51.7598],[-2.6211,51.7538],[-2.6182,51.7522],[-2.6151,51.7423],[-2.6194,51.7351],[-2.6258,51.7319],[-2.6374,51.7314],[-2.6445,51.7228],[-2.638,51.7224],[-2.6289,51.7153],[-2.6227,51.7124],[-2.6292,51.7094],[-2.6305,51.7036],[-2.6435,51.704],[-2.6493,51.7003],[-2.6492,51.6949],[-2.6448,51.6932],[-2.6432,51.6806],[-2.6504,51.6774],[-2.6554,51.6702],[-2.6602,51.6706],[-2.6604,51.6705],[-2.6632,51.6589],[-2.6696,51.6528],[-2.6608,51.6477],[-2.65,51.6468],[-2.6427,51.6442],[-2.6441,51.6392],[-2.6541,51.6351],[-2.6569,51.6251],[-2.6547,51.6218],[-2.6591,51.6157],[-2.6571,51.6106],[-2.6492,51.6107],[-2.6467,51.6166],[-2.6505,51.6231],[-2.6478,51.6309],[-2.639,51.6364],[-2.6374,51.6407],[-2.6241,51.6539],[-2.6258,51.6604],[-2.6161,51.6661],[-2.6033,51.6754],[-2.5949,51.6791],[-2.5657,51.689],[-2.5583,51.6925],[-2.5528,51.6928],[-2.5481,51.6972],[-2.5396,51.7002],[-2.5271,51.7026],[-2.517,51.7085],[-2.5065,51.7099],[-2.5021,51.7149],[-2.4977,51.7245],[-2.4893,51.7312],[-2.4794,51.7346],[-2.4725,51.7434],[-2.4549,51.7495],[-2.4378,51.7592],[-2.4245,51.7648],[-2.4115,51.7683],[-2.4044,51.7734],[-2.4047,51.7763],[-2.4127,51.7806],[-2.426,51.7822],[-2.4374,51.7814],[-2.4487,51.7854],[-2.4528,51.7959],[-2.4415,51.8116],[-2.4299,51.8181],[-2.4234,51.8193],[-2.414,51.8165],[-2.4044,51.8066],[-2.3863,51.8014],[-2.373,51.7957],[-2.3628,51.7943],[-2.3528,51.7969],[-2.3492,51.8035],[-2.3583,51.8041],[-2.3621,51.8084],[-2.3592,51.811],[-2.3493,51.807],[-2.3452,51.8017],[-2.3504,51.7954],[-2.3686,51.7918],[-2.3829,51.7955],[-2.3903,51.7994],[-2.403,51.8013],[-2.4136,51.8059],[-2.4236,51.8147],[-2.4284,51.814],[-2.4358,51.809],[-2.4451,51.7982],[-2.4448,51.7904],[-2.4314,51.7867],[-2.4167,51.7863],[-2.3959,51.7802],[-2.3844,51.7756],[-2.3799,51.7686],[-2.38,51.7616],[-2.397,51.752],[-2.409,51.7491],[-2.4147,51.7438],[-2.4325,51.7363],[-2.4485,51.7403],[-2.4566,51.7367],[-2.4717,51.7264],[-2.482,51.7252],[-2.4839,51.7113],[-2.4891,51.7011],[-2.4979,51.6926],[-2.5109,51.6847],[-2.5283,51.6804],[-2.5582,51.6662],[-2.5689,51.6555],[-2.5738,51.6482],[-2.5797,51.6334],[-2.5838,51.6282],[-2.6003,51.6169],[-2.6288,51.6041],[-2.6353,51.5945],[-2.6415,51.5882],[-2.6566,51.576],[-2.6645,51.5723],[-2.6682,51.5543],[-2.6713,51.5473],[-2.6975,51.5202],[-2.6892,51.5162],[-2.6891,51.5126],[-2.6826,51.5077],[-2.6818,51.5037],[-2.6715,51.4916],[-2.6593,51.4921],[-2.6486,51.4989],[-2.6386,51.5032],[-2.6415,51.5086],[-2.6372,51.512],[-2.6352,51.5185],[-2.6266,51.5242],[-2.6208,51.5247],[-2.6152,51.531],[-2.6043,51.5311],[-2.5924,51.528],[-2.5907,51.5347],[-2.5793,51.5469],[-2.5729,51.5499],[-2.5607,51.5583],[-2.5528,51.5601],[-2.5493,51.5655],[-2.5428,51.5673],[-2.54,51.5732],[-2.5328,51.5759],[-2.5321,51.5793],[-2.522,51.5823],[-2.5177,51.5857],[-2.5207,51.5926],[-2.5128,51.5936],[-2.5107,51.5972],[-2.4991,51.5995],[-2.4811,51.6],[-2.4717,51.5969],[-2.4659,51.5996],[-2.4572,51.5956],[-2.4431,51.5938],[-2.4341,51.5952],[-2.4283,51.5898],[-2.4045,51.5899],[-2.3979,51.5841],[-2.3978,51.5729],[-2.4043,51.5688],[-2.392,51.5684],[-2.3881,51.5698],[-2.3754,51.5698],[-2.3667,51.5577],[-2.3616,51.5546],[-2.3551,51.5541],[-2.3406,51.5474],[-2.3378,51.5524],[-2.3386,51.5591],[-2.3321,51.56],[-2.3307,51.5672],[-2.3257,51.5702],[-2.329,51.578],[-2.3272,51.5812],[-2.3041,51.5839],[-2.2941,51.5925],[-2.2923,51.5979],[-2.2847,51.602],[-2.2841,51.6116],[-2.2877,51.6184],[-2.2936,51.6247],[-2.2871,51.6285],[-2.2741,51.6267],[-2.2654,51.6285],[-2.2582,51.6326],[-2.2611,51.6362],[-2.2554,51.6403],[-2.2569,51.6495],[-2.2634,51.6569],[-2.2602,51.6591],[-2.245,51.6628],[-2.236,51.6623],[-2.2313,51.6596],[-2.211,51.6606],[-2.207,51.6583],[-2.194,51.6584],[-2.1861,51.662],[-2.1807,51.662],[-2.1767,51.6732],[-2.1608,51.6732],[-2.1478,51.6804],[-2.1392,51.6836],[-2.1377,51.6863],[-2.1276,51.6886],[-2.1247,51.6895],[-2.1262,51.6989],[-2.1233,51.7057],[-2.1356,51.707],[-2.1429,51.7128],[-2.1335,51.7124],[-2.1262,51.7169],[-2.1125,51.716],[-2.1071,51.7192],[-2.0995,51.7196],[-2.0937,51.7237],[-2.0788,51.7255],[-2.0676,51.7304],[-2.0619,51.7354],[-2.0604,51.7403],[-2.0546,51.7448],[-2.0583,51.7558],[-2.0641,51.7587],[-2.0633,51.7698],[-2.0612,51.7761],[-2.0728,51.7817],[-2.0735,51.7871],[-2.059,51.7871],[-2.0489,51.7889],[-2.0496,51.7952],[-2.0532,51.8026],[-2.0605,51.8051],[-2.0576,51.817],[-2.0685,51.8194],[-2.075,51.8233],[-2.075,51.8266],[-2.0885,51.8311],[-2.0975,51.8298],[-2.1033,51.8329],[-2.0932,51.8376],[-2.0932,51.8408],[-2.099,51.8453],[-2.0947,51.852],[-2.0849,51.8522],[-2.0733,51.8545],[-2.0751,51.8644],[-2.0682,51.8626],[-2.0613,51.8635],[-2.0555,51.8581],[-2.0453,51.8581],[-2.0344,51.8626],[-2.0254,51.8622],[-2.0192,51.8653],[-2.0054,51.8658],[-2.001,51.8631],[-1.9938,51.8658],[-1.9865,51.8777],[-1.9865,51.8837],[-1.9978,51.89],[-2.0101,51.8918],[-2.0119,51.9002],[-2.0098,51.9026],[-2.0119,51.9143],[-2.0083,51.9195],[-1.9974,51.9188],[-1.9916,51.9233],[-1.9865,51.9231],[-1.9785,51.9273],[-1.9712,51.9278],[-1.9632,51.9184],[-1.9541,51.9134],[-1.9407,51.9138],[-1.932,51.9174],[-1.9229,51.9183],[-1.9189,51.9206],[-1.9218,51.9251],[-1.9239,51.935],[-1.9218,51.9404],[-1.9265,51.9489],[-1.9123,51.948],[-1.9014,51.9516],[-1.9064,51.9597],[-1.9064,51.9669],[-1.901,51.9669],[-1.8962,51.9718],[-1.8846,51.9718],[-1.8867,51.9799],[-1.8794,51.9983],[-1.8678,51.9979],[-1.8576,51.9996],[-1.8473,52.0068],[-1.8379,52.0073],[-1.8342,52.01],[-1.8356,52.0234],[-1.8323,52.0261],[-1.8105,52.0234],[-1.7934,52.0155],[-1.7855,51.9964],[-1.7731,51.9896],[-1.7695,51.9851],[-1.7622,51.9869],[-1.7527,51.9968],[-1.7337,52.0075],[-1.7228,52.0079],[-1.7075,52.0021],[-1.7002,52.0025],[-1.6879,52.0007],[-1.6718,52.0006],[-1.6602,51.9956],[-1.6529,51.9965],[-1.6487,51.9808],[-1.6458,51.9785],[-1.6331,51.9776],[-1.6276,51.9758],[-1.621,51.978],[-1.6054,51.9775],[-1.6006,51.9793],[-1.5934,51.9761],[-1.5927,51.9725],[-1.5774,51.9742],[-1.5716,51.976],[-1.5592,51.9769],[-1.5482,51.9804],[-1.5431,51.9804],[-1.5318,51.9871],[-1.5292,51.9925],[-1.5218,51.997],[-1.5225,52.0019],[-1.5108,52.0068],[-1.4977,52.009],[-1.4882,52.009],[-1.4794,52.0134],[-1.4663,52.0129],[-1.4641,52.0111],[-1.4408,52.0128],[-1.4385,52.0195],[-1.453,52.0281],[-1.4606,52.0304],[-1.4657,52.0349],[-1.466,52.0392],[-1.4718,52.043],[-1.4827,52.0453],[-1.4862,52.0539],[-1.4979,52.054],[-1.4985,52.0638],[-1.5029,52.0648],[-1.5014,52.0711],[-1.4959,52.0692],[-1.4845,52.0737],[-1.4815,52.0822],[-1.4814,52.0939],[-1.4776,52.1056],[-1.4731,52.1127],[-1.4548,52.1216],[-1.4452,52.1279],[-1.4437,52.1328],[-1.4342,52.1319],[-1.4334,52.1359],[-1.4231,52.1422],[-1.4245,52.1503],[-1.4175,52.1529],[-1.4039,52.1556],[-1.3882,52.1568],[-1.3833,52.1653],[-1.3702,52.1664],[-1.3635,52.1702],[-1.362,52.1751],[-1.3517,52.1769],[-1.3447,52.18],[-1.3243,52.1799],[-1.3188,52.1812],[-1.312,52.1962],[-1.3067,52.2022],[-1.311,52.2092],[-1.3102,52.2166],[-1.2991,52.222],[-1.2961,52.2269],[-1.2859,52.2255],[-1.2732,52.2169],[-1.2648,52.215],[-1.2502,52.2163],[-1.237,52.2153],[-1.234,52.2198],[-1.2179,52.2197],[-1.2135,52.2228],[-1.2192,52.228],[-1.2199,52.2327],[-1.2139,52.2412],[-1.2064,52.247],[-1.1925,52.246],[-1.1889,52.2473],[-1.1879,52.2595],[-1.1857,52.2608],[-1.1899,52.273],[-1.1765,52.2796],[-1.1684,52.2859],[-1.1668,52.2919],[-1.1722,52.2949],[-1.1747,52.3007],[-1.1907,52.3094],[-1.1957,52.3153],[-1.2008,52.3171],[-1.1992,52.3225],[-1.189,52.322],[-1.1786,52.3259],[-1.166,52.333],[-1.1514,52.332],[-1.1447,52.3333],[-1.1336,52.3409],[-1.1241,52.3395],[-1.1101,52.3398],[-1.1093,52.3443],[-1.1041,52.3465],[-1.1003,52.3519],[-1.0922,52.3527],[-1.0675,52.3404],[-1.063,52.3462],[-1.0511,52.3528],[-1.0474,52.3571],[-1.0532,52.3605],[-1.0508,52.3677],[-1.0463,52.3744],[-1.0483,52.3811],[-1.0409,52.382],[-1.0293,52.3774],[-1.0227,52.3778],[-1.0175,52.3813],[-0.993,52.3888],[-0.9834,52.3941],[-0.9809,52.404],[-0.9971,52.4063],[-1.0013,52.4113],[-0.9895,52.413],[-0.9878,52.4258],[-0.9899,52.4319],[-0.9869,52.4337],[-0.9986,52.4333],[-1.0045,52.4361],[-1.0217,52.4371],[-1.0478,52.4373],[-1.0533,52.4387],[-1.0666,52.4532],[-1.0635,52.4595],[-1.0678,52.4672],[-1.0611,52.4698],[-1.0654,52.4757],[-1.0735,52.4775],[-1.066,52.4842],[-1.0644,52.4892],[-1.0702,52.491],[-1.0864,52.4925],[-1.0953,52.4889],[-1.1138,52.4873],[-1.1189,52.4896],[-1.1255,52.4883],[-1.1402,52.4902],[-1.1535,52.4903],[-1.1615,52.4939],[-1.1664,52.489],[-1.1764,52.4828],[-1.1904,52.4851],[-1.1963,52.4816],[-1.2162,52.4813],[-1.2246,52.4885],[-1.2309,52.4861],[-1.2317,52.4814],[-1.2369,52.4765],[-1.2408,52.4666],[-1.2505,52.459],[-1.2528,52.4525],[-1.2583,52.4546],[-1.2785,52.4547],[-1.2843,52.4588],[-1.2946,52.4588],[-1.3041,52.4629],[-1.3121,52.4702],[-1.3121,52.4729],[-1.3301,52.4707],[-1.3475,52.4695],[-1.3652,52.4651],[-1.3726,52.4606],[-1.3799,52.4665],[-1.3925,52.4621],[-1.4061,52.463],[-1.4145,52.4622],[-1.4227,52.4589],[-1.4249,52.4546],[-1.4418,52.4563],[-1.4607,52.4754],[-1.4692,52.4768],[-1.479,52.4832],[-1.4872,52.4801],[-1.4959,52.4868],[-1.5118,52.4851],[-1.5195,52.4865],[-1.5253,52.4915],[-1.526,52.4977],[-1.5341,52.5],[-1.5348,52.5059],[-1.548,52.51],[-1.5612,52.5096],[-1.5636,52.4965],[-1.571,52.4889],[-1.5689,52.4804],[-1.5748,52.4768],[-1.5756,52.4671],[-1.5853,52.4625],[-1.5937,52.4616],[-1.5978,52.4589],[-1.6184,52.4585],[-1.6236,52.4549],[-1.6222,52.446],[-1.6171,52.4437],[-1.6179,52.4374],[-1.6238,52.4352],[-1.6231,52.4239],[-1.632,52.4172],[-1.628,52.4136],[-1.6151,52.4113],[-1.61,52.4061],[-1.6167,52.3978],[-1.6176,52.3871],[-1.6213,52.3839],[-1.6213,52.3776],[-1.6273,52.3678],[-1.6347,52.3615],[-1.6523,52.3588],[-1.6516,52.3498],[-1.6612,52.3472],[-1.6634,52.3431],[-1.6818,52.34],[-1.6957,52.3405],[-1.6972,52.3453],[-1.7023,52.3468],[-1.7133,52.3563],[-1.7283,52.3563],[-1.7339,52.3496],[-1.7434,52.346],[-1.7449,52.3404],[-1.7611,52.3425],[-1.7698,52.3452],[-1.7863,52.3587],[-1.7922,52.3587],[-1.8058,52.3547],[-1.8205,52.3462],[-1.8205,52.3428],[-1.8381,52.3449],[-1.8535,52.3381],[-1.8631,52.3318],[-1.869,52.3314],[-1.8741,52.3355],[-1.8873,52.3377],[-1.8961,52.3427],[-1.8968,52.3485],[-1.8931,52.3526],[-1.895,52.3571],[-1.9049,52.3575],[-1.91,52.3697],[-1.918,52.3782],[-1.9254,52.3784],[-1.9313,52.3823],[-1.954,52.3886],[-1.9819,52.3877],[-1.99,52.3899],[-2.0091,52.3845],[-2.0187,52.3809],[-2.0275,52.389],[-2.0371,52.3908],[-2.0422,52.4038],[-2.0334,52.4065],[-2.0268,52.411],[-2.0187,52.4119],[-2.0113,52.4245],[-2.0136,52.4263],[-2.0121,52.4407],[-2.0165,52.4416],[-2.0165,52.4492],[-2.0217,52.4589],[-2.0401,52.4695],[-2.0467,52.4771],[-2.0452,52.4857],[-2.0511,52.4901],[-2.0504,52.5016],[-2.0548,52.5041],[-2.0666,52.5041],[-2.0791,52.5104],[-2.0902,52.5094],[-2.0954,52.5121],[-2.0998,52.5189],[-2.1057,52.5198],[-2.1123,52.5261],[-2.1205,52.5301],[-2.119,52.5355],[-2.1198,52.5436],[-2.1146,52.5472],[-2.125,52.5582],[-2.1375,52.5651],[-2.1361,52.569],[-2.1228,52.5777],[-2.1243,52.5802],[-2.1154,52.5827],[-2.1007,52.5908],[-2.1,52.5975],[-2.0948,52.6025],[-2.0956,52.6097],[-2.1067,52.6178],[-2.1081,52.6137],[-2.1196,52.6101],[-2.1281,52.6105],[-2.134,52.6069],[-2.1417,52.6105],[-2.1506,52.6101],[-2.1539,52.6078],[-2.1624,52.6087],[-2.1701,52.6038],[-2.1686,52.597],[-2.1782,52.5903],[-2.1878,52.5889],[-2.1922,52.5911],[-2.204,52.5911],[-2.2184,52.5893],[-2.2262,52.5902],[-2.2255,52.5978],[-2.2225,52.5987],[-2.2211,52.6064],[-2.2274,52.6104],[-2.2359,52.6104],[-2.2418,52.6072],[-2.251,52.6059],[-2.2499,52.6108],[-2.244,52.6122],[-2.2455,52.618],[-2.2411,52.6236],[-2.2412,52.631],[-2.2301,52.6439],[-2.2361,52.6526],[-2.2362,52.6706],[-2.2436,52.6728],[-2.2444,52.676],[-2.2518,52.6778],[-2.2578,52.6948],[-2.2682,52.6984],[-2.2741,52.7029],[-2.2734,52.7128],[-2.2809,52.7213],[-2.2809,52.7267],[-2.2765,52.729],[-2.2765,52.7366],[-2.268,52.7398],[-2.2596,52.747],[-2.2759,52.7564],[-2.2804,52.7604],[-2.2834,52.7721],[-2.279,52.7757],[-2.2768,52.7829],[-2.2903,52.7941],[-2.2895,52.7997],[-2.2807,52.8069],[-2.28,52.8137],[-2.2856,52.817],[-2.2926,52.8175],[-2.2964,52.8296],[-2.2838,52.831],[-2.2786,52.8278],[-2.2697,52.8324],[-2.2675,52.8371],[-2.2824,52.8424],[-2.2936,52.8449],[-2.301,52.8498],[-2.3129,52.8552],[-2.3171,52.8592],[-2.3338,52.8603],[-2.3442,52.8672],[-2.3517,52.8679],[-2.3651,52.8775],[-2.3644,52.8827],[-2.357,52.8847],[-2.3563,52.8942],[-2.3616,52.8973],[-2.369,52.8973],[-2.3713,52.902],[-2.3832,52.9089],[-2.3774,52.9242],[-2.3618,52.9278],[-2.3596,52.9299],[-2.3358,52.9326],[-2.3299,52.9378],[-2.3135,52.9379],[-2.3069,52.9399],[-2.3017,52.9455]]]},"properties":{"HA_NUM":54,"HA_NAME":"Severn"}},
{"type":"Feature","geometry":{"type":"MultiPolygon","coordinates":[[[[-2.6602,51.6706],[-2.6554,51.6702],[-2.6504,51.6774],[-2.6432,51.6806],[-2.6448,51.6932],[-2.6492,51.6949],[-2.6493,51.7003],[-2.6435,51.704],[-2.6305,51.7036],[-2.6292,51.7094],[-2.6227,51.7124],[-2.6289,51.7153],[-2.638,51.7224],[-2.6445,51.7228],[-2.6374,51.7314],[-2.6258,51.7319],[-2.6194,51.7351],[-2.6151,51.7423],[-2.6182,51.7522],[-2.6211,51.7538],[-2.6197,51.7598],[-2.6086,51.7666],[-2.6077,51.7815],[-2.597,51.7923],[-2.5999,51.795],[-2.6001,51.8112],[-2.5907,51.813],[-2.5864,51.818],[-2.5865,51.8243],[-2.5789,51.8266],[-2.5575,51.8242],[-2.5438,51.829],[-2.5257,51.8336],[-2.5301,51.8392],[-2.5279,51.8416],[-2.5324,51.8506],[-2.5389,51.8519],[-2.5354,51.8569],[-2.5238,51.8619],[-2.5159,51.8687],[-2.4898,51.8737],[-2.4797,51.8738],[-2.4783,51.8873],[-2.4793,51.907],[-2.4815,51.9138],[-2.4962,51.9254],[-2.4977,51.9285],[-2.5153,51.9402],[-2.5204,51.9446],[-2.5197,51.9494],[-2.5249,51.9567],[-2.5359,51.9598],[-2.5469,51.9656],[-2.5506,51.9746],[-2.5412,51.9818],[-2.537,51.99],[-2.5406,51.994],[-2.5429,52.0016],[-2.5401,52.0066],[-2.5387,52.0151],[-2.5418,52.029],[-2.5389,52.0322],[-2.5419,52.0371],[-2.5499,52.0393],[-2.5474,52.0434],[-2.5333,52.0529],[-2.5334,52.0615],[-2.5306,52.0655],[-2.5218,52.0651],[-2.5117,52.0748],[-2.511,52.0786],[-2.4979,52.0787],[-2.4827,52.0864],[-2.4827,52.092],[-2.4795,52.0954],[-2.4815,52.1147],[-2.4743,52.1215],[-2.4686,52.1377],[-2.4628,52.14],[-2.4581,52.1485],[-2.4504,52.1454],[-2.4446,52.1472],[-2.4446,52.1524],[-2.4557,52.1656],[-2.4529,52.1742],[-2.4588,52.1784],[-2.4574,52.1831],[-2.464,52.1885],[-2.4677,52.1881],[-2.4802,52.1929],[-2.4788,52.1997],[-2.4832,52.2035],[-2.4766,52.2064],[-2.4708,52.2119],[-2.4703,52.2334],[-2.4755,52.2379],[-2.4734,52.2442],[-2.4771,52.2518],[-2.4773,52.2671],[-2.4847,52.2783],[-2.4848,52.2828],[-2.4921,52.2855],[-2.4987,52.2821],[-2.503,52.2733],[-2.4934,52.265],[-2.4969,52.2518],[-2.4925,52.2468],[-2.4945,52.2378],[-2.5011,52.2324],[-2.5128,52.2312],[-2.519,52.2278],[-2.5245,52.2296],[-2.5336,52.2287],[-2.5414,52.2336],[-2.5422,52.2399],[-2.5533,52.2488],[-2.5664,52.247],[-2.5738,52.2492],[-2.5724,52.2537],[-2.5871,52.2585],[-2.5857,52.2648],[-2.5982,52.2661],[-2.6026,52.2679],[-2.6106,52.267],[-2.6197,52.2624],[-2.6282,52.2655],[-2.6385,52.2655],[-2.6458,52.2695],[-2.6576,52.269],[-2.6641,52.2635],[-2.6721,52.2603],[-2.6787,52.2637],[-2.6781,52.2715],[-2.6847,52.2738],[-2.6911,52.2787],[-2.7037,52.2696],[-2.71,52.2727],[-2.7258,52.2744],[-2.7288,52.2793],[-2.734,52.2806],[-2.734,52.286],[-2.729,52.2924],[-2.7393,52.2959],[-2.7438,52.2995],[-2.7548,52.2971],[-2.7584,52.2935],[-2.7808,52.2974],[-2.7948,52.3027],[-2.801,52.3027],[-2.8156,52.2967],[-2.8288,52.294],[-2.8375,52.2939],[-2.8406,52.2984],[-2.8567,52.3005],[-2.8801,52.3129],[-2.8776,52.3159],[-2.8866,52.325],[-2.8983,52.3249],[-2.8952,52.3191],[-2.9072,52.3109],[-2.9282,52.3157],[-2.9352,52.3165],[-2.9356,52.3206],[-2.9512,52.3267],[-2.9519,52.3292],[-2.9637,52.3282],[-2.974,52.3306],[-2.9937,52.3286],[-3.0039,52.3245],[-3.0168,52.3262],[-3.0222,52.3226],[-3.0296,52.3234],[-3.0346,52.3184],[-3.0434,52.3165],[-3.0503,52.3169],[-3.0586,52.3231],[-3.074,52.323],[-3.0809,52.32],[-3.0904,52.3197],[-3.0964,52.3239],[-3.0995,52.3331],[-3.1149,52.333],[-3.1166,52.3426],[-3.1359,52.3512],[-3.1491,52.3484],[-3.1566,52.3537],[-3.1581,52.3579],[-3.1688,52.3576],[-3.1773,52.3593],[-3.1818,52.3658],[-3.1892,52.3655],[-3.2043,52.3689],[-3.2099,52.3714],[-3.2079,52.3779],[-3.2102,52.3833],[-3.2204,52.3796],[-3.2292,52.3795],[-3.2331,52.3864],[-3.2397,52.3848],[-3.2447,52.3802],[-3.2513,52.3801],[-3.2604,52.3913],[-3.2686,52.3941],[-3.268,52.4004],[-3.2851,52.405],[-3.2831,52.4122],[-3.2826,52.4225],[-3.2775,52.4248],[-3.2843,52.429],[-3.2862,52.4328],[-3.3017,52.4322],[-3.3071,52.4299],[-3.3146,52.4329],[-3.3074,52.4389],[-3.3068,52.4434],[-3.31,52.4537],[-3.3224,52.4625],[-3.3323,52.459],[-3.3313,52.4525],[-3.3474,52.4476],[-3.3591,52.4464],[-3.3621,52.4495],[-3.3724,52.4498],[-3.3768,52.4466],[-3.394,52.4446],[-3.398,52.4428],[-3.4163,52.4417],[-3.4228,52.4371],[-3.4375,52.436],[-3.4366,52.4306],[-3.4394,52.427],[-3.437,52.4203],[-3.4427,52.4155],[-3.4337,52.4113],[-3.4357,52.4039],[-3.4422,52.3991],[-3.4456,52.3905],[-3.4531,52.3859],[-3.4619,52.3863],[-3.476,52.3784],[-3.4752,52.3753],[-3.4794,52.369],[-3.491,52.3643],[-3.4979,52.3642],[-3.5058,52.37],[-3.5228,52.3729],[-3.5303,52.3764],[-3.5457,52.3753],[-3.5488,52.3694],[-3.5535,52.3667],[-3.5705,52.3714],[-3.5736,52.3754],[-3.5833,52.3784],[-3.5834,52.382],[-3.5784,52.3857],[-3.5859,52.3905],[-3.5905,52.3958],[-3.5854,52.3982],[-3.5798,52.4059],[-3.5785,52.4106],[-3.5819,52.4135],[-3.5963,52.4133],[-3.5964,52.4164],[-3.614,52.4144],[-3.6215,52.4188],[-3.6209,52.4238],[-3.624,52.4269],[-3.6452,52.4252],[-3.6506,52.4312],[-3.6566,52.4336],[-3.6612,52.4403],[-3.6731,52.4419],[-3.6785,52.4504],[-3.6912,52.4551],[-3.7023,52.4554],[-3.7113,52.4593],[-3.7144,52.4633],[-3.7276,52.4631],[-3.7457,52.475],[-3.7559,52.4713],[-3.7648,52.472],[-3.769,52.4684],[-3.783,52.4668],[-3.7828,52.4632],[-3.7883,52.4524],[-3.7911,52.4505],[-3.7858,52.4454],[-3.7874,52.4407],[-3.7817,52.4367],[-3.7727,52.4409],[-3.7671,52.4374],[-3.7668,52.4311],[-3.7601,52.4276],[-3.7588,52.4155],[-3.74,52.414],[-3.7359,52.4113],[-3.7197,52.4125],[-3.7171,52.419],[-3.7105,52.4198],[-3.7052,52.4156],[-3.705,52.4109],[-3.6933,52.4043],[-3.6848,52.4031],[-3.6866,52.3916],[-3.6778,52.3906],[-3.6708,52.392],[-3.668,52.3858],[-3.6643,52.384],[-3.6707,52.3795],[-3.6711,52.3691],[-3.6757,52.3654],[-3.683,52.3653],[-3.6921,52.3616],[-3.7234,52.3553],[-3.7255,52.3521],[-3.7379,52.3493],[-3.7428,52.3436],[-3.739,52.3416],[-3.741,52.3362],[-3.7498,52.3347],[-3.7496,52.3298],[-3.7612,52.3264],[-3.7693,52.3281],[-3.7726,52.3191],[-3.7799,52.3167],[-3.7841,52.3135],[-3.7804,52.3037],[-3.7726,52.2993],[-3.7725,52.2966],[-3.7629,52.2963],[-3.767,52.289],[-3.7668,52.2825],[-3.7636,52.2778],[-3.7702,52.2764],[-3.7693,52.2721],[-3.7727,52.2669],[-3.7703,52.262],[-3.7643,52.2581],[-3.7497,52.2594],[-3.7414,52.2539],[-3.7301,52.2554],[-3.7254,52.2379],[-3.7266,52.2303],[-3.722,52.2254],[-3.7292,52.2213],[-3.7253,52.215],[-3.7264,52.2062],[-3.7314,52.203],[-3.7334,52.1967],[-3.7265,52.1889],[-3.7315,52.1862],[-3.728,52.1799],[-3.7215,52.1751],[-3.7206,52.1683],[-3.7251,52.1633],[-3.7209,52.1591],[-3.7198,52.1477],[-3.716,52.1439],[-3.7067,52.1299],[-3.7175,52.1257],[-3.7188,52.1218],[-3.715,52.1187],[-3.7156,52.1145],[-3.7109,52.1078],[-3.705,52.1058],[-3.704,52.0998],[-3.6981,52.0965],[-3.7082,52.0835],[-3.6988,52.0778],[-3.6819,52.0736],[-3.6673,52.0747],[-3.6642,52.0698],[-3.6757,52.0651],[-3.6778,52.062],[-3.6711,52.0582],[-3.6754,52.0548],[-3.6751,52.049],[-3.662,52.0494],[-3.6689,52.0389],[-3.6586,52.037],[-3.652,52.034],[-3.6554,52.0268],[-3.6479,52.0215],[-3.6376,52.0185],[-3.6312,52.0237],[-3.6322,52.032],[-3.6213,52.0322],[-3.6098,52.0368],[-3.6114,52.0417],[-3.6044,52.0486],[-3.5959,52.0545],[-3.591,52.0609],[-3.5746,52.0715],[-3.5696,52.076],[-3.5424,52.0921],[-3.5274,52.0995],[-3.5253,52.104],[-3.5196,52.1059],[-3.5165,52.1006],[-3.5121,52.0997],[-3.5027,52.0935],[-3.492,52.091],[-3.4834,52.0956],[-3.4652,52.0963],[-3.4636,52.0922],[-3.457,52.091],[-3.447,52.0857],[-3.4443,52.0826],[-3.4348,52.0809],[-3.4215,52.0766],[-3.4258,52.0736],[-3.4198,52.0581],[-3.4151,52.0578],[-3.4116,52.052],[-3.4156,52.0501],[-3.4073,52.0403],[-3.3962,52.0378],[-3.3961,52.0339],[-3.3804,52.0316],[-3.3754,52.025],[-3.3837,52.0217],[-3.383,52.0112],[-3.3716,52.0052],[-3.3668,52.0053],[-3.3615,51.9993],[-3.3671,51.9895],[-3.3617,51.9811],[-3.3585,51.9726],[-3.3459,51.974],[-3.3352,51.971],[-3.33,51.9657],[-3.3298,51.9592],[-3.3325,51.954],[-3.3251,51.9505],[-3.3157,51.9497],[-3.3141,51.9452],[-3.306,51.9442],[-3.3073,51.9372],[-3.3041,51.9282],[-3.2989,51.9251],[-3.2917,51.9257],[-3.2762,51.9191],[-3.2754,51.9155],[-3.2694,51.9093],[-3.267,51.903],[-3.2545,51.8959],[-3.2413,51.8929],[-3.2334,51.8948],[-3.2291,51.898],[-3.23,51.9034],[-3.2236,51.9075],[-3.2209,51.9156],[-3.2283,51.9209],[-3.2284,51.9261],[-3.2214,51.934],[-3.223,51.9412],[-3.2211,51.9507],[-3.2147,51.9555],[-3.2148,51.9588],[-3.2079,51.9621],[-3.1967,51.9635],[-3.1852,51.9699],[-3.17,51.9719],[-3.1628,51.9751],[-3.1563,51.9756],[-3.1601,51.9823],[-3.1574,51.99],[-3.1494,51.9928],[-3.1317,51.9826],[-3.1118,51.9747],[-3.0986,51.9685],[-3.0919,51.9636],[-3.0764,51.9552],[-3.0756,51.9503],[-3.0673,51.94],[-3.0665,51.936],[-3.0533,51.9312],[-3.0481,51.9258],[-3.0486,51.9168],[-3.0306,51.8934],[-3.0247,51.8898],[-3.0202,51.8807],[-3.0142,51.8758],[-3.0026,51.8768],[-2.9931,51.8724],[-2.9945,51.8696],[-2.9773,51.8653],[-2.9718,51.8617],[-2.9753,51.855],[-2.9773,51.8464],[-2.972,51.8386],[-2.9734,51.833],[-2.9827,51.8266],[-2.9847,51.8196],[-2.9791,51.8145],[-2.9708,51.8145],[-2.9657,51.8119],[-2.9599,51.8133],[-2.954,51.8097],[-2.935,51.8031],[-2.927,51.8028],[-2.9206,51.806],[-2.9104,51.8069],[-2.9068,51.8047],[-2.8815,51.8099],[-2.867,51.8104],[-2.8604,51.8069],[-2.8559,51.7993],[-2.8486,51.7971],[-2.8456,51.793],[-2.8455,51.7872],[-2.8346,51.7855],[-2.8267,51.7882],[-2.8209,51.7856],[-2.814,51.7856],[-2.8099,51.7825],[-2.8075,51.7688],[-2.7944,51.7669],[-2.7827,51.7598],[-2.7769,51.758],[-2.7739,51.7519],[-2.7582,51.7469],[-2.7477,51.7469],[-2.7398,51.7501],[-2.7268,51.752],[-2.7193,51.7557],[-2.7152,51.7512],[-2.7086,51.7485],[-2.7057,51.7429],[-2.7063,51.7364],[-2.7207,51.7332],[-2.7359,51.7335],[-2.7417,51.7353],[-2.7503,51.7303],[-2.7597,51.7273],[-2.7582,51.7226],[-2.7632,51.719],[-2.7631,51.7136],[-2.755,51.7044],[-2.7512,51.6941],[-2.7468,51.6912],[-2.7507,51.6831],[-2.7618,51.6821],[-2.769,51.6767],[-2.7711,51.6722],[-2.7841,51.6743],[-2.8,51.6731],[-2.7998,51.6621],[-2.7889,51.6545],[-2.7787,51.6517],[-2.7736,51.6474],[-2.7553,51.6381],[-2.7495,51.6366],[-2.7436,51.6287],[-2.7381,51.6243],[-2.7247,51.6187],[-2.7173,51.6069],[-2.715,51.5988],[-2.7164,51.5947],[-2.7087,51.5903],[-2.7028,51.5906],[-2.7016,51.5934],[-2.6916,51.6013],[-2.6776,51.6069],[-2.6677,51.6097],[-2.6593,51.6244],[-2.6696,51.6343],[-2.667,51.6397],[-2.6712,51.6458],[-2.679,51.6444],[-2.68,51.6498],[-2.6675,51.6608],[-2.6792,51.6591],[-2.6873,51.6632],[-2.681,51.6699],[-2.6602,51.6706]]],[[[-2.6569,51.6251],[-2.6541,51.6351],[-2.6441,51.6392],[-2.6427,51.6442],[-2.65,51.6468],[-2.6608,51.6477],[-2.6696,51.6528],[-2.6632,51.6589],[-2.6604,51.6705],[-2.6701,51.6685],[-2.6805,51.669],[-2.684,51.6674],[-2.6845,51.6616],[-2.6759,51.6608],[-2.6689,51.6655],[-2.6672,51.6587],[-2.6781,51.6493],[-2.6691,51.6466],[-2.6656,51.6433],[-2.6674,51.6343],[-2.6569,51.6251]]]]},"properties":{"HA_NUM":55,"HA_NAME":"Wye (Hereford)"}},
{"type":"Feature","geometry":{"type":"Polygon","coordinates":[[[-2.9728,51.5409],[-2.9725,51.5408],[-2.9602,51.5363],[-2.9514,51.535],[-2.9274,51.5357],[-2.9152,51.5351],[-2.9077,51.5327],[-2.898,51.5356],[-2.891,51.5357],[-2.8696,51.5422],[-2.8443,51.5458],[-2.8215,51.554],[-2.79,51.5672],[-2.7521,51.5795],[-2.7222,51.5822],[-2.712,51.5825],[-2.7028,51.5906],[-2.7087,51.5903],[-2.7164,51.5947],[-2.715,51.5988],[-2.7173,51.6069],[-2.7247,51.6187],[-2.7381,51.6243],[-2.7436,51.6287],[-2.7495,51.6366],[-2.7553,51.6381],[-2.7736,51.6474],[-2.7787,51.6517],[-2.7889,51.6545],[-2.7998,51.6621],[-2.8,51.6731],[-2.7841,51.6743],[-2.7711,51.6722],[-2.769,51.6767],[-2.7618,51.6821],[-2.7507,51.6831],[-2.7468,51.6912],[-2.7512,51.6941],[-2.755,51.7044],[-2.7631,51.7136],[-2.7632,51.719],[-2.7582,51.7226],[-2.7597,51.7273],[-2.7503,51.7303],[-2.7417,51.7353],[-2.7359,51.7335],[-2.7207,51.7332],[-2.7063,51.7364],[-2.7057,51.7429],[-2.7086,51.7485],[-2.7152,51.7512],[-2.7193,51.7557],[-2.7268,51.752],[-2.7398,51.7501],[-2.7477,51.7469],[-2.7582,51.7469],[-2.7739,51.7519],[-2.7769,51.758],[-2.7827,51.7598],[-2.7944,51.7669],[-2.8075,51.7688],[-2.8099,51.7825],[-2.814,51.7856],[-2.8209,51.7856],[-2.8267,51.7882],[-2.8346,51.7855],[-2.8455,51.7872],[-2.8456,51.793],[-2.8486,51.7971],[-2.8559,51.7993],[-2.8604,51.8069],[-2.867,51.8104],[-2.8815,51.8099],[-2.9068,51.8047],[-2.9104,51.8069],[-2.9206,51.806],[-2.927,51.8028],[-2.935,51.8031],[-2.954,51.8097],[-2.9599,51.8133],[-2.9657,51.8119],[-2.9708,51.8145],[-2.9791,51.8145],[-2.9847,51.8196],[-2.9827,51.8266],[-2.9734,51.833],[-2.972,51.8386],[-2.9773,51.8464],[-2.9753,51.855],[-2.9718,51.8617],[-2.9773,51.8653],[-2.9945,51.8696],[-2.9931,51.8724],[-3.0026,51.8768],[-3.0142,51.8758],[-3.0202,51.8807],[-3.0247,51.8898],[-3.0306,51.8934],[-3.0486,51.9168],[-3.0481,51.9258],[-3.0533,51.9312],[-3.0665,51.936],[-3.0673,51.94],[-3.0756,51.9503],[-3.0764,51.9552],[-3.0919,51.9636],[-3.0986,51.9685],[-3.1118,51.9747],[-3.1317,51.9826],[-3.1494,51.9928],[-3.1574,51.99],[-3.1601,51.9823],[-3.1563,51.9756],[-3.1628,51.9751],[-3.17,51.9719],[-3.1852,51.9699],[-3.1967,51.9635],[-3.2079,51.9621],[-3.2148,51.9588],[-3.2147,51.9555],[-3.2211,51.9507],[-3.223,51.9412],[-3.2214,51.934],[-3.2284,51.9261],[-3.2283,51.9209],[-3.2209,51.9156],[-3.2236,51.9075],[-3.23,51.9034],[-3.2291,51.898],[-3.2334,51.8948],[-3.2413,51.8929],[-3.2545,51.8959],[-3.267,51.903],[-3.2694,51.9093],[-3.2754,51.9155],[-3.2762,51.9191],[-3.2917,51.9257],[-3.2989,51.9251],[-3.3041,51.9282],[-3.3073,51.9372],[-3.306,51.9442],[-3.3141,51.9452],[-3.3157,51.9497],[-3.3251,51.9505],[-3.3325,51.954],[-3.3298,51.9592],[-3.33,51.9657],[-3.3352,51.971],[-3.3459,51.974],[-3.3585,51.9726],[-3.3617,51.9811],[-3.3671,51.9895],[-3.3615,51.9993],[-3.3668,52.0053],[-3.3716,52.0052],[-3.383,52.0112],[-3.3837,52.0217],[-3.3754,52.025],[-3.3804,52.0316],[-3.3961,52.0339],[-3.3962,52.0378],[-3.4073,52.0403],[-3.4156,52.0501],[-3.4116,52.052],[-3.4151,52.0578],[-3.4198,52.0581],[-3.4258,52.0736],[-3.4215,52.0766],[-3.4348,52.0809],[-3.4443,52.0826],[-3.447,52.0857],[-3.457,52.091],[-3.4636,52.0922],[-3.4652,52.0963],[-3.4834,52.0956],[-3.492,52.091],[-3.5027,52.0935],[-3.5121,52.0997],[-3.5165,52.1006],[-3.5196,52.1059],[-3.5253,52.104],[-3.5274,52.0995],[-3.5424,52.0921],[-3.5696,52.076],[-3.5746,52.0715],[-3.591,52.0609],[-3.5959,52.0545],[-3.6044,52.0486],[-3.6114,52.0417],[-3.6098,52.0368],[-3.6213,52.0322],[-3.6322,52.032],[-3.6312,52.0237],[-3.6376,52.0185],[-3.651,52.0066],[-3.6508,52.0021],[-3.646,51.9999],[-3.6354,52.0005],[-3.6295,51.9968],[-3.6293,51.9923],[-3.6343,51.9879],[-3.6318,51.9792],[-3.6335,51.9659],[-3.642,51.9602],[-3.6403,51.953],[-3.6445,51.9496],[-3.6652,51.9493],[-3.6768,51.9559],[-3.6833,51.9567],[-3.6923,51.9633],[-3.7003,51.9641],[-3.7099,51.9671],[-3.7292,51.956],[-3.7528,51.9467],[-3.746,51.9405],[-3.7474,51.9375],[-3.742,51.932],[-3.7317,51.9285],[-3.7365,51.9199],[-3.7324,51.9177],[-3.7311,51.9119],[-3.7368,51.91],[-3.7367,51.906],[-3.7283,51.9048],[-3.7145,51.8955],[-3.7104,51.8834],[-3.6988,51.885],[-3.6942,51.8877],[-3.6715,51.8941],[-3.6587,51.8813],[-3.6555,51.8721],[-3.6474,51.8684],[-3.6473,51.8659],[-3.6387,51.8602],[-3.6325,51.8603],[-3.6194,51.8573],[-3.6042,51.8607],[-3.6,51.8639],[-3.5831,51.8578],[-3.5769,51.8579],[-3.5723,51.8624],[-3.5622,51.8635],[-3.558,51.8667],[-3.5492,51.8663],[-3.5382,51.8633],[-3.538,51.8768],[-3.5268,51.8788],[-3.5215,51.8829],[-3.5106,51.8846],[-3.5069,51.8824],[-3.5074,51.8741],[-3.4962,51.8648],[-3.486,51.8654],[-3.4812,51.8731],[-3.4705,51.8799],[-3.4707,51.8858],[-3.4664,51.8885],[-3.4556,51.8896],[-3.4555,51.886],[-3.4459,51.8816],[-3.4358,51.8831],[-3.4288,51.8805],[-3.4197,51.8815],[-3.4174,51.877],[-3.4122,51.8748],[-3.4014,51.8749],[-3.396,51.8669],[-3.3872,51.8645],[-3.3877,51.8553],[-3.3831,51.8486],[-3.3735,51.8429],[-3.3711,51.8357],[-3.3565,51.8323],[-3.3507,51.8324],[-3.3276,51.8362],[-3.3325,51.8303],[-3.3324,51.8265],[-3.3265,51.8223],[-3.3291,51.8151],[-3.3232,51.812],[-3.313,51.8099],[-3.3049,51.8046],[-3.3011,51.7992],[-3.2857,51.7911],[-3.2744,51.7766],[-3.2689,51.7735],[-3.2694,51.7658],[-3.2624,51.7619],[-3.2548,51.7624],[-3.2449,51.7594],[-3.2397,51.7545],[-3.2402,51.745],[-3.2306,51.7402],[-3.2239,51.7326],[-3.2222,51.7236],[-3.2192,51.721],[-3.2182,51.7102],[-3.2094,51.7044],[-3.2053,51.6991],[-3.2077,51.6955],[-3.206,51.6847],[-3.2115,51.6736],[-3.2047,51.664],[-3.2075,51.659],[-3.1986,51.6528],[-3.2029,51.649],[-3.2013,51.6452],[-3.2041,51.6406],[-3.2003,51.6339],[-3.2038,51.6283],[-3.2029,51.6218],[-3.1926,51.6151],[-3.1892,51.6089],[-3.1656,51.606],[-3.1494,51.6061],[-3.1469,51.608],[-3.1259,51.6073],[-3.1113,51.5989],[-3.1004,51.5954],[-3.0959,51.59],[-3.0864,51.5851],[-3.0863,51.5798],[-3.0798,51.5798],[-3.0725,51.5754],[-3.0729,51.5646],[-3.0678,51.5619],[-3.0706,51.557],[-3.0879,51.5564],[-3.0929,51.5529],[-3.0942,51.5469],[-3.1167,51.5255],[-3.1158,51.5192],[-3.1186,51.5156],[-3.1272,51.5142],[-3.1293,51.5085],[-3.1262,51.5023],[-3.1268,51.4926],[-3.1107,51.491],[-3.0937,51.4956],[-3.0791,51.5032],[-3.0682,51.5046],[-3.0482,51.5131],[-3.0403,51.5188],[-3.027,51.5206],[-3.0044,51.5307],[-2.9953,51.5366],[-2.9929,51.5437],[-2.9822,51.5522],[-2.9794,51.5483],[-2.9806,51.5439],[-2.9728,51.5409]]]},"properties":{"HA_NUM":56,"HA_NAME":"Usk"}},
{"type":"Feature","geometry":{"type":"Polygon","coordinates":[[[-3.1268,51.4926],[-3.1262,51.5023],[-3.1293,51.5085],[-3.1272,51.5142],[-3.1186,51.5156],[-3.1158,51.5192],[-3.1167,51.5255],[-3.0942,51.5469],[-3.0929,51.5529],[-3.0879,51.5564],[-3.0706,51.557],[-3.0678,51.5619],[-3.0729,51.5646],[-3.0725,51.5754],[-3.0798,51.5798],[-3.0863,51.5798],[-3.0864,51.5851],[-3.0959,51.59],[-3.1004,51.5954],[-3.1113,51.5989],[-3.1259,51.6073],[-3.1469,51.608],[-3.1494,51.6061],[-3.1656,51.606],[-3.1892,51.6089],[-3.1926,51.6151],[-3.2029,51.6218],[-3.2038,51.6283],[-3.2003,51.6339],[-3.2041,51.6406],[-3.2013,51.6452],[-3.2029,51.649],[-3.1986,51.6528],[-3.2075,51.659],[-3.2047,51.664],[-3.2115,51.6736],[-3.206,51.6847],[-3.2077,51.6955],[-3.2053,51.6991],[-3.2094,51.7044],[-3.2182,51.7102],[-3.2192,51.721],[-3.2222,51.7236],[-3.2239,51.7326],[-3.2306,51.7402],[-3.2402,51.745],[-3.2397,51.7545],[-3.2449,51.7594],[-3.2548,51.7624],[-3.2624,51.7619],[-3.2694,51.7658],[-3.2689,51.7735],[-3.2744,51.7766],[-3.2857,51.7911],[-3.3011,51.7992],[-3.3049,51.8046],[-3.313,51.8099],[-3.3232,51.812],[-3.3291,51.8151],[-3.3265,51.8223],[-3.3324,51.8265],[-3.3325,51.8303],[-3.3276,51.8362],[-3.3507,51.8324],[-3.3565,51.8323],[-3.3711,51.8357],[-3.3735,51.8429],[-3.3831,51.8486],[-3.3877,51.8553],[-3.3872,51.8645],[-3.396,51.8669],[-3.4014,51.8749],[-3.4122,51.8748],[-3.4174,51.877],[-3.4197,51.8815],[-3.4288,51.8805],[-3.4358,51.8831],[-3.4459,51.8816],[-3.4555,51.886],[-3.4556,51.8896],[-3.4664,51.8885],[-3.4707,51.8858],[-3.4705,51.8799],[-3.4812,51.8731],[-3.486,51.8654],[-3.4962,51.8648],[-3.499,51.8616],[-3.4904,51.8559],[-3.4892,51.8523],[-3.4833,51.849],[-3.4743,51.8385],[-3.4745,51.8237],[-3.48,51.8155],[-3.4806,51.8104],[-3.4775,51.8054],[-3.4834,51.7966],[-3.4946,51.7947],[-3.501,51.7901],[-3.52,51.7858],[-3.5246,51.7819],[-3.5251,51.7758],[-3.5412,51.7689],[-3.5311,51.7585],[-3.5307,51.7474],[-3.5415,51.746],[-3.5485,51.7393],[-3.5474,51.7286],[-3.54,51.7239],[-3.5471,51.7185],[-3.5571,51.7143],[-3.5832,51.7171],[-3.5874,51.7008],[-3.5818,51.6978],[-3.5859,51.6905],[-3.5832,51.687],[-3.5921,51.6828],[-3.5928,51.6801],[-3.5817,51.6735],[-3.5807,51.6656],[-3.5747,51.6587],[-3.5667,51.6571],[-3.5607,51.6517],[-3.5613,51.6472],[-3.5504,51.646],[-3.5489,51.6434],[-3.5402,51.643],[-3.5306,51.6371],[-3.5218,51.6352],[-3.5172,51.6267],[-3.5112,51.6196],[-3.5046,51.6174],[-3.4938,51.6187],[-3.483,51.6177],[-3.4792,51.6114],[-3.4668,51.608],[-3.463,51.6038],[-3.4634,51.5936],[-3.4597,51.5887],[-3.4682,51.5837],[-3.4666,51.5812],[-3.4662,51.5675],[-3.4616,51.5599],[-3.4515,51.5605],[-3.4342,51.558],[-3.4273,51.5478],[-3.4337,51.5428],[-3.4337,51.532],[-3.4376,51.5288],[-3.4349,51.5131],[-3.4326,51.5077],[-3.4338,51.5025],[-3.4388,51.5],[-3.4314,51.4929],[-3.4205,51.4894],[-3.4182,51.4854],[-3.4012,51.4847],[-3.3955,51.4857],[-3.3908,51.483],[-3.3883,51.4718],[-3.376,51.4724],[-3.3752,51.4679],[-3.3664,51.464],[-3.3542,51.465],[-3.3405,51.4629],[-3.3305,51.4648],[-3.3131,51.4623],[-3.2995,51.4652],[-3.2829,51.4627],[-3.2791,51.4573],[-3.2685,51.4624],[-3.2508,51.4608],[-3.2463,51.4662],[-3.2406,51.469],[-3.2222,51.4692],[-3.219,51.4674],[-3.2201,51.4579],[-3.2092,51.454],[-3.2063,51.45],[-3.1961,51.4479],[-3.1981,51.4424],[-3.1952,51.4398],[-3.1837,51.4394],[-3.1684,51.4326],[-3.1643,51.4417],[-3.1682,51.4463],[-3.1727,51.4462],[-3.1781,51.4508],[-3.1797,51.4588],[-3.1672,51.4581],[-3.1589,51.4639],[-3.1524,51.465],[-3.1503,51.4603],[-3.1359,51.4675],[-3.1346,51.4726],[-3.1258,51.4809],[-3.1218,51.488],[-3.1268,51.4926]]]},"properties":{"HA_NUM":57,"HA_NAME":"Taff Group"}},
{"type":"Feature","geometry":{"type":"Polygon","coordinates":[[[-3.4962,51.8648],[-3.5074,51.8741],[-3.5069,51.8824],[-3.5106,51.8846],[-3.5215,51.8829],[-3.5268,51.8788],[-3.538,51.8768],[-3.5382,51.8633],[-3.5492,51.8663],[-3.558,51.8667],[-3.5622,51.8635],[-3.5723,51.8624],[-3.5769,51.8579],[-3.5831,51.8578],[-3.6,51.8639],[-3.6042,51.8607],[-3.6194,51.8573],[-3.6211,51.8348],[-3.6111,51.8291],[-3.6116,51.8223],[-3.6091,51.8154],[-3.6118,51.8093],[-3.629,51.8019],[-3.6384,51.8022],[-3.6499,51.7984],[-3.6505,51.7948],[-3.6692,51.7919],[-3.6749,51.7895],[-3.6883,51.7893],[-3.7053,51.7878],[-3.7153,51.784],[-3.7216,51.7772],[-3.7248,51.7767],[-3.7372,51.768],[-3.7558,51.7632],[-3.7715,51.7571],[-3.7749,51.7494],[-3.7784,51.7471],[-3.7766,51.739],[-3.7823,51.7363],[-3.7903,51.7361],[-3.8039,51.7328],[-3.8108,51.7246],[-3.8185,51.7191],[-3.8181,51.7074],[-3.8223,51.7046],[-3.8407,51.7034],[-3.8446,51.7016],[-3.8434,51.689],[-3.8462,51.6863],[-3.8487,51.6777],[-3.8491,51.6691],[-3.857,51.669],[-3.8605,51.666],[-3.8492,51.6552],[-3.8634,51.6469],[-3.8583,51.6389],[-3.8635,51.6334],[-3.875,51.6305],[-3.8775,51.6215],[-3.8667,51.6216],[-3.8651,51.6193],[-3.8534,51.6176],[-3.8441,51.6085],[-3.8097,51.5882],[-3.7967,51.5753],[-3.7796,51.5605],[-3.7718,51.5478],[-3.7603,51.5359],[-3.7617,51.5343],[-3.7517,51.5148],[-3.7453,51.508],[-3.7477,51.5045],[-3.7439,51.5008],[-3.7351,51.4991],[-3.7243,51.4883],[-3.721,51.4799],[-3.7154,51.4792],[-3.7101,51.4754],[-3.7004,51.4746],[-3.6975,51.4782],[-3.6858,51.477],[-3.6801,51.474],[-3.6737,51.4796],[-3.6621,51.4803],[-3.6509,51.4777],[-3.6391,51.4702],[-3.6418,51.4633],[-3.6361,51.4586],[-3.6195,51.4522],[-3.5967,51.4406],[-3.5837,51.4291],[-3.5764,51.4173],[-3.5685,51.4135],[-3.5587,51.4009],[-3.5415,51.3973],[-3.5245,51.4],[-3.4967,51.3953],[-3.4911,51.3954],[-3.4776,51.392],[-3.4719,51.3933],[-3.4583,51.3893],[-3.4487,51.3877],[-3.4376,51.3887],[-3.427,51.3875],[-3.4153,51.388],[-3.4082,51.3863],[-3.4053,51.3818],[-3.3724,51.3842],[-3.3577,51.3839],[-3.3402,51.3814],[-3.324,51.3874],[-3.3177,51.3884],[-3.3117,51.3924],[-3.3016,51.3915],[-3.2895,51.386],[-3.2886,51.3909],[-3.2702,51.3894],[-3.2543,51.3933],[-3.2505,51.3966],[-3.241,51.3964],[-3.2259,51.403],[-3.2201,51.4034],[-3.2082,51.4005],[-3.1961,51.3993],[-3.1875,51.4],[-3.1693,51.4069],[-3.1709,51.4128],[-3.1706,51.4275],[-3.1684,51.4326],[-3.1837,51.4394],[-3.1952,51.4398],[-3.1981,51.4424],[-3.1961,51.4479],[-3.2063,51.45],[-3.2092,51.454],[-3.2201,51.4579],[-3.219,51.4674],[-3.2222,51.4692],[-3.2406,51.469],[-3.2463,51.4662],[-3.2508,51.4608],[-3.2685,51.4624],[-3.2791,51.4573],[-3.2829,51.4627],[-3.2995,51.4652],[-3.3131,51.4623],[-3.3305,51.4648],[-3.3405,51.4629],[-3.3542,51.465],[-3.3664,51.464],[-3.3752,51.4679],[-3.376,51.4724],[-3.3883,51.4718],[-3.3908,51.483],[-3.3955,51.4857],[-3.4012,51.4847],[-3.4182,51.4854],[-3.4205,51.4894],[-3.4314,51.4929],[-3.4388,51.5],[-3.4338,51.5025],[-3.4326,51.5077],[-3.4349,51.5131],[-3.4376,51.5288],[-3.4337,51.532],[-3.4337,51.5428],[-3.4273,51.5478],[-3.4342,51.558],[-3.4515,51.5605],[-3.4616,51.5599],[-3.4662,51.5675],[-3.4666,51.5812],[-3.4682,51.5837],[-3.4597,51.5887],[-3.4634,51.5936],[-3.463,51.6038],[-3.4668,51.608],[-3.4792,51.6114],[-3.483,51.6177],[-3.4938,51.6187],[-3.5046,51.6174],[-3.5112,51.6196],[-3.5172,51.6267],[-3.5218,51.6352],[-3.5306,51.6371],[-3.5402,51.643],[-3.5489,51.6434],[-3.5504,51.646],[-3.5613,51.6472],[-3.5607,51.6517],[-3.5667,51.6571],[-3.5747,51.6587],[-3.5807,51.6656],[-3.5817,51.6735],[-3.5928,51.6801],[-3.5921,51.6828],[-3.5832,51.687],[-3.5859,51.6905],[-3.5818,51.6978],[-3.5874,51.7008],[-3.5832,51.7171],[-3.5571,51.7143],[-3.5471,51.7185],[-3.54,51.7239],[-3.5474,51.7286],[-3.5485,51.7393],[-3.5415,51.746],[-3.5307,51.7474],[-3.5311,51.7585],[-3.5412,51.7689],[-3.5251,51.7758],[-3.5246,51.7819],[-3.52,51.7858],[-3.501,51.7901],[-3.4946,51.7947],[-3.4834,51.7966],[-3.4775,51.8054],[-3.4806,51.8104],[-3.48,51.8155],[-3.4745,51.8237],[-3.4743,51.8385],[-3.4833,51.849],[-3.4892,51.8523],[-3.4904,51.8559],[-3.499,51.8616],[-3.4962,51.8648]]]},"properties":{"HA_NUM":58,"HA_NAME":"Mid-Glamorgan Group"}},
{"type":"Feature","geometry":{"type":"Polygon","coordinates":[[[-3.6194,51.8573],[-3.6325,51.8603],[-3.6387,51.8602],[-3.6473,51.8659],[-3.6474,51.8684],[-3.6555,51.8721],[-3.6587,51.8813],[-3.6715,51.8941],[-3.6942,51.8877],[-3.6988,51.885],[-3.7104,51.8834],[-3.7157,51.8811],[-3.7285,51.8818],[-3.7334,51.8786],[-3.749,51.8779],[-3.758,51.876],[-3.7763,51.8784],[-3.7759,51.8681],[-3.7848,51.854],[-3.7912,51.8521],[-3.7992,51.8524],[-3.8142,51.8459],[-3.8233,51.8453],[-3.8397,51.8473],[-3.85,51.8523],[-3.866,51.851],[-3.8684,51.8478],[-3.8868,51.8452],[-3.9007,51.8392],[-3.9068,51.8458],[-3.926,51.8468],[-3.9285,51.8446],[-3.9401,51.8444],[-3.9483,51.8402],[-3.965,51.8408],[-3.9722,51.8396],[-3.9817,51.8405],[-3.9845,51.8387],[-3.9941,51.8435],[-4.0097,51.8427],[-4.0234,51.8495],[-4.0265,51.8523],[-4.0388,51.8526],[-4.0699,51.8489],[-4.08,51.8483],[-4.0797,51.8411],[-4.0745,51.8385],[-4.075,51.8335],[-4.0655,51.8323],[-4.0635,51.8216],[-4.072,51.8154],[-4.0656,51.804],[-4.0763,51.7984],[-4.0828,51.7992],[-4.0965,51.7976],[-4.0985,51.7922],[-4.1028,51.7917],[-4.1231,51.7756],[-4.1323,51.7709],[-4.143,51.7676],[-4.1488,51.7683],[-4.158,51.7646],[-4.1593,51.7601],[-4.1651,51.76],[-4.1727,51.7526],[-4.1825,51.7466],[-4.1851,51.7398],[-4.1943,51.7345],[-4.1927,51.7248],[-4.2015,51.7197],[-4.2094,51.7173],[-4.2295,51.7138],[-4.2466,51.7085],[-4.2657,51.7012],[-4.2734,51.6945],[-4.263,51.6891],[-4.2634,51.6826],[-4.2704,51.6784],[-4.2316,51.6791],[-4.2231,51.684],[-4.2157,51.6852],[-4.2039,51.6845],[-4.1849,51.6814],[-4.175,51.6719],[-4.1698,51.6711],[-4.1637,51.6611],[-4.1501,51.6547],[-4.1399,51.6599],[-4.1297,51.6581],[-4.1111,51.659],[-4.09,51.6633],[-4.0811,51.6639],[-4.08,51.6801],[-4.082,51.6853],[-4.0737,51.6885],[-4.0691,51.6844],[-4.0761,51.6812],[-4.068,51.6698],[-4.0797,51.6626],[-4.0684,51.6531],[-4.0715,51.6523],[-4.081,51.6574],[-4.0947,51.6551],[-4.1138,51.6491],[-4.1137,51.6445],[-4.1211,51.6418],[-4.138,51.6399],[-4.1364,51.6356],[-4.142,51.6341],[-4.1528,51.6357],[-4.1582,51.634],[-4.1691,51.624],[-4.185,51.6251],[-4.191,51.6295],[-4.2098,51.6331],[-4.2213,51.629],[-4.2378,51.6303],[-4.2333,51.634],[-4.2346,51.6406],[-4.2429,51.6483],[-4.2471,51.6456],[-4.2513,51.6358],[-4.2607,51.6263],[-4.2719,51.6247],[-4.2856,51.6138],[-4.294,51.6154],[-4.3078,51.6109],[-4.2953,51.5954],[-4.2884,51.5784],[-4.2904,51.5698],[-4.2967,51.5687],[-4.3054,51.564],[-4.2944,51.5614],[-4.2818,51.5609],[-4.2793,51.5582],[-4.2713,51.5568],[-4.2367,51.5423],[-4.2231,51.5405],[-4.2153,51.5412],[-4.1986,51.5476],[-4.1804,51.5473],[-4.1615,51.5446],[-4.1515,51.5415],[-4.1457,51.545],[-4.147,51.5479],[-4.1606,51.5554],[-4.1553,51.5622],[-4.1457,51.5666],[-4.1365,51.5691],[-4.1165,51.5702],[-4.106,51.5693],[-4.1023,51.5655],[-4.0937,51.5655],[-4.0842,51.5615],[-4.0739,51.5622],[-4.0664,51.5577],[-4.06,51.5582],[-4.058,51.5636],[-4.052,51.5644],[-4.0346,51.5702],[-4.0273,51.567],[-4.024,51.5633],[-4.0118,51.5679],[-3.9916,51.5635],[-3.9765,51.5689],[-3.9975,51.5755],[-4.0005,51.5801],[-3.9983,51.589],[-3.993,51.598],[-3.9827,51.6042],[-3.9652,51.6106],[-3.9387,51.6138],[-3.9219,51.6165],[-3.9244,51.6116],[-3.9188,51.6093],[-3.9024,51.6133],[-3.8928,51.6189],[-3.8798,51.6167],[-3.8651,51.6193],[-3.8667,51.6216],[-3.8775,51.6215],[-3.875,51.6305],[-3.8635,51.6334],[-3.8583,51.6389],[-3.8634,51.6469],[-3.8492,51.6552],[-3.8605,51.666],[-3.857,51.669],[-3.8491,51.6691],[-3.8487,51.6777],[-3.8462,51.6863],[-3.8434,51.689],[-3.8446,51.7016],[-3.8407,51.7034],[-3.8223,51.7046],[-3.8181,51.7074],[-3.8185,51.7191],[-3.8108,51.7246],[-3.8039,51.7328],[-3.7903,51.7361],[-3.7823,51.7363],[-3.7766,51.739],[-3.7784,51.7471],[-3.7749,51.7494],[-3.7715,51.7571],[-3.7558,51.7632],[-3.7372,51.768],[-3.7248,51.7767],[-3.7216,51.7772],[-3.7153,51.784],[-3.7053,51.7878],[-3.6883,51.7893],[-3.6749,51.7895],[-3.6692,51.7919],[-3.6505,51.7948],[-3.6499,51.7984],[-3.6384,51.8022],[-3.629,51.8019],[-3.6118,51.8093],[-3.6091,51.8154],[-3.6116,51.8223],[-3.6111,51.8291],[-3.6211,51.8348],[-3.6194,51.8573]]]},"properties":{"HA_NUM":59,"HA_NAME":"Loughor Group"}},
{"type":"Feature","geometry":{"type":"Polygon","coordinates":[[[-3.6376,52.0185],[-3.6479,52.0215],[-3.6554,52.0268],[-3.652,52.034],[-3.6586,52.037],[-3.6689,52.0389],[-3.662,52.0494],[-3.6751,52.049],[-3.6754,52.0548],[-3.6711,52.0582],[-3.6778,52.062],[-3.6757,52.0651],[-3.6642,52.0698],[-3.6673,52.0747],[-3.6819,52.0736],[-3.6988,52.0778],[-3.7082,52.0835],[-3.6981,52.0965],[-3.704,52.0998],[-3.705,52.1058],[-3.7109,52.1078],[-3.7156,52.1145],[-3.715,52.1187],[-3.7188,52.1218],[-3.7175,52.1257],[-3.7067,52.1299],[-3.716,52.1439],[-3.7198,52.1477],[-3.7209,52.1591],[-3.7251,52.1633],[-3.7206,52.1683],[-3.7215,52.1751],[-3.728,52.1799],[-3.7315,52.1862],[-3.7265,52.1889],[-3.7334,52.1967],[-3.7314,52.203],[-3.7264,52.2062],[-3.7253,52.215],[-3.7292,52.2213],[-3.722,52.2254],[-3.7266,52.2303],[-3.7254,52.2379],[-3.7301,52.2554],[-3.7414,52.2539],[-3.7497,52.2594],[-3.7643,52.2581],[-3.7743,52.2516],[-3.7809,52.2515],[-3.7881,52.2581],[-3.7935,52.254],[-3.7968,52.2463],[-3.804,52.2431],[-3.8078,52.2363],[-3.829,52.2274],[-3.8309,52.2197],[-3.8372,52.2124],[-3.8447,52.2096],[-3.8376,52.2052],[-3.8298,52.2027],[-3.8432,52.1989],[-3.8474,52.195],[-3.8548,52.1964],[-3.8676,52.1868],[-3.8696,52.1829],[-3.8671,52.176],[-3.8735,52.1714],[-3.8836,52.1685],[-3.8922,52.1641],[-3.906,52.1632],[-3.9146,52.1591],[-3.9137,52.1537],[-3.9082,52.1538],[-3.9047,52.1493],[-3.9243,52.1459],[-3.9278,52.1427],[-3.9407,52.1361],[-3.9465,52.1347],[-3.9564,52.1282],[-3.964,52.1182],[-3.972,52.1181],[-3.9834,52.1098],[-3.9854,52.1053],[-3.9925,52.102],[-3.9938,52.0984],[-4.0077,52.0982],[-4.011,52.0999],[-4.0193,52.0971],[-4.0183,52.0921],[-4.0262,52.0875],[-4.0303,52.0829],[-4.0391,52.0837],[-4.0397,52.0796],[-4.0482,52.075],[-4.0577,52.0748],[-4.0649,52.0724],[-4.0698,52.0683],[-4.0836,52.0669],[-4.0877,52.0617],[-4.0889,52.0561],[-4.0822,52.0526],[-4.089,52.0495],[-4.096,52.0508],[-4.0972,52.0458],[-4.105,52.0421],[-4.1069,52.0357],[-4.1191,52.0396],[-4.1214,52.0341],[-4.1294,52.0324],[-4.1353,52.0354],[-4.1484,52.0273],[-4.162,52.028],[-4.164,52.0257],[-4.1748,52.0228],[-4.1819,52.0182],[-4.1866,52.0098],[-4.1855,52.0028],[-4.189,51.9989],[-4.1983,51.9954],[-4.1981,51.9927],[-4.2153,51.9789],[-4.2212,51.9801],[-4.2302,51.9791],[-4.2391,51.9753],[-4.2602,51.974],[-4.2721,51.9724],[-4.2897,51.9743],[-4.3053,51.9799],[-4.3187,51.9796],[-4.3258,51.9828],[-4.3366,51.9806],[-4.3444,51.9764],[-4.3551,51.9784],[-4.3645,51.9782],[-4.3712,51.9745],[-4.3763,51.9744],[-4.3797,51.9829],[-4.4014,51.9811],[-4.4104,51.9858],[-4.4163,51.9862],[-4.437,51.979],[-4.434,51.9764],[-4.4408,51.9677],[-4.4405,51.9627],[-4.4568,51.9541],[-4.4645,51.9559],[-4.4783,51.9557],[-4.4936,51.9621],[-4.5034,51.9619],[-4.5076,51.9591],[-4.5282,51.9555],[-4.5377,51.9629],[-4.5491,51.9645],[-4.5654,51.9632],[-4.5696,51.9667],[-4.5769,51.967],[-4.5843,51.9696],[-4.5829,51.9831],[-4.5918,51.9865],[-4.6018,51.9822],[-4.6127,51.982],[-4.6186,51.9836],[-4.6205,51.9787],[-4.6296,51.9731],[-4.6461,51.9749],[-4.652,51.9694],[-4.6598,51.9665],[-4.6608,51.9589],[-4.6582,51.9515],[-4.6637,51.9464],[-4.6591,51.9423],[-4.6609,51.9364],[-4.6571,51.9333],[-4.6633,51.9271],[-4.6732,51.9217],[-4.6944,51.9122],[-4.698,51.9117],[-4.7041,51.9044],[-4.7039,51.9003],[-4.712,51.8965],[-4.7178,51.8903],[-4.7178,51.878],[-4.7276,51.8712],[-4.729,51.8593],[-4.7258,51.8549],[-4.7314,51.8507],[-4.7279,51.8404],[-4.7211,51.837],[-4.7071,51.8333],[-4.6991,51.8334],[-4.6948,51.8209],[-4.6889,51.8206],[-4.6842,51.8149],[-4.7052,51.8142],[-4.7107,51.821],[-4.7158,51.8209],[-4.7315,51.8165],[-4.7409,51.8167],[-4.7451,51.8139],[-4.7408,51.8091],[-4.743,51.8023],[-4.7391,51.7988],[-4.7304,51.799],[-4.7274,51.7964],[-4.7202,51.7974],[-4.7178,51.793],[-4.711,51.7884],[-4.6945,51.7868],[-4.6888,51.7813],[-4.6883,51.7739],[-4.6774,51.7732],[-4.6722,51.7706],[-4.6548,51.7701],[-4.6549,51.7728],[-4.6466,51.7793],[-4.6348,51.7818],[-4.6255,51.7897],[-4.614,51.7913],[-4.6037,51.7893],[-4.6059,51.7778],[-4.5896,51.7716],[-4.5872,51.7678],[-4.5792,51.7669],[-4.5702,51.7608],[-4.5585,51.7588],[-4.5589,51.7534],[-4.5651,51.7481],[-4.5662,51.7411],[-4.5632,51.7402],[-4.5595,51.7418],[-4.4944,51.7353],[-4.4652,51.7318],[-4.4478,51.7331],[-4.4364,51.738],[-4.4253,51.7403],[-4.4177,51.7449],[-4.4382,51.754],[-4.4452,51.7595],[-4.457,51.7641],[-4.4612,51.7672],[-4.4531,51.774],[-4.448,51.7811],[-4.4386,51.7794],[-4.4387,51.7746],[-4.4482,51.7703],[-4.4366,51.7655],[-4.4189,51.7617],[-4.408,51.757],[-4.403,51.7576],[-4.3972,51.763],[-4.3918,51.7636],[-4.3763,51.7761],[-4.374,51.7853],[-4.3709,51.7899],[-4.3629,51.7946],[-4.3434,51.797],[-4.3669,51.786],[-4.3628,51.7802],[-4.3639,51.7754],[-4.3717,51.7688],[-4.3722,51.7628],[-4.3764,51.7556],[-4.3758,51.7473],[-4.3641,51.7371],[-4.3559,51.7376],[-4.3277,51.7361],[-4.3233,51.7346],[-4.3249,51.7281],[-4.3206,51.7233],[-4.3399,51.7274],[-4.3422,51.7298],[-4.3545,51.7281],[-4.3687,51.731],[-4.3829,51.729],[-4.3815,51.724],[-4.3636,51.7065],[-4.3374,51.6871],[-4.3212,51.6767],[-4.3135,51.6736],[-4.2901,51.668],[-4.2715,51.669],[-4.2637,51.6731],[-4.2704,51.6784],[-4.2634,51.6826],[-4.263,51.6891],[-4.2734,51.6945],[-4.2657,51.7012],[-4.2466,51.7085],[-4.2295,51.7138],[-4.2094,51.7173],[-4.2015,51.7197],[-4.1927,51.7248],[-4.1943,51.7345],[-4.1851,51.7398],[-4.1825,51.7466],[-4.1727,51.7526],[-4.1651,51.76],[-4.1593,51.7601],[-4.158,51.7646],[-4.1488,51.7683],[-4.143,51.7676],[-4.1323,51.7709],[-4.1231,51.7756],[-4.1028,51.7917],[-4.0985,51.7922],[-4.0965,51.7976],[-4.0828,51.7992],[-4.0763,51.7984],[-4.0656,51.804],[-4.072,51.8154],[-4.0635,51.8216],[-4.0655,51.8323],[-4.075,51.8335],[-4.0745,51.8385],[-4.0797,51.8411],[-4.08,51.8483],[-4.0699,51.8489],[-4.0388,51.8526],[-4.0265,51.8523],[-4.0234,51.8495],[-4.0097,51.8427],[-3.9941,51.8435],[-3.9845,51.8387],[-3.9817,51.8405],[-3.9722,51.8396],[-3.965,51.8408],[-3.9483,51.8402],[-3.9401,51.8444],[-3.9285,51.8446],[-3.926,51.8468],[-3.9068,51.8458],[-3.9007,51.8392],[-3.8868,51.8452],[-3.8684,51.8478],[-3.866,51.851],[-3.85,51.8523],[-3.8397,51.8473],[-3.8233,51.8453],[-3.8142,51.8459],[-3.7992,51.8524],[-3.7912,51.8521],[-3.7848,51.854],[-3.7759,51.8681],[-3.7763,51.8784],[-3.758,51.876],[-3.749,51.8779],[-3.7334,51.8786],[-3.7285,51.8818],[-3.7157,51.8811],[-3.7104,51.8834],[-3.7145,51.8955],[-3.7283,51.9048],[-3.7367,51.906],[-3.7368,51.91],[-3.7311,51.9119],[-3.7324,51.9177],[-3.7365,51.9199],[-3.7317,51.9285],[-3.742,51.932],[-3.7474,51.9375],[-3.746,51.9405],[-3.7528,51.9467],[-3.7292,51.956],[-3.7099,51.9671],[-3.7003,51.9641],[-3.6923,51.9633],[-3.6833,51.9567],[-3.6768,51.9559],[-3.6652,51.9493],[-3.6445,51.9496],[-3.6403,51.953],[-3.642,51.9602],[-3.6335,51.9659],[-3.6318,51.9792],[-3.6343,51.9879],[-3.6293,51.9923],[-3.6295,51.9968],[-3.6354,52.0005],[-3.646,51.9999],[-3.6508,52.0021],[-3.651,52.0066],[-3.6376,52.0185]]]},"properties":{"HA_NUM":60,"HA_NAME":"Towy Group"}},
{"type":"Feature","geometry":{"type":"MultiPolygon","coordinates":[[[[-4.6186,51.9836],[-4.6254,51.9875],[-4.6308,51.9874],[-4.6417,51.993],[-4.6393,52.0016],[-4.631,52.0036],[-4.6336,52.0159],[-4.6384,52.0228],[-4.6493,52.0234],[-4.6614,52.0182],[-4.6746,52.0193],[-4.684,52.0186],[-4.6938,52.0233],[-4.6951,52.0332],[-4.6997,52.036],[-4.6918,52.0391],[-4.6945,52.0474],[-4.6952,52.0581],[-4.694,52.0627],[-4.7051,52.0662],[-4.712,52.0719],[-4.7138,52.0773],[-4.7182,52.0774],[-4.731,52.0841],[-4.7286,52.0922],[-4.7173,52.0981],[-4.7175,52.1021],[-4.7315,52.1034],[-4.7353,52.11],[-4.7479,52.1047],[-4.7428,52.1016],[-4.7448,52.0956],[-4.7583,52.0843],[-4.7595,52.0803],[-4.7698,52.0749],[-4.7726,52.0713],[-4.785,52.0652],[-4.7866,52.061],[-4.7999,52.0566],[-4.819,52.0563],[-4.8371,52.0507],[-4.8454,52.0427],[-4.8479,52.038],[-4.8395,52.0348],[-4.8358,52.0252],[-4.8419,52.0211],[-4.8554,52.023],[-4.8684,52.0202],[-4.8863,52.0209],[-4.8945,52.0235],[-4.8927,52.0296],[-4.9007,52.0337],[-4.9108,52.035],[-4.9174,52.0295],[-4.9175,52.0258],[-4.9099,52.0215],[-4.9171,52.0177],[-4.9211,52.0126],[-4.9449,52.0043],[-4.9873,51.9991],[-4.9934,52.0042],[-4.982,52.0146],[-4.9888,52.017],[-4.987,52.0229],[-4.9985,52.025],[-5.0133,52.0235],[-5.023,52.0237],[-5.0399,52.0275],[-5.0463,52.0263],[-5.0591,52.0278],[-5.0632,52.0319],[-5.0725,52.0294],[-5.0733,52.0253],[-5.084,52.0216],[-5.0895,52.0146],[-5.0804,52.0101],[-5.0795,52.0055],[-5.0733,52.0051],[-5.074,52.003],[-5.0955,51.9931],[-5.0888,51.9913],[-5.0894,51.9875],[-5.0808,51.9864],[-5.0877,51.9803],[-5.0824,51.9739],[-5.0866,51.9682],[-5.0995,51.969],[-5.107,51.9611],[-5.1284,51.9609],[-5.1379,51.9633],[-5.1547,51.948],[-5.1649,51.9476],[-5.1759,51.9512],[-5.192,51.9505],[-5.2068,51.94],[-5.2066,51.9343],[-5.213,51.9319],[-5.2345,51.9297],[-5.2437,51.9223],[-5.2544,51.9189],[-5.2592,51.915],[-5.271,51.9134],[-5.2769,51.9112],[-5.2894,51.9138],[-5.2937,51.9111],[-5.3042,51.9086],[-5.3118,51.9046],[-5.3055,51.9003],[-5.2995,51.9001],[-5.2965,51.8926],[-5.3023,51.889],[-5.316,51.8843],[-5.3114,51.8781],[-5.3095,51.8701],[-5.3197,51.8651],[-5.316,51.8592],[-5.2974,51.8657],[-5.2915,51.8636],[-5.2807,51.8658],[-5.2771,51.8694],[-5.2662,51.8714],[-5.2611,51.8686],[-5.256,51.8721],[-5.2393,51.8706],[-5.2316,51.8729],[-5.2155,51.8716],[-5.2096,51.8672],[-5.198,51.869],[-5.1792,51.8669],[-5.1776,51.8628],[-5.1663,51.8647],[-5.1593,51.8616],[-5.1336,51.862],[-5.1293,51.8585],[-5.117,51.8429],[-5.1139,51.8354],[-5.1172,51.8273],[-5.1106,51.8222],[-5.1036,51.8109],[-5.1036,51.8045],[-5.1071,51.7992],[-5.1029,51.7831],[-5.1062,51.7762],[-5.1191,51.7679],[-5.1315,51.7695],[-5.1369,51.773],[-5.141,51.7703],[-5.1492,51.7721],[-5.1603,51.7719],[-5.1759,51.7643],[-5.1778,51.7605],[-5.1864,51.7547],[-5.1963,51.7565],[-5.2024,51.7507],[-5.2049,51.7397],[-5.2091,51.7344],[-5.2145,51.7337],[-5.2239,51.7369],[-5.2525,51.7375],[-5.253,51.7329],[-5.2451,51.7323],[-5.2414,51.7274],[-5.227,51.722],[-5.2164,51.7235],[-5.2053,51.7199],[-5.2012,51.7155],[-5.202,51.7106],[-5.1869,51.7077],[-5.1882,51.69],[-5.1765,51.6805],[-5.1706,51.6814],[-5.1715,51.6872],[-5.1577,51.6878],[-5.1612,51.6923],[-5.1559,51.694],[-5.1578,51.7015],[-5.1686,51.7079],[-5.1681,51.7111],[-5.1732,51.7155],[-5.1696,51.7196],[-5.1609,51.717],[-5.1573,51.7128],[-5.145,51.7137],[-5.1252,51.7172],[-5.1156,51.7135],[-5.1052,51.7199],[-5.0949,51.7209],[-5.0951,51.7167],[-5.0865,51.7113],[-5.0852,51.7062],[-5.0785,51.7072],[-5.041,51.7075],[-5.0344,51.7108],[-5.0202,51.7082],[-5.0145,51.7044],[-5.0018,51.7012],[-4.9852,51.6992],[-4.9791,51.7003],[-4.9694,51.7053],[-4.9553,51.707],[-4.947,51.7042],[-4.9434,51.7079],[-4.9343,51.7094],[-4.9278,51.7085],[-4.921,51.7047],[-4.9067,51.7116],[-4.8948,51.711],[-4.8952,51.7193],[-4.8882,51.7247],[-4.8873,51.7313],[-4.9007,51.7372],[-4.905,51.7413],[-4.8994,51.7482],[-4.901,51.7545],[-4.9068,51.7609],[-4.9014,51.7651],[-4.9103,51.7699],[-4.9207,51.7711],[-4.9337,51.7663],[-4.9317,51.7712],[-4.9225,51.7748],[-4.902,51.7719],[-4.8968,51.7682],[-4.8833,51.7744],[-4.8721,51.7721],[-4.8852,51.7688],[-4.8895,51.7592],[-4.894,51.7543],[-4.8924,51.75],[-4.8968,51.7402],[-4.8884,51.7381],[-4.8832,51.7318],[-4.8844,51.7257],[-4.883,51.7192],[-4.8725,51.7199],[-4.8694,51.7238],[-4.8562,51.7223],[-4.8579,51.7166],[-4.8449,51.7067],[-4.8492,51.7052],[-4.857,51.7068],[-4.8643,51.7146],[-4.873,51.7167],[-4.8857,51.7158],[-4.888,51.7103],[-4.894,51.7076],[-4.9047,51.7078],[-4.9092,51.7034],[-4.9186,51.6985],[-4.9315,51.7045],[-4.9347,51.7013],[-4.9439,51.6988],[-4.9425,51.6955],[-4.9588,51.6978],[-4.9606,51.6927],[-4.9663,51.6915],[-4.9723,51.6859],[-4.9543,51.6811],[-4.9395,51.6799],[-4.9376,51.676],[-4.962,51.6764],[-4.975,51.6738],[-4.9813,51.6741],[-4.9789,51.6771],[-4.9837,51.6829],[-4.9815,51.6889],[-5.0045,51.6896],[-5.0212,51.6915],[-5.0277,51.6947],[-5.0501,51.6938],[-5.0548,51.6871],[-5.0447,51.6844],[-5.0426,51.6806],[-5.0457,51.6763],[-5.0523,51.6757],[-5.0607,51.6775],[-5.0677,51.6765],[-5.0783,51.6795],[-5.0816,51.6846],[-5.0804,51.6896],[-5.1098,51.6921],[-5.1118,51.6857],[-5.1249,51.682],[-5.1192,51.677],[-5.1046,51.668],[-5.0944,51.6675],[-5.0842,51.665],[-5.0653,51.6632],[-5.059,51.6557],[-5.0523,51.6451],[-5.0501,51.6385],[-5.0519,51.6347],[-5.062,51.6294],[-5.0623,51.6226],[-5.0594,51.6204],[-5.0394,51.6174],[-5.0323,51.6176],[-5.0192,51.6133],[-5.0134,51.6095],[-5.0063,51.6091],[-4.9893,51.6124],[-4.9826,51.6092],[-4.9742,51.6098],[-4.9728,51.6055],[-4.9558,51.6033],[-4.9494,51.5976],[-4.9279,51.5974],[-4.9217,51.6052],[-4.9041,51.6123],[-4.9038,51.6168],[-4.8981,51.6223],[-4.899,51.6265],[-4.8868,51.6305],[-4.8766,51.6367],[-4.8619,51.6384],[-4.8657,51.6437],[-4.8589,51.6469],[-4.8477,51.647],[-4.8441,51.6447],[-4.836,51.6451],[-4.8308,51.6477],[-4.821,51.6423],[-4.8159,51.6447],[-4.8067,51.6439],[-4.8069,51.6393],[-4.781,51.635],[-4.7775,51.642],[-4.7566,51.6437],[-4.7618,51.6472],[-4.7578,51.6531],[-4.7468,51.6524],[-4.7406,51.6536],[-4.7353,51.6516],[-4.7233,51.652],[-4.7162,51.6564],[-4.7077,51.6649],[-4.6958,51.6702],[-4.7018,51.6742],[-4.697,51.6819],[-4.6975,51.6848],[-4.689,51.6902],[-4.6842,51.6981],[-4.6881,51.6989],[-4.6954,51.7062],[-4.6979,51.711],[-4.6873,51.7217],[-4.6765,51.727],[-4.6562,51.7324],[-4.6331,51.7349],[-4.6129,51.7379],[-4.5899,51.7365],[-4.5786,51.7342],[-4.5728,51.7383],[-4.5632,51.7402],[-4.5662,51.7411],[-4.5651,51.7481],[-4.5589,51.7534],[-4.5585,51.7588],[-4.5702,51.7608],[-4.5792,51.7669],[-4.5872,51.7678],[-4.5896,51.7716],[-4.6059,51.7778],[-4.6037,51.7893],[-4.614,51.7913],[-4.6255,51.7897],[-4.6348,51.7818],[-4.6466,51.7793],[-4.6549,51.7728],[-4.6548,51.7701],[-4.6722,51.7706],[-4.6774,51.7732],[-4.6883,51.7739],[-4.6888,51.7813],[-4.6945,51.7868],[-4.711,51.7884],[-4.7178,51.793],[-4.7202,51.7974],[-4.7274,51.7964],[-4.7304,51.799],[-4.7391,51.7988],[-4.743,51.8023],[-4.7408,51.8091],[-4.7451,51.8139],[-4.7409,51.8167],[-4.7315,51.8165],[-4.7158,51.8209],[-4.7107,51.821],[-4.7052,51.8142],[-4.6842,51.8149],[-4.6889,51.8206],[-4.6948,51.8209],[-4.6991,51.8334],[-4.7071,51.8333],[-4.7211,51.837],[-4.7279,51.8404],[-4.7314,51.8507],[-4.7258,51.8549],[-4.729,51.8593],[-4.7276,51.8712],[-4.7178,51.878],[-4.7178,51.8903],[-4.712,51.8965],[-4.7039,51.9003],[-4.7041,51.9044],[-4.698,51.9117],[-4.6944,51.9122],[-4.6732,51.9217],[-4.6633,51.9271],[-4.6571,51.9333],[-4.6609,51.9364],[-4.6591,51.9423],[-4.6637,51.9464],[-4.6582,51.9515],[-4.6608,51.9589],[-4.6598,51.9665],[-4.652,51.9694],[-4.6461,51.9749],[-4.6296,51.9731],[-4.6205,51.9787],[-4.6186,51.9836]]],[[[-5.2978,51.7442],[-5.3008,51.7448],[-5.3137,51.7393],[-5.3112,51.7323],[-5.2982,51.7311],[-5.2932,51.728],[-5.2818,51.7363],[-5.2783,51.7337],[-5.27,51.7341],[-5.2833,51.7412],[-5.2978,51.7442]]],[[[-5.3352,51.8769],[-5.3393,51.8784],[-5.3481,51.8756],[-5.3454,51.866],[-5.3531,51.8654],[-5.3464,51.8571],[-5.3353,51.8544],[-5.3326,51.8612],[-5.3352,51.866],[-5.3329,51.8737],[-5.3352,51.8769]]],[[[-4.7021,51.642],[-4.7031,51.6337],[-4.6963,51.6339],[-4.6846,51.6296],[-4.677,51.6375],[-4.6819,51.6415],[-4.693,51.6396],[-4.7021,51.642]]],[[[-5.2737,51.703],[-5.282,51.7003],[-5.2888,51.6933],[-5.2772,51.6932],[-5.2694,51.6999],[-5.2737,51.703]]]]},"properties":{"HA_NUM":61,"HA_NAME":"Cleddau Group"}},
{"type":"Feature","geometry":{"type":"Polygon","coordinates":[[[-3.7799,52.3167],[-3.7831,52.3153],[-3.7938,52.3174],[-3.81,52.319],[-3.816,52.3211],[-3.8248,52.3205],[-3.8322,52.3222],[-3.851,52.317],[-3.8753,52.3184],[-3.8782,52.3165],[-3.8951,52.3185],[-3.8902,52.3078],[-3.8944,52.301],[-3.9112,52.2994],[-3.9234,52.2933],[-3.9391,52.3014],[-3.9437,52.3051],[-3.9547,52.305],[-3.9634,52.303],[-3.972,52.3074],[-3.9833,52.3054],[-3.992,52.2962],[-3.9972,52.2957],[-4.0109,52.2986],[-4.0154,52.3017],[-4.0263,52.2997],[-4.0306,52.2965],[-4.0287,52.2884],[-4.019,52.2845],[-4.0166,52.2787],[-4.0105,52.2757],[-4.0028,52.2754],[-3.9964,52.2705],[-3.9961,52.2652],[-3.9895,52.2635],[-3.9813,52.2533],[-3.9758,52.252],[-3.9806,52.2452],[-3.9775,52.241],[-3.9684,52.235],[-3.9684,52.2256],[-3.9785,52.2218],[-3.9883,52.2217],[-3.9936,52.2245],[-4.0049,52.2147],[-3.9997,52.2134],[-4.0048,52.2048],[-4.0198,52.2061],[-4.0248,52.2031],[-4.026,52.1963],[-4.0214,52.1914],[-4.0148,52.1907],[-4.0135,52.1866],[-4.0238,52.1878],[-4.0364,52.1844],[-4.0406,52.1808],[-4.0371,52.1754],[-4.054,52.1691],[-4.0588,52.162],[-4.0659,52.1646],[-4.0687,52.1713],[-4.0761,52.173],[-4.0763,52.1765],[-4.0837,52.1782],[-4.086,52.1818],[-4.0944,52.1803],[-4.0967,52.1757],[-4.0914,52.1722],[-4.0882,52.1646],[-4.0998,52.1626],[-4.1085,52.1629],[-4.1123,52.1651],[-4.1247,52.1644],[-4.131,52.1576],[-4.1447,52.1546],[-4.161,52.1588],[-4.1704,52.158],[-4.1743,52.1622],[-4.182,52.1621],[-4.1883,52.1646],[-4.19,52.1682],[-4.202,52.1749],[-4.2077,52.1721],[-4.2096,52.1672],[-4.2034,52.1594],[-4.2136,52.1579],[-4.2148,52.1536],[-4.2279,52.1513],[-4.2392,52.1511],[-4.2507,52.1545],[-4.2548,52.1501],[-4.2549,52.1431],[-4.2669,52.1429],[-4.2657,52.1488],[-4.2703,52.1512],[-4.2712,52.1559],[-4.2816,52.1584],[-4.2928,52.164],[-4.2993,52.1609],[-4.3083,52.1525],[-4.3158,52.1559],[-4.3193,52.1518],[-4.328,52.1512],[-4.3393,52.1429],[-4.3529,52.139],[-4.3625,52.1401],[-4.37,52.144],[-4.3829,52.1456],[-4.397,52.1435],[-4.4141,52.1355],[-4.4239,52.1398],[-4.4316,52.1471],[-4.4368,52.1485],[-4.4439,52.1446],[-4.4393,52.1422],[-4.4382,52.1354],[-4.4445,52.1292],[-4.4494,52.1321],[-4.4614,52.1323],[-4.4705,52.1303],[-4.4794,52.1265],[-4.491,52.1254],[-4.4959,52.1217],[-4.4971,52.1162],[-4.5102,52.1151],[-4.5273,52.1088],[-4.5412,52.1085],[-4.5503,52.1146],[-4.5629,52.1182],[-4.5691,52.1241],[-4.5875,52.1255],[-4.592,52.1227],[-4.6003,52.1261],[-4.6153,52.1272],[-4.6283,52.1237],[-4.6296,52.121],[-4.6413,52.1221],[-4.648,52.1244],[-4.6553,52.1236],[-4.6657,52.1202],[-4.6804,52.1286],[-4.6851,52.1299],[-4.6895,52.1213],[-4.6854,52.1096],[-4.6816,52.1046],[-4.6752,52.1012],[-4.675,52.094],[-4.6815,52.0947],[-4.6953,52.106],[-4.703,52.106],[-4.7207,52.112],[-4.7312,52.118],[-4.7353,52.11],[-4.7315,52.1034],[-4.7175,52.1021],[-4.7173,52.0981],[-4.7286,52.0922],[-4.731,52.0841],[-4.7182,52.0774],[-4.7138,52.0773],[-4.712,52.0719],[-4.7051,52.0662],[-4.694,52.0627],[-4.6952,52.0581],[-4.6945,52.0474],[-4.6918,52.0391],[-4.6997,52.036],[-4.6951,52.0332],[-4.6938,52.0233],[-4.684,52.0186],[-4.6746,52.0193],[-4.6614,52.0182],[-4.6493,52.0234],[-4.6384,52.0228],[-4.6336,52.0159],[-4.631,52.0036],[-4.6393,52.0016],[-4.6417,51.993],[-4.6308,51.9874],[-4.6254,51.9875],[-4.6186,51.9836],[-4.6127,51.982],[-4.6018,51.9822],[-4.5918,51.9865],[-4.5829,51.9831],[-4.5843,51.9696],[-4.5769,51.967],[-4.5696,51.9667],[-4.5654,51.9632],[-4.5491,51.9645],[-4.5377,51.9629],[-4.5282,51.9555],[-4.5076,51.9591],[-4.5034,51.9619],[-4.4936,51.9621],[-4.4783,51.9557],[-4.4645,51.9559],[-4.4568,51.9541],[-4.4405,51.9627],[-4.4408,51.9677],[-4.434,51.9764],[-4.437,51.979],[-4.4163,51.9862],[-4.4104,51.9858],[-4.4014,51.9811],[-4.3797,51.9829],[-4.3763,51.9744],[-4.3712,51.9745],[-4.3645,51.9782],[-4.3551,51.9784],[-4.3444,51.9764],[-4.3366,51.9806],[-4.3258,51.9828],[-4.3187,51.9796],[-4.3053,51.9799],[-4.2897,51.9743],[-4.2721,51.9724],[-4.2602,51.974],[-4.2391,51.9753],[-4.2302,51.9791],[-4.2212,51.9801],[-4.2153,51.9789],[-4.1981,51.9927],[-4.1983,51.9954],[-4.189,51.9989],[-4.1855,52.0028],[-4.1866,52.0098],[-4.1819,52.0182],[-4.1748,52.0228],[-4.164,52.0257],[-4.162,52.028],[-4.1484,52.0273],[-4.1353,52.0354],[-4.1294,52.0324],[-4.1214,52.0341],[-4.1191,52.0396],[-4.1069,52.0357],[-4.105,52.0421],[-4.0972,52.0458],[-4.096,52.0508],[-4.089,52.0495],[-4.0822,52.0526],[-4.0889,52.0561],[-4.0877,52.0617],[-4.0836,52.0669],[-4.0698,52.0683],[-4.0649,52.0724],[-4.0577,52.0748],[-4.0482,52.075],[-4.0397,52.0796],[-4.0391,52.0837],[-4.0303,52.0829],[-4.0262,52.0875],[-4.0183,52.0921],[-4.0193,52.0971],[-4.011,52.0999],[-4.0077,52.0982],[-3.9938,52.0984],[-3.9925,52.102],[-3.9854,52.1053],[-3.9834,52.1098],[-3.972,52.1181],[-3.964,52.1182],[-3.9564,52.1282],[-3.9465,52.1347],[-3.9407,52.1361],[-3.9278,52.1427],[-3.9243,52.1459],[-3.9047,52.1493],[-3.9082,52.1538],[-3.9137,52.1537],[-3.9146,52.1591],[-3.906,52.1632],[-3.8922,52.1641],[-3.8836,52.1685],[-3.8735,52.1714],[-3.8671,52.176],[-3.8696,52.1829],[-3.8676,52.1868],[-3.8548,52.1964],[-3.8474,52.195],[-3.8432,52.1989],[-3.8298,52.2027],[-3.8376,52.2052],[-3.8447,52.2096],[-3.8372,52.2124],[-3.8309,52.2197],[-3.829,52.2274],[-3.8078,52.2363],[-3.804,52.2431],[-3.7968,52.2463],[-3.7935,52.254],[-3.7881,52.2581],[-3.7809,52.2515],[-3.7743,52.2516],[-3.7643,52.2581],[-3.7703,52.262],[-3.7727,52.2669],[-3.7693,52.2721],[-3.7702,52.2764],[-3.7636,52.2778],[-3.7668,52.2825],[-3.767,52.289],[-3.7629,52.2963],[-3.7725,52.2966],[-3.7726,52.2993],[-3.7804,52.3037],[-3.7841,52.3135],[-3.7799,52.3167]]]},"properties":{"HA_NUM":62,"HA_NAME":"Teifi"}},
{"type":"Feature","geometry":{"type":"Polygon","coordinates":[[[-3.7286,52.5081],[-3.7347,52.512],[-3.7417,52.5119],[-3.7496,52.5159],[-3.7628,52.5148],[-3.7675,52.5212],[-3.7754,52.5159],[-3.7842,52.5154],[-3.7918,52.5121],[-3.8011,52.5133],[-3.8189,52.5175],[-3.8285,52.5169],[-3.8523,52.5238],[-3.8617,52.5191],[-3.8665,52.5105],[-3.8717,52.51],[-3.8788,52.5054],[-3.8816,52.5004],[-3.8795,52.4946],[-3.8694,52.4925],[-3.8751,52.487],[-3.8661,52.4831],[-3.8673,52.477],[-3.8621,52.4746],[-3.8636,52.4687],[-3.86,52.4602],[-3.8524,52.4554],[-3.8499,52.4492],[-3.8535,52.4464],[-3.8645,52.4465],[-3.871,52.4506],[-3.8803,52.4534],[-3.8861,52.4508],[-3.8923,52.4417],[-3.9034,52.4429],[-3.9061,52.446],[-3.9183,52.4467],[-3.9369,52.4518],[-3.9483,52.4597],[-3.9631,52.4617],[-3.9689,52.4693],[-3.9811,52.47],[-3.9905,52.4662],[-4.0115,52.4654],[-4.0172,52.4698],[-4.023,52.4679],[-4.0391,52.4658],[-4.0487,52.4666],[-4.0534,52.4739],[-4.0544,52.4793],[-4.0617,52.477],[-4.0677,52.47],[-4.0826,52.4387],[-4.0797,52.4326],[-4.0863,52.4241],[-4.0855,52.418],[-4.0901,52.4143],[-4.0866,52.4095],[-4.0906,52.4059],[-4.0905,52.3971],[-4.0956,52.3936],[-4.1004,52.386],[-4.1115,52.3737],[-4.1117,52.3695],[-4.1184,52.3614],[-4.1197,52.3538],[-4.1274,52.3393],[-4.1343,52.3346],[-4.1405,52.3223],[-4.1577,52.3075],[-4.1623,52.306],[-4.1703,52.2952],[-4.1826,52.2917],[-4.1918,52.2777],[-4.1998,52.273],[-4.2026,52.2676],[-4.2078,52.2639],[-4.225,52.2568],[-4.2329,52.2522],[-4.2461,52.2488],[-4.2555,52.2483],[-4.273,52.2394],[-4.2928,52.2282],[-4.2953,52.2282],[-4.3092,52.2205],[-4.3239,52.2139],[-4.3364,52.2142],[-4.3458,52.2103],[-4.3566,52.2115],[-4.3574,52.2156],[-4.3643,52.2189],[-4.3789,52.2146],[-4.3839,52.2074],[-4.3931,52.2037],[-4.4052,52.195],[-4.4078,52.1915],[-4.4184,52.1877],[-4.4293,52.1783],[-4.4415,52.1744],[-4.4466,52.17],[-4.4547,52.1678],[-4.4673,52.1672],[-4.4689,52.1634],[-4.4812,52.1575],[-4.4902,52.1517],[-4.4909,52.148],[-4.5001,52.1424],[-4.5188,52.1351],[-4.5481,52.1355],[-4.5561,52.139],[-4.5576,52.143],[-4.5677,52.1446],[-4.5763,52.1425],[-4.583,52.1382],[-4.6003,52.1386],[-4.6055,52.1409],[-4.6189,52.1383],[-4.6399,52.1381],[-4.6446,52.1338],[-4.6587,52.1344],[-4.6619,52.1323],[-4.6804,52.1286],[-4.6657,52.1202],[-4.6553,52.1236],[-4.648,52.1244],[-4.6413,52.1221],[-4.6296,52.121],[-4.6283,52.1237],[-4.6153,52.1272],[-4.6003,52.1261],[-4.592,52.1227],[-4.5875,52.1255],[-4.5691,52.1241],[-4.5629,52.1182],[-4.5503,52.1146],[-4.5412,52.1085],[-4.5273,52.1088],[-4.5102,52.1151],[-4.4971,52.1162],[-4.4959,52.1217],[-4.491,52.1254],[-4.4794,52.1265],[-4.4705,52.1303],[-4.4614,52.1323],[-4.4494,52.1321],[-4.4445,52.1292],[-4.4382,52.1354],[-4.4393,52.1422],[-4.4439,52.1446],[-4.4368,52.1485],[-4.4316,52.1471],[-4.4239,52.1398],[-4.4141,52.1355],[-4.397,52.1435],[-4.3829,52.1456],[-4.37,52.144],[-4.3625,52.1401],[-4.3529,52.139],[-4.3393,52.1429],[-4.328,52.1512],[-4.3193,52.1518],[-4.3158,52.1559],[-4.3083,52.1525],[-4.2993,52.1609],[-4.2928,52.164],[-4.2816,52.1584],[-4.2712,52.1559],[-4.2703,52.1512],[-4.2657,52.1488],[-4.2669,52.1429],[-4.2549,52.1431],[-4.2548,52.1501],[-4.2507,52.1545],[-4.2392,52.1511],[-4.2279,52.1513],[-4.2148,52.1536],[-4.2136,52.1579],[-4.2034,52.1594],[-4.2096,52.1672],[-4.2077,52.1721],[-4.202,52.1749],[-4.19,52.1682],[-4.1883,52.1646],[-4.182,52.1621],[-4.1743,52.1622],[-4.1704,52.158],[-4.161,52.1588],[-4.1447,52.1546],[-4.131,52.1576],[-4.1247,52.1644],[-4.1123,52.1651],[-4.1085,52.1629],[-4.0998,52.1626],[-4.0882,52.1646],[-4.0914,52.1722],[-4.0967,52.1757],[-4.0944,52.1803],[-4.086,52.1818],[-4.0837,52.1782],[-4.0763,52.1765],[-4.0761,52.173],[-4.0687,52.1713],[-4.0659,52.1646],[-4.0588,52.162],[-4.054,52.1691],[-4.0371,52.1754],[-4.0406,52.1808],[-4.0364,52.1844],[-4.0238,52.1878],[-4.0135,52.1866],[-4.0148,52.1907],[-4.0214,52.1914],[-4.026,52.1963],[-4.0248,52.2031],[-4.0198,52.2061],[-4.0048,52.2048],[-3.9997,52.2134],[-4.0049,52.2147],[-3.9936,52.2245],[-3.9883,52.2217],[-3.9785,52.2218],[-3.9684,52.2256],[-3.9684,52.235],[-3.9775,52.241],[-3.9806,52.2452],[-3.9758,52.252],[-3.9813,52.2533],[-3.9895,52.2635],[-3.9961,52.2652],[-3.9964,52.2705],[-4.0028,52.2754],[-4.0105,52.2757],[-4.0166,52.2787],[-4.019,52.2845],[-4.0287,52.2884],[-4.0306,52.2965],[-4.0263,52.2997],[-4.0154,52.3017],[-4.0109,52.2986],[-3.9972,52.2957],[-3.992,52.2962],[-3.9833,52.3054],[-3.972,52.3074],[-3.9634,52.303],[-3.9547,52.305],[-3.9437,52.3051],[-3.9391,52.3014],[-3.9234,52.2933],[-3.9112,52.2994],[-3.8944,52.301],[-3.8902,52.3078],[-3.8951,52.3185],[-3.8782,52.3165],[-3.8753,52.3184],[-3.851,52.317],[-3.8322,52.3222],[-3.8248,52.3205],[-3.816,52.3211],[-3.81,52.319],[-3.7938,52.3174],[-3.7831,52.3153],[-3.7799,52.3167],[-3.7726,52.3191],[-3.7693,52.3281],[-3.7612,52.3264],[-3.7496,52.3298],[-3.7498,52.3347],[-3.741,52.3362],[-3.739,52.3416],[-3.7428,52.3436],[-3.7379,52.3493],[-3.7255,52.3521],[-3.7234,52.3553],[-3.6921,52.3616],[-3.683,52.3653],[-3.6757,52.3654],[-3.6711,52.3691],[-3.6707,52.3795],[-3.6643,52.384],[-3.668,52.3858],[-3.6708,52.392],[-3.6778,52.3906],[-3.6866,52.3916],[-3.6848,52.4031],[-3.6933,52.4043],[-3.705,52.4109],[-3.7052,52.4156],[-3.7105,52.4198],[-3.7171,52.419],[-3.7197,52.4125],[-3.7359,52.4113],[-3.74,52.414],[-3.7588,52.4155],[-3.7601,52.4276],[-3.7668,52.4311],[-3.7671,52.4374],[-3.7727,52.4409],[-3.7817,52.4367],[-3.7874,52.4407],[-3.7858,52.4454],[-3.7911,52.4505],[-3.7883,52.4524],[-3.7828,52.4632],[-3.783,52.4668],[-3.769,52.4684],[-3.7648,52.472],[-3.7559,52.4713],[-3.7457,52.475],[-3.7387,52.4834],[-3.7419,52.4895],[-3.7399,52.4958],[-3.7319,52.4973],[-3.7286,52.5081]]]},"properties":{"HA_NUM":63,"HA_NAME":"Ystwyth Group"}},
{"type":"Feature","geometry":{"type":"Polygon","coordinates":[[[-3.8143,52.906],[-3.821,52.9063],[-3.8346,52.9012],[-3.8585,52.8959],[-3.8649,52.889],[-3.873,52.8871],[-3.8861,52.8806],[-3.8911,52.876],[-3.9076,52.8794],[-3.9146,52.8878],[-3.9318,52.8884],[-3.9343,52.8942],[-3.9448,52.8895],[-3.9608,52.8893],[-3.9669,52.8937],[-3.9797,52.8971],[-3.9864,52.897],[-3.9944,52.8919],[-4.001,52.8909],[-4.0099,52.8984],[-4.0205,52.8955],[-4.0241,52.8916],[-4.0224,52.8874],[-4.0295,52.8805],[-4.038,52.8803],[-4.0403,52.8731],[-4.0499,52.8716],[-4.0618,52.8723],[-4.0691,52.8695],[-4.0864,52.8575],[-4.0916,52.8574],[-4.103,52.8493],[-4.1144,52.8457],[-4.1196,52.8465],[-4.1276,52.834],[-4.1272,52.8304],[-4.1186,52.8301],[-4.1203,52.8252],[-4.1378,52.819],[-4.1468,52.8191],[-4.1527,52.8135],[-4.1488,52.8054],[-4.137,52.7935],[-4.1215,52.7816],[-4.1007,52.7638],[-4.0859,52.752],[-4.0768,52.7395],[-4.0648,52.725],[-4.0547,52.7193],[-4.045,52.7193],[-4.0357,52.7213],[-4.0313,52.7247],[-4.0269,52.7326],[-4.0204,52.7356],[-4.0131,52.735],[-4,52.7371],[-3.9763,52.7436],[-3.9666,52.7498],[-3.9493,52.7509],[-3.9623,52.7455],[-3.9715,52.7394],[-3.9896,52.7358],[-3.9997,52.7236],[-4.014,52.7172],[-4.0169,52.7202],[-4.0248,52.7147],[-4.0383,52.7136],[-4.0324,52.709],[-4.0398,52.7057],[-4.0512,52.7036],[-4.059,52.7053],[-4.0562,52.6912],[-4.0573,52.6873],[-4.0717,52.6804],[-4.0838,52.6716],[-4.0953,52.6683],[-4.0968,52.6642],[-4.1064,52.6552],[-4.1148,52.6443],[-4.1175,52.6357],[-4.1229,52.6282],[-4.1289,52.6128],[-4.1271,52.6091],[-4.1179,52.6052],[-4.1117,52.6044],[-4.0981,52.6071],[-4.0928,52.6054],[-4.091,52.6003],[-4.1044,52.5989],[-4.1134,52.6035],[-4.1209,52.6039],[-4.109,52.5934],[-4.0983,52.5792],[-4.089,52.5689],[-4.076,52.5497],[-4.0693,52.543],[-4.0645,52.5411],[-4.0517,52.5419],[-4.0265,52.5464],[-4.013,52.5472],[-3.9949,52.5526],[-3.9779,52.5558],[-3.9708,52.5552],[-3.9626,52.5597],[-3.9559,52.5553],[-3.9657,52.5492],[-3.9657,52.5449],[-3.9837,52.5366],[-3.992,52.5362],[-4.0024,52.5328],[-4.0142,52.5262],[-4.0237,52.5259],[-4.0323,52.5278],[-4.047,52.5273],[-4.0524,52.5346],[-4.0558,52.5337],[-4.0597,52.5256],[-4.0577,52.5146],[-4.0529,52.4981],[-4.052,52.4842],[-4.0544,52.4793],[-4.0534,52.4739],[-4.0487,52.4666],[-4.0391,52.4658],[-4.023,52.4679],[-4.0172,52.4698],[-4.0115,52.4654],[-3.9905,52.4662],[-3.9811,52.47],[-3.9689,52.4693],[-3.9631,52.4617],[-3.9483,52.4597],[-3.9369,52.4518],[-3.9183,52.4467],[-3.9061,52.446],[-3.9034,52.4429],[-3.8923,52.4417],[-3.8861,52.4508],[-3.8803,52.4534],[-3.871,52.4506],[-3.8645,52.4465],[-3.8535,52.4464],[-3.8499,52.4492],[-3.8524,52.4554],[-3.86,52.4602],[-3.8636,52.4687],[-3.8621,52.4746],[-3.8673,52.477],[-3.8661,52.4831],[-3.8751,52.487],[-3.8694,52.4925],[-3.8795,52.4946],[-3.8816,52.5004],[-3.8788,52.5054],[-3.8717,52.51],[-3.8665,52.5105],[-3.8617,52.5191],[-3.8523,52.5238],[-3.8285,52.5169],[-3.8189,52.5175],[-3.8011,52.5133],[-3.7918,52.5121],[-3.7842,52.5154],[-3.7754,52.5159],[-3.7675,52.5212],[-3.7628,52.5148],[-3.7496,52.5159],[-3.7417,52.5119],[-3.7347,52.512],[-3.7286,52.5081],[-3.7268,52.5164],[-3.7312,52.5175],[-3.7322,52.5242],[-3.7216,52.5361],[-3.7242,52.545],[-3.7175,52.5429],[-3.7079,52.5439],[-3.7078,52.5396],[-3.7118,52.5295],[-3.7109,52.5268],[-3.6808,52.5277],[-3.6697,52.5274],[-3.6672,52.5292],[-3.6565,52.5294],[-3.6544,52.5325],[-3.6562,52.5401],[-3.6511,52.542],[-3.6461,52.5376],[-3.6351,52.5377],[-3.621,52.546],[-3.6244,52.5595],[-3.6193,52.5609],[-3.6122,52.5677],[-3.6071,52.5682],[-3.5981,52.5652],[-3.5983,52.5711],[-3.5957,52.5792],[-3.5898,52.5811],[-3.5826,52.587],[-3.5749,52.5867],[-3.5578,52.5945],[-3.5416,52.5956],[-3.5373,52.5988],[-3.5367,52.604],[-3.5328,52.6061],[-3.5445,52.6145],[-3.5519,52.6153],[-3.5584,52.6103],[-3.571,52.6132],[-3.5889,52.6157],[-3.5934,52.6201],[-3.5994,52.6218],[-3.5999,52.6353],[-3.5963,52.6381],[-3.586,52.64],[-3.5779,52.6397],[-3.5736,52.6442],[-3.5738,52.6489],[-3.5829,52.6544],[-3.5778,52.6567],[-3.5788,52.6644],[-3.5819,52.6673],[-3.5791,52.6734],[-3.5822,52.6778],[-3.5897,52.6795],[-3.5851,52.6868],[-3.5967,52.6895],[-3.5925,52.6966],[-3.5846,52.7016],[-3.5794,52.7017],[-3.5729,52.7072],[-3.5789,52.7084],[-3.5829,52.7165],[-3.5941,52.7186],[-3.5942,52.7233],[-3.5885,52.7285],[-3.583,52.7394],[-3.5912,52.7406],[-3.5885,52.7474],[-3.593,52.75],[-3.5923,52.7725],[-3.5992,52.7787],[-3.5972,52.7842],[-3.6062,52.7872],[-3.6088,52.7975],[-3.6197,52.791],[-3.6359,52.7881],[-3.6419,52.7885],[-3.6421,52.7955],[-3.6467,52.7992],[-3.6518,52.7973],[-3.6567,52.7883],[-3.6634,52.7904],[-3.6775,52.7898],[-3.6852,52.796],[-3.686,52.7998],[-3.6815,52.8064],[-3.6879,52.8096],[-3.6911,52.8143],[-3.6987,52.8189],[-3.6973,52.823],[-3.7064,52.8267],[-3.7174,52.8229],[-3.7239,52.8183],[-3.7312,52.8164],[-3.7409,52.8188],[-3.7478,52.8229],[-3.7552,52.8228],[-3.768,52.828],[-3.7668,52.8339],[-3.7542,52.8359],[-3.7492,52.8398],[-3.7486,52.8443],[-3.7349,52.8532],[-3.7428,52.8644],[-3.7497,52.8697],[-3.7644,52.8667],[-3.7771,52.8679],[-3.7809,52.871],[-3.7891,52.8713],[-3.7933,52.874],[-3.8082,52.8737],[-3.8102,52.8793],[-3.8061,52.8879],[-3.8174,52.8913],[-3.8171,52.9015],[-3.8143,52.906]]]},"properties":{"HA_NUM":64,"HA_NAME":"Dyfi Group"}},
{"type":"Feature","geometry":{"type":"MultiPolygon","coordinates":[[[[-3.8139,52.9492],[-3.8266,52.9512],[-3.836,52.9623],[-3.8413,52.9624],[-3.84,52.9681],[-3.8508,52.9762],[-3.8479,52.9783],[-3.8496,52.9837],[-3.8608,52.9848],[-3.8826,52.989],[-3.8918,52.9956],[-3.8963,52.9957],[-3.8897,53.0055],[-3.8925,53.0113],[-3.8987,53.0157],[-3.9136,53.0164],[-3.9146,53.0209],[-3.9254,53.0207],[-3.9301,53.0188],[-3.9373,53.02],[-3.9495,53.0189],[-3.9576,53.0166],[-3.9654,53.0083],[-3.9826,53.0098],[-3.9941,53.0151],[-3.9937,53.0227],[-3.9901,53.0264],[-3.9995,53.0365],[-3.9945,53.0411],[-3.9928,53.0519],[-3.9805,53.0605],[-3.9777,53.0648],[-3.9899,53.0695],[-3.9923,53.0744],[-4.0016,53.0819],[-4.0081,53.0836],[-4.0196,53.0821],[-4.0315,53.0899],[-4.0335,53.0998],[-4.0176,53.1041],[-4.0035,53.1061],[-3.99,53.1046],[-3.9791,53.1124],[-3.9823,53.1166],[-3.9819,53.1245],[-3.9703,53.1319],[-3.9707,53.1411],[-3.9778,53.1488],[-3.9693,53.1593],[-3.971,53.162],[-3.9637,53.167],[-3.9627,53.177],[-3.966,53.1836],[-3.9543,53.1906],[-3.9544,53.1933],[-3.9383,53.2007],[-3.9356,53.2066],[-3.9352,53.2161],[-3.9399,53.2187],[-3.9357,53.2255],[-3.9224,53.2302],[-3.9195,53.2329],[-3.9075,53.2331],[-3.9054,53.2359],[-3.8958,53.2378],[-3.8818,53.261],[-3.8767,53.2655],[-3.8757,53.2763],[-3.8818,53.2787],[-3.8785,53.2894],[-3.8846,53.2889],[-3.8951,53.2848],[-3.9135,53.2754],[-3.9277,53.2704],[-3.9429,53.2676],[-3.9532,53.267],[-4.0025,53.2525],[-4,53.2497],[-4.0098,53.2445],[-4.0267,53.2422],[-4.0299,53.238],[-4.047,53.2341],[-4.0664,53.2337],[-4.0814,53.2283],[-4.0886,53.2341],[-4.0953,53.2357],[-4.1073,53.2323],[-4.1176,53.2329],[-4.1222,53.2374],[-4.1371,53.2311],[-4.1452,53.2296],[-4.1609,53.2199],[-4.1754,53.2185],[-4.1952,53.2125],[-4.2053,53.2064],[-4.2096,53.2018],[-4.2099,53.1889],[-4.213,53.1831],[-4.2287,53.1752],[-4.2431,53.1707],[-4.2585,53.1609],[-4.2705,53.1468],[-4.2847,53.1393],[-4.2946,53.1362],[-4.3116,53.1278],[-4.314,53.124],[-4.3115,53.1147],[-4.3117,53.1053],[-4.3184,53.0993],[-4.3236,53.1008],[-4.3243,53.1073],[-4.3335,53.1135],[-4.3304,53.1222],[-4.3387,53.1221],[-4.3475,53.1129],[-4.3474,53.1073],[-4.3438,53.0971],[-4.337,53.0856],[-4.3385,53.0739],[-4.339,53.0542],[-4.3426,53.047],[-4.3495,53.0442],[-4.35,53.0388],[-4.3542,53.033],[-4.3689,53.0265],[-4.3737,53.0215],[-4.3841,53.0153],[-4.3907,53.013],[-4.4086,52.9989],[-4.4138,52.9972],[-4.4229,52.9995],[-4.437,52.9988],[-4.443,52.9908],[-4.4583,52.9836],[-4.4702,52.9674],[-4.4821,52.9662],[-4.4865,52.9603],[-4.4997,52.9505],[-4.504,52.9507],[-4.5125,52.944],[-4.5227,52.9392],[-4.5306,52.9371],[-4.5397,52.9394],[-4.5472,52.9376],[-4.5587,52.9376],[-4.5652,52.9393],[-4.5781,52.9386],[-4.5932,52.9273],[-4.6066,52.9263],[-4.615,52.924],[-4.6216,52.9178],[-4.6268,52.9102],[-4.6334,52.9056],[-4.6454,52.905],[-4.6574,52.8974],[-4.6675,52.888],[-4.6652,52.883],[-4.6736,52.8758],[-4.6871,52.8759],[-4.6912,52.8722],[-4.6916,52.864],[-4.6964,52.8595],[-4.7063,52.8595],[-4.7158,52.8551],[-4.7213,52.8559],[-4.7263,52.8452],[-4.7223,52.8419],[-4.722,52.8368],[-4.727,52.8351],[-4.7349,52.829],[-4.7373,52.8245],[-4.7517,52.8158],[-4.7505,52.8069],[-4.7621,52.8016],[-4.7677,52.7948],[-4.7555,52.7884],[-4.7495,52.7875],[-4.7422,52.7835],[-4.7315,52.7826],[-4.726,52.7904],[-4.721,52.8029],[-4.7139,52.8037],[-4.6929,52.7994],[-4.6883,52.7939],[-4.6773,52.8014],[-4.6741,52.8011],[-4.6607,52.8061],[-4.6514,52.8042],[-4.6493,52.7993],[-4.6417,52.8009],[-4.6245,52.8098],[-4.6119,52.8243],[-4.5988,52.8245],[-4.5867,52.8224],[-4.5677,52.8159],[-4.5561,52.811],[-4.5363,52.8],[-4.5412,52.7929],[-4.5426,52.7864],[-4.5292,52.7782],[-4.519,52.7819],[-4.5175,52.7912],[-4.5066,52.7947],[-4.4995,52.7948],[-4.4909,52.7925],[-4.4869,52.7945],[-4.4832,52.804],[-4.4922,52.8094],[-4.4999,52.8117],[-4.5014,52.8195],[-4.4977,52.8255],[-4.5037,52.827],[-4.4993,52.8339],[-4.4902,52.8413],[-4.4745,52.8456],[-4.4705,52.8499],[-4.4794,52.8536],[-4.473,52.8604],[-4.4645,52.8636],[-4.4655,52.8667],[-4.4591,52.8706],[-4.4283,52.879],[-4.4114,52.8811],[-4.4164,52.8876],[-4.407,52.8905],[-4.4023,52.89],[-4.3945,52.8943],[-4.3833,52.8961],[-4.3688,52.8959],[-4.3255,52.8928],[-4.3275,52.8966],[-4.3248,52.9046],[-4.3175,52.9086],[-4.2987,52.9107],[-4.2823,52.9114],[-4.266,52.9106],[-4.2556,52.9134],[-4.2342,52.9155],[-4.2293,52.9188],[-4.2192,52.919],[-4.2016,52.9137],[-4.1955,52.9145],[-4.18,52.9084],[-4.1691,52.9057],[-4.1519,52.9063],[-4.152,52.9092],[-4.1403,52.9118],[-4.1321,52.9167],[-4.1264,52.9235],[-4.1089,52.9187],[-4.1127,52.9121],[-4.1025,52.9092],[-4.0915,52.9147],[-4.0873,52.9186],[-4.0734,52.9223],[-4.0636,52.9212],[-4.0594,52.9178],[-4.0714,52.9159],[-4.0783,52.9129],[-4.0872,52.9018],[-4.1119,52.8979],[-4.1162,52.8959],[-4.1319,52.8971],[-4.1334,52.9009],[-4.1469,52.897],[-4.1506,52.8923],[-4.1477,52.8847],[-4.1427,52.8781],[-4.1229,52.858],[-4.1196,52.8465],[-4.1144,52.8457],[-4.103,52.8493],[-4.0916,52.8574],[-4.0864,52.8575],[-4.0691,52.8695],[-4.0618,52.8723],[-4.0499,52.8716],[-4.0403,52.8731],[-4.038,52.8803],[-4.0295,52.8805],[-4.0224,52.8874],[-4.0241,52.8916],[-4.0205,52.8955],[-4.0099,52.8984],[-4.001,52.8909],[-3.9944,52.8919],[-3.9864,52.897],[-3.9797,52.8971],[-3.9669,52.8937],[-3.9608,52.8893],[-3.9448,52.8895],[-3.9343,52.8942],[-3.9318,52.8884],[-3.9146,52.8878],[-3.9076,52.8794],[-3.8911,52.876],[-3.8861,52.8806],[-3.873,52.8871],[-3.8649,52.889],[-3.8585,52.8959],[-3.8346,52.9012],[-3.821,52.9063],[-3.8143,52.906],[-3.8078,52.911],[-3.8045,52.921],[-3.8096,52.9344],[-3.8076,52.9416],[-3.8139,52.9492]]],[[[-4.7933,52.7682],[-4.7959,52.7542],[-4.7859,52.7532],[-4.7802,52.759],[-4.78,52.766],[-4.7933,52.7682]]]]},"properties":{"HA_NUM":65,"HA_NAME":"Glaslyn Group"}},
{"type":"Feature","geometry":{"type":"Polygon","coordinates":[[[-3.3607,53.3519],[-3.4033,53.3452],[-3.4355,53.337],[-3.4488,53.3328],[-3.4671,53.3295],[-3.472,53.33],[-3.4857,53.3266],[-3.494,53.3229],[-3.5107,53.3127],[-3.5124,53.3168],[-3.5599,53.3015],[-3.5735,53.2979],[-3.6053,53.2908],[-3.6155,53.2899],[-3.6331,53.2943],[-3.6579,53.2921],[-3.6779,53.2937],[-3.7067,53.2942],[-3.7271,53.2984],[-3.7367,53.3035],[-3.7377,53.312],[-3.7423,53.3157],[-3.7496,53.316],[-3.7646,53.3192],[-3.7783,53.3291],[-3.7869,53.3257],[-3.8057,53.3231],[-3.8146,53.3228],[-3.8253,53.3245],[-3.8326,53.3346],[-3.8541,53.3416],[-3.8694,53.3429],[-3.879,53.3397],[-3.8781,53.3333],[-3.861,53.3275],[-3.8448,53.3189],[-3.8436,53.3095],[-3.837,53.2949],[-3.8278,53.2903],[-3.8154,53.2808],[-3.7979,53.2731],[-3.8013,53.2639],[-3.8174,53.2572],[-3.8213,53.2515],[-3.828,53.2534],[-3.8224,53.2606],[-3.8096,53.2661],[-3.8129,53.2676],[-3.8156,53.2761],[-3.8245,53.2794],[-3.841,53.2948],[-3.851,53.2965],[-3.8644,53.2881],[-3.8717,53.2875],[-3.8785,53.2894],[-3.8818,53.2787],[-3.8757,53.2763],[-3.8767,53.2655],[-3.8818,53.261],[-3.8958,53.2378],[-3.9054,53.2359],[-3.9075,53.2331],[-3.9195,53.2329],[-3.9224,53.2302],[-3.9357,53.2255],[-3.9399,53.2187],[-3.9352,53.2161],[-3.9356,53.2066],[-3.9383,53.2007],[-3.9544,53.1933],[-3.9543,53.1906],[-3.966,53.1836],[-3.9627,53.177],[-3.9637,53.167],[-3.971,53.162],[-3.9693,53.1593],[-3.9778,53.1488],[-3.9707,53.1411],[-3.9703,53.1319],[-3.9819,53.1245],[-3.9823,53.1166],[-3.9791,53.1124],[-3.99,53.1046],[-4.0035,53.1061],[-4.0176,53.1041],[-4.0335,53.0998],[-4.0315,53.0899],[-4.0196,53.0821],[-4.0081,53.0836],[-4.0016,53.0819],[-3.9923,53.0744],[-3.9899,53.0695],[-3.9777,53.0648],[-3.9805,53.0605],[-3.9928,53.0519],[-3.9945,53.0411],[-3.9995,53.0365],[-3.9901,53.0264],[-3.9937,53.0227],[-3.9941,53.0151],[-3.9826,53.0098],[-3.9654,53.0083],[-3.9576,53.0166],[-3.9495,53.0189],[-3.9373,53.02],[-3.9301,53.0188],[-3.9254,53.0207],[-3.9146,53.0209],[-3.9136,53.0164],[-3.8987,53.0157],[-3.8925,53.0113],[-3.8897,53.0055],[-3.8963,52.9957],[-3.8918,52.9956],[-3.8826,52.989],[-3.8608,52.9848],[-3.8496,52.9837],[-3.8479,52.9783],[-3.8508,52.9762],[-3.84,52.9681],[-3.8413,52.9624],[-3.836,52.9623],[-3.8266,52.9512],[-3.8139,52.9492],[-3.7985,52.9557],[-3.7885,52.9563],[-3.7827,52.9586],[-3.7637,52.96],[-3.7669,52.9654],[-3.7666,52.9746],[-3.7584,52.9754],[-3.7567,52.9788],[-3.7483,52.9834],[-3.7485,52.989],[-3.7437,52.9997],[-3.7303,52.9978],[-3.7215,52.9919],[-3.7091,52.9907],[-3.7026,52.9868],[-3.698,52.9918],[-3.689,52.9901],[-3.6786,52.9921],[-3.673,52.9996],[-3.6813,53.0044],[-3.6815,53.0082],[-3.6764,53.0114],[-3.6715,53.0191],[-3.6596,53.0211],[-3.6506,53.0185],[-3.6406,53.0205],[-3.6327,53.0179],[-3.6194,53.0212],[-3.6081,53.0191],[-3.5962,53.0199],[-3.5965,53.0287],[-3.5999,53.0388],[-3.5985,53.0424],[-3.5876,53.0481],[-3.5902,53.058],[-3.603,53.0628],[-3.6114,53.0676],[-3.6256,53.0782],[-3.6364,53.0785],[-3.6456,53.0829],[-3.6515,53.0828],[-3.6539,53.0868],[-3.6529,53.0996],[-3.6401,53.1059],[-3.6321,53.1006],[-3.6192,53.0967],[-3.6052,53.1018],[-3.5995,53.1082],[-3.5877,53.112],[-3.5839,53.1102],[-3.5757,53.1126],[-3.5745,53.1189],[-3.5571,53.1245],[-3.5451,53.1238],[-3.536,53.1288],[-3.5253,53.1231],[-3.5281,53.1163],[-3.5183,53.1147],[-3.5069,53.1094],[-3.509,53.1067],[-3.5051,53.1005],[-3.4889,53.0962],[-3.4956,53.0855],[-3.482,53.0801],[-3.4766,53.0745],[-3.4824,53.0704],[-3.4646,53.0515],[-3.4712,53.0472],[-3.4672,53.0411],[-3.4514,53.036],[-3.4504,53.0288],[-3.4443,53.0252],[-3.4192,53.022],[-3.4105,53.0162],[-3.4145,53.013],[-3.4065,53.0091],[-3.3977,53.0123],[-3.3823,53.0201],[-3.3765,53.0256],[-3.3682,53.0232],[-3.363,53.0249],[-3.3459,53.0246],[-3.3436,53.0228],[-3.3279,53.021],[-3.327,53.0167],[-3.3209,53.0132],[-3.3121,53.0151],[-3.3092,53.0196],[-3.2954,53.0198],[-3.2686,53.034],[-3.261,53.0395],[-3.2374,53.037],[-3.2183,53.0473],[-3.2207,53.0523],[-3.2179,53.0601],[-3.2232,53.0614],[-3.2271,53.0663],[-3.2331,53.0676],[-3.2405,53.0662],[-3.2414,53.0725],[-3.2377,53.0743],[-3.2386,53.0802],[-3.2455,53.0864],[-3.2412,53.0896],[-3.2429,53.0994],[-3.2393,53.1017],[-3.2402,53.1085],[-3.2493,53.1122],[-3.2465,53.1187],[-3.2468,53.1302],[-3.2521,53.1317],[-3.2575,53.1384],[-3.2608,53.1473],[-3.2557,53.1528],[-3.258,53.1555],[-3.2693,53.1571],[-3.2717,53.163],[-3.2808,53.1678],[-3.2788,53.175],[-3.2729,53.1787],[-3.2798,53.1854],[-3.2703,53.1922],[-3.2502,53.1942],[-3.2406,53.1995],[-3.2312,53.2106],[-3.2245,53.2129],[-3.211,53.2117],[-3.2105,53.2198],[-3.2015,53.2203],[-3.1984,53.2168],[-3.1901,53.2155],[-3.1888,53.2225],[-3.195,53.2294],[-3.1995,53.2311],[-3.2111,53.2427],[-3.2179,53.2431],[-3.2172,53.2476],[-3.2204,53.2534],[-3.2273,53.2594],[-3.2387,53.2644],[-3.2389,53.2716],[-3.2495,53.2747],[-3.2608,53.2759],[-3.2691,53.2785],[-3.2766,53.2784],[-3.287,53.2758],[-3.2909,53.2785],[-3.2934,53.2868],[-3.3002,53.289],[-3.3003,53.293],[-3.3119,53.305],[-3.315,53.3063],[-3.336,53.3061],[-3.3422,53.3123],[-3.3602,53.3126],[-3.3661,53.3102],[-3.3926,53.316],[-3.3875,53.3224],[-3.3827,53.3249],[-3.3598,53.3247],[-3.3546,53.3257],[-3.3527,53.3365],[-3.3498,53.3414],[-3.3559,53.3445],[-3.3607,53.3519]]]},"properties":{"HA_NUM":66,"HA_NAME":"Conway and Clwyd"}},
{"type":"Feature","geometry":{"type":"Polygon","coordinates":[[[-2.6404,52.9541],[-2.6397,52.9613],[-2.6346,52.964],[-2.6384,52.9712],[-2.6488,52.9734],[-2.649,52.9819],[-2.6617,52.9881],[-2.6737,52.989],[-2.6851,52.984],[-2.6974,52.9821],[-2.7093,52.9838],[-2.7176,52.9896],[-2.7214,52.9945],[-2.7193,53.0026],[-2.7105,53.0085],[-2.7105,53.0117],[-2.718,53.013],[-2.7166,53.0197],[-2.72,53.022],[-2.7266,53.0385],[-2.7319,53.0439],[-2.7447,53.0456],[-2.7507,53.0483],[-2.7462,53.0517],[-2.7457,53.0645],[-2.7517,53.0672],[-2.7511,53.0708],[-2.7407,53.0771],[-2.7273,53.0783],[-2.7296,53.0844],[-2.7334,53.0848],[-2.7313,53.0933],[-2.7343,53.0965],[-2.7269,53.1006],[-2.7263,53.1082],[-2.7182,53.1128],[-2.7276,53.1199],[-2.74,53.123],[-2.7558,53.1301],[-2.7597,53.1368],[-2.7701,53.1367],[-2.7845,53.1478],[-2.7854,53.1528],[-2.8011,53.1545],[-2.7997,53.1608],[-2.8102,53.1607],[-2.8118,53.1679],[-2.8082,53.1706],[-2.8203,53.1813],[-2.8204,53.1858],[-2.8257,53.1898],[-2.8385,53.1908],[-2.8371,53.1951],[-2.8431,53.1976],[-2.8417,53.2027],[-2.847,53.204],[-2.8545,53.2094],[-2.8613,53.2093],[-2.8696,53.2142],[-2.872,53.2209],[-2.8669,53.2297],[-2.8694,53.2403],[-2.8826,53.2429],[-2.9039,53.2427],[-2.907,53.2477],[-2.9145,53.2489],[-2.9218,53.2534],[-2.9341,53.2519],[-2.9506,53.2523],[-2.9619,53.254],[-2.9693,53.2512],[-2.9726,53.2638],[-2.9775,53.2642],[-2.9817,53.2695],[-2.9884,53.269],[-2.99,53.274],[-3.0021,53.2768],[-3.0022,53.2801],[-3.009,53.2832],[-3.0188,53.2845],[-3.0256,53.2876],[-3.0287,53.2916],[-3.0393,53.2951],[-3.0432,53.3032],[-3.0493,53.3067],[-3.0652,53.3093],[-3.0835,53.3208],[-3.0994,53.3265],[-3.1026,53.3345],[-3.112,53.3354],[-3.1178,53.3407],[-3.1246,53.3433],[-3.1285,53.3505],[-3.1388,53.3562],[-3.1527,53.3543],[-3.1587,53.3556],[-3.1588,53.3594],[-3.1728,53.3743],[-3.1857,53.3809],[-3.1914,53.3809],[-3.1956,53.3862],[-3.2002,53.3875],[-3.1985,53.3762],[-3.1916,53.3719],[-3.1916,53.3692],[-3.1803,53.3642],[-3.1736,53.3576],[-3.1602,53.3474],[-3.149,53.3429],[-3.1385,53.3339],[-3.1222,53.324],[-3.1188,53.3174],[-3.1204,53.3129],[-3.1115,53.3008],[-3.1069,53.2885],[-3.0986,53.2878],[-3.0967,53.2848],[-3.0867,53.2828],[-3.09,53.2785],[-3.0898,53.2735],[-3.1025,53.2685],[-3.1026,53.2626],[-3.0919,53.2592],[-3.0893,53.2548],[-3.0985,53.2541],[-3.0982,53.2496],[-3.0853,53.2472],[-3.0858,53.2396],[-3.0894,53.2389],[-3.1023,53.2416],[-3.1246,53.25],[-3.1351,53.2579],[-3.1448,53.261],[-3.1554,53.2678],[-3.1831,53.282],[-3.2028,53.2943],[-3.2353,53.3057],[-3.2354,53.3069],[-3.2523,53.3137],[-3.2585,53.3149],[-3.2665,53.322],[-3.2744,53.3209],[-3.3084,53.338],[-3.3088,53.3438],[-3.3125,53.3538],[-3.3259,53.3569],[-3.3458,53.355],[-3.3607,53.3519],[-3.3559,53.3445],[-3.3498,53.3414],[-3.3527,53.3365],[-3.3546,53.3257],[-3.3598,53.3247],[-3.3827,53.3249],[-3.3875,53.3224],[-3.3926,53.316],[-3.3661,53.3102],[-3.3602,53.3126],[-3.3422,53.3123],[-3.336,53.3061],[-3.315,53.3063],[-3.3119,53.305],[-3.3003,53.293],[-3.3002,53.289],[-3.2934,53.2868],[-3.2909,53.2785],[-3.287,53.2758],[-3.2766,53.2784],[-3.2691,53.2785],[-3.2608,53.2759],[-3.2495,53.2747],[-3.2389,53.2716],[-3.2387,53.2644],[-3.2273,53.2594],[-3.2204,53.2534],[-3.2172,53.2476],[-3.2179,53.2431],[-3.2111,53.2427],[-3.1995,53.2311],[-3.195,53.2294],[-3.1888,53.2225],[-3.1901,53.2155],[-3.1984,53.2168],[-3.2015,53.2203],[-3.2105,53.2198],[-3.211,53.2117],[-3.2245,53.2129],[-3.2312,53.2106],[-3.2406,53.1995],[-3.2502,53.1942],[-3.2703,53.1922],[-3.2798,53.1854],[-3.2729,53.1787],[-3.2788,53.175],[-3.2808,53.1678],[-3.2717,53.163],[-3.2693,53.1571],[-3.258,53.1555],[-3.2557,53.1528],[-3.2608,53.1473],[-3.2575,53.1384],[-3.2521,53.1317],[-3.2468,53.1302],[-3.2465,53.1187],[-3.2493,53.1122],[-3.2402,53.1085],[-3.2393,53.1017],[-3.2429,53.0994],[-3.2412,53.0896],[-3.2455,53.0864],[-3.2386,53.0802],[-3.2377,53.0743],[-3.2414,53.0725],[-3.2405,53.0662],[-3.2331,53.0676],[-3.2271,53.0663],[-3.2232,53.0614],[-3.2179,53.0601],[-3.2207,53.0523],[-3.2183,53.0473],[-3.2374,53.037],[-3.261,53.0395],[-3.2686,53.034],[-3.2954,53.0198],[-3.3092,53.0196],[-3.3121,53.0151],[-3.3209,53.0132],[-3.327,53.0167],[-3.3279,53.021],[-3.3436,53.0228],[-3.3459,53.0246],[-3.363,53.0249],[-3.3682,53.0232],[-3.3765,53.0256],[-3.3823,53.0201],[-3.3977,53.0123],[-3.4065,53.0091],[-3.4145,53.013],[-3.4105,53.0162],[-3.4192,53.022],[-3.4443,53.0252],[-3.4504,53.0288],[-3.4514,53.036],[-3.4672,53.0411],[-3.4712,53.0472],[-3.4646,53.0515],[-3.4824,53.0704],[-3.4766,53.0745],[-3.482,53.0801],[-3.4956,53.0855],[-3.4889,53.0962],[-3.5051,53.1005],[-3.509,53.1067],[-3.5069,53.1094],[-3.5183,53.1147],[-3.5281,53.1163],[-3.5253,53.1231],[-3.536,53.1288],[-3.5451,53.1238],[-3.5571,53.1245],[-3.5745,53.1189],[-3.5757,53.1126],[-3.5839,53.1102],[-3.5877,53.112],[-3.5995,53.1082],[-3.6052,53.1018],[-3.6192,53.0967],[-3.6321,53.1006],[-3.6401,53.1059],[-3.6529,53.0996],[-3.6539,53.0868],[-3.6515,53.0828],[-3.6456,53.0829],[-3.6364,53.0785],[-3.6256,53.0782],[-3.6114,53.0676],[-3.603,53.0628],[-3.5902,53.058],[-3.5876,53.0481],[-3.5985,53.0424],[-3.5999,53.0388],[-3.5965,53.0287],[-3.5962,53.0199],[-3.6081,53.0191],[-3.6194,53.0212],[-3.6327,53.0179],[-3.6406,53.0205],[-3.6506,53.0185],[-3.6596,53.0211],[-3.6715,53.0191],[-3.6764,53.0114],[-3.6815,53.0082],[-3.6813,53.0044],[-3.673,52.9996],[-3.6786,52.9921],[-3.689,52.9901],[-3.698,52.9918],[-3.7026,52.9868],[-3.7091,52.9907],[-3.7215,52.9919],[-3.7303,52.9978],[-3.7437,52.9997],[-3.7485,52.989],[-3.7483,52.9834],[-3.7567,52.9788],[-3.7584,52.9754],[-3.7666,52.9746],[-3.7669,52.9654],[-3.7637,52.96],[-3.7827,52.9586],[-3.7885,52.9563],[-3.7985,52.9557],[-3.8139,52.9492],[-3.8076,52.9416],[-3.8096,52.9344],[-3.8045,52.921],[-3.8078,52.911],[-3.8143,52.906],[-3.8171,52.9015],[-3.8174,52.8913],[-3.8061,52.8879],[-3.8102,52.8793],[-3.8082,52.8737],[-3.7933,52.874],[-3.7891,52.8713],[-3.7809,52.871],[-3.7771,52.8679],[-3.7644,52.8667],[-3.7497,52.8697],[-3.7428,52.8644],[-3.7349,52.8532],[-3.7486,52.8443],[-3.7492,52.8398],[-3.7542,52.8359],[-3.7668,52.8339],[-3.768,52.828],[-3.7552,52.8228],[-3.7478,52.8229],[-3.7409,52.8188],[-3.7312,52.8164],[-3.7239,52.8183],[-3.7174,52.8229],[-3.7064,52.8267],[-3.6973,52.823],[-3.6987,52.8189],[-3.6911,52.8143],[-3.6879,52.8096],[-3.6815,52.8064],[-3.686,52.7998],[-3.6852,52.796],[-3.6775,52.7898],[-3.6634,52.7904],[-3.6567,52.7883],[-3.6518,52.7973],[-3.6467,52.7992],[-3.6421,52.7955],[-3.6419,52.7885],[-3.6359,52.7881],[-3.6197,52.791],[-3.6088,52.7975],[-3.5994,52.8037],[-3.61,52.8096],[-3.6074,52.8186],[-3.5931,52.8328],[-3.5856,52.8329],[-3.5791,52.8356],[-3.5678,52.8331],[-3.56,52.8332],[-3.5562,52.8404],[-3.5473,52.8397],[-3.5411,52.8424],[-3.5335,52.8394],[-3.5212,52.8382],[-3.5133,52.8432],[-3.5044,52.8438],[-3.4997,52.8596],[-3.4903,52.8676],[-3.4798,52.8634],[-3.4739,52.8635],[-3.4671,52.8605],[-3.4582,52.8633],[-3.4522,52.8606],[-3.4344,52.8609],[-3.4308,52.8645],[-3.4176,52.87],[-3.4155,52.8728],[-3.4043,52.8724],[-3.3985,52.8752],[-3.3874,52.8762],[-3.3808,52.8813],[-3.3781,52.8889],[-3.3678,52.8931],[-3.3529,52.8906],[-3.3448,52.8925],[-3.3372,52.8894],[-3.3342,52.8858],[-3.3221,52.8819],[-3.3096,52.8834],[-3.2961,52.8809],[-3.2967,52.877],[-3.2921,52.871],[-3.2825,52.8716],[-3.2738,52.8685],[-3.2579,52.8714],[-3.2527,52.871],[-3.2409,52.8734],[-3.2373,52.8779],[-3.227,52.8798],[-3.2138,52.888],[-3.199,52.8891],[-3.1843,52.896],[-3.1754,52.8952],[-3.1688,52.8995],[-3.1682,52.9047],[-3.1519,52.908],[-3.1368,52.8967],[-3.1351,52.8897],[-3.1188,52.8905],[-3.1161,52.8894],[-3.0965,52.8901],[-3.088,52.8928],[-3.0748,52.8997],[-3.0618,52.9012],[-3.0585,52.903],[-3.0418,52.9027],[-3.0355,52.9041],[-3.03,52.9095],[-3.0248,52.9091],[-3.0228,52.9166],[-3.0177,52.9204],[-3.0051,52.9241],[-2.9974,52.9292],[-2.991,52.9256],[-2.9901,52.9182],[-2.9808,52.919],[-2.9733,52.915],[-2.9507,52.9178],[-2.9486,52.9246],[-2.942,52.9283],[-2.9234,52.928],[-2.9239,52.9163],[-2.9165,52.919],[-2.9028,52.92],[-2.8853,52.9193],[-2.88,52.9161],[-2.8692,52.9162],[-2.8651,52.9131],[-2.8649,52.9061],[-2.853,52.9042],[-2.8404,52.9052],[-2.8353,52.9097],[-2.837,52.9214],[-2.8215,52.9283],[-2.8103,52.9261],[-2.8055,52.9315],[-2.7896,52.9325],[-2.7763,52.9407],[-2.7703,52.938],[-2.7554,52.9345],[-2.748,52.9373],[-2.7398,52.9351],[-2.7316,52.9374],[-2.7308,52.9293],[-2.7184,52.9276],[-2.7137,52.9303],[-2.7101,52.9375],[-2.7123,52.9397],[-2.7028,52.947],[-2.7028,52.9499],[-2.6921,52.9565],[-2.6836,52.9565],[-2.6713,52.9589],[-2.659,52.9549],[-2.6501,52.9572],[-2.6404,52.9541]]]},"properties":{"HA_NUM":67,"HA_NAME":"Dee (Cheshire)"}},
{"type":"Feature","geometry":{"type":"Polygon","coordinates":[[[-2.6659,53.3579],[-2.6751,53.3546],[-2.7,53.3568],[-2.7096,53.3498],[-2.7215,53.3447],[-2.7437,53.3454],[-2.7556,53.343],[-2.7603,53.3373],[-2.764,53.3273],[-2.7524,53.314],[-2.7885,53.2966],[-2.7999,53.2987],[-2.8155,53.3062],[-2.8326,53.3082],[-2.8472,53.3065],[-2.8481,53.3019],[-2.8407,53.2982],[-2.8512,53.2962],[-2.8603,53.2928],[-2.881,53.294],[-2.9163,53.3056],[-2.9201,53.3052],[-2.9335,53.3109],[-2.9469,53.3225],[-2.9505,53.3225],[-2.9574,53.3311],[-2.9681,53.3475],[-2.9837,53.3615],[-2.9885,53.3618],[-3.0018,53.3742],[-3.0061,53.3804],[-3.0082,53.3943],[-3.0153,53.4052],[-3.0165,53.4114],[-3.0241,53.4186],[-3.0384,53.4407],[-3.0444,53.4418],[-3.0555,53.4408],[-3.0755,53.4346],[-3.1005,53.4221],[-3.1192,53.4166],[-3.1423,53.4118],[-3.1708,53.4024],[-3.1788,53.3991],[-3.1929,53.3897],[-3.2002,53.3875],[-3.1956,53.3862],[-3.1914,53.3809],[-3.1857,53.3809],[-3.1728,53.3743],[-3.1588,53.3594],[-3.1587,53.3556],[-3.1527,53.3543],[-3.1388,53.3562],[-3.1285,53.3505],[-3.1246,53.3433],[-3.1178,53.3407],[-3.112,53.3354],[-3.1026,53.3345],[-3.0994,53.3265],[-3.0835,53.3208],[-3.0652,53.3093],[-3.0493,53.3067],[-3.0432,53.3032],[-3.0393,53.2951],[-3.0287,53.2916],[-3.0256,53.2876],[-3.0188,53.2845],[-3.009,53.2832],[-3.0022,53.2801],[-3.0021,53.2768],[-2.99,53.274],[-2.9884,53.269],[-2.9817,53.2695],[-2.9775,53.2642],[-2.9726,53.2638],[-2.9693,53.2512],[-2.9619,53.254],[-2.9506,53.2523],[-2.9341,53.2519],[-2.9218,53.2534],[-2.9145,53.2489],[-2.907,53.2477],[-2.9039,53.2427],[-2.8826,53.2429],[-2.8694,53.2403],[-2.8669,53.2297],[-2.872,53.2209],[-2.8696,53.2142],[-2.8613,53.2093],[-2.8545,53.2094],[-2.847,53.204],[-2.8417,53.2027],[-2.8431,53.1976],[-2.8371,53.1951],[-2.8385,53.1908],[-2.8257,53.1898],[-2.8204,53.1858],[-2.8203,53.1813],[-2.8082,53.1706],[-2.8118,53.1679],[-2.8102,53.1607],[-2.7997,53.1608],[-2.8011,53.1545],[-2.7854,53.1528],[-2.7845,53.1478],[-2.7701,53.1367],[-2.7597,53.1368],[-2.7558,53.1301],[-2.74,53.123],[-2.7276,53.1199],[-2.7182,53.1128],[-2.7263,53.1082],[-2.7269,53.1006],[-2.7343,53.0965],[-2.7313,53.0933],[-2.7334,53.0848],[-2.7296,53.0844],[-2.7273,53.0783],[-2.7407,53.0771],[-2.7511,53.0708],[-2.7517,53.0672],[-2.7457,53.0645],[-2.7462,53.0517],[-2.7507,53.0483],[-2.7447,53.0456],[-2.7319,53.0439],[-2.7266,53.0385],[-2.72,53.022],[-2.7166,53.0197],[-2.718,53.013],[-2.7105,53.0117],[-2.7105,53.0085],[-2.7193,53.0026],[-2.7214,52.9945],[-2.7176,52.9896],[-2.7093,52.9838],[-2.6974,52.9821],[-2.6851,52.984],[-2.6737,52.989],[-2.6617,52.9881],[-2.649,52.9819],[-2.6488,52.9734],[-2.6384,52.9712],[-2.6346,52.964],[-2.6397,52.9613],[-2.6404,52.9541],[-2.63,52.9555],[-2.612,52.9457],[-2.606,52.9448],[-2.6015,52.9397],[-2.5925,52.9341],[-2.5775,52.9308],[-2.5661,52.9342],[-2.5671,52.9266],[-2.5726,52.923],[-2.5751,52.9182],[-2.5661,52.9122],[-2.5505,52.9114],[-2.5415,52.9022],[-2.5355,52.8986],[-2.5228,52.8971],[-2.5117,52.8999],[-2.5035,52.8974],[-2.4991,52.9015],[-2.4917,52.9045],[-2.4869,52.909],[-2.4754,52.9086],[-2.4673,52.918],[-2.4718,52.9212],[-2.4705,52.934],[-2.4742,52.9391],[-2.4661,52.9432],[-2.4655,52.954],[-2.4543,52.9572],[-2.4495,52.9613],[-2.4366,52.9654],[-2.4344,52.9708],[-2.4195,52.9726],[-2.4084,52.9789],[-2.3902,52.9785],[-2.3853,52.9804],[-2.3723,52.9809],[-2.3711,52.9741],[-2.3562,52.9728],[-2.345,52.9672],[-2.3361,52.967],[-2.3293,52.9581],[-2.3278,52.9536],[-2.3151,52.9523],[-2.3084,52.9473],[-2.3017,52.9455],[-2.292,52.9505],[-2.2906,52.9613],[-2.2996,52.9685],[-2.3019,52.9739],[-2.3079,52.9783],[-2.3001,52.9851],[-2.2908,52.9869],[-2.2913,52.9991],[-2.2753,53.0067],[-2.276,53.0094],[-2.2872,53.0121],[-2.2925,53.0175],[-2.2933,53.0217],[-2.2993,53.0253],[-2.2911,53.0305],[-2.28,53.0404],[-2.2793,53.049],[-2.2666,53.056],[-2.257,53.0569],[-2.2533,53.065],[-2.2541,53.0733],[-2.2474,53.0751],[-2.2391,53.0742],[-2.2071,53.0871],[-2.2064,53.0972],[-2.2094,53.0995],[-2.2057,53.1049],[-2.2065,53.112],[-2.1927,53.1085],[-2.1639,53.1058],[-2.1519,53.1054],[-2.1527,53.1103],[-2.1438,53.1182],[-2.1438,53.1202],[-2.13,53.1216],[-2.1281,53.1232],[-2.1274,53.1369],[-2.1341,53.1396],[-2.1416,53.1454],[-2.1386,53.1481],[-2.1387,53.1551],[-2.126,53.1603],[-2.114,53.1585],[-2.099,53.1535],[-2.0706,53.1522],[-2.053,53.1522],[-2.0317,53.1673],[-2.0235,53.1698],[-2.0213,53.1763],[-2.0142,53.1796],[-2.0063,53.1774],[-1.9996,53.1729],[-1.9966,53.1644],[-1.979,53.1635],[-1.9712,53.1621],[-1.9697,53.1657],[-1.9603,53.1724],[-1.9584,53.1792],[-1.9547,53.1814],[-1.9584,53.2032],[-1.9577,53.2142],[-1.9532,53.2201],[-1.9565,53.2232],[-1.9561,53.2282],[-1.9629,53.2363],[-1.9711,53.2349],[-1.9868,53.2367],[-1.9996,53.2358],[-1.9996,53.2444],[-2.0018,53.2486],[-2.0003,53.2565],[-2.006,53.2574],[-2.0105,53.2632],[-2.0168,53.2632],[-2.0236,53.2583],[-2.0341,53.2601],[-2.0382,53.2565],[-2.0449,53.2565],[-2.0498,53.2506],[-2.0363,53.2444],[-2.0348,53.239],[-2.0397,53.23],[-2.052,53.23],[-2.055,53.2273],[-2.0647,53.2273],[-2.0647,53.2214],[-2.07,53.2138],[-2.0699,53.2057],[-2.0797,53.2048],[-2.0827,53.2016],[-2.1006,53.2048],[-2.1022,53.2209],[-2.1044,53.2257],[-2.1007,53.2302],[-2.1074,53.2326],[-2.1123,53.2304],[-2.128,53.2326],[-2.1374,53.229],[-2.1389,53.2227],[-2.1479,53.2254],[-2.1479,53.2366],[-2.1539,53.2402],[-2.1509,53.2438],[-2.1644,53.2505],[-2.1615,53.2532],[-2.1622,53.2631],[-2.169,53.2667],[-2.1787,53.2658],[-2.1848,53.2694],[-2.1855,53.2743],[-2.1923,53.2802],[-2.1968,53.2797],[-2.2013,53.286],[-2.2103,53.2878],[-2.208,53.2765],[-2.214,53.2691],[-2.22,53.2671],[-2.2485,53.2666],[-2.256,53.2657],[-2.2672,53.2674],[-2.2702,53.2706],[-2.289,53.2726],[-2.292,53.2692],[-2.3152,53.27],[-2.3235,53.2749],[-2.3393,53.2767],[-2.3404,53.2843],[-2.3491,53.2856],[-2.3514,53.2919],[-2.3664,53.2905],[-2.377,53.3022],[-2.377,53.3071],[-2.3876,53.315],[-2.4026,53.3129],[-2.4124,53.3178],[-2.4132,53.3263],[-2.4087,53.3291],[-2.4126,53.3367],[-2.4367,53.3465],[-2.454,53.3496],[-2.463,53.3527],[-2.4849,53.3555],[-2.4968,53.3485],[-2.5036,53.3489],[-2.5095,53.3462],[-2.5171,53.3471],[-2.5245,53.3434],[-2.5328,53.3434],[-2.5374,53.3488],[-2.5479,53.3492],[-2.5613,53.3406],[-2.5861,53.3396],[-2.598,53.335],[-2.6122,53.3331],[-2.6144,53.3286],[-2.6265,53.329],[-2.6281,53.3362],[-2.6214,53.3425],[-2.6207,53.3457],[-2.6327,53.3476],[-2.6452,53.3541],[-2.6547,53.3574],[-2.6659,53.3579]]]},"properties":{"HA_NUM":68,"HA_NAME":"Cheshire Rivers Group"}},
{"type":"Feature","geometry":{"type":"Polygon","coordinates":[[[-2.1891,53.7381],[-2.1952,53.7404],[-2.2061,53.7394],[-2.2119,53.7444],[-2.2217,53.7448],[-2.2331,53.7479],[-2.2294,53.7547],[-2.2423,53.7578],[-2.2491,53.7614],[-2.2589,53.7578],[-2.2885,53.7564],[-2.2927,53.7536],[-2.3014,53.7527],[-2.3013,53.7446],[-2.3081,53.741],[-2.3076,53.7257],[-2.3167,53.7253],[-2.3254,53.7275],[-2.3469,53.7153],[-2.3632,53.7148],[-2.3833,53.7107],[-2.3859,53.708],[-2.4003,53.7084],[-2.4032,53.7007],[-2.3971,53.6963],[-2.3993,53.6862],[-2.4107,53.6845],[-2.4133,53.6818],[-2.4296,53.6813],[-2.4363,53.6728],[-2.4355,53.6683],[-2.4427,53.6678],[-2.4491,53.67],[-2.4555,53.6669],[-2.4658,53.6704],[-2.476,53.6699],[-2.484,53.673],[-2.4991,53.6748],[-2.5013,53.6707],[-2.5232,53.6652],[-2.5285,53.6598],[-2.5223,53.6488],[-2.5213,53.6302],[-2.5152,53.6298],[-2.5122,53.6262],[-2.5219,53.6167],[-2.518,53.61],[-2.5089,53.6042],[-2.5126,53.5988],[-2.5375,53.5955],[-2.553,53.5727],[-2.5622,53.5774],[-2.5697,53.5792],[-2.5729,53.5881],[-2.5858,53.5944],[-2.5956,53.5901],[-2.5977,53.5835],[-2.5924,53.5788],[-2.595,53.5759],[-2.5889,53.5723],[-2.5816,53.565],[-2.5816,53.562],[-2.5755,53.5567],[-2.5807,53.5533],[-2.5791,53.5483],[-2.5836,53.5461],[-2.591,53.5346],[-2.6052,53.5273],[-2.6052,53.5233],[-2.6104,53.5197],[-2.6081,53.5163],[-2.6155,53.5088],[-2.6366,53.5051],[-2.6377,53.5024],[-2.6667,53.5009],[-2.6758,53.5054],[-2.6818,53.5058],[-2.6864,53.5114],[-2.6971,53.5156],[-2.7,53.5084],[-2.7067,53.507],[-2.7196,53.5083],[-2.7272,53.5141],[-2.7273,53.5172],[-2.7342,53.5239],[-2.7575,53.5233],[-2.7719,53.5237],[-2.7802,53.5281],[-2.7916,53.5292],[-2.8092,53.5414],[-2.8136,53.5391],[-2.8258,53.5422],[-2.8416,53.5421],[-2.8584,53.5496],[-2.8599,53.5523],[-2.8712,53.5499],[-2.8825,53.5499],[-2.8909,53.5529],[-2.9008,53.5587],[-2.9107,53.5609],[-2.9071,53.5681],[-2.9026,53.5722],[-2.9099,53.5766],[-2.9217,53.5801],[-2.9263,53.5837],[-2.9456,53.588],[-2.9509,53.5875],[-2.9634,53.5897],[-2.9922,53.5912],[-3.012,53.5987],[-3.0293,53.5968],[-3.0392,53.5989],[-3.0467,53.5957],[-3.0488,53.5908],[-3.056,53.5912],[-3.0645,53.5857],[-3.0736,53.5861],[-3.0845,53.5891],[-3.0982,53.5742],[-3.1038,53.5623],[-3.1053,53.5509],[-3.1016,53.5409],[-3.0849,53.5336],[-3.077,53.521],[-3.0639,53.5187],[-3.0654,53.516],[-3.0615,53.4995],[-3.0456,53.479],[-3.0411,53.4765],[-3.0375,53.4686],[-3.0407,53.4653],[-3.0278,53.4553],[-3.0188,53.4561],[-3.0178,53.4529],[-3.0027,53.4368],[-3.0039,53.4308],[-2.9991,53.4292],[-3.0039,53.4203],[-3.0002,53.4114],[-3.0025,53.4104],[-2.9947,53.4021],[-2.989,53.3916],[-2.9838,53.3937],[-2.9832,53.3846],[-2.9754,53.3788],[-2.9308,53.3606],[-2.913,53.3526],[-2.9045,53.3452],[-2.88,53.3347],[-2.8554,53.3274],[-2.8362,53.3272],[-2.8249,53.3327],[-2.8188,53.3328],[-2.8034,53.3271],[-2.7942,53.3222],[-2.7894,53.3223],[-2.7814,53.3262],[-2.7766,53.337],[-2.7701,53.3443],[-2.7594,53.3495],[-2.7478,53.3507],[-2.7357,53.3477],[-2.7265,53.3552],[-2.7178,53.3555],[-2.6992,53.3624],[-2.6918,53.3619],[-2.6776,53.3558],[-2.6659,53.3579],[-2.6547,53.3574],[-2.6452,53.3541],[-2.6327,53.3476],[-2.6207,53.3457],[-2.6214,53.3425],[-2.6281,53.3362],[-2.6265,53.329],[-2.6144,53.3286],[-2.6122,53.3331],[-2.598,53.335],[-2.5861,53.3396],[-2.5613,53.3406],[-2.5479,53.3492],[-2.5374,53.3488],[-2.5328,53.3434],[-2.5245,53.3434],[-2.5171,53.3471],[-2.5095,53.3462],[-2.5036,53.3489],[-2.4968,53.3485],[-2.4849,53.3555],[-2.463,53.3527],[-2.454,53.3496],[-2.4367,53.3465],[-2.4126,53.3367],[-2.4087,53.3291],[-2.4132,53.3263],[-2.4124,53.3178],[-2.4026,53.3129],[-2.3876,53.315],[-2.377,53.3071],[-2.377,53.3022],[-2.3664,53.2905],[-2.3514,53.2919],[-2.3491,53.2856],[-2.3404,53.2843],[-2.3393,53.2767],[-2.3235,53.2749],[-2.3152,53.27],[-2.292,53.2692],[-2.289,53.2726],[-2.2702,53.2706],[-2.2672,53.2674],[-2.256,53.2657],[-2.2485,53.2666],[-2.22,53.2671],[-2.214,53.2691],[-2.208,53.2765],[-2.2103,53.2878],[-2.2013,53.286],[-2.1968,53.2797],[-2.1923,53.2802],[-2.1855,53.2743],[-2.1848,53.2694],[-2.1787,53.2658],[-2.169,53.2667],[-2.1622,53.2631],[-2.1615,53.2532],[-2.1644,53.2505],[-2.1509,53.2438],[-2.1539,53.2402],[-2.1479,53.2366],[-2.1479,53.2254],[-2.1389,53.2227],[-2.1374,53.229],[-2.128,53.2326],[-2.1123,53.2304],[-2.1074,53.2326],[-2.1007,53.2302],[-2.1044,53.2257],[-2.1022,53.2209],[-2.1006,53.2048],[-2.0827,53.2016],[-2.0797,53.2048],[-2.0699,53.2057],[-2.07,53.2138],[-2.0647,53.2214],[-2.0647,53.2273],[-2.055,53.2273],[-2.052,53.23],[-2.0397,53.23],[-2.0348,53.239],[-2.0363,53.2444],[-2.0498,53.2506],[-2.0449,53.2565],[-2.0382,53.2565],[-2.0341,53.2601],[-2.0236,53.2583],[-2.0168,53.2632],[-2.0105,53.2632],[-2.006,53.2574],[-2.0003,53.2565],[-2.0018,53.2486],[-1.9996,53.2444],[-1.9996,53.2358],[-1.9868,53.2367],[-1.9711,53.2349],[-1.9629,53.2363],[-1.9599,53.2426],[-1.9606,53.2506],[-1.9531,53.261],[-1.9471,53.2655],[-1.9509,53.2709],[-1.9501,53.2754],[-1.9426,53.2763],[-1.9231,53.2843],[-1.9103,53.2861],[-1.9088,53.2902],[-1.8946,53.2875],[-1.883,53.2879],[-1.8833,53.2933],[-1.8728,53.2969],[-1.8758,53.3045],[-1.86,53.3157],[-1.8671,53.3157],[-1.8735,53.3198],[-1.8705,53.3261],[-1.8704,53.3319],[-1.8584,53.3427],[-1.8516,53.3454],[-1.8651,53.3535],[-1.8674,53.3589],[-1.8779,53.3652],[-1.8771,53.3701],[-1.8853,53.376],[-1.8793,53.3841],[-1.8695,53.3845],[-1.8586,53.3899],[-1.8732,53.3998],[-1.892,53.4016],[-1.9071,53.4095],[-1.9078,53.4129],[-1.8973,53.4209],[-1.8875,53.4214],[-1.883,53.4254],[-1.8728,53.4263],[-1.8679,53.4357],[-1.8539,53.4438],[-1.8558,53.4515],[-1.8626,53.4524],[-1.8618,53.4605],[-1.8505,53.46],[-1.8422,53.4645],[-1.8256,53.464],[-1.8128,53.4687],[-1.8143,53.4788],[-1.8011,53.4815],[-1.7928,53.4815],[-1.7848,53.4851],[-1.778,53.4934],[-1.7938,53.5067],[-1.8028,53.5121],[-1.8141,53.5121],[-1.8201,53.5152],[-1.8246,53.5233],[-1.8359,53.5206],[-1.8457,53.522],[-1.8593,53.531],[-1.8604,53.5333],[-1.8728,53.5405],[-1.8834,53.5396],[-1.8905,53.5454],[-1.8977,53.5459],[-1.9022,53.5508],[-1.9196,53.5511],[-1.9249,53.5526],[-1.9294,53.5594],[-1.9377,53.5598],[-1.9467,53.5634],[-1.9452,53.5704],[-1.9505,53.5778],[-1.9633,53.5769],[-1.9679,53.5814],[-1.9784,53.5879],[-1.9913,53.6017],[-1.995,53.6032],[-1.9928,53.6097],[-2.0034,53.6102],[-2.0026,53.6185],[-2.0132,53.6151],[-2.0245,53.6156],[-2.0253,53.6219],[-2.0306,53.6275],[-2.0306,53.6358],[-2.0412,53.6381],[-2.0427,53.6452],[-2.0351,53.6581],[-2.0374,53.6623],[-2.0575,53.6722],[-2.0586,53.6758],[-2.0685,53.6744],[-2.0707,53.6713],[-2.0806,53.6713],[-2.0813,53.6672],[-2.0999,53.6668],[-2.1078,53.6717],[-2.1222,53.6713],[-2.1275,53.6748],[-2.1275,53.6796],[-2.1434,53.6771],[-2.148,53.6867],[-2.1442,53.6923],[-2.1488,53.6946],[-2.1624,53.6968],[-2.1632,53.7067],[-2.1708,53.7098],[-2.1708,53.7152],[-2.1655,53.7166],[-2.1659,53.7211],[-2.1724,53.7238],[-2.18,53.7323],[-2.1891,53.7381]]]},"properties":{"HA_NUM":69,"HA_NAME":"Mersey and Irwell"}},
{"type":"Feature","geometry":{"type":"Polygon","coordinates":[[[-2.5285,53.6598],[-2.5357,53.6665],[-2.5452,53.6669],[-2.5482,53.6694],[-2.5491,53.6799],[-2.5554,53.6943],[-2.563,53.6981],[-2.5669,53.7068],[-2.5723,53.714],[-2.583,53.7198],[-2.6019,53.7197],[-2.6102,53.7134],[-2.62,53.7138],[-2.6246,53.716],[-2.6363,53.7128],[-2.6424,53.7163],[-2.6489,53.7163],[-2.6665,53.7306],[-2.6805,53.726],[-2.6983,53.7255],[-2.7049,53.7151],[-2.7178,53.7181],[-2.737,53.7302],[-2.7446,53.7315],[-2.7515,53.7359],[-2.7613,53.7359],[-2.7681,53.7331],[-2.7818,53.7362],[-2.7895,53.7393],[-2.8077,53.7396],[-2.8047,53.7459],[-2.8123,53.7462],[-2.8431,53.7391],[-2.8551,53.7342],[-2.8394,53.7287],[-2.8345,53.7304],[-2.8442,53.7279],[-2.8543,53.7317],[-2.8655,53.7338],[-2.8844,53.7309],[-2.8882,53.7271],[-2.8941,53.7297],[-2.8994,53.7254],[-2.9076,53.7278],[-2.9161,53.7227],[-2.9315,53.7225],[-2.9324,53.718],[-2.9455,53.7166],[-2.948,53.7117],[-2.9437,53.7082],[-2.9529,53.7035],[-2.9564,53.6968],[-2.9627,53.6956],[-2.9504,53.6877],[-2.9535,53.6821],[-2.9507,53.6801],[-2.9545,53.6823],[-2.9524,53.6909],[-2.9645,53.6934],[-2.9643,53.6977],[-2.9771,53.6965],[-2.9742,53.6911],[-2.9853,53.6841],[-2.9995,53.6714],[-3.0014,53.6672],[-3.008,53.6631],[-3.0133,53.6571],[-3.0332,53.6439],[-3.0461,53.6317],[-3.0516,53.6231],[-3.0623,53.6103],[-3.0845,53.5891],[-3.0736,53.5861],[-3.0645,53.5857],[-3.056,53.5912],[-3.0488,53.5908],[-3.0467,53.5957],[-3.0392,53.5989],[-3.0293,53.5968],[-3.012,53.5987],[-2.9922,53.5912],[-2.9634,53.5897],[-2.9509,53.5875],[-2.9456,53.588],[-2.9263,53.5837],[-2.9217,53.5801],[-2.9099,53.5766],[-2.9026,53.5722],[-2.9071,53.5681],[-2.9107,53.5609],[-2.9008,53.5587],[-2.8909,53.5529],[-2.8825,53.5499],[-2.8712,53.5499],[-2.8599,53.5523],[-2.8584,53.5496],[-2.8416,53.5421],[-2.8258,53.5422],[-2.8136,53.5391],[-2.8092,53.5414],[-2.7916,53.5292],[-2.7802,53.5281],[-2.7719,53.5237],[-2.7575,53.5233],[-2.7342,53.5239],[-2.7273,53.5172],[-2.7272,53.5141],[-2.7196,53.5083],[-2.7067,53.507],[-2.7,53.5084],[-2.6971,53.5156],[-2.6864,53.5114],[-2.6818,53.5058],[-2.6758,53.5054],[-2.6667,53.5009],[-2.6377,53.5024],[-2.6366,53.5051],[-2.6155,53.5088],[-2.6081,53.5163],[-2.6104,53.5197],[-2.6052,53.5233],[-2.6052,53.5273],[-2.591,53.5346],[-2.5836,53.5461],[-2.5791,53.5483],[-2.5807,53.5533],[-2.5755,53.5567],[-2.5816,53.562],[-2.5816,53.565],[-2.5889,53.5723],[-2.595,53.5759],[-2.5924,53.5788],[-2.5977,53.5835],[-2.5956,53.5901],[-2.5858,53.5944],[-2.5729,53.5881],[-2.5697,53.5792],[-2.5622,53.5774],[-2.553,53.5727],[-2.5375,53.5955],[-2.5126,53.5988],[-2.5089,53.6042],[-2.518,53.61],[-2.5219,53.6167],[-2.5122,53.6262],[-2.5152,53.6298],[-2.5213,53.6302],[-2.5223,53.6488],[-2.5285,53.6598]]]},"properties":{"HA_NUM":70,"HA_NAME":"Douglas Group"}},
{"type":"Feature","geometry":{"type":"Polygon","coordinates":[[[-2.5285,53.6598],[-2.5232,53.6652],[-2.5013,53.6707],[-2.4991,53.6748],[-2.484,53.673],[-2.476,53.6699],[-2.4658,53.6704],[-2.4555,53.6669],[-2.4491,53.67],[-2.4427,53.6678],[-2.4355,53.6683],[-2.4363,53.6728],[-2.4296,53.6813],[-2.4133,53.6818],[-2.4107,53.6845],[-2.3993,53.6862],[-2.3971,53.6963],[-2.4032,53.7007],[-2.4003,53.7084],[-2.3859,53.708],[-2.3833,53.7107],[-2.3632,53.7148],[-2.3469,53.7153],[-2.3254,53.7275],[-2.3167,53.7253],[-2.3076,53.7257],[-2.3081,53.741],[-2.3013,53.7446],[-2.3014,53.7527],[-2.2927,53.7536],[-2.2885,53.7564],[-2.2589,53.7578],[-2.2491,53.7614],[-2.2423,53.7578],[-2.2294,53.7547],[-2.2331,53.7479],[-2.2217,53.7448],[-2.2119,53.7444],[-2.2061,53.7394],[-2.1952,53.7404],[-2.1891,53.7381],[-2.1773,53.7386],[-2.1687,53.7498],[-2.1626,53.753],[-2.1516,53.7521],[-2.1437,53.7553],[-2.1308,53.758],[-2.1293,53.7717],[-2.1346,53.7775],[-2.1347,53.7818],[-2.124,53.7885],[-2.1309,53.7924],[-2.1317,53.7998],[-2.1211,53.8047],[-2.1142,53.8011],[-2.1081,53.8011],[-2.0975,53.8128],[-2.1044,53.8182],[-2.0778,53.8245],[-2.068,53.8281],[-2.0626,53.8338],[-2.0634,53.8394],[-2.0551,53.8511],[-2.0452,53.8511],[-2.0391,53.8569],[-2.0471,53.8574],[-2.0532,53.8605],[-2.0688,53.8614],[-2.0756,53.8749],[-2.0817,53.8807],[-2.0935,53.8802],[-2.1046,53.8856],[-2.1243,53.8825],[-2.1251,53.8879],[-2.1331,53.8847],[-2.1411,53.8838],[-2.1475,53.8806],[-2.157,53.8802],[-2.1661,53.8743],[-2.1783,53.8766],[-2.184,53.8824],[-2.1939,53.8824],[-2.2008,53.8842],[-2.2042,53.8884],[-2.2046,53.8954],[-2.1959,53.8954],[-2.1944,53.8997],[-2.1796,53.9112],[-2.164,53.9123],[-2.1678,53.9175],[-2.1701,53.9278],[-2.174,53.93],[-2.1717,53.9354],[-2.1824,53.9399],[-2.1794,53.9444],[-2.171,53.9435],[-2.1634,53.9485],[-2.1718,53.9584],[-2.1767,53.9579],[-2.1832,53.9624],[-2.1893,53.9624],[-2.1879,53.9709],[-2.1978,53.9722],[-2.1925,53.9781],[-2.1833,53.979],[-2.1772,53.9855],[-2.1819,53.9925],[-2.1872,53.9943],[-2.1949,54.0024],[-2.2063,54.0041],[-2.1972,54.0113],[-2.2033,54.0136],[-2.1988,54.0181],[-2.2156,54.0257],[-2.221,54.0342],[-2.2286,54.0382],[-2.2294,54.0454],[-2.2195,54.0468],[-2.2203,54.0616],[-2.2139,54.0616],[-2.1975,54.0671],[-2.1959,54.0707],[-2.2005,54.0738],[-2.1937,54.0776],[-2.1922,54.0828],[-2.2006,54.09],[-2.209,54.0922],[-2.2091,54.0976],[-2.203,54.1021],[-2.2022,54.1064],[-2.2061,54.1102],[-2.2023,54.1273],[-2.2024,54.1338],[-2.207,54.1389],[-2.2158,54.1371],[-2.2307,54.1367],[-2.2437,54.1429],[-2.2514,54.151],[-2.2461,54.1584],[-2.2462,54.1665],[-2.2347,54.1721],[-2.2416,54.1737],[-2.2532,54.1807],[-2.2532,54.1847],[-2.2375,54.1897],[-2.2479,54.1957],[-2.2563,54.1973],[-2.2601,54.1937],[-2.2682,54.1945],[-2.2763,54.2015],[-2.2794,54.2064],[-2.2779,54.2143],[-2.2664,54.2161],[-2.2488,54.2233],[-2.2565,54.233],[-2.2574,54.2447],[-2.262,54.2471],[-2.2827,54.2408],[-2.2889,54.2469],[-2.2897,54.2527],[-2.3054,54.2502],[-2.3235,54.2596],[-2.3227,54.2544],[-2.3249,54.2452],[-2.3345,54.2434],[-2.3394,54.2353],[-2.3494,54.2366],[-2.3524,54.2262],[-2.3619,54.2208],[-2.3715,54.2185],[-2.3775,54.2111],[-2.3744,54.2035],[-2.3613,54.1918],[-2.375,54.1803],[-2.3772,54.1718],[-2.371,54.1696],[-2.3614,54.1633],[-2.3434,54.1571],[-2.3349,54.1503],[-2.3322,54.145],[-2.3226,54.1416],[-2.3233,54.1351],[-2.3164,54.1347],[-2.3118,54.1293],[-2.3117,54.123],[-2.3071,54.1185],[-2.3025,54.119],[-2.2971,54.1116],[-2.3062,54.1068],[-2.2993,54.1015],[-2.3015,54.09],[-2.3107,54.092],[-2.3191,54.0879],[-2.3145,54.0821],[-2.3251,54.0785],[-2.3278,54.0713],[-2.3381,54.0717],[-2.3342,54.0672],[-2.3353,54.0605],[-2.3475,54.0604],[-2.3532,54.0577],[-2.3655,54.0626],[-2.3716,54.0622],[-2.3788,54.0581],[-2.3746,54.0545],[-2.3803,54.0486],[-2.3887,54.0482],[-2.3905,54.0441],[-2.405,54.0436],[-2.4111,54.0409],[-2.4188,54.0418],[-2.4248,54.0391],[-2.4413,54.0426],[-2.4581,54.0403],[-2.4669,54.0452],[-2.4806,54.0451],[-2.4943,54.0388],[-2.4927,54.0316],[-2.4987,54.0266],[-2.5014,54.0208],[-2.5208,54.0221],[-2.5278,54.027],[-2.5422,54.0226],[-2.5452,54.0154],[-2.5688,54.0155],[-2.5722,54.0115],[-2.5794,54.0083],[-2.5816,54.0009],[-2.5754,53.9921],[-2.5707,53.9895],[-2.573,53.9856],[-2.5676,53.9805],[-2.5576,53.9754],[-2.5782,53.9746],[-2.5827,53.9712],[-2.5804,53.9674],[-2.5894,53.9602],[-2.6046,53.957],[-2.6122,53.9569],[-2.6194,53.9528],[-2.6305,53.9582],[-2.6427,53.9581],[-2.6495,53.9527],[-2.6487,53.9486],[-2.6264,53.9389],[-2.6271,53.9335],[-2.6179,53.9266],[-2.6143,53.9196],[-2.6185,53.9158],[-2.6138,53.9117],[-2.6138,53.9061],[-2.6189,53.8922],[-2.6264,53.8867],[-2.6332,53.8854],[-2.6339,53.8795],[-2.6464,53.8781],[-2.6414,53.8703],[-2.645,53.8617],[-2.6389,53.8593],[-2.6388,53.853],[-2.6319,53.849],[-2.6265,53.8422],[-2.6181,53.8373],[-2.6105,53.8378],[-2.6047,53.8293],[-2.6126,53.8293],[-2.6202,53.8265],[-2.6318,53.818],[-2.639,53.8148],[-2.6458,53.8154],[-2.6507,53.8098],[-2.6654,53.8056],[-2.6972,53.801],[-2.701,53.7982],[-2.7108,53.7964],[-2.726,53.7967],[-2.7351,53.794],[-2.7472,53.7926],[-2.7533,53.7948],[-2.7844,53.7932],[-2.7874,53.791],[-2.8056,53.7913],[-2.8102,53.7935],[-2.8238,53.7894],[-2.8367,53.7902],[-2.836,53.7947],[-2.8444,53.7951],[-2.8454,53.8063],[-2.853,53.8071],[-2.8544,53.8031],[-2.8703,53.7976],[-2.8786,53.798],[-2.88,53.7917],[-2.8914,53.7943],[-2.9074,53.7946],[-2.9158,53.7959],[-2.9234,53.7994],[-2.931,53.7994],[-2.9508,53.8026],[-2.9623,53.8068],[-2.9767,53.8031],[-2.9843,53.8034],[-2.9887,53.8005],[-2.9841,53.7963],[-3.0108,53.8032],[-3.023,53.8031],[-3.0299,53.8071],[-3.0346,53.8134],[-3.0477,53.8186],[-3.0539,53.8262],[-3.045,53.8348],[-3.0556,53.8437],[-3.0576,53.821],[-3.0568,53.8085],[-3.0595,53.7903],[-3.0583,53.7703],[-3.0555,53.7634],[-3.0442,53.7534],[-3.0395,53.7522],[-3.0354,53.7471],[-3.0153,53.7383],[-3.0052,53.7366],[-2.9929,53.7373],[-2.9786,53.734],[-2.9514,53.7344],[-2.9392,53.7383],[-2.9324,53.7339],[-2.9248,53.7321],[-2.8991,53.7329],[-2.8723,53.7366],[-2.8567,53.7381],[-2.8355,53.7432],[-2.8216,53.7457],[-2.7887,53.7532],[-2.7633,53.7562],[-2.7632,53.7549],[-2.787,53.752],[-2.8123,53.7462],[-2.8047,53.7459],[-2.8077,53.7396],[-2.7895,53.7393],[-2.7818,53.7362],[-2.7681,53.7331],[-2.7613,53.7359],[-2.7515,53.7359],[-2.7446,53.7315],[-2.737,53.7302],[-2.7178,53.7181],[-2.7049,53.7151],[-2.6983,53.7255],[-2.6805,53.726],[-2.6665,53.7306],[-2.6489,53.7163],[-2.6424,53.7163],[-2.6363,53.7128],[-2.6246,53.716],[-2.62,53.7138],[-2.6102,53.7134],[-2.6019,53.7197],[-2.583,53.7198],[-2.5723,53.714],[-2.5669,53.7068],[-2.563,53.6981],[-2.5554,53.6943],[-2.5491,53.6799],[-2.5482,53.6694],[-2.5452,53.6669],[-2.5357,53.6665],[-2.5285,53.6598]]]},"properties":{"HA_NUM":71,"HA_NAME":"Ribble"}},
{"type":"Feature","geometry":{"type":"Polygon","coordinates":[[[-2.9024,54.0193],[-2.9055,54.0155],[-2.9064,54.0059],[-2.9003,53.9995],[-2.9037,53.9982],[-2.8992,53.9914],[-2.8885,53.9903],[-2.8762,53.9941],[-2.8769,54.0003],[-2.8714,54.0046],[-2.8586,54.0039],[-2.8438,54.0047],[-2.8346,54.012],[-2.8346,54.0147],[-2.8417,54.0223],[-2.834,54.0236],[-2.833,54.0271],[-2.8446,54.0397],[-2.8425,54.0415],[-2.8289,54.0283],[-2.8292,54.0148],[-2.8336,54.006],[-2.8347,53.9991],[-2.8411,53.9979],[-2.8517,54.0004],[-2.8679,53.9933],[-2.8708,53.9899],[-2.8709,53.9823],[-2.8781,53.9793],[-2.8735,53.9712],[-2.8576,53.9645],[-2.8659,53.9626],[-2.8751,53.9536],[-2.8713,53.9511],[-2.8755,53.9466],[-2.8825,53.9453],[-2.8864,53.9417],[-2.9012,53.9405],[-2.91,53.941],[-2.9073,53.9528],[-2.9228,53.9532],[-2.9467,53.9456],[-2.96,53.9424],[-2.982,53.9355],[-2.9954,53.9321],[-2.9983,53.9276],[-2.9975,53.9164],[-2.9943,53.9136],[-2.9971,53.9096],[-2.991,53.8958],[-2.9856,53.89],[-2.9722,53.8828],[-2.9644,53.8754],[-2.9648,53.8718],[-2.9721,53.8661],[-2.9519,53.8602],[-2.9489,53.8549],[-2.9345,53.8555],[-2.9412,53.8507],[-2.9527,53.8533],[-2.958,53.8601],[-2.9787,53.8609],[-2.9783,53.8718],[-2.9695,53.8753],[-2.9838,53.8825],[-2.9932,53.8853],[-3.0007,53.891],[-3.0059,53.9004],[-3.015,53.9057],[-3.0085,53.9068],[-3.0043,53.9248],[-3.0088,53.9291],[-3.0219,53.9263],[-3.0292,53.9269],[-3.0448,53.9234],[-3.0507,53.9197],[-3.0514,53.9136],[-3.0475,53.8881],[-3.0483,53.8714],[-3.0556,53.8437],[-3.045,53.8348],[-3.0539,53.8262],[-3.0477,53.8186],[-3.0346,53.8134],[-3.0299,53.8071],[-3.023,53.8031],[-3.0108,53.8032],[-2.9841,53.7963],[-2.9887,53.8005],[-2.9843,53.8034],[-2.9767,53.8031],[-2.9623,53.8068],[-2.9508,53.8026],[-2.931,53.7994],[-2.9234,53.7994],[-2.9158,53.7959],[-2.9074,53.7946],[-2.8914,53.7943],[-2.88,53.7917],[-2.8786,53.798],[-2.8703,53.7976],[-2.8544,53.8031],[-2.853,53.8071],[-2.8454,53.8063],[-2.8444,53.7951],[-2.836,53.7947],[-2.8367,53.7902],[-2.8238,53.7894],[-2.8102,53.7935],[-2.8056,53.7913],[-2.7874,53.791],[-2.7844,53.7932],[-2.7533,53.7948],[-2.7472,53.7926],[-2.7351,53.794],[-2.726,53.7967],[-2.7108,53.7964],[-2.701,53.7982],[-2.6972,53.801],[-2.6654,53.8056],[-2.6507,53.8098],[-2.6458,53.8154],[-2.639,53.8148],[-2.6318,53.818],[-2.6202,53.8265],[-2.6126,53.8293],[-2.6047,53.8293],[-2.6105,53.8378],[-2.6181,53.8373],[-2.6265,53.8422],[-2.6319,53.849],[-2.6388,53.853],[-2.6389,53.8593],[-2.645,53.8617],[-2.6414,53.8703],[-2.6464,53.8781],[-2.6339,53.8795],[-2.6332,53.8854],[-2.6264,53.8867],[-2.6189,53.8922],[-2.6138,53.9061],[-2.6138,53.9117],[-2.6185,53.9158],[-2.6143,53.9196],[-2.6179,53.9266],[-2.6271,53.9335],[-2.6264,53.9389],[-2.6487,53.9486],[-2.6495,53.9527],[-2.6427,53.9581],[-2.6305,53.9582],[-2.6194,53.9528],[-2.6122,53.9569],[-2.6046,53.957],[-2.5894,53.9602],[-2.5804,53.9674],[-2.5827,53.9712],[-2.5782,53.9746],[-2.5576,53.9754],[-2.5676,53.9805],[-2.573,53.9856],[-2.5707,53.9895],[-2.5754,53.9921],[-2.5816,54.0009],[-2.5794,54.0083],[-2.5722,54.0115],[-2.5688,54.0155],[-2.5452,54.0154],[-2.5422,54.0226],[-2.5278,54.027],[-2.5208,54.0221],[-2.5014,54.0208],[-2.4987,54.0266],[-2.4927,54.0316],[-2.4943,54.0388],[-2.4806,54.0451],[-2.4669,54.0452],[-2.4581,54.0403],[-2.4413,54.0426],[-2.4248,54.0391],[-2.4188,54.0418],[-2.4111,54.0409],[-2.405,54.0436],[-2.3905,54.0441],[-2.3887,54.0482],[-2.3803,54.0486],[-2.3746,54.0545],[-2.3788,54.0581],[-2.3716,54.0622],[-2.3655,54.0626],[-2.3532,54.0577],[-2.3475,54.0604],[-2.3353,54.0605],[-2.3342,54.0672],[-2.3381,54.0717],[-2.3278,54.0713],[-2.3251,54.0785],[-2.3145,54.0821],[-2.3191,54.0879],[-2.3107,54.092],[-2.3015,54.09],[-2.2993,54.1015],[-2.3062,54.1068],[-2.2971,54.1116],[-2.3025,54.119],[-2.3071,54.1185],[-2.3117,54.123],[-2.3118,54.1293],[-2.3164,54.1347],[-2.3233,54.1351],[-2.3226,54.1416],[-2.3322,54.145],[-2.3349,54.1503],[-2.3434,54.1571],[-2.3614,54.1633],[-2.371,54.1696],[-2.3772,54.1718],[-2.375,54.1803],[-2.3613,54.1918],[-2.3744,54.2035],[-2.3775,54.2111],[-2.3715,54.2185],[-2.3619,54.2208],[-2.3524,54.2262],[-2.3494,54.2366],[-2.3394,54.2353],[-2.3345,54.2434],[-2.3249,54.2452],[-2.3227,54.2544],[-2.3235,54.2596],[-2.3166,54.2675],[-2.3167,54.2717],[-2.3221,54.2755],[-2.3226,54.2879],[-2.3183,54.2888],[-2.3192,54.298],[-2.3238,54.3002],[-2.3208,54.3061],[-2.3216,54.3122],[-2.3132,54.3164],[-2.3171,54.3209],[-2.3148,54.3274],[-2.321,54.3315],[-2.3279,54.331],[-2.3341,54.3344],[-2.3357,54.3404],[-2.3472,54.3449],[-2.348,54.3471],[-2.3584,54.3502],[-2.365,54.3547],[-2.3735,54.3592],[-2.3797,54.3655],[-2.3837,54.3751],[-2.3829,54.3789],[-2.3745,54.3841],[-2.3791,54.3857],[-2.3923,54.3946],[-2.4008,54.3953],[-2.4055,54.3988],[-2.4209,54.4013],[-2.4316,54.3963],[-2.4382,54.4012],[-2.464,54.3993],[-2.4656,54.4047],[-2.4571,54.4061],[-2.4495,54.411],[-2.448,54.4144],[-2.446,54.4461],[-2.4507,54.4528],[-2.4592,54.4537],[-2.4577,54.4571],[-2.4654,54.4586],[-2.4754,54.4568],[-2.4843,54.4599],[-2.4948,54.4666],[-2.4914,54.4724],[-2.483,54.4738],[-2.4815,54.477],[-2.4915,54.4792],[-2.5066,54.48],[-2.5104,54.4814],[-2.5305,54.4795],[-2.5374,54.4758],[-2.5451,54.4763],[-2.5537,54.4843],[-2.5637,54.4847],[-2.568,54.4824],[-2.5811,54.4846],[-2.5857,54.4819],[-2.5969,54.4832],[-2.6003,54.4814],[-2.6138,54.4804],[-2.6349,54.494],[-2.6393,54.5019],[-2.6528,54.5022],[-2.6612,54.5004],[-2.6611,54.4901],[-2.6734,54.4877],[-2.6811,54.4891],[-2.6896,54.4868],[-2.6972,54.4791],[-2.7068,54.4763],[-2.7121,54.4709],[-2.7293,54.4663],[-2.7331,54.4636],[-2.7559,54.4657],[-2.7663,54.4647],[-2.7748,54.4615],[-2.7678,54.4577],[-2.7668,54.4465],[-2.7536,54.4446],[-2.7443,54.4392],[-2.7342,54.4357],[-2.7349,54.4312],[-2.7294,54.4254],[-2.7213,54.4232],[-2.7132,54.4251],[-2.7016,54.4242],[-2.6924,54.4261],[-2.6745,54.4181],[-2.6674,54.406],[-2.6605,54.4042],[-2.6588,54.3966],[-2.6403,54.3976],[-2.6295,54.395],[-2.6264,54.3918],[-2.6163,54.3908],[-2.6209,54.3845],[-2.6192,54.3748],[-2.6237,54.3685],[-2.6213,54.3595],[-2.6174,54.3595],[-2.6142,54.3524],[-2.6076,54.3479],[-2.5964,54.3448],[-2.6048,54.3394],[-2.6025,54.3358],[-2.6055,54.3306],[-2.603,54.3187],[-2.604,54.3133],[-2.6106,54.3146],[-2.6182,54.3123],[-2.6258,54.3011],[-2.6265,54.2963],[-2.621,54.2908],[-2.6287,54.2889],[-2.6316,54.284],[-2.6314,54.2709],[-2.6153,54.2708],[-2.6122,54.2665],[-2.6113,54.2594],[-2.6188,54.249],[-2.625,54.2478],[-2.6249,54.2415],[-2.6325,54.2408],[-2.6324,54.2341],[-2.6392,54.2282],[-2.6353,54.2235],[-2.6437,54.2185],[-2.6435,54.2062],[-2.638,54.2012],[-2.6449,54.1958],[-2.6378,54.1842],[-2.6454,54.1796],[-2.6392,54.1738],[-2.6398,54.1653],[-2.649,54.1634],[-2.6527,54.1574],[-2.6595,54.1553],[-2.6595,54.1508],[-2.6738,54.1399],[-2.6814,54.1356],[-2.702,54.1281],[-2.7034,54.1227],[-2.7017,54.1112],[-2.7092,54.1047],[-2.7099,54.1006],[-2.7221,54.1006],[-2.7293,54.096],[-2.7366,54.0964],[-2.7443,54.1004],[-2.7421,54.1058],[-2.7494,54.1067],[-2.755,54.1013],[-2.7657,54.0998],[-2.7717,54.0935],[-2.782,54.0921],[-2.7916,54.0929],[-2.7938,54.0893],[-2.8097,54.0798],[-2.8104,54.0762],[-2.8183,54.0698],[-2.8278,54.0711],[-2.8297,54.0671],[-2.8468,54.0629],[-2.856,54.0669],[-2.8598,54.0633],[-2.8727,54.0627],[-2.8779,54.0546],[-2.8847,54.05],[-2.8968,54.0446],[-2.8982,54.0383],[-2.8964,54.0266],[-2.9017,54.0238],[-2.9024,54.0193]]]},"properties":{"HA_NUM":72,"HA_NAME":"Wyre and Lune"}},
{"type":"Feature","geometry":{"type":"MultiPolygon","coordinates":[[[[-3.0622,54.1822],[-3.0556,54.1881],[-3.0535,54.1985],[-3.0453,54.1997],[-3.0328,54.2106],[-3.0348,54.2154],[-3.0533,54.2214],[-3.0465,54.2268],[-3.0335,54.2293],[-3.028,54.2252],[-3.0277,54.2198],[-3.0147,54.2072],[-3.0179,54.2012],[-3.0269,54.1978],[-3.0285,54.191],[-3.014,54.1781],[-3.0042,54.1725],[-3.0037,54.167],[-3.0061,54.158],[-2.9962,54.1505],[-2.9752,54.148],[-2.9682,54.1463],[-2.967,54.1509],[-2.9591,54.1517],[-2.9403,54.1564],[-2.9306,54.156],[-2.9353,54.167],[-2.9286,54.1691],[-2.9196,54.1772],[-2.9171,54.1832],[-2.9053,54.1943],[-2.8916,54.1976],[-2.8852,54.1968],[-2.8462,54.2054],[-2.8422,54.2078],[-2.836,54.2166],[-2.8321,54.2193],[-2.8046,54.2247],[-2.8045,54.2338],[-2.8013,54.2423],[-2.8138,54.244],[-2.8138,54.25],[-2.8093,54.2519],[-2.8145,54.2564],[-2.805,54.2471],[-2.7973,54.2424],[-2.7946,54.2337],[-2.7886,54.2282],[-2.794,54.2241],[-2.8136,54.2159],[-2.8241,54.2138],[-2.8358,54.2022],[-2.856,54.1933],[-2.8643,54.192],[-2.8681,54.187],[-2.8645,54.1809],[-2.8701,54.1776],[-2.8601,54.1605],[-2.8541,54.1555],[-2.841,54.1525],[-2.8419,54.1474],[-2.8318,54.1386],[-2.8301,54.1334],[-2.822,54.1255],[-2.8087,54.1218],[-2.7975,54.1263],[-2.8013,54.1153],[-2.8081,54.1108],[-2.8145,54.1038],[-2.8131,54.1004],[-2.8199,54.0888],[-2.8332,54.085],[-2.8405,54.0795],[-2.8476,54.0775],[-2.8598,54.077],[-2.8672,54.0734],[-2.8768,54.0731],[-2.8768,54.0697],[-2.8872,54.065],[-2.8928,54.059],[-2.8968,54.0494],[-2.9059,54.0482],[-2.9065,54.0393],[-2.918,54.0363],[-2.9133,54.0337],[-2.9202,54.0323],[-2.9215,54.029],[-2.9096,54.0215],[-2.9024,54.0193],[-2.9017,54.0238],[-2.8964,54.0266],[-2.8982,54.0383],[-2.8968,54.0446],[-2.8847,54.05],[-2.8779,54.0546],[-2.8727,54.0627],[-2.8598,54.0633],[-2.856,54.0669],[-2.8468,54.0629],[-2.8297,54.0671],[-2.8278,54.0711],[-2.8183,54.0698],[-2.8104,54.0762],[-2.8097,54.0798],[-2.7938,54.0893],[-2.7916,54.0929],[-2.782,54.0921],[-2.7717,54.0935],[-2.7657,54.0998],[-2.755,54.1013],[-2.7494,54.1067],[-2.7421,54.1058],[-2.7443,54.1004],[-2.7366,54.0964],[-2.7293,54.096],[-2.7221,54.1006],[-2.7099,54.1006],[-2.7092,54.1047],[-2.7017,54.1112],[-2.7034,54.1227],[-2.702,54.1281],[-2.6814,54.1356],[-2.6738,54.1399],[-2.6595,54.1508],[-2.6595,54.1553],[-2.6527,54.1574],[-2.649,54.1634],[-2.6398,54.1653],[-2.6392,54.1738],[-2.6454,54.1796],[-2.6378,54.1842],[-2.6449,54.1958],[-2.638,54.2012],[-2.6435,54.2062],[-2.6437,54.2185],[-2.6353,54.2235],[-2.6392,54.2282],[-2.6324,54.2341],[-2.6325,54.2408],[-2.6249,54.2415],[-2.625,54.2478],[-2.6188,54.249],[-2.6113,54.2594],[-2.6122,54.2665],[-2.6153,54.2708],[-2.6314,54.2709],[-2.6316,54.284],[-2.6287,54.2889],[-2.621,54.2908],[-2.6265,54.2963],[-2.6258,54.3011],[-2.6182,54.3123],[-2.6106,54.3146],[-2.604,54.3133],[-2.603,54.3187],[-2.6055,54.3306],[-2.6025,54.3358],[-2.6048,54.3394],[-2.5964,54.3448],[-2.6076,54.3479],[-2.6142,54.3524],[-2.6174,54.3595],[-2.6213,54.3595],[-2.6237,54.3685],[-2.6192,54.3748],[-2.6209,54.3845],[-2.6163,54.3908],[-2.6264,54.3918],[-2.6295,54.395],[-2.6403,54.3976],[-2.6588,54.3966],[-2.6605,54.4042],[-2.6674,54.406],[-2.6745,54.4181],[-2.6924,54.4261],[-2.7016,54.4242],[-2.7132,54.4251],[-2.7213,54.4232],[-2.7294,54.4254],[-2.7349,54.4312],[-2.7342,54.4357],[-2.7443,54.4392],[-2.7536,54.4446],[-2.7668,54.4465],[-2.7678,54.4577],[-2.7748,54.4615],[-2.7824,54.4597],[-2.7957,54.4688],[-2.7966,54.4751],[-2.8048,54.4807],[-2.8174,54.4743],[-2.8268,54.4798],[-2.836,54.4759],[-2.8445,54.4786],[-2.8538,54.4794],[-2.8547,54.4835],[-2.8679,54.487],[-2.8724,54.4824],[-2.8778,54.481],[-2.8821,54.4855],[-2.9071,54.4822],[-2.91,54.4736],[-2.9161,54.4718],[-2.9183,54.4664],[-2.9253,54.4663],[-2.9373,54.4689],[-2.9424,54.4722],[-2.9488,54.4823],[-2.955,54.4843],[-2.9619,54.4822],[-2.9729,54.4889],[-2.98,54.496],[-3.0016,54.4976],[-3.0147,54.4948],[-3.0209,54.4938],[-3.0345,54.4973],[-3.0487,54.4968],[-3.0509,54.4913],[-3.0641,54.4926],[-3.0756,54.4902],[-3.0793,54.4866],[-3.0878,54.4852],[-3.093,54.4788],[-3.0922,54.4757],[-3.1002,54.472],[-3.1098,54.4722],[-3.1144,54.4692],[-3.1161,54.462],[-3.1203,54.4593],[-3.1312,54.4637],[-3.1368,54.4703],[-3.1452,54.4689],[-3.1489,54.4635],[-3.1557,54.4589],[-3.1634,54.4584],[-3.1679,54.4539],[-3.1662,54.4476],[-3.1608,54.4467],[-3.1582,54.4358],[-3.1596,54.4319],[-3.1495,54.4284],[-3.1362,54.4209],[-3.1154,54.4225],[-3.1159,54.4108],[-3.1235,54.4076],[-3.1265,54.4039],[-3.1262,54.3958],[-3.1222,54.3882],[-3.1252,54.3846],[-3.1242,54.377],[-3.1372,54.3728],[-3.1369,54.3652],[-3.1399,54.3595],[-3.1452,54.357],[-3.1477,54.3512],[-3.138,54.3481],[-3.1347,54.3405],[-3.1285,54.3363],[-3.1193,54.3384],[-3.1108,54.3378],[-3.111,54.3308],[-3.1279,54.3154],[-3.1347,54.3126],[-3.1354,54.309],[-3.1124,54.3097],[-3.1122,54.3052],[-3.1206,54.3038],[-3.1334,54.2911],[-3.14,54.2802],[-3.1468,54.2779],[-3.1298,54.2736],[-3.1336,54.2699],[-3.1364,54.2623],[-3.1325,54.2594],[-3.1316,54.2531],[-3.1368,54.2488],[-3.1342,54.2371],[-3.1402,54.2344],[-3.1417,54.2299],[-3.1538,54.2271],[-3.1537,54.2217],[-3.1574,54.216],[-3.1466,54.2137],[-3.1449,54.2078],[-3.1507,54.1961],[-3.1559,54.1897],[-3.1597,54.1897],[-3.1664,54.1816],[-3.1632,54.1775],[-3.1693,54.1752],[-3.1653,54.1717],[-3.1612,54.1627],[-3.1486,54.1615],[-3.1443,54.1579],[-3.1448,54.1512],[-3.1602,54.152],[-3.1692,54.1469],[-3.1778,54.1379],[-3.185,54.1369],[-3.1802,54.1293],[-3.1816,54.1257],[-3.1762,54.1217],[-3.1766,54.1109],[-3.1741,54.1031],[-3.1632,54.0971],[-3.1639,54.093],[-3.1557,54.09],[-3.1308,54.1021],[-3.1302,54.1048],[-3.1221,54.1093],[-3.1203,54.1126],[-3.1048,54.1194],[-3.1005,54.1284],[-3.088,54.1363],[-3.0838,54.1473],[-3.0723,54.1585],[-3.0612,54.162],[-3.0589,54.172],[-3.0629,54.1787],[-3.0622,54.1822]]],[[[-3.0057,54.1417],[-3.0104,54.1402],[-3.017,54.1341],[-3.0104,54.1316],[-2.9996,54.1327],[-2.9784,54.1402],[-2.9724,54.1454],[-2.9954,54.1495],[-3.0025,54.1483],[-3.0057,54.1417]]]]},"properties":{"HA_NUM":73,"HA_NAME":"Kent Group"}},
{"type":"Feature","geometry":{"type":"MultiPolygon","coordinates":[[[[-3.1679,54.4539],[-3.1796,54.4574],[-3.1836,54.4623],[-3.1968,54.4653],[-3.2009,54.4747],[-3.2071,54.4746],[-3.2189,54.483],[-3.2121,54.4871],[-3.2132,54.4966],[-3.2253,54.5018],[-3.2341,54.5008],[-3.2451,54.5075],[-3.2583,54.5087],[-3.2678,54.5149],[-3.2833,54.5183],[-3.3084,54.5297],[-3.3122,54.5279],[-3.3332,54.5313],[-3.3379,54.5348],[-3.3514,54.5337],[-3.3604,54.5379],[-3.3606,54.5424],[-3.3653,54.545],[-3.3648,54.5516],[-3.3696,54.5583],[-3.3804,54.5568],[-3.3911,54.5517],[-3.4018,54.5507],[-3.4181,54.5514],[-3.442,54.5498],[-3.4496,54.5452],[-3.4566,54.5471],[-3.4615,54.554],[-3.4641,54.5612],[-3.4542,54.5656],[-3.4547,54.5698],[-3.4607,54.5752],[-3.4693,54.5778],[-3.4843,54.587],[-3.4846,54.5933],[-3.4815,54.5949],[-3.4826,54.6032],[-3.4949,54.6017],[-3.5059,54.6047],[-3.5063,54.6159],[-3.5095,54.6186],[-3.5035,54.6238],[-3.5013,54.6286],[-3.4906,54.6321],[-3.488,54.6355],[-3.4909,54.64],[-3.5117,54.6352],[-3.52,54.6311],[-3.5356,54.6331],[-3.5539,54.6257],[-3.5553,54.6216],[-3.561,54.6198],[-3.5702,54.6222],[-3.5679,54.6134],[-3.572,54.6067],[-3.571,54.6036],[-3.5778,54.5941],[-3.5826,54.5912],[-3.5833,54.5832],[-3.5807,54.5724],[-3.5848,54.564],[-3.5905,54.5592],[-3.5903,54.5498],[-3.5984,54.5504],[-3.6029,54.5427],[-3.6059,54.5324],[-3.6136,54.5251],[-3.6257,54.5207],[-3.6384,54.5178],[-3.6401,54.5138],[-3.6358,54.5068],[-3.6269,54.5019],[-3.6196,54.4908],[-3.6083,54.4908],[-3.5919,54.4812],[-3.5827,54.4725],[-3.5786,54.4651],[-3.5707,54.4603],[-3.5597,54.4502],[-3.5383,54.436],[-3.5268,54.4263],[-3.5046,54.4102],[-3.4881,54.3972],[-3.4765,54.3865],[-3.4721,54.3754],[-3.4607,54.3648],[-3.4406,54.349],[-3.4366,54.3444],[-3.4301,54.342],[-3.4178,54.3485],[-3.4211,54.3541],[-3.4282,54.3538],[-3.4323,54.3566],[-3.4217,54.3597],[-3.415,54.3572],[-3.4066,54.3509],[-3.4036,54.3392],[-3.414,54.3462],[-3.4231,54.3395],[-3.4254,54.332],[-3.4245,54.3272],[-3.4161,54.3092],[-3.4177,54.2974],[-3.4226,54.2933],[-3.4217,54.2851],[-3.4046,54.2679],[-3.4038,54.264],[-3.3928,54.2531],[-3.3766,54.242],[-3.3636,54.2305],[-3.344,54.2113],[-3.3283,54.1946],[-3.3169,54.1889],[-3.3004,54.1884],[-3.2899,54.1911],[-3.2869,54.1955],[-3.2803,54.1961],[-3.2737,54.1912],[-3.2682,54.19],[-3.2549,54.1916],[-3.2411,54.2029],[-3.244,54.2073],[-3.2501,54.2104],[-3.2543,54.2202],[-3.236,54.2281],[-3.2319,54.2375],[-3.2257,54.2396],[-3.2237,54.2549],[-3.2309,54.2586],[-3.2276,54.2622],[-3.2148,54.2568],[-3.2094,54.2462],[-3.2,54.2375],[-3.1962,54.2256],[-3.1995,54.2196],[-3.2049,54.2177],[-3.2062,54.21],[-3.2126,54.2085],[-3.2123,54.2001],[-3.2167,54.1899],[-3.2176,54.1775],[-3.2284,54.1715],[-3.2467,54.172],[-3.2559,54.1695],[-3.2567,54.1633],[-3.2486,54.1547],[-3.2434,54.1579],[-3.237,54.154],[-3.2446,54.1327],[-3.2452,54.1182],[-3.2398,54.1044],[-3.2269,54.094],[-3.222,54.0935],[-3.2149,54.098],[-3.1944,54.1041],[-3.1852,54.0945],[-3.1873,54.0906],[-3.1757,54.085],[-3.173,54.081],[-3.1649,54.083],[-3.1557,54.09],[-3.1639,54.093],[-3.1632,54.0971],[-3.1741,54.1031],[-3.1766,54.1109],[-3.1762,54.1217],[-3.1816,54.1257],[-3.1802,54.1293],[-3.185,54.1369],[-3.1778,54.1379],[-3.1692,54.1469],[-3.1602,54.152],[-3.1448,54.1512],[-3.1443,54.1579],[-3.1486,54.1615],[-3.1612,54.1627],[-3.1653,54.1717],[-3.1693,54.1752],[-3.1632,54.1775],[-3.1664,54.1816],[-3.1597,54.1897],[-3.1559,54.1897],[-3.1507,54.1961],[-3.1449,54.2078],[-3.1466,54.2137],[-3.1574,54.216],[-3.1537,54.2217],[-3.1538,54.2271],[-3.1417,54.2299],[-3.1402,54.2344],[-3.1342,54.2371],[-3.1368,54.2488],[-3.1316,54.2531],[-3.1325,54.2594],[-3.1364,54.2623],[-3.1336,54.2699],[-3.1298,54.2736],[-3.1468,54.2779],[-3.14,54.2802],[-3.1334,54.2911],[-3.1206,54.3038],[-3.1122,54.3052],[-3.1124,54.3097],[-3.1354,54.309],[-3.1347,54.3126],[-3.1279,54.3154],[-3.111,54.3308],[-3.1108,54.3378],[-3.1193,54.3384],[-3.1285,54.3363],[-3.1347,54.3405],[-3.138,54.3481],[-3.1477,54.3512],[-3.1452,54.357],[-3.1399,54.3595],[-3.1369,54.3652],[-3.1372,54.3728],[-3.1242,54.377],[-3.1252,54.3846],[-3.1222,54.3882],[-3.1262,54.3958],[-3.1265,54.4039],[-3.1235,54.4076],[-3.1159,54.4108],[-3.1154,54.4225],[-3.1362,54.4209],[-3.1495,54.4284],[-3.1596,54.4319],[-3.1582,54.4358],[-3.1608,54.4467],[-3.1662,54.4476],[-3.1679,54.4539]]],[[[-3.2602,54.1332],[-3.2565,54.1321],[-3.2628,54.1362],[-3.2691,54.1492],[-3.2766,54.1427],[-3.2771,54.1357],[-3.2688,54.1129],[-3.2693,54.1081],[-3.2507,54.0852],[-3.2353,54.0708],[-3.2317,54.0686],[-3.2163,54.0545],[-3.2105,54.048],[-3.1986,54.0447],[-3.1735,54.0471],[-3.1708,54.0548],[-3.1957,54.0489],[-3.205,54.0518],[-3.2108,54.0616],[-3.2102,54.0652],[-3.219,54.0657],[-3.2271,54.0716],[-3.2242,54.0805],[-3.2291,54.0858],[-3.2391,54.0873],[-3.2477,54.0936],[-3.2434,54.099],[-3.2463,54.1114],[-3.251,54.1167],[-3.2508,54.1255],[-3.2565,54.1321],[-3.2602,54.1332]]]]},"properties":{"HA_NUM":74,"HA_NAME":"Esk Group (Cumbria)"}},
{"type":"Feature","geometry":{"type":"Polygon","coordinates":[[[-3.1679,54.4539],[-3.1634,54.4584],[-3.1557,54.4589],[-3.1489,54.4635],[-3.1452,54.4689],[-3.1368,54.4703],[-3.1312,54.4637],[-3.1203,54.4593],[-3.1161,54.462],[-3.1144,54.4692],[-3.1098,54.4722],[-3.1002,54.472],[-3.0922,54.4757],[-3.093,54.4788],[-3.0878,54.4852],[-3.0793,54.4866],[-3.0756,54.4902],[-3.0641,54.4926],[-3.0509,54.4913],[-3.0487,54.4968],[-3.0345,54.4973],[-3.0209,54.4938],[-3.0147,54.4948],[-3.012,54.5083],[-3.0151,54.5087],[-3.0163,54.5262],[-3.0256,54.5293],[-3.0229,54.5428],[-3.0192,54.5498],[-3.0186,54.5595],[-3.0203,54.5649],[-3.0266,54.5675],[-3.0205,54.5711],[-3.0187,54.577],[-3.0057,54.5829],[-2.969,54.585],[-2.9599,54.5919],[-2.9616,54.5988],[-2.9517,54.6061],[-2.9533,54.6103],[-2.9402,54.614],[-2.9327,54.6211],[-2.9367,54.6287],[-2.9369,54.6352],[-2.9401,54.6396],[-2.9351,54.6442],[-2.9263,54.6481],[-2.9266,54.6591],[-2.9291,54.6665],[-2.9438,54.667],[-2.9477,54.6701],[-2.9628,54.6673],[-2.9733,54.6672],[-2.9739,54.6623],[-2.9868,54.6653],[-2.9935,54.6689],[-3.0067,54.6706],[-3.0315,54.669],[-3.0368,54.6647],[-3.0381,54.6543],[-3.0488,54.6495],[-3.0565,54.6495],[-3.0706,54.6536],[-3.0794,54.6493],[-3.0972,54.6491],[-3.1029,54.6464],[-3.1066,54.64],[-3.1123,54.6359],[-3.1236,54.6358],[-3.1341,54.638],[-3.1424,54.6451],[-3.1479,54.6468],[-3.1481,54.6531],[-3.1439,54.6572],[-3.1219,54.6588],[-3.122,54.6626],[-3.117,54.666],[-3.1176,54.6721],[-3.1115,54.6757],[-3.1116,54.6798],[-3.1002,54.6893],[-3.1004,54.6963],[-3.1064,54.7012],[-3.1215,54.7024],[-3.1256,54.7082],[-3.125,54.7149],[-3.1306,54.7225],[-3.1327,54.742],[-3.1383,54.7474],[-3.1345,54.7499],[-3.0996,54.7533],[-3.0897,54.7579],[-3.0788,54.7571],[-3.0703,54.7621],[-3.0475,54.7637],[-3.0299,54.7602],[-3.0307,54.7636],[-3.0225,54.7751],[-3.0234,54.7787],[-3.0181,54.7851],[-3.0095,54.7856],[-3.0098,54.7959],[-3.0028,54.7964],[-2.9952,54.8023],[-2.9838,54.8141],[-2.9847,54.8177],[-3.0044,54.8308],[-3.0045,54.8332],[-2.9914,54.8392],[-2.9908,54.8455],[-2.987,54.8514],[-3.0005,54.8584],[-3.0145,54.8601],[-3.0139,54.8648],[-3.0069,54.8667],[-3.0054,54.8714],[-3.0269,54.8713],[-3.0398,54.8734],[-3.0437,54.8761],[-3.0656,54.8777],[-3.0742,54.8798],[-3.0831,54.8757],[-3.0929,54.8797],[-3.093,54.883],[-3.1155,54.8907],[-3.1381,54.9051],[-3.1553,54.9074],[-3.1554,54.9096],[-3.1663,54.912],[-3.1783,54.9198],[-3.1865,54.9206],[-3.1964,54.9268],[-3.1981,54.9303],[-3.2106,54.9298],[-3.2144,54.927],[-3.2261,54.9287],[-3.2339,54.9277],[-3.2464,54.929],[-3.2478,54.924],[-3.2603,54.9225],[-3.2586,54.9198],[-3.2725,54.9139],[-3.2696,54.9211],[-3.2828,54.92],[-3.2979,54.9154],[-3.3071,54.9113],[-3.2976,54.9074],[-3.2798,54.903],[-3.2705,54.9036],[-3.2593,54.911],[-3.2547,54.9108],[-3.2552,54.9016],[-3.2573,54.8975],[-3.2697,54.8905],[-3.2856,54.8932],[-3.2888,54.8916],[-3.2835,54.8819],[-3.2879,54.8791],[-3.2964,54.8787],[-3.2982,54.8837],[-3.3116,54.8883],[-3.3349,54.8921],[-3.3413,54.8959],[-3.3499,54.8976],[-3.3673,54.8914],[-3.3795,54.8822],[-3.3862,54.8751],[-3.4003,54.8666],[-3.4122,54.8368],[-3.4271,54.8193],[-3.4357,54.8037],[-3.4392,54.7994],[-3.4323,54.7837],[-3.4318,54.7741],[-3.4337,54.7644],[-3.4384,54.7569],[-3.4501,54.7496],[-3.4598,54.7416],[-3.4722,54.7366],[-3.4806,54.7317],[-3.492,54.7271],[-3.5028,54.717],[-3.5005,54.7116],[-3.5074,54.7161],[-3.5179,54.6952],[-3.5257,54.6864],[-3.5465,54.675],[-3.5511,54.6694],[-3.5614,54.662],[-3.5614,54.6583],[-3.5724,54.6491],[-3.5754,54.6352],[-3.5702,54.6222],[-3.561,54.6198],[-3.5553,54.6216],[-3.5539,54.6257],[-3.5356,54.6331],[-3.52,54.6311],[-3.5117,54.6352],[-3.4909,54.64],[-3.488,54.6355],[-3.4906,54.6321],[-3.5013,54.6286],[-3.5035,54.6238],[-3.5095,54.6186],[-3.5063,54.6159],[-3.5059,54.6047],[-3.4949,54.6017],[-3.4826,54.6032],[-3.4815,54.5949],[-3.4846,54.5933],[-3.4843,54.587],[-3.4693,54.5778],[-3.4607,54.5752],[-3.4547,54.5698],[-3.4542,54.5656],[-3.4641,54.5612],[-3.4615,54.554],[-3.4566,54.5471],[-3.4496,54.5452],[-3.442,54.5498],[-3.4181,54.5514],[-3.4018,54.5507],[-3.3911,54.5517],[-3.3804,54.5568],[-3.3696,54.5583],[-3.3648,54.5516],[-3.3653,54.545],[-3.3606,54.5424],[-3.3604,54.5379],[-3.3514,54.5337],[-3.3379,54.5348],[-3.3332,54.5313],[-3.3122,54.5279],[-3.3084,54.5297],[-3.2833,54.5183],[-3.2678,54.5149],[-3.2583,54.5087],[-3.2451,54.5075],[-3.2341,54.5008],[-3.2253,54.5018],[-3.2132,54.4966],[-3.2121,54.4871],[-3.2189,54.483],[-3.2071,54.4746],[-3.2009,54.4747],[-3.1968,54.4653],[-3.1836,54.4623],[-3.1796,54.4574],[-3.1679,54.4539]]]},"properties":{"HA_NUM":75,"HA_NAME":"Derwent Group (Cumbria)"}},
{"type":"Feature","geometry":{"type":"MultiPolygon","coordinates":[[[[-2.4822,54.7034],[-2.4885,54.7075],[-2.4939,54.7079],[-2.5041,54.7162],[-2.5165,54.7199],[-2.5275,54.7298],[-2.54,54.7333],[-2.5424,54.7369],[-2.5502,54.7391],[-2.553,54.7472],[-2.5504,54.7548],[-2.5547,54.7593],[-2.5491,54.7728],[-2.5445,54.7769],[-2.5509,54.7885],[-2.5455,54.7962],[-2.5457,54.8124],[-2.5543,54.8146],[-2.5661,54.8253],[-2.5701,54.8325],[-2.5772,54.8365],[-2.5788,54.8419],[-2.5836,54.8452],[-2.579,54.852],[-2.5712,54.8545],[-2.5823,54.867],[-2.5878,54.8688],[-2.5902,54.8742],[-2.5977,54.8804],[-2.6083,54.8853],[-2.6154,54.8927],[-2.6287,54.8924],[-2.6393,54.8982],[-2.6522,54.9001],[-2.6599,54.8965],[-2.6631,54.8994],[-2.6717,54.9002],[-2.6711,54.9106],[-2.6641,54.912],[-2.6479,54.9224],[-2.6519,54.9309],[-2.6387,54.9341],[-2.6427,54.939],[-2.6419,54.9431],[-2.6209,54.9441],[-2.6116,54.9473],[-2.6116,54.9509],[-2.6038,54.9523],[-2.5992,54.9572],[-2.586,54.9578],[-2.5813,54.9564],[-2.5646,54.9632],[-2.5627,54.9675],[-2.5651,54.974],[-2.5699,54.9785],[-2.5715,54.9839],[-2.5505,54.993],[-2.5538,55.0015],[-2.5609,55.0055],[-2.5539,55.01],[-2.5437,55.0114],[-2.5235,55.0173],[-2.5086,55.0161],[-2.5063,55.0188],[-2.4962,55.0197],[-2.4907,55.0231],[-2.4892,55.0287],[-2.4791,55.031],[-2.4697,55.0351],[-2.4604,55.0412],[-2.4613,55.0531],[-2.4513,55.0599],[-2.4545,55.0691],[-2.4717,55.071],[-2.4734,55.0764],[-2.4616,55.0769],[-2.4523,55.0846],[-2.446,55.0842],[-2.4398,55.0878],[-2.4375,55.0932],[-2.4446,55.0963],[-2.454,55.0972],[-2.4564,55.1003],[-2.4678,55.0989],[-2.4784,55.1065],[-2.4941,55.1033],[-2.5093,55.1032],[-2.5183,55.1018],[-2.5352,55.1031],[-2.5419,55.108],[-2.5553,55.1098],[-2.5577,55.116],[-2.564,55.1169],[-2.566,55.1227],[-2.5802,55.1249],[-2.5978,55.1235],[-2.6206,55.1283],[-2.6261,55.1274],[-2.6267,55.1189],[-2.6322,55.1157],[-2.6356,55.1098],[-2.643,55.1084],[-2.65,55.1012],[-2.6468,55.0974],[-2.6373,55.0927],[-2.6364,55.0874],[-2.627,55.0874],[-2.63,55.0793],[-2.6252,55.0739],[-2.6307,55.0696],[-2.6283,55.067],[-2.6484,55.0549],[-2.6522,55.0477],[-2.6585,55.0481],[-2.6616,55.0445],[-2.6753,55.0454],[-2.6913,55.0439],[-2.7006,55.0412],[-2.7163,55.0402],[-2.7185,55.0339],[-2.7248,55.0338],[-2.7238,55.0217],[-2.7378,55.0194],[-2.7432,55.0149],[-2.7423,55.0081],[-2.7633,55.0022],[-2.7748,54.9913],[-2.7935,54.9903],[-2.8068,54.9879],[-2.809,54.9821],[-2.8203,54.9834],[-2.8233,54.9744],[-2.8452,54.9755],[-2.8483,54.9737],[-2.8596,54.975],[-2.8725,54.9736],[-2.8712,54.9695],[-2.8782,54.9663],[-2.8734,54.9614],[-2.8733,54.9574],[-2.881,54.9551],[-2.8904,54.955],[-2.9075,54.9508],[-2.9271,54.9525],[-2.9614,54.9518],[-2.9654,54.9544],[-2.9763,54.9548],[-2.9779,54.957],[-2.9905,54.9601],[-2.9981,54.9542],[-3.0083,54.9541],[-3.0093,54.9496],[-3.0184,54.9509],[-3.0263,54.9544],[-3.0287,54.9589],[-3.0412,54.9601],[-3.0578,54.9662],[-3.0621,54.9653],[-3.0726,54.9675],[-3.0775,54.9629],[-3.0878,54.9591],[-3.0921,54.9649],[-3.1007,54.9662],[-3.11,54.9637],[-3.1125,54.9589],[-3.1196,54.9565],[-3.1123,54.9495],[-3.1041,54.9474],[-3.0937,54.9469],[-3.0814,54.9498],[-3.074,54.9463],[-3.0546,54.9507],[-3.0423,54.9469],[-3.0628,54.9453],[-3.0678,54.9392],[-3.0739,54.9368],[-3.0972,54.932],[-3.1034,54.9285],[-3.1112,54.927],[-3.123,54.9283],[-3.1369,54.9281],[-3.1442,54.9293],[-3.1557,54.9344],[-3.1579,54.9383],[-3.1746,54.9417],[-3.1826,54.9454],[-3.1857,54.9507],[-3.2112,54.9547],[-3.231,54.9525],[-3.2347,54.9496],[-3.2485,54.9444],[-3.2715,54.9424],[-3.2828,54.9424],[-3.2931,54.9368],[-3.2984,54.9301],[-3.3131,54.9196],[-3.3131,54.9143],[-3.3071,54.9113],[-3.2979,54.9154],[-3.2828,54.92],[-3.2696,54.9211],[-3.2725,54.9139],[-3.2586,54.9198],[-3.2603,54.9225],[-3.2478,54.924],[-3.2464,54.929],[-3.2339,54.9277],[-3.2261,54.9287],[-3.2144,54.927],[-3.2106,54.9298],[-3.1981,54.9303],[-3.1964,54.9268],[-3.1865,54.9206],[-3.1783,54.9198],[-3.1663,54.912],[-3.1554,54.9096],[-3.1553,54.9074],[-3.1381,54.9051],[-3.1155,54.8907],[-3.093,54.883],[-3.0929,54.8797],[-3.0831,54.8757],[-3.0742,54.8798],[-3.0656,54.8777],[-3.0437,54.8761],[-3.0398,54.8734],[-3.0269,54.8713],[-3.0054,54.8714],[-3.0069,54.8667],[-3.0139,54.8648],[-3.0145,54.8601],[-3.0005,54.8584],[-2.987,54.8514],[-2.9908,54.8455],[-2.9914,54.8392],[-3.0045,54.8332],[-3.0044,54.8308],[-2.9847,54.8177],[-2.9838,54.8141],[-2.9952,54.8023],[-3.0028,54.7964],[-3.0098,54.7959],[-3.0095,54.7856],[-3.0181,54.7851],[-3.0234,54.7787],[-3.0225,54.7751],[-3.0307,54.7636],[-3.0299,54.7602],[-3.0475,54.7637],[-3.0703,54.7621],[-3.0788,54.7571],[-3.0897,54.7579],[-3.0996,54.7533],[-3.1345,54.7499],[-3.1383,54.7474],[-3.1327,54.742],[-3.1306,54.7225],[-3.125,54.7149],[-3.1256,54.7082],[-3.1215,54.7024],[-3.1064,54.7012],[-3.1004,54.6963],[-3.1002,54.6893],[-3.1116,54.6798],[-3.1115,54.6757],[-3.1176,54.6721],[-3.117,54.666],[-3.122,54.6626],[-3.1219,54.6588],[-3.1439,54.6572],[-3.1481,54.6531],[-3.1479,54.6468],[-3.1424,54.6451],[-3.1341,54.638],[-3.1236,54.6358],[-3.1123,54.6359],[-3.1066,54.64],[-3.1029,54.6464],[-3.0972,54.6491],[-3.0794,54.6493],[-3.0706,54.6536],[-3.0565,54.6495],[-3.0488,54.6495],[-3.0381,54.6543],[-3.0368,54.6647],[-3.0315,54.669],[-3.0067,54.6706],[-2.9935,54.6689],[-2.9868,54.6653],[-2.9739,54.6623],[-2.9733,54.6672],[-2.9628,54.6673],[-2.9477,54.6701],[-2.9438,54.667],[-2.9291,54.6665],[-2.9266,54.6591],[-2.9263,54.6481],[-2.9351,54.6442],[-2.9401,54.6396],[-2.9369,54.6352],[-2.9367,54.6287],[-2.9327,54.6211],[-2.9402,54.614],[-2.9533,54.6103],[-2.9517,54.6061],[-2.9616,54.5988],[-2.9599,54.5919],[-2.969,54.585],[-3.0057,54.5829],[-3.0187,54.577],[-3.0205,54.5711],[-3.0266,54.5675],[-3.0203,54.5649],[-3.0186,54.5595],[-3.0192,54.5498],[-3.0229,54.5428],[-3.0256,54.5293],[-3.0163,54.5262],[-3.0151,54.5087],[-3.012,54.5083],[-3.0147,54.4948],[-3.0016,54.4976],[-2.98,54.496],[-2.9729,54.4889],[-2.9619,54.4822],[-2.955,54.4843],[-2.9488,54.4823],[-2.9424,54.4722],[-2.9373,54.4689],[-2.9253,54.4663],[-2.9183,54.4664],[-2.9161,54.4718],[-2.91,54.4736],[-2.9071,54.4822],[-2.8821,54.4855],[-2.8778,54.481],[-2.8724,54.4824],[-2.8679,54.487],[-2.8547,54.4835],[-2.8538,54.4794],[-2.8445,54.4786],[-2.836,54.4759],[-2.8268,54.4798],[-2.8174,54.4743],[-2.8048,54.4807],[-2.7966,54.4751],[-2.7957,54.4688],[-2.7824,54.4597],[-2.7748,54.4615],[-2.7663,54.4647],[-2.7559,54.4657],[-2.7331,54.4636],[-2.7293,54.4663],[-2.7121,54.4709],[-2.7068,54.4763],[-2.6972,54.4791],[-2.6896,54.4868],[-2.6811,54.4891],[-2.6734,54.4877],[-2.6611,54.4901],[-2.6612,54.5004],[-2.6528,54.5022],[-2.6393,54.5019],[-2.6349,54.494],[-2.6138,54.4804],[-2.6003,54.4814],[-2.5969,54.4832],[-2.5857,54.4819],[-2.5811,54.4846],[-2.568,54.4824],[-2.5637,54.4847],[-2.5537,54.4843],[-2.5451,54.4763],[-2.5374,54.4758],[-2.5305,54.4795],[-2.5104,54.4814],[-2.5066,54.48],[-2.4915,54.4792],[-2.4815,54.477],[-2.483,54.4738],[-2.4914,54.4724],[-2.4948,54.4666],[-2.4843,54.4599],[-2.4754,54.4568],[-2.4654,54.4586],[-2.4577,54.4571],[-2.4592,54.4537],[-2.4507,54.4528],[-2.446,54.4461],[-2.448,54.4144],[-2.4495,54.411],[-2.4571,54.4061],[-2.4656,54.4047],[-2.464,54.3993],[-2.4382,54.4012],[-2.4316,54.3963],[-2.4209,54.4013],[-2.4055,54.3988],[-2.4008,54.3953],[-2.3923,54.3946],[-2.3791,54.3857],[-2.3745,54.3841],[-2.3829,54.3789],[-2.3837,54.3751],[-2.3797,54.3655],[-2.3735,54.3592],[-2.365,54.3547],[-2.3466,54.3593],[-2.3389,54.3638],[-2.3297,54.3634],[-2.3166,54.3665],[-2.2966,54.3684],[-2.2975,54.3792],[-2.2936,54.3805],[-2.2926,54.39],[-2.3061,54.398],[-2.3086,54.42],[-2.304,54.4263],[-2.3001,54.4272],[-2.2864,54.4381],[-2.2683,54.4426],[-2.2718,54.4475],[-2.2587,54.4534],[-2.2456,54.4543],[-2.2294,54.4597],[-2.2132,54.4602],[-2.1994,54.4659],[-2.1902,54.4724],[-2.1979,54.4841],[-2.2072,54.4854],[-2.2072,54.4926],[-2.2015,54.4993],[-2.1965,54.5],[-2.188,54.505],[-2.1842,54.5146],[-2.1757,54.5196],[-2.1757,54.525],[-2.1885,54.529],[-2.2051,54.5267],[-2.2074,54.5321],[-2.2136,54.5362],[-2.2214,54.5357],[-2.2337,54.5375],[-2.2368,54.5415],[-2.2315,54.5453],[-2.2323,54.5503],[-2.2377,54.5536],[-2.2516,54.5563],[-2.2602,54.563],[-2.2594,54.5669],[-2.275,54.5787],[-2.2842,54.5774],[-2.2865,54.5747],[-2.3009,54.576],[-2.3067,54.58],[-2.3156,54.5791],[-2.3268,54.5824],[-2.3346,54.5894],[-2.3346,54.5934],[-2.3401,54.5952],[-2.3417,54.601],[-2.358,54.6104],[-2.3604,54.614],[-2.3685,54.6153],[-2.3766,54.6124],[-2.382,54.6135],[-2.3836,54.6193],[-2.3883,54.6242],[-2.39,54.6321],[-2.4005,54.6363],[-2.4117,54.6354],[-2.4171,54.6403],[-2.4257,54.6437],[-2.4227,54.6522],[-2.4274,54.6544],[-2.4259,54.6603],[-2.4392,54.6762],[-2.447,54.6795],[-2.4557,54.6896],[-2.4635,54.6936],[-2.4713,54.7001],[-2.4822,54.7034]]],[[[-3.1175,54.9498],[-3.1264,54.9509],[-3.1276,54.9337],[-3.1142,54.9327],[-3.1009,54.9383],[-3.0786,54.9402],[-3.0731,54.9442],[-3.0785,54.9471],[-3.0897,54.9479],[-3.0953,54.9462],[-3.1094,54.9466],[-3.1175,54.9498]]],[[[-3.1307,54.9412],[-3.1306,54.9466],[-3.1443,54.9445],[-3.1431,54.94],[-3.1359,54.9334],[-3.1289,54.9326],[-3.1307,54.9412]]]]},"properties":{"HA_NUM":76,"HA_NAME":"Eden (Cumbria)"}},
{"type":"Feature","geometry":{"type":"Polygon","coordinates":[[[-2.5887,55.3064],[-2.6013,55.3054],[-2.6092,55.3072],[-2.6211,55.3125],[-2.6392,55.3129],[-2.6417,55.316],[-2.6532,55.3204],[-2.6606,55.3209],[-2.6718,55.3271],[-2.6803,55.3203],[-2.7014,55.3067],[-2.7065,55.3085],[-2.7187,55.3093],[-2.7277,55.3048],[-2.7408,55.3078],[-2.7564,55.301],[-2.7627,55.3],[-2.7683,55.3036],[-2.7777,55.3013],[-2.7884,55.3062],[-2.7958,55.3043],[-2.8063,55.298],[-2.8225,55.2992],[-2.8303,55.2942],[-2.8417,55.2937],[-2.8596,55.3016],[-2.8674,55.3002],[-2.8791,55.2934],[-2.8901,55.2929],[-2.8977,55.283],[-2.9041,55.2856],[-2.9198,55.2823],[-2.9254,55.289],[-2.9338,55.2926],[-2.9429,55.2943],[-2.9555,55.2942],[-2.9656,55.2896],[-2.9702,55.2842],[-2.9812,55.2819],[-2.9889,55.2782],[-2.995,55.2692],[-3.0044,55.2673],[-3.0115,55.2686],[-3.0108,55.2726],[-3.0197,55.2793],[-3.0244,55.2788],[-3.0415,55.2721],[-3.0551,55.2803],[-3.0546,55.2889],[-3.0469,55.2957],[-3.0524,55.2974],[-3.0629,55.3059],[-3.0687,55.3159],[-3.0789,55.3152],[-3.0861,55.3214],[-3.0863,55.3281],[-3.099,55.3321],[-3.098,55.3501],[-3.1098,55.3506],[-3.125,55.3592],[-3.1337,55.3592],[-3.1525,55.3547],[-3.1563,55.3509],[-3.1642,55.3503],[-3.1689,55.3472],[-3.176,55.3473],[-3.1817,55.3547],[-3.1811,55.3607],[-3.1898,55.3627],[-3.1931,55.3662],[-3.2066,55.3686],[-3.2194,55.3763],[-3.2248,55.3718],[-3.2303,55.3713],[-3.2381,55.3671],[-3.2476,55.3675],[-3.2561,55.3625],[-3.2671,55.3606],[-3.2646,55.357],[-3.27,55.3533],[-3.2833,55.3496],[-3.2847,55.3455],[-3.2933,55.3423],[-3.3019,55.3418],[-3.3058,55.339],[-3.3048,55.3345],[-3.3094,55.3296],[-3.3057,55.3134],[-3.2969,55.3095],[-3.2957,55.2969],[-3.2926,55.296],[-3.2931,55.2875],[-3.2886,55.2839],[-3.2887,55.2727],[-3.2824,55.2624],[-3.2734,55.2639],[-3.2694,55.2615],[-3.2667,55.2505],[-3.2595,55.2456],[-3.2566,55.2411],[-3.2559,55.2326],[-3.2605,55.229],[-3.2684,55.2293],[-3.2681,55.2217],[-3.2564,55.2218],[-3.253,55.2165],[-3.2382,55.218],[-3.231,55.216],[-3.2222,55.2109],[-3.2211,55.2008],[-3.2249,55.1956],[-3.2115,55.1931],[-3.209,55.1895],[-3.1941,55.1919],[-3.1849,55.1965],[-3.1792,55.1925],[-3.1661,55.198],[-3.1471,55.1946],[-3.1504,55.1874],[-3.1466,55.1757],[-3.1333,55.1777],[-3.1261,55.1746],[-3.1323,55.1705],[-3.1336,55.1621],[-3.1287,55.1539],[-3.1341,55.1511],[-3.1396,55.1524],[-3.1513,55.1505],[-3.1543,55.1464],[-3.17,55.1454],[-3.174,55.1465],[-3.1824,55.1415],[-3.1865,55.1443],[-3.1966,55.1429],[-3.1963,55.1312],[-3.1863,55.1264],[-3.1897,55.1227],[-3.2014,55.1199],[-3.1989,55.1143],[-3.2001,55.1015],[-3.1855,55.0866],[-3.1876,55.0787],[-3.2013,55.0651],[-3.2012,55.0611],[-3.209,55.0583],[-3.2089,55.0549],[-3.2205,55.0505],[-3.235,55.0522],[-3.2439,55.0499],[-3.2454,55.0467],[-3.2309,55.034],[-3.2218,55.029],[-3.2133,55.0223],[-3.2183,55.0196],[-3.2194,55.0146],[-3.2247,55.0107],[-3.2298,54.999],[-3.2352,54.9942],[-3.243,54.9937],[-3.2479,54.9896],[-3.2477,54.9842],[-3.2582,54.9814],[-3.2651,54.9764],[-3.2594,54.9709],[-3.2485,54.9724],[-3.2432,54.9694],[-3.2369,54.9715],[-3.2084,54.9763],[-3.1862,54.9735],[-3.1646,54.9692],[-3.1558,54.9649],[-3.1486,54.9638],[-3.1336,54.9688],[-3.1199,54.9762],[-3.1066,54.9786],[-3.0897,54.9783],[-3.0755,54.981],[-3.0655,54.9861],[-3.0509,54.9861],[-3.0461,54.9832],[-3.0478,54.9763],[-3.0591,54.9808],[-3.0672,54.9703],[-3.0726,54.9675],[-3.0621,54.9653],[-3.0578,54.9662],[-3.0412,54.9601],[-3.0287,54.9589],[-3.0263,54.9544],[-3.0184,54.9509],[-3.0093,54.9496],[-3.0083,54.9541],[-2.9981,54.9542],[-2.9905,54.9601],[-2.9779,54.957],[-2.9763,54.9548],[-2.9654,54.9544],[-2.9614,54.9518],[-2.9271,54.9525],[-2.9075,54.9508],[-2.8904,54.955],[-2.881,54.9551],[-2.8733,54.9574],[-2.8734,54.9614],[-2.8782,54.9663],[-2.8712,54.9695],[-2.8725,54.9736],[-2.8596,54.975],[-2.8483,54.9737],[-2.8452,54.9755],[-2.8233,54.9744],[-2.8203,54.9834],[-2.809,54.9821],[-2.8068,54.9879],[-2.7935,54.9903],[-2.7748,54.9913],[-2.7633,55.0022],[-2.7423,55.0081],[-2.7432,55.0149],[-2.7378,55.0194],[-2.7238,55.0217],[-2.7248,55.0338],[-2.7185,55.0339],[-2.7163,55.0402],[-2.7006,55.0412],[-2.6913,55.0439],[-2.6753,55.0454],[-2.6616,55.0445],[-2.6585,55.0481],[-2.6522,55.0477],[-2.6484,55.0549],[-2.6283,55.067],[-2.6307,55.0696],[-2.6252,55.0739],[-2.63,55.0793],[-2.627,55.0874],[-2.6364,55.0874],[-2.6373,55.0927],[-2.6468,55.0974],[-2.65,55.1012],[-2.643,55.1084],[-2.6356,55.1098],[-2.6322,55.1157],[-2.6267,55.1189],[-2.6261,55.1274],[-2.6442,55.1304],[-2.6537,55.1367],[-2.6568,55.1362],[-2.6601,55.1463],[-2.6775,55.1554],[-2.6824,55.168],[-2.6732,55.1757],[-2.6835,55.1815],[-2.6835,55.1864],[-2.6739,55.1954],[-2.6799,55.2048],[-2.6921,55.2066],[-2.6965,55.211],[-2.6841,55.221],[-2.6747,55.2215],[-2.6635,55.2305],[-2.6591,55.2306],[-2.6475,55.2376],[-2.6522,55.2405],[-2.6492,55.2459],[-2.6547,55.249],[-2.6494,55.2603],[-2.6448,55.2639],[-2.6299,55.2685],[-2.6197,55.2703],[-2.6174,55.2759],[-2.6042,55.2857],[-2.5932,55.2904],[-2.5893,55.2949],[-2.5887,55.3064]]]},"properties":{"HA_NUM":77,"HA_NAME":"Esk (Dumfriesshire)"}},
{"type":"Feature","geometry":{"type":"Polygon","coordinates":[[[-3.3019,55.3418],[-3.31,55.3462],[-3.3187,55.3483],[-3.3142,55.3538],[-3.312,55.3608],[-3.316,55.3623],[-3.3146,55.3677],[-3.3044,55.3683],[-3.3061,55.3732],[-3.3118,55.3776],[-3.3029,55.3939],[-3.2936,55.4012],[-3.2827,55.406],[-3.2789,55.4103],[-3.2663,55.4122],[-3.257,55.4177],[-3.2536,55.4227],[-3.2439,55.4277],[-3.2622,55.4311],[-3.2734,55.4346],[-3.2856,55.4349],[-3.2907,55.4317],[-3.303,55.4348],[-3.3099,55.4392],[-3.3084,55.443],[-3.3152,55.4454],[-3.3321,55.4416],[-3.335,55.4331],[-3.3396,55.4308],[-3.3386,55.4249],[-3.3469,55.424],[-3.3576,55.4122],[-3.3656,55.4161],[-3.3781,55.4115],[-3.3911,55.4122],[-3.4013,55.4099],[-3.4062,55.4134],[-3.4141,55.4129],[-3.4221,55.4159],[-3.4275,55.4145],[-3.4305,55.41],[-3.4431,55.4089],[-3.4467,55.4107],[-3.4643,55.4051],[-3.4786,55.4076],[-3.4896,55.4043],[-3.4905,55.4093],[-3.5031,55.4082],[-3.5098,55.4178],[-3.5171,55.4215],[-3.5253,55.4304],[-3.5246,55.4327],[-3.5365,55.4343],[-3.539,55.437],[-3.5438,55.4378],[-3.5563,55.4349],[-3.5667,55.438],[-3.575,55.4379],[-3.5862,55.4307],[-3.589,55.4219],[-3.5968,55.4196],[-3.5959,55.4165],[-3.6082,55.4091],[-3.6057,55.4065],[-3.611,55.4005],[-3.6108,55.396],[-3.589,55.3941],[-3.5798,55.3913],[-3.5788,55.3857],[-3.5843,55.3834],[-3.5745,55.3768],[-3.5783,55.3718],[-3.5711,55.3687],[-3.5769,55.3578],[-3.5722,55.357],[-3.575,55.3484],[-3.5844,55.3483],[-3.589,55.3447],[-3.5794,55.3412],[-3.5691,55.3395],[-3.5662,55.3259],[-3.5776,55.3255],[-3.5858,55.3227],[-3.5964,55.3127],[-3.5923,55.3073],[-3.5928,55.3019],[-3.581,55.3012],[-3.5845,55.2903],[-3.5922,55.2855],[-3.6042,55.2919],[-3.6038,55.2995],[-3.6124,55.2999],[-3.6213,55.2948],[-3.646,55.2927],[-3.6633,55.292],[-3.6795,55.2846],[-3.686,55.2796],[-3.6997,55.2769],[-3.7003,55.2726],[-3.6835,55.267],[-3.6816,55.258],[-3.6742,55.2505],[-3.6731,55.2451],[-3.6651,55.2407],[-3.6625,55.234],[-3.6552,55.2303],[-3.6548,55.2204],[-3.664,55.2143],[-3.6756,55.2107],[-3.6786,55.2064],[-3.676,55.202],[-3.6774,55.1974],[-3.6649,55.1976],[-3.6618,55.1999],[-3.646,55.1972],[-3.645,55.1916],[-3.6355,55.1908],[-3.6257,55.182],[-3.6256,55.1775],[-3.6204,55.1757],[-3.6078,55.1764],[-3.598,55.1751],[-3.5898,55.1658],[-3.5843,55.1659],[-3.5839,55.1578],[-3.5657,55.1531],[-3.5579,55.1539],[-3.5573,55.1581],[-3.5458,55.1565],[-3.5365,55.149],[-3.5278,55.1455],[-3.5275,55.1394],[-3.5243,55.137],[-3.5148,55.1362],[-3.5093,55.1336],[-3.5103,55.1205],[-3.5073,55.1134],[-3.4973,55.1083],[-3.4964,55.1034],[-3.4868,55.0979],[-3.4773,55.0953],[-3.4736,55.0814],[-3.4696,55.0801],[-3.4631,55.0721],[-3.4498,55.0718],[-3.452,55.0678],[-3.4463,55.0633],[-3.4461,55.0575],[-3.4372,55.0486],[-3.4301,55.0487],[-3.426,55.0425],[-3.4087,55.0395],[-3.3822,55.0317],[-3.3764,55.0345],[-3.3545,55.0341],[-3.3498,55.0319],[-3.348,55.0263],[-3.3417,55.0237],[-3.3428,55.0124],[-3.3381,55.0098],[-3.3371,55.0048],[-3.33,55.0009],[-3.3203,54.992],[-3.3294,54.9856],[-3.3207,54.981],[-3.3222,54.9778],[-3.3134,54.9758],[-3.2944,54.9693],[-3.2696,54.9654],[-3.2594,54.9709],[-3.2651,54.9764],[-3.2582,54.9814],[-3.2477,54.9842],[-3.2479,54.9896],[-3.243,54.9937],[-3.2352,54.9942],[-3.2298,54.999],[-3.2247,55.0107],[-3.2194,55.0146],[-3.2183,55.0196],[-3.2133,55.0223],[-3.2218,55.029],[-3.2309,55.034],[-3.2454,55.0467],[-3.2439,55.0499],[-3.235,55.0522],[-3.2205,55.0505],[-3.2089,55.0549],[-3.209,55.0583],[-3.2012,55.0611],[-3.2013,55.0651],[-3.1876,55.0787],[-3.1855,55.0866],[-3.2001,55.1015],[-3.1989,55.1143],[-3.2014,55.1199],[-3.1897,55.1227],[-3.1863,55.1264],[-3.1963,55.1312],[-3.1966,55.1429],[-3.1865,55.1443],[-3.1824,55.1415],[-3.174,55.1465],[-3.17,55.1454],[-3.1543,55.1464],[-3.1513,55.1505],[-3.1396,55.1524],[-3.1341,55.1511],[-3.1287,55.1539],[-3.1336,55.1621],[-3.1323,55.1705],[-3.1261,55.1746],[-3.1333,55.1777],[-3.1466,55.1757],[-3.1504,55.1874],[-3.1471,55.1946],[-3.1661,55.198],[-3.1792,55.1925],[-3.1849,55.1965],[-3.1941,55.1919],[-3.209,55.1895],[-3.2115,55.1931],[-3.2249,55.1956],[-3.2211,55.2008],[-3.2222,55.2109],[-3.231,55.216],[-3.2382,55.218],[-3.253,55.2165],[-3.2564,55.2218],[-3.2681,55.2217],[-3.2684,55.2293],[-3.2605,55.229],[-3.2559,55.2326],[-3.2566,55.2411],[-3.2595,55.2456],[-3.2667,55.2505],[-3.2694,55.2615],[-3.2734,55.2639],[-3.2824,55.2624],[-3.2887,55.2727],[-3.2886,55.2839],[-3.2931,55.2875],[-3.2926,55.296],[-3.2957,55.2969],[-3.2969,55.3095],[-3.3057,55.3134],[-3.3094,55.3296],[-3.3048,55.3345],[-3.3058,55.339],[-3.3019,55.3418]]]},"properties":{"HA_NUM":78,"HA_NAME":"Annan"}},
{"type":"Feature","geometry":{"type":"Polygon","coordinates":[[[-3.6633,55.292],[-3.6731,55.3004],[-3.6733,55.3049],[-3.6826,55.3111],[-3.6885,55.311],[-3.6997,55.3144],[-3.701,55.318],[-3.7103,55.3219],[-3.7128,55.3259],[-3.7123,55.3327],[-3.7149,55.3387],[-3.7104,55.3444],[-3.7193,55.3496],[-3.7143,55.3598],[-3.72,55.3654],[-3.735,55.3647],[-3.7483,55.3712],[-3.7611,55.3832],[-3.7646,55.3926],[-3.7634,55.4005],[-3.7786,55.405],[-3.7915,55.4106],[-3.7925,55.4164],[-3.8079,55.4234],[-3.8104,55.4274],[-3.8176,55.4282],[-3.8178,55.434],[-3.8251,55.4375],[-3.8247,55.4452],[-3.8189,55.4565],[-3.8277,55.46],[-3.8372,55.4598],[-3.8429,55.462],[-3.857,55.4593],[-3.8806,55.4583],[-3.8885,55.4563],[-3.8957,55.4598],[-3.9091,55.4574],[-3.9249,55.4573],[-3.9275,55.4634],[-3.9516,55.4621],[-3.9623,55.4628],[-3.9698,55.4697],[-3.9869,55.4633],[-3.9944,55.4569],[-4.0093,55.4526],[-4.0234,55.436],[-4.0177,55.432],[-4.0301,55.4271],[-4.0339,55.4239],[-4.055,55.4208],[-4.0656,55.418],[-4.0698,55.4152],[-4.0838,55.4123],[-4.0964,55.4118],[-4.1149,55.4167],[-4.1375,55.4257],[-4.1432,55.4297],[-4.1543,55.4295],[-4.1608,55.433],[-4.1813,55.4321],[-4.1903,55.4237],[-4.2095,55.42],[-4.2157,55.4122],[-4.2234,55.408],[-4.2399,55.4059],[-4.287,55.4082],[-4.2951,55.4044],[-4.3061,55.4042],[-4.304,55.3953],[-4.3131,55.3879],[-4.3274,55.3901],[-4.3343,55.3866],[-4.3364,55.3816],[-4.3448,55.377],[-4.3445,55.372],[-4.3492,55.3585],[-4.3555,55.3575],[-4.3592,55.3538],[-4.3564,55.3471],[-4.3462,55.3473],[-4.3413,55.3451],[-4.3274,55.3436],[-4.3166,55.3398],[-4.3138,55.3324],[-4.3139,55.3209],[-4.3059,55.3184],[-4.2982,55.3221],[-4.296,55.3258],[-4.2847,55.3273],[-4.2763,55.3324],[-4.2702,55.3292],[-4.2674,55.3353],[-4.2581,55.3377],[-4.2525,55.3358],[-4.2514,55.3307],[-4.2404,55.3318],[-4.23,55.3288],[-4.2221,55.3285],[-4.2049,55.3248],[-4.1959,55.3258],[-4.1841,55.3251],[-4.1827,55.3153],[-4.1739,55.3123],[-4.165,55.3071],[-4.1647,55.3026],[-4.1581,55.2964],[-4.1637,55.2918],[-4.1417,55.2841],[-4.1321,55.2959],[-4.1238,55.2961],[-4.1154,55.3003],[-4.1129,55.3057],[-4.102,55.3082],[-4.0901,55.307],[-4.0835,55.3013],[-4.0767,55.2987],[-4.0697,55.2932],[-4.0537,55.2887],[-4.0534,55.282],[-4.0649,55.2773],[-4.0653,55.2681],[-4.0801,55.2663],[-4.0799,55.2463],[-4.0816,55.2339],[-4.0631,55.2338],[-4.0571,55.2325],[-4.0536,55.2249],[-4.0598,55.2235],[-4.0603,55.2181],[-4.056,55.2119],[-4.0573,55.206],[-4.0531,55.2011],[-4.061,55.2003],[-4.067,55.1964],[-4.0653,55.1924],[-4.0417,55.1923],[-4.0384,55.1886],[-4.0447,55.1752],[-4.036,55.1731],[-4.0403,55.1649],[-4.0487,55.1601],[-4.0436,55.1537],[-4.0434,55.1492],[-4.0541,55.1431],[-4.0539,55.1234],[-4.0458,55.1195],[-4.0262,55.1202],[-4.0203,55.1266],[-4.0148,55.1272],[-4.0113,55.134],[-4.0026,55.1422],[-3.9962,55.1461],[-3.9826,55.1484],[-3.9731,55.1467],[-3.9633,55.1469],[-3.9571,55.1492],[-3.9415,55.1504],[-3.9283,55.1546],[-3.9151,55.1571],[-3.9038,55.1503],[-3.912,55.1421],[-3.9131,55.1315],[-3.9091,55.1295],[-3.9039,55.1204],[-3.8931,55.1228],[-3.8785,55.1222],[-3.8769,55.1123],[-3.8789,55.1055],[-3.8702,55.1023],[-3.8692,55.0985],[-3.8604,55.0957],[-3.8543,55.0902],[-3.8582,55.0805],[-3.8533,55.0763],[-3.8529,55.0686],[-3.8559,55.0645],[-3.8628,55.0622],[-3.8548,55.0578],[-3.8379,55.0572],[-3.8373,55.0527],[-3.8482,55.0503],[-3.858,55.0432],[-3.8592,55.0353],[-3.8537,55.0336],[-3.8385,55.0365],[-3.8303,55.0362],[-3.823,55.0313],[-3.8169,55.0332],[-3.817,55.0373],[-3.8031,55.0411],[-3.7968,55.0385],[-3.8028,55.0346],[-3.8042,55.0294],[-3.7961,55.0243],[-3.7892,55.0264],[-3.776,55.0212],[-3.76,55.0215],[-3.7529,55.0193],[-3.7408,55.02],[-3.7258,55.0253],[-3.7206,55.0315],[-3.6986,55.0304],[-3.6953,55.0273],[-3.6876,55.0292],[-3.6805,55.0266],[-3.6747,55.0193],[-3.6745,55.0159],[-3.6587,55.0112],[-3.6593,55.0072],[-3.6727,55.0002],[-3.6864,55.0009],[-3.6983,55.0039],[-3.6981,55.0003],[-3.7198,54.9949],[-3.7179,54.9881],[-3.7267,54.9829],[-3.7246,54.9797],[-3.7133,54.9714],[-3.7089,54.9597],[-3.6995,54.9504],[-3.6723,54.9517],[-3.6607,54.9456],[-3.658,54.9366],[-3.6476,54.9309],[-3.6355,54.9405],[-3.6268,54.937],[-3.6176,54.9313],[-3.5889,54.9303],[-3.5868,54.9439],[-3.5804,54.9538],[-3.5776,54.9616],[-3.584,54.9698],[-3.5836,54.9745],[-3.5766,54.9787],[-3.5775,54.9969],[-3.5732,54.9965],[-3.5633,54.9868],[-3.5599,54.9784],[-3.5402,54.9699],[-3.5239,54.9656],[-3.491,54.9659],[-3.4848,54.9677],[-3.4746,54.9676],[-3.4593,54.9736],[-3.4368,54.98],[-3.4373,54.9899],[-3.4356,54.9926],[-3.4195,54.981],[-3.4087,54.9745],[-3.3815,54.9728],[-3.3712,54.9707],[-3.3545,54.9745],[-3.3409,54.9741],[-3.3222,54.9778],[-3.3207,54.981],[-3.3294,54.9856],[-3.3203,54.992],[-3.33,55.0009],[-3.3371,55.0048],[-3.3381,55.0098],[-3.3428,55.0124],[-3.3417,55.0237],[-3.348,55.0263],[-3.3498,55.0319],[-3.3545,55.0341],[-3.3764,55.0345],[-3.3822,55.0317],[-3.4087,55.0395],[-3.426,55.0425],[-3.4301,55.0487],[-3.4372,55.0486],[-3.4461,55.0575],[-3.4463,55.0633],[-3.452,55.0678],[-3.4498,55.0718],[-3.4631,55.0721],[-3.4696,55.0801],[-3.4736,55.0814],[-3.4773,55.0953],[-3.4868,55.0979],[-3.4964,55.1034],[-3.4973,55.1083],[-3.5073,55.1134],[-3.5103,55.1205],[-3.5093,55.1336],[-3.5148,55.1362],[-3.5243,55.137],[-3.5275,55.1394],[-3.5278,55.1455],[-3.5365,55.149],[-3.5458,55.1565],[-3.5573,55.1581],[-3.5579,55.1539],[-3.5657,55.1531],[-3.5839,55.1578],[-3.5843,55.1659],[-3.5898,55.1658],[-3.598,55.1751],[-3.6078,55.1764],[-3.6204,55.1757],[-3.6256,55.1775],[-3.6257,55.182],[-3.6355,55.1908],[-3.645,55.1916],[-3.646,55.1972],[-3.6618,55.1999],[-3.6649,55.1976],[-3.6774,55.1974],[-3.676,55.202],[-3.6786,55.2064],[-3.6756,55.2107],[-3.664,55.2143],[-3.6548,55.2204],[-3.6552,55.2303],[-3.6625,55.234],[-3.6651,55.2407],[-3.6731,55.2451],[-3.6742,55.2505],[-3.6816,55.258],[-3.6835,55.267],[-3.7003,55.2726],[-3.6997,55.2769],[-3.686,55.2796],[-3.6795,55.2846],[-3.6633,55.292]]]},"properties":{"HA_NUM":79,"HA_NAME":"Nith"}},
{"type":"Feature","geometry":{"type":"Polygon","coordinates":[[[-3.5889,54.9303],[-3.6176,54.9313],[-3.6268,54.937],[-3.6355,54.9405],[-3.6476,54.9309],[-3.658,54.9366],[-3.6607,54.9456],[-3.6723,54.9517],[-3.6995,54.9504],[-3.7089,54.9597],[-3.7133,54.9714],[-3.7246,54.9797],[-3.7267,54.9829],[-3.7179,54.9881],[-3.7198,54.9949],[-3.6981,55.0003],[-3.6983,55.0039],[-3.6864,55.0009],[-3.6727,55.0002],[-3.6593,55.0072],[-3.6587,55.0112],[-3.6745,55.0159],[-3.6747,55.0193],[-3.6805,55.0266],[-3.6876,55.0292],[-3.6953,55.0273],[-3.6986,55.0304],[-3.7206,55.0315],[-3.7258,55.0253],[-3.7408,55.02],[-3.7529,55.0193],[-3.76,55.0215],[-3.776,55.0212],[-3.7892,55.0264],[-3.7961,55.0243],[-3.8042,55.0294],[-3.8028,55.0346],[-3.7968,55.0385],[-3.8031,55.0411],[-3.817,55.0373],[-3.8169,55.0332],[-3.823,55.0313],[-3.8303,55.0362],[-3.8385,55.0365],[-3.8537,55.0336],[-3.8592,55.0353],[-3.858,55.0432],[-3.8482,55.0503],[-3.8373,55.0527],[-3.8379,55.0572],[-3.8548,55.0578],[-3.8628,55.0622],[-3.8559,55.0645],[-3.8529,55.0686],[-3.8533,55.0763],[-3.8582,55.0805],[-3.8543,55.0902],[-3.8604,55.0957],[-3.8692,55.0985],[-3.8702,55.1023],[-3.8789,55.1055],[-3.8769,55.1123],[-3.8785,55.1222],[-3.8931,55.1228],[-3.9039,55.1204],[-3.9091,55.1295],[-3.9131,55.1315],[-3.912,55.1421],[-3.9038,55.1503],[-3.9151,55.1571],[-3.9283,55.1546],[-3.9415,55.1504],[-3.9571,55.1492],[-3.9633,55.1469],[-3.9731,55.1467],[-3.9826,55.1484],[-3.9962,55.1461],[-4.0026,55.1422],[-4.0113,55.134],[-4.0148,55.1272],[-4.0203,55.1266],[-4.0262,55.1202],[-4.0458,55.1195],[-4.0539,55.1234],[-4.0541,55.1431],[-4.0434,55.1492],[-4.0436,55.1537],[-4.0487,55.1601],[-4.0403,55.1649],[-4.036,55.1731],[-4.0447,55.1752],[-4.0384,55.1886],[-4.0417,55.1923],[-4.0653,55.1924],[-4.067,55.1964],[-4.061,55.2003],[-4.0531,55.2011],[-4.0573,55.206],[-4.056,55.2119],[-4.0603,55.2181],[-4.0598,55.2235],[-4.0536,55.2249],[-4.0571,55.2325],[-4.0631,55.2338],[-4.0816,55.2339],[-4.0799,55.2463],[-4.0801,55.2663],[-4.0653,55.2681],[-4.0649,55.2773],[-4.0534,55.282],[-4.0537,55.2887],[-4.0697,55.2932],[-4.0767,55.2987],[-4.0835,55.3013],[-4.0901,55.307],[-4.102,55.3082],[-4.1129,55.3057],[-4.1154,55.3003],[-4.1238,55.2961],[-4.1321,55.2959],[-4.1417,55.2841],[-4.1637,55.2918],[-4.1581,55.2964],[-4.1647,55.3026],[-4.165,55.3071],[-4.1739,55.3123],[-4.1827,55.3153],[-4.1841,55.3251],[-4.1959,55.3258],[-4.2049,55.3248],[-4.2221,55.3285],[-4.23,55.3288],[-4.2404,55.3318],[-4.2514,55.3307],[-4.2525,55.3358],[-4.2581,55.3377],[-4.2674,55.3353],[-4.2702,55.3292],[-4.2763,55.3324],[-4.2847,55.3273],[-4.296,55.3258],[-4.2982,55.3221],[-4.3059,55.3184],[-4.3139,55.3209],[-4.3216,55.3174],[-4.3275,55.3117],[-4.324,55.3059],[-4.3154,55.3061],[-4.3154,55.2993],[-4.3122,55.2924],[-4.3183,55.2887],[-4.315,55.2859],[-4.3138,55.2783],[-4.3321,55.2696],[-4.3415,55.262],[-4.3496,55.2578],[-4.3467,55.25],[-4.355,55.2438],[-4.3529,55.2339],[-4.3486,55.2277],[-4.3412,55.2225],[-4.334,55.2203],[-4.3423,55.2143],[-4.3458,55.2075],[-4.3571,55.1988],[-4.3566,55.1907],[-4.3625,55.1847],[-4.3613,55.1776],[-4.3651,55.1744],[-4.3616,55.1681],[-4.36,55.1558],[-4.3681,55.1532],[-4.3832,55.1551],[-4.3934,55.1495],[-4.394,55.1464],[-4.407,55.1403],[-4.4178,55.1376],[-4.4277,55.1331],[-4.4192,55.1216],[-4.4179,55.1126],[-4.4249,55.1001],[-4.4128,55.0943],[-4.4125,55.0885],[-4.4216,55.0843],[-4.4287,55.0841],[-4.4299,55.078],[-4.4359,55.0741],[-4.4459,55.0707],[-4.4417,55.0657],[-4.4312,55.0616],[-4.4211,55.0631],[-4.4219,55.0559],[-4.4063,55.0513],[-4.3978,55.0519],[-4.3896,55.0471],[-4.379,55.0532],[-4.3595,55.0536],[-4.3578,55.0518],[-4.3351,55.0518],[-4.3387,55.0452],[-4.3305,55.0395],[-4.3242,55.0381],[-4.3181,55.0413],[-4.2948,55.0445],[-4.2902,55.0335],[-4.2976,55.026],[-4.3068,55.0218],[-4.3056,55.0151],[-4.3014,55.0097],[-4.3114,55.0073],[-4.3264,55.0088],[-4.3285,55.0047],[-4.3362,55.0032],[-4.3358,54.9969],[-4.3325,54.993],[-4.3237,54.9895],[-4.3203,54.991],[-4.3018,54.99],[-4.2929,54.9834],[-4.2741,54.9837],[-4.2745,54.9905],[-4.2707,54.9928],[-4.2617,54.993],[-4.2561,54.996],[-4.2603,55.0015],[-4.2606,55.0069],[-4.2546,55.012],[-4.2467,55.0103],[-4.2386,55.0127],[-4.2345,55.0096],[-4.2174,55.0041],[-4.2165,55.001],[-4.2016,54.9941],[-4.195,54.9937],[-4.1934,54.9796],[-4.1908,54.9754],[-4.1966,54.9674],[-4.1888,54.966],[-4.1726,54.9699],[-4.1676,54.9641],[-4.164,54.9559],[-4.1822,54.9454],[-4.177,54.9433],[-4.1697,54.9452],[-4.1583,54.9371],[-4.1635,54.9323],[-4.1585,54.9265],[-4.1573,54.9185],[-4.1321,54.9131],[-4.1283,54.901],[-4.1249,54.8957],[-4.1262,54.8907],[-4.1175,54.8881],[-4.1148,54.8819],[-4.1132,54.8666],[-4.1069,54.8636],[-4.1074,54.8596],[-4.1135,54.8568],[-4.1161,54.8477],[-4.1164,54.8369],[-4.1069,54.8344],[-4.1073,54.8272],[-4.1033,54.825],[-4.103,54.8192],[-4.0911,54.8143],[-4.0851,54.8166],[-4.0626,54.8399],[-4.0588,54.842],[-4.051,54.8393],[-4.0452,54.8462],[-4.051,54.8494],[-4.0516,54.8546],[-4.0475,54.8596],[-4.0419,54.8576],[-4.0494,54.8535],[-4.0419,54.8478],[-4.0488,54.8393],[-4.062,54.8376],[-4.0607,54.8263],[-4.0679,54.8224],[-4.0733,54.8141],[-4.0678,54.8138],[-4.0607,54.8197],[-4.0592,54.824],[-4.0526,54.8245],[-4.0462,54.8132],[-4.0522,54.8063],[-4.0578,54.7968],[-4.0645,54.7914],[-4.0653,54.781],[-4.0555,54.7748],[-4.0393,54.7693],[-4.028,54.7729],[-4.012,54.7698],[-4.0062,54.7742],[-3.9917,54.7689],[-3.985,54.7684],[-3.9648,54.7712],[-3.9601,54.7739],[-3.9583,54.7791],[-3.9417,54.7858],[-3.941,54.7882],[-3.9275,54.7892],[-3.9084,54.7938],[-3.9053,54.797],[-3.8926,54.7989],[-3.885,54.8023],[-3.8744,54.8036],[-3.8691,54.8063],[-3.865,54.8131],[-3.8575,54.8162],[-3.8421,54.815],[-3.8248,54.8237],[-3.8278,54.8272],[-3.836,54.8269],[-3.8412,54.8343],[-3.8592,54.8414],[-3.8628,54.8473],[-3.8524,54.8506],[-3.8477,54.8475],[-3.8416,54.8513],[-3.8484,54.8544],[-3.8514,54.8615],[-3.8481,54.8651],[-3.8373,54.8648],[-3.8365,54.8592],[-3.8268,54.8498],[-3.8159,54.8442],[-3.8079,54.8451],[-3.8073,54.8489],[-3.8142,54.8528],[-3.8164,54.8572],[-3.8262,54.8614],[-3.8241,54.868],[-3.8294,54.8746],[-3.8142,54.8777],[-3.8098,54.8691],[-3.7947,54.8646],[-3.7886,54.858],[-3.7892,54.8543],[-3.7789,54.8541],[-3.766,54.8572],[-3.7632,54.8562],[-3.7479,54.8636],[-3.7265,54.8761],[-3.7231,54.8809],[-3.7164,54.8798],[-3.697,54.8861],[-3.6898,54.8843],[-3.6892,54.8797],[-3.6558,54.8796],[-3.6403,54.879],[-3.6285,54.8764],[-3.6083,54.8738],[-3.6068,54.8716],[-3.595,54.8727],[-3.5963,54.8793],[-3.5919,54.8858],[-3.5749,54.8926],[-3.5694,54.9016],[-3.5637,54.9052],[-3.5699,54.9147],[-3.5725,54.9235],[-3.587,54.928],[-3.5889,54.9303]]]},"properties":{"HA_NUM":80,"HA_NAME":"Dee (Galloway)"}},
{"type":"Feature","geometry":{"type":"Polygon","coordinates":[[[-4.4277,55.1331],[-4.4377,55.1289],[-4.4472,55.1314],[-4.4609,55.137],[-4.4689,55.139],[-4.4684,55.1435],[-4.4726,55.1489],[-4.4831,55.1536],[-4.4859,55.1607],[-4.4907,55.162],[-4.4926,55.1673],[-4.4999,55.1708],[-4.4997,55.1798],[-4.5104,55.1879],[-4.5108,55.1941],[-4.5218,55.2004],[-4.5312,55.1998],[-4.538,55.2014],[-4.5361,55.2091],[-4.5428,55.2153],[-4.5526,55.2088],[-4.5656,55.204],[-4.5776,55.2065],[-4.595,55.2083],[-4.5994,55.2042],[-4.602,55.1956],[-4.6194,55.1844],[-4.6386,55.184],[-4.6501,55.1797],[-4.6608,55.1817],[-4.6675,55.1762],[-4.6786,55.1773],[-4.7021,55.1651],[-4.7027,55.1509],[-4.6959,55.1432],[-4.6956,55.1387],[-4.7007,55.133],[-4.6964,55.1266],[-4.6976,55.1216],[-4.6849,55.1201],[-4.6823,55.1156],[-4.6817,55.1071],[-4.6954,55.101],[-4.6944,55.097],[-4.6791,55.0914],[-4.681,55.0842],[-4.6887,55.0715],[-4.6885,55.0557],[-4.7023,55.0521],[-4.7112,55.0561],[-4.7159,55.056],[-4.7248,55.0599],[-4.7374,55.0551],[-4.7471,55.0549],[-4.7548,55.0527],[-4.7538,55.0491],[-4.7582,55.0454],[-4.7706,55.0427],[-4.7759,55.0358],[-4.7883,55.0396],[-4.8004,55.0388],[-4.8074,55.0429],[-4.8076,55.0463],[-4.8166,55.0519],[-4.8238,55.0536],[-4.8325,55.0606],[-4.8426,55.0653],[-4.8473,55.0652],[-4.8502,55.0732],[-4.8638,55.0769],[-4.8738,55.0744],[-4.8882,55.0727],[-4.8983,55.0671],[-4.9202,55.0657],[-4.9297,55.0668],[-4.9372,55.0731],[-4.9519,55.0708],[-4.9672,55.0659],[-4.9819,55.0736],[-4.9898,55.0748],[-4.9972,55.0687],[-5.0105,55.0684],[-5.0188,55.0759],[-5.0296,55.0792],[-5.0319,55.0746],[-5.0496,55.0553],[-5.0532,55.0466],[-5.0519,55.0423],[-5.0595,55.0317],[-5.0591,55.0225],[-5.0553,55.017],[-5.0551,55.0121],[-5.0495,55.0106],[-5.0486,55.0057],[-5.0415,54.9996],[-5.0355,54.9871],[-5.0309,54.9807],[-5.0316,54.9754],[-5.0201,54.9708],[-5.0059,54.9529],[-5.0068,54.9438],[-5.0026,54.9432],[-4.9963,54.9358],[-4.991,54.9187],[-5.001,54.9108],[-5.0177,54.9057],[-5.0354,54.9085],[-5.0468,54.9176],[-5.0611,54.924],[-5.0683,54.9331],[-5.0717,54.9503],[-5.0699,54.9534],[-5.0743,54.9591],[-5.0748,54.9641],[-5.0622,54.9684],[-5.071,54.9797],[-5.0707,54.9887],[-5.0763,54.996],[-5.0872,55.0005],[-5.0912,55.013],[-5.0957,55.017],[-5.1085,55.0181],[-5.1157,55.0162],[-5.1223,55.012],[-5.1427,55.0067],[-5.1481,55.0084],[-5.1601,55.0076],[-5.161,55.0042],[-5.1684,55.0005],[-5.1731,54.9955],[-5.1749,54.9897],[-5.1868,54.9743],[-5.179,54.9731],[-5.179,54.9645],[-5.1871,54.9516],[-5.1875,54.9336],[-5.1858,54.9161],[-5.1808,54.9087],[-5.176,54.9068],[-5.173,54.9007],[-5.1676,54.8982],[-5.1599,54.8894],[-5.1552,54.8807],[-5.1463,54.8721],[-5.1449,54.8664],[-5.1485,54.8647],[-5.1461,54.8579],[-5.1408,54.8564],[-5.1371,54.8498],[-5.1194,54.8415],[-5.1084,54.8343],[-5.1037,54.8293],[-5.0911,54.8284],[-5.0769,54.8156],[-5.0538,54.8096],[-5.0519,54.8054],[-5.0404,54.7999],[-5.0428,54.7925],[-5.0302,54.7893],[-5.0194,54.782],[-5.0082,54.7776],[-5.0015,54.7725],[-5,54.763],[-5.0047,54.7591],[-5.0031,54.7539],[-4.9873,54.7505],[-4.9887,54.7437],[-4.9932,54.7352],[-4.9875,54.7323],[-4.9797,54.7335],[-4.9692,54.7307],[-4.9597,54.7301],[-4.9563,54.7239],[-4.9658,54.7202],[-4.9666,54.7171],[-4.9609,54.7124],[-4.9589,54.7071],[-4.9484,54.6992],[-4.9559,54.6976],[-4.9724,54.6903],[-4.9749,54.6844],[-4.9694,54.6785],[-4.9661,54.665],[-4.9563,54.6623],[-4.9336,54.6482],[-4.9224,54.6431],[-4.9097,54.6432],[-4.9005,54.6392],[-4.889,54.6388],[-4.8746,54.6332],[-4.8561,54.6338],[-4.8532,54.6369],[-4.8774,54.6391],[-4.8784,54.6476],[-4.8838,54.6531],[-4.8805,54.6669],[-4.8823,54.669],[-4.8684,54.6804],[-4.8751,54.6851],[-4.8826,54.6857],[-4.8859,54.692],[-4.8953,54.6921],[-4.8994,54.6989],[-4.9047,54.7003],[-4.9069,54.7055],[-4.9047,54.7113],[-4.9079,54.7154],[-4.9114,54.7262],[-4.9154,54.7284],[-4.9145,54.7345],[-4.9212,54.7379],[-4.9176,54.7431],[-4.9274,54.7494],[-4.9289,54.7565],[-4.9333,54.7625],[-4.9403,54.7656],[-4.9386,54.7764],[-4.9466,54.7857],[-4.9509,54.797],[-4.9574,54.8],[-4.9613,54.8058],[-4.9535,54.8156],[-4.9416,54.8241],[-4.9388,54.8312],[-4.9329,54.8341],[-4.9155,54.8373],[-4.8958,54.8459],[-4.8527,54.8584],[-4.8511,54.8619],[-4.8572,54.8701],[-4.848,54.8692],[-4.834,54.8637],[-4.8203,54.8629],[-4.8155,54.8644],[-4.8089,54.8605],[-4.8029,54.8498],[-4.7921,54.8456],[-4.7866,54.8355],[-4.7647,54.8272],[-4.7535,54.8298],[-4.7394,54.8274],[-4.7195,54.8263],[-4.7093,54.824],[-4.7001,54.8169],[-4.6733,54.8006],[-4.6487,54.7929],[-4.6257,54.7822],[-4.6013,54.7769],[-4.5859,54.7645],[-4.5855,54.7573],[-4.5788,54.7517],[-4.5778,54.7462],[-4.5725,54.7377],[-4.5587,54.7365],[-4.5441,54.7324],[-4.5403,54.7276],[-4.5437,54.7249],[-4.5304,54.7222],[-4.5211,54.7147],[-4.5024,54.7064],[-4.4814,54.699],[-4.4638,54.6959],[-4.4552,54.6958],[-4.4452,54.6928],[-4.408,54.6782],[-4.3923,54.6774],[-4.3786,54.6831],[-4.3654,54.6909],[-4.3661,54.6998],[-4.3586,54.701],[-4.3513,54.7058],[-4.349,54.7108],[-4.3527,54.7155],[-4.3627,54.7176],[-4.3663,54.7296],[-4.3626,54.7372],[-4.3669,54.7418],[-4.3577,54.7522],[-4.3554,54.758],[-4.3575,54.7619],[-4.355,54.7675],[-4.3709,54.7719],[-4.3702,54.7749],[-4.3599,54.7779],[-4.3614,54.7854],[-4.368,54.7882],[-4.3691,54.7931],[-4.3617,54.7958],[-4.3532,54.7908],[-4.344,54.7913],[-4.3414,54.7991],[-4.3438,54.8044],[-4.3546,54.8135],[-4.368,54.8154],[-4.3761,54.8199],[-4.3894,54.821],[-4.3977,54.824],[-4.4066,54.8243],[-4.4137,54.8299],[-4.4144,54.8379],[-4.4184,54.8418],[-4.4218,54.8632],[-4.426,54.8666],[-4.4213,54.8719],[-4.427,54.8741],[-4.4264,54.8809],[-4.4223,54.8865],[-4.4121,54.8876],[-4.3967,54.8928],[-4.4046,54.8993],[-4.4062,54.9031],[-4.3987,54.914],[-4.4127,54.9151],[-4.4221,54.9208],[-4.4256,54.9271],[-4.424,54.9317],[-4.4367,54.933],[-4.4441,54.9308],[-4.4502,54.9342],[-4.4512,54.9392],[-4.4438,54.9387],[-4.445,54.9328],[-4.436,54.9348],[-4.415,54.9328],[-4.4218,54.9274],[-4.4163,54.9204],[-4.4032,54.919],[-4.3966,54.916],[-4.3934,54.9081],[-4.3867,54.9004],[-4.3819,54.8809],[-4.3743,54.8778],[-4.3615,54.8634],[-4.3513,54.859],[-4.3216,54.8493],[-4.3104,54.8472],[-4.3006,54.8429],[-4.2929,54.8438],[-4.2746,54.8399],[-4.2667,54.8355],[-4.2568,54.8391],[-4.2558,54.8441],[-4.2458,54.8472],[-4.2399,54.8524],[-4.2329,54.8534],[-4.2263,54.8648],[-4.2097,54.866],[-4.2077,54.8608],[-4.2232,54.8479],[-4.219,54.8443],[-4.2249,54.8413],[-4.2149,54.8356],[-4.2193,54.8268],[-4.2138,54.8217],[-4.2069,54.8208],[-4.2101,54.8158],[-4.1954,54.8088],[-4.1867,54.8083],[-4.1856,54.8038],[-4.1788,54.7922],[-4.1703,54.7871],[-4.164,54.7882],[-4.1575,54.7798],[-4.1414,54.776],[-4.1352,54.7767],[-4.1248,54.788],[-4.1192,54.7862],[-4.1238,54.778],[-4.1098,54.7757],[-4.1095,54.7692],[-4.1059,54.7673],[-4.0941,54.7661],[-4.0902,54.7732],[-4.0939,54.7768],[-4.1039,54.777],[-4.101,54.781],[-4.0922,54.7807],[-4.092,54.7921],[-4.0898,54.7957],[-4.0884,54.8087],[-4.0911,54.8143],[-4.103,54.8192],[-4.1033,54.825],[-4.1073,54.8272],[-4.1069,54.8344],[-4.1164,54.8369],[-4.1161,54.8477],[-4.1135,54.8568],[-4.1074,54.8596],[-4.1069,54.8636],[-4.1132,54.8666],[-4.1148,54.8819],[-4.1175,54.8881],[-4.1262,54.8907],[-4.1249,54.8957],[-4.1283,54.901],[-4.1321,54.9131],[-4.1573,54.9185],[-4.1585,54.9265],[-4.1635,54.9323],[-4.1583,54.9371],[-4.1697,54.9452],[-4.177,54.9433],[-4.1822,54.9454],[-4.164,54.9559],[-4.1676,54.9641],[-4.1726,54.9699],[-4.1888,54.966],[-4.1966,54.9674],[-4.1908,54.9754],[-4.1934,54.9796],[-4.195,54.9937],[-4.2016,54.9941],[-4.2165,55.001],[-4.2174,55.0041],[-4.2345,55.0096],[-4.2386,55.0127],[-4.2467,55.0103],[-4.2546,55.012],[-4.2606,55.0069],[-4.2603,55.0015],[-4.2561,54.996],[-4.2617,54.993],[-4.2707,54.9928],[-4.2745,54.9905],[-4.2741,54.9837],[-4.2929,54.9834],[-4.3018,54.99],[-4.3203,54.991],[-4.3237,54.9895],[-4.3325,54.993],[-4.3358,54.9969],[-4.3362,55.0032],[-4.3285,55.0047],[-4.3264,55.0088],[-4.3114,55.0073],[-4.3014,55.0097],[-4.3056,55.0151],[-4.3068,55.0218],[-4.2976,55.026],[-4.2902,55.0335],[-4.2948,55.0445],[-4.3181,55.0413],[-4.3242,55.0381],[-4.3305,55.0395],[-4.3387,55.0452],[-4.3351,55.0518],[-4.3578,55.0518],[-4.3595,55.0536],[-4.379,55.0532],[-4.3896,55.0471],[-4.3978,55.0519],[-4.4063,55.0513],[-4.4219,55.0559],[-4.4211,55.0631],[-4.4312,55.0616],[-4.4417,55.0657],[-4.4459,55.0707],[-4.4359,55.0741],[-4.4299,55.078],[-4.4287,55.0841],[-4.4216,55.0843],[-4.4125,55.0885],[-4.4128,55.0943],[-4.4249,55.1001],[-4.4179,55.1126],[-4.4192,55.1216],[-4.4277,55.1331]]]},"properties":{"HA_NUM":81,"HA_NAME":"Cree Group"}},
{"type":"Feature","geometry":{"type":"MultiPolygon","coordinates":[[[[-4.3592,55.3538],[-4.3701,55.3513],[-4.3859,55.3526],[-4.4037,55.3592],[-4.4038,55.3615],[-4.4256,55.3687],[-4.439,55.3693],[-4.4512,55.3744],[-4.4606,55.3743],[-4.4643,55.3769],[-4.48,55.3806],[-4.494,55.3895],[-4.4961,55.4045],[-4.4925,55.4109],[-4.4967,55.4198],[-4.5004,55.4233],[-4.5145,55.4266],[-4.5179,55.4315],[-4.5337,55.4312],[-4.5411,55.4346],[-4.5568,55.4334],[-4.556,55.446],[-4.566,55.448],[-4.599,55.4509],[-4.6097,55.444],[-4.6188,55.4451],[-4.6336,55.4529],[-4.6433,55.4555],[-4.6482,55.4438],[-4.654,55.4402],[-4.6783,55.438],[-4.6899,55.4326],[-4.7022,55.4335],[-4.7136,55.4327],[-4.7218,55.4265],[-4.7294,55.4268],[-4.7425,55.4222],[-4.7534,55.4162],[-4.7578,55.4079],[-4.7693,55.4008],[-4.7718,55.389],[-4.7695,55.3715],[-4.7749,55.3598],[-4.784,55.356],[-4.8049,55.3502],[-4.8091,55.3478],[-4.8113,55.3385],[-4.8206,55.3329],[-4.8277,55.3337],[-4.8442,55.326],[-4.8385,55.315],[-4.8379,55.3009],[-4.8353,55.2935],[-4.8358,55.2831],[-4.8394,55.2754],[-4.847,55.2691],[-4.8537,55.2553],[-4.8593,55.2528],[-4.8628,55.2444],[-4.8593,55.2336],[-4.8596,55.2281],[-4.8717,55.2181],[-4.8902,55.211],[-4.8937,55.2072],[-4.9102,55.199],[-4.9262,55.1838],[-4.931,55.1739],[-4.9427,55.1639],[-4.9481,55.1639],[-4.9567,55.1588],[-4.9799,55.1494],[-4.9917,55.1435],[-4.9971,55.1364],[-4.9949,55.1307],[-4.9962,55.1236],[-5.0025,55.1082],[-5.008,55.1045],[-5.0144,55.0871],[-5.0228,55.0841],[-5.0296,55.0792],[-5.0188,55.0759],[-5.0105,55.0684],[-4.9972,55.0687],[-4.9898,55.0748],[-4.9819,55.0736],[-4.9672,55.0659],[-4.9519,55.0708],[-4.9372,55.0731],[-4.9297,55.0668],[-4.9202,55.0657],[-4.8983,55.0671],[-4.8882,55.0727],[-4.8738,55.0744],[-4.8638,55.0769],[-4.8502,55.0732],[-4.8473,55.0652],[-4.8426,55.0653],[-4.8325,55.0606],[-4.8238,55.0536],[-4.8166,55.0519],[-4.8076,55.0463],[-4.8074,55.0429],[-4.8004,55.0388],[-4.7883,55.0396],[-4.7759,55.0358],[-4.7706,55.0427],[-4.7582,55.0454],[-4.7538,55.0491],[-4.7548,55.0527],[-4.7471,55.0549],[-4.7374,55.0551],[-4.7248,55.0599],[-4.7159,55.056],[-4.7112,55.0561],[-4.7023,55.0521],[-4.6885,55.0557],[-4.6887,55.0715],[-4.681,55.0842],[-4.6791,55.0914],[-4.6944,55.097],[-4.6954,55.101],[-4.6817,55.1071],[-4.6823,55.1156],[-4.6849,55.1201],[-4.6976,55.1216],[-4.6964,55.1266],[-4.7007,55.133],[-4.6956,55.1387],[-4.6959,55.1432],[-4.7027,55.1509],[-4.7021,55.1651],[-4.6786,55.1773],[-4.6675,55.1762],[-4.6608,55.1817],[-4.6501,55.1797],[-4.6386,55.184],[-4.6194,55.1844],[-4.602,55.1956],[-4.5994,55.2042],[-4.595,55.2083],[-4.5776,55.2065],[-4.5656,55.204],[-4.5526,55.2088],[-4.5428,55.2153],[-4.5361,55.2091],[-4.538,55.2014],[-4.5312,55.1998],[-4.5218,55.2004],[-4.5108,55.1941],[-4.5104,55.1879],[-4.4997,55.1798],[-4.4999,55.1708],[-4.4926,55.1673],[-4.4907,55.162],[-4.4859,55.1607],[-4.4831,55.1536],[-4.4726,55.1489],[-4.4684,55.1435],[-4.4689,55.139],[-4.4609,55.137],[-4.4472,55.1314],[-4.4377,55.1289],[-4.4277,55.1331],[-4.4178,55.1376],[-4.407,55.1403],[-4.394,55.1464],[-4.3934,55.1495],[-4.3832,55.1551],[-4.3681,55.1532],[-4.36,55.1558],[-4.3616,55.1681],[-4.3651,55.1744],[-4.3613,55.1776],[-4.3625,55.1847],[-4.3566,55.1907],[-4.3571,55.1988],[-4.3458,55.2075],[-4.3423,55.2143],[-4.334,55.2203],[-4.3412,55.2225],[-4.3486,55.2277],[-4.3529,55.2339],[-4.355,55.2438],[-4.3467,55.25],[-4.3496,55.2578],[-4.3415,55.262],[-4.3321,55.2696],[-4.3138,55.2783],[-4.315,55.2859],[-4.3183,55.2887],[-4.3122,55.2924],[-4.3154,55.2993],[-4.3154,55.3061],[-4.324,55.3059],[-4.3275,55.3117],[-4.3216,55.3174],[-4.3139,55.3209],[-4.3138,55.3324],[-4.3166,55.3398],[-4.3274,55.3436],[-4.3413,55.3451],[-4.3462,55.3473],[-4.3564,55.3471],[-4.3592,55.3538]]],[[[-5.1105,55.2494],[-5.1073,55.2521],[-5.1188,55.258],[-5.1231,55.2557],[-5.124,55.2493],[-5.1135,55.2472],[-5.1105,55.2494]]]]},"properties":{"HA_NUM":82,"HA_NAME":"Doon Group"}},
{"type":"Feature","geometry":{"type":"Polygon","coordinates":[[[-4.7797,55.8479],[-4.7801,55.8537],[-4.7868,55.8576],[-4.7912,55.8638],[-4.7916,55.8698],[-4.8006,55.8726],[-4.8127,55.8633],[-4.8262,55.8616],[-4.8294,55.8557],[-4.8369,55.8542],[-4.849,55.8454],[-4.8557,55.8389],[-4.8566,55.8353],[-4.8648,55.8329],[-4.8706,55.8242],[-4.8676,55.8162],[-4.8722,55.8129],[-4.8733,55.8073],[-4.8787,55.806],[-4.8697,55.7982],[-4.8713,55.7904],[-4.8644,55.7866],[-4.855,55.7747],[-4.8561,55.761],[-4.8591,55.7476],[-4.8642,55.7493],[-4.8726,55.7476],[-4.8687,55.7425],[-4.8744,55.7365],[-4.8754,55.7297],[-4.884,55.7299],[-4.8826,55.7373],[-4.8904,55.7391],[-4.895,55.7348],[-4.8854,55.7332],[-4.8853,55.7287],[-4.8958,55.7269],[-4.9035,55.7217],[-4.9056,55.6992],[-4.9029,55.6962],[-4.8895,55.6955],[-4.862,55.6829],[-4.8592,55.6763],[-4.851,55.6737],[-4.8329,55.6612],[-4.8311,55.6579],[-4.8152,55.6477],[-4.8206,55.6441],[-4.8167,55.6361],[-4.8072,55.6399],[-4.7991,55.6383],[-4.7933,55.6308],[-4.7816,55.633],[-4.7659,55.6316],[-4.7504,55.6275],[-4.7227,55.6177],[-4.6993,55.6076],[-4.6924,55.6104],[-4.7042,55.6186],[-4.7006,55.62],[-4.6885,55.6154],[-4.6872,55.6099],[-4.6945,55.6044],[-4.6822,55.5974],[-4.6715,55.5887],[-4.6595,55.5733],[-4.6577,55.5515],[-4.6732,55.5443],[-4.676,55.5409],[-4.6626,55.5413],[-4.6558,55.536],[-4.6504,55.5278],[-4.6331,55.5197],[-4.623,55.5074],[-4.6207,55.4983],[-4.6235,55.4912],[-4.6279,55.4896],[-4.6277,55.4809],[-4.6329,55.4734],[-4.6444,55.4706],[-4.6415,55.4651],[-4.6433,55.4555],[-4.6336,55.4529],[-4.6188,55.4451],[-4.6097,55.444],[-4.599,55.4509],[-4.566,55.448],[-4.556,55.446],[-4.5568,55.4334],[-4.5411,55.4346],[-4.5337,55.4312],[-4.5179,55.4315],[-4.5145,55.4266],[-4.5004,55.4233],[-4.4967,55.4198],[-4.4925,55.4109],[-4.4961,55.4045],[-4.494,55.3895],[-4.48,55.3806],[-4.4643,55.3769],[-4.4606,55.3743],[-4.4512,55.3744],[-4.439,55.3693],[-4.4256,55.3687],[-4.4038,55.3615],[-4.4037,55.3592],[-4.3859,55.3526],[-4.3701,55.3513],[-4.3592,55.3538],[-4.3555,55.3575],[-4.3492,55.3585],[-4.3445,55.372],[-4.3448,55.377],[-4.3364,55.3816],[-4.3343,55.3866],[-4.3274,55.3901],[-4.3131,55.3879],[-4.304,55.3953],[-4.3061,55.4042],[-4.2951,55.4044],[-4.287,55.4082],[-4.2399,55.4059],[-4.2234,55.408],[-4.2157,55.4122],[-4.2095,55.42],[-4.1903,55.4237],[-4.1813,55.4321],[-4.1608,55.433],[-4.1543,55.4295],[-4.1432,55.4297],[-4.1375,55.4257],[-4.1149,55.4167],[-4.0964,55.4118],[-4.0838,55.4123],[-4.0698,55.4152],[-4.0656,55.418],[-4.055,55.4208],[-4.0339,55.4239],[-4.0301,55.4271],[-4.0177,55.432],[-4.0234,55.436],[-4.0093,55.4526],[-3.9944,55.4569],[-3.9869,55.4633],[-4.0012,55.4644],[-4.0029,55.468],[-4.0127,55.4728],[-4.0137,55.4782],[-4.0099,55.4818],[-4.0248,55.493],[-4.0115,55.5052],[-3.9987,55.5103],[-3.9881,55.5199],[-3.9892,55.5253],[-3.9783,55.5295],[-3.9641,55.5302],[-3.9589,55.5368],[-3.9592,55.544],[-3.9646,55.5477],[-3.9745,55.548],[-3.9971,55.5566],[-3.9891,55.5635],[-3.9999,55.5653],[-4.0097,55.5699],[-4.0096,55.5762],[-4.0177,55.5783],[-4.0238,55.5822],[-4.0342,55.5848],[-4.0353,55.5892],[-4.0424,55.5896],[-4.047,55.5863],[-4.0642,55.5811],[-4.064,55.5771],[-4.0709,55.5725],[-4.0854,55.5686],[-4.1013,55.5693],[-4.1082,55.5664],[-4.1261,55.5661],[-4.1369,55.5686],[-4.1452,55.5685],[-4.1486,55.5716],[-4.1619,55.5691],[-4.1732,55.5653],[-4.18,55.5665],[-4.1929,55.5632],[-4.2001,55.5567],[-4.2174,55.5542],[-4.2204,55.551],[-4.2276,55.5522],[-4.2263,55.5574],[-4.2292,55.5607],[-4.2432,55.5627],[-4.2434,55.5721],[-4.2336,55.5752],[-4.2287,55.5859],[-4.2173,55.5879],[-4.21,55.5925],[-4.2072,55.5993],[-4.2025,55.6005],[-4.1984,55.6109],[-4.2009,55.6145],[-4.1925,55.6202],[-4.1874,55.6289],[-4.1789,55.6326],[-4.1879,55.6365],[-4.197,55.6359],[-4.203,55.6376],[-4.2193,55.6382],[-4.2348,55.637],[-4.2414,55.6418],[-4.2267,55.6484],[-4.2254,55.6538],[-4.2419,55.6638],[-4.2378,55.6756],[-4.241,55.6773],[-4.224,55.6853],[-4.22,55.6921],[-4.2323,55.6914],[-4.2459,55.693],[-4.2584,55.6882],[-4.2641,55.6917],[-4.273,55.6934],[-4.2832,55.6918],[-4.3025,55.6953],[-4.3075,55.6983],[-4.3061,55.7024],[-4.3095,55.7062],[-4.3326,55.7053],[-4.3367,55.7074],[-4.334,55.7156],[-4.3294,55.7184],[-4.332,55.7219],[-4.3478,55.7198],[-4.3543,55.7152],[-4.3643,55.7164],[-4.3685,55.7136],[-4.3812,55.7124],[-4.3833,55.7151],[-4.4028,55.7152],[-4.4113,55.7177],[-4.406,55.7214],[-4.3974,55.7238],[-4.4019,55.7327],[-4.4129,55.7309],[-4.414,55.7343],[-4.4051,55.7385],[-4.4029,55.7426],[-4.4079,55.7456],[-4.4162,55.7446],[-4.4176,55.7414],[-4.4263,55.7408],[-4.4292,55.7362],[-4.4403,55.7351],[-4.4398,55.74],[-4.4561,55.7456],[-4.4651,55.7503],[-4.4655,55.7557],[-4.4696,55.7574],[-4.479,55.7545],[-4.4779,55.7631],[-4.4713,55.7727],[-4.4738,55.7742],[-4.4725,55.7843],[-4.4864,55.7831],[-4.4916,55.7772],[-4.5041,55.7742],[-4.5189,55.7744],[-4.5269,55.7819],[-4.5331,55.779],[-4.545,55.7779],[-4.5537,55.7701],[-4.568,55.7693],[-4.5742,55.7724],[-4.5945,55.7665],[-4.5988,55.7592],[-4.613,55.7576],[-4.6191,55.753],[-4.6323,55.7482],[-4.6313,55.7442],[-4.637,55.7409],[-4.6457,55.7394],[-4.6726,55.7487],[-4.6758,55.7549],[-4.6712,55.7568],[-4.6727,55.768],[-4.6696,55.769],[-4.6741,55.7767],[-4.681,55.7786],[-4.6801,55.7822],[-4.686,55.7877],[-4.695,55.79],[-4.6954,55.7958],[-4.7017,55.7952],[-4.719,55.8032],[-4.7217,55.8071],[-4.7193,55.8182],[-4.7259,55.8217],[-4.7444,55.823],[-4.7461,55.8253],[-4.7609,55.8305],[-4.7783,55.8394],[-4.7917,55.8377],[-4.7884,55.8468],[-4.7797,55.8479]]]},"properties":{"HA_NUM":83,"HA_NAME":"Irvine and Ayr"}},
{"type":"Feature","geometry":{"type":"Polygon","coordinates":[[[-4.2248,56.0205],[-4.239,56.0166],[-4.2547,56.0172],[-4.2587,56.0244],[-4.2722,56.0349],[-4.2818,56.0347],[-4.2838,56.0279],[-4.2973,56.0254],[-4.2939,56.0221],[-4.2988,56.0173],[-4.2929,56.0129],[-4.2947,56.0093],[-4.2889,56.0049],[-4.2811,55.9959],[-4.2886,55.9867],[-4.289,55.9802],[-4.2926,55.973],[-4.2875,55.9686],[-4.297,55.967],[-4.304,55.9638],[-4.327,55.9732],[-4.3376,55.9748],[-4.3417,55.9774],[-4.3396,55.9824],[-4.3424,55.9886],[-4.3536,55.9889],[-4.369,55.9913],[-4.3692,55.994],[-4.3805,55.9951],[-4.3953,55.9948],[-4.4086,55.9964],[-4.4149,55.9944],[-4.4159,55.9845],[-4.4203,55.9782],[-4.4376,55.9724],[-4.4448,55.9718],[-4.4581,55.9675],[-4.4781,55.9664],[-4.4839,55.9701],[-4.497,55.9748],[-4.4997,55.9788],[-4.5088,55.9836],[-4.5189,55.9782],[-4.5257,55.9715],[-4.5344,55.9696],[-4.5405,55.9647],[-4.5386,55.9493],[-4.54,55.9461],[-4.5535,55.9436],[-4.564,55.9357],[-4.5557,55.9368],[-4.5408,55.9331],[-4.5169,55.9326],[-4.5161,55.93],[-4.5029,55.929],[-4.4906,55.9308],[-4.4842,55.9301],[-4.4675,55.9247],[-4.4538,55.9158],[-4.4466,55.9096],[-4.4401,55.9067],[-4.4206,55.9039],[-4.4189,55.901],[-4.4273,55.8988],[-4.4457,55.907],[-4.465,55.9196],[-4.4714,55.9225],[-4.4893,55.9266],[-4.5046,55.9225],[-4.5159,55.9257],[-4.5307,55.9226],[-4.5575,55.9245],[-4.5722,55.9234],[-4.5899,55.927],[-4.6036,55.928],[-4.6232,55.9331],[-4.6454,55.9311],[-4.6721,55.9335],[-4.6709,55.9274],[-4.6775,55.9193],[-4.6882,55.9173],[-4.7016,55.9204],[-4.7196,55.9148],[-4.7369,55.9216],[-4.7513,55.9209],[-4.7571,55.9234],[-4.7642,55.9219],[-4.759,55.9167],[-4.7741,55.9159],[-4.778,55.9133],[-4.7774,55.9061],[-4.7887,55.8958],[-4.7872,55.8857],[-4.7741,55.8813],[-4.7738,55.8777],[-4.7556,55.8686],[-4.7488,55.8627],[-4.7525,55.8584],[-4.7621,55.8586],[-4.7639,55.8559],[-4.7797,55.8479],[-4.7884,55.8468],[-4.7917,55.8377],[-4.7783,55.8394],[-4.7609,55.8305],[-4.7461,55.8253],[-4.7444,55.823],[-4.7259,55.8217],[-4.7193,55.8182],[-4.7217,55.8071],[-4.719,55.8032],[-4.7017,55.7952],[-4.6954,55.7958],[-4.695,55.79],[-4.686,55.7877],[-4.6801,55.7822],[-4.681,55.7786],[-4.6741,55.7767],[-4.6696,55.769],[-4.6727,55.768],[-4.6712,55.7568],[-4.6758,55.7549],[-4.6726,55.7487],[-4.6457,55.7394],[-4.637,55.7409],[-4.6313,55.7442],[-4.6323,55.7482],[-4.6191,55.753],[-4.613,55.7576],[-4.5988,55.7592],[-4.5945,55.7665],[-4.5742,55.7724],[-4.568,55.7693],[-4.5537,55.7701],[-4.545,55.7779],[-4.5331,55.779],[-4.5269,55.7819],[-4.5189,55.7744],[-4.5041,55.7742],[-4.4916,55.7772],[-4.4864,55.7831],[-4.4725,55.7843],[-4.4738,55.7742],[-4.4713,55.7727],[-4.4779,55.7631],[-4.479,55.7545],[-4.4696,55.7574],[-4.4655,55.7557],[-4.4651,55.7503],[-4.4561,55.7456],[-4.4398,55.74],[-4.4403,55.7351],[-4.4292,55.7362],[-4.4263,55.7408],[-4.4176,55.7414],[-4.4162,55.7446],[-4.4079,55.7456],[-4.4029,55.7426],[-4.4051,55.7385],[-4.414,55.7343],[-4.4129,55.7309],[-4.4019,55.7327],[-4.3974,55.7238],[-4.406,55.7214],[-4.4113,55.7177],[-4.4028,55.7152],[-4.3833,55.7151],[-4.3812,55.7124],[-4.3685,55.7136],[-4.3643,55.7164],[-4.3543,55.7152],[-4.3478,55.7198],[-4.332,55.7219],[-4.3294,55.7184],[-4.334,55.7156],[-4.3367,55.7074],[-4.3326,55.7053],[-4.3095,55.7062],[-4.3061,55.7024],[-4.3075,55.6983],[-4.3025,55.6953],[-4.2832,55.6918],[-4.273,55.6934],[-4.2641,55.6917],[-4.2584,55.6882],[-4.2459,55.693],[-4.2323,55.6914],[-4.22,55.6921],[-4.224,55.6853],[-4.241,55.6773],[-4.2378,55.6756],[-4.2419,55.6638],[-4.2254,55.6538],[-4.2267,55.6484],[-4.2414,55.6418],[-4.2348,55.637],[-4.2193,55.6382],[-4.203,55.6376],[-4.197,55.6359],[-4.1879,55.6365],[-4.1789,55.6326],[-4.1874,55.6289],[-4.1925,55.6202],[-4.2009,55.6145],[-4.1984,55.6109],[-4.2025,55.6005],[-4.2072,55.5993],[-4.21,55.5925],[-4.2173,55.5879],[-4.2287,55.5859],[-4.2336,55.5752],[-4.2434,55.5721],[-4.2432,55.5627],[-4.2292,55.5607],[-4.2263,55.5574],[-4.2276,55.5522],[-4.2204,55.551],[-4.2174,55.5542],[-4.2001,55.5567],[-4.1929,55.5632],[-4.18,55.5665],[-4.1732,55.5653],[-4.1619,55.5691],[-4.1486,55.5716],[-4.1452,55.5685],[-4.1369,55.5686],[-4.1261,55.5661],[-4.1082,55.5664],[-4.1013,55.5693],[-4.0854,55.5686],[-4.0709,55.5725],[-4.064,55.5771],[-4.0642,55.5811],[-4.047,55.5863],[-4.0424,55.5896],[-4.0353,55.5892],[-4.0342,55.5848],[-4.0238,55.5822],[-4.0177,55.5783],[-4.0096,55.5762],[-4.0097,55.5699],[-3.9999,55.5653],[-3.9891,55.5635],[-3.9971,55.5566],[-3.9745,55.548],[-3.9646,55.5477],[-3.9592,55.544],[-3.9589,55.5368],[-3.9641,55.5302],[-3.9783,55.5295],[-3.9892,55.5253],[-3.9881,55.5199],[-3.9987,55.5103],[-4.0115,55.5052],[-4.0248,55.493],[-4.0099,55.4818],[-4.0137,55.4782],[-4.0127,55.4728],[-4.0029,55.468],[-4.0012,55.4644],[-3.9869,55.4633],[-3.9698,55.4697],[-3.9623,55.4628],[-3.9516,55.4621],[-3.9275,55.4634],[-3.9249,55.4573],[-3.9091,55.4574],[-3.8957,55.4598],[-3.8885,55.4563],[-3.8806,55.4583],[-3.857,55.4593],[-3.8429,55.462],[-3.8372,55.4598],[-3.8277,55.46],[-3.8189,55.4565],[-3.8247,55.4452],[-3.8251,55.4375],[-3.8178,55.434],[-3.8176,55.4282],[-3.8104,55.4274],[-3.8079,55.4234],[-3.7925,55.4164],[-3.7915,55.4106],[-3.7786,55.405],[-3.7634,55.4005],[-3.7646,55.3926],[-3.7611,55.3832],[-3.7483,55.3712],[-3.735,55.3647],[-3.72,55.3654],[-3.7143,55.3598],[-3.7193,55.3496],[-3.7104,55.3444],[-3.7149,55.3387],[-3.7123,55.3327],[-3.7128,55.3259],[-3.7103,55.3219],[-3.701,55.318],[-3.6997,55.3144],[-3.6885,55.311],[-3.6826,55.3111],[-3.6733,55.3049],[-3.6731,55.3004],[-3.6633,55.292],[-3.646,55.2927],[-3.6213,55.2948],[-3.6124,55.2999],[-3.6038,55.2995],[-3.6042,55.2919],[-3.5922,55.2855],[-3.5845,55.2903],[-3.581,55.3012],[-3.5928,55.3019],[-3.5923,55.3073],[-3.5964,55.3127],[-3.5858,55.3227],[-3.5776,55.3255],[-3.5662,55.3259],[-3.5691,55.3395],[-3.5794,55.3412],[-3.589,55.3447],[-3.5844,55.3483],[-3.575,55.3484],[-3.5722,55.357],[-3.5769,55.3578],[-3.5711,55.3687],[-3.5783,55.3718],[-3.5745,55.3768],[-3.5843,55.3834],[-3.5788,55.3857],[-3.5798,55.3913],[-3.589,55.3941],[-3.6108,55.396],[-3.611,55.4005],[-3.6057,55.4065],[-3.6082,55.4091],[-3.5959,55.4165],[-3.5968,55.4196],[-3.589,55.4219],[-3.5862,55.4307],[-3.575,55.4379],[-3.5667,55.438],[-3.5563,55.4349],[-3.5438,55.4378],[-3.539,55.437],[-3.5356,55.4518],[-3.5302,55.4546],[-3.5304,55.4604],[-3.5257,55.4623],[-3.5244,55.4693],[-3.519,55.4732],[-3.517,55.4817],[-3.5231,55.4861],[-3.5221,55.4902],[-3.5119,55.4935],[-3.5136,55.4966],[-3.5093,55.5079],[-3.5001,55.5147],[-3.4875,55.5178],[-3.4949,55.5242],[-3.4943,55.529],[-3.4984,55.5327],[-3.4986,55.5379],[-3.5036,55.5457],[-3.5015,55.5538],[-3.4962,55.5593],[-3.4892,55.5632],[-3.5005,55.5691],[-3.5048,55.5758],[-3.5159,55.5756],[-3.5194,55.5864],[-3.5275,55.5892],[-3.5385,55.5859],[-3.5514,55.592],[-3.5532,55.5985],[-3.5495,55.604],[-3.5387,55.6133],[-3.5376,55.6243],[-3.5499,55.6246],[-3.5685,55.6329],[-3.5616,55.6384],[-3.5521,55.6505],[-3.5532,55.6587],[-3.5502,55.6631],[-3.5416,55.6656],[-3.5346,55.6702],[-3.525,55.669],[-3.5132,55.6714],[-3.503,55.6751],[-3.5002,55.6846],[-3.4915,55.6856],[-3.4877,55.6897],[-3.4695,55.6926],[-3.468,55.6962],[-3.4579,55.7026],[-3.4524,55.7038],[-3.4424,55.7131],[-3.4387,55.7208],[-3.4317,55.7258],[-3.4192,55.7309],[-3.4104,55.7306],[-3.4093,55.7436],[-3.4126,55.7472],[-3.4205,55.7471],[-3.4304,55.7447],[-3.4333,55.7469],[-3.4377,55.7579],[-3.446,55.7668],[-3.4405,55.7698],[-3.4457,55.78],[-3.4521,55.7809],[-3.4679,55.7766],[-3.4731,55.7788],[-3.4846,55.7778],[-3.4897,55.7755],[-3.5074,55.7793],[-3.5158,55.7796],[-3.5247,55.7842],[-3.5267,55.7925],[-3.5438,55.791],[-3.5641,55.7907],[-3.5663,55.7866],[-3.584,55.79],[-3.586,55.7999],[-3.595,55.806],[-3.6014,55.8055],[-3.6151,55.799],[-3.6271,55.8002],[-3.6396,55.8041],[-3.6594,55.8007],[-3.6678,55.8024],[-3.6802,55.8022],[-3.6856,55.7985],[-3.6975,55.7961],[-3.6965,55.7908],[-3.7034,55.7844],[-3.7177,55.7833],[-3.7294,55.7773],[-3.7308,55.7727],[-3.7384,55.7646],[-3.7512,55.7655],[-3.7521,55.7684],[-3.7627,55.7732],[-3.7649,55.7795],[-3.7719,55.7836],[-3.7747,55.7923],[-3.7727,55.8009],[-3.762,55.8118],[-3.7583,55.8191],[-3.7537,55.8227],[-3.7404,55.8283],[-3.7359,55.8356],[-3.7471,55.8354],[-3.7727,55.8369],[-3.7789,55.8327],[-3.8025,55.8337],[-3.8087,55.8377],[-3.8239,55.8375],[-3.822,55.8411],[-3.8221,55.8505],[-3.8321,55.8526],[-3.847,55.8537],[-3.8525,55.8519],[-3.8706,55.863],[-3.8659,55.8647],[-3.846,55.8659],[-3.8372,55.8674],[-3.8319,55.8737],[-3.8195,55.8804],[-3.8189,55.8854],[-3.8095,55.8893],[-3.8107,55.8988],[-3.8062,55.9035],[-3.8154,55.9126],[-3.8211,55.9148],[-3.8274,55.9124],[-3.8501,55.9103],[-3.8622,55.9052],[-3.8737,55.9037],[-3.9166,55.9039],[-3.9314,55.9138],[-3.9205,55.9187],[-3.9241,55.9267],[-3.9212,55.9328],[-3.9318,55.9369],[-3.951,55.9371],[-3.9567,55.9383],[-3.9694,55.9363],[-3.9828,55.941],[-3.9932,55.9472],[-3.9908,55.9488],[-4.004,55.9546],[-4.0058,55.96],[-3.9963,55.9615],[-3.9941,55.9647],[-3.9736,55.9713],[-3.9727,55.9771],[-3.9773,55.9825],[-3.9842,55.9841],[-3.988,55.9879],[-3.9994,55.9902],[-3.9909,55.9975],[-3.9921,56.0038],[-3.9978,56.0068],[-4.0111,56.0075],[-4.0189,56.0101],[-4.0292,56.0086],[-4.0621,56.008],[-4.0759,56.0047],[-4.0844,56.005],[-4.0957,56.0079],[-4.1004,56.0042],[-4.1174,56.0008],[-4.1284,56.0047],[-4.1409,56.0044],[-4.145,56.0003],[-4.1606,55.9996],[-4.177,56.0047],[-4.1901,56.0038],[-4.2086,56.0176],[-4.219,56.0179],[-4.2248,56.0205]]]},"properties":{"HA_NUM":84,"HA_NAME":"Clyde"}},
{"type":"Feature","geometry":{"type":"Polygon","coordinates":[[[-4.5785,56.3556],[-4.5925,56.3589],[-4.6012,56.3672],[-4.6222,56.3778],[-4.6159,56.3806],[-4.6219,56.3852],[-4.6309,56.3864],[-4.636,56.391],[-4.6497,56.3891],[-4.6684,56.3791],[-4.6747,56.3818],[-4.6771,56.3879],[-4.6822,56.3911],[-4.6919,56.3905],[-4.709,56.3807],[-4.7096,56.3779],[-4.7193,56.3768],[-4.723,56.383],[-4.7514,56.395],[-4.7723,56.3936],[-4.7751,56.3864],[-4.7797,56.3836],[-4.7905,56.3811],[-4.8007,56.3831],[-4.803,56.3916],[-4.8123,56.3977],[-4.8281,56.3919],[-4.8353,56.3904],[-4.8337,56.3801],[-4.8557,56.3711],[-4.8494,56.3681],[-4.8398,56.3696],[-4.8307,56.3671],[-4.8134,56.3568],[-4.7995,56.3557],[-4.7941,56.3475],[-4.7814,56.34],[-4.7867,56.3349],[-4.7869,56.3266],[-4.7819,56.3139],[-4.7865,56.3102],[-4.7944,56.3082],[-4.7998,56.304],[-4.8088,56.3056],[-4.823,56.3004],[-4.837,56.2933],[-4.834,56.2853],[-4.8273,56.2821],[-4.8231,56.2747],[-4.8012,56.2784],[-4.7881,56.2652],[-4.7871,56.2513],[-4.8172,56.2445],[-4.8142,56.2358],[-4.81,56.2335],[-4.8096,56.2283],[-4.8045,56.2244],[-4.7954,56.2219],[-4.7865,56.2216],[-4.7837,56.2266],[-4.7743,56.2305],[-4.7645,56.2298],[-4.7611,56.2321],[-4.7495,56.2342],[-4.7475,56.2396],[-4.7419,56.2406],[-4.7356,56.2376],[-4.7275,56.2373],[-4.7172,56.234],[-4.717,56.22],[-4.7225,56.2172],[-4.7246,56.2127],[-4.7339,56.2075],[-4.7352,56.2035],[-4.7315,56.1961],[-4.7249,56.1893],[-4.7272,56.1807],[-4.7473,56.1699],[-4.7577,56.1742],[-4.7718,56.1739],[-4.7801,56.1665],[-4.7806,56.1624],[-4.7897,56.1537],[-4.7743,56.1469],[-4.7696,56.1429],[-4.7769,56.1333],[-4.7787,56.1252],[-4.7862,56.1174],[-4.7861,56.1048],[-4.7971,56.1016],[-4.8048,56.097],[-4.8032,56.0855],[-4.7978,56.0778],[-4.7975,56.074],[-4.7921,56.066],[-4.782,56.0595],[-4.7842,56.0554],[-4.7781,56.0488],[-4.7712,56.0485],[-4.7609,56.0442],[-4.7539,56.0368],[-4.7491,56.0369],[-4.7361,56.0295],[-4.721,56.0249],[-4.7083,56.0166],[-4.693,56.0156],[-4.6596,56.0071],[-4.6615,56.0006],[-4.6704,55.9894],[-4.6691,55.9712],[-4.667,55.9641],[-4.6732,55.9613],[-4.6656,55.9581],[-4.6543,55.9602],[-4.6477,55.9561],[-4.6343,55.9521],[-4.6211,55.9507],[-4.6158,55.9482],[-4.5965,55.9437],[-4.5811,55.9382],[-4.5656,55.9404],[-4.564,55.9357],[-4.5535,55.9436],[-4.54,55.9461],[-4.5386,55.9493],[-4.5405,55.9647],[-4.5344,55.9696],[-4.5257,55.9715],[-4.5189,55.9782],[-4.5088,55.9836],[-4.4997,55.9788],[-4.497,55.9748],[-4.4839,55.9701],[-4.4781,55.9664],[-4.4581,55.9675],[-4.4448,55.9718],[-4.4376,55.9724],[-4.4203,55.9782],[-4.4159,55.9845],[-4.4149,55.9944],[-4.4086,55.9964],[-4.3953,55.9948],[-4.3805,55.9951],[-4.3692,55.994],[-4.369,55.9913],[-4.3536,55.9889],[-4.3424,55.9886],[-4.3396,55.9824],[-4.3417,55.9774],[-4.3376,55.9748],[-4.327,55.9732],[-4.304,55.9638],[-4.297,55.967],[-4.2875,55.9686],[-4.2926,55.973],[-4.289,55.9802],[-4.2886,55.9867],[-4.2811,55.9959],[-4.2889,56.0049],[-4.2947,56.0093],[-4.2929,56.0129],[-4.2988,56.0173],[-4.2939,56.0221],[-4.2973,56.0254],[-4.2838,56.0279],[-4.2818,56.0347],[-4.2722,56.0349],[-4.2587,56.0244],[-4.2547,56.0172],[-4.239,56.0166],[-4.2248,56.0205],[-4.2251,56.0268],[-4.2161,56.0305],[-4.191,56.0323],[-4.1831,56.0289],[-4.1708,56.0309],[-4.1687,56.0363],[-4.164,56.0382],[-4.1536,56.0384],[-4.1481,56.0416],[-4.1413,56.0413],[-4.1339,56.0459],[-4.1196,56.0488],[-4.1191,56.0533],[-4.1062,56.0522],[-4.0987,56.0472],[-4.0922,56.0466],[-4.0896,56.0579],[-4.0958,56.06],[-4.0939,56.0637],[-4.0979,56.078],[-4.1048,56.0859],[-4.1058,56.09],[-4.1011,56.0927],[-4.0983,56.0986],[-4.1234,56.1023],[-4.1337,56.1007],[-4.1424,56.0965],[-4.155,56.0932],[-4.1562,56.0851],[-4.1702,56.0763],[-4.1818,56.0756],[-4.1868,56.0731],[-4.1965,56.0727],[-4.203,56.0752],[-4.2051,56.0831],[-4.2119,56.0901],[-4.2107,56.096],[-4.2145,56.0998],[-4.2275,56.0959],[-4.242,56.0957],[-4.2466,56.092],[-4.2538,56.0919],[-4.2648,56.0872],[-4.2731,56.0924],[-4.2817,56.0949],[-4.3004,56.091],[-4.3096,56.0845],[-4.3338,56.0845],[-4.3412,56.0884],[-4.3483,56.0856],[-4.3519,56.0797],[-4.3665,56.0754],[-4.3743,56.077],[-4.3919,56.0762],[-4.392,56.0782],[-4.4028,56.0834],[-4.4017,56.0915],[-4.4103,56.0997],[-4.4223,56.0999],[-4.4282,56.1043],[-4.4394,56.1036],[-4.4531,56.1092],[-4.4616,56.1108],[-4.4757,56.1177],[-4.4899,56.1192],[-4.5029,56.127],[-4.5191,56.1285],[-4.5314,56.1319],[-4.5446,56.1374],[-4.5624,56.1384],[-4.5756,56.1433],[-4.5786,56.1529],[-4.5918,56.1571],[-4.5954,56.1627],[-4.607,56.1676],[-4.6139,56.1679],[-4.6211,56.1736],[-4.6209,56.1826],[-4.6236,56.187],[-4.6401,56.1925],[-4.6402,56.2055],[-4.6374,56.2112],[-4.6424,56.2145],[-4.6539,56.2169],[-4.6618,56.2255],[-4.6542,56.2326],[-4.6348,56.2326],[-4.6257,56.2297],[-4.6148,56.229],[-4.5978,56.2334],[-4.5828,56.2333],[-4.578,56.2387],[-4.5678,56.2439],[-4.576,56.2464],[-4.5861,56.2521],[-4.5952,56.2552],[-4.6036,56.2607],[-4.6085,56.261],[-4.6113,56.2664],[-4.6188,56.2702],[-4.632,56.2745],[-4.6591,56.2806],[-4.6607,56.286],[-4.6678,56.2894],[-4.6791,56.2896],[-4.6807,56.2999],[-4.6712,56.3033],[-4.6771,56.3072],[-4.6767,56.3126],[-4.6706,56.3172],[-4.6632,56.316],[-4.6441,56.3209],[-4.6413,56.3264],[-4.6333,56.3275],[-4.6319,56.3306],[-4.6236,56.3344],[-4.6182,56.3314],[-4.5997,56.3331],[-4.5926,56.3353],[-4.594,56.344],[-4.5852,56.3469],[-4.5784,56.3529],[-4.5785,56.3556]]]},"properties":{"HA_NUM":85,"HA_NAME":"Leven (Dumbartonshire)"}},
{"type":"Feature","geometry":{"type":"MultiPolygon","coordinates":[[[[-4.6732,55.9613],[-4.667,55.9641],[-4.6691,55.9712],[-4.6704,55.9894],[-4.6615,56.0006],[-4.6596,56.0071],[-4.693,56.0156],[-4.7083,56.0166],[-4.721,56.0249],[-4.7361,56.0295],[-4.7491,56.0369],[-4.7539,56.0368],[-4.7609,56.0442],[-4.7712,56.0485],[-4.7781,56.0488],[-4.7842,56.0554],[-4.782,56.0595],[-4.7921,56.066],[-4.7975,56.074],[-4.7978,56.0778],[-4.8032,56.0855],[-4.8048,56.097],[-4.7971,56.1016],[-4.7861,56.1048],[-4.7862,56.1174],[-4.7787,56.1252],[-4.7769,56.1333],[-4.7696,56.1429],[-4.7743,56.1469],[-4.7897,56.1537],[-4.7806,56.1624],[-4.7801,56.1665],[-4.7718,56.1739],[-4.7577,56.1742],[-4.7473,56.1699],[-4.7272,56.1807],[-4.7249,56.1893],[-4.7315,56.1961],[-4.7352,56.2035],[-4.7339,56.2075],[-4.7246,56.2127],[-4.7225,56.2172],[-4.717,56.22],[-4.7172,56.234],[-4.7275,56.2373],[-4.7356,56.2376],[-4.7419,56.2406],[-4.7475,56.2396],[-4.7495,56.2342],[-4.7611,56.2321],[-4.7645,56.2298],[-4.7743,56.2305],[-4.7837,56.2266],[-4.7865,56.2216],[-4.7954,56.2219],[-4.8045,56.2244],[-4.8096,56.2283],[-4.81,56.2335],[-4.8142,56.2358],[-4.8184,56.2322],[-4.8533,56.23],[-4.859,56.2254],[-4.8764,56.2259],[-4.8768,56.2313],[-4.8948,56.2353],[-4.905,56.2306],[-4.9211,56.2302],[-4.9249,56.2274],[-4.9402,56.2266],[-4.9468,56.2242],[-4.9576,56.2231],[-4.9623,56.2202],[-4.9618,56.2095],[-4.9879,56.2079],[-4.9983,56.2059],[-5.0099,56.2007],[-5.0113,56.1979],[-5.0213,56.191],[-5.0286,56.1813],[-5.0419,56.1763],[-5.0509,56.1687],[-5.0636,56.1661],[-5.0697,56.1614],[-5.071,56.1574],[-5.0895,56.1475],[-5.0927,56.1366],[-5.0973,56.1347],[-5.1,56.1279],[-5.0936,56.1179],[-5.096,56.1127],[-5.1127,56.11],[-5.1316,56.1006],[-5.1405,56.1015],[-5.1473,56.106],[-5.1538,56.1067],[-5.1614,56.1011],[-5.1707,56.0969],[-5.1727,56.0919],[-5.1805,56.089],[-5.1857,56.0834],[-5.1844,56.0781],[-5.1887,56.0712],[-5.197,56.0656],[-5.2016,56.057],[-5.213,56.054],[-5.2183,56.0502],[-5.2298,56.0495],[-5.2363,56.0448],[-5.2383,56.0304],[-5.2475,56.0162],[-5.2528,56.0116],[-5.2474,56.0056],[-5.2539,55.9963],[-5.2535,55.9918],[-5.2442,55.9857],[-5.2427,55.9781],[-5.2318,55.9717],[-5.2313,55.9658],[-5.2271,55.9632],[-5.2279,55.9536],[-5.2361,55.9468],[-5.2331,55.9395],[-5.2387,55.9301],[-5.2516,55.9307],[-5.2562,55.9288],[-5.2682,55.9186],[-5.2678,55.9139],[-5.259,55.9139],[-5.2582,55.9049],[-5.2605,55.9039],[-5.2589,55.8943],[-5.2504,55.8876],[-5.2474,55.8814],[-5.2405,55.8746],[-5.2429,55.8559],[-5.2553,55.8513],[-5.2516,55.8489],[-5.2507,55.8421],[-5.2473,55.8398],[-5.2311,55.8392],[-5.2244,55.8349],[-5.2156,55.8264],[-5.2054,55.8262],[-5.2002,55.8346],[-5.2023,55.8402],[-5.208,55.8436],[-5.2088,55.8563],[-5.2133,55.8563],[-5.2254,55.8758],[-5.2336,55.8834],[-5.2419,55.8945],[-5.2397,55.9019],[-5.2145,55.9165],[-5.2078,55.9163],[-5.1997,55.9315],[-5.1942,55.9355],[-5.2025,55.9443],[-5.1986,55.9525],[-5.1999,55.9561],[-5.1972,55.9637],[-5.1988,55.9701],[-5.1939,55.9808],[-5.1839,55.9724],[-5.1895,55.9686],[-5.1855,55.9614],[-5.1857,55.955],[-5.1891,55.9468],[-5.185,55.9408],[-5.179,55.9382],[-5.1779,55.9325],[-5.1666,55.9321],[-5.1529,55.9233],[-5.1474,55.9221],[-5.1334,55.9153],[-5.1116,55.9014],[-5.1022,55.899],[-5.0788,55.8973],[-5.074,55.9008],[-5.0737,55.9065],[-5.0834,55.94],[-5.0858,55.9409],[-5.0928,55.9533],[-5.1033,55.9584],[-5.1183,55.9725],[-5.1189,55.9809],[-5.1294,55.9968],[-5.1281,56.005],[-5.1216,56.0096],[-5.1191,55.9999],[-5.1061,55.9753],[-5.106,55.9725],[-5.0959,55.9642],[-5.0859,55.9626],[-5.0687,55.9519],[-5.0601,55.9321],[-5.0554,55.9276],[-5.0572,55.9205],[-5.0498,55.907],[-5.0478,55.8909],[-5.0404,55.8809],[-5.0441,55.8726],[-5.0343,55.8691],[-5.0224,55.8682],[-5.0203,55.8655],[-4.9879,55.8641],[-4.9801,55.8652],[-4.9768,55.8736],[-4.9713,55.8821],[-4.9625,55.8875],[-4.9508,55.8983],[-4.9451,55.9196],[-4.9366,55.9297],[-4.9334,55.9428],[-4.9225,55.9456],[-4.9242,55.9507],[-4.9103,55.96],[-4.9077,55.9683],[-4.9161,55.9765],[-4.9313,55.982],[-4.9355,55.9806],[-4.9499,55.9828],[-4.9633,55.9919],[-4.9497,55.9975],[-4.9396,55.9951],[-4.9314,55.991],[-4.9035,55.9835],[-4.8974,55.9836],[-4.8947,55.9967],[-4.9031,56.0163],[-4.8999,56.0205],[-4.9061,56.0358],[-4.9082,56.045],[-4.914,56.0505],[-4.9106,56.0537],[-4.8987,56.0585],[-4.8931,56.0642],[-4.8861,56.0746],[-4.883,56.0754],[-4.8789,56.0835],[-4.8744,56.0859],[-4.8759,56.094],[-4.8845,56.096],[-4.9007,56.1042],[-4.9091,56.1124],[-4.9112,56.118],[-4.9075,56.1303],[-4.9022,56.1334],[-4.9005,56.1471],[-4.9132,56.1576],[-4.9173,56.1642],[-4.9076,56.1717],[-4.9011,56.17],[-4.9013,56.1651],[-4.896,56.1581],[-4.8874,56.1512],[-4.8828,56.1417],[-4.8841,56.1334],[-4.8912,56.1258],[-4.8908,56.1181],[-4.8869,56.1093],[-4.8825,56.1041],[-4.872,56.1044],[-4.862,56.1002],[-4.858,56.1037],[-4.8541,56.1119],[-4.8388,56.1237],[-4.8323,56.1235],[-4.8291,56.1276],[-4.8263,56.1418],[-4.8214,56.1447],[-4.8177,56.1519],[-4.8006,56.167],[-4.7971,56.1729],[-4.7914,56.1771],[-4.7866,56.1856],[-4.7676,56.196],[-4.7569,56.1994],[-4.749,56.2068],[-4.7443,56.2041],[-4.7498,56.1951],[-4.7705,56.1849],[-4.7807,56.1771],[-4.7887,56.1647],[-4.8038,56.1513],[-4.8124,56.1422],[-4.8175,56.1335],[-4.8194,56.1257],[-4.8287,56.1181],[-4.8399,56.1123],[-4.8457,56.1002],[-4.8506,56.0978],[-4.8547,56.0897],[-4.8593,56.0857],[-4.8687,56.0707],[-4.8806,56.0577],[-4.8812,56.0493],[-4.8772,56.0445],[-4.8707,56.0427],[-4.8669,56.0356],[-4.8666,56.0228],[-4.8682,56.0164],[-4.8662,56.0123],[-4.8536,56.0027],[-4.8548,55.9936],[-4.8493,55.9876],[-4.8363,55.9835],[-4.8272,55.9834],[-4.8179,55.9854],[-4.8075,55.9829],[-4.7926,55.9851],[-4.7808,55.9886],[-4.7676,55.9882],[-4.7723,55.9947],[-4.7683,55.9982],[-4.7753,56.003],[-4.7855,56.0001],[-4.7966,56.0086],[-4.7966,56.0129],[-4.8052,56.0127],[-4.8112,56.0177],[-4.8253,56.0334],[-4.8393,56.0532],[-4.8418,56.0595],[-4.8374,56.0729],[-4.8384,56.0783],[-4.8288,56.0783],[-4.8271,56.069],[-4.8176,56.0655],[-4.8207,56.0554],[-4.8189,56.0526],[-4.8069,56.0442],[-4.8028,56.0369],[-4.7933,56.0275],[-4.7878,56.0252],[-4.7846,56.0192],[-4.7737,56.0123],[-4.7632,56.012],[-4.7618,56.008],[-4.721,55.9996],[-4.7082,55.9926],[-4.703,55.9928],[-4.6944,55.9843],[-4.6957,55.9801],[-4.6855,55.9759],[-4.6908,55.9733],[-4.7003,55.9751],[-4.7046,55.9699],[-4.7015,55.9674],[-4.6822,55.9702],[-4.6732,55.9613]]],[[[-5.1808,55.9243],[-5.1864,55.9265],[-5.1898,55.9206],[-5.2014,55.9136],[-5.2103,55.9098],[-5.2123,55.9062],[-5.2216,55.9011],[-5.2154,55.8996],[-5.2122,55.8919],[-5.212,55.8839],[-5.2048,55.8819],[-5.192,55.8671],[-5.1771,55.8601],[-5.1711,55.8525],[-5.1542,55.8471],[-5.1466,55.8513],[-5.1376,55.8496],[-5.1275,55.8424],[-5.1301,55.8389],[-5.1386,55.8357],[-5.1432,55.8132],[-5.1323,55.8094],[-5.1268,55.8093],[-5.1229,55.8007],[-5.124,55.7952],[-5.1287,55.7908],[-5.1255,55.7823],[-5.1215,55.7803],[-5.1202,55.7722],[-5.1166,55.7716],[-5.1033,55.7794],[-5.0945,55.7753],[-5.0893,55.7698],[-5.0782,55.7681],[-5.0749,55.7636],[-5.0669,55.7623],[-5.061,55.7582],[-5.06,55.7504],[-5.0623,55.7478],[-5.0554,55.7434],[-5.0574,55.7409],[-5.0493,55.7363],[-5.0486,55.732],[-5.0299,55.7218],[-5.0177,55.7277],[-5.0108,55.7275],[-5.0044,55.7319],[-5.0073,55.7406],[-5.0124,55.7455],[-5.0322,55.7541],[-5.0316,55.7573],[-5.0231,55.7625],[-5.0094,55.7633],[-5.003,55.7667],[-5.0021,55.7747],[-5.0133,55.7881],[-5.0138,55.7986],[-5.0222,55.8092],[-5.0238,55.8171],[-5.0214,55.8263],[-5.0247,55.8274],[-5.0237,55.8411],[-5.0276,55.845],[-5.0366,55.8447],[-5.0516,55.8381],[-5.0597,55.8398],[-5.0627,55.8475],[-5.0619,55.8588],[-5.0727,55.8613],[-5.0823,55.8603],[-5.0904,55.8616],[-5.0867,55.8671],[-5.0745,55.8746],[-5.0789,55.8817],[-5.0867,55.8818],[-5.0971,55.8881],[-5.1149,55.8933],[-5.1407,55.9072],[-5.1476,55.9131],[-5.1556,55.9168],[-5.1584,55.9208],[-5.1733,55.922],[-5.1808,55.9243]]],[[[-4.6721,55.9335],[-4.6905,55.9373],[-4.7334,55.9447],[-4.7447,55.9444],[-4.749,55.9462],[-4.7635,55.957],[-4.7826,55.9622],[-4.7988,55.9624],[-4.8028,55.9569],[-4.8113,55.9575],[-4.8168,55.9628],[-4.8214,55.962],[-4.8314,55.9555],[-4.8509,55.9511],[-4.8787,55.9428],[-4.8811,55.9351],[-4.8762,55.9299],[-4.8755,55.9195],[-4.8824,55.9138],[-4.8734,55.9085],[-4.8791,55.907],[-4.8831,55.9023],[-4.8966,55.8954],[-4.899,55.8904],[-4.8953,55.8846],[-4.8909,55.883],[-4.8894,55.8745],[-4.8914,55.8714],[-4.8905,55.8574],[-4.8878,55.8467],[-4.8915,55.841],[-4.8914,55.834],[-4.8877,55.8177],[-4.8787,55.806],[-4.8733,55.8073],[-4.8722,55.8129],[-4.8676,55.8162],[-4.8706,55.8242],[-4.8648,55.8329],[-4.8566,55.8353],[-4.8557,55.8389],[-4.849,55.8454],[-4.8369,55.8542],[-4.8294,55.8557],[-4.8262,55.8616],[-4.8127,55.8633],[-4.8006,55.8726],[-4.7916,55.8698],[-4.7912,55.8638],[-4.7868,55.8576],[-4.7801,55.8537],[-4.7797,55.8479],[-4.7639,55.8559],[-4.7621,55.8586],[-4.7525,55.8584],[-4.7488,55.8627],[-4.7556,55.8686],[-4.7738,55.8777],[-4.7741,55.8813],[-4.7872,55.8857],[-4.7887,55.8958],[-4.7774,55.9061],[-4.778,55.9133],[-4.7741,55.9159],[-4.759,55.9167],[-4.7642,55.9219],[-4.7571,55.9234],[-4.7513,55.9209],[-4.7369,55.9216],[-4.7196,55.9148],[-4.7016,55.9204],[-4.6882,55.9173],[-4.6775,55.9193],[-4.6709,55.9274],[-4.6721,55.9335]]],[[[-4.9008,55.7926],[-4.9087,55.7907],[-4.9161,55.7915],[-4.9295,55.7842],[-4.9314,55.7772],[-4.9372,55.7692],[-4.9436,55.7653],[-4.9511,55.7509],[-4.9477,55.7431],[-4.9417,55.7431],[-4.9359,55.7487],[-4.9276,55.7527],[-4.9143,55.7539],[-4.9159,55.7472],[-4.9111,55.7458],[-4.9016,55.7531],[-4.8938,55.7651],[-4.8996,55.77],[-4.8981,55.7906],[-4.9008,55.7926]]],[[[-4.9378,55.7333],[-4.9394,55.7353],[-4.96,55.7271],[-4.9677,55.7212],[-4.9618,55.7142],[-4.9557,55.7107],[-4.9456,55.7148],[-4.9429,55.7268],[-4.9378,55.7333]]],[[[-5.1598,55.8044],[-5.1652,55.8042],[-5.1681,55.7922],[-5.1647,55.783],[-5.1583,55.7765],[-5.1545,55.7768],[-5.1475,55.7843],[-5.1514,55.7891],[-5.1598,55.8044]]]]},"properties":{"HA_NUM":86,"HA_NAME":"Firth of Clyde Group"}},
{"type":"Feature","geometry":{"type":"Polygon","coordinates":[[[-4.8557,56.3711],[-4.8815,56.3691],[-4.9011,56.3768],[-4.9068,56.3771],[-4.9183,56.3737],[-4.9188,56.3696],[-4.9264,56.3636],[-4.9426,56.3632],[-4.9447,56.3586],[-4.9541,56.3553],[-4.9658,56.3487],[-4.9854,56.3417],[-4.9839,56.333],[-4.9869,56.3289],[-5.0057,56.3217],[-5.0161,56.3196],[-5.0282,56.3193],[-5.0361,56.3227],[-5.0461,56.3216],[-5.0666,56.3341],[-5.0752,56.3312],[-5.0843,56.3339],[-5.0941,56.3348],[-5.1036,56.3314],[-5.1093,56.3218],[-5.1209,56.3157],[-5.1213,56.3107],[-5.1314,56.3055],[-5.1257,56.3007],[-5.1195,56.2991],[-5.1264,56.2944],[-5.1321,56.2943],[-5.1403,56.286],[-5.1385,56.2743],[-5.1455,56.2706],[-5.1597,56.2664],[-5.1584,56.2608],[-5.1677,56.2565],[-5.1838,56.2556],[-5.1849,56.2489],[-5.1911,56.2465],[-5.2001,56.2372],[-5.1995,56.2301],[-5.2073,56.2269],[-5.2109,56.2221],[-5.2214,56.2178],[-5.2245,56.211],[-5.2223,56.1946],[-5.2195,56.1904],[-5.2293,56.1866],[-5.2392,56.185],[-5.2527,56.1725],[-5.2481,56.1708],[-5.2358,56.1729],[-5.2348,56.1703],[-5.2449,56.166],[-5.2569,56.1557],[-5.2677,56.1501],[-5.2685,56.1402],[-5.2662,56.1326],[-5.274,56.1292],[-5.279,56.1228],[-5.2898,56.1173],[-5.2822,56.1124],[-5.274,56.1103],[-5.2904,56.1045],[-5.29,56.1005],[-5.2962,56.0981],[-5.3037,56.1008],[-5.3024,56.1046],[-5.3211,56.1019],[-5.3321,56.1029],[-5.3436,56.0972],[-5.3547,56.0956],[-5.3592,56.0919],[-5.366,56.0912],[-5.3887,56.0843],[-5.3981,56.0863],[-5.4125,56.085],[-5.4167,56.0782],[-5.425,56.0721],[-5.435,56.0669],[-5.4643,56.0669],[-5.479,56.0643],[-5.4891,56.0613],[-5.4917,56.0545],[-5.4972,56.053],[-5.5074,56.0455],[-5.5039,56.0384],[-5.4951,56.0382],[-5.4876,56.0353],[-5.4855,56.0299],[-5.4945,56.0229],[-5.5067,56.0154],[-5.5101,56.0086],[-5.5139,56.0069],[-5.5029,56.0007],[-5.5018,55.9971],[-5.5204,55.9903],[-5.5191,55.9845],[-5.5132,55.9808],[-5.5191,55.9755],[-5.5144,55.9675],[-5.5078,55.9659],[-5.5011,55.958],[-5.5022,55.9485],[-5.5053,55.9471],[-5.5023,55.9409],[-5.4947,55.9407],[-5.4867,55.9359],[-5.4905,55.9336],[-5.49,55.9282],[-5.4821,55.9203],[-5.4926,55.9124],[-5.4933,55.9079],[-5.4773,55.9025],[-5.4832,55.8969],[-5.4752,55.8931],[-5.4676,55.8933],[-5.4593,55.8895],[-5.4561,55.8808],[-5.462,55.875],[-5.4531,55.8733],[-5.4445,55.8755],[-5.4388,55.8793],[-5.4321,55.8804],[-5.4227,55.8784],[-5.4205,55.8672],[-5.4243,55.8646],[-5.4215,55.8598],[-5.4273,55.8531],[-5.4238,55.8496],[-5.403,55.8497],[-5.4043,55.8375],[-5.3932,55.8379],[-5.3905,55.8258],[-5.3825,55.8157],[-5.3775,55.8181],[-5.3652,55.8193],[-5.3514,55.8165],[-5.3502,55.8116],[-5.3419,55.8082],[-5.3391,55.8029],[-5.3409,55.7876],[-5.33,55.7805],[-5.3292,55.7717],[-5.3345,55.7655],[-5.3277,55.7645],[-5.3223,55.7679],[-5.3161,55.7754],[-5.3156,55.7873],[-5.319,55.7907],[-5.3186,55.797],[-5.3246,55.8077],[-5.3325,55.8136],[-5.3323,55.8186],[-5.3393,55.8269],[-5.356,55.8346],[-5.3566,55.8378],[-5.3699,55.8495],[-5.3774,55.8526],[-5.3846,55.8621],[-5.3973,55.8656],[-5.4142,55.8652],[-5.4079,55.869],[-5.3954,55.8705],[-5.4035,55.8766],[-5.4125,55.8902],[-5.4192,55.8963],[-5.4178,55.9056],[-5.4203,55.908],[-5.4243,55.9247],[-5.4242,55.9309],[-5.4275,55.9356],[-5.4291,55.9479],[-5.4341,55.9547],[-5.4423,55.9571],[-5.4508,55.9719],[-5.4454,55.9809],[-5.4451,55.9901],[-5.4497,56.0051],[-5.445,56.0138],[-5.4479,56.0176],[-5.441,56.0344],[-5.4308,56.035],[-5.4314,56.028],[-5.4281,56.0229],[-5.4274,56.0133],[-5.422,56.0095],[-5.4071,56.0059],[-5.3969,56.0064],[-5.3902,56.0049],[-5.3804,56.0057],[-5.3733,56.0127],[-5.367,56.0156],[-5.3642,56.0227],[-5.3466,56.0218],[-5.3444,56.0268],[-5.3378,56.0328],[-5.3376,56.043],[-5.3407,56.0513],[-5.3269,56.0583],[-5.3367,56.0634],[-5.3334,56.0688],[-5.3268,56.0694],[-5.3212,56.0591],[-5.3063,56.0611],[-5.2975,56.0655],[-5.2923,56.0802],[-5.2835,56.0894],[-5.269,56.095],[-5.257,56.0978],[-5.2601,56.1013],[-5.2548,56.1141],[-5.2368,56.1282],[-5.2229,56.1342],[-5.2159,56.1388],[-5.1931,56.1495],[-5.1777,56.151],[-5.162,56.1563],[-5.1405,56.1587],[-5.1329,56.1619],[-5.1169,56.1713],[-5.1155,56.1757],[-5.108,56.1812],[-5.1059,56.187],[-5.1084,56.1959],[-5.105,56.2019],[-5.0953,56.2095],[-5.0902,56.2178],[-5.0777,56.2231],[-5.0716,56.2298],[-5.0724,56.2343],[-5.0535,56.2466],[-5.0469,56.2459],[-5.0475,56.236],[-5.0447,56.2337],[-5.0354,56.2353],[-5.0223,56.2399],[-5.009,56.2426],[-4.9974,56.2425],[-4.9639,56.2558],[-4.951,56.2583],[-4.9269,56.2714],[-4.9193,56.2696],[-4.9375,56.2567],[-4.9446,56.256],[-4.949,56.2508],[-4.9638,56.2466],[-4.974,56.2394],[-4.9857,56.2343],[-4.9958,56.2318],[-5.0062,56.231],[-5.0325,56.2231],[-5.0617,56.2067],[-5.0605,56.2047],[-5.0705,56.1973],[-5.0842,56.1756],[-5.0804,56.1682],[-5.0979,56.1582],[-5.1213,56.1496],[-5.1368,56.1422],[-5.1529,56.1377],[-5.1702,56.1378],[-5.1857,56.1348],[-5.2032,56.1284],[-5.2099,56.1172],[-5.2079,56.1133],[-5.2107,56.105],[-5.2159,56.102],[-5.2186,56.0969],[-5.2322,56.0908],[-5.2483,56.0801],[-5.2646,56.0712],[-5.2695,56.0625],[-5.2844,56.0549],[-5.2908,56.0483],[-5.2935,56.0377],[-5.3022,56.028],[-5.3021,56.0232],[-5.3141,56.0128],[-5.3258,56.0082],[-5.333,56.0037],[-5.3348,55.9978],[-5.3419,55.9954],[-5.3423,55.9901],[-5.3387,55.9834],[-5.3473,55.974],[-5.3423,55.9633],[-5.3343,55.9623],[-5.3282,55.9551],[-5.3325,55.952],[-5.3434,55.9376],[-5.3411,55.9321],[-5.3462,55.9299],[-5.3479,55.9239],[-5.3401,55.9199],[-5.3488,55.9127],[-5.3506,55.9074],[-5.3444,55.9044],[-5.3517,55.8991],[-5.3459,55.8969],[-5.3416,55.8897],[-5.3268,55.8845],[-5.3194,55.8747],[-5.3091,55.8694],[-5.3152,55.8621],[-5.3162,55.8568],[-5.3116,55.852],[-5.3017,55.8517],[-5.2952,55.8572],[-5.2879,55.8569],[-5.2897,55.8506],[-5.272,55.8473],[-5.2659,55.8525],[-5.2553,55.8513],[-5.2429,55.8559],[-5.2405,55.8746],[-5.2474,55.8814],[-5.2504,55.8876],[-5.2589,55.8943],[-5.2605,55.9039],[-5.2582,55.9049],[-5.259,55.9139],[-5.2678,55.9139],[-5.2682,55.9186],[-5.2562,55.9288],[-5.2516,55.9307],[-5.2387,55.9301],[-5.2331,55.9395],[-5.2361,55.9468],[-5.2279,55.9536],[-5.2271,55.9632],[-5.2313,55.9658],[-5.2318,55.9717],[-5.2427,55.9781],[-5.2442,55.9857],[-5.2535,55.9918],[-5.2539,55.9963],[-5.2474,56.0056],[-5.2528,56.0116],[-5.2475,56.0162],[-5.2383,56.0304],[-5.2363,56.0448],[-5.2298,56.0495],[-5.2183,56.0502],[-5.213,56.054],[-5.2016,56.057],[-5.197,56.0656],[-5.1887,56.0712],[-5.1844,56.0781],[-5.1857,56.0834],[-5.1805,56.089],[-5.1727,56.0919],[-5.1707,56.0969],[-5.1614,56.1011],[-5.1538,56.1067],[-5.1473,56.106],[-5.1405,56.1015],[-5.1316,56.1006],[-5.1127,56.11],[-5.096,56.1127],[-5.0936,56.1179],[-5.1,56.1279],[-5.0973,56.1347],[-5.0927,56.1366],[-5.0895,56.1475],[-5.071,56.1574],[-5.0697,56.1614],[-5.0636,56.1661],[-5.0509,56.1687],[-5.0419,56.1763],[-5.0286,56.1813],[-5.0213,56.191],[-5.0113,56.1979],[-5.0099,56.2007],[-4.9983,56.2059],[-4.9879,56.2079],[-4.9618,56.2095],[-4.9623,56.2202],[-4.9576,56.2231],[-4.9468,56.2242],[-4.9402,56.2266],[-4.9249,56.2274],[-4.9211,56.2302],[-4.905,56.2306],[-4.8948,56.2353],[-4.8768,56.2313],[-4.8764,56.2259],[-4.859,56.2254],[-4.8533,56.23],[-4.8184,56.2322],[-4.8142,56.2358],[-4.8172,56.2445],[-4.7871,56.2513],[-4.7881,56.2652],[-4.8012,56.2784],[-4.8231,56.2747],[-4.8273,56.2821],[-4.834,56.2853],[-4.837,56.2933],[-4.823,56.3004],[-4.8088,56.3056],[-4.7998,56.304],[-4.7944,56.3082],[-4.7865,56.3102],[-4.7819,56.3139],[-4.7869,56.3266],[-4.7867,56.3349],[-4.7814,56.34],[-4.7941,56.3475],[-4.7995,56.3557],[-4.8134,56.3568],[-4.8307,56.3671],[-4.8398,56.3696],[-4.8494,56.3681],[-4.8557,56.3711]]]},"properties":{"HA_NUM":87,"HA_NAME":"Fyne Group"}},
{"type":"Feature","geometry":{"type":"Polygon","coordinates":[[[-3.0568,58.5958],[-3.0614,58.6061],[-3.0762,58.6123],[-3.0818,58.6122],[-3.1083,58.6185],[-3.1121,58.6165],[-3.1263,58.6177],[-3.1374,58.614],[-3.1602,58.6134],[-3.1641,58.6147],[-3.1804,58.6123],[-3.1828,58.6091],[-3.193,58.6041],[-3.1929,58.6009],[-3.2094,58.594],[-3.2229,58.598],[-3.2304,58.5907],[-3.2414,58.5854],[-3.2457,58.5852],[-3.2519,58.5907],[-3.2862,58.5776],[-3.2935,58.5771],[-3.2986,58.5734],[-3.3183,58.5732],[-3.3294,58.5704],[-3.3371,58.5595],[-3.3531,58.5486],[-3.3341,58.5349],[-3.3469,58.5329],[-3.3659,58.5354],[-3.375,58.5398],[-3.385,58.5424],[-3.4056,58.5408],[-3.4143,58.5441],[-3.4246,58.5436],[-3.4493,58.5377],[-3.4498,58.5305],[-3.4461,58.5236],[-3.4337,58.5131],[-3.4259,58.5119],[-3.4249,58.5081],[-3.4177,58.5007],[-3.4205,58.4843],[-3.4297,58.4795],[-3.427,58.4766],[-3.4293,58.4696],[-3.4249,58.4672],[-3.4233,58.4576],[-3.425,58.4483],[-3.4143,58.4386],[-3.414,58.4298],[-3.4006,58.4158],[-3.3986,58.4082],[-3.3915,58.4022],[-3.3793,58.397],[-3.3764,58.3869],[-3.3738,58.3862],[-3.3725,58.3757],[-3.3661,58.3637],[-3.3734,58.3539],[-3.3731,58.3463],[-3.3752,58.3353],[-3.3894,58.338],[-3.4017,58.3356],[-3.41,58.3295],[-3.422,58.3318],[-3.4256,58.3367],[-3.4441,58.3379],[-3.4504,58.336],[-3.457,58.3409],[-3.4761,58.338],[-3.4823,58.3343],[-3.4918,58.3351],[-3.5015,58.3327],[-3.5003,58.326],[-3.5142,58.3106],[-3.5193,58.3098],[-3.534,58.3144],[-3.5355,58.3105],[-3.5455,58.3048],[-3.5559,58.3069],[-3.5553,58.3137],[-3.5606,58.3181],[-3.5742,58.3175],[-3.5925,58.3238],[-3.5974,58.3199],[-3.6088,58.3179],[-3.6145,58.3206],[-3.6304,58.3226],[-3.6375,58.3198],[-3.6547,58.3218],[-3.6536,58.316],[-3.6737,58.309],[-3.6732,58.2982],[-3.6704,58.2933],[-3.6788,58.2901],[-3.681,58.2833],[-3.6925,58.2818],[-3.7002,58.2826],[-3.7036,58.2738],[-3.707,58.2726],[-3.7381,58.2727],[-3.7517,58.272],[-3.7607,58.2737],[-3.7677,58.2777],[-3.7705,58.2826],[-3.7784,58.2865],[-3.7874,58.2868],[-3.7978,58.2907],[-3.8122,58.2883],[-3.8331,58.2889],[-3.8373,58.2875],[-3.8372,58.2852],[-3.8496,58.2787],[-3.8434,58.273],[-3.8288,58.271],[-3.8247,58.2584],[-3.8213,58.2585],[-3.8207,58.247],[-3.8172,58.2442],[-3.8087,58.2443],[-3.7966,58.2418],[-3.7851,58.2327],[-3.7764,58.2299],[-3.7758,58.2174],[-3.7674,58.2036],[-3.7773,58.1958],[-3.7679,58.1959],[-3.7533,58.193],[-3.732,58.2004],[-3.7268,58.1996],[-3.7177,58.1943],[-3.7147,58.1856],[-3.7054,58.1878],[-3.695,58.1834],[-3.6882,58.1826],[-3.6811,58.1769],[-3.6825,58.1712],[-3.6735,58.1698],[-3.6599,58.17],[-3.6499,58.1643],[-3.6321,58.1645],[-3.619,58.1575],[-3.6169,58.149],[-3.6052,58.1428],[-3.596,58.1363],[-3.5833,58.1399],[-3.5627,58.1497],[-3.5502,58.1579],[-3.5273,58.1661],[-3.5184,58.1673],[-3.5084,58.1719],[-3.5035,58.1774],[-3.4955,58.1815],[-3.4944,58.1853],[-3.4851,58.1927],[-3.4761,58.1956],[-3.4752,58.2006],[-3.4628,58.2145],[-3.4394,58.2286],[-3.4262,58.2453],[-3.4189,58.2444],[-3.4094,58.2516],[-3.4001,58.256],[-3.3946,58.2627],[-3.3667,58.2753],[-3.3542,58.278],[-3.33,58.2815],[-3.3286,58.2859],[-3.308,58.2875],[-3.293,58.291],[-3.2873,58.2946],[-3.2723,58.2991],[-3.2592,58.3003],[-3.2513,58.2982],[-3.2398,58.3019],[-3.2211,58.3053],[-3.2097,58.3103],[-3.1992,58.3168],[-3.1845,58.3312],[-3.1645,58.3408],[-3.1644,58.344],[-3.1503,58.3499],[-3.1423,58.3564],[-3.1265,58.3593],[-3.1148,58.3693],[-3.1086,58.3707],[-3.1057,58.3829],[-3.0985,58.3888],[-3.1024,58.3938],[-3.0879,58.4047],[-3.0898,58.4101],[-3.0833,58.4162],[-3.0867,58.4184],[-3.0689,58.4301],[-3.0703,58.4336],[-3.0861,58.4398],[-3.0875,58.4425],[-3.0601,58.442],[-3.05,58.4516],[-3.0555,58.4591],[-3.0488,58.4722],[-3.0503,58.4792],[-3.0632,58.4792],[-3.0757,58.4758],[-3.0882,58.4742],[-3.1063,58.4742],[-3.1202,58.479],[-3.1263,58.4848],[-3.134,58.5025],[-3.1309,58.5199],[-3.126,58.5272],[-3.1198,58.5314],[-3.1107,58.5334],[-3.1082,58.5369],[-3.0907,58.5454],[-3.0832,58.5507],[-3.0836,58.5541],[-3.0688,58.5637],[-3.0682,58.5709],[-3.0644,58.5782],[-3.0603,58.5808],[-3.0682,58.5848],[-3.072,58.5899],[-3.0701,58.5933],[-3.0568,58.5958]]]},"properties":{"HA_NUM":1,"HA_NAME":"Wick Group"}},
{"type":"Feature","geometry":{"type":"Polygon","coordinates":[[[-3.8351,58.2947],[-3.8446,58.2972],[-3.85,58.3016],[-3.8435,58.3076],[-3.842,58.3121],[-3.8528,58.3223],[-3.8641,58.327],[-3.8734,58.3332],[-3.8863,58.3344],[-3.8911,58.3372],[-3.9029,58.3346],[-3.904,58.3388],[-3.911,58.3412],[-3.9112,58.3448],[-3.9232,58.345],[-3.9331,58.3541],[-3.9442,58.3542],[-3.9533,58.3563],[-3.9574,58.3618],[-3.9644,58.3644],[-3.9735,58.3595],[-3.9733,58.3562],[-3.984,58.349],[-3.9811,58.3419],[-3.9904,58.3413],[-4.0035,58.3452],[-4.022,58.3476],[-4.0268,58.3502],[-4.0262,58.3549],[-4.0343,58.3613],[-4.0497,58.361],[-4.0594,58.3672],[-4.0739,58.3665],[-4.0866,58.364],[-4.0932,58.3592],[-4.0977,58.3641],[-4.1077,58.3659],[-4.1072,58.3727],[-4.1162,58.3734],[-4.1242,58.3787],[-4.1243,58.3935],[-4.1308,58.3957],[-4.1424,58.3959],[-4.1512,58.3863],[-4.1613,58.383],[-4.1741,58.3828],[-4.1738,58.3639],[-4.1826,58.3548],[-4.1942,58.3492],[-4.1974,58.3456],[-4.207,58.3476],[-4.2124,58.3383],[-4.2181,58.3349],[-4.2161,58.33],[-4.2078,58.3265],[-4.1988,58.3258],[-4.1926,58.3218],[-4.1849,58.322],[-4.1747,58.3163],[-4.1763,58.3082],[-4.1709,58.3024],[-4.172,58.293],[-4.1829,58.2901],[-4.1912,58.2859],[-4.199,58.2889],[-4.213,58.2873],[-4.2247,58.2903],[-4.231,58.2823],[-4.2211,58.2737],[-4.2173,58.2671],[-4.2223,58.2652],[-4.2276,58.2538],[-4.2325,58.252],[-4.2364,58.2449],[-4.234,58.2351],[-4.2427,58.2302],[-4.2575,58.2291],[-4.2641,58.2256],[-4.2677,58.215],[-4.2792,58.2089],[-4.2805,58.2026],[-4.2906,58.2011],[-4.297,58.194],[-4.3123,58.1939],[-4.3104,58.1778],[-4.3136,58.175],[-4.3259,58.1748],[-4.3333,58.1769],[-4.3506,58.1753],[-4.3662,58.1795],[-4.3874,58.1791],[-4.3928,58.1772],[-4.3967,58.1713],[-4.3873,58.1643],[-4.3642,58.1562],[-4.3673,58.1507],[-4.3667,58.1422],[-4.3536,58.137],[-4.3631,58.1333],[-4.3754,58.1321],[-4.3774,58.1249],[-4.3616,58.116],[-4.3611,58.1097],[-4.3541,58.1056],[-4.341,58.1063],[-4.3361,58.1039],[-4.3341,58.0981],[-4.3147,58.0937],[-4.3059,58.0889],[-4.2928,58.0896],[-4.2908,58.0843],[-4.284,58.0844],[-4.281,58.0773],[-4.2894,58.0758],[-4.3239,58.072],[-4.3218,58.0653],[-4.313,58.061],[-4.2959,58.0581],[-4.2962,58.0502],[-4.3036,58.0467],[-4.3115,58.0385],[-4.3103,58.0318],[-4.3169,58.0299],[-4.3301,58.031],[-4.3397,58.0281],[-4.3573,58.0255],[-4.357,58.0213],[-4.3492,58.019],[-4.3429,58.0128],[-4.3409,58.0077],[-4.3323,58.0062],[-4.3269,58.0014],[-4.3351,57.9965],[-4.3352,57.9862],[-4.3328,57.9755],[-4.3369,57.9729],[-4.3288,57.9659],[-4.3219,57.9638],[-4.3198,57.9562],[-4.3127,57.9509],[-4.3041,57.9488],[-4.3036,57.9421],[-4.2959,57.94],[-4.2884,57.9419],[-4.2697,57.9391],[-4.2656,57.9414],[-4.2529,57.9416],[-4.2434,57.9382],[-4.2317,57.9393],[-4.2245,57.9466],[-4.2042,57.9452],[-4.1873,57.9459],[-4.163,57.9356],[-4.1489,57.9389],[-4.1339,57.9365],[-4.1136,57.9359],[-4.1101,57.9333],[-4.0954,57.9344],[-4.08,57.9311],[-4.0747,57.928],[-4.0648,57.9314],[-4.06,57.9364],[-4.071,57.9383],[-4.0813,57.9472],[-4.082,57.9509],[-4.0711,57.9556],[-4.0541,57.9509],[-4.0483,57.9453],[-4.0301,57.9471],[-4.018,57.9503],[-4.0107,57.949],[-4.0205,57.9423],[-4.0214,57.9383],[-4.0279,57.9336],[-4.0015,57.9366],[-3.9992,57.945],[-3.994,57.9501],[-3.9917,57.9574],[-3.9838,57.9694],[-3.9742,57.9735],[-3.9659,57.9733],[-3.9536,57.9763],[-3.9345,57.9832],[-3.9175,57.984],[-3.9051,57.9876],[-3.8922,57.9881],[-3.8846,57.995],[-3.8706,58.0023],[-3.8482,58.0066],[-3.8412,58.0137],[-3.8398,58.0251],[-3.834,58.0381],[-3.8172,58.0451],[-3.8027,58.0579],[-3.784,58.0637],[-3.7747,58.0654],[-3.7641,58.0632],[-3.7592,58.0674],[-3.7457,58.0682],[-3.7343,58.078],[-3.7203,58.0815],[-3.7049,58.0868],[-3.679,58.1001],[-3.6722,58.1019],[-3.6575,58.1135],[-3.6439,58.1145],[-3.63,58.1192],[-3.6287,58.1228],[-3.6199,58.1255],[-3.6131,58.132],[-3.596,58.1363],[-3.6052,58.1428],[-3.6169,58.149],[-3.619,58.1575],[-3.6321,58.1645],[-3.6499,58.1643],[-3.6599,58.17],[-3.6735,58.1698],[-3.6825,58.1712],[-3.6811,58.1769],[-3.6882,58.1826],[-3.695,58.1834],[-3.7054,58.1878],[-3.7147,58.1856],[-3.7177,58.1943],[-3.7268,58.1996],[-3.732,58.2004],[-3.7533,58.193],[-3.7679,58.1959],[-3.7773,58.1958],[-3.7674,58.2036],[-3.7758,58.2174],[-3.7764,58.2299],[-3.7851,58.2327],[-3.7966,58.2418],[-3.8087,58.2443],[-3.8172,58.2442],[-3.8207,58.247],[-3.8213,58.2585],[-3.8247,58.2584],[-3.8288,58.271],[-3.8434,58.273],[-3.8496,58.2787],[-3.8372,58.2852],[-3.8373,58.2875],[-3.8351,58.2947]]]},"properties":{"HA_NUM":2,"HA_NAME":"Helmsdale Group"}},
{"type":"Feature","geometry":{"type":"Polygon","coordinates":[[[-4.3928,58.1772],[-4.3956,58.1812],[-4.4118,58.1813],[-4.4196,58.1834],[-4.4183,58.1893],[-4.4305,58.1931],[-4.4345,58.2027],[-4.4267,58.2066],[-4.4293,58.2136],[-4.4407,58.2118],[-4.4556,58.2124],[-4.4689,58.2079],[-4.4816,58.2006],[-4.5035,58.1975],[-4.5286,58.197],[-4.5452,58.203],[-4.5601,58.2036],[-4.5641,58.2051],[-4.5597,58.2157],[-4.5548,58.2181],[-4.5539,58.2298],[-4.5622,58.2269],[-4.5718,58.218],[-4.574,58.2127],[-4.5864,58.2075],[-4.606,58.2076],[-4.6114,58.212],[-4.6117,58.216],[-4.6069,58.2199],[-4.6174,58.2247],[-4.6187,58.2307],[-4.6121,58.2338],[-4.6084,58.2403],[-4.6084,58.2471],[-4.6202,58.2504],[-4.6292,58.2568],[-4.6297,58.2642],[-4.6371,58.2721],[-4.6375,58.2766],[-4.6624,58.2788],[-4.6823,58.2716],[-4.6876,58.2684],[-4.6967,58.27],[-4.7051,58.2684],[-4.7097,58.2728],[-4.7224,58.2726],[-4.7279,58.2767],[-4.7275,58.283],[-4.7211,58.2881],[-4.7226,58.2968],[-4.7265,58.3026],[-4.7383,58.3122],[-4.7433,58.3108],[-4.753,58.315],[-4.7627,58.3076],[-4.7773,58.3087],[-4.7822,58.3063],[-4.7809,58.2996],[-4.7841,58.2973],[-4.7876,58.2882],[-4.795,58.2845],[-4.7918,58.276],[-4.7884,58.2761],[-4.7767,58.2685],[-4.7807,58.2646],[-4.7891,58.263],[-4.7879,58.2485],[-4.8013,58.2403],[-4.8143,58.2373],[-4.812,58.2302],[-4.8198,58.2206],[-4.8397,58.2188],[-4.8531,58.2221],[-4.8641,58.2209],[-4.8696,58.2156],[-4.8598,58.2098],[-4.8782,58.195],[-4.885,58.1953],[-4.8948,58.2005],[-4.8874,58.1822],[-4.9038,58.1747],[-4.8994,58.173],[-4.8978,58.1636],[-4.8914,58.1592],[-4.8922,58.148],[-4.8895,58.1462],[-4.888,58.1377],[-4.8799,58.1321],[-4.8964,58.1263],[-4.9,58.1177],[-4.8985,58.1096],[-4.9031,58.1037],[-4.9034,58.0969],[-4.8981,58.095],[-4.8968,58.0894],[-4.8782,58.08],[-4.8795,58.0746],[-4.8856,58.0717],[-4.9044,58.0681],[-4.9047,58.061],[-4.896,58.058],[-4.8961,58.0495],[-4.8797,58.0449],[-4.8774,58.038],[-4.8711,58.0339],[-4.8874,58.0249],[-4.9057,58.0214],[-4.9161,58.0243],[-4.9253,58.0232],[-4.9325,58.0172],[-4.946,58.0169],[-4.948,58.0004],[-4.9399,57.9945],[-4.942,57.9886],[-4.9491,57.9826],[-4.9487,57.9777],[-4.9428,57.968],[-4.9488,57.9638],[-4.9688,57.9602],[-4.9756,57.9553],[-4.9916,57.9547],[-4.9969,57.9577],[-5.019,57.959],[-5.0353,57.9617],[-5.0385,57.9599],[-5.0504,57.96],[-5.0541,57.9536],[-5.0594,57.9517],[-5.0709,57.9528],[-5.0764,57.9482],[-5.0777,57.9436],[-5.0691,57.9421],[-5.0576,57.9351],[-5.0397,57.9333],[-5.029,57.9268],[-5.0147,57.9281],[-5.0118,57.9237],[-5.0148,57.9186],[-4.9978,57.9181],[-4.9906,57.9125],[-4.9919,57.9079],[-4.9678,57.9022],[-4.9417,57.9024],[-4.9344,57.8958],[-4.9257,57.8933],[-4.914,57.8945],[-4.899,57.8863],[-4.9094,57.8791],[-4.9193,57.8766],[-4.9164,57.8715],[-4.9226,57.8655],[-4.9276,57.8542],[-4.9223,57.8507],[-4.9046,57.8462],[-4.8967,57.8468],[-4.888,57.8443],[-4.8808,57.8375],[-4.8904,57.8312],[-4.9081,57.8317],[-4.9126,57.8251],[-4.9102,57.8159],[-4.9332,57.8188],[-4.9335,57.8131],[-4.9208,57.8114],[-4.921,57.804],[-4.9084,57.8038],[-4.9023,57.8017],[-4.8788,57.8018],[-4.8698,57.7953],[-4.8686,57.7901],[-4.8612,57.7827],[-4.8624,57.7761],[-4.8545,57.7718],[-4.8428,57.7779],[-4.8306,57.7777],[-4.8291,57.7798],[-4.8388,57.7854],[-4.8407,57.7888],[-4.8243,57.7995],[-4.8106,57.8025],[-4.7905,57.8033],[-4.7833,57.8084],[-4.7698,57.8083],[-4.7572,57.8023],[-4.7441,57.8021],[-4.7336,57.7965],[-4.7298,57.7903],[-4.7184,57.7964],[-4.7101,57.7975],[-4.6924,57.7972],[-4.6862,57.8038],[-4.6751,57.8025],[-4.6737,57.7942],[-4.658,57.7923],[-4.6385,57.7972],[-4.631,57.7973],[-4.6205,57.8036],[-4.5733,57.8088],[-4.5682,57.8143],[-4.5556,57.8141],[-4.5465,57.817],[-4.5362,57.813],[-4.5238,57.8164],[-4.5131,57.8145],[-4.4858,57.8218],[-4.4787,57.822],[-4.4714,57.8257],[-4.4629,57.8247],[-4.4626,57.8214],[-4.453,57.8157],[-4.448,57.8158],[-4.4322,57.8071],[-4.4224,57.8055],[-4.4047,57.805],[-4.399,57.8015],[-4.3723,57.8042],[-4.3584,57.7984],[-4.3556,57.7938],[-4.3364,57.7968],[-4.3376,57.8022],[-4.3285,57.8048],[-4.3207,57.8011],[-4.3136,57.8013],[-4.3088,57.8059],[-4.2956,57.8088],[-4.2854,57.8016],[-4.2647,57.7932],[-4.2475,57.7944],[-4.2406,57.7976],[-4.2318,57.7982],[-4.2086,57.7832],[-4.2049,57.779],[-4.1965,57.7791],[-4.1952,57.7706],[-4.1771,57.7628],[-4.1686,57.7625],[-4.1547,57.7681],[-4.1394,57.7661],[-4.1346,57.7698],[-4.1231,57.7736],[-4.1216,57.7768],[-4.1137,57.7792],[-4.092,57.7813],[-4.0622,57.7823],[-4.0294,57.7895],[-4.0232,57.7928],[-4.023,57.8036],[-4.0173,57.8072],[-4.0269,57.8136],[-4.0315,57.8198],[-4.0465,57.8154],[-4.0606,57.8191],[-4.0759,57.828],[-4.0984,57.8321],[-4.1037,57.8367],[-4.1189,57.8337],[-4.1189,57.8295],[-4.1418,57.8284],[-4.1509,57.8337],[-4.1639,57.8339],[-4.1687,57.8443],[-4.1765,57.8497],[-4.1802,57.8547],[-4.1909,57.8557],[-4.1913,57.8621],[-4.2054,57.8624],[-4.2256,57.8585],[-4.2368,57.8589],[-4.2526,57.8564],[-4.2637,57.8519],[-4.2723,57.8506],[-4.2808,57.8566],[-4.2913,57.8545],[-4.3027,57.8571],[-4.3038,57.8628],[-4.3147,57.8615],[-4.326,57.8646],[-4.3485,57.8724],[-4.351,57.8768],[-4.3571,57.8778],[-4.3617,57.8822],[-4.3481,57.8909],[-4.3577,57.9001],[-4.3718,57.9026],[-4.38,57.8999],[-4.3967,57.9098],[-4.3946,57.9141],[-4.3648,57.9079],[-4.3529,57.8994],[-4.3457,57.8885],[-4.3339,57.8811],[-4.3223,57.8769],[-4.3053,57.8736],[-4.2911,57.8622],[-4.2711,57.8614],[-4.2742,57.8659],[-4.2707,57.8698],[-4.2416,57.8707],[-4.2326,57.8751],[-4.2129,57.8734],[-4.1874,57.8671],[-4.1746,57.868],[-4.1739,57.8604],[-4.1508,57.8598],[-4.1383,57.8703],[-4.1333,57.8682],[-4.1327,57.8634],[-4.1393,57.8618],[-4.1369,57.8565],[-4.1172,57.8545],[-4.111,57.8488],[-4.1047,57.8567],[-4.0945,57.862],[-4.0675,57.8678],[-4.0362,57.8676],[-4.0199,57.8628],[-4.0096,57.8634],[-4.0168,57.8779],[-4.0105,57.8819],[-4.0126,57.8911],[-4.006,57.8935],[-4.0006,57.9017],[-3.9924,57.9032],[-4.0008,57.9201],[-4.0013,57.9262],[-4.0068,57.9318],[-4.0148,57.9325],[-4.0273,57.928],[-4.0369,57.9312],[-4.06,57.9364],[-4.0648,57.9314],[-4.0747,57.928],[-4.08,57.9311],[-4.0954,57.9344],[-4.1101,57.9333],[-4.1136,57.9359],[-4.1339,57.9365],[-4.1489,57.9389],[-4.163,57.9356],[-4.1873,57.9459],[-4.2042,57.9452],[-4.2245,57.9466],[-4.2317,57.9393],[-4.2434,57.9382],[-4.2529,57.9416],[-4.2656,57.9414],[-4.2697,57.9391],[-4.2884,57.9419],[-4.2959,57.94],[-4.3036,57.9421],[-4.3041,57.9488],[-4.3127,57.9509],[-4.3198,57.9562],[-4.3219,57.9638],[-4.3288,57.9659],[-4.3369,57.9729],[-4.3328,57.9755],[-4.3352,57.9862],[-4.3351,57.9965],[-4.3269,58.0014],[-4.3323,58.0062],[-4.3409,58.0077],[-4.3429,58.0128],[-4.3492,58.019],[-4.357,58.0213],[-4.3573,58.0255],[-4.3397,58.0281],[-4.3301,58.031],[-4.3169,58.0299],[-4.3103,58.0318],[-4.3115,58.0385],[-4.3036,58.0467],[-4.2962,58.0502],[-4.2959,58.0581],[-4.313,58.061],[-4.3218,58.0653],[-4.3239,58.072],[-4.2894,58.0758],[-4.281,58.0773],[-4.284,58.0844],[-4.2908,58.0843],[-4.2928,58.0896],[-4.3059,58.0889],[-4.3147,58.0937],[-4.3341,58.0981],[-4.3361,58.1039],[-4.341,58.1063],[-4.3541,58.1056],[-4.3611,58.1097],[-4.3616,58.116],[-4.3774,58.1249],[-4.3754,58.1321],[-4.3631,58.1333],[-4.3536,58.137],[-4.3667,58.1422],[-4.3673,58.1507],[-4.3642,58.1562],[-4.3873,58.1643],[-4.3967,58.1713],[-4.3928,58.1772]]]},"properties":{"HA_NUM":3,"HA_NAME":"Shin Group"}},
{"type":"Feature","geometry":{"type":"Polygon","coordinates":[[[-4.4223,57.4973],[-4.4151,57.5045],[-4.4015,57.5065],[-4.3948,57.5096],[-4.3758,57.5122],[-4.3641,57.5123],[-4.3528,57.5095],[-4.3447,57.5057],[-4.3278,57.5053],[-4.3113,57.5024],[-4.2925,57.5046],[-4.2735,57.5042],[-4.2608,57.5024],[-4.2352,57.5005],[-4.2304,57.5074],[-4.2177,57.5171],[-4.2035,57.5257],[-4.1948,57.5348],[-4.1947,57.5396],[-4.2018,57.5436],[-4.2094,57.5417],[-4.2236,57.5432],[-4.2315,57.5468],[-4.2465,57.5453],[-4.2427,57.5517],[-4.2274,57.5512],[-4.1841,57.5462],[-4.1754,57.5533],[-4.1766,57.5589],[-4.1724,57.565],[-4.1401,57.5774],[-4.1306,57.5792],[-4.1141,57.5783],[-4.096,57.5754],[-4.1062,57.5815],[-4.1125,57.5897],[-4.1124,57.5944],[-4.1065,57.5969],[-4.1021,57.6072],[-4.0944,57.6115],[-4.0799,57.6221],[-4.066,57.6296],[-4.0621,57.6352],[-4.0518,57.6405],[-4.0485,57.6452],[-4.04,57.6503],[-4.0309,57.6535],[-4.0246,57.6589],[-4.0122,57.6621],[-3.9937,57.676],[-3.9986,57.6798],[-4.0216,57.6788],[-4.0344,57.6836],[-4.0459,57.6768],[-4.0614,57.6745],[-4.0877,57.6645],[-4.1047,57.6635],[-4.1183,57.6605],[-4.1654,57.6569],[-4.1685,57.6633],[-4.1639,57.6696],[-4.165,57.6758],[-4.1878,57.6746],[-4.2071,57.6723],[-4.2148,57.674],[-4.2469,57.6657],[-4.2674,57.655],[-4.2991,57.6412],[-4.3196,57.633],[-4.3307,57.6267],[-4.3442,57.616],[-4.3527,57.6116],[-4.3658,57.6019],[-4.3821,57.5929],[-4.3994,57.5879],[-4.4092,57.5801],[-4.4281,57.574],[-4.4238,57.5841],[-4.4178,57.5858],[-4.4079,57.5932],[-4.419,57.5997],[-4.4152,57.606],[-4.3801,57.6235],[-4.3681,57.6269],[-4.3609,57.634],[-4.3431,57.6435],[-4.3382,57.6494],[-4.3246,57.6555],[-4.319,57.6545],[-4.3053,57.6563],[-4.3056,57.6591],[-4.2988,57.6643],[-4.3024,57.6725],[-4.2995,57.6764],[-4.2881,57.6813],[-4.2799,57.6831],[-4.2645,57.6787],[-4.258,57.6789],[-4.2415,57.6867],[-4.2267,57.6906],[-4.2041,57.6925],[-4.1883,57.6907],[-4.1686,57.6863],[-4.1601,57.6882],[-4.1491,57.6948],[-4.1248,57.7076],[-4.1166,57.7109],[-4.1082,57.7186],[-4.0926,57.7241],[-4.073,57.7322],[-4.0578,57.7298],[-4.0392,57.7368],[-4.019,57.7384],[-4.0123,57.7368],[-4.0086,57.7313],[-4.0108,57.7257],[-4.021,57.7229],[-4.0257,57.7192],[-4.0281,57.7117],[-4.0357,57.6992],[-4.0359,57.6944],[-4.0242,57.6945],[-4.0203,57.6923],[-4.0067,57.6945],[-3.9872,57.6917],[-3.9756,57.6943],[-3.9577,57.7087],[-3.9523,57.7119],[-3.9336,57.727],[-3.9316,57.7314],[-3.9187,57.744],[-3.9177,57.7515],[-3.8998,57.7601],[-3.8954,57.7656],[-3.8868,57.7708],[-3.8754,57.7737],[-3.8487,57.7957],[-3.8356,57.8036],[-3.8265,57.8125],[-3.8143,57.8212],[-3.8125,57.8246],[-3.7889,57.8407],[-3.7791,57.853],[-3.7805,57.8594],[-3.7736,57.8673],[-3.7963,57.8651],[-3.8087,57.8621],[-3.8215,57.846],[-3.8289,57.8397],[-3.8288,57.835],[-3.8483,57.831],[-3.8549,57.8258],[-3.8722,57.822],[-3.8829,57.8231],[-3.8918,57.821],[-3.9107,57.8226],[-3.9183,57.821],[-3.9198,57.8175],[-3.9309,57.8156],[-3.9381,57.8169],[-3.9394,57.8209],[-3.9268,57.8208],[-3.9183,57.8265],[-3.907,57.8312],[-3.9319,57.8373],[-3.9402,57.8412],[-3.9545,57.8452],[-3.9637,57.846],[-3.9909,57.8365],[-4.0274,57.8209],[-4.0315,57.8198],[-4.0269,57.8136],[-4.0173,57.8072],[-4.023,57.8036],[-4.0232,57.7928],[-4.0294,57.7895],[-4.0622,57.7823],[-4.092,57.7813],[-4.1137,57.7792],[-4.1216,57.7768],[-4.1231,57.7736],[-4.1346,57.7698],[-4.1394,57.7661],[-4.1547,57.7681],[-4.1686,57.7625],[-4.1771,57.7628],[-4.1952,57.7706],[-4.1965,57.7791],[-4.2049,57.779],[-4.2086,57.7832],[-4.2318,57.7982],[-4.2406,57.7976],[-4.2475,57.7944],[-4.2647,57.7932],[-4.2854,57.8016],[-4.2956,57.8088],[-4.3088,57.8059],[-4.3136,57.8013],[-4.3207,57.8011],[-4.3285,57.8048],[-4.3376,57.8022],[-4.3364,57.7968],[-4.3556,57.7938],[-4.3584,57.7984],[-4.3723,57.8042],[-4.399,57.8015],[-4.4047,57.805],[-4.4224,57.8055],[-4.4322,57.8071],[-4.448,57.8158],[-4.453,57.8157],[-4.4626,57.8214],[-4.4629,57.8247],[-4.4714,57.8257],[-4.4787,57.822],[-4.4858,57.8218],[-4.5131,57.8145],[-4.5238,57.8164],[-4.5362,57.813],[-4.5465,57.817],[-4.5556,57.8141],[-4.5682,57.8143],[-4.5733,57.8088],[-4.6205,57.8036],[-4.631,57.7973],[-4.6385,57.7972],[-4.658,57.7923],[-4.6737,57.7942],[-4.6751,57.8025],[-4.6862,57.8038],[-4.6924,57.7972],[-4.7101,57.7975],[-4.7184,57.7964],[-4.7298,57.7903],[-4.7336,57.7965],[-4.7441,57.8021],[-4.7572,57.8023],[-4.7698,57.8083],[-4.7833,57.8084],[-4.7905,57.8033],[-4.8106,57.8025],[-4.8243,57.7995],[-4.8407,57.7888],[-4.8388,57.7854],[-4.8291,57.7798],[-4.8306,57.7777],[-4.8428,57.7779],[-4.8545,57.7718],[-4.8624,57.7761],[-4.8612,57.7827],[-4.8686,57.7901],[-4.8698,57.7953],[-4.8788,57.8018],[-4.9023,57.8017],[-4.9084,57.8038],[-4.921,57.804],[-4.9302,57.8033],[-4.9332,57.7983],[-4.9234,57.7923],[-4.9289,57.7874],[-4.9377,57.7915],[-4.958,57.7928],[-4.9703,57.7889],[-4.9739,57.7821],[-4.9829,57.7783],[-4.9666,57.7746],[-4.9594,57.7685],[-4.9506,57.7638],[-4.9467,57.7571],[-4.9304,57.7535],[-4.9165,57.7475],[-4.9076,57.7418],[-4.902,57.7346],[-4.9046,57.7255],[-4.9254,57.7176],[-4.9387,57.7164],[-4.9527,57.7183],[-4.9812,57.7168],[-4.9817,57.7127],[-4.9899,57.7103],[-4.9919,57.7044],[-5.009,57.6986],[-5.0157,57.6984],[-5.0281,57.7062],[-5.0373,57.7051],[-5.0427,57.6991],[-5.0615,57.6883],[-5.0703,57.6881],[-5.0799,57.6924],[-5.1016,57.6914],[-5.1068,57.6933],[-5.1168,57.6928],[-5.1237,57.6945],[-5.132,57.6934],[-5.14,57.6887],[-5.145,57.689],[-5.1516,57.683],[-5.1622,57.6787],[-5.1814,57.6876],[-5.1886,57.6879],[-5.1925,57.6851],[-5.1952,57.6774],[-5.1898,57.6737],[-5.1892,57.6668],[-5.1925,57.6653],[-5.1946,57.6567],[-5.1771,57.6576],[-5.1643,57.6548],[-5.1389,57.6518],[-5.111,57.6444],[-5.0951,57.6448],[-5.0731,57.6422],[-5.064,57.6438],[-5.0547,57.6332],[-5.0535,57.6281],[-5.0606,57.6228],[-5.0601,57.6171],[-5.0653,57.6096],[-5.0783,57.6102],[-5.0823,57.6121],[-5.0984,57.6097],[-5.0948,57.6019],[-5.1052,57.596],[-5.113,57.5945],[-5.1329,57.5976],[-5.1469,57.604],[-5.1612,57.6045],[-5.1689,57.6021],[-5.1788,57.596],[-5.1856,57.5972],[-5.2024,57.5972],[-5.2215,57.5954],[-5.2226,57.5893],[-5.221,57.5801],[-5.2277,57.5763],[-5.2495,57.5812],[-5.2517,57.5775],[-5.2618,57.5732],[-5.2771,57.5715],[-5.2875,57.5667],[-5.2879,57.5618],[-5.2771,57.5537],[-5.2746,57.5441],[-5.2709,57.5395],[-5.2577,57.5324],[-5.2435,57.5368],[-5.2305,57.5367],[-5.2275,57.5404],[-5.2185,57.5433],[-5.2094,57.5436],[-5.2062,57.5409],[-5.1852,57.5392],[-5.1763,57.5478],[-5.1559,57.5395],[-5.1388,57.5399],[-5.1303,57.5379],[-5.1299,57.5233],[-5.1474,57.5137],[-5.1621,57.5137],[-5.1687,57.5082],[-5.1674,57.5026],[-5.1736,57.4973],[-5.1746,57.4896],[-5.1918,57.4856],[-5.1931,57.4819],[-5.1838,57.4804],[-5.1756,57.4727],[-5.1716,57.4654],[-5.1786,57.4594],[-5.1892,57.456],[-5.1897,57.4524],[-5.1829,57.4507],[-5.1687,57.4502],[-5.1583,57.4552],[-5.1538,57.4614],[-5.1316,57.4606],[-5.1186,57.4591],[-5.1107,57.4642],[-5.116,57.4684],[-5.1118,57.4772],[-5.0992,57.4762],[-5.0788,57.4772],[-5.0727,57.4692],[-5.0576,57.4628],[-5.0453,57.4604],[-5.0397,57.4538],[-5.0252,57.449],[-5.0112,57.4518],[-5.0015,57.4556],[-4.9783,57.4625],[-4.975,57.457],[-4.9602,57.4499],[-4.9233,57.4463],[-4.9133,57.4469],[-4.9064,57.4444],[-4.8974,57.4464],[-4.885,57.4467],[-4.8783,57.4522],[-4.8713,57.4528],[-4.8682,57.4453],[-4.8529,57.4418],[-4.843,57.4431],[-4.8321,57.4425],[-4.8191,57.4464],[-4.8168,57.4487],[-4.8035,57.4503],[-4.7874,57.457],[-4.7807,57.4571],[-4.7735,57.4613],[-4.7655,57.4593],[-4.7559,57.4599],[-4.7487,57.4632],[-4.7277,57.461],[-4.7212,57.4638],[-4.7086,57.4627],[-4.6918,57.4716],[-4.6636,57.4747],[-4.659,57.48],[-4.6441,57.4821],[-4.6425,57.4767],[-4.6279,57.477],[-4.6157,57.4809],[-4.604,57.4807],[-4.5963,57.4894],[-4.5796,57.4902],[-4.5731,57.4867],[-4.5638,57.49],[-4.5452,57.4866],[-4.5395,57.4892],[-4.5287,57.4889],[-4.5225,57.4972],[-4.528,57.5033],[-4.5224,57.507],[-4.5107,57.5068],[-4.4925,57.5099],[-4.48,57.5101],[-4.4679,57.5153],[-4.4607,57.515],[-4.4525,57.5107],[-4.4391,57.5094],[-4.4372,57.5067],[-4.426,57.5013],[-4.4223,57.4973]]]},"properties":{"HA_NUM":4,"HA_NAME":"Conon Group"}},
{"type":"Feature","geometry":{"type":"Polygon","coordinates":[[[-4.4223,57.4973],[-4.426,57.5013],[-4.4372,57.5067],[-4.4391,57.5094],[-4.4525,57.5107],[-4.4607,57.515],[-4.4679,57.5153],[-4.48,57.5101],[-4.4925,57.5099],[-4.5107,57.5068],[-4.5224,57.507],[-4.528,57.5033],[-4.5225,57.4972],[-4.5287,57.4889],[-4.5395,57.4892],[-4.5452,57.4866],[-4.5638,57.49],[-4.5731,57.4867],[-4.5796,57.4902],[-4.5963,57.4894],[-4.604,57.4807],[-4.6157,57.4809],[-4.6279,57.477],[-4.6425,57.4767],[-4.6441,57.4821],[-4.659,57.48],[-4.6636,57.4747],[-4.6918,57.4716],[-4.7086,57.4627],[-4.7212,57.4638],[-4.7277,57.461],[-4.7487,57.4632],[-4.7559,57.4599],[-4.7655,57.4593],[-4.7735,57.4613],[-4.7807,57.4571],[-4.7874,57.457],[-4.8035,57.4503],[-4.8168,57.4487],[-4.8191,57.4464],[-4.8321,57.4425],[-4.843,57.4431],[-4.8529,57.4418],[-4.8682,57.4453],[-4.8713,57.4528],[-4.8783,57.4522],[-4.885,57.4467],[-4.8974,57.4464],[-4.9064,57.4444],[-4.9133,57.4469],[-4.9233,57.4463],[-4.9602,57.4499],[-4.975,57.457],[-4.9783,57.4625],[-5.0015,57.4556],[-5.0112,57.4518],[-5.0252,57.449],[-5.0397,57.4538],[-5.0453,57.4604],[-5.0576,57.4628],[-5.0727,57.4692],[-5.0788,57.4772],[-5.0992,57.4762],[-5.1118,57.4772],[-5.116,57.4684],[-5.1107,57.4642],[-5.1186,57.4591],[-5.1316,57.4606],[-5.1538,57.4614],[-5.1583,57.4552],[-5.1687,57.4502],[-5.1829,57.4507],[-5.1897,57.4524],[-5.2012,57.4503],[-5.2138,57.4518],[-5.2322,57.4517],[-5.2433,57.4456],[-5.2418,57.438],[-5.2457,57.4352],[-5.2568,57.434],[-5.2578,57.4306],[-5.2516,57.4265],[-5.2494,57.4203],[-5.2577,57.4156],[-5.2703,57.4121],[-5.2667,57.409],[-5.2662,57.403],[-5.2697,57.3959],[-5.2685,57.3919],[-5.2535,57.3919],[-5.245,57.3894],[-5.2312,57.3884],[-5.2222,57.3859],[-5.2147,57.3861],[-5.1923,57.3768],[-5.1887,57.3737],[-5.1737,57.3737],[-5.173,57.3559],[-5.1592,57.3504],[-5.1606,57.3475],[-5.1832,57.3393],[-5.1845,57.3307],[-5.2063,57.3279],[-5.214,57.321],[-5.2212,57.3181],[-5.2269,57.3121],[-5.2328,57.298],[-5.2425,57.2861],[-5.2402,57.2785],[-5.2334,57.2764],[-5.2295,57.2702],[-5.2306,57.254],[-5.2333,57.2479],[-5.2401,57.2443],[-5.2554,57.2439],[-5.2621,57.2359],[-5.2609,57.2312],[-5.2667,57.227],[-5.2848,57.2207],[-5.2845,57.2176],[-5.2734,57.2134],[-5.252,57.2148],[-5.2406,57.2075],[-5.2355,57.2067],[-5.2352,57.1932],[-5.2417,57.1827],[-5.2537,57.1775],[-5.2484,57.174],[-5.235,57.1721],[-5.2195,57.1752],[-5.2182,57.1793],[-5.2095,57.184],[-5.21,57.1993],[-5.1986,57.2009],[-5.184,57.1945],[-5.1728,57.1948],[-5.161,57.1974],[-5.1549,57.1836],[-5.1479,57.1793],[-5.1315,57.1806],[-5.1161,57.1747],[-5.1068,57.1731],[-5.0964,57.177],[-5.0963,57.186],[-5.0908,57.1892],[-5.0876,57.2006],[-5.0795,57.2025],[-5.0806,57.2061],[-5.0677,57.21],[-5.0554,57.2166],[-5.0252,57.2165],[-5.0141,57.2127],[-5.0079,57.2079],[-4.9962,57.2118],[-4.981,57.2135],[-4.9721,57.2105],[-4.963,57.2107],[-4.9545,57.2082],[-4.9437,57.2081],[-4.9241,57.2166],[-4.9227,57.2202],[-4.9129,57.2218],[-4.9048,57.2287],[-4.8946,57.2312],[-4.8828,57.2288],[-4.8714,57.2306],[-4.862,57.227],[-4.8545,57.2265],[-4.8474,57.2211],[-4.8329,57.2263],[-4.8148,57.2276],[-4.818,57.2372],[-4.8149,57.2395],[-4.8148,57.2497],[-4.8067,57.2523],[-4.8091,57.2615],[-4.8026,57.2639],[-4.799,57.2707],[-4.7909,57.2731],[-4.78,57.2823],[-4.7812,57.2873],[-4.7777,57.2914],[-4.7682,57.2916],[-4.7582,57.2967],[-4.772,57.2973],[-4.7756,57.3011],[-4.7712,57.3095],[-4.7665,57.3127],[-4.7661,57.3181],[-4.7543,57.3269],[-4.7438,57.3321],[-4.7341,57.335],[-4.7272,57.3428],[-4.719,57.3439],[-4.7077,57.3495],[-4.7051,57.3586],[-4.6955,57.3583],[-4.6861,57.3608],[-4.6799,57.3663],[-4.6615,57.3658],[-4.6583,57.3676],[-4.6322,57.3736],[-4.6163,57.3735],[-4.6095,57.3714],[-4.5958,57.3768],[-4.5894,57.3808],[-4.5815,57.38],[-4.5822,57.3724],[-4.5782,57.3698],[-4.5658,57.3768],[-4.5513,57.3766],[-4.544,57.3803],[-4.5357,57.3733],[-4.5261,57.3735],[-4.5205,57.3705],[-4.5085,57.3721],[-4.4976,57.3705],[-4.4767,57.3617],[-4.4611,57.3658],[-4.4468,57.3746],[-4.439,57.3833],[-4.4345,57.3839],[-4.4189,57.3936],[-4.4081,57.3938],[-4.402,57.4025],[-4.3933,57.4035],[-4.3906,57.4193],[-4.3858,57.4216],[-4.3874,57.4342],[-4.3758,57.4349],[-4.3718,57.4376],[-4.3462,57.4408],[-4.3398,57.4387],[-4.3222,57.443],[-4.3127,57.4522],[-4.2907,57.46],[-4.2927,57.4647],[-4.2805,57.4699],[-4.2751,57.4767],[-4.2582,57.4864],[-4.2584,57.4896],[-4.2881,57.4816],[-4.3032,57.4834],[-4.3182,57.4827],[-4.3301,57.4849],[-4.3551,57.4817],[-4.3641,57.4823],[-4.3701,57.4798],[-4.3827,57.4805],[-4.3942,57.4909],[-4.413,57.4982],[-4.4191,57.4942],[-4.434,57.4888],[-4.4356,57.4827],[-4.4508,57.4838],[-4.4477,57.479],[-4.4633,57.4757],[-4.4634,57.4797],[-4.4544,57.4856],[-4.4382,57.4844],[-4.4313,57.4958],[-4.4223,57.4973]]]},"properties":{"HA_NUM":5,"HA_NAME":"Beauly"}},
{"type":"Feature","geometry":{"type":"Polygon","coordinates":[[[-3.8848,57.5892],[-3.9137,57.5858],[-3.9347,57.5861],[-3.9666,57.5921],[-3.9629,57.588],[-3.9702,57.5859],[-3.979,57.5923],[-4.0072,57.6006],[-4.0148,57.5932],[-4.0222,57.5915],[-4.0584,57.5909],[-4.064,57.5871],[-4.0736,57.5842],[-4.0579,57.5816],[-4.0434,57.5737],[-4.0383,57.5676],[-4.0407,57.5601],[-4.0502,57.5537],[-4.0789,57.5438],[-4.095,57.5392],[-4.1039,57.534],[-4.1177,57.5202],[-4.1125,57.5162],[-4.1303,57.5146],[-4.1475,57.5183],[-4.1506,57.5121],[-4.148,57.505],[-4.1503,57.5003],[-4.1666,57.4895],[-4.1793,57.4852],[-4.1895,57.4838],[-4.2009,57.4855],[-4.2121,57.4948],[-4.2192,57.4971],[-4.231,57.4932],[-4.2336,57.4897],[-4.245,57.4955],[-4.2505,57.4909],[-4.2584,57.4904],[-4.2584,57.4899],[-4.2584,57.4896],[-4.2582,57.4864],[-4.2751,57.4767],[-4.2805,57.4699],[-4.2927,57.4647],[-4.2907,57.46],[-4.3127,57.4522],[-4.3222,57.443],[-4.3398,57.4387],[-4.3462,57.4408],[-4.3718,57.4376],[-4.3758,57.4349],[-4.3874,57.4342],[-4.3858,57.4216],[-4.3906,57.4193],[-4.3933,57.4035],[-4.402,57.4025],[-4.4081,57.3938],[-4.4189,57.3936],[-4.4345,57.3839],[-4.439,57.3833],[-4.4468,57.3746],[-4.4611,57.3658],[-4.4767,57.3617],[-4.4976,57.3705],[-4.5085,57.3721],[-4.5205,57.3705],[-4.5261,57.3735],[-4.5357,57.3733],[-4.544,57.3803],[-4.5513,57.3766],[-4.5658,57.3768],[-4.5782,57.3698],[-4.5822,57.3724],[-4.5815,57.38],[-4.5894,57.3808],[-4.5958,57.3768],[-4.6095,57.3714],[-4.6163,57.3735],[-4.6322,57.3736],[-4.6583,57.3676],[-4.6615,57.3658],[-4.6799,57.3663],[-4.6861,57.3608],[-4.6955,57.3583],[-4.7051,57.3586],[-4.7077,57.3495],[-4.719,57.3439],[-4.7272,57.3428],[-4.7341,57.335],[-4.7438,57.3321],[-4.7543,57.3269],[-4.7661,57.3181],[-4.7665,57.3127],[-4.7712,57.3095],[-4.7756,57.3011],[-4.772,57.2973],[-4.7582,57.2967],[-4.7682,57.2916],[-4.7777,57.2914],[-4.7812,57.2873],[-4.78,57.2823],[-4.7909,57.2731],[-4.799,57.2707],[-4.8026,57.2639],[-4.8091,57.2615],[-4.8067,57.2523],[-4.8148,57.2497],[-4.8149,57.2395],[-4.818,57.2372],[-4.8148,57.2276],[-4.8329,57.2263],[-4.8474,57.2211],[-4.8545,57.2265],[-4.862,57.227],[-4.8714,57.2306],[-4.8828,57.2288],[-4.8946,57.2312],[-4.9048,57.2287],[-4.9129,57.2218],[-4.9227,57.2202],[-4.9241,57.2166],[-4.9437,57.2081],[-4.9545,57.2082],[-4.963,57.2107],[-4.9721,57.2105],[-4.981,57.2135],[-4.9962,57.2118],[-5.0079,57.2079],[-5.0141,57.2127],[-5.0252,57.2165],[-5.0554,57.2166],[-5.0677,57.21],[-5.0806,57.2061],[-5.0795,57.2025],[-5.0876,57.2006],[-5.0908,57.1892],[-5.0963,57.186],[-5.0964,57.177],[-5.1068,57.1731],[-5.1161,57.1747],[-5.1315,57.1806],[-5.1479,57.1793],[-5.1549,57.1836],[-5.161,57.1974],[-5.1728,57.1948],[-5.184,57.1945],[-5.1986,57.2009],[-5.21,57.1993],[-5.2095,57.184],[-5.2182,57.1793],[-5.2195,57.1752],[-5.235,57.1721],[-5.2484,57.174],[-5.2486,57.1673],[-5.239,57.1612],[-5.2486,57.1484],[-5.2465,57.1426],[-5.2597,57.1328],[-5.2678,57.1317],[-5.2821,57.134],[-5.2976,57.1413],[-5.3112,57.1454],[-5.3252,57.1446],[-5.3353,57.147],[-5.3516,57.1488],[-5.3731,57.1442],[-5.3653,57.1399],[-5.3611,57.1351],[-5.3534,57.1366],[-5.3408,57.1347],[-5.3388,57.1303],[-5.3312,57.1291],[-5.3304,57.1107],[-5.3335,57.108],[-5.3441,57.1063],[-5.3457,57.0973],[-5.3436,57.0926],[-5.3464,57.0865],[-5.3513,57.0859],[-5.3505,57.0774],[-5.3647,57.0694],[-5.3807,57.0734],[-5.3924,57.0745],[-5.3993,57.0779],[-5.4076,57.0792],[-5.4176,57.0706],[-5.4265,57.0686],[-5.4373,57.0701],[-5.4461,57.0672],[-5.4632,57.0554],[-5.4563,57.052],[-5.4456,57.0523],[-5.438,57.0503],[-5.4208,57.0521],[-5.4149,57.0509],[-5.4112,57.0366],[-5.4231,57.0323],[-5.4276,57.0272],[-5.4355,57.0229],[-5.442,57.0228],[-5.4518,57.0131],[-5.4432,57.0084],[-5.4128,57.0051],[-5.4036,57.0085],[-5.3887,57.0076],[-5.3857,57.0014],[-5.3773,56.9994],[-5.3602,57.0021],[-5.3525,56.9982],[-5.3371,57.0018],[-5.3214,57.0009],[-5.3183,56.9937],[-5.3084,56.9931],[-5.2955,56.9876],[-5.2859,56.991],[-5.2783,56.998],[-5.2638,57.0015],[-5.2384,57.003],[-5.2258,57.0092],[-5.2152,57.0108],[-5.2021,57.0166],[-5.1829,57.0092],[-5.1768,57.0051],[-5.1678,57.0062],[-5.1588,57.001],[-5.1486,57.0026],[-5.1387,57.0069],[-5.1064,57.0055],[-5.092,57.0056],[-5.0791,57.0093],[-5.0682,57.0067],[-5.0651,57.0038],[-5.0411,57.0021],[-5.0213,57.0076],[-5.0147,57.0073],[-5.0085,57.0115],[-4.9897,57.0088],[-4.9777,57.0127],[-4.9651,57.0148],[-4.9441,57.0153],[-4.9365,57.0177],[-4.9137,57.0218],[-4.9134,57.0277],[-4.9022,57.0324],[-4.8827,57.036],[-4.8679,57.0319],[-4.861,57.032],[-4.8538,57.0353],[-4.8494,57.0318],[-4.8364,57.0339],[-4.8318,57.039],[-4.8212,57.0406],[-4.7956,57.0288],[-4.7867,57.0256],[-4.7789,57.0253],[-4.7701,57.0296],[-4.7515,57.0286],[-4.7463,57.0305],[-4.7402,57.0266],[-4.7203,57.0307],[-4.6829,57.0319],[-4.6792,57.0367],[-4.6697,57.0425],[-4.6585,57.0423],[-4.6529,57.0447],[-4.641,57.0449],[-4.6383,57.0418],[-4.6276,57.0425],[-4.6107,57.0476],[-4.6117,57.05],[-4.5979,57.0539],[-4.5918,57.0608],[-4.5811,57.0606],[-4.5699,57.0545],[-4.5601,57.0552],[-4.5521,57.0587],[-4.541,57.0537],[-4.5308,57.0611],[-4.531,57.0643],[-4.5208,57.0721],[-4.5109,57.071],[-4.5064,57.0666],[-4.4826,57.0671],[-4.4772,57.0734],[-4.4678,57.0745],[-4.4566,57.068],[-4.4496,57.0673],[-4.4399,57.071],[-4.4199,57.0741],[-4.4042,57.0798],[-4.397,57.084],[-4.3848,57.0793],[-4.3778,57.0796],[-4.3674,57.0724],[-4.3711,57.0656],[-4.3549,57.07],[-4.3464,57.0791],[-4.3415,57.0806],[-4.3287,57.0925],[-4.3245,57.0984],[-4.3105,57.0982],[-4.3063,57.1041],[-4.3001,57.1051],[-4.3007,57.1146],[-4.2944,57.1194],[-4.2968,57.1317],[-4.3018,57.1325],[-4.3014,57.1379],[-4.3143,57.1399],[-4.3315,57.1441],[-4.3375,57.1482],[-4.3312,57.1522],[-4.3165,57.1552],[-4.3219,57.1627],[-4.3284,57.1608],[-4.332,57.1648],[-4.3411,57.1655],[-4.3386,57.1781],[-4.3306,57.1827],[-4.3245,57.1833],[-4.316,57.1875],[-4.3157,57.1949],[-4.32,57.1982],[-4.3036,57.2003],[-4.291,57.1979],[-4.2721,57.2],[-4.2726,57.2081],[-4.2639,57.215],[-4.2627,57.2222],[-4.2508,57.2309],[-4.2283,57.243],[-4.2254,57.2498],[-4.2457,57.2494],[-4.2614,57.255],[-4.2609,57.2604],[-4.2692,57.2607],[-4.277,57.266],[-4.2879,57.2682],[-4.2865,57.2779],[-4.2994,57.279],[-4.3005,57.2839],[-4.291,57.2911],[-4.3013,57.2963],[-4.3023,57.2999],[-4.297,57.3074],[-4.2882,57.3129],[-4.2664,57.3165],[-4.2594,57.3166],[-4.253,57.3207],[-4.2532,57.3378],[-4.2709,57.342],[-4.289,57.339],[-4.2953,57.333],[-4.307,57.3283],[-4.3238,57.324],[-4.3361,57.3224],[-4.3684,57.32],[-4.3833,57.3197],[-4.3811,57.3247],[-4.3691,57.3307],[-4.3593,57.3336],[-4.342,57.3362],[-4.3441,57.3429],[-4.3384,57.3444],[-4.3346,57.3507],[-4.3248,57.354],[-4.3057,57.3661],[-4.2973,57.3662],[-4.2926,57.3699],[-4.2833,57.3674],[-4.2694,57.3712],[-4.2528,57.3715],[-4.2539,57.3758],[-4.2483,57.3792],[-4.2414,57.3892],[-4.2186,57.3977],[-4.2031,57.4025],[-4.2033,57.407],[-4.1922,57.4153],[-4.1598,57.4167],[-4.1593,57.4226],[-4.1473,57.4241],[-4.1488,57.4282],[-4.1392,57.4355],[-4.1397,57.4438],[-4.1376,57.4495],[-4.1327,57.4522],[-4.1307,57.4599],[-4.1226,57.4641],[-4.1159,57.4637],[-4.1129,57.4692],[-4.1026,57.4721],[-4.0641,57.4911],[-4.0544,57.4973],[-4.0478,57.4986],[-4.0455,57.5026],[-4.0373,57.5055],[-4.0318,57.5101],[-4.0144,57.5135],[-4.0096,57.5172],[-3.9964,57.5196],[-3.9819,57.5302],[-3.9704,57.5339],[-3.9623,57.5386],[-3.9548,57.5391],[-3.9434,57.5433],[-3.9152,57.5555],[-3.9075,57.5596],[-3.8917,57.5625],[-3.8797,57.5726],[-3.8822,57.5878],[-3.8848,57.5892]]]},"properties":{"HA_NUM":6,"HA_NAME":"Ness"}},
{"type":"Feature","geometry":{"type":"Polygon","coordinates":[[[-3.1306,57.6792],[-3.1666,57.6864],[-3.1966,57.6942],[-3.223,57.6999],[-3.2431,57.7055],[-3.2734,57.7167],[-3.2803,57.7153],[-3.278,57.7247],[-3.2884,57.7253],[-3.3048,57.7206],[-3.3181,57.7218],[-3.3286,57.7246],[-3.3482,57.7246],[-3.3558,57.7227],[-3.386,57.7193],[-3.3921,57.7164],[-3.4034,57.7157],[-3.4125,57.7131],[-3.4195,57.7148],[-3.4276,57.7111],[-3.4434,57.7092],[-3.4551,57.7048],[-3.4752,57.7038],[-3.4901,57.7],[-3.4898,57.6923],[-3.497,57.6792],[-3.5101,57.67],[-3.5251,57.6652],[-3.5396,57.6627],[-3.5556,57.6615],[-3.5756,57.6617],[-3.6157,57.6641],[-3.621,57.6626],[-3.6024,57.6531],[-3.5927,57.6504],[-3.5854,57.6464],[-3.581,57.6384],[-3.5823,57.6354],[-3.5916,57.6304],[-3.6111,57.6359],[-3.6155,57.6342],[-3.6265,57.6373],[-3.6392,57.6442],[-3.628,57.6438],[-3.6199,57.655],[-3.6335,57.6628],[-3.6459,57.6635],[-3.6679,57.6616],[-3.6915,57.658],[-3.6995,57.653],[-3.6979,57.649],[-3.7064,57.6449],[-3.7266,57.6387],[-3.7427,57.6323],[-3.7596,57.6299],[-3.8028,57.6222],[-3.8184,57.6154],[-3.8199,57.6114],[-3.7971,57.6215],[-3.7864,57.624],[-3.7822,57.622],[-3.8003,57.6132],[-3.8183,57.6022],[-3.828,57.5984],[-3.8423,57.597],[-3.8683,57.5896],[-3.8848,57.5892],[-3.8822,57.5878],[-3.8797,57.5726],[-3.8917,57.5625],[-3.9075,57.5596],[-3.9152,57.5555],[-3.9434,57.5433],[-3.9548,57.5391],[-3.9623,57.5386],[-3.9704,57.5339],[-3.9819,57.5302],[-3.9964,57.5196],[-4.0096,57.5172],[-4.0144,57.5135],[-4.0318,57.5101],[-4.0373,57.5055],[-4.0455,57.5026],[-4.0478,57.4986],[-4.0544,57.4973],[-4.0641,57.4911],[-4.1026,57.4721],[-4.1129,57.4692],[-4.1159,57.4637],[-4.1226,57.4641],[-4.1307,57.4599],[-4.1327,57.4522],[-4.1376,57.4495],[-4.1397,57.4438],[-4.1392,57.4355],[-4.1488,57.4282],[-4.1473,57.4241],[-4.1593,57.4226],[-4.1598,57.4167],[-4.1922,57.4153],[-4.2033,57.407],[-4.2031,57.4025],[-4.2186,57.3977],[-4.2414,57.3892],[-4.2483,57.3792],[-4.2539,57.3758],[-4.2528,57.3715],[-4.2694,57.3712],[-4.2833,57.3674],[-4.2926,57.3699],[-4.2973,57.3662],[-4.3057,57.3661],[-4.3248,57.354],[-4.3346,57.3507],[-4.3384,57.3444],[-4.3441,57.3429],[-4.342,57.3362],[-4.3593,57.3336],[-4.3691,57.3307],[-4.3811,57.3247],[-4.3833,57.3197],[-4.3684,57.32],[-4.3361,57.3224],[-4.3238,57.324],[-4.307,57.3283],[-4.2953,57.333],[-4.289,57.339],[-4.2709,57.342],[-4.2532,57.3378],[-4.253,57.3207],[-4.2594,57.3166],[-4.2664,57.3165],[-4.2882,57.3129],[-4.297,57.3074],[-4.3023,57.2999],[-4.3013,57.2963],[-4.291,57.2911],[-4.3005,57.2839],[-4.2994,57.279],[-4.2865,57.2779],[-4.2879,57.2682],[-4.277,57.266],[-4.2692,57.2607],[-4.2609,57.2604],[-4.2614,57.255],[-4.2457,57.2494],[-4.2254,57.2498],[-4.2283,57.243],[-4.2508,57.2309],[-4.2627,57.2222],[-4.2639,57.215],[-4.2726,57.2081],[-4.2721,57.2],[-4.291,57.1979],[-4.3036,57.2003],[-4.32,57.1982],[-4.3157,57.1949],[-4.316,57.1875],[-4.3245,57.1833],[-4.3306,57.1827],[-4.3386,57.1781],[-4.3411,57.1655],[-4.332,57.1648],[-4.3284,57.1608],[-4.3219,57.1627],[-4.3165,57.1552],[-4.3312,57.1522],[-4.3375,57.1482],[-4.3315,57.1441],[-4.3143,57.1399],[-4.3014,57.1379],[-4.3018,57.1325],[-4.2968,57.1317],[-4.2944,57.1194],[-4.3007,57.1146],[-4.3001,57.1051],[-4.3063,57.1041],[-4.3105,57.0982],[-4.3068,57.0924],[-4.3001,57.0917],[-4.2938,57.0954],[-4.2817,57.0942],[-4.2692,57.0985],[-4.2602,57.1],[-4.2524,57.1069],[-4.2355,57.1139],[-4.2276,57.1204],[-4.2203,57.1223],[-4.1989,57.1242],[-4.1955,57.1227],[-4.179,57.1235],[-4.1726,57.1263],[-4.1594,57.1261],[-4.1546,57.1225],[-4.1389,57.1296],[-4.14,57.134],[-4.1488,57.1429],[-4.158,57.1454],[-4.1552,57.154],[-4.1497,57.1595],[-4.1375,57.1633],[-4.1379,57.1693],[-4.1214,57.1847],[-4.1057,57.184],[-4.1034,57.1877],[-4.0944,57.1896],[-4.0914,57.1951],[-4.0812,57.1912],[-4.0648,57.1932],[-4.0601,57.1987],[-4.0596,57.2046],[-4.0507,57.2074],[-4.0494,57.2137],[-4.053,57.2186],[-4.0439,57.2187],[-4.0407,57.2219],[-4.0412,57.2307],[-4.049,57.2373],[-4.0428,57.2446],[-4.043,57.2484],[-4.0324,57.252],[-4.0195,57.2497],[-4.01,57.2516],[-3.9991,57.2563],[-3.9884,57.265],[-3.9766,57.2688],[-3.9773,57.2742],[-3.964,57.2744],[-3.9583,57.2763],[-3.9561,57.2817],[-3.9597,57.287],[-3.9515,57.289],[-3.9547,57.2947],[-3.9463,57.2994],[-3.933,57.3005],[-3.9141,57.3044],[-3.9021,57.3113],[-3.8978,57.3181],[-3.8867,57.3187],[-3.886,57.3223],[-3.8796,57.326],[-3.8639,57.3276],[-3.8605,57.3348],[-3.8461,57.3368],[-3.8414,57.3427],[-3.8307,57.3456],[-3.8166,57.3462],[-3.806,57.3495],[-3.7947,57.3578],[-3.7882,57.3592],[-3.7612,57.352],[-3.7521,57.3525],[-3.7418,57.3455],[-3.7287,57.3497],[-3.7268,57.3529],[-3.7166,57.3575],[-3.7081,57.3545],[-3.7024,57.3559],[-3.6969,57.3641],[-3.6884,57.3597],[-3.6793,57.3589],[-3.6692,57.3671],[-3.6502,57.3598],[-3.6435,57.3589],[-3.6298,57.3692],[-3.6417,57.3736],[-3.642,57.3807],[-3.634,57.3874],[-3.6342,57.3919],[-3.6175,57.4002],[-3.6095,57.3976],[-3.6076,57.3926],[-3.5986,57.3966],[-3.6002,57.4035],[-3.5953,57.4072],[-3.5782,57.4065],[-3.5544,57.4144],[-3.5579,57.418],[-3.5565,57.4245],[-3.5617,57.4278],[-3.5619,57.4332],[-3.5472,57.4397],[-3.5307,57.4439],[-3.5207,57.4452],[-3.5218,57.4505],[-3.5137,57.4558],[-3.5222,57.4593],[-3.5199,57.4652],[-3.5099,57.4653],[-3.4948,57.4623],[-3.4798,57.4629],[-3.4701,57.4696],[-3.4703,57.4743],[-3.4557,57.4852],[-3.455,57.4891],[-3.4445,57.4984],[-3.4317,57.5017],[-3.4207,57.496],[-3.4137,57.4992],[-3.407,57.4993],[-3.4015,57.5074],[-3.3865,57.5089],[-3.3839,57.5071],[-3.3706,57.5059],[-3.3632,57.5101],[-3.3565,57.5097],[-3.3526,57.5169],[-3.3391,57.5234],[-3.3304,57.5261],[-3.328,57.5298],[-3.3172,57.5317],[-3.3039,57.5314],[-3.2904,57.5396],[-3.2821,57.5527],[-3.2681,57.5585],[-3.2665,57.5627],[-3.2577,57.5615],[-3.2457,57.5634],[-3.2384,57.5695],[-3.2412,57.581],[-3.229,57.5903],[-3.2318,57.5977],[-3.2101,57.6001],[-3.2035,57.6031],[-3.2036,57.6069],[-3.1846,57.6127],[-3.1825,57.6255],[-3.1786,57.6332],[-3.1822,57.6439],[-3.1782,57.6494],[-3.165,57.6531],[-3.1612,57.6657],[-3.1452,57.665],[-3.1396,57.6726],[-3.1306,57.6792]]]},"properties":{"HA_NUM":7,"HA_NAME":"Findhorn Group"}},
{"type":"Feature","geometry":{"type":"Polygon","coordinates":[[[-3.075,57.6713],[-3.0954,57.6749],[-3.1051,57.6711],[-3.1081,57.676],[-3.1306,57.6792],[-3.1396,57.6726],[-3.1452,57.665],[-3.1612,57.6657],[-3.165,57.6531],[-3.1782,57.6494],[-3.1822,57.6439],[-3.1786,57.6332],[-3.1825,57.6255],[-3.1846,57.6127],[-3.2036,57.6069],[-3.2035,57.6031],[-3.2101,57.6001],[-3.2318,57.5977],[-3.229,57.5903],[-3.2412,57.581],[-3.2384,57.5695],[-3.2457,57.5634],[-3.2577,57.5615],[-3.2665,57.5627],[-3.2681,57.5585],[-3.2821,57.5527],[-3.2904,57.5396],[-3.3039,57.5314],[-3.3172,57.5317],[-3.328,57.5298],[-3.3304,57.5261],[-3.3391,57.5234],[-3.3526,57.5169],[-3.3565,57.5097],[-3.3632,57.5101],[-3.3706,57.5059],[-3.3839,57.5071],[-3.3865,57.5089],[-3.4015,57.5074],[-3.407,57.4993],[-3.4137,57.4992],[-3.4207,57.496],[-3.4317,57.5017],[-3.4445,57.4984],[-3.455,57.4891],[-3.4557,57.4852],[-3.4703,57.4743],[-3.4701,57.4696],[-3.4798,57.4629],[-3.4948,57.4623],[-3.5099,57.4653],[-3.5199,57.4652],[-3.5222,57.4593],[-3.5137,57.4558],[-3.5218,57.4505],[-3.5207,57.4452],[-3.5307,57.4439],[-3.5472,57.4397],[-3.5619,57.4332],[-3.5617,57.4278],[-3.5565,57.4245],[-3.5579,57.418],[-3.5544,57.4144],[-3.5782,57.4065],[-3.5953,57.4072],[-3.6002,57.4035],[-3.5986,57.3966],[-3.6076,57.3926],[-3.6095,57.3976],[-3.6175,57.4002],[-3.6342,57.3919],[-3.634,57.3874],[-3.642,57.3807],[-3.6417,57.3736],[-3.6298,57.3692],[-3.6435,57.3589],[-3.6502,57.3598],[-3.6692,57.3671],[-3.6793,57.3589],[-3.6884,57.3597],[-3.6969,57.3641],[-3.7024,57.3559],[-3.7081,57.3545],[-3.7166,57.3575],[-3.7268,57.3529],[-3.7287,57.3497],[-3.7418,57.3455],[-3.7521,57.3525],[-3.7612,57.352],[-3.7882,57.3592],[-3.7947,57.3578],[-3.806,57.3495],[-3.8166,57.3462],[-3.8307,57.3456],[-3.8414,57.3427],[-3.8461,57.3368],[-3.8605,57.3348],[-3.8639,57.3276],[-3.8796,57.326],[-3.886,57.3223],[-3.8867,57.3187],[-3.8978,57.3181],[-3.9021,57.3113],[-3.9141,57.3044],[-3.933,57.3005],[-3.9463,57.2994],[-3.9547,57.2947],[-3.9515,57.289],[-3.9597,57.287],[-3.9561,57.2817],[-3.9583,57.2763],[-3.964,57.2744],[-3.9773,57.2742],[-3.9766,57.2688],[-3.9884,57.265],[-3.9991,57.2563],[-4.01,57.2516],[-4.0195,57.2497],[-4.0324,57.252],[-4.043,57.2484],[-4.0428,57.2446],[-4.049,57.2373],[-4.0412,57.2307],[-4.0407,57.2219],[-4.0439,57.2187],[-4.053,57.2186],[-4.0494,57.2137],[-4.0507,57.2074],[-4.0596,57.2046],[-4.0601,57.1987],[-4.0648,57.1932],[-4.0812,57.1912],[-4.0914,57.1951],[-4.0944,57.1896],[-4.1034,57.1877],[-4.1057,57.184],[-4.1214,57.1847],[-4.1379,57.1693],[-4.1375,57.1633],[-4.1497,57.1595],[-4.1552,57.154],[-4.158,57.1454],[-4.1488,57.1429],[-4.14,57.134],[-4.1389,57.1296],[-4.1546,57.1225],[-4.1594,57.1261],[-4.1726,57.1263],[-4.179,57.1235],[-4.1955,57.1227],[-4.1989,57.1242],[-4.2203,57.1223],[-4.2276,57.1204],[-4.2355,57.1139],[-4.2524,57.1069],[-4.2602,57.1],[-4.2692,57.0985],[-4.2817,57.0942],[-4.2938,57.0954],[-4.3001,57.0917],[-4.3068,57.0924],[-4.3105,57.0982],[-4.3245,57.0984],[-4.3287,57.0925],[-4.3415,57.0806],[-4.3464,57.0791],[-4.3549,57.07],[-4.3711,57.0656],[-4.3674,57.0724],[-4.3778,57.0796],[-4.3848,57.0793],[-4.397,57.084],[-4.4042,57.0798],[-4.4199,57.0741],[-4.4399,57.071],[-4.4496,57.0673],[-4.4566,57.068],[-4.4678,57.0745],[-4.4772,57.0734],[-4.4826,57.0671],[-4.5064,57.0666],[-4.5109,57.071],[-4.5208,57.0721],[-4.531,57.0643],[-4.5308,57.0611],[-4.541,57.0537],[-4.5521,57.0587],[-4.5601,57.0552],[-4.5699,57.0545],[-4.5811,57.0606],[-4.5918,57.0608],[-4.5979,57.0539],[-4.6117,57.05],[-4.6107,57.0476],[-4.6276,57.0425],[-4.6355,57.0365],[-4.6358,57.0291],[-4.6331,57.0262],[-4.6222,57.0238],[-4.6169,57.0183],[-4.6165,57.0133],[-4.6203,57.0081],[-4.6188,56.9982],[-4.6111,56.9955],[-4.6068,56.9915],[-4.5855,56.9823],[-4.5891,56.975],[-4.573,56.9673],[-4.5636,56.9742],[-4.5368,56.9797],[-4.5268,56.9776],[-4.5178,56.9778],[-4.5138,56.9802],[-4.5008,56.9831],[-4.4879,56.9874],[-4.48,56.9916],[-4.4749,56.9899],[-4.4656,56.9793],[-4.4441,56.9838],[-4.4375,56.9835],[-4.4224,56.9865],[-4.4053,56.9886],[-4.399,56.9923],[-4.378,56.9936],[-4.3654,56.9896],[-4.3609,56.9827],[-4.3514,56.9759],[-4.359,56.9657],[-4.3662,56.9628],[-4.3594,56.9598],[-4.3612,56.9488],[-4.3568,56.9439],[-4.3606,56.9387],[-4.3609,56.931],[-4.3533,56.9276],[-4.3505,56.9216],[-4.3546,56.9096],[-4.3485,56.9038],[-4.3481,56.8967],[-4.339,56.8959],[-4.331,56.9001],[-4.3161,56.9107],[-4.3075,56.9181],[-4.3079,56.9244],[-4.305,56.9303],[-4.2998,56.9335],[-4.2916,56.9337],[-4.2763,56.9384],[-4.2584,56.9347],[-4.2449,56.928],[-4.246,56.919],[-4.2567,56.9067],[-4.2702,56.8994],[-4.278,56.8921],[-4.2869,56.8906],[-4.3014,56.8858],[-4.3016,56.8755],[-4.3095,56.87],[-4.3087,56.8567],[-4.3035,56.8528],[-4.2933,56.8541],[-4.2792,56.8503],[-4.265,56.8542],[-4.2401,56.856],[-4.2292,56.8584],[-4.2175,56.8692],[-4.2004,56.8713],[-4.1994,56.8823],[-4.2047,56.8874],[-4.1991,56.8899],[-4.2003,56.8967],[-4.1922,56.899],[-4.1859,56.9036],[-4.187,56.9077],[-4.1776,56.9096],[-4.1679,56.9046],[-4.1581,56.9059],[-4.1376,56.8986],[-4.1266,56.8995],[-4.1173,56.8954],[-4.1082,56.8947],[-4.1077,56.8861],[-4.0965,56.8827],[-4.0872,56.8865],[-4.086,56.8946],[-4.057,56.8955],[-4.0535,56.8996],[-4.0386,56.8976],[-4.0343,56.9008],[-4.0223,56.892],[-4.0129,56.8931],[-4.0107,56.8976],[-3.9991,56.8955],[-3.9988,56.8906],[-3.9882,56.8917],[-3.9722,56.8996],[-3.9636,56.9082],[-3.9639,56.9139],[-3.9707,56.9185],[-3.9685,56.9234],[-3.9697,56.9306],[-3.9643,56.9374],[-3.9529,56.9385],[-3.9517,56.9471],[-3.9378,56.948],[-3.9382,56.9396],[-3.9351,56.9361],[-3.9251,56.9335],[-3.9033,56.9325],[-3.8935,56.9268],[-3.8762,56.9253],[-3.8684,56.9259],[-3.8609,56.9237],[-3.8438,56.9262],[-3.8351,56.9327],[-3.8353,56.9362],[-3.8238,56.9382],[-3.8187,56.9347],[-3.8015,56.9358],[-3.8003,56.9435],[-3.7885,56.9562],[-3.7896,56.9609],[-3.7704,56.9729],[-3.7683,56.981],[-3.7586,56.9845],[-3.7491,56.9927],[-3.7477,56.9975],[-3.7484,57.0118],[-3.7437,57.0164],[-3.7497,57.0217],[-3.7499,57.0269],[-3.7562,57.0369],[-3.7532,57.0432],[-3.7415,57.049],[-3.734,57.0563],[-3.7481,57.0574],[-3.7576,57.0681],[-3.7513,57.0736],[-3.7407,57.0764],[-3.7329,57.0761],[-3.726,57.0798],[-3.7144,57.079],[-3.7098,57.087],[-3.694,57.0919],[-3.6882,57.0924],[-3.6739,57.0854],[-3.6757,57.0793],[-3.6665,57.0761],[-3.6687,57.0711],[-3.657,57.0686],[-3.6516,57.0765],[-3.6543,57.0803],[-3.6459,57.0871],[-3.6401,57.0863],[-3.6232,57.0874],[-3.6055,57.0868],[-3.5922,57.0851],[-3.5834,57.0911],[-3.5667,57.096],[-3.5576,57.0959],[-3.5573,57.0901],[-3.5604,57.0837],[-3.5533,57.0825],[-3.5422,57.0844],[-3.5367,57.0908],[-3.5143,57.0865],[-3.5065,57.0884],[-3.4937,57.0881],[-3.4853,57.0936],[-3.479,57.091],[-3.4609,57.0921],[-3.4489,57.0914],[-3.4308,57.1033],[-3.4189,57.1052],[-3.4158,57.0998],[-3.407,57.0977],[-3.3989,57.1009],[-3.379,57.0975],[-3.3679,57.1006],[-3.3591,57.1081],[-3.3463,57.1073],[-3.3373,57.1106],[-3.3257,57.1204],[-3.321,57.1278],[-3.322,57.1314],[-3.3338,57.1373],[-3.3331,57.1425],[-3.349,57.1477],[-3.3491,57.1513],[-3.3419,57.1554],[-3.347,57.1599],[-3.3528,57.1598],[-3.3563,57.1661],[-3.3574,57.1746],[-3.3542,57.1778],[-3.329,57.1884],[-3.3199,57.1889],[-3.3118,57.1926],[-3.289,57.1937],[-3.2799,57.1911],[-3.2764,57.1992],[-3.2633,57.203],[-3.2565,57.1981],[-3.2409,57.2019],[-3.2402,57.2059],[-3.2461,57.209],[-3.2479,57.2135],[-3.2448,57.2191],[-3.235,57.223],[-3.2384,57.227],[-3.2354,57.2336],[-3.2256,57.2391],[-3.2257,57.2429],[-3.2193,57.2492],[-3.2088,57.2561],[-3.1963,57.2544],[-3.187,57.2635],[-3.1642,57.2623],[-3.1601,57.2635],[-3.1447,57.2737],[-3.1431,57.2769],[-3.1417,57.2841],[-3.1534,57.2894],[-3.1701,57.2919],[-3.1727,57.2948],[-3.1724,57.3114],[-3.1792,57.3165],[-3.1664,57.3319],[-3.1591,57.3387],[-3.1386,57.3475],[-3.1316,57.3484],[-3.121,57.3539],[-3.1134,57.3641],[-3.1069,57.3684],[-3.109,57.3845],[-3.0984,57.3896],[-3.0866,57.3865],[-3.0744,57.3961],[-3.0613,57.4043],[-3.0516,57.4124],[-3.0544,57.4232],[-3.0513,57.4295],[-3.0455,57.4336],[-3.0348,57.4359],[-3.0282,57.4391],[-3.0166,57.4401],[-3.0092,57.4429],[-3.0151,57.4482],[-3.0252,57.4499],[-3.0304,57.4564],[-3.0595,57.4555],[-3.0702,57.4518],[-3.0782,57.4526],[-3.0859,57.4607],[-3.1012,57.4691],[-3.0893,57.4755],[-3.1004,57.4848],[-3.103,57.4902],[-3.0998,57.4942],[-3.0859,57.5015],[-3.0753,57.5124],[-3.0805,57.5177],[-3.0791,57.527],[-3.0726,57.5344],[-3.0603,57.5417],[-3.0479,57.5441],[-3.048,57.5481],[-3.0322,57.5509],[-3.0357,57.5561],[-3.0359,57.5635],[-3.0437,57.5751],[-3.0364,57.5806],[-3.0239,57.5842],[-3.0213,57.5955],[-3.0276,57.5954],[-3.0328,57.6003],[-3.0446,57.6034],[-3.0512,57.6031],[-3.0606,57.6071],[-3.0634,57.6172],[-3.0535,57.6249],[-3.0611,57.6248],[-3.0646,57.6302],[-3.0639,57.6347],[-3.0582,57.6401],[-3.0576,57.6477],[-3.0746,57.6561],[-3.0731,57.6642],[-3.0773,57.6655],[-3.075,57.6713]]]},"properties":{"HA_NUM":8,"HA_NAME":"Spey"}},
{"type":"Feature","geometry":{"type":"Polygon","coordinates":[[[-2.2611,57.6793],[-2.277,57.6871],[-2.2924,57.6911],[-2.299,57.6955],[-2.3245,57.6876],[-2.3269,57.6842],[-2.3266,57.6766],[-2.3443,57.6702],[-2.3504,57.6699],[-2.3593,57.6759],[-2.3718,57.6738],[-2.3798,57.6705],[-2.3969,57.6686],[-2.4087,57.6717],[-2.4232,57.6711],[-2.43,57.674],[-2.4346,57.6715],[-2.444,57.6715],[-2.4469,57.6691],[-2.4564,57.6715],[-2.4658,57.6712],[-2.4748,57.6734],[-2.4902,57.6721],[-2.4957,57.6735],[-2.5122,57.6642],[-2.5195,57.6663],[-2.5249,57.6716],[-2.5403,57.6697],[-2.5532,57.6711],[-2.5653,57.6745],[-2.568,57.6791],[-2.5764,57.6827],[-2.5816,57.6786],[-2.5951,57.6798],[-2.5975,57.6822],[-2.6131,57.6794],[-2.6322,57.6816],[-2.6393,57.6809],[-2.6484,57.6843],[-2.6501,57.6883],[-2.6582,57.6871],[-2.6691,57.6906],[-2.6837,57.6833],[-2.6917,57.6864],[-2.7077,57.6877],[-2.7158,57.6925],[-2.7392,57.6823],[-2.7479,57.684],[-2.7496,57.6914],[-2.7856,57.6953],[-2.7886,57.6998],[-2.7984,57.6971],[-2.8061,57.6971],[-2.8246,57.693],[-2.8398,57.6959],[-2.8469,57.6989],[-2.8484,57.7061],[-2.8742,57.7038],[-2.9037,57.6981],[-2.9209,57.6981],[-2.9271,57.6941],[-2.9328,57.687],[-2.9467,57.6844],[-2.9607,57.6792],[-2.9694,57.6797],[-2.9946,57.6726],[-3.0006,57.6686],[-3.018,57.6641],[-3.0377,57.6651],[-3.075,57.6713],[-3.0773,57.6655],[-3.0731,57.6642],[-3.0746,57.6561],[-3.0576,57.6477],[-3.0582,57.6401],[-3.0639,57.6347],[-3.0646,57.6302],[-3.0611,57.6248],[-3.0535,57.6249],[-3.0634,57.6172],[-3.0606,57.6071],[-3.0512,57.6031],[-3.0446,57.6034],[-3.0328,57.6003],[-3.0276,57.5954],[-3.0213,57.5955],[-3.0239,57.5842],[-3.0364,57.5806],[-3.0437,57.5751],[-3.0359,57.5635],[-3.0357,57.5561],[-3.0322,57.5509],[-3.048,57.5481],[-3.0479,57.5441],[-3.0603,57.5417],[-3.0726,57.5344],[-3.0791,57.527],[-3.0805,57.5177],[-3.0753,57.5124],[-3.0859,57.5015],[-3.0998,57.4942],[-3.103,57.4902],[-3.1004,57.4848],[-3.0893,57.4755],[-3.1012,57.4691],[-3.0859,57.4607],[-3.0782,57.4526],[-3.0702,57.4518],[-3.0595,57.4555],[-3.0304,57.4564],[-3.0252,57.4499],[-3.0151,57.4482],[-3.0092,57.4429],[-3.0166,57.4401],[-3.0282,57.4391],[-3.0348,57.4359],[-3.0455,57.4336],[-3.0513,57.4295],[-3.0544,57.4232],[-3.0516,57.4124],[-3.0613,57.4043],[-3.0744,57.3961],[-3.0866,57.3865],[-3.0984,57.3896],[-3.109,57.3845],[-3.1069,57.3684],[-3.1134,57.3641],[-3.121,57.3539],[-3.1316,57.3484],[-3.1386,57.3475],[-3.1591,57.3387],[-3.1664,57.3319],[-3.1792,57.3165],[-3.1724,57.3114],[-3.1727,57.2948],[-3.1701,57.2919],[-3.1534,57.2894],[-3.1417,57.2841],[-3.1431,57.2769],[-3.1306,57.2766],[-3.1262,57.2806],[-3.1163,57.2834],[-3.1099,57.2776],[-3.1018,57.2818],[-3.0886,57.2839],[-3.0892,57.2787],[-3.0816,57.2725],[-3.07,57.2712],[-3.0698,57.2677],[-3.0528,57.2656],[-3.0449,57.2661],[-3.0382,57.2625],[-3.0199,57.2591],[-3.0192,57.2654],[-3.0048,57.2704],[-2.9896,57.2737],[-2.9888,57.2769],[-2.9748,57.277],[-2.9709,57.2887],[-2.9651,57.2887],[-2.9575,57.2843],[-2.95,57.2834],[-2.9402,57.2876],[-2.8935,57.2928],[-2.8805,57.2893],[-2.8465,57.2873],[-2.8354,57.2923],[-2.8216,57.2897],[-2.8126,57.2965],[-2.8019,57.2966],[-2.796,57.2948],[-2.7886,57.2989],[-2.7954,57.3058],[-2.7956,57.3124],[-2.8015,57.3184],[-2.7966,57.3204],[-2.7926,57.3285],[-2.7801,57.3259],[-2.7678,57.3318],[-2.757,57.3342],[-2.7446,57.3347],[-2.7356,57.3437],[-2.7215,57.3456],[-2.7141,57.3499],[-2.725,57.3552],[-2.7244,57.3631],[-2.7311,57.3698],[-2.7448,57.3697],[-2.7561,57.3728],[-2.7555,57.3822],[-2.7505,57.3823],[-2.7307,57.3873],[-2.7362,57.3949],[-2.7351,57.4005],[-2.7244,57.4071],[-2.7077,57.4072],[-2.702,57.4117],[-2.6925,57.4145],[-2.6796,57.4132],[-2.6747,57.4191],[-2.6559,57.4183],[-2.643,57.4152],[-2.6365,57.4238],[-2.624,57.4261],[-2.6208,57.431],[-2.6125,57.4349],[-2.5911,57.4482],[-2.5862,57.4545],[-2.5822,57.4665],[-2.5789,57.4698],[-2.5702,57.4712],[-2.553,57.4682],[-2.5464,57.4686],[-2.5431,57.4723],[-2.536,57.4732],[-2.5282,57.4793],[-2.5283,57.4835],[-2.5225,57.4874],[-2.5326,57.4945],[-2.521,57.5011],[-2.5174,57.5083],[-2.4981,57.5066],[-2.4919,57.5088],[-2.4723,57.508],[-2.461,57.5036],[-2.4551,57.504],[-2.4376,57.5014],[-2.4375,57.4942],[-2.429,57.4848],[-2.4136,57.484],[-2.3986,57.4804],[-2.389,57.4818],[-2.3815,57.4852],[-2.3749,57.4946],[-2.3683,57.4976],[-2.3612,57.4967],[-2.3437,57.4972],[-2.3257,57.4959],[-2.3284,57.5107],[-2.3218,57.5175],[-2.3226,57.5233],[-2.3177,57.5366],[-2.3048,57.5377],[-2.2952,57.5404],[-2.2887,57.5551],[-2.2879,57.5643],[-2.2712,57.5634],[-2.2562,57.5697],[-2.2579,57.5769],[-2.2483,57.5805],[-2.2454,57.5868],[-2.2521,57.5884],[-2.2513,57.594],[-2.2639,57.6007],[-2.2623,57.6072],[-2.2632,57.616],[-2.2724,57.6191],[-2.2808,57.6245],[-2.2792,57.6299],[-2.2654,57.6362],[-2.2596,57.6371],[-2.2475,57.6425],[-2.2475,57.6517],[-2.2585,57.6537],[-2.2618,57.658],[-2.2636,57.677],[-2.2611,57.6793]]]},"properties":{"HA_NUM":9,"HA_NAME":"Deveron Group"}},
{"type":"Feature","geometry":{"type":"Polygon","coordinates":[[[-2.0773,57.1775],[-2.059,57.2174],[-2.0521,57.2296],[-2.0323,57.2572],[-2.0223,57.27],[-2.0044,57.2907],[-1.9899,57.3056],[-1.9951,57.3118],[-1.9917,57.3163],[-1.9991,57.324],[-1.9988,57.3316],[-2.0097,57.3356],[-2.009,57.3406],[-2.0046,57.345],[-2.0103,57.3548],[-1.9911,57.3489],[-1.9991,57.3391],[-1.997,57.3322],[-1.9858,57.3176],[-1.9872,57.3101],[-1.9685,57.3275],[-1.9576,57.3298],[-1.9564,57.3333],[-1.9419,57.3418],[-1.9368,57.3433],[-1.9245,57.3524],[-1.9109,57.3654],[-1.907,57.3659],[-1.8932,57.3737],[-1.8779,57.3801],[-1.8653,57.3889],[-1.8632,57.4042],[-1.8543,57.4115],[-1.8482,57.4135],[-1.8393,57.4097],[-1.8317,57.4147],[-1.8295,57.4193],[-1.8153,57.4275],[-1.8171,57.435],[-1.7978,57.4473],[-1.8004,57.4531],[-1.7895,57.4559],[-1.7763,57.47],[-1.7777,57.4751],[-1.7877,57.4805],[-1.7951,57.4819],[-1.7959,57.4853],[-1.7835,57.4887],[-1.7824,57.4912],[-1.7939,57.497],[-1.7908,57.5024],[-1.7837,57.5037],[-1.7663,57.5028],[-1.7671,57.5061],[-1.7763,57.5114],[-1.7888,57.5159],[-1.797,57.5168],[-1.7989,57.5229],[-1.8044,57.5263],[-1.8072,57.5334],[-1.8019,57.544],[-1.8057,57.5498],[-1.804,57.5563],[-1.8128,57.561],[-1.8221,57.571],[-1.8283,57.5879],[-1.8279,57.597],[-1.8208,57.6076],[-1.8264,57.6146],[-1.8556,57.6225],[-1.8673,57.6266],[-1.8796,57.6334],[-1.8946,57.6468],[-1.8987,57.6551],[-1.9122,57.6622],[-1.9197,57.6708],[-1.9192,57.6741],[-1.9405,57.6806],[-1.9491,57.6786],[-1.9554,57.6745],[-1.9768,57.6766],[-1.9966,57.6814],[-2.0005,57.684],[-1.9987,57.6892],[-2.0036,57.6922],[-2.0002,57.6972],[-2.0049,57.6988],[-2.0133,57.6958],[-2.0221,57.6972],[-2.0412,57.6919],[-2.0512,57.6934],[-2.06,57.6977],[-2.0821,57.7005],[-2.1104,57.6971],[-2.1188,57.7006],[-2.1331,57.6951],[-2.1393,57.6896],[-2.1488,57.6864],[-2.1554,57.6819],[-2.1649,57.6803],[-2.1767,57.6736],[-2.1929,57.6714],[-2.2129,57.6797],[-2.2178,57.6777],[-2.2304,57.6808],[-2.2506,57.6825],[-2.2611,57.6793],[-2.2636,57.677],[-2.2618,57.658],[-2.2585,57.6537],[-2.2475,57.6517],[-2.2475,57.6425],[-2.2596,57.6371],[-2.2654,57.6362],[-2.2792,57.6299],[-2.2808,57.6245],[-2.2724,57.6191],[-2.2632,57.616],[-2.2623,57.6072],[-2.2639,57.6007],[-2.2513,57.594],[-2.2521,57.5884],[-2.2454,57.5868],[-2.2483,57.5805],[-2.2579,57.5769],[-2.2562,57.5697],[-2.2712,57.5634],[-2.2879,57.5643],[-2.2887,57.5551],[-2.2952,57.5404],[-2.3048,57.5377],[-2.3177,57.5366],[-2.3226,57.5233],[-2.3218,57.5175],[-2.3284,57.5107],[-2.3257,57.4959],[-2.3437,57.4972],[-2.3612,57.4967],[-2.3683,57.4976],[-2.3749,57.4946],[-2.3815,57.4852],[-2.389,57.4818],[-2.3986,57.4804],[-2.4136,57.484],[-2.429,57.4848],[-2.4375,57.4942],[-2.4376,57.5014],[-2.4551,57.504],[-2.461,57.5036],[-2.4723,57.508],[-2.4919,57.5088],[-2.4981,57.5066],[-2.5174,57.5083],[-2.521,57.5011],[-2.5326,57.4945],[-2.5225,57.4874],[-2.5283,57.4835],[-2.5282,57.4793],[-2.536,57.4732],[-2.5431,57.4723],[-2.5464,57.4686],[-2.553,57.4682],[-2.5702,57.4712],[-2.5789,57.4698],[-2.5822,57.4665],[-2.5862,57.4545],[-2.5911,57.4482],[-2.6125,57.4349],[-2.6208,57.431],[-2.624,57.4261],[-2.5967,57.4105],[-2.5934,57.41],[-2.5824,57.402],[-2.5637,57.403],[-2.5461,57.395],[-2.5282,57.3946],[-2.5203,57.3926],[-2.5193,57.3834],[-2.511,57.3799],[-2.5109,57.3749],[-2.4931,57.3781],[-2.4694,57.3787],[-2.4631,57.372],[-2.4493,57.3711],[-2.4394,57.3747],[-2.4361,57.3792],[-2.4204,57.3845],[-2.4129,57.3809],[-2.4045,57.3798],[-2.3959,57.3852],[-2.3796,57.3839],[-2.3663,57.3808],[-2.3613,57.3777],[-2.343,57.3755],[-2.3388,57.3733],[-2.3396,57.3667],[-2.3312,57.3603],[-2.3254,57.3603],[-2.3236,57.3511],[-2.3165,57.3477],[-2.3127,57.3405],[-2.306,57.3361],[-2.2961,57.3356],[-2.2918,57.3258],[-2.286,57.3211],[-2.2901,57.3163],[-2.3005,57.3136],[-2.3017,57.3098],[-2.2967,57.306],[-2.2966,57.2993],[-2.2875,57.2997],[-2.2809,57.3047],[-2.2759,57.3054],[-2.2677,57.3108],[-2.2369,57.3021],[-2.2369,57.2989],[-2.2277,57.2976],[-2.2223,57.2945],[-2.2037,57.2936],[-2.1928,57.2878],[-2.1903,57.2828],[-2.1837,57.2833],[-2.1729,57.2752],[-2.1679,57.2779],[-2.1538,57.2757],[-2.1429,57.2546],[-2.1396,57.2519],[-2.1495,57.2452],[-2.1445,57.2326],[-2.1495,57.2281],[-2.1437,57.2259],[-2.142,57.2164],[-2.1328,57.2115],[-2.1279,57.2036],[-2.1394,57.198],[-2.1394,57.194],[-2.1295,57.1931],[-2.1245,57.1877],[-2.1096,57.1873],[-2.0997,57.1828],[-2.0906,57.1828],[-2.0773,57.1775]]]},"properties":{"HA_NUM":10,"HA_NAME":"Ythan Group"}},
{"type":"Feature","geometry":{"type":"Polygon","coordinates":[[[-2.0773,57.1775],[-2.0906,57.1828],[-2.0997,57.1828],[-2.1096,57.1873],[-2.1245,57.1877],[-2.1295,57.1931],[-2.1394,57.194],[-2.1394,57.198],[-2.1279,57.2036],[-2.1328,57.2115],[-2.142,57.2164],[-2.1437,57.2259],[-2.1495,57.2281],[-2.1445,57.2326],[-2.1495,57.2452],[-2.1396,57.2519],[-2.1429,57.2546],[-2.1538,57.2757],[-2.1679,57.2779],[-2.1729,57.2752],[-2.1837,57.2833],[-2.1903,57.2828],[-2.1928,57.2878],[-2.2037,57.2936],[-2.2223,57.2945],[-2.2277,57.2976],[-2.2369,57.2989],[-2.2369,57.3021],[-2.2677,57.3108],[-2.2759,57.3054],[-2.2809,57.3047],[-2.2875,57.2997],[-2.2966,57.2993],[-2.2967,57.306],[-2.3017,57.3098],[-2.3005,57.3136],[-2.2901,57.3163],[-2.286,57.3211],[-2.2918,57.3258],[-2.2961,57.3356],[-2.306,57.3361],[-2.3127,57.3405],[-2.3165,57.3477],[-2.3236,57.3511],[-2.3254,57.3603],[-2.3312,57.3603],[-2.3396,57.3667],[-2.3388,57.3733],[-2.343,57.3755],[-2.3613,57.3777],[-2.3663,57.3808],[-2.3796,57.3839],[-2.3959,57.3852],[-2.4045,57.3798],[-2.4129,57.3809],[-2.4204,57.3845],[-2.4361,57.3792],[-2.4394,57.3747],[-2.4493,57.3711],[-2.4631,57.372],[-2.4694,57.3787],[-2.4931,57.3781],[-2.5109,57.3749],[-2.511,57.3799],[-2.5193,57.3834],[-2.5203,57.3926],[-2.5282,57.3946],[-2.5461,57.395],[-2.5637,57.403],[-2.5824,57.402],[-2.5934,57.41],[-2.5967,57.4105],[-2.624,57.4261],[-2.6365,57.4238],[-2.643,57.4152],[-2.6559,57.4183],[-2.6747,57.4191],[-2.6796,57.4132],[-2.6925,57.4145],[-2.702,57.4117],[-2.7077,57.4072],[-2.7244,57.4071],[-2.7351,57.4005],[-2.7362,57.3949],[-2.7307,57.3873],[-2.7505,57.3823],[-2.7555,57.3822],[-2.7561,57.3728],[-2.7448,57.3697],[-2.7311,57.3698],[-2.7244,57.3631],[-2.725,57.3552],[-2.7141,57.3499],[-2.7215,57.3456],[-2.7356,57.3437],[-2.7446,57.3347],[-2.757,57.3342],[-2.7678,57.3318],[-2.7801,57.3259],[-2.7926,57.3285],[-2.7966,57.3204],[-2.8015,57.3184],[-2.7956,57.3124],[-2.7954,57.3058],[-2.7886,57.2989],[-2.796,57.2948],[-2.8019,57.2966],[-2.8126,57.2965],[-2.8216,57.2897],[-2.8354,57.2923],[-2.8465,57.2873],[-2.8805,57.2893],[-2.8935,57.2928],[-2.9402,57.2876],[-2.95,57.2834],[-2.9575,57.2843],[-2.9651,57.2887],[-2.9709,57.2887],[-2.9748,57.277],[-2.9888,57.2769],[-2.9896,57.2737],[-3.0048,57.2704],[-3.0192,57.2654],[-3.0199,57.2591],[-3.0382,57.2625],[-3.0449,57.2661],[-3.0528,57.2656],[-3.0698,57.2677],[-3.07,57.2712],[-3.0816,57.2725],[-3.0892,57.2787],[-3.0886,57.2839],[-3.1018,57.2818],[-3.1099,57.2776],[-3.1163,57.2834],[-3.1262,57.2806],[-3.1306,57.2766],[-3.1431,57.2769],[-3.1447,57.2737],[-3.1601,57.2635],[-3.1642,57.2623],[-3.187,57.2635],[-3.1963,57.2544],[-3.2088,57.2561],[-3.2193,57.2492],[-3.2257,57.2429],[-3.2256,57.2391],[-3.2354,57.2336],[-3.2384,57.227],[-3.235,57.223],[-3.2448,57.2191],[-3.2479,57.2135],[-3.2461,57.209],[-3.2402,57.2059],[-3.2409,57.2019],[-3.2565,57.1981],[-3.2633,57.203],[-3.2764,57.1992],[-3.2799,57.1911],[-3.289,57.1937],[-3.3118,57.1926],[-3.3199,57.1889],[-3.329,57.1884],[-3.3542,57.1778],[-3.3574,57.1746],[-3.3563,57.1661],[-3.3528,57.1598],[-3.347,57.1599],[-3.3419,57.1554],[-3.3491,57.1513],[-3.349,57.1477],[-3.3331,57.1425],[-3.3338,57.1373],[-3.322,57.1314],[-3.3127,57.1266],[-3.3019,57.1244],[-3.2899,57.1245],[-3.2796,57.1229],[-3.2621,57.1302],[-3.2522,57.1321],[-3.2402,57.1322],[-3.2302,57.1292],[-3.2104,57.1298],[-3.2029,57.127],[-3.1855,57.1265],[-3.1706,57.1244],[-3.1649,57.1285],[-3.1461,57.1345],[-3.1383,57.1341],[-3.1338,57.1373],[-3.102,57.1371],[-3.0942,57.1381],[-3.0784,57.136],[-3.0702,57.1383],[-3.0676,57.132],[-3.0625,57.128],[-3.0529,57.1254],[-3.0475,57.1214],[-3.0318,57.122],[-3.0191,57.1248],[-3.012,57.1248],[-3.004,57.1334],[-3.0041,57.1375],[-2.9879,57.1493],[-2.9765,57.1548],[-2.9758,57.1606],[-2.9601,57.1598],[-2.9535,57.1621],[-2.9479,57.168],[-2.9264,57.1664],[-2.9202,57.1678],[-2.8958,57.168],[-2.881,57.1708],[-2.8739,57.1699],[-2.8529,57.1709],[-2.8429,57.1688],[-2.8353,57.1594],[-2.8303,57.1572],[-2.8111,57.1528],[-2.8061,57.1497],[-2.7979,57.1506],[-2.7829,57.1442],[-2.7811,57.1368],[-2.7703,57.1373],[-2.7654,57.1401],[-2.7563,57.1401],[-2.7514,57.1429],[-2.7432,57.1425],[-2.7326,57.1493],[-2.7148,57.1507],[-2.7012,57.1499],[-2.6913,57.1517],[-2.6749,57.1586],[-2.675,57.163],[-2.6676,57.1658],[-2.6519,57.1672],[-2.6491,57.1704],[-2.6363,57.1758],[-2.6306,57.1799],[-2.6083,57.1809],[-2.6058,57.1784],[-2.6188,57.1674],[-2.6187,57.1624],[-2.6079,57.1564],[-2.6103,57.1517],[-2.602,57.1508],[-2.5895,57.1437],[-2.5821,57.1424],[-2.5794,57.1339],[-2.581,57.1271],[-2.5718,57.1222],[-2.5478,57.1165],[-2.5371,57.1177],[-2.5273,57.1283],[-2.5307,57.1339],[-2.5357,57.1354],[-2.5457,57.1444],[-2.5417,57.1502],[-2.5253,57.1588],[-2.5163,57.1656],[-2.5055,57.1665],[-2.4981,57.1697],[-2.4841,57.1725],[-2.4759,57.1725],[-2.4672,57.1757],[-2.4585,57.1764],[-2.452,57.1802],[-2.452,57.1838],[-2.4364,57.196],[-2.429,57.2001],[-2.4225,57.2064],[-2.405,57.1965],[-2.3917,57.1923],[-2.39,57.1881],[-2.3764,57.189],[-2.3664,57.1868],[-2.3627,57.189],[-2.3404,57.1842],[-2.3387,57.1824],[-2.3238,57.1793],[-2.3204,57.1703],[-2.3038,57.1654],[-2.2914,57.1654],[-2.2798,57.161],[-2.2678,57.1646],[-2.2513,57.1673],[-2.2402,57.1718],[-2.2344,57.17],[-2.2311,57.1647],[-2.2409,57.1583],[-2.2409,57.1534],[-2.2367,57.1503],[-2.2235,57.1521],[-2.2169,57.1546],[-2.2087,57.1517],[-2.1996,57.1553],[-2.1699,57.1603],[-2.1599,57.1607],[-2.1492,57.1634],[-2.1442,57.1607],[-2.1302,57.1612],[-2.1265,57.159],[-2.1004,57.159],[-2.0909,57.1558],[-2.0786,57.1536],[-2.0784,57.1722],[-2.0773,57.1775]]]},"properties":{"HA_NUM":11,"HA_NAME":"Don (Aberdeenshire)"}},
{"type":"Feature","geometry":{"type":"Polygon","coordinates":[[[-2.0786,57.1536],[-2.0909,57.1558],[-2.1004,57.159],[-2.1265,57.159],[-2.1302,57.1612],[-2.1442,57.1607],[-2.1492,57.1634],[-2.1599,57.1607],[-2.1699,57.1603],[-2.1996,57.1553],[-2.2087,57.1517],[-2.2169,57.1546],[-2.2235,57.1521],[-2.2367,57.1503],[-2.2409,57.1534],[-2.2409,57.1583],[-2.2311,57.1647],[-2.2344,57.17],[-2.2402,57.1718],[-2.2513,57.1673],[-2.2678,57.1646],[-2.2798,57.161],[-2.2914,57.1654],[-2.3038,57.1654],[-2.3204,57.1703],[-2.3238,57.1793],[-2.3387,57.1824],[-2.3404,57.1842],[-2.3627,57.189],[-2.3664,57.1868],[-2.3764,57.189],[-2.39,57.1881],[-2.3917,57.1923],[-2.405,57.1965],[-2.4225,57.2064],[-2.429,57.2001],[-2.4364,57.196],[-2.452,57.1838],[-2.452,57.1802],[-2.4585,57.1764],[-2.4672,57.1757],[-2.4759,57.1725],[-2.4841,57.1725],[-2.4981,57.1697],[-2.5055,57.1665],[-2.5163,57.1656],[-2.5253,57.1588],[-2.5417,57.1502],[-2.5457,57.1444],[-2.5357,57.1354],[-2.5307,57.1339],[-2.5273,57.1283],[-2.5371,57.1177],[-2.5478,57.1165],[-2.5718,57.1222],[-2.581,57.1271],[-2.5794,57.1339],[-2.5821,57.1424],[-2.5895,57.1437],[-2.602,57.1508],[-2.6103,57.1517],[-2.6079,57.1564],[-2.6187,57.1624],[-2.6188,57.1674],[-2.6058,57.1784],[-2.6083,57.1809],[-2.6306,57.1799],[-2.6363,57.1758],[-2.6491,57.1704],[-2.6519,57.1672],[-2.6676,57.1658],[-2.675,57.163],[-2.6749,57.1586],[-2.6913,57.1517],[-2.7012,57.1499],[-2.7148,57.1507],[-2.7326,57.1493],[-2.7432,57.1425],[-2.7514,57.1429],[-2.7563,57.1401],[-2.7654,57.1401],[-2.7703,57.1373],[-2.7811,57.1368],[-2.7829,57.1442],[-2.7979,57.1506],[-2.8061,57.1497],[-2.8111,57.1528],[-2.8303,57.1572],[-2.8353,57.1594],[-2.8429,57.1688],[-2.8529,57.1709],[-2.8739,57.1699],[-2.881,57.1708],[-2.8958,57.168],[-2.9202,57.1678],[-2.9264,57.1664],[-2.9479,57.168],[-2.9535,57.1621],[-2.9601,57.1598],[-2.9758,57.1606],[-2.9765,57.1548],[-2.9879,57.1493],[-3.0041,57.1375],[-3.004,57.1334],[-3.012,57.1248],[-3.0191,57.1248],[-3.0318,57.122],[-3.0475,57.1214],[-3.0529,57.1254],[-3.0625,57.128],[-3.0676,57.132],[-3.0702,57.1383],[-3.0784,57.136],[-3.0942,57.1381],[-3.102,57.1371],[-3.1338,57.1373],[-3.1383,57.1341],[-3.1461,57.1345],[-3.1649,57.1285],[-3.1706,57.1244],[-3.1855,57.1265],[-3.2029,57.127],[-3.2104,57.1298],[-3.2302,57.1292],[-3.2402,57.1322],[-3.2522,57.1321],[-3.2621,57.1302],[-3.2796,57.1229],[-3.2899,57.1245],[-3.3019,57.1244],[-3.3127,57.1266],[-3.322,57.1314],[-3.321,57.1278],[-3.3257,57.1204],[-3.3373,57.1106],[-3.3463,57.1073],[-3.3591,57.1081],[-3.3679,57.1006],[-3.379,57.0975],[-3.3989,57.1009],[-3.407,57.0977],[-3.4158,57.0998],[-3.4189,57.1052],[-3.4308,57.1033],[-3.4489,57.0914],[-3.4609,57.0921],[-3.479,57.091],[-3.4853,57.0936],[-3.4937,57.0881],[-3.5065,57.0884],[-3.5143,57.0865],[-3.5367,57.0908],[-3.5422,57.0844],[-3.5533,57.0825],[-3.5604,57.0837],[-3.5573,57.0901],[-3.5576,57.0959],[-3.5667,57.096],[-3.5834,57.0911],[-3.5922,57.0851],[-3.6055,57.0868],[-3.6232,57.0874],[-3.6401,57.0863],[-3.6459,57.0871],[-3.6543,57.0803],[-3.6516,57.0765],[-3.657,57.0686],[-3.6687,57.0711],[-3.6665,57.0761],[-3.6757,57.0793],[-3.6739,57.0854],[-3.6882,57.0924],[-3.694,57.0919],[-3.7098,57.087],[-3.7144,57.079],[-3.726,57.0798],[-3.7329,57.0761],[-3.7407,57.0764],[-3.7513,57.0736],[-3.7576,57.0681],[-3.7481,57.0574],[-3.734,57.0563],[-3.7415,57.049],[-3.7532,57.0432],[-3.7562,57.0369],[-3.7499,57.0269],[-3.7497,57.0217],[-3.7437,57.0164],[-3.7484,57.0118],[-3.7477,56.9975],[-3.7491,56.9927],[-3.7586,56.9845],[-3.7683,56.981],[-3.7704,56.9729],[-3.7896,56.9609],[-3.7885,56.9562],[-3.8003,56.9435],[-3.8015,56.9358],[-3.7989,56.9323],[-3.7857,56.923],[-3.7763,56.9245],[-3.7635,56.931],[-3.7398,56.9336],[-3.7323,56.931],[-3.7271,56.9259],[-3.7251,56.9185],[-3.7144,56.9182],[-3.7094,56.9151],[-3.6868,56.9163],[-3.6777,56.9241],[-3.6748,56.9327],[-3.6592,56.9329],[-3.6499,56.9267],[-3.6494,56.9236],[-3.6211,56.9257],[-3.6098,56.9308],[-3.5827,56.9312],[-3.5786,56.9303],[-3.5803,56.9222],[-3.5739,56.9169],[-3.5728,56.9106],[-3.5662,56.9078],[-3.5589,56.9018],[-3.56,56.8969],[-3.5681,56.895],[-3.5687,56.8891],[-3.5615,56.8843],[-3.5472,56.8862],[-3.54,56.8913],[-3.5316,56.8869],[-3.5079,56.8881],[-3.4928,56.8808],[-3.4844,56.8749],[-3.4671,56.8733],[-3.4459,56.8771],[-3.4456,56.8803],[-3.4388,56.8853],[-3.429,56.8863],[-3.4185,56.8797],[-3.4132,56.8797],[-3.4039,56.8834],[-3.3939,56.88],[-3.3861,56.88],[-3.3761,56.8748],[-3.3663,56.8778],[-3.3633,56.8839],[-3.3526,56.884],[-3.3496,56.8899],[-3.343,56.8913],[-3.3358,56.8968],[-3.3121,56.8975],[-3.3015,56.8998],[-3.2984,56.9048],[-3.2857,56.9063],[-3.2839,56.9144],[-3.2909,56.926],[-3.2803,56.9283],[-3.2701,56.9199],[-3.2616,56.9213],[-3.2426,56.9179],[-3.2331,56.918],[-3.2243,56.9132],[-3.2045,56.9093],[-3.1991,56.9058],[-3.1768,56.9038],[-3.1704,56.9074],[-3.1518,56.9049],[-3.138,56.8974],[-3.1345,56.8895],[-3.1222,56.8881],[-3.1141,56.8933],[-3.1052,56.8959],[-3.1119,56.9026],[-3.1096,56.9066],[-3.1116,56.9181],[-3.1061,56.9273],[-3.0979,56.9292],[-3.0957,56.9362],[-3.0984,56.9462],[-3.0936,56.9503],[-3.0862,56.9508],[-3.0832,56.9585],[-3.0771,56.9613],[-3.0619,56.9618],[-3.05,56.9637],[-3.0431,56.9665],[-3.0316,56.9684],[-3.026,56.9722],[-3.0131,56.9672],[-2.9819,56.9679],[-2.9684,56.9698],[-2.9522,56.9668],[-2.9469,56.9686],[-2.9462,56.9731],[-2.9314,56.9732],[-2.9252,56.9719],[-2.9126,56.9785],[-2.9128,56.9828],[-2.8964,56.9865],[-2.884,56.9857],[-2.8769,56.9808],[-2.8666,56.9809],[-2.86,56.9782],[-2.8533,56.9724],[-2.8459,56.972],[-2.834,56.9761],[-2.8319,56.9708],[-2.8243,56.9618],[-2.8148,56.9619],[-2.7983,56.958],[-2.7798,56.9572],[-2.7675,56.9604],[-2.7526,56.954],[-2.7475,56.9488],[-2.7405,56.9489],[-2.7343,56.9426],[-2.7342,56.9386],[-2.7283,56.9339],[-2.7257,56.9265],[-2.7191,56.9236],[-2.7109,56.9248],[-2.7002,56.9217],[-2.6869,56.9155],[-2.6802,56.9095],[-2.6785,56.9018],[-2.6807,56.8886],[-2.6688,56.8909],[-2.6635,56.8891],[-2.652,56.8905],[-2.6466,56.8879],[-2.6388,56.8888],[-2.6332,56.8951],[-2.6291,56.896],[-2.6235,56.9028],[-2.6092,56.9065],[-2.6023,56.911],[-2.5957,56.911],[-2.5818,56.9138],[-2.5745,56.9183],[-2.5589,56.9217],[-2.5581,56.926],[-2.5396,56.9243],[-2.5355,56.9221],[-2.5269,56.9239],[-2.522,56.9289],[-2.5369,56.9324],[-2.5369,56.9371],[-2.5313,56.9459],[-2.5231,56.9493],[-2.5273,56.9535],[-2.5266,56.9603],[-2.5159,56.961],[-2.502,56.968],[-2.4964,56.9746],[-2.4897,56.9708],[-2.4692,56.9702],[-2.4573,56.9731],[-2.4462,56.9795],[-2.4405,56.9804],[-2.4315,56.9876],[-2.4241,56.9876],[-2.4069,56.9958],[-2.4012,57.0012],[-2.3897,57.0039],[-2.3808,57.012],[-2.3697,57.017],[-2.3639,57.017],[-2.3422,57.0211],[-2.3332,57.0274],[-2.3208,57.0311],[-2.3142,57.0279],[-2.3125,57.0239],[-2.2944,57.0253],[-2.2759,57.0199],[-2.2697,57.0244],[-2.2458,57.0263],[-2.2405,57.0303],[-2.2236,57.0322],[-2.2137,57.0299],[-2.2138,57.0353],[-2.225,57.0456],[-2.2254,57.0542],[-2.2205,57.06],[-2.2148,57.0618],[-2.1962,57.0619],[-2.1843,57.0659],[-2.1843,57.0735],[-2.1785,57.0754],[-2.1604,57.0754],[-2.1472,57.0826],[-2.1497,57.088],[-2.144,57.0961],[-2.1225,57.0952],[-2.1118,57.0907],[-2.0986,57.0983],[-2.0986,57.1069],[-2.0949,57.11],[-2.0871,57.1082],[-2.0813,57.115],[-2.0888,57.1219],[-2.0913,57.1276],[-2.0888,57.1329],[-2.0797,57.1334],[-2.0681,57.1379],[-2.064,57.1419],[-2.0715,57.1416],[-2.0786,57.1536]]]},"properties":{"HA_NUM":12,"HA_NAME":"Dee (Aberdeenshire)"}},
{"type":"Feature","geometry":{"type":"Polygon","coordinates":[[[-2.5446,56.7163],[-2.5287,56.7098],[-2.5176,56.7218],[-2.5099,56.7239],[-2.4742,56.7204],[-2.4708,56.7067],[-2.4622,56.7035],[-2.4554,56.7036],[-2.4471,56.7118],[-2.4404,56.7309],[-2.4341,56.7419],[-2.4261,56.7522],[-2.4299,56.7541],[-2.4184,56.7604],[-2.4135,56.7658],[-2.4038,56.7725],[-2.3963,56.7751],[-2.3764,56.7737],[-2.3762,56.7762],[-2.3583,56.787],[-2.35,56.7884],[-2.3354,56.7941],[-2.3257,56.7962],[-2.3076,56.8076],[-2.3014,56.8157],[-2.2957,56.8191],[-2.2893,56.8276],[-2.2773,56.8297],[-2.2746,56.8353],[-2.2751,56.8415],[-2.2587,56.8456],[-2.2427,56.8601],[-2.2375,56.8606],[-2.2237,56.8746],[-2.2132,56.8839],[-2.2178,56.8855],[-2.2129,56.8961],[-2.2033,56.9002],[-2.203,56.908],[-2.1964,56.9088],[-2.2005,56.9227],[-2.1965,56.928],[-2.2018,56.9335],[-2.1953,56.9428],[-2.2006,56.9583],[-2.2052,56.9622],[-2.2039,56.9693],[-2.1813,56.9813],[-2.1819,56.9867],[-2.1763,56.996],[-2.1673,57.0026],[-2.1678,57.0092],[-2.1612,57.018],[-2.1477,57.0237],[-2.145,57.0291],[-2.1338,57.0338],[-2.1273,57.0416],[-2.1207,57.0433],[-2.1229,57.0479],[-2.1114,57.0534],[-2.1047,57.0591],[-2.1072,57.0613],[-2.095,57.0665],[-2.0859,57.0859],[-2.0804,57.089],[-2.075,57.1009],[-2.0654,57.1083],[-2.0594,57.1171],[-2.0489,57.1289],[-2.0591,57.1312],[-2.0573,57.1358],[-2.0469,57.1381],[-2.0552,57.1424],[-2.064,57.1419],[-2.0681,57.1379],[-2.0797,57.1334],[-2.0888,57.1329],[-2.0913,57.1276],[-2.0888,57.1219],[-2.0813,57.115],[-2.0871,57.1082],[-2.0949,57.11],[-2.0986,57.1069],[-2.0986,57.0983],[-2.1118,57.0907],[-2.1225,57.0952],[-2.144,57.0961],[-2.1497,57.088],[-2.1472,57.0826],[-2.1604,57.0754],[-2.1785,57.0754],[-2.1843,57.0735],[-2.1843,57.0659],[-2.1962,57.0619],[-2.2148,57.0618],[-2.2205,57.06],[-2.2254,57.0542],[-2.225,57.0456],[-2.2138,57.0353],[-2.2137,57.0299],[-2.2236,57.0322],[-2.2405,57.0303],[-2.2458,57.0263],[-2.2697,57.0244],[-2.2759,57.0199],[-2.2944,57.0253],[-2.3125,57.0239],[-2.3142,57.0279],[-2.3208,57.0311],[-2.3332,57.0274],[-2.3422,57.0211],[-2.3639,57.017],[-2.3697,57.017],[-2.3808,57.012],[-2.3897,57.0039],[-2.4012,57.0012],[-2.4069,56.9958],[-2.4241,56.9876],[-2.4315,56.9876],[-2.4405,56.9804],[-2.4462,56.9795],[-2.4573,56.9731],[-2.4692,56.9702],[-2.4897,56.9708],[-2.4964,56.9746],[-2.502,56.968],[-2.5159,56.961],[-2.5266,56.9603],[-2.5273,56.9535],[-2.5231,56.9493],[-2.5313,56.9459],[-2.5369,56.9371],[-2.5369,56.9324],[-2.522,56.9289],[-2.5269,56.9239],[-2.5355,56.9221],[-2.5396,56.9243],[-2.5581,56.926],[-2.5589,56.9217],[-2.5745,56.9183],[-2.5818,56.9138],[-2.5957,56.911],[-2.6023,56.911],[-2.6092,56.9065],[-2.6235,56.9028],[-2.6291,56.896],[-2.6332,56.8951],[-2.6388,56.8888],[-2.6466,56.8879],[-2.652,56.8905],[-2.6635,56.8891],[-2.6688,56.8909],[-2.6807,56.8886],[-2.6785,56.9018],[-2.6802,56.9095],[-2.6869,56.9155],[-2.7002,56.9217],[-2.7109,56.9248],[-2.7191,56.9236],[-2.7257,56.9265],[-2.7283,56.9339],[-2.7342,56.9386],[-2.7343,56.9426],[-2.7405,56.9489],[-2.7475,56.9488],[-2.7526,56.954],[-2.7675,56.9604],[-2.7798,56.9572],[-2.7983,56.958],[-2.8148,56.9619],[-2.8243,56.9618],[-2.8319,56.9708],[-2.834,56.9761],[-2.8459,56.972],[-2.8533,56.9724],[-2.86,56.9782],[-2.8666,56.9809],[-2.8769,56.9808],[-2.884,56.9857],[-2.8964,56.9865],[-2.9128,56.9828],[-2.9126,56.9785],[-2.9252,56.9719],[-2.9314,56.9732],[-2.9462,56.9731],[-2.9469,56.9686],[-2.9522,56.9668],[-2.9684,56.9698],[-2.9819,56.9679],[-3.0131,56.9672],[-3.026,56.9722],[-3.0316,56.9684],[-3.0431,56.9665],[-3.05,56.9637],[-3.0619,56.9618],[-3.0771,56.9613],[-3.0832,56.9585],[-3.0862,56.9508],[-3.0936,56.9503],[-3.0984,56.9462],[-3.0957,56.9362],[-3.0979,56.9292],[-3.1061,56.9273],[-3.1116,56.9181],[-3.1096,56.9066],[-3.1119,56.9026],[-3.1052,56.8959],[-3.1141,56.8933],[-3.1222,56.8881],[-3.1345,56.8895],[-3.138,56.8974],[-3.1518,56.9049],[-3.1704,56.9074],[-3.1768,56.9038],[-3.1991,56.9058],[-3.2045,56.9093],[-3.2243,56.9132],[-3.2331,56.918],[-3.2426,56.9179],[-3.2616,56.9213],[-3.2701,56.9199],[-3.2803,56.9283],[-3.2909,56.926],[-3.2839,56.9144],[-3.2857,56.9063],[-3.2984,56.9048],[-3.3015,56.8998],[-3.3121,56.8975],[-3.307,56.8939],[-3.2922,56.8932],[-3.2839,56.8901],[-3.2844,56.882],[-3.2801,56.8756],[-3.2848,56.8674],[-3.272,56.8539],[-3.2621,56.8508],[-3.2593,56.8432],[-3.2682,56.8395],[-3.2689,56.8337],[-3.2537,56.8217],[-3.2421,56.8182],[-3.2412,56.8142],[-3.2304,56.81],[-3.2295,56.8071],[-3.2211,56.802],[-3.2188,56.7924],[-3.2065,56.793],[-3.2006,56.7989],[-3.1855,56.7891],[-3.1764,56.787],[-3.1738,56.7802],[-3.1663,56.7776],[-3.1629,56.7736],[-3.1686,56.7704],[-3.1692,56.7664],[-3.154,56.7638],[-3.1482,56.7607],[-3.1476,56.7544],[-3.1353,56.7523],[-3.1278,56.7479],[-3.1268,56.7432],[-3.1152,56.7368],[-3.1328,56.7236],[-3.1499,56.7234],[-3.1564,56.7211],[-3.152,56.7122],[-3.1593,56.7094],[-3.1592,56.7049],[-3.1648,56.7017],[-3.1647,56.6979],[-3.1556,56.696],[-3.1247,56.6976],[-3.1235,56.7012],[-3.115,56.7017],[-3.1103,56.7076],[-3.1029,56.7063],[-3.0808,56.7061],[-3.0699,56.6972],[-3.0512,56.6998],[-3.0396,56.6911],[-3.0297,56.6881],[-3.0215,56.6882],[-3.0102,56.6912],[-2.9987,56.6879],[-2.9968,56.6798],[-2.9883,56.6808],[-2.9685,56.6729],[-2.9622,56.6666],[-2.9604,56.6608],[-2.9473,56.6586],[-2.9423,56.6519],[-2.9268,56.6516],[-2.9242,56.6476],[-2.9095,56.6481],[-2.9006,56.6505],[-2.8917,56.6505],[-2.8852,56.6533],[-2.8729,56.6507],[-2.8552,56.6436],[-2.8604,56.6382],[-2.8603,56.6343],[-2.8715,56.6244],[-2.8631,56.6157],[-2.8597,56.6061],[-2.8665,56.6004],[-2.8422,56.5893],[-2.834,56.5889],[-2.816,56.5814],[-2.785,56.5789],[-2.7834,56.5812],[-2.7827,56.5888],[-2.7657,56.5921],[-2.7462,56.5917],[-2.7146,56.6009],[-2.7031,56.5978],[-2.7046,56.592],[-2.6907,56.5876],[-2.6857,56.5818],[-2.6695,56.5825],[-2.6572,56.5774],[-2.6521,56.5685],[-2.6415,56.5633],[-2.6316,56.5555],[-2.6259,56.5538],[-2.6136,56.5466],[-2.6046,56.5511],[-2.5873,56.5526],[-2.5837,56.5552],[-2.5683,56.5603],[-2.5491,56.5616],[-2.538,56.5674],[-2.54,56.5729],[-2.5323,56.5787],[-2.5243,56.5792],[-2.5179,56.5864],[-2.5186,56.5916],[-2.505,56.5999],[-2.496,56.6071],[-2.4804,56.626],[-2.49,56.6301],[-2.5004,56.6298],[-2.5041,56.6334],[-2.5066,56.6414],[-2.5048,56.6523],[-2.4995,56.663],[-2.4839,56.6692],[-2.4792,56.6728],[-2.4687,56.6729],[-2.4497,56.6801],[-2.4487,56.6837],[-2.4409,56.6873],[-2.4418,56.6977],[-2.4364,56.7021],[-2.4646,56.7019],[-2.475,56.705],[-2.4835,56.6997],[-2.5159,56.6989],[-2.5304,56.7055],[-2.5353,56.7115],[-2.5446,56.7163]]]},"properties":{"HA_NUM":13,"HA_NAME":"Esk Group"}},
{"type":"Feature","geometry":{"type":"MultiPolygon","coordinates":[[[[-2.6413,56.2994],[-2.6531,56.3072],[-2.6591,56.317],[-2.6795,56.3208],[-2.6903,56.326],[-2.7066,56.3246],[-2.7136,56.3278],[-2.7222,56.3259],[-2.7393,56.3277],[-2.7551,56.3314],[-2.7772,56.3327],[-2.7829,56.3392],[-2.7918,56.3434],[-2.8049,56.3452],[-2.8132,56.3623],[-2.8232,56.366],[-2.8278,56.3556],[-2.8392,56.3531],[-2.8649,56.3618],[-2.8734,56.3599],[-2.8876,56.362],[-2.8899,56.3665],[-2.8572,56.3708],[-2.8519,56.3691],[-2.8288,56.3762],[-2.8239,56.3791],[-2.8184,56.3886],[-2.8126,56.3934],[-2.8098,56.4044],[-2.8093,56.4135],[-2.8065,56.4195],[-2.8033,56.4384],[-2.8068,56.4431],[-2.8179,56.4448],[-2.8285,56.4437],[-2.8544,56.4387],[-2.8646,56.4404],[-2.8661,56.4432],[-2.877,56.4498],[-2.8873,56.4526],[-2.9003,56.4528],[-2.9207,56.4516],[-2.9366,56.447],[-2.9472,56.436],[-2.9585,56.432],[-2.9658,56.4313],[-2.9827,56.4252],[-2.9899,56.4208],[-2.9991,56.4207],[-3.0146,56.4175],[-3.039,56.416],[-3.0469,56.4088],[-3.0631,56.4031],[-3.0789,56.4002],[-3.0945,56.3939],[-3.1159,56.3918],[-3.1349,56.3847],[-3.1475,56.382],[-3.1595,56.3775],[-3.1816,56.3715],[-3.1965,56.3639],[-3.2311,56.3558],[-3.2472,56.3526],[-3.2454,56.3467],[-3.2396,56.3425],[-3.2514,56.3341],[-3.2587,56.3351],[-3.2764,56.3305],[-3.2762,56.3266],[-3.2843,56.3245],[-3.2994,56.3172],[-3.3047,56.3086],[-3.3147,56.3058],[-3.3181,56.2963],[-3.3269,56.2962],[-3.3235,56.2909],[-3.325,56.2868],[-3.3394,56.2844],[-3.3434,56.2821],[-3.3556,56.2847],[-3.375,56.2854],[-3.3796,56.2784],[-3.3844,56.2763],[-3.4046,56.277],[-3.4084,56.2702],[-3.4131,56.267],[-3.4137,56.2602],[-3.407,56.2549],[-3.3908,56.252],[-3.3779,56.2427],[-3.3682,56.2414],[-3.3472,56.2417],[-3.3193,56.2393],[-3.3096,56.2371],[-3.3151,56.2339],[-3.3149,56.2267],[-3.31,56.2268],[-3.2998,56.2352],[-3.3034,56.2462],[-3.2938,56.2481],[-3.2785,56.2487],[-3.2574,56.2448],[-3.2434,56.236],[-3.2354,56.2374],[-3.2379,56.241],[-3.2112,56.2399],[-3.2087,56.2359],[-3.197,56.2356],[-3.1807,56.2294],[-3.1648,56.2251],[-3.1551,56.2247],[-3.1504,56.2275],[-3.1399,56.2271],[-3.1316,56.2344],[-3.118,56.2381],[-3.1078,56.2337],[-3.0981,56.2315],[-3.0811,56.2321],[-3.0749,56.2389],[-3.0677,56.2403],[-3.0565,56.2463],[-3.0476,56.245],[-3.0283,56.2474],[-3.0017,56.249],[-2.9945,56.2486],[-2.9849,56.2523],[-2.9818,56.2568],[-2.9572,56.2579],[-2.9536,56.2615],[-2.9362,56.2598],[-2.9121,56.2627],[-2.8898,56.2575],[-2.872,56.2585],[-2.8656,56.2612],[-2.8442,56.2609],[-2.8389,56.2583],[-2.8309,56.2588],[-2.8302,56.2646],[-2.8149,56.267],[-2.8091,56.2612],[-2.7954,56.2626],[-2.7841,56.2613],[-2.7688,56.2614],[-2.7556,56.2687],[-2.744,56.2719],[-2.738,56.2755],[-2.7303,56.276],[-2.7231,56.2797],[-2.7102,56.2806],[-2.7046,56.2843],[-2.6894,56.2893],[-2.6853,56.2871],[-2.6744,56.2867],[-2.6619,56.2881],[-2.6547,56.2944],[-2.6413,56.2994]]],[[[-2.6136,56.5466],[-2.6259,56.5538],[-2.6316,56.5555],[-2.6415,56.5633],[-2.6521,56.5685],[-2.6572,56.5774],[-2.6695,56.5825],[-2.6857,56.5818],[-2.6907,56.5876],[-2.7046,56.592],[-2.7031,56.5978],[-2.7146,56.6009],[-2.7462,56.5917],[-2.7657,56.5921],[-2.7827,56.5888],[-2.7834,56.5812],[-2.7833,56.5771],[-2.7775,56.5733],[-2.7791,56.5697],[-2.7904,56.5663],[-2.8032,56.5572],[-2.8331,56.5633],[-2.842,56.5628],[-2.8547,56.5659],[-2.8619,56.5631],[-2.878,56.554],[-2.8828,56.5491],[-2.8924,56.5454],[-2.9055,56.5485],[-2.9217,56.5465],[-2.9307,56.5487],[-2.9382,56.554],[-2.9597,56.5525],[-2.9863,56.5568],[-2.9945,56.5595],[-2.9968,56.5554],[-3.0048,56.5495],[-3.0125,56.5503],[-3.0193,56.5467],[-3.0259,56.5471],[-3.0396,56.5429],[-3.0493,56.5433],[-3.0572,56.5486],[-3.0649,56.5481],[-3.0635,56.5544],[-3.0726,56.5606],[-3.0848,56.5591],[-3.1,56.5514],[-3.1113,56.549],[-3.118,56.5431],[-3.1265,56.5404],[-3.1331,56.5425],[-3.1468,56.5397],[-3.1501,56.5424],[-3.1623,56.54],[-3.1718,56.5327],[-3.1723,56.5242],[-3.1851,56.5158],[-3.1866,56.5115],[-3.1815,56.5062],[-3.2033,56.5023],[-3.2089,56.4991],[-3.2203,56.499],[-3.2286,56.4931],[-3.2486,56.4943],[-3.2506,56.4812],[-3.2649,56.4737],[-3.2614,56.4658],[-3.2644,56.4586],[-3.2773,56.4562],[-3.2804,56.4522],[-3.2802,56.4454],[-3.2915,56.4431],[-3.2913,56.4363],[-3.2943,56.4314],[-3.3081,56.4303],[-3.3058,56.4213],[-3.3302,56.4247],[-3.3426,56.4205],[-3.3545,56.4127],[-3.3341,56.4098],[-3.3251,56.4072],[-3.3144,56.4019],[-3.305,56.4101],[-3.291,56.4044],[-3.2775,56.4005],[-3.2657,56.3989],[-3.2646,56.3899],[-3.2557,56.3904],[-3.2524,56.3873],[-3.2386,56.3874],[-3.2385,56.3839],[-3.2278,56.3783],[-3.2236,56.3732],[-3.208,56.3783],[-3.2054,56.383],[-3.1929,56.3877],[-3.1804,56.3941],[-3.1701,56.4013],[-3.1587,56.4062],[-3.1569,56.4101],[-3.1476,56.4157],[-3.139,56.4238],[-3.1267,56.4312],[-3.1115,56.4346],[-3.1002,56.4388],[-3.0857,56.4506],[-3.0587,56.453],[-3.0488,56.4569],[-3.0403,56.4513],[-2.9876,56.4511],[-2.9733,56.454],[-2.9525,56.4617],[-2.9347,56.4653],[-2.9227,56.465],[-2.9152,56.4672],[-2.8884,56.4686],[-2.8698,56.4623],[-2.8556,56.4673],[-2.8486,56.4682],[-2.8391,56.4737],[-2.8239,56.4777],[-2.8053,56.4797],[-2.7852,56.4777],[-2.7415,56.4635],[-2.7327,56.4645],[-2.7267,56.4697],[-2.7181,56.4807],[-2.7138,56.4954],[-2.7079,56.4989],[-2.6948,56.5018],[-2.6731,56.5097],[-2.6643,56.5165],[-2.635,56.5277],[-2.627,56.5365],[-2.6136,56.5466]]]]},"properties":{"HA_NUM":14,"HA_NAME":"Firth of Tay Group"}},
{"type":"Feature","geometry":{"type":"MultiPolygon","coordinates":[[[[-3.8015,56.9358],[-3.8187,56.9347],[-3.8238,56.9382],[-3.8353,56.9362],[-3.8351,56.9327],[-3.8438,56.9262],[-3.8609,56.9237],[-3.8684,56.9259],[-3.8762,56.9253],[-3.8935,56.9268],[-3.9033,56.9325],[-3.9251,56.9335],[-3.9351,56.9361],[-3.9382,56.9396],[-3.9378,56.948],[-3.9517,56.9471],[-3.9529,56.9385],[-3.9643,56.9374],[-3.9697,56.9306],[-3.9685,56.9234],[-3.9707,56.9185],[-3.9639,56.9139],[-3.9636,56.9082],[-3.9722,56.8996],[-3.9882,56.8917],[-3.9988,56.8906],[-3.9991,56.8955],[-4.0107,56.8976],[-4.0129,56.8931],[-4.0223,56.892],[-4.0343,56.9008],[-4.0386,56.8976],[-4.0535,56.8996],[-4.057,56.8955],[-4.086,56.8946],[-4.0872,56.8865],[-4.0965,56.8827],[-4.1077,56.8861],[-4.1082,56.8947],[-4.1173,56.8954],[-4.1266,56.8995],[-4.1376,56.8986],[-4.1581,56.9059],[-4.1679,56.9046],[-4.1776,56.9096],[-4.187,56.9077],[-4.1859,56.9036],[-4.1922,56.899],[-4.2003,56.8967],[-4.1991,56.8899],[-4.2047,56.8874],[-4.1994,56.8823],[-4.2004,56.8713],[-4.2175,56.8692],[-4.2292,56.8584],[-4.2401,56.856],[-4.265,56.8542],[-4.2792,56.8503],[-4.2933,56.8541],[-4.3035,56.8528],[-4.3087,56.8567],[-4.3095,56.87],[-4.3016,56.8755],[-4.3014,56.8858],[-4.2869,56.8906],[-4.278,56.8921],[-4.2702,56.8994],[-4.2567,56.9067],[-4.246,56.919],[-4.2449,56.928],[-4.2584,56.9347],[-4.2763,56.9384],[-4.2916,56.9337],[-4.2998,56.9335],[-4.305,56.9303],[-4.3079,56.9244],[-4.3075,56.9181],[-4.3161,56.9107],[-4.331,56.9001],[-4.339,56.8959],[-4.3481,56.8967],[-4.355,56.8898],[-4.3614,56.8874],[-4.3732,56.8793],[-4.3746,56.8741],[-4.3802,56.8668],[-4.3982,56.8582],[-4.3963,56.8549],[-4.4148,56.85],[-4.4214,56.8499],[-4.4355,56.8395],[-4.4336,56.835],[-4.4249,56.8287],[-4.4289,56.8142],[-4.436,56.8092],[-4.4388,56.8019],[-4.4476,56.7995],[-4.4555,56.8016],[-4.4662,56.8072],[-4.4682,56.8132],[-4.4741,56.8151],[-4.4928,56.813],[-4.5,56.8106],[-4.5148,56.8121],[-4.5201,56.8052],[-4.5288,56.8015],[-4.5353,56.7937],[-4.5346,56.7892],[-4.5484,56.7826],[-4.5538,56.7713],[-4.5691,56.7669],[-4.5788,56.7654],[-4.5882,56.7598],[-4.5843,56.7504],[-4.5798,56.7443],[-4.5785,56.7371],[-4.5723,56.7309],[-4.58,56.7242],[-4.5841,56.7118],[-4.5919,56.7063],[-4.5992,56.6933],[-4.6145,56.6914],[-4.6282,56.6875],[-4.6416,56.6809],[-4.6587,56.6752],[-4.6723,56.6771],[-4.6914,56.6754],[-4.7356,56.6776],[-4.7505,56.675],[-4.7761,56.6789],[-4.7746,56.658],[-4.7766,56.6515],[-4.7898,56.6422],[-4.7902,56.6377],[-4.786,56.6349],[-4.7847,56.6291],[-4.7898,56.6206],[-4.8134,56.6201],[-4.8388,56.6159],[-4.8455,56.6129],[-4.8623,56.6095],[-4.8705,56.6094],[-4.8691,56.602],[-4.8818,56.5981],[-4.8877,56.5901],[-4.8948,56.5866],[-4.8861,56.5798],[-4.8833,56.5754],[-4.8854,56.5697],[-4.8802,56.566],[-4.8713,56.5671],[-4.8692,56.5712],[-4.8456,56.5717],[-4.8392,56.5726],[-4.8312,56.5689],[-4.8173,56.5742],[-4.8074,56.5717],[-4.7956,56.5783],[-4.7821,56.5822],[-4.7808,56.5876],[-4.7701,56.586],[-4.7522,56.5851],[-4.7405,56.5871],[-4.7334,56.5846],[-4.716,56.5917],[-4.7022,56.5929],[-4.6913,56.6003],[-4.6796,56.601],[-4.6706,56.606],[-4.6547,56.6119],[-4.6498,56.6125],[-4.6421,56.6063],[-4.628,56.6089],[-4.622,56.6054],[-4.6101,56.6039],[-4.605,56.6058],[-4.5963,56.6037],[-4.5836,56.597],[-4.5721,56.5833],[-4.5726,56.5797],[-4.5648,56.572],[-4.581,56.5712],[-4.5985,56.5767],[-4.6126,56.5697],[-4.628,56.568],[-4.6418,56.5677],[-4.6487,56.5613],[-4.661,56.5623],[-4.6727,56.5558],[-4.6975,56.5499],[-4.6986,56.5418],[-4.694,56.5401],[-4.6831,56.5416],[-4.657,56.5285],[-4.6528,56.5156],[-4.6557,56.5108],[-4.6652,56.507],[-4.665,56.5043],[-4.6753,56.4998],[-4.6848,56.4908],[-4.679,56.4838],[-4.6723,56.4803],[-4.6487,56.4799],[-4.6398,56.4747],[-4.6547,56.4728],[-4.6624,56.4675],[-4.6681,56.4606],[-4.6884,56.4611],[-4.6973,56.4663],[-4.7053,56.4589],[-4.7313,56.4548],[-4.7219,56.448],[-4.7269,56.4376],[-4.733,56.4332],[-4.7438,56.4356],[-4.7604,56.4361],[-4.7646,56.4318],[-4.7801,56.4272],[-4.789,56.427],[-4.7899,56.4238],[-4.7971,56.4214],[-4.7975,56.4169],[-4.8129,56.4159],[-4.8166,56.4003],[-4.8123,56.3977],[-4.803,56.3916],[-4.8007,56.3831],[-4.7905,56.3811],[-4.7797,56.3836],[-4.7751,56.3864],[-4.7723,56.3936],[-4.7514,56.395],[-4.723,56.383],[-4.7193,56.3768],[-4.7096,56.3779],[-4.709,56.3807],[-4.6919,56.3905],[-4.6822,56.3911],[-4.6771,56.3879],[-4.6747,56.3818],[-4.6684,56.3791],[-4.6497,56.3891],[-4.636,56.391],[-4.6309,56.3864],[-4.6219,56.3852],[-4.6159,56.3806],[-4.6222,56.3778],[-4.6012,56.3672],[-4.5925,56.3589],[-4.5785,56.3556],[-4.5707,56.3598],[-4.5727,56.3651],[-4.5682,56.3697],[-4.5585,56.3699],[-4.5429,56.3675],[-4.5367,56.371],[-4.5298,56.3651],[-4.5162,56.3672],[-4.5061,56.3737],[-4.4957,56.3761],[-4.4914,56.3839],[-4.4843,56.3867],[-4.4845,56.4033],[-4.4815,56.4065],[-4.4636,56.406],[-4.4631,56.3984],[-4.4604,56.3944],[-4.4538,56.3923],[-4.4447,56.3758],[-4.4299,56.3788],[-4.4123,56.3762],[-4.4134,56.3805],[-4.4106,56.3877],[-4.3965,56.3947],[-4.3914,56.3921],[-4.3734,56.3893],[-4.3597,56.3959],[-4.358,56.4018],[-4.3477,56.406],[-4.3448,56.4103],[-4.3376,56.4129],[-4.3356,56.4193],[-4.31,56.4245],[-4.3048,56.4194],[-4.2862,56.4211],[-4.2841,56.4261],[-4.2721,56.4294],[-4.2644,56.4359],[-4.2592,56.4369],[-4.2465,56.4348],[-4.234,56.4431],[-4.2201,56.4551],[-4.213,56.4575],[-4.1951,56.4582],[-4.1803,56.4535],[-4.1744,56.45],[-4.1662,56.4488],[-4.1636,56.4451],[-4.1498,56.4536],[-4.1488,56.4568],[-4.1306,56.4656],[-4.1232,56.4631],[-4.111,56.4624],[-4.1044,56.4674],[-4.09,56.465],[-4.0882,56.4614],[-4.0739,56.4603],[-4.05,56.4603],[-4.0474,56.4576],[-4.0368,56.4569],[-4.0287,56.4646],[-4.0166,56.4657],[-4.0042,56.4619],[-3.9913,56.4549],[-3.9803,56.4623],[-3.9746,56.4626],[-3.9606,56.4583],[-3.9485,56.4596],[-3.941,56.4553],[-3.9313,56.4554],[-3.9197,56.4504],[-3.9128,56.4438],[-3.9023,56.4437],[-3.8895,56.4471],[-3.8765,56.4482],[-3.8691,56.446],[-3.8603,56.4475],[-3.854,56.4512],[-3.8482,56.4488],[-3.8312,56.4493],[-3.8237,56.4467],[-3.8176,56.4365],[-3.8066,56.4267],[-3.8047,56.4209],[-3.7916,56.4193],[-3.7854,56.4068],[-3.775,56.4097],[-3.7695,56.4138],[-3.7579,56.4171],[-3.7374,56.4125],[-3.7312,56.4094],[-3.7239,56.4095],[-3.7127,56.4128],[-3.7048,56.417],[-3.7034,56.4215],[-3.6858,56.4271],[-3.6836,56.424],[-3.6694,56.4242],[-3.6571,56.4194],[-3.6421,56.4209],[-3.6384,56.4196],[-3.6166,56.4208],[-3.6139,56.4146],[-3.6259,56.4108],[-3.6289,56.4045],[-3.6213,56.3979],[-3.6065,56.3918],[-3.6193,56.39],[-3.6198,56.3815],[-3.6253,56.3776],[-3.6216,56.3657],[-3.6157,56.3615],[-3.6055,56.3603],[-3.585,56.3633],[-3.5844,56.3682],[-3.5797,56.371],[-3.5668,56.3718],[-3.5618,56.3703],[-3.5481,56.3705],[-3.5466,56.3737],[-3.5386,56.3767],[-3.5332,56.3819],[-3.5274,56.3802],[-3.5153,56.3808],[-3.5043,56.3796],[-3.5006,56.3765],[-3.4863,56.3748],[-3.4826,56.3724],[-3.468,56.3724],[-3.4636,56.3742],[-3.4502,56.3712],[-3.4401,56.3731],[-3.4282,56.3688],[-3.4181,56.3698],[-3.4075,56.3659],[-3.3899,56.3625],[-3.3726,56.3645],[-3.356,56.3642],[-3.3395,56.3666],[-3.3359,56.3688],[-3.3411,56.3732],[-3.369,56.3784],[-3.386,56.3837],[-3.402,56.3783],[-3.4218,56.3771],[-3.4272,56.3783],[-3.4223,56.3877],[-3.4131,56.3793],[-3.4028,56.3799],[-3.3946,56.3831],[-3.3825,56.3854],[-3.3663,56.3819],[-3.3543,56.3779],[-3.3403,56.3756],[-3.3296,56.3705],[-3.316,56.3622],[-3.2956,56.3576],[-3.2803,56.3598],[-3.2697,56.3642],[-3.254,56.3689],[-3.2366,56.37],[-3.2236,56.3732],[-3.2278,56.3783],[-3.2385,56.3839],[-3.2386,56.3874],[-3.2524,56.3873],[-3.2557,56.3904],[-3.2646,56.3899],[-3.2657,56.3989],[-3.2775,56.4005],[-3.291,56.4044],[-3.305,56.4101],[-3.3144,56.4019],[-3.3251,56.4072],[-3.3341,56.4098],[-3.3545,56.4127],[-3.3426,56.4205],[-3.3302,56.4247],[-3.3058,56.4213],[-3.3081,56.4303],[-3.2943,56.4314],[-3.2913,56.4363],[-3.2915,56.4431],[-3.2802,56.4454],[-3.2804,56.4522],[-3.2773,56.4562],[-3.2644,56.4586],[-3.2614,56.4658],[-3.2649,56.4737],[-3.2506,56.4812],[-3.2486,56.4943],[-3.2286,56.4931],[-3.2203,56.499],[-3.2089,56.4991],[-3.2033,56.5023],[-3.1815,56.5062],[-3.1866,56.5115],[-3.1851,56.5158],[-3.1723,56.5242],[-3.1718,56.5327],[-3.1623,56.54],[-3.1501,56.5424],[-3.1468,56.5397],[-3.1331,56.5425],[-3.1265,56.5404],[-3.118,56.5431],[-3.1113,56.549],[-3.1,56.5514],[-3.0848,56.5591],[-3.0726,56.5606],[-3.0635,56.5544],[-3.0649,56.5481],[-3.0572,56.5486],[-3.0493,56.5433],[-3.0396,56.5429],[-3.0259,56.5471],[-3.0193,56.5467],[-3.0125,56.5503],[-3.0048,56.5495],[-2.9968,56.5554],[-2.9945,56.5595],[-2.9863,56.5568],[-2.9597,56.5525],[-2.9382,56.554],[-2.9307,56.5487],[-2.9217,56.5465],[-2.9055,56.5485],[-2.8924,56.5454],[-2.8828,56.5491],[-2.878,56.554],[-2.8619,56.5631],[-2.8547,56.5659],[-2.842,56.5628],[-2.8331,56.5633],[-2.8032,56.5572],[-2.7904,56.5663],[-2.7791,56.5697],[-2.7775,56.5733],[-2.7833,56.5771],[-2.7834,56.5812],[-2.785,56.5789],[-2.816,56.5814],[-2.834,56.5889],[-2.8422,56.5893],[-2.8665,56.6004],[-2.8597,56.6061],[-2.8631,56.6157],[-2.8715,56.6244],[-2.8603,56.6343],[-2.8604,56.6382],[-2.8552,56.6436],[-2.8729,56.6507],[-2.8852,56.6533],[-2.8917,56.6505],[-2.9006,56.6505],[-2.9095,56.6481],[-2.9242,56.6476],[-2.9268,56.6516],[-2.9423,56.6519],[-2.9473,56.6586],[-2.9604,56.6608],[-2.9622,56.6666],[-2.9685,56.6729],[-2.9883,56.6808],[-2.9968,56.6798],[-2.9987,56.6879],[-3.0102,56.6912],[-3.0215,56.6882],[-3.0297,56.6881],[-3.0396,56.6911],[-3.0512,56.6998],[-3.0699,56.6972],[-3.0808,56.7061],[-3.1029,56.7063],[-3.1103,56.7076],[-3.115,56.7017],[-3.1235,56.7012],[-3.1247,56.6976],[-3.1556,56.696],[-3.1647,56.6979],[-3.1648,56.7017],[-3.1592,56.7049],[-3.1593,56.7094],[-3.152,56.7122],[-3.1564,56.7211],[-3.1499,56.7234],[-3.1328,56.7236],[-3.1152,56.7368],[-3.1268,56.7432],[-3.1278,56.7479],[-3.1353,56.7523],[-3.1476,56.7544],[-3.1482,56.7607],[-3.154,56.7638],[-3.1692,56.7664],[-3.1686,56.7704],[-3.1629,56.7736],[-3.1663,56.7776],[-3.1738,56.7802],[-3.1764,56.787],[-3.1855,56.7891],[-3.2006,56.7989],[-3.2065,56.793],[-3.2188,56.7924],[-3.2211,56.802],[-3.2295,56.8071],[-3.2304,56.81],[-3.2412,56.8142],[-3.2421,56.8182],[-3.2537,56.8217],[-3.2689,56.8337],[-3.2682,56.8395],[-3.2593,56.8432],[-3.2621,56.8508],[-3.272,56.8539],[-3.2848,56.8674],[-3.2801,56.8756],[-3.2844,56.882],[-3.2839,56.8901],[-3.2922,56.8932],[-3.307,56.8939],[-3.3121,56.8975],[-3.3358,56.8968],[-3.343,56.8913],[-3.3496,56.8899],[-3.3526,56.884],[-3.3633,56.8839],[-3.3663,56.8778],[-3.3761,56.8748],[-3.3861,56.88],[-3.3939,56.88],[-3.4039,56.8834],[-3.4132,56.8797],[-3.4185,56.8797],[-3.429,56.8863],[-3.4388,56.8853],[-3.4456,56.8803],[-3.4459,56.8771],[-3.4671,56.8733],[-3.4844,56.8749],[-3.4928,56.8808],[-3.5079,56.8881],[-3.5316,56.8869],[-3.54,56.8913],[-3.5472,56.8862],[-3.5615,56.8843],[-3.5687,56.8891],[-3.5681,56.895],[-3.56,56.8969],[-3.5589,56.9018],[-3.5662,56.9078],[-3.5728,56.9106],[-3.5739,56.9169],[-3.5803,56.9222],[-3.5786,56.9303],[-3.5827,56.9312],[-3.6098,56.9308],[-3.6211,56.9257],[-3.6494,56.9236],[-3.6499,56.9267],[-3.6592,56.9329],[-3.6748,56.9327],[-3.6777,56.9241],[-3.6868,56.9163],[-3.7094,56.9151],[-3.7144,56.9182],[-3.7251,56.9185],[-3.7271,56.9259],[-3.7323,56.931],[-3.7398,56.9336],[-3.7635,56.931],[-3.7763,56.9245],[-3.7857,56.923],[-3.7989,56.9323],[-3.8015,56.9358]]],[[[-3.4205,56.3778],[-3.4155,56.3784],[-3.4226,56.3864],[-3.4257,56.3785],[-3.4205,56.3778]]]]},"properties":{"HA_NUM":15,"HA_NAME":"Tay"}},
{"type":"Feature","geometry":{"type":"Polygon","coordinates":[[[-3.3359,56.3688],[-3.3395,56.3666],[-3.356,56.3642],[-3.3726,56.3645],[-3.3899,56.3625],[-3.4075,56.3659],[-3.4181,56.3698],[-3.4282,56.3688],[-3.4401,56.3731],[-3.4502,56.3712],[-3.4636,56.3742],[-3.468,56.3724],[-3.4826,56.3724],[-3.4863,56.3748],[-3.5006,56.3765],[-3.5043,56.3796],[-3.5153,56.3808],[-3.5274,56.3802],[-3.5332,56.3819],[-3.5386,56.3767],[-3.5466,56.3737],[-3.5481,56.3705],[-3.5618,56.3703],[-3.5668,56.3718],[-3.5797,56.371],[-3.5844,56.3682],[-3.585,56.3633],[-3.6055,56.3603],[-3.6157,56.3615],[-3.6216,56.3657],[-3.6253,56.3776],[-3.6198,56.3815],[-3.6193,56.39],[-3.6065,56.3918],[-3.6213,56.3979],[-3.6289,56.4045],[-3.6259,56.4108],[-3.6139,56.4146],[-3.6166,56.4208],[-3.6384,56.4196],[-3.6421,56.4209],[-3.6571,56.4194],[-3.6694,56.4242],[-3.6836,56.424],[-3.6858,56.4271],[-3.7034,56.4215],[-3.7048,56.417],[-3.7127,56.4128],[-3.7239,56.4095],[-3.7312,56.4094],[-3.7374,56.4125],[-3.7579,56.4171],[-3.7695,56.4138],[-3.775,56.4097],[-3.7854,56.4068],[-3.7916,56.4193],[-3.8047,56.4209],[-3.8066,56.4267],[-3.8176,56.4365],[-3.8237,56.4467],[-3.8312,56.4493],[-3.8482,56.4488],[-3.854,56.4512],[-3.8603,56.4475],[-3.8691,56.446],[-3.8765,56.4482],[-3.8895,56.4471],[-3.9023,56.4437],[-3.9128,56.4438],[-3.9197,56.4504],[-3.9313,56.4554],[-3.941,56.4553],[-3.9485,56.4596],[-3.9606,56.4583],[-3.9746,56.4626],[-3.9803,56.4623],[-3.9913,56.4549],[-4.0042,56.4619],[-4.0166,56.4657],[-4.0287,56.4646],[-4.0368,56.4569],[-4.0474,56.4576],[-4.05,56.4603],[-4.0739,56.4603],[-4.0882,56.4614],[-4.09,56.465],[-4.1044,56.4674],[-4.111,56.4624],[-4.1232,56.4631],[-4.1306,56.4656],[-4.1488,56.4568],[-4.1498,56.4536],[-4.1636,56.4451],[-4.1662,56.4488],[-4.1744,56.45],[-4.1803,56.4535],[-4.1951,56.4582],[-4.213,56.4575],[-4.2201,56.4551],[-4.234,56.4431],[-4.2465,56.4348],[-4.2592,56.4369],[-4.2644,56.4359],[-4.2721,56.4294],[-4.2841,56.4261],[-4.2862,56.4211],[-4.3048,56.4194],[-4.31,56.4245],[-4.3356,56.4193],[-4.3376,56.4129],[-4.3448,56.4103],[-4.3477,56.406],[-4.358,56.4018],[-4.3597,56.3959],[-4.3734,56.3893],[-4.3677,56.3876],[-4.364,56.3805],[-4.359,56.3793],[-4.3479,56.3691],[-4.3302,56.3713],[-4.315,56.3675],[-4.3038,56.3628],[-4.292,56.3549],[-4.3016,56.3471],[-4.3009,56.3417],[-4.2967,56.3387],[-4.293,56.3315],[-4.2934,56.3243],[-4.2896,56.3154],[-4.2749,56.3125],[-4.2628,56.3137],[-4.2625,56.3218],[-4.2587,56.3259],[-4.237,56.329],[-4.2211,56.3189],[-4.213,56.3186],[-4.2112,56.315],[-4.1981,56.313],[-4.1871,56.3038],[-4.1757,56.3033],[-4.1687,56.2938],[-4.1749,56.2887],[-4.1651,56.2862],[-4.1541,56.2783],[-4.1478,56.2816],[-4.1342,56.2823],[-4.128,56.2882],[-4.1191,56.2879],[-4.1139,56.2804],[-4.1029,56.2787],[-4.0928,56.2789],[-4.0828,56.2809],[-4.0777,56.2848],[-4.0685,56.2784],[-4.0684,56.2757],[-4.0513,56.2738],[-4.0438,56.2685],[-4.0333,56.2687],[-4.0311,56.2743],[-4.0337,56.2927],[-4.0379,56.2953],[-4.0336,56.306],[-4.034,56.3127],[-4.0233,56.3165],[-4.0129,56.3274],[-4.0141,56.3332],[-4.002,56.3343],[-3.9929,56.3309],[-3.9893,56.3242],[-3.9821,56.3243],[-3.9721,56.3204],[-3.9629,56.3206],[-3.9574,56.3157],[-3.9475,56.3136],[-3.94,56.3084],[-3.9267,56.3018],[-3.9138,56.3007],[-3.9096,56.2985],[-3.8975,56.2982],[-3.8879,56.293],[-3.8621,56.2938],[-3.8573,56.2953],[-3.8375,56.2955],[-3.8274,56.2943],[-3.8163,56.2909],[-3.8066,56.2906],[-3.7959,56.2867],[-3.7886,56.2864],[-3.778,56.2834],[-3.777,56.2803],[-3.7583,56.2765],[-3.7494,56.2766],[-3.7427,56.2709],[-3.7428,56.2545],[-3.7392,56.2478],[-3.7314,56.2436],[-3.737,56.235],[-3.7257,56.2352],[-3.7216,56.2325],[-3.7118,56.2309],[-3.7039,56.2341],[-3.6954,56.2342],[-3.6929,56.2414],[-3.6995,56.2432],[-3.6973,56.2488],[-3.6999,56.2519],[-3.6846,56.2532],[-3.6644,56.2526],[-3.6627,56.2504],[-3.6382,56.2449],[-3.6343,56.2481],[-3.6174,56.2496],[-3.6103,56.2529],[-3.5998,56.2512],[-3.5926,56.2545],[-3.5845,56.2519],[-3.5739,56.2511],[-3.5449,56.2519],[-3.5377,56.2543],[-3.5224,56.2535],[-3.5068,56.2477],[-3.4998,56.2534],[-3.4909,56.2526],[-3.4846,56.2563],[-3.4672,56.2556],[-3.4596,56.2575],[-3.453,56.2544],[-3.4459,56.2576],[-3.4341,56.2551],[-3.4256,56.2556],[-3.4217,56.2597],[-3.4137,56.2602],[-3.4131,56.267],[-3.4084,56.2702],[-3.4046,56.277],[-3.3844,56.2763],[-3.3796,56.2784],[-3.375,56.2854],[-3.3556,56.2847],[-3.3434,56.2821],[-3.3394,56.2844],[-3.325,56.2868],[-3.3235,56.2909],[-3.3269,56.2962],[-3.3181,56.2963],[-3.3147,56.3058],[-3.3047,56.3086],[-3.2994,56.3172],[-3.2843,56.3245],[-3.2762,56.3266],[-3.2764,56.3305],[-3.2587,56.3351],[-3.2514,56.3341],[-3.2396,56.3425],[-3.2454,56.3467],[-3.2472,56.3526],[-3.255,56.3513],[-3.2825,56.3502],[-3.2985,56.3513],[-3.3123,56.3573],[-3.3242,56.3603],[-3.3359,56.3688]]]},"properties":{"HA_NUM":16,"HA_NAME":"Earn"}},
{"type":"Feature","geometry":{"type":"MultiPolygon","coordinates":[[[[-3.7659,56.086],[-3.7396,56.0767],[-3.7247,56.0687],[-3.7235,56.0662],[-3.7034,56.0535],[-3.6864,56.0481],[-3.6688,56.0465],[-3.6525,56.0522],[-3.6393,56.0543],[-3.6274,56.0541],[-3.6169,56.0559],[-3.6105,56.0478],[-3.6062,56.0456],[-3.5948,56.0456],[-3.5881,56.048],[-3.5868,56.0564],[-3.5749,56.0584],[-3.5647,56.0531],[-3.5559,56.0447],[-3.5453,56.0405],[-3.5331,56.0401],[-3.5212,56.0417],[-3.513,56.0403],[-3.5047,56.0348],[-3.4933,56.0351],[-3.4822,56.0337],[-3.4699,56.0293],[-3.4592,56.0276],[-3.4562,56.0206],[-3.4428,56.0232],[-3.4097,56.0162],[-3.4041,56.0092],[-3.3878,56.0111],[-3.3908,56.017],[-3.3848,56.0257],[-3.3769,56.0292],[-3.3575,56.0264],[-3.3422,56.0338],[-3.345,56.0375],[-3.3301,56.0397],[-3.3225,56.0345],[-3.3137,56.037],[-3.3109,56.0434],[-3.3,56.0476],[-3.2935,56.0528],[-3.284,56.0559],[-3.2514,56.0608],[-3.2472,56.0576],[-3.2354,56.0556],[-3.2233,56.0579],[-3.2189,56.0634],[-3.2054,56.0642],[-3.1945,56.0632],[-3.1836,56.0639],[-3.1746,56.0625],[-3.1733,56.0688],[-3.1643,56.0748],[-3.1585,56.0848],[-3.1612,56.099],[-3.1536,56.1133],[-3.1421,56.1195],[-3.135,56.119],[-3.1241,56.1217],[-3.1161,56.1286],[-3.0957,56.1398],[-3.0855,56.1395],[-3.0752,56.1487],[-3.0685,56.1526],[-3.0614,56.1598],[-3.0449,56.1673],[-3.0376,56.1661],[-3.0274,56.1719],[-3.0177,56.1745],[-2.9972,56.1888],[-2.9968,56.1926],[-2.9818,56.2013],[-2.9615,56.2092],[-2.9354,56.2122],[-2.9245,56.2122],[-2.9107,56.2104],[-2.8888,56.2051],[-2.8763,56.1967],[-2.8669,56.193],[-2.8673,56.1892],[-2.8617,56.187],[-2.8489,56.1881],[-2.8443,56.1835],[-2.8267,56.1897],[-2.8193,56.1895],[-2.8114,56.1858],[-2.804,56.1888],[-2.8011,56.1927],[-2.7821,56.2008],[-2.7765,56.2007],[-2.767,56.2044],[-2.7552,56.2059],[-2.7433,56.2105],[-2.7278,56.2112],[-2.7186,56.2149],[-2.7095,56.2155],[-2.7016,56.2225],[-2.6961,56.2211],[-2.6814,56.226],[-2.6757,56.2324],[-2.6635,56.2362],[-2.6467,56.2429],[-2.6207,56.2608],[-2.6024,56.2639],[-2.5861,56.2783],[-2.5993,56.2863],[-2.6133,56.2863],[-2.6179,56.289],[-2.6311,56.2927],[-2.6413,56.2994],[-2.6547,56.2944],[-2.6619,56.2881],[-2.6744,56.2867],[-2.6853,56.2871],[-2.6894,56.2893],[-2.7046,56.2843],[-2.7102,56.2806],[-2.7231,56.2797],[-2.7303,56.276],[-2.738,56.2755],[-2.744,56.2719],[-2.7556,56.2687],[-2.7688,56.2614],[-2.7841,56.2613],[-2.7954,56.2626],[-2.8091,56.2612],[-2.8149,56.267],[-2.8302,56.2646],[-2.8309,56.2588],[-2.8389,56.2583],[-2.8442,56.2609],[-2.8656,56.2612],[-2.872,56.2585],[-2.8898,56.2575],[-2.9121,56.2627],[-2.9362,56.2598],[-2.9536,56.2615],[-2.9572,56.2579],[-2.9818,56.2568],[-2.9849,56.2523],[-2.9945,56.2486],[-3.0017,56.249],[-3.0283,56.2474],[-3.0476,56.245],[-3.0565,56.2463],[-3.0677,56.2403],[-3.0749,56.2389],[-3.0811,56.2321],[-3.0981,56.2315],[-3.1078,56.2337],[-3.118,56.2381],[-3.1316,56.2344],[-3.1399,56.2271],[-3.1504,56.2275],[-3.1551,56.2247],[-3.1648,56.2251],[-3.1807,56.2294],[-3.197,56.2356],[-3.2087,56.2359],[-3.2112,56.2399],[-3.2379,56.241],[-3.2354,56.2374],[-3.2434,56.236],[-3.2574,56.2448],[-3.2785,56.2487],[-3.2938,56.2481],[-3.3034,56.2462],[-3.2998,56.2352],[-3.31,56.2268],[-3.3149,56.2267],[-3.3151,56.2339],[-3.3096,56.2371],[-3.3193,56.2393],[-3.3472,56.2417],[-3.3682,56.2414],[-3.3779,56.2427],[-3.3908,56.252],[-3.407,56.2549],[-3.4137,56.2602],[-3.4217,56.2597],[-3.4256,56.2556],[-3.4341,56.2551],[-3.4459,56.2576],[-3.453,56.2544],[-3.4596,56.2575],[-3.4672,56.2556],[-3.4846,56.2563],[-3.4909,56.2526],[-3.4998,56.2534],[-3.5068,56.2477],[-3.5224,56.2535],[-3.5377,56.2543],[-3.5449,56.2519],[-3.5739,56.2511],[-3.5845,56.2519],[-3.5926,56.2545],[-3.5998,56.2512],[-3.6103,56.2529],[-3.6174,56.2496],[-3.6141,56.2461],[-3.6146,56.2394],[-3.6014,56.2323],[-3.5996,56.229],[-3.5864,56.2204],[-3.5797,56.2137],[-3.5803,56.2097],[-3.5689,56.2076],[-3.5662,56.2004],[-3.553,56.1927],[-3.5494,56.1845],[-3.551,56.1818],[-3.5653,56.1789],[-3.57,56.1752],[-3.5658,56.1717],[-3.5526,56.1719],[-3.5433,56.1706],[-3.5385,56.1729],[-3.5248,56.1718],[-3.5217,56.1745],[-3.5064,56.1749],[-3.4897,56.1598],[-3.487,56.1524],[-3.499,56.1518],[-3.5005,56.148],[-3.4785,56.1413],[-3.4775,56.1373],[-3.4847,56.1341],[-3.4967,56.1321],[-3.5127,56.1319],[-3.5183,56.1305],[-3.5132,56.1243],[-3.5139,56.1202],[-3.5294,56.116],[-3.536,56.1101],[-3.5537,56.1098],[-3.5723,56.1139],[-3.5893,56.1148],[-3.5956,56.1133],[-3.6071,56.1181],[-3.6109,56.123],[-3.6201,56.1207],[-3.6273,56.1215],[-3.6442,56.1199],[-3.6464,56.1167],[-3.656,56.1135],[-3.6777,56.1152],[-3.6832,56.1115],[-3.6822,56.1077],[-3.6901,56.1045],[-3.693,56.0961],[-3.7004,56.0994],[-3.7034,56.0957],[-3.7179,56.0955],[-3.7291,56.094],[-3.7333,56.098],[-3.7406,56.1002],[-3.754,56.0948],[-3.7539,56.0926],[-3.7659,56.086]]],[[[-3.7762,56.0832],[-3.7858,56.0788],[-3.7891,56.0797],[-3.8096,56.0794],[-3.8298,56.0836],[-3.8363,56.0835],[-3.8384,56.0785],[-3.8347,56.0754],[-3.8385,56.0722],[-3.8502,56.0721],[-3.8592,56.0766],[-3.8808,56.0747],[-3.8948,56.0808],[-3.9118,56.0828],[-3.9229,56.0813],[-3.9227,56.0761],[-3.946,56.0764],[-3.9472,56.0692],[-3.9536,56.0673],[-3.9609,56.0694],[-3.9753,56.0679],[-3.9938,56.068],[-4.006,56.0629],[-4.0112,56.0637],[-4.0297,56.0629],[-4.033,56.0647],[-4.0507,56.0653],[-4.0597,56.0692],[-4.0657,56.0769],[-4.0661,56.0844],[-4.0759,56.0873],[-4.0761,56.0909],[-4.0819,56.0944],[-4.0908,56.0947],[-4.0983,56.0986],[-4.1011,56.0927],[-4.1058,56.09],[-4.1048,56.0859],[-4.0979,56.078],[-4.0939,56.0637],[-4.0958,56.06],[-4.0896,56.0579],[-4.0922,56.0466],[-4.0987,56.0472],[-4.1062,56.0522],[-4.1191,56.0533],[-4.1196,56.0488],[-4.1339,56.0459],[-4.1413,56.0413],[-4.1481,56.0416],[-4.1536,56.0384],[-4.164,56.0382],[-4.1687,56.0363],[-4.1708,56.0309],[-4.1831,56.0289],[-4.191,56.0323],[-4.2161,56.0305],[-4.2251,56.0268],[-4.2248,56.0205],[-4.219,56.0179],[-4.2086,56.0176],[-4.1901,56.0038],[-4.177,56.0047],[-4.1606,55.9996],[-4.145,56.0003],[-4.1409,56.0044],[-4.1284,56.0047],[-4.1174,56.0008],[-4.1004,56.0042],[-4.0957,56.0079],[-4.0844,56.005],[-4.0759,56.0047],[-4.0621,56.008],[-4.0292,56.0086],[-4.0189,56.0101],[-4.0111,56.0075],[-3.9978,56.0068],[-3.9921,56.0038],[-3.9909,55.9975],[-3.9994,55.9902],[-3.988,55.9879],[-3.9842,55.9841],[-3.9773,55.9825],[-3.9727,55.9771],[-3.9736,55.9713],[-3.9941,55.9647],[-3.9963,55.9615],[-4.0058,55.96],[-4.004,55.9546],[-3.9908,55.9488],[-3.9932,55.9472],[-3.9828,55.941],[-3.9694,55.9363],[-3.9567,55.9383],[-3.951,55.9371],[-3.9318,55.9369],[-3.9212,55.9328],[-3.9241,55.9267],[-3.9205,55.9187],[-3.9314,55.9138],[-3.9166,55.9039],[-3.8737,55.9037],[-3.8622,55.9052],[-3.8501,55.9103],[-3.8274,55.9124],[-3.8211,55.9148],[-3.8154,55.9126],[-3.8062,55.9035],[-3.8107,55.8988],[-3.8095,55.8893],[-3.8189,55.8854],[-3.8195,55.8804],[-3.8319,55.8737],[-3.8372,55.8674],[-3.846,55.8659],[-3.8659,55.8647],[-3.8706,55.863],[-3.8525,55.8519],[-3.847,55.8537],[-3.8321,55.8526],[-3.8221,55.8505],[-3.8077,55.8512],[-3.8079,55.8561],[-3.8033,55.8602],[-3.7828,55.8655],[-3.775,55.8687],[-3.767,55.8693],[-3.7625,55.8756],[-3.7516,55.8825],[-3.7185,55.8924],[-3.7096,55.8894],[-3.7048,55.8904],[-3.7013,55.8841],[-3.6941,55.8842],[-3.6867,55.8785],[-3.6555,55.8771],[-3.6508,55.8812],[-3.6374,55.8846],[-3.6087,55.8863],[-3.6064,55.8886],[-3.5952,55.8898],[-3.5971,55.8954],[-3.5856,55.9082],[-3.6044,55.907],[-3.6093,55.911],[-3.6153,55.9114],[-3.6181,55.921],[-3.6247,55.9256],[-3.6154,55.9316],[-3.6164,55.937],[-3.6118,55.9411],[-3.5831,55.9439],[-3.5648,55.9471],[-3.5554,55.9519],[-3.5563,55.9548],[-3.5307,55.956],[-3.5154,55.9544],[-3.5132,55.9589],[-3.5036,55.9599],[-3.504,55.9692],[-3.4961,55.9719],[-3.4899,55.9772],[-3.4676,55.9811],[-3.4505,55.9732],[-3.4176,55.9735],[-3.4103,55.97],[-3.4077,55.966],[-3.3954,55.9689],[-3.3782,55.9686],[-3.3615,55.9719],[-3.3482,55.9707],[-3.3279,55.9727],[-3.32,55.9764],[-3.3138,55.9836],[-3.3277,55.987],[-3.3354,55.9928],[-3.3525,56.0015],[-3.3669,55.9987],[-3.3686,55.9956],[-3.3771,55.9916],[-3.395,55.9904],[-3.4067,55.9938],[-3.4124,55.9923],[-3.4248,55.9944],[-3.4336,55.9933],[-3.4525,55.997],[-3.4723,55.9999],[-3.4809,55.9978],[-3.5032,55.998],[-3.513,55.9998],[-3.5194,56.0044],[-3.5454,56.0086],[-3.5543,56.011],[-3.5638,56.0115],[-3.569,56.0164],[-3.5809,56.0187],[-3.5907,56.0183],[-3.5976,56.0211],[-3.6077,56.0199],[-3.6133,56.0165],[-3.6233,56.0176],[-3.6343,56.0148],[-3.6439,56.0144],[-3.6441,56.0107],[-3.6564,56.0089],[-3.6643,56.0117],[-3.6713,56.0115],[-3.6711,56.0164],[-3.684,56.0232],[-3.6772,56.0262],[-3.6827,56.0361],[-3.6906,56.0371],[-3.6969,56.0342],[-3.7,56.0285],[-3.7063,56.0261],[-3.7171,56.0264],[-3.7293,56.0329],[-3.7268,56.0368],[-3.7285,56.0491],[-3.7334,56.061],[-3.7306,56.0628],[-3.7378,56.0677],[-3.7481,56.0689],[-3.7622,56.074],[-3.7762,56.0832]]],[[[-2.5622,56.1913],[-2.5633,56.1869],[-2.5513,56.1807],[-2.5501,56.1848],[-2.5622,56.1913]]]]},"properties":{"HA_NUM":17,"HA_NAME":"Firth of Forth Group"}},
{"type":"Feature","geometry":{"type":"MultiPolygon","coordinates":[[[[-4.3734,56.3893],[-4.3914,56.3921],[-4.3965,56.3947],[-4.4106,56.3877],[-4.4134,56.3805],[-4.4123,56.3762],[-4.4299,56.3788],[-4.4447,56.3758],[-4.4538,56.3923],[-4.4604,56.3944],[-4.4631,56.3984],[-4.4636,56.406],[-4.4815,56.4065],[-4.4845,56.4033],[-4.4843,56.3867],[-4.4914,56.3839],[-4.4957,56.3761],[-4.5061,56.3737],[-4.5162,56.3672],[-4.5298,56.3651],[-4.5367,56.371],[-4.5429,56.3675],[-4.5585,56.3699],[-4.5682,56.3697],[-4.5727,56.3651],[-4.5707,56.3598],[-4.5785,56.3556],[-4.5784,56.3529],[-4.5852,56.3469],[-4.594,56.344],[-4.5926,56.3353],[-4.5997,56.3331],[-4.6182,56.3314],[-4.6236,56.3344],[-4.6319,56.3306],[-4.6333,56.3275],[-4.6413,56.3264],[-4.6441,56.3209],[-4.6632,56.316],[-4.6706,56.3172],[-4.6767,56.3126],[-4.6771,56.3072],[-4.6712,56.3033],[-4.6807,56.2999],[-4.6791,56.2896],[-4.6678,56.2894],[-4.6607,56.286],[-4.6591,56.2806],[-4.632,56.2745],[-4.6188,56.2702],[-4.6113,56.2664],[-4.6085,56.261],[-4.6036,56.2607],[-4.5952,56.2552],[-4.5861,56.2521],[-4.576,56.2464],[-4.5678,56.2439],[-4.578,56.2387],[-4.5828,56.2333],[-4.5978,56.2334],[-4.6148,56.229],[-4.6257,56.2297],[-4.6348,56.2326],[-4.6542,56.2326],[-4.6618,56.2255],[-4.6539,56.2169],[-4.6424,56.2145],[-4.6374,56.2112],[-4.6402,56.2055],[-4.6401,56.1925],[-4.6236,56.187],[-4.6209,56.1826],[-4.6211,56.1736],[-4.6139,56.1679],[-4.607,56.1676],[-4.5954,56.1627],[-4.5918,56.1571],[-4.5786,56.1529],[-4.5756,56.1433],[-4.5624,56.1384],[-4.5446,56.1374],[-4.5314,56.1319],[-4.5191,56.1285],[-4.5029,56.127],[-4.4899,56.1192],[-4.4757,56.1177],[-4.4616,56.1108],[-4.4531,56.1092],[-4.4394,56.1036],[-4.4282,56.1043],[-4.4223,56.0999],[-4.4103,56.0997],[-4.4017,56.0915],[-4.4028,56.0834],[-4.392,56.0782],[-4.3919,56.0762],[-4.3743,56.077],[-4.3665,56.0754],[-4.3519,56.0797],[-4.3483,56.0856],[-4.3412,56.0884],[-4.3338,56.0845],[-4.3096,56.0845],[-4.3004,56.091],[-4.2817,56.0949],[-4.2731,56.0924],[-4.2648,56.0872],[-4.2538,56.0919],[-4.2466,56.092],[-4.242,56.0957],[-4.2275,56.0959],[-4.2145,56.0998],[-4.2107,56.096],[-4.2119,56.0901],[-4.2051,56.0831],[-4.203,56.0752],[-4.1965,56.0727],[-4.1868,56.0731],[-4.1818,56.0756],[-4.1702,56.0763],[-4.1562,56.0851],[-4.155,56.0932],[-4.1424,56.0965],[-4.1337,56.1007],[-4.1234,56.1023],[-4.0983,56.0986],[-4.0908,56.0947],[-4.0819,56.0944],[-4.0761,56.0909],[-4.0759,56.0873],[-4.0661,56.0844],[-4.0657,56.0769],[-4.0597,56.0692],[-4.0507,56.0653],[-4.033,56.0647],[-4.0297,56.0629],[-4.0112,56.0637],[-4.006,56.0629],[-3.9938,56.068],[-3.9753,56.0679],[-3.9609,56.0694],[-3.9536,56.0673],[-3.9472,56.0692],[-3.946,56.0764],[-3.9227,56.0761],[-3.9229,56.0813],[-3.9118,56.0828],[-3.8948,56.0808],[-3.8808,56.0747],[-3.8592,56.0766],[-3.8502,56.0721],[-3.8385,56.0722],[-3.8347,56.0754],[-3.8384,56.0785],[-3.8363,56.0835],[-3.8298,56.0836],[-3.8096,56.0794],[-3.7891,56.0797],[-3.7858,56.0788],[-3.7762,56.0832],[-3.7924,56.0951],[-3.7985,56.1033],[-3.8046,56.1066],[-3.8172,56.0997],[-3.8328,56.099],[-3.8395,56.1024],[-3.8413,56.1072],[-3.8378,56.1118],[-3.8389,56.1157],[-3.8529,56.1184],[-3.8546,56.1104],[-3.8667,56.1058],[-3.8728,56.1087],[-3.8717,56.1119],[-3.8644,56.116],[-3.8687,56.12],[-3.8802,56.1201],[-3.8811,56.1239],[-3.8916,56.1285],[-3.9,56.1214],[-3.9029,56.1266],[-3.9097,56.1284],[-3.9164,56.1196],[-3.9308,56.1193],[-3.9302,56.1231],[-3.9169,56.1201],[-3.9125,56.1275],[-3.9034,56.1277],[-3.9007,56.1222],[-3.8933,56.1291],[-3.8823,56.1284],[-3.8779,56.1213],[-3.8681,56.1212],[-3.8625,56.1157],[-3.8694,56.1114],[-3.8634,56.1081],[-3.8584,56.1116],[-3.8582,56.1188],[-3.8488,56.121],[-3.8354,56.118],[-3.8278,56.1143],[-3.8232,56.1091],[-3.8154,56.1115],[-3.804,56.1101],[-3.7948,56.1069],[-3.7769,56.0929],[-3.7659,56.086],[-3.7539,56.0926],[-3.754,56.0948],[-3.7406,56.1002],[-3.7333,56.098],[-3.7291,56.094],[-3.7179,56.0955],[-3.7034,56.0957],[-3.7004,56.0994],[-3.693,56.0961],[-3.6901,56.1045],[-3.6822,56.1077],[-3.6832,56.1115],[-3.6777,56.1152],[-3.656,56.1135],[-3.6464,56.1167],[-3.6442,56.1199],[-3.6273,56.1215],[-3.6201,56.1207],[-3.6109,56.123],[-3.6071,56.1181],[-3.5956,56.1133],[-3.5893,56.1148],[-3.5723,56.1139],[-3.5537,56.1098],[-3.536,56.1101],[-3.5294,56.116],[-3.5139,56.1202],[-3.5132,56.1243],[-3.5183,56.1305],[-3.5127,56.1319],[-3.4967,56.1321],[-3.4847,56.1341],[-3.4775,56.1373],[-3.4785,56.1413],[-3.5005,56.148],[-3.499,56.1518],[-3.487,56.1524],[-3.4897,56.1598],[-3.5064,56.1749],[-3.5217,56.1745],[-3.5248,56.1718],[-3.5385,56.1729],[-3.5433,56.1706],[-3.5526,56.1719],[-3.5658,56.1717],[-3.57,56.1752],[-3.5653,56.1789],[-3.551,56.1818],[-3.5494,56.1845],[-3.553,56.1927],[-3.5662,56.2004],[-3.5689,56.2076],[-3.5803,56.2097],[-3.5797,56.2137],[-3.5864,56.2204],[-3.5996,56.229],[-3.6014,56.2323],[-3.6146,56.2394],[-3.6141,56.2461],[-3.6174,56.2496],[-3.6343,56.2481],[-3.6382,56.2449],[-3.6627,56.2504],[-3.6644,56.2526],[-3.6846,56.2532],[-3.6999,56.2519],[-3.6973,56.2488],[-3.6995,56.2432],[-3.6929,56.2414],[-3.6954,56.2342],[-3.7039,56.2341],[-3.7118,56.2309],[-3.7216,56.2325],[-3.7257,56.2352],[-3.737,56.235],[-3.7314,56.2436],[-3.7392,56.2478],[-3.7428,56.2545],[-3.7427,56.2709],[-3.7494,56.2766],[-3.7583,56.2765],[-3.777,56.2803],[-3.778,56.2834],[-3.7886,56.2864],[-3.7959,56.2867],[-3.8066,56.2906],[-3.8163,56.2909],[-3.8274,56.2943],[-3.8375,56.2955],[-3.8573,56.2953],[-3.8621,56.2938],[-3.8879,56.293],[-3.8975,56.2982],[-3.9096,56.2985],[-3.9138,56.3007],[-3.9267,56.3018],[-3.94,56.3084],[-3.9475,56.3136],[-3.9574,56.3157],[-3.9629,56.3206],[-3.9721,56.3204],[-3.9821,56.3243],[-3.9893,56.3242],[-3.9929,56.3309],[-4.002,56.3343],[-4.0141,56.3332],[-4.0129,56.3274],[-4.0233,56.3165],[-4.034,56.3127],[-4.0336,56.306],[-4.0379,56.2953],[-4.0337,56.2927],[-4.0311,56.2743],[-4.0333,56.2687],[-4.0438,56.2685],[-4.0513,56.2738],[-4.0684,56.2757],[-4.0685,56.2784],[-4.0777,56.2848],[-4.0828,56.2809],[-4.0928,56.2789],[-4.1029,56.2787],[-4.1139,56.2804],[-4.1191,56.2879],[-4.128,56.2882],[-4.1342,56.2823],[-4.1478,56.2816],[-4.1541,56.2783],[-4.1651,56.2862],[-4.1749,56.2887],[-4.1687,56.2938],[-4.1757,56.3033],[-4.1871,56.3038],[-4.1981,56.313],[-4.2112,56.315],[-4.213,56.3186],[-4.2211,56.3189],[-4.237,56.329],[-4.2587,56.3259],[-4.2625,56.3218],[-4.2628,56.3137],[-4.2749,56.3125],[-4.2896,56.3154],[-4.2934,56.3243],[-4.293,56.3315],[-4.2967,56.3387],[-4.3009,56.3417],[-4.3016,56.3471],[-4.292,56.3549],[-4.3038,56.3628],[-4.315,56.3675],[-4.3302,56.3713],[-4.3479,56.3691],[-4.359,56.3793],[-4.364,56.3805],[-4.3677,56.3876],[-4.3734,56.3893]]],[[[-3.8122,56.1089],[-3.8202,56.1077],[-3.8227,56.102],[-3.8131,56.1033],[-3.8122,56.1089]]]]},"properties":{"HA_NUM":18,"HA_NAME":"Forth"}},
{"type":"Feature","geometry":{"type":"Polygon","coordinates":[[[-3.0064,55.9542],[-3.0202,55.9515],[-3.0363,55.9542],[-3.0476,55.9527],[-3.0497,55.9492],[-3.0675,55.9453],[-3.0835,55.9487],[-3.0947,55.9493],[-3.117,55.9581],[-3.1415,55.9728],[-3.153,55.9769],[-3.1566,55.9817],[-3.1791,55.9896],[-3.1744,55.9838],[-3.1805,55.9806],[-3.1859,55.9893],[-3.1956,55.9855],[-3.1955,55.9811],[-3.202,55.9802],[-3.2229,55.9813],[-3.2301,55.9873],[-3.2339,55.984],[-3.2515,55.9834],[-3.2624,55.9797],[-3.2829,55.9804],[-3.2927,55.979],[-3.3138,55.9836],[-3.32,55.9764],[-3.3279,55.9727],[-3.3482,55.9707],[-3.3615,55.9719],[-3.3782,55.9686],[-3.3954,55.9689],[-3.4077,55.966],[-3.4103,55.97],[-3.4176,55.9735],[-3.4505,55.9732],[-3.4676,55.9811],[-3.4899,55.9772],[-3.4961,55.9719],[-3.504,55.9692],[-3.5036,55.9599],[-3.5132,55.9589],[-3.5154,55.9544],[-3.5307,55.956],[-3.5563,55.9548],[-3.5554,55.9519],[-3.5648,55.9471],[-3.5831,55.9439],[-3.6118,55.9411],[-3.6164,55.937],[-3.6154,55.9316],[-3.6247,55.9256],[-3.6181,55.921],[-3.6153,55.9114],[-3.6093,55.911],[-3.6044,55.907],[-3.5856,55.9082],[-3.5971,55.8954],[-3.5952,55.8898],[-3.6064,55.8886],[-3.6087,55.8863],[-3.6374,55.8846],[-3.6508,55.8812],[-3.6555,55.8771],[-3.6867,55.8785],[-3.6941,55.8842],[-3.7013,55.8841],[-3.7048,55.8904],[-3.7096,55.8894],[-3.7185,55.8924],[-3.7516,55.8825],[-3.7625,55.8756],[-3.767,55.8693],[-3.775,55.8687],[-3.7828,55.8655],[-3.8033,55.8602],[-3.8079,55.8561],[-3.8077,55.8512],[-3.8221,55.8505],[-3.822,55.8411],[-3.8239,55.8375],[-3.8087,55.8377],[-3.8025,55.8337],[-3.7789,55.8327],[-3.7727,55.8369],[-3.7471,55.8354],[-3.7359,55.8356],[-3.7404,55.8283],[-3.7537,55.8227],[-3.7583,55.8191],[-3.762,55.8118],[-3.7727,55.8009],[-3.7747,55.7923],[-3.7719,55.7836],[-3.7649,55.7795],[-3.7627,55.7732],[-3.7521,55.7684],[-3.7512,55.7655],[-3.7384,55.7646],[-3.7308,55.7727],[-3.7294,55.7773],[-3.7177,55.7833],[-3.7034,55.7844],[-3.6965,55.7908],[-3.6975,55.7961],[-3.6856,55.7985],[-3.6802,55.8022],[-3.6678,55.8024],[-3.6594,55.8007],[-3.6396,55.8041],[-3.6271,55.8002],[-3.6151,55.799],[-3.6014,55.8055],[-3.595,55.806],[-3.586,55.7999],[-3.584,55.79],[-3.5663,55.7866],[-3.5641,55.7907],[-3.5438,55.791],[-3.5267,55.7925],[-3.5247,55.7842],[-3.5158,55.7796],[-3.5074,55.7793],[-3.4897,55.7755],[-3.4846,55.7778],[-3.4731,55.7788],[-3.4679,55.7766],[-3.4521,55.7809],[-3.4443,55.7854],[-3.4446,55.7951],[-3.4399,55.7972],[-3.4354,55.8053],[-3.426,55.809],[-3.4156,55.8089],[-3.404,55.8185],[-3.3961,55.8206],[-3.3822,55.8106],[-3.375,55.81],[-3.374,55.806],[-3.3683,55.8025],[-3.3714,55.7989],[-3.3679,55.7917],[-3.3709,55.7854],[-3.3698,55.776],[-3.3618,55.7747],[-3.362,55.7706],[-3.3551,55.7667],[-3.3431,55.7637],[-3.3298,55.7728],[-3.3179,55.7743],[-3.303,55.7816],[-3.2927,55.7835],[-3.2825,55.7877],[-3.2806,55.7787],[-3.281,55.7684],[-3.2697,55.7635],[-3.2642,55.7636],[-3.2544,55.7583],[-3.2419,55.7647],[-3.2335,55.7756],[-3.2256,55.7784],[-3.2152,55.7794],[-3.2138,55.7852],[-3.1896,55.8025],[-3.1833,55.8026],[-3.1878,55.7949],[-3.1917,55.7922],[-3.1915,55.785],[-3.1961,55.7805],[-3.1966,55.7694],[-3.191,55.7686],[-3.1869,55.7644],[-3.1875,55.759],[-3.1937,55.7533],[-3.1881,55.7518],[-3.1887,55.7471],[-3.1839,55.7437],[-3.1883,55.7338],[-3.181,55.7294],[-3.1719,55.7299],[-3.1579,55.726],[-3.1572,55.7296],[-3.1505,55.7315],[-3.1378,55.7213],[-3.1385,55.7161],[-3.1343,55.7114],[-3.1272,55.7106],[-3.1201,55.7156],[-3.098,55.7198],[-3.0917,55.7239],[-3.1022,55.7288],[-3.1041,55.7386],[-3.0807,55.7559],[-3.0728,55.7609],[-3.0641,55.7637],[-3.0603,55.7678],[-3.0468,55.7715],[-3.0335,55.7788],[-3.0136,55.7821],[-3.0074,55.7893],[-2.9971,55.7905],[-2.9845,55.7954],[-2.9833,55.7972],[-2.9903,55.8052],[-2.9856,55.8102],[-2.9856,55.8228],[-2.9937,55.8294],[-3.0102,55.8338],[-3.023,55.8355],[-3.0377,55.8488],[-3.0356,55.8578],[-3.023,55.8642],[-3.0208,55.8739],[-3.0265,55.8781],[-3.0234,55.8813],[-3.0154,55.8818],[-3.0107,55.885],[-3.0004,55.8873],[-3.0005,55.8932],[-3.0126,55.8976],[-3.0144,55.9029],[-3.0073,55.9079],[-3.0067,55.9133],[-2.9956,55.9186],[-2.9925,55.9245],[-2.9946,55.9283],[-2.988,55.9353],[-2.9986,55.9428],[-2.9979,55.9467],[-3.0064,55.9542]]]},"properties":{"HA_NUM":19,"HA_NAME":"Almond Group"}},
{"type":"Feature","geometry":{"type":"Polygon","coordinates":[[[-2.3564,55.9422],[-2.3676,55.9461],[-2.3765,55.9476],[-2.3956,55.9583],[-2.3995,55.9641],[-2.3978,55.9677],[-2.4049,55.9718],[-2.4191,55.9708],[-2.423,55.9749],[-2.4374,55.9791],[-2.4446,55.9874],[-2.4624,55.9873],[-2.4698,55.9904],[-2.4749,55.9958],[-2.4878,55.9953],[-2.5121,56.0015],[-2.5203,56.0049],[-2.5335,56.0063],[-2.5421,56.0032],[-2.545,55.9989],[-2.5573,56.0002],[-2.5554,56.0036],[-2.5713,56.0079],[-2.5782,56.0043],[-2.5784,56.0011],[-2.5928,55.998],[-2.5991,55.9981],[-2.604,56.0053],[-2.5957,56.005],[-2.5903,56.0106],[-2.5935,56.013],[-2.5888,56.0222],[-2.5985,56.0255],[-2.609,56.0333],[-2.6121,56.0385],[-2.6197,56.0438],[-2.6212,56.0479],[-2.6297,56.0523],[-2.6498,56.0552],[-2.6543,56.0593],[-2.6707,56.0578],[-2.6791,56.0618],[-2.6962,56.0598],[-2.6988,56.0576],[-2.7224,56.0593],[-2.7288,56.0614],[-2.7463,56.0622],[-2.7501,56.0597],[-2.7583,56.0601],[-2.775,56.0642],[-2.7868,56.0658],[-2.7998,56.0648],[-2.8065,56.0619],[-2.816,56.0622],[-2.8262,56.0517],[-2.831,56.0512],[-2.8349,56.0437],[-2.8473,56.0383],[-2.8598,56.0384],[-2.8667,56.0365],[-2.8651,56.0243],[-2.8501,56.0135],[-2.8584,56.0112],[-2.8693,56.0114],[-2.8741,56.0141],[-2.885,56.0125],[-2.8901,56.0051],[-2.8852,56.002],[-2.8885,55.9923],[-2.8997,55.9886],[-2.8974,55.9841],[-2.9181,55.9744],[-2.9243,55.9731],[-2.957,55.9724],[-2.9714,55.9702],[-2.9773,55.9673],[-2.9811,55.9617],[-3.0064,55.9542],[-2.9979,55.9467],[-2.9986,55.9428],[-2.988,55.9353],[-2.9946,55.9283],[-2.9925,55.9245],[-2.9956,55.9186],[-3.0067,55.9133],[-3.0073,55.9079],[-3.0144,55.9029],[-3.0126,55.8976],[-3.0005,55.8932],[-3.0004,55.8873],[-3.0107,55.885],[-3.0154,55.8818],[-3.0234,55.8813],[-3.0265,55.8781],[-3.0208,55.8739],[-3.023,55.8642],[-3.0356,55.8578],[-3.0377,55.8488],[-3.023,55.8355],[-3.0102,55.8338],[-2.9937,55.8294],[-2.9856,55.8228],[-2.9856,55.8102],[-2.9903,55.8052],[-2.9833,55.7972],[-2.9845,55.7954],[-2.9741,55.7946],[-2.9604,55.7893],[-2.9446,55.7964],[-2.9448,55.8058],[-2.9199,55.8138],[-2.902,55.814],[-2.8995,55.8113],[-2.8871,55.8078],[-2.8678,55.8201],[-2.859,55.8203],[-2.8541,55.8166],[-2.8539,55.8049],[-2.8356,55.8073],[-2.8238,55.8136],[-2.8132,55.8236],[-2.8064,55.8245],[-2.8093,55.829],[-2.7947,55.8349],[-2.7835,55.8363],[-2.7788,55.8404],[-2.7646,55.8468],[-2.7582,55.8468],[-2.7557,55.8415],[-2.7584,55.8379],[-2.754,55.8352],[-2.736,55.8353],[-2.7245,55.8381],[-2.7157,55.8386],[-2.707,55.8431],[-2.7006,55.8431],[-2.6919,55.8484],[-2.692,55.8517],[-2.6793,55.859],[-2.6723,55.8658],[-2.6708,55.8707],[-2.6581,55.8775],[-2.6437,55.8771],[-2.6388,55.8716],[-2.6292,55.8709],[-2.6279,55.8871],[-2.632,55.8938],[-2.6272,55.8977],[-2.6249,55.9042],[-2.6114,55.9043],[-2.6038,55.9079],[-2.602,55.9176],[-2.5917,55.925],[-2.5789,55.9278],[-2.5698,55.9319],[-2.5653,55.9296],[-2.5533,55.9297],[-2.5477,55.9243],[-2.5364,55.9208],[-2.528,55.9213],[-2.506,55.9205],[-2.5012,55.9185],[-2.4866,55.9075],[-2.477,55.908],[-2.4738,55.9053],[-2.4634,55.9054],[-2.4547,55.9094],[-2.4447,55.9113],[-2.4187,55.9114],[-2.4099,55.91],[-2.4043,55.9146],[-2.3956,55.9179],[-2.3956,55.9249],[-2.3901,55.929],[-2.3741,55.929],[-2.3621,55.934],[-2.3629,55.9367],[-2.3564,55.9422]]]},"properties":{"HA_NUM":20,"HA_NAME":"Tyne (Lothian)"}},
{"type":"Feature","geometry":{"type":"Polygon","coordinates":[[[-1.8726,55.6815],[-1.8803,55.6856],[-1.8832,55.6939],[-1.896,55.6984],[-1.904,55.7034],[-1.9123,55.7051],[-1.9193,55.7122],[-1.94,55.7205],[-1.9466,55.7264],[-1.9603,55.7331],[-1.9625,55.7375],[-1.9717,55.742],[-1.9736,55.7453],[-1.9867,55.7538],[-1.9924,55.7614],[-2.0021,55.7612],[-2.0172,55.7717],[-2.0279,55.7683],[-2.0357,55.7706],[-2.0203,55.7744],[-2.0147,55.7745],[-2.0048,55.7655],[-1.9927,55.7674],[-1.995,55.7796],[-1.9997,55.7809],[-1.9999,55.7862],[-2.0132,55.7917],[-2.0298,55.8075],[-2.0444,55.8165],[-2.0521,55.8262],[-2.0577,55.8379],[-2.0697,55.8427],[-2.069,55.8472],[-2.0727,55.8562],[-2.076,55.8572],[-2.0726,55.8681],[-2.0841,55.8755],[-2.092,55.8737],[-2.0942,55.8773],[-2.1035,55.8756],[-2.127,55.8851],[-2.1262,55.889],[-2.1342,55.8934],[-2.1287,55.8986],[-2.135,55.9024],[-2.1296,55.9069],[-2.1369,55.9163],[-2.143,55.9184],[-2.1489,55.9148],[-2.1671,55.915],[-2.1818,55.9182],[-2.1847,55.9205],[-2.1994,55.923],[-2.2048,55.9281],[-2.2174,55.9316],[-2.2343,55.9317],[-2.2461,55.9272],[-2.2587,55.9239],[-2.2807,55.9254],[-2.2828,55.9276],[-2.3031,55.9317],[-2.319,55.9298],[-2.3304,55.9303],[-2.3379,55.9335],[-2.3388,55.9374],[-2.3533,55.9387],[-2.3564,55.9422],[-2.3629,55.9367],[-2.3621,55.934],[-2.3741,55.929],[-2.3901,55.929],[-2.3956,55.9249],[-2.3956,55.9179],[-2.4043,55.9146],[-2.4099,55.91],[-2.4187,55.9114],[-2.4447,55.9113],[-2.4547,55.9094],[-2.4634,55.9054],[-2.4738,55.9053],[-2.477,55.908],[-2.4866,55.9075],[-2.5012,55.9185],[-2.506,55.9205],[-2.528,55.9213],[-2.5364,55.9208],[-2.5477,55.9243],[-2.5533,55.9297],[-2.5653,55.9296],[-2.5698,55.9319],[-2.5789,55.9278],[-2.5917,55.925],[-2.602,55.9176],[-2.6038,55.9079],[-2.6114,55.9043],[-2.6249,55.9042],[-2.6272,55.8977],[-2.632,55.8938],[-2.6279,55.8871],[-2.6292,55.8709],[-2.6388,55.8716],[-2.6437,55.8771],[-2.6581,55.8775],[-2.6708,55.8707],[-2.6723,55.8658],[-2.6793,55.859],[-2.692,55.8517],[-2.6919,55.8484],[-2.7006,55.8431],[-2.707,55.8431],[-2.7157,55.8386],[-2.7245,55.8381],[-2.736,55.8353],[-2.754,55.8352],[-2.7584,55.8379],[-2.7557,55.8415],[-2.7582,55.8468],[-2.7646,55.8468],[-2.7788,55.8404],[-2.7835,55.8363],[-2.7947,55.8349],[-2.8093,55.829],[-2.8064,55.8245],[-2.8132,55.8236],[-2.8238,55.8136],[-2.8356,55.8073],[-2.8539,55.8049],[-2.8541,55.8166],[-2.859,55.8203],[-2.8678,55.8201],[-2.8871,55.8078],[-2.8995,55.8113],[-2.902,55.814],[-2.9199,55.8138],[-2.9448,55.8058],[-2.9446,55.7964],[-2.9604,55.7893],[-2.9741,55.7946],[-2.9845,55.7954],[-2.9971,55.7905],[-3.0074,55.7893],[-3.0136,55.7821],[-3.0335,55.7788],[-3.0468,55.7715],[-3.0603,55.7678],[-3.0641,55.7637],[-3.0728,55.7609],[-3.0807,55.7559],[-3.1041,55.7386],[-3.1022,55.7288],[-3.0917,55.7239],[-3.098,55.7198],[-3.1201,55.7156],[-3.1272,55.7106],[-3.1343,55.7114],[-3.1385,55.7161],[-3.1378,55.7213],[-3.1505,55.7315],[-3.1572,55.7296],[-3.1579,55.726],[-3.1719,55.7299],[-3.181,55.7294],[-3.1883,55.7338],[-3.1839,55.7437],[-3.1887,55.7471],[-3.1881,55.7518],[-3.1937,55.7533],[-3.1875,55.759],[-3.1869,55.7644],[-3.191,55.7686],[-3.1966,55.7694],[-3.1961,55.7805],[-3.1915,55.785],[-3.1917,55.7922],[-3.1878,55.7949],[-3.1833,55.8026],[-3.1896,55.8025],[-3.2138,55.7852],[-3.2152,55.7794],[-3.2256,55.7784],[-3.2335,55.7756],[-3.2419,55.7647],[-3.2544,55.7583],[-3.2642,55.7636],[-3.2697,55.7635],[-3.281,55.7684],[-3.2806,55.7787],[-3.2825,55.7877],[-3.2927,55.7835],[-3.303,55.7816],[-3.3179,55.7743],[-3.3298,55.7728],[-3.3431,55.7637],[-3.3551,55.7667],[-3.362,55.7706],[-3.3618,55.7747],[-3.3698,55.776],[-3.3709,55.7854],[-3.3679,55.7917],[-3.3714,55.7989],[-3.3683,55.8025],[-3.374,55.806],[-3.375,55.81],[-3.3822,55.8106],[-3.3961,55.8206],[-3.404,55.8185],[-3.4156,55.8089],[-3.426,55.809],[-3.4354,55.8053],[-3.4399,55.7972],[-3.4446,55.7951],[-3.4443,55.7854],[-3.4521,55.7809],[-3.4457,55.78],[-3.4405,55.7698],[-3.446,55.7668],[-3.4377,55.7579],[-3.4333,55.7469],[-3.4304,55.7447],[-3.4205,55.7471],[-3.4126,55.7472],[-3.4093,55.7436],[-3.4104,55.7306],[-3.4192,55.7309],[-3.4317,55.7258],[-3.4387,55.7208],[-3.4424,55.7131],[-3.4524,55.7038],[-3.4579,55.7026],[-3.468,55.6962],[-3.4695,55.6926],[-3.4877,55.6897],[-3.4915,55.6856],[-3.5002,55.6846],[-3.503,55.6751],[-3.5132,55.6714],[-3.525,55.669],[-3.5346,55.6702],[-3.5416,55.6656],[-3.5502,55.6631],[-3.5532,55.6587],[-3.5521,55.6505],[-3.5616,55.6384],[-3.5685,55.6329],[-3.5499,55.6246],[-3.5376,55.6243],[-3.5387,55.6133],[-3.5495,55.604],[-3.5532,55.5985],[-3.5514,55.592],[-3.5385,55.5859],[-3.5275,55.5892],[-3.5194,55.5864],[-3.5159,55.5756],[-3.5048,55.5758],[-3.5005,55.5691],[-3.4892,55.5632],[-3.4962,55.5593],[-3.5015,55.5538],[-3.5036,55.5457],[-3.4986,55.5379],[-3.4984,55.5327],[-3.4943,55.529],[-3.4949,55.5242],[-3.4875,55.5178],[-3.5001,55.5147],[-3.5093,55.5079],[-3.5136,55.4966],[-3.5119,55.4935],[-3.5221,55.4902],[-3.5231,55.4861],[-3.517,55.4817],[-3.519,55.4732],[-3.5244,55.4693],[-3.5257,55.4623],[-3.5304,55.4604],[-3.5302,55.4546],[-3.5356,55.4518],[-3.539,55.437],[-3.5365,55.4343],[-3.5246,55.4327],[-3.5253,55.4304],[-3.5171,55.4215],[-3.5098,55.4178],[-3.5031,55.4082],[-3.4905,55.4093],[-3.4896,55.4043],[-3.4786,55.4076],[-3.4643,55.4051],[-3.4467,55.4107],[-3.4431,55.4089],[-3.4305,55.41],[-3.4275,55.4145],[-3.4221,55.4159],[-3.4141,55.4129],[-3.4062,55.4134],[-3.4013,55.4099],[-3.3911,55.4122],[-3.3781,55.4115],[-3.3656,55.4161],[-3.3576,55.4122],[-3.3469,55.424],[-3.3386,55.4249],[-3.3396,55.4308],[-3.335,55.4331],[-3.3321,55.4416],[-3.3152,55.4454],[-3.3084,55.443],[-3.3099,55.4392],[-3.303,55.4348],[-3.2907,55.4317],[-3.2856,55.4349],[-3.2734,55.4346],[-3.2622,55.4311],[-3.2439,55.4277],[-3.2536,55.4227],[-3.257,55.4177],[-3.2663,55.4122],[-3.2789,55.4103],[-3.2827,55.406],[-3.2936,55.4012],[-3.3029,55.3939],[-3.3118,55.3776],[-3.3061,55.3732],[-3.3044,55.3683],[-3.3146,55.3677],[-3.316,55.3623],[-3.312,55.3608],[-3.3142,55.3538],[-3.3187,55.3483],[-3.31,55.3462],[-3.3019,55.3418],[-3.2933,55.3423],[-3.2847,55.3455],[-3.2833,55.3496],[-3.27,55.3533],[-3.2646,55.357],[-3.2671,55.3606],[-3.2561,55.3625],[-3.2476,55.3675],[-3.2381,55.3671],[-3.2303,55.3713],[-3.2248,55.3718],[-3.2194,55.3763],[-3.2066,55.3686],[-3.1931,55.3662],[-3.1898,55.3627],[-3.1811,55.3607],[-3.1817,55.3547],[-3.176,55.3473],[-3.1689,55.3472],[-3.1642,55.3503],[-3.1563,55.3509],[-3.1525,55.3547],[-3.1337,55.3592],[-3.125,55.3592],[-3.1098,55.3506],[-3.098,55.3501],[-3.099,55.3321],[-3.0863,55.3281],[-3.0861,55.3214],[-3.0789,55.3152],[-3.0687,55.3159],[-3.0629,55.3059],[-3.0524,55.2974],[-3.0469,55.2957],[-3.0546,55.2889],[-3.0551,55.2803],[-3.0415,55.2721],[-3.0244,55.2788],[-3.0197,55.2793],[-3.0108,55.2726],[-3.0115,55.2686],[-3.0044,55.2673],[-2.995,55.2692],[-2.9889,55.2782],[-2.9812,55.2819],[-2.9702,55.2842],[-2.9656,55.2896],[-2.9555,55.2942],[-2.9429,55.2943],[-2.9338,55.2926],[-2.9254,55.289],[-2.9198,55.2823],[-2.9041,55.2856],[-2.8977,55.283],[-2.8901,55.2929],[-2.8791,55.2934],[-2.8674,55.3002],[-2.8596,55.3016],[-2.8417,55.2937],[-2.8303,55.2942],[-2.8225,55.2992],[-2.8063,55.298],[-2.7958,55.3043],[-2.7884,55.3062],[-2.7777,55.3013],[-2.7683,55.3036],[-2.7627,55.3],[-2.7564,55.301],[-2.7408,55.3078],[-2.7277,55.3048],[-2.7187,55.3093],[-2.7065,55.3085],[-2.7014,55.3067],[-2.6803,55.3203],[-2.6718,55.3271],[-2.6606,55.3209],[-2.6532,55.3204],[-2.6417,55.316],[-2.6392,55.3129],[-2.6211,55.3125],[-2.6092,55.3072],[-2.6013,55.3054],[-2.5887,55.3064],[-2.5818,55.3159],[-2.5708,55.3213],[-2.5621,55.32],[-2.5542,55.3164],[-2.5307,55.3233],[-2.5216,55.3224],[-2.5142,55.3296],[-2.5017,55.3373],[-2.4955,55.3472],[-2.4889,55.3518],[-2.4727,55.3545],[-2.4617,55.3532],[-2.4452,55.3591],[-2.4381,55.3591],[-2.4294,55.3565],[-2.4243,55.3587],[-2.4136,55.3588],[-2.401,55.3534],[-2.4001,55.348],[-2.3871,55.3476],[-2.3781,55.3504],[-2.3757,55.354],[-2.3584,55.3608],[-2.3506,55.368],[-2.3506,55.3704],[-2.331,55.3806],[-2.335,55.3828],[-2.3358,55.3925],[-2.3438,55.3972],[-2.343,55.4008],[-2.3328,55.4035],[-2.3328,55.4098],[-2.3229,55.4071],[-2.3131,55.4067],[-2.3107,55.4099],[-2.2942,55.4162],[-2.2942,55.4207],[-2.284,55.423],[-2.2698,55.4302],[-2.2429,55.4325],[-2.2327,55.4298],[-2.224,55.4312],[-2.2035,55.4379],[-2.1932,55.446],[-2.1925,55.4532],[-2.1877,55.4559],[-2.1878,55.4622],[-2.1815,55.4649],[-2.1566,55.469],[-2.1561,55.4524],[-2.1593,55.4506],[-2.1577,55.4421],[-2.1513,55.4364],[-2.1532,55.4218],[-2.1429,55.4201],[-2.1339,55.4241],[-2.1244,55.4237],[-2.1157,55.4174],[-2.1062,55.416],[-2.107,55.4093],[-2.0927,55.4008],[-2.0857,55.4062],[-2.073,55.408],[-2.0655,55.4048],[-2.0493,55.4093],[-2.047,55.4134],[-2.0312,55.4089],[-2.0233,55.408],[-2.0146,55.4121],[-1.9988,55.4156],[-1.9948,55.4188],[-1.9869,55.4201],[-1.9794,55.4156],[-1.9652,55.421],[-1.9483,55.412],[-1.938,55.4116],[-1.9332,55.4147],[-1.9261,55.4147],[-1.9214,55.4197],[-1.9159,55.4201],[-1.9072,55.4241],[-1.8969,55.4268],[-1.8937,55.4313],[-1.8996,55.4421],[-1.885,55.4443],[-1.8779,55.4385],[-1.8692,55.4412],[-1.8589,55.4398],[-1.8494,55.4439],[-1.851,55.4495],[-1.8446,55.4528],[-1.8446,55.4632],[-1.8422,55.4726],[-1.8461,55.4767],[-1.8532,55.4789],[-1.8659,55.4798],[-1.8675,55.4852],[-1.873,55.4884],[-1.8721,55.5036],[-1.8753,55.5063],[-1.8777,55.5158],[-1.8681,55.5247],[-1.861,55.5256],[-1.8531,55.5308],[-1.8514,55.5445],[-1.8435,55.5503],[-1.8411,55.5571],[-1.8482,55.5571],[-1.8609,55.562],[-1.8624,55.5728],[-1.8759,55.5814],[-1.883,55.5818],[-1.8909,55.5888],[-1.8853,55.5919],[-1.8988,55.6038],[-1.9043,55.6101],[-1.9123,55.6151],[-1.9242,55.6272],[-1.9202,55.6313],[-1.9281,55.6373],[-1.9209,55.6423],[-1.9313,55.6479],[-1.9336,55.6569],[-1.9388,55.6582],[-1.9408,55.6654],[-1.9233,55.6672],[-1.9102,55.6632],[-1.8955,55.6674],[-1.895,55.6793],[-1.8851,55.6789],[-1.8726,55.6815]]]},"properties":{"HA_NUM":21,"HA_NAME":"Tweed"}},
{"type":"Feature","geometry":{"type":"MultiPolygon","coordinates":[[[[-1.4504,55.0536],[-1.4549,55.0624],[-1.4518,55.0669],[-1.4615,55.0745],[-1.4641,55.0799],[-1.4767,55.0864],[-1.4867,55.0944],[-1.496,55.104],[-1.4979,55.1092],[-1.4976,55.1256],[-1.5004,55.128],[-1.5189,55.1358],[-1.5289,55.1364],[-1.5305,55.1397],[-1.5194,55.1425],[-1.5157,55.1362],[-1.5066,55.1345],[-1.5205,55.1479],[-1.5254,55.16],[-1.5207,55.1704],[-1.5162,55.1726],[-1.5141,55.1816],[-1.5068,55.1856],[-1.4995,55.1853],[-1.5049,55.1923],[-1.5045,55.198],[-1.5154,55.2023],[-1.524,55.2126],[-1.5293,55.2224],[-1.5253,55.227],[-1.5386,55.2367],[-1.5443,55.2387],[-1.5566,55.2499],[-1.5679,55.2666],[-1.5712,55.2772],[-1.5705,55.2913],[-1.5615,55.301],[-1.5587,55.3062],[-1.5502,55.3111],[-1.5496,55.3222],[-1.5711,55.3358],[-1.5726,55.3388],[-1.5838,55.335],[-1.5933,55.3386],[-1.5862,55.3429],[-1.5962,55.353],[-1.6014,55.361],[-1.6061,55.3724],[-1.6086,55.3839],[-1.6109,55.3854],[-1.5964,55.3949],[-1.5938,55.4014],[-1.5863,55.4063],[-1.5785,55.4088],[-1.5821,55.4168],[-1.5802,55.4246],[-1.5759,55.4319],[-1.5849,55.4334],[-1.593,55.4399],[-1.5865,55.4466],[-1.593,55.458],[-1.5888,55.4622],[-1.5915,55.4676],[-1.5939,55.4847],[-1.5915,55.4893],[-1.6022,55.4943],[-1.6103,55.495],[-1.6169,55.5009],[-1.6142,55.5098],[-1.619,55.5146],[-1.6115,55.5216],[-1.6195,55.5227],[-1.6316,55.5319],[-1.6379,55.5408],[-1.6335,55.5495],[-1.6236,55.5524],[-1.6331,55.5592],[-1.6455,55.5718],[-1.6402,55.5766],[-1.6456,55.5807],[-1.665,55.5865],[-1.6793,55.598],[-1.6884,55.6019],[-1.6915,55.6061],[-1.7187,55.6131],[-1.723,55.6168],[-1.7428,55.6187],[-1.7567,55.6123],[-1.759,55.6087],[-1.7684,55.6034],[-1.7823,55.6167],[-1.772,55.6174],[-1.7662,55.6217],[-1.7648,55.626],[-1.7784,55.6398],[-1.7897,55.6467],[-1.8016,55.6366],[-1.8061,55.6345],[-1.8174,55.6346],[-1.8309,55.6384],[-1.8423,55.6436],[-1.8414,55.6464],[-1.8489,55.6531],[-1.8574,55.6561],[-1.8603,55.6611],[-1.8723,55.6732],[-1.8726,55.6815],[-1.8851,55.6789],[-1.895,55.6793],[-1.8955,55.6674],[-1.9102,55.6632],[-1.9233,55.6672],[-1.9408,55.6654],[-1.9388,55.6582],[-1.9336,55.6569],[-1.9313,55.6479],[-1.9209,55.6423],[-1.9281,55.6373],[-1.9202,55.6313],[-1.9242,55.6272],[-1.9123,55.6151],[-1.9043,55.6101],[-1.8988,55.6038],[-1.8853,55.5919],[-1.8909,55.5888],[-1.883,55.5818],[-1.8759,55.5814],[-1.8624,55.5728],[-1.8609,55.562],[-1.8482,55.5571],[-1.8411,55.5571],[-1.8435,55.5503],[-1.8514,55.5445],[-1.8531,55.5308],[-1.861,55.5256],[-1.8681,55.5247],[-1.8777,55.5158],[-1.8753,55.5063],[-1.8721,55.5036],[-1.873,55.4884],[-1.8675,55.4852],[-1.8659,55.4798],[-1.8532,55.4789],[-1.8461,55.4767],[-1.8422,55.4726],[-1.8446,55.4632],[-1.8446,55.4528],[-1.851,55.4495],[-1.8494,55.4439],[-1.8589,55.4398],[-1.8692,55.4412],[-1.8779,55.4385],[-1.885,55.4443],[-1.8996,55.4421],[-1.8937,55.4313],[-1.8969,55.4268],[-1.9072,55.4241],[-1.9159,55.4201],[-1.9214,55.4197],[-1.9261,55.4147],[-1.9332,55.4147],[-1.938,55.4116],[-1.9483,55.412],[-1.9652,55.421],[-1.9794,55.4156],[-1.9869,55.4201],[-1.9948,55.4188],[-1.9988,55.4156],[-2.0146,55.4121],[-2.0233,55.408],[-2.0312,55.4089],[-2.047,55.4134],[-2.0493,55.4093],[-2.0655,55.4048],[-2.073,55.408],[-2.0857,55.4062],[-2.0927,55.4008],[-2.107,55.4093],[-2.1062,55.416],[-2.1157,55.4174],[-2.1244,55.4237],[-2.1339,55.4241],[-2.1429,55.4201],[-2.1532,55.4218],[-2.1513,55.4364],[-2.1577,55.4421],[-2.1593,55.4506],[-2.1561,55.4524],[-2.1566,55.469],[-2.1815,55.4649],[-2.1878,55.4622],[-2.1877,55.4559],[-2.1925,55.4532],[-2.1932,55.446],[-2.2035,55.4379],[-2.224,55.4312],[-2.2327,55.4298],[-2.2429,55.4325],[-2.2698,55.4302],[-2.284,55.423],[-2.2942,55.4207],[-2.2942,55.4162],[-2.3107,55.4099],[-2.3131,55.4067],[-2.3229,55.4071],[-2.3328,55.4098],[-2.3328,55.4035],[-2.343,55.4008],[-2.3438,55.3972],[-2.3358,55.3925],[-2.335,55.3828],[-2.331,55.3806],[-2.3506,55.3704],[-2.3506,55.368],[-2.3584,55.3608],[-2.3513,55.3585],[-2.3395,55.359],[-2.334,55.3613],[-2.3167,55.3631],[-2.3127,55.3586],[-2.2969,55.3519],[-2.2953,55.3477],[-2.2897,55.3445],[-2.2873,55.3367],[-2.2806,55.3331],[-2.2585,55.3314],[-2.2494,55.3327],[-2.2455,55.3287],[-2.2462,55.3197],[-2.2178,55.3189],[-2.2095,55.3108],[-2.1926,55.3117],[-2.1713,55.3113],[-2.1681,55.3088],[-2.1665,55.2983],[-2.1689,55.2929],[-2.1626,55.2906],[-2.1508,55.2925],[-2.1319,55.292],[-2.1224,55.283],[-2.1224,55.2732],[-2.1192,55.2711],[-2.1184,55.2642],[-2.1121,55.2624],[-2.1129,55.2588],[-2.1058,55.2525],[-2.0971,55.253],[-2.0971,55.2453],[-2.0912,55.2422],[-2.079,55.2431],[-2.0743,55.2507],[-2.0664,55.2516],[-2.0546,55.2465],[-2.0499,55.249],[-2.0436,55.24],[-2.0326,55.2373],[-2.0334,55.2319],[-2.0397,55.2256],[-2.0389,55.2189],[-2.0491,55.2184],[-2.0624,55.2126],[-2.0617,55.2067],[-2.0734,55.1995],[-2.0844,55.2013],[-2.0931,55.1986],[-2.0946,55.1914],[-2.0852,55.1905],[-2.0655,55.1798],[-2.0538,55.1798],[-2.0553,55.1753],[-2.0647,55.1735],[-2.0655,55.1658],[-2.0773,55.1649],[-2.0851,55.1618],[-2.0851,55.1582],[-2.0937,55.1546],[-2.0961,55.151],[-2.1055,55.1487],[-2.1118,55.142],[-2.1204,55.1429],[-2.1275,55.1483],[-2.1365,55.1487],[-2.1408,55.1428],[-2.1415,55.1309],[-2.138,55.1289],[-2.1172,55.1285],[-2.1078,55.1308],[-2.1,55.1285],[-2.0694,55.1281],[-2.0678,55.1245],[-2.0537,55.1223],[-2.0506,55.1263],[-2.0439,55.125],[-2.0435,55.1209],[-2.0333,55.1227],[-2.0161,55.1232],[-2.0113,55.1209],[-2.0129,55.1151],[-2.0106,55.1106],[-1.9957,55.102],[-1.9902,55.0883],[-1.9847,55.0872],[-1.9855,55.0791],[-1.9816,55.0767],[-1.9882,55.0639],[-1.9886,55.0576],[-1.9929,55.054],[-2.009,55.0513],[-2.0074,55.0466],[-2.0121,55.04],[-2.0105,55.0347],[-2.027,55.0322],[-2.0285,55.0284],[-2.0551,55.0261],[-2.0551,55.0194],[-2.052,55.0162],[-2.0434,55.0162],[-2.0344,55.0131],[-2.0121,55.0131],[-1.9972,55.0113],[-1.9863,55.0126],[-1.9574,55.0243],[-1.9237,55.0259],[-1.9167,55.0317],[-1.9073,55.0265],[-1.8964,55.0243],[-1.8834,55.0265],[-1.8784,55.022],[-1.8784,55.0155],[-1.8815,55.0121],[-1.8679,55.0067],[-1.8417,55.0098],[-1.8346,55.0089],[-1.8237,55.0166],[-1.8205,55.0156],[-1.7978,55.0183],[-1.792,55.0156],[-1.7846,55.016],[-1.7767,55.0196],[-1.7611,55.0196],[-1.7524,55.0254],[-1.7427,55.0276],[-1.7368,55.0263],[-1.7305,55.0308],[-1.7133,55.0316],[-1.7023,55.0365],[-1.6772,55.0414],[-1.6632,55.0414],[-1.6541,55.0427],[-1.6506,55.04],[-1.6389,55.0409],[-1.626,55.0399],[-1.6202,55.0372],[-1.6014,55.0371],[-1.5967,55.0407],[-1.57,55.0447],[-1.5474,55.0347],[-1.5342,55.0329],[-1.5225,55.0252],[-1.5053,55.026],[-1.4927,55.0327],[-1.4895,55.0363],[-1.4801,55.041],[-1.4745,55.0495],[-1.4686,55.0524],[-1.4584,55.0541],[-1.4504,55.0536]]],[[[-1.7978,55.6873],[-1.801,55.6895],[-1.814,55.6852],[-1.8271,55.6847],[-1.8409,55.6876],[-1.8536,55.6881],[-1.8526,55.6818],[-1.8414,55.6788],[-1.8302,55.6834],[-1.8167,55.6823],[-1.8086,55.6798],[-1.8053,55.6762],[-1.8066,55.6715],[-1.8024,55.6683],[-1.7785,55.6689],[-1.7817,55.6771],[-1.779,55.6849],[-1.7978,55.6873]]],[[[-1.788,55.6564],[-1.7906,55.6472],[-1.7847,55.6478],[-1.788,55.6564]]]]},"properties":{"HA_NUM":22,"HA_NAME":"Coquet Group"}},
{"type":"Feature","geometry":{"type":"Polygon","coordinates":[[[-1.4504,55.0536],[-1.4584,55.0541],[-1.4686,55.0524],[-1.4745,55.0495],[-1.4801,55.041],[-1.4895,55.0363],[-1.4927,55.0327],[-1.5053,55.026],[-1.5225,55.0252],[-1.5342,55.0329],[-1.5474,55.0347],[-1.57,55.0447],[-1.5967,55.0407],[-1.6014,55.0371],[-1.6202,55.0372],[-1.626,55.0399],[-1.6389,55.0409],[-1.6506,55.04],[-1.6541,55.0427],[-1.6632,55.0414],[-1.6772,55.0414],[-1.7023,55.0365],[-1.7133,55.0316],[-1.7305,55.0308],[-1.7368,55.0263],[-1.7427,55.0276],[-1.7524,55.0254],[-1.7611,55.0196],[-1.7767,55.0196],[-1.7846,55.016],[-1.792,55.0156],[-1.7978,55.0183],[-1.8205,55.0156],[-1.8237,55.0166],[-1.8346,55.0089],[-1.8417,55.0098],[-1.8679,55.0067],[-1.8815,55.0121],[-1.8784,55.0155],[-1.8784,55.022],[-1.8834,55.0265],[-1.8964,55.0243],[-1.9073,55.0265],[-1.9167,55.0317],[-1.9237,55.0259],[-1.9574,55.0243],[-1.9863,55.0126],[-1.9972,55.0113],[-2.0121,55.0131],[-2.0344,55.0131],[-2.0434,55.0162],[-2.052,55.0162],[-2.0551,55.0194],[-2.0551,55.0261],[-2.0285,55.0284],[-2.027,55.0322],[-2.0105,55.0347],[-2.0121,55.04],[-2.0074,55.0466],[-2.009,55.0513],[-1.9929,55.054],[-1.9886,55.0576],[-1.9882,55.0639],[-1.9816,55.0767],[-1.9855,55.0791],[-1.9847,55.0872],[-1.9902,55.0883],[-1.9957,55.102],[-2.0106,55.1106],[-2.0129,55.1151],[-2.0113,55.1209],[-2.0161,55.1232],[-2.0333,55.1227],[-2.0435,55.1209],[-2.0439,55.125],[-2.0506,55.1263],[-2.0537,55.1223],[-2.0678,55.1245],[-2.0694,55.1281],[-2.1,55.1285],[-2.1078,55.1308],[-2.1172,55.1285],[-2.138,55.1289],[-2.1415,55.1309],[-2.1408,55.1428],[-2.1365,55.1487],[-2.1275,55.1483],[-2.1204,55.1429],[-2.1118,55.142],[-2.1055,55.1487],[-2.0961,55.151],[-2.0937,55.1546],[-2.0851,55.1582],[-2.0851,55.1618],[-2.0773,55.1649],[-2.0655,55.1658],[-2.0647,55.1735],[-2.0553,55.1753],[-2.0538,55.1798],[-2.0655,55.1798],[-2.0852,55.1905],[-2.0946,55.1914],[-2.0931,55.1986],[-2.0844,55.2013],[-2.0734,55.1995],[-2.0617,55.2067],[-2.0624,55.2126],[-2.0491,55.2184],[-2.0389,55.2189],[-2.0397,55.2256],[-2.0334,55.2319],[-2.0326,55.2373],[-2.0436,55.24],[-2.0499,55.249],[-2.0546,55.2465],[-2.0664,55.2516],[-2.0743,55.2507],[-2.079,55.2431],[-2.0912,55.2422],[-2.0971,55.2453],[-2.0971,55.253],[-2.1058,55.2525],[-2.1129,55.2588],[-2.1121,55.2624],[-2.1184,55.2642],[-2.1192,55.2711],[-2.1224,55.2732],[-2.1224,55.283],[-2.1319,55.292],[-2.1508,55.2925],[-2.1626,55.2906],[-2.1689,55.2929],[-2.1665,55.2983],[-2.1681,55.3088],[-2.1713,55.3113],[-2.1926,55.3117],[-2.2095,55.3108],[-2.2178,55.3189],[-2.2462,55.3197],[-2.2455,55.3287],[-2.2494,55.3327],[-2.2585,55.3314],[-2.2806,55.3331],[-2.2873,55.3367],[-2.2897,55.3445],[-2.2953,55.3477],[-2.2969,55.3519],[-2.3127,55.3586],[-2.3167,55.3631],[-2.334,55.3613],[-2.3395,55.359],[-2.3513,55.3585],[-2.3584,55.3608],[-2.3757,55.354],[-2.3781,55.3504],[-2.3871,55.3476],[-2.4001,55.348],[-2.401,55.3534],[-2.4136,55.3588],[-2.4243,55.3587],[-2.4294,55.3565],[-2.4381,55.3591],[-2.4452,55.3591],[-2.4617,55.3532],[-2.4727,55.3545],[-2.4889,55.3518],[-2.4955,55.3472],[-2.5017,55.3373],[-2.5142,55.3296],[-2.5216,55.3224],[-2.5307,55.3233],[-2.5542,55.3164],[-2.5621,55.32],[-2.5708,55.3213],[-2.5818,55.3159],[-2.5887,55.3064],[-2.5893,55.2949],[-2.5932,55.2904],[-2.6042,55.2857],[-2.6174,55.2759],[-2.6197,55.2703],[-2.6299,55.2685],[-2.6448,55.2639],[-2.6494,55.2603],[-2.6547,55.249],[-2.6492,55.2459],[-2.6522,55.2405],[-2.6475,55.2376],[-2.6591,55.2306],[-2.6635,55.2305],[-2.6747,55.2215],[-2.6841,55.221],[-2.6965,55.211],[-2.6921,55.2066],[-2.6799,55.2048],[-2.6739,55.1954],[-2.6835,55.1864],[-2.6835,55.1815],[-2.6732,55.1757],[-2.6824,55.168],[-2.6775,55.1554],[-2.6601,55.1463],[-2.6568,55.1362],[-2.6537,55.1367],[-2.6442,55.1304],[-2.6261,55.1274],[-2.6206,55.1283],[-2.5978,55.1235],[-2.5802,55.1249],[-2.566,55.1227],[-2.564,55.1169],[-2.5577,55.116],[-2.5553,55.1098],[-2.5419,55.108],[-2.5352,55.1031],[-2.5183,55.1018],[-2.5093,55.1032],[-2.4941,55.1033],[-2.4784,55.1065],[-2.4678,55.0989],[-2.4564,55.1003],[-2.454,55.0972],[-2.4446,55.0963],[-2.4375,55.0932],[-2.4398,55.0878],[-2.446,55.0842],[-2.4523,55.0846],[-2.4616,55.0769],[-2.4734,55.0764],[-2.4717,55.071],[-2.4545,55.0691],[-2.4513,55.0599],[-2.4613,55.0531],[-2.4604,55.0412],[-2.4697,55.0351],[-2.4791,55.031],[-2.4892,55.0287],[-2.4907,55.0231],[-2.4962,55.0197],[-2.5063,55.0188],[-2.5086,55.0161],[-2.5235,55.0173],[-2.5437,55.0114],[-2.5539,55.01],[-2.5609,55.0055],[-2.5538,55.0015],[-2.5505,54.993],[-2.5715,54.9839],[-2.5699,54.9785],[-2.5651,54.974],[-2.5627,54.9675],[-2.5646,54.9632],[-2.5813,54.9564],[-2.586,54.9578],[-2.5992,54.9572],[-2.6038,54.9523],[-2.6116,54.9509],[-2.6116,54.9473],[-2.6209,54.9441],[-2.6419,54.9431],[-2.6427,54.939],[-2.6387,54.9341],[-2.6519,54.9309],[-2.6479,54.9224],[-2.6641,54.912],[-2.6711,54.9106],[-2.6717,54.9002],[-2.6631,54.8994],[-2.6599,54.8965],[-2.6522,54.9001],[-2.6393,54.8982],[-2.6287,54.8924],[-2.6154,54.8927],[-2.6083,54.8853],[-2.5977,54.8804],[-2.5902,54.8742],[-2.5878,54.8688],[-2.5823,54.867],[-2.5712,54.8545],[-2.579,54.852],[-2.5836,54.8452],[-2.5788,54.8419],[-2.5772,54.8365],[-2.5701,54.8325],[-2.5661,54.8253],[-2.5543,54.8146],[-2.5457,54.8124],[-2.5455,54.7962],[-2.5509,54.7885],[-2.5445,54.7769],[-2.5491,54.7728],[-2.5547,54.7593],[-2.5504,54.7548],[-2.553,54.7472],[-2.5502,54.7391],[-2.5424,54.7369],[-2.54,54.7333],[-2.5275,54.7298],[-2.5165,54.7199],[-2.5041,54.7162],[-2.4939,54.7079],[-2.4885,54.7075],[-2.4822,54.7034],[-2.4667,54.7082],[-2.4645,54.7134],[-2.4587,54.7148],[-2.4416,54.7144],[-2.4327,54.7158],[-2.4202,54.7127],[-2.411,54.7172],[-2.4016,54.7168],[-2.3958,54.7132],[-2.3837,54.7087],[-2.3732,54.7092],[-2.3659,54.7133],[-2.3566,54.7151],[-2.3458,54.7223],[-2.3416,54.7277],[-2.3327,54.7323],[-2.3265,54.7406],[-2.3266,54.7473],[-2.3208,54.7557],[-2.3228,54.7568],[-2.3213,54.7664],[-2.3097,54.773],[-2.3136,54.7804],[-2.3145,54.7898],[-2.3052,54.7925],[-2.292,54.7939],[-2.2803,54.798],[-2.2663,54.7935],[-2.2562,54.7918],[-2.2476,54.7877],[-2.2359,54.7873],[-2.2352,54.7846],[-2.2161,54.7833],[-2.2111,54.7909],[-2.1995,54.8026],[-2.1995,54.8062],[-2.1734,54.8063],[-2.1691,54.8027],[-2.1544,54.7987],[-2.1404,54.7978],[-2.1295,54.7987],[-2.1163,54.8019],[-2.0851,54.7987],[-2.0797,54.8023],[-2.0571,54.801],[-2.0505,54.8032],[-2.0361,54.7983],[-2.0221,54.7988],[-2.0105,54.7947],[-2.0027,54.7956],[-1.9965,54.7988],[-1.9739,54.8033],[-1.9638,54.8033],[-1.9475,54.7997],[-1.928,54.7983],[-1.9117,54.7983],[-1.8907,54.8068],[-1.886,54.8167],[-1.8735,54.8153],[-1.8642,54.8189],[-1.8618,54.8236],[-1.8665,54.8304],[-1.8556,54.8342],[-1.8509,54.8387],[-1.833,54.8481],[-1.8306,54.8517],[-1.8329,54.8602],[-1.7986,54.8584],[-1.7963,54.8624],[-1.7838,54.8669],[-1.7729,54.8686],[-1.7612,54.8668],[-1.7566,54.8632],[-1.7566,54.8554],[-1.7469,54.8529],[-1.7403,54.8533],[-1.7285,54.8578],[-1.7285,54.8605],[-1.6942,54.8685],[-1.6848,54.872],[-1.6727,54.8725],[-1.6681,54.8711],[-1.6552,54.8715],[-1.6381,54.8742],[-1.6236,54.8732],[-1.6147,54.875],[-1.6049,54.875],[-1.5937,54.8677],[-1.5867,54.8655],[-1.5765,54.8751],[-1.5656,54.8757],[-1.5569,54.882],[-1.5615,54.8946],[-1.5582,54.9076],[-1.5605,54.9121],[-1.5585,54.9179],[-1.548,54.9183],[-1.5383,54.912],[-1.5075,54.9128],[-1.4973,54.9154],[-1.4914,54.9199],[-1.4816,54.9196],[-1.4784,54.9248],[-1.4683,54.9261],[-1.4549,54.9348],[-1.4455,54.935],[-1.4472,54.9274],[-1.4391,54.9246],[-1.4133,54.9259],[-1.4125,54.9299],[-1.4167,54.9342],[-1.4143,54.9398],[-1.4056,54.9438],[-1.4024,54.9478],[-1.4023,54.9543],[-1.3953,54.9577],[-1.3951,54.9653],[-1.3838,54.9679],[-1.3768,54.9634],[-1.369,54.9611],[-1.3551,54.9611],[-1.3606,54.971],[-1.3726,54.9751],[-1.3804,54.9797],[-1.3803,54.9848],[-1.4058,54.9957],[-1.4145,55.0053],[-1.4188,55.0035],[-1.4273,55.0071],[-1.4392,55.0045],[-1.4411,54.9958],[-1.4493,54.9875],[-1.4653,54.984],[-1.4739,54.987],[-1.4829,54.9859],[-1.5111,54.9864],[-1.5276,54.9827],[-1.5324,54.9762],[-1.5351,54.9628],[-1.5389,54.9607],[-1.5559,54.9587],[-1.5641,54.9631],[-1.5768,54.9635],[-1.5924,54.9702],[-1.6035,54.9683],[-1.6161,54.9623],[-1.6334,54.9571],[-1.6474,54.9588],[-1.6464,54.9613],[-1.6347,54.9601],[-1.6253,54.9607],[-1.6071,54.9683],[-1.5966,54.9709],[-1.5877,54.9706],[-1.5783,54.9654],[-1.5672,54.965],[-1.5544,54.9599],[-1.5374,54.9645],[-1.5352,54.9775],[-1.5323,54.9827],[-1.5196,54.9878],[-1.502,54.9887],[-1.4837,54.9884],[-1.4709,54.9893],[-1.4566,54.9886],[-1.4487,54.9933],[-1.4491,54.9965],[-1.4425,55.0064],[-1.433,55.0092],[-1.4285,55.0137],[-1.4167,55.0145],[-1.4152,55.0184],[-1.425,55.0243],[-1.4322,55.0346],[-1.4317,55.0409],[-1.4424,55.0455],[-1.4504,55.0536]]]},"properties":{"HA_NUM":23,"HA_NAME":"Tyne (Northumberland)"}},
{"type":"Feature","geometry":{"type":"Polygon","coordinates":[[[-1.3479,54.8653],[-1.3541,54.8728],[-1.3533,54.8802],[-1.3595,54.889],[-1.3607,54.9002],[-1.3506,54.9063],[-1.3573,54.9113],[-1.3667,54.9137],[-1.3633,54.9233],[-1.3676,54.9345],[-1.3637,54.9444],[-1.3575,54.9488],[-1.3531,54.9578],[-1.3551,54.9611],[-1.369,54.9611],[-1.3768,54.9634],[-1.3838,54.9679],[-1.3951,54.9653],[-1.3953,54.9577],[-1.4023,54.9543],[-1.4024,54.9478],[-1.4056,54.9438],[-1.4143,54.9398],[-1.4167,54.9342],[-1.4125,54.9299],[-1.4133,54.9259],[-1.4391,54.9246],[-1.4472,54.9274],[-1.4455,54.935],[-1.4549,54.9348],[-1.4683,54.9261],[-1.4784,54.9248],[-1.4816,54.9196],[-1.4914,54.9199],[-1.4973,54.9154],[-1.5075,54.9128],[-1.5383,54.912],[-1.548,54.9183],[-1.5585,54.9179],[-1.5605,54.9121],[-1.5582,54.9076],[-1.5615,54.8946],[-1.5569,54.882],[-1.5656,54.8757],[-1.5765,54.8751],[-1.5867,54.8655],[-1.5937,54.8677],[-1.6049,54.875],[-1.6147,54.875],[-1.6236,54.8732],[-1.6381,54.8742],[-1.6552,54.8715],[-1.6681,54.8711],[-1.6727,54.8725],[-1.6848,54.872],[-1.6942,54.8685],[-1.7285,54.8605],[-1.7285,54.8578],[-1.7403,54.8533],[-1.7469,54.8529],[-1.7566,54.8554],[-1.7566,54.8632],[-1.7612,54.8668],[-1.7729,54.8686],[-1.7838,54.8669],[-1.7963,54.8624],[-1.7986,54.8584],[-1.8329,54.8602],[-1.8306,54.8517],[-1.833,54.8481],[-1.8509,54.8387],[-1.8556,54.8342],[-1.8665,54.8304],[-1.8618,54.8236],[-1.8642,54.8189],[-1.8735,54.8153],[-1.886,54.8167],[-1.8907,54.8068],[-1.9117,54.7983],[-1.928,54.7983],[-1.9475,54.7997],[-1.9638,54.8033],[-1.9739,54.8033],[-1.9965,54.7988],[-2.0027,54.7956],[-2.0105,54.7947],[-2.0221,54.7988],[-2.0361,54.7983],[-2.0505,54.8032],[-2.0571,54.801],[-2.0797,54.8023],[-2.0851,54.7987],[-2.1163,54.8019],[-2.1295,54.7987],[-2.1404,54.7978],[-2.1544,54.7987],[-2.1691,54.8027],[-2.1734,54.8063],[-2.1995,54.8062],[-2.1995,54.8026],[-2.2111,54.7909],[-2.2161,54.7833],[-2.2352,54.7846],[-2.2359,54.7873],[-2.2476,54.7877],[-2.2562,54.7918],[-2.2663,54.7935],[-2.2803,54.798],[-2.292,54.7939],[-2.3052,54.7925],[-2.3145,54.7898],[-2.3136,54.7804],[-2.3097,54.773],[-2.3213,54.7664],[-2.3228,54.7568],[-2.3208,54.7557],[-2.3266,54.7473],[-2.3265,54.7406],[-2.3327,54.7323],[-2.3303,54.7278],[-2.3241,54.726],[-2.321,54.722],[-2.3109,54.7256],[-2.3047,54.726],[-2.2891,54.722],[-2.2798,54.718],[-2.272,54.7185],[-2.2642,54.7147],[-2.258,54.7086],[-2.2448,54.714],[-2.2309,54.7163],[-2.2231,54.7123],[-2.213,54.7096],[-2.2033,54.7047],[-2.1951,54.7054],[-2.1951,54.6984],[-2.192,54.6957],[-2.1796,54.6939],[-2.1524,54.694],[-2.1415,54.6949],[-2.1206,54.6877],[-2.0919,54.694],[-2.0787,54.6945],[-2.0477,54.6851],[-2.0322,54.6855],[-2.0205,54.6824],[-2.0066,54.6815],[-2.0035,54.668],[-1.9988,54.664],[-2.0011,54.6559],[-2.0019,54.6446],[-2.005,54.6375],[-1.9984,54.6384],[-1.988,54.6334],[-1.9864,54.6303],[-1.9725,54.6255],[-1.9764,54.6143],[-1.9485,54.6132],[-1.9423,54.6064],[-1.9276,54.6064],[-1.9059,54.6109],[-1.899,54.6096],[-1.8769,54.6118],[-1.8649,54.614],[-1.8529,54.6073],[-1.837,54.6057],[-1.8343,54.6072],[-1.8208,54.6072],[-1.7999,54.6049],[-1.7805,54.6049],[-1.7705,54.6013],[-1.7581,54.6013],[-1.7318,54.5958],[-1.7202,54.5944],[-1.7086,54.5958],[-1.7028,54.5998],[-1.6792,54.6006],[-1.6791,54.6101],[-1.6829,54.6184],[-1.6725,54.6186],[-1.6674,54.6253],[-1.6627,54.628],[-1.6634,54.6338],[-1.6603,54.6365],[-1.6479,54.636],[-1.6339,54.6392],[-1.6215,54.64],[-1.623,54.6461],[-1.6106,54.6485],[-1.6082,54.6534],[-1.6129,54.6571],[-1.6225,54.658],[-1.6268,54.6618],[-1.6205,54.6674],[-1.622,54.673],[-1.6127,54.6782],[-1.5933,54.6777],[-1.5793,54.6839],[-1.5769,54.6897],[-1.5822,54.6985],[-1.5759,54.7046],[-1.5654,54.7063],[-1.5457,54.7049],[-1.5298,54.6995],[-1.514,54.6962],[-1.4969,54.6989],[-1.4825,54.6997],[-1.4751,54.7019],[-1.4627,54.6983],[-1.4511,54.7],[-1.4479,54.7027],[-1.4525,54.7072],[-1.4517,54.7117],[-1.4447,54.7135],[-1.4423,54.718],[-1.429,54.7226],[-1.4274,54.73],[-1.4187,54.7403],[-1.4295,54.7444],[-1.4458,54.7485],[-1.4403,54.7521],[-1.4394,54.7579],[-1.4254,54.7624],[-1.4207,54.7655],[-1.4028,54.7672],[-1.3965,54.7699],[-1.3956,54.7793],[-1.3869,54.7887],[-1.386,54.7945],[-1.3969,54.7964],[-1.4116,54.8036],[-1.4076,54.8086],[-1.4091,54.8135],[-1.4047,54.8193],[-1.409,54.8207],[-1.4065,54.8272],[-1.4139,54.8324],[-1.4219,54.8414],[-1.421,54.8531],[-1.4163,54.8558],[-1.4038,54.8557],[-1.3951,54.8611],[-1.3943,54.8669],[-1.3881,54.8655],[-1.3589,54.864],[-1.3479,54.8653]]]},"properties":{"HA_NUM":24,"HA_NAME":"Wear"}},
{"type":"Feature","geometry":{"type":"Polygon","coordinates":[[[-1.3479,54.8653],[-1.3589,54.864],[-1.3881,54.8655],[-1.3943,54.8669],[-1.3951,54.8611],[-1.4038,54.8557],[-1.4163,54.8558],[-1.421,54.8531],[-1.4219,54.8414],[-1.4139,54.8324],[-1.4065,54.8272],[-1.409,54.8207],[-1.4047,54.8193],[-1.4091,54.8135],[-1.4076,54.8086],[-1.4116,54.8036],[-1.3969,54.7964],[-1.386,54.7945],[-1.3869,54.7887],[-1.3956,54.7793],[-1.3965,54.7699],[-1.4028,54.7672],[-1.4207,54.7655],[-1.4254,54.7624],[-1.4394,54.7579],[-1.4403,54.7521],[-1.4458,54.7485],[-1.4295,54.7444],[-1.4187,54.7403],[-1.4274,54.73],[-1.429,54.7226],[-1.4423,54.718],[-1.4447,54.7135],[-1.4517,54.7117],[-1.4525,54.7072],[-1.4479,54.7027],[-1.4511,54.7],[-1.4627,54.6983],[-1.4751,54.7019],[-1.4825,54.6997],[-1.4969,54.6989],[-1.514,54.6962],[-1.5298,54.6995],[-1.5457,54.7049],[-1.5654,54.7063],[-1.5759,54.7046],[-1.5822,54.6985],[-1.5769,54.6897],[-1.5793,54.6839],[-1.5933,54.6777],[-1.6127,54.6782],[-1.622,54.673],[-1.6205,54.6674],[-1.6268,54.6618],[-1.6225,54.658],[-1.6129,54.6571],[-1.6082,54.6534],[-1.6106,54.6485],[-1.623,54.6461],[-1.6215,54.64],[-1.6339,54.6392],[-1.6479,54.636],[-1.6603,54.6365],[-1.6634,54.6338],[-1.6627,54.628],[-1.6674,54.6253],[-1.6725,54.6186],[-1.6829,54.6184],[-1.6791,54.6101],[-1.6792,54.6006],[-1.7028,54.5998],[-1.7086,54.5958],[-1.7202,54.5944],[-1.7318,54.5958],[-1.7581,54.6013],[-1.7705,54.6013],[-1.7805,54.6049],[-1.7999,54.6049],[-1.8208,54.6072],[-1.8343,54.6072],[-1.837,54.6057],[-1.8529,54.6073],[-1.8649,54.614],[-1.8769,54.6118],[-1.899,54.6096],[-1.9059,54.6109],[-1.9276,54.6064],[-1.9423,54.6064],[-1.9485,54.6132],[-1.9764,54.6143],[-1.9725,54.6255],[-1.9864,54.6303],[-1.988,54.6334],[-1.9984,54.6384],[-2.005,54.6375],[-2.0019,54.6446],[-2.0011,54.6559],[-1.9988,54.664],[-2.0035,54.668],[-2.0066,54.6815],[-2.0205,54.6824],[-2.0322,54.6855],[-2.0477,54.6851],[-2.0787,54.6945],[-2.0919,54.694],[-2.1206,54.6877],[-2.1415,54.6949],[-2.1524,54.694],[-2.1796,54.6939],[-2.192,54.6957],[-2.1951,54.6984],[-2.1951,54.7054],[-2.2033,54.7047],[-2.213,54.7096],[-2.2231,54.7123],[-2.2309,54.7163],[-2.2448,54.714],[-2.258,54.7086],[-2.2642,54.7147],[-2.272,54.7185],[-2.2798,54.718],[-2.2891,54.722],[-2.3047,54.726],[-2.3109,54.7256],[-2.321,54.722],[-2.3241,54.726],[-2.3303,54.7278],[-2.3327,54.7323],[-2.3416,54.7277],[-2.3458,54.7223],[-2.3566,54.7151],[-2.3659,54.7133],[-2.3732,54.7092],[-2.3837,54.7087],[-2.3958,54.7132],[-2.4016,54.7168],[-2.411,54.7172],[-2.4202,54.7127],[-2.4327,54.7158],[-2.4416,54.7144],[-2.4587,54.7148],[-2.4645,54.7134],[-2.4667,54.7082],[-2.4822,54.7034],[-2.4713,54.7001],[-2.4635,54.6936],[-2.4557,54.6896],[-2.447,54.6795],[-2.4392,54.6762],[-2.4259,54.6603],[-2.4274,54.6544],[-2.4227,54.6522],[-2.4257,54.6437],[-2.4171,54.6403],[-2.4117,54.6354],[-2.4005,54.6363],[-2.39,54.6321],[-2.3883,54.6242],[-2.3836,54.6193],[-2.382,54.6135],[-2.3766,54.6124],[-2.3685,54.6153],[-2.3604,54.614],[-2.358,54.6104],[-2.3417,54.601],[-2.3401,54.5952],[-2.3346,54.5934],[-2.3346,54.5894],[-2.3268,54.5824],[-2.3156,54.5791],[-2.3067,54.58],[-2.3009,54.576],[-2.2865,54.5747],[-2.2842,54.5774],[-2.275,54.5787],[-2.2594,54.5669],[-2.2602,54.563],[-2.2516,54.5563],[-2.2377,54.5536],[-2.2323,54.5503],[-2.2315,54.5453],[-2.2368,54.5415],[-2.2337,54.5375],[-2.2214,54.5357],[-2.2136,54.5362],[-2.2074,54.5321],[-2.2051,54.5267],[-2.1885,54.529],[-2.1757,54.525],[-2.1757,54.5196],[-2.1842,54.5146],[-2.188,54.505],[-2.1965,54.5],[-2.2015,54.4993],[-2.2072,54.4926],[-2.2072,54.4854],[-2.1979,54.4841],[-2.1902,54.4724],[-2.1994,54.4659],[-2.2132,54.4602],[-2.2294,54.4597],[-2.2171,54.4526],[-2.2016,54.4526],[-2.1966,54.4481],[-2.1908,54.449],[-2.1816,54.4558],[-2.177,54.4621],[-2.1669,54.4569],[-2.1546,54.4527],[-2.1546,54.4491],[-2.1465,54.4459],[-2.1384,54.4491],[-2.1268,54.4559],[-2.1245,54.4595],[-2.113,54.4644],[-2.1053,54.4644],[-2.0952,54.4676],[-2.0806,54.468],[-2.0737,54.4705],[-2.0698,54.4766],[-2.0621,54.4813],[-2.0497,54.4815],[-2.0413,54.4847],[-2.0359,54.4842],[-2.0335,54.4793],[-2.0382,54.4712],[-2.0335,54.4703],[-2.0042,54.4708],[-1.9973,54.4647],[-1.9903,54.4636],[-1.9861,54.46],[-1.978,54.4604],[-1.9749,54.4577],[-1.9633,54.4564],[-1.9564,54.4604],[-1.9367,54.4595],[-1.9313,54.4608],[-1.9078,54.4604],[-1.9001,54.464],[-1.8947,54.4626],[-1.8831,54.4649],[-1.8815,54.4801],[-1.8757,54.4851],[-1.8611,54.4855],[-1.8398,54.4841],[-1.8283,54.4855],[-1.8167,54.489],[-1.8128,54.4931],[-1.7997,54.4917],[-1.797,54.4868],[-1.7816,54.4849],[-1.7565,54.4853],[-1.7434,54.4822],[-1.7365,54.4754],[-1.7303,54.474],[-1.7296,54.4673],[-1.7335,54.4624],[-1.7265,54.4615],[-1.7212,54.4578],[-1.7104,54.4574],[-1.6911,54.4501],[-1.6842,54.4506],[-1.6718,54.4582],[-1.6552,54.4626],[-1.6517,54.4613],[-1.6348,54.4608],[-1.6287,54.4531],[-1.621,54.4504],[-1.6094,54.4517],[-1.6048,54.4503],[-1.5995,54.4431],[-1.5848,54.4395],[-1.5795,54.4341],[-1.5687,54.4331],[-1.5587,54.4369],[-1.5532,54.4457],[-1.544,54.4423],[-1.5432,54.4393],[-1.5324,54.4375],[-1.5216,54.4406],[-1.51,54.4455],[-1.5019,54.4428],[-1.4965,54.4445],[-1.4838,54.4422],[-1.4685,54.435],[-1.4562,54.4309],[-1.4415,54.4344],[-1.443,54.4385],[-1.4291,54.4397],[-1.4229,54.4424],[-1.4152,54.4406],[-1.3797,54.4476],[-1.3742,54.4521],[-1.3597,54.4452],[-1.3567,54.4369],[-1.351,54.434],[-1.3421,54.4348],[-1.3306,54.4321],[-1.3159,54.4338],[-1.3159,54.4356],[-1.2989,54.4355],[-1.2999,54.4247],[-1.2941,54.4238],[-1.2844,54.4255],[-1.2746,54.4149],[-1.2632,54.4078],[-1.2641,54.3991],[-1.2596,54.3948],[-1.2466,54.3871],[-1.2406,54.3807],[-1.2317,54.3793],[-1.2251,54.382],[-1.222,54.386],[-1.2074,54.385],[-1.1883,54.3773],[-1.1782,54.3794],[-1.191,54.3957],[-1.1979,54.3984],[-1.1962,54.4058],[-1.2006,54.4155],[-1.1913,54.422],[-1.1774,54.423],[-1.1743,54.4203],[-1.162,54.4225],[-1.15,54.4228],[-1.1419,54.4246],[-1.128,54.4249],[-1.1265,54.4231],[-1.1138,54.4221],[-1.1028,54.4157],[-1.0929,54.4076],[-1.0845,54.4062],[-1.0714,54.4061],[-1.0589,54.4123],[-1.0626,54.4199],[-1.0679,54.4254],[-1.0714,54.438],[-1.0659,54.4436],[-1.0666,54.4496],[-1.0517,54.4589],[-1.04,54.4629],[-1.0315,54.4633],[-1.0183,54.4672],[-1.0236,54.474],[-1.0227,54.4792],[-1.0272,54.4826],[-1.0609,54.495],[-1.0708,54.5016],[-1.0673,54.5031],[-1.0667,54.5098],[-1.055,54.5149],[-1.0403,54.5164],[-1.0365,54.5136],[-1.0336,54.5064],[-1.0244,54.5028],[-1.012,54.504],[-0.9989,54.5039],[-0.9966,54.5061],[-0.9788,54.5051],[-0.9696,54.5014],[-0.9614,54.4924],[-0.9545,54.4909],[-0.9484,54.4862],[-0.9445,54.4886],[-0.9361,54.4867],[-0.9267,54.4894],[-0.9202,54.4889],[-0.9135,54.4946],[-0.8972,54.4954],[-0.8886,54.5009],[-0.8885,54.5047],[-0.8804,54.5168],[-0.8804,54.5195],[-0.8703,54.5203],[-0.8569,54.5301],[-0.8504,54.5421],[-0.8525,54.5475],[-0.8467,54.5479],[-0.8415,54.556],[-0.842,54.5654],[-0.8368,54.568],[-0.8542,54.5718],[-0.8718,54.5699],[-0.8839,54.5715],[-0.8956,54.5713],[-0.9038,54.5742],[-0.9166,54.5811],[-0.9192,54.5847],[-0.9429,54.5889],[-0.9598,54.585],[-0.968,54.5856],[-1.0011,54.5929],[-1.0213,54.5992],[-1.0418,54.6084],[-1.0515,54.6158],[-1.0723,54.6212],[-1.0862,54.6206],[-1.1088,54.6255],[-1.1185,54.6287],[-1.1235,54.6332],[-1.1378,54.6402],[-1.141,54.6354],[-1.135,54.6302],[-1.1534,54.6261],[-1.1508,54.6209],[-1.1516,54.6121],[-1.1604,54.6045],[-1.1816,54.592],[-1.1956,54.5824],[-1.2012,54.5836],[-1.1676,54.605],[-1.1656,54.6103],[-1.1601,54.611],[-1.1589,54.6173],[-1.1733,54.6216],[-1.1987,54.6217],[-1.2,54.6238],[-1.1889,54.6327],[-1.1729,54.6332],[-1.1676,54.6397],[-1.1689,54.6453],[-1.1651,54.6478],[-1.1775,54.6545],[-1.1845,54.6605],[-1.1901,54.6704],[-1.199,54.6809],[-1.1985,54.6874],[-1.2026,54.6908],[-1.1891,54.6948],[-1.1819,54.6934],[-1.1751,54.6964],[-1.1781,54.6995],[-1.207,54.7077],[-1.2332,54.7183],[-1.2561,54.7325],[-1.2666,54.7408],[-1.2666,54.7434],[-1.2876,54.7569],[-1.2994,54.7658],[-1.3096,54.7817],[-1.3087,54.7865],[-1.3118,54.7905],[-1.3103,54.7988],[-1.3189,54.8244],[-1.3255,54.8315],[-1.3258,54.8393],[-1.3302,54.8395],[-1.3426,54.8509],[-1.3469,54.8574],[-1.3479,54.8653]]]},"properties":{"HA_NUM":25,"HA_NAME":"Tees Group"}},
{"type":"Feature","geometry":{"type":"Polygon","coordinates":[[[-0.2201,54.1585],[-0.2232,54.157],[-0.2784,54.1569],[-0.2826,54.1642],[-0.2964,54.1662],[-0.3245,54.1715],[-0.3259,54.1738],[-0.3433,54.1803],[-0.3619,54.1927],[-0.3711,54.1928],[-0.3739,54.1906],[-0.3908,54.1904],[-0.398,54.1923],[-0.4179,54.1926],[-0.4281,54.1873],[-0.4353,54.1874],[-0.442,54.1839],[-0.4593,54.1828],[-0.4652,54.1779],[-0.4653,54.1743],[-0.4783,54.174],[-0.5085,54.1654],[-0.5172,54.1588],[-0.531,54.1594],[-0.5384,54.1644],[-0.5671,54.1648],[-0.5925,54.1619],[-0.6013,54.162],[-0.6144,54.1599],[-0.6177,54.1525],[-0.6131,54.1518],[-0.5914,54.139],[-0.5916,54.1325],[-0.5955,54.1291],[-0.6048,54.1275],[-0.6057,54.1225],[-0.6158,54.1195],[-0.6334,54.1183],[-0.6456,54.1189],[-0.6587,54.1177],[-0.6644,54.107],[-0.6738,54.0995],[-0.6831,54.0953],[-0.6786,54.0912],[-0.6805,54.0786],[-0.6753,54.0748],[-0.671,54.0653],[-0.6735,54.0599],[-0.6873,54.0583],[-0.6959,54.0534],[-0.7165,54.0536],[-0.7293,54.0587],[-0.7447,54.0544],[-0.7683,54.0569],[-0.77,54.0524],[-0.7799,54.053],[-0.7846,54.0481],[-0.7763,54.0466],[-0.7718,54.0432],[-0.7723,54.0394],[-0.7631,54.0393],[-0.7464,54.0247],[-0.7403,54.0229],[-0.7406,54.0126],[-0.747,54.0045],[-0.7475,54.0005],[-0.7389,53.9955],[-0.7283,53.9927],[-0.7192,54.0033],[-0.6951,54.0044],[-0.6914,53.9997],[-0.6887,53.9891],[-0.6505,53.9801],[-0.6242,53.9807],[-0.6167,53.9764],[-0.6278,53.9632],[-0.628,53.9563],[-0.6252,53.9488],[-0.6315,53.9444],[-0.6378,53.9359],[-0.6388,53.9301],[-0.6732,53.9251],[-0.6826,53.9171],[-0.6954,53.9087],[-0.7069,53.9057],[-0.7166,53.899],[-0.7501,53.9007],[-0.7708,53.8956],[-0.7831,53.8912],[-0.8016,53.8831],[-0.8129,53.8843],[-0.8221,53.8826],[-0.8321,53.8787],[-0.8511,53.8784],[-0.8565,53.8766],[-0.8609,53.8839],[-0.8693,53.8826],[-0.8795,53.8697],[-0.8728,53.8665],[-0.8707,53.8601],[-0.8639,53.8574],[-0.8655,53.854],[-0.8565,53.8483],[-0.8534,53.8393],[-0.8577,53.8349],[-0.8702,53.8336],[-0.8882,53.8302],[-0.8792,53.8261],[-0.8778,53.8189],[-0.8863,53.8147],[-0.8864,53.8118],[-0.8773,53.8108],[-0.8676,53.8053],[-0.8648,53.7967],[-0.8702,53.7932],[-0.8749,53.7854],[-0.8705,53.7819],[-0.8562,53.7784],[-0.8549,53.7701],[-0.8442,53.77],[-0.8444,53.7657],[-0.8284,53.7667],[-0.8279,53.7708],[-0.8139,53.7702],[-0.8153,53.7751],[-0.8017,53.7718],[-0.8025,53.7692],[-0.792,53.7655],[-0.7891,53.7609],[-0.7778,53.7604],[-0.7681,53.7531],[-0.7469,53.7533],[-0.7463,53.747],[-0.7351,53.7422],[-0.7348,53.7246],[-0.7237,53.7167],[-0.7132,53.7138],[-0.7104,53.7057],[-0.7007,53.7038],[-0.694,53.7048],[-0.6835,53.7105],[-0.6784,53.7173],[-0.6709,53.722],[-0.655,53.7241],[-0.6401,53.7273],[-0.616,53.7312],[-0.5902,53.728],[-0.5672,53.7142],[-0.5538,53.7095],[-0.5407,53.7086],[-0.5206,53.7111],[-0.4817,53.7169],[-0.4615,53.7166],[-0.448,53.7138],[-0.41,53.7213],[-0.3831,53.7245],[-0.3657,53.7299],[-0.362,53.7295],[-0.3311,53.7382],[-0.3072,53.742],[-0.3017,53.746],[-0.2919,53.746],[-0.2871,53.7422],[-0.2734,53.7407],[-0.2742,53.7456],[-0.2568,53.7394],[-0.2561,53.7363],[-0.2431,53.73],[-0.2379,53.7292],[-0.2344,53.7231],[-0.2356,53.7197],[-0.2276,53.7093],[-0.2127,53.7031],[-0.195,53.6917],[-0.1818,53.6854],[-0.1589,53.6694],[-0.1496,53.6616],[-0.1308,53.6495],[-0.1129,53.6393],[-0.1037,53.6354],[-0.0797,53.6311],[-0.0544,53.6291],[-0.0497,53.6321],[-0.0063,53.6416],[0.0197,53.6455],[0.0309,53.6495],[0.0717,53.6432],[0.0901,53.6377],[0.1085,53.6307],[0.1331,53.6172],[0.1447,53.6101],[0.1469,53.6051],[0.1438,53.5981],[0.1353,53.5905],[0.1309,53.5893],[0.1166,53.5783],[0.1084,53.5757],[0.1099,53.5723],[0.1361,53.5894],[0.1461,53.5989],[0.1488,53.606],[0.1426,53.6234],[0.1268,53.6512],[0.1156,53.6646],[0.0948,53.6827],[0.0711,53.7017],[0.063,53.709],[0.0452,53.722],[0.0363,53.7309],[0.0092,53.7523],[-0.0103,53.769],[-0.0254,53.7805],[-0.0722,53.8218],[-0.0939,53.8423],[-0.106,53.8515],[-0.1163,53.8607],[-0.1319,53.8765],[-0.1538,53.9017],[-0.1611,53.9165],[-0.1726,53.9328],[-0.1851,53.9542],[-0.1945,53.973],[-0.2072,53.9958],[-0.2118,54.0085],[-0.2146,54.0212],[-0.2155,54.0354],[-0.2123,54.0589],[-0.2062,54.0684],[-0.1973,54.0785],[-0.1853,54.0842],[-0.176,54.093],[-0.164,54.0998],[-0.141,54.1042],[-0.1069,54.1038],[-0.0922,54.1073],[-0.0801,54.1117],[-0.0764,54.1145],[-0.0822,54.1177],[-0.0834,54.1225],[-0.0978,54.1288],[-0.1083,54.1322],[-0.1209,54.133],[-0.1368,54.1377],[-0.1492,54.1432],[-0.1566,54.1444],[-0.1713,54.1509],[-0.1905,54.1547],[-0.2201,54.1585]]]},"properties":{"HA_NUM":26,"HA_NAME":"Hull Group"}},
{"type":"Feature","geometry":{"type":"Polygon","coordinates":[[[-0.2201,54.1585],[-0.24,54.1645],[-0.2602,54.1743],[-0.2745,54.1836],[-0.2825,54.1941],[-0.2853,54.2029],[-0.2837,54.2096],[-0.2796,54.2153],[-0.2728,54.2184],[-0.2923,54.2248],[-0.3131,54.2286],[-0.3146,54.2322],[-0.3339,54.2378],[-0.3394,54.2426],[-0.3499,54.2405],[-0.3643,54.2452],[-0.3695,54.2494],[-0.3682,54.2537],[-0.3749,54.2588],[-0.3763,54.2627],[-0.3845,54.2642],[-0.3961,54.2739],[-0.3974,54.2784],[-0.392,54.2836],[-0.3845,54.2857],[-0.3863,54.2902],[-0.3956,54.2882],[-0.4067,54.2928],[-0.4101,54.3007],[-0.4075,54.3045],[-0.4149,54.3076],[-0.4182,54.3123],[-0.4179,54.3207],[-0.4215,54.3257],[-0.4174,54.3313],[-0.4242,54.3394],[-0.4327,54.3405],[-0.4307,54.3445],[-0.4386,54.3561],[-0.447,54.3593],[-0.4459,54.3631],[-0.4502,54.3728],[-0.4542,54.3758],[-0.4632,54.3884],[-0.4718,54.397],[-0.4779,54.3989],[-0.4924,54.4079],[-0.5047,54.4077],[-0.5244,54.4174],[-0.5304,54.4243],[-0.5329,54.4333],[-0.5312,54.4366],[-0.5219,54.4417],[-0.5214,54.4467],[-0.5318,54.4507],[-0.542,54.4592],[-0.5572,54.4653],[-0.5646,54.476],[-0.5693,54.4798],[-0.5855,54.4838],[-0.5899,54.4884],[-0.6095,54.4909],[-0.623,54.4914],[-0.6363,54.4949],[-0.6576,54.4983],[-0.6687,54.5018],[-0.6749,54.5061],[-0.6726,54.5111],[-0.6822,54.5196],[-0.6918,54.5204],[-0.7027,54.5266],[-0.7063,54.5308],[-0.713,54.5336],[-0.7193,54.5307],[-0.7315,54.5281],[-0.7451,54.5287],[-0.7498,54.5329],[-0.7472,54.5356],[-0.7512,54.5419],[-0.7616,54.5438],[-0.7657,54.5493],[-0.7836,54.5594],[-0.8089,54.5588],[-0.8234,54.5619],[-0.8368,54.568],[-0.842,54.5654],[-0.8415,54.556],[-0.8467,54.5479],[-0.8525,54.5475],[-0.8504,54.5421],[-0.8569,54.5301],[-0.8703,54.5203],[-0.8804,54.5195],[-0.8804,54.5168],[-0.8885,54.5047],[-0.8886,54.5009],[-0.8972,54.4954],[-0.9135,54.4946],[-0.9202,54.4889],[-0.9267,54.4894],[-0.9361,54.4867],[-0.9445,54.4886],[-0.9484,54.4862],[-0.9545,54.4909],[-0.9614,54.4924],[-0.9696,54.5014],[-0.9788,54.5051],[-0.9966,54.5061],[-0.9989,54.5039],[-1.012,54.504],[-1.0244,54.5028],[-1.0336,54.5064],[-1.0365,54.5136],[-1.0403,54.5164],[-1.055,54.5149],[-1.0667,54.5098],[-1.0673,54.5031],[-1.0708,54.5016],[-1.0609,54.495],[-1.0272,54.4826],[-1.0227,54.4792],[-1.0236,54.474],[-1.0183,54.4672],[-1.0315,54.4633],[-1.04,54.4629],[-1.0517,54.4589],[-1.0666,54.4496],[-1.0659,54.4436],[-1.0714,54.438],[-1.0679,54.4254],[-1.0626,54.4199],[-1.0589,54.4123],[-1.0714,54.4061],[-1.0845,54.4062],[-1.0929,54.4076],[-1.1028,54.4157],[-1.1138,54.4221],[-1.1265,54.4231],[-1.128,54.4249],[-1.1419,54.4246],[-1.15,54.4228],[-1.162,54.4225],[-1.1743,54.4203],[-1.1774,54.423],[-1.1913,54.422],[-1.2006,54.4155],[-1.1962,54.4058],[-1.1979,54.3984],[-1.191,54.3957],[-1.1782,54.3794],[-1.1883,54.3773],[-1.2074,54.385],[-1.222,54.386],[-1.2251,54.382],[-1.2317,54.3793],[-1.2406,54.3807],[-1.2466,54.3871],[-1.2596,54.3948],[-1.2641,54.3991],[-1.2632,54.4078],[-1.2746,54.4149],[-1.2844,54.4255],[-1.2941,54.4238],[-1.2999,54.4247],[-1.2989,54.4355],[-1.3159,54.4356],[-1.3159,54.4338],[-1.3306,54.4321],[-1.3421,54.4348],[-1.351,54.434],[-1.3567,54.4369],[-1.3597,54.4452],[-1.3742,54.4521],[-1.3797,54.4476],[-1.4152,54.4406],[-1.4229,54.4424],[-1.4291,54.4397],[-1.443,54.4385],[-1.4415,54.4344],[-1.4562,54.4309],[-1.4685,54.435],[-1.4838,54.4422],[-1.4965,54.4445],[-1.5019,54.4428],[-1.51,54.4455],[-1.5216,54.4406],[-1.5324,54.4375],[-1.5432,54.4393],[-1.544,54.4423],[-1.5532,54.4457],[-1.5587,54.4369],[-1.5687,54.4331],[-1.5795,54.4341],[-1.5848,54.4395],[-1.5995,54.4431],[-1.6048,54.4503],[-1.6094,54.4517],[-1.621,54.4504],[-1.6287,54.4531],[-1.6348,54.4608],[-1.6517,54.4613],[-1.6552,54.4626],[-1.6718,54.4582],[-1.6842,54.4506],[-1.6911,54.4501],[-1.7104,54.4574],[-1.7212,54.4578],[-1.7265,54.4615],[-1.7335,54.4624],[-1.7296,54.4673],[-1.7303,54.474],[-1.7365,54.4754],[-1.7434,54.4822],[-1.7565,54.4853],[-1.7816,54.4849],[-1.797,54.4868],[-1.7997,54.4917],[-1.8128,54.4931],[-1.8167,54.489],[-1.8283,54.4855],[-1.8398,54.4841],[-1.8611,54.4855],[-1.8757,54.4851],[-1.8815,54.4801],[-1.8831,54.4649],[-1.8947,54.4626],[-1.9001,54.464],[-1.9078,54.4604],[-1.9313,54.4608],[-1.9367,54.4595],[-1.9564,54.4604],[-1.9633,54.4564],[-1.9749,54.4577],[-1.978,54.4604],[-1.9861,54.46],[-1.9903,54.4636],[-1.9973,54.4647],[-2.0042,54.4708],[-2.0335,54.4703],[-2.0382,54.4712],[-2.0335,54.4793],[-2.0359,54.4842],[-2.0413,54.4847],[-2.0497,54.4815],[-2.0621,54.4813],[-2.0698,54.4766],[-2.0737,54.4705],[-2.0806,54.468],[-2.0952,54.4676],[-2.1053,54.4644],[-2.113,54.4644],[-2.1245,54.4595],[-2.1268,54.4559],[-2.1384,54.4491],[-2.1465,54.4459],[-2.1546,54.4491],[-2.1546,54.4527],[-2.1669,54.4569],[-2.177,54.4621],[-2.1816,54.4558],[-2.1908,54.449],[-2.1966,54.4481],[-2.2016,54.4526],[-2.2171,54.4526],[-2.2294,54.4597],[-2.2456,54.4543],[-2.2587,54.4534],[-2.2718,54.4475],[-2.2683,54.4426],[-2.2864,54.4381],[-2.3001,54.4272],[-2.304,54.4263],[-2.3086,54.42],[-2.3061,54.398],[-2.2926,54.39],[-2.2936,54.3805],[-2.2975,54.3792],[-2.2966,54.3684],[-2.3166,54.3665],[-2.3297,54.3634],[-2.3389,54.3638],[-2.3466,54.3593],[-2.365,54.3547],[-2.3584,54.3502],[-2.348,54.3471],[-2.3472,54.3449],[-2.3357,54.3404],[-2.3341,54.3344],[-2.3279,54.331],[-2.321,54.3315],[-2.3148,54.3274],[-2.3171,54.3209],[-2.3132,54.3164],[-2.3216,54.3122],[-2.3208,54.3061],[-2.3238,54.3002],[-2.3192,54.298],[-2.3183,54.2888],[-2.3226,54.2879],[-2.3221,54.2755],[-2.3167,54.2717],[-2.3166,54.2675],[-2.3235,54.2596],[-2.3054,54.2502],[-2.2897,54.2527],[-2.2889,54.2469],[-2.2827,54.2408],[-2.262,54.2471],[-2.2574,54.2447],[-2.2565,54.233],[-2.2488,54.2233],[-2.2664,54.2161],[-2.2779,54.2143],[-2.2794,54.2064],[-2.2763,54.2015],[-2.2682,54.1945],[-2.2601,54.1937],[-2.2563,54.1973],[-2.2479,54.1957],[-2.2375,54.1897],[-2.2532,54.1847],[-2.2532,54.1807],[-2.2416,54.1737],[-2.2347,54.1721],[-2.2462,54.1665],[-2.2461,54.1584],[-2.2514,54.151],[-2.2437,54.1429],[-2.2307,54.1367],[-2.2158,54.1371],[-2.207,54.1389],[-2.2024,54.1338],[-2.2023,54.1273],[-2.2061,54.1102],[-2.2022,54.1064],[-2.203,54.1021],[-2.2091,54.0976],[-2.209,54.0922],[-2.2006,54.09],[-2.1922,54.0828],[-2.1937,54.0776],[-2.2005,54.0738],[-2.1959,54.0707],[-2.1975,54.0671],[-2.2139,54.0616],[-2.2203,54.0616],[-2.2195,54.0468],[-2.2294,54.0454],[-2.2286,54.0382],[-2.221,54.0342],[-2.2156,54.0257],[-2.1988,54.0181],[-2.2033,54.0136],[-2.1972,54.0113],[-2.2063,54.0041],[-2.1949,54.0024],[-2.1872,53.9943],[-2.1819,53.9925],[-2.1772,53.9855],[-2.1833,53.979],[-2.1925,53.9781],[-2.1978,53.9722],[-2.1879,53.9709],[-2.1893,53.9624],[-2.1832,53.9624],[-2.1767,53.9579],[-2.1718,53.9584],[-2.1634,53.9485],[-2.171,53.9435],[-2.1794,53.9444],[-2.1824,53.9399],[-2.1717,53.9354],[-2.174,53.93],[-2.1701,53.9278],[-2.1678,53.9175],[-2.164,53.9123],[-2.1796,53.9112],[-2.1944,53.8997],[-2.1959,53.8954],[-2.2046,53.8954],[-2.2042,53.8884],[-2.2008,53.8842],[-2.1939,53.8824],[-2.184,53.8824],[-2.1783,53.8766],[-2.1661,53.8743],[-2.157,53.8802],[-2.1475,53.8806],[-2.1411,53.8838],[-2.1331,53.8847],[-2.1251,53.8879],[-2.1243,53.8825],[-2.1046,53.8856],[-2.0935,53.8802],[-2.0817,53.8807],[-2.0756,53.8749],[-2.0688,53.8614],[-2.0532,53.8605],[-2.0471,53.8574],[-2.0391,53.8569],[-2.0452,53.8511],[-2.0551,53.8511],[-2.0634,53.8394],[-2.0626,53.8338],[-2.068,53.8281],[-2.0778,53.8245],[-2.1044,53.8182],[-2.0975,53.8128],[-2.1081,53.8011],[-2.1142,53.8011],[-2.1211,53.8047],[-2.1317,53.7998],[-2.1309,53.7924],[-2.124,53.7885],[-2.1347,53.7818],[-2.1346,53.7775],[-2.1293,53.7717],[-2.1308,53.758],[-2.1437,53.7553],[-2.1516,53.7521],[-2.1626,53.753],[-2.1687,53.7498],[-2.1773,53.7386],[-2.1891,53.7381],[-2.18,53.7323],[-2.1724,53.7238],[-2.1659,53.7211],[-2.1655,53.7166],[-2.1708,53.7152],[-2.1708,53.7098],[-2.1632,53.7067],[-2.1624,53.6968],[-2.1488,53.6946],[-2.1442,53.6923],[-2.148,53.6867],[-2.1434,53.6771],[-2.1275,53.6796],[-2.1275,53.6748],[-2.1222,53.6713],[-2.1078,53.6717],[-2.0999,53.6668],[-2.0813,53.6672],[-2.0806,53.6713],[-2.0707,53.6713],[-2.0685,53.6744],[-2.0586,53.6758],[-2.0575,53.6722],[-2.0374,53.6623],[-2.0351,53.6581],[-2.0427,53.6452],[-2.0412,53.6381],[-2.0306,53.6358],[-2.0306,53.6275],[-2.0253,53.6219],[-2.0245,53.6156],[-2.0132,53.6151],[-2.0026,53.6185],[-2.0034,53.6102],[-1.9928,53.6097],[-1.995,53.6032],[-1.9913,53.6017],[-1.9784,53.5879],[-1.9679,53.5814],[-1.9633,53.5769],[-1.9505,53.5778],[-1.9452,53.5704],[-1.9467,53.5634],[-1.9377,53.5598],[-1.9294,53.5594],[-1.9249,53.5526],[-1.9196,53.5511],[-1.9022,53.5508],[-1.8977,53.5459],[-1.8905,53.5454],[-1.8834,53.5396],[-1.8728,53.5405],[-1.8604,53.5333],[-1.8593,53.531],[-1.8457,53.522],[-1.8359,53.5206],[-1.8246,53.5233],[-1.8201,53.5152],[-1.8141,53.5121],[-1.8028,53.5121],[-1.7938,53.5067],[-1.778,53.4934],[-1.7848,53.4851],[-1.7736,53.4823],[-1.7423,53.4791],[-1.7352,53.4737],[-1.7352,53.4697],[-1.7247,53.4661],[-1.7142,53.4544],[-1.715,53.449],[-1.7037,53.4478],[-1.6872,53.439],[-1.688,53.4305],[-1.6911,53.43],[-1.6949,53.4224],[-1.7032,53.4152],[-1.704,53.4053],[-1.6969,53.4013],[-1.6837,53.4017],[-1.6777,53.4003],[-1.6688,53.3936],[-1.6571,53.394],[-1.6537,53.3924],[-1.6515,53.3841],[-1.6621,53.3747],[-1.6615,53.3661],[-1.6532,53.363],[-1.645,53.362],[-1.6382,53.3566],[-1.63,53.3548],[-1.6236,53.3507],[-1.5981,53.3542],[-1.5963,53.348],[-1.5925,53.3448],[-1.5941,53.3383],[-1.5889,53.3362],[-1.5882,53.3237],[-1.5898,53.3174],[-1.5794,53.3097],[-1.5741,53.3079],[-1.5764,53.3007],[-1.5758,53.2917],[-1.5767,53.2751],[-1.5644,53.2687],[-1.555,53.2678],[-1.5491,53.2633],[-1.5492,53.2507],[-1.5463,53.2466],[-1.5351,53.2403],[-1.5315,53.23],[-1.5435,53.2242],[-1.5495,53.2242],[-1.551,53.2201],[-1.5593,53.2197],[-1.5627,53.2157],[-1.5549,53.2112],[-1.5564,53.2044],[-1.5609,53.2027],[-1.5516,53.1972],[-1.537,53.1976],[-1.5281,53.1962],[-1.5139,53.1971],[-1.5049,53.193],[-1.4907,53.1952],[-1.4866,53.1916],[-1.4713,53.1906],[-1.4683,53.1892],[-1.4518,53.1892],[-1.4467,53.182],[-1.4332,53.1805],[-1.4303,53.1747],[-1.4184,53.1724],[-1.4154,53.1683],[-1.4164,53.1562],[-1.4134,53.1517],[-1.4139,53.1414],[-1.4084,53.1402],[-1.3941,53.1426],[-1.3926,53.1462],[-1.3862,53.1466],[-1.3798,53.1533],[-1.373,53.1528],[-1.364,53.155],[-1.3542,53.1624],[-1.3386,53.1562],[-1.3339,53.1472],[-1.3283,53.1467],[-1.319,53.1408],[-1.3141,53.144],[-1.3059,53.1448],[-1.2972,53.1488],[-1.2909,53.1488],[-1.2885,53.1586],[-1.2952,53.1596],[-1.295,53.1681],[-1.3074,53.1677],[-1.3054,53.1722],[-1.3099,53.1763],[-1.3038,53.1817],[-1.2933,53.1811],[-1.282,53.1883],[-1.2819,53.1946],[-1.2851,53.2036],[-1.2892,53.2063],[-1.2845,53.2175],[-1.2873,53.2292],[-1.2852,53.2395],[-1.2786,53.2539],[-1.2797,53.2561],[-1.271,53.2606],[-1.2724,53.266],[-1.2678,53.2738],[-1.2744,53.2799],[-1.2729,53.2853],[-1.2825,53.2899],[-1.284,53.2939],[-1.2809,53.2991],[-1.2815,53.3038],[-1.2875,53.3092],[-1.2822,53.3119],[-1.2821,53.3161],[-1.2761,53.3177],[-1.2789,53.3271],[-1.2849,53.3285],[-1.2847,53.3393],[-1.2816,53.3424],[-1.2718,53.3446],[-1.265,53.3509],[-1.253,53.349],[-1.2551,53.3555],[-1.264,53.3616],[-1.276,53.3653],[-1.2842,53.3705],[-1.2758,53.3748],[-1.2705,53.3819],[-1.2703,53.39],[-1.2619,53.3976],[-1.2573,53.4057],[-1.2678,53.4066],[-1.2789,53.4134],[-1.2773,53.4206],[-1.2863,53.4225],[-1.2877,53.4274],[-1.2791,53.4278],[-1.2733,53.4332],[-1.2604,53.4403],[-1.2341,53.4415],[-1.2235,53.4445],[-1.2174,53.4483],[-1.2172,53.456],[-1.2198,53.4584],[-1.2072,53.4669],[-1.2087,53.4719],[-1.2146,53.4755],[-1.2054,53.4835],[-1.2038,53.4907],[-1.184,53.5005],[-1.184,53.5032],[-1.1629,53.503],[-1.1491,53.5128],[-1.1459,53.52],[-1.1346,53.5221],[-1.1232,53.5225],[-1.1193,53.5288],[-1.1034,53.5354],[-1.0901,53.5398],[-1.0678,53.5392],[-1.0609,53.5449],[-1.0592,53.5526],[-1.0652,53.554],[-1.0597,53.5643],[-1.0544,53.568],[-1.0535,53.5725],[-1.0586,53.5818],[-1.0434,53.5848],[-1.0289,53.591],[-1.0206,53.5909],[-1.0077,53.5944],[-1.0102,53.6012],[-0.9992,53.602],[-0.9923,53.6046],[-0.9739,53.6031],[-0.9658,53.6071],[-0.965,53.6107],[-0.9559,53.6106],[-0.9527,53.6169],[-0.9474,53.6186],[-0.9476,53.6245],[-0.9332,53.6275],[-0.9245,53.6274],[-0.9197,53.6233],[-0.9012,53.624],[-0.895,53.6276],[-0.8816,53.6194],[-0.8669,53.6192],[-0.8635,53.6174],[-0.8485,53.6154],[-0.8409,53.6169],[-0.8415,53.6221],[-0.8468,53.6226],[-0.8458,53.6314],[-0.854,53.6353],[-0.8531,53.6402],[-0.8477,53.6433],[-0.8323,53.6414],[-0.8313,53.6346],[-0.82,53.6345],[-0.8188,53.6484],[-0.8074,53.6506],[-0.8042,53.6575],[-0.789,53.6594],[-0.7838,53.6553],[-0.7743,53.6695],[-0.7601,53.677],[-0.7641,53.682],[-0.7595,53.686],[-0.7614,53.698],[-0.7729,53.695],[-0.7836,53.6959],[-0.7997,53.7034],[-0.8144,53.7042],[-0.8265,53.6999],[-0.8376,53.6909],[-0.8486,53.6851],[-0.8598,53.6883],[-0.8686,53.7011],[-0.8597,53.7057],[-0.848,53.7086],[-0.8445,53.7169],[-0.8495,53.7282],[-0.8549,53.7309],[-0.8619,53.7222],[-0.8729,53.7243],[-0.8577,53.7325],[-0.8492,53.7308],[-0.8419,53.7232],[-0.8406,53.7145],[-0.8424,53.7092],[-0.8473,53.7059],[-0.8629,53.7021],[-0.8622,53.695],[-0.856,53.6882],[-0.8496,53.687],[-0.843,53.6906],[-0.8254,53.7037],[-0.8143,53.7067],[-0.8046,53.7069],[-0.7945,53.7046],[-0.7809,53.6976],[-0.7727,53.6981],[-0.7484,53.7063],[-0.7326,53.7076],[-0.7104,53.7057],[-0.7132,53.7138],[-0.7237,53.7167],[-0.7348,53.7246],[-0.7351,53.7422],[-0.7463,53.747],[-0.7469,53.7533],[-0.7681,53.7531],[-0.7778,53.7604],[-0.7891,53.7609],[-0.792,53.7655],[-0.8025,53.7692],[-0.8017,53.7718],[-0.8153,53.7751],[-0.8139,53.7702],[-0.8279,53.7708],[-0.8284,53.7667],[-0.8444,53.7657],[-0.8442,53.77],[-0.8549,53.7701],[-0.8562,53.7784],[-0.8705,53.7819],[-0.8749,53.7854],[-0.8702,53.7932],[-0.8648,53.7967],[-0.8676,53.8053],[-0.8773,53.8108],[-0.8864,53.8118],[-0.8863,53.8147],[-0.8778,53.8189],[-0.8792,53.8261],[-0.8882,53.8302],[-0.8702,53.8336],[-0.8577,53.8349],[-0.8534,53.8393],[-0.8565,53.8483],[-0.8655,53.854],[-0.8639,53.8574],[-0.8707,53.8601],[-0.8728,53.8665],[-0.8795,53.8697],[-0.8693,53.8826],[-0.8609,53.8839],[-0.8565,53.8766],[-0.8511,53.8784],[-0.8321,53.8787],[-0.8221,53.8826],[-0.8129,53.8843],[-0.8016,53.8831],[-0.7831,53.8912],[-0.7708,53.8956],[-0.7501,53.9007],[-0.7166,53.899],[-0.7069,53.9057],[-0.6954,53.9087],[-0.6826,53.9171],[-0.6732,53.9251],[-0.6388,53.9301],[-0.6378,53.9359],[-0.6315,53.9444],[-0.6252,53.9488],[-0.628,53.9563],[-0.6278,53.9632],[-0.6167,53.9764],[-0.6242,53.9807],[-0.6505,53.9801],[-0.6887,53.9891],[-0.6914,53.9997],[-0.6951,54.0044],[-0.7192,54.0033],[-0.7283,53.9927],[-0.7389,53.9955],[-0.7475,54.0005],[-0.747,54.0045],[-0.7406,54.0126],[-0.7403,54.0229],[-0.7464,54.0247],[-0.7631,54.0393],[-0.7723,54.0394],[-0.7718,54.0432],[-0.7763,54.0466],[-0.7846,54.0481],[-0.7799,54.053],[-0.77,54.0524],[-0.7683,54.0569],[-0.7447,54.0544],[-0.7293,54.0587],[-0.7165,54.0536],[-0.6959,54.0534],[-0.6873,54.0583],[-0.6735,54.0599],[-0.671,54.0653],[-0.6753,54.0748],[-0.6805,54.0786],[-0.6786,54.0912],[-0.6831,54.0953],[-0.6738,54.0995],[-0.6644,54.107],[-0.6587,54.1177],[-0.6456,54.1189],[-0.6334,54.1183],[-0.6158,54.1195],[-0.6057,54.1225],[-0.6048,54.1275],[-0.5955,54.1291],[-0.5916,54.1325],[-0.5914,54.139],[-0.6131,54.1518],[-0.6177,54.1525],[-0.6144,54.1599],[-0.6013,54.162],[-0.5925,54.1619],[-0.5671,54.1648],[-0.5384,54.1644],[-0.531,54.1594],[-0.5172,54.1588],[-0.5085,54.1654],[-0.4783,54.174],[-0.4653,54.1743],[-0.4652,54.1779],[-0.4593,54.1828],[-0.442,54.1839],[-0.4353,54.1874],[-0.4281,54.1873],[-0.4179,54.1926],[-0.398,54.1923],[-0.3908,54.1904],[-0.3739,54.1906],[-0.3711,54.1928],[-0.3619,54.1927],[-0.3433,54.1803],[-0.3259,54.1738],[-0.3245,54.1715],[-0.2964,54.1662],[-0.2826,54.1642],[-0.2784,54.1569],[-0.2232,54.157],[-0.2201,54.1585]]]},"properties":{"HA_NUM":27,"HA_NAME":"Ouse (Yorkshire)"}},
{"type":"Feature","geometry":{"type":"Polygon","coordinates":[[[-0.5868,53.3942],[-0.5939,53.4055],[-0.5935,53.4181],[-0.5857,53.4272],[-0.5855,53.4333],[-0.5816,53.4359],[-0.5821,53.4449],[-0.5794,53.4582],[-0.583,53.4634],[-0.5825,53.476],[-0.5854,53.4803],[-0.5826,53.4966],[-0.5855,53.4989],[-0.5864,53.5178],[-0.5818,53.5204],[-0.5814,53.5339],[-0.5768,53.5354],[-0.5727,53.5442],[-0.5747,53.5525],[-0.5799,53.555],[-0.5809,53.5703],[-0.576,53.5797],[-0.5759,53.5851],[-0.5801,53.5946],[-0.5837,53.5982],[-0.5946,53.6024],[-0.6039,53.6039],[-0.6166,53.6085],[-0.6233,53.6128],[-0.6336,53.6105],[-0.6494,53.6116],[-0.6563,53.6094],[-0.6617,53.6167],[-0.6715,53.6199],[-0.6705,53.6253],[-0.6734,53.63],[-0.6838,53.6362],[-0.6842,53.6484],[-0.6771,53.6564],[-0.6807,53.6632],[-0.6742,53.6784],[-0.6684,53.6805],[-0.661,53.6863],[-0.6516,53.6961],[-0.6507,53.7019],[-0.6438,53.7045],[-0.6414,53.7096],[-0.6599,53.7039],[-0.6833,53.6992],[-0.6952,53.6936],[-0.6867,53.6825],[-0.6849,53.6729],[-0.6904,53.6597],[-0.6989,53.6496],[-0.7115,53.6419],[-0.7107,53.6267],[-0.7146,53.6276],[-0.7153,53.6384],[-0.7121,53.6466],[-0.6984,53.6549],[-0.6897,53.6742],[-0.7001,53.687],[-0.6993,53.6991],[-0.7039,53.7008],[-0.7236,53.7042],[-0.741,53.7041],[-0.7475,53.7031],[-0.7614,53.698],[-0.7595,53.686],[-0.7641,53.682],[-0.7601,53.677],[-0.7743,53.6695],[-0.7838,53.6553],[-0.789,53.6594],[-0.8042,53.6575],[-0.8074,53.6506],[-0.8188,53.6484],[-0.82,53.6345],[-0.8313,53.6346],[-0.8323,53.6414],[-0.8477,53.6433],[-0.8531,53.6402],[-0.854,53.6353],[-0.8458,53.6314],[-0.8468,53.6226],[-0.8415,53.6221],[-0.8409,53.6169],[-0.8485,53.6154],[-0.8635,53.6174],[-0.8669,53.6192],[-0.8816,53.6194],[-0.895,53.6276],[-0.9012,53.624],[-0.9197,53.6233],[-0.9245,53.6274],[-0.9332,53.6275],[-0.9476,53.6245],[-0.9474,53.6186],[-0.9527,53.6169],[-0.9559,53.6106],[-0.965,53.6107],[-0.9658,53.6071],[-0.9739,53.6031],[-0.9923,53.6046],[-0.9992,53.602],[-1.0102,53.6012],[-1.0077,53.5944],[-1.0206,53.5909],[-1.0289,53.591],[-1.0434,53.5848],[-1.0586,53.5818],[-1.0535,53.5725],[-1.0544,53.568],[-1.0597,53.5643],[-1.0652,53.554],[-1.0592,53.5526],[-1.0609,53.5449],[-1.0678,53.5392],[-1.0901,53.5398],[-1.1034,53.5354],[-1.1193,53.5288],[-1.1232,53.5225],[-1.1346,53.5221],[-1.1459,53.52],[-1.1491,53.5128],[-1.1629,53.503],[-1.184,53.5032],[-1.184,53.5005],[-1.2038,53.4907],[-1.2054,53.4835],[-1.2146,53.4755],[-1.2087,53.4719],[-1.2072,53.4669],[-1.2198,53.4584],[-1.2172,53.456],[-1.2174,53.4483],[-1.2235,53.4445],[-1.2341,53.4415],[-1.2604,53.4403],[-1.2733,53.4332],[-1.2791,53.4278],[-1.2877,53.4274],[-1.2863,53.4225],[-1.2773,53.4206],[-1.2789,53.4134],[-1.2678,53.4066],[-1.2573,53.4057],[-1.2619,53.3976],[-1.2703,53.39],[-1.2705,53.3819],[-1.2758,53.3748],[-1.2842,53.3705],[-1.276,53.3653],[-1.264,53.3616],[-1.2551,53.3555],[-1.253,53.349],[-1.265,53.3509],[-1.2718,53.3446],[-1.2816,53.3424],[-1.2847,53.3393],[-1.2849,53.3285],[-1.2789,53.3271],[-1.2761,53.3177],[-1.2821,53.3161],[-1.2822,53.3119],[-1.2875,53.3092],[-1.2815,53.3038],[-1.2809,53.2991],[-1.284,53.2939],[-1.2825,53.2899],[-1.2729,53.2853],[-1.2744,53.2799],[-1.2678,53.2738],[-1.2724,53.266],[-1.271,53.2606],[-1.2797,53.2561],[-1.2786,53.2539],[-1.2852,53.2395],[-1.2873,53.2292],[-1.2845,53.2175],[-1.2892,53.2063],[-1.2851,53.2036],[-1.2819,53.1946],[-1.282,53.1883],[-1.2933,53.1811],[-1.3038,53.1817],[-1.3099,53.1763],[-1.3054,53.1722],[-1.3074,53.1677],[-1.295,53.1681],[-1.2952,53.1596],[-1.2885,53.1586],[-1.2909,53.1488],[-1.2972,53.1488],[-1.3059,53.1448],[-1.3141,53.144],[-1.319,53.1408],[-1.3283,53.1467],[-1.3339,53.1472],[-1.3386,53.1562],[-1.3542,53.1624],[-1.364,53.155],[-1.373,53.1528],[-1.3798,53.1533],[-1.3862,53.1466],[-1.3926,53.1462],[-1.3941,53.1426],[-1.4084,53.1402],[-1.4139,53.1414],[-1.4134,53.1517],[-1.4164,53.1562],[-1.4154,53.1683],[-1.4184,53.1724],[-1.4303,53.1747],[-1.4332,53.1805],[-1.4467,53.182],[-1.4518,53.1892],[-1.4683,53.1892],[-1.4713,53.1906],[-1.4866,53.1916],[-1.4907,53.1952],[-1.5049,53.193],[-1.5139,53.1971],[-1.5281,53.1962],[-1.537,53.1976],[-1.5516,53.1972],[-1.5609,53.2027],[-1.5564,53.2044],[-1.5549,53.2112],[-1.5627,53.2157],[-1.5593,53.2197],[-1.551,53.2201],[-1.5495,53.2242],[-1.5435,53.2242],[-1.5315,53.23],[-1.5351,53.2403],[-1.5463,53.2466],[-1.5492,53.2507],[-1.5491,53.2633],[-1.555,53.2678],[-1.5644,53.2687],[-1.5767,53.2751],[-1.5758,53.2917],[-1.5764,53.3007],[-1.5741,53.3079],[-1.5794,53.3097],[-1.5898,53.3174],[-1.5882,53.3237],[-1.5889,53.3362],[-1.5941,53.3383],[-1.5925,53.3448],[-1.5963,53.348],[-1.5981,53.3542],[-1.6236,53.3507],[-1.63,53.3548],[-1.6382,53.3566],[-1.645,53.362],[-1.6532,53.363],[-1.6615,53.3661],[-1.6621,53.3747],[-1.6515,53.3841],[-1.6537,53.3924],[-1.6571,53.394],[-1.6688,53.3936],[-1.6777,53.4003],[-1.6837,53.4017],[-1.6969,53.4013],[-1.704,53.4053],[-1.7032,53.4152],[-1.6949,53.4224],[-1.6911,53.43],[-1.688,53.4305],[-1.6872,53.439],[-1.7037,53.4478],[-1.715,53.449],[-1.7142,53.4544],[-1.7247,53.4661],[-1.7352,53.4697],[-1.7352,53.4737],[-1.7423,53.4791],[-1.7736,53.4823],[-1.7848,53.4851],[-1.7928,53.4815],[-1.8011,53.4815],[-1.8143,53.4788],[-1.8128,53.4687],[-1.8256,53.464],[-1.8422,53.4645],[-1.8505,53.46],[-1.8618,53.4605],[-1.8626,53.4524],[-1.8558,53.4515],[-1.8539,53.4438],[-1.8679,53.4357],[-1.8728,53.4263],[-1.883,53.4254],[-1.8875,53.4214],[-1.8973,53.4209],[-1.9078,53.4129],[-1.9071,53.4095],[-1.892,53.4016],[-1.8732,53.3998],[-1.8586,53.3899],[-1.8695,53.3845],[-1.8793,53.3841],[-1.8853,53.376],[-1.8771,53.3701],[-1.8779,53.3652],[-1.8674,53.3589],[-1.8651,53.3535],[-1.8516,53.3454],[-1.8584,53.3427],[-1.8704,53.3319],[-1.8705,53.3261],[-1.8735,53.3198],[-1.8671,53.3157],[-1.86,53.3157],[-1.8758,53.3045],[-1.8728,53.2969],[-1.8833,53.2933],[-1.883,53.2879],[-1.8946,53.2875],[-1.9088,53.2902],[-1.9103,53.2861],[-1.9231,53.2843],[-1.9426,53.2763],[-1.9501,53.2754],[-1.9509,53.2709],[-1.9471,53.2655],[-1.9531,53.261],[-1.9606,53.2506],[-1.9599,53.2426],[-1.9629,53.2363],[-1.9561,53.2282],[-1.9565,53.2232],[-1.9532,53.2201],[-1.9577,53.2142],[-1.9584,53.2032],[-1.9547,53.1814],[-1.9584,53.1792],[-1.9603,53.1724],[-1.9697,53.1657],[-1.9712,53.1621],[-1.979,53.1635],[-1.9966,53.1644],[-1.9996,53.1729],[-2.0063,53.1774],[-2.0142,53.1796],[-2.0213,53.1763],[-2.0235,53.1698],[-2.0317,53.1673],[-2.053,53.1522],[-2.0706,53.1522],[-2.099,53.1535],[-2.114,53.1585],[-2.126,53.1603],[-2.1387,53.1551],[-2.1386,53.1481],[-2.1416,53.1454],[-2.1341,53.1396],[-2.1274,53.1369],[-2.1281,53.1232],[-2.13,53.1216],[-2.1438,53.1202],[-2.1438,53.1182],[-2.1527,53.1103],[-2.1519,53.1054],[-2.1639,53.1058],[-2.1927,53.1085],[-2.2065,53.112],[-2.2057,53.1049],[-2.2094,53.0995],[-2.2064,53.0972],[-2.2071,53.0871],[-2.2391,53.0742],[-2.2474,53.0751],[-2.2541,53.0733],[-2.2533,53.065],[-2.257,53.0569],[-2.2666,53.056],[-2.2793,53.049],[-2.28,53.0404],[-2.2911,53.0305],[-2.2993,53.0253],[-2.2933,53.0217],[-2.2925,53.0175],[-2.2872,53.0121],[-2.276,53.0094],[-2.2753,53.0067],[-2.2913,52.9991],[-2.2908,52.9869],[-2.3001,52.9851],[-2.3079,52.9783],[-2.3019,52.9739],[-2.2996,52.9685],[-2.2906,52.9613],[-2.292,52.9505],[-2.3017,52.9455],[-2.3069,52.9399],[-2.3135,52.9379],[-2.3299,52.9378],[-2.3358,52.9326],[-2.3596,52.9299],[-2.3618,52.9278],[-2.3774,52.9242],[-2.3832,52.9089],[-2.3713,52.902],[-2.369,52.8973],[-2.3616,52.8973],[-2.3563,52.8942],[-2.357,52.8847],[-2.3644,52.8827],[-2.3651,52.8775],[-2.3517,52.8679],[-2.3442,52.8672],[-2.3338,52.8603],[-2.3171,52.8592],[-2.3129,52.8552],[-2.301,52.8498],[-2.2936,52.8449],[-2.2824,52.8424],[-2.2675,52.8371],[-2.2697,52.8324],[-2.2786,52.8278],[-2.2838,52.831],[-2.2964,52.8296],[-2.2926,52.8175],[-2.2856,52.817],[-2.28,52.8137],[-2.2807,52.8069],[-2.2895,52.7997],[-2.2903,52.7941],[-2.2768,52.7829],[-2.279,52.7757],[-2.2834,52.7721],[-2.2804,52.7604],[-2.2759,52.7564],[-2.2596,52.747],[-2.268,52.7398],[-2.2765,52.7366],[-2.2765,52.729],[-2.2809,52.7267],[-2.2809,52.7213],[-2.2734,52.7128],[-2.2741,52.7029],[-2.2682,52.6984],[-2.2578,52.6948],[-2.2518,52.6778],[-2.2444,52.676],[-2.2436,52.6728],[-2.2362,52.6706],[-2.2361,52.6526],[-2.2301,52.6439],[-2.2412,52.631],[-2.2411,52.6236],[-2.2455,52.618],[-2.244,52.6122],[-2.2499,52.6108],[-2.251,52.6059],[-2.2418,52.6072],[-2.2359,52.6104],[-2.2274,52.6104],[-2.2211,52.6064],[-2.2225,52.5987],[-2.2255,52.5978],[-2.2262,52.5902],[-2.2184,52.5893],[-2.204,52.5911],[-2.1922,52.5911],[-2.1878,52.5889],[-2.1782,52.5903],[-2.1686,52.597],[-2.1701,52.6038],[-2.1624,52.6087],[-2.1539,52.6078],[-2.1506,52.6101],[-2.1417,52.6105],[-2.134,52.6069],[-2.1281,52.6105],[-2.1196,52.6101],[-2.1081,52.6137],[-2.1067,52.6178],[-2.0956,52.6097],[-2.0948,52.6025],[-2.1,52.5975],[-2.1007,52.5908],[-2.1154,52.5827],[-2.1243,52.5802],[-2.1228,52.5777],[-2.1361,52.569],[-2.1375,52.5651],[-2.125,52.5582],[-2.1146,52.5472],[-2.1198,52.5436],[-2.119,52.5355],[-2.1205,52.5301],[-2.1123,52.5261],[-2.1057,52.5198],[-2.0998,52.5189],[-2.0954,52.5121],[-2.0902,52.5094],[-2.0791,52.5104],[-2.0666,52.5041],[-2.0548,52.5041],[-2.0504,52.5016],[-2.0511,52.4901],[-2.0452,52.4857],[-2.0467,52.4771],[-2.0401,52.4695],[-2.0217,52.4589],[-2.0165,52.4492],[-2.0165,52.4416],[-2.0121,52.4407],[-2.0136,52.4263],[-2.0113,52.4245],[-2.0187,52.4119],[-2.0268,52.411],[-2.0334,52.4065],[-2.0422,52.4038],[-2.0371,52.3908],[-2.0275,52.389],[-2.0187,52.3809],[-2.0091,52.3845],[-1.99,52.3899],[-1.9819,52.3877],[-1.954,52.3886],[-1.9313,52.3823],[-1.9254,52.3784],[-1.918,52.3782],[-1.91,52.3697],[-1.9049,52.3575],[-1.895,52.3571],[-1.8931,52.3526],[-1.8968,52.3485],[-1.8961,52.3427],[-1.8873,52.3377],[-1.8741,52.3355],[-1.869,52.3314],[-1.8631,52.3318],[-1.8535,52.3381],[-1.8381,52.3449],[-1.8205,52.3428],[-1.8205,52.3462],[-1.8058,52.3547],[-1.7922,52.3587],[-1.7863,52.3587],[-1.7698,52.3452],[-1.7611,52.3425],[-1.7449,52.3404],[-1.7434,52.346],[-1.7339,52.3496],[-1.7283,52.3563],[-1.7133,52.3563],[-1.7023,52.3468],[-1.6972,52.3453],[-1.6957,52.3405],[-1.6818,52.34],[-1.6634,52.3431],[-1.6612,52.3472],[-1.6516,52.3498],[-1.6523,52.3588],[-1.6347,52.3615],[-1.6273,52.3678],[-1.6213,52.3776],[-1.6213,52.3839],[-1.6176,52.3871],[-1.6167,52.3978],[-1.61,52.4061],[-1.6151,52.4113],[-1.628,52.4136],[-1.632,52.4172],[-1.6231,52.4239],[-1.6238,52.4352],[-1.6179,52.4374],[-1.6171,52.4437],[-1.6222,52.446],[-1.6236,52.4549],[-1.6184,52.4585],[-1.5978,52.4589],[-1.5937,52.4616],[-1.5853,52.4625],[-1.5756,52.4671],[-1.5748,52.4768],[-1.5689,52.4804],[-1.571,52.4889],[-1.5636,52.4965],[-1.5612,52.5096],[-1.548,52.51],[-1.5348,52.5059],[-1.5341,52.5],[-1.526,52.4977],[-1.5253,52.4915],[-1.5195,52.4865],[-1.5118,52.4851],[-1.4959,52.4868],[-1.4872,52.4801],[-1.479,52.4832],[-1.4692,52.4768],[-1.4607,52.4754],[-1.4418,52.4563],[-1.4249,52.4546],[-1.4227,52.4589],[-1.4145,52.4622],[-1.4061,52.463],[-1.3925,52.4621],[-1.3799,52.4665],[-1.3726,52.4606],[-1.3652,52.4651],[-1.3475,52.4695],[-1.3301,52.4707],[-1.3121,52.4729],[-1.3121,52.4702],[-1.3041,52.4629],[-1.2946,52.4588],[-1.2843,52.4588],[-1.2785,52.4547],[-1.2583,52.4546],[-1.2528,52.4525],[-1.2505,52.459],[-1.2408,52.4666],[-1.2369,52.4765],[-1.2317,52.4814],[-1.2309,52.4861],[-1.2246,52.4885],[-1.2162,52.4813],[-1.1963,52.4816],[-1.1904,52.4851],[-1.1764,52.4828],[-1.1664,52.489],[-1.1615,52.4939],[-1.1535,52.4903],[-1.1402,52.4902],[-1.1255,52.4883],[-1.1189,52.4896],[-1.1138,52.4873],[-1.0953,52.4889],[-1.0864,52.4925],[-1.0702,52.491],[-1.0723,52.4966],[-1.0708,52.5013],[-1.0648,52.5026],[-1.0596,52.5073],[-1.0609,52.517],[-1.0497,52.5196],[-1.0445,52.5232],[-1.0335,52.5217],[-1.0259,52.5302],[-1.0185,52.5324],[-1.0095,52.5382],[-1.0095,52.5409],[-0.9997,52.5493],[-0.9893,52.5524],[-0.9745,52.554],[-0.972,52.5671],[-0.9624,52.5692],[-0.9548,52.5752],[-0.9452,52.5758],[-0.9265,52.5869],[-0.9312,52.5937],[-0.9388,52.5969],[-0.9328,52.6036],[-0.9326,52.609],[-0.9198,52.6219],[-0.9203,52.6302],[-0.9276,52.6341],[-0.9282,52.6377],[-0.9207,52.6421],[-0.9119,52.6416],[-0.8992,52.6464],[-0.8926,52.6441],[-0.8891,52.6373],[-0.8765,52.6381],[-0.8682,52.6448],[-0.8615,52.6474],[-0.8561,52.6536],[-0.8503,52.6513],[-0.8407,52.6508],[-0.8427,52.658],[-0.83,52.6651],[-0.8305,52.6732],[-0.8244,52.679],[-0.8126,52.6779],[-0.8024,52.6715],[-0.7965,52.6715],[-0.79,52.6683],[-0.7774,52.6681],[-0.7728,52.6735],[-0.7615,52.6806],[-0.7561,52.6877],[-0.7502,52.6876],[-0.742,52.6912],[-0.7272,52.6892],[-0.7227,52.6914],[-0.7139,52.6913],[-0.7066,52.6863],[-0.6926,52.6852],[-0.6851,52.6869],[-0.6805,52.6936],[-0.6787,52.7048],[-0.6815,52.7091],[-0.6806,52.7143],[-0.6752,52.7205],[-0.6788,52.7264],[-0.6777,52.7363],[-0.6937,52.7459],[-0.692,52.7547],[-0.6933,52.7594],[-0.6984,52.7648],[-0.6922,52.7729],[-0.6904,52.7832],[-0.6924,52.7888],[-0.7001,52.7936],[-0.722,52.7925],[-0.7263,52.7966],[-0.7174,52.7983],[-0.7217,52.8024],[-0.7244,52.8128],[-0.7235,52.8175],[-0.7189,52.8208],[-0.7203,52.8262],[-0.7291,52.8299],[-0.7304,52.8367],[-0.7362,52.8403],[-0.7368,52.8453],[-0.7515,52.8499],[-0.7431,52.8584],[-0.7348,52.8637],[-0.739,52.8707],[-0.7529,52.8778],[-0.7565,52.8839],[-0.7563,52.8882],[-0.7465,52.8962],[-0.7426,52.9024],[-0.7469,52.9065],[-0.7467,52.9137],[-0.7435,52.9204],[-0.7469,52.9335],[-0.761,52.9332],[-0.7623,52.9395],[-0.7705,52.94],[-0.7756,52.9432],[-0.789,52.9447],[-0.7918,52.9483],[-0.7914,52.9623],[-0.786,52.9694],[-0.7709,52.9778],[-0.7768,52.981],[-0.7677,52.9867],[-0.7585,52.9954],[-0.7583,53.0015],[-0.7638,53.0033],[-0.7821,53.0037],[-0.7842,53.0067],[-0.7999,53.0069],[-0.8086,53.0141],[-0.8014,53.0212],[-0.8047,53.0226],[-0.7984,53.0338],[-0.7915,53.04],[-0.7804,53.0381],[-0.778,53.0426],[-0.7728,53.043],[-0.7719,53.0484],[-0.7651,53.0523],[-0.7654,53.0649],[-0.7608,53.0705],[-0.763,53.0734],[-0.7726,53.0753],[-0.7838,53.075],[-0.7807,53.0799],[-0.7701,53.0832],[-0.7738,53.0864],[-0.7637,53.1],[-0.7545,53.1071],[-0.7486,53.1066],[-0.7394,53.1139],[-0.74,53.1182],[-0.7271,53.1266],[-0.7181,53.1278],[-0.718,53.1314],[-0.7042,53.1409],[-0.691,53.1446],[-0.6749,53.1453],[-0.6755,53.1507],[-0.6688,53.1506],[-0.6649,53.1564],[-0.6599,53.1591],[-0.6683,53.1659],[-0.6704,53.1709],[-0.6658,53.174],[-0.6729,53.1862],[-0.6773,53.1903],[-0.6742,53.1941],[-0.6755,53.1993],[-0.6906,53.1949],[-0.6983,53.1887],[-0.705,53.1897],[-0.709,53.1938],[-0.7146,53.1938],[-0.7136,53.2026],[-0.7179,53.2074],[-0.717,53.2148],[-0.7197,53.2222],[-0.7144,53.2258],[-0.7087,53.2392],[-0.701,53.2474],[-0.6984,53.2584],[-0.6931,53.2615],[-0.6914,53.2678],[-0.6995,53.2732],[-0.6971,53.2775],[-0.7011,53.2827],[-0.6913,53.2936],[-0.6942,53.2983],[-0.6911,53.3006],[-0.6947,53.3064],[-0.6886,53.3097],[-0.6757,53.3139],[-0.6804,53.3189],[-0.6872,53.3189],[-0.7009,53.3245],[-0.6955,53.3294],[-0.6984,53.3326],[-0.6989,53.3397],[-0.7092,53.3475],[-0.7098,53.3529],[-0.7215,53.353],[-0.7249,53.3495],[-0.7369,53.3509],[-0.7452,53.3501],[-0.7473,53.3551],[-0.7404,53.3604],[-0.7454,53.3681],[-0.7475,53.3758],[-0.7601,53.3813],[-0.7651,53.3894],[-0.7638,53.4076],[-0.7551,53.4109],[-0.7336,53.4107],[-0.7263,53.4061],[-0.7158,53.4047],[-0.711,53.4118],[-0.6993,53.4144],[-0.6801,53.4137],[-0.6788,53.4078],[-0.6676,53.4068],[-0.6622,53.4095],[-0.6548,53.4053],[-0.6558,53.3991],[-0.6444,53.4007],[-0.6348,53.3972],[-0.6311,53.3938],[-0.6191,53.3923],[-0.6168,53.3937],[-0.594,53.3925],[-0.5868,53.3942]]]},"properties":{"HA_NUM":28,"HA_NAME":"Trent"}},
{"type":"Feature","geometry":{"type":"MultiPolygon","coordinates":[[[[0.3496,53.1511],[0.3528,53.1725],[0.3557,53.1855],[0.3552,53.1917],[0.3421,53.2175],[0.3392,53.2277],[0.339,53.2341],[0.3321,53.2494],[0.3258,53.2589],[0.3208,53.2693],[0.3082,53.2862],[0.2971,53.2965],[0.2874,53.3087],[0.2739,53.3325],[0.2643,53.3431],[0.2474,53.3687],[0.2433,53.3725],[0.226,53.3975],[0.2301,53.405],[0.2178,53.4138],[0.2053,53.4194],[0.2117,53.4233],[0.2041,53.4301],[0.1925,53.4324],[0.1871,53.4371],[0.1819,53.4538],[0.1839,53.4591],[0.1756,53.4648],[0.1729,53.4706],[0.1675,53.4707],[0.1591,53.4764],[0.1597,53.4845],[0.1531,53.4913],[0.1438,53.4914],[0.1475,53.4868],[0.1427,53.4817],[0.13,53.4841],[0.1292,53.4888],[0.1371,53.4965],[0.1285,53.4999],[0.112,53.5014],[0.1185,53.4944],[0.1139,53.4904],[0.1068,53.4898],[0.0895,53.4941],[0.0802,53.5015],[0.0769,53.5081],[0.0702,53.5131],[0.0704,53.5173],[0.0521,53.5226],[0.0478,53.5159],[0.0395,53.5173],[0.0346,53.5145],[0.0217,53.521],[0.011,53.5331],[-0.0049,53.5451],[-0.0119,53.5491],[-0.0254,53.5596],[-0.0342,53.5677],[-0.041,53.5701],[-0.0614,53.5823],[-0.0698,53.582],[-0.0745,53.5768],[-0.0828,53.5801],[-0.1001,53.5844],[-0.1132,53.5907],[-0.1382,53.6072],[-0.1434,53.6087],[-0.1606,53.6195],[-0.2042,53.6383],[-0.2186,53.6489],[-0.2347,53.6649],[-0.2442,53.6703],[-0.2582,53.6845],[-0.2733,53.7033],[-0.2818,53.7103],[-0.2942,53.7142],[-0.3309,53.7117],[-0.3758,53.7028],[-0.4162,53.6975],[-0.4539,53.6972],[-0.4705,53.6982],[-0.4915,53.6886],[-0.5022,53.6812],[-0.5249,53.6778],[-0.5483,53.6794],[-0.5598,53.6835],[-0.5934,53.7003],[-0.6054,53.7116],[-0.6111,53.7145],[-0.6257,53.7128],[-0.6414,53.7096],[-0.6438,53.7045],[-0.6507,53.7019],[-0.6516,53.6961],[-0.661,53.6863],[-0.6684,53.6805],[-0.6742,53.6784],[-0.6807,53.6632],[-0.6771,53.6564],[-0.6842,53.6484],[-0.6838,53.6362],[-0.6734,53.63],[-0.6705,53.6253],[-0.6715,53.6199],[-0.6617,53.6167],[-0.6563,53.6094],[-0.6494,53.6116],[-0.6336,53.6105],[-0.6233,53.6128],[-0.6166,53.6085],[-0.6039,53.6039],[-0.5946,53.6024],[-0.5837,53.5982],[-0.5801,53.5946],[-0.5759,53.5851],[-0.576,53.5797],[-0.5809,53.5703],[-0.5799,53.555],[-0.5747,53.5525],[-0.5727,53.5442],[-0.5768,53.5354],[-0.5814,53.5339],[-0.5818,53.5204],[-0.5864,53.5178],[-0.5855,53.4989],[-0.5826,53.4966],[-0.5854,53.4803],[-0.5825,53.476],[-0.583,53.4634],[-0.5794,53.4582],[-0.5821,53.4449],[-0.5816,53.4359],[-0.5855,53.4333],[-0.5857,53.4272],[-0.5935,53.4181],[-0.5939,53.4055],[-0.5868,53.3942],[-0.5743,53.3842],[-0.565,53.3715],[-0.5644,53.3672],[-0.5653,53.3387],[-0.5639,53.3364],[-0.5526,53.3367],[-0.5369,53.3338],[-0.5327,53.3369],[-0.5248,53.3364],[-0.5134,53.3425],[-0.4945,53.3445],[-0.4876,53.3476],[-0.4817,53.3471],[-0.4688,53.3505],[-0.4687,53.3532],[-0.4338,53.3608],[-0.4098,53.361],[-0.3997,53.3599],[-0.3946,53.3657],[-0.3788,53.3664],[-0.3711,53.3712],[-0.3624,53.372],[-0.3531,53.3705],[-0.3409,53.374],[-0.3248,53.3724],[-0.3118,53.3673],[-0.2998,53.3689],[-0.2976,53.3671],[-0.2773,53.3668],[-0.2714,53.3635],[-0.2536,53.3664],[-0.2427,53.3667],[-0.2366,53.3707],[-0.229,53.3728],[-0.2204,53.3785],[-0.2291,53.3881],[-0.2289,53.3917],[-0.1864,53.3915],[-0.1799,53.3961],[-0.1739,53.3949],[-0.1673,53.3903],[-0.1586,53.3924],[-0.144,53.3895],[-0.1325,53.3961],[-0.133,53.4006],[-0.1224,53.4026],[-0.123,53.4058],[-0.1138,53.411],[-0.1063,53.4091],[-0.0875,53.4095],[-0.0773,53.4033],[-0.0777,53.3938],[-0.0704,53.3888],[-0.0724,53.3861],[-0.0934,53.3797],[-0.1004,53.3731],[-0.112,53.3661],[-0.1139,53.3562],[-0.1111,53.353],[-0.1087,53.3384],[-0.1167,53.3268],[-0.1033,53.3241],[-0.0999,53.3169],[-0.0955,53.3137],[-0.08,53.3098],[-0.0793,53.3076],[-0.0632,53.2988],[-0.0537,53.2923],[-0.0577,53.287],[-0.058,53.2802],[-0.0544,53.277],[-0.0433,53.2748],[-0.0384,53.2669],[-0.0271,53.2672],[-0.0201,53.2643],[-0.008,53.2668],[0.0012,53.2635],[0.0169,53.2628],[0.0242,53.2587],[0.0213,53.2529],[0.0228,53.2445],[0.0318,53.245],[0.0391,53.2404],[0.0447,53.2399],[0.05,53.2344],[0.0694,53.2327],[0.0797,53.2366],[0.087,53.2328],[0.0913,53.2355],[0.0995,53.2353],[0.1136,53.2315],[0.1209,53.2273],[0.129,53.2258],[0.1546,53.2137],[0.1544,53.2087],[0.1667,53.2013],[0.1756,53.1993],[0.1798,53.1941],[0.1786,53.1849],[0.2026,53.1777],[0.2298,53.1768],[0.2326,53.1731],[0.2446,53.1729],[0.2549,53.1691],[0.2678,53.1581],[0.273,53.1571],[0.2954,53.1566],[0.2994,53.1543],[0.3103,53.1555],[0.3139,53.1531],[0.3266,53.1529],[0.3376,53.1491],[0.346,53.1525],[0.3496,53.1511]]],[[[-0.5559,53.6905],[-0.5566,53.6883],[-0.5422,53.6827],[-0.5297,53.6814],[-0.5222,53.6851],[-0.5494,53.6903],[-0.5559,53.6905]]]]},"properties":{"HA_NUM":29,"HA_NAME":"Ancholme Group"}},
{"type":"Feature","geometry":{"type":"Polygon","coordinates":[[[0.3496,53.1511],[0.346,53.1525],[0.3376,53.1491],[0.3266,53.1529],[0.3139,53.1531],[0.3103,53.1555],[0.2994,53.1543],[0.2954,53.1566],[0.273,53.1571],[0.2678,53.1581],[0.2549,53.1691],[0.2446,53.1729],[0.2326,53.1731],[0.2298,53.1768],[0.2026,53.1777],[0.1786,53.1849],[0.1798,53.1941],[0.1756,53.1993],[0.1667,53.2013],[0.1544,53.2087],[0.1546,53.2137],[0.129,53.2258],[0.1209,53.2273],[0.1136,53.2315],[0.0995,53.2353],[0.0913,53.2355],[0.087,53.2328],[0.0797,53.2366],[0.0694,53.2327],[0.05,53.2344],[0.0447,53.2399],[0.0391,53.2404],[0.0318,53.245],[0.0228,53.2445],[0.0213,53.2529],[0.0242,53.2587],[0.0169,53.2628],[0.0012,53.2635],[-0.008,53.2668],[-0.0201,53.2643],[-0.0271,53.2672],[-0.0384,53.2669],[-0.0433,53.2748],[-0.0544,53.277],[-0.058,53.2802],[-0.0577,53.287],[-0.0537,53.2923],[-0.0632,53.2988],[-0.0793,53.3076],[-0.08,53.3098],[-0.0955,53.3137],[-0.0999,53.3169],[-0.1033,53.3241],[-0.1167,53.3268],[-0.1087,53.3384],[-0.1111,53.353],[-0.1139,53.3562],[-0.112,53.3661],[-0.1004,53.3731],[-0.0934,53.3797],[-0.0724,53.3861],[-0.0704,53.3888],[-0.0777,53.3938],[-0.0773,53.4033],[-0.0875,53.4095],[-0.1063,53.4091],[-0.1138,53.411],[-0.123,53.4058],[-0.1224,53.4026],[-0.133,53.4006],[-0.1325,53.3961],[-0.144,53.3895],[-0.1586,53.3924],[-0.1673,53.3903],[-0.1739,53.3949],[-0.1799,53.3961],[-0.1864,53.3915],[-0.2289,53.3917],[-0.2291,53.3881],[-0.2204,53.3785],[-0.229,53.3728],[-0.2366,53.3707],[-0.2427,53.3667],[-0.2536,53.3664],[-0.2714,53.3635],[-0.2773,53.3668],[-0.2976,53.3671],[-0.2998,53.3689],[-0.3118,53.3673],[-0.3248,53.3724],[-0.3409,53.374],[-0.3531,53.3705],[-0.3624,53.372],[-0.3711,53.3712],[-0.3788,53.3664],[-0.3946,53.3657],[-0.3997,53.3599],[-0.4098,53.361],[-0.4338,53.3608],[-0.4687,53.3532],[-0.4688,53.3505],[-0.4817,53.3471],[-0.4876,53.3476],[-0.4945,53.3445],[-0.5134,53.3425],[-0.5248,53.3364],[-0.5327,53.3369],[-0.5369,53.3338],[-0.5526,53.3367],[-0.5639,53.3364],[-0.5653,53.3387],[-0.5644,53.3672],[-0.565,53.3715],[-0.5743,53.3842],[-0.5868,53.3942],[-0.594,53.3925],[-0.6168,53.3937],[-0.6191,53.3923],[-0.6311,53.3938],[-0.6348,53.3972],[-0.6444,53.4007],[-0.6558,53.3991],[-0.6548,53.4053],[-0.6622,53.4095],[-0.6676,53.4068],[-0.6788,53.4078],[-0.6801,53.4137],[-0.6993,53.4144],[-0.711,53.4118],[-0.7158,53.4047],[-0.7263,53.4061],[-0.7336,53.4107],[-0.7551,53.4109],[-0.7638,53.4076],[-0.7651,53.3894],[-0.7601,53.3813],[-0.7475,53.3758],[-0.7454,53.3681],[-0.7404,53.3604],[-0.7473,53.3551],[-0.7452,53.3501],[-0.7369,53.3509],[-0.7249,53.3495],[-0.7215,53.353],[-0.7098,53.3529],[-0.7092,53.3475],[-0.6989,53.3397],[-0.6984,53.3326],[-0.6955,53.3294],[-0.7009,53.3245],[-0.6872,53.3189],[-0.6804,53.3189],[-0.6757,53.3139],[-0.6886,53.3097],[-0.6947,53.3064],[-0.6911,53.3006],[-0.6942,53.2983],[-0.6913,53.2936],[-0.7011,53.2827],[-0.6971,53.2775],[-0.6995,53.2732],[-0.6914,53.2678],[-0.6931,53.2615],[-0.6984,53.2584],[-0.701,53.2474],[-0.7087,53.2392],[-0.7144,53.2258],[-0.7197,53.2222],[-0.717,53.2148],[-0.7179,53.2074],[-0.7136,53.2026],[-0.7146,53.1938],[-0.709,53.1938],[-0.705,53.1897],[-0.6983,53.1887],[-0.6906,53.1949],[-0.6755,53.1993],[-0.6742,53.1941],[-0.6773,53.1903],[-0.6729,53.1862],[-0.6658,53.174],[-0.6704,53.1709],[-0.6683,53.1659],[-0.6599,53.1591],[-0.6649,53.1564],[-0.6688,53.1506],[-0.6755,53.1507],[-0.6749,53.1453],[-0.691,53.1446],[-0.7042,53.1409],[-0.718,53.1314],[-0.7181,53.1278],[-0.7271,53.1266],[-0.74,53.1182],[-0.7394,53.1139],[-0.7486,53.1066],[-0.7545,53.1071],[-0.7637,53.1],[-0.7738,53.0864],[-0.7701,53.0832],[-0.7807,53.0799],[-0.7838,53.075],[-0.7726,53.0753],[-0.763,53.0734],[-0.7608,53.0705],[-0.7654,53.0649],[-0.7651,53.0523],[-0.7719,53.0484],[-0.7728,53.043],[-0.778,53.0426],[-0.7804,53.0381],[-0.7915,53.04],[-0.7984,53.0338],[-0.8047,53.0226],[-0.8014,53.0212],[-0.8086,53.0141],[-0.7999,53.0069],[-0.7842,53.0067],[-0.7821,53.0037],[-0.7638,53.0033],[-0.7583,53.0015],[-0.7585,52.9954],[-0.7677,52.9867],[-0.7768,52.981],[-0.7709,52.9778],[-0.786,52.9694],[-0.7914,52.9623],[-0.7918,52.9483],[-0.789,52.9447],[-0.7756,52.9432],[-0.7705,52.94],[-0.7623,52.9395],[-0.761,52.9332],[-0.7469,52.9335],[-0.7435,52.9204],[-0.7467,52.9137],[-0.7469,52.9065],[-0.7426,52.9024],[-0.7465,52.8962],[-0.7563,52.8882],[-0.7565,52.8839],[-0.7529,52.8778],[-0.739,52.8707],[-0.7348,52.8637],[-0.7431,52.8584],[-0.7515,52.8499],[-0.7368,52.8453],[-0.7362,52.8403],[-0.7304,52.8367],[-0.7291,52.8299],[-0.7203,52.8262],[-0.7189,52.8208],[-0.7235,52.8175],[-0.7244,52.8128],[-0.7217,52.8024],[-0.7174,52.7983],[-0.7263,52.7966],[-0.722,52.7925],[-0.7001,52.7936],[-0.6924,52.7888],[-0.6904,52.7832],[-0.6922,52.7729],[-0.6984,52.7648],[-0.6933,52.7594],[-0.692,52.7547],[-0.6937,52.7459],[-0.6777,52.7363],[-0.6788,52.7264],[-0.6409,52.7291],[-0.629,52.7308],[-0.6223,52.7339],[-0.6146,52.7405],[-0.6144,52.7468],[-0.6055,52.7494],[-0.6088,52.7598],[-0.6143,52.7616],[-0.6141,52.7823],[-0.6028,52.788],[-0.5989,52.7925],[-0.5985,52.8037],[-0.6029,52.8069],[-0.6039,52.8206],[-0.597,52.8284],[-0.5995,52.8437],[-0.5954,52.8558],[-0.5976,52.8563],[-0.5987,52.8669],[-0.5932,52.8778],[-0.585,52.8791],[-0.5853,52.8912],[-0.5971,52.8941],[-0.6037,52.8991],[-0.6035,52.9036],[-0.6086,52.9061],[-0.5965,52.9138],[-0.5872,52.925],[-0.5774,52.9302],[-0.5762,52.9428],[-0.5728,52.9446],[-0.5613,52.9431],[-0.5242,52.9404],[-0.5174,52.9443],[-0.5099,52.9451],[-0.5011,52.9401],[-0.5021,52.9347],[-0.4964,52.9252],[-0.496,52.9175],[-0.4881,52.9098],[-0.4867,52.9053],[-0.4772,52.9002],[-0.4761,52.8894],[-0.4574,52.8739],[-0.4575,52.8705],[-0.4495,52.865],[-0.4438,52.8589],[-0.4445,52.84],[-0.4341,52.8381],[-0.4292,52.8317],[-0.4345,52.8282],[-0.4318,52.8201],[-0.4246,52.8137],[-0.4206,52.8015],[-0.4208,52.795],[-0.4172,52.792],[-0.416,52.7857],[-0.4116,52.7838],[-0.4112,52.7744],[-0.4083,52.7717],[-0.4081,52.7586],[-0.3851,52.7597],[-0.366,52.7657],[-0.3444,52.7672],[-0.3054,52.759],[-0.2923,52.7543],[-0.2874,52.7563],[-0.2616,52.7705],[-0.2625,52.7862],[-0.2654,52.7888],[-0.2629,52.7957],[-0.254,52.7956],[-0.256,52.8012],[-0.2436,52.8039],[-0.2308,52.8087],[-0.2222,52.8099],[-0.2144,52.8201],[-0.2022,52.8195],[-0.1927,52.8243],[-0.1872,52.822],[-0.1842,52.8329],[-0.1808,52.834],[-0.1652,52.8338],[-0.1658,52.8374],[-0.1806,52.839],[-0.1892,52.8373],[-0.2005,52.833],[-0.205,52.833],[-0.2039,52.8577],[-0.2133,52.8651],[-0.2119,52.8803],[-0.203,52.88],[-0.2026,52.8892],[-0.187,52.8894],[-0.18,52.8965],[-0.1726,52.8959],[-0.1628,52.8908],[-0.1542,52.8925],[-0.1513,52.8895],[-0.1524,52.8832],[-0.1349,52.8828],[-0.1328,52.8897],[-0.1383,52.8909],[-0.142,52.8993],[-0.1366,52.9048],[-0.1421,52.9148],[-0.1353,52.9171],[-0.1335,52.9245],[-0.1283,52.9249],[-0.1301,52.9166],[-0.1233,52.9185],[-0.1205,52.9144],[-0.1282,52.9096],[-0.1299,52.9047],[-0.1233,52.9014],[-0.1148,52.9103],[-0.1051,52.9097],[-0.102,52.9123],[-0.0894,52.9121],[-0.081,52.9165],[-0.0728,52.9173],[-0.0607,52.913],[-0.0611,52.9216],[-0.0538,52.9266],[-0.0626,52.9304],[-0.0582,52.9364],[-0.0476,52.9326],[-0.0397,52.9338],[-0.0334,52.9256],[-0.0241,52.925],[-0.0202,52.9294],[-0.0128,52.9291],[-0.0109,52.9203],[-0.0063,52.9166],[0.003,52.9171],[0.002,52.9268],[0.0044,52.9304],[0.0142,52.9325],[0.0158,52.9367],[0.022,52.9403],[0.0315,52.9387],[0.0358,52.9359],[0.0484,52.9317],[0.0652,52.9309],[0.0779,52.9336],[0.0756,52.9383],[0.0803,52.9435],[0.0817,52.9507],[0.0927,52.9567],[0.1017,52.9689],[0.1196,52.9809],[0.1259,52.9894],[0.1427,53.0019],[0.1477,53.0073],[0.1552,53.01],[0.1699,53.0176],[0.1787,53.0244],[0.1976,53.0332],[0.2051,53.0346],[0.2381,53.05],[0.2576,53.0605],[0.2625,53.0656],[0.2749,53.071],[0.2893,53.0802],[0.2997,53.0884],[0.3193,53.0919],[0.3269,53.0909],[0.3396,53.0947],[0.3428,53.1034],[0.3407,53.1132],[0.3424,53.1216],[0.3496,53.1265],[0.3496,53.1511]]]},"properties":{"HA_NUM":30,"HA_NAME":"Witham and Steeping"}},
{"type":"Feature","geometry":{"type":"Polygon","coordinates":[[[0.1961,52.8479],[0.1786,52.8603],[0.1759,52.8645],[0.1765,52.8711],[0.1706,52.8755],[0.1567,52.8762],[0.1491,52.8822],[0.1413,52.8852],[0.1301,52.8868],[0.1236,52.8896],[0.0918,52.8903],[0.0524,52.9014],[0.0438,52.8999],[0.0403,52.9041],[0.0315,52.8981],[0.0264,52.8989],[0.0377,52.9093],[0.0449,52.9124],[0.0451,52.9161],[0.0607,52.9222],[0.0665,52.9295],[0.0511,52.9305],[0.0431,52.9322],[0.022,52.9403],[0.0158,52.9367],[0.0142,52.9325],[0.0044,52.9304],[0.002,52.9268],[0.003,52.9171],[-0.0063,52.9166],[-0.0109,52.9203],[-0.0128,52.9291],[-0.0202,52.9294],[-0.0241,52.925],[-0.0334,52.9256],[-0.0397,52.9338],[-0.0476,52.9326],[-0.0582,52.9364],[-0.0626,52.9304],[-0.0538,52.9266],[-0.0611,52.9216],[-0.0607,52.913],[-0.0728,52.9173],[-0.081,52.9165],[-0.0894,52.9121],[-0.102,52.9123],[-0.1051,52.9097],[-0.1148,52.9103],[-0.1233,52.9014],[-0.1299,52.9047],[-0.1282,52.9096],[-0.1205,52.9144],[-0.1233,52.9185],[-0.1301,52.9166],[-0.1283,52.9249],[-0.1335,52.9245],[-0.1353,52.9171],[-0.1421,52.9148],[-0.1366,52.9048],[-0.142,52.8993],[-0.1383,52.8909],[-0.1328,52.8897],[-0.1349,52.8828],[-0.1524,52.8832],[-0.1513,52.8895],[-0.1542,52.8925],[-0.1628,52.8908],[-0.1726,52.8959],[-0.18,52.8965],[-0.187,52.8894],[-0.2026,52.8892],[-0.203,52.88],[-0.2119,52.8803],[-0.2133,52.8651],[-0.2039,52.8577],[-0.205,52.833],[-0.2005,52.833],[-0.1892,52.8373],[-0.1806,52.839],[-0.1658,52.8374],[-0.1652,52.8338],[-0.1808,52.834],[-0.1842,52.8329],[-0.1872,52.822],[-0.1927,52.8243],[-0.2022,52.8195],[-0.2144,52.8201],[-0.2222,52.8099],[-0.2308,52.8087],[-0.2436,52.8039],[-0.256,52.8012],[-0.254,52.7956],[-0.2629,52.7957],[-0.2654,52.7888],[-0.2625,52.7862],[-0.2616,52.7705],[-0.2874,52.7563],[-0.2923,52.7543],[-0.3054,52.759],[-0.3444,52.7672],[-0.366,52.7657],[-0.3851,52.7597],[-0.4081,52.7586],[-0.4083,52.7717],[-0.4112,52.7744],[-0.4116,52.7838],[-0.416,52.7857],[-0.4172,52.792],[-0.4208,52.795],[-0.4206,52.8015],[-0.4246,52.8137],[-0.4318,52.8201],[-0.4345,52.8282],[-0.4292,52.8317],[-0.4341,52.8381],[-0.4445,52.84],[-0.4438,52.8589],[-0.4495,52.865],[-0.4575,52.8705],[-0.4574,52.8739],[-0.4761,52.8894],[-0.4772,52.9002],[-0.4867,52.9053],[-0.4881,52.9098],[-0.496,52.9175],[-0.4964,52.9252],[-0.5021,52.9347],[-0.5011,52.9401],[-0.5099,52.9451],[-0.5174,52.9443],[-0.5242,52.9404],[-0.5613,52.9431],[-0.5728,52.9446],[-0.5762,52.9428],[-0.5774,52.9302],[-0.5872,52.925],[-0.5965,52.9138],[-0.6086,52.9061],[-0.6035,52.9036],[-0.6037,52.8991],[-0.5971,52.8941],[-0.5853,52.8912],[-0.585,52.8791],[-0.5932,52.8778],[-0.5987,52.8669],[-0.5976,52.8563],[-0.5954,52.8558],[-0.5995,52.8437],[-0.597,52.8284],[-0.6039,52.8206],[-0.6029,52.8069],[-0.5985,52.8037],[-0.5989,52.7925],[-0.6028,52.788],[-0.6141,52.7823],[-0.6143,52.7616],[-0.6088,52.7598],[-0.6055,52.7494],[-0.6144,52.7468],[-0.6146,52.7405],[-0.6223,52.7339],[-0.629,52.7308],[-0.6409,52.7291],[-0.6788,52.7264],[-0.6752,52.7205],[-0.6806,52.7143],[-0.6815,52.7091],[-0.6787,52.7048],[-0.6805,52.6936],[-0.6851,52.6869],[-0.6926,52.6852],[-0.7066,52.6863],[-0.7139,52.6913],[-0.7227,52.6914],[-0.7272,52.6892],[-0.742,52.6912],[-0.7502,52.6876],[-0.7561,52.6877],[-0.7615,52.6806],[-0.7728,52.6735],[-0.7774,52.6681],[-0.79,52.6683],[-0.7965,52.6715],[-0.8024,52.6715],[-0.8126,52.6779],[-0.8244,52.679],[-0.8305,52.6732],[-0.83,52.6651],[-0.8427,52.658],[-0.8407,52.6508],[-0.8503,52.6513],[-0.8561,52.6536],[-0.8615,52.6474],[-0.8682,52.6448],[-0.8765,52.6381],[-0.8891,52.6373],[-0.8926,52.6441],[-0.8992,52.6464],[-0.9119,52.6416],[-0.9207,52.6421],[-0.9282,52.6377],[-0.9276,52.6341],[-0.9203,52.6302],[-0.9198,52.6219],[-0.9326,52.609],[-0.9328,52.6036],[-0.9388,52.5969],[-0.9312,52.5937],[-0.9265,52.5869],[-0.9452,52.5758],[-0.9548,52.5752],[-0.9624,52.5692],[-0.972,52.5671],[-0.9745,52.554],[-0.9893,52.5524],[-0.9997,52.5493],[-1.0095,52.5409],[-1.0095,52.5382],[-1.0185,52.5324],[-1.0259,52.5302],[-1.0335,52.5217],[-1.0445,52.5232],[-1.0497,52.5196],[-1.0609,52.517],[-1.0596,52.5073],[-1.0648,52.5026],[-1.0708,52.5013],[-1.0723,52.4966],[-1.0702,52.491],[-1.0644,52.4892],[-1.066,52.4842],[-1.0735,52.4775],[-1.0654,52.4757],[-1.0611,52.4698],[-1.0678,52.4672],[-1.0635,52.4595],[-1.0666,52.4532],[-1.0533,52.4387],[-1.0478,52.4373],[-1.0217,52.4371],[-1.0045,52.4361],[-0.9986,52.4333],[-0.9869,52.4337],[-0.9816,52.4386],[-0.9677,52.4376],[-0.9595,52.4402],[-0.9534,52.4496],[-0.9386,52.4526],[-0.9269,52.4489],[-0.9215,52.4443],[-0.9065,52.442],[-0.894,52.4418],[-0.8801,52.4395],[-0.875,52.4367],[-0.8611,52.4348],[-0.8492,52.4401],[-0.841,52.4413],[-0.8202,52.4494],[-0.8209,52.4528],[-0.8318,52.4579],[-0.8222,52.4596],[-0.8161,52.4654],[-0.816,52.469],[-0.7962,52.4679],[-0.7961,52.4701],[-0.7745,52.4807],[-0.7707,52.4856],[-0.755,52.4913],[-0.7445,52.4983],[-0.7283,52.4982],[-0.7289,52.5036],[-0.7147,52.5106],[-0.7109,52.5146],[-0.7058,52.5145],[-0.6998,52.5181],[-0.6865,52.5179],[-0.6856,52.522],[-0.6783,52.5223],[-0.6781,52.5264],[-0.6611,52.5298],[-0.652,52.5373],[-0.6432,52.5368],[-0.6269,52.5402],[-0.6224,52.5397],[-0.6135,52.5441],[-0.5928,52.5434],[-0.5832,52.5455],[-0.5756,52.5522],[-0.5671,52.5628],[-0.5596,52.5673],[-0.5478,52.5685],[-0.5388,52.5733],[-0.537,52.5809],[-0.5311,52.5826],[-0.5272,52.5889],[-0.527,52.5952],[-0.5217,52.5965],[-0.5208,52.6025],[-0.525,52.6086],[-0.5262,52.6163],[-0.5193,52.6238],[-0.5115,52.626],[-0.5027,52.6236],[-0.4993,52.6254],[-0.4816,52.6252],[-0.4778,52.6292],[-0.4697,52.6295],[-0.4659,52.6322],[-0.4356,52.6309],[-0.4271,52.6209],[-0.4132,52.6178],[-0.4056,52.6143],[-0.3993,52.6151],[-0.389,52.6132],[-0.3847,52.6102],[-0.3758,52.6114],[-0.3701,52.6057],[-0.3702,52.6012],[-0.3623,52.5966],[-0.3404,52.5905],[-0.3331,52.5872],[-0.3214,52.5848],[-0.3187,52.5866],[-0.3081,52.5855],[-0.306,52.5832],[-0.2816,52.5829],[-0.2734,52.5841],[-0.2643,52.5916],[-0.223,52.591],[-0.2164,52.5891],[-0.2101,52.5985],[-0.1995,52.6055],[-0.1979,52.6086],[-0.2081,52.6115],[-0.2168,52.6156],[-0.2368,52.6137],[-0.2478,52.6165],[-0.2528,52.6202],[-0.2623,52.6226],[-0.2615,52.6257],[-0.2707,52.6344],[-0.2677,52.6368],[-0.2681,52.6456],[-0.2504,52.644],[-0.2402,52.6407],[-0.225,52.6414],[-0.186,52.6363],[-0.1818,52.641],[-0.1776,52.6539],[-0.1781,52.6578],[-0.1697,52.6659],[-0.1679,52.6715],[-0.1589,52.6763],[-0.1576,52.679],[-0.1652,52.6832],[-0.1641,52.6922],[-0.1598,52.6975],[-0.1638,52.6996],[-0.1614,52.7038],[-0.154,52.7037],[-0.1493,52.7095],[-0.1435,52.708],[-0.14,52.7021],[-0.1333,52.7043],[-0.136,52.7187],[-0.1258,52.7244],[-0.1239,52.7331],[-0.125,52.7428],[-0.1278,52.7469],[-0.137,52.747],[-0.1467,52.7535],[-0.1502,52.7594],[-0.1514,52.7661],[-0.1349,52.7704],[-0.1347,52.7758],[-0.1231,52.7783],[-0.1161,52.7755],[-0.112,52.7772],[-0.1107,52.7826],[-0.1137,52.7903],[-0.1113,52.8008],[-0.103,52.804],[-0.0973,52.8172],[-0.0908,52.82],[-0.0804,52.8136],[-0.0918,52.807],[-0.0936,52.7989],[-0.0881,52.7975],[-0.0844,52.8071],[-0.0745,52.8117],[-0.0654,52.8259],[-0.0581,52.8307],[-0.0494,52.8261],[-0.0419,52.8269],[-0.0291,52.8307],[-0.0276,52.8248],[-0.0325,52.8218],[-0.0335,52.8173],[-0.0402,52.8156],[-0.0442,52.8085],[-0.0517,52.8081],[-0.052,52.801],[-0.0493,52.7948],[-0.0526,52.7886],[-0.0534,52.7695],[-0.0423,52.7684],[-0.031,52.7727],[-0.0344,52.7798],[-0.027,52.779],[-0.0126,52.7702],[0.0053,52.7728],[0.0056,52.7798],[0.017,52.785],[0.0259,52.7844],[0.0263,52.7929],[0.0197,52.7962],[0.0298,52.8054],[0.0389,52.8089],[0.0658,52.8142],[0.0762,52.8136],[0.0827,52.8108],[0.0964,52.8182],[0.1039,52.819],[0.1102,52.8274],[0.1246,52.8319],[0.1361,52.8404],[0.1414,52.8426],[0.1548,52.8423],[0.1543,52.848],[0.1582,52.8508],[0.1729,52.8492],[0.1793,52.85],[0.1961,52.8479]]]},"properties":{"HA_NUM":31,"HA_NAME":"Welland"}},
{"type":"Feature","geometry":{"type":"Polygon","coordinates":[[[0.1961,52.8479],[0.1793,52.85],[0.1729,52.8492],[0.1582,52.8508],[0.1543,52.848],[0.1548,52.8423],[0.1414,52.8426],[0.1361,52.8404],[0.1246,52.8319],[0.1102,52.8274],[0.1039,52.819],[0.0964,52.8182],[0.0827,52.8108],[0.0762,52.8136],[0.0658,52.8142],[0.0389,52.8089],[0.0298,52.8054],[0.0197,52.7962],[0.0263,52.7929],[0.0259,52.7844],[0.017,52.785],[0.0056,52.7798],[0.0053,52.7728],[-0.0126,52.7702],[-0.027,52.779],[-0.0344,52.7798],[-0.031,52.7727],[-0.0423,52.7684],[-0.0534,52.7695],[-0.0526,52.7886],[-0.0493,52.7948],[-0.052,52.801],[-0.0517,52.8081],[-0.0442,52.8085],[-0.0402,52.8156],[-0.0335,52.8173],[-0.0325,52.8218],[-0.0276,52.8248],[-0.0291,52.8307],[-0.0419,52.8269],[-0.0494,52.8261],[-0.0581,52.8307],[-0.0654,52.8259],[-0.0745,52.8117],[-0.0844,52.8071],[-0.0881,52.7975],[-0.0936,52.7989],[-0.0918,52.807],[-0.0804,52.8136],[-0.0908,52.82],[-0.0973,52.8172],[-0.103,52.804],[-0.1113,52.8008],[-0.1137,52.7903],[-0.1107,52.7826],[-0.112,52.7772],[-0.1161,52.7755],[-0.1231,52.7783],[-0.1347,52.7758],[-0.1349,52.7704],[-0.1514,52.7661],[-0.1502,52.7594],[-0.1467,52.7535],[-0.137,52.747],[-0.1278,52.7469],[-0.125,52.7428],[-0.1239,52.7331],[-0.1258,52.7244],[-0.136,52.7187],[-0.1333,52.7043],[-0.14,52.7021],[-0.1435,52.708],[-0.1493,52.7095],[-0.154,52.7037],[-0.1614,52.7038],[-0.1638,52.6996],[-0.1598,52.6975],[-0.1641,52.6922],[-0.1652,52.6832],[-0.1576,52.679],[-0.1589,52.6763],[-0.1679,52.6715],[-0.1697,52.6659],[-0.1781,52.6578],[-0.1776,52.6539],[-0.1818,52.641],[-0.186,52.6363],[-0.225,52.6414],[-0.2402,52.6407],[-0.2504,52.644],[-0.2681,52.6456],[-0.2677,52.6368],[-0.2707,52.6344],[-0.2615,52.6257],[-0.2623,52.6226],[-0.2528,52.6202],[-0.2478,52.6165],[-0.2368,52.6137],[-0.2168,52.6156],[-0.2081,52.6115],[-0.1979,52.6086],[-0.1995,52.6055],[-0.2101,52.5985],[-0.2164,52.5891],[-0.223,52.591],[-0.2643,52.5916],[-0.2734,52.5841],[-0.2816,52.5829],[-0.306,52.5832],[-0.3081,52.5855],[-0.3187,52.5866],[-0.3214,52.5848],[-0.3331,52.5872],[-0.3404,52.5905],[-0.3623,52.5966],[-0.3702,52.6012],[-0.3701,52.6057],[-0.3758,52.6114],[-0.3847,52.6102],[-0.389,52.6132],[-0.3993,52.6151],[-0.4056,52.6143],[-0.4132,52.6178],[-0.4271,52.6209],[-0.4356,52.6309],[-0.4659,52.6322],[-0.4697,52.6295],[-0.4778,52.6292],[-0.4816,52.6252],[-0.4993,52.6254],[-0.5027,52.6236],[-0.5115,52.626],[-0.5193,52.6238],[-0.5262,52.6163],[-0.525,52.6086],[-0.5208,52.6025],[-0.5217,52.5965],[-0.527,52.5952],[-0.5272,52.5889],[-0.5311,52.5826],[-0.537,52.5809],[-0.5388,52.5733],[-0.5478,52.5685],[-0.5596,52.5673],[-0.5671,52.5628],[-0.5756,52.5522],[-0.5832,52.5455],[-0.5928,52.5434],[-0.6135,52.5441],[-0.6224,52.5397],[-0.6269,52.5402],[-0.6432,52.5368],[-0.652,52.5373],[-0.6611,52.5298],[-0.6781,52.5264],[-0.6783,52.5223],[-0.6856,52.522],[-0.6865,52.5179],[-0.6998,52.5181],[-0.7058,52.5145],[-0.7109,52.5146],[-0.7147,52.5106],[-0.7289,52.5036],[-0.7283,52.4982],[-0.7445,52.4983],[-0.755,52.4913],[-0.7707,52.4856],[-0.7745,52.4807],[-0.7961,52.4701],[-0.7962,52.4679],[-0.816,52.469],[-0.8161,52.4654],[-0.8222,52.4596],[-0.8318,52.4579],[-0.8209,52.4528],[-0.8202,52.4494],[-0.841,52.4413],[-0.8492,52.4401],[-0.8611,52.4348],[-0.875,52.4367],[-0.8801,52.4395],[-0.894,52.4418],[-0.9065,52.442],[-0.9215,52.4443],[-0.9269,52.4489],[-0.9386,52.4526],[-0.9534,52.4496],[-0.9595,52.4402],[-0.9677,52.4376],[-0.9816,52.4386],[-0.9869,52.4337],[-0.9899,52.4319],[-0.9878,52.4258],[-0.9895,52.413],[-1.0013,52.4113],[-0.9971,52.4063],[-0.9809,52.404],[-0.9834,52.3941],[-0.993,52.3888],[-1.0175,52.3813],[-1.0227,52.3778],[-1.0293,52.3774],[-1.0409,52.382],[-1.0483,52.3811],[-1.0463,52.3744],[-1.0508,52.3677],[-1.0532,52.3605],[-1.0474,52.3571],[-1.0511,52.3528],[-1.063,52.3462],[-1.0675,52.3404],[-1.0922,52.3527],[-1.1003,52.3519],[-1.1041,52.3465],[-1.1093,52.3443],[-1.1101,52.3398],[-1.1241,52.3395],[-1.1336,52.3409],[-1.1447,52.3333],[-1.1514,52.332],[-1.166,52.333],[-1.1786,52.3259],[-1.189,52.322],[-1.1992,52.3225],[-1.2008,52.3171],[-1.1957,52.3153],[-1.1907,52.3094],[-1.1747,52.3007],[-1.1722,52.2949],[-1.1668,52.2919],[-1.1684,52.2859],[-1.1765,52.2796],[-1.1899,52.273],[-1.1857,52.2608],[-1.1879,52.2595],[-1.1889,52.2473],[-1.1925,52.246],[-1.2064,52.247],[-1.2139,52.2412],[-1.2199,52.2327],[-1.2192,52.228],[-1.2135,52.2228],[-1.2114,52.2142],[-1.2116,52.2066],[-1.1989,52.1993],[-1.1882,52.2006],[-1.1906,52.1934],[-1.179,52.1875],[-1.1695,52.1856],[-1.1527,52.185],[-1.1484,52.1823],[-1.1396,52.1827],[-1.1307,52.1858],[-1.1198,52.1844],[-1.1169,52.1807],[-1.0972,52.1783],[-1.0877,52.1792],[-1.0761,52.1773],[-1.0673,52.1777],[-1.0601,52.1727],[-1.0513,52.173],[-1.0447,52.1712],[-1.0338,52.172],[-1.0273,52.1686],[-1.0054,52.1668],[-0.9994,52.1731],[-0.9907,52.1707],[-0.9774,52.1738],[-0.9753,52.171],[-0.9624,52.1615],[-0.9566,52.1596],[-0.9537,52.1551],[-0.9377,52.1545],[-0.9236,52.1607],[-0.9191,52.1652],[-0.9077,52.1686],[-0.903,52.1664],[-0.8928,52.1654],[-0.8796,52.1661],[-0.8658,52.1642],[-0.8586,52.1596],[-0.8505,52.1605],[-0.8401,52.1532],[-0.8186,52.1534],[-0.8148,52.157],[-0.8067,52.16],[-0.7928,52.1608],[-0.7854,52.1652],[-0.7766,52.166],[-0.7567,52.1716],[-0.7565,52.1766],[-0.747,52.1765],[-0.7433,52.18],[-0.7352,52.18],[-0.7219,52.187],[-0.7203,52.191],[-0.7027,52.1917],[-0.6945,52.1966],[-0.6842,52.1983],[-0.6665,52.2044],[-0.6627,52.2097],[-0.6515,52.215],[-0.6417,52.2243],[-0.6409,52.227],[-0.6131,52.2285],[-0.6078,52.2343],[-0.6026,52.2338],[-0.5944,52.2409],[-0.5854,52.2466],[-0.5814,52.2573],[-0.5762,52.2604],[-0.5803,52.2686],[-0.5744,52.2685],[-0.5633,52.2728],[-0.5624,52.278],[-0.5565,52.2791],[-0.5452,52.2893],[-0.54,52.2905],[-0.5316,52.3008],[-0.5307,52.3053],[-0.5241,52.3065],[-0.5237,52.3182],[-0.5163,52.3213],[-0.5087,52.3275],[-0.5144,52.3343],[-0.5135,52.3392],[-0.5082,52.3421],[-0.5079,52.3504],[-0.4981,52.3595],[-0.5001,52.3656],[-0.4889,52.3699],[-0.4601,52.3745],[-0.4482,52.3806],[-0.4459,52.3833],[-0.4333,52.3845],[-0.4287,52.3898],[-0.4254,52.4001],[-0.4317,52.4083],[-0.4301,52.4332],[-0.4263,52.437],[-0.426,52.446],[-0.4186,52.4481],[-0.4039,52.4569],[-0.3973,52.4654],[-0.3972,52.4681],[-0.3795,52.4692],[-0.3767,52.4673],[-0.3615,52.4689],[-0.3458,52.4669],[-0.3412,52.4713],[-0.3463,52.4903],[-0.3462,52.4952],[-0.3417,52.4974],[-0.3269,52.4977],[-0.3228,52.4994],[-0.3099,52.4997],[-0.3045,52.5059],[-0.2928,52.5048],[-0.2911,52.5093],[-0.2856,52.5092],[-0.2843,52.5141],[-0.2703,52.5139],[-0.2626,52.5224],[-0.2351,52.5287],[-0.2275,52.5344],[-0.231,52.5385],[-0.2265,52.5407],[-0.2262,52.5474],[-0.2156,52.5536],[-0.2191,52.5604],[-0.2057,52.5611],[-0.199,52.5637],[-0.1834,52.5652],[-0.1658,52.5641],[-0.1517,52.5652],[-0.106,52.5649],[-0.1063,52.5573],[-0.0909,52.5566],[-0.0781,52.5627],[-0.0749,52.5682],[-0.0665,52.5742],[-0.0488,52.5739],[-0.045,52.577],[-0.0274,52.5825],[-0.0166,52.5846],[-0.005,52.5884],[0.0028,52.5892],[0.0305,52.5964],[0.0461,52.5992],[0.0569,52.5923],[0.0658,52.5935],[0.0659,52.5886],[0.0925,52.5822],[0.1038,52.578],[0.1131,52.5796],[0.1133,52.5841],[0.1261,52.5902],[0.1264,52.5951],[0.1391,52.5981],[0.155,52.6072],[0.1552,52.6117],[0.1689,52.6191],[0.1828,52.6164],[0.1889,52.6196],[0.1985,52.6199],[0.208,52.617],[0.2106,52.6251],[0.1903,52.6326],[0.1862,52.6395],[0.1812,52.6427],[0.1752,52.6424],[0.1669,52.6528],[0.1678,52.6573],[0.1624,52.6592],[0.1634,52.6641],[0.1547,52.6755],[0.1562,52.6913],[0.1667,52.6933],[0.1647,52.6994],[0.1651,52.7064],[0.1713,52.7121],[0.1793,52.7097],[0.1797,52.7182],[0.1879,52.719],[0.1911,52.7234],[0.2041,52.7236],[0.2144,52.7304],[0.2117,52.7361],[0.2214,52.7373],[0.2284,52.7432],[0.2388,52.7446],[0.2384,52.7497],[0.2437,52.7535],[0.2489,52.7525],[0.2565,52.7561],[0.2569,52.7647],[0.2643,52.7706],[0.2801,52.7694],[0.2848,52.7736],[0.2974,52.7727],[0.2932,52.7786],[0.2958,52.7857],[0.3088,52.7918],[0.3128,52.7984],[0.3101,52.8025],[0.3142,52.8101],[0.3253,52.8099],[0.3278,52.8143],[0.3161,52.8163],[0.3022,52.8153],[0.2957,52.8169],[0.2702,52.8115],[0.2615,52.8112],[0.2381,52.8165],[0.2211,52.8184],[0.2152,52.8167],[0.2133,52.8266],[0.1968,52.8404],[0.1961,52.8479]]]},"properties":{"HA_NUM":32,"HA_NAME":"Nene"}},
{"type":"Feature","geometry":{"type":"Polygon","coordinates":[[[0.9633,52.2606],[0.9714,52.2622],[0.9676,52.2704],[0.9675,52.2807],[0.9656,52.2839],[0.9825,52.2844],[0.983,52.2925],[0.9906,52.2959],[0.9984,52.3033],[0.9957,52.3074],[1.0097,52.3075],[1.023,52.3148],[1.033,52.3159],[1.0402,52.3144],[1.0395,52.3247],[1.0463,52.3277],[1.0467,52.3345],[1.0577,52.3436],[1.0519,52.3451],[1.0476,52.352],[1.0399,52.3526],[1.0317,52.356],[1.0061,52.3571],[1.0018,52.3648],[1.0037,52.3706],[0.9942,52.3709],[0.9944,52.3751],[0.9869,52.3832],[0.9747,52.3871],[0.9781,52.3942],[0.9886,52.3973],[0.9859,52.4017],[0.9892,52.4056],[0.9899,52.4159],[1.0093,52.4204],[1.0276,52.419],[1.0359,52.4224],[1.0549,52.421],[1.0589,52.4254],[1.0592,52.4398],[1.0625,52.4451],[1.0728,52.4448],[1.078,52.4465],[1.0806,52.4518],[1.0954,52.4631],[1.0934,52.4666],[1.0978,52.4772],[1.091,52.4844],[1.0924,52.5044],[1.0791,52.5153],[1.0824,52.5195],[1.077,52.5266],[1.0766,52.532],[1.0715,52.5371],[1.0588,52.541],[1.0577,52.546],[1.0525,52.5461],[1.0381,52.551],[1.0287,52.553],[1.0154,52.5538],[1.0083,52.5567],[1.0004,52.5546],[0.9935,52.557],[0.9837,52.564],[0.9699,52.568],[0.9688,52.573],[0.9614,52.5731],[0.9524,52.5819],[0.9412,52.5795],[0.9208,52.584],[0.9146,52.59],[0.9043,52.591],[0.8925,52.5973],[0.8848,52.598],[0.8747,52.6063],[0.8678,52.6083],[0.8651,52.6124],[0.8556,52.6135],[0.8454,52.6165],[0.8315,52.619],[0.8311,52.6244],[0.8351,52.6288],[0.8544,52.6293],[0.8634,52.6318],[0.8752,52.6315],[0.8872,52.6339],[0.894,52.6369],[0.8944,52.6427],[0.8888,52.6478],[0.884,52.6479],[0.8752,52.6544],[0.8579,52.6544],[0.8473,52.6569],[0.8362,52.6571],[0.826,52.6592],[0.8227,52.6647],[0.8155,52.6682],[0.795,52.6712],[0.7784,52.6787],[0.7751,52.6842],[0.7919,52.6919],[0.8014,52.6908],[0.8164,52.694],[0.8304,52.6991],[0.8398,52.7002],[0.8452,52.7041],[0.8447,52.7082],[0.8389,52.7097],[0.8445,52.7156],[0.8412,52.7218],[0.8452,52.7271],[0.8457,52.7347],[0.8357,52.7408],[0.8338,52.7458],[0.8259,52.7491],[0.8188,52.7545],[0.7996,52.7605],[0.7915,52.7612],[0.7836,52.7591],[0.7758,52.7597],[0.7716,52.7571],[0.7591,52.7597],[0.7324,52.7585],[0.6994,52.7593],[0.6912,52.7639],[0.6787,52.7656],[0.676,52.7643],[0.6646,52.7659],[0.6575,52.7696],[0.6479,52.7717],[0.6544,52.7796],[0.6684,52.7793],[0.6819,52.7812],[0.6865,52.7845],[0.6925,52.7967],[0.68,52.7979],[0.6728,52.7963],[0.6625,52.8037],[0.6539,52.8079],[0.6618,52.8163],[0.6607,52.8235],[0.6661,52.8266],[0.6619,52.8298],[0.6641,52.8423],[0.6525,52.8462],[0.6499,52.8519],[0.6525,52.8588],[0.6478,52.8668],[0.6492,52.8773],[0.6441,52.8801],[0.6418,52.8909],[0.6282,52.8926],[0.6236,52.8967],[0.6277,52.9034],[0.6352,52.9046],[0.646,52.9102],[0.6517,52.9181],[0.6555,52.9203],[0.6582,52.927],[0.6487,52.9308],[0.6491,52.9375],[0.6566,52.9387],[0.6541,52.9455],[0.6484,52.9497],[0.6281,52.9465],[0.611,52.9474],[0.6041,52.9502],[0.5845,52.9457],[0.5596,52.9462],[0.5537,52.9473],[0.5454,52.9456],[0.5253,52.933],[0.497,52.9323],[0.4954,52.9433],[0.4886,52.946],[0.4771,52.926],[0.4762,52.9197],[0.4715,52.9072],[0.4629,52.8941],[0.4523,52.8837],[0.4456,52.874],[0.444,52.8676],[0.4464,52.8585],[0.445,52.851],[0.4403,52.8445],[0.4319,52.8457],[0.4255,52.8396],[0.4175,52.8379],[0.407,52.8325],[0.3939,52.8303],[0.3929,52.8254],[0.3823,52.8207],[0.3756,52.8135],[0.3761,52.8069],[0.3668,52.7971],[0.391,52.7593],[0.3883,52.759],[0.3736,52.7812],[0.366,52.7913],[0.3577,52.7989],[0.3505,52.8033],[0.3368,52.8075],[0.3278,52.8143],[0.3253,52.8099],[0.3142,52.8101],[0.3101,52.8025],[0.3128,52.7984],[0.3088,52.7918],[0.2958,52.7857],[0.2932,52.7786],[0.2974,52.7727],[0.2848,52.7736],[0.2801,52.7694],[0.2643,52.7706],[0.2569,52.7647],[0.2565,52.7561],[0.2489,52.7525],[0.2437,52.7535],[0.2384,52.7497],[0.2388,52.7446],[0.2284,52.7432],[0.2214,52.7373],[0.2117,52.7361],[0.2144,52.7304],[0.2041,52.7236],[0.1911,52.7234],[0.1879,52.719],[0.1797,52.7182],[0.1793,52.7097],[0.1713,52.7121],[0.1651,52.7064],[0.1647,52.6994],[0.1667,52.6933],[0.1562,52.6913],[0.1547,52.6755],[0.1634,52.6641],[0.1624,52.6592],[0.1678,52.6573],[0.1669,52.6528],[0.1752,52.6424],[0.1812,52.6427],[0.1862,52.6395],[0.1903,52.6326],[0.2106,52.6251],[0.208,52.617],[0.1985,52.6199],[0.1889,52.6196],[0.1828,52.6164],[0.1689,52.6191],[0.1552,52.6117],[0.155,52.6072],[0.1391,52.5981],[0.1264,52.5951],[0.1261,52.5902],[0.1133,52.5841],[0.1131,52.5796],[0.1038,52.578],[0.0925,52.5822],[0.0659,52.5886],[0.0658,52.5935],[0.0569,52.5923],[0.0461,52.5992],[0.0305,52.5964],[0.0028,52.5892],[-0.005,52.5884],[-0.0166,52.5846],[-0.0274,52.5825],[-0.045,52.577],[-0.0488,52.5739],[-0.0665,52.5742],[-0.0749,52.5682],[-0.0781,52.5627],[-0.0909,52.5566],[-0.1063,52.5573],[-0.106,52.5649],[-0.1517,52.5652],[-0.1658,52.5641],[-0.1834,52.5652],[-0.199,52.5637],[-0.2057,52.5611],[-0.2191,52.5604],[-0.2156,52.5536],[-0.2262,52.5474],[-0.2265,52.5407],[-0.231,52.5385],[-0.2275,52.5344],[-0.2351,52.5287],[-0.2626,52.5224],[-0.2703,52.5139],[-0.2843,52.5141],[-0.2856,52.5092],[-0.2911,52.5093],[-0.2928,52.5048],[-0.3045,52.5059],[-0.3099,52.4997],[-0.3228,52.4994],[-0.3269,52.4977],[-0.3417,52.4974],[-0.3462,52.4952],[-0.3463,52.4903],[-0.3412,52.4713],[-0.3458,52.4669],[-0.3615,52.4689],[-0.3767,52.4673],[-0.3795,52.4692],[-0.3972,52.4681],[-0.3973,52.4654],[-0.4039,52.4569],[-0.4186,52.4481],[-0.426,52.446],[-0.4263,52.437],[-0.4301,52.4332],[-0.4317,52.4083],[-0.4254,52.4001],[-0.4287,52.3898],[-0.4333,52.3845],[-0.4459,52.3833],[-0.4482,52.3806],[-0.4601,52.3745],[-0.4889,52.3699],[-0.5001,52.3656],[-0.4981,52.3595],[-0.5079,52.3504],[-0.5082,52.3421],[-0.5135,52.3392],[-0.5144,52.3343],[-0.5087,52.3275],[-0.5163,52.3213],[-0.5237,52.3182],[-0.5241,52.3065],[-0.5307,52.3053],[-0.5316,52.3008],[-0.54,52.2905],[-0.5452,52.2893],[-0.5565,52.2791],[-0.5624,52.278],[-0.5633,52.2728],[-0.5744,52.2685],[-0.5803,52.2686],[-0.5762,52.2604],[-0.5814,52.2573],[-0.5854,52.2466],[-0.5944,52.2409],[-0.6026,52.2338],[-0.6078,52.2343],[-0.6131,52.2285],[-0.6409,52.227],[-0.6417,52.2243],[-0.6515,52.215],[-0.6627,52.2097],[-0.6665,52.2044],[-0.6842,52.1983],[-0.6945,52.1966],[-0.7027,52.1917],[-0.7203,52.191],[-0.7219,52.187],[-0.7352,52.18],[-0.7433,52.18],[-0.747,52.1765],[-0.7565,52.1766],[-0.7567,52.1716],[-0.7766,52.166],[-0.7854,52.1652],[-0.7928,52.1608],[-0.8067,52.16],[-0.8148,52.157],[-0.8186,52.1534],[-0.8401,52.1532],[-0.8505,52.1605],[-0.8586,52.1596],[-0.8658,52.1642],[-0.8796,52.1661],[-0.8928,52.1654],[-0.903,52.1664],[-0.9077,52.1686],[-0.9191,52.1652],[-0.9236,52.1607],[-0.9377,52.1545],[-0.9537,52.1551],[-0.9566,52.1596],[-0.9624,52.1615],[-0.9753,52.171],[-0.9774,52.1738],[-0.9907,52.1707],[-0.9994,52.1731],[-1.0054,52.1668],[-1.0273,52.1686],[-1.0338,52.172],[-1.0447,52.1712],[-1.0513,52.173],[-1.0601,52.1727],[-1.0673,52.1777],[-1.0761,52.1773],[-1.0877,52.1792],[-1.0972,52.1783],[-1.1169,52.1807],[-1.1198,52.1844],[-1.1307,52.1858],[-1.1396,52.1827],[-1.1484,52.1823],[-1.1527,52.185],[-1.1695,52.1856],[-1.1704,52.1791],[-1.1748,52.1744],[-1.1735,52.1654],[-1.1669,52.1672],[-1.1428,52.1652],[-1.1356,52.1602],[-1.135,52.1561],[-1.1277,52.1529],[-1.1322,52.1487],[-1.1317,52.1386],[-1.1464,52.1302],[-1.1465,52.1248],[-1.1546,52.1212],[-1.1674,52.1227],[-1.1758,52.1209],[-1.1934,52.1192],[-1.1993,52.1141],[-1.1972,52.1116],[-1.2002,52.1042],[-1.2004,52.095],[-1.2056,52.091],[-1.1983,52.0869],[-1.1957,52.0739],[-1.1979,52.068],[-1.2075,52.0654],[-1.2141,52.06],[-1.2113,52.0555],[-1.2208,52.0533],[-1.2213,52.0435],[-1.2101,52.0389],[-1.2095,52.0321],[-1.2147,52.027],[-1.21,52.0232],[-1.1915,52.021],[-1.1873,52.014],[-1.1647,52.0121],[-1.1604,52.0071],[-1.162,52.0033],[-1.154,51.9985],[-1.1585,51.9931],[-1.1636,51.9927],[-1.1739,51.986],[-1.1755,51.9807],[-1.1857,51.9789],[-1.1894,51.974],[-1.1942,51.9731],[-1.2138,51.9728],[-1.2331,51.9734],[-1.2383,51.9667],[-1.2449,51.9667],[-1.2617,51.9623],[-1.2691,51.953],[-1.2616,51.9462],[-1.2627,51.9426],[-1.2472,51.9384],[-1.2337,51.9388],[-1.2198,51.9419],[-1.2104,51.94],[-1.2059,51.9463],[-1.1827,51.9456],[-1.1608,51.9464],[-1.1521,51.9445],[-1.147,51.9476],[-1.1375,51.9476],[-1.128,51.9529],[-1.1214,51.9524],[-1.1164,51.9488],[-1.1158,51.9438],[-1.1111,51.9433],[-1.1043,51.9379],[-1.0817,51.937],[-1.0762,51.9215],[-1.0595,51.9213],[-1.0432,51.9185],[-1.0407,51.9162],[-1.0276,51.9179],[-1.0163,51.9169],[-1.014,51.9084],[-1.006,51.9061],[-1,51.9182],[-0.992,51.9172],[-0.9863,51.9126],[-0.9747,51.9107],[-0.9645,51.9125],[-0.96,51.9151],[-0.9528,51.9124],[-0.9472,51.906],[-0.9488,51.8975],[-0.9463,51.8961],[-0.9285,51.8951],[-0.9232,51.8919],[-0.9155,51.8927],[-0.9113,51.8855],[-0.9012,51.8847],[-0.8895,51.8857],[-0.8838,51.8811],[-0.8759,51.8788],[-0.8678,51.8832],[-0.862,51.8841],[-0.8482,51.8826],[-0.8393,51.8906],[-0.8246,51.8977],[-0.8185,51.9052],[-0.812,51.9052],[-0.8031,51.9123],[-0.8036,51.9222],[-0.794,51.9275],[-0.7939,51.9311],[-0.7865,51.9341],[-0.7734,51.936],[-0.7647,51.9326],[-0.757,51.9226],[-0.755,51.9149],[-0.7507,51.9131],[-0.7509,51.9063],[-0.7547,51.9023],[-0.7597,51.9033],[-0.7679,51.8975],[-0.7737,51.8976],[-0.7812,51.8887],[-0.7806,51.8837],[-0.7756,51.881],[-0.7729,51.8747],[-0.7579,51.8651],[-0.7361,51.8648],[-0.7273,51.8683],[-0.7215,51.8656],[-0.7078,51.8654],[-0.6844,51.8688],[-0.6831,51.8638],[-0.6774,51.8617],[-0.6746,51.857],[-0.6624,51.8537],[-0.6645,51.8438],[-0.6576,51.8437],[-0.6519,51.8401],[-0.6464,51.8281],[-0.6422,51.8242],[-0.6424,51.8184],[-0.6228,51.8181],[-0.6197,51.8226],[-0.6102,51.8279],[-0.6021,51.8287],[-0.6008,51.8255],[-0.5899,51.8263],[-0.5868,51.833],[-0.5798,51.8352],[-0.5691,51.8409],[-0.5586,51.8403],[-0.5509,51.842],[-0.5499,51.8501],[-0.5364,51.8648],[-0.5348,51.8697],[-0.5381,51.8805],[-0.5494,51.8896],[-0.5486,51.8932],[-0.5389,51.8994],[-0.5396,51.9012],[-0.5228,51.9032],[-0.5205,51.9073],[-0.5124,51.9112],[-0.504,51.912],[-0.4962,51.9159],[-0.4938,51.9229],[-0.4849,51.9264],[-0.4839,51.9347],[-0.4809,51.94],[-0.4702,51.9444],[-0.4622,51.9438],[-0.4522,51.9477],[-0.4347,51.948],[-0.4266,51.9519],[-0.42,51.9523],[-0.4107,51.9499],[-0.4102,51.9427],[-0.4067,51.939],[-0.4008,51.9412],[-0.3966,51.9457],[-0.3846,51.9477],[-0.3642,51.9484],[-0.3607,51.9438],[-0.35,51.9387],[-0.3501,51.9351],[-0.3429,51.933],[-0.3402,51.9282],[-0.3293,51.9272],[-0.3279,51.9245],[-0.3171,51.9216],[-0.3093,51.9179],[-0.297,51.9168],[-0.2935,51.9132],[-0.2803,51.9058],[-0.2752,51.8972],[-0.2687,51.8953],[-0.2624,51.8902],[-0.2625,51.8871],[-0.2544,51.8816],[-0.2468,51.8786],[-0.2455,51.8752],[-0.2302,51.8776],[-0.2161,51.8833],[-0.2117,51.8863],[-0.2122,51.8917],[-0.2271,51.8996],[-0.2377,51.9083],[-0.2324,51.9145],[-0.2193,51.9134],[-0.2135,51.9142],[-0.2111,51.9187],[-0.203,51.922],[-0.1982,51.9311],[-0.1856,51.9381],[-0.1776,51.9371],[-0.1702,51.941],[-0.1663,51.9472],[-0.1691,51.9509],[-0.1777,51.9524],[-0.1658,51.9607],[-0.1627,51.9652],[-0.151,51.9663],[-0.1361,51.9751],[-0.1358,51.9805],[-0.1314,51.9831],[-0.1197,51.9825],[-0.1158,51.9797],[-0.1024,51.9799],[-0.0926,51.9879],[-0.0857,51.9864],[-0.0711,51.9956],[-0.0655,52.0077],[-0.0666,52.0151],[-0.0562,52.0197],[-0.0373,52.0189],[-0.0268,52.0106],[-0.0157,52.0131],[-0.006,52.0094],[0.0169,52.0085],[0.0215,52.0067],[0.0306,52.007],[0.0367,52.0122],[0.0447,52.0117],[0.046,52.0089],[0.0539,52.0061],[0.0656,52.0059],[0.0722,52.008],[0.0823,52.0061],[0.0904,52.0073],[0.1035,52.0061],[0.1229,52.0011],[0.1328,51.9957],[0.1341,51.9912],[0.141,51.9848],[0.1546,51.9796],[0.1615,51.9709],[0.1599,51.9689],[0.1727,51.9613],[0.1761,51.9565],[0.175,51.9482],[0.182,51.9444],[0.1912,51.9452],[0.2039,51.944],[0.205,51.9368],[0.2093,51.9358],[0.2132,51.9275],[0.2122,51.9205],[0.2176,51.9137],[0.2323,51.9156],[0.2506,51.933],[0.258,51.9358],[0.2657,51.9433],[0.276,51.9463],[0.2813,51.9502],[0.2822,51.9547],[0.2784,51.9575],[0.2946,51.9688],[0.2883,51.9735],[0.2852,51.9834],[0.2782,51.9907],[0.2778,51.9966],[0.2812,52.0051],[0.2741,52.0088],[0.278,52.015],[0.2877,52.0193],[0.2857,52.0225],[0.2943,52.0277],[0.3076,52.023],[0.3208,52.025],[0.3233,52.0303],[0.3441,52.0385],[0.3501,52.0424],[0.3679,52.0479],[0.3775,52.0504],[0.3858,52.0547],[0.3823,52.0581],[0.3812,52.0647],[0.372,52.0689],[0.3679,52.0744],[0.3704,52.0811],[0.3614,52.0898],[0.3674,52.0924],[0.371,52.1058],[0.3765,52.1129],[0.3685,52.1268],[0.3603,52.1375],[0.3539,52.1412],[0.3578,52.1456],[0.366,52.15],[0.3678,52.1553],[0.3785,52.1641],[0.3767,52.1722],[0.3968,52.1781],[0.3977,52.1813],[0.4045,52.1861],[0.412,52.1886],[0.431,52.1878],[0.4343,52.1828],[0.4394,52.1813],[0.4561,52.1796],[0.4595,52.175],[0.4768,52.1711],[0.4766,52.1675],[0.4893,52.1641],[0.4843,52.1613],[0.4897,52.1519],[0.4843,52.148],[0.4847,52.1412],[0.4979,52.1428],[0.5129,52.1361],[0.5236,52.1436],[0.5226,52.1526],[0.5247,52.1633],[0.5285,52.1655],[0.5311,52.1726],[0.5432,52.1805],[0.5472,52.1871],[0.547,52.1952],[0.5503,52.2023],[0.5643,52.2038],[0.5699,52.1997],[0.575,52.1995],[0.5878,52.1925],[0.5875,52.188],[0.5999,52.1873],[0.6115,52.1848],[0.6204,52.181],[0.6397,52.1864],[0.6495,52.1849],[0.6558,52.1798],[0.6658,52.1759],[0.6727,52.1758],[0.6846,52.1715],[0.6933,52.1645],[0.7031,52.1639],[0.7058,52.1602],[0.7205,52.1612],[0.7288,52.1648],[0.7382,52.1642],[0.7503,52.1709],[0.7575,52.1797],[0.767,52.1804],[0.7849,52.1862],[0.8171,52.1855],[0.8259,52.1862],[0.8522,52.1968],[0.867,52.1991],[0.8787,52.1993],[0.8874,52.2036],[0.8925,52.2084],[0.8998,52.2082],[0.9121,52.2115],[0.9215,52.2162],[0.9195,52.2194],[0.9202,52.2293],[0.9154,52.2348],[0.9158,52.2402],[0.9249,52.2449],[0.9283,52.2522],[0.9271,52.2565],[0.9365,52.2554],[0.9434,52.2597],[0.9633,52.2606]]]},"properties":{"HA_NUM":33,"HA_NAME":"Great Ouse"}},
{"type":"Feature","geometry":{"type":"MultiPolygon","coordinates":[[[[1.6815,52.4893],[1.6815,52.4959],[1.6761,52.4975],[1.6699,52.5037],[1.6589,52.5007],[1.6543,52.5012],[1.6459,52.5075],[1.647,52.514],[1.6318,52.5199],[1.6275,52.5281],[1.5775,52.5568],[1.5934,52.5586],[1.5983,52.5655],[1.6074,52.569],[1.6068,52.5739],[1.6182,52.5735],[1.626,52.576],[1.6301,52.5812],[1.6362,52.5817],[1.6399,52.5882],[1.6448,52.5886],[1.6483,52.5944],[1.6581,52.6035],[1.6639,52.606],[1.6816,52.6083],[1.6928,52.6169],[1.7051,52.6195],[1.7137,52.6181],[1.7156,52.6131],[1.7205,52.6113],[1.7268,52.5996],[1.7264,52.5926],[1.7287,52.59],[1.7348,52.5725],[1.738,52.5739],[1.7371,52.5847],[1.74,52.6152],[1.7438,52.6296],[1.7382,52.6437],[1.729,52.6619],[1.7078,52.6991],[1.6997,52.7189],[1.6838,52.7358],[1.6619,52.7532],[1.6358,52.7711],[1.6131,52.7854],[1.5895,52.7982],[1.5612,52.8119],[1.5423,52.8219],[1.5173,52.8361],[1.4919,52.8474],[1.4669,52.8606],[1.4292,52.8838],[1.4129,52.8913],[1.3527,52.9148],[1.3449,52.9196],[1.3305,52.9234],[1.3018,52.9329],[1.2778,52.937],[1.2506,52.9424],[1.2321,52.9436],[1.2192,52.9455],[1.1762,52.947],[1.1304,52.9506],[1.0655,52.9626],[0.9991,52.9772],[0.9783,52.9803],[0.9721,52.9767],[0.9748,52.972],[0.9862,52.9771],[0.9962,52.977],[1.0005,52.9748],[1.0115,52.9738],[1.0114,52.9715],[1.0236,52.969],[1.0163,52.9632],[1.0175,52.9565],[1.0028,52.9579],[0.9981,52.9562],[0.983,52.9594],[0.9828,52.9636],[0.9691,52.9637],[0.9652,52.9601],[0.9513,52.9637],[0.9278,52.9634],[0.9184,52.9656],[0.9078,52.963],[0.8964,52.9665],[0.8975,52.9695],[0.8795,52.9674],[0.872,52.9681],[0.8638,52.9663],[0.864,52.9618],[0.8751,52.9602],[0.8691,52.9567],[0.8507,52.9582],[0.8505,52.9737],[0.8344,52.9772],[0.8239,52.9763],[0.8177,52.9781],[0.8118,52.9702],[0.7977,52.9764],[0.7913,52.9752],[0.7762,52.9787],[0.7519,52.9773],[0.7552,52.973],[0.7471,52.9654],[0.7373,52.965],[0.7348,52.9673],[0.7517,52.9728],[0.7225,52.9774],[0.7146,52.9767],[0.6956,52.9782],[0.69,52.975],[0.6703,52.9682],[0.672,52.9775],[0.6618,52.978],[0.6292,52.9738],[0.6182,52.9732],[0.5908,52.9764],[0.5862,52.9722],[0.5715,52.9692],[0.5676,52.9746],[0.5622,52.9763],[0.5511,52.9762],[0.5413,52.9746],[0.5213,52.9665],[0.5088,52.9579],[0.4958,52.9522],[0.4886,52.946],[0.4954,52.9433],[0.497,52.9323],[0.5253,52.933],[0.5454,52.9456],[0.5537,52.9473],[0.5596,52.9462],[0.5845,52.9457],[0.6041,52.9502],[0.611,52.9474],[0.6281,52.9465],[0.6484,52.9497],[0.6541,52.9455],[0.6566,52.9387],[0.6491,52.9375],[0.6487,52.9308],[0.6582,52.927],[0.6555,52.9203],[0.6517,52.9181],[0.646,52.9102],[0.6352,52.9046],[0.6277,52.9034],[0.6236,52.8967],[0.6282,52.8926],[0.6418,52.8909],[0.6441,52.8801],[0.6492,52.8773],[0.6478,52.8668],[0.6525,52.8588],[0.6499,52.8519],[0.6525,52.8462],[0.6641,52.8423],[0.6619,52.8298],[0.6661,52.8266],[0.6607,52.8235],[0.6618,52.8163],[0.6539,52.8079],[0.6625,52.8037],[0.6728,52.7963],[0.68,52.7979],[0.6925,52.7967],[0.6865,52.7845],[0.6819,52.7812],[0.6684,52.7793],[0.6544,52.7796],[0.6479,52.7717],[0.6575,52.7696],[0.6646,52.7659],[0.676,52.7643],[0.6787,52.7656],[0.6912,52.7639],[0.6994,52.7593],[0.7324,52.7585],[0.7591,52.7597],[0.7716,52.7571],[0.7758,52.7597],[0.7836,52.7591],[0.7915,52.7612],[0.7996,52.7605],[0.8188,52.7545],[0.8259,52.7491],[0.8338,52.7458],[0.8357,52.7408],[0.8457,52.7347],[0.8452,52.7271],[0.8412,52.7218],[0.8445,52.7156],[0.8389,52.7097],[0.8447,52.7082],[0.8452,52.7041],[0.8398,52.7002],[0.8304,52.6991],[0.8164,52.694],[0.8014,52.6908],[0.7919,52.6919],[0.7751,52.6842],[0.7784,52.6787],[0.795,52.6712],[0.8155,52.6682],[0.8227,52.6647],[0.826,52.6592],[0.8362,52.6571],[0.8473,52.6569],[0.8579,52.6544],[0.8752,52.6544],[0.884,52.6479],[0.8888,52.6478],[0.8944,52.6427],[0.894,52.6369],[0.8872,52.6339],[0.8752,52.6315],[0.8634,52.6318],[0.8544,52.6293],[0.8351,52.6288],[0.8311,52.6244],[0.8315,52.619],[0.8454,52.6165],[0.8556,52.6135],[0.8651,52.6124],[0.8678,52.6083],[0.8747,52.6063],[0.8848,52.598],[0.8925,52.5973],[0.9043,52.591],[0.9146,52.59],[0.9208,52.584],[0.9412,52.5795],[0.9524,52.5819],[0.9614,52.5731],[0.9688,52.573],[0.9699,52.568],[0.9837,52.564],[0.9935,52.557],[1.0004,52.5546],[1.0083,52.5567],[1.0154,52.5538],[1.0287,52.553],[1.0381,52.551],[1.0525,52.5461],[1.0577,52.546],[1.0588,52.541],[1.0715,52.5371],[1.0766,52.532],[1.077,52.5266],[1.0824,52.5195],[1.0791,52.5153],[1.0924,52.5044],[1.091,52.4844],[1.0978,52.4772],[1.0934,52.4666],[1.0954,52.4631],[1.0806,52.4518],[1.078,52.4465],[1.0728,52.4448],[1.0625,52.4451],[1.0592,52.4398],[1.0589,52.4254],[1.0549,52.421],[1.0359,52.4224],[1.0276,52.419],[1.0093,52.4204],[0.9899,52.4159],[0.9892,52.4056],[0.9859,52.4017],[0.9886,52.3973],[0.9781,52.3942],[0.9747,52.3871],[0.9869,52.3832],[0.9944,52.3751],[0.9942,52.3709],[1.0037,52.3706],[1.0018,52.3648],[1.0061,52.3571],[1.0317,52.356],[1.0399,52.3526],[1.0476,52.352],[1.0519,52.3451],[1.0577,52.3436],[1.0467,52.3345],[1.0463,52.3277],[1.0395,52.3247],[1.0402,52.3144],[1.033,52.3159],[1.023,52.3148],[1.0097,52.3075],[0.9957,52.3074],[0.9984,52.3033],[0.9906,52.2959],[0.983,52.2925],[0.9825,52.2844],[0.9656,52.2839],[0.9675,52.2807],[0.9676,52.2704],[0.9714,52.2622],[0.9633,52.2606],[0.9692,52.2555],[0.9782,52.2539],[0.9801,52.2494],[0.9916,52.2459],[0.994,52.2486],[1.0268,52.2464],[1.0419,52.2424],[1.0597,52.2356],[1.0686,52.2359],[1.0704,52.2313],[1.0897,52.2299],[1.094,52.2275],[1.1045,52.2268],[1.112,52.2293],[1.1284,52.2325],[1.1394,52.2335],[1.1452,52.2527],[1.1505,52.2548],[1.153,52.2593],[1.168,52.2638],[1.1813,52.2652],[1.1944,52.2649],[1.2041,52.2673],[1.2098,52.2654],[1.2215,52.2651],[1.2305,52.2675],[1.2375,52.2633],[1.2401,52.2578],[1.2487,52.2553],[1.2513,52.2512],[1.2675,52.2415],[1.2845,52.244],[1.2941,52.2545],[1.2985,52.2548],[1.2941,52.2648],[1.2986,52.2766],[1.2903,52.2825],[1.3012,52.2817],[1.3053,52.2875],[1.3143,52.2895],[1.3226,52.2937],[1.3292,52.2931],[1.3319,52.2993],[1.338,52.3032],[1.3368,52.3068],[1.3485,52.3155],[1.348,52.3191],[1.3563,52.3216],[1.3595,52.3255],[1.3747,52.3318],[1.3802,52.3362],[1.3844,52.3441],[1.3848,52.3491],[1.3775,52.3493],[1.3782,52.3538],[1.3897,52.3548],[1.3886,52.3598],[1.3948,52.3645],[1.3959,52.3694],[1.4049,52.3714],[1.4113,52.369],[1.4233,52.3718],[1.4335,52.3715],[1.4362,52.3773],[1.4563,52.3807],[1.4643,52.3845],[1.478,52.385],[1.4855,52.3871],[1.4873,52.3911],[1.4808,52.3926],[1.4799,52.401],[1.4828,52.4087],[1.491,52.4103],[1.4862,52.4145],[1.4868,52.4226],[1.4979,52.4231],[1.5154,52.4217],[1.5221,52.4229],[1.5354,52.4319],[1.5492,52.4301],[1.5568,52.4331],[1.5634,52.4324],[1.5742,52.4388],[1.5889,52.4393],[1.5909,52.4365],[1.6129,52.4359],[1.6164,52.4331],[1.6299,52.4367],[1.6361,52.4397],[1.6549,52.4445],[1.6574,52.448],[1.6669,52.4477],[1.6709,52.4426],[1.6726,52.4363],[1.6848,52.4323],[1.708,52.4293],[1.7224,52.4289],[1.7295,52.4255],[1.7338,52.4482],[1.7504,52.4726],[1.7389,52.4721],[1.7258,52.4754],[1.717,52.4728],[1.7056,52.4741],[1.7032,52.4707],[1.6909,52.4701],[1.6812,52.4745],[1.6815,52.4893]]],[[[1.7244,52.604],[1.7141,52.6117],[1.7059,52.6083],[1.6961,52.6066],[1.6836,52.6006],[1.6622,52.5977],[1.6505,52.594],[1.6517,52.5873],[1.649,52.585],[1.6494,52.5762],[1.6385,52.5747],[1.6342,52.5721],[1.634,52.561],[1.6257,52.554],[1.609,52.5497],[1.6063,52.5426],[1.6117,52.5402],[1.6201,52.5405],[1.6213,52.5325],[1.6278,52.5286],[1.6287,52.5234],[1.636,52.5184],[1.6479,52.5135],[1.6458,52.5083],[1.6582,52.501],[1.6702,52.5041],[1.6763,52.4979],[1.6826,52.4957],[1.6821,52.4769],[1.7,52.4738],[1.7079,52.476],[1.7153,52.4748],[1.7223,52.4776],[1.7418,52.4732],[1.75,52.4728],[1.7576,52.4766],[1.7626,52.4815],[1.7577,52.4961],[1.7514,52.508],[1.7471,52.519],[1.7418,52.5287],[1.7353,52.5458],[1.7338,52.5525],[1.7321,52.5777],[1.7256,52.592],[1.7244,52.604]]],[[[1.6428,52.5877],[1.6376,52.5821],[1.6273,52.5788],[1.627,52.576],[1.6187,52.5731],[1.6127,52.5749],[1.6073,52.5725],[1.5967,52.5633],[1.5943,52.5588],[1.5793,52.5562],[1.62,52.5331],[1.6198,52.5402],[1.6111,52.5399],[1.6055,52.5448],[1.6091,52.5503],[1.6239,52.5534],[1.6337,52.5618],[1.6327,52.5701],[1.6354,52.574],[1.6446,52.5748],[1.6497,52.5797],[1.6428,52.5877]]],[[[0.6921,52.9876],[0.6725,52.9879],[0.6785,52.9825],[0.6807,52.9773],[0.6904,52.981],[0.7094,52.9792],[0.714,52.9771],[0.7256,52.9781],[0.7334,52.9767],[0.7459,52.978],[0.7445,52.9813],[0.6998,52.9871],[0.6921,52.9876]]],[[[0.8688,52.9793],[0.8624,52.9729],[0.8566,52.9697],[0.8537,52.9595],[0.8633,52.962],[0.8655,52.9684],[0.879,52.9681],[0.8795,52.9763],[0.8688,52.9793]]],[[[0.9979,52.9645],[0.9898,52.9611],[1.0076,52.9569],[1.0129,52.9636],[0.9979,52.9645]]]]},"properties":{"HA_NUM":34,"HA_NAME":"Norfolk Rivers Group"}},
{"type":"Feature","geometry":{"type":"MultiPolygon","coordinates":[[[[1.7295,52.4255],[1.7224,52.4289],[1.708,52.4293],[1.6848,52.4323],[1.6726,52.4363],[1.6709,52.4426],[1.6669,52.4477],[1.6574,52.448],[1.6549,52.4445],[1.6361,52.4397],[1.6299,52.4367],[1.6164,52.4331],[1.6129,52.4359],[1.5909,52.4365],[1.5889,52.4393],[1.5742,52.4388],[1.5634,52.4324],[1.5568,52.4331],[1.5492,52.4301],[1.5354,52.4319],[1.5221,52.4229],[1.5154,52.4217],[1.4979,52.4231],[1.4868,52.4226],[1.4862,52.4145],[1.491,52.4103],[1.4828,52.4087],[1.4799,52.401],[1.4808,52.3926],[1.4873,52.3911],[1.4855,52.3871],[1.478,52.385],[1.4643,52.3845],[1.4563,52.3807],[1.4362,52.3773],[1.4335,52.3715],[1.4233,52.3718],[1.4113,52.369],[1.4049,52.3714],[1.3959,52.3694],[1.3948,52.3645],[1.3886,52.3598],[1.3897,52.3548],[1.3782,52.3538],[1.3775,52.3493],[1.3848,52.3491],[1.3844,52.3441],[1.3802,52.3362],[1.3747,52.3318],[1.3595,52.3255],[1.3563,52.3216],[1.348,52.3191],[1.3485,52.3155],[1.3368,52.3068],[1.338,52.3032],[1.3319,52.2993],[1.3292,52.2931],[1.3226,52.2937],[1.3143,52.2895],[1.3053,52.2875],[1.3012,52.2817],[1.2903,52.2825],[1.2986,52.2766],[1.2941,52.2648],[1.2985,52.2548],[1.2941,52.2545],[1.2845,52.244],[1.2675,52.2415],[1.2513,52.2512],[1.2487,52.2553],[1.2401,52.2578],[1.2375,52.2633],[1.2305,52.2675],[1.2215,52.2651],[1.2098,52.2654],[1.2041,52.2673],[1.1944,52.2649],[1.1813,52.2652],[1.168,52.2638],[1.153,52.2593],[1.1505,52.2548],[1.1452,52.2527],[1.1394,52.2335],[1.1284,52.2325],[1.112,52.2293],[1.1045,52.2268],[1.094,52.2275],[1.0897,52.2299],[1.0704,52.2313],[1.0686,52.2359],[1.0597,52.2356],[1.0419,52.2424],[1.0268,52.2464],[0.994,52.2486],[0.9916,52.2459],[0.9801,52.2494],[0.9782,52.2539],[0.9692,52.2555],[0.9633,52.2606],[0.9434,52.2597],[0.9365,52.2554],[0.9271,52.2565],[0.9283,52.2522],[0.9249,52.2449],[0.9158,52.2402],[0.9154,52.2348],[0.9202,52.2293],[0.9195,52.2194],[0.9215,52.2162],[0.9121,52.2115],[0.8998,52.2082],[0.8925,52.2084],[0.8874,52.2036],[0.8787,52.1993],[0.867,52.1991],[0.8522,52.1968],[0.8259,52.1862],[0.8171,52.1855],[0.8174,52.1796],[0.8267,52.1765],[0.8314,52.1685],[0.8321,52.1577],[0.846,52.1578],[0.8618,52.1642],[0.8706,52.1648],[0.8818,52.1569],[0.8748,52.1508],[0.8866,52.1519],[0.8958,52.1422],[0.9048,52.1393],[0.9269,52.1419],[0.9421,52.1406],[0.9495,52.1305],[0.9566,52.1267],[0.9564,52.1133],[0.9495,52.108],[0.954,52.0994],[0.9644,52.0912],[0.9717,52.0904],[0.9802,52.0861],[0.9776,52.0803],[0.9863,52.0797],[0.9879,52.0709],[0.9921,52.0687],[0.9916,52.0611],[0.9955,52.0543],[0.9999,52.0544],[1.0075,52.047],[1.012,52.0381],[1.0206,52.037],[1.0505,52.0362],[1.06,52.0369],[1.0627,52.0334],[1.0588,52.0304],[1.0607,52.0261],[1.0674,52.0281],[1.0742,52.0266],[1.0834,52.0273],[1.1049,52.0213],[1.1112,52.0184],[1.1192,52.0178],[1.1222,52.0091],[1.1375,52.0087],[1.1413,52.0055],[1.1664,52.0048],[1.175,52.0032],[1.1834,51.9985],[1.1914,51.9979],[1.1939,51.9928],[1.2058,51.9858],[1.2131,51.9851],[1.2143,51.9819],[1.2287,51.9797],[1.2345,51.98],[1.2355,51.9733],[1.2446,51.9681],[1.2605,51.9663],[1.2637,51.9603],[1.2694,51.9593],[1.2721,51.9549],[1.2781,51.9582],[1.2777,51.9619],[1.2718,51.9704],[1.2705,51.9838],[1.2675,51.9873],[1.2479,51.9907],[1.2266,51.9969],[1.211,51.9969],[1.2037,52.0045],[1.1959,52.0067],[1.1877,52.0066],[1.182,52.0088],[1.1653,52.0203],[1.1618,52.0268],[1.1528,52.0335],[1.1533,52.0391],[1.1638,52.0299],[1.1693,52.0306],[1.1739,52.0243],[1.1899,52.0149],[1.1975,52.0157],[1.211,52.0111],[1.2184,52.0058],[1.2311,52.0061],[1.2442,52.0002],[1.2566,51.9965],[1.2711,51.9958],[1.2832,51.9902],[1.2808,51.9816],[1.2809,51.9738],[1.2836,51.968],[1.2901,51.9653],[1.3047,51.9618],[1.3047,51.9563],[1.3171,51.9495],[1.3205,51.9407],[1.3203,51.9336],[1.3423,51.955],[1.3494,51.9591],[1.3695,51.964],[1.3805,51.9745],[1.391,51.982],[1.3887,51.9895],[1.3839,51.9961],[1.3779,52.0001],[1.3682,52.0024],[1.3554,52.0126],[1.3596,52.0177],[1.3563,52.0223],[1.3441,52.0264],[1.3395,52.0329],[1.347,52.039],[1.3466,52.0426],[1.3408,52.0451],[1.3329,52.0513],[1.3341,52.0586],[1.3214,52.0667],[1.3231,52.0703],[1.3176,52.076],[1.3188,52.0807],[1.3288,52.073],[1.3298,52.0689],[1.3435,52.0641],[1.3431,52.053],[1.3519,52.0455],[1.3516,52.038],[1.3444,52.0333],[1.3477,52.0295],[1.3587,52.0266],[1.3652,52.0172],[1.3637,52.011],[1.3668,52.0078],[1.387,52.0007],[1.3944,51.9933],[1.3949,51.9874],[1.409,51.9924],[1.4252,52.001],[1.4348,52.0088],[1.4395,52.0193],[1.4502,52.0313],[1.4542,52.0329],[1.4596,52.0417],[1.46,52.0458],[1.4714,52.0529],[1.4784,52.0596],[1.4941,52.0639],[1.5004,52.0712],[1.5098,52.0694],[1.5176,52.0744],[1.522,52.0801],[1.5267,52.0817],[1.5375,52.0808],[1.536,52.0867],[1.5404,52.0915],[1.5541,52.0929],[1.5668,52.1015],[1.5651,52.1081],[1.5669,52.1124],[1.5775,52.1164],[1.5836,52.122],[1.5892,52.1313],[1.5937,52.1423],[1.5845,52.1403],[1.5744,52.1422],[1.5685,52.1478],[1.5709,52.1548],[1.5675,52.156],[1.5577,52.1538],[1.5524,52.1504],[1.5444,52.1529],[1.5391,52.1572],[1.5248,52.1572],[1.5237,52.1519],[1.5168,52.15],[1.5045,52.1537],[1.5045,52.1583],[1.4992,52.1626],[1.5091,52.1632],[1.5092,52.1599],[1.5189,52.1583],[1.5361,52.165],[1.5521,52.1648],[1.556,52.1586],[1.5634,52.1604],[1.5769,52.1574],[1.5801,52.1527],[1.5714,52.1486],[1.5747,52.1445],[1.5853,52.1424],[1.5925,52.1449],[1.5982,52.1424],[1.5927,52.1294],[1.5864,52.1196],[1.5762,52.1127],[1.5697,52.1111],[1.569,52.1],[1.5536,52.0897],[1.5416,52.0899],[1.5396,52.0883],[1.5421,52.0785],[1.537,52.0745],[1.5161,52.0664],[1.4977,52.0628],[1.4926,52.0587],[1.5244,52.0677],[1.5434,52.0738],[1.5735,52.0823],[1.58,52.0859],[1.5849,52.0932],[1.5897,52.1162],[1.6017,52.1466],[1.6057,52.1603],[1.6102,52.1695],[1.6209,52.1835],[1.6227,52.1922],[1.6238,52.2147],[1.6283,52.2374],[1.6298,52.2635],[1.6317,52.2729],[1.6392,52.2883],[1.6523,52.3012],[1.6708,52.3132],[1.659,52.3234],[1.6517,52.3243],[1.6454,52.3284],[1.6387,52.3301],[1.6299,52.3263],[1.6294,52.3227],[1.6195,52.3192],[1.6171,52.3166],[1.6067,52.316],[1.5979,52.3239],[1.6004,52.3298],[1.6124,52.3266],[1.6343,52.3325],[1.6446,52.3292],[1.653,52.3248],[1.6585,52.3252],[1.661,52.3211],[1.669,52.316],[1.6772,52.3161],[1.6862,52.3317],[1.6946,52.3507],[1.7074,52.3686],[1.7185,52.3816],[1.7297,52.3981],[1.732,52.4107],[1.7289,52.4224],[1.7295,52.4255]]],[[[1.5364,52.0788],[1.5269,52.0804],[1.5177,52.0718],[1.5117,52.0683],[1.5035,52.0694],[1.5019,52.0652],[1.5155,52.0679],[1.537,52.0765],[1.5364,52.0788]]]]},"properties":{"HA_NUM":35,"HA_NAME":"East Suffolk Rivers"}},
{"type":"Feature","geometry":{"type":"Polygon","coordinates":[[[0.8171,52.1855],[0.7849,52.1862],[0.767,52.1804],[0.7575,52.1797],[0.7503,52.1709],[0.7382,52.1642],[0.7288,52.1648],[0.7205,52.1612],[0.7058,52.1602],[0.7031,52.1639],[0.6933,52.1645],[0.6846,52.1715],[0.6727,52.1758],[0.6658,52.1759],[0.6558,52.1798],[0.6495,52.1849],[0.6397,52.1864],[0.6204,52.181],[0.6115,52.1848],[0.5999,52.1873],[0.5875,52.188],[0.5878,52.1925],[0.575,52.1995],[0.5699,52.1997],[0.5643,52.2038],[0.5503,52.2023],[0.547,52.1952],[0.5472,52.1871],[0.5432,52.1805],[0.5311,52.1726],[0.5285,52.1655],[0.5247,52.1633],[0.5226,52.1526],[0.5236,52.1436],[0.5129,52.1361],[0.4979,52.1428],[0.4847,52.1412],[0.4843,52.148],[0.4897,52.1519],[0.4843,52.1613],[0.4893,52.1641],[0.4766,52.1675],[0.4768,52.1711],[0.4595,52.175],[0.4561,52.1796],[0.4394,52.1813],[0.4343,52.1828],[0.431,52.1878],[0.412,52.1886],[0.4045,52.1861],[0.3977,52.1813],[0.3968,52.1781],[0.3767,52.1722],[0.3785,52.1641],[0.3678,52.1553],[0.366,52.15],[0.3578,52.1456],[0.3539,52.1412],[0.3603,52.1375],[0.3685,52.1268],[0.3765,52.1129],[0.371,52.1058],[0.3674,52.0924],[0.3614,52.0898],[0.3704,52.0811],[0.3679,52.0744],[0.372,52.0689],[0.3812,52.0647],[0.3823,52.0581],[0.3858,52.0547],[0.3775,52.0504],[0.3679,52.0479],[0.367,52.0438],[0.3716,52.0348],[0.3773,52.0328],[0.3764,52.0284],[0.3887,52.0263],[0.3892,52.0236],[0.4066,52.0215],[0.416,52.019],[0.4407,52.0181],[0.4461,52.0236],[0.4495,52.0332],[0.46,52.0383],[0.4666,52.0382],[0.4755,52.0407],[0.4915,52.0413],[0.4976,52.0456],[0.5092,52.044],[0.5267,52.0437],[0.537,52.0457],[0.5438,52.0496],[0.5518,52.0494],[0.5572,52.0421],[0.5748,52.0435],[0.5805,52.0416],[0.5837,52.0343],[0.5808,52.0331],[0.5785,52.0196],[0.5848,52.0154],[0.5874,52.01],[0.5947,52.0098],[0.6044,52.0011],[0.6041,51.9957],[0.6079,51.9929],[0.6149,51.9936],[0.6239,51.9979],[0.658,51.9954],[0.6719,51.9901],[0.6818,51.9912],[0.6912,51.9969],[0.6941,51.9905],[0.7052,51.9871],[0.715,51.986],[0.7169,51.9814],[0.7218,51.9786],[0.7183,51.9755],[0.7099,51.9753],[0.7073,51.9682],[0.713,51.9649],[0.7232,51.9651],[0.7257,51.9596],[0.7222,51.9552],[0.7266,51.9502],[0.7351,51.9468],[0.7447,51.9491],[0.7493,51.9465],[0.7696,51.9442],[0.7785,51.9413],[0.7837,51.9434],[0.8013,51.9462],[0.8037,51.9488],[0.8175,51.9485],[0.8256,51.9496],[0.8332,51.9436],[0.839,51.9435],[0.8453,51.9393],[0.8448,51.9314],[0.8526,51.9288],[0.8558,51.9327],[0.8654,51.9347],[0.8657,51.9397],[0.8897,51.94],[0.89,51.9332],[0.9005,51.9325],[0.9187,51.9388],[0.9245,51.9382],[0.9313,51.9421],[0.9409,51.9441],[0.951,51.943],[0.9595,51.9396],[0.9677,51.9416],[0.9789,51.9409],[0.9855,51.9371],[0.9964,51.9355],[1.0059,51.9366],[1.0084,51.9307],[1.0219,51.9263],[1.0251,51.9195],[1.0313,51.9193],[1.0391,51.9227],[1.0513,51.9202],[1.073,51.9187],[1.0818,51.9194],[1.085,51.9229],[1.0957,51.9204],[1.0976,51.9167],[1.0958,51.9105],[1.1081,51.9101],[1.1104,51.9074],[1.1214,51.9035],[1.1294,51.9033],[1.1313,51.9091],[1.1405,51.9052],[1.1434,51.8957],[1.1504,51.891],[1.162,51.8912],[1.1636,51.8934],[1.177,51.8921],[1.1825,51.8938],[1.1883,51.9026],[1.221,51.9136],[1.2191,51.9173],[1.2282,51.9217],[1.2285,51.9267],[1.244,51.929],[1.2448,51.9312],[1.2567,51.9344],[1.2662,51.9346],[1.2754,51.9304],[1.2861,51.9373],[1.2911,51.9432],[1.2872,51.9491],[1.2816,51.9454],[1.2774,51.9391],[1.2663,51.9403],[1.2606,51.948],[1.243,51.9484],[1.2322,51.9404],[1.2225,51.9394],[1.2058,51.943],[1.1911,51.9407],[1.18,51.942],[1.17,51.948],[1.1475,51.9451],[1.1452,51.9424],[1.1369,51.9408],[1.1267,51.942],[1.1169,51.9406],[1.1121,51.9432],[1.1058,51.9424],[1.0904,51.9456],[1.0803,51.9448],[1.0781,51.9468],[1.0617,51.9469],[1.0578,51.9517],[1.0673,51.9525],[1.0872,51.9588],[1.0945,51.9574],[1.0999,51.9537],[1.1071,51.9538],[1.1183,51.9565],[1.1284,51.9539],[1.1309,51.9569],[1.1421,51.9621],[1.1513,51.9634],[1.1612,51.9676],[1.1753,51.966],[1.1793,51.964],[1.187,51.9558],[1.206,51.9552],[1.2119,51.9561],[1.2199,51.9531],[1.2368,51.961],[1.2539,51.9601],[1.2687,51.9546],[1.2721,51.9549],[1.2694,51.9593],[1.2637,51.9603],[1.2605,51.9663],[1.2446,51.9681],[1.2355,51.9733],[1.2345,51.98],[1.2287,51.9797],[1.2143,51.9819],[1.2131,51.9851],[1.2058,51.9858],[1.1939,51.9928],[1.1914,51.9979],[1.1834,51.9985],[1.175,52.0032],[1.1664,52.0048],[1.1413,52.0055],[1.1375,52.0087],[1.1222,52.0091],[1.1192,52.0178],[1.1112,52.0184],[1.1049,52.0213],[1.0834,52.0273],[1.0742,52.0266],[1.0674,52.0281],[1.0607,52.0261],[1.0588,52.0304],[1.0627,52.0334],[1.06,52.0369],[1.0505,52.0362],[1.0206,52.037],[1.012,52.0381],[1.0075,52.047],[0.9999,52.0544],[0.9955,52.0543],[0.9916,52.0611],[0.9921,52.0687],[0.9879,52.0709],[0.9863,52.0797],[0.9776,52.0803],[0.9802,52.0861],[0.9717,52.0904],[0.9644,52.0912],[0.954,52.0994],[0.9495,52.108],[0.9564,52.1133],[0.9566,52.1267],[0.9495,52.1305],[0.9421,52.1406],[0.9269,52.1419],[0.9048,52.1393],[0.8958,52.1422],[0.8866,52.1519],[0.8748,52.1508],[0.8818,52.1569],[0.8706,52.1648],[0.8618,52.1642],[0.846,52.1578],[0.8321,52.1577],[0.8314,52.1685],[0.8267,52.1765],[0.8174,52.1796],[0.8171,52.1855]]]},"properties":{"HA_NUM":36,"HA_NAME":"Stour (Essex and Suffolk)"}},
{"type":"Feature","geometry":{"type":"MultiPolygon","coordinates":[[[[1.2754,51.9304],[1.2662,51.9346],[1.2567,51.9344],[1.2448,51.9312],[1.244,51.929],[1.2285,51.9267],[1.2282,51.9217],[1.2191,51.9173],[1.221,51.9136],[1.1883,51.9026],[1.1825,51.8938],[1.177,51.8921],[1.1636,51.8934],[1.162,51.8912],[1.1504,51.891],[1.1434,51.8957],[1.1405,51.9052],[1.1313,51.9091],[1.1294,51.9033],[1.1214,51.9035],[1.1104,51.9074],[1.1081,51.9101],[1.0958,51.9105],[1.0976,51.9167],[1.0957,51.9204],[1.085,51.9229],[1.0818,51.9194],[1.073,51.9187],[1.0513,51.9202],[1.0391,51.9227],[1.0313,51.9193],[1.0251,51.9195],[1.0219,51.9263],[1.0084,51.9307],[1.0059,51.9366],[0.9964,51.9355],[0.9855,51.9371],[0.9789,51.9409],[0.9677,51.9416],[0.9595,51.9396],[0.951,51.943],[0.9409,51.9441],[0.9313,51.9421],[0.9245,51.9382],[0.9187,51.9388],[0.9005,51.9325],[0.89,51.9332],[0.8897,51.94],[0.8657,51.9397],[0.8654,51.9347],[0.8558,51.9327],[0.8526,51.9288],[0.8448,51.9314],[0.8453,51.9393],[0.839,51.9435],[0.8332,51.9436],[0.8256,51.9496],[0.8175,51.9485],[0.8037,51.9488],[0.8013,51.9462],[0.7837,51.9434],[0.7785,51.9413],[0.7696,51.9442],[0.7493,51.9465],[0.7447,51.9491],[0.7351,51.9468],[0.7266,51.9502],[0.7222,51.9552],[0.7257,51.9596],[0.7232,51.9651],[0.713,51.9649],[0.7073,51.9682],[0.7099,51.9753],[0.7183,51.9755],[0.7218,51.9786],[0.7169,51.9814],[0.715,51.986],[0.7052,51.9871],[0.6941,51.9905],[0.6912,51.9969],[0.6818,51.9912],[0.6719,51.9901],[0.658,51.9954],[0.6239,51.9979],[0.6149,51.9936],[0.6079,51.9929],[0.6041,51.9957],[0.6044,52.0011],[0.5947,52.0098],[0.5874,52.01],[0.5848,52.0154],[0.5785,52.0196],[0.5808,52.0331],[0.5837,52.0343],[0.5805,52.0416],[0.5748,52.0435],[0.5572,52.0421],[0.5518,52.0494],[0.5438,52.0496],[0.537,52.0457],[0.5267,52.0437],[0.5092,52.044],[0.4976,52.0456],[0.4915,52.0413],[0.4755,52.0407],[0.4666,52.0382],[0.46,52.0383],[0.4495,52.0332],[0.4461,52.0236],[0.4407,52.0181],[0.416,52.019],[0.4066,52.0215],[0.3892,52.0236],[0.3887,52.0263],[0.3764,52.0284],[0.3773,52.0328],[0.3716,52.0348],[0.367,52.0438],[0.3679,52.0479],[0.3501,52.0424],[0.3441,52.0385],[0.3233,52.0303],[0.3208,52.025],[0.3076,52.023],[0.2943,52.0277],[0.2857,52.0225],[0.2877,52.0193],[0.278,52.015],[0.2741,52.0088],[0.2812,52.0051],[0.2778,51.9966],[0.2782,51.9907],[0.2852,51.9834],[0.2883,51.9735],[0.2946,51.9688],[0.2784,51.9575],[0.2822,51.9547],[0.2813,51.9502],[0.276,51.9463],[0.2657,51.9433],[0.2726,51.9364],[0.2693,51.9293],[0.2729,51.9279],[0.275,51.913],[0.2716,51.903],[0.272,51.896],[0.281,51.8868],[0.2781,51.8729],[0.275,51.8689],[0.2683,51.8659],[0.2745,51.86],[0.27,51.8556],[0.2633,51.8537],[0.2617,51.8503],[0.2673,51.8462],[0.2619,51.8395],[0.2593,51.8304],[0.2568,51.8108],[0.2605,51.8108],[0.2672,51.7996],[0.2673,51.7886],[0.2642,51.7842],[0.2501,51.7781],[0.2447,51.772],[0.2423,51.7805],[0.2234,51.7809],[0.2212,51.7787],[0.1929,51.7792],[0.1892,51.7766],[0.1816,51.7776],[0.1788,51.7714],[0.1695,51.7606],[0.155,51.7601],[0.1462,51.7576],[0.1424,51.7532],[0.135,51.7511],[0.1313,51.7475],[0.1159,51.7438],[0.1171,51.7226],[0.1188,51.7125],[0.1235,51.7052],[0.1071,51.6963],[0.0895,51.6898],[0.0835,51.6854],[0.0776,51.6842],[0.0737,51.6775],[0.0679,51.6776],[0.0613,51.6737],[0.0489,51.6726],[0.0458,51.6681],[0.0361,51.6609],[0.0366,51.6552],[0.0437,51.6526],[0.044,51.6434],[0.0351,51.6391],[0.0355,51.6326],[0.033,51.6247],[0.0271,51.6208],[0.0215,51.6087],[0.0139,51.5994],[0.0078,51.5941],[0.0068,51.5865],[0.0177,51.5733],[0.022,51.5712],[0.0253,51.5655],[0.0296,51.5632],[0.0256,51.5556],[0.0195,51.5481],[0.0259,51.5448],[0.0182,51.5351],[0.0295,51.5286],[0.0299,51.5229],[0.0363,51.5192],[0.0199,51.509],[0.011,51.506],[0.0194,51.4996],[0.0249,51.4987],[0.0368,51.4999],[0.0509,51.4995],[0.0601,51.4981],[0.073,51.5003],[0.0849,51.5127],[0.0956,51.5156],[0.1056,51.5142],[0.1142,51.5158],[0.1215,51.5191],[0.1357,51.5188],[0.1459,51.5143],[0.1647,51.5117],[0.1784,51.5053],[0.1847,51.4906],[0.1881,51.488],[0.2094,51.4897],[0.2159,51.4891],[0.2271,51.4854],[0.2329,51.4806],[0.2474,51.4727],[0.2814,51.4616],[0.2919,51.4703],[0.3084,51.4744],[0.3229,51.4726],[0.3294,51.4682],[0.337,51.4598],[0.3398,51.4528],[0.3454,51.4517],[0.3664,51.4514],[0.4049,51.4541],[0.4301,51.4593],[0.4349,51.4628],[0.44,51.483],[0.44,51.4913],[0.4453,51.4963],[0.4453,51.5],[0.4545,51.5044],[0.4689,51.504],[0.4842,51.506],[0.5087,51.5052],[0.5201,51.5098],[0.5313,51.5085],[0.5412,51.5123],[0.539,51.5144],[0.5222,51.516],[0.5186,51.5201],[0.5167,51.53],[0.5221,51.5327],[0.5343,51.531],[0.5424,51.5345],[0.5447,51.5475],[0.5598,51.5445],[0.5744,51.5402],[0.5884,51.5391],[0.6088,51.535],[0.622,51.5361],[0.6285,51.5384],[0.6462,51.5407],[0.6523,51.539],[0.6712,51.5381],[0.6818,51.5357],[0.7057,51.5329],[0.7198,51.5327],[0.7301,51.5302],[0.7453,51.53],[0.7618,51.5273],[0.782,51.5212],[0.7874,51.5218],[0.8179,51.5396],[0.8339,51.5451],[0.8484,51.5513],[0.8508,51.5566],[0.8413,51.56],[0.8299,51.5595],[0.8294,51.5619],[0.8199,51.5652],[0.8139,51.5768],[0.8064,51.5795],[0.8056,51.586],[0.7945,51.5834],[0.7883,51.585],[0.771,51.5798],[0.7654,51.5807],[0.7837,51.5875],[0.7961,51.5864],[0.8047,51.5895],[0.8106,51.594],[0.8209,51.5987],[0.8616,51.5958],[0.8659,51.598],[0.8639,51.6095],[0.8656,51.6153],[0.8431,51.6172],[0.8383,51.6184],[0.8197,51.6195],[0.8071,51.6219],[0.7844,51.6234],[0.775,51.6325],[0.761,51.6366],[0.7518,51.6316],[0.7383,51.6308],[0.7213,51.6358],[0.7123,51.6338],[0.6906,51.6345],[0.6624,51.6341],[0.6583,51.6289],[0.6516,51.6284],[0.6514,51.6238],[0.6443,51.6248],[0.645,51.6291],[0.6391,51.6315],[0.6463,51.6371],[0.6574,51.6378],[0.6744,51.6367],[0.7091,51.6368],[0.7161,51.6428],[0.7331,51.643],[0.7401,51.6414],[0.7479,51.6437],[0.7634,51.6422],[0.7805,51.6341],[0.7888,51.6273],[0.7948,51.6256],[0.8068,51.6265],[0.823,51.6233],[0.8379,51.6233],[0.8569,51.6212],[0.8691,51.6226],[0.8911,51.6235],[0.9044,51.6225],[0.916,51.6252],[0.9346,51.633],[0.937,51.6362],[0.9356,51.6505],[0.9401,51.6548],[0.9422,51.6611],[0.9424,51.6718],[0.9472,51.6755],[0.9498,51.684],[0.9394,51.699],[0.9438,51.7081],[0.9438,51.7125],[0.9503,51.723],[0.9499,51.731],[0.9472,51.7357],[0.9394,51.7422],[0.9298,51.7474],[0.9238,51.7481],[0.8966,51.744],[0.8887,51.7388],[0.8895,51.7366],[0.8788,51.7293],[0.8754,51.7251],[0.852,51.7162],[0.834,51.7153],[0.8243,51.7203],[0.819,51.7209],[0.806,51.7176],[0.7929,51.7176],[0.7924,51.7118],[0.7889,51.707],[0.7822,51.7074],[0.7597,51.7001],[0.7595,51.6938],[0.7526,51.6887],[0.7455,51.6905],[0.7544,51.6956],[0.7535,51.7006],[0.7656,51.7075],[0.7566,51.71],[0.751,51.7092],[0.7353,51.7129],[0.7295,51.7126],[0.7177,51.7163],[0.7129,51.7152],[0.6921,51.7268],[0.6927,51.7296],[0.7077,51.7248],[0.7156,51.7364],[0.7203,51.7365],[0.7363,51.7295],[0.7517,51.7324],[0.7582,51.7374],[0.7718,51.7417],[0.7885,51.7367],[0.7916,51.7448],[0.7964,51.7424],[0.8138,51.7385],[0.836,51.7385],[0.8505,51.7417],[0.8619,51.7459],[0.8797,51.7563],[0.8685,51.7614],[0.8511,51.7656],[0.851,51.7738],[0.8565,51.7748],[0.8606,51.7687],[0.8705,51.7683],[0.8832,51.7636],[0.8943,51.766],[0.8769,51.7795],[0.8718,51.7796],[0.8575,51.7837],[0.8602,51.7855],[0.8716,51.7829],[0.8812,51.7823],[0.8906,51.7772],[0.8961,51.7883],[0.9148,51.7948],[0.9242,51.802],[0.9302,51.8017],[0.9308,51.8064],[0.9442,51.81],[0.9689,51.8126],[0.9752,51.8145],[0.9677,51.8191],[0.9817,51.8187],[0.9751,51.8273],[0.9751,51.8326],[0.9811,51.8434],[0.9858,51.837],[0.9826,51.8298],[0.9871,51.8233],[0.9976,51.8131],[1.0126,51.8049],[1.0394,51.8055],[1.0296,51.8003],[1.0208,51.8034],[1.0182,51.8005],[1.0302,51.7956],[1.0384,51.7885],[1.035,51.785],[1.0363,51.7788],[1.043,51.7702],[1.0534,51.7693],[1.0833,51.7717],[1.1134,51.7727],[1.1319,51.7769],[1.1655,51.7915],[1.2054,51.8039],[1.2182,51.8091],[1.2367,51.8194],[1.263,51.8408],[1.2659,51.8415],[1.2898,51.8633],[1.2912,51.8736],[1.2753,51.8762],[1.2677,51.8739],[1.2734,51.8622],[1.2671,51.8607],[1.2593,51.8638],[1.2438,51.8592],[1.2388,51.8606],[1.2318,51.8581],[1.2278,51.8709],[1.2106,51.8676],[1.1988,51.8751],[1.2024,51.8783],[1.2,51.884],[1.2069,51.8871],[1.2281,51.8905],[1.2262,51.895],[1.2129,51.8981],[1.2227,51.9003],[1.226,51.9036],[1.2327,51.904],[1.2393,51.8967],[1.2487,51.8984],[1.2538,51.9023],[1.2579,51.9123],[1.2621,51.9184],[1.2693,51.9234],[1.2754,51.9304]]],[[[0.9594,51.6192],[0.9459,51.6208],[0.9389,51.6202],[0.9276,51.6169],[0.9228,51.6174],[0.9008,51.6141],[0.8832,51.6166],[0.8724,51.6124],[0.8697,51.597],[0.8626,51.5931],[0.8531,51.5926],[0.8392,51.5944],[0.8384,51.5887],[0.8439,51.5825],[0.8354,51.5793],[0.836,51.5669],[0.8411,51.5612],[0.8528,51.5574],[0.8608,51.5568],[0.8682,51.5603],[0.8706,51.5642],[0.8832,51.569],[0.9116,51.5825],[0.9326,51.5946],[0.9477,51.6065],[0.9594,51.6192]]],[[[0.9749,51.804],[0.9651,51.8087],[0.9418,51.8064],[0.9213,51.7985],[0.9193,51.7942],[0.9092,51.7912],[0.9012,51.7856],[0.8985,51.7803],[0.9033,51.7738],[0.9232,51.7728],[0.9451,51.7744],[0.9583,51.7791],[0.9867,51.7864],[0.9952,51.7903],[1.0047,51.7971],[0.9996,51.8018],[0.9915,51.8037],[0.9749,51.804]]],[[[0.5553,51.5441],[0.5454,51.5471],[0.5428,51.5342],[0.5349,51.5305],[0.5235,51.5325],[0.5183,51.5301],[0.5253,51.5199],[0.5289,51.5183],[0.5402,51.5204],[0.5457,51.5186],[0.5526,51.5108],[0.5739,51.5078],[0.5896,51.5108],[0.6174,51.5144],[0.6348,51.5235],[0.6224,51.5246],[0.6212,51.5295],[0.6054,51.5291],[0.6017,51.5348],[0.5974,51.5337],[0.5825,51.5379],[0.575,51.5386],[0.5553,51.5441]]],[[[0.8358,51.5883],[0.8363,51.5948],[0.8277,51.5961],[0.8182,51.594],[0.8082,51.5858],[0.8096,51.5791],[0.816,51.5765],[0.8198,51.5694],[0.8238,51.5692],[0.8304,51.5745],[0.8374,51.5841],[0.8358,51.5883]]],[[[1.2572,51.8837],[1.2445,51.8808],[1.2313,51.8816],[1.2276,51.8756],[1.2338,51.8739],[1.237,51.8696],[1.2466,51.8726],[1.2498,51.8767],[1.2582,51.8758],[1.2602,51.8812],[1.2572,51.8837]]],[[[0.7704,51.7267],[0.7571,51.7264],[0.7568,51.7224],[0.7718,51.7187],[0.7861,51.7212],[0.7835,51.7247],[0.7704,51.7267]]],[[[0.6455,51.5391],[0.6399,51.5376],[0.6298,51.5382],[0.6152,51.5331],[0.6351,51.5314],[0.6461,51.5372],[0.6455,51.5391]]],[[[1.2307,51.8992],[1.2332,51.8945],[1.2311,51.888],[1.2417,51.8863],[1.2466,51.891],[1.2441,51.8957],[1.2359,51.8958],[1.2307,51.8992]]],[[[0.8342,51.5696],[0.8291,51.5724],[0.8251,51.5667],[0.8332,51.5603],[0.8395,51.5619],[0.8342,51.5696]]],[[[0.7507,51.6418],[0.7434,51.6405],[0.7306,51.6422],[0.7258,51.6385],[0.7337,51.635],[0.7367,51.6402],[0.7507,51.6418]]],[[[0.7191,51.7278],[0.7087,51.7195],[0.7189,51.7201],[0.7191,51.7278]]],[[[1.2542,51.8733],[1.2546,51.8691],[1.2669,51.8672],[1.265,51.8718],[1.2542,51.8733]]],[[[1.2672,51.8845],[1.2706,51.8768],[1.2775,51.8792],[1.2672,51.8845]]]]},"properties":{"HA_NUM":37,"HA_NAME":"Essex Rivers Group"}},
{"type":"Feature","geometry":{"type":"Polygon","coordinates":[[[0.2657,51.9433],[0.258,51.9358],[0.2506,51.933],[0.2323,51.9156],[0.2176,51.9137],[0.2122,51.9205],[0.2132,51.9275],[0.2093,51.9358],[0.205,51.9368],[0.2039,51.944],[0.1912,51.9452],[0.182,51.9444],[0.175,51.9482],[0.1761,51.9565],[0.1727,51.9613],[0.1599,51.9689],[0.1615,51.9709],[0.1546,51.9796],[0.141,51.9848],[0.1341,51.9912],[0.1328,51.9957],[0.1229,52.0011],[0.1035,52.0061],[0.0904,52.0073],[0.0823,52.0061],[0.0722,52.008],[0.0656,52.0059],[0.0539,52.0061],[0.046,52.0089],[0.0447,52.0117],[0.0367,52.0122],[0.0306,52.007],[0.0215,52.0067],[0.0169,52.0085],[-0.006,52.0094],[-0.0157,52.0131],[-0.0268,52.0106],[-0.0373,52.0189],[-0.0562,52.0197],[-0.0666,52.0151],[-0.0655,52.0077],[-0.0711,51.9956],[-0.0857,51.9864],[-0.0926,51.9879],[-0.1024,51.9799],[-0.1158,51.9797],[-0.1197,51.9825],[-0.1314,51.9831],[-0.1358,51.9805],[-0.1361,51.9751],[-0.151,51.9663],[-0.1627,51.9652],[-0.1658,51.9607],[-0.1777,51.9524],[-0.1691,51.9509],[-0.1663,51.9472],[-0.1702,51.941],[-0.1776,51.9371],[-0.1856,51.9381],[-0.1982,51.9311],[-0.203,51.922],[-0.2111,51.9187],[-0.2135,51.9142],[-0.2193,51.9134],[-0.2324,51.9145],[-0.2377,51.9083],[-0.2271,51.8996],[-0.2122,51.8917],[-0.2117,51.8863],[-0.2161,51.8833],[-0.2302,51.8776],[-0.2455,51.8752],[-0.2468,51.8786],[-0.2544,51.8816],[-0.2625,51.8871],[-0.2624,51.8902],[-0.2687,51.8953],[-0.2752,51.8972],[-0.2803,51.9058],[-0.2935,51.9132],[-0.297,51.9168],[-0.3093,51.9179],[-0.3171,51.9216],[-0.3279,51.9245],[-0.3293,51.9272],[-0.3402,51.9282],[-0.3429,51.933],[-0.3501,51.9351],[-0.35,51.9387],[-0.3607,51.9438],[-0.3642,51.9484],[-0.3846,51.9477],[-0.3966,51.9457],[-0.4008,51.9412],[-0.4067,51.939],[-0.4102,51.9427],[-0.4107,51.9499],[-0.42,51.9523],[-0.4266,51.9519],[-0.4347,51.948],[-0.4522,51.9477],[-0.4622,51.9438],[-0.4702,51.9444],[-0.4809,51.94],[-0.4839,51.9347],[-0.4849,51.9264],[-0.4938,51.9229],[-0.4962,51.9159],[-0.504,51.912],[-0.5124,51.9112],[-0.5205,51.9073],[-0.5228,51.9032],[-0.5396,51.9012],[-0.5389,51.8994],[-0.5486,51.8932],[-0.5494,51.8896],[-0.5381,51.8805],[-0.5348,51.8697],[-0.5261,51.8696],[-0.5175,51.8663],[-0.505,51.8704],[-0.5032,51.8794],[-0.4923,51.8815],[-0.4864,51.8844],[-0.474,51.8851],[-0.4679,51.8819],[-0.4495,51.8785],[-0.4437,51.8793],[-0.4377,51.8734],[-0.4337,51.8733],[-0.4252,51.8674],[-0.4123,51.8627],[-0.4124,51.8587],[-0.3961,51.8476],[-0.3847,51.8412],[-0.382,51.8376],[-0.3733,51.8374],[-0.3634,51.8306],[-0.3599,51.8256],[-0.3549,51.8246],[-0.3521,51.8201],[-0.3408,51.8127],[-0.3321,51.8126],[-0.3061,51.8091],[-0.296,51.8067],[-0.2855,51.8065],[-0.2818,51.8008],[-0.251,51.7817],[-0.2448,51.7816],[-0.2378,51.7752],[-0.2387,51.7712],[-0.2346,51.7653],[-0.2268,51.7602],[-0.2284,51.7567],[-0.235,51.7545],[-0.2345,51.7478],[-0.2228,51.7413],[-0.2166,51.743],[-0.2054,51.7433],[-0.1957,51.7494],[-0.1926,51.7455],[-0.1799,51.7379],[-0.1736,51.7306],[-0.1564,51.7268],[-0.159,51.7178],[-0.1662,51.7175],[-0.1672,51.7121],[-0.1631,51.7046],[-0.1706,51.6991],[-0.1802,51.6945],[-0.1731,51.6893],[-0.1749,51.6826],[-0.1872,51.6809],[-0.1917,51.6783],[-0.1933,51.6734],[-0.1984,51.6726],[-0.1987,51.6658],[-0.2034,51.656],[-0.1992,51.6519],[-0.1892,51.65],[-0.1879,51.645],[-0.1794,51.6417],[-0.1795,51.6381],[-0.1697,51.6308],[-0.175,51.625],[-0.1814,51.6089],[-0.188,51.6059],[-0.1898,51.5987],[-0.1877,51.596],[-0.1778,51.5918],[-0.1699,51.5908],[-0.1453,51.5908],[-0.1494,51.5801],[-0.1498,51.5707],[-0.1419,51.5685],[-0.1417,51.5573],[-0.1389,51.5547],[-0.1198,51.5459],[-0.1133,51.5453],[-0.1016,51.5393],[-0.0912,51.5387],[-0.0884,51.5359],[-0.069,51.5343],[-0.0692,51.5311],[-0.0563,51.5278],[-0.0412,51.528],[-0.0399,51.5253],[-0.0195,51.5141],[-0.0175,51.5087],[-0.0062,51.5047],[0.0016,51.5109],[0.008,51.5128],[0.011,51.506],[0.0199,51.509],[0.0363,51.5192],[0.0299,51.5229],[0.0295,51.5286],[0.0182,51.5351],[0.0259,51.5448],[0.0195,51.5481],[0.0256,51.5556],[0.0296,51.5632],[0.0253,51.5655],[0.022,51.5712],[0.0177,51.5733],[0.0068,51.5865],[0.0078,51.5941],[0.0139,51.5994],[0.0215,51.6087],[0.0271,51.6208],[0.033,51.6247],[0.0355,51.6326],[0.0351,51.6391],[0.044,51.6434],[0.0437,51.6526],[0.0366,51.6552],[0.0361,51.6609],[0.0458,51.6681],[0.0489,51.6726],[0.0613,51.6737],[0.0679,51.6776],[0.0737,51.6775],[0.0776,51.6842],[0.0835,51.6854],[0.0895,51.6898],[0.1071,51.6963],[0.1235,51.7052],[0.1188,51.7125],[0.1171,51.7226],[0.1159,51.7438],[0.1313,51.7475],[0.135,51.7511],[0.1424,51.7532],[0.1462,51.7576],[0.155,51.7601],[0.1695,51.7606],[0.1788,51.7714],[0.1816,51.7776],[0.1892,51.7766],[0.1929,51.7792],[0.2212,51.7787],[0.2234,51.7809],[0.2423,51.7805],[0.2447,51.772],[0.2501,51.7781],[0.2642,51.7842],[0.2673,51.7886],[0.2672,51.7996],[0.2605,51.8108],[0.2568,51.8108],[0.2593,51.8304],[0.2619,51.8395],[0.2673,51.8462],[0.2617,51.8503],[0.2633,51.8537],[0.27,51.8556],[0.2745,51.86],[0.2683,51.8659],[0.275,51.8689],[0.2781,51.8729],[0.281,51.8868],[0.272,51.896],[0.2716,51.903],[0.275,51.913],[0.2729,51.9279],[0.2693,51.9293],[0.2726,51.9364],[0.2657,51.9433]]]},"properties":{"HA_NUM":38,"HA_NAME":"Lee"}},
{"type":"Feature","geometry":{"type":"Polygon","coordinates":[[[-1.2135,52.2228],[-1.2179,52.2197],[-1.234,52.2198],[-1.237,52.2153],[-1.2502,52.2163],[-1.2648,52.215],[-1.2732,52.2169],[-1.2859,52.2255],[-1.2961,52.2269],[-1.2991,52.222],[-1.3102,52.2166],[-1.311,52.2092],[-1.3067,52.2022],[-1.312,52.1962],[-1.3188,52.1812],[-1.3243,52.1799],[-1.3447,52.18],[-1.3517,52.1769],[-1.362,52.1751],[-1.3635,52.1702],[-1.3702,52.1664],[-1.3833,52.1653],[-1.3882,52.1568],[-1.4039,52.1556],[-1.4175,52.1529],[-1.4245,52.1503],[-1.4231,52.1422],[-1.4334,52.1359],[-1.4342,52.1319],[-1.4437,52.1328],[-1.4452,52.1279],[-1.4548,52.1216],[-1.4731,52.1127],[-1.4776,52.1056],[-1.4814,52.0939],[-1.4815,52.0822],[-1.4845,52.0737],[-1.4959,52.0692],[-1.5014,52.0711],[-1.5029,52.0648],[-1.4985,52.0638],[-1.4979,52.054],[-1.4862,52.0539],[-1.4827,52.0453],[-1.4718,52.043],[-1.466,52.0392],[-1.4657,52.0349],[-1.4606,52.0304],[-1.453,52.0281],[-1.4385,52.0195],[-1.4408,52.0128],[-1.4641,52.0111],[-1.4663,52.0129],[-1.4794,52.0134],[-1.4882,52.009],[-1.4977,52.009],[-1.5108,52.0068],[-1.5225,52.0019],[-1.5218,51.997],[-1.5292,51.9925],[-1.5318,51.9871],[-1.5431,51.9804],[-1.5482,51.9804],[-1.5592,51.9769],[-1.5716,51.976],[-1.5774,51.9742],[-1.5927,51.9725],[-1.5934,51.9761],[-1.6006,51.9793],[-1.6054,51.9775],[-1.621,51.978],[-1.6276,51.9758],[-1.6331,51.9776],[-1.6458,51.9785],[-1.6487,51.9808],[-1.6529,51.9965],[-1.6602,51.9956],[-1.6718,52.0006],[-1.6879,52.0007],[-1.7002,52.0025],[-1.7075,52.0021],[-1.7228,52.0079],[-1.7337,52.0075],[-1.7527,51.9968],[-1.7622,51.9869],[-1.7695,51.9851],[-1.7731,51.9896],[-1.7855,51.9964],[-1.7934,52.0155],[-1.8105,52.0234],[-1.8323,52.0261],[-1.8356,52.0234],[-1.8342,52.01],[-1.8379,52.0073],[-1.8473,52.0068],[-1.8576,51.9996],[-1.8678,51.9979],[-1.8794,51.9983],[-1.8867,51.9799],[-1.8846,51.9718],[-1.8962,51.9718],[-1.901,51.9669],[-1.9064,51.9669],[-1.9064,51.9597],[-1.9014,51.9516],[-1.9123,51.948],[-1.9265,51.9489],[-1.9218,51.9404],[-1.9239,51.935],[-1.9218,51.9251],[-1.9189,51.9206],[-1.9229,51.9183],[-1.932,51.9174],[-1.9407,51.9138],[-1.9541,51.9134],[-1.9632,51.9184],[-1.9712,51.9278],[-1.9785,51.9273],[-1.9865,51.9231],[-1.9916,51.9233],[-1.9974,51.9188],[-2.0083,51.9195],[-2.0119,51.9143],[-2.0098,51.9026],[-2.0119,51.9002],[-2.0101,51.8918],[-1.9978,51.89],[-1.9865,51.8837],[-1.9865,51.8777],[-1.9938,51.8658],[-2.001,51.8631],[-2.0054,51.8658],[-2.0192,51.8653],[-2.0254,51.8622],[-2.0344,51.8626],[-2.0453,51.8581],[-2.0555,51.8581],[-2.0613,51.8635],[-2.0682,51.8626],[-2.0751,51.8644],[-2.0733,51.8545],[-2.0849,51.8522],[-2.0947,51.852],[-2.099,51.8453],[-2.0932,51.8408],[-2.0932,51.8376],[-2.1033,51.8329],[-2.0975,51.8298],[-2.0885,51.8311],[-2.075,51.8266],[-2.075,51.8233],[-2.0685,51.8194],[-2.0576,51.817],[-2.0605,51.8051],[-2.0532,51.8026],[-2.0496,51.7952],[-2.0489,51.7889],[-2.059,51.7871],[-2.0735,51.7871],[-2.0728,51.7817],[-2.0612,51.7761],[-2.0633,51.7698],[-2.0641,51.7587],[-2.0583,51.7558],[-2.0546,51.7448],[-2.0604,51.7403],[-2.0619,51.7354],[-2.0676,51.7304],[-2.0788,51.7255],[-2.0937,51.7237],[-2.0995,51.7196],[-2.1071,51.7192],[-2.1125,51.716],[-2.1262,51.7169],[-2.1335,51.7124],[-2.1429,51.7128],[-2.1356,51.707],[-2.1233,51.7057],[-2.1262,51.6989],[-2.1247,51.6895],[-2.1276,51.6886],[-2.1247,51.6859],[-2.1247,51.6713],[-2.1203,51.6695],[-2.1138,51.6609],[-2.121,51.6576],[-2.1304,51.649],[-2.1311,51.6432],[-2.1152,51.6376],[-2.1058,51.6292],[-2.1007,51.6266],[-2.1007,51.6225],[-2.0949,51.6207],[-2.0913,51.6162],[-2.0826,51.6117],[-2.0761,51.6113],[-2.0628,51.6185],[-2.0509,51.6185],[-2.0472,51.6138],[-2.0494,51.6104],[-2.0292,51.6095],[-2.0198,51.6073],[-2.0147,51.6032],[-1.9996,51.6001],[-1.9945,51.5965],[-1.9815,51.596],[-1.9794,51.5861],[-1.9729,51.5825],[-1.9541,51.5839],[-1.9469,51.5794],[-1.9404,51.5731],[-1.9245,51.574],[-1.9101,51.5704],[-1.9058,51.5674],[-1.8979,51.5663],[-1.8936,51.562],[-1.8921,51.5528],[-1.8842,51.5488],[-1.8842,51.5452],[-1.8727,51.5447],[-1.8611,51.5456],[-1.8565,51.5415],[-1.8439,51.5424],[-1.8431,51.5367],[-1.8374,51.533],[-1.841,51.5269],[-1.836,51.5145],[-1.8368,51.5055],[-1.8555,51.5047],[-1.8555,51.5002],[-1.8642,51.4943],[-1.8872,51.4867],[-1.8952,51.4861],[-1.9074,51.4804],[-1.9197,51.4778],[-1.9226,51.4733],[-1.9233,51.4647],[-1.9269,51.4571],[-1.9233,51.4485],[-1.9269,51.4463],[-1.9291,51.4373],[-1.9212,51.4332],[-1.9212,51.4281],[-1.9284,51.4265],[-1.9298,51.422],[-1.9248,51.418],[-1.9306,51.4132],[-1.9299,51.4103],[-1.9388,51.4094],[-1.9507,51.4063],[-1.9579,51.4022],[-1.9572,51.4],[-1.9471,51.3986],[-1.9428,51.3928],[-1.9302,51.3919],[-1.9284,51.3883],[-1.9119,51.3847],[-1.8976,51.3847],[-1.8943,51.3829],[-1.8739,51.3806],[-1.8581,51.381],[-1.853,51.3797],[-1.8444,51.372],[-1.839,51.3729],[-1.8279,51.3716],[-1.8178,51.3751],[-1.8085,51.3751],[-1.8002,51.3801],[-1.7923,51.38],[-1.7798,51.3746],[-1.7668,51.3773],[-1.76,51.3768],[-1.7496,51.3732],[-1.7413,51.379],[-1.7334,51.3795],[-1.6957,51.3794],[-1.6863,51.3803],[-1.6781,51.3789],[-1.6742,51.3757],[-1.6591,51.3714],[-1.6671,51.3622],[-1.6728,51.3609],[-1.6693,51.355],[-1.6629,51.3512],[-1.6511,51.3397],[-1.6307,51.3356],[-1.6307,51.3324],[-1.6217,51.3302],[-1.6178,51.3265],[-1.6182,51.3221],[-1.6021,51.318],[-1.5971,51.3184],[-1.5838,51.3147],[-1.5734,51.3197],[-1.5768,51.3372],[-1.5602,51.347],[-1.5386,51.3505],[-1.525,51.3491],[-1.515,51.3504],[-1.512,51.3549],[-1.4883,51.3555],[-1.4833,51.358],[-1.4696,51.3565],[-1.465,51.3534],[-1.4489,51.3511],[-1.4389,51.3452],[-1.4318,51.3393],[-1.4189,51.3361],[-1.4104,51.3293],[-1.4097,51.3255],[-1.4019,51.3225],[-1.4005,51.3193],[-1.3933,51.318],[-1.3834,51.3125],[-1.3658,51.3129],[-1.3603,51.3164],[-1.3467,51.315],[-1.3453,51.3128],[-1.3324,51.3127],[-1.321,51.3113],[-1.3145,51.3081],[-1.3024,51.308],[-1.2916,51.3061],[-1.2901,51.3088],[-1.2722,51.3092],[-1.2655,51.3042],[-1.2536,51.3073],[-1.2451,51.2991],[-1.2358,51.2997],[-1.2287,51.2959],[-1.2207,51.2994],[-1.2128,51.2994],[-1.205,51.2953],[-1.1929,51.2938],[-1.1901,51.288],[-1.1822,51.2866],[-1.1765,51.2888],[-1.1635,51.2891],[-1.1627,51.2941],[-1.1556,51.292],[-1.1343,51.2799],[-1.1359,51.2736],[-1.1431,51.2723],[-1.1475,51.2661],[-1.16,51.2662],[-1.1626,51.2642],[-1.1598,51.2572],[-1.1663,51.2541],[-1.1665,51.2467],[-1.158,51.2374],[-1.1574,51.2322],[-1.1417,51.2296],[-1.136,51.2269],[-1.1235,51.2245],[-1.1183,51.2204],[-1.1139,51.2227],[-1.1021,51.2221],[-1.0843,51.2157],[-1.075,51.2174],[-1.0561,51.215],[-1.0468,51.2118],[-1.0469,51.2084],[-1.0398,51.2059],[-1.037,51.2023],[-1.0378,51.1971],[-1.0415,51.1942],[-1.0494,51.1934],[-1.0566,51.1898],[-1.068,51.1904],[-1.0731,51.1864],[-1.0788,51.186],[-1.0747,51.1783],[-1.069,51.1765],[-1.0656,51.1679],[-1.0685,51.165],[-1.0815,51.159],[-1.0894,51.1573],[-1.0989,51.1486],[-1.1048,51.1412],[-1.1034,51.1351],[-1.1057,51.1309],[-1.0993,51.1284],[-1.0871,51.1316],[-1.0696,51.1315],[-1.0643,51.1274],[-1.0687,51.122],[-1.0596,51.1125],[-1.0576,51.1053],[-1.0605,51.104],[-1.0613,51.0968],[-1.0536,51.0927],[-1.0565,51.0898],[-1.0517,51.0792],[-1.0468,51.0747],[-1.0512,51.0697],[-1.0583,51.0698],[-1.0645,51.0654],[-1.0693,51.0573],[-1.0687,51.0501],[-1.063,51.0492],[-1.0603,51.0419],[-1.034,51.0395],[-1.0296,51.0439],[-1.0136,51.0429],[-1.0072,51.0411],[-0.9921,51.031],[-0.985,51.0278],[-0.9815,51.0269],[-0.9636,51.0272],[-0.9649,51.0348],[-0.9534,51.0392],[-0.959,51.0451],[-0.9685,51.0493],[-0.9666,51.0533],[-0.9526,51.0604],[-0.9528,51.0635],[-0.9627,51.0703],[-0.9633,51.0735],[-0.9482,51.0788],[-0.9454,51.0769],[-0.9354,51.0782],[-0.9359,51.0863],[-0.9196,51.0951],[-0.914,51.091],[-0.8958,51.09],[-0.8874,51.0867],[-0.8882,51.0805],[-0.8812,51.0745],[-0.8698,51.0753],[-0.8678,51.0677],[-0.8518,51.0671],[-0.8522,51.0639],[-0.8452,51.0589],[-0.8524,51.0558],[-0.8532,51.0513],[-0.8463,51.0434],[-0.8406,51.0418],[-0.8248,51.0461],[-0.8176,51.0505],[-0.809,51.0504],[-0.7968,51.0548],[-0.789,51.0547],[-0.7832,51.0583],[-0.7782,51.0557],[-0.771,51.0577],[-0.7701,51.0658],[-0.7736,51.0692],[-0.7664,51.0729],[-0.7478,51.0718],[-0.7382,51.0726],[-0.7293,51.0712],[-0.7302,51.064],[-0.7209,51.0653],[-0.7088,51.0642],[-0.7004,51.0565],[-0.689,51.0559],[-0.6886,51.0707],[-0.7026,51.0803],[-0.7125,51.0854],[-0.7052,51.0912],[-0.7099,51.0998],[-0.7089,51.1101],[-0.7067,51.1141],[-0.7159,51.1151],[-0.7158,51.1187],[-0.7075,51.1218],[-0.7006,51.1271],[-0.6891,51.1305],[-0.6834,51.1305],[-0.6661,51.1339],[-0.6575,51.1365],[-0.6525,51.1351],[-0.6299,51.1366],[-0.6231,51.1392],[-0.6066,51.139],[-0.5998,51.1412],[-0.5945,51.1384],[-0.5841,51.141],[-0.5774,51.1378],[-0.5734,51.1404],[-0.5602,51.1378],[-0.5526,51.1312],[-0.5492,51.1248],[-0.5435,51.1248],[-0.5409,51.1171],[-0.5414,51.1117],[-0.5236,51.1106],[-0.5162,51.1056],[-0.5115,51.0976],[-0.5059,51.0924],[-0.4955,51.0954],[-0.4866,51.0944],[-0.475,51.0983],[-0.4521,51.0998],[-0.4456,51.1019],[-0.4422,51.0978],[-0.4213,51.1048],[-0.3961,51.1107],[-0.3936,51.1192],[-0.3875,51.1191],[-0.3856,51.1232],[-0.3898,51.1273],[-0.3998,51.1269],[-0.4068,51.1315],[-0.4091,51.1379],[-0.4157,51.1429],[-0.4202,51.156],[-0.4244,51.1585],[-0.4249,51.1662],[-0.4226,51.1691],[-0.4224,51.1772],[-0.4131,51.1851],[-0.3931,51.1844],[-0.3737,51.1765],[-0.3629,51.1793],[-0.3591,51.1848],[-0.3499,51.1836],[-0.3407,51.1792],[-0.3388,51.1742],[-0.3263,51.1632],[-0.3322,51.1593],[-0.3324,51.1516],[-0.3298,51.1451],[-0.3212,51.1456],[-0.3192,51.1416],[-0.31,51.1383],[-0.3032,51.1386],[-0.2966,51.1345],[-0.2888,51.1339],[-0.2828,51.1302],[-0.2785,51.1221],[-0.2908,51.1169],[-0.2946,51.1102],[-0.3011,51.1085],[-0.2993,51.1012],[-0.2921,51.102],[-0.2778,51.1014],[-0.2649,51.1021],[-0.2637,51.098],[-0.2547,51.0905],[-0.2479,51.0812],[-0.2371,51.0832],[-0.2182,51.0839],[-0.2079,51.0821],[-0.2053,51.0756],[-0.2018,51.0733],[-0.1993,51.0642],[-0.1923,51.0601],[-0.1771,51.0648],[-0.1673,51.0619],[-0.1589,51.0744],[-0.1322,51.0827],[-0.134,51.0915],[-0.126,51.0946],[-0.1124,51.0948],[-0.1051,51.0996],[-0.0943,51.1017],[-0.0969,51.1076],[-0.0881,51.1119],[-0.0822,51.1181],[-0.0813,51.1222],[-0.089,51.1248],[-0.0888,51.1292],[-0.0942,51.1381],[-0.089,51.1423],[-0.0872,51.1528],[-0.0933,51.1601],[-0.099,51.1609],[-0.1021,51.1711],[-0.0984,51.1746],[-0.1024,51.1816],[-0.0994,51.1939],[-0.0905,51.1934],[-0.0794,51.2031],[-0.0805,51.2098],[-0.0761,51.2122],[-0.0772,51.2203],[-0.0822,51.2215],[-0.078,51.235],[-0.0891,51.2351],[-0.1016,51.2371],[-0.1051,51.239],[-0.097,51.2443],[-0.0967,51.251],[-0.0901,51.2556],[-0.0847,51.263],[-0.0747,51.2637],[-0.0738,51.2668],[-0.0623,51.2687],[-0.0482,51.2628],[-0.0336,51.268],[-0.0306,51.2724],[-0.0039,51.2764],[-0.0016,51.28],[0.0115,51.2834],[0.0184,51.2864],[0.0281,51.2876],[0.0576,51.288],[0.0565,51.2956],[0.0509,51.3005],[0.0398,51.3072],[0.0318,51.3224],[0.0322,51.3307],[0.0367,51.3353],[0.0389,51.3526],[0.051,51.3573],[0.0599,51.3567],[0.0616,51.3616],[0.0747,51.365],[0.0802,51.3766],[0.0832,51.3786],[0.0842,51.386],[0.0915,51.3885],[0.0874,51.3918],[0.0892,51.4014],[0.0844,51.4062],[0.0737,51.4082],[0.065,51.4227],[0.0642,51.436],[0.0592,51.4377],[0.0588,51.4446],[0.0546,51.4465],[0.0665,51.4546],[0.0745,51.4648],[0.0828,51.4651],[0.0894,51.4682],[0.0965,51.4653],[0.1038,51.4688],[0.1206,51.473],[0.1239,51.481],[0.1358,51.4741],[0.1355,51.4678],[0.1426,51.4654],[0.1459,51.4608],[0.1599,51.4597],[0.1826,51.4597],[0.191,51.4632],[0.1993,51.463],[0.2034,51.4593],[0.21,51.463],[0.2084,51.4712],[0.2154,51.4769],[0.2173,51.4808],[0.2116,51.4828],[0.1947,51.4794],[0.1777,51.4832],[0.1724,51.4888],[0.1721,51.4961],[0.164,51.5052],[0.1494,51.5061],[0.13,51.5132],[0.1254,51.5134],[0.1053,51.5081],[0.0923,51.5092],[0.0819,51.499],[0.0775,51.4966],[0.0575,51.4946],[0.0401,51.4955],[0.0237,51.494],[0.0148,51.4963],[0.0039,51.5051],[-0.0022,51.5029],[-0.0018,51.4974],[0.0023,51.4923],[0.0012,51.4881],[-0.011,51.4831],[-0.0189,51.4835],[-0.0275,51.487],[-0.0325,51.4932],[-0.0333,51.5059],[-0.0442,51.5073],[-0.0569,51.501],[-0.0637,51.5007],[-0.0841,51.5068],[-0.0968,51.5087],[-0.1147,51.5081],[-0.1185,51.5056],[-0.1243,51.488],[-0.1311,51.484],[-0.1374,51.4828],[-0.1493,51.4837],[-0.1722,51.48],[-0.1811,51.4671],[-0.1843,51.4672],[-0.1789,51.4782],[-0.1752,51.4815],[-0.15,51.4856],[-0.1397,51.4846],[-0.1317,51.4858],[-0.1253,51.4913],[-0.1217,51.5066],[-0.1177,51.5098],[-0.0982,51.5106],[-0.0786,51.508],[-0.0693,51.5047],[-0.0575,51.5033],[-0.046,51.5097],[-0.0321,51.5083],[-0.0276,51.503],[-0.0282,51.4946],[-0.0201,51.4868],[-0.012,51.4862],[-0.0035,51.4893],[-0.0084,51.5013],[-0.0062,51.5047],[-0.0175,51.5087],[-0.0195,51.5141],[-0.0399,51.5253],[-0.0412,51.528],[-0.0563,51.5278],[-0.0692,51.5311],[-0.069,51.5343],[-0.0884,51.5359],[-0.0912,51.5387],[-0.1016,51.5393],[-0.1133,51.5453],[-0.1198,51.5459],[-0.1389,51.5547],[-0.1417,51.5573],[-0.1419,51.5685],[-0.1498,51.5707],[-0.1494,51.5801],[-0.1453,51.5908],[-0.1699,51.5908],[-0.1778,51.5918],[-0.1877,51.596],[-0.1898,51.5987],[-0.188,51.6059],[-0.1814,51.6089],[-0.175,51.625],[-0.1697,51.6308],[-0.1795,51.6381],[-0.1794,51.6417],[-0.1879,51.645],[-0.1892,51.65],[-0.1992,51.6519],[-0.2034,51.656],[-0.1987,51.6658],[-0.1984,51.6726],[-0.1933,51.6734],[-0.1917,51.6783],[-0.1872,51.6809],[-0.1749,51.6826],[-0.1731,51.6893],[-0.1802,51.6945],[-0.1706,51.6991],[-0.1631,51.7046],[-0.1672,51.7121],[-0.1662,51.7175],[-0.159,51.7178],[-0.1564,51.7268],[-0.1736,51.7306],[-0.1799,51.7379],[-0.1926,51.7455],[-0.1957,51.7494],[-0.2054,51.7433],[-0.2166,51.743],[-0.2228,51.7413],[-0.2345,51.7478],[-0.235,51.7545],[-0.2284,51.7567],[-0.2268,51.7602],[-0.2346,51.7653],[-0.2387,51.7712],[-0.2378,51.7752],[-0.2448,51.7816],[-0.251,51.7817],[-0.2818,51.8008],[-0.2855,51.8065],[-0.296,51.8067],[-0.3061,51.8091],[-0.3321,51.8126],[-0.3408,51.8127],[-0.3521,51.8201],[-0.3549,51.8246],[-0.3599,51.8256],[-0.3634,51.8306],[-0.3733,51.8374],[-0.382,51.8376],[-0.3847,51.8412],[-0.3961,51.8476],[-0.4124,51.8587],[-0.4123,51.8627],[-0.4252,51.8674],[-0.4337,51.8733],[-0.4377,51.8734],[-0.4437,51.8793],[-0.4495,51.8785],[-0.4679,51.8819],[-0.474,51.8851],[-0.4864,51.8844],[-0.4923,51.8815],[-0.5032,51.8794],[-0.505,51.8704],[-0.5175,51.8663],[-0.5261,51.8696],[-0.5348,51.8697],[-0.5364,51.8648],[-0.5499,51.8501],[-0.5509,51.842],[-0.5586,51.8403],[-0.5691,51.8409],[-0.5798,51.8352],[-0.5868,51.833],[-0.5899,51.8263],[-0.6008,51.8255],[-0.6021,51.8287],[-0.6102,51.8279],[-0.6197,51.8226],[-0.6228,51.8181],[-0.6424,51.8184],[-0.6422,51.8242],[-0.6464,51.8281],[-0.6519,51.8401],[-0.6576,51.8437],[-0.6645,51.8438],[-0.6624,51.8537],[-0.6746,51.857],[-0.6774,51.8617],[-0.6831,51.8638],[-0.6844,51.8688],[-0.7078,51.8654],[-0.7215,51.8656],[-0.7273,51.8683],[-0.7361,51.8648],[-0.7579,51.8651],[-0.7729,51.8747],[-0.7756,51.881],[-0.7806,51.8837],[-0.7812,51.8887],[-0.7737,51.8976],[-0.7679,51.8975],[-0.7597,51.9033],[-0.7547,51.9023],[-0.7509,51.9063],[-0.7507,51.9131],[-0.755,51.9149],[-0.757,51.9226],[-0.7647,51.9326],[-0.7734,51.936],[-0.7865,51.9341],[-0.7939,51.9311],[-0.794,51.9275],[-0.8036,51.9222],[-0.8031,51.9123],[-0.812,51.9052],[-0.8185,51.9052],[-0.8246,51.8977],[-0.8393,51.8906],[-0.8482,51.8826],[-0.862,51.8841],[-0.8678,51.8832],[-0.8759,51.8788],[-0.8838,51.8811],[-0.8895,51.8857],[-0.9012,51.8847],[-0.9113,51.8855],[-0.9155,51.8927],[-0.9232,51.8919],[-0.9285,51.8951],[-0.9463,51.8961],[-0.9488,51.8975],[-0.9472,51.906],[-0.9528,51.9124],[-0.96,51.9151],[-0.9645,51.9125],[-0.9747,51.9107],[-0.9863,51.9126],[-0.992,51.9172],[-1,51.9182],[-1.006,51.9061],[-1.014,51.9084],[-1.0163,51.9169],[-1.0276,51.9179],[-1.0407,51.9162],[-1.0432,51.9185],[-1.0595,51.9213],[-1.0762,51.9215],[-1.0817,51.937],[-1.1043,51.9379],[-1.1111,51.9433],[-1.1158,51.9438],[-1.1164,51.9488],[-1.1214,51.9524],[-1.128,51.9529],[-1.1375,51.9476],[-1.147,51.9476],[-1.1521,51.9445],[-1.1608,51.9464],[-1.1827,51.9456],[-1.2059,51.9463],[-1.2104,51.94],[-1.2198,51.9419],[-1.2337,51.9388],[-1.2472,51.9384],[-1.2627,51.9426],[-1.2616,51.9462],[-1.2691,51.953],[-1.2617,51.9623],[-1.2449,51.9667],[-1.2383,51.9667],[-1.2331,51.9734],[-1.2138,51.9728],[-1.1942,51.9731],[-1.1894,51.974],[-1.1857,51.9789],[-1.1755,51.9807],[-1.1739,51.986],[-1.1636,51.9927],[-1.1585,51.9931],[-1.154,51.9985],[-1.162,52.0033],[-1.1604,52.0071],[-1.1647,52.0121],[-1.1873,52.014],[-1.1915,52.021],[-1.21,52.0232],[-1.2147,52.027],[-1.2095,52.0321],[-1.2101,52.0389],[-1.2213,52.0435],[-1.2208,52.0533],[-1.2113,52.0555],[-1.2141,52.06],[-1.2075,52.0654],[-1.1979,52.068],[-1.1957,52.0739],[-1.1983,52.0869],[-1.2056,52.091],[-1.2004,52.095],[-1.2002,52.1042],[-1.1972,52.1116],[-1.1993,52.1141],[-1.1934,52.1192],[-1.1758,52.1209],[-1.1674,52.1227],[-1.1546,52.1212],[-1.1465,52.1248],[-1.1464,52.1302],[-1.1317,52.1386],[-1.1322,52.1487],[-1.1277,52.1529],[-1.135,52.1561],[-1.1356,52.1602],[-1.1428,52.1652],[-1.1669,52.1672],[-1.1735,52.1654],[-1.1748,52.1744],[-1.1704,52.1791],[-1.1695,52.1856],[-1.179,52.1875],[-1.1906,52.1934],[-1.1882,52.2006],[-1.1989,52.1993],[-1.2116,52.2066],[-1.2114,52.2142],[-1.2135,52.2228]]]},"properties":{"HA_NUM":39,"HA_NAME":"Thames"}},
{"type":"Feature","geometry":{"type":"MultiPolygon","coordinates":[[[[0.6228,50.8611],[0.6387,50.8672],[0.6504,50.8678],[0.6667,50.8721],[0.6801,50.8818],[0.6824,50.8857],[0.7011,50.8964],[0.7206,50.9084],[0.7326,50.9148],[0.7519,50.9228],[0.7661,50.9266],[0.7743,50.9274],[0.7716,50.9316],[0.7845,50.9334],[0.7978,50.9323],[0.8963,50.9173],[0.9474,50.9114],[0.9699,50.9109],[0.9808,50.9143],[0.9814,50.9169],[0.9665,50.9508],[0.9645,50.9594],[0.9642,50.9693],[0.9769,51.0023],[0.9834,51.0122],[1.0014,51.0278],[1.03,51.0442],[1.0386,51.0501],[1.0606,51.0593],[1.073,51.0628],[1.0938,51.0674],[1.1087,51.0696],[1.1507,51.0732],[1.1646,51.0732],[1.1892,51.0774],[1.1869,51.0801],[1.1986,51.0831],[1.201,51.0888],[1.2078,51.0939],[1.2159,51.0973],[1.2262,51.0995],[1.245,51.1009],[1.2505,51.1003],[1.2614,51.1027],[1.2678,51.1017],[1.2948,51.1103],[1.2972,51.1124],[1.3125,51.1142],[1.3129,51.1195],[1.3173,51.1234],[1.3266,51.1256],[1.3302,51.1239],[1.3475,51.1329],[1.3586,51.1344],[1.3764,51.1405],[1.3816,51.1443],[1.3855,51.1505],[1.3927,51.1544],[1.3992,51.162],[1.4056,51.175],[1.4044,51.1815],[1.4057,51.1884],[1.4038,51.213],[1.4048,51.23],[1.4035,51.2365],[1.3886,51.2678],[1.3811,51.2793],[1.375,51.2957],[1.3716,51.3109],[1.3616,51.3122],[1.3557,51.3089],[1.3496,51.3011],[1.3476,51.2926],[1.3542,51.2805],[1.3521,51.2752],[1.3481,51.274],[1.333,51.2807],[1.3283,51.2869],[1.3351,51.2937],[1.3397,51.2935],[1.354,51.3086],[1.3631,51.3137],[1.3622,51.3188],[1.3681,51.3256],[1.3774,51.3297],[1.3978,51.3259],[1.4094,51.3268],[1.4246,51.3305],[1.4328,51.3379],[1.4424,51.3498],[1.4461,51.3665],[1.4495,51.3707],[1.4495,51.3783],[1.4425,51.3872],[1.4261,51.394],[1.419,51.3922],[1.3849,51.393],[1.3789,51.3883],[1.3592,51.3858],[1.3514,51.3873],[1.3456,51.3854],[1.3339,51.3864],[1.3253,51.3827],[1.3049,51.3819],[1.2988,51.3834],[1.2888,51.3828],[1.2787,51.378],[1.2635,51.3779],[1.2555,51.3768],[1.2349,51.3795],[1.1994,51.3802],[1.1674,51.3747],[1.1452,51.373],[1.1279,51.3734],[1.1133,51.3721],[1.1014,51.3725],[1.0961,51.3692],[1.0807,51.3682],[1.0692,51.3694],[1.0656,51.3671],[1.0541,51.3656],[1.0336,51.3656],[1.0252,51.3629],[1.0136,51.353],[1.001,51.3482],[0.9887,51.3467],[0.968,51.3467],[0.9588,51.3451],[0.9393,51.347],[0.9262,51.3451],[0.9199,51.3461],[0.9143,51.3441],[0.8965,51.3414],[0.8974,51.3444],[0.8878,51.3467],[0.8783,51.3527],[0.8612,51.3564],[0.8516,51.3544],[0.8382,51.3538],[0.8222,51.3549],[0.8065,51.3601],[0.7819,51.3609],[0.7695,51.3628],[0.765,51.3612],[0.7609,51.3701],[0.7639,51.3821],[0.7625,51.3847],[0.7511,51.3882],[0.7453,51.393],[0.7264,51.3994],[0.7179,51.413],[0.7206,51.4187],[0.7084,51.4187],[0.6989,51.4213],[0.6967,51.418],[0.6989,51.4095],[0.6959,51.4072],[0.7022,51.3955],[0.7073,51.3948],[0.7188,51.3893],[0.7143,51.3844],[0.6957,51.38],[0.6951,51.3849],[0.703,51.391],[0.6986,51.394],[0.6879,51.392],[0.6846,51.3894],[0.6815,51.3799],[0.6749,51.3758],[0.6669,51.379],[0.6667,51.382],[0.6576,51.3924],[0.6476,51.3975],[0.6406,51.3954],[0.6418,51.3917],[0.6356,51.3883],[0.6267,51.3885],[0.6169,51.3785],[0.6054,51.3812],[0.5931,51.3901],[0.5781,51.3906],[0.5643,51.3959],[0.5584,51.3963],[0.5492,51.407],[0.5394,51.4105],[0.5344,51.4095],[0.5259,51.3959],[0.5219,51.3848],[0.5111,51.3866],[0.5086,51.3946],[0.5023,51.3923],[0.4904,51.3824],[0.4903,51.3885],[0.4988,51.3922],[0.5041,51.3972],[0.511,51.3949],[0.5147,51.3891],[0.5215,51.3903],[0.5228,51.3999],[0.5303,51.4112],[0.5379,51.4136],[0.5642,51.4112],[0.5758,51.4154],[0.5879,51.416],[0.5929,51.4148],[0.6075,51.4165],[0.6231,51.4226],[0.6184,51.4283],[0.6183,51.4356],[0.6284,51.4378],[0.6358,51.4441],[0.6464,51.4449],[0.656,51.4491],[0.6692,51.4441],[0.6761,51.4397],[0.6748,51.4338],[0.691,51.433],[0.7051,51.4337],[0.7173,51.4373],[0.7236,51.4436],[0.7231,51.4537],[0.7208,51.4596],[0.7112,51.4649],[0.7024,51.4719],[0.6955,51.4723],[0.6863,51.4752],[0.6721,51.4722],[0.6698,51.4751],[0.6602,51.4777],[0.6508,51.4769],[0.6443,51.4793],[0.6253,51.4775],[0.6156,51.4752],[0.6101,51.4793],[0.5853,51.4842],[0.5795,51.4805],[0.5747,51.4844],[0.5534,51.4852],[0.5465,51.4874],[0.5261,51.4845],[0.4848,51.4874],[0.4682,51.4825],[0.4544,51.463],[0.4599,51.4549],[0.4359,51.4478],[0.4145,51.4441],[0.3884,51.4434],[0.3686,51.4455],[0.3516,51.4458],[0.3387,51.4479],[0.328,51.4512],[0.3216,51.4561],[0.3177,51.4631],[0.3092,51.4665],[0.2994,51.4583],[0.2917,51.4549],[0.2743,51.4538],[0.2673,51.456],[0.2609,51.4608],[0.2536,51.4621],[0.2202,51.4795],[0.2127,51.4756],[0.2094,51.4714],[0.2119,51.4682],[0.21,51.4621],[0.2034,51.4593],[0.1993,51.463],[0.191,51.4632],[0.1826,51.4597],[0.1599,51.4597],[0.1459,51.4608],[0.1426,51.4654],[0.1355,51.4678],[0.1358,51.4741],[0.1239,51.481],[0.1206,51.473],[0.1038,51.4688],[0.0965,51.4653],[0.0894,51.4682],[0.0828,51.4651],[0.0745,51.4648],[0.0665,51.4546],[0.0546,51.4465],[0.0588,51.4446],[0.0592,51.4377],[0.0642,51.436],[0.065,51.4227],[0.0737,51.4082],[0.0844,51.4062],[0.0892,51.4014],[0.0874,51.3918],[0.0915,51.3885],[0.0842,51.386],[0.0832,51.3786],[0.0802,51.3766],[0.0747,51.365],[0.0616,51.3616],[0.0599,51.3567],[0.051,51.3573],[0.0389,51.3526],[0.0367,51.3353],[0.0322,51.3307],[0.0318,51.3224],[0.0398,51.3072],[0.0509,51.3005],[0.0565,51.2956],[0.0576,51.288],[0.0281,51.2876],[0.0184,51.2864],[0.0115,51.2834],[-0.0016,51.28],[-0.0039,51.2764],[-0.0306,51.2724],[-0.0336,51.268],[-0.0482,51.2628],[-0.0623,51.2687],[-0.0738,51.2668],[-0.0747,51.2637],[-0.0847,51.263],[-0.0901,51.2556],[-0.0967,51.251],[-0.097,51.2443],[-0.1051,51.239],[-0.1016,51.2371],[-0.0891,51.2351],[-0.078,51.235],[-0.0822,51.2215],[-0.0772,51.2203],[-0.0761,51.2122],[-0.0805,51.2098],[-0.0794,51.2031],[-0.0905,51.1934],[-0.0994,51.1939],[-0.1024,51.1816],[-0.0984,51.1746],[-0.1021,51.1711],[-0.099,51.1609],[-0.0933,51.1601],[-0.0872,51.1528],[-0.089,51.1423],[-0.0942,51.1381],[-0.0888,51.1292],[-0.089,51.1248],[-0.0813,51.1222],[-0.0822,51.1181],[-0.0881,51.1119],[-0.0969,51.1076],[-0.0943,51.1017],[-0.0882,51.1025],[-0.0844,51.0975],[-0.0725,51.0937],[-0.0707,51.0851],[-0.0659,51.0801],[-0.0552,51.0804],[-0.0483,51.0748],[-0.0369,51.0733],[-0.0212,51.073],[-0.0083,51.0742],[0.0187,51.071],[0.025,51.0682],[0.0219,51.0638],[0.0223,51.0561],[0.0192,51.0508],[0.0352,51.0424],[0.0451,51.04],[0.0556,51.0353],[0.0615,51.0397],[0.0702,51.0418],[0.0836,51.0397],[0.0857,51.0379],[0.0955,51.0418],[0.1021,51.0381],[0.1184,51.036],[0.1257,51.0403],[0.1335,51.0393],[0.1504,51.0498],[0.1606,51.0388],[0.168,51.0355],[0.1819,51.0353],[0.1867,51.0316],[0.1996,51.0331],[0.2073,51.0298],[0.2215,51.0287],[0.2269,51.0227],[0.2248,51.0093],[0.2191,51.0085],[0.2203,51.003],[0.2178,50.9966],[0.2125,50.9906],[0.2174,50.9878],[0.2214,50.9814],[0.2182,50.9743],[0.2314,50.975],[0.2393,50.9685],[0.2457,50.9688],[0.2523,50.9741],[0.2716,50.9742],[0.2721,50.9706],[0.2812,50.9663],[0.2957,50.9656],[0.3009,50.9615],[0.308,50.9609],[0.3188,50.964],[0.3263,50.9576],[0.3274,50.9499],[0.3301,50.9478],[0.3408,50.9476],[0.3521,50.9402],[0.363,50.9377],[0.3689,50.9403],[0.3662,50.9446],[0.3672,50.9502],[0.3737,50.951],[0.3854,50.9499],[0.4061,50.945],[0.4151,50.9403],[0.4281,50.9436],[0.4345,50.9426],[0.4367,50.9299],[0.4485,50.918],[0.4673,50.9167],[0.4781,50.9201],[0.4913,50.9144],[0.4981,50.9088],[0.5046,50.9092],[0.5162,50.9001],[0.5344,50.8946],[0.5499,50.8924],[0.5674,50.888],[0.5736,50.8847],[0.592,50.8825],[0.5939,50.8793],[0.6016,50.876],[0.6087,50.8758],[0.6145,50.878],[0.6243,50.8764],[0.6254,50.8701],[0.6208,50.8639],[0.6228,50.8611]]],[[[0.7476,51.4467],[0.7436,51.4433],[0.7362,51.4293],[0.7359,51.4217],[0.7426,51.4143],[0.7401,51.411],[0.7279,51.4083],[0.7309,51.4016],[0.7414,51.3986],[0.7515,51.3906],[0.7654,51.3857],[0.7684,51.3791],[0.7642,51.3734],[0.7739,51.3678],[0.7901,51.3731],[0.8004,51.369],[0.8048,51.3715],[0.8393,51.3635],[0.868,51.365],[0.8763,51.363],[0.8767,51.3601],[0.8887,51.3552],[0.898,51.3544],[0.9086,51.3555],[0.9264,51.3625],[0.9269,51.365],[0.9409,51.3706],[0.9462,51.3699],[0.951,51.3736],[0.9446,51.3804],[0.9377,51.3903],[0.9269,51.3977],[0.9145,51.4042],[0.9022,51.4166],[0.8878,51.4208],[0.8697,51.421],[0.8475,51.4242],[0.8251,51.4255],[0.8153,51.4283],[0.7901,51.44],[0.772,51.4404],[0.7639,51.4418],[0.7476,51.4467]]],[[[1.3504,51.2989],[1.3348,51.2932],[1.3288,51.287],[1.3368,51.282],[1.3425,51.2761],[1.3482,51.2746],[1.3507,51.2807],[1.3518,51.2899],[1.3467,51.2938],[1.3504,51.2989]]],[[[0.6849,51.4124],[0.6765,51.4059],[0.6729,51.41],[0.6657,51.4075],[0.6772,51.3998],[0.6869,51.3975],[0.6955,51.3979],[0.6906,51.4049],[0.6906,51.4122],[0.6849,51.4124]]],[[[0.6682,51.4239],[0.672,51.4136],[0.6765,51.4151],[0.6767,51.423],[0.6682,51.4239]]],[[[0.5722,51.4064],[0.5642,51.408],[0.5604,51.4028],[0.5792,51.4029],[0.5722,51.4064]]],[[[0.6827,51.3955],[0.672,51.3953],[0.6728,51.3907],[0.6827,51.3955]]]]},"properties":{"HA_NUM":40,"HA_NAME":"Kent Rivers Group"}},
{"type":"Feature","geometry":{"type":"MultiPolygon","coordinates":[[[[-0.0943,51.1017],[-0.1051,51.0996],[-0.1124,51.0948],[-0.126,51.0946],[-0.134,51.0915],[-0.1322,51.0827],[-0.1589,51.0744],[-0.1673,51.0619],[-0.1771,51.0648],[-0.1923,51.0601],[-0.1993,51.0642],[-0.2018,51.0733],[-0.2053,51.0756],[-0.2079,51.0821],[-0.2182,51.0839],[-0.2371,51.0832],[-0.2479,51.0812],[-0.2547,51.0905],[-0.2637,51.098],[-0.2649,51.1021],[-0.2778,51.1014],[-0.2921,51.102],[-0.2993,51.1012],[-0.3011,51.1085],[-0.2946,51.1102],[-0.2908,51.1169],[-0.2785,51.1221],[-0.2828,51.1302],[-0.2888,51.1339],[-0.2966,51.1345],[-0.3032,51.1386],[-0.31,51.1383],[-0.3192,51.1416],[-0.3212,51.1456],[-0.3298,51.1451],[-0.3324,51.1516],[-0.3322,51.1593],[-0.3263,51.1632],[-0.3388,51.1742],[-0.3407,51.1792],[-0.3499,51.1836],[-0.3591,51.1848],[-0.3629,51.1793],[-0.3737,51.1765],[-0.3931,51.1844],[-0.4131,51.1851],[-0.4224,51.1772],[-0.4226,51.1691],[-0.4249,51.1662],[-0.4244,51.1585],[-0.4202,51.156],[-0.4157,51.1429],[-0.4091,51.1379],[-0.4068,51.1315],[-0.3998,51.1269],[-0.3898,51.1273],[-0.3856,51.1232],[-0.3875,51.1191],[-0.3936,51.1192],[-0.3961,51.1107],[-0.4213,51.1048],[-0.4422,51.0978],[-0.4456,51.1019],[-0.4521,51.0998],[-0.475,51.0983],[-0.4866,51.0944],[-0.4955,51.0954],[-0.5059,51.0924],[-0.5115,51.0976],[-0.5162,51.1056],[-0.5236,51.1106],[-0.5414,51.1117],[-0.5409,51.1171],[-0.5435,51.1248],[-0.5492,51.1248],[-0.5526,51.1312],[-0.5602,51.1378],[-0.5734,51.1404],[-0.5774,51.1378],[-0.5841,51.141],[-0.5945,51.1384],[-0.5998,51.1412],[-0.6066,51.139],[-0.6231,51.1392],[-0.6299,51.1366],[-0.6525,51.1351],[-0.6575,51.1365],[-0.6661,51.1339],[-0.6834,51.1305],[-0.6891,51.1305],[-0.7006,51.1271],[-0.7075,51.1218],[-0.7158,51.1187],[-0.7159,51.1151],[-0.7067,51.1141],[-0.7089,51.1101],[-0.7099,51.0998],[-0.7052,51.0912],[-0.7125,51.0854],[-0.7026,51.0803],[-0.6886,51.0707],[-0.689,51.0559],[-0.7004,51.0565],[-0.7088,51.0642],[-0.7209,51.0653],[-0.7302,51.064],[-0.7293,51.0712],[-0.7382,51.0726],[-0.7478,51.0718],[-0.7664,51.0729],[-0.7736,51.0692],[-0.7701,51.0658],[-0.771,51.0577],[-0.7782,51.0557],[-0.7832,51.0583],[-0.789,51.0547],[-0.7968,51.0548],[-0.809,51.0504],[-0.8176,51.0505],[-0.8248,51.0461],[-0.8406,51.0418],[-0.8463,51.0434],[-0.8532,51.0513],[-0.8524,51.0558],[-0.8452,51.0589],[-0.8522,51.0639],[-0.8518,51.0671],[-0.8678,51.0677],[-0.8698,51.0753],[-0.8812,51.0745],[-0.8882,51.0805],[-0.8874,51.0867],[-0.8958,51.09],[-0.914,51.091],[-0.9196,51.0951],[-0.9359,51.0863],[-0.9354,51.0782],[-0.9454,51.0769],[-0.9482,51.0788],[-0.9633,51.0735],[-0.9627,51.0703],[-0.9528,51.0635],[-0.9526,51.0604],[-0.9666,51.0533],[-0.9685,51.0493],[-0.959,51.0451],[-0.9534,51.0392],[-0.9649,51.0348],[-0.9636,51.0272],[-0.9815,51.0269],[-0.985,51.0278],[-0.9893,51.027],[-1.0023,51.0206],[-1.0089,51.0121],[-1.009,51.008],[-1.0148,51.0027],[-1.0056,50.9965],[-1.0037,50.9857],[-0.9932,50.9793],[-0.9741,50.9738],[-0.9648,50.9739],[-0.9543,50.9691],[-0.9407,50.9703],[-0.9322,50.9689],[-0.9173,50.964],[-0.9117,50.9602],[-0.917,50.9476],[-0.9115,50.9406],[-0.9118,50.9287],[-0.9161,50.9265],[-0.9121,50.915],[-0.9136,50.9123],[-0.9258,50.9045],[-0.9277,50.9014],[-0.9388,50.8993],[-0.941,50.8955],[-0.9413,50.8818],[-0.9493,50.8728],[-0.9352,50.8662],[-0.9347,50.8574],[-0.9383,50.8563],[-0.9385,50.8476],[-0.9355,50.8446],[-0.9316,50.8409],[-0.9414,50.8275],[-0.9416,50.8211],[-0.9389,50.8172],[-0.9114,50.8032],[-0.9078,50.8174],[-0.9162,50.837],[-0.8935,50.8378],[-0.8959,50.8319],[-0.8921,50.8242],[-0.8922,50.8185],[-0.8889,50.8156],[-0.8779,50.8115],[-0.875,50.8171],[-0.8658,50.8268],[-0.8702,50.8315],[-0.8694,50.8402],[-0.862,50.8379],[-0.8615,50.8293],[-0.8588,50.8278],[-0.87,50.8174],[-0.868,50.8128],[-0.8554,50.8103],[-0.8494,50.8053],[-0.8427,50.8047],[-0.8375,50.8086],[-0.8232,50.814],[-0.8169,50.8246],[-0.8169,50.8294],[-0.8084,50.8301],[-0.8123,50.8222],[-0.8155,50.8205],[-0.8143,50.8146],[-0.8248,50.8099],[-0.8249,50.805],[-0.8341,50.805],[-0.8447,50.7999],[-0.8602,50.8028],[-0.8659,50.8071],[-0.8775,50.8078],[-0.8906,50.7998],[-0.8939,50.7914],[-0.9036,50.7877],[-0.9122,50.7888],[-0.9166,50.7804],[-0.9067,50.7745],[-0.8642,50.7623],[-0.8401,50.7523],[-0.8239,50.7423],[-0.8165,50.7388],[-0.7974,50.7249],[-0.7896,50.7225],[-0.7757,50.7303],[-0.7636,50.7427],[-0.7618,50.7482],[-0.7671,50.759],[-0.7795,50.7621],[-0.7772,50.7679],[-0.7659,50.7676],[-0.7623,50.7728],[-0.7558,50.7718],[-0.7571,50.7673],[-0.746,50.7615],[-0.737,50.7675],[-0.7282,50.7714],[-0.6948,50.7791],[-0.6889,50.7793],[-0.6559,50.7846],[-0.6441,50.7873],[-0.6282,50.7881],[-0.6165,50.7908],[-0.6019,50.791],[-0.5888,50.7944],[-0.5771,50.796],[-0.5706,50.7984],[-0.556,50.8004],[-0.5435,50.8001],[-0.5453,50.8064],[-0.5532,50.8109],[-0.5605,50.8121],[-0.5619,50.818],[-0.5697,50.816],[-0.5746,50.8194],[-0.5766,50.8269],[-0.5674,50.8295],[-0.5717,50.8337],[-0.5647,50.8373],[-0.5658,50.8441],[-0.5612,50.8515],[-0.5515,50.854],[-0.5478,50.8514],[-0.5415,50.8535],[-0.5395,50.8579],[-0.5471,50.8606],[-0.5451,50.8661],[-0.538,50.8668],[-0.5364,50.8728],[-0.5322,50.8738],[-0.5262,50.8669],[-0.5313,50.8642],[-0.5433,50.8664],[-0.5463,50.8611],[-0.5388,50.8576],[-0.546,50.8512],[-0.5516,50.8536],[-0.5607,50.8514],[-0.5654,50.8442],[-0.5642,50.8371],[-0.5701,50.8359],[-0.5667,50.8291],[-0.576,50.8266],[-0.5739,50.82],[-0.5621,50.8191],[-0.5602,50.8131],[-0.5525,50.8115],[-0.5442,50.8068],[-0.5427,50.8025],[-0.5244,50.8021],[-0.4731,50.8031],[-0.4627,50.8022],[-0.444,50.8024],[-0.42,50.8052],[-0.3919,50.8065],[-0.3692,50.8092],[-0.3345,50.8167],[-0.3288,50.819],[-0.3047,50.8231],[-0.2735,50.8272],[-0.2482,50.8265],[-0.2391,50.8287],[-0.2259,50.8286],[-0.2109,50.827],[-0.1644,50.8232],[-0.139,50.8191],[-0.1321,50.8186],[-0.1085,50.8134],[-0.1037,50.8142],[-0.0856,50.8102],[-0.0557,50.8018],[-0.0426,50.8005],[-0.0204,50.7937],[-0.0008,50.7885],[0.0202,50.7851],[0.0355,50.7811],[0.0518,50.7802],[0.0573,50.7818],[0.0519,50.7948],[0.0478,50.7996],[0.0437,50.8087],[0.0325,50.8109],[0.0259,50.8171],[0.0275,50.8211],[0.0253,50.8319],[0.0296,50.8364],[0.0334,50.8456],[0.0375,50.8479],[0.0297,50.8563],[0.0197,50.8643],[0.0232,50.8706],[0.015,50.8763],[0.0061,50.8797],[-0.0025,50.8863],[-0.0015,50.8891],[0.0105,50.8937],[0.015,50.8874],[-0.0004,50.8892],[-0.0024,50.8869],[0.0058,50.8802],[0.0156,50.8763],[0.0222,50.872],[0.0238,50.8667],[0.0203,50.8641],[0.0301,50.8566],[0.0354,50.8499],[0.0302,50.8361],[0.0263,50.8339],[0.0281,50.8208],[0.0264,50.8162],[0.0332,50.811],[0.0429,50.8098],[0.053,50.794],[0.0577,50.7825],[0.0675,50.7824],[0.0789,50.7791],[0.0879,50.7751],[0.109,50.7639],[0.1237,50.7581],[0.138,50.7558],[0.1458,50.7588],[0.1526,50.7582],[0.1796,50.7496],[0.1874,50.7483],[0.1985,50.7438],[0.2038,50.7401],[0.2199,50.7368],[0.2397,50.735],[0.26,50.7384],[0.2662,50.7469],[0.2762,50.7557],[0.2861,50.7603],[0.2881,50.7632],[0.3023,50.7749],[0.3167,50.7815],[0.3284,50.7846],[0.3337,50.7931],[0.3482,50.8084],[0.3619,50.8155],[0.3692,50.8181],[0.4108,50.8294],[0.4437,50.8338],[0.4801,50.8372],[0.4956,50.8404],[0.5208,50.848],[0.5386,50.8499],[0.5573,50.8504],[0.5778,50.8539],[0.5916,50.8538],[0.6086,50.8596],[0.6228,50.8611],[0.6208,50.8639],[0.6254,50.8701],[0.6243,50.8764],[0.6145,50.878],[0.6087,50.8758],[0.6016,50.876],[0.5939,50.8793],[0.592,50.8825],[0.5736,50.8847],[0.5674,50.888],[0.5499,50.8924],[0.5344,50.8946],[0.5162,50.9001],[0.5046,50.9092],[0.4981,50.9088],[0.4913,50.9144],[0.4781,50.9201],[0.4673,50.9167],[0.4485,50.918],[0.4367,50.9299],[0.4345,50.9426],[0.4281,50.9436],[0.4151,50.9403],[0.4061,50.945],[0.3854,50.9499],[0.3737,50.951],[0.3672,50.9502],[0.3662,50.9446],[0.3689,50.9403],[0.363,50.9377],[0.3521,50.9402],[0.3408,50.9476],[0.3301,50.9478],[0.3274,50.9499],[0.3263,50.9576],[0.3188,50.964],[0.308,50.9609],[0.3009,50.9615],[0.2957,50.9656],[0.2812,50.9663],[0.2721,50.9706],[0.2716,50.9742],[0.2523,50.9741],[0.2457,50.9688],[0.2393,50.9685],[0.2314,50.975],[0.2182,50.9743],[0.2214,50.9814],[0.2174,50.9878],[0.2125,50.9906],[0.2178,50.9966],[0.2203,51.003],[0.2191,51.0085],[0.2248,51.0093],[0.2269,51.0227],[0.2215,51.0287],[0.2073,51.0298],[0.1996,51.0331],[0.1867,51.0316],[0.1819,51.0353],[0.168,51.0355],[0.1606,51.0388],[0.1504,51.0498],[0.1335,51.0393],[0.1257,51.0403],[0.1184,51.036],[0.1021,51.0381],[0.0955,51.0418],[0.0857,51.0379],[0.0836,51.0397],[0.0702,51.0418],[0.0615,51.0397],[0.0556,51.0353],[0.0451,51.04],[0.0352,51.0424],[0.0192,51.0508],[0.0223,51.0561],[0.0219,51.0638],[0.025,51.0682],[0.0187,51.071],[-0.0083,51.0742],[-0.0212,51.073],[-0.0369,51.0733],[-0.0483,51.0748],[-0.0552,51.0804],[-0.0659,51.0801],[-0.0707,51.0851],[-0.0725,51.0937],[-0.0844,51.0975],[-0.0882,51.1025],[-0.0943,51.1017]]],[[[-0.5323,50.8645],[-0.5259,50.8678],[-0.533,50.8737],[-0.5383,50.8657],[-0.5323,50.8645]]],[[[0.0093,50.8948],[0.0062,50.8893],[0.0151,50.8896],[0.0093,50.8948]]]]},"properties":{"HA_NUM":41,"HA_NAME":"Sussex Rivers Group"}},
{"type":"Feature","geometry":{"type":"MultiPolygon","coordinates":[[[[-0.985,51.0278],[-0.9921,51.031],[-1.0072,51.0411],[-1.0136,51.0429],[-1.0296,51.0439],[-1.034,51.0395],[-1.0603,51.0419],[-1.063,51.0492],[-1.0687,51.0501],[-1.0693,51.0573],[-1.0645,51.0654],[-1.0583,51.0698],[-1.0512,51.0697],[-1.0468,51.0747],[-1.0517,51.0792],[-1.0565,51.0898],[-1.0536,51.0927],[-1.0613,51.0968],[-1.0605,51.104],[-1.0576,51.1053],[-1.0596,51.1125],[-1.0687,51.122],[-1.0643,51.1274],[-1.0696,51.1315],[-1.0871,51.1316],[-1.0993,51.1284],[-1.1057,51.1309],[-1.1034,51.1351],[-1.1048,51.1412],[-1.0989,51.1486],[-1.0894,51.1573],[-1.0815,51.159],[-1.0685,51.165],[-1.0656,51.1679],[-1.069,51.1765],[-1.0747,51.1783],[-1.0788,51.186],[-1.0731,51.1864],[-1.068,51.1904],[-1.0566,51.1898],[-1.0494,51.1934],[-1.0415,51.1942],[-1.0378,51.1971],[-1.037,51.2023],[-1.0398,51.2059],[-1.0469,51.2084],[-1.0468,51.2118],[-1.0561,51.215],[-1.075,51.2174],[-1.0843,51.2157],[-1.1021,51.2221],[-1.1139,51.2227],[-1.1183,51.2204],[-1.1235,51.2245],[-1.136,51.2269],[-1.1417,51.2296],[-1.1574,51.2322],[-1.158,51.2374],[-1.1665,51.2467],[-1.1663,51.2541],[-1.1598,51.2572],[-1.1626,51.2642],[-1.16,51.2662],[-1.1475,51.2661],[-1.1431,51.2723],[-1.1359,51.2736],[-1.1343,51.2799],[-1.1556,51.292],[-1.1627,51.2941],[-1.1635,51.2891],[-1.1765,51.2888],[-1.1822,51.2866],[-1.1901,51.288],[-1.1929,51.2938],[-1.205,51.2953],[-1.2128,51.2994],[-1.2207,51.2994],[-1.2287,51.2959],[-1.2358,51.2997],[-1.2451,51.2991],[-1.2536,51.3073],[-1.2655,51.3042],[-1.2722,51.3092],[-1.2901,51.3088],[-1.2916,51.3061],[-1.3024,51.308],[-1.3145,51.3081],[-1.321,51.3113],[-1.3324,51.3127],[-1.3453,51.3128],[-1.3467,51.315],[-1.3603,51.3164],[-1.3658,51.3129],[-1.3834,51.3125],[-1.3933,51.318],[-1.4005,51.3193],[-1.4019,51.3225],[-1.4097,51.3255],[-1.4104,51.3293],[-1.4189,51.3361],[-1.4318,51.3393],[-1.4389,51.3452],[-1.4489,51.3511],[-1.465,51.3534],[-1.4696,51.3565],[-1.4833,51.358],[-1.4883,51.3555],[-1.512,51.3549],[-1.515,51.3504],[-1.525,51.3491],[-1.5386,51.3505],[-1.5602,51.347],[-1.5768,51.3372],[-1.5734,51.3197],[-1.5838,51.3147],[-1.5971,51.3184],[-1.6021,51.318],[-1.5943,51.3121],[-1.5922,51.3022],[-1.5979,51.3018],[-1.6023,51.2977],[-1.6052,51.2905],[-1.6124,51.2847],[-1.6203,51.2825],[-1.6272,51.278],[-1.6383,51.2751],[-1.6383,51.2722],[-1.6441,51.2655],[-1.6477,51.2646],[-1.6493,51.2394],[-1.6516,51.2316],[-1.6588,51.2217],[-1.6588,51.2138],[-1.6532,51.2089],[-1.6475,51.1976],[-1.6476,51.1918],[-1.6411,51.1881],[-1.6408,51.1827],[-1.6276,51.1791],[-1.6255,51.1735],[-1.6256,51.1656],[-1.6421,51.1612],[-1.6422,51.149],[-1.6508,51.1419],[-1.6565,51.141],[-1.6638,51.1298],[-1.6723,51.1275],[-1.6813,51.1231],[-1.6881,51.1217],[-1.6953,51.1155],[-1.7028,51.1146],[-1.7118,51.1092],[-1.7104,51.1047],[-1.7182,51.0984],[-1.7179,51.0939],[-1.7276,51.0859],[-1.7255,51.0778],[-1.7384,51.0706],[-1.7327,51.065],[-1.7299,51.0587],[-1.7435,51.0522],[-1.7371,51.0427],[-1.7215,51.0391],[-1.7236,51.0319],[-1.7194,51.0278],[-1.7119,51.0278],[-1.7066,51.0217],[-1.7038,51.0116],[-1.7103,51.0033],[-1.7125,50.9961],[-1.7182,50.9932],[-1.7183,50.9739],[-1.7084,50.9689],[-1.7084,50.9667],[-1.6928,50.9545],[-1.6708,50.9477],[-1.6527,50.9382],[-1.6574,50.9274],[-1.6524,50.922],[-1.6518,50.9148],[-1.6632,50.9126],[-1.6653,50.909],[-1.6739,50.905],[-1.6839,50.9023],[-1.6832,50.8938],[-1.689,50.8857],[-1.6912,50.8767],[-1.6955,50.87],[-1.7097,50.8642],[-1.714,50.8642],[-1.7239,50.8602],[-1.7283,50.8534],[-1.724,50.8435],[-1.7212,50.8431],[-1.7184,50.8314],[-1.7135,50.826],[-1.7142,50.8215],[-1.7206,50.8197],[-1.7228,50.8116],[-1.7271,50.8102],[-1.7293,50.8008],[-1.7193,50.7985],[-1.7122,50.7994],[-1.7109,50.7954],[-1.7045,50.7904],[-1.6932,50.7841],[-1.6975,50.7751],[-1.6975,50.7693],[-1.6876,50.7688],[-1.687,50.7566],[-1.6906,50.7526],[-1.6871,50.7459],[-1.6999,50.7368],[-1.678,50.7364],[-1.6532,50.7335],[-1.6326,50.7296],[-1.5826,50.7187],[-1.5763,50.7162],[-1.5626,50.7215],[-1.5547,50.7228],[-1.5523,50.7276],[-1.5429,50.7279],[-1.5311,50.7368],[-1.5305,50.7423],[-1.5259,50.7444],[-1.5253,50.7487],[-1.5296,50.7513],[-1.5306,50.7584],[-1.5161,50.7535],[-1.502,50.7538],[-1.4845,50.7555],[-1.4812,50.757],[-1.4581,50.7618],[-1.4193,50.7666],[-1.3947,50.7742],[-1.414,50.7872],[-1.4099,50.7916],[-1.4124,50.7999],[-1.4229,50.8005],[-1.4195,50.8046],[-1.4091,50.8003],[-1.4068,50.7932],[-1.4087,50.7865],[-1.3954,50.7834],[-1.3929,50.7858],[-1.367,50.7852],[-1.3526,50.7838],[-1.3417,50.7864],[-1.3365,50.7942],[-1.3278,50.8027],[-1.3108,50.8128],[-1.3171,50.8168],[-1.328,50.8288],[-1.3362,50.8349],[-1.3418,50.8442],[-1.35,50.8459],[-1.3744,50.8555],[-1.3791,50.8599],[-1.4003,50.872],[-1.3969,50.8745],[-1.407,50.8793],[-1.4226,50.8931],[-1.4297,50.8979],[-1.4433,50.902],[-1.4539,50.9017],[-1.4707,50.9067],[-1.4785,50.9118],[-1.4784,50.925],[-1.4672,50.9115],[-1.4511,50.904],[-1.4473,50.9037],[-1.4397,50.9081],[-1.4111,50.8985],[-1.4043,50.8956],[-1.3952,50.8829],[-1.387,50.8974],[-1.3877,50.9065],[-1.3762,50.9159],[-1.3734,50.9098],[-1.3793,50.9075],[-1.3846,50.9026],[-1.3825,50.9005],[-1.3833,50.8892],[-1.3705,50.8845],[-1.3536,50.8711],[-1.3394,50.8627],[-1.332,50.8572],[-1.3213,50.8515],[-1.3096,50.8498],[-1.3125,50.8549],[-1.3125,50.8627],[-1.3093,50.8688],[-1.3144,50.8731],[-1.3007,50.8801],[-1.3051,50.8828],[-1.2952,50.8904],[-1.2928,50.8886],[-1.302,50.8835],[-1.2965,50.8791],[-1.3055,50.8738],[-1.3063,50.8655],[-1.3047,50.8586],[-1.3081,50.8563],[-1.3033,50.8491],[-1.3083,50.8434],[-1.303,50.8383],[-1.2943,50.8351],[-1.2623,50.8259],[-1.2465,50.8172],[-1.2384,50.8179],[-1.2144,50.8096],[-1.1972,50.7945],[-1.189,50.7891],[-1.1831,50.7873],[-1.1672,50.7856],[-1.1552,50.7819],[-1.1427,50.7736],[-1.134,50.7755],[-1.1172,50.7879],[-1.1168,50.7958],[-1.124,50.7991],[-1.1242,50.8058],[-1.1302,50.8108],[-1.1419,50.8173],[-1.1453,50.8255],[-1.1505,50.8266],[-1.1517,50.8353],[-1.158,50.8384],[-1.1624,50.837],[-1.1736,50.8377],[-1.173,50.8408],[-1.1633,50.8415],[-1.1604,50.8446],[-1.1437,50.8387],[-1.1351,50.8391],[-1.1228,50.8356],[-1.113,50.836],[-1.1172,50.8431],[-1.113,50.847],[-1.1031,50.8463],[-1.106,50.8376],[-1.0903,50.8278],[-1.095,50.8231],[-1.0901,50.814],[-1.0939,50.8085],[-1.1032,50.8102],[-1.1114,50.8066],[-1.1113,50.7985],[-1.1073,50.7944],[-1.109,50.7905],[-1.0912,50.7784],[-1.0883,50.7776],[-1.0628,50.7811],[-1.0482,50.7846],[-1.0317,50.7867],[-1.0297,50.792],[-1.0406,50.7899],[-1.0387,50.7968],[-1.0424,50.8063],[-1.0405,50.8113],[-1.0429,50.8201],[-1.0438,50.8302],[-1.0363,50.8349],[-1.0351,50.8294],[-1.0248,50.8268],[-1.021,50.8383],[-1.0226,50.8417],[-1.0117,50.8444],[-1.0039,50.8428],[-0.9897,50.8376],[-0.9801,50.8378],[-0.9719,50.8424],[-0.9598,50.8394],[-0.9516,50.8427],[-0.9388,50.842],[-0.9355,50.8446],[-0.9385,50.8476],[-0.9383,50.8563],[-0.9347,50.8574],[-0.9352,50.8662],[-0.9493,50.8728],[-0.9413,50.8818],[-0.941,50.8955],[-0.9388,50.8993],[-0.9277,50.9014],[-0.9258,50.9045],[-0.9136,50.9123],[-0.9121,50.915],[-0.9161,50.9265],[-0.9118,50.9287],[-0.9115,50.9406],[-0.917,50.9476],[-0.9117,50.9602],[-0.9173,50.964],[-0.9322,50.9689],[-0.9407,50.9703],[-0.9543,50.9691],[-0.9648,50.9739],[-0.9741,50.9738],[-0.9932,50.9793],[-1.0037,50.9857],[-1.0056,50.9965],[-1.0148,51.0027],[-1.009,51.008],[-1.0089,51.0121],[-1.0023,51.0206],[-0.9893,51.027],[-0.985,51.0278]]],[[[-0.9651,50.834],[-0.9704,50.8346],[-0.9867,50.827],[-0.9836,50.8222],[-0.986,50.8136],[-0.9892,50.8111],[-0.9896,50.8039],[-1.001,50.7944],[-1.018,50.7943],[-1.025,50.7958],[-1.0231,50.7876],[-1.0153,50.7857],[-0.9705,50.7817],[-0.9547,50.7783],[-0.9408,50.7767],[-0.9367,50.7777],[-0.9364,50.7866],[-0.9515,50.7842],[-0.9511,50.7868],[-0.9599,50.7905],[-0.957,50.7992],[-0.957,50.8163],[-0.9509,50.8238],[-0.9523,50.8281],[-0.9651,50.834]]],[[[-1.1017,50.8132],[-1.0928,50.8153],[-1.0988,50.8198],[-1.1017,50.8132]]]]},"properties":{"HA_NUM":42,"HA_NAME":"Hampshire Rivers Group"}},
{"type":"Feature","geometry":{"type":"Polygon","coordinates":[[[-1.9579,51.4022],[-1.9651,51.4027],[-1.9694,51.3955],[-1.9766,51.3924],[-1.9852,51.3937],[-1.9902,51.3879],[-1.996,51.387],[-1.9924,51.3753],[-1.9841,51.3757],[-1.9816,51.3728],[-1.9809,51.3654],[-1.9759,51.364],[-1.9752,51.3548],[-1.9644,51.3546],[-1.958,51.3415],[-1.9504,51.3411],[-1.94,51.3312],[-1.9386,51.3182],[-1.935,51.3157],[-1.9307,51.3074],[-1.93,51.2984],[-1.9436,51.2993],[-1.9523,51.293],[-1.9544,51.2876],[-1.963,51.2795],[-1.9752,51.2732],[-1.981,51.2642],[-1.987,51.2606],[-1.9967,51.2611],[-2.0093,51.2588],[-2.0139,51.2557],[-2.0268,51.2552],[-2.0465,51.2615],[-2.0562,51.2665],[-2.0584,51.2698],[-2.0705,51.2754],[-2.0806,51.2754],[-2.0885,51.2691],[-2.1035,51.2691],[-2.1049,51.2633],[-2.1028,51.2601],[-2.1078,51.2565],[-2.1268,51.2565],[-2.135,51.2606],[-2.1429,51.2592],[-2.1472,51.2533],[-2.1407,51.2466],[-2.14,51.2385],[-2.1417,51.2336],[-2.1528,51.2309],[-2.17,51.2308],[-2.1829,51.2326],[-2.1979,51.229],[-2.2126,51.2303],[-2.2187,51.224],[-2.2248,51.2208],[-2.2258,51.2078],[-2.2329,51.2042],[-2.2336,51.1948],[-2.2393,51.1911],[-2.2525,51.1857],[-2.2456,51.1765],[-2.2492,51.165],[-2.247,51.1579],[-2.2505,51.1516],[-2.2727,51.1515],[-2.2798,51.1537],[-2.2827,51.1501],[-2.2916,51.1497],[-2.3019,51.1456],[-2.3126,51.1393],[-2.3205,51.1392],[-2.3255,51.1426],[-2.3333,51.1347],[-2.344,51.1315],[-2.3418,51.1244],[-2.3496,51.1207],[-2.3596,51.1189],[-2.3639,51.1144],[-2.3596,51.1086],[-2.3627,51.1005],[-2.3737,51.0964],[-2.3902,51.099],[-2.403,51.0976],[-2.4108,51.0859],[-2.415,51.0845],[-2.415,51.0792],[-2.4228,51.0737],[-2.4184,51.0621],[-2.4216,51.0598],[-2.437,51.0606],[-2.4398,51.0624],[-2.4605,51.0596],[-2.4654,51.0475],[-2.4553,51.0428],[-2.4559,51.0313],[-2.458,51.0264],[-2.4672,51.0219],[-2.4701,51.0185],[-2.4643,51.0106],[-2.4457,51.0015],[-2.4391,50.9876],[-2.4298,50.9782],[-2.4283,50.9721],[-2.4204,50.9676],[-2.4168,50.958],[-2.421,50.9559],[-2.4245,50.9485],[-2.4287,50.9442],[-2.4301,50.9388],[-2.4351,50.9388],[-2.4507,50.9347],[-2.4643,50.9378],[-2.4693,50.9405],[-2.4807,50.9422],[-2.4863,50.9381],[-2.4948,50.9359],[-2.503,50.9358],[-2.5097,50.9318],[-2.5125,50.9272],[-2.5228,50.9236],[-2.5223,50.9088],[-2.502,50.9071],[-2.4974,50.9053],[-2.4952,50.8994],[-2.5044,50.8976],[-2.5104,50.8931],[-2.5199,50.8888],[-2.5269,50.875],[-2.5225,50.8678],[-2.5154,50.865],[-2.5097,50.8589],[-2.5103,50.8555],[-2.501,50.8473],[-2.4811,50.8428],[-2.4675,50.8362],[-2.4661,50.8326],[-2.4462,50.834],[-2.4412,50.8331],[-2.4363,50.8394],[-2.4242,50.8404],[-2.4192,50.8309],[-2.4114,50.8301],[-2.4014,50.8319],[-2.3908,50.8297],[-2.3765,50.8241],[-2.3705,50.8271],[-2.3545,50.8267],[-2.3514,50.8334],[-2.3411,50.8393],[-2.3206,50.8407],[-2.3206,50.8447],[-2.3164,50.849],[-2.3071,50.8524],[-2.3015,50.8524],[-2.2972,50.848],[-2.29,50.8446],[-2.2857,50.8367],[-2.2743,50.8303],[-2.2743,50.8226],[-2.2679,50.8188],[-2.2692,50.8026],[-2.2614,50.7977],[-2.2472,50.7977],[-2.2387,50.795],[-2.2369,50.7892],[-2.228,50.7836],[-2.228,50.7804],[-2.2187,50.7717],[-2.2027,50.7713],[-2.1825,50.7695],[-2.1633,50.7605],[-2.1343,50.7606],[-2.1251,50.7619],[-2.1059,50.7669],[-2.1045,50.7624],[-2.0981,50.7588],[-2.0889,50.7611],[-2.0769,50.7602],[-2.0606,50.7624],[-2.0485,50.7624],[-2.0393,50.7544],[-2.0301,50.7548],[-2.0237,50.7589],[-2.0162,50.7611],[-2.0038,50.7584],[-1.9975,50.7616],[-1.9858,50.7647],[-1.967,50.7649],[-1.9663,50.7589],[-1.9464,50.7566],[-1.9393,50.7566],[-1.9245,50.7534],[-1.9181,50.7476],[-1.9096,50.7476],[-1.9025,50.744],[-1.9018,50.7406],[-1.8937,50.7372],[-1.8706,50.7368],[-1.8543,50.7345],[-1.8466,50.73],[-1.8423,50.73],[-1.826,50.7237],[-1.8211,50.7241],[-1.8124,50.7208],[-1.7985,50.7198],[-1.7649,50.716],[-1.7493,50.713],[-1.7514,50.7187],[-1.76,50.7178],[-1.7686,50.7237],[-1.7589,50.7244],[-1.7421,50.7273],[-1.7293,50.7325],[-1.7117,50.7363],[-1.6999,50.7368],[-1.6871,50.7459],[-1.6906,50.7526],[-1.687,50.7566],[-1.6876,50.7688],[-1.6975,50.7693],[-1.6975,50.7751],[-1.6932,50.7841],[-1.7045,50.7904],[-1.7109,50.7954],[-1.7122,50.7994],[-1.7193,50.7985],[-1.7293,50.8008],[-1.7271,50.8102],[-1.7228,50.8116],[-1.7206,50.8197],[-1.7142,50.8215],[-1.7135,50.826],[-1.7184,50.8314],[-1.7212,50.8431],[-1.724,50.8435],[-1.7283,50.8534],[-1.7239,50.8602],[-1.714,50.8642],[-1.7097,50.8642],[-1.6955,50.87],[-1.6912,50.8767],[-1.689,50.8857],[-1.6832,50.8938],[-1.6839,50.9023],[-1.6739,50.905],[-1.6653,50.909],[-1.6632,50.9126],[-1.6518,50.9148],[-1.6524,50.922],[-1.6574,50.9274],[-1.6527,50.9382],[-1.6708,50.9477],[-1.6928,50.9545],[-1.7084,50.9667],[-1.7084,50.9689],[-1.7183,50.9739],[-1.7182,50.9932],[-1.7125,50.9961],[-1.7103,51.0033],[-1.7038,51.0116],[-1.7066,51.0217],[-1.7119,51.0278],[-1.7194,51.0278],[-1.7236,51.0319],[-1.7215,51.0391],[-1.7371,51.0427],[-1.7435,51.0522],[-1.7299,51.0587],[-1.7327,51.065],[-1.7384,51.0706],[-1.7255,51.0778],[-1.7276,51.0859],[-1.7179,51.0939],[-1.7182,51.0984],[-1.7104,51.1047],[-1.7118,51.1092],[-1.7028,51.1146],[-1.6953,51.1155],[-1.6881,51.1217],[-1.6813,51.1231],[-1.6723,51.1275],[-1.6638,51.1298],[-1.6565,51.141],[-1.6508,51.1419],[-1.6422,51.149],[-1.6421,51.1612],[-1.6256,51.1656],[-1.6255,51.1735],[-1.6276,51.1791],[-1.6408,51.1827],[-1.6411,51.1881],[-1.6476,51.1918],[-1.6475,51.1976],[-1.6532,51.2089],[-1.6588,51.2138],[-1.6588,51.2217],[-1.6516,51.2316],[-1.6493,51.2394],[-1.6477,51.2646],[-1.6441,51.2655],[-1.6383,51.2722],[-1.6383,51.2751],[-1.6272,51.278],[-1.6203,51.2825],[-1.6124,51.2847],[-1.6052,51.2905],[-1.6023,51.2977],[-1.5979,51.3018],[-1.5922,51.3022],[-1.5943,51.3121],[-1.6021,51.318],[-1.6182,51.3221],[-1.6178,51.3265],[-1.6217,51.3302],[-1.6307,51.3324],[-1.6307,51.3356],[-1.6511,51.3397],[-1.6629,51.3512],[-1.6693,51.355],[-1.6728,51.3609],[-1.6671,51.3622],[-1.6591,51.3714],[-1.6742,51.3757],[-1.6781,51.3789],[-1.6863,51.3803],[-1.6957,51.3794],[-1.7334,51.3795],[-1.7413,51.379],[-1.7496,51.3732],[-1.76,51.3768],[-1.7668,51.3773],[-1.7798,51.3746],[-1.7923,51.38],[-1.8002,51.3801],[-1.8085,51.3751],[-1.8178,51.3751],[-1.8279,51.3716],[-1.839,51.3729],[-1.8444,51.372],[-1.853,51.3797],[-1.8581,51.381],[-1.8739,51.3806],[-1.8943,51.3829],[-1.8976,51.3847],[-1.9119,51.3847],[-1.9284,51.3883],[-1.9302,51.3919],[-1.9428,51.3928],[-1.9471,51.3986],[-1.9572,51.4],[-1.9579,51.4022]]]},"properties":{"HA_NUM":43,"HA_NAME":"Avon and Stour"}},
{"type":"Feature","geometry":{"type":"MultiPolygon","coordinates":[[[[-1.8124,50.7208],[-1.8211,50.7241],[-1.826,50.7237],[-1.8423,50.73],[-1.8466,50.73],[-1.8543,50.7345],[-1.8706,50.7368],[-1.8937,50.7372],[-1.9018,50.7406],[-1.9025,50.744],[-1.9096,50.7476],[-1.9181,50.7476],[-1.9245,50.7534],[-1.9393,50.7566],[-1.9464,50.7566],[-1.9663,50.7589],[-1.967,50.7649],[-1.9858,50.7647],[-1.9975,50.7616],[-2.0038,50.7584],[-2.0162,50.7611],[-2.0237,50.7589],[-2.0301,50.7548],[-2.0393,50.7544],[-2.0485,50.7624],[-2.0606,50.7624],[-2.0769,50.7602],[-2.0889,50.7611],[-2.0981,50.7588],[-2.1045,50.7624],[-2.1059,50.7669],[-2.1251,50.7619],[-2.1343,50.7606],[-2.1633,50.7605],[-2.1825,50.7695],[-2.2027,50.7713],[-2.2187,50.7717],[-2.228,50.7804],[-2.228,50.7836],[-2.2369,50.7892],[-2.2387,50.795],[-2.2472,50.7977],[-2.2614,50.7977],[-2.2692,50.8026],[-2.2679,50.8188],[-2.2743,50.8226],[-2.2743,50.8303],[-2.2857,50.8367],[-2.29,50.8446],[-2.2972,50.848],[-2.3015,50.8524],[-2.3071,50.8524],[-2.3164,50.849],[-2.3206,50.8447],[-2.3206,50.8407],[-2.3411,50.8393],[-2.3514,50.8334],[-2.3545,50.8267],[-2.3705,50.8271],[-2.3765,50.8241],[-2.3908,50.8297],[-2.4014,50.8319],[-2.4114,50.8301],[-2.4192,50.8309],[-2.4242,50.8404],[-2.4363,50.8394],[-2.4412,50.8331],[-2.4462,50.834],[-2.4661,50.8326],[-2.4675,50.8362],[-2.4811,50.8428],[-2.501,50.8473],[-2.5095,50.8432],[-2.5123,50.8373],[-2.5189,50.831],[-2.5307,50.8336],[-2.5427,50.8295],[-2.5448,50.8259],[-2.5666,50.8357],[-2.5755,50.8384],[-2.5798,50.8424],[-2.5939,50.8383],[-2.6011,50.845],[-2.6089,50.8449],[-2.6191,50.8373],[-2.6262,50.8368],[-2.6394,50.8394],[-2.6493,50.8389],[-2.6529,50.8411],[-2.6614,50.8388],[-2.6706,50.8388],[-2.6762,50.8315],[-2.6812,50.8306],[-2.6846,50.8254],[-2.7011,50.8368],[-2.7076,50.8394],[-2.718,50.829],[-2.7464,50.8284],[-2.75,50.8261],[-2.762,50.8261],[-2.7641,50.8234],[-2.7755,50.8237],[-2.7846,50.8178],[-2.7859,50.8117],[-2.7908,50.8097],[-2.8022,50.8087],[-2.8136,50.8127],[-2.8242,50.8113],[-2.845,50.8039],[-2.849,50.8052],[-2.8603,50.8033],[-2.8674,50.8049],[-2.868,50.8001],[-2.8743,50.7929],[-2.8856,50.7937],[-2.8947,50.7847],[-2.9131,50.7836],[-2.9238,50.7853],[-2.9386,50.7789],[-2.9498,50.7763],[-2.9498,50.7716],[-2.9595,50.7621],[-2.9797,50.7624],[-2.9877,50.7553],[-2.9811,50.7448],[-2.988,50.7362],[-2.9872,50.7313],[-2.9925,50.7155],[-3.001,50.7127],[-3.0022,50.7021],[-2.9949,50.7055],[-2.984,50.7047],[-2.9711,50.7095],[-2.9655,50.7132],[-2.957,50.7132],[-2.9467,50.7189],[-2.939,50.72],[-2.9304,50.7249],[-2.9274,50.7293],[-2.9133,50.7336],[-2.8977,50.7329],[-2.8768,50.7303],[-2.8405,50.7229],[-2.8246,50.7221],[-2.8115,50.7179],[-2.805,50.7189],[-2.7937,50.7181],[-2.7804,50.7152],[-2.7416,50.7032],[-2.7344,50.7],[-2.68,50.6809],[-2.6367,50.6637],[-2.617,50.6552],[-2.5717,50.6335],[-2.5268,50.6096],[-2.4959,50.5917],[-2.4647,50.5714],[-2.4501,50.5608],[-2.4482,50.5575],[-2.4525,50.5517],[-2.4527,50.547],[-2.4565,50.5415],[-2.454,50.5387],[-2.4562,50.5314],[-2.4556,50.5262],[-2.4602,50.5203],[-2.4582,50.5133],[-2.4427,50.5207],[-2.4377,50.5299],[-2.4181,50.543],[-2.4162,50.5515],[-2.429,50.5678],[-2.4408,50.5702],[-2.4462,50.5682],[-2.4629,50.5729],[-2.4702,50.5835],[-2.4641,50.5935],[-2.4593,50.5975],[-2.4492,50.6016],[-2.452,50.6067],[-2.451,50.617],[-2.4418,50.6258],[-2.4299,50.6332],[-2.4223,50.6359],[-2.41,50.6329],[-2.3963,50.6364],[-2.3822,50.6359],[-2.3655,50.6309],[-2.3356,50.6313],[-2.33,50.6269],[-2.3199,50.6254],[-2.3049,50.6251],[-2.2916,50.6227],[-2.2731,50.6221],[-2.26,50.6182],[-2.2455,50.6163],[-2.229,50.616],[-2.2198,50.6202],[-2.1972,50.6228],[-2.1878,50.6202],[-2.1826,50.6152],[-2.169,50.6139],[-2.1585,50.6154],[-2.1472,50.6107],[-2.1343,50.6125],[-2.1264,50.6039],[-2.1163,50.5996],[-2.1057,50.5969],[-2.0985,50.5981],[-2.0738,50.5925],[-2.0641,50.5933],[-2.0621,50.5814],[-2.0575,50.5768],[-2.0429,50.5793],[-2.0318,50.585],[-2.0282,50.5884],[-2.0063,50.5917],[-1.9965,50.5909],[-1.9601,50.5912],[-1.951,50.5953],[-1.9537,50.5995],[-1.9494,50.6055],[-1.9561,50.6087],[-1.9572,50.6173],[-1.9528,50.6236],[-1.9442,50.6293],[-1.9339,50.6311],[-1.9246,50.6412],[-1.9407,50.6409],[-1.9497,50.6459],[-1.9533,50.6542],[-1.9478,50.6654],[-1.9424,50.6713],[-1.9474,50.6752],[-1.95,50.6805],[-1.9583,50.6723],[-1.9703,50.6685],[-1.9695,50.6619],[-1.9809,50.6638],[-1.9868,50.6743],[-1.9929,50.6702],[-2.0017,50.6705],[-1.9995,50.6768],[-2.0062,50.6774],[-2.0114,50.6827],[-2.0267,50.6793],[-2.0399,50.6799],[-2.0248,50.6879],[-2.0247,50.6953],[-2.0305,50.6988],[-2.026,50.7071],[-2.0399,50.7073],[-2.0435,50.7031],[-2.0544,50.7],[-2.0644,50.6876],[-2.0724,50.687],[-2.0786,50.689],[-2.0796,50.6945],[-2.0728,50.6995],[-2.0704,50.7096],[-2.0633,50.7164],[-2.0526,50.7177],[-2.0465,50.7167],[-2.0425,50.7194],[-2.0456,50.7255],[-2.0451,50.7308],[-2.0348,50.7304],[-2.0372,50.7254],[-2.0369,50.7172],[-2.0144,50.7107],[-1.9969,50.7099],[-1.9903,50.7076],[-1.9955,50.7189],[-2.0024,50.7184],[-2.012,50.7293],[-2.0077,50.7352],[-1.9941,50.7345],[-1.9919,50.7321],[-1.9928,50.7254],[-1.9865,50.7217],[-1.993,50.7147],[-1.9913,50.7122],[-1.9758,50.7116],[-1.9607,50.7123],[-1.9495,50.7112],[-1.9498,50.7073],[-1.9409,50.7012],[-1.9356,50.7002],[-1.9328,50.6935],[-1.9174,50.7026],[-1.9013,50.7094],[-1.8874,50.7137],[-1.8597,50.7183],[-1.8312,50.7207],[-1.8124,50.7208]],[[-2.6099,50.6543],[-2.5887,50.646],[-2.5836,50.6427],[-2.5703,50.6376],[-2.5613,50.6382],[-2.5581,50.6305],[-2.5405,50.622],[-2.5367,50.6188],[-2.5252,50.6171],[-2.5178,50.6181],[-2.5148,50.6145],[-2.5056,50.6096],[-2.5068,50.6061],[-2.4999,50.6036],[-2.4989,50.597],[-2.5264,50.6114],[-2.5609,50.6287],[-2.564,50.6309],[-2.6108,50.6537],[-2.6099,50.6543]]],[[[-1.9649,50.6947],[-1.974,50.6971],[-1.9855,50.695],[-1.9883,50.6923],[-1.9841,50.6869],[-1.9749,50.6874],[-1.9614,50.6862],[-1.9568,50.6887],[-1.9585,50.695],[-1.9649,50.6947]]]]},"properties":{"HA_NUM":44,"HA_NAME":"Frome Group"}},
{"type":"Feature","geometry":{"type":"Polygon","coordinates":[[[-3.4136,51.1019],[-3.4223,51.1068],[-3.438,51.1066],[-3.446,51.111],[-3.4517,51.1095],[-3.4624,51.1099],[-3.4702,51.1075],[-3.4861,51.115],[-3.497,51.1189],[-3.5036,51.1242],[-3.5193,51.1235],[-3.5308,51.1274],[-3.5333,51.1364],[-3.539,51.1368],[-3.5496,51.1443],[-3.5571,51.1455],[-3.5689,51.1449],[-3.578,51.1493],[-3.5868,51.1555],[-3.5902,51.1617],[-3.6092,51.1623],[-3.6199,51.1613],[-3.6255,51.159],[-3.6405,51.1574],[-3.6474,51.1614],[-3.6546,51.1617],[-3.6579,51.1657],[-3.6645,51.1683],[-3.6723,51.1677],[-3.6822,51.1631],[-3.6993,51.1611],[-3.7063,51.1574],[-3.7162,51.1563],[-3.7335,51.1583],[-3.7393,51.1614],[-3.7554,51.1607],[-3.7594,51.1633],[-3.7691,51.165],[-3.7802,51.1644],[-3.7835,51.1661],[-3.7921,51.1583],[-3.8101,51.1621],[-3.8207,51.1682],[-3.8348,51.1707],[-3.8368,51.1675],[-3.8352,51.1631],[-3.8378,51.1576],[-3.8305,51.1526],[-3.8415,51.1418],[-3.8421,51.1384],[-3.8298,51.1344],[-3.8225,51.1307],[-3.8223,51.1259],[-3.8149,51.12],[-3.8148,51.1171],[-3.7867,51.1116],[-3.7816,51.1086],[-3.7652,51.1097],[-3.7622,51.1048],[-3.7571,51.1031],[-3.7401,51.0876],[-3.7301,51.0873],[-3.7302,51.0801],[-3.7204,51.0771],[-3.7062,51.0773],[-3.6946,51.0726],[-3.6944,51.0676],[-3.7001,51.0675],[-3.7028,51.0639],[-3.6914,51.0636],[-3.6859,51.0601],[-3.6698,51.059],[-3.6604,51.0546],[-3.6482,51.0516],[-3.6324,51.0501],[-3.6252,51.0466],[-3.6133,51.0454],[-3.6016,51.0464],[-3.5987,51.0451],[-3.5962,51.0348],[-3.6103,51.0286],[-3.6121,51.0184],[-3.6161,51.0121],[-3.6104,51.0108],[-3.6109,51.0049],[-3.618,51.0057],[-3.6391,50.9965],[-3.6353,50.9898],[-3.6267,50.9881],[-3.62,50.981],[-3.6206,50.9772],[-3.618,50.9639],[-3.6206,50.958],[-3.6128,50.9568],[-3.5985,50.957],[-3.6005,50.9511],[-3.598,50.9422],[-3.6077,50.9335],[-3.6123,50.9222],[-3.6214,50.9198],[-3.6241,50.9139],[-3.6237,50.9036],[-3.6186,50.8983],[-3.6593,50.8941],[-3.6623,50.8896],[-3.6628,50.8835],[-3.6777,50.8826],[-3.6861,50.8775],[-3.6903,50.8775],[-3.7072,50.8714],[-3.7122,50.8717],[-3.7191,50.8676],[-3.732,50.869],[-3.7346,50.8642],[-3.7316,50.8593],[-3.7259,50.8594],[-3.7229,50.8536],[-3.7239,50.8441],[-3.7104,50.8421],[-3.7094,50.8358],[-3.7143,50.8324],[-3.7221,50.8325],[-3.7283,50.8283],[-3.7169,50.8258],[-3.713,50.8169],[-3.7214,50.8141],[-3.7385,50.8147],[-3.7458,50.8105],[-3.7589,50.8112],[-3.7731,50.8106],[-3.7852,50.8122],[-3.7901,50.8103],[-3.7919,50.8004],[-3.7901,50.7919],[-3.7972,50.7904],[-3.8045,50.7795],[-3.8116,50.7794],[-3.8178,50.7748],[-3.8197,50.7685],[-3.8332,50.7696],[-3.8351,50.7638],[-3.8436,50.7636],[-3.844,50.7551],[-3.8365,50.7455],[-3.8356,50.7399],[-3.8496,50.7338],[-3.8508,50.7302],[-3.8703,50.7304],[-3.8748,50.7283],[-3.8767,50.7213],[-3.8717,50.7205],[-3.8616,50.7152],[-3.8462,50.7213],[-3.8277,50.7176],[-3.8185,50.7181],[-3.8145,50.716],[-3.8036,50.717],[-3.798,50.7194],[-3.7881,50.7195],[-3.77,50.7292],[-3.748,50.7287],[-3.7437,50.7251],[-3.7314,50.7195],[-3.7262,50.7227],[-3.7066,50.7203],[-3.6939,50.72],[-3.6883,50.7217],[-3.6807,50.7281],[-3.6686,50.7276],[-3.6635,50.7214],[-3.6408,50.7217],[-3.625,50.7152],[-3.6129,50.7144],[-3.6125,50.7016],[-3.6166,50.6966],[-3.6171,50.6901],[-3.6141,50.6852],[-3.6068,50.6794],[-3.6011,50.6795],[-3.5937,50.6702],[-3.5943,50.6661],[-3.5898,50.659],[-3.5805,50.6564],[-3.5825,50.6523],[-3.5696,50.6462],[-3.5702,50.6431],[-3.562,50.6418],[-3.544,50.6434],[-3.5359,50.6314],[-3.542,50.6237],[-3.5554,50.623],[-3.5562,50.6059],[-3.5505,50.6029],[-3.5424,50.5953],[-3.5352,50.5909],[-3.5301,50.5856],[-3.5285,50.58],[-3.5296,50.569],[-3.5278,50.5676],[-3.514,50.5687],[-3.5026,50.5657],[-3.5053,50.5589],[-3.5044,50.5533],[-3.4925,50.5461],[-3.4774,50.5598],[-3.4699,50.5623],[-3.4685,50.5748],[-3.4636,50.5808],[-3.4561,50.586],[-3.4442,50.592],[-3.4394,50.5992],[-3.4285,50.6066],[-3.4352,50.6067],[-3.444,50.6028],[-3.4469,50.6188],[-3.4457,50.6234],[-3.4524,50.643],[-3.4516,50.6482],[-3.4571,50.6565],[-3.4653,50.6603],[-3.4674,50.6663],[-3.4684,50.6802],[-3.4764,50.6838],[-3.4728,50.6871],[-3.4642,50.6803],[-3.4625,50.677],[-3.45,50.6733],[-3.4453,50.6694],[-3.4371,50.657],[-3.4325,50.6456],[-3.4234,50.639],[-3.416,50.6287],[-3.4175,50.6209],[-3.4162,50.6158],[-3.4095,50.6118],[-3.3884,50.6091],[-3.3853,50.6067],[-3.368,50.6098],[-3.3583,50.6071],[-3.3591,50.6141],[-3.3487,50.6203],[-3.3221,50.6283],[-3.3125,50.6297],[-3.3102,50.6334],[-3.3032,50.6298],[-3.2889,50.6412],[-3.2849,50.6484],[-3.2843,50.6534],[-3.276,50.6621],[-3.2689,50.6649],[-3.2631,50.6714],[-3.2354,50.6784],[-3.1917,50.6846],[-3.1725,50.6849],[-3.1564,50.6862],[-3.1471,50.6853],[-3.122,50.687],[-3.0957,50.6853],[-3.0927,50.6956],[-3.0876,50.6969],[-3.0835,50.7014],[-3.0726,50.7032],[-3.0625,50.7031],[-3.0304,50.6989],[-3.0221,50.6985],[-3.0022,50.7021],[-3.001,50.7127],[-2.9925,50.7155],[-2.9872,50.7313],[-2.988,50.7362],[-2.9811,50.7448],[-2.9877,50.7553],[-2.9797,50.7624],[-2.9595,50.7621],[-2.9498,50.7716],[-2.9498,50.7763],[-2.9386,50.7789],[-2.9238,50.7853],[-2.9131,50.7836],[-2.8947,50.7847],[-2.8856,50.7937],[-2.8743,50.7929],[-2.868,50.8001],[-2.8674,50.8049],[-2.8603,50.8033],[-2.849,50.8052],[-2.845,50.8039],[-2.8242,50.8113],[-2.8136,50.8127],[-2.8022,50.8087],[-2.7908,50.8097],[-2.7859,50.8117],[-2.7846,50.8178],[-2.7755,50.8237],[-2.7641,50.8234],[-2.762,50.8261],[-2.75,50.8261],[-2.7464,50.8284],[-2.718,50.829],[-2.7076,50.8394],[-2.7112,50.843],[-2.7226,50.8486],[-2.7289,50.8447],[-2.7388,50.8424],[-2.7495,50.8446],[-2.7644,50.844],[-2.7745,50.8516],[-2.7802,50.852],[-2.7831,50.8574],[-2.791,50.8587],[-2.7925,50.8627],[-2.8039,50.866],[-2.8033,50.8752],[-2.8105,50.8792],[-2.8099,50.8828],[-2.8184,50.8832],[-2.8334,50.8881],[-2.8412,50.8858],[-2.8483,50.888],[-2.8547,50.8852],[-2.8675,50.886],[-2.8745,50.8833],[-2.8902,50.8823],[-2.8979,50.88],[-2.9021,50.8754],[-2.9092,50.8749],[-2.9166,50.8717],[-2.9308,50.8716],[-2.9533,50.8755],[-2.9596,50.8732],[-2.9692,50.8726],[-2.991,50.8801],[-3.0025,50.8818],[-3.0096,50.8853],[-3.0105,50.8907],[-3.0077,50.8941],[-3.0086,50.9031],[-3.0065,50.9065],[-3.0095,50.9123],[-3.0142,50.9154],[-3.0259,50.9158],[-3.0325,50.9222],[-3.0349,50.9355],[-3.0413,50.9359],[-3.0562,50.9326],[-3.0662,50.9329],[-3.0692,50.9388],[-3.0756,50.9401],[-3.0828,50.9445],[-3.0935,50.9435],[-3.1001,50.9376],[-3.1068,50.9371],[-3.1184,50.9444],[-3.1298,50.9467],[-3.1355,50.9435],[-3.1455,50.9473],[-3.1583,50.9465],[-3.1605,50.9478],[-3.1751,50.9476],[-3.1826,50.9521],[-3.1876,50.952],[-3.1943,50.947],[-3.2052,50.9442],[-3.2212,50.9431],[-3.2288,50.9471],[-3.2351,50.9443],[-3.2429,50.9438],[-3.2528,50.9399],[-3.2654,50.9316],[-3.274,50.9331],[-3.2833,50.9366],[-3.3026,50.9404],[-3.2964,50.9479],[-3.2961,50.9616],[-3.2998,50.967],[-3.3154,50.9664],[-3.3324,50.9617],[-3.3418,50.9679],[-3.3504,50.9696],[-3.3552,50.9754],[-3.3775,50.9711],[-3.3797,50.973],[-3.3797,50.9832],[-3.3972,50.9866],[-3.4037,50.9892],[-3.3974,50.9937],[-3.3882,50.9954],[-3.3849,51.0038],[-3.38,51.0052],[-3.3766,51.0124],[-3.3761,51.0192],[-3.3712,51.0224],[-3.3763,51.0252],[-3.3769,51.0448],[-3.3862,51.046],[-3.392,51.0493],[-3.3886,51.0564],[-3.3888,51.0615],[-3.3932,51.0657],[-3.4039,51.0665],[-3.4111,51.0691],[-3.4174,51.0868],[-3.4089,51.0898],[-3.4136,51.1019]]]},"properties":{"HA_NUM":45,"HA_NAME":"Exe Group"}},
{"type":"Feature","geometry":{"type":"Polygon","coordinates":[[[-3.4925,50.5461],[-3.5044,50.5533],[-3.5053,50.5589],[-3.5026,50.5657],[-3.514,50.5687],[-3.5278,50.5676],[-3.5296,50.569],[-3.5285,50.58],[-3.5301,50.5856],[-3.5352,50.5909],[-3.5424,50.5953],[-3.5505,50.6029],[-3.5562,50.6059],[-3.5554,50.623],[-3.542,50.6237],[-3.5359,50.6314],[-3.544,50.6434],[-3.562,50.6418],[-3.5702,50.6431],[-3.5696,50.6462],[-3.5825,50.6523],[-3.5805,50.6564],[-3.5898,50.659],[-3.5943,50.6661],[-3.5937,50.6702],[-3.6011,50.6795],[-3.6068,50.6794],[-3.6141,50.6852],[-3.6171,50.6901],[-3.6166,50.6966],[-3.6125,50.7016],[-3.6129,50.7144],[-3.625,50.7152],[-3.6408,50.7217],[-3.6635,50.7214],[-3.6686,50.7276],[-3.6807,50.7281],[-3.6883,50.7217],[-3.6939,50.72],[-3.7066,50.7203],[-3.7262,50.7227],[-3.7314,50.7195],[-3.7437,50.7251],[-3.748,50.7287],[-3.77,50.7292],[-3.7881,50.7195],[-3.798,50.7194],[-3.8036,50.717],[-3.8145,50.716],[-3.8185,50.7181],[-3.8277,50.7176],[-3.8462,50.7213],[-3.8616,50.7152],[-3.8717,50.7205],[-3.8767,50.7213],[-3.8866,50.7216],[-3.9022,50.7204],[-3.9068,50.7131],[-3.9058,50.706],[-3.9182,50.7062],[-3.9321,50.7087],[-3.9368,50.7025],[-3.9376,50.687],[-3.9452,50.6815],[-3.9492,50.6765],[-3.9503,50.6686],[-3.9576,50.6574],[-3.9649,50.6551],[-3.9759,50.6544],[-3.9771,50.649],[-3.9761,50.6432],[-3.9795,50.6402],[-3.98,50.6341],[-3.9845,50.6248],[-3.9843,50.6188],[-3.9805,50.613],[-3.9832,50.6093],[-3.9944,50.6078],[-3.9971,50.6037],[-3.9961,50.5983],[-4.0066,50.5954],[-4.0052,50.5869],[-4.0128,50.5823],[-4.0237,50.5817],[-4.0311,50.573],[-4.0216,50.5659],[-4.0144,50.5636],[-4.0126,50.5542],[-4.0057,50.5482],[-3.9974,50.5452],[-3.9944,50.5412],[-3.9845,50.5401],[-3.9809,50.5374],[-3.9805,50.528],[-3.9747,50.5254],[-3.9714,50.514],[-3.9717,50.5041],[-3.9614,50.5027],[-3.9516,50.5042],[-3.9428,50.5032],[-3.9419,50.4981],[-3.9494,50.4919],[-3.9497,50.484],[-3.9461,50.4813],[-3.9487,50.4752],[-3.9429,50.4643],[-3.9368,50.4613],[-3.9316,50.4546],[-3.9322,50.4503],[-3.9278,50.4461],[-3.9221,50.4449],[-3.9219,50.4404],[-3.9363,50.432],[-3.9354,50.4258],[-3.9455,50.4157],[-3.9334,50.4038],[-3.9448,50.3991],[-3.946,50.3923],[-3.95,50.3875],[-3.9498,50.383],[-3.9369,50.3769],[-3.9389,50.3744],[-3.9302,50.3674],[-3.9424,50.3555],[-3.9519,50.349],[-3.9631,50.3466],[-3.9678,50.3425],[-3.962,50.3385],[-3.9538,50.327],[-3.9717,50.3168],[-3.9797,50.3065],[-3.9676,50.3049],[-3.9562,50.3064],[-3.9525,50.3097],[-3.9386,50.317],[-3.9426,50.3085],[-3.9475,50.3027],[-3.9331,50.2952],[-3.9232,50.2971],[-3.9103,50.2943],[-3.9058,50.2905],[-3.8973,50.2873],[-3.8953,50.2817],[-3.8785,50.2843],[-3.8706,50.2815],[-3.8675,50.2878],[-3.8638,50.2875],[-3.8676,50.2797],[-3.8763,50.2798],[-3.8815,50.277],[-3.8788,50.2722],[-3.8623,50.2644],[-3.8585,50.2612],[-3.8607,50.2543],[-3.8591,50.2432],[-3.8705,50.2428],[-3.8683,50.2389],[-3.86,50.2344],[-3.854,50.2346],[-3.8478,50.2304],[-3.8429,50.2304],[-3.8273,50.2221],[-3.8231,50.2172],[-3.8117,50.2144],[-3.7994,50.2146],[-3.7966,50.2114],[-3.7893,50.2099],[-3.7871,50.2143],[-3.7808,50.2156],[-3.7841,50.2252],[-3.7662,50.2362],[-3.7598,50.247],[-3.7657,50.2541],[-3.7752,50.2547],[-3.7761,50.2572],[-3.7677,50.2622],[-3.7731,50.2712],[-3.7655,50.2722],[-3.7596,50.2676],[-3.7619,50.2625],[-3.7502,50.2595],[-3.7414,50.2632],[-3.7374,50.2572],[-3.7472,50.2566],[-3.7568,50.2506],[-3.753,50.2467],[-3.757,50.2438],[-3.7522,50.238],[-3.7615,50.2364],[-3.7702,50.2293],[-3.7734,50.2244],[-3.7658,50.2206],[-3.7491,50.2184],[-3.7377,50.2148],[-3.7302,50.2073],[-3.7219,50.2023],[-3.7166,50.2057],[-3.7037,50.2088],[-3.7037,50.2111],[-3.689,50.2167],[-3.6813,50.2226],[-3.6744,50.221],[-3.66,50.2207],[-3.6568,50.2179],[-3.65,50.2217],[-3.6582,50.2328],[-3.6592,50.2389],[-3.6542,50.2603],[-3.6523,50.2629],[-3.649,50.2764],[-3.644,50.2876],[-3.635,50.3003],[-3.6302,50.3051],[-3.6218,50.3089],[-3.6118,50.3184],[-3.6066,50.3201],[-3.5973,50.3196],[-3.5888,50.3257],[-3.571,50.327],[-3.5724,50.33],[-3.5635,50.3354],[-3.566,50.3425],[-3.5724,50.3439],[-3.5774,50.3476],[-3.5766,50.3574],[-3.5791,50.3601],[-3.5894,50.3606],[-3.6004,50.3566],[-3.5964,50.36],[-3.5864,50.3628],[-3.5808,50.3725],[-3.5946,50.3807],[-3.5974,50.3849],[-3.5941,50.3897],[-3.6001,50.3915],[-3.6056,50.3876],[-3.6194,50.3915],[-3.6259,50.3921],[-3.632,50.4001],[-3.6156,50.3972],[-3.6125,50.3935],[-3.5902,50.3953],[-3.5787,50.3912],[-3.5828,50.3865],[-3.5907,50.3829],[-3.5805,50.378],[-3.5782,50.3753],[-3.5714,50.357],[-3.5709,50.351],[-3.5737,50.3477],[-3.5645,50.3455],[-3.5625,50.3426],[-3.5544,50.3412],[-3.5422,50.3356],[-3.5357,50.3369],[-3.5311,50.3433],[-3.5187,50.3463],[-3.5156,50.355],[-3.5212,50.3569],[-3.5161,50.3651],[-3.5162,50.3721],[-3.5083,50.3793],[-3.4968,50.3815],[-3.5034,50.3848],[-3.5038,50.3884],[-3.4889,50.3946],[-3.4872,50.401],[-3.4988,50.4017],[-3.5121,50.3977],[-3.52,50.4032],[-3.529,50.405],[-3.544,50.4025],[-3.5474,50.4058],[-3.5536,50.4057],[-3.5541,50.4124],[-3.5595,50.4223],[-3.5579,50.4323],[-3.5589,50.4359],[-3.5535,50.449],[-3.5455,50.4524],[-3.545,50.4558],[-3.5355,50.4626],[-3.5274,50.4611],[-3.5187,50.4544],[-3.5106,50.4553],[-3.5041,50.4594],[-3.4915,50.4582],[-3.4866,50.4633],[-3.4906,50.4694],[-3.4992,50.4713],[-3.4978,50.4763],[-3.5148,50.4822],[-3.5125,50.5011],[-3.5137,50.5064],[-3.5009,50.5329],[-3.4961,50.5378],[-3.5077,50.5424],[-3.5256,50.5402],[-3.5386,50.5404],[-3.5407,50.5384],[-3.5516,50.541],[-3.5594,50.539],[-3.5813,50.5375],[-3.5791,50.5413],[-3.5686,50.5422],[-3.5592,50.5452],[-3.5479,50.5446],[-3.5305,50.5469],[-3.5178,50.5457],[-3.4925,50.5461]]]},"properties":{"HA_NUM":46,"HA_NAME":"Dart Group"}},
{"type":"Feature","geometry":{"type":"Polygon","coordinates":[[[-3.9771,50.649],[-3.9972,50.6563],[-4.0017,50.654],[-4.0219,50.6545],[-4.0296,50.6688],[-4.0383,50.6738],[-4.0405,50.6774],[-4.0546,50.6841],[-4.0588,50.6894],[-4.0548,50.6962],[-4.0494,50.7013],[-4.0553,50.7063],[-4.0536,50.7165],[-4.058,50.7196],[-4.0653,50.7176],[-4.071,50.727],[-4.0761,50.73],[-4.0859,50.7258],[-4.0939,50.7306],[-4.1058,50.7273],[-4.1206,50.7261],[-4.1295,50.7282],[-4.1626,50.7469],[-4.1701,50.7544],[-4.1808,50.756],[-4.1859,50.7586],[-4.1944,50.7589],[-4.2038,50.763],[-4.2065,50.7758],[-4.2094,50.777],[-4.2076,50.7845],[-4.2131,50.7864],[-4.2158,50.7927],[-4.2359,50.7972],[-4.243,50.7971],[-4.2512,50.7906],[-4.2627,50.7933],[-4.2652,50.8016],[-4.264,50.8061],[-4.2589,50.8107],[-4.2686,50.8132],[-4.2848,50.8098],[-4.2901,50.8097],[-4.301,50.8144],[-4.3105,50.8138],[-4.3108,50.8192],[-4.3181,50.8237],[-4.3178,50.8321],[-4.3302,50.8381],[-4.33,50.8476],[-4.346,50.8567],[-4.3568,50.8587],[-4.3619,50.8613],[-4.3825,50.8618],[-4.3837,50.8712],[-4.3964,50.8822],[-4.4037,50.8856],[-4.4046,50.8892],[-4.4124,50.8904],[-4.4136,50.8989],[-4.4169,50.9015],[-4.4296,50.906],[-4.4317,50.9129],[-4.4403,50.9193],[-4.4492,50.9193],[-4.4618,50.9235],[-4.469,50.9243],[-4.4795,50.9205],[-4.4784,50.9149],[-4.486,50.9102],[-4.4837,50.906],[-4.487,50.9021],[-4.4838,50.8961],[-4.4737,50.8923],[-4.4731,50.8806],[-4.4816,50.88],[-4.4816,50.8732],[-4.4752,50.8733],[-4.4702,50.8663],[-4.4715,50.8635],[-4.4694,50.851],[-4.4736,50.85],[-4.4733,50.8444],[-4.4696,50.842],[-4.47,50.8366],[-4.4645,50.8317],[-4.4683,50.8173],[-4.4613,50.8053],[-4.4655,50.8038],[-4.4651,50.7967],[-4.46,50.7941],[-4.4561,50.7883],[-4.4616,50.7841],[-4.462,50.7783],[-4.4563,50.778],[-4.4626,50.763],[-4.4587,50.7565],[-4.4575,50.746],[-4.4615,50.741],[-4.4677,50.7381],[-4.4776,50.7388],[-4.4828,50.7432],[-4.4902,50.7426],[-4.4992,50.7442],[-4.5061,50.74],[-4.5105,50.73],[-4.5183,50.7303],[-4.522,50.7334],[-4.5327,50.7354],[-4.5345,50.7295],[-4.5447,50.7212],[-4.5617,50.7199],[-4.5722,50.7318],[-4.5799,50.7303],[-4.5847,50.7266],[-4.583,50.721],[-4.5855,50.7149],[-4.5909,50.7112],[-4.6172,50.7128],[-4.6332,50.7071],[-4.6396,50.7074],[-4.6393,50.7015],[-4.6097,50.6986],[-4.6077,50.6942],[-4.6101,50.6862],[-4.609,50.6797],[-4.6182,50.6665],[-4.6326,50.6585],[-4.6385,50.6494],[-4.6311,50.6451],[-4.6273,50.6402],[-4.6109,50.6365],[-4.5977,50.6278],[-4.5972,50.6197],[-4.6012,50.6152],[-4.597,50.6036],[-4.5809,50.6062],[-4.5748,50.5987],[-4.5594,50.5873],[-4.5498,50.5857],[-4.549,50.5776],[-4.5425,50.5751],[-4.5415,50.5706],[-4.5336,50.56],[-4.5344,50.5559],[-4.5313,50.5501],[-4.5261,50.5458],[-4.5182,50.5437],[-4.5106,50.5461],[-4.5,50.5463],[-4.499,50.5409],[-4.4895,50.5407],[-4.4817,50.5346],[-4.472,50.5231],[-4.4669,50.52],[-4.4602,50.5202],[-4.4517,50.5132],[-4.4396,50.5105],[-4.4279,50.5022],[-4.4285,50.488],[-4.4219,50.4819],[-4.428,50.477],[-4.425,50.4746],[-4.4269,50.4696],[-4.4271,50.4604],[-4.4185,50.4576],[-4.4141,50.4528],[-4.4039,50.4467],[-4.3967,50.4446],[-4.3972,50.4405],[-4.3894,50.4385],[-4.3878,50.434],[-4.3798,50.4306],[-4.3789,50.4267],[-4.3731,50.4226],[-4.3729,50.4177],[-4.36,50.4134],[-4.3562,50.4085],[-4.3664,50.4002],[-4.3619,50.3952],[-4.3673,50.3903],[-4.363,50.3758],[-4.3525,50.3753],[-4.3494,50.3709],[-4.3503,50.3611],[-4.3367,50.3596],[-4.3324,50.3623],[-4.3082,50.3614],[-4.283,50.3569],[-4.2684,50.3508],[-4.2445,50.3419],[-4.2261,50.3312],[-4.2201,50.3226],[-4.2274,50.319],[-4.2269,50.3136],[-4.223,50.3113],[-4.2103,50.3183],[-4.1893,50.3184],[-4.1909,50.3247],[-4.2011,50.3298],[-4.2003,50.3341],[-4.1883,50.3408],[-4.1718,50.3435],[-4.1668,50.3463],[-4.1668,50.3515],[-4.1729,50.3555],[-4.1768,50.3612],[-4.1939,50.3535],[-4.1978,50.3597],[-4.2065,50.3616],[-4.2126,50.3588],[-4.2237,50.3634],[-4.2232,50.3677],[-4.1961,50.3714],[-4.1928,50.3757],[-4.2025,50.3791],[-4.2018,50.3872],[-4.2116,50.3926],[-4.2252,50.3897],[-4.232,50.3899],[-4.2339,50.3839],[-4.2452,50.3773],[-4.2585,50.3767],[-4.2689,50.3736],[-4.2758,50.374],[-4.2871,50.3828],[-4.301,50.3886],[-4.284,50.3892],[-4.2824,50.3814],[-4.2761,50.3769],[-4.2704,50.3801],[-4.271,50.3867],[-4.2569,50.3846],[-4.2484,50.3851],[-4.242,50.3916],[-4.2124,50.399],[-4.2105,50.4043],[-4.2057,50.4081],[-4.2122,50.4168],[-4.2098,50.4255],[-4.2171,50.4293],[-4.2042,50.43],[-4.1998,50.4355],[-4.2099,50.446],[-4.2118,50.4558],[-4.2182,50.4645],[-4.2133,50.4663],[-4.2069,50.4594],[-4.195,50.4512],[-4.1999,50.4499],[-4.1987,50.445],[-4.1917,50.4411],[-4.1903,50.435],[-4.1858,50.4344],[-4.178,50.4395],[-4.1693,50.452],[-4.1621,50.4505],[-4.1654,50.4427],[-4.1732,50.4359],[-4.1924,50.4247],[-4.1982,50.4114],[-4.2054,50.3994],[-4.2029,50.3964],[-4.1918,50.391],[-4.184,50.3755],[-4.1855,50.3673],[-4.1805,50.3651],[-4.1719,50.3656],[-4.1638,50.3591],[-4.1553,50.363],[-4.1453,50.3641],[-4.1347,50.363],[-4.132,50.3665],[-4.1225,50.3617],[-4.116,50.3618],[-4.109,50.3696],[-4.1106,50.3727],[-4.1008,50.3829],[-4.0915,50.3856],[-4.0884,50.3835],[-4.0999,50.3794],[-4.1043,50.3708],[-4.1074,50.369],[-4.1128,50.3583],[-4.1256,50.3585],[-4.126,50.3547],[-4.1216,50.3491],[-4.1284,50.3432],[-4.1279,50.3367],[-4.1207,50.3363],[-4.1194,50.3293],[-4.1222,50.3255],[-4.1191,50.3194],[-4.1118,50.316],[-4.1045,50.3153],[-4.0995,50.3174],[-4.0896,50.3163],[-4.0853,50.3178],[-4.0707,50.3141],[-4.0599,50.313],[-4.0495,50.323],[-4.0424,50.3348],[-4.0359,50.3406],[-4.0298,50.3356],[-4.0391,50.3323],[-4.0456,50.3271],[-4.0459,50.3235],[-4.0535,50.3177],[-4.0519,50.3108],[-4.0719,50.3092],[-4.0751,50.3033],[-4.0671,50.3027],[-4.0531,50.2976],[-4.0506,50.2948],[-4.0379,50.293],[-4.0248,50.2965],[-4.0193,50.2954],[-4.0165,50.3013],[-4.0063,50.3015],[-3.989,50.3076],[-3.9797,50.3065],[-3.9717,50.3168],[-3.9538,50.327],[-3.962,50.3385],[-3.9678,50.3425],[-3.9631,50.3466],[-3.9519,50.349],[-3.9424,50.3555],[-3.9302,50.3674],[-3.9389,50.3744],[-3.9369,50.3769],[-3.9498,50.383],[-3.95,50.3875],[-3.946,50.3923],[-3.9448,50.3991],[-3.9334,50.4038],[-3.9455,50.4157],[-3.9354,50.4258],[-3.9363,50.432],[-3.9219,50.4404],[-3.9221,50.4449],[-3.9278,50.4461],[-3.9322,50.4503],[-3.9316,50.4546],[-3.9368,50.4613],[-3.9429,50.4643],[-3.9487,50.4752],[-3.9461,50.4813],[-3.9497,50.484],[-3.9494,50.4919],[-3.9419,50.4981],[-3.9428,50.5032],[-3.9516,50.5042],[-3.9614,50.5027],[-3.9717,50.5041],[-3.9714,50.514],[-3.9747,50.5254],[-3.9805,50.528],[-3.9809,50.5374],[-3.9845,50.5401],[-3.9944,50.5412],[-3.9974,50.5452],[-4.0057,50.5482],[-4.0126,50.5542],[-4.0144,50.5636],[-4.0216,50.5659],[-4.0311,50.573],[-4.0237,50.5817],[-4.0128,50.5823],[-4.0052,50.5869],[-4.0066,50.5954],[-3.9961,50.5983],[-3.9971,50.6037],[-3.9944,50.6078],[-3.9832,50.6093],[-3.9805,50.613],[-3.9843,50.6188],[-3.9845,50.6248],[-3.98,50.6341],[-3.9795,50.6402],[-3.9761,50.6432],[-3.9771,50.649]]]},"properties":{"HA_NUM":47,"HA_NAME":"Tamar Group"}},
{"type":"Feature","geometry":{"type":"Polygon","coordinates":[[[-4.3503,50.3611],[-4.3494,50.3709],[-4.3525,50.3753],[-4.363,50.3758],[-4.3673,50.3903],[-4.3619,50.3952],[-4.3664,50.4002],[-4.3562,50.4085],[-4.36,50.4134],[-4.3729,50.4177],[-4.3731,50.4226],[-4.3789,50.4267],[-4.3798,50.4306],[-4.3878,50.434],[-4.3894,50.4385],[-4.3972,50.4405],[-4.3967,50.4446],[-4.4039,50.4467],[-4.4141,50.4528],[-4.4185,50.4576],[-4.4271,50.4604],[-4.4269,50.4696],[-4.425,50.4746],[-4.428,50.477],[-4.4219,50.4819],[-4.4285,50.488],[-4.4279,50.5022],[-4.4396,50.5105],[-4.4517,50.5132],[-4.4602,50.5202],[-4.4669,50.52],[-4.472,50.5231],[-4.4817,50.5346],[-4.4895,50.5407],[-4.499,50.5409],[-4.5,50.5463],[-4.5106,50.5461],[-4.5182,50.5437],[-4.5261,50.5458],[-4.5313,50.5501],[-4.5344,50.5559],[-4.5336,50.56],[-4.5415,50.5706],[-4.5425,50.5751],[-4.549,50.5776],[-4.5498,50.5857],[-4.5594,50.5873],[-4.5748,50.5987],[-4.5809,50.6062],[-4.597,50.6036],[-4.596,50.5977],[-4.6015,50.5951],[-4.5919,50.5877],[-4.5887,50.5804],[-4.5801,50.5724],[-4.5831,50.5683],[-4.5799,50.5612],[-4.5748,50.5591],[-4.573,50.5526],[-4.5806,50.5482],[-4.5808,50.5396],[-4.5901,50.5358],[-4.5963,50.5384],[-4.5981,50.5464],[-4.6038,50.5476],[-4.6034,50.5521],[-4.6169,50.5599],[-4.6291,50.5574],[-4.6295,50.552],[-4.6208,50.5473],[-4.6192,50.5444],[-4.6253,50.5404],[-4.6249,50.5334],[-4.6337,50.5335],[-4.638,50.5271],[-4.6428,50.5254],[-4.6444,50.5166],[-4.6672,50.5071],[-4.6733,50.5033],[-4.6859,50.5017],[-4.6864,50.4981],[-4.6946,50.4929],[-4.6964,50.4873],[-4.6947,50.4831],[-4.7023,50.4791],[-4.6996,50.4703],[-4.6991,50.4614],[-4.6884,50.458],[-4.6887,50.4508],[-4.6982,50.4443],[-4.7071,50.4405],[-4.7114,50.435],[-4.7217,50.437],[-4.7463,50.4355],[-4.7459,50.4297],[-4.7582,50.4222],[-4.7627,50.4158],[-4.7698,50.4174],[-4.773,50.4227],[-4.7727,50.4308],[-4.7821,50.4344],[-4.7952,50.4294],[-4.7965,50.4271],[-4.8056,50.4265],[-4.8072,50.43],[-4.8142,50.4296],[-4.8401,50.4146],[-4.857,50.4266],[-4.8612,50.4265],[-4.8744,50.4302],[-4.8835,50.4286],[-4.8935,50.4248],[-4.8988,50.4089],[-4.9134,50.4049],[-4.923,50.4006],[-4.9232,50.3932],[-4.9316,50.3811],[-4.9477,50.3789],[-4.9676,50.3721],[-4.9808,50.3695],[-4.9848,50.3653],[-4.9963,50.3578],[-5.0082,50.3566],[-5.0069,50.3483],[-5.0107,50.3462],[-5.0182,50.3483],[-5.029,50.3471],[-5.0333,50.3438],[-5.0397,50.3437],[-5.05,50.3407],[-5.0584,50.3405],[-5.0617,50.3359],[-5.0675,50.3339],[-5.0752,50.3283],[-5.0863,50.3262],[-5.0874,50.3213],[-5.0824,50.3196],[-5.0849,50.3155],[-5.0919,50.3148],[-5.0959,50.3107],[-5.0949,50.3062],[-5.1046,50.3051],[-5.1058,50.3014],[-5.1134,50.2999],[-5.1232,50.2942],[-5.1366,50.2943],[-5.1459,50.2918],[-5.1587,50.2843],[-5.1602,50.2802],[-5.176,50.2809],[-5.1928,50.2685],[-5.196,50.2641],[-5.1866,50.2601],[-5.1946,50.2536],[-5.1986,50.2463],[-5.2114,50.243],[-5.2123,50.2356],[-5.2104,50.2277],[-5.2073,50.2233],[-5.2146,50.2168],[-5.2284,50.209],[-5.2347,50.2084],[-5.2332,50.2026],[-5.2441,50.1982],[-5.2465,50.1923],[-5.2585,50.1879],[-5.2649,50.1837],[-5.2685,50.1751],[-5.2742,50.1666],[-5.2737,50.1592],[-5.2773,50.1555],[-5.2913,50.1501],[-5.2931,50.146],[-5.3089,50.142],[-5.3141,50.1355],[-5.3227,50.1294],[-5.3225,50.1263],[-5.3436,50.1226],[-5.3518,50.1196],[-5.3524,50.1135],[-5.3582,50.1109],[-5.3689,50.1097],[-5.3822,50.1142],[-5.3941,50.1139],[-5.3998,50.1115],[-5.4133,50.1133],[-5.4199,50.1181],[-5.4188,50.1314],[-5.4201,50.1403],[-5.4325,50.1478],[-5.4364,50.1534],[-5.4422,50.1561],[-5.451,50.1563],[-5.4503,50.1608],[-5.4597,50.165],[-5.473,50.1655],[-5.4784,50.1631],[-5.4911,50.1636],[-5.5008,50.1723],[-5.5009,50.1836],[-5.5169,50.191],[-5.5317,50.1921],[-5.5332,50.1941],[-5.5449,50.1912],[-5.543,50.1846],[-5.5388,50.1793],[-5.5416,50.1747],[-5.5516,50.1771],[-5.5634,50.1754],[-5.577,50.1705],[-5.5739,50.1656],[-5.5839,50.1595],[-5.593,50.1592],[-5.5949,50.1663],[-5.6138,50.1653],[-5.6141,50.1612],[-5.6201,50.1565],[-5.6276,50.1536],[-5.6382,50.1454],[-5.6375,50.1362],[-5.6321,50.1307],[-5.6351,50.1237],[-5.642,50.1221],[-5.6452,50.118],[-5.641,50.1095],[-5.6463,50.1051],[-5.648,50.0999],[-5.6422,50.0971],[-5.6375,50.0903],[-5.631,50.0883],[-5.6328,50.0846],[-5.629,50.0802],[-5.6205,50.0783],[-5.631,50.0694],[-5.6312,50.0671],[-5.6401,50.0608],[-5.6406,50.0574],[-5.6258,50.056],[-5.6218,50.0494],[-5.6076,50.0482],[-5.601,50.0519],[-5.5911,50.0509],[-5.5828,50.0527],[-5.5776,50.0515],[-5.5639,50.0582],[-5.5626,50.0625],[-5.5548,50.0596],[-5.5485,50.0666],[-5.5425,50.0704],[-5.5396,50.076],[-5.5388,50.0834],[-5.5336,50.0891],[-5.5387,50.096],[-5.5493,50.1033],[-5.5465,50.1091],[-5.5379,50.1137],[-5.5292,50.1243],[-5.5236,50.1262],[-5.4948,50.1286],[-5.4817,50.1271],[-5.4772,50.1239],[-5.4619,50.1226],[-5.4542,50.118],[-5.4484,50.1111],[-5.4407,50.1114],[-5.4299,50.1056],[-5.4234,50.0984],[-5.4129,50.1039],[-5.4061,50.1042],[-5.399,50.1008],[-5.3943,50.1036],[-5.3861,50.1021],[-5.376,50.0981],[-5.3725,50.0934],[-5.3667,50.0937],[-5.3633,50.0888],[-5.3491,50.092],[-5.3325,50.0902],[-5.3218,50.0825],[-5.3177,50.0826],[-5.3064,50.0767],[-5.2858,50.0622],[-5.2757,50.0501],[-5.2802,50.0422],[-5.2703,50.04],[-5.2664,50.0375],[-5.2633,50.0275],[-5.2557,50.0231],[-5.2592,50.0179],[-5.258,50.0145],[-5.2647,50.007],[-5.2666,50.0005],[-5.2606,49.9968],[-5.256,49.9973],[-5.2469,49.986],[-5.2466,49.9768],[-5.2303,49.9754],[-5.218,49.9706],[-5.2153,49.9595],[-5.2,49.9594],[-5.1967,49.9639],[-5.19,49.9617],[-5.1837,49.9676],[-5.1889,49.9738],[-5.1774,49.9866],[-5.17,49.9909],[-5.1719,49.9972],[-5.1665,50.0035],[-5.1559,50.0075],[-5.1265,50.0073],[-5.1208,50.0082],[-5.1107,50.0027],[-5.1019,50.0039],[-5.0982,50.0083],[-5.0946,50.0178],[-5.0958,50.0269],[-5.0894,50.031],[-5.0709,50.0344],[-5.0659,50.0429],[-5.067,50.047],[-5.0579,50.0527],[-5.0619,50.0614],[-5.0698,50.0678],[-5.0794,50.068],[-5.0794,50.076],[-5.075,50.0812],[-5.0935,50.0875],[-5.1054,50.0944],[-5.1269,50.0956],[-5.1306,50.0932],[-5.1397,50.0962],[-5.1478,50.095],[-5.1505,50.0918],[-5.1686,50.0908],[-5.1623,50.0963],[-5.1512,50.0988],[-5.1454,50.0977],[-5.139,50.1006],[-5.1248,50.0989],[-5.1153,50.1035],[-5.1049,50.1022],[-5.1016,50.0995],[-5.0911,50.1029],[-5.0852,50.1093],[-5.0907,50.114],[-5.0885,50.1266],[-5.0733,50.134],[-5.0767,50.1402],[-5.0675,50.1446],[-5.0447,50.1492],[-5.0505,50.1531],[-5.064,50.1518],[-5.0808,50.1648],[-5.0857,50.1624],[-5.09,50.1689],[-5.0718,50.1648],[-5.0693,50.1614],[-5.0541,50.1619],[-5.0462,50.1688],[-5.0449,50.1753],[-5.054,50.1808],[-5.0565,50.19],[-5.0622,50.1923],[-5.0673,50.198],[-5.0739,50.1999],[-5.0759,50.2053],[-5.0651,50.207],[-5.065,50.2026],[-5.0587,50.1993],[-5.0403,50.2046],[-5.0344,50.2125],[-5.0276,50.2114],[-5.0277,50.2235],[-5.0178,50.2258],[-5.0217,50.2329],[-5.0161,50.24],[-5.0229,50.2428],[-5.03,50.2417],[-5.04,50.2457],[-5.0331,50.2485],[-5.027,50.2431],[-5.021,50.246],[-5.0122,50.2404],[-5.0163,50.234],[-5.0149,50.2281],[-5.0061,50.2282],[-5.0014,50.2248],[-4.985,50.2286],[-4.9844,50.2257],[-5.0042,50.2234],[-5.0089,50.2269],[-5.0164,50.2226],[-5.0227,50.2227],[-5.0254,50.2175],[-5.0243,50.2114],[-5.0265,50.2074],[-5.0337,50.2048],[-5.0284,50.1916],[-5.0278,50.186],[-5.0211,50.1838],[-5.0198,50.1764],[-5.0241,50.1639],[-5.0284,50.159],[-5.0227,50.1547],[-5.0112,50.1586],[-4.9958,50.1666],[-5.0018,50.1544],[-5.0072,50.1507],[-5.011,50.1536],[-5.0174,50.1492],[-5.0108,50.1396],[-5.0004,50.1442],[-4.9961,50.1485],[-4.9837,50.15],[-4.9834,50.1579],[-4.9726,50.1637],[-4.9739,50.1715],[-4.9712,50.1778],[-4.9745,50.1827],[-4.9676,50.1866],[-4.9683,50.1923],[-4.962,50.1964],[-4.9575,50.202],[-4.9482,50.2055],[-4.9332,50.2068],[-4.9231,50.2018],[-4.9218,50.1955],[-4.9107,50.2001],[-4.9103,50.2051],[-4.9,50.214],[-4.8955,50.2131],[-4.8827,50.224],[-4.8761,50.2247],[-4.8733,50.2309],[-4.8629,50.2358],[-4.8448,50.2348],[-4.8276,50.2305],[-4.82,50.2316],[-4.8131,50.2296],[-4.8123,50.2256],[-4.8051,50.2189],[-4.7968,50.2216],[-4.7988,50.2276],[-4.7933,50.2332],[-4.7816,50.2371],[-4.7875,50.2423],[-4.7812,50.2485],[-4.7726,50.2508],[-4.7682,50.254],[-4.7713,50.2583],[-4.7828,50.2615],[-4.7834,50.2754],[-4.7786,50.279],[-4.783,50.2816],[-4.7821,50.2881],[-4.7733,50.2925],[-4.7723,50.2954],[-4.7623,50.3006],[-4.7567,50.2997],[-4.7538,50.3043],[-4.7611,50.3084],[-4.7665,50.319],[-4.7651,50.3242],[-4.7526,50.3322],[-4.7449,50.3321],[-4.7415,50.3346],[-4.7187,50.3386],[-4.7041,50.342],[-4.7024,50.3469],[-4.6897,50.3464],[-4.6891,50.3415],[-4.6819,50.3384],[-4.6827,50.3198],[-4.6703,50.3143],[-4.6676,50.3228],[-4.6536,50.3237],[-4.6399,50.3323],[-4.6343,50.3345],[-4.6311,50.3446],[-4.6366,50.3461],[-4.6389,50.3551],[-4.6394,50.364],[-4.6339,50.3659],[-4.6365,50.3559],[-4.6347,50.3494],[-4.629,50.3449],[-4.6315,50.3414],[-4.6293,50.3326],[-4.6385,50.3263],[-4.6314,50.3242],[-4.6186,50.3237],[-4.6122,50.328],[-4.604,50.3288],[-4.5971,50.326],[-4.5876,50.3319],[-4.5774,50.3313],[-4.5523,50.3245],[-4.5392,50.3237],[-4.5252,50.3274],[-4.5081,50.3308],[-4.5019,50.3306],[-4.4978,50.3368],[-4.4857,50.3354],[-4.4744,50.3327],[-4.4728,50.3386],[-4.4526,50.3447],[-4.4493,50.3529],[-4.4405,50.359],[-4.4282,50.3616],[-4.4102,50.364],[-4.3931,50.3631],[-4.3885,50.3644],[-4.3687,50.3602],[-4.3503,50.3611]]]},"properties":{"HA_NUM":48,"HA_NAME":"Fal Group"}},
{"type":"Feature","geometry":{"type":"MultiPolygon","coordinates":[[[[-5.3983,56.4522],[-5.4053,56.4529],[-5.415,56.4499],[-5.4234,56.4507],[-5.4414,56.4474],[-5.4455,56.4512],[-5.4515,56.4514],[-5.4665,56.4444],[-5.4705,56.4373],[-5.4848,56.4335],[-5.4865,56.4262],[-5.4847,56.422],[-5.4731,56.4139],[-5.4832,56.4116],[-5.5031,56.4031],[-5.5069,56.3983],[-5.5146,56.3958],[-5.5143,56.3925],[-5.5241,56.3866],[-5.5276,56.3811],[-5.5232,56.3777],[-5.5337,56.371],[-5.5327,56.3674],[-5.5383,56.3609],[-5.5344,56.3543],[-5.5273,56.3536],[-5.5234,56.3488],[-5.516,56.3471],[-5.5068,56.3566],[-5.4972,56.3589],[-5.48,56.3554],[-5.4696,56.3591],[-5.4675,56.3626],[-5.4505,56.3684],[-5.4418,56.3657],[-5.4463,56.3618],[-5.4774,56.3526],[-5.4861,56.3535],[-5.4986,56.3523],[-5.5125,56.3432],[-5.5256,56.3429],[-5.5347,56.3486],[-5.5425,56.3449],[-5.5506,56.3483],[-5.5623,56.3433],[-5.5716,56.3356],[-5.5776,56.3335],[-5.5844,56.3121],[-5.589,56.3008],[-5.5889,56.2948],[-5.5851,56.2876],[-5.5797,56.284],[-5.5949,56.2652],[-5.5928,56.2621],[-5.5991,56.2554],[-5.5964,56.2491],[-5.589,56.2504],[-5.5818,56.2486],[-5.5759,56.254],[-5.5611,56.261],[-5.5517,56.2592],[-5.5355,56.2582],[-5.5229,56.2632],[-5.5135,56.2621],[-5.5053,56.27],[-5.4956,56.269],[-5.498,56.2641],[-5.4874,56.2574],[-5.4986,56.2576],[-5.5112,56.2521],[-5.5114,56.247],[-5.5297,56.2444],[-5.5381,56.2446],[-5.5411,56.2408],[-5.5506,56.2383],[-5.5576,56.2402],[-5.5643,56.2386],[-5.5584,56.2341],[-5.5494,56.2311],[-5.5442,56.2162],[-5.5573,56.2107],[-5.5624,56.2003],[-5.5701,56.1957],[-5.5752,56.1838],[-5.5829,56.1813],[-5.5888,56.1726],[-5.585,56.1698],[-5.5954,56.1662],[-5.5961,56.1602],[-5.6037,56.1504],[-5.588,56.1536],[-5.5988,56.1452],[-5.6034,56.1436],[-5.6146,56.1317],[-5.5987,56.133],[-5.5919,56.1385],[-5.5916,56.1427],[-5.5806,56.1461],[-5.5788,56.155],[-5.5588,56.1647],[-5.5475,56.1713],[-5.5447,56.1758],[-5.5381,56.1787],[-5.5256,56.1879],[-5.5085,56.1915],[-5.5018,56.1857],[-5.5142,56.1803],[-5.5202,56.1739],[-5.5174,56.1689],[-5.5252,56.1599],[-5.5291,56.1594],[-5.5426,56.1455],[-5.5488,56.1426],[-5.5486,56.1385],[-5.5557,56.1326],[-5.5562,56.1286],[-5.5619,56.124],[-5.5681,56.1142],[-5.5638,56.1096],[-5.5529,56.1118],[-5.5496,56.1014],[-5.5395,56.1044],[-5.5307,56.1008],[-5.5302,56.097],[-5.5424,56.088],[-5.5276,56.0839],[-5.5369,56.0759],[-5.5507,56.0809],[-5.5474,56.0867],[-5.5526,56.0908],[-5.5593,56.0923],[-5.5665,56.0879],[-5.5827,56.0925],[-5.5887,56.0865],[-5.5951,56.0837],[-5.6059,56.074],[-5.6082,56.069],[-5.6175,56.06],[-5.6327,56.053],[-5.639,56.0439],[-5.6407,56.0362],[-5.6359,56.0302],[-5.6491,56.0287],[-5.6563,56.0238],[-5.6552,56.0204],[-5.678,55.9989],[-5.6868,55.9891],[-5.684,55.9855],[-5.6973,55.9762],[-5.7052,55.9683],[-5.7042,55.9589],[-5.6808,55.966],[-5.6882,55.9564],[-5.6828,55.9552],[-5.6682,55.9651],[-5.6555,55.9772],[-5.6636,55.9796],[-5.6652,55.9829],[-5.6567,55.9906],[-5.6509,56.0011],[-5.6472,55.9969],[-5.6554,55.9839],[-5.6486,55.9834],[-5.6363,55.9922],[-5.6303,56.0024],[-5.6257,56.0049],[-5.6111,56.0191],[-5.6222,56.0216],[-5.6122,56.0244],[-5.5964,56.0255],[-5.5886,56.0353],[-5.576,56.0319],[-5.5896,56.0238],[-5.5948,56.0189],[-5.5855,56.0187],[-5.5739,56.0243],[-5.5693,56.0235],[-5.5761,56.0135],[-5.5893,56.0098],[-5.5953,56.0101],[-5.6159,55.9911],[-5.6231,55.9802],[-5.6336,55.9745],[-5.6423,55.9638],[-5.6627,55.9514],[-5.6707,55.9409],[-5.6717,55.9364],[-5.6816,55.9256],[-5.6802,55.9228],[-5.6853,55.9182],[-5.6886,55.9095],[-5.682,55.9087],[-5.6819,55.9026],[-5.687,55.8981],[-5.687,55.8942],[-5.6797,55.8862],[-5.6754,55.8874],[-5.6581,55.9027],[-5.6459,55.904],[-5.6326,55.9149],[-5.6229,55.9178],[-5.6197,55.9235],[-5.6092,55.9289],[-5.5943,55.9307],[-5.5793,55.9396],[-5.5715,55.9363],[-5.5713,55.9334],[-5.5842,55.9258],[-5.5852,55.9204],[-5.593,55.9171],[-5.6041,55.9148],[-5.6122,55.9069],[-5.6152,55.9018],[-5.622,55.897],[-5.6194,55.8922],[-5.6253,55.8839],[-5.6427,55.8694],[-5.6519,55.8632],[-5.6551,55.8531],[-5.663,55.8474],[-5.6649,55.8398],[-5.6614,55.8356],[-5.6629,55.8279],[-5.6711,55.8139],[-5.6668,55.812],[-5.6639,55.7992],[-5.6458,55.7911],[-5.6409,55.787],[-5.6316,55.7872],[-5.6155,55.7925],[-5.6083,55.7905],[-5.6199,55.7844],[-5.613,55.7732],[-5.616,55.7679],[-5.6127,55.7605],[-5.6068,55.7615],[-5.5855,55.7701],[-5.5783,55.7789],[-5.5713,55.7801],[-5.5705,55.7752],[-5.5438,55.7848],[-5.5188,55.7975],[-5.4972,55.8172],[-5.4888,55.8182],[-5.4828,55.8214],[-5.4777,55.8275],[-5.4759,55.834],[-5.4679,55.8381],[-5.458,55.8407],[-5.4566,55.8472],[-5.4408,55.8601],[-5.4395,55.8554],[-5.4273,55.8531],[-5.4215,55.8598],[-5.4243,55.8646],[-5.4205,55.8672],[-5.4227,55.8784],[-5.4321,55.8804],[-5.4388,55.8793],[-5.4445,55.8755],[-5.4531,55.8733],[-5.462,55.875],[-5.4561,55.8808],[-5.4593,55.8895],[-5.4676,55.8933],[-5.4752,55.8931],[-5.4832,55.8969],[-5.4773,55.9025],[-5.4933,55.9079],[-5.4926,55.9124],[-5.4821,55.9203],[-5.49,55.9282],[-5.4905,55.9336],[-5.4867,55.9359],[-5.4947,55.9407],[-5.5023,55.9409],[-5.5053,55.9471],[-5.5022,55.9485],[-5.5011,55.958],[-5.5078,55.9659],[-5.5144,55.9675],[-5.5191,55.9755],[-5.5132,55.9808],[-5.5191,55.9845],[-5.5204,55.9903],[-5.5018,55.9971],[-5.5029,56.0007],[-5.5139,56.0069],[-5.5101,56.0086],[-5.5067,56.0154],[-5.4945,56.0229],[-5.4855,56.0299],[-5.4876,56.0353],[-5.4951,56.0382],[-5.5039,56.0384],[-5.5074,56.0455],[-5.4972,56.053],[-5.4917,56.0545],[-5.4891,56.0613],[-5.479,56.0643],[-5.4643,56.0669],[-5.435,56.0669],[-5.425,56.0721],[-5.4167,56.0782],[-5.4125,56.085],[-5.3981,56.0863],[-5.3887,56.0843],[-5.366,56.0912],[-5.3592,56.0919],[-5.3547,56.0956],[-5.3436,56.0972],[-5.3321,56.1029],[-5.3211,56.1019],[-5.3024,56.1046],[-5.3037,56.1008],[-5.2962,56.0981],[-5.29,56.1005],[-5.2904,56.1045],[-5.274,56.1103],[-5.2822,56.1124],[-5.2898,56.1173],[-5.279,56.1228],[-5.274,56.1292],[-5.2662,56.1326],[-5.2685,56.1402],[-5.2677,56.1501],[-5.2569,56.1557],[-5.2449,56.166],[-5.2348,56.1703],[-5.2358,56.1729],[-5.2481,56.1708],[-5.2527,56.1725],[-5.2629,56.17],[-5.2752,56.1723],[-5.2837,56.1771],[-5.2932,56.1757],[-5.3001,56.1717],[-5.3156,56.1731],[-5.3311,56.1664],[-5.333,56.1609],[-5.3416,56.1569],[-5.3555,56.1414],[-5.3689,56.1384],[-5.3766,56.1337],[-5.3982,56.1331],[-5.4039,56.1284],[-5.412,56.125],[-5.4244,56.1242],[-5.4347,56.1177],[-5.4414,56.1206],[-5.4346,56.1253],[-5.4396,56.1364],[-5.4477,56.1373],[-5.4522,56.1417],[-5.4502,56.1465],[-5.441,56.1521],[-5.4488,56.1582],[-5.4598,56.1637],[-5.4551,56.1656],[-5.4581,56.1719],[-5.4535,56.1832],[-5.4433,56.1871],[-5.4464,56.1938],[-5.4385,56.1962],[-5.4353,56.2053],[-5.4313,56.2063],[-5.4243,56.2182],[-5.4174,56.222],[-5.4181,56.2294],[-5.4082,56.2357],[-5.3918,56.2425],[-5.399,56.2508],[-5.4104,56.2514],[-5.4141,56.2567],[-5.4156,56.2654],[-5.4077,56.2668],[-5.4024,56.2705],[-5.4028,56.275],[-5.3851,56.2759],[-5.3855,56.2808],[-5.3713,56.2848],[-5.3549,56.2911],[-5.3409,56.2978],[-5.3305,56.2985],[-5.3222,56.305],[-5.3292,56.3116],[-5.3215,56.3163],[-5.3212,56.3221],[-5.3275,56.3247],[-5.3197,56.3321],[-5.3087,56.336],[-5.3117,56.3433],[-5.3185,56.3463],[-5.3193,56.3514],[-5.3263,56.353],[-5.323,56.3608],[-5.3126,56.3628],[-5.308,56.3661],[-5.3093,56.3717],[-5.3156,56.3785],[-5.3063,56.3832],[-5.2709,56.3864],[-5.2758,56.3968],[-5.2745,56.3998],[-5.2864,56.4067],[-5.2943,56.4137],[-5.3233,56.4115],[-5.3263,56.4079],[-5.3357,56.4144],[-5.3535,56.413],[-5.3549,56.4161],[-5.3675,56.4157],[-5.3736,56.4111],[-5.3863,56.417],[-5.3924,56.4133],[-5.3997,56.4135],[-5.4066,56.4084],[-5.4121,56.4073],[-5.414,56.401],[-5.43,56.3983],[-5.4407,56.4002],[-5.4345,56.404],[-5.4415,56.4097],[-5.4334,56.4135],[-5.4333,56.4166],[-5.4232,56.4219],[-5.4168,56.4234],[-5.4144,56.432],[-5.4162,56.4342],[-5.4051,56.4372],[-5.4077,56.4434],[-5.4051,56.4469],[-5.3979,56.4473],[-5.3983,56.4522]]],[[[-5.4979,56.4243],[-5.5047,56.419],[-5.5116,56.4183],[-5.5142,56.4141],[-5.5237,56.411],[-5.5346,56.4125],[-5.5452,56.4078],[-5.5512,56.4093],[-5.5628,56.4075],[-5.5676,56.4035],[-5.5656,56.3978],[-5.575,56.3978],[-5.5742,56.3919],[-5.5826,56.3911],[-5.5868,56.3805],[-5.5729,56.3818],[-5.5632,56.3786],[-5.5542,56.3787],[-5.56,56.3731],[-5.5529,56.3722],[-5.5421,56.3795],[-5.5258,56.3932],[-5.527,56.3956],[-5.5151,56.4019],[-5.5125,56.4063],[-5.5002,56.4115],[-5.4979,56.4243]]],[[[-5.6674,55.9633],[-5.6789,55.9525],[-5.6931,55.9562],[-5.7014,55.9509],[-5.7048,55.9404],[-5.7002,55.935],[-5.6936,55.933],[-5.6887,55.935],[-5.6755,55.95],[-5.6757,55.9539],[-5.6674,55.9633]]],[[[-5.5286,56.1667],[-5.5389,56.164],[-5.5442,56.1591],[-5.5468,56.1533],[-5.5557,56.1474],[-5.5483,56.1468],[-5.54,56.1563],[-5.5286,56.1667]]],[[[-5.5563,56.1418],[-5.5631,56.1403],[-5.5689,56.1354],[-5.5656,56.1312],[-5.5567,56.1378],[-5.5563,56.1418]]]]},"properties":{"HA_NUM":88,"HA_NAME":"Add Group"}},
{"type":"Feature","geometry":{"type":"MultiPolygon","coordinates":[[[[-4.7761,56.6789],[-4.7819,56.6792],[-4.7955,56.6758],[-4.8124,56.6785],[-4.8214,56.6779],[-4.8288,56.6739],[-4.8389,56.6779],[-4.8625,56.6765],[-4.8653,56.6706],[-4.8742,56.6699],[-4.8872,56.6795],[-4.9005,56.6824],[-4.9115,56.6767],[-4.9235,56.6735],[-4.9282,56.6604],[-4.9352,56.6555],[-4.9456,56.6534],[-4.9534,56.6483],[-4.9621,56.6454],[-4.972,56.6366],[-4.9851,56.6368],[-5.0045,56.6345],[-5.0105,56.638],[-5.0178,56.6382],[-5.0279,56.6425],[-5.0345,56.6428],[-5.0432,56.6394],[-5.0414,56.6273],[-5.0705,56.6244],[-5.0773,56.6179],[-5.0665,56.615],[-5.0752,56.6123],[-5.0797,56.6064],[-5.0979,56.5909],[-5.1126,56.5909],[-5.1221,56.588],[-5.1182,56.5791],[-5.1111,56.5726],[-5.1113,56.5656],[-5.1074,56.5619],[-5.099,56.5589],[-5.0999,56.5553],[-5.1108,56.5487],[-5.1205,56.5481],[-5.1293,56.5519],[-5.1465,56.5523],[-5.1513,56.5572],[-5.1628,56.5627],[-5.1706,56.5634],[-5.1735,56.5593],[-5.1861,56.5545],[-5.1991,56.5541],[-5.2029,56.5558],[-5.2163,56.5555],[-5.2242,56.5526],[-5.2337,56.5546],[-5.2456,56.5552],[-5.25,56.5483],[-5.2757,56.5443],[-5.2933,56.5469],[-5.3038,56.541],[-5.3109,56.5303],[-5.324,56.5273],[-5.3347,56.52],[-5.3429,56.5186],[-5.3516,56.5198],[-5.3541,56.5153],[-5.3645,56.5167],[-5.3744,56.5122],[-5.3886,56.5101],[-5.3905,56.5136],[-5.4014,56.5161],[-5.4009,56.5254],[-5.41,56.522],[-5.4127,56.5252],[-5.4203,56.5265],[-5.4266,56.5186],[-5.4352,56.521],[-5.4438,56.5115],[-5.4517,56.5055],[-5.4518,56.4969],[-5.461,56.4941],[-5.4734,56.4825],[-5.4666,56.4816],[-5.4536,56.4883],[-5.4503,56.4852],[-5.4425,56.4845],[-5.4349,56.4942],[-5.4271,56.4959],[-5.4161,56.4934],[-5.4097,56.4899],[-5.4057,56.4839],[-5.4006,56.4698],[-5.4017,56.4644],[-5.4068,56.4588],[-5.3923,56.457],[-5.3875,56.4593],[-5.3745,56.458],[-5.3659,56.4592],[-5.3614,56.4626],[-5.3624,56.4699],[-5.3465,56.4715],[-5.3391,56.4706],[-5.3324,56.466],[-5.3248,56.4664],[-5.3191,56.4635],[-5.2982,56.463],[-5.2847,56.4607],[-5.2762,56.4646],[-5.2691,56.4631],[-5.2574,56.4639],[-5.2541,56.4611],[-5.2364,56.4518],[-5.2198,56.4507],[-5.1953,56.4567],[-5.1837,56.4619],[-5.185,56.4663],[-5.1763,56.4709],[-5.1747,56.4806],[-5.1645,56.4848],[-5.1565,56.5012],[-5.1482,56.504],[-5.138,56.5048],[-5.1293,56.5099],[-5.1187,56.5136],[-5.1077,56.523],[-5.1049,56.5291],[-5.09,56.5441],[-5.0784,56.5603],[-5.0728,56.5626],[-5.0664,56.5577],[-5.0737,56.5544],[-5.0769,56.5479],[-5.0816,56.5441],[-5.0854,56.5364],[-5.0944,56.5322],[-5.0996,56.5178],[-5.1103,56.507],[-5.118,56.5039],[-5.1232,56.4943],[-5.136,56.49],[-5.1467,56.4752],[-5.1575,56.4708],[-5.1658,56.4651],[-5.1627,56.4634],[-5.1703,56.4576],[-5.1909,56.4485],[-5.2109,56.4468],[-5.2158,56.4444],[-5.2283,56.4441],[-5.236,56.437],[-5.2481,56.4381],[-5.2583,56.4501],[-5.2669,56.4578],[-5.279,56.4506],[-5.2997,56.456],[-5.3112,56.4539],[-5.3181,56.4571],[-5.3255,56.4509],[-5.3385,56.4525],[-5.343,56.4577],[-5.3499,56.4598],[-5.366,56.4546],[-5.3767,56.454],[-5.394,56.455],[-5.3983,56.4522],[-5.3979,56.4473],[-5.4051,56.4469],[-5.4077,56.4434],[-5.4051,56.4372],[-5.4162,56.4342],[-5.4144,56.432],[-5.4168,56.4234],[-5.4232,56.4219],[-5.4333,56.4166],[-5.4334,56.4135],[-5.4415,56.4097],[-5.4345,56.404],[-5.4407,56.4002],[-5.43,56.3983],[-5.414,56.401],[-5.4121,56.4073],[-5.4066,56.4084],[-5.3997,56.4135],[-5.3924,56.4133],[-5.3863,56.417],[-5.3736,56.4111],[-5.3675,56.4157],[-5.3549,56.4161],[-5.3535,56.413],[-5.3357,56.4144],[-5.3263,56.4079],[-5.3233,56.4115],[-5.2943,56.4137],[-5.2864,56.4067],[-5.2745,56.3998],[-5.2758,56.3968],[-5.2709,56.3864],[-5.3063,56.3832],[-5.3156,56.3785],[-5.3093,56.3717],[-5.308,56.3661],[-5.3126,56.3628],[-5.323,56.3608],[-5.3263,56.353],[-5.3193,56.3514],[-5.3185,56.3463],[-5.3117,56.3433],[-5.3087,56.336],[-5.3197,56.3321],[-5.3275,56.3247],[-5.3212,56.3221],[-5.3215,56.3163],[-5.3292,56.3116],[-5.3222,56.305],[-5.3305,56.2985],[-5.3409,56.2978],[-5.3549,56.2911],[-5.3713,56.2848],[-5.3855,56.2808],[-5.3851,56.2759],[-5.4028,56.275],[-5.4024,56.2705],[-5.4077,56.2668],[-5.4156,56.2654],[-5.4141,56.2567],[-5.4104,56.2514],[-5.399,56.2508],[-5.3918,56.2425],[-5.4082,56.2357],[-5.4181,56.2294],[-5.4174,56.222],[-5.4243,56.2182],[-5.4313,56.2063],[-5.4353,56.2053],[-5.4385,56.1962],[-5.4464,56.1938],[-5.4433,56.1871],[-5.4535,56.1832],[-5.4581,56.1719],[-5.4551,56.1656],[-5.4598,56.1637],[-5.4488,56.1582],[-5.441,56.1521],[-5.4502,56.1465],[-5.4522,56.1417],[-5.4477,56.1373],[-5.4396,56.1364],[-5.4346,56.1253],[-5.4414,56.1206],[-5.4347,56.1177],[-5.4244,56.1242],[-5.412,56.125],[-5.4039,56.1284],[-5.3982,56.1331],[-5.3766,56.1337],[-5.3689,56.1384],[-5.3555,56.1414],[-5.3416,56.1569],[-5.333,56.1609],[-5.3311,56.1664],[-5.3156,56.1731],[-5.3001,56.1717],[-5.2932,56.1757],[-5.2837,56.1771],[-5.2752,56.1723],[-5.2629,56.17],[-5.2527,56.1725],[-5.2392,56.185],[-5.2293,56.1866],[-5.2195,56.1904],[-5.2223,56.1946],[-5.2245,56.211],[-5.2214,56.2178],[-5.2109,56.2221],[-5.2073,56.2269],[-5.1995,56.2301],[-5.2001,56.2372],[-5.1911,56.2465],[-5.1849,56.2489],[-5.1838,56.2556],[-5.1677,56.2565],[-5.1584,56.2608],[-5.1597,56.2664],[-5.1455,56.2706],[-5.1385,56.2743],[-5.1403,56.286],[-5.1321,56.2943],[-5.1264,56.2944],[-5.1195,56.2991],[-5.1257,56.3007],[-5.1314,56.3055],[-5.1213,56.3107],[-5.1209,56.3157],[-5.1093,56.3218],[-5.1036,56.3314],[-5.0941,56.3348],[-5.0843,56.3339],[-5.0752,56.3312],[-5.0666,56.3341],[-5.0461,56.3216],[-5.0361,56.3227],[-5.0282,56.3193],[-5.0161,56.3196],[-5.0057,56.3217],[-4.9869,56.3289],[-4.9839,56.333],[-4.9854,56.3417],[-4.9658,56.3487],[-4.9541,56.3553],[-4.9447,56.3586],[-4.9426,56.3632],[-4.9264,56.3636],[-4.9188,56.3696],[-4.9183,56.3737],[-4.9068,56.3771],[-4.9011,56.3768],[-4.8815,56.3691],[-4.8557,56.3711],[-4.8337,56.3801],[-4.8353,56.3904],[-4.8281,56.3919],[-4.8123,56.3977],[-4.8166,56.4003],[-4.8129,56.4159],[-4.7975,56.4169],[-4.7971,56.4214],[-4.7899,56.4238],[-4.789,56.427],[-4.7801,56.4272],[-4.7646,56.4318],[-4.7604,56.4361],[-4.7438,56.4356],[-4.733,56.4332],[-4.7269,56.4376],[-4.7219,56.448],[-4.7313,56.4548],[-4.7053,56.4589],[-4.6973,56.4663],[-4.6884,56.4611],[-4.6681,56.4606],[-4.6624,56.4675],[-4.6547,56.4728],[-4.6398,56.4747],[-4.6487,56.4799],[-4.6723,56.4803],[-4.679,56.4838],[-4.6848,56.4908],[-4.6753,56.4998],[-4.665,56.5043],[-4.6652,56.507],[-4.6557,56.5108],[-4.6528,56.5156],[-4.657,56.5285],[-4.6831,56.5416],[-4.694,56.5401],[-4.6986,56.5418],[-4.6975,56.5499],[-4.6727,56.5558],[-4.661,56.5623],[-4.6487,56.5613],[-4.6418,56.5677],[-4.628,56.568],[-4.6126,56.5697],[-4.5985,56.5767],[-4.581,56.5712],[-4.5648,56.572],[-4.5726,56.5797],[-4.5721,56.5833],[-4.5836,56.597],[-4.5963,56.6037],[-4.605,56.6058],[-4.6101,56.6039],[-4.622,56.6054],[-4.628,56.6089],[-4.6421,56.6063],[-4.6498,56.6125],[-4.6547,56.6119],[-4.6706,56.606],[-4.6796,56.601],[-4.6913,56.6003],[-4.7022,56.5929],[-4.716,56.5917],[-4.7334,56.5846],[-4.7405,56.5871],[-4.7522,56.5851],[-4.7701,56.586],[-4.7808,56.5876],[-4.7821,56.5822],[-4.7956,56.5783],[-4.8074,56.5717],[-4.8173,56.5742],[-4.8312,56.5689],[-4.8392,56.5726],[-4.8456,56.5717],[-4.8692,56.5712],[-4.8713,56.5671],[-4.8802,56.566],[-4.8854,56.5697],[-4.8833,56.5754],[-4.8861,56.5798],[-4.8948,56.5866],[-4.8877,56.5901],[-4.8818,56.5981],[-4.8691,56.602],[-4.8705,56.6094],[-4.8623,56.6095],[-4.8455,56.6129],[-4.8388,56.6159],[-4.8134,56.6201],[-4.7898,56.6206],[-4.7847,56.6291],[-4.786,56.6349],[-4.7902,56.6377],[-4.7898,56.6422],[-4.7766,56.6515],[-4.7746,56.658],[-4.7761,56.6789]]],[[[-5.4274,56.5602],[-5.4366,56.5597],[-5.456,56.5498],[-5.4624,56.5511],[-5.4635,56.5556],[-5.4726,56.5532],[-5.468,56.5491],[-5.4785,56.5472],[-5.4822,56.5422],[-5.4931,56.5369],[-5.5018,56.5272],[-5.5101,56.5218],[-5.5255,56.5142],[-5.5327,56.5079],[-5.5418,56.504],[-5.5532,56.5022],[-5.5704,56.4962],[-5.5743,56.4917],[-5.5767,56.484],[-5.5752,56.478],[-5.5775,56.4745],[-5.5981,56.4626],[-5.5871,56.462],[-5.5725,56.469],[-5.5454,56.48],[-5.5363,56.4882],[-5.5162,56.4956],[-5.5078,56.4977],[-5.4918,56.5111],[-5.4866,56.5183],[-5.4678,56.5292],[-5.4635,56.5332],[-5.4451,56.5458],[-5.4342,56.5516],[-5.4274,56.5602]]],[[[-5.4084,56.5371],[-5.422,56.5325],[-5.4295,56.5266],[-5.4115,56.5276],[-5.4012,56.5343],[-5.4084,56.5371]]]]},"properties":{"HA_NUM":89,"HA_NAME":"Awe and Etive"}},
{"type":"Feature","geometry":{"type":"MultiPolygon","coordinates":[[[[-4.5882,56.7598],[-4.5991,56.7627],[-4.6052,56.7689],[-4.6175,56.7691],[-4.6337,56.7669],[-4.6506,56.7634],[-4.6549,56.7593],[-4.6613,56.7578],[-4.6801,56.7583],[-4.6857,56.7613],[-4.725,56.7398],[-4.7388,56.7382],[-4.7467,56.7398],[-4.7443,56.7461],[-4.7372,56.7499],[-4.7479,56.7568],[-4.7573,56.756],[-4.7677,56.7591],[-4.773,56.7581],[-4.7782,56.7512],[-4.8027,56.7511],[-4.8063,56.7438],[-4.8131,56.7365],[-4.8316,56.7374],[-4.8445,56.7412],[-4.833,56.7509],[-4.8279,56.7589],[-4.8342,56.7621],[-4.8529,56.7594],[-4.8607,56.7601],[-4.8708,56.7586],[-4.8824,56.7547],[-4.8906,56.7554],[-4.8951,56.7499],[-4.9089,56.7487],[-4.9176,56.7449],[-4.9269,56.7483],[-4.9258,56.7555],[-4.9195,56.7583],[-4.9175,56.7647],[-4.9118,56.7652],[-4.9083,56.7734],[-4.8828,56.7814],[-4.8832,56.7868],[-4.9054,56.7991],[-4.9246,56.7928],[-4.9336,56.7926],[-4.9395,56.7947],[-4.9485,56.7945],[-4.9597,56.8023],[-4.9609,56.8061],[-4.987,56.8053],[-4.9865,56.7994],[-4.9944,56.7947],[-5.0133,56.7965],[-5.018,56.8036],[-5.035,56.8059],[-5.0476,56.8047],[-5.0505,56.8105],[-5.0459,56.8148],[-5.0463,56.8196],[-5.057,56.8247],[-5.0636,56.8259],[-5.0821,56.8256],[-5.0957,56.8282],[-5.1082,56.8227],[-5.1343,56.803],[-5.1421,56.7951],[-5.1652,56.7796],[-5.1682,56.7733],[-5.181,56.7626],[-5.1901,56.7568],[-5.1937,56.7518],[-5.2034,56.7459],[-5.208,56.7405],[-5.229,56.7297],[-5.2392,56.7188],[-5.2385,56.711],[-5.2472,56.7055],[-5.2312,56.7012],[-5.2197,56.7027],[-5.206,56.7023],[-5.1965,56.7001],[-5.1864,56.7003],[-5.1832,56.6964],[-5.1859,56.6921],[-5.178,56.6894],[-5.1668,56.6925],[-5.1586,56.6883],[-5.1457,56.687],[-5.134,56.6918],[-5.1228,56.6948],[-5.1117,56.6952],[-5.0962,56.7003],[-5.0833,56.7007],[-5.073,56.7036],[-5.067,56.7027],[-5.057,56.7057],[-5.0431,56.7065],[-5.013,56.714],[-4.9983,56.713],[-4.9729,56.7165],[-4.9788,56.7128],[-5.0102,56.71],[-5.0182,56.7068],[-5.0339,56.7067],[-5.0486,56.7047],[-5.0606,56.7001],[-5.0751,56.6987],[-5.1067,56.6913],[-5.1109,56.6812],[-5.1348,56.6797],[-5.1424,56.6777],[-5.1538,56.6781],[-5.1684,56.6854],[-5.1828,56.6884],[-5.1964,56.686],[-5.224,56.6866],[-5.2429,56.6755],[-5.2547,56.6708],[-5.264,56.6722],[-5.271,56.6687],[-5.2776,56.6699],[-5.2835,56.6644],[-5.3034,56.6604],[-5.3137,56.6555],[-5.3157,56.6503],[-5.307,56.6464],[-5.3015,56.647],[-5.2961,56.6422],[-5.2989,56.6374],[-5.316,56.6284],[-5.3185,56.6235],[-5.3357,56.6169],[-5.3579,56.6054],[-5.3648,56.5963],[-5.3749,56.5887],[-5.3757,56.5845],[-5.3843,56.5758],[-5.3816,56.5702],[-5.3759,56.5655],[-5.3861,56.5642],[-5.3909,56.5687],[-5.4083,56.5606],[-5.4056,56.557],[-5.4148,56.5534],[-5.4051,56.5488],[-5.4134,56.543],[-5.4128,56.5394],[-5.3976,56.5438],[-5.3929,56.5342],[-5.3869,56.5337],[-5.3877,56.5282],[-5.3802,56.5246],[-5.375,56.5292],[-5.3681,56.5258],[-5.3613,56.5259],[-5.3496,56.5307],[-5.3443,56.5349],[-5.336,56.5373],[-5.3256,56.5465],[-5.3117,56.5503],[-5.3016,56.551],[-5.2914,56.5478],[-5.2751,56.5507],[-5.2544,56.5574],[-5.2456,56.5552],[-5.2337,56.5546],[-5.2242,56.5526],[-5.2163,56.5555],[-5.2029,56.5558],[-5.1991,56.5541],[-5.1861,56.5545],[-5.1735,56.5593],[-5.1706,56.5634],[-5.1628,56.5627],[-5.1513,56.5572],[-5.1465,56.5523],[-5.1293,56.5519],[-5.1205,56.5481],[-5.1108,56.5487],[-5.0999,56.5553],[-5.099,56.5589],[-5.1074,56.5619],[-5.1113,56.5656],[-5.1111,56.5726],[-5.1182,56.5791],[-5.1221,56.588],[-5.1126,56.5909],[-5.0979,56.5909],[-5.0797,56.6064],[-5.0752,56.6123],[-5.0665,56.615],[-5.0773,56.6179],[-5.0705,56.6244],[-5.0414,56.6273],[-5.0432,56.6394],[-5.0345,56.6428],[-5.0279,56.6425],[-5.0178,56.6382],[-5.0105,56.638],[-5.0045,56.6345],[-4.9851,56.6368],[-4.972,56.6366],[-4.9621,56.6454],[-4.9534,56.6483],[-4.9456,56.6534],[-4.9352,56.6555],[-4.9282,56.6604],[-4.9235,56.6735],[-4.9115,56.6767],[-4.9005,56.6824],[-4.8872,56.6795],[-4.8742,56.6699],[-4.8653,56.6706],[-4.8625,56.6765],[-4.8389,56.6779],[-4.8288,56.6739],[-4.8214,56.6779],[-4.8124,56.6785],[-4.7955,56.6758],[-4.7819,56.6792],[-4.7761,56.6789],[-4.7505,56.675],[-4.7356,56.6776],[-4.6914,56.6754],[-4.6723,56.6771],[-4.6587,56.6752],[-4.6416,56.6809],[-4.6282,56.6875],[-4.6145,56.6914],[-4.5992,56.6933],[-4.5919,56.7063],[-4.5841,56.7118],[-4.58,56.7242],[-4.5723,56.7309],[-4.5785,56.7371],[-4.5798,56.7443],[-4.5843,56.7504],[-4.5882,56.7598]]],[[[-5.1221,56.8418],[-5.1247,56.8457],[-5.1202,56.8503],[-5.1115,56.8544],[-5.1195,56.8622],[-5.1319,56.8633],[-5.1382,56.8694],[-5.1412,56.8754],[-5.1382,56.8793],[-5.139,56.8885],[-5.1599,56.8936],[-5.1718,56.8883],[-5.1866,56.8884],[-5.1922,56.8869],[-5.1983,56.8906],[-5.2038,56.8976],[-5.2077,56.9146],[-5.2196,56.9186],[-5.2349,56.92],[-5.2446,56.9179],[-5.2505,56.9196],[-5.268,56.9279],[-5.2754,56.9369],[-5.2837,56.9371],[-5.2883,56.9334],[-5.291,56.9271],[-5.3014,56.9335],[-5.3264,56.9329],[-5.3302,56.9247],[-5.3456,56.9261],[-5.3685,56.9205],[-5.3769,56.9225],[-5.3848,56.9187],[-5.3929,56.909],[-5.3999,56.9044],[-5.4033,56.8971],[-5.3965,56.8941],[-5.3969,56.8896],[-5.4053,56.8829],[-5.4066,56.879],[-5.4162,56.876],[-5.4058,56.8696],[-5.3968,56.8613],[-5.3963,56.8555],[-5.3864,56.8553],[-5.382,56.8523],[-5.3829,56.8435],[-5.3708,56.8373],[-5.3766,56.8288],[-5.3946,56.8191],[-5.3967,56.815],[-5.4188,56.8144],[-5.4239,56.8165],[-5.4319,56.814],[-5.4418,56.8147],[-5.4506,56.8214],[-5.4555,56.8219],[-5.4675,56.818],[-5.4896,56.8178],[-5.5023,56.8134],[-5.5061,56.8102],[-5.4828,56.7978],[-5.4583,56.7985],[-5.4487,56.792],[-5.4354,56.7903],[-5.4355,56.7827],[-5.44,56.7774],[-5.4478,56.7736],[-5.4674,56.7726],[-5.4678,56.7595],[-5.4567,56.7549],[-5.4536,56.7478],[-5.4589,56.7427],[-5.4488,56.7394],[-5.4376,56.7332],[-5.451,56.7241],[-5.4465,56.7152],[-5.4329,56.7138],[-5.4255,56.7086],[-5.4258,56.7027],[-5.4209,56.6984],[-5.4298,56.693],[-5.4411,56.6827],[-5.439,56.6772],[-5.4446,56.6716],[-5.4429,56.6663],[-5.45,56.6634],[-5.46,56.6658],[-5.4685,56.6656],[-5.476,56.6622],[-5.485,56.6624],[-5.5011,56.6602],[-5.5096,56.6545],[-5.5239,56.6595],[-5.5337,56.6593],[-5.5373,56.6547],[-5.5479,56.6548],[-5.5786,56.6508],[-5.6017,56.6492],[-5.6144,56.6414],[-5.6127,56.6327],[-5.6136,56.6241],[-5.5994,56.6214],[-5.5877,56.6141],[-5.5997,56.6075],[-5.5887,56.6026],[-5.5875,56.5984],[-5.5815,56.5961],[-5.5792,56.5887],[-5.5824,56.5799],[-5.605,56.5817],[-5.6097,56.5755],[-5.6087,56.5649],[-5.6,56.5634],[-5.5985,56.5603],[-5.6028,56.5539],[-5.6142,56.5544],[-5.6325,56.5499],[-5.631,56.5346],[-5.6331,56.5301],[-5.6418,56.5285],[-5.6605,56.5279],[-5.6615,56.5256],[-5.6791,56.5265],[-5.6827,56.5304],[-5.7038,56.5298],[-5.7306,56.533],[-5.7464,56.5325],[-5.7638,56.528],[-5.7527,56.5186],[-5.7512,56.5243],[-5.7457,56.5252],[-5.729,56.5165],[-5.7088,56.5152],[-5.6945,56.5115],[-5.6903,56.4991],[-5.6851,56.4969],[-5.6779,56.5007],[-5.6465,56.5085],[-5.6387,56.5136],[-5.6293,56.5156],[-5.6242,56.5195],[-5.6151,56.5202],[-5.6001,56.5253],[-5.5902,56.53],[-5.5875,56.5349],[-5.5675,56.5411],[-5.56,56.5447],[-5.5598,56.5495],[-5.5483,56.5541],[-5.5462,56.5588],[-5.5368,56.5669],[-5.5237,56.5745],[-5.5169,56.5857],[-5.512,56.588],[-5.496,56.6017],[-5.4928,56.6071],[-5.5169,56.6114],[-5.5247,56.6175],[-5.5112,56.6174],[-5.4962,56.6149],[-5.4705,56.6152],[-5.4523,56.6267],[-5.4413,56.6373],[-5.4337,56.6428],[-5.4154,56.6477],[-5.4114,56.6429],[-5.4057,56.6428],[-5.3925,56.6527],[-5.3729,56.664],[-5.3643,56.6705],[-5.3552,56.6751],[-5.3571,56.6815],[-5.352,56.6849],[-5.3406,56.6875],[-5.3374,56.6921],[-5.3227,56.6965],[-5.3189,56.7014],[-5.3024,56.7123],[-5.2896,56.7109],[-5.283,56.7009],[-5.276,56.7106],[-5.2647,56.7162],[-5.2436,56.72],[-5.2427,56.7223],[-5.2529,56.7272],[-5.2563,56.7319],[-5.2525,56.7382],[-5.2308,56.751],[-5.2312,56.7578],[-5.2386,56.7613],[-5.2366,56.7649],[-5.2249,56.7695],[-5.2139,56.7684],[-5.1895,56.7836],[-5.1806,56.7872],[-5.1402,56.813],[-5.133,56.8201],[-5.1274,56.8214],[-5.1229,56.8262],[-5.1236,56.8342],[-5.1394,56.8364],[-5.1499,56.8366],[-5.1639,56.8423],[-5.1799,56.8462],[-5.2129,56.8443],[-5.2342,56.8425],[-5.2555,56.8427],[-5.2863,56.847],[-5.3151,56.8474],[-5.3307,56.854],[-5.3366,56.8553],[-5.3322,56.86],[-5.3188,56.8589],[-5.3041,56.8562],[-5.2793,56.8543],[-5.27,56.8548],[-5.2625,56.8529],[-5.251,56.8545],[-5.2125,56.8552],[-5.1914,56.8549],[-5.177,56.8528],[-5.1643,56.8485],[-5.1628,56.8441],[-5.1467,56.8387],[-5.1325,56.843],[-5.1221,56.8418]]],[[[-5.3841,56.5953],[-5.3993,56.5926],[-5.4037,56.5859],[-5.394,56.5787],[-5.3855,56.5875],[-5.3841,56.5953]]]]},"properties":{"HA_NUM":90,"HA_NAME":"Loch Linnhe Group"}},
{"type":"Feature","geometry":{"type":"Polygon","coordinates":[[[-4.6276,57.0425],[-4.6383,57.0418],[-4.641,57.0449],[-4.6529,57.0447],[-4.6585,57.0423],[-4.6697,57.0425],[-4.6792,57.0367],[-4.6829,57.0319],[-4.7203,57.0307],[-4.7402,57.0266],[-4.7463,57.0305],[-4.7515,57.0286],[-4.7701,57.0296],[-4.7789,57.0253],[-4.7867,57.0256],[-4.7956,57.0288],[-4.8212,57.0406],[-4.8318,57.039],[-4.8364,57.0339],[-4.8494,57.0318],[-4.8538,57.0353],[-4.861,57.032],[-4.8679,57.0319],[-4.8827,57.036],[-4.9022,57.0324],[-4.9134,57.0277],[-4.9137,57.0218],[-4.9365,57.0177],[-4.9441,57.0153],[-4.9651,57.0148],[-4.9777,57.0127],[-4.9897,57.0088],[-5.0085,57.0115],[-5.0147,57.0073],[-5.0213,57.0076],[-5.0411,57.0021],[-5.0651,57.0038],[-5.0682,57.0067],[-5.0791,57.0093],[-5.092,57.0056],[-5.1064,57.0055],[-5.1387,57.0069],[-5.1486,57.0026],[-5.1588,57.001],[-5.1678,57.0062],[-5.1768,57.0051],[-5.1829,57.0092],[-5.2021,57.0166],[-5.2152,57.0108],[-5.2258,57.0092],[-5.2384,57.003],[-5.2638,57.0015],[-5.2783,56.998],[-5.2859,56.991],[-5.2955,56.9876],[-5.3084,56.9931],[-5.3183,56.9937],[-5.3214,57.0009],[-5.3371,57.0018],[-5.3525,56.9982],[-5.3602,57.0021],[-5.3773,56.9994],[-5.3857,57.0014],[-5.3887,57.0076],[-5.4036,57.0085],[-5.4128,57.0051],[-5.4432,57.0084],[-5.4396,56.9961],[-5.4441,56.9917],[-5.442,56.9866],[-5.4347,56.9794],[-5.4353,56.9762],[-5.4436,56.9688],[-5.4507,56.9654],[-5.4615,56.9571],[-5.4719,56.9545],[-5.4714,56.9491],[-5.4666,56.941],[-5.4604,56.9369],[-5.4488,56.9358],[-5.4416,56.9383],[-5.4195,56.9389],[-5.4067,56.9338],[-5.3907,56.9347],[-5.3891,56.9305],[-5.3769,56.9225],[-5.3685,56.9205],[-5.3456,56.9261],[-5.3302,56.9247],[-5.3264,56.9329],[-5.3014,56.9335],[-5.291,56.9271],[-5.2883,56.9334],[-5.2837,56.9371],[-5.2754,56.9369],[-5.268,56.9279],[-5.2505,56.9196],[-5.2446,56.9179],[-5.2349,56.92],[-5.2196,56.9186],[-5.2077,56.9146],[-5.2038,56.8976],[-5.1983,56.8906],[-5.1922,56.8869],[-5.1866,56.8884],[-5.1718,56.8883],[-5.1599,56.8936],[-5.139,56.8885],[-5.1382,56.8793],[-5.1412,56.8754],[-5.1382,56.8694],[-5.1319,56.8633],[-5.1195,56.8622],[-5.1115,56.8544],[-5.1202,56.8503],[-5.1247,56.8457],[-5.1221,56.8418],[-5.1106,56.839],[-5.1018,56.8341],[-5.0959,56.8348],[-5.0852,56.8321],[-5.0957,56.8282],[-5.0821,56.8256],[-5.0636,56.8259],[-5.057,56.8247],[-5.0463,56.8196],[-5.0459,56.8148],[-5.0505,56.8105],[-5.0476,56.8047],[-5.035,56.8059],[-5.018,56.8036],[-5.0133,56.7965],[-4.9944,56.7947],[-4.9865,56.7994],[-4.987,56.8053],[-4.9609,56.8061],[-4.9597,56.8023],[-4.9485,56.7945],[-4.9395,56.7947],[-4.9336,56.7926],[-4.9246,56.7928],[-4.9054,56.7991],[-4.8832,56.7868],[-4.8828,56.7814],[-4.9083,56.7734],[-4.9118,56.7652],[-4.9175,56.7647],[-4.9195,56.7583],[-4.9258,56.7555],[-4.9269,56.7483],[-4.9176,56.7449],[-4.9089,56.7487],[-4.8951,56.7499],[-4.8906,56.7554],[-4.8824,56.7547],[-4.8708,56.7586],[-4.8607,56.7601],[-4.8529,56.7594],[-4.8342,56.7621],[-4.8279,56.7589],[-4.833,56.7509],[-4.8445,56.7412],[-4.8316,56.7374],[-4.8131,56.7365],[-4.8063,56.7438],[-4.8027,56.7511],[-4.7782,56.7512],[-4.773,56.7581],[-4.7677,56.7591],[-4.7573,56.756],[-4.7479,56.7568],[-4.7372,56.7499],[-4.7443,56.7461],[-4.7467,56.7398],[-4.7388,56.7382],[-4.725,56.7398],[-4.6857,56.7613],[-4.6801,56.7583],[-4.6613,56.7578],[-4.6549,56.7593],[-4.6506,56.7634],[-4.6337,56.7669],[-4.6175,56.7691],[-4.6052,56.7689],[-4.5991,56.7627],[-4.5882,56.7598],[-4.5788,56.7654],[-4.5691,56.7669],[-4.5538,56.7713],[-4.5484,56.7826],[-4.5346,56.7892],[-4.5353,56.7937],[-4.5288,56.8015],[-4.5201,56.8052],[-4.5148,56.8121],[-4.5,56.8106],[-4.4928,56.813],[-4.4741,56.8151],[-4.4682,56.8132],[-4.4662,56.8072],[-4.4555,56.8016],[-4.4476,56.7995],[-4.4388,56.8019],[-4.436,56.8092],[-4.4289,56.8142],[-4.4249,56.8287],[-4.4336,56.835],[-4.4355,56.8395],[-4.4214,56.8499],[-4.4148,56.85],[-4.3963,56.8549],[-4.3982,56.8582],[-4.3802,56.8668],[-4.3746,56.8741],[-4.3732,56.8793],[-4.3614,56.8874],[-4.355,56.8898],[-4.3481,56.8967],[-4.3485,56.9038],[-4.3546,56.9096],[-4.3505,56.9216],[-4.3533,56.9276],[-4.3609,56.931],[-4.3606,56.9387],[-4.3568,56.9439],[-4.3612,56.9488],[-4.3594,56.9598],[-4.3662,56.9628],[-4.359,56.9657],[-4.3514,56.9759],[-4.3609,56.9827],[-4.3654,56.9896],[-4.378,56.9936],[-4.399,56.9923],[-4.4053,56.9886],[-4.4224,56.9865],[-4.4375,56.9835],[-4.4441,56.9838],[-4.4656,56.9793],[-4.4749,56.9899],[-4.48,56.9916],[-4.4879,56.9874],[-4.5008,56.9831],[-4.5138,56.9802],[-4.5178,56.9778],[-4.5268,56.9776],[-4.5368,56.9797],[-4.5636,56.9742],[-4.573,56.9673],[-4.5891,56.975],[-4.5855,56.9823],[-4.6068,56.9915],[-4.6111,56.9955],[-4.6188,56.9982],[-4.6203,57.0081],[-4.6165,57.0133],[-4.6169,57.0183],[-4.6222,57.0238],[-4.6331,57.0262],[-4.6358,57.0291],[-4.6355,57.0365],[-4.6276,57.0425]]]},"properties":{"HA_NUM":91,"HA_NAME":"Lochy (Invernesshire)"}},
{"type":"Feature","geometry":{"type":"MultiPolygon","coordinates":[[[[-5.4488,56.9358],[-5.4427,56.9315],[-5.4494,56.9246],[-5.4543,56.915],[-5.476,56.9099],[-5.4726,56.9003],[-5.4945,56.8972],[-5.4987,56.894],[-5.5134,56.8972],[-5.5228,56.8969],[-5.5271,56.8945],[-5.5494,56.8953],[-5.5546,56.8987],[-5.5737,56.8964],[-5.5849,56.8974],[-5.5929,56.8949],[-5.6093,56.8944],[-5.6224,56.9026],[-5.6331,56.9032],[-5.6419,56.9088],[-5.644,56.9141],[-5.6601,56.9105],[-5.663,56.9149],[-5.6795,56.9158],[-5.6877,56.9115],[-5.7006,56.9129],[-5.7031,56.9211],[-5.71,56.9243],[-5.7239,56.9243],[-5.731,56.9291],[-5.7442,56.93],[-5.7527,56.9327],[-5.7593,56.9323],[-5.7695,56.9275],[-5.7724,56.9323],[-5.7843,56.9279],[-5.7921,56.9313],[-5.7991,56.9275],[-5.8099,56.9285],[-5.8158,56.9225],[-5.8217,56.92],[-5.8555,56.9165],[-5.8502,56.913],[-5.8444,56.9066],[-5.854,56.902],[-5.8515,56.8985],[-5.8604,56.8958],[-5.8654,56.8994],[-5.8794,56.8986],[-5.8843,56.905],[-5.8938,56.9042],[-5.8958,56.8977],[-5.8996,56.895],[-5.9235,56.8919],[-5.9213,56.8872],[-5.9144,56.8809],[-5.894,56.8781],[-5.8869,56.8743],[-5.8631,56.8842],[-5.8482,56.8812],[-5.8337,56.8873],[-5.8158,56.8861],[-5.8021,56.8926],[-5.7875,56.8911],[-5.7777,56.8938],[-5.7606,56.8942],[-5.7558,56.8931],[-5.7383,56.896],[-5.7269,56.8882],[-5.7287,56.8851],[-5.7454,56.884],[-5.7618,56.8776],[-5.7654,56.8745],[-5.7851,56.8666],[-5.7886,56.8596],[-5.7749,56.8606],[-5.7698,56.8578],[-5.7626,56.8587],[-5.7449,56.8539],[-5.7357,56.8542],[-5.7261,56.851],[-5.7181,56.8521],[-5.716,56.8628],[-5.7105,56.8671],[-5.703,56.8693],[-5.6995,56.8737],[-5.6874,56.88],[-5.6811,56.88],[-5.672,56.8763],[-5.6724,56.8715],[-5.6841,56.8682],[-5.6936,56.8684],[-5.6967,56.8645],[-5.7045,56.8618],[-5.709,56.8494],[-5.7195,56.8437],[-5.7325,56.8432],[-5.7446,56.8443],[-5.7519,56.8484],[-5.764,56.8472],[-5.7638,56.8441],[-5.7734,56.8433],[-5.7854,56.837],[-5.8099,56.8372],[-5.8205,56.8331],[-5.8304,56.8346],[-5.8548,56.8333],[-5.8638,56.8199],[-5.8645,56.8106],[-5.8353,56.8047],[-5.8089,56.7965],[-5.7903,56.794],[-5.7792,56.7906],[-5.7675,56.7893],[-5.7532,56.7859],[-5.7514,56.7821],[-5.7835,56.7844],[-5.7923,56.7914],[-5.7962,56.7917],[-5.8051,56.7842],[-5.8222,56.7866],[-5.8279,56.7768],[-5.8368,56.7781],[-5.8594,56.7784],[-5.8726,56.7832],[-5.8862,56.7854],[-5.8936,56.7775],[-5.893,56.7733],[-5.8825,56.7704],[-5.8841,56.7665],[-5.866,56.7599],[-5.8501,56.7579],[-5.8519,56.7527],[-5.8464,56.7493],[-5.8445,56.7422],[-5.8649,56.7433],[-5.8705,56.7421],[-5.8766,56.7455],[-5.8705,56.7501],[-5.8723,56.7575],[-5.8861,56.7634],[-5.8904,56.758],[-5.9068,56.7502],[-5.9148,56.7534],[-5.9173,56.7604],[-5.9312,56.7657],[-5.957,56.7828],[-5.966,56.7846],[-5.9702,56.7785],[-5.9685,56.7747],[-5.9799,56.7695],[-5.9859,56.7684],[-6.0075,56.7694],[-6.0119,56.7719],[-6.0167,56.7642],[-6.0287,56.7665],[-6.0316,56.7632],[-6.0445,56.7643],[-6.0645,56.7587],[-6.0791,56.7627],[-6.0909,56.7627],[-6.0998,56.765],[-6.116,56.7655],[-6.1328,56.7621],[-6.1482,56.7609],[-6.1558,56.7589],[-6.1613,56.7531],[-6.1854,56.7554],[-6.1912,56.7536],[-6.1832,56.7487],[-6.1815,56.7391],[-6.1859,56.7356],[-6.1969,56.7361],[-6.201,56.7383],[-6.212,56.7344],[-6.2079,56.7305],[-6.213,56.7272],[-6.2217,56.7278],[-6.227,56.7255],[-6.224,56.7209],[-6.225,56.7102],[-6.2183,56.7032],[-6.2012,56.6935],[-6.1933,56.6928],[-6.1885,56.6881],[-6.1647,56.6861],[-6.1597,56.6871],[-6.1446,56.6827],[-6.1325,56.687],[-6.1298,56.6902],[-6.1182,56.6958],[-6.1101,56.6974],[-6.1077,56.6929],[-6.0957,56.6896],[-6.0918,56.6915],[-6.0638,56.6939],[-6.0523,56.6931],[-6.044,56.6899],[-6.0412,56.686],[-6.0305,56.6804],[-6.0152,56.6826],[-6.0005,56.683],[-5.9862,56.6784],[-5.9796,56.6734],[-5.9713,56.6731],[-5.9728,56.6815],[-5.9621,56.6809],[-5.9603,56.6855],[-5.9527,56.6852],[-5.9467,56.6879],[-5.9381,56.6885],[-5.9276,56.6833],[-5.9275,56.6761],[-5.9216,56.6773],[-5.9077,56.6764],[-5.9029,56.679],[-5.8949,56.6736],[-5.8857,56.6747],[-5.8605,56.681],[-5.8498,56.674],[-5.8422,56.6742],[-5.8239,56.683],[-5.8112,56.6861],[-5.8026,56.6932],[-5.7941,56.6961],[-5.7903,56.7014],[-5.7789,56.7083],[-5.7654,56.71],[-5.7552,56.7075],[-5.7524,56.7093],[-5.7335,56.7118],[-5.7178,56.7102],[-5.7022,56.7002],[-5.6907,56.6983],[-5.6842,56.6904],[-5.6706,56.69],[-5.6592,56.6848],[-5.6323,56.6842],[-5.6161,56.6896],[-5.6059,56.6888],[-5.5956,56.6915],[-5.5916,56.6882],[-5.583,56.6892],[-5.5705,56.6931],[-5.5602,56.6875],[-5.5395,56.6883],[-5.5375,56.6847],[-5.5634,56.6833],[-5.5732,56.682],[-5.6012,56.6818],[-5.6082,56.6772],[-5.6301,56.6757],[-5.6369,56.6782],[-5.6483,56.6764],[-5.6737,56.6772],[-5.6838,56.683],[-5.6979,56.684],[-5.7047,56.6819],[-5.7077,56.6868],[-5.7165,56.6911],[-5.7208,56.6959],[-5.7392,56.7004],[-5.7557,56.6959],[-5.767,56.6943],[-5.7801,56.6887],[-5.7855,56.6822],[-5.7914,56.6791],[-5.8067,56.6755],[-5.8203,56.6693],[-5.8175,56.6658],[-5.8248,56.6672],[-5.8398,56.6601],[-5.8518,56.6619],[-5.8632,56.6599],[-5.879,56.6531],[-5.8767,56.645],[-5.8551,56.637],[-5.8485,56.6379],[-5.8362,56.6308],[-5.8269,56.627],[-5.8272,56.6223],[-5.8375,56.6243],[-5.8457,56.6305],[-5.854,56.6311],[-5.8574,56.6347],[-5.8769,56.6413],[-5.8921,56.6398],[-5.8923,56.6487],[-5.9046,56.6571],[-5.9149,56.656],[-5.9285,56.6512],[-5.9387,56.6518],[-5.9439,56.6557],[-5.9521,56.6555],[-5.9548,56.6524],[-5.9635,56.6504],[-5.9882,56.649],[-6.0039,56.6495],[-6.0071,56.6449],[-6.0029,56.6346],[-6.0049,56.626],[-5.9999,56.6198],[-5.9896,56.614],[-5.9787,56.6104],[-5.973,56.5966],[-5.9631,56.5904],[-5.9596,56.5825],[-5.9459,56.5783],[-5.9446,56.5749],[-5.9367,56.5686],[-5.9325,56.5679],[-5.9245,56.5613],[-5.9066,56.5551],[-5.9054,56.5521],[-5.8905,56.5501],[-5.8838,56.5516],[-5.8703,56.5484],[-5.8653,56.5445],[-5.8525,56.5447],[-5.8304,56.5387],[-5.8154,56.5379],[-5.806,56.5339],[-5.7864,56.5331],[-5.7753,56.5346],[-5.7743,56.5418],[-5.7669,56.5489],[-5.7649,56.5534],[-5.7489,56.5631],[-5.7419,56.5621],[-5.7473,56.5549],[-5.7541,56.5519],[-5.7573,56.5423],[-5.764,56.5375],[-5.7712,56.5381],[-5.7712,56.5325],[-5.7638,56.528],[-5.7464,56.5325],[-5.7306,56.533],[-5.7038,56.5298],[-5.6827,56.5304],[-5.6791,56.5265],[-5.6615,56.5256],[-5.6605,56.5279],[-5.6418,56.5285],[-5.6331,56.5301],[-5.631,56.5346],[-5.6325,56.5499],[-5.6142,56.5544],[-5.6028,56.5539],[-5.5985,56.5603],[-5.6,56.5634],[-5.6087,56.5649],[-5.6097,56.5755],[-5.605,56.5817],[-5.5824,56.5799],[-5.5792,56.5887],[-5.5815,56.5961],[-5.5875,56.5984],[-5.5887,56.6026],[-5.5997,56.6075],[-5.5877,56.6141],[-5.5994,56.6214],[-5.6136,56.6241],[-5.6127,56.6327],[-5.6144,56.6414],[-5.6017,56.6492],[-5.5786,56.6508],[-5.5479,56.6548],[-5.5373,56.6547],[-5.5337,56.6593],[-5.5239,56.6595],[-5.5096,56.6545],[-5.5011,56.6602],[-5.485,56.6624],[-5.476,56.6622],[-5.4685,56.6656],[-5.46,56.6658],[-5.45,56.6634],[-5.4429,56.6663],[-5.4446,56.6716],[-5.439,56.6772],[-5.4411,56.6827],[-5.4298,56.693],[-5.4209,56.6984],[-5.4258,56.7027],[-5.4255,56.7086],[-5.4329,56.7138],[-5.4465,56.7152],[-5.451,56.7241],[-5.4376,56.7332],[-5.4488,56.7394],[-5.4589,56.7427],[-5.4536,56.7478],[-5.4567,56.7549],[-5.4678,56.7595],[-5.4674,56.7726],[-5.4478,56.7736],[-5.44,56.7774],[-5.4355,56.7827],[-5.4354,56.7903],[-5.4487,56.792],[-5.4583,56.7985],[-5.4828,56.7978],[-5.5061,56.8102],[-5.5023,56.8134],[-5.4896,56.8178],[-5.4675,56.818],[-5.4555,56.8219],[-5.4506,56.8214],[-5.4418,56.8147],[-5.4319,56.814],[-5.4239,56.8165],[-5.4188,56.8144],[-5.3967,56.815],[-5.3946,56.8191],[-5.3766,56.8288],[-5.3708,56.8373],[-5.3829,56.8435],[-5.382,56.8523],[-5.3864,56.8553],[-5.3963,56.8555],[-5.3968,56.8613],[-5.4058,56.8696],[-5.4162,56.876],[-5.4066,56.879],[-5.4053,56.8829],[-5.3969,56.8896],[-5.3965,56.8941],[-5.4033,56.8971],[-5.3999,56.9044],[-5.3929,56.909],[-5.3848,56.9187],[-5.3769,56.9225],[-5.3891,56.9305],[-5.3907,56.9347],[-5.4067,56.9338],[-5.4195,56.9389],[-5.4416,56.9383],[-5.4488,56.9358]]],[[[-5.876,56.8105],[-5.8756,56.8082],[-5.8845,56.7979],[-5.8832,56.7914],[-5.8683,56.7913],[-5.8631,56.7881],[-5.8516,56.7862],[-5.8401,56.7871],[-5.8327,56.7942],[-5.8238,56.7911],[-5.8099,56.7928],[-5.8092,56.7951],[-5.8259,56.8005],[-5.8365,56.7989],[-5.8415,56.8024],[-5.8494,56.8036],[-5.857,56.8082],[-5.862,56.8058],[-5.876,56.8105]]],[[[-5.8816,56.67],[-5.89,56.6663],[-5.8956,56.6614],[-5.8944,56.6524],[-5.8831,56.653],[-5.8781,56.6585],[-5.8727,56.6606],[-5.8715,56.6655],[-5.8816,56.67]]],[[[-5.9405,56.6684],[-5.9494,56.6618],[-5.9492,56.6574],[-5.9426,56.6567],[-5.9304,56.6589],[-5.9107,56.6573],[-5.906,56.6599],[-5.9154,56.6631],[-5.9217,56.6625],[-5.9276,56.6693],[-5.936,56.667],[-5.9405,56.6684]]]]},"properties":{"HA_NUM":92,"HA_NAME":"Loch Shiel Group"}},
{"type":"Feature","geometry":{"type":"Polygon","coordinates":[[[-5.2577,57.5324],[-5.2715,57.5186],[-5.2728,57.5145],[-5.2808,57.5103],[-5.2944,57.5],[-5.3076,57.4979],[-5.3136,57.495],[-5.336,57.4935],[-5.3431,57.4978],[-5.355,57.4998],[-5.3571,57.5049],[-5.3717,57.5097],[-5.392,57.5123],[-5.4037,57.5119],[-5.4075,57.5078],[-5.4188,57.5039],[-5.4388,57.5123],[-5.4501,57.5084],[-5.4531,57.4962],[-5.4643,57.4907],[-5.4537,57.485],[-5.4508,57.4805],[-5.4547,57.4777],[-5.4687,57.4756],[-5.4691,57.4711],[-5.4796,57.4672],[-5.4814,57.4595],[-5.486,57.4553],[-5.5025,57.4539],[-5.5006,57.4515],[-5.5013,57.4409],[-5.5144,57.4388],[-5.5179,57.4409],[-5.5377,57.4381],[-5.5385,57.4296],[-5.5425,57.4279],[-5.556,57.4336],[-5.5688,57.4323],[-5.5772,57.4336],[-5.5788,57.4406],[-5.591,57.4461],[-5.5951,57.454],[-5.5941,57.4613],[-5.5971,57.4666],[-5.6031,57.4677],[-5.6094,57.4725],[-5.618,57.4709],[-5.6218,57.4632],[-5.6309,57.4579],[-5.6414,57.4581],[-5.6574,57.4563],[-5.6622,57.4539],[-5.6719,57.4554],[-5.6786,57.4638],[-5.69,57.4693],[-5.7047,57.4742],[-5.7054,57.4807],[-5.7143,57.487],[-5.7174,57.4923],[-5.733,57.4981],[-5.7406,57.4947],[-5.7591,57.5041],[-5.7676,57.5011],[-5.7755,57.5009],[-5.7795,57.4956],[-5.79,57.5],[-5.7965,57.5061],[-5.7961,57.5106],[-5.7859,57.5165],[-5.7872,57.5217],[-5.7968,57.5254],[-5.8052,57.5256],[-5.8105,57.5286],[-5.8225,57.5318],[-5.8307,57.5379],[-5.8314,57.5442],[-5.841,57.5484],[-5.845,57.555],[-5.8542,57.5491],[-5.8532,57.5445],[-5.8557,57.5345],[-5.8538,57.5276],[-5.8594,57.5201],[-5.862,57.5131],[-5.87,57.5017],[-5.8677,57.4934],[-5.8711,57.4906],[-5.8684,57.482],[-5.8728,57.475],[-5.8715,57.4708],[-5.8657,57.4674],[-5.862,57.4618],[-5.8609,57.4498],[-5.856,57.4438],[-5.8446,57.4408],[-5.8241,57.4421],[-5.8176,57.4438],[-5.8102,57.4421],[-5.8062,57.438],[-5.8168,57.4327],[-5.825,57.42],[-5.8249,57.4116],[-5.8178,57.411],[-5.8074,57.3992],[-5.8116,57.3976],[-5.8191,57.4014],[-5.8248,57.3902],[-5.8266,57.3822],[-5.8255,57.3735],[-5.821,57.3622],[-5.8137,57.3622],[-5.8154,57.3695],[-5.8094,57.3759],[-5.8043,57.3584],[-5.7908,57.3508],[-5.7873,57.3463],[-5.7615,57.3496],[-5.7518,57.3499],[-5.7303,57.3547],[-5.7148,57.3652],[-5.6993,57.3707],[-5.6886,57.3784],[-5.6682,57.3826],[-5.6588,57.3886],[-5.6416,57.3913],[-5.633,57.3975],[-5.6247,57.3981],[-5.6239,57.4047],[-5.6178,57.4074],[-5.6099,57.4177],[-5.6061,57.4127],[-5.6138,57.4043],[-5.6129,57.3999],[-5.5993,57.3955],[-5.5951,57.3904],[-5.6115,57.3837],[-5.6229,57.3809],[-5.6334,57.3803],[-5.6394,57.3755],[-5.6346,57.3676],[-5.6068,57.3647],[-5.6123,57.3594],[-5.6004,57.3554],[-5.5825,57.3594],[-5.5635,57.358],[-5.5433,57.3644],[-5.5181,57.3833],[-5.5052,57.3881],[-5.5061,57.3932],[-5.4948,57.399],[-5.4815,57.4026],[-5.4745,57.4125],[-5.4697,57.4166],[-5.4582,57.4219],[-5.4485,57.4223],[-5.439,57.4145],[-5.4546,57.4036],[-5.4604,57.3896],[-5.4722,57.3832],[-5.4871,57.3767],[-5.4946,57.3752],[-5.5081,57.364],[-5.5176,57.3615],[-5.5359,57.3527],[-5.5484,57.3521],[-5.5592,57.3542],[-5.578,57.3539],[-5.5841,57.3513],[-5.5876,57.3445],[-5.6008,57.3436],[-5.6161,57.338],[-5.6335,57.339],[-5.6386,57.3361],[-5.6496,57.3346],[-5.6506,57.3391],[-5.6449,57.3409],[-5.6434,57.3456],[-5.6583,57.3456],[-5.6577,57.3409],[-5.6742,57.3398],[-5.6855,57.3414],[-5.6835,57.3316],[-5.6758,57.3249],[-5.6882,57.3242],[-5.6998,57.3252],[-5.7015,57.3181],[-5.7095,57.3176],[-5.719,57.313],[-5.7253,57.3046],[-5.7198,57.3009],[-5.7277,57.2983],[-5.7283,57.2952],[-5.7207,57.2883],[-5.7309,57.2849],[-5.7258,57.2796],[-5.6996,57.2803],[-5.6908,57.2827],[-5.6815,57.2806],[-5.662,57.2817],[-5.6487,57.287],[-5.6379,57.2829],[-5.6267,57.2822],[-5.6187,57.2744],[-5.5997,57.2806],[-5.595,57.2774],[-5.5941,57.2714],[-5.5772,57.2746],[-5.5721,57.2738],[-5.5626,57.2798],[-5.5499,57.2766],[-5.5344,57.2822],[-5.5229,57.2807],[-5.5083,57.2914],[-5.4988,57.2929],[-5.4887,57.2999],[-5.4906,57.3048],[-5.4811,57.3119],[-5.4657,57.3155],[-5.454,57.3147],[-5.44,57.3194],[-5.4367,57.3146],[-5.4444,57.3117],[-5.4852,57.3068],[-5.4882,57.3046],[-5.4858,57.2976],[-5.4949,57.291],[-5.5162,57.2809],[-5.5147,57.2748],[-5.4995,57.2622],[-5.4769,57.2536],[-5.4608,57.2417],[-5.4461,57.2367],[-5.4205,57.2334],[-5.4139,57.2312],[-5.4019,57.2338],[-5.3949,57.2315],[-5.4082,57.2259],[-5.4185,57.223],[-5.4208,57.2177],[-5.4316,57.2122],[-5.4436,57.2183],[-5.4457,57.2223],[-5.4656,57.23],[-5.4745,57.2325],[-5.4852,57.2389],[-5.4885,57.2434],[-5.5081,57.2539],[-5.5228,57.2694],[-5.5441,57.2688],[-5.5491,57.2652],[-5.5679,57.2611],[-5.5797,57.2567],[-5.5908,57.2558],[-5.5992,57.2588],[-5.6055,57.2545],[-5.6257,57.2506],[-5.6368,57.2502],[-5.6529,57.238],[-5.6564,57.228],[-5.6509,57.2256],[-5.6395,57.2259],[-5.6257,57.2166],[-5.6235,57.2129],[-5.635,57.207],[-5.6372,57.2009],[-5.6427,57.197],[-5.6497,57.1959],[-5.6682,57.1862],[-5.6778,57.1834],[-5.6827,57.1762],[-5.6912,57.1727],[-5.6876,57.1666],[-5.6918,57.1624],[-5.6899,57.1579],[-5.6828,57.1546],[-5.6788,57.1491],[-5.6599,57.1427],[-5.6168,57.1462],[-5.5986,57.1431],[-5.5921,57.1399],[-5.5829,57.1393],[-5.5778,57.1331],[-5.5611,57.133],[-5.5598,57.1259],[-5.5501,57.1161],[-5.5516,57.1122],[-5.5457,57.1088],[-5.5352,57.1061],[-5.5276,57.1019],[-5.514,57.1016],[-5.5025,57.1048],[-5.4914,57.1039],[-5.4867,57.1013],[-5.48,57.1054],[-5.4678,57.1061],[-5.4539,57.1099],[-5.4378,57.1123],[-5.4268,57.1154],[-5.4174,57.1147],[-5.4059,57.1102],[-5.4229,57.1093],[-5.4322,57.1058],[-5.444,57.1059],[-5.4758,57.1006],[-5.4823,57.1012],[-5.4924,57.0978],[-5.5069,57.0967],[-5.5149,57.0938],[-5.5164,57.0838],[-5.521,57.0827],[-5.538,57.0891],[-5.5514,57.092],[-5.5598,57.0988],[-5.5695,57.0977],[-5.5844,57.1105],[-5.5918,57.1192],[-5.5993,57.1193],[-5.6354,57.1233],[-5.6445,57.1278],[-5.6581,57.1262],[-5.6636,57.1231],[-5.6835,57.1188],[-5.6967,57.1206],[-5.7198,57.1185],[-5.7252,57.1115],[-5.727,57.1057],[-5.734,57.0981],[-5.7423,57.0927],[-5.757,57.0903],[-5.7714,57.0832],[-5.7831,57.0736],[-5.7885,57.071],[-5.7972,57.0629],[-5.7944,57.0568],[-5.7758,57.0455],[-5.7614,57.0504],[-5.7603,57.043],[-5.7548,57.0389],[-5.7563,57.0346],[-5.7493,57.0294],[-5.7375,57.0294],[-5.7326,57.0317],[-5.7367,57.0356],[-5.7073,57.0412],[-5.6898,57.0397],[-5.6729,57.0335],[-5.669,57.0271],[-5.6736,57.0249],[-5.6818,57.0261],[-5.6845,57.0213],[-5.681,57.0132],[-5.6627,56.9952],[-5.6566,56.9931],[-5.6393,56.992],[-5.6335,56.9873],[-5.6246,56.987],[-5.6195,56.9828],[-5.6005,56.9865],[-5.5952,56.9902],[-5.5841,56.993],[-5.5726,56.9929],[-5.5624,56.9948],[-5.5527,56.9988],[-5.5448,56.998],[-5.5358,57.0013],[-5.5285,57.0008],[-5.5233,57.0058],[-5.5184,57.0032],[-5.5219,56.9985],[-5.5205,56.994],[-5.5467,56.9904],[-5.5657,56.9863],[-5.5808,56.9817],[-5.5904,56.98],[-5.6038,56.9833],[-5.6139,56.9804],[-5.6166,56.9769],[-5.6256,56.9748],[-5.6409,56.9741],[-5.6561,56.9771],[-5.6715,56.9773],[-5.6925,56.9872],[-5.6988,56.9866],[-5.709,56.9912],[-5.7181,57.0051],[-5.7225,57.0088],[-5.7272,57.0181],[-5.7377,57.0168],[-5.7483,57.0174],[-5.7607,57.0153],[-5.7781,57.0164],[-5.7901,57.0136],[-5.8076,57.0144],[-5.8201,57.0117],[-5.8229,57.0047],[-5.8315,57.0057],[-5.8338,57.0027],[-5.8339,56.9923],[-5.8429,56.99],[-5.8428,56.9812],[-5.847,56.9727],[-5.833,56.9721],[-5.8274,56.974],[-5.8208,56.9626],[-5.8378,56.9683],[-5.8448,56.9666],[-5.8468,56.9589],[-5.8531,56.9559],[-5.8503,56.9525],[-5.8559,56.9468],[-5.8531,56.9406],[-5.8624,56.9405],[-5.8665,56.9355],[-5.8662,56.9282],[-5.8824,56.9227],[-5.883,56.9174],[-5.8745,56.9138],[-5.872,56.9098],[-5.8625,56.9093],[-5.8502,56.913],[-5.8555,56.9165],[-5.8217,56.92],[-5.8158,56.9225],[-5.8099,56.9285],[-5.7991,56.9275],[-5.7921,56.9313],[-5.7843,56.9279],[-5.7724,56.9323],[-5.7695,56.9275],[-5.7593,56.9323],[-5.7527,56.9327],[-5.7442,56.93],[-5.731,56.9291],[-5.7239,56.9243],[-5.71,56.9243],[-5.7031,56.9211],[-5.7006,56.9129],[-5.6877,56.9115],[-5.6795,56.9158],[-5.663,56.9149],[-5.6601,56.9105],[-5.644,56.9141],[-5.6419,56.9088],[-5.6331,56.9032],[-5.6224,56.9026],[-5.6093,56.8944],[-5.5929,56.8949],[-5.5849,56.8974],[-5.5737,56.8964],[-5.5546,56.8987],[-5.5494,56.8953],[-5.5271,56.8945],[-5.5228,56.8969],[-5.5134,56.8972],[-5.4987,56.894],[-5.4945,56.8972],[-5.4726,56.9003],[-5.476,56.9099],[-5.4543,56.915],[-5.4494,56.9246],[-5.4427,56.9315],[-5.4488,56.9358],[-5.4604,56.9369],[-5.4666,56.941],[-5.4714,56.9491],[-5.4719,56.9545],[-5.4615,56.9571],[-5.4507,56.9654],[-5.4436,56.9688],[-5.4353,56.9762],[-5.4347,56.9794],[-5.442,56.9866],[-5.4441,56.9917],[-5.4396,56.9961],[-5.4432,57.0084],[-5.4518,57.0131],[-5.442,57.0228],[-5.4355,57.0229],[-5.4276,57.0272],[-5.4231,57.0323],[-5.4112,57.0366],[-5.4149,57.0509],[-5.4208,57.0521],[-5.438,57.0503],[-5.4456,57.0523],[-5.4563,57.052],[-5.4632,57.0554],[-5.4461,57.0672],[-5.4373,57.0701],[-5.4265,57.0686],[-5.4176,57.0706],[-5.4076,57.0792],[-5.3993,57.0779],[-5.3924,57.0745],[-5.3807,57.0734],[-5.3647,57.0694],[-5.3505,57.0774],[-5.3513,57.0859],[-5.3464,57.0865],[-5.3436,57.0926],[-5.3457,57.0973],[-5.3441,57.1063],[-5.3335,57.108],[-5.3304,57.1107],[-5.3312,57.1291],[-5.3388,57.1303],[-5.3408,57.1347],[-5.3534,57.1366],[-5.3611,57.1351],[-5.3653,57.1399],[-5.3731,57.1442],[-5.3516,57.1488],[-5.3353,57.147],[-5.3252,57.1446],[-5.3112,57.1454],[-5.2976,57.1413],[-5.2821,57.134],[-5.2678,57.1317],[-5.2597,57.1328],[-5.2465,57.1426],[-5.2486,57.1484],[-5.239,57.1612],[-5.2486,57.1673],[-5.2484,57.174],[-5.2537,57.1775],[-5.2417,57.1827],[-5.2352,57.1932],[-5.2355,57.2067],[-5.2406,57.2075],[-5.252,57.2148],[-5.2734,57.2134],[-5.2845,57.2176],[-5.2848,57.2207],[-5.2667,57.227],[-5.2609,57.2312],[-5.2621,57.2359],[-5.2554,57.2439],[-5.2401,57.2443],[-5.2333,57.2479],[-5.2306,57.254],[-5.2295,57.2702],[-5.2334,57.2764],[-5.2402,57.2785],[-5.2425,57.2861],[-5.2328,57.298],[-5.2269,57.3121],[-5.2212,57.3181],[-5.214,57.321],[-5.2063,57.3279],[-5.1845,57.3307],[-5.1832,57.3393],[-5.1606,57.3475],[-5.1592,57.3504],[-5.173,57.3559],[-5.1737,57.3737],[-5.1887,57.3737],[-5.1923,57.3768],[-5.2147,57.3861],[-5.2222,57.3859],[-5.2312,57.3884],[-5.245,57.3894],[-5.2535,57.3919],[-5.2685,57.3919],[-5.2697,57.3959],[-5.2662,57.403],[-5.2667,57.409],[-5.2703,57.4121],[-5.2577,57.4156],[-5.2494,57.4203],[-5.2516,57.4265],[-5.2578,57.4306],[-5.2568,57.434],[-5.2457,57.4352],[-5.2418,57.438],[-5.2433,57.4456],[-5.2322,57.4517],[-5.2138,57.4518],[-5.2012,57.4503],[-5.1897,57.4524],[-5.1892,57.456],[-5.1786,57.4594],[-5.1716,57.4654],[-5.1756,57.4727],[-5.1838,57.4804],[-5.1931,57.4819],[-5.1918,57.4856],[-5.1746,57.4896],[-5.1736,57.4973],[-5.1674,57.5026],[-5.1687,57.5082],[-5.1621,57.5137],[-5.1474,57.5137],[-5.1299,57.5233],[-5.1303,57.5379],[-5.1388,57.5399],[-5.1559,57.5395],[-5.1763,57.5478],[-5.1852,57.5392],[-5.2062,57.5409],[-5.2094,57.5436],[-5.2185,57.5433],[-5.2275,57.5404],[-5.2305,57.5367],[-5.2435,57.5368],[-5.2577,57.5324]]]},"properties":{"HA_NUM":93,"HA_NAME":"Loch Alsh Group"}},
{"type":"Feature","geometry":{"type":"MultiPolygon","coordinates":[[[[-5.6881,57.8666],[-5.6988,57.8675],[-5.7039,57.8698],[-5.7162,57.8683],[-5.7238,57.8718],[-5.7307,57.8659],[-5.746,57.8667],[-5.7488,57.8686],[-5.7631,57.8694],[-5.7824,57.8586],[-5.8056,57.8617],[-5.8117,57.8602],[-5.8148,57.8547],[-5.8104,57.8493],[-5.8088,57.8399],[-5.8145,57.8328],[-5.8135,57.8172],[-5.8104,57.8156],[-5.8012,57.7945],[-5.8016,57.784],[-5.8104,57.7693],[-5.8046,57.7616],[-5.8119,57.7558],[-5.813,57.75],[-5.8073,57.7463],[-5.7983,57.7447],[-5.7845,57.7446],[-5.7728,57.74],[-5.7599,57.7316],[-5.7241,57.7299],[-5.7146,57.7315],[-5.697,57.7301],[-5.6898,57.7244],[-5.687,57.7157],[-5.6901,57.7098],[-5.6815,57.7095],[-5.6736,57.7019],[-5.6753,57.7],[-5.6876,57.6994],[-5.6817,57.6936],[-5.6835,57.6892],[-5.6916,57.6906],[-5.695,57.6962],[-5.7024,57.695],[-5.7066,57.6992],[-5.7167,57.7005],[-5.7395,57.7083],[-5.76,57.7066],[-5.7704,57.7011],[-5.7724,57.6973],[-5.7851,57.6975],[-5.7893,57.6956],[-5.7916,57.6896],[-5.787,57.6843],[-5.7963,57.6774],[-5.8049,57.667],[-5.8116,57.6615],[-5.8087,57.6533],[-5.819,57.6481],[-5.8189,57.6394],[-5.8134,57.6371],[-5.803,57.6408],[-5.7889,57.6375],[-5.7712,57.6319],[-5.7557,57.6235],[-5.7331,57.6049],[-5.7367,57.5968],[-5.7269,57.5848],[-5.7044,57.5782],[-5.6885,57.5779],[-5.6821,57.5727],[-5.6837,57.5665],[-5.6936,57.5699],[-5.7026,57.5683],[-5.7041,57.5639],[-5.6812,57.5557],[-5.6733,57.5544],[-5.6662,57.55],[-5.6649,57.5463],[-5.6501,57.5523],[-5.6364,57.5502],[-5.6348,57.5562],[-5.6139,57.5525],[-5.6047,57.5559],[-5.5863,57.5562],[-5.5811,57.5538],[-5.556,57.553],[-5.5492,57.5542],[-5.534,57.5525],[-5.5164,57.549],[-5.5132,57.5386],[-5.5182,57.5364],[-5.5198,57.5311],[-5.5344,57.5293],[-5.5505,57.5355],[-5.5635,57.5323],[-5.5717,57.5368],[-5.5793,57.5331],[-5.5876,57.5338],[-5.5975,57.5306],[-5.6064,57.5357],[-5.6142,57.5308],[-5.6208,57.5211],[-5.632,57.5223],[-5.6335,57.5267],[-5.63,57.5325],[-5.6371,57.5365],[-5.6437,57.5363],[-5.6458,57.5415],[-5.6587,57.541],[-5.6523,57.5341],[-5.6532,57.5277],[-5.6494,57.526],[-5.6498,57.5196],[-5.6449,57.5121],[-5.663,57.5168],[-5.6734,57.5267],[-5.6853,57.5263],[-5.6988,57.5318],[-5.6999,57.542],[-5.6982,57.5466],[-5.7011,57.5524],[-5.7099,57.5565],[-5.7167,57.5529],[-5.7093,57.5465],[-5.734,57.5465],[-5.7415,57.5433],[-5.748,57.548],[-5.7476,57.5519],[-5.7569,57.557],[-5.7668,57.559],[-5.7769,57.5673],[-5.7832,57.5701],[-5.7815,57.5739],[-5.7914,57.5744],[-5.8009,57.5773],[-5.8109,57.5852],[-5.8174,57.585],[-5.8232,57.5766],[-5.8328,57.5798],[-5.8412,57.5762],[-5.8366,57.5674],[-5.8446,57.5625],[-5.8504,57.5616],[-5.845,57.555],[-5.841,57.5484],[-5.8314,57.5442],[-5.8307,57.5379],[-5.8225,57.5318],[-5.8105,57.5286],[-5.8052,57.5256],[-5.7968,57.5254],[-5.7872,57.5217],[-5.7859,57.5165],[-5.7961,57.5106],[-5.7965,57.5061],[-5.79,57.5],[-5.7795,57.4956],[-5.7755,57.5009],[-5.7676,57.5011],[-5.7591,57.5041],[-5.7406,57.4947],[-5.733,57.4981],[-5.7174,57.4923],[-5.7143,57.487],[-5.7054,57.4807],[-5.7047,57.4742],[-5.69,57.4693],[-5.6786,57.4638],[-5.6719,57.4554],[-5.6622,57.4539],[-5.6574,57.4563],[-5.6414,57.4581],[-5.6309,57.4579],[-5.6218,57.4632],[-5.618,57.4709],[-5.6094,57.4725],[-5.6031,57.4677],[-5.5971,57.4666],[-5.5941,57.4613],[-5.5951,57.454],[-5.591,57.4461],[-5.5788,57.4406],[-5.5772,57.4336],[-5.5688,57.4323],[-5.556,57.4336],[-5.5425,57.4279],[-5.5385,57.4296],[-5.5377,57.4381],[-5.5179,57.4409],[-5.5144,57.4388],[-5.5013,57.4409],[-5.5006,57.4515],[-5.5025,57.4539],[-5.486,57.4553],[-5.4814,57.4595],[-5.4796,57.4672],[-5.4691,57.4711],[-5.4687,57.4756],[-5.4547,57.4777],[-5.4508,57.4805],[-5.4537,57.485],[-5.4643,57.4907],[-5.4531,57.4962],[-5.4501,57.5084],[-5.4388,57.5123],[-5.4188,57.5039],[-5.4075,57.5078],[-5.4037,57.5119],[-5.392,57.5123],[-5.3717,57.5097],[-5.3571,57.5049],[-5.355,57.4998],[-5.3431,57.4978],[-5.336,57.4935],[-5.3136,57.495],[-5.3076,57.4979],[-5.2944,57.5],[-5.2808,57.5103],[-5.2728,57.5145],[-5.2715,57.5186],[-5.2577,57.5324],[-5.2709,57.5395],[-5.2746,57.5441],[-5.2771,57.5537],[-5.2879,57.5618],[-5.2875,57.5667],[-5.2771,57.5715],[-5.2618,57.5732],[-5.2517,57.5775],[-5.2495,57.5812],[-5.2277,57.5763],[-5.221,57.5801],[-5.2226,57.5893],[-5.2215,57.5954],[-5.2024,57.5972],[-5.1856,57.5972],[-5.1788,57.596],[-5.1689,57.6021],[-5.1612,57.6045],[-5.1469,57.604],[-5.1329,57.5976],[-5.113,57.5945],[-5.1052,57.596],[-5.0948,57.6019],[-5.0984,57.6097],[-5.0823,57.6121],[-5.0783,57.6102],[-5.0653,57.6096],[-5.0601,57.6171],[-5.0606,57.6228],[-5.0535,57.6281],[-5.0547,57.6332],[-5.064,57.6438],[-5.0731,57.6422],[-5.0951,57.6448],[-5.111,57.6444],[-5.1389,57.6518],[-5.1643,57.6548],[-5.1771,57.6576],[-5.1946,57.6567],[-5.1925,57.6653],[-5.1892,57.6668],[-5.1898,57.6737],[-5.1952,57.6774],[-5.1925,57.6851],[-5.1886,57.6879],[-5.2002,57.6916],[-5.2242,57.6919],[-5.2366,57.6898],[-5.2465,57.6932],[-5.2546,57.7037],[-5.2642,57.708],[-5.2726,57.7082],[-5.2737,57.701],[-5.2833,57.7003],[-5.2889,57.702],[-5.2989,57.7012],[-5.3017,57.7048],[-5.3109,57.7041],[-5.3303,57.7099],[-5.3376,57.7065],[-5.3541,57.7079],[-5.3798,57.7144],[-5.39,57.72],[-5.4068,57.7155],[-5.4192,57.7084],[-5.4259,57.7082],[-5.4337,57.7152],[-5.4455,57.7072],[-5.4484,57.7026],[-5.4606,57.7068],[-5.4652,57.7112],[-5.472,57.7119],[-5.4768,57.727],[-5.4836,57.7277],[-5.4891,57.7323],[-5.49,57.7415],[-5.5027,57.751],[-5.4892,57.751],[-5.4846,57.7556],[-5.4866,57.7591],[-5.495,57.7584],[-5.5141,57.7647],[-5.5107,57.7728],[-5.5057,57.7734],[-5.5109,57.7845],[-5.5087,57.7877],[-5.5266,57.7899],[-5.5079,57.7967],[-5.5083,57.8008],[-5.5193,57.8014],[-5.5222,57.8053],[-5.5299,57.8065],[-5.5263,57.8126],[-5.5189,57.8144],[-5.5151,57.8181],[-5.515,57.8264],[-5.5172,57.8315],[-5.5361,57.831],[-5.5365,57.8395],[-5.5482,57.8466],[-5.5569,57.8493],[-5.5729,57.8489],[-5.5855,57.8395],[-5.5819,57.8355],[-5.585,57.8173],[-5.5883,57.8097],[-5.5979,57.8017],[-5.5939,57.7989],[-5.5805,57.7988],[-5.5776,57.7922],[-5.5856,57.7891],[-5.6008,57.79],[-5.5995,57.7937],[-5.6095,57.7962],[-5.6219,57.79],[-5.6053,57.7769],[-5.5967,57.7733],[-5.5985,57.7694],[-5.6186,57.7665],[-5.6322,57.7745],[-5.6379,57.7797],[-5.657,57.7913],[-5.6684,57.8001],[-5.6657,57.8033],[-5.6668,57.8159],[-5.6611,57.8195],[-5.6638,57.8258],[-5.673,57.8298],[-5.6791,57.83],[-5.6843,57.8347],[-5.6798,57.8427],[-5.6914,57.8425],[-5.6933,57.8502],[-5.6907,57.8561],[-5.6825,57.8642],[-5.6881,57.8666]]],[[[-5.8199,57.7357],[-5.8221,57.7307],[-5.8132,57.728],[-5.8014,57.7269],[-5.79,57.7363],[-5.7949,57.7371],[-5.8113,57.7334],[-5.8199,57.7357]]]]},"properties":{"HA_NUM":94,"HA_NAME":"Loch Maree group"}},
{"type":"Feature","geometry":{"type":"MultiPolygon","coordinates":[[[[-4.99,58.622],[-4.9962,58.6264],[-5.0047,58.6278],[-5.0145,58.6173],[-5.014,58.6072],[-5.0158,58.5995],[-5.0104,58.5929],[-5.0196,58.5894],[-5.0165,58.5841],[-5.0218,58.5794],[-5.0158,58.5761],[-5.026,58.573],[-5.0308,58.5696],[-5.03,58.5622],[-5.0391,58.5573],[-5.0395,58.5517],[-5.0551,58.5403],[-5.0686,58.5358],[-5.0807,58.5375],[-5.0908,58.5371],[-5.0919,58.5318],[-5.1039,58.5283],[-5.107,58.5222],[-5.1123,58.5201],[-5.1193,58.5103],[-5.1164,58.5068],[-5.1219,58.4998],[-5.1195,58.4965],[-5.1255,58.4938],[-5.1202,58.4895],[-5.1214,58.4853],[-5.1064,58.4829],[-5.1038,58.4789],[-5.0897,58.4787],[-5.0854,58.4749],[-5.0898,58.4712],[-5.0556,58.4599],[-5.0645,58.4564],[-5.0479,58.4542],[-5.0359,58.4549],[-5.0327,58.4531],[-5.0161,58.4526],[-5.0154,58.445],[-5.0055,58.4423],[-4.9911,58.4403],[-5.0003,58.4373],[-4.9974,58.4326],[-4.9902,58.4292],[-4.996,58.4255],[-5.015,58.4391],[-5.0309,58.4485],[-5.0493,58.4514],[-5.0572,58.4487],[-5.0636,58.4522],[-5.0783,58.4492],[-5.0964,58.442],[-5.108,58.4312],[-5.1159,58.4285],[-5.1141,58.424],[-5.1053,58.4224],[-5.0912,58.4236],[-5.0897,58.4202],[-5.0787,58.4203],[-5.0785,58.417],[-5.0989,58.4168],[-5.1103,58.4112],[-5.0876,58.4076],[-5.0716,58.4077],[-5.0658,58.4135],[-5.0477,58.4145],[-5.0498,58.4114],[-5.0613,58.4087],[-5.0698,58.4043],[-5.0642,58.4025],[-5.0628,58.3979],[-5.0553,58.3955],[-5.0431,58.3953],[-5.0353,58.3934],[-5.0442,58.3861],[-5.0346,58.3824],[-5.0345,58.378],[-5.0388,58.3722],[-5.0454,58.3736],[-5.0354,58.3802],[-5.0459,58.3841],[-5.0557,58.3822],[-5.0778,58.3894],[-5.0824,58.3925],[-5.1097,58.3984],[-5.1189,58.4028],[-5.1249,58.4034],[-5.1323,58.4118],[-5.1466,58.4112],[-5.1532,58.3996],[-5.1495,58.3976],[-5.1491,58.3913],[-5.1435,58.3888],[-5.1528,58.3823],[-5.1691,58.3688],[-5.1743,58.3612],[-5.1656,58.3603],[-5.1557,58.3523],[-5.1607,58.351],[-5.1752,58.3549],[-5.1822,58.3532],[-5.1731,58.346],[-5.1731,58.3395],[-5.1605,58.3355],[-5.1686,58.3303],[-5.1694,58.322],[-5.1586,58.3199],[-5.1427,58.3265],[-5.1334,58.3206],[-5.147,58.3121],[-5.1419,58.3067],[-5.1481,58.3005],[-5.1342,58.2981],[-5.1405,58.2942],[-5.1259,58.293],[-5.1195,58.2839],[-5.1227,58.2802],[-5.103,58.2793],[-5.1032,58.2763],[-5.0903,58.2707],[-5.0816,58.2639],[-5.0687,58.262],[-5.064,58.2593],[-5.0532,58.2575],[-5.0429,58.2606],[-5.0294,58.2556],[-5.0227,58.2583],[-5.0322,58.2625],[-5.0224,58.2643],[-5.0071,58.2639],[-4.9909,58.2589],[-4.9703,58.2571],[-4.9443,58.2601],[-4.9227,58.2575],[-4.9325,58.2553],[-4.9502,58.2534],[-4.9645,58.2531],[-4.9823,58.2548],[-4.9947,58.2506],[-4.9904,58.2462],[-4.9629,58.2379],[-4.9468,58.2304],[-4.9485,58.2258],[-4.9359,58.2211],[-4.9419,58.2157],[-4.9475,58.2217],[-4.9562,58.2261],[-4.9779,58.2281],[-4.9785,58.2302],[-4.9904,58.2383],[-5.0032,58.2411],[-5.0026,58.2449],[-5.0072,58.2549],[-5.0182,58.258],[-5.0266,58.2547],[-5.0254,58.2503],[-5.0407,58.2477],[-5.0464,58.251],[-5.0535,58.2507],[-5.054,58.2462],[-5.0763,58.2519],[-5.0882,58.2581],[-5.1053,58.2645],[-5.1072,58.2696],[-5.1231,58.2672],[-5.1329,58.2613],[-5.1223,58.2594],[-5.126,58.2545],[-5.1349,58.2601],[-5.1451,58.2586],[-5.152,58.2531],[-5.1623,58.2598],[-5.1648,58.2553],[-5.1713,58.2515],[-5.1754,58.2446],[-5.1812,58.2512],[-5.1957,58.2492],[-5.2036,58.2467],[-5.2139,58.2502],[-5.2182,58.2561],[-5.2282,58.2517],[-5.2363,58.2533],[-5.2406,58.2494],[-5.2499,58.2505],[-5.2539,58.2472],[-5.2713,58.2441],[-5.2764,58.2393],[-5.2897,58.2366],[-5.2949,58.2312],[-5.3035,58.2264],[-5.3137,58.2304],[-5.3186,58.2392],[-5.3241,58.2417],[-5.3422,58.2425],[-5.3396,58.2495],[-5.3505,58.2502],[-5.3598,58.2527],[-5.3669,58.2512],[-5.3704,58.2578],[-5.3774,58.2633],[-5.3875,58.2552],[-5.3934,58.2538],[-5.3985,58.2423],[-5.4046,58.2361],[-5.385,58.2316],[-5.3713,58.2235],[-5.3693,58.2201],[-5.3607,58.2171],[-5.3595,58.2039],[-5.3542,58.2014],[-5.3451,58.2017],[-5.3395,58.1996],[-5.3443,58.193],[-5.3384,58.1851],[-5.3252,58.1817],[-5.317,58.1811],[-5.3074,58.1775],[-5.3028,58.1729],[-5.3108,58.168],[-5.3069,58.1571],[-5.2938,58.1507],[-5.2826,58.1509],[-5.2782,58.1485],[-5.2642,58.1478],[-5.2509,58.1529],[-5.2417,58.1543],[-5.2426,58.1482],[-5.2517,58.1477],[-5.2502,58.143],[-5.2699,58.1391],[-5.2731,58.1362],[-5.2871,58.1396],[-5.2964,58.139],[-5.2862,58.1271],[-5.2732,58.1245],[-5.3015,58.1203],[-5.295,58.1136],[-5.2848,58.1135],[-5.2845,58.1089],[-5.2694,58.1032],[-5.2814,58.0908],[-5.2872,58.0802],[-5.2816,58.0757],[-5.2908,58.0743],[-5.2998,58.0692],[-5.3265,58.0704],[-5.3308,58.076],[-5.3515,58.0783],[-5.3574,58.068],[-5.3538,58.0623],[-5.3606,58.0604],[-5.3616,58.0681],[-5.3685,58.0764],[-5.3737,58.076],[-5.3803,58.0809],[-5.3802,58.0849],[-5.3969,58.0911],[-5.3994,58.0954],[-5.4219,58.1053],[-5.435,58.1056],[-5.4386,58.1003],[-5.4496,58.0904],[-5.4545,58.0838],[-5.4463,58.0806],[-5.4578,58.0771],[-5.4503,58.071],[-5.4451,58.0633],[-5.4389,58.0602],[-5.4287,58.0595],[-5.4125,58.0528],[-5.418,58.0497],[-5.4244,58.0379],[-5.4185,58.0355],[-5.4009,58.0331],[-5.3852,58.0288],[-5.3677,58.0311],[-5.3573,58.0263],[-5.3501,58.0207],[-5.3477,58.0135],[-5.3551,58.0065],[-5.3416,58.0063],[-5.335,58.0081],[-5.3225,57.9995],[-5.3205,57.9953],[-5.3081,57.9887],[-5.3131,57.9804],[-5.3065,57.9779],[-5.2985,57.9784],[-5.2825,57.9754],[-5.2714,57.9753],[-5.2459,57.9707],[-5.2406,57.9625],[-5.2282,57.9612],[-5.2253,57.958],[-5.1928,57.9574],[-5.1909,57.9515],[-5.1936,57.9449],[-5.1805,57.9468],[-5.1774,57.9434],[-5.1869,57.9369],[-5.194,57.9351],[-5.2,57.9288],[-5.2059,57.93],[-5.2222,57.9271],[-5.2156,57.9213],[-5.2103,57.9212],[-5.1989,57.9156],[-5.1935,57.9103],[-5.1795,57.9071],[-5.1755,57.9037],[-5.1671,57.9017],[-5.1661,57.8932],[-5.1521,57.8965],[-5.1451,57.894],[-5.1362,57.8866],[-5.135,57.8811],[-5.1206,57.879],[-5.1105,57.8755],[-5.0995,57.8695],[-5.0888,57.8567],[-5.0807,57.8511],[-5.0804,57.8462],[-5.0737,57.8354],[-5.0663,57.8282],[-5.0721,57.8166],[-5.0989,57.8425],[-5.1204,57.8701],[-5.128,57.8746],[-5.1498,57.8748],[-5.1573,57.88],[-5.1669,57.8822],[-5.1672,57.8857],[-5.1793,57.8867],[-5.1888,57.8906],[-5.198,57.898],[-5.2079,57.9008],[-5.2166,57.9089],[-5.2358,57.9137],[-5.2397,57.9176],[-5.2581,57.9173],[-5.2831,57.9115],[-5.299,57.9104],[-5.3146,57.9107],[-5.3309,57.9144],[-5.333,57.9173],[-5.3428,57.9201],[-5.3482,57.925],[-5.3564,57.9271],[-5.3518,57.9321],[-5.3588,57.9387],[-5.3716,57.9376],[-5.3688,57.9324],[-5.3876,57.9305],[-5.3974,57.9331],[-5.4044,57.931],[-5.4052,57.927],[-5.394,57.9203],[-5.3945,57.9131],[-5.3591,57.9078],[-5.3456,57.9079],[-5.3374,57.9056],[-5.3201,57.8944],[-5.3133,57.8871],[-5.3143,57.8824],[-5.3108,57.8787],[-5.2982,57.8749],[-5.2669,57.8712],[-5.2434,57.8665],[-5.2408,57.8633],[-5.2424,57.8573],[-5.2382,57.8543],[-5.2201,57.8482],[-5.2224,57.8423],[-5.2599,57.8498],[-5.2664,57.8539],[-5.287,57.855],[-5.2952,57.8566],[-5.3264,57.8659],[-5.3329,57.8707],[-5.3379,57.8795],[-5.3488,57.8857],[-5.383,57.8974],[-5.3882,57.8985],[-5.3981,57.9049],[-5.4139,57.9051],[-5.4249,57.9072],[-5.4311,57.9028],[-5.4325,57.8954],[-5.4374,57.8936],[-5.4399,57.8869],[-5.4319,57.8843],[-5.4427,57.8779],[-5.441,57.8728],[-5.4516,57.8697],[-5.4566,57.8652],[-5.4509,57.8585],[-5.4548,57.8513],[-5.4707,57.8537],[-5.476,57.8579],[-5.4863,57.8574],[-5.4881,57.861],[-5.5113,57.8627],[-5.5164,57.8653],[-5.5372,57.8676],[-5.539,57.8749],[-5.5481,57.8799],[-5.5534,57.89],[-5.5489,57.8967],[-5.5505,57.901],[-5.5571,57.9011],[-5.5569,57.9125],[-5.5628,57.9182],[-5.5788,57.9132],[-5.5863,57.9197],[-5.6039,57.9244],[-5.6208,57.9235],[-5.6226,57.9193],[-5.6355,57.9135],[-5.6454,57.9033],[-5.644,57.8975],[-5.6558,57.8889],[-5.6444,57.8846],[-5.6543,57.8816],[-5.6559,57.8788],[-5.6474,57.8711],[-5.6471,57.8667],[-5.6392,57.8619],[-5.6412,57.8581],[-5.6221,57.8548],[-5.6049,57.8503],[-5.5993,57.8467],[-5.6009,57.8418],[-5.5855,57.8395],[-5.5729,57.8489],[-5.5569,57.8493],[-5.5482,57.8466],[-5.5365,57.8395],[-5.5361,57.831],[-5.5172,57.8315],[-5.515,57.8264],[-5.5151,57.8181],[-5.5189,57.8144],[-5.5263,57.8126],[-5.5299,57.8065],[-5.5222,57.8053],[-5.5193,57.8014],[-5.5083,57.8008],[-5.5079,57.7967],[-5.5266,57.7899],[-5.5087,57.7877],[-5.5109,57.7845],[-5.5057,57.7734],[-5.5107,57.7728],[-5.5141,57.7647],[-5.495,57.7584],[-5.4866,57.7591],[-5.4846,57.7556],[-5.4892,57.751],[-5.5027,57.751],[-5.49,57.7415],[-5.4891,57.7323],[-5.4836,57.7277],[-5.4768,57.727],[-5.472,57.7119],[-5.4652,57.7112],[-5.4606,57.7068],[-5.4484,57.7026],[-5.4455,57.7072],[-5.4337,57.7152],[-5.4259,57.7082],[-5.4192,57.7084],[-5.4068,57.7155],[-5.39,57.72],[-5.3798,57.7144],[-5.3541,57.7079],[-5.3376,57.7065],[-5.3303,57.7099],[-5.3109,57.7041],[-5.3017,57.7048],[-5.2989,57.7012],[-5.2889,57.702],[-5.2833,57.7003],[-5.2737,57.701],[-5.2726,57.7082],[-5.2642,57.708],[-5.2546,57.7037],[-5.2465,57.6932],[-5.2366,57.6898],[-5.2242,57.6919],[-5.2002,57.6916],[-5.1886,57.6879],[-5.1814,57.6876],[-5.1622,57.6787],[-5.1516,57.683],[-5.145,57.689],[-5.14,57.6887],[-5.132,57.6934],[-5.1237,57.6945],[-5.1168,57.6928],[-5.1068,57.6933],[-5.1016,57.6914],[-5.0799,57.6924],[-5.0703,57.6881],[-5.0615,57.6883],[-5.0427,57.6991],[-5.0373,57.7051],[-5.0281,57.7062],[-5.0157,57.6984],[-5.009,57.6986],[-4.9919,57.7044],[-4.9899,57.7103],[-4.9817,57.7127],[-4.9812,57.7168],[-4.9527,57.7183],[-4.9387,57.7164],[-4.9254,57.7176],[-4.9046,57.7255],[-4.902,57.7346],[-4.9076,57.7418],[-4.9165,57.7475],[-4.9304,57.7535],[-4.9467,57.7571],[-4.9506,57.7638],[-4.9594,57.7685],[-4.9666,57.7746],[-4.9829,57.7783],[-4.9739,57.7821],[-4.9703,57.7889],[-4.958,57.7928],[-4.9377,57.7915],[-4.9289,57.7874],[-4.9234,57.7923],[-4.9332,57.7983],[-4.9302,57.8033],[-4.921,57.804],[-4.9208,57.8114],[-4.9335,57.8131],[-4.9332,57.8188],[-4.9102,57.8159],[-4.9126,57.8251],[-4.9081,57.8317],[-4.8904,57.8312],[-4.8808,57.8375],[-4.888,57.8443],[-4.8967,57.8468],[-4.9046,57.8462],[-4.9223,57.8507],[-4.9276,57.8542],[-4.9226,57.8655],[-4.9164,57.8715],[-4.9193,57.8766],[-4.9094,57.8791],[-4.899,57.8863],[-4.914,57.8945],[-4.9257,57.8933],[-4.9344,57.8958],[-4.9417,57.9024],[-4.9678,57.9022],[-4.9919,57.9079],[-4.9906,57.9125],[-4.9978,57.9181],[-5.0148,57.9186],[-5.0118,57.9237],[-5.0147,57.9281],[-5.029,57.9268],[-5.0397,57.9333],[-5.0576,57.9351],[-5.0691,57.9421],[-5.0777,57.9436],[-5.0764,57.9482],[-5.0709,57.9528],[-5.0594,57.9517],[-5.0541,57.9536],[-5.0504,57.96],[-5.0385,57.9599],[-5.0353,57.9617],[-5.019,57.959],[-4.9969,57.9577],[-4.9916,57.9547],[-4.9756,57.9553],[-4.9688,57.9602],[-4.9488,57.9638],[-4.9428,57.968],[-4.9487,57.9777],[-4.9491,57.9826],[-4.942,57.9886],[-4.9399,57.9945],[-4.948,58.0004],[-4.946,58.0169],[-4.9325,58.0172],[-4.9253,58.0232],[-4.9161,58.0243],[-4.9057,58.0214],[-4.8874,58.0249],[-4.8711,58.0339],[-4.8774,58.038],[-4.8797,58.0449],[-4.8961,58.0495],[-4.896,58.058],[-4.9047,58.061],[-4.9044,58.0681],[-4.8856,58.0717],[-4.8795,58.0746],[-4.8782,58.08],[-4.8968,58.0894],[-4.8981,58.095],[-4.9034,58.0969],[-4.9031,58.1037],[-4.8985,58.1096],[-4.9,58.1177],[-4.8964,58.1263],[-4.8799,58.1321],[-4.888,58.1377],[-4.8895,58.1462],[-4.8922,58.148],[-4.8914,58.1592],[-4.8978,58.1636],[-4.8994,58.173],[-4.9038,58.1747],[-4.8874,58.1822],[-4.8948,58.2005],[-4.885,58.1953],[-4.8782,58.195],[-4.8598,58.2098],[-4.8696,58.2156],[-4.8641,58.2209],[-4.8531,58.2221],[-4.8397,58.2188],[-4.8198,58.2206],[-4.812,58.2302],[-4.8143,58.2373],[-4.8013,58.2403],[-4.7879,58.2485],[-4.7891,58.263],[-4.7807,58.2646],[-4.7767,58.2685],[-4.7884,58.2761],[-4.7918,58.276],[-4.795,58.2845],[-4.7876,58.2882],[-4.7841,58.2973],[-4.7809,58.2996],[-4.7822,58.3063],[-4.7899,58.3066],[-4.7981,58.3127],[-4.7845,58.324],[-4.7874,58.3287],[-4.7825,58.3319],[-4.7818,58.3438],[-4.7923,58.3524],[-4.8048,58.3539],[-4.8078,58.3597],[-4.82,58.3621],[-4.8365,58.3707],[-4.8466,58.3736],[-4.8499,58.383],[-4.8442,58.3921],[-4.8517,58.3951],[-4.8679,58.3947],[-4.8832,58.4029],[-4.8856,58.4119],[-4.8899,58.4127],[-4.8905,58.4198],[-4.878,58.4233],[-4.8763,58.4287],[-4.886,58.4271],[-4.8923,58.4306],[-4.9036,58.4335],[-4.9048,58.4469],[-4.9131,58.4494],[-4.9114,58.4553],[-4.9131,58.4649],[-4.932,58.4652],[-4.939,58.4727],[-4.9208,58.4749],[-4.9043,58.4827],[-4.9123,58.4867],[-4.9131,58.4903],[-4.9251,58.4957],[-4.9291,58.5023],[-4.945,58.5085],[-4.9516,58.5153],[-4.9515,58.524],[-4.9623,58.5296],[-4.9639,58.5336],[-4.9556,58.5424],[-4.9577,58.5464],[-4.9656,58.548],[-4.9638,58.5572],[-4.9605,58.5596],[-4.9627,58.5656],[-4.9728,58.5723],[-4.9807,58.5748],[-4.9815,58.5836],[-4.9681,58.5879],[-4.9687,58.5951],[-4.9601,58.5957],[-4.958,58.6014],[-4.965,58.6028],[-4.9698,58.6085],[-4.9897,58.6092],[-4.9965,58.6187],[-4.99,58.622]]],[[[-5.6324,57.8465],[-5.6412,57.8445],[-5.6439,57.8402],[-5.6383,57.8323],[-5.6168,57.8222],[-5.6052,57.821],[-5.6,57.8253],[-5.6057,57.8328],[-5.6344,57.8423],[-5.6324,57.8465]]],[[[-5.1794,58.3893],[-5.1985,58.388],[-5.2085,58.3779],[-5.2035,58.374],[-5.1719,58.3766],[-5.1669,58.3818],[-5.1709,58.3863],[-5.1794,58.3893]]],[[[-5.4091,58.0236],[-5.4141,58.0222],[-5.4145,58.0169],[-5.4201,58.0166],[-5.4209,58.0053],[-5.4113,58.0007],[-5.3992,58],[-5.386,58.0082],[-5.396,58.0076],[-5.4032,58.0097],[-5.4007,58.0166],[-5.3964,58.0185],[-5.4031,58.0229],[-5.4091,58.0236]]],[[[-5.2616,58.2672],[-5.2789,58.2606],[-5.2676,58.253],[-5.2593,58.2508],[-5.2449,58.2504],[-5.2438,58.2582],[-5.2579,58.2621],[-5.2616,58.2672]]],[[[-5.4743,57.8986],[-5.4809,57.8943],[-5.4787,57.8848],[-5.4664,57.8785],[-5.4603,57.8841],[-5.4626,57.8921],[-5.4677,57.8981],[-5.4743,57.8986]]],[[[-5.2277,57.9493],[-5.2395,57.9469],[-5.2343,57.9424],[-5.2234,57.9369],[-5.2177,57.9366],[-5.2141,57.9428],[-5.2083,57.9461],[-5.2119,57.9489],[-5.2277,57.9493]]],[[[-5.4417,58.05],[-5.4471,58.0495],[-5.4511,58.0431],[-5.4453,58.0388],[-5.4337,58.0379],[-5.4257,58.0459],[-5.4417,58.05]]],[[[-5.5097,57.9674],[-5.5221,57.9586],[-5.5134,57.9544],[-5.4975,57.9573],[-5.505,57.9616],[-5.5097,57.9674]]],[[[-5.4454,58.0135],[-5.4522,58.0073],[-5.4481,58.004],[-5.4358,58.0065],[-5.4454,58.0135]]],[[[-5.3463,57.9923],[-5.3524,57.9818],[-5.3458,57.9799],[-5.3391,57.9854],[-5.3415,57.9913],[-5.3463,57.9923]]],[[[-5.1295,58.2868],[-5.1372,58.2861],[-5.1385,58.2803],[-5.1271,58.279],[-5.1227,58.2821],[-5.1295,58.2868]]],[[[-5.4275,57.9791],[-5.4342,57.9765],[-5.4324,57.9704],[-5.4242,57.9756],[-5.4275,57.9791]]]]},"properties":{"HA_NUM":95,"HA_NAME":"Laxford Group"}},
{"type":"Feature","geometry":{"type":"MultiPolygon","coordinates":[[[[-4.2181,58.5403],[-4.21,58.5339],[-4.2229,58.5326],[-4.2334,58.536],[-4.2403,58.5359],[-4.2389,58.5264],[-4.2572,58.5252],[-4.267,58.5221],[-4.2723,58.5251],[-4.2612,58.5297],[-4.2684,58.537],[-4.3053,58.5432],[-4.3226,58.5406],[-4.3283,58.5423],[-4.3429,58.541],[-4.3571,58.5363],[-4.3636,58.5317],[-4.3744,58.5203],[-4.377,58.5203],[-4.3847,58.5092],[-4.3961,58.5097],[-4.4044,58.5032],[-4.4204,58.4936],[-4.4398,58.4927],[-4.4502,58.4968],[-4.4476,58.5024],[-4.4395,58.5048],[-4.4337,58.5095],[-4.409,58.5222],[-4.4124,58.5254],[-4.4218,58.5247],[-4.4306,58.5316],[-4.4249,58.5352],[-4.4275,58.5472],[-4.4241,58.5494],[-4.4383,58.5566],[-4.4412,58.5529],[-4.4516,58.5545],[-4.4571,58.5618],[-4.4845,58.5664],[-4.4926,58.5701],[-4.4979,58.5757],[-4.5141,58.579],[-4.523,58.5771],[-4.5267,58.5801],[-4.5531,58.5768],[-4.5634,58.5785],[-4.571,58.5756],[-4.577,58.5804],[-4.5997,58.5699],[-4.5948,58.5643],[-4.604,58.5558],[-4.6028,58.5522],[-4.5945,58.5432],[-4.5944,58.5342],[-4.6019,58.5322],[-4.602,58.5274],[-4.6124,58.5228],[-4.6266,58.5238],[-4.6339,58.5202],[-4.6397,58.5214],[-4.6471,58.5179],[-4.6518,58.5116],[-4.6603,58.5059],[-4.6617,58.4849],[-4.6663,58.482],[-4.6731,58.4839],[-4.6854,58.477],[-4.6955,58.4774],[-4.6992,58.4693],[-4.7179,58.4632],[-4.7227,58.4638],[-4.7277,58.4553],[-4.7358,58.4472],[-4.7453,58.4473],[-4.7536,58.4513],[-4.7533,58.4577],[-4.7453,58.4646],[-4.7289,58.476],[-4.7265,58.4804],[-4.7081,58.4994],[-4.6937,58.5049],[-4.6935,58.5105],[-4.6881,58.5122],[-4.6714,58.524],[-4.6651,58.5245],[-4.652,58.5346],[-4.6544,58.5444],[-4.6646,58.5511],[-4.673,58.5517],[-4.6863,58.5557],[-4.7029,58.5562],[-4.7106,58.5602],[-4.7056,58.5649],[-4.7176,58.5702],[-4.7274,58.5706],[-4.7346,58.5664],[-4.7412,58.57],[-4.7439,58.5759],[-4.7407,58.5791],[-4.7424,58.584],[-4.7502,58.5824],[-4.7554,58.5868],[-4.7632,58.5878],[-4.7673,58.5934],[-4.7651,58.5977],[-4.7747,58.6046],[-4.7789,58.6007],[-4.7896,58.599],[-4.787,58.5951],[-4.78,58.5947],[-4.7668,58.5845],[-4.7679,58.5766],[-4.777,58.578],[-4.7919,58.577],[-4.7981,58.574],[-4.8044,58.5608],[-4.79,58.553],[-4.7783,58.5499],[-4.7847,58.5377],[-4.7999,58.5251],[-4.8091,58.5206],[-4.8268,58.5244],[-4.8176,58.531],[-4.8039,58.5385],[-4.7949,58.5418],[-4.7932,58.547],[-4.7987,58.5513],[-4.8092,58.5538],[-4.8204,58.5632],[-4.8173,58.5705],[-4.8207,58.573],[-4.8184,58.5782],[-4.822,58.5804],[-4.817,58.5866],[-4.8274,58.5977],[-4.8418,58.6004],[-4.8469,58.599],[-4.8585,58.6058],[-4.8696,58.609],[-4.8773,58.615],[-4.8878,58.6121],[-4.9167,58.6139],[-4.9365,58.617],[-4.939,58.6136],[-4.9483,58.6102],[-4.9591,58.611],[-4.9588,58.614],[-4.9789,58.6182],[-4.99,58.622],[-4.9965,58.6187],[-4.9897,58.6092],[-4.9698,58.6085],[-4.965,58.6028],[-4.958,58.6014],[-4.9601,58.5957],[-4.9687,58.5951],[-4.9681,58.5879],[-4.9815,58.5836],[-4.9807,58.5748],[-4.9728,58.5723],[-4.9627,58.5656],[-4.9605,58.5596],[-4.9638,58.5572],[-4.9656,58.548],[-4.9577,58.5464],[-4.9556,58.5424],[-4.9639,58.5336],[-4.9623,58.5296],[-4.9515,58.524],[-4.9516,58.5153],[-4.945,58.5085],[-4.9291,58.5023],[-4.9251,58.4957],[-4.9131,58.4903],[-4.9123,58.4867],[-4.9043,58.4827],[-4.9208,58.4749],[-4.939,58.4727],[-4.932,58.4652],[-4.9131,58.4649],[-4.9114,58.4553],[-4.9131,58.4494],[-4.9048,58.4469],[-4.9036,58.4335],[-4.8923,58.4306],[-4.886,58.4271],[-4.8763,58.4287],[-4.878,58.4233],[-4.8905,58.4198],[-4.8899,58.4127],[-4.8856,58.4119],[-4.8832,58.4029],[-4.8679,58.3947],[-4.8517,58.3951],[-4.8442,58.3921],[-4.8499,58.383],[-4.8466,58.3736],[-4.8365,58.3707],[-4.82,58.3621],[-4.8078,58.3597],[-4.8048,58.3539],[-4.7923,58.3524],[-4.7818,58.3438],[-4.7825,58.3319],[-4.7874,58.3287],[-4.7845,58.324],[-4.7981,58.3127],[-4.7899,58.3066],[-4.7822,58.3063],[-4.7773,58.3087],[-4.7627,58.3076],[-4.753,58.315],[-4.7433,58.3108],[-4.7383,58.3122],[-4.7265,58.3026],[-4.7226,58.2968],[-4.7211,58.2881],[-4.7275,58.283],[-4.7279,58.2767],[-4.7224,58.2726],[-4.7097,58.2728],[-4.7051,58.2684],[-4.6967,58.27],[-4.6876,58.2684],[-4.6823,58.2716],[-4.6624,58.2788],[-4.6375,58.2766],[-4.6371,58.2721],[-4.6297,58.2642],[-4.6292,58.2568],[-4.6202,58.2504],[-4.6084,58.2471],[-4.6084,58.2403],[-4.6121,58.2338],[-4.6187,58.2307],[-4.6174,58.2247],[-4.6069,58.2199],[-4.6117,58.216],[-4.6114,58.212],[-4.606,58.2076],[-4.5864,58.2075],[-4.574,58.2127],[-4.5718,58.218],[-4.5622,58.2269],[-4.5539,58.2298],[-4.5548,58.2181],[-4.5597,58.2157],[-4.5641,58.2051],[-4.5601,58.2036],[-4.5452,58.203],[-4.5286,58.197],[-4.5035,58.1975],[-4.4816,58.2006],[-4.4689,58.2079],[-4.4556,58.2124],[-4.4407,58.2118],[-4.4293,58.2136],[-4.4267,58.2066],[-4.4345,58.2027],[-4.4305,58.1931],[-4.4183,58.1893],[-4.4196,58.1834],[-4.4118,58.1813],[-4.3956,58.1812],[-4.3928,58.1772],[-4.3874,58.1791],[-4.3662,58.1795],[-4.3506,58.1753],[-4.3333,58.1769],[-4.3259,58.1748],[-4.3136,58.175],[-4.3104,58.1778],[-4.3123,58.1939],[-4.297,58.194],[-4.2906,58.2011],[-4.2805,58.2026],[-4.2792,58.2089],[-4.2677,58.215],[-4.2641,58.2256],[-4.2575,58.2291],[-4.2427,58.2302],[-4.234,58.2351],[-4.2364,58.2449],[-4.2325,58.252],[-4.2276,58.2538],[-4.2223,58.2652],[-4.2173,58.2671],[-4.2211,58.2737],[-4.231,58.2823],[-4.2247,58.2903],[-4.213,58.2873],[-4.199,58.2889],[-4.1912,58.2859],[-4.1829,58.2901],[-4.172,58.293],[-4.1709,58.3024],[-4.1763,58.3082],[-4.1747,58.3163],[-4.1849,58.322],[-4.1926,58.3218],[-4.1988,58.3258],[-4.2078,58.3265],[-4.2161,58.33],[-4.2181,58.3349],[-4.2124,58.3383],[-4.207,58.3476],[-4.1974,58.3456],[-4.1942,58.3492],[-4.1826,58.3548],[-4.1738,58.3639],[-4.1741,58.3828],[-4.1613,58.383],[-4.1512,58.3863],[-4.1424,58.3959],[-4.1308,58.3957],[-4.1243,58.3935],[-4.1242,58.3787],[-4.1162,58.3734],[-4.1072,58.3727],[-4.1077,58.3659],[-4.0977,58.3641],[-4.0932,58.3592],[-4.0866,58.364],[-4.0739,58.3665],[-4.0594,58.3672],[-4.0497,58.361],[-4.0343,58.3613],[-4.0262,58.3549],[-4.0268,58.3502],[-4.022,58.3476],[-4.0035,58.3452],[-3.9904,58.3413],[-3.9811,58.3419],[-3.984,58.349],[-3.9733,58.3562],[-3.9735,58.3595],[-3.9644,58.3644],[-3.9574,58.3618],[-3.9533,58.3563],[-3.9442,58.3542],[-3.9331,58.3541],[-3.9232,58.345],[-3.9112,58.3448],[-3.911,58.3412],[-3.904,58.3388],[-3.9029,58.3346],[-3.8911,58.3372],[-3.8863,58.3344],[-3.8734,58.3332],[-3.8641,58.327],[-3.8528,58.3223],[-3.842,58.3121],[-3.8435,58.3076],[-3.85,58.3016],[-3.8446,58.2972],[-3.8351,58.2947],[-3.8283,58.2948],[-3.8204,58.2989],[-3.7955,58.3049],[-3.7933,58.3119],[-3.7952,58.3159],[-3.8039,58.3189],[-3.8059,58.3247],[-3.8173,58.3304],[-3.8244,58.3357],[-3.8259,58.3478],[-3.8116,58.3525],[-3.8091,58.362],[-3.802,58.3654],[-3.8058,58.3719],[-3.8018,58.3769],[-3.7843,58.3861],[-3.779,58.3925],[-3.7735,58.3921],[-3.7732,58.4038],[-3.7893,58.4099],[-3.7849,58.4158],[-3.7822,58.4293],[-3.7935,58.4323],[-3.7963,58.4367],[-3.7952,58.4421],[-3.7891,58.4485],[-3.7927,58.4509],[-3.7904,58.457],[-3.791,58.4682],[-3.7841,58.4681],[-3.783,58.4796],[-3.7901,58.4835],[-3.794,58.4924],[-3.8,58.4928],[-3.8012,58.5],[-3.8083,58.5035],[-3.8112,58.5115],[-3.8039,58.5181],[-3.8244,58.5176],[-3.8265,58.5243],[-3.8344,58.5269],[-3.8346,58.5314],[-3.8463,58.542],[-3.8464,58.5442],[-3.857,58.549],[-3.8625,58.5557],[-3.8677,58.557],[-3.8841,58.5572],[-3.8886,58.5616],[-3.8974,58.5646],[-3.9078,58.564],[-3.906,58.5588],[-3.9133,58.5564],[-3.92,58.5597],[-3.9232,58.5669],[-3.9278,58.5702],[-3.9384,58.5726],[-3.9494,58.5693],[-3.9574,58.5739],[-3.9685,58.5696],[-3.9853,58.5704],[-3.998,58.5662],[-4.0051,58.5665],[-4.0075,58.5781],[-4.0119,58.5818],[-4.0102,58.5876],[-4.0207,58.5941],[-4.0311,58.591],[-4.0438,58.5902],[-4.0449,58.5838],[-4.0503,58.5818],[-4.0476,58.5721],[-4.0663,58.5641],[-4.0718,58.5631],[-4.0695,58.5574],[-4.0735,58.5521],[-4.0812,58.5526],[-4.0878,58.5617],[-4.0974,58.5627],[-4.1114,58.5612],[-4.1153,58.5689],[-4.124,58.569],[-4.1326,58.5639],[-4.1436,58.5668],[-4.153,58.5599],[-4.1573,58.5479],[-4.1652,58.545],[-4.1822,58.5454],[-4.1962,58.547],[-4.2003,58.5522],[-4.2146,58.5509],[-4.2101,58.5416],[-4.2181,58.5403]],[[-4.4814,58.4493],[-4.4777,58.4534],[-4.468,58.4569],[-4.4623,58.4755],[-4.4522,58.4855],[-4.4564,58.4931],[-4.4302,58.4922],[-4.4244,58.4884],[-4.4254,58.4802],[-4.4398,58.4748],[-4.4461,58.4649],[-4.4566,58.4606],[-4.4577,58.4559],[-4.469,58.4472],[-4.4758,58.4464],[-4.4814,58.4493]]],[[[-4.3459,58.561],[-4.3489,58.5572],[-4.3459,58.5536],[-4.3505,58.5502],[-4.3407,58.5484],[-4.3267,58.5568],[-4.3295,58.5617],[-4.3459,58.561]]],[[[-4.2938,58.5498],[-4.3048,58.5493],[-4.2968,58.5446],[-4.2938,58.5498]]]]},"properties":{"HA_NUM":96,"HA_NAME":"Naver group"}},
{"type":"Feature","geometry":{"type":"MultiPolygon","coordinates":[[[[-3.0568,58.5958],[-3.0449,58.5966],[-3.0361,58.6106],[-3.0412,58.6141],[-3.0381,58.6178],[-3.0391,58.6284],[-3.0376,58.6325],[-3.0253,58.6442],[-3.0329,58.6464],[-3.0403,58.6441],[-3.0478,58.6472],[-3.0626,58.6443],[-3.0759,58.6445],[-3.0936,58.6469],[-3.1041,58.6463],[-3.1143,58.6423],[-3.1281,58.643],[-3.1337,58.6399],[-3.1566,58.6372],[-3.1684,58.6422],[-3.1713,58.6495],[-3.1789,58.6518],[-3.1849,58.6576],[-3.1946,58.6559],[-3.22,58.655],[-3.2217,58.6514],[-3.2397,58.6499],[-3.2499,58.6544],[-3.2616,58.652],[-3.2685,58.6538],[-3.2811,58.6507],[-3.294,58.6457],[-3.3192,58.6471],[-3.3442,58.647],[-3.3466,58.653],[-3.3521,58.6575],[-3.3545,58.6639],[-3.3628,58.6699],[-3.3767,58.6721],[-3.3992,58.6649],[-3.4074,58.6587],[-3.4131,58.6434],[-3.4105,58.638],[-3.3826,58.6288],[-3.373,58.6273],[-3.3693,58.6223],[-3.3499,58.6198],[-3.3465,58.6139],[-3.3549,58.6024],[-3.3627,58.5975],[-3.3756,58.5944],[-3.3814,58.5983],[-3.3986,58.6023],[-3.4147,58.6014],[-3.4257,58.6039],[-3.4353,58.6042],[-3.4344,58.6103],[-3.4483,58.6087],[-3.4596,58.6124],[-3.4781,58.6092],[-3.4829,58.6099],[-3.4991,58.6053],[-3.5102,58.5984],[-3.5251,58.5972],[-3.5311,58.6002],[-3.5443,58.6031],[-3.5513,58.6081],[-3.5498,58.6114],[-3.5399,58.6141],[-3.5353,58.6231],[-3.5552,58.6235],[-3.5673,58.6204],[-3.5845,58.6177],[-3.5893,58.6194],[-3.6003,58.6171],[-3.6225,58.6157],[-3.6409,58.6157],[-3.6513,58.6202],[-3.6687,58.6171],[-3.6782,58.6085],[-3.6996,58.6044],[-3.7116,58.5989],[-3.7274,58.5933],[-3.7401,58.5838],[-3.7751,58.5726],[-3.7739,58.5659],[-3.7796,58.5629],[-3.788,58.5631],[-3.7942,58.5666],[-3.7951,58.572],[-3.8014,58.5735],[-3.8078,58.5706],[-3.8445,58.5655],[-3.8535,58.5655],[-3.8621,58.5633],[-3.8689,58.5651],[-3.8857,58.566],[-3.89,58.5682],[-3.8994,58.5678],[-3.9078,58.564],[-3.8974,58.5646],[-3.8886,58.5616],[-3.8841,58.5572],[-3.8677,58.557],[-3.8625,58.5557],[-3.857,58.549],[-3.8464,58.5442],[-3.8463,58.542],[-3.8346,58.5314],[-3.8344,58.5269],[-3.8265,58.5243],[-3.8244,58.5176],[-3.8039,58.5181],[-3.8112,58.5115],[-3.8083,58.5035],[-3.8012,58.5],[-3.8,58.4928],[-3.794,58.4924],[-3.7901,58.4835],[-3.783,58.4796],[-3.7841,58.4681],[-3.791,58.4682],[-3.7904,58.457],[-3.7927,58.4509],[-3.7891,58.4485],[-3.7952,58.4421],[-3.7963,58.4367],[-3.7935,58.4323],[-3.7822,58.4293],[-3.7849,58.4158],[-3.7893,58.4099],[-3.7732,58.4038],[-3.7735,58.3921],[-3.779,58.3925],[-3.7843,58.3861],[-3.8018,58.3769],[-3.8058,58.3719],[-3.802,58.3654],[-3.8091,58.362],[-3.8116,58.3525],[-3.8259,58.3478],[-3.8244,58.3357],[-3.8173,58.3304],[-3.8059,58.3247],[-3.8039,58.3189],[-3.7952,58.3159],[-3.7933,58.3119],[-3.7955,58.3049],[-3.8204,58.2989],[-3.8283,58.2948],[-3.8351,58.2947],[-3.8373,58.2875],[-3.8331,58.2889],[-3.8122,58.2883],[-3.7978,58.2907],[-3.7874,58.2868],[-3.7784,58.2865],[-3.7705,58.2826],[-3.7677,58.2777],[-3.7607,58.2737],[-3.7517,58.272],[-3.7381,58.2727],[-3.707,58.2726],[-3.7036,58.2738],[-3.7002,58.2826],[-3.6925,58.2818],[-3.681,58.2833],[-3.6788,58.2901],[-3.6704,58.2933],[-3.6732,58.2982],[-3.6737,58.309],[-3.6536,58.316],[-3.6547,58.3218],[-3.6375,58.3198],[-3.6304,58.3226],[-3.6145,58.3206],[-3.6088,58.3179],[-3.5974,58.3199],[-3.5925,58.3238],[-3.5742,58.3175],[-3.5606,58.3181],[-3.5553,58.3137],[-3.5559,58.3069],[-3.5455,58.3048],[-3.5355,58.3105],[-3.534,58.3144],[-3.5193,58.3098],[-3.5142,58.3106],[-3.5003,58.326],[-3.5015,58.3327],[-3.4918,58.3351],[-3.4823,58.3343],[-3.4761,58.338],[-3.457,58.3409],[-3.4504,58.336],[-3.4441,58.3379],[-3.4256,58.3367],[-3.422,58.3318],[-3.41,58.3295],[-3.4017,58.3356],[-3.3894,58.338],[-3.3752,58.3353],[-3.3731,58.3463],[-3.3734,58.3539],[-3.3661,58.3637],[-3.3725,58.3757],[-3.3738,58.3862],[-3.3764,58.3869],[-3.3793,58.397],[-3.3915,58.4022],[-3.3986,58.4082],[-3.4006,58.4158],[-3.414,58.4298],[-3.4143,58.4386],[-3.425,58.4483],[-3.4233,58.4576],[-3.4249,58.4672],[-3.4293,58.4696],[-3.427,58.4766],[-3.4297,58.4795],[-3.4205,58.4843],[-3.4177,58.5007],[-3.4249,58.5081],[-3.4259,58.5119],[-3.4337,58.5131],[-3.4461,58.5236],[-3.4498,58.5305],[-3.4493,58.5377],[-3.4246,58.5436],[-3.4143,58.5441],[-3.4056,58.5408],[-3.385,58.5424],[-3.375,58.5398],[-3.3659,58.5354],[-3.3469,58.5329],[-3.3341,58.5349],[-3.3531,58.5486],[-3.3371,58.5595],[-3.3294,58.5704],[-3.3183,58.5732],[-3.2986,58.5734],[-3.2935,58.5771],[-3.2862,58.5776],[-3.2519,58.5907],[-3.2457,58.5852],[-3.2414,58.5854],[-3.2304,58.5907],[-3.2229,58.598],[-3.2094,58.594],[-3.1929,58.6009],[-3.193,58.6041],[-3.1828,58.6091],[-3.1804,58.6123],[-3.1641,58.6147],[-3.1602,58.6134],[-3.1374,58.614],[-3.1263,58.6177],[-3.1121,58.6165],[-3.1083,58.6185],[-3.0818,58.6122],[-3.0762,58.6123],[-3.0614,58.6061],[-3.0568,58.5958]]],[[[-3.1158,58.6968],[-3.1219,58.6955],[-3.1273,58.6833],[-3.1318,58.6807],[-3.1303,58.6763],[-3.1404,58.6678],[-3.1332,58.6672],[-3.1276,58.6703],[-3.1129,58.6699],[-3.107,58.6714],[-3.1058,58.6795],[-3.1014,58.6845],[-3.1072,58.6863],[-3.1158,58.6968]]]]},"properties":{"HA_NUM":97,"HA_NAME":"Thurso Group"}},
{"type":"Feature","geometry":{"type":"Polygon","coordinates":[[[-1.313,50.7676],[-1.3229,50.764],[-1.3284,50.7578],[-1.3369,50.7555],[-1.3457,50.7498],[-1.3499,50.741],[-1.3573,50.7381],[-1.3645,50.7377],[-1.3987,50.7288],[-1.4006,50.7246],[-1.3925,50.7228],[-1.3997,50.7171],[-1.4054,50.7196],[-1.4132,50.7133],[-1.4144,50.7253],[-1.4248,50.7269],[-1.4421,50.7221],[-1.4703,50.71],[-1.4862,50.7069],[-1.5002,50.7069],[-1.5019,50.7043],[-1.5148,50.7071],[-1.5221,50.7073],[-1.534,50.7004],[-1.5351,50.6926],[-1.5429,50.6879],[-1.549,50.6779],[-1.5676,50.6744],[-1.5706,50.6713],[-1.5693,50.6658],[-1.5829,50.6637],[-1.5795,50.6604],[-1.5721,50.6606],[-1.5625,50.663],[-1.5485,50.6638],[-1.5395,50.666],[-1.5246,50.6679],[-1.493,50.6683],[-1.4841,50.6665],[-1.4753,50.6613],[-1.4651,50.6521],[-1.4574,50.6504],[-1.4464,50.6431],[-1.4246,50.6373],[-1.4104,50.6348],[-1.397,50.629],[-1.389,50.6267],[-1.3678,50.6138],[-1.3624,50.609],[-1.3524,50.6072],[-1.338,50.6007],[-1.3193,50.5901],[-1.309,50.5799],[-1.2986,50.5748],[-1.2858,50.5776],[-1.2794,50.5772],[-1.2722,50.5797],[-1.2584,50.5796],[-1.2423,50.5829],[-1.2102,50.5927],[-1.2023,50.5927],[-1.1875,50.5967],[-1.1789,50.6009],[-1.1754,50.6072],[-1.1771,50.6106],[-1.1726,50.615],[-1.1742,50.6257],[-1.1695,50.6333],[-1.1683,50.6416],[-1.1569,50.6518],[-1.1345,50.6617],[-1.1132,50.6655],[-1.0996,50.6647],[-1.0943,50.672],[-1.0853,50.6768],[-1.0739,50.6811],[-1.07,50.6868],[-1.0825,50.6943],[-1.0919,50.6949],[-1.0985,50.6906],[-1.1078,50.6934],[-1.105,50.6981],[-1.0983,50.6966],[-1.1009,50.7065],[-1.109,50.7212],[-1.1219,50.7238],[-1.1313,50.7269],[-1.1376,50.7263],[-1.1482,50.7307],[-1.1607,50.7332],[-1.1791,50.7339],[-1.1921,50.7327],[-1.2106,50.7351],[-1.2138,50.7378],[-1.2236,50.74],[-1.2423,50.7462],[-1.2477,50.7517],[-1.2558,50.7544],[-1.2606,50.76],[-1.2728,50.766],[-1.2788,50.7663],[-1.2885,50.7633],[-1.2912,50.7512],[-1.2864,50.7407],[-1.277,50.7314],[-1.2819,50.7234],[-1.2894,50.7423],[-1.2926,50.7461],[-1.2945,50.7543],[-1.292,50.7584],[-1.2964,50.7608],[-1.3006,50.7671],[-1.313,50.7676]]]},"properties":{"HA_NUM":101,"HA_NAME":"Isle of Wight"}},
{"type":"Feature","geometry":{"type":"MultiPolygon","coordinates":[[[[-4.4244,53.4296],[-4.436,53.4282],[-4.4455,53.4214],[-4.4554,53.4165],[-4.4608,53.4158],[-4.4841,53.4201],[-4.4881,53.4125],[-4.4966,53.4137],[-4.5045,53.4093],[-4.5121,53.4107],[-4.5141,53.4143],[-4.5285,53.411],[-4.5283,53.407],[-4.5487,53.4064],[-4.5579,53.4043],[-4.5625,53.4075],[-4.5702,53.4055],[-4.5757,53.4],[-4.5704,53.3971],[-4.5722,53.3922],[-4.5653,53.3905],[-4.5675,53.3846],[-4.5632,53.378],[-4.5552,53.3747],[-4.5609,53.359],[-4.5684,53.3541],[-4.5659,53.352],[-4.5699,53.3466],[-4.5692,53.3375],[-4.575,53.3331],[-4.5843,53.331],[-4.578,53.3243],[-4.5713,53.3238],[-4.5709,53.3195],[-4.5648,53.3186],[-4.5613,53.3141],[-4.5639,53.3036],[-4.5504,53.3033],[-4.5468,53.3006],[-4.5599,53.2979],[-4.5612,53.2957],[-4.5728,53.2906],[-4.5766,53.2858],[-4.5875,53.2811],[-4.582,53.2759],[-4.5692,53.2726],[-4.5587,53.264],[-4.5583,53.2599],[-4.5503,53.2549],[-4.5529,53.2505],[-4.5493,53.2457],[-4.5432,53.2433],[-4.535,53.2368],[-4.5277,53.2362],[-4.5214,53.2315],[-4.525,53.2262],[-4.5111,53.2201],[-4.5038,53.2148],[-4.4995,53.2063],[-4.5063,53.1932],[-4.5022,53.1868],[-4.4928,53.1873],[-4.49,53.182],[-4.4748,53.1804],[-4.4674,53.185],[-4.4581,53.1793],[-4.4565,53.1708],[-4.4521,53.17],[-4.4494,53.1645],[-4.4426,53.1607],[-4.4311,53.1594],[-4.4262,53.1653],[-4.4151,53.1705],[-4.4119,53.178],[-4.4028,53.1809],[-4.3975,53.1875],[-4.3864,53.1922],[-4.3808,53.1824],[-4.388,53.1692],[-4.3954,53.1705],[-4.4168,53.166],[-4.4198,53.1617],[-4.4078,53.1443],[-4.3947,53.1445],[-4.3808,53.1414],[-4.3587,53.1314],[-4.3441,53.1397],[-4.3388,53.1448],[-4.3393,53.1486],[-4.3179,53.1442],[-4.3031,53.1472],[-4.2823,53.156],[-4.2719,53.166],[-4.2679,53.1663],[-4.246,53.1788],[-4.233,53.1813],[-4.2186,53.1857],[-4.214,53.1944],[-4.2156,53.2009],[-4.2137,53.2062],[-4.2071,53.2124],[-4.2011,53.2154],[-4.1861,53.2178],[-4.1781,53.2238],[-4.1707,53.2244],[-4.1618,53.222],[-4.1583,53.2321],[-4.1436,53.2371],[-4.1252,53.2468],[-4.1099,53.2522],[-4.0973,53.2614],[-4.088,53.2627],[-4.085,53.276],[-4.0761,53.2809],[-4.0714,53.2906],[-4.0587,53.2955],[-4.0559,53.3033],[-4.0455,53.3054],[-4.0407,53.3102],[-4.0567,53.3149],[-4.0674,53.3125],[-4.0831,53.3137],[-4.1,53.3181],[-4.1195,53.3193],[-4.1354,53.3146],[-4.1428,53.3057],[-4.1625,53.3031],[-4.172,53.3032],[-4.1771,53.3004],[-4.1882,53.298],[-4.2101,53.2965],[-4.2132,53.302],[-4.2071,53.3058],[-4.2042,53.3132],[-4.2199,53.3204],[-4.2214,53.3295],[-4.2247,53.3382],[-4.2328,53.3403],[-4.2286,53.3435],[-4.2359,53.3528],[-4.2371,53.3571],[-4.2505,53.3612],[-4.2566,53.3593],[-4.2635,53.3612],[-4.2689,53.3713],[-4.2764,53.3714],[-4.2881,53.3649],[-4.2908,53.3672],[-4.2868,53.3718],[-4.2714,53.385],[-4.2702,53.3955],[-4.2758,53.3989],[-4.2742,53.402],[-4.2849,53.4071],[-4.2861,53.4141],[-4.2914,53.415],[-4.3039,53.4131],[-4.3165,53.4167],[-4.3302,53.4167],[-4.3393,53.4198],[-4.3425,53.4178],[-4.3606,53.4156],[-4.3657,53.4179],[-4.3678,53.4236],[-4.3798,53.4263],[-4.389,53.4247],[-4.3961,53.426],[-4.4025,53.421],[-4.405,53.4271],[-4.4191,53.4262],[-4.4244,53.4296]]],[[[-4.6294,53.3255],[-4.6417,53.3256],[-4.6506,53.3226],[-4.667,53.3191],[-4.6813,53.3236],[-4.6805,53.3161],[-4.6865,53.3114],[-4.6941,53.3102],[-4.6965,53.3067],[-4.6876,53.2995],[-4.6818,53.3005],[-4.6776,53.2952],[-4.6882,53.2885],[-4.6835,53.2827],[-4.6753,53.285],[-4.6721,53.2829],[-4.6422,53.2843],[-4.6351,53.2809],[-4.6248,53.2786],[-4.6258,53.2695],[-4.6194,53.2626],[-4.61,53.2571],[-4.6098,53.2522],[-4.6144,53.2485],[-4.6097,53.2447],[-4.597,53.2404],[-4.582,53.2407],[-4.5666,53.2444],[-4.5578,53.2528],[-4.571,53.2654],[-4.5777,53.2691],[-4.5828,53.275],[-4.5952,53.2754],[-4.5989,53.2826],[-4.5933,53.2908],[-4.5883,53.2906],[-4.5894,53.3015],[-4.5961,53.3057],[-4.6056,53.3026],[-4.6112,53.3029],[-4.6134,53.3081],[-4.6336,53.3174],[-4.6479,53.3205],[-4.643,53.3251],[-4.6294,53.3255]]]]},"properties":{"HA_NUM":102,"HA_NAME":"Anglesey"}},
{"type":"Feature","geometry":{"type":"MultiPolygon","coordinates":[[[[-4.716,54.084],[-4.7076,54.0845],[-4.6929,54.083],[-4.6918,54.078],[-4.6856,54.0767],[-4.6818,54.067],[-4.6748,54.0627],[-4.6636,54.0625],[-4.6637,54.0682],[-4.6484,54.0758],[-4.6344,54.0767],[-4.6253,54.0736],[-4.6217,54.0677],[-4.6275,54.055],[-4.623,54.0549],[-4.6098,54.0709],[-4.6171,54.071],[-4.6234,54.077],[-4.6196,54.0806],[-4.5975,54.0922],[-4.587,54.0986],[-4.5739,54.1015],[-4.5513,54.1009],[-4.5439,54.1052],[-4.5424,54.1115],[-4.5333,54.1152],[-4.5259,54.1257],[-4.5109,54.1281],[-4.5025,54.1255],[-4.4974,54.1298],[-4.4665,54.1424],[-4.4757,54.147],[-4.4779,54.1543],[-4.4726,54.1614],[-4.4646,54.1659],[-4.4525,54.1668],[-4.4449,54.1696],[-4.4368,54.1675],[-4.4233,54.171],[-4.422,54.1752],[-4.4073,54.1794],[-4.3968,54.1891],[-4.3898,54.1932],[-4.388,54.1972],[-4.3923,54.2015],[-4.4019,54.2045],[-4.4022,54.2137],[-4.3962,54.2219],[-4.3866,54.2246],[-4.3706,54.2322],[-4.3658,54.2402],[-4.3697,54.2425],[-4.3632,54.2505],[-4.3553,54.2542],[-4.3461,54.2636],[-4.3425,54.27],[-4.3308,54.276],[-4.3263,54.2805],[-4.3258,54.2918],[-4.3164,54.2903],[-4.3151,54.2944],[-4.3092,54.2982],[-4.316,54.3032],[-4.3556,54.3093],[-4.3692,54.3129],[-4.3798,54.3237],[-4.3838,54.3368],[-4.3838,54.3448],[-4.3781,54.3608],[-4.3694,54.3743],[-4.3617,54.3936],[-4.3614,54.415],[-4.3661,54.4181],[-4.39,54.4129],[-4.4137,54.4063],[-4.4279,54.4036],[-4.4504,54.4013],[-4.4607,54.3991],[-4.4811,54.3918],[-4.5086,54.38],[-4.526,54.3733],[-4.5353,54.3678],[-4.5506,54.3536],[-4.5562,54.3392],[-4.5606,54.3325],[-4.569,54.3258],[-4.5786,54.3146],[-4.5854,54.3046],[-4.5907,54.293],[-4.5961,54.2858],[-4.612,54.2689],[-4.6384,54.2511],[-4.6462,54.2483],[-4.6568,54.2413],[-4.6615,54.2353],[-4.6799,54.2306],[-4.682,54.2279],[-4.6929,54.2241],[-4.6996,54.2251],[-4.7102,54.22],[-4.715,54.2131],[-4.7198,54.2112],[-4.7152,54.2062],[-4.7149,54.2006],[-4.7185,54.198],[-4.7179,54.1922],[-4.7219,54.185],[-4.7303,54.1776],[-4.7397,54.1742],[-4.7426,54.1687],[-4.7416,54.1636],[-4.7316,54.1548],[-4.7349,54.1462],[-4.7308,54.1428],[-4.7369,54.1265],[-4.7485,54.1164],[-4.7511,54.1077],[-4.7614,54.1091],[-4.7693,54.1057],[-4.7789,54.0967],[-4.7753,54.0907],[-4.763,54.0908],[-4.7621,54.0845],[-4.7691,54.0853],[-4.7783,54.0776],[-4.7862,54.0747],[-4.7931,54.068],[-4.7943,54.0634],[-4.7848,54.0618],[-4.7803,54.0557],[-4.7741,54.0566],[-4.768,54.0613],[-4.7592,54.06],[-4.7532,54.0623],[-4.7489,54.0701],[-4.7417,54.0676],[-4.7336,54.0703],[-4.7383,54.0774],[-4.7294,54.0779],[-4.7305,54.0825],[-4.722,54.0847],[-4.716,54.084]]],[[[-4.8074,54.0615],[-4.8227,54.0588],[-4.8287,54.0563],[-4.8299,54.0521],[-4.8232,54.0449],[-4.8137,54.0441],[-4.8011,54.0545],[-4.8014,54.0601],[-4.8074,54.0615]]]]},"properties":{"HA_NUM":103,"HA_NAME":"Isle of Man"}},
{"type":"Feature","geometry":{"type":"MultiPolygon","coordinates":[[[[-5.4273,55.8531],[-5.4395,55.8554],[-5.4507,55.8468],[-5.4475,55.8435],[-5.4475,55.8373],[-5.4648,55.8273],[-5.4703,55.8219],[-5.4673,55.8174],[-5.479,55.8085],[-5.4791,55.804],[-5.51,55.7939],[-5.5158,55.7848],[-5.5255,55.782],[-5.5346,55.7764],[-5.5423,55.774],[-5.5534,55.7671],[-5.5695,55.7671],[-5.5841,55.7538],[-5.5836,55.7482],[-5.5883,55.747],[-5.5983,55.7382],[-5.6068,55.7243],[-5.6226,55.709],[-5.6356,55.6978],[-5.6459,55.6931],[-5.6692,55.6843],[-5.6746,55.6796],[-5.6682,55.6755],[-5.6629,55.6682],[-5.6672,55.6632],[-5.6689,55.6531],[-5.6739,55.6463],[-5.6722,55.6333],[-5.6775,55.6276],[-5.6788,55.6179],[-5.6845,55.6148],[-5.6833,55.6069],[-5.6866,55.5979],[-5.6917,55.5949],[-5.6932,55.5876],[-5.7153,55.5793],[-5.716,55.5683],[-5.7072,55.5524],[-5.7042,55.5383],[-5.7047,55.533],[-5.7138,55.5206],[-5.7118,55.4936],[-5.7143,55.4887],[-5.7119,55.4819],[-5.7139,55.4674],[-5.7128,55.4611],[-5.7154,55.4467],[-5.7238,55.4277],[-5.7296,55.4247],[-5.7507,55.423],[-5.7554,55.4143],[-5.7629,55.4127],[-5.7705,55.4087],[-5.785,55.3981],[-5.7916,55.3958],[-5.7969,55.3901],[-5.7934,55.3832],[-5.7991,55.3756],[-5.7968,55.3694],[-5.8036,55.3638],[-5.7996,55.3531],[-5.8049,55.3483],[-5.7984,55.3431],[-5.7969,55.3345],[-5.8018,55.3264],[-5.7989,55.3211],[-5.8051,55.3107],[-5.7996,55.2996],[-5.7632,55.2892],[-5.7315,55.2906],[-5.7206,55.2931],[-5.7105,55.2993],[-5.697,55.303],[-5.6863,55.3081],[-5.67,55.3075],[-5.653,55.3111],[-5.6409,55.309],[-5.6318,55.309],[-5.618,55.3066],[-5.5997,55.309],[-5.5849,55.3164],[-5.5632,55.3238],[-5.5602,55.3315],[-5.552,55.3346],[-5.5376,55.347],[-5.5346,55.3483],[-5.52,55.362],[-5.5165,55.3696],[-5.5267,55.3921],[-5.53,55.3968],[-5.5413,55.4027],[-5.5457,55.4071],[-5.5488,55.4157],[-5.5522,55.4184],[-5.5636,55.4184],[-5.5721,55.4139],[-5.5842,55.414],[-5.5986,55.4211],[-5.6037,55.4254],[-5.6,55.4283],[-5.579,55.4262],[-5.5696,55.4279],[-5.5583,55.4352],[-5.5552,55.442],[-5.5454,55.4534],[-5.5443,55.4683],[-5.533,55.4754],[-5.5226,55.48],[-5.5152,55.489],[-5.5139,55.4981],[-5.5095,55.5013],[-5.512,55.5054],[-5.5044,55.5161],[-5.5028,55.5255],[-5.4995,55.5291],[-5.491,55.5294],[-5.4898,55.5371],[-5.4946,55.545],[-5.4923,55.5503],[-5.4943,55.5538],[-5.4898,55.5649],[-5.4932,55.5709],[-5.4875,55.5734],[-5.487,55.579],[-5.4706,55.5817],[-5.468,55.5751],[-5.4585,55.5768],[-5.4606,55.5922],[-5.4702,55.596],[-5.4757,55.6048],[-5.4753,55.6138],[-5.4784,55.622],[-5.476,55.6264],[-5.4763,55.6335],[-5.4831,55.6429],[-5.4787,55.6468],[-5.4696,55.6505],[-5.4684,55.6573],[-5.4565,55.6789],[-5.4599,55.6831],[-5.4498,55.6865],[-5.4473,55.6914],[-5.4469,55.7037],[-5.4502,55.7063],[-5.4378,55.717],[-5.4348,55.7219],[-5.426,55.7264],[-5.424,55.7309],[-5.4122,55.7347],[-5.4078,55.742],[-5.3964,55.7483],[-5.3775,55.7545],[-5.3666,55.7564],[-5.346,55.7665],[-5.3345,55.7655],[-5.3292,55.7717],[-5.33,55.7805],[-5.3409,55.7876],[-5.3391,55.8029],[-5.3419,55.8082],[-5.3502,55.8116],[-5.3514,55.8165],[-5.3652,55.8193],[-5.3775,55.8181],[-5.3825,55.8157],[-5.3905,55.8258],[-5.3932,55.8379],[-5.4043,55.8375],[-5.403,55.8497],[-5.4238,55.8496],[-5.4273,55.8531]]],[[[-6.1254,55.9377],[-6.1342,55.937],[-6.1404,55.9338],[-6.1629,55.9332],[-6.1727,55.926],[-6.1897,55.9247],[-6.1969,55.927],[-6.2035,55.9224],[-6.2081,55.9152],[-6.2195,55.9124],[-6.2404,55.8984],[-6.257,55.892],[-6.269,55.8888],[-6.2694,55.8826],[-6.277,55.8791],[-6.2912,55.876],[-6.3156,55.8736],[-6.3065,55.8672],[-6.309,55.8576],[-6.3173,55.8535],[-6.3205,55.8495],[-6.3194,55.8438],[-6.328,55.835],[-6.3207,55.8246],[-6.3315,55.8238],[-6.3375,55.8254],[-6.3461,55.8344],[-6.3423,55.8458],[-6.3371,55.8539],[-6.3373,55.869],[-6.3263,55.879],[-6.3215,55.8865],[-6.3234,55.8897],[-6.3317,55.8915],[-6.3474,55.8845],[-6.3505,55.8803],[-6.3618,55.8761],[-6.3704,55.8751],[-6.3763,55.8694],[-6.3802,55.8695],[-6.3936,55.8576],[-6.4206,55.8551],[-6.4254,55.8606],[-6.434,55.8594],[-6.4351,55.8563],[-6.4434,55.8555],[-6.4551,55.8521],[-6.4566,55.8434],[-6.4555,55.8352],[-6.4602,55.8295],[-6.4564,55.823],[-6.4578,55.8103],[-6.4705,55.806],[-6.4721,55.8021],[-6.4818,55.7995],[-6.4863,55.7931],[-6.4841,55.7891],[-6.4731,55.7859],[-6.4615,55.7869],[-6.4569,55.7823],[-6.456,55.7729],[-6.4671,55.7636],[-6.4704,55.758],[-6.4694,55.7532],[-6.4733,55.749],[-6.4812,55.7472],[-6.4878,55.7407],[-6.4976,55.7356],[-6.4971,55.732],[-6.5035,55.7274],[-6.5022,55.7242],[-6.5068,55.7187],[-6.4942,55.7159],[-6.5004,55.7062],[-6.5066,55.7041],[-6.5167,55.6967],[-6.5251,55.6926],[-6.5144,55.6872],[-6.5135,55.6818],[-6.5093,55.6769],[-6.4874,55.6714],[-6.4765,55.676],[-6.4727,55.6817],[-6.4674,55.6814],[-6.4591,55.6857],[-6.4441,55.6909],[-6.4267,55.699],[-6.4146,55.7061],[-6.4123,55.7104],[-6.4044,55.715],[-6.3855,55.7303],[-6.3723,55.7446],[-6.3693,55.7561],[-6.3647,55.7592],[-6.3618,55.7654],[-6.3532,55.7742],[-6.3512,55.7809],[-6.3467,55.7843],[-6.3273,55.7869],[-6.3158,55.7859],[-6.3076,55.7829],[-6.2921,55.7843],[-6.282,55.7813],[-6.2759,55.7831],[-6.2614,55.7839],[-6.2509,55.7749],[-6.2522,55.7711],[-6.2614,55.7686],[-6.2616,55.7645],[-6.2926,55.7568],[-6.3045,55.7486],[-6.3146,55.7489],[-6.3164,55.7454],[-6.3315,55.742],[-6.3331,55.7328],[-6.3394,55.7302],[-6.3356,55.7239],[-6.3414,55.7181],[-6.331,55.7135],[-6.3229,55.7166],[-6.3104,55.7158],[-6.2912,55.7052],[-6.2759,55.691],[-6.2689,55.6806],[-6.2628,55.6682],[-6.2599,55.6585],[-6.274,55.6496],[-6.2829,55.6515],[-6.2952,55.6497],[-6.3086,55.6458],[-6.3219,55.6327],[-6.3228,55.6279],[-6.3286,55.6249],[-6.3312,55.618],[-6.3328,55.5971],[-6.3383,55.5918],[-6.3361,55.5895],[-6.3229,55.5883],[-6.3135,55.5888],[-6.3123,55.5822],[-6.3034,55.5842],[-6.297,55.5805],[-6.2872,55.5811],[-6.2668,55.5798],[-6.2591,55.5894],[-6.2413,55.5918],[-6.2351,55.5963],[-6.2362,55.6008],[-6.2311,55.6059],[-6.2262,55.6065],[-6.2172,55.6179],[-6.2134,55.6193],[-6.2203,55.6264],[-6.2181,55.6296],[-6.1997,55.6332],[-6.186,55.6293],[-6.183,55.6237],[-6.1728,55.628],[-6.1613,55.6304],[-6.1474,55.6265],[-6.1416,55.6271],[-6.1313,55.6336],[-6.1233,55.6333],[-6.1157,55.6354],[-6.1102,55.6393],[-6.1033,55.6403],[-6.0882,55.648],[-6.081,55.6409],[-6.0742,55.6426],[-6.071,55.6513],[-6.0783,55.6577],[-6.0569,55.6599],[-6.0581,55.6648],[-6.0495,55.6719],[-6.0284,55.6768],[-6.0201,55.6839],[-6.024,55.6876],[-6.0239,55.6946],[-6.0358,55.6939],[-6.0354,55.7012],[-6.0406,55.7079],[-6.0367,55.7154],[-6.0294,55.7231],[-6.0347,55.7304],[-6.0412,55.7306],[-6.0492,55.7358],[-6.0532,55.7427],[-6.0483,55.7518],[-6.0469,55.7636],[-6.0514,55.7655],[-6.0643,55.7758],[-6.083,55.7819],[-6.0862,55.7883],[-6.0912,55.79],[-6.0931,55.8001],[-6.0972,55.803],[-6.0987,55.8087],[-6.1033,55.8119],[-6.1056,55.8195],[-6.1023,55.8256],[-6.1052,55.8359],[-6.1015,55.8405],[-6.1095,55.8555],[-6.1091,55.8619],[-6.1163,55.8725],[-6.12,55.8824],[-6.1281,55.8844],[-6.1319,55.8894],[-6.128,55.8986],[-6.126,55.9086],[-6.1203,55.9212],[-6.1218,55.927],[-6.1207,55.9355],[-6.1254,55.9377]]],[[[-5.2616,55.7212],[-5.2805,55.7203],[-5.289,55.7175],[-5.295,55.7128],[-5.2846,55.7059],[-5.2913,55.7041],[-5.3059,55.7077],[-5.3168,55.7058],[-5.3248,55.6993],[-5.3269,55.6917],[-5.3305,55.6885],[-5.345,55.6857],[-5.3626,55.6795],[-5.371,55.6727],[-5.3724,55.6679],[-5.3785,55.6599],[-5.385,55.6377],[-5.393,55.63],[-5.3967,55.6187],[-5.3964,55.6132],[-5.3869,55.6048],[-5.3723,55.5861],[-5.3576,55.578],[-5.3478,55.5686],[-5.3478,55.5632],[-5.3431,55.5534],[-5.3427,55.5435],[-5.3492,55.5384],[-5.3545,55.5272],[-5.3507,55.5216],[-5.35,55.5142],[-5.3529,55.507],[-5.334,55.5016],[-5.3252,55.4954],[-5.3268,55.4915],[-5.3249,55.4814],[-5.3169,55.468],[-5.3093,55.463],[-5.3003,55.4603],[-5.2858,55.4523],[-5.2621,55.4465],[-5.2517,55.4395],[-5.2316,55.4378],[-5.2173,55.4354],[-5.1967,55.4337],[-5.1731,55.435],[-5.1593,55.4421],[-5.1491,55.4419],[-5.1344,55.4437],[-5.1163,55.4403],[-5.1052,55.4417],[-5.0961,55.4494],[-5.0852,55.4532],[-5.0802,55.4643],[-5.0835,55.4684],[-5.0877,55.4794],[-5.0944,55.487],[-5.0913,55.5],[-5.0827,55.5041],[-5.0792,55.5098],[-5.091,55.5113],[-5.1057,55.518],[-5.1253,55.5243],[-5.128,55.5326],[-5.1154,55.5415],[-5.0976,55.5456],[-5.0934,55.549],[-5.0822,55.5504],[-5.0831,55.553],[-5.0977,55.5613],[-5.1092,55.572],[-5.1174,55.5744],[-5.1337,55.5769],[-5.148,55.5778],[-5.1556,55.5826],[-5.1528,55.5916],[-5.1455,55.5939],[-5.132,55.6028],[-5.1288,55.6074],[-5.1299,55.617],[-5.1361,55.6279],[-5.1389,55.6443],[-5.1534,55.6621],[-5.1511,55.6652],[-5.1578,55.6723],[-5.1603,55.678],[-5.1674,55.6832],[-5.1909,55.6939],[-5.2011,55.7022],[-5.221,55.7096],[-5.2616,55.7212]]],[[[-5.7081,56.1493],[-5.7213,56.1484],[-5.7287,56.1418],[-5.7378,56.1417],[-5.7491,56.1356],[-5.7457,56.13],[-5.7552,56.1271],[-5.7546,56.1238],[-5.769,56.1212],[-5.7785,56.1173],[-5.7835,56.1098],[-5.7902,56.1086],[-5.7952,56.1135],[-5.8042,56.1096],[-5.8032,56.1039],[-5.8114,56.1032],[-5.8188,56.1],[-5.8231,56.0956],[-5.821,56.0899],[-5.8372,56.0892],[-5.8417,56.0845],[-5.8714,56.0751],[-5.8749,56.0721],[-5.8947,56.0659],[-5.9053,56.0599],[-5.9039,56.0569],[-5.9195,56.0481],[-5.9319,56.0441],[-5.9533,56.0355],[-5.9627,56.0255],[-5.9659,56.0199],[-5.9648,56.0151],[-5.976,56.012],[-5.9772,56.0076],[-5.9825,56.0058],[-5.9927,55.9976],[-6.0025,55.9856],[-5.9982,55.9824],[-6.0063,55.9741],[-5.9932,55.9754],[-5.9875,55.9715],[-5.9726,55.9705],[-5.9712,55.9664],[-5.9605,55.9683],[-5.9471,55.9634],[-5.9245,55.9623],[-5.9165,55.9735],[-5.905,55.9737],[-5.8935,55.9823],[-5.8834,55.9744],[-5.8745,55.9749],[-5.866,55.9778],[-5.8555,55.9901],[-5.853,55.9781],[-5.8788,55.9719],[-5.8924,55.965],[-5.9179,55.9559],[-5.9244,55.9597],[-5.9339,55.9584],[-5.9361,55.9559],[-5.9474,55.9542],[-5.9563,55.9563],[-5.9634,55.9531],[-5.9784,55.9493],[-5.9859,55.9519],[-5.9972,55.9502],[-6.0035,55.9521],[-6.011,55.9481],[-6.0199,55.9463],[-6.0267,55.9473],[-6.0332,55.9421],[-6.0431,55.9395],[-6.0553,55.9279],[-6.0639,55.9223],[-6.0654,55.9165],[-6.0788,55.9021],[-6.0854,55.9014],[-6.088,55.8955],[-6.0936,55.8906],[-6.0938,55.8828],[-6.0916,55.8784],[-6.0962,55.8719],[-6.0864,55.8631],[-6.0915,55.8469],[-6.0865,55.8399],[-6.088,55.8341],[-6.0826,55.8277],[-6.0784,55.818],[-6.0626,55.8052],[-6.0553,55.8028],[-6.0428,55.8019],[-6.0294,55.7952],[-6.0104,55.7981],[-5.992,55.7941],[-5.9839,55.7963],[-5.9702,55.7918],[-5.9653,55.7933],[-5.9572,55.8016],[-5.9584,55.8058],[-5.9511,55.8125],[-5.9528,55.8173],[-5.9401,55.8257],[-5.9506,55.8368],[-5.9444,55.8476],[-5.9452,55.8498],[-5.9364,55.8674],[-5.931,55.8699],[-5.915,55.8724],[-5.9017,55.8685],[-5.8948,55.8763],[-5.9,55.8811],[-5.8976,55.8894],[-5.8914,55.8922],[-5.8819,55.8913],[-5.8829,55.8823],[-5.8724,55.8901],[-5.8782,55.8937],[-5.8745,55.8998],[-5.8761,55.9048],[-5.8641,55.9182],[-5.8529,55.9278],[-5.8514,55.9333],[-5.8467,55.9383],[-5.8501,55.9427],[-5.8384,55.9546],[-5.8346,55.9681],[-5.8269,55.9688],[-5.8204,55.9728],[-5.8148,55.9791],[-5.8085,55.9894],[-5.8053,55.9978],[-5.7971,56.0047],[-5.7931,56.0128],[-5.7789,56.0158],[-5.769,56.0253],[-5.7686,56.0298],[-5.757,56.0412],[-5.7515,56.0501],[-5.7303,56.074],[-5.7249,56.0766],[-5.7124,56.0884],[-5.7084,56.0951],[-5.6991,56.1005],[-5.6952,56.1078],[-5.6889,56.11],[-5.6879,56.1145],[-5.6937,56.1211],[-5.6885,56.1245],[-5.6921,56.1364],[-5.6969,56.1435],[-5.7081,56.1493]]],[[[-6.1334,56.1211],[-6.1496,56.1332],[-6.1604,56.1242],[-6.1651,56.1247],[-6.1787,56.1194],[-6.1767,56.1062],[-6.1861,56.1023],[-6.192,56.1055],[-6.2056,56.1076],[-6.2135,56.1056],[-6.2114,56.1009],[-6.2254,56.0971],[-6.2457,56.0857],[-6.2518,56.0747],[-6.2466,56.0626],[-6.2606,56.0584],[-6.2551,56.0492],[-6.2685,56.0449],[-6.2687,56.0407],[-6.2756,56.0388],[-6.2746,56.0351],[-6.247,56.0454],[-6.2429,56.0413],[-6.2512,56.0374],[-6.2402,56.0322],[-6.2213,56.0407],[-6.2181,56.0364],[-6.2193,56.0302],[-6.2149,56.0292],[-6.2049,56.0318],[-6.1917,56.0388],[-6.1847,56.0439],[-6.1881,56.0478],[-6.1825,56.0519],[-6.1892,56.0556],[-6.1912,56.0636],[-6.1836,56.0651],[-6.1864,56.0701],[-6.179,56.0742],[-6.1681,56.0775],[-6.1644,56.0837],[-6.1639,56.0904],[-6.1519,56.1],[-6.1493,56.1063],[-6.1449,56.1079],[-6.1418,56.1146],[-6.1334,56.1211]]],[[[-5.6839,56.1971],[-5.693,56.1977],[-5.7169,56.193],[-5.7275,56.1901],[-5.732,56.1867],[-5.7327,56.1812],[-5.7374,56.1773],[-5.7472,56.1765],[-5.7503,56.1692],[-5.7465,56.1619],[-5.7368,56.1597],[-5.7246,56.1594],[-5.6956,56.1615],[-5.6829,56.1698],[-5.6801,56.1671],[-5.6705,56.1708],[-5.6714,56.175],[-5.679,56.1834],[-5.6772,56.1926],[-5.6839,56.1971]]],[[[-5.639,56.2703],[-5.6485,56.2639],[-5.656,56.2531],[-5.6514,56.247],[-5.6552,56.2385],[-5.6587,56.2373],[-5.6612,56.2262],[-5.6656,56.2189],[-5.6569,56.217],[-5.6599,56.2135],[-5.6504,56.2087],[-5.6514,56.2045],[-5.6491,56.196],[-5.6437,56.1912],[-5.6341,56.1886],[-5.6296,56.1939],[-5.6289,56.1992],[-5.636,56.2056],[-5.6304,56.2145],[-5.6312,56.2207],[-5.6275,56.2243],[-5.6179,56.243],[-5.6197,56.2489],[-5.6336,56.2556],[-5.6311,56.2655],[-5.639,56.2703]]],[[[-5.7217,55.728],[-5.7266,55.7282],[-5.7324,55.7232],[-5.7398,55.7251],[-5.7434,55.72],[-5.7353,55.7192],[-5.7403,55.7067],[-5.7467,55.7086],[-5.7469,55.7013],[-5.7543,55.6924],[-5.7603,55.6909],[-5.7667,55.6813],[-5.7744,55.6758],[-5.771,55.6679],[-5.7597,55.6679],[-5.7668,55.6587],[-5.7688,55.6531],[-5.7628,55.6525],[-5.7617,55.6456],[-5.7549,55.6483],[-5.7516,55.6537],[-5.7401,55.6597],[-5.7344,55.6594],[-5.729,55.667],[-5.7361,55.6715],[-5.7363,55.6771],[-5.7177,55.6851],[-5.7228,55.686],[-5.7321,55.6827],[-5.7319,55.6925],[-5.7275,55.6979],[-5.726,55.7041],[-5.7329,55.7063],[-5.7307,55.7108],[-5.717,55.7167],[-5.7117,55.7237],[-5.721,55.7249],[-5.7217,55.728]]],[[[-5.5831,56.3197],[-5.5875,56.323],[-5.6057,56.3136],[-5.6128,56.3189],[-5.6222,56.3189],[-5.6384,56.3128],[-5.653,56.2965],[-5.6346,56.2913],[-5.6364,56.2869],[-5.6354,56.273],[-5.6298,56.2677],[-5.6236,56.2652],[-5.6157,56.271],[-5.61,56.2792],[-5.5995,56.2804],[-5.6034,56.2872],[-5.6005,56.2904],[-5.6102,56.293],[-5.6065,56.2983],[-5.5904,56.3021],[-5.5916,56.3048],[-5.5831,56.3197]]],[[[-6.2242,56.0283],[-6.233,56.0257],[-6.2394,56.0267],[-6.2682,56.0246],[-6.2728,56.0208],[-6.2606,56.0195],[-6.2523,56.0113],[-6.2558,56.0095],[-6.254,56.0006],[-6.2471,56.0049],[-6.2365,56.008],[-6.2315,56.0188],[-6.2207,56.0196],[-6.2139,56.0219],[-6.2123,56.0273],[-6.2242,56.0283]]],[[[-5.6079,56.2262],[-5.6141,56.2233],[-5.6187,56.209],[-5.6123,56.206],[-5.6128,56.1986],[-5.6061,56.1984],[-5.5899,56.2046],[-5.5919,56.2128],[-5.5919,56.2223],[-5.5961,56.2266],[-5.6051,56.229],[-5.6079,56.2262]]],[[[-5.0616,55.514],[-5.0601,55.5181],[-5.0748,55.5349],[-5.0794,55.5372],[-5.0881,55.5361],[-5.0862,55.5254],[-5.077,55.5223],[-5.0701,55.5124],[-5.0616,55.514]]],[[[-5.6931,56.2212],[-5.7017,56.2205],[-5.7123,56.2171],[-5.7156,56.2121],[-5.713,56.209],[-5.7015,56.2082],[-5.6966,56.2022],[-5.6862,56.2045],[-5.6935,56.2097],[-5.6931,56.2212]]],[[[-5.5851,55.286],[-5.5942,55.2835],[-5.5973,55.2791],[-5.5891,55.2761],[-5.5698,55.2787],[-5.5657,55.2827],[-5.5736,55.2849],[-5.5797,55.2833],[-5.5851,55.286]]],[[[-5.7505,56.2489],[-5.7536,56.2499],[-5.7707,56.2465],[-5.7781,56.241],[-5.7717,56.2375],[-5.7515,56.2443],[-5.7505,56.2489]]],[[[-5.6098,56.2658],[-5.6182,56.2616],[-5.6218,56.2557],[-5.6192,56.2501],[-5.612,56.2517],[-5.6073,56.2592],[-5.6098,56.2658]]],[[[-5.7476,55.6388],[-5.7533,55.6364],[-5.7586,55.629],[-5.7488,55.6284],[-5.7454,55.6354],[-5.7476,55.6388]]],[[[-5.541,55.4215],[-5.5365,55.4252],[-5.5415,55.4288],[-5.5537,55.4251],[-5.5451,55.421],[-5.541,55.4215]]],[[[-6.1345,55.6212],[-6.1497,55.6182],[-6.1505,55.6134],[-6.1434,55.6132],[-6.1345,55.6212]]],[[[-5.8033,56.2216],[-5.8031,56.2277],[-5.8142,56.221],[-5.8033,56.2216]]],[[[-5.7105,56.2335],[-5.7248,56.2328],[-5.725,56.2269],[-5.7164,56.2284],[-5.7105,56.2335]]],[[[-6.3289,55.9027],[-6.3425,55.8999],[-6.3371,55.8961],[-6.3289,55.9027]]]]},"properties":{"HA_NUM":104,"HA_NAME":"Kintyre Group"}},
{"type":"Feature","geometry":{"type":"MultiPolygon","coordinates":[[[[-6.3405,57.4912],[-6.3397,57.4851],[-6.3475,57.4827],[-6.3483,57.4951],[-6.3699,57.5048],[-6.3753,57.5032],[-6.3848,57.5219],[-6.3999,57.5285],[-6.4066,57.5228],[-6.3992,57.5094],[-6.408,57.5062],[-6.4179,57.5057],[-6.4202,57.4996],[-6.4305,57.4931],[-6.4349,57.4923],[-6.4367,57.4867],[-6.4335,57.482],[-6.4312,57.4721],[-6.4389,57.4752],[-6.4398,57.4807],[-6.4503,57.4817],[-6.4483,57.4868],[-6.44,57.4941],[-6.4249,57.5144],[-6.4288,57.5195],[-6.4377,57.5162],[-6.4395,57.513],[-6.4521,57.5059],[-6.4607,57.5037],[-6.4676,57.508],[-6.4727,57.5139],[-6.4859,57.5233],[-6.4947,57.5248],[-6.4991,57.5313],[-6.5044,57.5344],[-6.5267,57.5405],[-6.541,57.5479],[-6.5485,57.544],[-6.5591,57.5479],[-6.5657,57.5485],[-6.57,57.5659],[-6.5687,57.5716],[-6.574,57.5793],[-6.5798,57.5822],[-6.582,57.5878],[-6.5892,57.5941],[-6.5996,57.596],[-6.6157,57.606],[-6.6231,57.6056],[-6.6351,57.608],[-6.6382,57.6007],[-6.6324,57.5926],[-6.6338,57.5816],[-6.6379,57.5776],[-6.6414,57.5668],[-6.6404,57.5608],[-6.6461,57.5553],[-6.6551,57.554],[-6.6512,57.5493],[-6.6441,57.5527],[-6.6277,57.5457],[-6.614,57.5383],[-6.6044,57.5364],[-6.5855,57.5221],[-6.5842,57.5171],[-6.5727,57.5153],[-6.569,57.5114],[-6.5614,57.509],[-6.5607,57.5054],[-6.5667,57.5018],[-6.5628,57.4956],[-6.5737,57.4941],[-6.5942,57.5082],[-6.5989,57.5099],[-6.6099,57.5075],[-6.6187,57.5016],[-6.6372,57.504],[-6.6381,57.5019],[-6.6324,57.4921],[-6.6291,57.4903],[-6.6231,57.4735],[-6.6131,57.4672],[-6.6152,57.4608],[-6.6029,57.4587],[-6.59,57.4477],[-6.5899,57.4404],[-6.5764,57.4333],[-6.5842,57.4227],[-6.59,57.4256],[-6.5883,57.4292],[-6.5905,57.4371],[-6.5984,57.4449],[-6.6087,57.4471],[-6.6134,57.4426],[-6.6113,57.4393],[-6.6163,57.436],[-6.6251,57.4353],[-6.6322,57.4409],[-6.6381,57.4421],[-6.6505,57.4523],[-6.657,57.4603],[-6.6679,57.4612],[-6.6659,57.4698],[-6.6771,57.4745],[-6.6768,57.4791],[-6.6858,57.4837],[-6.6865,57.4891],[-6.6924,57.4893],[-6.7033,57.4997],[-6.7056,57.5062],[-6.7165,57.5137],[-6.7321,57.5093],[-6.7483,57.4999],[-6.7495,57.4837],[-6.7457,57.4687],[-6.742,57.4638],[-6.7273,57.4571],[-6.7208,57.4497],[-6.7374,57.4525],[-6.747,57.4556],[-6.7647,57.459],[-6.7785,57.4584],[-6.7849,57.4521],[-6.7789,57.4484],[-6.7783,57.4423],[-6.7857,57.4405],[-6.7878,57.4327],[-6.7834,57.4285],[-6.7887,57.4238],[-6.7844,57.4217],[-6.7772,57.4277],[-6.7673,57.4289],[-6.759,57.4223],[-6.751,57.422],[-6.7436,57.418],[-6.738,57.4121],[-6.735,57.4035],[-6.7295,57.3965],[-6.7348,57.3878],[-6.7197,57.3719],[-6.7105,57.3697],[-6.7014,57.3719],[-6.6986,57.3683],[-6.6866,57.3645],[-6.6758,57.3574],[-6.6542,57.3577],[-6.6499,57.3541],[-6.6385,57.3535],[-6.6305,57.35],[-6.6199,57.3492],[-6.6093,57.3423],[-6.6043,57.3419],[-6.594,57.337],[-6.5839,57.3372],[-6.5822,57.3332],[-6.5718,57.3326],[-6.5642,57.3398],[-6.5673,57.3455],[-6.5647,57.356],[-6.5686,57.3597],[-6.5622,57.362],[-6.5663,57.3692],[-6.5668,57.3755],[-6.5705,57.3781],[-6.5657,57.391],[-6.557,57.3892],[-6.5462,57.3917],[-6.5389,57.4029],[-6.527,57.4039],[-6.5169,57.3939],[-6.5174,57.3906],[-6.5259,57.3834],[-6.5176,57.3816],[-6.5257,57.3746],[-6.5136,57.3759],[-6.5062,57.3843],[-6.5021,57.3844],[-6.4947,57.393],[-6.4942,57.4018],[-6.4825,57.3958],[-6.4878,57.3891],[-6.4858,57.3807],[-6.4716,57.3769],[-6.4814,57.3699],[-6.4814,57.3663],[-6.4627,57.3607],[-6.4563,57.3603],[-6.4574,57.3496],[-6.4603,57.3425],[-6.4489,57.3458],[-6.4244,57.35],[-6.4147,57.3491],[-6.4013,57.3605],[-6.3979,57.3582],[-6.4065,57.3532],[-6.408,57.3461],[-6.3982,57.3385],[-6.3917,57.3395],[-6.3745,57.3296],[-6.3596,57.3224],[-6.3596,57.3199],[-6.3452,57.3073],[-6.3365,57.3036],[-6.3121,57.3013],[-6.3169,57.2965],[-6.3396,57.298],[-6.357,57.3036],[-6.3714,57.3184],[-6.3862,57.3264],[-6.4067,57.3315],[-6.4122,57.3357],[-6.4301,57.3352],[-6.4305,57.3293],[-6.4272,57.3229],[-6.4325,57.3225],[-6.4375,57.3267],[-6.4486,57.3205],[-6.4562,57.3223],[-6.4636,57.3163],[-6.4834,57.3108],[-6.4805,57.3036],[-6.4819,57.2916],[-6.4746,57.2885],[-6.4585,57.286],[-6.4621,57.2809],[-6.4491,57.2607],[-6.4371,57.2559],[-6.4274,57.2498],[-6.4263,57.2416],[-6.418,57.2369],[-6.4115,57.2363],[-6.405,57.2322],[-6.3957,57.2316],[-6.3845,57.2357],[-6.3633,57.2347],[-6.3549,57.2375],[-6.3515,57.2496],[-6.3432,57.2528],[-6.3464,57.2436],[-6.3466,57.2345],[-6.354,57.2276],[-6.3662,57.2283],[-6.3813,57.2271],[-6.3876,57.2177],[-6.3805,57.2077],[-6.369,57.1987],[-6.3534,57.1882],[-6.3436,57.185],[-6.3289,57.1871],[-6.3147,57.1924],[-6.2965,57.2006],[-6.2938,57.2037],[-6.2845,57.2012],[-6.2835,57.1906],[-6.3019,57.174],[-6.3152,57.1706],[-6.3148,57.1645],[-6.3223,57.1601],[-6.297,57.163],[-6.2661,57.168],[-6.2534,57.1707],[-6.2427,57.1706],[-6.2096,57.1775],[-6.1882,57.1737],[-6.171,57.1749],[-6.1648,57.1827],[-6.1669,57.1866],[-6.1653,57.1926],[-6.1692,57.1952],[-6.1637,57.1991],[-6.1587,57.1944],[-6.1502,57.1957],[-6.1455,57.1878],[-6.1389,57.1881],[-6.1302,57.1845],[-6.1224,57.1914],[-6.1113,57.1896],[-6.1096,57.1863],[-6.1109,57.1777],[-6.1022,57.1702],[-6.1085,57.1556],[-6.1071,57.1459],[-6.1128,57.1371],[-6.1075,57.1344],[-6.1004,57.1362],[-6.0971,57.1321],[-6.0868,57.1266],[-6.0755,57.1328],[-6.0746,57.1372],[-6.0653,57.1444],[-6.0652,57.1512],[-6.0566,57.1567],[-6.0556,57.161],[-6.0489,57.1685],[-6.0488,57.1796],[-6.0367,57.1787],[-6.0296,57.1835],[-6.0254,57.195],[-6.0277,57.2085],[-6.0379,57.2161],[-6.0406,57.2222],[-6.0391,57.227],[-6.0301,57.2245],[-6.0242,57.2183],[-6.0206,57.2062],[-6.0087,57.2048],[-6.0039,57.1968],[-5.9932,57.1858],[-5.9956,57.1716],[-5.9925,57.1688],[-5.9818,57.1675],[-5.9356,57.1761],[-5.9225,57.1716],[-5.914,57.1705],[-5.9044,57.1723],[-5.8931,57.1793],[-5.8859,57.1769],[-5.8761,57.1766],[-5.862,57.1825],[-5.858,57.1811],[-5.8437,57.189],[-5.8438,57.1831],[-5.8555,57.1793],[-5.8555,57.1771],[-5.8666,57.1714],[-5.8848,57.1674],[-5.9006,57.1653],[-5.9149,57.1657],[-5.9205,57.1603],[-5.9321,57.1583],[-5.9344,57.1539],[-5.9409,57.1518],[-5.9423,57.1471],[-5.9692,57.1408],[-5.976,57.1303],[-5.9813,57.1318],[-5.9959,57.1261],[-6.0052,57.115],[-5.994,57.1148],[-5.988,57.1048],[-5.9962,57.1047],[-6.0083,57.0902],[-6.008,57.0726],[-6.014,57.07],[-6.0235,57.0712],[-6.0327,57.0623],[-6.0317,57.059],[-6.0382,57.055],[-6.0344,57.0469],[-6.0255,57.0372],[-6.0195,57.0284],[-6.0234,57.0254],[-6.0177,57.0205],[-6.0065,57.0246],[-6.0031,57.0202],[-5.9864,57.0275],[-5.9721,57.0319],[-5.9609,57.0275],[-5.9548,57.0355],[-5.9503,57.0355],[-5.9305,57.0435],[-5.9232,57.0436],[-5.9157,57.0528],[-5.9065,57.0566],[-5.8971,57.0685],[-5.8867,57.076],[-5.8871,57.0819],[-5.8704,57.0869],[-5.8696,57.0908],[-5.8638,57.0938],[-5.8606,57.1018],[-5.8558,57.1032],[-5.8554,57.1091],[-5.8506,57.1119],[-5.837,57.1082],[-5.8244,57.1092],[-5.8136,57.1179],[-5.8048,57.121],[-5.8031,57.1278],[-5.8054,57.1318],[-5.8038,57.1373],[-5.7887,57.1377],[-5.7902,57.1414],[-5.8029,57.1492],[-5.798,57.1525],[-5.7973,57.1605],[-5.8037,57.1691],[-5.8065,57.1764],[-5.8022,57.1769],[-5.787,57.168],[-5.7791,57.1672],[-5.766,57.1699],[-5.7512,57.1744],[-5.75,57.1769],[-5.7373,57.1785],[-5.7179,57.1838],[-5.7081,57.1893],[-5.6968,57.1936],[-5.6697,57.2085],[-5.6691,57.2163],[-5.6627,57.2251],[-5.6676,57.2322],[-5.6667,57.2366],[-5.6499,57.2503],[-5.6475,57.2553],[-5.6566,57.2592],[-5.6615,57.2641],[-5.6711,57.2649],[-5.7129,57.2627],[-5.7161,57.2613],[-5.7293,57.264],[-5.7158,57.2676],[-5.7186,57.2729],[-5.7296,57.2729],[-5.7435,57.2749],[-5.7626,57.2712],[-5.7766,57.2709],[-5.7957,57.2636],[-5.8113,57.2561],[-5.8204,57.2579],[-5.8246,57.2552],[-5.8464,57.2484],[-5.8519,57.254],[-5.8746,57.2448],[-5.8808,57.2387],[-5.8917,57.2386],[-5.9022,57.2417],[-5.91,57.2418],[-5.906,57.2523],[-5.9221,57.2626],[-5.9283,57.2642],[-5.9398,57.2594],[-5.9467,57.2627],[-5.9754,57.2698],[-5.9946,57.2706],[-6.0057,57.2797],[-6.0108,57.2811],[-6.0209,57.2877],[-6.036,57.2829],[-6.0431,57.2768],[-6.0486,57.278],[-6.0597,57.274],[-6.0706,57.267],[-6.0808,57.2729],[-6.0787,57.2765],[-6.0542,57.2866],[-6.0424,57.2926],[-6.0429,57.2961],[-6.0511,57.2979],[-6.048,57.3094],[-6.0564,57.3135],[-6.0695,57.3146],[-6.0847,57.311],[-6.1056,57.3149],[-6.1205,57.313],[-6.1334,57.3075],[-6.1402,57.3061],[-6.1479,57.2999],[-6.1645,57.2959],[-6.1681,57.2981],[-6.1578,57.3016],[-6.1329,57.316],[-6.101,57.3215],[-6.1005,57.3249],[-6.1084,57.329],[-6.1073,57.3353],[-6.1172,57.3419],[-6.127,57.3546],[-6.1371,57.361],[-6.1461,57.3709],[-6.1346,57.3733],[-6.1243,57.3878],[-6.1252,57.3948],[-6.1411,57.406],[-6.1573,57.4065],[-6.1682,57.4028],[-6.1832,57.4006],[-6.2006,57.3921],[-6.2012,57.3972],[-6.1967,57.4036],[-6.2005,57.4089],[-6.1866,57.4156],[-6.176,57.4122],[-6.1675,57.4189],[-6.1537,57.4225],[-6.1465,57.4285],[-6.1463,57.4326],[-6.1411,57.4477],[-6.136,57.4722],[-6.1404,57.4832],[-6.1432,57.4961],[-6.1482,57.4997],[-6.1433,57.506],[-6.1401,57.5257],[-6.1427,57.5342],[-6.1386,57.5441],[-6.1442,57.5557],[-6.1429,57.562],[-6.1478,57.5664],[-6.1463,57.5743],[-6.1394,57.5825],[-6.1427,57.5863],[-6.1496,57.5862],[-6.1549,57.5922],[-6.1561,57.5972],[-6.1667,57.6033],[-6.1748,57.6156],[-6.1755,57.6197],[-6.1894,57.6314],[-6.1969,57.6319],[-6.2053,57.6372],[-6.2151,57.6341],[-6.2264,57.6344],[-6.2339,57.6364],[-6.2371,57.6462],[-6.2363,57.6507],[-6.2395,57.6563],[-6.2465,57.6616],[-6.249,57.6694],[-6.2531,57.6748],[-6.2657,57.6814],[-6.2755,57.6823],[-6.2804,57.6877],[-6.2976,57.6939],[-6.2914,57.6997],[-6.2964,57.7072],[-6.3079,57.7071],[-6.3209,57.7031],[-6.3222,57.7004],[-6.3385,57.7002],[-6.3418,57.7034],[-6.3549,57.707],[-6.3471,57.7021],[-6.3541,57.6959],[-6.3484,57.695],[-6.3424,57.6875],[-6.3454,57.6801],[-6.3531,57.674],[-6.3546,57.6703],[-6.3748,57.6618],[-6.3837,57.6596],[-6.4055,57.6611],[-6.4106,57.6596],[-6.4042,57.6513],[-6.4109,57.6482],[-6.4206,57.6482],[-6.427,57.6419],[-6.4241,57.6377],[-6.4124,57.6304],[-6.3937,57.6127],[-6.397,57.6072],[-6.394,57.6004],[-6.3984,57.5966],[-6.3914,57.5908],[-6.394,57.5847],[-6.3757,57.586],[-6.3679,57.5907],[-6.3615,57.5863],[-6.3688,57.577],[-6.3807,57.5647],[-6.3839,57.5633],[-6.3937,57.5697],[-6.3983,57.5625],[-6.3956,57.5544],[-6.3883,57.5486],[-6.3875,57.542],[-6.3731,57.5351],[-6.3746,57.5284],[-6.3692,57.5256],[-6.369,57.5191],[-6.3531,57.508],[-6.3429,57.5044],[-6.3329,57.4982],[-6.3237,57.4906],[-6.3089,57.4855],[-6.3118,57.4816],[-6.3207,57.4869],[-6.3255,57.4857],[-6.3256,57.4798],[-6.3182,57.4731],[-6.3211,57.465],[-6.3127,57.4572],[-6.3247,57.4576],[-6.3286,57.4641],[-6.327,57.4736],[-6.334,57.4805],[-6.3352,57.49],[-6.3405,57.4912]]],[[[-6.2061,56.2891],[-6.2036,56.2916],[-6.1852,56.2893],[-6.1806,56.286],[-6.1677,56.2903],[-6.1564,56.2852],[-6.1447,56.2849],[-6.1374,56.2872],[-6.1362,56.2908],[-6.1272,56.2965],[-6.1131,56.2963],[-6.0872,56.2979],[-6.0773,56.3021],[-6.0674,56.296],[-6.0571,56.2928],[-6.0463,56.2926],[-6.0186,56.3032],[-6.0048,56.3114],[-5.9971,56.3139],[-5.984,56.3229],[-5.97,56.3195],[-5.948,56.319],[-5.9339,56.3219],[-5.9266,56.3268],[-5.9192,56.3348],[-5.903,56.3465],[-5.8924,56.3496],[-5.8892,56.3537],[-5.8802,56.353],[-5.874,56.3557],[-5.8604,56.3547],[-5.8484,56.3515],[-5.8465,56.3449],[-5.8586,56.341],[-5.8663,56.3306],[-5.8759,56.3252],[-5.889,56.3218],[-5.8799,56.3164],[-5.8685,56.314],[-5.8513,56.3129],[-5.8438,56.3108],[-5.8323,56.3112],[-5.831,56.3153],[-5.8238,56.3177],[-5.8109,56.3189],[-5.7949,56.3258],[-5.7878,56.327],[-5.7573,56.339],[-5.748,56.3409],[-5.7414,56.3459],[-5.7322,56.3494],[-5.7281,56.3534],[-5.7174,56.3562],[-5.7062,56.3609],[-5.6951,56.3722],[-5.6899,56.3793],[-5.695,56.3836],[-5.7091,56.3838],[-5.7285,56.3823],[-5.7362,56.38],[-5.7558,56.3702],[-5.767,56.3691],[-5.7764,56.3662],[-5.7841,56.3695],[-5.7659,56.3767],[-5.7579,56.3821],[-5.7546,56.391],[-5.733,56.3955],[-5.731,56.4003],[-5.7353,56.4065],[-5.7456,56.4087],[-5.743,56.4128],[-5.7298,56.4115],[-5.7224,56.4147],[-5.7096,56.4122],[-5.7171,56.4043],[-5.7153,56.4001],[-5.7192,56.3952],[-5.7089,56.387],[-5.6954,56.388],[-5.6789,56.3846],[-5.6677,56.3897],[-5.6643,56.3961],[-5.6672,56.3993],[-5.6566,56.409],[-5.6527,56.4158],[-5.6762,56.4203],[-5.6748,56.4274],[-5.6781,56.4346],[-5.6871,56.4361],[-5.6799,56.4407],[-5.676,56.4361],[-5.6643,56.4323],[-5.6651,56.4267],[-5.6523,56.427],[-5.6465,56.4406],[-5.6458,56.4475],[-5.6524,56.4564],[-5.6594,56.4551],[-5.6613,56.4481],[-5.6755,56.4527],[-5.684,56.4519],[-5.6782,56.4591],[-5.6972,56.4704],[-5.7006,56.4685],[-5.713,56.4748],[-5.7096,56.4779],[-5.7164,56.4838],[-5.7273,56.4852],[-5.729,56.4828],[-5.7416,56.4821],[-5.7508,56.4859],[-5.7674,56.4898],[-5.7751,56.4959],[-5.7748,56.4999],[-5.7925,56.5094],[-5.7997,56.5154],[-5.8144,56.5144],[-5.8256,56.5162],[-5.8244,56.5064],[-5.8381,56.5095],[-5.8402,56.513],[-5.8494,56.5193],[-5.8641,56.5215],[-5.8755,56.5203],[-5.9003,56.5215],[-5.9209,56.5163],[-5.9361,56.5236],[-5.9484,56.5207],[-5.9511,56.5184],[-5.9638,56.53],[-5.9636,56.5352],[-5.9676,56.5445],[-5.973,56.5497],[-5.9733,56.5574],[-5.9835,56.5613],[-5.988,56.5654],[-5.9884,56.5787],[-5.9956,56.5797],[-6.0127,56.5882],[-6.0183,56.5981],[-6.0322,56.61],[-6.0477,56.6154],[-6.053,56.6123],[-6.0687,56.6203],[-6.0582,56.6282],[-6.0603,56.6347],[-6.0683,56.6382],[-6.0862,56.6386],[-6.0959,56.6417],[-6.1138,56.6442],[-6.1175,56.6473],[-6.1171,56.6526],[-6.1274,56.656],[-6.1296,56.6516],[-6.1351,56.6501],[-6.1476,56.6527],[-6.1525,56.6492],[-6.1649,56.6451],[-6.1663,56.6416],[-6.1838,56.6414],[-6.1952,56.6423],[-6.2029,56.6349],[-6.2023,56.6296],[-6.2168,56.6336],[-6.2264,56.6312],[-6.2287,56.6215],[-6.2212,56.6024],[-6.2102,56.595],[-6.1999,56.5921],[-6.1905,56.5877],[-6.1942,56.5844],[-6.2038,56.5877],[-6.2129,56.5959],[-6.2252,56.6006],[-6.2394,56.6093],[-6.2459,56.6084],[-6.2529,56.6119],[-6.2628,56.6135],[-6.2624,56.6088],[-6.2668,56.6045],[-6.2769,56.6034],[-6.2824,56.6067],[-6.2942,56.6069],[-6.302,56.6031],[-6.3162,56.6021],[-6.3245,56.6049],[-6.3133,56.5766],[-6.306,56.5761],[-6.2986,56.5791],[-6.2872,56.581],[-6.2806,56.5763],[-6.2883,56.5751],[-6.2941,56.5688],[-6.3079,56.5586],[-6.32,56.5562],[-6.3333,56.5552],[-6.3374,56.5486],[-6.3392,56.537],[-6.3358,56.5346],[-6.3128,56.531],[-6.3103,56.5286],[-6.2962,56.529],[-6.2871,56.5234],[-6.2647,56.5232],[-6.2626,56.5253],[-6.2439,56.5267],[-6.2282,56.5294],[-6.2211,56.523],[-6.2073,56.521],[-6.1981,56.5151],[-6.1924,56.5148],[-6.1874,56.5099],[-6.1751,56.5113],[-6.1752,56.5066],[-6.1489,56.5],[-6.143,56.4926],[-6.1434,56.4883],[-6.1507,56.4842],[-6.1465,56.4798],[-6.1386,56.48],[-6.1322,56.476],[-6.1256,56.4754],[-6.1206,56.4719],[-6.1013,56.4792],[-6.0837,56.4789],[-6.0645,56.4829],[-6.0548,56.487],[-6.0429,56.4871],[-6.025,56.4928],[-6.0135,56.4997],[-6.0067,56.5],[-5.9962,56.4877],[-5.9964,56.4829],[-6.0023,56.4778],[-6.0084,56.4777],[-6.0184,56.4677],[-6.0275,56.4667],[-6.0394,56.4631],[-6.0548,56.4515],[-6.0719,56.4481],[-6.0848,56.4483],[-6.0989,56.4509],[-6.1186,56.4515],[-6.1294,56.4483],[-6.1329,56.4398],[-6.1403,56.4383],[-6.1382,56.4308],[-6.1452,56.4242],[-6.1525,56.4124],[-6.1688,56.4035],[-6.1824,56.3999],[-6.2052,56.3853],[-6.2091,56.3801],[-6.2097,56.3737],[-6.2039,56.3651],[-6.195,56.3587],[-6.1767,56.3574],[-6.1447,56.3673],[-6.1347,56.3659],[-6.1225,56.3675],[-6.1177,56.3656],[-6.1013,56.3673],[-6.0927,56.3714],[-6.0822,56.3723],[-6.0749,56.3781],[-6.0721,56.3835],[-6.0557,56.3795],[-6.035,56.3915],[-6.0227,56.3944],[-6.0115,56.3914],[-6.0046,56.3937],[-5.994,56.3873],[-5.9886,56.3905],[-5.9797,56.3858],[-5.9971,56.383],[-6.01,56.3884],[-6.0168,56.3864],[-6.0112,56.381],[-6.0036,56.3779],[-6.0189,56.365],[-6.0414,56.3624],[-6.044,56.3601],[-6.0858,56.3524],[-6.0909,56.3463],[-6.1031,56.3429],[-6.1088,56.3443],[-6.1272,56.3446],[-6.1292,56.3419],[-6.1417,56.3376],[-6.1596,56.337],[-6.1742,56.341],[-6.1788,56.3409],[-6.1904,56.3322],[-6.2061,56.3351],[-6.214,56.333],[-6.2263,56.342],[-6.2352,56.3439],[-6.2514,56.3421],[-6.2519,56.3367],[-6.2436,56.3302],[-6.2376,56.3303],[-6.2442,56.3193],[-6.2619,56.3199],[-6.2675,56.318],[-6.2794,56.3244],[-6.2681,56.3261],[-6.2741,56.3342],[-6.2737,56.3379],[-6.2854,56.3402],[-6.2935,56.3439],[-6.3126,56.3446],[-6.3189,56.3436],[-6.3341,56.3476],[-6.3401,56.3461],[-6.3498,56.3475],[-6.3529,56.3431],[-6.3643,56.3381],[-6.3712,56.3226],[-6.3735,56.3102],[-6.3683,56.311],[-6.3641,56.3032],[-6.3512,56.3029],[-6.3536,56.2968],[-6.3501,56.2832],[-6.3385,56.2818],[-6.3328,56.2853],[-6.3279,56.2812],[-6.3308,56.2788],[-6.3298,56.2725],[-6.3207,56.2698],[-6.3146,56.2702],[-6.3063,56.2673],[-6.3007,56.2731],[-6.2847,56.2702],[-6.2701,56.2739],[-6.2729,56.265],[-6.2656,56.2654],[-6.2575,56.2718],[-6.254,56.2804],[-6.2486,56.2876],[-6.2419,56.2885],[-6.2326,56.2845],[-6.2194,56.2862],[-6.2163,56.2903],[-6.2061,56.2891]]],[[[-6.33,57.0601],[-6.3376,57.0596],[-6.3478,57.052],[-6.371,57.053],[-6.3762,57.0497],[-6.3972,57.0425],[-6.4034,57.0384],[-6.407,57.0311],[-6.4264,57.0242],[-6.4361,57.0192],[-6.4373,57.0151],[-6.446,57.0095],[-6.457,57.0103],[-6.4597,57.0077],[-6.4526,57.0022],[-6.4405,56.9986],[-6.4364,56.9951],[-6.4286,56.9947],[-6.4194,56.9888],[-6.3927,56.9747],[-6.376,56.9729],[-6.3687,56.959],[-6.37,56.9525],[-6.3429,56.9473],[-6.328,56.9362],[-6.3222,56.9352],[-6.3091,56.9363],[-6.2971,56.9397],[-6.2898,56.9448],[-6.2861,56.9522],[-6.2699,56.9554],[-6.2602,56.9614],[-6.2599,56.9655],[-6.2501,56.9712],[-6.2504,56.9831],[-6.2487,56.9937],[-6.2437,56.9957],[-6.2384,57.0032],[-6.2427,57.0083],[-6.2793,57.0117],[-6.2796,57.0154],[-6.2595,57.017],[-6.2477,57.0201],[-6.2515,57.0276],[-6.2596,57.0366],[-6.273,57.0407],[-6.2793,57.0396],[-6.2919,57.0437],[-6.2937,57.0486],[-6.3006,57.0476],[-6.3075,57.0504],[-6.3109,57.0549],[-6.3178,57.0544],[-6.3272,57.0569],[-6.33,57.0601]]],[[[-6.7532,56.5554],[-6.7582,56.5548],[-6.7594,56.548],[-6.7642,56.5445],[-6.7711,56.5441],[-6.7802,56.5365],[-6.7872,56.5372],[-6.796,56.535],[-6.8076,56.5423],[-6.8168,56.543],[-6.8323,56.5399],[-6.835,56.537],[-6.8468,56.5319],[-6.8595,56.5311],[-6.8589,56.5269],[-6.864,56.5221],[-6.8792,56.5181],[-6.8876,56.5201],[-6.8896,56.525],[-6.9002,56.5237],[-6.9045,56.528],[-6.9273,56.5263],[-6.9376,56.5297],[-6.9507,56.5291],[-6.9555,56.521],[-6.9663,56.5214],[-6.9717,56.5172],[-6.9778,56.5166],[-6.9791,56.511],[-6.9862,56.5032],[-6.9782,56.496],[-6.9753,56.4895],[-6.9788,56.4837],[-6.9779,56.4734],[-6.9714,56.4665],[-6.9816,56.4596],[-6.9801,56.4531],[-6.9734,56.4524],[-6.968,56.4578],[-6.9541,56.4592],[-6.9436,56.4569],[-6.9341,56.444],[-6.9102,56.4415],[-6.8894,56.4474],[-6.8943,56.4498],[-6.8909,56.4595],[-6.8976,56.4722],[-6.8836,56.4808],[-6.8756,56.489],[-6.8655,56.4912],[-6.8501,56.4924],[-6.8487,56.4899],[-6.8261,56.4911],[-6.8171,56.4891],[-6.809,56.4923],[-6.8079,56.4979],[-6.7962,56.5058],[-6.7984,56.5082],[-6.812,56.5116],[-6.8125,56.5177],[-6.8025,56.524],[-6.7796,56.5276],[-6.7733,56.5269],[-6.7648,56.5229],[-6.757,56.5276],[-6.7325,56.5249],[-6.7238,56.5297],[-6.7252,56.5371],[-6.7297,56.5424],[-6.7433,56.5439],[-6.7528,56.5523],[-6.7532,56.5554]]],[[[-6.6439,56.5724],[-6.6373,56.5739],[-6.631,56.5782],[-6.6291,56.59],[-6.6191,56.5882],[-6.6196,56.5819],[-6.6116,56.5795],[-6.6042,56.5829],[-6.6029,56.5876],[-6.589,56.5857],[-6.5827,56.5893],[-6.5671,56.5865],[-6.5659,56.5945],[-6.5526,56.5952],[-6.5466,56.6019],[-6.5312,56.6104],[-6.5251,56.6115],[-6.5238,56.6219],[-6.5184,56.6233],[-6.5095,56.6172],[-6.5055,56.6168],[-6.4983,56.6223],[-6.4983,56.6264],[-6.4878,56.6346],[-6.4675,56.6547],[-6.4649,56.6615],[-6.4574,56.668],[-6.4515,56.6818],[-6.4541,56.688],[-6.4633,56.6889],[-6.4689,56.6916],[-6.4815,56.6874],[-6.4885,56.6891],[-6.5055,56.6814],[-6.5142,56.6795],[-6.5189,56.6762],[-6.5315,56.6763],[-6.5381,56.6685],[-6.5449,56.6666],[-6.548,56.6602],[-6.5545,56.661],[-6.5657,56.6584],[-6.5698,56.6503],[-6.5818,56.6506],[-6.5829,56.6458],[-6.5945,56.6451],[-6.6022,56.6391],[-6.6119,56.6376],[-6.6174,56.6308],[-6.614,56.6254],[-6.6231,56.6192],[-6.6291,56.6201],[-6.6392,56.6146],[-6.6461,56.601],[-6.6587,56.6003],[-6.6552,56.5945],[-6.6586,56.5923],[-6.6701,56.5906],[-6.6834,56.5936],[-6.685,56.5898],[-6.6961,56.582],[-6.7027,56.5827],[-6.7101,56.5794],[-6.7099,56.5752],[-6.7016,56.5745],[-6.6965,56.5648],[-6.6887,56.5634],[-6.6799,56.5717],[-6.6795,56.5804],[-6.6661,56.5839],[-6.6562,56.5842],[-6.6472,56.5826],[-6.6439,56.5724]]],[[[-5.9919,57.5056],[-5.9943,57.4982],[-5.9983,57.4953],[-5.9956,57.4915],[-6.0117,57.4892],[-6.0198,57.4797],[-6.019,57.4727],[-6.0292,57.4697],[-6.0169,57.4671],[-6.0115,57.4636],[-6.0187,57.4565],[-6.0263,57.455],[-6.0328,57.4594],[-6.0418,57.4577],[-6.055,57.4617],[-6.0631,57.455],[-6.0642,57.4498],[-6.0705,57.4475],[-6.0761,57.4391],[-6.0847,57.4213],[-6.0849,57.4169],[-6.0794,57.405],[-6.0828,57.4019],[-6.0764,57.3926],[-6.0774,57.3849],[-6.0743,57.3789],[-6.0773,57.3732],[-6.0835,57.3684],[-6.0808,57.3593],[-6.0852,57.3515],[-6.0771,57.3507],[-6.0692,57.3465],[-6.0709,57.3404],[-6.065,57.3322],[-6.0502,57.3285],[-6.0391,57.33],[-6.0314,57.3329],[-6.0213,57.3334],[-6.013,57.3428],[-5.9949,57.3547],[-5.9921,57.3617],[-5.993,57.3686],[-6.0002,57.3697],[-6.0108,57.3786],[-6.0191,57.3914],[-6.0182,57.3989],[-6.0204,57.4124],[-6.0243,57.4209],[-6.0321,57.4294],[-6.0302,57.4363],[-6.0258,57.4422],[-6.0145,57.4449],[-6.0091,57.4504],[-5.9988,57.4556],[-5.9897,57.4691],[-5.9891,57.4733],[-5.983,57.4799],[-5.9843,57.4839],[-5.979,57.4931],[-5.9837,57.4993],[-5.9919,57.5056]]],[[[-6.1327,56.9428],[-6.1514,56.9417],[-6.1629,56.9351],[-6.1572,56.9323],[-6.1609,56.9253],[-6.1555,56.9188],[-6.1586,56.915],[-6.1676,56.9137],[-6.1782,56.9161],[-6.1918,56.914],[-6.2061,56.9075],[-6.2088,56.9034],[-6.2064,56.8868],[-6.1974,56.8845],[-6.1914,56.8797],[-6.1803,56.8778],[-6.1763,56.875],[-6.1641,56.8721],[-6.1449,56.8732],[-6.1407,56.8715],[-6.1301,56.8768],[-6.1345,56.8796],[-6.1206,56.8857],[-6.1171,56.8887],[-6.1185,56.8964],[-6.1116,56.9246],[-6.1195,56.936],[-6.1327,56.9428]]],[[[-5.9962,57.3246],[-6.0164,57.3204],[-6.0228,57.3043],[-6.0044,57.2888],[-5.9968,57.2865],[-5.9858,57.2763],[-5.9798,57.2739],[-5.9718,57.2749],[-5.9549,57.2736],[-5.9446,57.2748],[-5.9338,57.2821],[-5.9259,57.2844],[-5.9271,57.2906],[-5.9219,57.2937],[-5.9197,57.3006],[-5.9258,57.3086],[-5.9404,57.3148],[-5.9624,57.3208],[-5.9733,57.3205],[-5.9792,57.3237],[-5.9962,57.3246]]],[[[-6.2298,56.5002],[-6.2303,56.4951],[-6.2368,56.4941],[-6.245,56.4976],[-6.2545,56.4942],[-6.2657,56.4949],[-6.2734,56.4905],[-6.2801,56.4974],[-6.2924,56.4976],[-6.2983,56.4929],[-6.3083,56.4892],[-6.3063,56.4822],[-6.2946,56.4802],[-6.2865,56.4823],[-6.2769,56.4746],[-6.2687,56.4778],[-6.2598,56.4742],[-6.2466,56.4724],[-6.2481,56.4696],[-6.2417,56.4655],[-6.2254,56.4709],[-6.215,56.4716],[-6.2086,56.4683],[-6.2092,56.4623],[-6.1943,56.4637],[-6.1868,56.4664],[-6.1729,56.4637],[-6.1595,56.4633],[-6.154,56.4695],[-6.1431,56.4705],[-6.1429,56.4753],[-6.1536,56.476],[-6.1527,56.4804],[-6.1619,56.4795],[-6.1697,56.4874],[-6.1803,56.4848],[-6.1892,56.4851],[-6.1989,56.4933],[-6.204,56.4924],[-6.2098,56.496],[-6.2217,56.5002],[-6.2298,56.5002]]],[[[-6.5078,57.0714],[-6.5223,57.0694],[-6.5291,57.0671],[-6.5354,57.0695],[-6.5486,57.0676],[-6.5578,57.064],[-6.5922,57.0595],[-6.6035,57.0571],[-6.6095,57.0529],[-6.6073,57.0468],[-6.5956,57.0419],[-6.5808,57.0447],[-6.5679,57.0458],[-6.5525,57.0565],[-6.544,57.0578],[-6.536,57.0553],[-6.5097,57.0546],[-6.4966,57.059],[-6.492,57.0572],[-6.4856,57.0643],[-6.487,57.0675],[-6.4982,57.0681],[-6.5078,57.0714]]],[[[-6.2041,57.1657],[-6.2148,57.1651],[-6.2164,57.1588],[-6.2268,57.1581],[-6.2398,57.1553],[-6.2451,57.152],[-6.256,57.1498],[-6.2563,57.1475],[-6.2487,57.1375],[-6.2378,57.1319],[-6.2267,57.129],[-6.218,57.1301],[-6.2032,57.1368],[-6.2039,57.1399],[-6.2126,57.1471],[-6.2075,57.1515],[-6.202,57.1483],[-6.1896,57.1487],[-6.1825,57.1526],[-6.1803,57.1567],[-6.1838,57.1629],[-6.2041,57.1657]]],[[[-5.9698,57.5837],[-5.9721,57.5805],[-5.9632,57.5777],[-5.9637,57.5734],[-5.9825,57.5748],[-5.9877,57.5676],[-5.984,57.565],[-5.9862,57.556],[-5.9811,57.5512],[-5.9818,57.544],[-5.9911,57.5431],[-5.9992,57.5453],[-6.0008,57.5391],[-5.994,57.5357],[-5.9884,57.5396],[-5.9818,57.5381],[-5.998,57.531],[-5.9977,57.5274],[-5.9907,57.5229],[-5.9928,57.5198],[-5.9781,57.5145],[-5.9714,57.52],[-5.9687,57.5268],[-5.9704,57.5322],[-5.9638,57.5428],[-5.9666,57.547],[-5.9613,57.5528],[-5.9533,57.5685],[-5.9566,57.5703],[-5.9563,57.578],[-5.9698,57.5837]]],[[[-6.3849,56.35],[-6.3916,56.3482],[-6.4083,56.3465],[-6.4161,56.3415],[-6.4264,56.3391],[-6.4312,56.3335],[-6.4219,56.3271],[-6.4248,56.3217],[-6.445,56.3139],[-6.431,56.3082],[-6.4223,56.3068],[-6.4102,56.313],[-6.4001,56.3213],[-6.3919,56.3315],[-6.3857,56.3365],[-6.3849,56.35]]],[[[-6.2682,56.8378],[-6.2772,56.8356],[-6.2726,56.8297],[-6.2578,56.8266],[-6.2534,56.8329],[-6.247,56.8328],[-6.2398,56.8259],[-6.226,56.8274],[-6.2152,56.8373],[-6.2246,56.8452],[-6.2498,56.8432],[-6.2517,56.8403],[-6.2687,56.8405],[-6.2682,56.8378]]],[[[-6.3729,56.3009],[-6.378,56.2938],[-6.386,56.2883],[-6.3744,56.2878],[-6.3636,56.2847],[-6.3587,56.2878],[-6.3552,56.299],[-6.3729,56.3009]]],[[[-5.8395,57.351],[-5.843,57.3468],[-5.8406,57.3361],[-5.8369,57.333],[-5.823,57.3345],[-5.8189,57.3377],[-5.8212,57.3424],[-5.8286,57.3452],[-5.8343,57.3506],[-5.8395,57.351]]],[[[-6.4936,57.0538],[-6.5021,57.0512],[-6.5085,57.0544],[-6.5144,57.0515],[-6.5127,57.0457],[-6.5014,57.0466],[-6.4948,57.0452],[-6.4871,57.0486],[-6.4833,57.0444],[-6.472,57.0452],[-6.4694,57.0497],[-6.4843,57.0504],[-6.4936,57.0538]]],[[[-6.4905,57.3447],[-6.4964,57.345],[-6.5121,57.3375],[-6.515,57.3337],[-6.4932,57.33],[-6.485,57.3411],[-6.4905,57.3447]]],[[[-6.0235,57.4948],[-6.034,57.49],[-6.0312,57.4801],[-6.0229,57.4784],[-6.0185,57.4839],[-6.0181,57.4913],[-6.0235,57.4948]]],[[[-5.8566,57.2822],[-5.8711,57.276],[-5.8683,57.2712],[-5.8578,57.2687],[-5.8479,57.2741],[-5.8566,57.2822]]],[[[-6.0892,56.47],[-6.0963,56.4678],[-6.1003,56.4635],[-6.0902,56.4616],[-6.0807,56.4627],[-6.0766,56.4655],[-6.0827,56.4698],[-6.0892,56.47]]],[[[-6.2584,56.4533],[-6.2669,56.4517],[-6.2599,56.4462],[-6.2506,56.4496],[-6.2584,56.4533]]],[[[-6.0372,56.6212],[-6.0445,56.6172],[-6.0386,56.6137],[-6.0322,56.6151],[-6.0372,56.6212]]],[[[-6.6477,57.5253],[-6.6538,57.5191],[-6.6475,57.5114],[-6.6434,57.5126],[-6.6477,57.5253]]],[[[-6.0035,57.5163],[-6.0056,57.5098],[-5.9941,57.5098],[-6.0035,57.5163]]],[[[-5.8482,57.3498],[-5.8513,57.3448],[-5.8452,57.3364],[-5.8416,57.3366],[-5.844,57.3463],[-5.8482,57.3498]]],[[[-5.8924,57.3138],[-5.8949,57.3072],[-5.8836,57.3098],[-5.8924,57.3138]]],[[[-6.1515,56.4446],[-6.1532,56.4473],[-6.1662,56.4427],[-6.1616,56.4397],[-6.1515,56.4446]]],[[[-6.2944,57.7271],[-6.2988,57.7295],[-6.3058,57.7257],[-6.2981,57.7228],[-6.2944,57.7271]]],[[[-6.5265,57.3665],[-6.5319,57.3592],[-6.5221,57.3595],[-6.5219,57.364],[-6.5265,57.3665]]]]},"properties":{"HA_NUM":105,"HA_NAME":"Inner Hebrides"}},
{"type":"Feature","geometry":{"type":"MultiPolygon","coordinates":[[[[-6.6281,58.3483],[-6.6441,58.3472],[-6.6463,58.3525],[-6.6685,58.3499],[-6.6693,58.3436],[-6.6779,58.3383],[-6.6882,58.3378],[-6.6862,58.3328],[-6.6943,58.3313],[-6.6967,58.3372],[-6.703,58.3371],[-6.7121,58.3322],[-6.7138,58.3288],[-6.7243,58.3267],[-6.7283,58.3214],[-6.737,58.3155],[-6.7518,58.3142],[-6.754,58.3067],[-6.7588,58.3054],[-6.7724,58.3098],[-6.7839,58.3083],[-6.7887,58.3039],[-6.7955,58.307],[-6.8017,58.3034],[-6.7953,58.2973],[-6.8031,58.2953],[-6.8075,58.291],[-6.8279,58.2844],[-6.8208,58.2789],[-6.8102,58.2782],[-6.8045,58.2799],[-6.7935,58.2781],[-6.8176,58.2698],[-6.8062,58.2588],[-6.8101,58.254],[-6.7985,58.2477],[-6.7934,58.2402],[-6.7831,58.2361],[-6.7741,58.2368],[-6.7568,58.2163],[-6.7496,58.2169],[-6.7412,58.2091],[-6.7575,58.2088],[-6.7587,58.1983],[-6.7389,58.1965],[-6.7291,58.1923],[-6.7131,58.1834],[-6.7251,58.1832],[-6.7202,58.1772],[-6.718,58.1696],[-6.7288,58.1738],[-6.733,58.1709],[-6.7483,58.1914],[-6.7655,58.1899],[-6.7814,58.194],[-6.7887,58.1939],[-6.792,58.1981],[-6.8335,58.2033],[-6.842,58.1963],[-6.8491,58.2],[-6.852,58.1949],[-6.861,58.1894],[-6.8611,58.1808],[-6.8785,58.1868],[-6.8774,58.1791],[-6.8704,58.1748],[-6.8747,58.1703],[-6.8821,58.1725],[-6.8861,58.1673],[-6.8809,58.1631],[-6.8841,58.1567],[-6.8818,58.1483],[-6.8731,58.1404],[-6.8692,58.1339],[-6.8678,58.1261],[-6.8776,58.1271],[-6.8769,58.1303],[-6.8813,58.1406],[-6.8894,58.1504],[-6.8903,58.1577],[-6.8865,58.1704],[-6.8877,58.177],[-6.8968,58.1882],[-6.9094,58.1854],[-6.9216,58.1888],[-6.9316,58.1892],[-6.9468,58.1974],[-6.9447,58.2037],[-6.9339,58.2026],[-6.9117,58.2033],[-6.9124,58.2096],[-6.9084,58.2131],[-6.9138,58.216],[-6.9276,58.2156],[-6.9389,58.2182],[-6.9415,58.2228],[-6.9486,58.2237],[-6.9535,58.2329],[-6.9596,58.2353],[-6.9686,58.2317],[-6.9651,58.221],[-6.9756,58.2196],[-6.9841,58.2252],[-6.9927,58.2282],[-7.0003,58.2342],[-7.0169,58.2349],[-7.0261,58.232],[-7.0237,58.2435],[-7.0333,58.242],[-7.0409,58.2325],[-7.048,58.2325],[-7.0478,58.2276],[-7.0549,58.2206],[-7.0504,58.2189],[-7.0554,58.2101],[-7.0637,58.2004],[-7.0651,58.1956],[-7.0452,58.1925],[-7.0423,58.1883],[-7.0331,58.1925],[-7.0335,58.199],[-7.0191,58.1862],[-7.0268,58.1865],[-7.0372,58.1838],[-7.0433,58.1765],[-7.0505,58.1846],[-7.0593,58.1804],[-7.0651,58.1835],[-7.0808,58.1834],[-7.0846,58.1893],[-7.1001,58.1864],[-7.108,58.178],[-7.104,58.1768],[-7.1005,58.1704],[-7.0893,58.1642],[-7.1013,58.1558],[-7.0988,58.153],[-7.1075,58.1491],[-7.1088,58.1438],[-7.1172,58.1379],[-7.1295,58.1378],[-7.1344,58.1287],[-7.1236,58.1142],[-7.1199,58.1162],[-7.11,58.1091],[-7.1123,58.0998],[-7.1053,58.0981],[-7.1015,58.0891],[-7.104,58.0844],[-7.1012,58.0804],[-7.1003,58.0702],[-7.0808,58.0685],[-7.0786,58.0645],[-7.0683,58.06],[-7.0616,58.0624],[-7.0643,58.0665],[-7.0469,58.0724],[-7.0364,58.0748],[-7.022,58.0707],[-7.0343,58.0664],[-7.0547,58.0625],[-7.0591,58.0549],[-7.0528,58.0532],[-7.0354,58.0562],[-7.0273,58.0563],[-7.0211,58.0538],[-7.0301,58.0505],[-7.0463,58.0512],[-7.052,58.0473],[-7.0603,58.0468],[-7.0608,58.0408],[-7.0538,58.0411],[-7.0497,58.0353],[-7.0398,58.0339],[-7.027,58.036],[-7.0155,58.0408],[-7.0049,58.0415],[-6.9806,58.0477],[-6.9586,58.0496],[-6.9389,58.0491],[-6.9628,58.0437],[-6.9655,58.0404],[-6.979,58.0424],[-6.9893,58.0419],[-7.0098,58.0345],[-7.0293,58.0315],[-7.0352,58.0276],[-7.045,58.0251],[-7.0527,58.0156],[-7.0515,58.0096],[-7.0589,58.0085],[-7.071,58.0178],[-7.0804,58.0193],[-7.0921,58.0113],[-7.0896,58.0057],[-7.0928,57.9998],[-7.1021,57.9989],[-7.1105,57.9953],[-7.1148,57.9895],[-7.1084,57.9861],[-7.0917,57.9953],[-7.0816,57.9867],[-7.0796,57.9803],[-7.0834,57.9741],[-7.0808,57.969],[-7.0688,57.9654],[-7.0596,57.9694],[-7.0561,57.9617],[-7.0429,57.9601],[-7.0381,57.9556],[-7.0173,57.9532],[-7.0128,57.9561],[-7.0045,57.954],[-6.9958,57.9546],[-6.9956,57.9591],[-7.0057,57.963],[-6.9993,57.9654],[-6.9887,57.9579],[-6.9823,57.9552],[-6.9705,57.9536],[-6.9698,57.9501],[-6.9579,57.9521],[-6.9553,57.9487],[-6.9437,57.9506],[-6.9326,57.9447],[-6.9257,57.9452],[-6.9187,57.9404],[-6.9022,57.9502],[-6.9026,57.9454],[-6.9149,57.9407],[-6.9111,57.9357],[-6.8925,57.9339],[-6.8816,57.9345],[-6.8766,57.9303],[-6.8692,57.9333],[-6.8605,57.9295],[-6.8478,57.9305],[-6.8405,57.9279],[-6.8499,57.9247],[-6.8602,57.9261],[-6.8642,57.9237],[-6.8542,57.915],[-6.8418,57.9095],[-6.8158,57.9022],[-6.8284,57.9019],[-6.847,57.9052],[-6.8518,57.8995],[-6.8666,57.9028],[-6.8767,57.9012],[-6.8815,57.9065],[-6.9006,57.9075],[-6.9026,57.9091],[-6.9184,57.9108],[-6.9403,57.9025],[-6.9497,57.904],[-6.95,57.8948],[-6.9607,57.8908],[-6.9592,57.8863],[-6.9464,57.8832],[-6.9174,57.8726],[-6.9078,57.8715],[-6.9211,57.8665],[-6.9351,57.8711],[-6.9412,57.8676],[-6.9515,57.8715],[-6.9743,57.8649],[-6.9827,57.8649],[-6.9848,57.8692],[-6.9925,57.8685],[-6.9926,57.8603],[-7.0001,57.8583],[-7.0052,57.8457],[-7.0144,57.8444],[-7.0146,57.8406],[-7.0237,57.8347],[-7.04,57.8338],[-7.0437,57.8293],[-7.0543,57.8248],[-7.073,57.8226],[-7.0696,57.8118],[-7.0811,57.8146],[-7.0785,57.8215],[-7.0798,57.8287],[-7.084,57.8331],[-7.1054,57.8412],[-7.1163,57.8385],[-7.1218,57.8391],[-7.1333,57.8363],[-7.1245,57.8308],[-7.1264,57.8249],[-7.1173,57.815],[-7.0943,57.8079],[-7.0839,57.8069],[-7.0826,57.8019],[-7.0752,57.8],[-7.0762,57.7957],[-7.0538,57.7779],[-7.0492,57.7784],[-7.0304,57.7681],[-7.0252,57.7671],[-6.9869,57.7423],[-6.9821,57.7371],[-6.9762,57.7357],[-6.9755,57.7295],[-6.9654,57.7298],[-6.9722,57.736],[-6.9529,57.7394],[-6.9457,57.7389],[-6.9397,57.7452],[-6.9378,57.7508],[-6.9412,57.7527],[-6.9364,57.7585],[-6.9097,57.7608],[-6.9051,57.7663],[-6.907,57.7768],[-6.9003,57.7783],[-6.8837,57.7728],[-6.8729,57.7765],[-6.8843,57.7897],[-6.8802,57.792],[-6.8791,57.7978],[-6.868,57.794],[-6.86,57.795],[-6.8571,57.8006],[-6.8623,57.8046],[-6.8629,57.8127],[-6.8542,57.8139],[-6.8502,57.8082],[-6.8409,57.81],[-6.84,57.8186],[-6.8477,57.8238],[-6.8423,57.8293],[-6.8305,57.8169],[-6.8227,57.8126],[-6.8034,57.8143],[-6.7978,57.8066],[-6.7886,57.8052],[-6.7864,57.815],[-6.7958,57.8203],[-6.7894,57.8233],[-6.7996,57.8314],[-6.7932,57.8329],[-6.7868,57.8289],[-6.7743,57.8274],[-6.7622,57.8216],[-6.7451,57.8229],[-6.7368,57.827],[-6.7387,57.834],[-6.745,57.839],[-6.7528,57.8406],[-6.7597,57.8496],[-6.7685,57.8532],[-6.7636,57.8577],[-6.77,57.8616],[-6.7732,57.8668],[-6.7811,57.8701],[-6.7895,57.8701],[-6.804,57.8672],[-6.8138,57.8812],[-6.8039,57.8848],[-6.7972,57.8812],[-6.7931,57.8862],[-6.7955,57.8943],[-6.7733,57.8989],[-6.7661,57.8937],[-6.7612,57.8948],[-6.7549,57.8897],[-6.7461,57.8867],[-6.7339,57.8875],[-6.7252,57.884],[-6.7178,57.8859],[-6.7135,57.8832],[-6.7048,57.8839],[-6.691,57.8817],[-6.6702,57.88],[-6.6643,57.8859],[-6.6729,57.8944],[-6.6704,57.8999],[-6.6838,57.906],[-6.6944,57.909],[-6.7002,57.9152],[-6.6989,57.9185],[-6.6845,57.9164],[-6.6766,57.9185],[-6.6761,57.9239],[-6.6804,57.9259],[-6.6831,57.9323],[-6.6901,57.9349],[-6.6944,57.9411],[-6.7006,57.9443],[-6.7072,57.954],[-6.7178,57.9511],[-6.7281,57.9504],[-6.7275,57.9582],[-6.7214,57.9617],[-6.7313,57.9814],[-6.7398,57.9918],[-6.744,57.9936],[-6.7555,57.9925],[-6.7514,57.9985],[-6.753,58.0047],[-6.7241,58.0136],[-6.7064,58.0249],[-6.7027,58.0308],[-6.6921,58.0367],[-6.6786,58.0413],[-6.6703,58.0468],[-6.6732,58.0581],[-6.636,58.0577],[-6.6175,58.0548],[-6.6119,58.0503],[-6.6219,58.047],[-6.6328,58.0548],[-6.6591,58.0551],[-6.6655,58.0526],[-6.6647,58.0428],[-6.6727,58.0366],[-6.6809,58.0376],[-6.6882,58.0343],[-6.6916,58.0277],[-6.6956,58.0263],[-6.7043,58.0183],[-6.7098,58.0167],[-6.7139,58.0058],[-6.707,57.9991],[-6.7047,57.9939],[-6.7125,57.9861],[-6.7081,57.969],[-6.6927,57.9593],[-6.6908,57.9542],[-6.6779,57.9424],[-6.6743,57.9352],[-6.6564,57.9202],[-6.651,57.9177],[-6.6399,57.9219],[-6.6322,57.9221],[-6.6236,57.9169],[-6.6137,57.9152],[-6.6125,57.9259],[-6.6264,57.934],[-6.6228,57.9359],[-6.6321,57.9485],[-6.6394,57.9532],[-6.6456,57.9611],[-6.6422,57.9624],[-6.6305,57.9539],[-6.6194,57.9483],[-6.6043,57.9358],[-6.602,57.9302],[-6.594,57.9256],[-6.5874,57.916],[-6.5699,57.9147],[-6.575,57.9199],[-6.569,57.9229],[-6.5615,57.917],[-6.5533,57.9158],[-6.5403,57.9167],[-6.5373,57.9231],[-6.5404,57.9315],[-6.5499,57.9398],[-6.5468,57.9468],[-6.5507,57.9545],[-6.5463,57.9556],[-6.5406,57.9422],[-6.5298,57.9387],[-6.5275,57.9342],[-6.5193,57.9269],[-6.5125,57.9289],[-6.5037,57.9366],[-6.5026,57.9401],[-6.492,57.938],[-6.4717,57.9376],[-6.4671,57.9443],[-6.4684,57.9495],[-6.4666,57.962],[-6.461,57.9606],[-6.4492,57.9658],[-6.4548,57.9708],[-6.4485,57.9786],[-6.4578,57.9854],[-6.4544,57.9867],[-6.4552,57.9933],[-6.4757,58.0014],[-6.5024,58.0013],[-6.518,57.9984],[-6.5253,58.0002],[-6.5452,58.0007],[-6.5509,58.0037],[-6.5489,58.0073],[-6.5385,58.0049],[-6.5203,58.0106],[-6.5113,58.0077],[-6.4984,58.0066],[-6.4907,58.0092],[-6.4777,58.0108],[-6.4707,58.0095],[-6.4657,58.0124],[-6.4687,58.0175],[-6.4579,58.0161],[-6.4493,58.0059],[-6.4439,58.0107],[-6.4301,58.0117],[-6.4245,58.0096],[-6.4075,58.0089],[-6.404,58.0037],[-6.3937,57.9998],[-6.3885,58.0084],[-6.3832,58.0093],[-6.381,58.0142],[-6.3658,58.0182],[-6.3655,58.0251],[-6.3588,58.0305],[-6.3586,58.0395],[-6.3751,58.042],[-6.3915,58.0409],[-6.4026,58.0414],[-6.4118,58.0456],[-6.4204,58.0452],[-6.4244,58.0483],[-6.3995,58.0466],[-6.3774,58.0476],[-6.3726,58.0494],[-6.3731,58.0546],[-6.3672,58.0571],[-6.3703,58.066],[-6.3806,58.0683],[-6.3692,58.0754],[-6.3781,58.0781],[-6.381,58.0852],[-6.3972,58.0847],[-6.3939,58.0913],[-6.3884,58.0946],[-6.3997,58.1068],[-6.4085,58.1104],[-6.4281,58.1046],[-6.4362,58.0996],[-6.4283,58.0975],[-6.4285,58.0928],[-6.4524,58.0944],[-6.4632,58.0965],[-6.4723,58.0963],[-6.4748,58.0927],[-6.4865,58.0943],[-6.501,58.0926],[-6.5096,58.0941],[-6.5194,58.0885],[-6.529,58.0885],[-6.54,58.0864],[-6.5464,58.0882],[-6.5642,58.0879],[-6.5705,58.0852],[-6.5772,58.0884],[-6.6019,58.0869],[-6.6194,58.084],[-6.622,58.0805],[-6.6341,58.082],[-6.6313,58.0853],[-6.6239,58.0854],[-6.5798,58.0909],[-6.5556,58.0932],[-6.5443,58.0924],[-6.5328,58.0945],[-6.5207,58.1003],[-6.5107,58.0982],[-6.5093,58.1031],[-6.4993,58.1001],[-6.4889,58.0993],[-6.4714,58.1046],[-6.4641,58.1038],[-6.456,58.1063],[-6.4551,58.1108],[-6.4428,58.1182],[-6.4281,58.1207],[-6.4296,58.1265],[-6.4493,58.131],[-6.4519,58.1295],[-6.4652,58.1317],[-6.4698,58.1357],[-6.4768,58.1354],[-6.489,58.1392],[-6.4878,58.1412],[-6.4659,58.139],[-6.4597,58.1351],[-6.4452,58.1318],[-6.4345,58.1327],[-6.4294,58.1302],[-6.418,58.1291],[-6.4126,58.1317],[-6.397,58.1338],[-6.3889,58.129],[-6.3837,58.1287],[-6.3697,58.1318],[-6.3669,58.1399],[-6.369,58.1428],[-6.385,58.146],[-6.3699,58.1502],[-6.3676,58.1529],[-6.3685,58.1604],[-6.3743,58.1644],[-6.3741,58.1682],[-6.381,58.1742],[-6.3826,58.1797],[-6.3796,58.1858],[-6.3866,58.191],[-6.3943,58.2058],[-6.3866,58.207],[-6.376,58.2044],[-6.3607,58.204],[-6.3617,58.1999],[-6.3551,58.1961],[-6.3564,58.1907],[-6.3459,58.1914],[-6.3307,58.196],[-6.3217,58.2009],[-6.3092,58.205],[-6.2949,58.2058],[-6.2858,58.2046],[-6.2846,58.1994],[-6.2768,58.1984],[-6.2735,58.1895],[-6.2582,58.1871],[-6.2553,58.1802],[-6.2292,58.1819],[-6.2166,58.1862],[-6.2114,58.1949],[-6.2059,58.1995],[-6.1712,58.207],[-6.1664,58.21],[-6.1647,58.2191],[-6.1537,58.2215],[-6.1649,58.2269],[-6.1626,58.2312],[-6.156,58.2336],[-6.1485,58.2419],[-6.1538,58.2465],[-6.1484,58.2514],[-6.1434,58.2501],[-6.1365,58.2556],[-6.1375,58.2612],[-6.1512,58.2597],[-6.158,58.2639],[-6.1663,58.2618],[-6.1673,58.2549],[-6.203,58.2475],[-6.2096,58.2382],[-6.2185,58.2354],[-6.2188,58.2315],[-6.2356,58.2225],[-6.2496,58.2224],[-6.2569,58.2192],[-6.2672,58.2113],[-6.2757,58.2115],[-6.2844,58.2069],[-6.2936,58.2074],[-6.3053,58.2108],[-6.3106,58.2155],[-6.3173,58.2163],[-6.3298,58.2232],[-6.3472,58.2224],[-6.3518,58.2207],[-6.3715,58.2224],[-6.3781,58.2253],[-6.3619,58.2269],[-6.3574,58.2377],[-6.3441,58.2348],[-6.3429,58.2383],[-6.333,58.2384],[-6.3165,58.247],[-6.3249,58.251],[-6.328,58.2599],[-6.3241,58.2664],[-6.3163,58.2703],[-6.305,58.2667],[-6.2818,58.2693],[-6.2833,58.2788],[-6.2803,58.2842],[-6.2811,58.291],[-6.2765,58.294],[-6.2677,58.292],[-6.2573,58.2943],[-6.2422,58.2956],[-6.2377,58.3],[-6.2379,58.3044],[-6.246,58.3058],[-6.2313,58.3175],[-6.2209,58.3208],[-6.2088,58.3267],[-6.1956,58.3399],[-6.1633,58.3422],[-6.1691,58.3472],[-6.1751,58.3456],[-6.1903,58.3498],[-6.2112,58.3625],[-6.218,58.3682],[-6.2096,58.374],[-6.2073,58.3844],[-6.2004,58.3898],[-6.2009,58.3944],[-6.1938,58.3972],[-6.1888,58.4091],[-6.1696,58.4174],[-6.1687,58.4287],[-6.1849,58.4417],[-6.1931,58.4436],[-6.1905,58.4512],[-6.1952,58.4574],[-6.181,58.4667],[-6.1908,58.4707],[-6.2074,58.4832],[-6.2195,58.4851],[-6.2276,58.4918],[-6.2217,58.5002],[-6.2374,58.5034],[-6.2471,58.5079],[-6.2514,58.5134],[-6.2621,58.5163],[-6.2703,58.5153],[-6.2749,58.5115],[-6.2767,58.5041],[-6.2713,58.4995],[-6.2919,58.4855],[-6.3012,58.4842],[-6.3019,58.4806],[-6.3092,58.4774],[-6.3329,58.4786],[-6.3538,58.4595],[-6.3711,58.457],[-6.3804,58.4493],[-6.3856,58.4498],[-6.4032,58.4454],[-6.436,58.4346],[-6.444,58.4285],[-6.4411,58.4263],[-6.461,58.417],[-6.4848,58.4097],[-6.4891,58.4073],[-6.4883,58.4024],[-6.5017,58.3985],[-6.5196,58.3967],[-6.5309,58.384],[-6.5351,58.3819],[-6.5459,58.3657],[-6.5563,58.366],[-6.5677,58.3632],[-6.5841,58.3627],[-6.5855,58.3593],[-6.5936,58.3592],[-6.608,58.3504],[-6.6207,58.346],[-6.6281,58.3483]]],[[[-7.3926,57.434],[-7.3929,57.424],[-7.3656,57.4218],[-7.3471,57.4188],[-7.3265,57.4056],[-7.3186,57.4053],[-7.3171,57.4016],[-7.3003,57.4068],[-7.2936,57.4053],[-7.2898,57.4086],[-7.2755,57.4019],[-7.2677,57.4043],[-7.2732,57.4075],[-7.3015,57.4134],[-7.2961,57.4156],[-7.2791,57.4099],[-7.2708,57.4102],[-7.24,57.4021],[-7.2305,57.4144],[-7.2153,57.4163],[-7.2056,57.4161],[-7.2086,57.4242],[-7.2043,57.4276],[-7.2139,57.436],[-7.2371,57.4364],[-7.2478,57.4322],[-7.2555,57.4333],[-7.2695,57.4385],[-7.2685,57.4476],[-7.266,57.4513],[-7.2574,57.4479],[-7.2499,57.4515],[-7.2429,57.4476],[-7.2339,57.4454],[-7.2259,57.4488],[-7.2403,57.4506],[-7.241,57.4569],[-7.2361,57.4616],[-7.2207,57.4579],[-7.2135,57.4615],[-7.2137,57.4654],[-7.2293,57.471],[-7.2319,57.4658],[-7.2404,57.465],[-7.2441,57.4756],[-7.257,57.4663],[-7.2691,57.468],[-7.2752,57.4663],[-7.28,57.471],[-7.2741,57.4733],[-7.2781,57.4785],[-7.2934,57.4805],[-7.2924,57.4837],[-7.2992,57.4889],[-7.2742,57.4938],[-7.2611,57.4899],[-7.2565,57.4854],[-7.2453,57.4788],[-7.2365,57.4812],[-7.2323,57.4853],[-7.2256,57.4791],[-7.2116,57.4743],[-7.2029,57.4832],[-7.216,57.4883],[-7.2181,57.492],[-7.2152,57.4979],[-7.2232,57.4976],[-7.2376,57.5013],[-7.2435,57.499],[-7.2628,57.5009],[-7.2579,57.5089],[-7.2454,57.5073],[-7.2361,57.5089],[-7.2044,57.5085],[-7.1987,57.515],[-7.1812,57.5107],[-7.1628,57.5087],[-7.1459,57.5126],[-7.1492,57.52],[-7.1473,57.5237],[-7.1316,57.5375],[-7.1394,57.5418],[-7.133,57.5475],[-7.1402,57.5547],[-7.1472,57.5562],[-7.1579,57.554],[-7.1658,57.5544],[-7.1646,57.5477],[-7.1749,57.5493],[-7.1809,57.5523],[-7.1993,57.5511],[-7.2059,57.553],[-7.2132,57.5518],[-7.2294,57.5522],[-7.236,57.5505],[-7.2652,57.5511],[-7.2836,57.5528],[-7.2858,57.5506],[-7.2997,57.5519],[-7.3061,57.5564],[-7.2943,57.5591],[-7.2833,57.5584],[-7.2787,57.5546],[-7.2702,57.5561],[-7.2762,57.5624],[-7.2596,57.5658],[-7.2554,57.5721],[-7.2475,57.5684],[-7.2488,57.5617],[-7.2692,57.559],[-7.2588,57.5551],[-7.2337,57.5537],[-7.2273,57.5563],[-7.214,57.5578],[-7.2042,57.562],[-7.1921,57.5594],[-7.1723,57.5647],[-7.1628,57.5573],[-7.1453,57.5571],[-7.135,57.5589],[-7.1307,57.5624],[-7.1189,57.5653],[-7.1117,57.5744],[-7.111,57.5838],[-7.1032,57.5873],[-7.1022,57.5905],[-7.108,57.5956],[-7.1213,57.5939],[-7.1235,57.5901],[-7.1373,57.5922],[-7.1481,57.5897],[-7.1508,57.5869],[-7.1613,57.5878],[-7.1701,57.5968],[-7.1558,57.5959],[-7.1626,57.6029],[-7.154,57.6054],[-7.1545,57.6133],[-7.1666,57.6157],[-7.1866,57.6159],[-7.1886,57.6193],[-7.1972,57.619],[-7.2038,57.6218],[-7.1926,57.6257],[-7.1884,57.6312],[-7.1927,57.6338],[-7.2108,57.6349],[-7.2122,57.6379],[-7.2029,57.6414],[-7.1987,57.6403],[-7.1868,57.6445],[-7.178,57.6448],[-7.1615,57.6391],[-7.157,57.631],[-7.1406,57.6275],[-7.1262,57.6297],[-7.1171,57.6342],[-7.1118,57.6318],[-7.1216,57.6272],[-7.1231,57.6229],[-7.1204,57.6171],[-7.1015,57.6078],[-7.0951,57.6106],[-7.0877,57.6225],[-7.0696,57.6346],[-7.0639,57.6398],[-7.0663,57.6442],[-7.0763,57.6467],[-7.0935,57.6466],[-7.0932,57.6509],[-7.1091,57.6605],[-7.1194,57.6585],[-7.1126,57.6542],[-7.1064,57.6539],[-7.1048,57.6483],[-7.1187,57.6476],[-7.1291,57.6444],[-7.1338,57.641],[-7.1397,57.6466],[-7.155,57.6533],[-7.1638,57.6541],[-7.1652,57.6504],[-7.1807,57.6464],[-7.1894,57.6487],[-7.1851,57.6572],[-7.1694,57.6571],[-7.176,57.6622],[-7.1713,57.6691],[-7.1645,57.6635],[-7.1588,57.668],[-7.1591,57.6742],[-7.17,57.683],[-7.1782,57.6866],[-7.1898,57.6877],[-7.1949,57.6906],[-7.1862,57.6942],[-7.1989,57.6971],[-7.2054,57.6925],[-7.2055,57.6873],[-7.2226,57.6897],[-7.2224,57.6866],[-7.2378,57.68],[-7.2427,57.6722],[-7.2633,57.6663],[-7.2752,57.6659],[-7.2772,57.6629],[-7.2639,57.6578],[-7.255,57.6566],[-7.2617,57.6495],[-7.2807,57.6531],[-7.2818,57.6445],[-7.293,57.6421],[-7.2907,57.6478],[-7.292,57.653],[-7.3095,57.654],[-7.3135,57.6577],[-7.3231,57.6563],[-7.3363,57.6581],[-7.3331,57.6667],[-7.3204,57.6741],[-7.3232,57.6816],[-7.3088,57.6893],[-7.3124,57.6938],[-7.3228,57.6899],[-7.3219,57.6866],[-7.3348,57.683],[-7.3356,57.6726],[-7.3406,57.6684],[-7.3517,57.6632],[-7.3752,57.6591],[-7.37,57.6521],[-7.3764,57.6439],[-7.3747,57.6392],[-7.3822,57.6352],[-7.4029,57.6387],[-7.4116,57.6378],[-7.4103,57.6426],[-7.4272,57.6504],[-7.4388,57.654],[-7.4518,57.6615],[-7.4583,57.6581],[-7.4672,57.6592],[-7.4751,57.6625],[-7.4834,57.6629],[-7.4943,57.6596],[-7.4858,57.6505],[-7.4947,57.6453],[-7.4997,57.6365],[-7.4977,57.6324],[-7.5057,57.6257],[-7.5139,57.624],[-7.5171,57.6167],[-7.516,57.6115],[-7.5208,57.6044],[-7.5323,57.6045],[-7.5331,57.609],[-7.5428,57.6083],[-7.5493,57.6029],[-7.5459,57.5993],[-7.5372,57.6008],[-7.5325,57.5986],[-7.5255,57.5906],[-7.514,57.5904],[-7.4989,57.5832],[-7.4911,57.5852],[-7.4964,57.5912],[-7.4892,57.5933],[-7.4851,57.5853],[-7.492,57.5839],[-7.49,57.5774],[-7.4832,57.572],[-7.4834,57.5684],[-7.4751,57.568],[-7.4653,57.5652],[-7.4561,57.5693],[-7.444,57.5701],[-7.4296,57.5782],[-7.4272,57.5824],[-7.4133,57.5796],[-7.4128,57.5735],[-7.4009,57.5668],[-7.3903,57.5655],[-7.3655,57.5576],[-7.3514,57.5515],[-7.3559,57.5488],[-7.3369,57.5371],[-7.3277,57.536],[-7.3243,57.5287],[-7.3169,57.5246],[-7.3252,57.5208],[-7.3272,57.5128],[-7.3127,57.5086],[-7.3048,57.5086],[-7.3002,57.5118],[-7.2859,57.5138],[-7.2791,57.5162],[-7.2685,57.5106],[-7.2634,57.5055],[-7.2641,57.5008],[-7.276,57.4989],[-7.2807,57.4934],[-7.2998,57.4899],[-7.3067,57.4819],[-7.3252,57.4805],[-7.3377,57.4855],[-7.3472,57.4841],[-7.3469,57.4934],[-7.3536,57.4942],[-7.3664,57.4925],[-7.3723,57.4837],[-7.3789,57.4749],[-7.4003,57.4742],[-7.4094,57.4701],[-7.4008,57.458],[-7.4106,57.4522],[-7.408,57.4476],[-7.3963,57.443],[-7.3925,57.4342],[-7.3926,57.434]]],[[[-7.3658,57.3942],[-7.3833,57.3971],[-7.3895,57.3997],[-7.3999,57.396],[-7.411,57.3878],[-7.4179,57.3873],[-7.4237,57.3905],[-7.4292,57.3857],[-7.4229,57.3789],[-7.4117,57.3709],[-7.4038,57.3591],[-7.3992,57.3472],[-7.3948,57.3302],[-7.4001,57.3107],[-7.3965,57.3016],[-7.4065,57.2933],[-7.4138,57.2919],[-7.4225,57.2854],[-7.4195,57.2792],[-7.4235,57.272],[-7.4266,57.2498],[-7.4385,57.242],[-7.4311,57.2321],[-7.4315,57.2214],[-7.4233,57.2171],[-7.4245,57.206],[-7.4223,57.1973],[-7.424,57.1903],[-7.4181,57.1759],[-7.408,57.1618],[-7.4125,57.1502],[-7.4028,57.1379],[-7.4041,57.131],[-7.3936,57.125],[-7.3912,57.1202],[-7.3919,57.1136],[-7.3802,57.1102],[-7.3739,57.104],[-7.3666,57.1045],[-7.3579,57.1024],[-7.3467,57.1034],[-7.3177,57.1029],[-7.2984,57.1077],[-7.2802,57.1083],[-7.2654,57.1034],[-7.2577,57.0991],[-7.2472,57.0991],[-7.2387,57.0959],[-7.2286,57.0961],[-7.2322,57.103],[-7.224,57.1046],[-7.2203,57.1117],[-7.2146,57.1116],[-7.2126,57.1174],[-7.2238,57.1184],[-7.2343,57.1259],[-7.2383,57.1217],[-7.2469,57.1279],[-7.2464,57.1354],[-7.2542,57.1356],[-7.2659,57.141],[-7.2783,57.1426],[-7.3162,57.1372],[-7.3257,57.1384],[-7.3347,57.1363],[-7.3406,57.138],[-7.3439,57.1468],[-7.3516,57.151],[-7.3397,57.1559],[-7.3241,57.1598],[-7.3099,57.1516],[-7.3026,57.1536],[-7.304,57.1585],[-7.2847,57.1499],[-7.2695,57.1498],[-7.2564,57.153],[-7.2574,57.1579],[-7.2512,57.1593],[-7.248,57.1661],[-7.2506,57.1837],[-7.2575,57.1866],[-7.2596,57.1919],[-7.2663,57.194],[-7.261,57.207],[-7.2766,57.2152],[-7.2894,57.2134],[-7.3015,57.2165],[-7.3001,57.2191],[-7.3095,57.2259],[-7.3182,57.2296],[-7.3361,57.2236],[-7.3479,57.2253],[-7.359,57.2346],[-7.3565,57.2369],[-7.3464,57.2366],[-7.3356,57.2309],[-7.3228,57.2323],[-7.3152,57.2354],[-7.3085,57.2334],[-7.3041,57.2393],[-7.2951,57.2253],[-7.2833,57.2219],[-7.2807,57.2254],[-7.2667,57.2247],[-7.2586,57.2293],[-7.262,57.2343],[-7.2595,57.2398],[-7.2519,57.2468],[-7.245,57.248],[-7.2473,57.257],[-7.2524,57.2608],[-7.2406,57.2675],[-7.2288,57.2767],[-7.2274,57.2821],[-7.2178,57.2793],[-7.203,57.2812],[-7.1994,57.2879],[-7.2023,57.2948],[-7.1928,57.2991],[-7.1977,57.3063],[-7.2053,57.3066],[-7.2197,57.3012],[-7.2243,57.316],[-7.2221,57.3215],[-7.2345,57.3254],[-7.2387,57.3198],[-7.2567,57.3259],[-7.2677,57.3236],[-7.2698,57.3278],[-7.294,57.337],[-7.2748,57.3339],[-7.2684,57.3292],[-7.2627,57.333],[-7.254,57.3299],[-7.2434,57.3347],[-7.2309,57.3358],[-7.2317,57.3408],[-7.2213,57.3435],[-7.2213,57.3499],[-7.2329,57.3467],[-7.2324,57.3425],[-7.2397,57.342],[-7.2435,57.3465],[-7.2508,57.3429],[-7.2622,57.3457],[-7.2607,57.3504],[-7.2493,57.3475],[-7.2394,57.35],[-7.2655,57.3606],[-7.2622,57.3629],[-7.2823,57.3701],[-7.2961,57.3709],[-7.2982,57.373],[-7.2858,57.3791],[-7.2714,57.3725],[-7.2658,57.3727],[-7.271,57.3798],[-7.2798,57.3835],[-7.2907,57.3825],[-7.3061,57.3875],[-7.3215,57.3889],[-7.3294,57.3997],[-7.3404,57.4028],[-7.3526,57.3992],[-7.3656,57.399],[-7.3655,57.3942],[-7.3658,57.3942],[-7.3655,57.3942],[-7.3658,57.3942]]],[[[-7.4524,57.059],[-7.4556,57.0527],[-7.4474,57.0411],[-7.454,57.0277],[-7.4576,57.0234],[-7.4755,57.0188],[-7.4858,57.0137],[-7.501,57.0131],[-7.5134,57.015],[-7.5131,57.0098],[-7.5062,57.0054],[-7.5147,56.9988],[-7.509,56.9946],[-7.5108,56.9894],[-7.517,56.987],[-7.515,56.9827],[-7.5246,56.972],[-7.5406,56.9735],[-7.5505,56.9714],[-7.5561,56.9682],[-7.5551,56.9624],[-7.5627,56.9561],[-7.5547,56.9514],[-7.5437,56.9506],[-7.5296,56.9474],[-7.5025,56.9473],[-7.4941,56.955],[-7.4844,56.9517],[-7.483,56.9463],[-7.449,56.9465],[-7.4445,56.9513],[-7.4383,56.9483],[-7.4307,56.9529],[-7.4333,56.9565],[-7.443,56.9605],[-7.4376,56.964],[-7.4237,56.9693],[-7.4201,56.9763],[-7.407,56.977],[-7.4083,56.9812],[-7.4048,56.9858],[-7.3963,56.9813],[-7.3783,56.9819],[-7.3794,56.9902],[-7.3926,56.9945],[-7.4049,57.0005],[-7.4108,56.9972],[-7.4192,56.9986],[-7.4228,57.0026],[-7.4022,57.0052],[-7.4083,57.0096],[-7.4462,57.0202],[-7.4496,57.0243],[-7.4317,57.0311],[-7.4207,57.0449],[-7.4253,57.048],[-7.435,57.047],[-7.4448,57.0513],[-7.442,57.0577],[-7.4524,57.059]]],[[[-6.8898,58.2511],[-6.8866,58.2481],[-6.8897,58.244],[-6.8748,58.2379],[-6.8728,58.228],[-6.8611,58.2254],[-6.8581,58.221],[-6.8622,58.2179],[-6.8753,58.2191],[-6.8676,58.2077],[-6.8525,58.2055],[-6.8366,58.2047],[-6.8128,58.2078],[-6.8,58.2063],[-6.7975,58.2031],[-6.7858,58.2003],[-6.7833,58.2033],[-6.7864,58.2083],[-6.783,58.211],[-6.7857,58.2213],[-6.7973,58.2209],[-6.8019,58.2281],[-6.813,58.2317],[-6.8281,58.2312],[-6.835,58.2384],[-6.8399,58.2373],[-6.8454,58.2429],[-6.8422,58.25],[-6.8501,58.2573],[-6.856,58.2566],[-6.8746,58.2593],[-6.8929,58.2571],[-6.8898,58.2511]]],[[[-7.0096,57.922],[-7.0198,57.9176],[-7.0296,57.9191],[-7.0318,57.9148],[-7.0411,57.9122],[-7.0451,57.9064],[-7.0477,57.8975],[-7.0554,57.8987],[-7.0658,57.8952],[-7.0727,57.8952],[-7.0824,57.8842],[-7.0767,57.875],[-7.0512,57.8843],[-7.0503,57.8942],[-7.0434,57.8954],[-7.028,57.8872],[-7.0205,57.8871],[-7.0171,57.8828],[-7.0082,57.883],[-6.997,57.8892],[-6.9976,57.8925],[-6.9876,57.9038],[-6.994,57.9187],[-6.9985,57.9212],[-7.0096,57.922]]],[[[-7.166,57.7388],[-7.1893,57.7365],[-7.2,57.7342],[-7.2024,57.7282],[-7.2129,57.7161],[-7.2273,57.7046],[-7.1998,57.7021],[-7.2032,57.7065],[-7.1963,57.7099],[-7.1828,57.7027],[-7.1776,57.7039],[-7.1776,57.7096],[-7.1663,57.7119],[-7.1733,57.7184],[-7.1656,57.7213],[-7.1514,57.7182],[-7.1532,57.7242],[-7.1448,57.7316],[-7.159,57.7379],[-7.166,57.7388]]],[[[-7.1682,58.03],[-7.1656,58.0211],[-7.1578,58.0165],[-7.1585,58.0134],[-7.152,58.0101],[-7.1349,58.0108],[-7.1238,58.0091],[-7.1143,58.0027],[-7.1007,58.0055],[-7.0994,58.0121],[-7.103,58.0137],[-7.1063,58.0271],[-7.1119,58.0314],[-7.1241,58.0327],[-7.1273,58.0376],[-7.1335,58.0381],[-7.1533,58.0333],[-7.1623,58.0329],[-7.1682,58.03]]],[[[-7.5689,56.9494],[-7.5688,56.9455],[-7.5613,56.9424],[-7.5701,56.939],[-7.5719,56.935],[-7.5675,56.9305],[-7.5457,56.929],[-7.5416,56.9258],[-7.5454,56.9209],[-7.5594,56.9226],[-7.5548,56.9121],[-7.5509,56.9099],[-7.5383,56.9111],[-7.5319,56.9141],[-7.52,56.9116],[-7.5143,56.9148],[-7.5041,56.9172],[-7.5019,56.9213],[-7.5217,56.9208],[-7.5349,56.9225],[-7.53,56.9274],[-7.5153,56.934],[-7.5084,56.9307],[-7.4873,56.9306],[-7.4929,56.9337],[-7.5087,56.9365],[-7.5375,56.9384],[-7.5299,56.9434],[-7.5337,56.9464],[-7.5413,56.9447],[-7.5512,56.945],[-7.558,56.9484],[-7.5689,56.9494]]],[[[-7.3562,57.5051],[-7.3478,57.5151],[-7.3583,57.5253],[-7.3451,57.5297],[-7.3468,57.5348],[-7.3534,57.543],[-7.3645,57.5452],[-7.3683,57.549],[-7.3772,57.5453],[-7.3865,57.5376],[-7.3966,57.5371],[-7.3881,57.529],[-7.3767,57.5217],[-7.3735,57.5172],[-7.3701,57.5036],[-7.3674,57.5013],[-7.3544,57.4981],[-7.3562,57.5051]]],[[[-7.2279,57.7849],[-7.2381,57.7849],[-7.2449,57.782],[-7.2593,57.7799],[-7.2646,57.7756],[-7.2649,57.7705],[-7.2579,57.766],[-7.2411,57.7597],[-7.2228,57.7601],[-7.2181,57.7633],[-7.2089,57.7652],[-7.2006,57.7745],[-7.2147,57.785],[-7.2279,57.7849]]],[[[-7.2791,57.0916],[-7.2824,57.0897],[-7.2937,57.091],[-7.3017,57.0869],[-7.314,57.0875],[-7.3045,57.0725],[-7.3098,57.0685],[-7.3089,57.0595],[-7.2939,57.0525],[-7.2837,57.0577],[-7.2832,57.0624],[-7.289,57.0656],[-7.2786,57.0691],[-7.2802,57.0729],[-7.2722,57.0769],[-7.2742,57.083],[-7.2692,57.0884],[-7.2791,57.0916]]],[[[-6.7063,57.8789],[-6.7103,57.8764],[-6.7068,57.8693],[-6.7072,57.8634],[-6.7024,57.8616],[-6.6974,57.8672],[-6.6839,57.8626],[-6.6901,57.8572],[-6.682,57.8558],[-6.6726,57.851],[-6.6594,57.852],[-6.6457,57.8557],[-6.6433,57.8614],[-6.65,57.869],[-6.6636,57.8737],[-6.6683,57.8724],[-6.6775,57.8767],[-6.6877,57.8762],[-6.6983,57.8793],[-6.7063,57.8789]]],[[[-7.6247,56.8299],[-7.6311,56.8293],[-7.6317,56.8251],[-7.6502,56.8215],[-7.6554,56.8178],[-7.6553,56.8112],[-7.6602,56.8083],[-7.6585,56.8015],[-7.6536,56.796],[-7.6415,56.7964],[-7.6284,56.8007],[-7.6206,56.8051],[-7.6285,56.8099],[-7.628,56.8134],[-7.62,56.8152],[-7.6185,56.8186],[-7.6238,56.8242],[-7.6247,56.8299]]],[[[-8.615,57.8281],[-8.6172,57.824],[-8.611,57.8197],[-8.6088,57.8098],[-8.5977,57.8079],[-8.5949,57.8055],[-8.5853,57.8065],[-8.5774,57.7989],[-8.5715,57.8009],[-8.5724,57.8089],[-8.5691,57.811],[-8.5571,57.8088],[-8.5495,57.8125],[-8.5645,57.8212],[-8.5949,57.8259],[-8.5959,57.8211],[-8.6019,57.8207],[-8.6102,57.8276],[-8.615,57.8281]]],[[[-7.1927,57.5022],[-7.1813,57.4933],[-7.1919,57.4946],[-7.1995,57.4975],[-7.2041,57.4955],[-7.2066,57.4897],[-7.2021,57.4858],[-7.1943,57.4861],[-7.1885,57.4826],[-7.1859,57.473],[-7.1804,57.469],[-7.1691,57.4751],[-7.1581,57.4854],[-7.1668,57.4879],[-7.1629,57.4931],[-7.1696,57.4966],[-7.1659,57.5009],[-7.1733,57.503],[-7.1927,57.5022]]],[[[-7.5286,56.9021],[-7.5331,56.9014],[-7.5364,56.8926],[-7.5336,56.8894],[-7.5229,56.8852],[-7.5028,56.8827],[-7.4978,56.8895],[-7.5012,56.8992],[-7.5105,56.9019],[-7.5286,56.9021]]],[[[-7.1897,57.411],[-7.2014,57.4076],[-7.2078,57.4087],[-7.2155,57.4065],[-7.2266,57.3982],[-7.226,57.3948],[-7.2324,57.3919],[-7.2231,57.3872],[-7.2088,57.3858],[-7.1869,57.3977],[-7.1944,57.4003],[-7.1943,57.4059],[-7.1897,57.411]]],[[[-7.393,57.6695],[-7.4272,57.6602],[-7.4374,57.658],[-7.4136,57.6556],[-7.4083,57.6591],[-7.3927,57.6603],[-7.381,57.6641],[-7.382,57.6676],[-7.393,57.6695]]],[[[-6.724,58.0075],[-6.7389,58.0043],[-6.7398,57.9985],[-6.7328,57.9938],[-6.7255,57.9857],[-6.717,57.988],[-6.7131,57.993],[-6.7196,58.0043],[-6.724,58.0075]]],[[[-7.5785,56.8614],[-7.5808,56.8591],[-7.5953,56.858],[-7.5948,56.8522],[-7.5842,56.8482],[-7.5691,56.8498],[-7.5608,56.8572],[-7.5785,56.8614]]],[[[-7.3882,57.0601],[-7.3968,57.0509],[-7.4029,57.0481],[-7.3945,57.0423],[-7.3866,57.0426],[-7.3798,57.0493],[-7.3715,57.0519],[-7.3787,57.0591],[-7.3882,57.0601]]],[[[-7.2958,57.7194],[-7.301,57.713],[-7.2987,57.7068],[-7.2915,57.702],[-7.2829,57.7001],[-7.2761,57.7017],[-7.2826,57.7089],[-7.275,57.7144],[-7.2895,57.7197],[-7.2958,57.7194]]],[[[-7.6409,56.7895],[-7.6526,56.7894],[-7.6608,56.7853],[-7.6499,56.7842],[-7.6368,56.7781],[-7.6232,56.7809],[-7.6184,56.788],[-7.6409,56.7895]]],[[[-7.6037,57.5334],[-7.6138,57.5274],[-7.6197,57.5277],[-7.626,57.518],[-7.6201,57.5106],[-7.6072,57.5173],[-7.6112,57.5204],[-7.6031,57.5231],[-7.5997,57.5279],[-7.6037,57.5334]]],[[[-7.0829,57.7749],[-7.0853,57.7683],[-7.0975,57.7683],[-7.0961,57.7647],[-7.0796,57.7553],[-7.0736,57.7552],[-7.0704,57.7596],[-7.0788,57.7663],[-7.0775,57.77],[-7.0829,57.7749]]],[[[-7.4347,57.57],[-7.4386,57.5652],[-7.4317,57.5566],[-7.42,57.5508],[-7.4108,57.5501],[-7.4041,57.5528],[-7.4213,57.5594],[-7.4347,57.57]]],[[[-7.0889,57.7496],[-7.0969,57.745],[-7.0895,57.7375],[-7.0812,57.7345],[-7.0628,57.7328],[-7.0614,57.7345],[-7.0783,57.7414],[-7.0814,57.7465],[-7.0889,57.7496]]],[[[-6.3607,57.9045],[-6.3786,57.8999],[-6.3586,57.8947],[-6.3573,57.8877],[-6.3485,57.8862],[-6.3492,57.8924],[-6.3575,57.8942],[-6.3607,57.9045]]],[[[-7.3486,57.0191],[-7.3631,57.0145],[-7.3538,57.0095],[-7.349,57.0115],[-7.3378,57.011],[-7.3373,57.0158],[-7.3486,57.0191]]],[[[-6.4417,58.0046],[-6.4498,58.001],[-6.4444,57.9978],[-6.4226,57.9985],[-6.4145,58.0003],[-6.42,58.0039],[-6.4417,58.0046]]],[[[-7.6461,57.5355],[-7.6543,57.5317],[-7.6576,57.5272],[-7.6688,57.5241],[-7.6784,57.5254],[-7.6777,57.5205],[-7.6521,57.524],[-7.6455,57.5282],[-7.6461,57.5355]]],[[[-7.1302,58.086],[-7.1286,58.0801],[-7.136,58.0754],[-7.1291,58.0733],[-7.119,58.0733],[-7.1175,58.0771],[-7.1222,58.0859],[-7.1302,58.086]]],[[[-6.8836,58.2698],[-6.8876,58.2686],[-6.8787,58.2598],[-6.859,58.2614],[-6.8589,58.2652],[-6.8684,58.2659],[-6.8761,58.2698],[-6.8836,58.2698]]],[[[-5.8233,59.1322],[-5.8258,59.1249],[-5.8357,59.1245],[-5.8333,59.1188],[-5.8158,59.118],[-5.8127,59.1216],[-5.8199,59.1235],[-5.8195,59.1305],[-5.8233,59.1322]]],[[[-7.3255,57.0267],[-7.3363,57.0243],[-7.3429,57.02],[-7.3215,57.0156],[-7.3264,57.0244],[-7.3255,57.0267]]],[[[-8.6246,57.8329],[-8.6373,57.8313],[-8.645,57.8287],[-8.6351,57.8238],[-8.625,57.827],[-8.6246,57.8329]]],[[[-6.9361,58.2409],[-6.9495,58.2355],[-6.9427,58.2304],[-6.9355,58.2281],[-6.9331,58.2369],[-6.9361,58.2409]]],[[[-7.2896,57.6677],[-7.2991,57.662],[-7.2846,57.6588],[-7.2839,57.6659],[-7.2896,57.6677]]],[[[-6.4327,58.1092],[-6.4392,58.1087],[-6.4507,58.1033],[-6.4423,58.0995],[-6.4299,58.1046],[-6.4327,58.1092]]],[[[-8.4909,57.8769],[-8.4992,57.8664],[-8.4854,57.8633],[-8.4803,57.867],[-8.4844,57.8729],[-8.4909,57.8769]]],[[[-6.893,58.2172],[-6.8971,58.2163],[-6.8939,58.206],[-6.8877,58.204],[-6.8777,58.2079],[-6.8874,58.211],[-6.893,58.2172]]],[[[-7.2749,57.4825],[-7.2698,57.4726],[-7.2571,57.4732],[-7.2581,57.4786],[-7.264,57.4785],[-7.2749,57.4825]]],[[[-7.3786,57.0003],[-7.3757,56.9952],[-7.3695,56.9917],[-7.3618,56.992],[-7.3625,56.9978],[-7.3669,57.0007],[-7.3786,57.0003]]],[[[-7.4405,56.9222],[-7.4515,56.9196],[-7.4489,56.9128],[-7.4417,56.9127],[-7.4364,56.917],[-7.4405,56.9222]]],[[[-6.7749,58.2057],[-6.7773,58.2004],[-6.7701,58.1947],[-6.7641,58.1942],[-6.765,58.201],[-6.7749,58.2057]]],[[[-7.0546,57.6623],[-7.0525,57.6589],[-7.059,57.654],[-7.0543,57.6511],[-7.0448,57.651],[-7.0462,57.6605],[-7.0546,57.6623]]],[[[-7.1304,57.6638],[-7.1447,57.6565],[-7.1429,57.6526],[-7.1353,57.6521],[-7.1284,57.6611],[-7.1304,57.6638]]],[[[-7.1585,57.5033],[-7.1635,57.4997],[-7.1579,57.4963],[-7.1506,57.496],[-7.1475,57.5005],[-7.1585,57.5033]]],[[[-7.097,57.6677],[-7.1028,57.6643],[-7.0978,57.6597],[-7.0886,57.6591],[-7.0872,57.6624],[-7.097,57.6677]]],[[[-7.1911,57.6387],[-7.1853,57.6367],[-7.1783,57.6294],[-7.1703,57.6301],[-7.1732,57.6366],[-7.1911,57.6387]]],[[[-6.7401,57.876],[-6.7458,57.8791],[-6.7546,57.875],[-6.7476,57.8713],[-6.7401,57.876]]],[[[-7.2506,57.1954],[-7.2555,57.1932],[-7.2494,57.1876],[-7.2412,57.1905],[-7.2417,57.1933],[-7.2506,57.1954]]],[[[-6.8256,57.8129],[-6.8255,57.8054],[-6.8175,57.8043],[-6.8147,57.8085],[-6.8256,57.8129]]],[[[-7.1676,57.6293],[-7.1683,57.6239],[-7.1606,57.6227],[-7.1598,57.6279],[-7.1676,57.6293]]],[[[-6.9707,57.9417],[-6.965,57.9346],[-6.957,57.9361],[-6.9657,57.9415],[-6.9707,57.9417]]],[[[-7.2521,57.6897],[-7.259,57.688],[-7.2528,57.6829],[-7.2465,57.6862],[-7.2521,57.6897]]],[[[-7.1233,57.6159],[-7.1298,57.6109],[-7.1254,57.6079],[-7.1183,57.609],[-7.1233,57.6159]]],[[[-7.3519,56.9998],[-7.3566,56.9948],[-7.3454,56.9946],[-7.3451,56.9987],[-7.3519,56.9998]]],[[[-6.9142,58.2301],[-6.92,58.2293],[-6.9201,58.2238],[-6.91,58.2254],[-6.9142,58.2301]]],[[[-6.3357,57.9077],[-6.3417,57.9013],[-6.3338,57.9016],[-6.3357,57.9077]]],[[[-7.0335,57.7069],[-7.0365,57.7013],[-7.0265,57.7016],[-7.0335,57.7069]]],[[[-7.3554,57.238],[-7.3517,57.232],[-7.3461,57.2348],[-7.3554,57.238]]]]},"properties":{"HA_NUM":106,"HA_NAME":"Outer Hebrides"}},
{"type":"Feature","geometry":{"type":"MultiPolygon","coordinates":[[[[-3.198,59.154],[-3.2099,59.1527],[-3.2224,59.1538],[-3.2408,59.1521],[-3.2489,59.148],[-3.272,59.1439],[-3.2775,59.1405],[-3.3133,59.1381],[-3.318,59.1324],[-3.32,59.1227],[-3.3332,59.1171],[-3.3415,59.1155],[-3.3487,59.1117],[-3.3574,59.1037],[-3.3466,59.0974],[-3.3503,59.0943],[-3.3503,59.0854],[-3.3528,59.0833],[-3.3463,59.0766],[-3.3489,59.0616],[-3.3425,59.0573],[-3.3369,59.0571],[-3.335,59.0521],[-3.3397,59.0494],[-3.3521,59.0508],[-3.3566,59.0485],[-3.357,59.0435],[-3.3495,59.036],[-3.3543,59.0295],[-3.3603,59.0302],[-3.36,59.0232],[-3.3658,59.0152],[-3.3612,59.0087],[-3.3674,58.9975],[-3.3618,58.993],[-3.3593,58.9854],[-3.3611,58.9794],[-3.3514,58.9725],[-3.3557,58.9652],[-3.3464,58.9643],[-3.3328,58.9599],[-3.331,58.9551],[-3.3157,58.9527],[-3.3076,58.9498],[-3.2995,58.9502],[-3.3004,58.9578],[-3.2913,58.9624],[-3.2807,58.9613],[-3.2666,58.9676],[-3.2617,58.9747],[-3.2464,58.9799],[-3.2474,58.9735],[-3.2379,58.9711],[-3.2297,58.9653],[-3.2337,58.961],[-3.2324,58.9545],[-3.2353,58.9434],[-3.229,58.933],[-3.2226,58.9259],[-3.2121,58.9208],[-3.2026,58.9122],[-3.1933,58.9146],[-3.1907,58.918],[-3.1828,58.9173],[-3.1771,58.913],[-3.1702,58.918],[-3.1541,58.9204],[-3.1509,58.9185],[-3.1355,58.9163],[-3.1194,58.9205],[-3.1281,58.9262],[-3.1137,58.9312],[-3.0977,58.9323],[-3.0852,58.9281],[-3.0772,58.9334],[-3.0851,58.9406],[-3.0812,58.9423],[-3.0666,58.936],[-3.052,58.9383],[-3.044,58.9375],[-3.0141,58.9431],[-2.9935,58.9541],[-2.987,58.9614],[-2.98,58.9628],[-2.9693,58.96],[-2.9724,58.94],[-2.9613,58.9278],[-2.9544,58.9238],[-2.9493,58.9151],[-2.9441,58.9125],[-2.9388,58.9052],[-2.9333,58.9032],[-2.9351,58.8952],[-2.9308,58.8908],[-2.9204,58.8915],[-2.9189,58.8947],[-2.9107,58.8962],[-2.8963,58.8958],[-2.8866,58.9004],[-2.8553,58.892],[-2.8461,58.8885],[-2.8458,58.8858],[-2.8323,58.8794],[-2.8379,58.8745],[-2.8276,58.8732],[-2.8185,58.883],[-2.8225,58.8857],[-2.8121,58.8925],[-2.8043,58.8939],[-2.802,58.9004],[-2.7964,58.9078],[-2.789,58.9105],[-2.7866,58.9144],[-2.7785,58.9163],[-2.7623,58.9132],[-2.758,58.9147],[-2.7516,58.9231],[-2.7454,58.9239],[-2.7358,58.9212],[-2.7162,58.9198],[-2.711,58.9221],[-2.7153,58.9283],[-2.7139,58.9331],[-2.7192,58.9367],[-2.7172,58.9461],[-2.7077,58.9494],[-2.7112,58.9519],[-2.7046,58.9622],[-2.7118,58.9667],[-2.708,58.9723],[-2.7143,58.9733],[-2.7235,58.9706],[-2.7282,58.9663],[-2.736,58.9641],[-2.7457,58.9644],[-2.7609,58.9587],[-2.7755,58.9553],[-2.7788,58.9512],[-2.7919,58.9515],[-2.8055,58.9479],[-2.7861,58.9395],[-2.7926,58.9311],[-2.792,58.927],[-2.7819,58.9288],[-2.7784,58.9248],[-2.7831,58.9167],[-2.7989,58.9177],[-2.8061,58.9228],[-2.8042,58.9291],[-2.8149,58.9291],[-2.8325,58.9242],[-2.8251,58.9346],[-2.8314,58.9395],[-2.8285,58.9468],[-2.8383,58.9511],[-2.8436,58.9511],[-2.8482,58.9583],[-2.8359,58.962],[-2.8306,58.9617],[-2.8217,58.9665],[-2.8029,58.9691],[-2.7919,58.9688],[-2.7994,58.9922],[-2.8063,58.9906],[-2.812,58.9845],[-2.8266,58.9806],[-2.8463,58.9821],[-2.8551,58.9862],[-2.8619,58.9815],[-2.8648,58.9758],[-2.8711,58.9709],[-2.8832,58.9685],[-2.8808,58.9619],[-2.8931,58.9628],[-2.9106,58.9615],[-2.9184,58.9646],[-2.919,58.9693],[-2.9138,58.974],[-2.92,58.9774],[-2.916,58.9844],[-2.9068,58.984],[-2.8901,58.989],[-2.8937,58.9915],[-2.9088,58.9898],[-2.9157,58.9929],[-2.9077,58.9986],[-2.912,59.0043],[-2.9205,59.0068],[-2.9313,59.0074],[-2.9271,59.0133],[-2.9314,59.0148],[-2.9442,59.0056],[-2.9435,59.0008],[-2.9482,58.9902],[-2.9609,58.9847],[-2.9693,58.9859],[-2.9696,58.9954],[-2.9819,59.0003],[-2.991,59.0006],[-3.0107,59.0101],[-3.0249,59.0086],[-3.0372,59.0101],[-3.0455,59.0017],[-3.0523,58.999],[-3.0545,58.9938],[-3.0869,58.9983],[-3.0913,59.002],[-3.1025,59.0024],[-3.1139,59.0064],[-3.1098,59.0097],[-3.1022,59.0097],[-3.0985,59.0155],[-3.0884,59.0183],[-3.0798,59.0243],[-3.0657,59.0222],[-3.0613,59.0234],[-3.0631,59.0292],[-3.0535,59.0357],[-3.0645,59.046],[-3.0511,59.0494],[-3.0351,59.0474],[-3.0214,59.0379],[-3.0125,59.0386],[-3.0157,59.0436],[-3.0107,59.0518],[-3.0031,59.0536],[-3.0071,59.0587],[-3.0015,59.064],[-3.007,59.0702],[-3.008,59.0773],[-3.0157,59.0809],[-3.0285,59.0814],[-3.0341,59.0862],[-3.0443,59.0892],[-3.0473,59.0948],[-3.0607,59.0949],[-3.0634,59.0986],[-3.0454,59.1022],[-3.0516,59.1109],[-3.0622,59.1114],[-3.07,59.1139],[-3.0728,59.1234],[-3.0855,59.1236],[-3.0863,59.1198],[-3.0971,59.1196],[-3.1134,59.1232],[-3.1333,59.1314],[-3.1476,59.1334],[-3.154,59.1385],[-3.177,59.1423],[-3.1899,59.1482],[-3.198,59.154]]],[[[-3.3422,58.9292],[-3.3533,58.9321],[-3.3881,58.9219],[-3.3949,58.924],[-3.4045,58.9205],[-3.4144,58.9132],[-3.4224,58.9019],[-3.4235,58.891],[-3.4287,58.883],[-3.4358,58.8778],[-3.4346,58.8714],[-3.4222,58.8723],[-3.404,58.8692],[-3.3886,58.8705],[-3.3809,58.8683],[-3.3757,58.8636],[-3.3787,58.8569],[-3.3738,58.8498],[-3.3753,58.8461],[-3.3693,58.8406],[-3.3688,58.8364],[-3.3556,58.8313],[-3.3418,58.8217],[-3.3285,58.8168],[-3.3343,58.8134],[-3.3234,58.8059],[-3.3236,58.7987],[-3.3046,58.7851],[-3.2993,58.7838],[-3.2967,58.778],[-3.2891,58.7761],[-3.2781,58.7799],[-3.2746,58.7788],[-3.2505,58.7818],[-3.2376,58.7731],[-3.227,58.7728],[-3.2209,58.7759],[-3.2379,58.7835],[-3.2477,58.7861],[-3.2568,58.7857],[-3.249,58.7993],[-3.2425,58.8023],[-3.2252,58.8024],[-3.2028,58.8097],[-3.1964,58.8129],[-3.1836,58.8147],[-3.1704,58.8211],[-3.1791,58.826],[-3.1995,58.8262],[-3.2007,58.8306],[-3.1908,58.8356],[-3.1956,58.8387],[-3.2087,58.8368],[-3.2146,58.8407],[-3.1984,58.8477],[-3.1978,58.852],[-3.2024,58.8562],[-3.2125,58.8573],[-3.2178,58.8626],[-3.2122,58.8651],[-3.2168,58.869],[-3.2301,58.8695],[-3.2209,58.874],[-3.2124,58.8742],[-3.2124,58.878],[-3.2259,58.8829],[-3.2308,58.8869],[-3.239,58.8866],[-3.2543,58.8948],[-3.2687,58.9002],[-3.2913,58.9052],[-3.3175,58.9082],[-3.3208,58.9166],[-3.3272,58.9197],[-3.3261,58.928],[-3.3422,58.9292]]],[[[-2.8835,58.8724],[-2.8877,58.874],[-2.9039,58.8727],[-2.9157,58.8668],[-2.9125,58.8573],[-2.9181,58.8546],[-2.9315,58.8593],[-2.9405,58.8605],[-2.9597,58.8525],[-2.9626,58.849],[-2.9333,58.8424],[-2.905,58.8451],[-2.9104,58.838],[-2.9385,58.8331],[-2.9479,58.8332],[-2.9536,58.8277],[-2.9614,58.8265],[-2.9639,58.8362],[-2.9875,58.8319],[-2.9957,58.8284],[-3.0081,58.8325],[-3.0147,58.8327],[-3.0363,58.8191],[-3.0324,58.816],[-3.023,58.8183],[-3.004,58.8267],[-2.9983,58.8244],[-2.9971,58.819],[-2.9893,58.8142],[-2.9791,58.8128],[-2.9816,58.8066],[-2.9999,58.8],[-3.0036,58.8027],[-2.9992,58.8066],[-3.0053,58.8117],[-3.0143,58.8127],[-3.0218,58.8071],[-3.013,58.7974],[-3.005,58.7973],[-2.9958,58.79],[-2.9825,58.7819],[-2.9793,58.7778],[-2.9813,58.7737],[-2.9807,58.7607],[-2.9909,58.7592],[-2.9845,58.7476],[-2.9764,58.7452],[-2.9776,58.742],[-2.9653,58.741],[-2.9647,58.7343],[-2.9608,58.7297],[-2.9522,58.7302],[-2.9405,58.7341],[-2.9235,58.7333],[-2.9182,58.7365],[-2.9175,58.7413],[-2.911,58.7529],[-2.9166,58.7583],[-2.9249,58.7591],[-2.9386,58.7662],[-2.9386,58.7689],[-2.9255,58.7759],[-2.9261,58.7785],[-2.9203,58.7864],[-2.9222,58.7907],[-2.9304,58.7944],[-2.924,58.8003],[-2.9141,58.8016],[-2.9086,58.8062],[-2.9115,58.8092],[-2.9037,58.8152],[-2.8897,58.8205],[-2.8851,58.8168],[-2.8788,58.8183],[-2.8812,58.8226],[-2.8884,58.8231],[-2.8865,58.8287],[-2.8926,58.8339],[-2.9041,58.8377],[-2.9025,58.8422],[-2.8901,58.8421],[-2.8708,58.8472],[-2.8631,58.8538],[-2.8811,58.8523],[-2.8869,58.8541],[-2.8911,58.8594],[-2.8883,58.8689],[-2.8835,58.8724]]],[[[-2.4209,59.3041],[-2.4171,59.3103],[-2.4292,59.3121],[-2.4471,59.3039],[-2.4468,59.293],[-2.4542,59.2886],[-2.4661,59.2877],[-2.4806,59.2892],[-2.5122,59.2743],[-2.5214,59.273],[-2.5327,59.2664],[-2.545,59.262],[-2.5567,59.2606],[-2.5743,59.261],[-2.5817,59.2661],[-2.5737,59.2677],[-2.5747,59.2753],[-2.5629,59.2797],[-2.5519,59.2917],[-2.5396,59.293],[-2.5287,59.3005],[-2.5317,59.3031],[-2.5455,59.3026],[-2.5583,59.3056],[-2.5617,59.3014],[-2.5715,59.2959],[-2.5807,59.2929],[-2.5922,59.2941],[-2.6082,59.2894],[-2.6159,59.293],[-2.614,59.2826],[-2.5972,59.2758],[-2.5928,59.2692],[-2.6023,59.2659],[-2.6013,59.2603],[-2.6114,59.2564],[-2.6199,59.2579],[-2.6348,59.2508],[-2.6403,59.2463],[-2.6471,59.2453],[-2.6592,59.2387],[-2.662,59.2306],[-2.6795,59.2197],[-2.694,59.2218],[-2.7006,59.2118],[-2.7012,59.1956],[-2.6958,59.1924],[-2.6929,59.1845],[-2.6865,59.1859],[-2.6903,59.1968],[-2.6881,59.2038],[-2.6736,59.201],[-2.6664,59.2097],[-2.6573,59.2114],[-2.6526,59.2167],[-2.6434,59.2214],[-2.6418,59.2287],[-2.6368,59.2358],[-2.626,59.2384],[-2.615,59.2385],[-2.603,59.2352],[-2.5965,59.2354],[-2.5878,59.2414],[-2.5707,59.2448],[-2.561,59.2388],[-2.5713,59.2355],[-2.5799,59.2351],[-2.5803,59.2247],[-2.5722,59.2207],[-2.5678,59.2242],[-2.5682,59.2353],[-2.5537,59.2388],[-2.5378,59.235],[-2.5317,59.2383],[-2.5279,59.2487],[-2.5359,59.2492],[-2.5309,59.257],[-2.5239,59.2578],[-2.5064,59.2521],[-2.5001,59.2589],[-2.4957,59.26],[-2.4859,59.2682],[-2.4822,59.2754],[-2.4664,59.2811],[-2.4366,59.2836],[-2.4259,59.2814],[-2.4251,59.2765],[-2.4049,59.2792],[-2.4012,59.2765],[-2.3922,59.2789],[-2.4105,59.2831],[-2.4169,59.2875],[-2.4179,59.2974],[-2.4209,59.3041]]],[[[-2.9521,59.3596],[-2.9585,59.3594],[-2.9653,59.3556],[-2.9748,59.3537],[-2.9819,59.3462],[-2.9793,59.3357],[-2.998,59.3312],[-3.0084,59.3269],[-3.0203,59.3299],[-3.0294,59.3246],[-3.0351,59.3236],[-3.0449,59.3282],[-3.0538,59.3276],[-3.0661,59.3326],[-3.0707,59.3297],[-3.065,59.3228],[-3.057,59.318],[-3.0389,59.3134],[-3.0228,59.3051],[-3.0199,59.2995],[-3.0233,59.2941],[-3.0189,59.2885],[-3.024,59.2774],[-3.0084,59.2744],[-2.993,59.2638],[-2.9832,59.2602],[-2.9817,59.266],[-2.9653,59.2717],[-2.9494,59.2725],[-2.9503,59.2761],[-2.9605,59.2795],[-2.967,59.2873],[-2.9611,59.29],[-2.9472,59.2864],[-2.9271,59.2852],[-2.9201,59.2789],[-2.9083,59.2745],[-2.903,59.2679],[-2.8937,59.2629],[-2.8885,59.2578],[-2.8817,59.2585],[-2.8749,59.2558],[-2.8792,59.2448],[-2.8766,59.2422],[-2.8865,59.2374],[-2.8873,59.2298],[-2.878,59.2298],[-2.8726,59.2389],[-2.8595,59.2515],[-2.8379,59.248],[-2.8532,59.267],[-2.8582,59.2693],[-2.8737,59.2699],[-2.8809,59.2664],[-2.8842,59.2778],[-2.8829,59.2859],[-2.8882,59.2901],[-2.8956,59.2899],[-2.9017,59.3017],[-2.9142,59.298],[-2.9238,59.3042],[-2.9391,59.3032],[-2.9415,59.3111],[-2.9525,59.3079],[-2.9617,59.3097],[-2.9618,59.3143],[-2.9737,59.3185],[-2.9818,59.3155],[-2.9894,59.319],[-2.9804,59.3262],[-2.9725,59.3241],[-2.9553,59.3281],[-2.9583,59.3372],[-2.9681,59.3398],[-2.9592,59.3432],[-2.9549,59.3476],[-2.944,59.3491],[-2.9528,59.3548],[-2.9521,59.3596]]],[[[-3.0748,59.1991],[-3.103,59.186],[-3.1052,59.1789],[-3.1181,59.1726],[-3.1121,59.1664],[-3.1129,59.1605],[-3.1019,59.1578],[-3.0974,59.1495],[-3.0925,59.1452],[-3.0827,59.143],[-3.0773,59.1379],[-3.0599,59.1341],[-3.0423,59.1268],[-3.0312,59.1277],[-3.0066,59.1271],[-2.9953,59.1276],[-2.9858,59.131],[-2.9696,59.134],[-2.9631,59.1387],[-2.9682,59.1451],[-2.9756,59.1588],[-2.9749,59.1646],[-2.9665,59.1748],[-2.961,59.1724],[-2.9539,59.1739],[-2.9528,59.1798],[-2.9642,59.1811],[-2.9691,59.1876],[-2.9801,59.1866],[-2.994,59.1781],[-3.0297,59.1777],[-3.0391,59.1793],[-3.0497,59.1842],[-3.0488,59.1958],[-3.0681,59.1954],[-3.0748,59.1991]]],[[[-2.6263,59.1584],[-2.6305,59.1617],[-2.6438,59.1567],[-2.6525,59.1519],[-2.6628,59.1514],[-2.6725,59.1543],[-2.674,59.1504],[-2.6652,59.1499],[-2.6614,59.1462],[-2.6501,59.1407],[-2.643,59.1326],[-2.6281,59.128],[-2.622,59.1245],[-2.6203,59.1183],[-2.629,59.1105],[-2.6504,59.1124],[-2.6651,59.1108],[-2.6702,59.1088],[-2.6694,59.101],[-2.6716,59.0975],[-2.68,59.0954],[-2.6817,59.0894],[-2.6879,59.0873],[-2.6902,59.0797],[-2.6793,59.0743],[-2.6699,59.0772],[-2.6512,59.0762],[-2.6513,59.0814],[-2.6446,59.0883],[-2.6578,59.1006],[-2.6487,59.1051],[-2.6326,59.1079],[-2.6222,59.1025],[-2.6069,59.0984],[-2.6007,59.0872],[-2.6034,59.0802],[-2.609,59.0764],[-2.6005,59.0713],[-2.5914,59.077],[-2.5721,59.0793],[-2.5671,59.0842],[-2.5494,59.083],[-2.543,59.0802],[-2.5309,59.091],[-2.5496,59.1007],[-2.5525,59.1122],[-2.5456,59.1142],[-2.5452,59.1234],[-2.5533,59.1199],[-2.5656,59.1201],[-2.5812,59.1173],[-2.5896,59.1141],[-2.5965,59.116],[-2.6059,59.1229],[-2.6077,59.1288],[-2.5963,59.1374],[-2.5898,59.1391],[-2.5764,59.1385],[-2.5773,59.1435],[-2.5863,59.1411],[-2.6014,59.1411],[-2.6146,59.1445],[-2.6216,59.143],[-2.6273,59.1457],[-2.6262,59.1499],[-2.6359,59.1555],[-2.6263,59.1584]]],[[[-2.7547,59.25],[-2.7597,59.2501],[-2.7687,59.245],[-2.7881,59.2382],[-2.7894,59.2311],[-2.7836,59.2287],[-2.7913,59.2142],[-2.7781,59.2084],[-2.7765,59.2034],[-2.7776,59.1926],[-2.7825,59.188],[-2.803,59.1835],[-2.8081,59.1862],[-2.8276,59.1881],[-2.8271,59.1785],[-2.8238,59.1715],[-2.8149,59.1726],[-2.8104,59.1673],[-2.7991,59.1642],[-2.7946,59.16],[-2.7968,59.1544],[-2.79,59.1458],[-2.7908,59.1392],[-2.7848,59.1387],[-2.7733,59.1443],[-2.7423,59.1436],[-2.7394,59.1513],[-2.7453,59.1552],[-2.7547,59.1566],[-2.7582,59.1603],[-2.7563,59.1708],[-2.7575,59.1827],[-2.7598,59.1892],[-2.7651,59.1937],[-2.7538,59.1952],[-2.7487,59.2082],[-2.7441,59.2094],[-2.7338,59.2183],[-2.734,59.2232],[-2.7501,59.2305],[-2.763,59.2321],[-2.7638,59.2383],[-2.7568,59.2439],[-2.7547,59.25]]],[[[-2.8027,59.0872],[-2.8131,59.0852],[-2.814,59.0812],[-2.8274,59.0801],[-2.8388,59.0772],[-2.8424,59.0723],[-2.8377,59.0657],[-2.8445,59.0596],[-2.8678,59.055],[-2.8746,59.059],[-2.8865,59.0601],[-2.8971,59.0658],[-2.8996,59.0729],[-2.9071,59.0659],[-2.9168,59.062],[-2.9138,59.055],[-2.924,59.0504],[-2.9232,59.0459],[-2.9286,59.0417],[-2.9349,59.032],[-2.9171,59.0289],[-2.8996,59.0354],[-2.8927,59.0299],[-2.8791,59.0328],[-2.8565,59.0302],[-2.8512,59.0259],[-2.8378,59.0261],[-2.8258,59.0196],[-2.8192,59.0242],[-2.8063,59.028],[-2.8067,59.0335],[-2.8162,59.0422],[-2.8238,59.0454],[-2.8238,59.0489],[-2.8172,59.0533],[-2.8178,59.0576],[-2.8107,59.0654],[-2.8018,59.0688],[-2.8022,59.0769],[-2.7993,59.083],[-2.8027,59.0872]]],[[[-3.152,58.8064],[-3.1674,58.8011],[-3.1775,58.8027],[-3.1959,58.7986],[-3.2076,58.8009],[-3.2243,58.7865],[-3.2024,58.7782],[-3.1893,58.7772],[-3.1788,58.7783],[-3.1454,58.7841],[-3.1473,58.7914],[-3.14,58.798],[-3.1406,58.8035],[-3.152,58.8064]]],[[[-3.0678,58.8493],[-3.0812,58.8483],[-3.0924,58.8458],[-3.1214,58.843],[-3.1285,58.8368],[-3.1426,58.8334],[-3.1478,58.828],[-3.1388,58.8168],[-3.1294,58.8135],[-3.1206,58.8161],[-3.1068,58.8145],[-3.1033,58.8199],[-3.0811,58.8141],[-3.0783,58.8163],[-3.084,58.8252],[-3.0777,58.8285],[-3.0785,58.8324],[-3.1005,58.8286],[-3.1103,58.8309],[-3.112,58.837],[-3.1018,58.8351],[-3.0824,58.8434],[-3.0671,58.844],[-3.0678,58.8493]]],[[[-2.8787,59.3854],[-2.8906,59.3825],[-2.8903,59.3773],[-2.8963,59.3711],[-2.8981,59.361],[-2.9044,59.3571],[-2.9106,59.3499],[-2.9085,59.3414],[-2.9099,59.3287],[-2.8936,59.3304],[-2.8875,59.3248],[-2.8825,59.3265],[-2.8768,59.3346],[-2.8808,59.3393],[-2.8774,59.3416],[-2.8877,59.3517],[-2.8835,59.3633],[-2.8714,59.3674],[-2.8677,59.3753],[-2.8787,59.3854]]],[[[-2.3801,59.3906],[-2.3929,59.3891],[-2.4036,59.3847],[-2.4104,59.3859],[-2.4327,59.3861],[-2.4307,59.3793],[-2.4333,59.3751],[-2.4416,59.3707],[-2.4423,59.3632],[-2.4502,59.3583],[-2.4436,59.3554],[-2.4362,59.3584],[-2.4259,59.3541],[-2.4236,59.3484],[-2.4186,59.348],[-2.4116,59.3543],[-2.3981,59.3564],[-2.4075,59.3603],[-2.4124,59.3689],[-2.4089,59.3778],[-2.398,59.3826],[-2.381,59.3848],[-2.3801,59.3906]]],[[[-2.9304,59.1702],[-2.9408,59.1661],[-2.9433,59.1553],[-2.9411,59.1476],[-2.9371,59.1446],[-2.9333,59.1357],[-2.9207,59.1273],[-2.9174,59.1343],[-2.9173,59.1407],[-2.9134,59.1473],[-2.9134,59.1531],[-2.9084,59.1635],[-2.9304,59.1702]]],[[[-3.3059,58.9406],[-3.3135,58.9388],[-3.3081,58.9264],[-3.2978,58.9223],[-3.2818,58.9199],[-3.2674,58.9257],[-3.2658,58.9301],[-3.2714,58.935],[-3.2819,58.9323],[-3.2927,58.9376],[-3.3059,58.9406]]],[[[-2.9617,59.1271],[-2.971,59.1257],[-2.9857,59.1212],[-2.999,59.1138],[-2.981,59.1139],[-2.9676,59.1108],[-2.9513,59.1185],[-2.955,59.1261],[-2.9617,59.1271]]],[[[-3.1573,58.8339],[-3.1495,58.839],[-3.1503,58.842],[-3.16,58.8463],[-3.1672,58.8564],[-3.1813,58.8479],[-3.175,58.8413],[-3.1708,58.8335],[-3.1573,58.8339]]],[[[-2.9654,59.0893],[-2.9895,59.0888],[-2.9919,59.0808],[-2.978,59.0791],[-2.9743,59.0724],[-2.9618,59.0753],[-2.9522,59.074],[-2.9469,59.0783],[-2.9601,59.0823],[-2.9599,59.0876],[-2.9654,59.0893]]],[[[-2.7398,59.2472],[-2.7454,59.245],[-2.748,59.2365],[-2.7431,59.232],[-2.7313,59.2287],[-2.7244,59.229],[-2.7175,59.2333],[-2.7398,59.2472]]],[[[-2.8286,59.2275],[-2.8302,59.2138],[-2.8218,59.2043],[-2.8152,59.212],[-2.8234,59.2236],[-2.8286,59.2275]]],[[[-3.1681,58.8722],[-3.1566,58.8763],[-3.1574,58.8783],[-3.1737,58.8836],[-3.1761,58.8785],[-3.1681,58.8722]]],[[[-3.0504,58.752],[-3.0547,58.7476],[-3.0629,58.7443],[-3.0636,58.7404],[-3.0532,58.7399],[-3.0504,58.752]]],[[[-2.566,59.0343],[-2.5757,59.0384],[-2.578,59.0318],[-2.5733,59.0251],[-2.5599,59.0333],[-2.566,59.0343]]],[[[-2.9586,58.8603],[-2.9741,58.8591],[-2.9893,58.8542],[-2.983,58.8508],[-2.9704,58.8541],[-2.9586,58.8603]]],[[[-3.125,59.1481],[-3.1288,59.1423],[-3.1201,59.1392],[-3.1099,59.1431],[-3.125,59.1481]]],[[[-2.5823,59.1524],[-2.5882,59.1569],[-2.5939,59.1519],[-2.5911,59.148],[-2.5808,59.147],[-2.5823,59.1524]]],[[[-2.6632,59.1336],[-2.6813,59.1348],[-2.6771,59.1294],[-2.6655,59.1296],[-2.6632,59.1336]]],[[[-2.6654,58.9008],[-2.6754,58.9015],[-2.6813,58.8996],[-2.6813,58.8916],[-2.6654,58.9008]]],[[[-2.9055,58.8792],[-2.9206,58.8787],[-2.9239,58.8752],[-2.9181,58.872],[-2.9123,58.8735],[-2.9055,58.8792]]],[[[-3.0934,58.8039],[-3.1021,58.8027],[-3.1094,58.7992],[-3.0999,58.7967],[-3.0934,58.8039]]],[[[-2.8838,58.8904],[-2.8959,58.8903],[-2.8904,58.8857],[-2.8838,58.8904]]],[[[-2.8974,59.0263],[-2.9074,59.0253],[-2.904,59.0201],[-2.8976,59.0193],[-2.8974,59.0263]]],[[[-2.8272,59.1328],[-2.8334,59.1275],[-2.8253,59.1269],[-2.8272,59.1328]]]]},"properties":{"HA_NUM":107,"HA_NAME":"Orkneys"}},
{"type":"Feature","geometry":{"type":"MultiPolygon","coordinates":[[[[-1.1517,60.1331],[-1.1597,60.1412],[-1.1599,60.1486],[-1.1495,60.1508],[-1.139,60.146],[-1.132,60.1481],[-1.1414,60.1536],[-1.1443,60.1583],[-1.1523,60.1588],[-1.1631,60.1686],[-1.1547,60.1737],[-1.1547,60.183],[-1.1496,60.1884],[-1.1584,60.1891],[-1.1598,60.1924],[-1.1543,60.2036],[-1.1961,60.1816],[-1.206,60.1823],[-1.1911,60.1926],[-1.1852,60.202],[-1.1874,60.204],[-1.1706,60.2084],[-1.1808,60.212],[-1.1726,60.2161],[-1.1693,60.2216],[-1.1736,60.224],[-1.197,60.2105],[-1.2077,60.2084],[-1.1949,60.2224],[-1.1966,60.2279],[-1.189,60.2309],[-1.198,60.2337],[-1.2096,60.2282],[-1.2309,60.2292],[-1.2247,60.2358],[-1.2069,60.2384],[-1.1936,60.2452],[-1.1962,60.2531],[-1.2054,60.2537],[-1.2036,60.263],[-1.2065,60.2674],[-1.1951,60.2686],[-1.1874,60.2588],[-1.1773,60.2591],[-1.1689,60.2555],[-1.1766,60.2517],[-1.1795,60.2453],[-1.1763,60.2394],[-1.1674,60.2425],[-1.1567,60.2422],[-1.1541,60.247],[-1.1443,60.2541],[-1.1434,60.2594],[-1.1306,60.2596],[-1.1219,60.2635],[-1.1153,60.2596],[-1.1047,60.2583],[-1.0962,60.2633],[-1.0974,60.2706],[-1.1079,60.266],[-1.1169,60.2712],[-1.1326,60.2715],[-1.1367,60.2738],[-1.1464,60.2707],[-1.153,60.2741],[-1.1587,60.2815],[-1.1315,60.2936],[-1.128,60.2977],[-1.1162,60.3027],[-1.1008,60.3033],[-1.0862,60.2996],[-1.0817,60.3049],[-1.0886,60.3056],[-1.0926,60.3103],[-1.08,60.3229],[-1.0854,60.326],[-1.0966,60.3216],[-1.1077,60.3218],[-1.1093,60.3268],[-1.1184,60.3269],[-1.1223,60.3237],[-1.1369,60.3267],[-1.1431,60.3322],[-1.1508,60.3316],[-1.1586,60.337],[-1.1693,60.3239],[-1.1735,60.3336],[-1.1729,60.3424],[-1.1753,60.3469],[-1.1829,60.3519],[-1.1658,60.3532],[-1.1544,60.3502],[-1.1258,60.3493],[-1.1181,60.3455],[-1.1097,60.3471],[-1.0988,60.3547],[-1.0825,60.3553],[-1.0767,60.3591],[-1.0758,60.3742],[-1.0806,60.3793],[-1.0735,60.3876],[-1.0907,60.3878],[-1.0984,60.3927],[-1.1094,60.3922],[-1.1231,60.3778],[-1.1321,60.3751],[-1.1316,60.3832],[-1.1415,60.3831],[-1.121,60.4018],[-1.1124,60.4016],[-1.1046,60.406],[-1.0981,60.406],[-1.0895,60.4098],[-1.0791,60.4191],[-1.0664,60.4276],[-1.0557,60.4321],[-1.048,60.44],[-1.0541,60.442],[-1.0491,60.4486],[-1.0649,60.4475],[-1.082,60.4373],[-1.0893,60.4368],[-1.0904,60.4315],[-1.0999,60.4267],[-1.097,60.4183],[-1.1147,60.4175],[-1.1104,60.4267],[-1.1193,60.4291],[-1.121,60.4206],[-1.1368,60.4116],[-1.122,60.4047],[-1.1243,60.403],[-1.1409,60.4005],[-1.1438,60.4041],[-1.1524,60.4032],[-1.1559,60.3975],[-1.1539,60.3923],[-1.1677,60.3838],[-1.1664,60.4008],[-1.1707,60.4034],[-1.1683,60.4133],[-1.1771,60.4133],[-1.2031,60.4048],[-1.2169,60.4012],[-1.2188,60.4054],[-1.1906,60.414],[-1.1939,60.42],[-1.2034,60.4183],[-1.2431,60.4061],[-1.2543,60.4056],[-1.229,60.4169],[-1.2143,60.4223],[-1.1959,60.4316],[-1.189,60.4228],[-1.1687,60.4201],[-1.1672,60.4222],[-1.176,60.4285],[-1.1774,60.4373],[-1.1673,60.4372],[-1.1651,60.4399],[-1.1744,60.4465],[-1.191,60.4446],[-1.1761,60.4556],[-1.1786,60.4607],[-1.1894,60.4642],[-1.2041,60.4587],[-1.2091,60.4669],[-1.2014,60.4712],[-1.2065,60.4837],[-1.2142,60.4888],[-1.2273,60.4945],[-1.2433,60.4922],[-1.247,60.485],[-1.2577,60.4806],[-1.2629,60.4761],[-1.2705,60.4769],[-1.2745,60.4858],[-1.2803,60.4877],[-1.2865,60.4846],[-1.2885,60.4746],[-1.3,60.4716],[-1.3045,60.4676],[-1.2973,60.4603],[-1.2875,60.4571],[-1.278,60.4583],[-1.2722,60.4529],[-1.2608,60.449],[-1.2603,60.4435],[-1.2678,60.4418],[-1.2733,60.4445],[-1.2851,60.4412],[-1.2963,60.4438],[-1.3117,60.44],[-1.3162,60.4375],[-1.3285,60.4377],[-1.3354,60.4342],[-1.344,60.4268],[-1.3461,60.42],[-1.3457,60.4073],[-1.3536,60.3999],[-1.3679,60.3983],[-1.3779,60.3939],[-1.3839,60.3978],[-1.3823,60.4033],[-1.3727,60.4042],[-1.3728,60.4121],[-1.3625,60.4113],[-1.3561,60.4133],[-1.3621,60.4199],[-1.3633,60.4294],[-1.358,60.4306],[-1.3545,60.4385],[-1.3451,60.4417],[-1.3334,60.448],[-1.3236,60.4494],[-1.3203,60.4527],[-1.3251,60.4587],[-1.3332,60.4623],[-1.3261,60.4688],[-1.3252,60.4744],[-1.3282,60.4801],[-1.3163,60.4794],[-1.3109,60.4826],[-1.3165,60.4882],[-1.3154,60.4979],[-1.3269,60.4952],[-1.3354,60.4853],[-1.3336,60.478],[-1.3458,60.4797],[-1.3446,60.4839],[-1.3376,60.4882],[-1.3341,60.4991],[-1.3433,60.5034],[-1.3341,60.5068],[-1.3263,60.5069],[-1.324,60.5105],[-1.3376,60.5194],[-1.3467,60.5196],[-1.3473,60.5233],[-1.3261,60.5238],[-1.3313,60.5291],[-1.3414,60.53],[-1.3543,60.5289],[-1.3581,60.5327],[-1.3523,60.5395],[-1.3398,60.5371],[-1.3345,60.5401],[-1.3209,60.5371],[-1.3155,60.5445],[-1.3177,60.5541],[-1.3139,60.5591],[-1.3138,60.5708],[-1.3256,60.5788],[-1.3356,60.5833],[-1.3238,60.587],[-1.3195,60.5834],[-1.3047,60.5948],[-1.3088,60.6033],[-1.3042,60.6072],[-1.3047,60.6171],[-1.3006,60.62],[-1.3064,60.6236],[-1.3153,60.6255],[-1.3077,60.6365],[-1.3319,60.6251],[-1.3449,60.6248],[-1.3495,60.6192],[-1.3483,60.6088],[-1.375,60.6065],[-1.3878,60.6102],[-1.3905,60.6127],[-1.4039,60.6116],[-1.406,60.6153],[-1.4197,60.6154],[-1.4216,60.6112],[-1.4347,60.6032],[-1.4233,60.6008],[-1.4387,60.5955],[-1.4455,60.5877],[-1.4343,60.5818],[-1.4347,60.5739],[-1.448,60.5716],[-1.4585,60.5646],[-1.4663,60.5616],[-1.4722,60.5534],[-1.4835,60.5486],[-1.4947,60.5459],[-1.4972,60.5403],[-1.4938,60.5338],[-1.4838,60.5312],[-1.4662,60.5165],[-1.4564,60.5117],[-1.4441,60.5095],[-1.4343,60.5119],[-1.411,60.5117],[-1.3973,60.5152],[-1.396,60.512],[-1.4097,60.5088],[-1.4275,60.5079],[-1.4456,60.5038],[-1.4571,60.5091],[-1.4671,60.5102],[-1.4749,60.5132],[-1.4875,60.5213],[-1.5078,60.5288],[-1.5176,60.5312],[-1.5227,60.5373],[-1.5196,60.5475],[-1.5236,60.5523],[-1.5347,60.5554],[-1.5434,60.5511],[-1.5559,60.5483],[-1.5603,60.5451],[-1.5694,60.5256],[-1.568,60.513],[-1.5754,60.5092],[-1.5625,60.5044],[-1.5694,60.5005],[-1.5849,60.5078],[-1.6104,60.5088],[-1.6156,60.5002],[-1.6331,60.4872],[-1.6292,60.4809],[-1.6072,60.4783],[-1.6008,60.4797],[-1.5925,60.477],[-1.585,60.4818],[-1.5691,60.4788],[-1.5684,60.4817],[-1.555,60.4905],[-1.5353,60.48],[-1.5272,60.4815],[-1.519,60.4784],[-1.5013,60.4847],[-1.4933,60.4772],[-1.5085,60.4736],[-1.5055,60.4717],[-1.5123,60.466],[-1.5014,60.4566],[-1.4885,60.4585],[-1.4896,60.4626],[-1.4823,60.4664],[-1.4817,60.4711],[-1.4888,60.4753],[-1.477,60.4795],[-1.4579,60.4915],[-1.4537,60.4878],[-1.4638,60.4782],[-1.4654,60.4675],[-1.4562,60.4668],[-1.4445,60.4701],[-1.4424,60.4652],[-1.4618,60.4654],[-1.4691,60.4596],[-1.4665,60.4542],[-1.4601,60.4498],[-1.4361,60.4511],[-1.4317,60.4481],[-1.4493,60.4442],[-1.4499,60.436],[-1.4557,60.4345],[-1.4577,60.4297],[-1.4518,60.4216],[-1.4527,60.416],[-1.4407,60.4157],[-1.4308,60.4133],[-1.4051,60.4172],[-1.4141,60.4101],[-1.4147,60.4037],[-1.4021,60.3977],[-1.4121,60.3919],[-1.4122,60.3888],[-1.4025,60.3826],[-1.3781,60.3767],[-1.374,60.3843],[-1.366,60.392],[-1.3531,60.3942],[-1.3527,60.3868],[-1.3492,60.3799],[-1.3524,60.3735],[-1.3603,60.3728],[-1.3641,60.3691],[-1.3514,60.3679],[-1.3407,60.3653],[-1.3349,60.3676],[-1.3034,60.3699],[-1.2955,60.368],[-1.2873,60.3633],[-1.2849,60.357],[-1.2715,60.356],[-1.2626,60.3514],[-1.271,60.3488],[-1.2783,60.3531],[-1.3011,60.3607],[-1.3062,60.3588],[-1.3278,60.3576],[-1.3381,60.36],[-1.3409,60.3574],[-1.334,60.3533],[-1.3385,60.3471],[-1.3377,60.3418],[-1.3315,60.3368],[-1.3398,60.3346],[-1.3459,60.3377],[-1.3493,60.3451],[-1.3643,60.3416],[-1.37,60.3367],[-1.3665,60.3278],[-1.3699,60.3236],[-1.3673,60.3158],[-1.3693,60.311],[-1.3645,60.3045],[-1.3568,60.3008],[-1.367,60.2973],[-1.3677,60.2874],[-1.3763,60.285],[-1.3804,60.2878],[-1.3802,60.2996],[-1.3896,60.3049],[-1.385,60.3075],[-1.3876,60.3136],[-1.4114,60.3203],[-1.4189,60.315],[-1.4249,60.325],[-1.4299,60.3282],[-1.4456,60.3189],[-1.4541,60.3179],[-1.4594,60.3136],[-1.4523,60.3089],[-1.4621,60.3041],[-1.4762,60.3078],[-1.4821,60.3024],[-1.478,60.2887],[-1.4703,60.2874],[-1.4792,60.2757],[-1.4828,60.2888],[-1.4891,60.2982],[-1.4915,60.3058],[-1.4983,60.318],[-1.5112,60.3189],[-1.5318,60.3119],[-1.5377,60.308],[-1.5448,60.3089],[-1.5517,60.3034],[-1.5488,60.2952],[-1.5598,60.2975],[-1.5666,60.2947],[-1.5743,60.3016],[-1.5772,60.2948],[-1.5694,60.2933],[-1.5732,60.2874],[-1.5838,60.2931],[-1.5954,60.2967],[-1.6012,60.3066],[-1.6144,60.3053],[-1.6211,60.3069],[-1.6335,60.3051],[-1.6428,60.3081],[-1.648,60.3037],[-1.6662,60.3045],[-1.6826,60.3016],[-1.6934,60.2982],[-1.7021,60.285],[-1.6941,60.2814],[-1.6813,60.2792],[-1.688,60.2753],[-1.6848,60.2694],[-1.6918,60.2602],[-1.7023,60.2558],[-1.6862,60.2515],[-1.6946,60.2466],[-1.6912,60.2429],[-1.6917,60.235],[-1.6829,60.2362],[-1.6549,60.2265],[-1.6454,60.2248],[-1.6522,60.2209],[-1.6496,60.2166],[-1.6414,60.2139],[-1.6241,60.2111],[-1.6196,60.2062],[-1.6073,60.2105],[-1.5981,60.2105],[-1.604,60.2163],[-1.6036,60.2205],[-1.5879,60.2188],[-1.5857,60.2218],[-1.5747,60.2191],[-1.566,60.2284],[-1.5575,60.2153],[-1.5619,60.2062],[-1.5569,60.199],[-1.5509,60.2072],[-1.5329,60.2172],[-1.5213,60.2194],[-1.52,60.2294],[-1.5306,60.234],[-1.5289,60.2427],[-1.5199,60.2392],[-1.5163,60.2329],[-1.5057,60.2284],[-1.5063,60.2209],[-1.5033,60.215],[-1.4776,60.219],[-1.4757,60.2163],[-1.4987,60.2129],[-1.5042,60.2081],[-1.5155,60.2089],[-1.5288,60.2073],[-1.533,60.2043],[-1.5418,60.2042],[-1.5402,60.1989],[-1.5466,60.1865],[-1.5329,60.1792],[-1.5143,60.1817],[-1.5137,60.1761],[-1.5073,60.1628],[-1.4956,60.163],[-1.4746,60.1601],[-1.464,60.1549],[-1.4624,60.1463],[-1.4512,60.1526],[-1.4497,60.1607],[-1.4531,60.1756],[-1.4461,60.1754],[-1.4336,60.1689],[-1.421,60.1646],[-1.4136,60.1699],[-1.4122,60.1738],[-1.405,60.1789],[-1.4076,60.1859],[-1.4038,60.1927],[-1.4066,60.1944],[-1.401,60.2004],[-1.4027,60.2095],[-1.3897,60.2022],[-1.379,60.2033],[-1.3758,60.209],[-1.3682,60.2095],[-1.367,60.1991],[-1.3699,60.1913],[-1.3605,60.1936],[-1.3634,60.1986],[-1.361,60.2019],[-1.3616,60.2145],[-1.3733,60.2209],[-1.3767,60.228],[-1.3768,60.2367],[-1.3885,60.235],[-1.3974,60.2407],[-1.4051,60.2426],[-1.4096,60.249],[-1.4155,60.252],[-1.411,60.2551],[-1.4034,60.251],[-1.4014,60.2458],[-1.3933,60.2441],[-1.3856,60.2455],[-1.3833,60.2503],[-1.3693,60.2459],[-1.3579,60.2456],[-1.3513,60.2395],[-1.3556,60.2363],[-1.3674,60.2397],[-1.3687,60.2347],[-1.3602,60.2282],[-1.3639,60.2233],[-1.3597,60.2164],[-1.3482,60.2162],[-1.3497,60.2088],[-1.3484,60.2019],[-1.3404,60.2047],[-1.3374,60.2086],[-1.3218,60.2183],[-1.3135,60.2267],[-1.3139,60.2313],[-1.2988,60.2374],[-1.2915,60.2349],[-1.2966,60.2295],[-1.3029,60.2275],[-1.3012,60.2179],[-1.3065,60.2163],[-1.315,60.1921],[-1.3195,60.1867],[-1.3254,60.1749],[-1.3211,60.1733],[-1.3082,60.1943],[-1.3065,60.2011],[-1.296,60.2101],[-1.2893,60.2105],[-1.2878,60.2172],[-1.2814,60.2161],[-1.2693,60.2371],[-1.2657,60.2328],[-1.2689,60.2258],[-1.2819,60.2106],[-1.2902,60.2055],[-1.2984,60.2047],[-1.3025,60.2007],[-1.3047,60.1928],[-1.3095,60.187],[-1.3154,60.1728],[-1.3178,60.1712],[-1.3129,60.1636],[-1.3023,60.1816],[-1.2951,60.1862],[-1.2971,60.193],[-1.287,60.1968],[-1.2835,60.195],[-1.2892,60.1866],[-1.2858,60.1841],[-1.2956,60.1698],[-1.2974,60.1588],[-1.3022,60.1494],[-1.2913,60.1458],[-1.3025,60.1388],[-1.3041,60.135],[-1.2981,60.1322],[-1.2853,60.1334],[-1.2787,60.1374],[-1.2673,60.1357],[-1.2755,60.1126],[-1.2804,60.0933],[-1.2896,60.0829],[-1.2946,60.0694],[-1.303,60.0603],[-1.3084,60.0421],[-1.3066,60.0367],[-1.3107,60.0304],[-1.318,60.0249],[-1.3201,60.0184],[-1.3182,60.0133],[-1.3242,60.0059],[-1.3366,60.0054],[-1.3469,59.9966],[-1.3454,59.9928],[-1.3377,59.9872],[-1.3375,59.9813],[-1.3284,59.9769],[-1.3315,59.971],[-1.3393,59.9739],[-1.3512,59.974],[-1.3579,59.9717],[-1.3562,59.968],[-1.3319,59.9694],[-1.331,59.9657],[-1.3372,59.9532],[-1.3296,59.9529],[-1.331,59.9459],[-1.3407,59.9462],[-1.3505,59.9437],[-1.3617,59.9451],[-1.3682,59.9328],[-1.3632,59.9307],[-1.3703,59.9248],[-1.3636,59.9206],[-1.3686,59.9172],[-1.3821,59.9139],[-1.3918,59.9155],[-1.3852,59.899],[-1.379,59.8944],[-1.3807,59.8888],[-1.359,59.8915],[-1.35,59.8835],[-1.3452,59.8899],[-1.3469,59.8943],[-1.3383,59.8992],[-1.3181,59.8969],[-1.3174,59.8902],[-1.3061,59.8815],[-1.3162,59.8695],[-1.3104,59.8634],[-1.3013,59.8697],[-1.3012,59.8752],[-1.2942,59.8754],[-1.2886,59.8714],[-1.2813,59.8602],[-1.2707,59.8588],[-1.2735,59.8725],[-1.2844,59.873],[-1.2795,59.8779],[-1.2836,59.8841],[-1.2718,59.8864],[-1.2756,59.8967],[-1.2707,59.8989],[-1.2701,59.9093],[-1.2841,59.9142],[-1.2874,59.9217],[-1.272,59.9202],[-1.2651,59.9327],[-1.2574,59.9385],[-1.2642,59.9512],[-1.2566,59.9544],[-1.2553,59.9616],[-1.2598,59.9687],[-1.2551,59.9729],[-1.2639,59.9752],[-1.2727,59.992],[-1.2616,59.9888],[-1.2572,59.9924],[-1.2431,59.9927],[-1.237,59.9817],[-1.2264,59.9956],[-1.2207,59.995],[-1.2173,59.9858],[-1.2118,59.9838],[-1.2141,59.9772],[-1.2061,59.9721],[-1.2019,59.9751],[-1.2082,59.9867],[-1.2014,59.9939],[-1.2096,59.9967],[-1.2163,60.0064],[-1.2219,60.0069],[-1.2221,60.0131],[-1.228,60.0176],[-1.2332,60.0271],[-1.2328,60.0335],[-1.2052,60.0358],[-1.2027,60.0379],[-1.1784,60.0374],[-1.1896,60.0444],[-1.196,60.0443],[-1.2038,60.0506],[-1.1973,60.055],[-1.2016,60.0595],[-1.2128,60.0656],[-1.2081,60.072],[-1.2121,60.0762],[-1.2068,60.0898],[-1.2237,60.098],[-1.2086,60.1046],[-1.1995,60.107],[-1.1941,60.1185],[-1.2067,60.1242],[-1.2038,60.1302],[-1.1899,60.1282],[-1.1756,60.1204],[-1.1713,60.1244],[-1.1761,60.1298],[-1.1752,60.1381],[-1.1643,60.1407],[-1.1612,60.1313],[-1.1517,60.1331]]],[[[-1.074,60.7325],[-1.0762,60.7277],[-1.0826,60.7259],[-1.0947,60.7302],[-1.107,60.7308],[-1.1268,60.7268],[-1.1215,60.7186],[-1.1294,60.7145],[-1.1268,60.7095],[-1.1353,60.7049],[-1.1286,60.6956],[-1.1287,60.6898],[-1.1337,60.688],[-1.1282,60.6828],[-1.1319,60.6773],[-1.1306,60.6718],[-1.1378,60.6668],[-1.1369,60.664],[-1.1404,60.6507],[-1.1449,60.6503],[-1.1465,60.6382],[-1.1442,60.6332],[-1.1462,60.6277],[-1.1315,60.624],[-1.1212,60.6178],[-1.1166,60.6117],[-1.1241,60.6113],[-1.1318,60.6194],[-1.1373,60.6223],[-1.1481,60.6226],[-1.1546,60.6279],[-1.1537,60.6391],[-1.1562,60.6425],[-1.1527,60.6492],[-1.1548,60.6549],[-1.1667,60.6501],[-1.1712,60.6429],[-1.1773,60.6425],[-1.1815,60.6359],[-1.1881,60.6331],[-1.19,60.6262],[-1.1875,60.6227],[-1.2031,60.6047],[-1.1992,60.6016],[-1.2002,60.5946],[-1.1968,60.593],[-1.1872,60.5819],[-1.1951,60.5793],[-1.2018,60.5666],[-1.196,60.5626],[-1.184,60.5605],[-1.1804,60.5544],[-1.1897,60.5471],[-1.185,60.5374],[-1.1766,60.5273],[-1.1801,60.5234],[-1.1732,60.5203],[-1.1726,60.508],[-1.1652,60.4973],[-1.1528,60.4949],[-1.1532,60.4886],[-1.1458,60.4866],[-1.1374,60.4888],[-1.1338,60.4858],[-1.1213,60.4881],[-1.1115,60.483],[-1.0991,60.4864],[-1.0978,60.4904],[-1.1093,60.4938],[-1.1156,60.4931],[-1.1223,60.4994],[-1.1161,60.5068],[-1.1053,60.5013],[-1.1012,60.4963],[-1.0916,60.4998],[-1.0688,60.4899],[-1.0591,60.4941],[-1.0409,60.4906],[-1.0357,60.4997],[-1.0342,60.5087],[-1.0287,60.511],[-1.0298,60.5239],[-1.0215,60.5305],[-1.0381,60.5306],[-1.0435,60.5338],[-1.0356,60.5388],[-1.0486,60.5436],[-1.0482,60.5503],[-1.0381,60.5477],[-1.0279,60.5495],[-1.0209,60.5472],[-1.0136,60.5489],[-1.0177,60.5544],[-1.0178,60.5628],[-1.004,60.5661],[-1.0092,60.5742],[-1.003,60.581],[-1.0161,60.5817],[-1.0154,60.5889],[-1.0198,60.5908],[-1.0292,60.5889],[-1.0309,60.5972],[-1.0478,60.5962],[-1.0606,60.598],[-1.0643,60.6034],[-1.0787,60.6062],[-1.0703,60.6111],[-1.0556,60.6075],[-1.0473,60.6004],[-1.0396,60.6054],[-1.0282,60.6055],[-1.0191,60.6175],[-1.0229,60.6285],[-1.0324,60.6301],[-1.0441,60.635],[-1.0457,60.6397],[-1.0523,60.642],[-1.051,60.646],[-1.0556,60.6543],[-1.0635,60.6594],[-1.0574,60.6615],[-1.0477,60.6593],[-1.0431,60.655],[-1.0435,60.6506],[-1.0392,60.6457],[-1.0172,60.6387],[-1.0012,60.6384],[-0.9986,60.6335],[-0.9898,60.6367],[-0.9967,60.642],[-0.9982,60.6497],[-0.9891,60.6551],[-0.9973,60.6681],[-0.9977,60.6747],[-0.9932,60.6783],[-1.0018,60.6934],[-0.997,60.706],[-1.005,60.7065],[-1.0078,60.7157],[-1.0011,60.716],[-0.9998,60.7213],[-1.0096,60.7198],[-1.015,60.7222],[-1.0119,60.727],[-1.0252,60.7261],[-1.0302,60.7291],[-1.042,60.7228],[-1.052,60.7273],[-1.0691,60.7298],[-1.074,60.7325]]],[[[-0.9086,60.8237],[-0.9083,60.8206],[-0.9177,60.8154],[-0.9286,60.8172],[-0.933,60.8115],[-0.9258,60.8103],[-0.9326,60.8038],[-0.9485,60.798],[-0.9473,60.795],[-0.9547,60.7914],[-0.9326,60.7822],[-0.9367,60.7782],[-0.934,60.7751],[-0.9394,60.7667],[-0.9395,60.7627],[-0.9458,60.7599],[-0.9415,60.7492],[-0.9456,60.744],[-0.9596,60.7425],[-0.9608,60.7376],[-0.9576,60.7317],[-0.9653,60.7289],[-0.9549,60.725],[-0.9572,60.7211],[-0.9652,60.7192],[-0.9771,60.7203],[-0.9774,60.7101],[-0.9717,60.7081],[-0.9719,60.7019],[-0.9663,60.6967],[-0.9807,60.6892],[-0.9807,60.6838],[-0.969,60.6854],[-0.9657,60.676],[-0.9575,60.6769],[-0.9468,60.6736],[-0.9386,60.6744],[-0.9275,60.6801],[-0.9241,60.6861],[-0.9143,60.6898],[-0.9049,60.689],[-0.9058,60.6845],[-0.8833,60.681],[-0.8701,60.6775],[-0.8649,60.6795],[-0.8535,60.6761],[-0.8441,60.6829],[-0.8317,60.6846],[-0.8347,60.6925],[-0.8479,60.6944],[-0.8559,60.6984],[-0.8647,60.6971],[-0.8705,60.7014],[-0.8626,60.707],[-0.8586,60.7183],[-0.8526,60.7224],[-0.8407,60.7222],[-0.8375,60.7291],[-0.8175,60.7375],[-0.8131,60.7486],[-0.8214,60.7549],[-0.8372,60.7515],[-0.8581,60.754],[-0.8416,60.7604],[-0.8304,60.7607],[-0.803,60.7586],[-0.8095,60.7643],[-0.8103,60.7696],[-0.8184,60.7706],[-0.8164,60.7749],[-0.821,60.7804],[-0.8318,60.7872],[-0.8252,60.7895],[-0.8112,60.7848],[-0.7986,60.7842],[-0.788,60.7808],[-0.7794,60.7836],[-0.7816,60.7924],[-0.7795,60.7987],[-0.7882,60.8049],[-0.7996,60.8048],[-0.8034,60.8106],[-0.7976,60.8136],[-0.7824,60.8141],[-0.7788,60.8191],[-0.788,60.8254],[-0.7896,60.8294],[-0.8007,60.8341],[-0.8078,60.8301],[-0.8161,60.8348],[-0.8269,60.831],[-0.8322,60.8341],[-0.8364,60.8411],[-0.8486,60.8375],[-0.8557,60.8248],[-0.855,60.8183],[-0.8607,60.812],[-0.872,60.8046],[-0.8789,60.8071],[-0.8728,60.8122],[-0.8661,60.8335],[-0.8699,60.8417],[-0.8752,60.8457],[-0.8846,60.8456],[-0.8943,60.843],[-0.8982,60.8373],[-0.8958,60.8299],[-0.9038,60.8285],[-0.9086,60.8237]]],[[[-0.8087,60.6061],[-0.8168,60.6033],[-0.8251,60.6073],[-0.8214,60.6116],[-0.8235,60.621],[-0.8378,60.6293],[-0.8433,60.6276],[-0.8569,60.6294],[-0.8596,60.6319],[-0.8701,60.6325],[-0.8767,60.6302],[-0.8859,60.6226],[-0.899,60.6206],[-0.9104,60.6241],[-0.9127,60.6268],[-0.926,60.6272],[-0.9362,60.6308],[-0.9385,60.6242],[-0.947,60.6208],[-0.9452,60.6149],[-0.9392,60.6096],[-0.939,60.6039],[-0.9286,60.5985],[-0.9142,60.584],[-0.9147,60.581],[-0.9085,60.5717],[-0.8961,60.567],[-0.8879,60.5621],[-0.8755,60.5664],[-0.8674,60.5661],[-0.8602,60.5689],[-0.8731,60.5766],[-0.8768,60.5815],[-0.8899,60.5835],[-0.897,60.5872],[-0.8951,60.5916],[-0.883,60.5901],[-0.8704,60.5924],[-0.8572,60.592],[-0.8481,60.5835],[-0.8423,60.587],[-0.8305,60.5878],[-0.83,60.583],[-0.8252,60.5791],[-0.8116,60.5762],[-0.8031,60.5725],[-0.7928,60.572],[-0.7893,60.5847],[-0.7774,60.5882],[-0.7715,60.5919],[-0.7665,60.6047],[-0.7732,60.6053],[-0.7776,60.616],[-0.7857,60.6116],[-0.7912,60.613],[-0.8004,60.5999],[-0.8089,60.5992],[-0.8087,60.6061]]],[[[-1.0805,60.188],[-1.0886,60.1828],[-1.0892,60.1787],[-1.0755,60.1737],[-1.0781,60.1712],[-1.0888,60.1717],[-1.0954,60.1783],[-1.1161,60.1792],[-1.1321,60.184],[-1.1369,60.1797],[-1.146,60.1788],[-1.1478,60.173],[-1.1385,60.1635],[-1.1226,60.1592],[-1.1167,60.1558],[-1.1128,60.1493],[-1.117,60.1404],[-1.1264,60.1379],[-1.1221,60.1286],[-1.121,60.1198],[-1.0979,60.1099],[-1.0814,60.1067],[-1.0745,60.108],[-1.0691,60.1128],[-1.0667,60.1221],[-1.0676,60.1298],[-1.0621,60.1387],[-1.0521,60.1417],[-1.0498,60.1621],[-1.0457,60.1671],[-1.0528,60.1689],[-1.0561,60.1621],[-1.0715,60.1581],[-1.0766,60.1625],[-1.0723,60.166],[-1.0696,60.1746],[-1.0758,60.1873],[-1.0805,60.188]]],[[[-0.9149,60.3849],[-0.9182,60.3818],[-0.9287,60.3814],[-0.9337,60.3776],[-0.9456,60.3794],[-0.9569,60.3792],[-0.9617,60.383],[-0.97,60.3795],[-0.969,60.3759],[-0.9746,60.3711],[-0.9823,60.3688],[-0.997,60.3703],[-1.0188,60.3584],[-1.0229,60.3516],[-1.0157,60.3479],[-1.0259,60.3438],[-1.0388,60.3407],[-1.0378,60.3349],[-1.0256,60.3348],[-1.0036,60.3268],[-0.9789,60.3315],[-0.9747,60.3357],[-0.9757,60.3398],[-0.9646,60.3427],[-0.9572,60.3493],[-0.9402,60.3593],[-0.9373,60.3657],[-0.9289,60.3697],[-0.9233,60.3748],[-0.902,60.3815],[-0.9149,60.3849]]],[[[-1.4262,60.3888],[-1.4285,60.3911],[-1.4401,60.3905],[-1.4491,60.3866],[-1.456,60.381],[-1.4553,60.3767],[-1.4742,60.3756],[-1.4718,60.3697],[-1.4653,60.367],[-1.4636,60.3562],[-1.4521,60.3489],[-1.438,60.3475],[-1.4143,60.3481],[-1.4085,60.347],[-1.4002,60.3514],[-1.3902,60.3524],[-1.381,60.3585],[-1.3788,60.3675],[-1.3827,60.3762],[-1.3915,60.3764],[-1.4083,60.3835],[-1.4146,60.3816],[-1.4262,60.3888]]],[[[-2.0715,60.157],[-2.0846,60.1561],[-2.0906,60.1531],[-2.1117,60.1461],[-2.1144,60.1412],[-2.1115,60.137],[-2.1164,60.1339],[-2.0968,60.1303],[-2.0836,60.1185],[-2.0705,60.1174],[-2.0647,60.1136],[-2.0532,60.1147],[-2.0496,60.1201],[-2.0497,60.1259],[-2.0454,60.1279],[-2.0478,60.1336],[-2.0402,60.1402],[-2.0491,60.1478],[-2.054,60.155],[-2.0604,60.1533],[-2.0715,60.157]]],[[[-1.7199,60.3462],[-1.7313,60.346],[-1.739,60.3367],[-1.7274,60.3295],[-1.7246,60.3236],[-1.715,60.3223],[-1.7013,60.3281],[-1.6971,60.3246],[-1.7063,60.3183],[-1.7005,60.3153],[-1.6913,60.3148],[-1.6845,60.3196],[-1.6666,60.3213],[-1.661,60.3244],[-1.6766,60.329],[-1.665,60.3335],[-1.6644,60.3406],[-1.6817,60.3405],[-1.6817,60.3348],[-1.6874,60.3314],[-1.6911,60.3411],[-1.7097,60.3427],[-1.7199,60.3462]]],[[[-1.6071,59.5532],[-1.6187,59.5504],[-1.6343,59.5517],[-1.64,59.5483],[-1.636,59.5446],[-1.6445,59.5426],[-1.6436,59.534],[-1.6501,59.5308],[-1.6489,59.5216],[-1.6582,59.5224],[-1.648,59.5125],[-1.639,59.5117],[-1.627,59.5154],[-1.6246,59.52],[-1.6276,59.5251],[-1.6163,59.5254],[-1.6111,59.5283],[-1.6162,59.5328],[-1.6032,59.5357],[-1.5971,59.5397],[-1.6128,59.5404],[-1.6101,59.5463],[-1.6042,59.5479],[-1.6071,59.5532]]],[[[-1.3149,60.117],[-1.3219,60.1092],[-1.3202,60.1066],[-1.3438,60.103],[-1.3272,60.1006],[-1.3288,60.0913],[-1.3426,60.0882],[-1.3463,60.0838],[-1.3548,60.0798],[-1.3538,60.0753],[-1.3572,60.0693],[-1.3535,60.0602],[-1.3656,60.0492],[-1.3782,60.0471],[-1.3736,60.0419],[-1.3648,60.0414],[-1.3487,60.0517],[-1.3499,60.056],[-1.3405,60.0582],[-1.3382,60.0697],[-1.333,60.0735],[-1.3335,60.0818],[-1.3269,60.0847],[-1.3163,60.0958],[-1.3174,60.0995],[-1.3105,60.1044],[-1.3149,60.117]]],[[[-1.2992,60.0968],[-1.3129,60.0945],[-1.3147,60.0913],[-1.3322,60.078],[-1.327,60.0722],[-1.3308,60.0644],[-1.3254,60.0616],[-1.3321,60.0523],[-1.3392,60.0487],[-1.3411,60.0428],[-1.3319,60.0416],[-1.3323,60.0468],[-1.3248,60.0507],[-1.3186,60.0602],[-1.3244,60.0614],[-1.3206,60.0676],[-1.3142,60.0669],[-1.3048,60.081],[-1.2976,60.0869],[-1.2965,60.0941],[-1.2992,60.0968]]],[[[-1.4722,60.3371],[-1.4731,60.3414],[-1.4833,60.3386],[-1.4883,60.329],[-1.4848,60.3259],[-1.4748,60.3285],[-1.4662,60.3268],[-1.4672,60.3235],[-1.4822,60.3205],[-1.4755,60.3176],[-1.4794,60.3139],[-1.4732,60.311],[-1.4675,60.3142],[-1.4686,60.3185],[-1.4588,60.3186],[-1.4491,60.3238],[-1.4487,60.3295],[-1.4581,60.3315],[-1.459,60.3349],[-1.4722,60.3371]]],[[[-1.0358,60.1544],[-1.0453,60.1495],[-1.032,60.1465],[-1.0324,60.1418],[-1.0233,60.1347],[-1.0139,60.1313],[-1.0083,60.1344],[-1.0033,60.1441],[-1.0048,60.1497],[-1.0109,60.1523],[-1.0292,60.151],[-1.0358,60.1544]]],[[[-1.5875,60.2098],[-1.6004,60.2048],[-1.6055,60.2007],[-1.5973,60.1951],[-1.5821,60.1945],[-1.5691,60.1961],[-1.568,60.2033],[-1.5789,60.209],[-1.5875,60.2098]]],[[[-0.9951,60.6193],[-0.9997,60.6188],[-0.9999,60.6113],[-1.0146,60.6022],[-1.0115,60.5988],[-1.0005,60.5976],[-1.0039,60.6036],[-0.9951,60.607],[-0.9891,60.6029],[-0.98,60.6031],[-0.971,60.6093],[-0.9707,60.6156],[-0.9821,60.616],[-0.9951,60.6193]]],[[[-1.2738,60.1309],[-1.2819,60.13],[-1.3005,60.1245],[-1.3005,60.1181],[-1.2968,60.1149],[-1.2978,60.1085],[-1.3047,60.1063],[-1.304,60.0992],[-1.2943,60.1015],[-1.2849,60.108],[-1.2854,60.1183],[-1.283,60.125],[-1.277,60.1262],[-1.2738,60.1309]]],[[[-0.9071,60.6794],[-0.9196,60.6778],[-0.9193,60.6735],[-0.9029,60.6677],[-0.9019,60.6626],[-0.8889,60.6636],[-0.8794,60.668],[-0.8956,60.676],[-0.9071,60.6794]]],[[[-1.3826,60.3415],[-1.3949,60.341],[-1.3917,60.3334],[-1.4039,60.3316],[-1.4036,60.3269],[-1.3957,60.3215],[-1.3823,60.327],[-1.3835,60.3304],[-1.3759,60.3375],[-1.3826,60.3415]]],[[[-0.7596,60.4312],[-0.7723,60.4305],[-0.7769,60.4273],[-0.7696,60.4249],[-0.7683,60.42],[-0.7613,60.4183],[-0.7449,60.4241],[-0.7448,60.4301],[-0.7596,60.4312]]],[[[-1.1806,60.0053],[-1.1908,60.0083],[-1.193,60.005],[-1.1854,60.0023],[-1.1809,59.997],[-1.1814,59.9924],[-1.1695,59.9915],[-1.1638,59.9967],[-1.1718,60.0034],[-1.1806,60.0053]]],[[[-1.0265,60.3704],[-1.0365,60.369],[-1.0458,60.3622],[-1.041,60.3516],[-1.0319,60.3549],[-1.0346,60.3593],[-1.0265,60.3704]]],[[[-1.3597,60.1517],[-1.3666,60.1482],[-1.3692,60.1436],[-1.3592,60.1393],[-1.3503,60.147],[-1.3597,60.1517]]],[[[-0.7904,60.7603],[-0.7965,60.7565],[-0.7923,60.7539],[-0.7932,60.7471],[-0.7994,60.7441],[-0.793,60.7402],[-0.7846,60.7466],[-0.7881,60.7488],[-0.7904,60.7603]]],[[[-1.1936,60.4984],[-1.1956,60.4917],[-1.1889,60.4865],[-1.1812,60.4877],[-1.1865,60.495],[-1.1936,60.4984]]],[[[-1.1548,60.4751],[-1.1627,60.4665],[-1.1507,60.4627],[-1.1418,60.4622],[-1.1548,60.4751]]],[[[-1.3686,60.1231],[-1.3779,60.1192],[-1.3751,60.1134],[-1.3674,60.1138],[-1.3596,60.12],[-1.3686,60.1231]]],[[[-1.3569,60.3613],[-1.3677,60.3592],[-1.3661,60.3535],[-1.3581,60.353],[-1.3534,60.3583],[-1.3569,60.3613]]],[[[-1.1525,60.4474],[-1.1601,60.4403],[-1.1485,60.4393],[-1.1525,60.4474]]],[[[-0.9859,60.6721],[-0.9773,60.6614],[-0.972,60.6643],[-0.9859,60.6721]]]]},"properties":{"HA_NUM":108,"HA_NAME":"Shetlands"}},
{"type":"Feature","geometry":{"type":"MultiPolygon","coordinates":[[[[-6.9129,54.8202],[-6.9191,54.8207],[-6.9337,54.8276],[-6.9379,54.8317],[-6.9484,54.8335],[-6.9531,54.8304],[-6.9663,54.831],[-6.9703,54.8283],[-6.9865,54.8321],[-6.9959,54.8286],[-7.0004,54.8228],[-7.0133,54.8202],[-7.0253,54.8212],[-7.0397,54.8204],[-7.0547,54.812],[-7.0656,54.8112],[-7.0756,54.8157],[-7.0938,54.8177],[-7.1013,54.8132],[-7.1239,54.8138],[-7.1321,54.8103],[-7.1698,54.8317],[-7.1864,54.8354],[-7.1988,54.8404],[-7.1941,54.8431],[-7.1971,54.848],[-7.2041,54.8469],[-7.2126,54.8508],[-7.2031,54.8602],[-7.1921,54.8642],[-7.1815,54.8654],[-7.1764,54.8683],[-7.1888,54.8742],[-7.2002,54.8862],[-7.2143,54.8843],[-7.2201,54.8868],[-7.229,54.8875],[-7.2353,54.8858],[-7.246,54.895],[-7.2573,54.8969],[-7.2623,54.8994],[-7.263,54.9044],[-7.2559,54.9086],[-7.2566,54.9131],[-7.2658,54.9199],[-7.2806,54.9213],[-7.3044,54.9205],[-7.322,54.9162],[-7.326,54.9117],[-7.3338,54.914],[-7.339,54.9273],[-7.3389,54.932],[-7.347,54.9383],[-7.3575,54.9413],[-7.3512,54.9455],[-7.3519,54.9509],[-7.3573,54.9541],[-7.3595,54.9597],[-7.342,54.958],[-7.3369,54.9605],[-7.3244,54.9615],[-7.3212,54.9669],[-7.3141,54.9707],[-7.3155,54.9781],[-7.2943,54.9867],[-7.2911,54.9905],[-7.2821,54.9909],[-7.2707,54.9963],[-7.2642,55.0077],[-7.2716,55.012],[-7.2797,55.0138],[-7.2804,55.0224],[-7.2685,55.0313],[-7.2622,55.0312],[-7.2512,55.0366],[-7.24,55.0468],[-7.2657,55.0404],[-7.2894,55.0202],[-7.2877,55.0121],[-7.2906,55.0089],[-7.3026,55.0057],[-7.3139,55.0045],[-7.3157,54.9999],[-7.3133,54.9953],[-7.3166,54.9897],[-7.3292,54.9846],[-7.3432,54.9826],[-7.3493,54.9778],[-7.3563,54.9637],[-7.3717,54.9566],[-7.3829,54.9469],[-7.3967,54.9424],[-7.4081,54.9402],[-7.4144,54.9415],[-7.428,54.9393],[-7.4377,54.9356],[-7.4454,54.929],[-7.4442,54.9185],[-7.44,54.913],[-7.4406,54.9086],[-7.4483,54.9024],[-7.4493,54.8945],[-7.444,54.8878],[-7.4413,54.8811],[-7.4422,54.8703],[-7.4523,54.8677],[-7.4583,54.8642],[-7.4574,54.8603],[-7.4673,54.8516],[-7.4763,54.8475],[-7.4783,54.8439],[-7.4713,54.8411],[-7.4704,54.8352],[-7.4805,54.8317],[-7.4836,54.8238],[-7.5005,54.8176],[-7.5174,54.8081],[-7.5278,54.8077],[-7.5276,54.8025],[-7.5356,54.802],[-7.5419,54.7977],[-7.5486,54.79],[-7.5311,54.7761],[-7.5377,54.7611],[-7.5394,54.7411],[-7.5482,54.741],[-7.5577,54.7389],[-7.5679,54.7432],[-7.5823,54.7432],[-7.5915,54.7444],[-7.6092,54.7441],[-7.6191,54.7386],[-7.638,54.7419],[-7.6522,54.7414],[-7.6763,54.7278],[-7.6902,54.7222],[-7.7066,54.7181],[-7.7377,54.7044],[-7.7474,54.7008],[-7.7538,54.7011],[-7.778,54.7058],[-7.7872,54.7097],[-7.8055,54.7222],[-7.8274,54.7325],[-7.843,54.7375],[-7.8638,54.7361],[-7.8713,54.7311],[-7.8819,54.7186],[-7.8869,54.7028],[-7.8944,54.6978],[-7.9119,54.6897],[-7.9133,54.6783],[-7.9244,54.6717],[-7.9074,54.6631],[-7.8844,54.6533],[-7.8711,54.6428],[-7.8638,54.6333],[-7.858,54.6328],[-7.8319,54.6353],[-7.8177,54.6342],[-7.7919,54.6303],[-7.7666,54.6237],[-7.7627,54.6272],[-7.7511,54.6241],[-7.7336,54.6299],[-7.7248,54.6256],[-7.7116,54.6271],[-7.7169,54.6357],[-7.6975,54.6439],[-7.696,54.6403],[-7.6852,54.6338],[-7.6782,54.6347],[-7.669,54.6261],[-7.6691,54.6203],[-7.6652,54.6158],[-7.654,54.6148],[-7.6459,54.6193],[-7.6311,54.621],[-7.6281,54.6172],[-7.6158,54.6107],[-7.6189,54.6066],[-7.6167,54.5963],[-7.6205,54.5943],[-7.6191,54.5891],[-7.6087,54.5806],[-7.599,54.5832],[-7.5912,54.5908],[-7.5789,54.5858],[-7.5727,54.5863],[-7.5602,54.5932],[-7.5564,54.5912],[-7.565,54.5853],[-7.565,54.5804],[-7.5527,54.5698],[-7.5458,54.57],[-7.5381,54.5655],[-7.5389,54.5601],[-7.5506,54.5543],[-7.5622,54.5519],[-7.5623,54.544],[-7.5755,54.5405],[-7.5817,54.5371],[-7.5702,54.5256],[-7.5741,54.5229],[-7.575,54.5162],[-7.5843,54.5111],[-7.5828,54.5073],[-7.5696,54.5081],[-7.5595,54.513],[-7.5503,54.5112],[-7.5453,54.513],[-7.5364,54.5125],[-7.5388,54.5084],[-7.5326,54.5066],[-7.5248,54.5102],[-7.5195,54.5079],[-7.5125,54.5106],[-7.4979,54.5078],[-7.491,54.502],[-7.4941,54.4988],[-7.4841,54.4929],[-7.4764,54.492],[-7.468,54.487],[-7.4682,54.4763],[-7.4566,54.4735],[-7.449,54.4694],[-7.4366,54.4707],[-7.4305,54.4667],[-7.4337,54.4579],[-7.4264,54.4541],[-7.4137,54.454],[-7.4046,54.4459],[-7.409,54.4356],[-7.3982,54.4351],[-7.3815,54.4413],[-7.3762,54.4365],[-7.3646,54.4371],[-7.3472,54.4442],[-7.3331,54.4365],[-7.3161,54.4346],[-7.3139,54.4319],[-7.2985,54.4291],[-7.2826,54.434],[-7.2769,54.4339],[-7.2652,54.4388],[-7.2597,54.4455],[-7.2596,54.4527],[-7.2533,54.459],[-7.2393,54.4647],[-7.233,54.4719],[-7.2268,54.4727],[-7.2115,54.4645],[-7.1965,54.4644],[-7.1878,54.4563],[-7.1836,54.4545],[-7.1609,54.4543],[-7.1583,54.4498],[-7.1501,54.4533],[-7.1508,54.4574],[-7.1453,54.4594],[-7.1474,54.4695],[-7.1397,54.4697],[-7.1311,54.4745],[-7.1295,54.4779],[-7.108,54.475],[-7.0948,54.4785],[-7.0969,54.4884],[-7.0874,54.4973],[-7.0762,54.4982],[-7.067,54.4972],[-7.0551,54.4926],[-7.0501,54.4926],[-7.0413,54.4885],[-7.0336,54.4884],[-7.0339,54.4924],[-7.0288,54.4982],[-7.0294,54.5021],[-7.0209,54.5029],[-7.0158,54.5085],[-7.0022,54.5106],[-7.0067,54.5174],[-7.0058,54.5214],[-7.0104,54.5246],[-7.0079,54.5297],[-7.0117,54.532],[-7.0031,54.5371],[-6.9976,54.5431],[-6.9899,54.5424],[-6.9828,54.5461],[-6.9741,54.5539],[-6.9629,54.5561],[-6.9555,54.5551],[-6.9531,54.5582],[-6.9385,54.5572],[-6.9307,54.5603],[-6.932,54.5675],[-6.9366,54.572],[-6.9473,54.5766],[-6.9533,54.583],[-6.9625,54.5844],[-6.9672,54.5826],[-6.9772,54.5836],[-6.981,54.5886],[-6.9699,54.5988],[-6.9729,54.6011],[-6.9735,54.6096],[-6.9703,54.6154],[-6.9767,54.6204],[-6.9833,54.6196],[-6.9917,54.6251],[-6.9884,54.6313],[-6.9954,54.6323],[-6.9984,54.6363],[-7.007,54.6337],[-7.0169,54.6387],[-7.0167,54.6455],[-7.0112,54.6504],[-7.0072,54.6571],[-7.001,54.6566],[-7,54.666],[-6.9928,54.6725],[-6.9873,54.6749],[-6.984,54.6841],[-6.9724,54.6855],[-6.9715,54.6887],[-6.956,54.6892],[-6.952,54.6921],[-6.9384,54.6956],[-6.9294,54.6964],[-6.9163,54.6936],[-6.9079,54.6899],[-6.9008,54.6939],[-6.8923,54.6929],[-6.889,54.6996],[-6.8782,54.6966],[-6.8655,54.7088],[-6.848,54.7091],[-6.8421,54.7113],[-6.8412,54.7176],[-6.8442,54.7205],[-6.8439,54.7302],[-6.8473,54.7347],[-6.8617,54.7348],[-6.8694,54.7363],[-6.8934,54.7374],[-6.9037,54.7429],[-6.9103,54.7427],[-6.9292,54.7359],[-6.9354,54.7355],[-6.9415,54.7405],[-6.9495,54.7428],[-6.9576,54.7476],[-6.9443,54.7513],[-6.9426,54.7576],[-6.9354,54.7627],[-6.9383,54.7733],[-6.9239,54.7727],[-6.9118,54.7748],[-6.9046,54.7842],[-6.9043,54.7923],[-6.9131,54.7982],[-6.922,54.8014],[-6.9211,54.8055],[-6.9115,54.8144],[-6.9129,54.8202]]],[[[-7.404,55.0028],[-7.403,54.9987],[-7.3939,54.9955],[-7.4003,54.9922],[-7.4081,54.9803],[-7.4088,54.9765],[-7.4019,54.9677],[-7.4063,54.9633],[-7.4025,54.9605],[-7.3991,54.9453],[-7.384,54.9532],[-7.3793,54.9585],[-7.3661,54.9642],[-7.3567,54.9779],[-7.35,54.9837],[-7.3257,54.9884],[-7.3164,54.9927],[-7.3204,55.0046],[-7.3137,55.0108],[-7.2952,55.017],[-7.2924,55.0247],[-7.269,55.0397],[-7.2658,55.0456],[-7.2533,55.051],[-7.2441,55.0635],[-7.2554,55.066],[-7.264,55.0661],[-7.2727,55.0629],[-7.2733,55.0587],[-7.2788,55.0512],[-7.288,55.0472],[-7.3036,55.0576],[-7.307,55.0562],[-7.3009,55.0521],[-7.3096,55.0468],[-7.3097,55.0441],[-7.2996,55.0373],[-7.2982,55.0323],[-7.3022,55.0279],[-7.3222,55.0213],[-7.3312,55.0204],[-7.3439,55.0101],[-7.3561,55.0053],[-7.3713,55.0053],[-7.3839,55],[-7.4003,55.0003],[-7.404,55.0028]]]]},"properties":{"HA_NUM":201,"HA_NAME":"Foyle"}},
{"type":"Feature","geometry":{"type":"Polygon","coordinates":[[[-6.7752,55.1689],[-6.7898,55.1681],[-6.805,55.1687],[-6.8164,55.1673],[-6.8419,55.1668],[-6.8708,55.1678],[-6.8866,55.1695],[-6.9094,55.1739],[-6.9204,55.177],[-6.9551,55.1938],[-6.9661,55.1951],[-6.9605,55.1811],[-6.9631,55.1644],[-6.9689,55.1476],[-6.9742,55.1406],[-6.9885,55.1162],[-6.9955,55.1057],[-7.0061,55.1071],[-7.0131,55.1056],[-7.0219,55.097],[-7.0223,55.0868],[-7.0131,55.0795],[-7.0178,55.073],[-7.0286,55.0662],[-7.0447,55.0582],[-7.0422,55.0531],[-7.0547,55.0484],[-7.107,55.0428],[-7.1309,55.042],[-7.148,55.046],[-7.1477,55.0575],[-7.1602,55.0598],[-7.1844,55.061],[-7.2113,55.0571],[-7.2231,55.0608],[-7.2337,55.0543],[-7.2322,55.0487],[-7.24,55.0468],[-7.2512,55.0366],[-7.2622,55.0312],[-7.2685,55.0313],[-7.2804,55.0224],[-7.2797,55.0138],[-7.2716,55.012],[-7.2642,55.0077],[-7.2707,54.9963],[-7.2821,54.9909],[-7.2911,54.9905],[-7.2943,54.9867],[-7.3155,54.9781],[-7.3141,54.9707],[-7.3212,54.9669],[-7.3244,54.9615],[-7.3369,54.9605],[-7.342,54.958],[-7.3595,54.9597],[-7.3573,54.9541],[-7.3519,54.9509],[-7.3512,54.9455],[-7.3575,54.9413],[-7.347,54.9383],[-7.3389,54.932],[-7.339,54.9273],[-7.3338,54.914],[-7.326,54.9117],[-7.322,54.9162],[-7.3044,54.9205],[-7.2806,54.9213],[-7.2658,54.9199],[-7.2566,54.9131],[-7.2559,54.9086],[-7.263,54.9044],[-7.2623,54.8994],[-7.2573,54.8969],[-7.246,54.895],[-7.2353,54.8858],[-7.229,54.8875],[-7.2201,54.8868],[-7.2143,54.8843],[-7.2002,54.8862],[-7.1888,54.8742],[-7.1764,54.8683],[-7.1815,54.8654],[-7.1921,54.8642],[-7.2031,54.8602],[-7.2126,54.8508],[-7.2041,54.8469],[-7.1971,54.848],[-7.1941,54.8431],[-7.1988,54.8404],[-7.1864,54.8354],[-7.1698,54.8317],[-7.1321,54.8103],[-7.1239,54.8138],[-7.1013,54.8132],[-7.0938,54.8177],[-7.0756,54.8157],[-7.0656,54.8112],[-7.0547,54.812],[-7.0397,54.8204],[-7.0253,54.8212],[-7.0133,54.8202],[-7.0004,54.8228],[-6.9959,54.8286],[-6.9865,54.8321],[-6.9703,54.8283],[-6.9663,54.831],[-6.9531,54.8304],[-6.9484,54.8335],[-6.9379,54.8317],[-6.9337,54.8276],[-6.9191,54.8207],[-6.9129,54.8202],[-6.8981,54.8237],[-6.8908,54.8312],[-6.8854,54.8312],[-6.8814,54.8363],[-6.882,54.8413],[-6.8896,54.8478],[-6.8903,54.8512],[-6.877,54.8545],[-6.873,54.8589],[-6.8539,54.8583],[-6.849,54.8524],[-6.8251,54.8445],[-6.813,54.8458],[-6.7974,54.8456],[-6.7923,54.8492],[-6.7952,54.8557],[-6.7911,54.8631],[-6.7786,54.863],[-6.7675,54.8705],[-6.7703,54.8815],[-6.7631,54.8882],[-6.7655,54.8965],[-6.7782,54.9016],[-6.7969,54.9013],[-6.7999,54.9063],[-6.8178,54.9078],[-6.8309,54.9115],[-6.8314,54.9223],[-6.8274,54.927],[-6.8154,54.9347],[-6.8106,54.941],[-6.8206,54.9453],[-6.8204,54.951],[-6.8242,54.9559],[-6.8217,54.9595],[-6.8214,54.9707],[-6.826,54.9739],[-6.8103,54.9765],[-6.7993,54.9795],[-6.796,54.984],[-6.7843,54.9856],[-6.7873,54.9897],[-6.8075,54.9935],[-6.8229,54.9999],[-6.8188,55.0053],[-6.8178,55.0143],[-6.8231,55.0193],[-6.8233,55.0255],[-6.8166,55.0273],[-6.8164,55.0349],[-6.8186,55.0408],[-6.8138,55.0427],[-6.8128,55.0492],[-6.807,55.0602],[-6.7952,55.0652],[-6.8051,55.0739],[-6.811,55.0856],[-6.8116,55.091],[-6.8162,55.0942],[-6.8214,55.1057],[-6.8283,55.1096],[-6.849,55.1116],[-6.8598,55.1162],[-6.8656,55.1207],[-6.8608,55.1252],[-6.8462,55.1268],[-6.8426,55.1304],[-6.8198,55.1324],[-6.8143,55.1321],[-6.803,55.1423],[-6.8036,55.1498],[-6.7949,55.1526],[-6.7773,55.1641],[-6.7752,55.1689]]]},"properties":{"HA_NUM":202,"HA_NAME":"Faughan-Roe"}},
{"type":"Feature","geometry":{"type":"Polygon","coordinates":[[[-5.9345,54.847],[-5.9516,54.8482],[-5.9584,54.8515],[-5.9677,54.8516],[-5.9776,54.8568],[-5.9939,54.8584],[-6.0029,54.8639],[-6.005,54.8536],[-6.0114,54.8501],[-6.027,54.849],[-6.0362,54.8519],[-6.0456,54.8601],[-6.0612,54.8595],[-6.0688,54.8713],[-6.0733,54.874],[-6.073,54.8812],[-6.0587,54.8778],[-6.0528,54.8791],[-6.0478,54.886],[-6.0528,54.8964],[-6.0573,54.8998],[-6.0524,54.9033],[-6.0438,54.9046],[-6.0348,54.9125],[-6.0216,54.9114],[-6.0202,54.9253],[-6.0263,54.9276],[-6.0291,54.9335],[-6.0273,54.94],[-6.0334,54.9417],[-6.0384,54.9521],[-6.0453,54.9535],[-6.0541,54.9663],[-6.0603,54.9668],[-6.0639,54.9741],[-6.0714,54.9796],[-6.0709,54.9892],[-6.081,54.9921],[-6.0969,54.9849],[-6.1064,54.9817],[-6.1135,54.9892],[-6.1313,55.0005],[-6.1353,55.0001],[-6.1441,55.0112],[-6.1518,55.0141],[-6.153,55.0226],[-6.1582,55.0294],[-6.1651,55.0313],[-6.1751,55.0265],[-6.1849,55.0262],[-6.1914,55.0281],[-6.2043,55.0285],[-6.2163,55.0229],[-6.2226,55.0225],[-6.2324,55.0296],[-6.2425,55.0325],[-6.2538,55.0322],[-6.2677,55.036],[-6.2711,55.0401],[-6.2803,55.0447],[-6.2785,55.05],[-6.2846,55.0533],[-6.3152,55.0519],[-6.3287,55.0472],[-6.3312,55.0427],[-6.3367,55.0414],[-6.3495,55.0537],[-6.3642,55.058],[-6.3632,55.0642],[-6.3731,55.0693],[-6.3872,55.0691],[-6.3934,55.0709],[-6.4047,55.0816],[-6.4045,55.0877],[-6.4159,55.0959],[-6.4223,55.0931],[-6.4295,55.0988],[-6.4425,55.0981],[-6.451,55.1009],[-6.4658,55.1029],[-6.4714,55.1007],[-6.4716,55.0946],[-6.4756,55.0927],[-6.492,55.0938],[-6.4929,55.0908],[-6.501,55.0835],[-6.5012,55.0777],[-6.513,55.0765],[-6.5319,55.0731],[-6.5417,55.0822],[-6.5477,55.0913],[-6.5475,55.0958],[-6.5537,55.099],[-6.5543,55.1035],[-6.5605,55.1045],[-6.5602,55.113],[-6.5641,55.113],[-6.5678,55.1207],[-6.5763,55.1244],[-6.5846,55.1312],[-6.5843,55.1413],[-6.5818,55.1451],[-6.5831,55.1528],[-6.5861,55.1571],[-6.5931,55.1592],[-6.5991,55.1664],[-6.599,55.1698],[-6.6074,55.1751],[-6.6184,55.1757],[-6.6354,55.1727],[-6.6435,55.1764],[-6.6667,55.1744],[-6.6713,55.1762],[-6.6908,55.1684],[-6.7167,55.1704],[-6.7254,55.1674],[-6.7325,55.1709],[-6.7498,55.1684],[-6.7685,55.1672],[-6.7615,55.1639],[-6.7429,55.1655],[-6.7262,55.1627],[-6.7162,55.1586],[-6.6935,55.154],[-6.6954,55.1523],[-6.7077,55.1553],[-6.7118,55.1545],[-6.7355,55.1621],[-6.7439,55.1598],[-6.7535,55.1595],[-6.7661,55.1622],[-6.7752,55.1689],[-6.7773,55.1641],[-6.7949,55.1526],[-6.8036,55.1498],[-6.803,55.1423],[-6.8143,55.1321],[-6.8198,55.1324],[-6.8426,55.1304],[-6.8462,55.1268],[-6.8608,55.1252],[-6.8656,55.1207],[-6.8598,55.1162],[-6.849,55.1116],[-6.8283,55.1096],[-6.8214,55.1057],[-6.8162,55.0942],[-6.8116,55.091],[-6.811,55.0856],[-6.8051,55.0739],[-6.7952,55.0652],[-6.807,55.0602],[-6.8128,55.0492],[-6.8138,55.0427],[-6.8186,55.0408],[-6.8164,55.0349],[-6.8166,55.0273],[-6.8233,55.0255],[-6.8231,55.0193],[-6.8178,55.0143],[-6.8188,55.0053],[-6.8229,54.9999],[-6.8075,54.9935],[-6.7873,54.9897],[-6.7843,54.9856],[-6.796,54.984],[-6.7993,54.9795],[-6.8103,54.9765],[-6.826,54.9739],[-6.8214,54.9707],[-6.8217,54.9595],[-6.8242,54.9559],[-6.8204,54.951],[-6.8206,54.9453],[-6.8106,54.941],[-6.8154,54.9347],[-6.8274,54.927],[-6.8314,54.9223],[-6.8309,54.9115],[-6.8178,54.9078],[-6.7999,54.9063],[-6.7969,54.9013],[-6.7782,54.9016],[-6.7655,54.8965],[-6.7631,54.8882],[-6.7703,54.8815],[-6.7675,54.8705],[-6.7786,54.863],[-6.7911,54.8631],[-6.7952,54.8557],[-6.7923,54.8492],[-6.7974,54.8456],[-6.813,54.8458],[-6.8251,54.8445],[-6.849,54.8524],[-6.8539,54.8583],[-6.873,54.8589],[-6.877,54.8545],[-6.8903,54.8512],[-6.8896,54.8478],[-6.882,54.8413],[-6.8814,54.8363],[-6.8854,54.8312],[-6.8908,54.8312],[-6.8981,54.8237],[-6.9129,54.8202],[-6.9115,54.8144],[-6.9211,54.8055],[-6.922,54.8014],[-6.9131,54.7982],[-6.9043,54.7923],[-6.9046,54.7842],[-6.9118,54.7748],[-6.9239,54.7727],[-6.9383,54.7733],[-6.9354,54.7627],[-6.9426,54.7576],[-6.9443,54.7513],[-6.9576,54.7476],[-6.9495,54.7428],[-6.9415,54.7405],[-6.9354,54.7355],[-6.9292,54.7359],[-6.9103,54.7427],[-6.9037,54.7429],[-6.8934,54.7374],[-6.8694,54.7363],[-6.8617,54.7348],[-6.8473,54.7347],[-6.8439,54.7302],[-6.8442,54.7205],[-6.8412,54.7176],[-6.8421,54.7113],[-6.848,54.7091],[-6.8655,54.7088],[-6.8782,54.6966],[-6.889,54.6996],[-6.8923,54.6929],[-6.9008,54.6939],[-6.9079,54.6899],[-6.9163,54.6936],[-6.9294,54.6964],[-6.9384,54.6956],[-6.952,54.6921],[-6.956,54.6892],[-6.9715,54.6887],[-6.9724,54.6855],[-6.984,54.6841],[-6.9873,54.6749],[-6.9928,54.6725],[-7,54.666],[-7.001,54.6566],[-7.0072,54.6571],[-7.0112,54.6504],[-7.0167,54.6455],[-7.0169,54.6387],[-7.007,54.6337],[-6.9984,54.6363],[-6.9954,54.6323],[-6.9884,54.6313],[-6.9917,54.6251],[-6.9833,54.6196],[-6.9767,54.6204],[-6.9703,54.6154],[-6.9735,54.6096],[-6.9729,54.6011],[-6.9699,54.5988],[-6.981,54.5886],[-6.9772,54.5836],[-6.9672,54.5826],[-6.9625,54.5844],[-6.9533,54.583],[-6.9473,54.5766],[-6.9366,54.572],[-6.932,54.5675],[-6.9307,54.5603],[-6.9385,54.5572],[-6.9531,54.5582],[-6.9555,54.5551],[-6.9629,54.5561],[-6.9741,54.5539],[-6.9828,54.5461],[-6.9899,54.5424],[-6.9976,54.5431],[-7.0031,54.5371],[-7.0117,54.532],[-7.0079,54.5297],[-7.0104,54.5246],[-7.0058,54.5214],[-7.0067,54.5174],[-7.0022,54.5106],[-7.0158,54.5085],[-7.0209,54.5029],[-7.0294,54.5021],[-7.0288,54.4982],[-7.0339,54.4924],[-7.0336,54.4884],[-7.0413,54.4885],[-7.0501,54.4926],[-7.0551,54.4926],[-7.067,54.4972],[-7.0762,54.4982],[-7.0874,54.4973],[-7.0969,54.4884],[-7.0948,54.4785],[-7.108,54.475],[-7.1295,54.4779],[-7.1311,54.4745],[-7.1397,54.4697],[-7.1474,54.4695],[-7.1453,54.4594],[-7.1508,54.4574],[-7.1501,54.4533],[-7.1583,54.4498],[-7.1609,54.4543],[-7.1836,54.4545],[-7.1878,54.4563],[-7.1965,54.4644],[-7.2115,54.4645],[-7.2268,54.4727],[-7.233,54.4719],[-7.2393,54.4647],[-7.2533,54.459],[-7.2596,54.4527],[-7.2597,54.4455],[-7.2652,54.4388],[-7.2769,54.4339],[-7.2826,54.434],[-7.2985,54.4291],[-7.3139,54.4319],[-7.3161,54.4346],[-7.3331,54.4365],[-7.3355,54.4284],[-7.3472,54.4195],[-7.3404,54.4116],[-7.3413,54.4056],[-7.3351,54.4037],[-7.3329,54.3988],[-7.3353,54.3936],[-7.3245,54.3922],[-7.3186,54.3789],[-7.3055,54.3789],[-7.2908,54.3851],[-7.2907,54.3882],[-7.2814,54.3962],[-7.2737,54.3939],[-7.256,54.3965],[-7.2538,54.3891],[-7.2462,54.385],[-7.2449,54.3704],[-7.2311,54.369],[-7.2305,54.3609],[-7.2236,54.359],[-7.217,54.3608],[-7.2043,54.3607],[-7.1894,54.3584],[-7.1722,54.3533],[-7.1723,54.3446],[-7.1825,54.3381],[-7.1741,54.3331],[-7.1742,54.3269],[-7.1522,54.3311],[-7.1375,54.3361],[-7.1291,54.3403],[-7.1075,54.3553],[-7.0986,54.3642],[-7.0855,54.3753],[-7.0647,54.3906],[-7.0572,54.3953],[-7.0463,54.4078],[-7.0388,54.4128],[-7.0186,54.4111],[-6.9886,54.4009],[-6.9674,54.4014],[-6.9589,54.3977],[-6.9595,54.3922],[-6.9522,54.39],[-6.9463,54.3844],[-6.9316,54.3747],[-6.915,54.3658],[-6.9063,54.3572],[-6.9038,54.3458],[-6.8947,54.3419],[-6.8822,54.3414],[-6.87,54.3306],[-6.865,54.3242],[-6.8605,54.3136],[-6.8525,54.3006],[-6.852,54.2936],[-6.8577,54.2856],[-6.8662,54.2802],[-6.8647,54.2744],[-6.848,54.2733],[-6.8297,54.2611],[-6.8261,54.25],[-6.8266,54.2456],[-6.8183,54.2283],[-6.8038,54.2139],[-6.7966,54.2092],[-6.7639,54.1947],[-6.7639,54.2106],[-6.7471,54.2082],[-6.7353,54.2053],[-6.7335,54.2121],[-6.7221,54.2119],[-6.7196,54.2173],[-6.712,54.2154],[-6.7049,54.2086],[-6.6979,54.213],[-6.6929,54.2116],[-6.687,54.2048],[-6.6865,54.1981],[-6.6934,54.1964],[-6.6937,54.1925],[-6.6916,54.1918],[-6.6845,54.1891],[-6.6844,54.1891],[-6.6784,54.1871],[-6.6772,54.1867],[-6.6769,54.1866],[-6.6708,54.1851],[-6.664,54.1933],[-6.6611,54.2018],[-6.6689,54.2082],[-6.6585,54.2094],[-6.6545,54.2148],[-6.6243,54.214],[-6.6173,54.2157],[-6.6189,54.2254],[-6.596,54.2213],[-6.5967,54.2258],[-6.594,54.237],[-6.5818,54.2355],[-6.5766,54.2285],[-6.5666,54.2291],[-6.5622,54.2241],[-6.5516,54.2217],[-6.5464,54.2158],[-6.5513,54.206],[-6.5516,54.1979],[-6.5433,54.196],[-6.5451,54.187],[-6.5284,54.1828],[-6.5263,54.1769],[-6.5105,54.1709],[-6.4918,54.1796],[-6.4838,54.1764],[-6.4768,54.1691],[-6.4635,54.1662],[-6.4573,54.1684],[-6.4493,54.1683],[-6.452,54.1787],[-6.4443,54.1799],[-6.4402,54.1871],[-6.4301,54.1914],[-6.4274,54.2017],[-6.4287,54.2073],[-6.4241,54.208],[-6.4161,54.2146],[-6.4152,54.2195],[-6.4212,54.2227],[-6.4148,54.2289],[-6.4079,54.2298],[-6.4038,54.2364],[-6.4036,54.2423],[-6.3989,54.2436],[-6.3979,54.2498],[-6.4008,54.2539],[-6.3991,54.2586],[-6.4111,54.2662],[-6.4124,54.2709],[-6.4255,54.2812],[-6.4386,54.2886],[-6.4354,54.2926],[-6.4279,54.2884],[-6.423,54.2951],[-6.4228,54.3018],[-6.4166,54.3031],[-6.4071,54.3097],[-6.4073,54.3156],[-6.4,54.315],[-6.4012,54.3227],[-6.3859,54.322],[-6.3779,54.33],[-6.3777,54.3354],[-6.3713,54.3411],[-6.3621,54.3415],[-6.3491,54.339],[-6.3412,54.3439],[-6.3335,54.3438],[-6.3192,54.3543],[-6.3076,54.3566],[-6.311,54.3488],[-6.3012,54.3447],[-6.2967,54.341],[-6.2962,54.3343],[-6.2863,54.3337],[-6.2817,54.3316],[-6.282,54.326],[-6.2745,54.322],[-6.2749,54.3119],[-6.2815,54.3012],[-6.2654,54.3001],[-6.2514,54.3031],[-6.245,54.2913],[-6.2319,54.292],[-6.2207,54.2864],[-6.2068,54.2876],[-6.2048,54.2815],[-6.1999,54.2776],[-6.18,54.2674],[-6.175,54.2687],[-6.1648,54.264],[-6.1587,54.2639],[-6.1613,54.2563],[-6.1558,54.2439],[-6.1613,54.2395],[-6.1561,54.2363],[-6.1533,54.2302],[-6.1574,54.2246],[-6.1507,54.2202],[-6.1548,54.2136],[-6.155,54.2086],[-6.1606,54.2042],[-6.1608,54.2006],[-6.1684,54.1998],[-6.1795,54.2009],[-6.1859,54.2033],[-6.1975,54.2025],[-6.2047,54.1941],[-6.1959,54.185],[-6.1885,54.1804],[-6.191,54.166],[-6.1813,54.1681],[-6.1645,54.167],[-6.1641,54.1605],[-6.1581,54.157],[-6.1598,54.153],[-6.1523,54.1502],[-6.1469,54.151],[-6.1367,54.1481],[-6.1236,54.1417],[-6.1113,54.1424],[-6.1,54.1395],[-6.0942,54.1484],[-6.0745,54.153],[-6.0664,54.1529],[-6.07,54.1588],[-6.0634,54.1614],[-6.0407,54.1623],[-6.0359,54.1668],[-6.0283,54.1671],[-6.0261,54.1711],[-6.0348,54.1744],[-6.0354,54.1771],[-6.0477,54.1845],[-6.0374,54.1996],[-6.014,54.2086],[-6.0077,54.2207],[-6.0076,54.2312],[-5.9943,54.2357],[-6.0005,54.243],[-6.0061,54.2449],[-6.0057,54.2543],[-6.0053,54.2624],[-6.0121,54.2648],[-6.0081,54.2683],[-6.0051,54.2815],[-6.008,54.2854],[-6.0198,54.2954],[-6.02,54.3067],[-6.0224,54.3206],[-6.0145,54.3264],[-6.0096,54.333],[-6.0278,54.3369],[-6.0355,54.3218],[-6.0463,54.3197],[-6.0523,54.3148],[-6.0594,54.3194],[-6.0577,54.323],[-6.0651,54.3285],[-6.065,54.3317],[-6.0756,54.335],[-6.0883,54.3347],[-6.099,54.343],[-6.1073,54.3463],[-6.107,54.353],[-6.1155,54.3525],[-6.1208,54.355],[-6.1293,54.3547],[-6.1421,54.3607],[-6.1574,54.3529],[-6.1673,54.3548],[-6.1784,54.3487],[-6.191,54.3505],[-6.1907,54.3574],[-6.185,54.3636],[-6.2062,54.3639],[-6.2222,54.3664],[-6.2387,54.3669],[-6.244,54.369],[-6.2477,54.374],[-6.2452,54.378],[-6.2512,54.3819],[-6.2472,54.3857],[-6.2485,54.3897],[-6.2593,54.3894],[-6.2668,54.3864],[-6.277,54.3906],[-6.287,54.3903],[-6.2952,54.3971],[-6.304,54.3982],[-6.3088,54.4027],[-6.304,54.4069],[-6.3062,54.4099],[-6.3155,54.4084],[-6.3177,54.4114],[-6.3261,54.4133],[-6.3336,54.4179],[-6.335,54.4224],[-6.3293,54.4277],[-6.3268,54.4331],[-6.3158,54.4374],[-6.3126,54.4414],[-6.2854,54.4464],[-6.2868,54.4496],[-6.2958,54.4555],[-6.2893,54.4631],[-6.2801,54.463],[-6.2769,54.4652],[-6.2788,54.4755],[-6.2725,54.479],[-6.2707,54.4853],[-6.2538,54.4837],[-6.2446,54.4804],[-6.2316,54.4798],[-6.2226,54.4913],[-6.2164,54.4917],[-6.2184,54.4984],[-6.2181,54.5059],[-6.211,54.5091],[-6.2077,54.5136],[-6.1993,54.5121],[-6.1891,54.5155],[-6.1798,54.5154],[-6.1727,54.5187],[-6.1662,54.5174],[-6.1557,54.5186],[-6.1525,54.5222],[-6.1545,54.5289],[-6.1459,54.5405],[-6.13,54.5407],[-6.1252,54.5453],[-6.1135,54.5472],[-6.1001,54.5438],[-6.0866,54.5432],[-6.0778,54.5507],[-6.0791,54.5552],[-6.0632,54.5648],[-6.0515,54.5678],[-6.052,54.5727],[-6.0603,54.5764],[-6.07,54.5775],[-6.0615,54.5845],[-6.069,54.5896],[-6.0634,54.5936],[-6.0631,54.6005],[-6.0535,54.5992],[-6.0385,54.6039],[-6.0309,54.6101],[-6.0192,54.6117],[-6.0227,54.6183],[-6.0216,54.6248],[-6.016,54.6296],[-6.0134,54.6359],[-5.9992,54.6406],[-5.9841,54.6412],[-5.9761,54.6456],[-5.9718,54.6455],[-5.9638,54.6514],[-5.9689,54.6569],[-5.9658,54.6726],[-5.9555,54.6785],[-5.9434,54.6792],[-5.946,54.6824],[-5.9598,54.6839],[-5.9628,54.6862],[-5.9829,54.6884],[-5.9928,54.6912],[-5.9956,54.6987],[-5.9884,54.7028],[-5.9781,54.7135],[-5.9657,54.7137],[-5.9472,54.7183],[-5.9231,54.7202],[-5.9183,54.7228],[-5.9165,54.7286],[-5.9068,54.7352],[-5.8902,54.7416],[-5.8896,54.7526],[-5.8862,54.7586],[-5.8791,54.7594],[-5.8696,54.7633],[-5.8668,54.7722],[-5.8818,54.7837],[-5.8846,54.7896],[-5.9,54.7916],[-5.9048,54.7895],[-5.9229,54.7999],[-5.9219,54.8037],[-5.9283,54.8079],[-5.9344,54.8181],[-5.9304,54.8202],[-5.9283,54.8308],[-5.9327,54.8371],[-5.9345,54.847]]]},"properties":{"HA_NUM":203,"HA_NAME":"Bann"}},
{"type":"Feature","geometry":{"type":"MultiPolygon","coordinates":[[[[-5.8147,54.8702],[-5.8224,54.8765],[-5.8316,54.8777],[-5.8377,54.8816],[-5.8424,54.8903],[-5.8408,54.8963],[-5.8445,54.901],[-5.8588,54.8993],[-5.878,54.9077],[-5.8864,54.9189],[-5.8873,54.9234],[-5.8939,54.9361],[-5.8998,54.9442],[-5.9112,54.954],[-5.918,54.9621],[-5.9294,54.9684],[-5.9454,54.9713],[-5.9565,54.9701],[-5.9616,54.9776],[-5.9705,54.9813],[-5.98,54.9791],[-5.99,54.9847],[-5.9923,54.99],[-5.9867,54.9945],[-5.9864,55.0006],[-5.9771,55.0075],[-5.9783,55.0119],[-5.9714,55.0225],[-5.9718,55.03],[-5.9674,55.0362],[-5.9631,55.0491],[-5.9665,55.0529],[-5.9812,55.058],[-5.9923,55.0595],[-6.0082,55.0585],[-6.0117,55.0569],[-6.0238,55.0575],[-6.0426,55.0534],[-6.0484,55.0556],[-6.0574,55.0634],[-6.0543,55.0699],[-6.0515,55.0814],[-6.055,55.0842],[-6.0484,55.0886],[-6.0359,55.1035],[-6.0338,55.1139],[-6.0354,55.1231],[-6.042,55.1285],[-6.0409,55.1314],[-6.0258,55.1394],[-6.0258,55.1584],[-6.0334,55.1698],[-6.0445,55.1715],[-6.051,55.176],[-6.0519,55.1826],[-6.0643,55.1907],[-6.0657,55.197],[-6.0735,55.1979],[-6.0867,55.2036],[-6.1068,55.2102],[-6.1141,55.2091],[-6.1288,55.218],[-6.1338,55.2241],[-6.1398,55.2271],[-6.153,55.2278],[-6.1657,55.2223],[-6.1734,55.2158],[-6.1801,55.2133],[-6.1962,55.211],[-6.2031,55.2117],[-6.2139,55.2076],[-6.2347,55.2045],[-6.2464,55.2116],[-6.2604,55.2133],[-6.2717,55.221],[-6.2874,55.2249],[-6.297,55.2306],[-6.3092,55.2294],[-6.3278,55.2357],[-6.3328,55.2398],[-6.3468,55.2395],[-6.3504,55.2428],[-6.3605,55.2414],[-6.3676,55.2464],[-6.3736,55.2424],[-6.3805,55.2427],[-6.3847,55.2381],[-6.3964,55.2333],[-6.4112,55.2327],[-6.4176,55.2378],[-6.4249,55.2369],[-6.4414,55.24],[-6.4523,55.2391],[-6.4684,55.2501],[-6.4832,55.2521],[-6.487,55.2489],[-6.4965,55.2465],[-6.5033,55.2467],[-6.506,55.2405],[-6.5117,55.2407],[-6.517,55.236],[-6.5235,55.236],[-6.5313,55.233],[-6.5276,55.2257],[-6.536,55.2197],[-6.5523,55.2201],[-6.577,55.2122],[-6.605,55.2059],[-6.6244,55.2085],[-6.6307,55.2083],[-6.6449,55.2047],[-6.6593,55.2069],[-6.658,55.2009],[-6.6624,55.199],[-6.6797,55.1987],[-6.6896,55.1953],[-6.7083,55.1934],[-6.7127,55.1891],[-6.7226,55.1883],[-6.7196,55.1843],[-6.7257,55.1806],[-6.7246,55.1739],[-6.7325,55.1709],[-6.7254,55.1674],[-6.7167,55.1704],[-6.6908,55.1684],[-6.6713,55.1762],[-6.6667,55.1744],[-6.6435,55.1764],[-6.6354,55.1727],[-6.6184,55.1757],[-6.6074,55.1751],[-6.599,55.1698],[-6.5991,55.1664],[-6.5931,55.1592],[-6.5861,55.1571],[-6.5831,55.1528],[-6.5818,55.1451],[-6.5843,55.1413],[-6.5846,55.1312],[-6.5763,55.1244],[-6.5678,55.1207],[-6.5641,55.113],[-6.5602,55.113],[-6.5605,55.1045],[-6.5543,55.1035],[-6.5537,55.099],[-6.5475,55.0958],[-6.5477,55.0913],[-6.5417,55.0822],[-6.5319,55.0731],[-6.513,55.0765],[-6.5012,55.0777],[-6.501,55.0835],[-6.4929,55.0908],[-6.492,55.0938],[-6.4756,55.0927],[-6.4716,55.0946],[-6.4714,55.1007],[-6.4658,55.1029],[-6.451,55.1009],[-6.4425,55.0981],[-6.4295,55.0988],[-6.4223,55.0931],[-6.4159,55.0959],[-6.4045,55.0877],[-6.4047,55.0816],[-6.3934,55.0709],[-6.3872,55.0691],[-6.3731,55.0693],[-6.3632,55.0642],[-6.3642,55.058],[-6.3495,55.0537],[-6.3367,55.0414],[-6.3312,55.0427],[-6.3287,55.0472],[-6.3152,55.0519],[-6.2846,55.0533],[-6.2785,55.05],[-6.2803,55.0447],[-6.2711,55.0401],[-6.2677,55.036],[-6.2538,55.0322],[-6.2425,55.0325],[-6.2324,55.0296],[-6.2226,55.0225],[-6.2163,55.0229],[-6.2043,55.0285],[-6.1914,55.0281],[-6.1849,55.0262],[-6.1751,55.0265],[-6.1651,55.0313],[-6.1582,55.0294],[-6.153,55.0226],[-6.1518,55.0141],[-6.1441,55.0112],[-6.1353,55.0001],[-6.1313,55.0005],[-6.1135,54.9892],[-6.1064,54.9817],[-6.0969,54.9849],[-6.081,54.9921],[-6.0709,54.9892],[-6.0714,54.9796],[-6.0639,54.9741],[-6.0603,54.9668],[-6.0541,54.9663],[-6.0453,54.9535],[-6.0384,54.9521],[-6.0334,54.9417],[-6.0273,54.94],[-6.0291,54.9335],[-6.0263,54.9276],[-6.0202,54.9253],[-6.0216,54.9114],[-6.0348,54.9125],[-6.0438,54.9046],[-6.0524,54.9033],[-6.0573,54.8998],[-6.0528,54.8964],[-6.0478,54.886],[-6.0528,54.8791],[-6.0587,54.8778],[-6.073,54.8812],[-6.0733,54.874],[-6.0688,54.8713],[-6.0612,54.8595],[-6.0456,54.8601],[-6.0362,54.8519],[-6.027,54.849],[-6.0114,54.8501],[-6.005,54.8536],[-6.0029,54.8639],[-5.9939,54.8584],[-5.9776,54.8568],[-5.9677,54.8516],[-5.9584,54.8515],[-5.9516,54.8482],[-5.9345,54.847],[-5.9371,54.8561],[-5.9293,54.8568],[-5.9233,54.8603],[-5.8973,54.8585],[-5.8838,54.8561],[-5.8662,54.858],[-5.8542,54.8641],[-5.8355,54.8637],[-5.8277,54.8645],[-5.8147,54.8702]]],[[[-6.24,55.3124],[-6.2462,55.3095],[-6.253,55.3097],[-6.2803,55.3009],[-6.2851,55.2944],[-6.2768,55.2916],[-6.2649,55.2928],[-6.2606,55.29],[-6.2544,55.2919],[-6.2282,55.2961],[-6.1931,55.2927],[-6.1891,55.2852],[-6.1966,55.2817],[-6.2008,55.2772],[-6.1995,55.2669],[-6.1898,55.2587],[-6.1817,55.2675],[-6.1816,55.2769],[-6.1774,55.2818],[-6.1739,55.2936],[-6.1682,55.297],[-6.1696,55.3016],[-6.1753,55.3035],[-6.2017,55.3059],[-6.2208,55.3067],[-6.24,55.3124]]]]},"properties":{"HA_NUM":204,"HA_NAME":"Bush"}},
{"type":"Feature","geometry":{"type":"MultiPolygon","coordinates":[[[[-5.619,54.5065],[-5.6376,54.5003],[-5.6325,54.4977],[-5.619,54.5065]]],[[[-5.6377,54.5175],[-5.6461,54.5139],[-5.6447,54.509],[-5.651,54.5041],[-5.6476,54.5011],[-5.6382,54.5122],[-5.6377,54.5175]]],[[[-5.5331,54.6814],[-5.5447,54.6777],[-5.5306,54.6696],[-5.5206,54.6709],[-5.5216,54.6767],[-5.5331,54.6814]]],[[[-5.8147,54.8702],[-5.8277,54.8645],[-5.8355,54.8637],[-5.8542,54.8641],[-5.8662,54.858],[-5.8838,54.8561],[-5.8973,54.8585],[-5.9233,54.8603],[-5.9293,54.8568],[-5.9371,54.8561],[-5.9345,54.847],[-5.9327,54.8371],[-5.9283,54.8308],[-5.9304,54.8202],[-5.9344,54.8181],[-5.9283,54.8079],[-5.9219,54.8037],[-5.9229,54.7999],[-5.9048,54.7895],[-5.9,54.7916],[-5.8846,54.7896],[-5.8818,54.7837],[-5.8668,54.7722],[-5.8696,54.7633],[-5.8791,54.7594],[-5.8862,54.7586],[-5.8896,54.7526],[-5.8902,54.7416],[-5.9068,54.7352],[-5.9165,54.7286],[-5.9183,54.7228],[-5.9231,54.7202],[-5.9472,54.7183],[-5.9657,54.7137],[-5.9781,54.7135],[-5.9884,54.7028],[-5.9956,54.6987],[-5.9928,54.6912],[-5.9829,54.6884],[-5.9628,54.6862],[-5.9598,54.6839],[-5.946,54.6824],[-5.9434,54.6792],[-5.9555,54.6785],[-5.9658,54.6726],[-5.9689,54.6569],[-5.9638,54.6514],[-5.9718,54.6455],[-5.9761,54.6456],[-5.9841,54.6412],[-5.9992,54.6406],[-6.0134,54.6359],[-6.016,54.6296],[-6.0216,54.6248],[-6.0227,54.6183],[-6.0192,54.6117],[-6.0309,54.6101],[-6.0385,54.6039],[-6.0535,54.5992],[-6.0631,54.6005],[-6.0634,54.5936],[-6.069,54.5896],[-6.0615,54.5845],[-6.07,54.5775],[-6.0603,54.5764],[-6.052,54.5727],[-6.0515,54.5678],[-6.0632,54.5648],[-6.0791,54.5552],[-6.0778,54.5507],[-6.0866,54.5432],[-6.1001,54.5438],[-6.1135,54.5472],[-6.1252,54.5453],[-6.13,54.5407],[-6.1459,54.5405],[-6.1545,54.5289],[-6.1525,54.5222],[-6.1557,54.5186],[-6.1662,54.5174],[-6.1727,54.5187],[-6.1798,54.5154],[-6.1891,54.5155],[-6.1993,54.5121],[-6.2077,54.5136],[-6.211,54.5091],[-6.2181,54.5059],[-6.2184,54.4984],[-6.2164,54.4917],[-6.2226,54.4913],[-6.2316,54.4798],[-6.2446,54.4804],[-6.2538,54.4837],[-6.2707,54.4853],[-6.2725,54.479],[-6.2788,54.4755],[-6.2769,54.4652],[-6.2801,54.463],[-6.2893,54.4631],[-6.2958,54.4555],[-6.2868,54.4496],[-6.2854,54.4464],[-6.3126,54.4414],[-6.3158,54.4374],[-6.3268,54.4331],[-6.3293,54.4277],[-6.335,54.4224],[-6.3336,54.4179],[-6.3261,54.4133],[-6.3177,54.4114],[-6.3155,54.4084],[-6.3062,54.4099],[-6.304,54.4069],[-6.3088,54.4027],[-6.304,54.3982],[-6.2952,54.3971],[-6.287,54.3903],[-6.277,54.3906],[-6.2668,54.3864],[-6.2593,54.3894],[-6.2485,54.3897],[-6.2472,54.3857],[-6.2512,54.3819],[-6.2452,54.378],[-6.2477,54.374],[-6.244,54.369],[-6.2387,54.3669],[-6.2222,54.3664],[-6.2062,54.3639],[-6.185,54.3636],[-6.1907,54.3574],[-6.191,54.3505],[-6.1784,54.3487],[-6.1673,54.3548],[-6.1574,54.3529],[-6.1421,54.3607],[-6.1293,54.3547],[-6.1208,54.355],[-6.1155,54.3525],[-6.107,54.353],[-6.1073,54.3463],[-6.099,54.343],[-6.0883,54.3347],[-6.0756,54.335],[-6.065,54.3317],[-6.0651,54.3285],[-6.0577,54.323],[-6.0594,54.3194],[-6.0523,54.3148],[-6.0463,54.3197],[-6.0355,54.3218],[-6.0278,54.3369],[-6.0096,54.333],[-6.0145,54.3264],[-6.0224,54.3206],[-6.02,54.3067],[-6.0198,54.2954],[-6.008,54.2854],[-6.0051,54.2815],[-6.0081,54.2683],[-6.0121,54.2648],[-6.0053,54.2624],[-6.0057,54.2543],[-6.0016,54.2511],[-5.9916,54.2514],[-5.9869,54.254],[-5.9885,54.2608],[-5.9762,54.2615],[-5.9525,54.2588],[-5.9471,54.2601],[-5.9313,54.2535],[-5.9263,54.2462],[-5.9101,54.232],[-5.8966,54.2273],[-5.8965,54.2215],[-5.8842,54.2145],[-5.884,54.2144],[-5.8647,54.2255],[-5.8315,54.2402],[-5.8281,54.2472],[-5.8331,54.2513],[-5.8465,54.2506],[-5.8598,54.2437],[-5.8591,54.2509],[-5.8406,54.2572],[-5.8353,54.2661],[-5.8288,54.2698],[-5.8282,54.2771],[-5.8165,54.2846],[-5.8161,54.2797],[-5.8203,54.2725],[-5.8188,54.2644],[-5.8157,54.2609],[-5.8181,54.257],[-5.8337,54.2556],[-5.8225,54.2436],[-5.8138,54.2424],[-5.7997,54.2445],[-5.7815,54.246],[-5.7778,54.2444],[-5.7586,54.2477],[-5.7509,54.2511],[-5.7259,54.2529],[-5.7196,54.2506],[-5.7037,54.25],[-5.6926,54.2513],[-5.6795,54.2482],[-5.6658,54.234],[-5.6635,54.2272],[-5.6589,54.2258],[-5.6478,54.2314],[-5.6424,54.2404],[-5.636,54.2442],[-5.6402,54.2541],[-5.6448,54.2576],[-5.6375,54.2609],[-5.6191,54.2539],[-5.6173,54.2462],[-5.607,54.2505],[-5.6021,54.2569],[-5.5891,54.2648],[-5.5862,54.2704],[-5.5763,54.2731],[-5.5708,54.2793],[-5.5626,54.2845],[-5.5576,54.2907],[-5.5555,54.2984],[-5.5506,54.3062],[-5.5419,54.308],[-5.5363,54.3128],[-5.5265,54.3099],[-5.5248,54.3154],[-5.5326,54.3161],[-5.5421,54.3198],[-5.5397,54.3265],[-5.5441,54.3329],[-5.5406,54.3387],[-5.5485,54.3469],[-5.5517,54.3603],[-5.5491,54.3653],[-5.5572,54.3763],[-5.5647,54.3742],[-5.5612,54.3678],[-5.5663,54.364],[-5.5706,54.3704],[-5.5775,54.3729],[-5.5699,54.379],[-5.574,54.3833],[-5.5819,54.3819],[-5.5876,54.3845],[-5.5972,54.3821],[-5.5989,54.3783],[-5.6052,54.3767],[-5.6143,54.3794],[-5.6413,54.3691],[-5.6496,54.3642],[-5.6587,54.3661],[-5.6681,54.3659],[-5.6849,54.3718],[-5.6769,54.3768],[-5.6737,54.3756],[-5.6637,54.3822],[-5.6555,54.3846],[-5.6501,54.3885],[-5.648,54.3956],[-5.6412,54.4004],[-5.6409,54.4083],[-5.6474,54.4136],[-5.6419,54.4237],[-5.643,54.4308],[-5.6299,54.4367],[-5.6412,54.4413],[-5.6303,54.4562],[-5.6445,54.4541],[-5.6425,54.4664],[-5.6534,54.4656],[-5.6496,54.4719],[-5.6531,54.4736],[-5.6467,54.4787],[-5.6474,54.4827],[-5.6535,54.4839],[-5.6485,54.4902],[-5.6572,54.4976],[-5.6653,54.492],[-5.6775,54.497],[-5.6773,54.5027],[-5.6734,54.5099],[-5.6642,54.51],[-5.6583,54.516],[-5.6536,54.5175],[-5.6728,54.5226],[-5.678,54.5206],[-5.6867,54.5307],[-5.696,54.5326],[-5.7078,54.5375],[-5.7121,54.5426],[-5.6974,54.5466],[-5.6975,54.5615],[-5.6958,54.5725],[-5.6915,54.5745],[-5.6855,54.5825],[-5.6791,54.5833],[-5.6661,54.5746],[-5.6582,54.5718],[-5.656,54.5684],[-5.6401,54.5651],[-5.6386,54.5618],[-5.6285,54.5598],[-5.619,54.5597],[-5.6092,54.5553],[-5.605,54.5493],[-5.5956,54.5486],[-5.5952,54.5414],[-5.5879,54.5405],[-5.5868,54.5367],[-5.5794,54.5314],[-5.5706,54.5351],[-5.562,54.5338],[-5.5564,54.5271],[-5.5558,54.5203],[-5.5507,54.5184],[-5.5529,54.5119],[-5.5514,54.5069],[-5.547,54.5047],[-5.5462,54.4956],[-5.5379,54.4946],[-5.5368,54.4894],[-5.5425,54.4873],[-5.5401,54.4835],[-5.5409,54.4756],[-5.5322,54.4693],[-5.5448,54.462],[-5.5341,54.458],[-5.5319,54.4536],[-5.536,54.4463],[-5.5347,54.44],[-5.5358,54.432],[-5.5414,54.4307],[-5.5489,54.4349],[-5.5711,54.4218],[-5.5787,54.4085],[-5.5786,54.3991],[-5.5699,54.3907],[-5.5611,54.3903],[-5.5552,54.3829],[-5.5472,54.3789],[-5.5391,54.3691],[-5.5405,54.3649],[-5.5326,54.3631],[-5.528,54.3594],[-5.5299,54.3484],[-5.5218,54.3407],[-5.5138,54.3446],[-5.5112,54.3377],[-5.5046,54.3318],[-5.4958,54.3353],[-5.4995,54.3379],[-5.4898,54.3578],[-5.4833,54.3555],[-5.4802,54.3618],[-5.4828,54.3648],[-5.4917,54.364],[-5.4925,54.3692],[-5.4861,54.3726],[-5.4896,54.3762],[-5.4828,54.3834],[-5.4744,54.385],[-5.4696,54.3817],[-5.4633,54.3827],[-5.4585,54.3931],[-5.4646,54.3979],[-5.463,54.408],[-5.4645,54.4144],[-5.4713,54.4185],[-5.4726,54.4242],[-5.4798,54.4263],[-5.4789,54.4308],[-5.4739,54.4349],[-5.4609,54.4394],[-5.4552,54.4394],[-5.4503,54.4513],[-5.4409,54.4544],[-5.4356,54.47],[-5.4418,54.4747],[-5.4381,54.4814],[-5.4336,54.4846],[-5.4356,54.4899],[-5.4421,54.4893],[-5.4572,54.494],[-5.4627,54.4979],[-5.4657,54.5041],[-5.4674,54.5142],[-5.4715,54.52],[-5.4702,54.526],[-5.4815,54.5341],[-5.4849,54.5488],[-5.4773,54.5592],[-5.4771,54.5642],[-5.4896,54.5778],[-5.4981,54.5777],[-5.5028,54.582],[-5.5071,54.592],[-5.521,54.5974],[-5.5324,54.6174],[-5.5336,54.6225],[-5.5317,54.634],[-5.5279,54.6369],[-5.5298,54.6422],[-5.5361,54.643],[-5.5412,54.6482],[-5.5433,54.6542],[-5.5524,54.6558],[-5.5683,54.6642],[-5.5749,54.67],[-5.5768,54.6754],[-5.589,54.6748],[-5.6032,54.6775],[-5.6106,54.675],[-5.6298,54.6801],[-5.6358,54.6782],[-5.6342,54.6709],[-5.6402,54.6669],[-5.651,54.6656],[-5.6562,54.671],[-5.6675,54.666],[-5.6744,54.6652],[-5.6793,54.6687],[-5.7208,54.6672],[-5.7384,54.674],[-5.741,54.6776],[-5.7541,54.6724],[-5.7921,54.6616],[-5.798,54.6617],[-5.8225,54.6518],[-5.8305,54.6454],[-5.8483,54.6393],[-5.8548,54.6339],[-5.864,54.6349],[-5.8717,54.6309],[-5.8758,54.6324],[-5.8853,54.6257],[-5.8901,54.6164],[-5.9003,54.6166],[-5.9142,54.607],[-5.9193,54.5991],[-5.9123,54.5967],[-5.9177,54.5914],[-5.9186,54.5846],[-5.9274,54.5802],[-5.9304,54.5759],[-5.9258,54.5707],[-5.9277,54.568],[-5.9256,54.5697],[-5.9315,54.5756],[-5.928,54.5807],[-5.9199,54.5842],[-5.9208,54.5904],[-5.9136,54.5951],[-5.9211,54.5996],[-5.9206,54.6031],[-5.9064,54.6155],[-5.9073,54.6206],[-5.8952,54.6257],[-5.8848,54.6322],[-5.8947,54.6326],[-5.9031,54.6287],[-5.9069,54.6354],[-5.918,54.6355],[-5.9142,54.6434],[-5.9137,54.6501],[-5.9093,54.656],[-5.9002,54.6596],[-5.9008,54.6639],[-5.8954,54.6739],[-5.8792,54.683],[-5.8725,54.6855],[-5.8567,54.6949],[-5.8497,54.6969],[-5.8416,54.7044],[-5.8245,54.7101],[-5.8113,54.7113],[-5.7904,54.7207],[-5.779,54.723],[-5.7656,54.7232],[-5.7499,54.7258],[-5.7443,54.7286],[-5.7336,54.7377],[-5.725,54.7387],[-5.7097,54.7463],[-5.7078,54.7523],[-5.6952,54.7635],[-5.688,54.7671],[-5.6934,54.7722],[-5.6945,54.7776],[-5.6918,54.7842],[-5.6927,54.7913],[-5.6894,54.8017],[-5.6919,54.8101],[-5.7046,54.8249],[-5.7109,54.8344],[-5.7258,54.8486],[-5.7295,54.8474],[-5.7369,54.8517],[-5.7581,54.8586],[-5.7623,54.8536],[-5.7703,54.8524],[-5.7801,54.8586],[-5.7835,54.8512],[-5.7905,54.8515],[-5.7866,54.8424],[-5.777,54.8392],[-5.7695,54.8322],[-5.7504,54.8247],[-5.7517,54.8208],[-5.734,54.8134],[-5.7314,54.8049],[-5.7242,54.7998],[-5.7194,54.7887],[-5.724,54.7843],[-5.7309,54.788],[-5.7473,54.8043],[-5.7421,54.8104],[-5.7527,54.8165],[-5.7624,54.818],[-5.7695,54.8158],[-5.779,54.8164],[-5.7843,54.8191],[-5.8018,54.8236],[-5.8113,54.8342],[-5.812,54.8447],[-5.7983,54.8443],[-5.7961,54.8501],[-5.7984,54.8543],[-5.8049,54.858],[-5.8104,54.8677],[-5.8147,54.8702]]]]},"properties":{"HA_NUM":205,"HA_NAME":"Lagan-Quaille"}},
{"type":"Feature","geometry":{"type":"MultiPolygon","coordinates":[[[[-6.0057,54.2543],[-6.0061,54.2449],[-6.0005,54.243],[-5.9943,54.2357],[-6.0076,54.2312],[-6.0077,54.2207],[-6.014,54.2086],[-6.0374,54.1996],[-6.0477,54.1845],[-6.0354,54.1771],[-6.0348,54.1744],[-6.0261,54.1711],[-6.0283,54.1671],[-6.0359,54.1668],[-6.0407,54.1623],[-6.0634,54.1614],[-6.07,54.1588],[-6.0664,54.1529],[-6.0745,54.153],[-6.0942,54.1484],[-6.1,54.1395],[-6.1113,54.1424],[-6.1236,54.1417],[-6.1367,54.1481],[-6.1469,54.151],[-6.1523,54.1502],[-6.1598,54.153],[-6.1581,54.157],[-6.1641,54.1605],[-6.1645,54.167],[-6.1813,54.1681],[-6.191,54.166],[-6.1885,54.1804],[-6.1959,54.185],[-6.2047,54.1941],[-6.1975,54.2025],[-6.1859,54.2033],[-6.1795,54.2009],[-6.1684,54.1998],[-6.1608,54.2006],[-6.1606,54.2042],[-6.155,54.2086],[-6.1548,54.2136],[-6.1507,54.2202],[-6.1574,54.2246],[-6.1533,54.2302],[-6.1561,54.2363],[-6.1613,54.2395],[-6.1558,54.2439],[-6.1613,54.2563],[-6.1587,54.2639],[-6.1648,54.264],[-6.175,54.2687],[-6.18,54.2674],[-6.1999,54.2776],[-6.2048,54.2815],[-6.2068,54.2876],[-6.2207,54.2864],[-6.2319,54.292],[-6.245,54.2913],[-6.2514,54.3031],[-6.2654,54.3001],[-6.2815,54.3012],[-6.2749,54.3119],[-6.2745,54.322],[-6.282,54.326],[-6.2817,54.3316],[-6.2863,54.3337],[-6.2962,54.3343],[-6.2967,54.341],[-6.3012,54.3447],[-6.311,54.3488],[-6.3076,54.3566],[-6.3192,54.3543],[-6.3335,54.3438],[-6.3412,54.3439],[-6.3491,54.339],[-6.3621,54.3415],[-6.3713,54.3411],[-6.3777,54.3354],[-6.3779,54.33],[-6.3859,54.322],[-6.4012,54.3227],[-6.4,54.315],[-6.4073,54.3156],[-6.4071,54.3097],[-6.4166,54.3031],[-6.4228,54.3018],[-6.423,54.2951],[-6.4279,54.2884],[-6.4354,54.2926],[-6.4386,54.2886],[-6.4255,54.2812],[-6.4124,54.2709],[-6.4111,54.2662],[-6.3991,54.2586],[-6.4008,54.2539],[-6.3979,54.2498],[-6.3989,54.2436],[-6.4036,54.2423],[-6.4038,54.2364],[-6.4079,54.2298],[-6.4148,54.2289],[-6.4212,54.2227],[-6.4152,54.2195],[-6.4161,54.2146],[-6.4241,54.208],[-6.4287,54.2073],[-6.4274,54.2017],[-6.4301,54.1914],[-6.4402,54.1871],[-6.4443,54.1799],[-6.452,54.1787],[-6.4493,54.1683],[-6.4573,54.1684],[-6.4635,54.1662],[-6.4768,54.1691],[-6.4838,54.1764],[-6.4918,54.1796],[-6.5105,54.1709],[-6.5263,54.1769],[-6.5284,54.1828],[-6.5451,54.187],[-6.5433,54.196],[-6.5516,54.1979],[-6.5513,54.206],[-6.5464,54.2158],[-6.5516,54.2217],[-6.5622,54.2241],[-6.5666,54.2291],[-6.5766,54.2285],[-6.5818,54.2355],[-6.594,54.237],[-6.5967,54.2258],[-6.596,54.2213],[-6.6189,54.2254],[-6.6173,54.2157],[-6.6243,54.214],[-6.6545,54.2148],[-6.6585,54.2094],[-6.6689,54.2082],[-6.6611,54.2018],[-6.664,54.1933],[-6.6708,54.1851],[-6.6538,54.1806],[-6.6405,54.1658],[-6.6345,54.1631],[-6.6363,54.1594],[-6.6305,54.1494],[-6.6322,54.1322],[-6.6361,54.125],[-6.6458,54.1167],[-6.6511,54.1103],[-6.6563,54.0992],[-6.6552,54.0867],[-6.65,54.0764],[-6.6463,54.0739],[-6.6642,54.0693],[-6.6656,54.0669],[-6.6423,54.0572],[-6.6361,54.0528],[-6.625,54.055],[-6.62,54.0489],[-6.6083,54.0419],[-6.6013,54.0411],[-6.5949,54.0447],[-6.5989,54.0513],[-6.5939,54.0579],[-6.5842,54.0582],[-6.5728,54.0527],[-6.5575,54.0511],[-6.5461,54.0533],[-6.5369,54.0586],[-6.5303,54.0602],[-6.5159,54.0523],[-6.5087,54.0533],[-6.5089,54.0594],[-6.4947,54.06],[-6.4788,54.0692],[-6.4828,54.0729],[-6.4791,54.0787],[-6.4625,54.0709],[-6.4555,54.0732],[-6.4477,54.0681],[-6.4499,54.0651],[-6.4451,54.059],[-6.4353,54.0589],[-6.4172,54.0648],[-6.393,54.0608],[-6.3791,54.069],[-6.37,54.0702],[-6.3622,54.0767],[-6.3655,54.0923],[-6.3621,54.0962],[-6.3669,54.102],[-6.3661,54.114],[-6.3539,54.1116],[-6.3479,54.1138],[-6.336,54.1083],[-6.3497,54.09],[-6.3386,54.0922],[-6.3194,54.0892],[-6.298,54.0994],[-6.2986,54.1091],[-6.2917,54.1125],[-6.2997,54.1183],[-6.315,54.1374],[-6.3218,54.1471],[-6.3186,54.1492],[-6.3093,54.1385],[-6.293,54.1164],[-6.2896,54.1135],[-6.2785,54.1112],[-6.2721,54.1059],[-6.2587,54.0993],[-6.2522,54.0975],[-6.2349,54.1014],[-6.231,54.0999],[-6.2151,54.1006],[-6.2126,54.098],[-6.2028,54.0991],[-6.193,54.0955],[-6.1904,54.0926],[-6.19,54.0843],[-6.1857,54.0799],[-6.1836,54.0737],[-6.1765,54.0737],[-6.1667,54.0674],[-6.1568,54.0649],[-6.15,54.0658],[-6.1379,54.062],[-6.1351,54.0648],[-6.1268,54.0663],[-6.111,54.0623],[-6.0944,54.0623],[-6.0859,54.058],[-6.0767,54.0488],[-6.0978,54.0477],[-6.1034,54.0401],[-6.0872,54.0356],[-6.0823,54.03],[-6.0695,54.0297],[-6.0648,54.0278],[-6.0626,54.0229],[-6.0399,54.0331],[-6.0207,54.0388],[-6.0071,54.0508],[-5.9952,54.0571],[-5.9622,54.063],[-5.9572,54.0686],[-5.9572,54.0731],[-5.9518,54.0778],[-5.9411,54.082],[-5.9178,54.0942],[-5.9034,54.0994],[-5.8974,54.1044],[-5.8919,54.1118],[-5.8918,54.1183],[-5.8864,54.1209],[-5.886,54.1257],[-5.8898,54.1304],[-5.8891,54.1352],[-5.8761,54.1532],[-5.8713,54.1677],[-5.8726,54.1788],[-5.8768,54.1898],[-5.8908,54.2011],[-5.8915,54.2074],[-5.884,54.2144],[-5.8842,54.2145],[-5.8965,54.2215],[-5.8966,54.2273],[-5.9101,54.232],[-5.9263,54.2462],[-5.9313,54.2535],[-5.9471,54.2601],[-5.9525,54.2588],[-5.9762,54.2615],[-5.9885,54.2608],[-5.9869,54.254],[-5.9916,54.2514],[-6.0016,54.2511],[-6.0057,54.2543]]],[[[-6.6937,54.1925],[-6.6934,54.1964],[-6.6865,54.1981],[-6.687,54.2048],[-6.6929,54.2116],[-6.6979,54.213],[-6.7049,54.2086],[-6.712,54.2154],[-6.7196,54.2173],[-6.7221,54.2119],[-6.7335,54.2121],[-6.7353,54.2053],[-6.7471,54.2082],[-6.7639,54.2106],[-6.7639,54.1947],[-6.7516,54.1889],[-6.7413,54.1819],[-6.7352,54.1808],[-6.7197,54.195],[-6.7141,54.1961],[-6.6937,54.1925]]]]},"properties":{"HA_NUM":206,"HA_NAME":"Newry-Dee"}},
{"type":"Feature","geometry":{"type":"MultiPolygon","coordinates":[[[[-7.8624,54.2182],[-7.8562,54.2209],[-7.8547,54.2285],[-7.8447,54.2343],[-7.8331,54.246],[-7.8347,54.2527],[-7.8477,54.2505],[-7.85,54.255],[-7.8554,54.2572],[-7.8733,54.2591],[-7.8725,54.2525],[-7.8686,54.2414],[-7.8672,54.2289],[-7.8624,54.2182]]],[[[-7.8333,54.2075],[-7.8509,54.2146],[-7.8624,54.2182],[-7.8544,54.2094],[-7.8333,54.2075]]]]},"properties":{"HA_NUM":226,"HA_NAME":"Upper Shannon"}},
{"type":"Feature","geometry":{"type":"Polygon","coordinates":[[[-7.9911,54.3501],[-7.983,54.3485],[-7.9773,54.351],[-7.9788,54.3577],[-7.9727,54.3606],[-7.9611,54.3624],[-7.9407,54.3629],[-7.935,54.3642],[-7.9296,54.3606],[-7.9227,54.3602],[-7.9165,54.3665],[-7.9065,54.368],[-7.9042,54.3727],[-7.8857,54.3727],[-7.8796,54.3747],[-7.8757,54.3821],[-7.8841,54.3853],[-7.8864,54.3896],[-7.8949,54.3947],[-7.9057,54.3947],[-7.9257,54.4006],[-7.9257,54.4051],[-7.9095,54.4078],[-7.9072,54.4109],[-7.9164,54.415],[-7.9218,54.4127],[-7.9357,54.4136],[-7.9403,54.4168],[-7.9487,54.4168],[-7.9603,54.4199],[-7.968,54.4246],[-7.9703,54.4316],[-7.9641,54.4316],[-7.9541,54.4437],[-7.9911,54.4419],[-7.9903,54.4482],[-8.0057,54.4478],[-8.0173,54.446],[-8.0246,54.4428],[-8.0481,54.4428],[-8.0543,54.4473],[-8.0751,54.4469],[-8.079,54.4543],[-8.0913,54.4594],[-8.1106,54.4585],[-8.1129,54.4635],[-8.1214,54.4647],[-8.1583,54.4597],[-8.1625,54.4575],[-8.1513,54.4506],[-8.1416,54.4425],[-8.1433,54.4397],[-8.1522,54.4358],[-8.1502,54.4333],[-8.1361,54.4275],[-8.1175,54.4158],[-8.1069,54.4081],[-8.0965,54.4053],[-8.0836,54.392],[-8.0838,54.3897],[-8.0619,54.375],[-8.0466,54.3631],[-8.0385,54.3627],[-8.0312,54.3564],[-8.0225,54.3567],[-8.0046,54.3535],[-8.0042,54.3534],[-7.9911,54.3501]]]},"properties":{"HA_NUM":235,"HA_NAME":"Sligo Bay-Drowes"}},
{"type":"Feature","geometry":{"type":"Polygon","coordinates":[[[-7.3331,54.4365],[-7.3472,54.4442],[-7.3646,54.4371],[-7.3762,54.4365],[-7.3815,54.4413],[-7.3982,54.4351],[-7.409,54.4356],[-7.4046,54.4459],[-7.4137,54.454],[-7.4264,54.4541],[-7.4337,54.4579],[-7.4305,54.4667],[-7.4366,54.4707],[-7.449,54.4694],[-7.4566,54.4735],[-7.4682,54.4763],[-7.468,54.487],[-7.4764,54.492],[-7.4841,54.4929],[-7.4941,54.4988],[-7.491,54.502],[-7.4979,54.5078],[-7.5125,54.5106],[-7.5195,54.5079],[-7.5248,54.5102],[-7.5326,54.5066],[-7.5388,54.5084],[-7.5364,54.5125],[-7.5453,54.513],[-7.5503,54.5112],[-7.5595,54.513],[-7.5696,54.5081],[-7.5828,54.5073],[-7.5843,54.5111],[-7.575,54.5162],[-7.5741,54.5229],[-7.5702,54.5256],[-7.5817,54.5371],[-7.5755,54.5405],[-7.5623,54.544],[-7.5622,54.5519],[-7.5506,54.5543],[-7.5389,54.5601],[-7.5381,54.5655],[-7.5458,54.57],[-7.5527,54.5698],[-7.565,54.5804],[-7.565,54.5853],[-7.5564,54.5912],[-7.5602,54.5932],[-7.5727,54.5863],[-7.5789,54.5858],[-7.5912,54.5908],[-7.599,54.5832],[-7.6087,54.5806],[-7.6191,54.5891],[-7.6205,54.5943],[-7.6167,54.5963],[-7.6189,54.6066],[-7.6158,54.6107],[-7.6281,54.6172],[-7.6311,54.621],[-7.6459,54.6193],[-7.654,54.6148],[-7.6652,54.6158],[-7.6691,54.6203],[-7.669,54.6261],[-7.6782,54.6347],[-7.6852,54.6338],[-7.696,54.6403],[-7.6975,54.6439],[-7.7169,54.6357],[-7.7116,54.6271],[-7.7248,54.6256],[-7.7336,54.6299],[-7.7511,54.6241],[-7.7627,54.6272],[-7.7666,54.6237],[-7.7472,54.6144],[-7.7347,54.615],[-7.7124,54.6247],[-7.7061,54.615],[-7.6969,54.6119],[-7.7158,54.6019],[-7.7449,54.5919],[-7.7486,54.5972],[-7.762,54.5928],[-7.7591,54.5872],[-7.7841,54.5792],[-7.7997,54.57],[-7.8166,54.5567],[-7.8244,54.5585],[-7.8327,54.5536],[-7.8271,54.5476],[-7.8336,54.5433],[-7.8558,54.5383],[-7.863,54.5314],[-7.8694,54.5347],[-7.8791,54.5352],[-7.8938,54.5317],[-7.9163,54.5317],[-7.9227,54.5308],[-7.938,54.5317],[-7.9655,54.5311],[-7.9788,54.5414],[-7.9827,54.5422],[-8.0105,54.5308],[-8.0313,54.5194],[-8.0402,54.5156],[-8.0502,54.5075],[-8.0494,54.4947],[-8.0525,54.4869],[-8.0771,54.4874],[-8.0974,54.4844],[-8.0977,54.4739],[-8.11,54.4672],[-8.1214,54.4647],[-8.1129,54.4635],[-8.1106,54.4585],[-8.0913,54.4594],[-8.079,54.4543],[-8.0751,54.4469],[-8.0543,54.4473],[-8.0481,54.4428],[-8.0246,54.4428],[-8.0173,54.446],[-8.0057,54.4478],[-7.9903,54.4482],[-7.9911,54.4419],[-7.9541,54.4437],[-7.9641,54.4316],[-7.9703,54.4316],[-7.968,54.4246],[-7.9603,54.4199],[-7.9487,54.4168],[-7.9403,54.4168],[-7.9357,54.4136],[-7.9218,54.4127],[-7.9164,54.415],[-7.9072,54.4109],[-7.9095,54.4078],[-7.9257,54.4051],[-7.9257,54.4006],[-7.9057,54.3947],[-7.8949,54.3947],[-7.8864,54.3896],[-7.8841,54.3853],[-7.8757,54.3821],[-7.8796,54.3747],[-7.8857,54.3727],[-7.9042,54.3727],[-7.9065,54.368],[-7.9165,54.3665],[-7.9227,54.3602],[-7.9296,54.3606],[-7.935,54.3642],[-7.9407,54.3629],[-7.9611,54.3624],[-7.9727,54.3606],[-7.9788,54.3577],[-7.9773,54.351],[-7.983,54.3485],[-7.9911,54.3501],[-7.9855,54.3456],[-7.9827,54.3383],[-7.9725,54.3219],[-7.9505,54.3072],[-7.9293,54.3041],[-7.9139,54.2991],[-7.9004,54.3016],[-7.8875,54.2993],[-7.8818,54.2921],[-7.8756,54.2945],[-7.8687,54.2904],[-7.8637,54.2785],[-7.8638,54.2741],[-7.8725,54.2659],[-7.8733,54.2591],[-7.8554,54.2572],[-7.85,54.255],[-7.8477,54.2505],[-7.8347,54.2527],[-7.8331,54.246],[-7.8447,54.2343],[-7.8547,54.2285],[-7.8562,54.2209],[-7.8624,54.2182],[-7.8509,54.2146],[-7.8333,54.2075],[-7.7977,54.2047],[-7.7525,54.2025],[-7.7313,54.2005],[-7.7027,54.2074],[-7.6933,54.1995],[-7.6883,54.193],[-7.6805,54.1794],[-7.6666,54.18],[-7.6583,54.1836],[-7.6458,54.1772],[-7.6391,54.1719],[-7.635,54.1655],[-7.63,54.1505],[-7.6186,54.1433],[-7.5977,54.1414],[-7.5843,54.1333],[-7.5715,54.133],[-7.5544,54.1261],[-7.5425,54.128],[-7.5286,54.1267],[-7.5141,54.1211],[-7.5027,54.1186],[-7.476,54.1236],[-7.4719,54.1322],[-7.4594,54.1389],[-7.4338,54.1558],[-7.4205,54.1619],[-7.4075,54.1611],[-7.4002,54.1564],[-7.4022,54.1481],[-7.4091,54.1428],[-7.4222,54.1369],[-7.4008,54.1306],[-7.3861,54.1306],[-7.3747,54.1331],[-7.3622,54.1336],[-7.3558,54.1239],[-7.3457,54.1164],[-7.3401,54.1173],[-7.3252,54.1108],[-7.3097,54.1156],[-7.2894,54.1167],[-7.2813,54.1211],[-7.33,54.1383],[-7.3299,54.1474],[-7.3075,54.1545],[-7.2849,54.1543],[-7.2879,54.1502],[-7.3024,54.1486],[-7.2758,54.14],[-7.2552,54.1478],[-7.25,54.1539],[-7.2491,54.1622],[-7.2423,54.1701],[-7.2444,54.1736],[-7.2569,54.1758],[-7.2513,54.1819],[-7.2361,54.1867],[-7.2302,54.1922],[-7.2238,54.2086],[-7.2197,54.2108],[-7.1997,54.2083],[-7.1872,54.2147],[-7.1747,54.2136],[-7.1627,54.2156],[-7.1541,54.2244],[-7.1544,54.2283],[-7.16,54.2383],[-7.155,54.2494],[-7.1566,54.2575],[-7.1669,54.265],[-7.1766,54.2686],[-7.1788,54.2719],[-7.178,54.28],[-7.1808,54.2831],[-7.1963,54.2881],[-7.2077,54.2906],[-7.2102,54.2972],[-7.2036,54.3025],[-7.1847,54.3097],[-7.1813,54.3122],[-7.1773,54.3251],[-7.1762,54.3259],[-7.1742,54.3269],[-7.1741,54.3331],[-7.1825,54.3381],[-7.1723,54.3446],[-7.1722,54.3533],[-7.1894,54.3584],[-7.2043,54.3607],[-7.217,54.3608],[-7.2236,54.359],[-7.2305,54.3609],[-7.2311,54.369],[-7.2449,54.3704],[-7.2462,54.385],[-7.2538,54.3891],[-7.256,54.3965],[-7.2737,54.3939],[-7.2814,54.3962],[-7.2907,54.3882],[-7.2908,54.3851],[-7.3055,54.3789],[-7.3186,54.3789],[-7.3245,54.3922],[-7.3353,54.3936],[-7.3329,54.3988],[-7.3351,54.4037],[-7.3413,54.4056],[-7.3404,54.4116],[-7.3472,54.4195],[-7.3355,54.4284],[-7.3331,54.4365]]]},"properties":{"HA_NUM":236,"HA_NAME":"Erne"}},
{"type":"Feature","geometry":{"type":"Polygon","coordinates":[[[-7.404,55.0028],[-7.4003,55.0003],[-7.3839,55],[-7.3713,55.0053],[-7.3561,55.0053],[-7.3439,55.0101],[-7.3312,55.0204],[-7.3222,55.0213],[-7.3022,55.0279],[-7.2982,55.0323],[-7.2996,55.0373],[-7.3097,55.0441],[-7.3096,55.0468],[-7.3009,55.0521],[-7.307,55.0562],[-7.3169,55.0523],[-7.3221,55.0449],[-7.3472,55.0529],[-7.3564,55.0492],[-7.3656,55.0424],[-7.3702,55.0349],[-7.3842,55.0279],[-7.3912,55.0203],[-7.3972,55.0173],[-7.404,55.0028]]]},"properties":{"HA_NUM":239,"HA_NAME":"Lough Swilly"}}
]}