{"type":"FeatureCollection","features":[{"type":"Feature","properties":{"name":"E000N0000","e_km":0,"n_km":0},"geometry":{"type":"Polygon","coordinates":[[[-7.55716,49.766807],[-7.280647,49.779778],[-7.300267,49.95889],[-7.577795,49.945838],[-7.55716,49.766807]]]}},{"type":"Feature","properties":{"name":"E000N0020","e_km":0,"n_km":20},"geometry":{"type":"Polygon","coordinates":[[[-7.577795,49.945838],[-7.300267,49.95889],[-7.320086,50.137992],[-7.598639,50.124857],[-7.577795,49.945838]]]}},{"type":"Feature","properties":{"name":"E000N0040","e_km":0,"n_km":40},"geometry":{"type":"Polygon","coordinates":[[[-7.598639,50.124857],[-7.320086,50.137992],[-7.340106,50.317082],[-7.619694,50.303864],[-7.598639,50.124857]]]}},{"type":"Feature","properties":{"name":"E000N0060","e_km":0,"n_km":60},"geometry":{"type":"Polygon","coordinates":[[[-7.619694,50.303864],[-7.340106,50.317082],[-7.360329,50.49616],[-7.640962,50.482858],[-7.619694,50.303864]]]}},{"type":"Feature","properties":{"name":"E000N0080","e_km":0,"n_km":80},"geometry":{"type":"Polygon","coordinates":[[[-7.640962,50.482858],[-7.360329,50.49616],[-7.380758,50.675228],[-7.662447,50.661841],[-7.640962,50.482858]]]}},{"type":"Feature","properties":{"name":"E000N0100","e_km":0,"n_km":100},"geometry":{"type":"Polygon","coordinates":[[[-7.662447,50.661841],[-7.380758,50.675228],[-7.401396,50.854283],[-7.684152,50.840811],[-7.662447,50.661841]]]}},{"type":"Feature","properties":{"name":"E000N0120","e_km":0,"n_km":120},"geometry":{"type":"Polygon","coordinates":[[[-7.684152,50.840811],[-7.401396,50.854283],[-7.422246,51.033327],[-7.706078,51.01977],[-7.684152,50.840811]]]}},{"type":"Feature","properties":{"name":"E000N0140","e_km":0,"n_km":140},"geometry":{"type":"Polygon","coordinates":[[[-7.706078,51.01977],[-7.422246,51.033327],[-7.44331,51.212359],[-7.728231,51.198715],[-7.706078,51.01977]]]}},{"type":"Feature","properties":{"name":"E000N0160","e_km":0,"n_km":160},"geometry":{"type":"Polygon","coordinates":[[[-7.728231,51.198715],[-7.44331,51.212359],[-7.464591,51.391379],[-7.750611,51.377649],[-7.728231,51.198715]]]}},{"type":"Feature","properties":{"name":"E000N0180","e_km":0,"n_km":180},"geometry":{"type":"Polygon","coordinates":[[[-7.750611,51.377649],[-7.464591,51.391379],[-7.486093,51.570388],[-7.773224,51.556569],[-7.750611,51.377649]]]}},{"type":"Feature","properties":{"name":"E000N0200","e_km":0,"n_km":200},"geometry":{"type":"Polygon","coordinates":[[[-7.773224,51.556569],[-7.486093,51.570388],[-7.507818,51.749384],[-7.79607,51.735477],[-7.773224,51.556569]]]}},{"type":"Feature","properties":{"name":"E000N0220","e_km":0,"n_km":220},"geometry":{"type":"Polygon","coordinates":[[[-7.79607,51.735477],[-7.507818,51.749384],[-7.529769,51.928369],[-7.819155,51.914373],[-7.79607,51.735477]]]}},{"type":"Feature","properties":{"name":"E000N0240","e_km":0,"n_km":240},"geometry":{"type":"Polygon","coordinates":[[[-7.819155,51.914373],[-7.529769,51.928369],[-7.55195,52.107341],[-7.842481,52.093255],[-7.819155,51.914373]]]}},{"type":"Feature","properties":{"name":"E000N0260","e_km":0,"n_km":260},"geometry":{"type":"Polygon","coordinates":[[[-7.842481,52.093255],[-7.55195,52.107341],[-7.574364,52.286301],[-7.866052,52.272125],[-7.842481,52.093255]]]}},{"type":"Feature","properties":{"name":"E000N0280","e_km":0,"n_km":280},"geometry":{"type":"Polygon","coordinates":[[[-7.866052,52.272125],[-7.574364,52.286301],[-7.597014,52.465249],[-7.889871,52.450981],[-7.866052,52.272125]]]}},{"type":"Feature","properties":{"name":"E000N0300","e_km":0,"n_km":300},"geometry":{"type":"Polygon","coordinates":[[[-7.889871,52.450981],[-7.597014,52.465249],[-7.619903,52.644184],[-7.913941,52.629824],[-7.889871,52.450981]]]}},{"type":"Feature","properties":{"name":"E000N0320","e_km":0,"n_km":320},"geometry":{"type":"Polygon","coordinates":[[[-7.913941,52.629824],[-7.619903,52.644184],[-7.643034,52.823107],[-7.938266,52.808654],[-7.913941,52.629824]]]}},{"type":"Feature","properties":{"name":"E000N0340","e_km":0,"n_km":340},"geometry":{"type":"Polygon","coordinates":[[[-7.938266,52.808654],[-7.643034,52.823107],[-7.666412,53.002017],[-7.962849,52.987471],[-7.938266,52.808654]]]}},{"type":"Feature","properties":{"name":"E000N0360","e_km":0,"n_km":360},"geometry":{"type":"Polygon","coordinates":[[[-7.962849,52.987471],[-7.666412,53.002017],[-7.69004,53.180914],[-7.987695,53.166274],[-7.962849,52.987471]]]}},{"type":"Feature","properties":{"name":"E000N0380","e_km":0,"n_km":380},"geometry":{"type":"Polygon","coordinates":[[[-7.987695,53.166274],[-7.69004,53.180914],[-7.71392,53.359799],[-8.012807,53.345064],[-7.987695,53.166274]]]}},{"type":"Feature","properties":{"name":"E000N0400","e_km":0,"n_km":400},"geometry":{"type":"Polygon","coordinates":[[[-8.012807,53.345064],[-7.71392,53.359799],[-7.738058,53.538671],[-8.038189,53.52384],[-8.012807,53.345064]]]}},{"type":"Feature","properties":{"name":"E000N0420","e_km":0,"n_km":420},"geometry":{"type":"Polygon","coordinates":[[[-8.038189,53.52384],[-7.738058,53.538671],[-7.762456,53.71753],[-8.063844,53.702602],[-8.038189,53.52384]]]}},{"type":"Feature","properties":{"name":"E000N0440","e_km":0,"n_km":440},"geometry":{"type":"Polygon","coordinates":[[[-8.063844,53.702602],[-7.762456,53.71753],[-7.787118,53.896375],[-8.089777,53.88135],[-8.063844,53.702602]]]}},{"type":"Feature","properties":{"name":"E000N0460","e_km":0,"n_km":460},"geometry":{"type":"Polygon","coordinates":[[[-8.089777,53.88135],[-7.787118,53.896375],[-7.812048,54.075208],[-8.115992,54.060084],[-8.089777,53.88135]]]}},{"type":"Feature","properties":{"name":"E000N0480","e_km":0,"n_km":480},"geometry":{"type":"Polygon","coordinates":[[[-8.115992,54.060084],[-7.812048,54.075208],[-7.837251,54.254027],[-8.142493,54.238805],[-8.115992,54.060084]]]}},{"type":"Feature","properties":{"name":"E000N0500","e_km":0,"n_km":500},"geometry":{"type":"Polygon","coordinates":[[[-8.142493,54.238805],[-7.837251,54.254027],[-7.86273,54.432833],[-8.169284,54.41751],[-8.142493,54.238805]]]}},{"type":"Feature","properties":{"name":"E000N0520","e_km":0,"n_km":520},"geometry":{"type":"Polygon","coordinates":[[[-8.169284,54.41751],[-7.86273,54.432833],[-7.888489,54.611625],[-8.19637,54.596202],[-8.169284,54.41751]]]}},{"type":"Feature","properties":{"name":"E000N0540","e_km":0,"n_km":540},"geometry":{"type":"Polygon","coordinates":[[[-8.19637,54.596202],[-7.888489,54.611625],[-7.914533,54.790404],[-8.223754,54.774879],[-8.19637,54.596202]]]}},{"type":"Feature","properties":{"name":"E000N0560","e_km":0,"n_km":560},"geometry":{"type":"Polygon","coordinates":[[[-8.223754,54.774879],[-7.914533,54.790404],[-7.940865,54.969169],[-8.251442,54.953541],[-8.223754,54.774879]]]}},{"type":"Feature","properties":{"name":"E000N0580","e_km":0,"n_km":580},"geometry":{"type":"Polygon","coordinates":[[[-8.251442,54.953541],[-7.940865,54.969169],[-7.96749,55.14792],[-8.279437,55.132188],[-8.251442,54.953541]]]}},{"type":"Feature","properties":{"name":"E000N0600","e_km":0,"n_km":600},"geometry":{"type":"Polygon","coordinates":[[[-8.279437,55.132188],[-7.96749,55.14792],[-7.994413,55.326657],[-8.307745,55.310821],[-8.279437,55.132188]]]}},{"type":"Feature","properties":{"name":"E000N0620","e_km":0,"n_km":620},"geometry":{"type":"Polygon","coordinates":[[[-8.307745,55.310821],[-7.994413,55.326657],[-8.021638,55.50538],[-8.336371,55.489438],[-8.307745,55.310821]]]}},{"type":"Feature","properties":{"name":"E000N0640","e_km":0,"n_km":640},"geometry":{"type":"Polygon","coordinates":[[[-8.336371,55.489438],[-8.021638,55.50538],[-8.04917,55.684088],[-8.365318,55.668041],[-8.336371,55.489438]]]}},{"type":"Feature","properties":{"name":"E000N0660","e_km":0,"n_km":660},"geometry":{"type":"Polygon","coordinates":[[[-8.365318,55.668041],[-8.04917,55.684088],[-8.077013,55.862782],[-8.394593,55.846627],[-8.365318,55.668041]]]}},{"type":"Feature","properties":{"name":"E000N0680","e_km":0,"n_km":680},"geometry":{"type":"Polygon","coordinates":[[[-8.394593,55.846627],[-8.077013,55.862782],[-8.105173,56.041462],[-8.4242,56.025199],[-8.394593,55.846627]]]}},{"type":"Feature","properties":{"name":"E000N0700","e_km":0,"n_km":700},"geometry":{"type":"Polygon","coordinates":[[[-8.4242,56.025199],[-8.105173,56.041462],[-8.133653,56.220127],[-8.454144,56.203755],[-8.4242,56.025199]]]}},{"type":"Feature","properties":{"name":"E000N0720","e_km":0,"n_km":720},"geometry":{"type":"Polygon","coordinates":[[[-8.454144,56.203755],[-8.133653,56.220127],[-8.16246,56.398777],[-8.484431,56.382295],[-8.454144,56.203755]]]}},{"type":"Feature","properties":{"name":"E000N0740","e_km":0,"n_km":740},"geometry":{"type":"Polygon","coordinates":[[[-8.484431,56.382295],[-8.16246,56.398777],[-8.191598,56.577413],[-8.515066,56.560819],[-8.484431,56.382295]]]}},{"type":"Feature","properties":{"name":"E000N0760","e_km":0,"n_km":760},"geometry":{"type":"Polygon","coordinates":[[[-8.515066,56.560819],[-8.191598,56.577413],[-8.221073,56.756033],[-8.546054,56.739326],[-8.515066,56.560819]]]}},{"type":"Feature","properties":{"name":"E000N0780","e_km":0,"n_km":780},"geometry":{"type":"Polygon","coordinates":[[[-8.546054,56.739326],[-8.221073,56.756033],[-8.25089,56.934638],[-8.577402,56.917818],[-8.546054,56.739326]]]}},{"type":"Feature","properties":{"name":"E000N0800","e_km":0,"n_km":800},"geometry":{"type":"Polygon","coordinates":[[[-8.577402,56.917818],[-8.25089,56.934638],[-8.281055,57.113228],[-8.609115,57.096293],[-8.577402,56.917818]]]}},{"type":"Feature","properties":{"name":"E000N0820","e_km":0,"n_km":820},"geometry":{"type":"Polygon","coordinates":[[[-8.609115,57.096293],[-8.281055,57.113228],[-8.311572,57.291802],[-8.641198,57.274752],[-8.609115,57.096293]]]}},{"type":"Feature","properties":{"name":"E000N0840","e_km":0,"n_km":840},"geometry":{"type":"Polygon","coordinates":[[[-8.641198,57.274752],[-8.311572,57.291802],[-8.342448,57.47036],[-8.673658,57.453193],[-8.641198,57.274752]]]}},{"type":"Feature","properties":{"name":"E000N0860","e_km":0,"n_km":860},"geometry":{"type":"Polygon","coordinates":[[[-8.673658,57.453193],[-8.342448,57.47036],[-8.373689,57.648903],[-8.706502,57.631618],[-8.673658,57.453193]]]}},{"type":"Feature","properties":{"name":"E000N0880","e_km":0,"n_km":880},"geometry":{"type":"Polygon","coordinates":[[[-8.706502,57.631618],[-8.373689,57.648903],[-8.405301,57.82743],[-8.739734,57.810026],[-8.706502,57.631618]]]}},{"type":"Feature","properties":{"name":"E000N0900","e_km":0,"n_km":900},"geometry":{"type":"Polygon","coordinates":[[[-8.739734,57.810026],[-8.405301,57.82743],[-8.437289,58.00594],[-8.773362,57.988416],[-8.739734,57.810026]]]}},{"type":"Feature","properties":{"name":"E000N0920","e_km":0,"n_km":920},"geometry":{"type":"Polygon","coordinates":[[[-8.773362,57.988416],[-8.437289,58.00594],[-8.46966,58.184434],[-8.807392,58.166789],[-8.773362,57.988416]]]}},{"type":"Feature","properties":{"name":"E000N0940","e_km":0,"n_km":940},"geometry":{"type":"Polygon","coordinates":[[[-8.807392,58.166789],[-8.46966,58.184434],[-8.502421,58.362912],[-8.841831,58.345144],[-8.807392,58.166789]]]}},{"type":"Feature","properties":{"name":"E000N0960","e_km":0,"n_km":960},"geometry":{"type":"Polygon","coordinates":[[[-8.841831,58.345144],[-8.502421,58.362912],[-8.535577,58.541373],[-8.876686,58.523481],[-8.841831,58.345144]]]}},{"type":"Feature","properties":{"name":"E000N0980","e_km":0,"n_km":980},"geometry":{"type":"Polygon","coordinates":[[[-8.876686,58.523481],[-8.535577,58.541373],[-8.569136,58.719816],[-8.911963,58.7018],[-8.876686,58.523481]]]}},{"type":"Feature","properties":{"name":"E000N1000","e_km":0,"n_km":1000},"geometry":{"type":"Polygon","coordinates":[[[-8.911963,58.7018],[-8.569136,58.719816],[-8.603105,58.898243],[-8.947671,58.8801],[-8.911963,58.7018]]]}},{"type":"Feature","properties":{"name":"E000N1020","e_km":0,"n_km":1020},"geometry":{"type":"Polygon","coordinates":[[[-8.947671,58.8801],[-8.603105,58.898243],[-8.63749,59.076653],[-8.983815,59.058382],[-8.947671,58.8801]]]}},{"type":"Feature","properties":{"name":"E000N1040","e_km":0,"n_km":1040},"geometry":{"type":"Polygon","coordinates":[[[-8.983815,59.058382],[-8.63749,59.076653],[-8.672298,59.255045],[-9.020404,59.236645],[-8.983815,59.058382]]]}},{"type":"Feature","properties":{"name":"E000N1060","e_km":0,"n_km":1060},"geometry":{"type":"Polygon","coordinates":[[[-9.020404,59.236645],[-8.672298,59.255045],[-8.707538,59.43342],[-9.057446,59.41489],[-9.020404,59.236645]]]}},{"type":"Feature","properties":{"name":"E000N1080","e_km":0,"n_km":1080},"geometry":{"type":"Polygon","coordinates":[[[-9.057446,59.41489],[-8.707538,59.43342],[-8.743215,59.611776],[-9.094947,59.593115],[-9.057446,59.41489]]]}},{"type":"Feature","properties":{"name":"E000N1100","e_km":0,"n_km":1100},"geometry":{"type":"Polygon","coordinates":[[[-9.094947,59.593115],[-8.743215,59.611776],[-8.779339,59.790115],[-9.132917,59.77132],[-9.094947,59.593115]]]}},{"type":"Feature","properties":{"name":"E000N1120","e_km":0,"n_km":1120},"geometry":{"type":"Polygon","coordinates":[[[-9.132917,59.77132],[-8.779339,59.790115],[-8.815917,59.968435],[-9.171364,59.949506],[-9.132917,59.77132]]]}},{"type":"Feature","properties":{"name":"E000N1140","e_km":0,"n_km":1140},"geometry":{"type":"Polygon","coordinates":[[[-9.171364,59.949506],[-8.815917,59.968435],[-8.852956,60.146737],[-9.210295,60.127672],[-9.171364,59.949506]]]}},{"type":"Feature","properties":{"name":"E000N1160","e_km":0,"n_km":1160},"geometry":{"type":"Polygon","coordinates":[[[-9.210295,60.127672],[-8.852956,60.146737],[-8.890466,60.32502],[-9.249719,60.305817],[-9.210295,60.127672]]]}},{"type":"Feature","properties":{"name":"E000N1180","e_km":0,"n_km":1180},"geometry":{"type":"Polygon","coordinates":[[[-9.249719,60.305817],[-8.890466,60.32502],[-8.928454,60.503284],[-9.289646,60.483942],[-9.249719,60.305817]]]}},{"type":"Feature","properties":{"name":"E000N1200","e_km":0,"n_km":1200},"geometry":{"type":"Polygon","coordinates":[[[-9.289646,60.483942],[-8.928454,60.503284],[-8.966929,60.681528],[-9.330084,60.662046],[-9.289646,60.483942]]]}},{"type":"Feature","properties":{"name":"E000N1220","e_km":0,"n_km":1220},"geometry":{"type":"Polygon","coordinates":[[[-9.330084,60.662046],[-8.966929,60.681528],[-9.0059,60.859753],[-9.371043,60.84013],[-9.330084,60.662046]]]}},{"type":"Feature","properties":{"name":"E000N1240","e_km":0,"n_km":1240},"geometry":{"type":"Polygon","coordinates":[[[-9.371043,60.84013],[-9.0059,60.859753],[-9.044567,61.038695],[-9.411779,61.018928],[-9.371043,60.84013]]]}},{"type":"Feature","properties":{"name":"E000N1260","e_km":0,"n_km":1260},"geometry":{"type":"Polygon","coordinates":[[[-9.411779,61.018928],[-9.044567,61.038695],[-9.084558,61.216902],[-9.453808,61.19699],[-9.411779,61.018928]]]}},{"type":"Feature","properties":{"name":"E000N1280","e_km":0,"n_km":1280},"geometry":{"type":"Polygon","coordinates":[[[-9.453808,61.19699],[-9.084558,61.216902],[-9.125072,61.39509],[-9.496387,61.375031],[-9.453808,61.19699]]]}},{"type":"Feature","properties":{"name":"E020N0000","e_km":20,"n_km":0},"geometry":{"type":"Polygon","coordinates":[[[-7.280647,49.779778],[-7.003938,49.79209],[-7.022541,49.971281],[-7.300267,49.95889],[-7.280647,49.779778]]]}},{"type":"Feature","properties":{"name":"E020N0020","e_km":20,"n_km":20},"geometry":{"type":"Polygon","coordinates":[[[-7.300267,49.95889],[-7.022541,49.971281],[-7.041333,50.150461],[-7.320086,50.137992],[-7.300267,49.95889]]]}},{"type":"Feature","properties":{"name":"E020N0040","e_km":20,"n_km":40},"geometry":{"type":"Polygon","coordinates":[[[-7.320086,50.137992],[-7.041333,50.150461],[-7.060315,50.32963],[-7.340106,50.317082],[-7.320086,50.137992]]]}},{"type":"Feature","properties":{"name":"E020N0060","e_km":20,"n_km":60},"geometry":{"type":"Polygon","coordinates":[[[-7.340106,50.317082],[-7.060315,50.32963],[-7.07949,50.508788],[-7.360329,50.49616],[-7.340106,50.317082]]]}},{"type":"Feature","properties":{"name":"E020N0080","e_km":20,"n_km":80},"geometry":{"type":"Polygon","coordinates":[[[-7.360329,50.49616],[-7.07949,50.508788],[-7.09886,50.687935],[-7.380758,50.675228],[-7.360329,50.49616]]]}},{"type":"Feature","properties":{"name":"E020N0100","e_km":20,"n_km":100},"geometry":{"type":"Polygon","coordinates":[[[-7.380758,50.675228],[-7.09886,50.687935],[-7.118429,50.867072],[-7.401396,50.854283],[-7.380758,50.675228]]]}},{"type":"Feature","properties":{"name":"E020N0120","e_km":20,"n_km":120},"geometry":{"type":"Polygon","coordinates":[[[-7.401396,50.854283],[-7.118429,50.867072],[-7.138198,51.046197],[-7.422246,51.033327],[-7.401396,50.854283]]]}},{"type":"Feature","properties":{"name":"E020N0140","e_km":20,"n_km":140},"geometry":{"type":"Polygon","coordinates":[[[-7.422246,51.033327],[-7.138198,51.046197],[-7.158171,51.225311],[-7.44331,51.212359],[-7.422246,51.033327]]]}},{"type":"Feature","properties":{"name":"E020N0160","e_km":20,"n_km":160},"geometry":{"type":"Polygon","coordinates":[[[-7.44331,51.212359],[-7.158171,51.225311],[-7.17835,51.404414],[-7.464591,51.391379],[-7.44331,51.212359]]]}},{"type":"Feature","properties":{"name":"E020N0180","e_km":20,"n_km":180},"geometry":{"type":"Polygon","coordinates":[[[-7.464591,51.391379],[-7.17835,51.404414],[-7.198738,51.583506],[-7.486093,51.570388],[-7.464591,51.391379]]]}},{"type":"Feature","properties":{"name":"E020N0200","e_km":20,"n_km":200},"geometry":{"type":"Polygon","coordinates":[[[-7.486093,51.570388],[-7.198738,51.583506],[-7.219338,51.762586],[-7.507818,51.749384],[-7.486093,51.570388]]]}},{"type":"Feature","properties":{"name":"E020N0220","e_km":20,"n_km":220},"geometry":{"type":"Polygon","coordinates":[[[-7.507818,51.749384],[-7.219338,51.762586],[-7.240153,51.941655],[-7.529769,51.928369],[-7.507818,51.749384]]]}},{"type":"Feature","properties":{"name":"E020N0240","e_km":20,"n_km":240},"geometry":{"type":"Polygon","coordinates":[[[-7.529769,51.928369],[-7.240153,51.941655],[-7.261186,52.120713],[-7.55195,52.107341],[-7.529769,51.928369]]]}},{"type":"Feature","properties":{"name":"E020N0260","e_km":20,"n_km":260},"geometry":{"type":"Polygon","coordinates":[[[-7.55195,52.107341],[-7.261186,52.120713],[-7.28244,52.299759],[-7.574364,52.286301],[-7.55195,52.107341]]]}},{"type":"Feature","properties":{"name":"E020N0280","e_km":20,"n_km":280},"geometry":{"type":"Polygon","coordinates":[[[-7.574364,52.286301],[-7.28244,52.299759],[-7.303917,52.478793],[-7.597014,52.465249],[-7.574364,52.286301]]]}},{"type":"Feature","properties":{"name":"E020N0300","e_km":20,"n_km":300},"geometry":{"type":"Polygon","coordinates":[[[-7.597014,52.465249],[-7.303917,52.478793],[-7.325622,52.657816],[-7.619903,52.644184],[-7.597014,52.465249]]]}},{"type":"Feature","properties":{"name":"E020N0320","e_km":20,"n_km":320},"geometry":{"type":"Polygon","coordinates":[[[-7.619903,52.644184],[-7.325622,52.657816],[-7.347557,52.836827],[-7.643034,52.823107],[-7.619903,52.644184]]]}},{"type":"Feature","properties":{"name":"E020N0340","e_km":20,"n_km":340},"geometry":{"type":"Polygon","coordinates":[[[-7.643034,52.823107],[-7.347557,52.836827],[-7.369726,53.015826],[-7.666412,53.002017],[-7.643034,52.823107]]]}},{"type":"Feature","properties":{"name":"E020N0360","e_km":20,"n_km":360},"geometry":{"type":"Polygon","coordinates":[[[-7.666412,53.002017],[-7.369726,53.015826],[-7.392131,53.194813],[-7.69004,53.180914],[-7.666412,53.002017]]]}},{"type":"Feature","properties":{"name":"E020N0380","e_km":20,"n_km":380},"geometry":{"type":"Polygon","coordinates":[[[-7.69004,53.180914],[-7.392131,53.194813],[-7.414777,53.373788],[-7.71392,53.359799],[-7.69004,53.180914]]]}},{"type":"Feature","properties":{"name":"E020N0400","e_km":20,"n_km":400},"geometry":{"type":"Polygon","coordinates":[[[-7.71392,53.359799],[-7.414777,53.373788],[-7.437666,53.552751],[-7.738058,53.538671],[-7.71392,53.359799]]]}},{"type":"Feature","properties":{"name":"E020N0420","e_km":20,"n_km":420},"geometry":{"type":"Polygon","coordinates":[[[-7.738058,53.538671],[-7.437666,53.552751],[-7.460803,53.731702],[-7.762456,53.71753],[-7.738058,53.538671]]]}},{"type":"Feature","properties":{"name":"E020N0440","e_km":20,"n_km":440},"geometry":{"type":"Polygon","coordinates":[[[-7.762456,53.71753],[-7.460803,53.731702],[-7.48419,53.91064],[-7.787118,53.896375],[-7.762456,53.71753]]]}},{"type":"Feature","properties":{"name":"E020N0460","e_km":20,"n_km":460},"geometry":{"type":"Polygon","coordinates":[[[-7.787118,53.896375],[-7.48419,53.91064],[-7.507832,54.089566],[-7.812048,54.075208],[-7.787118,53.896375]]]}},{"type":"Feature","properties":{"name":"E020N0480","e_km":20,"n_km":480},"geometry":{"type":"Polygon","coordinates":[[[-7.812048,54.075208],[-7.507832,54.089566],[-7.531733,54.268479],[-7.837251,54.254027],[-7.812048,54.075208]]]}},{"type":"Feature","properties":{"name":"E020N0500","e_km":20,"n_km":500},"geometry":{"type":"Polygon","coordinates":[[[-7.837251,54.254027],[-7.531733,54.268479],[-7.555895,54.44738],[-7.86273,54.432833],[-7.837251,54.254027]]]}},{"type":"Feature","properties":{"name":"E020N0520","e_km":20,"n_km":520},"geometry":{"type":"Polygon","coordinates":[[[-7.86273,54.432833],[-7.555895,54.44738],[-7.580324,54.626268],[-7.888489,54.611625],[-7.86273,54.432833]]]}},{"type":"Feature","properties":{"name":"E020N0540","e_km":20,"n_km":540},"geometry":{"type":"Polygon","coordinates":[[[-7.888489,54.611625],[-7.580324,54.626268],[-7.605023,54.805143],[-7.914533,54.790404],[-7.888489,54.611625]]]}},{"type":"Feature","properties":{"name":"E020N0560","e_km":20,"n_km":560},"geometry":{"type":"Polygon","coordinates":[[[-7.914533,54.790404],[-7.605023,54.805143],[-7.629995,54.984006],[-7.940865,54.969169],[-7.914533,54.790404]]]}},{"type":"Feature","properties":{"name":"E020N0580","e_km":20,"n_km":580},"geometry":{"type":"Polygon","coordinates":[[[-7.940865,54.969169],[-7.629995,54.984006],[-7.655246,55.162855],[-7.96749,55.14792],[-7.940865,54.969169]]]}},{"type":"Feature","properties":{"name":"E020N0600","e_km":20,"n_km":600},"geometry":{"type":"Polygon","coordinates":[[[-7.96749,55.14792],[-7.655246,55.162855],[-7.680779,55.341691],[-7.994413,55.326657],[-7.96749,55.14792]]]}},{"type":"Feature","properties":{"name":"E020N0620","e_km":20,"n_km":620},"geometry":{"type":"Polygon","coordinates":[[[-7.994413,55.326657],[-7.680779,55.341691],[-7.706599,55.520514],[-8.021638,55.50538],[-7.994413,55.326657]]]}},{"type":"Feature","properties":{"name":"E020N0640","e_km":20,"n_km":640},"geometry":{"type":"Polygon","coordinates":[[[-8.021638,55.50538],[-7.706599,55.520514],[-7.732711,55.699324],[-8.04917,55.684088],[-8.021638,55.50538]]]}},{"type":"Feature","properties":{"name":"E020N0660","e_km":20,"n_km":660},"geometry":{"type":"Polygon","coordinates":[[[-8.04917,55.684088],[-7.732711,55.699324],[-7.759117,55.87812],[-8.077013,55.862782],[-8.04917,55.684088]]]}},{"type":"Feature","properties":{"name":"E020N0680","e_km":20,"n_km":680},"geometry":{"type":"Polygon","coordinates":[[[-8.077013,55.862782],[-7.759117,55.87812],[-7.785824,56.056903],[-8.105173,56.041462],[-8.077013,55.862782]]]}},{"type":"Feature","properties":{"name":"E020N0700","e_km":20,"n_km":700},"geometry":{"type":"Polygon","coordinates":[[[-8.105173,56.041462],[-7.785824,56.056903],[-7.812836,56.235671],[-8.133653,56.220127],[-8.105173,56.041462]]]}},{"type":"Feature","properties":{"name":"E020N0720","e_km":20,"n_km":720},"geometry":{"type":"Polygon","coordinates":[[[-8.133653,56.220127],[-7.812836,56.235671],[-7.840158,56.414427],[-8.16246,56.398777],[-8.133653,56.220127]]]}},{"type":"Feature","properties":{"name":"E020N0740","e_km":20,"n_km":740},"geometry":{"type":"Polygon","coordinates":[[[-8.16246,56.398777],[-7.840158,56.414427],[-7.867794,56.593168],[-8.191598,56.577413],[-8.16246,56.398777]]]}},{"type":"Feature","properties":{"name":"E020N0760","e_km":20,"n_km":760},"geometry":{"type":"Polygon","coordinates":[[[-8.191598,56.577413],[-7.867794,56.593168],[-7.89575,56.771895],[-8.221073,56.756033],[-8.191598,56.577413]]]}},{"type":"Feature","properties":{"name":"E020N0780","e_km":20,"n_km":780},"geometry":{"type":"Polygon","coordinates":[[[-8.221073,56.756033],[-7.89575,56.771895],[-7.924031,56.950608],[-8.25089,56.934638],[-8.221073,56.756033]]]}},{"type":"Feature","properties":{"name":"E020N0800","e_km":20,"n_km":800},"geometry":{"type":"Polygon","coordinates":[[[-8.25089,56.934638],[-7.924031,56.950608],[-7.952641,57.129306],[-8.281055,57.113228],[-8.25089,56.934638]]]}},{"type":"Feature","properties":{"name":"E020N0820","e_km":20,"n_km":820},"geometry":{"type":"Polygon","coordinates":[[[-8.281055,57.113228],[-7.952641,57.129306],[-7.981587,57.30799],[-8.311572,57.291802],[-8.281055,57.113228]]]}},{"type":"Feature","properties":{"name":"E020N0840","e_km":20,"n_km":840},"geometry":{"type":"Polygon","coordinates":[[[-8.311572,57.291802],[-7.981587,57.30799],[-8.010873,57.486659],[-8.342448,57.47036],[-8.311572,57.291802]]]}},{"type":"Feature","properties":{"name":"E020N0860","e_km":20,"n_km":860},"geometry":{"type":"Polygon","coordinates":[[[-8.342448,57.47036],[-8.010873,57.486659],[-8.040506,57.665314],[-8.373689,57.648903],[-8.342448,57.47036]]]}},{"type":"Feature","properties":{"name":"E020N0880","e_km":20,"n_km":880},"geometry":{"type":"Polygon","coordinates":[[[-8.373689,57.648903],[-8.040506,57.665314],[-8.070491,57.843954],[-8.405301,57.82743],[-8.373689,57.648903]]]}},{"type":"Feature","properties":{"name":"E020N0900","e_km":20,"n_km":900},"geometry":{"type":"Polygon","coordinates":[[[-8.405301,57.82743],[-8.070491,57.843954],[-8.100833,58.022578],[-8.437289,58.00594],[-8.405301,57.82743]]]}},{"type":"Feature","properties":{"name":"E020N0920","e_km":20,"n_km":920},"geometry":{"type":"Polygon","coordinates":[[[-8.437289,58.00594],[-8.100833,58.022578],[-8.131539,58.201188],[-8.46966,58.184434],[-8.437289,58.00594]]]}},{"type":"Feature","properties":{"name":"E020N0940","e_km":20,"n_km":940},"geometry":{"type":"Polygon","coordinates":[[[-8.46966,58.184434],[-8.131539,58.201188],[-8.162615,58.379782],[-8.502421,58.362912],[-8.46966,58.184434]]]}},{"type":"Feature","properties":{"name":"E020N0960","e_km":20,"n_km":960},"geometry":{"type":"Polygon","coordinates":[[[-8.502421,58.362912],[-8.162615,58.379782],[-8.194066,58.558361],[-8.535577,58.541373],[-8.502421,58.362912]]]}},{"type":"Feature","properties":{"name":"E020N0980","e_km":20,"n_km":980},"geometry":{"type":"Polygon","coordinates":[[[-8.535577,58.541373],[-8.194066,58.558361],[-8.2259,58.736923],[-8.569136,58.719816],[-8.535577,58.541373]]]}},{"type":"Feature","properties":{"name":"E020N1000","e_km":20,"n_km":1000},"geometry":{"type":"Polygon","coordinates":[[[-8.569136,58.719816],[-8.2259,58.736923],[-8.258123,58.91547],[-8.603105,58.898243],[-8.569136,58.719816]]]}},{"type":"Feature","properties":{"name":"E020N1020","e_km":20,"n_km":1020},"geometry":{"type":"Polygon","coordinates":[[[-8.603105,58.898243],[-8.258123,58.91547],[-8.290741,59.094001],[-8.63749,59.076653],[-8.603105,58.898243]]]}},{"type":"Feature","properties":{"name":"E020N1040","e_km":20,"n_km":1040},"geometry":{"type":"Polygon","coordinates":[[[-8.63749,59.076653],[-8.290741,59.094001],[-8.323762,59.272516],[-8.672298,59.255045],[-8.63749,59.076653]]]}},{"type":"Feature","properties":{"name":"E020N1060","e_km":20,"n_km":1060},"geometry":{"type":"Polygon","coordinates":[[[-8.672298,59.255045],[-8.323762,59.272516],[-8.357191,59.451015],[-8.707538,59.43342],[-8.672298,59.255045]]]}},{"type":"Feature","properties":{"name":"E020N1080","e_km":20,"n_km":1080},"geometry":{"type":"Polygon","coordinates":[[[-8.707538,59.43342],[-8.357191,59.451015],[-8.391038,59.629496],[-8.743215,59.611776],[-8.707538,59.43342]]]}},{"type":"Feature","properties":{"name":"E020N1100","e_km":20,"n_km":1100},"geometry":{"type":"Polygon","coordinates":[[[-8.743215,59.611776],[-8.391038,59.629496],[-8.425307,59.807961],[-8.779339,59.790115],[-8.743215,59.611776]]]}},{"type":"Feature","properties":{"name":"E020N1120","e_km":20,"n_km":1120},"geometry":{"type":"Polygon","coordinates":[[[-8.779339,59.790115],[-8.425307,59.807961],[-8.460008,59.986409],[-8.815917,59.968435],[-8.779339,59.790115]]]}},{"type":"Feature","properties":{"name":"E020N1140","e_km":20,"n_km":1140},"geometry":{"type":"Polygon","coordinates":[[[-8.815917,59.968435],[-8.460008,59.986409],[-8.495148,60.16484],[-8.852956,60.146737],[-8.815917,59.968435]]]}},{"type":"Feature","properties":{"name":"E020N1160","e_km":20,"n_km":1160},"geometry":{"type":"Polygon","coordinates":[[[-8.852956,60.146737],[-8.495148,60.16484],[-8.530734,60.343254],[-8.890466,60.32502],[-8.852956,60.146737]]]}},{"type":"Feature","properties":{"name":"E020N1180","e_km":20,"n_km":1180},"geometry":{"type":"Polygon","coordinates":[[[-8.890466,60.32502],[-8.530734,60.343254],[-8.566774,60.52165],[-8.928454,60.503284],[-8.890466,60.32502]]]}},{"type":"Feature","properties":{"name":"E020N1200","e_km":20,"n_km":1200},"geometry":{"type":"Polygon","coordinates":[[[-8.928454,60.503284],[-8.566774,60.52165],[-8.603278,60.700028],[-8.966929,60.681528],[-8.928454,60.503284]]]}},{"type":"Feature","properties":{"name":"E020N1220","e_km":20,"n_km":1220},"geometry":{"type":"Polygon","coordinates":[[[-8.966929,60.681528],[-8.603278,60.700028],[-8.640252,60.878388],[-9.0059,60.859753],[-8.966929,60.681528]]]}},{"type":"Feature","properties":{"name":"E020N1240","e_km":20,"n_km":1240},"geometry":{"type":"Polygon","coordinates":[[[-9.0059,60.859753],[-8.640252,60.878388],[-8.676841,61.057465],[-9.044567,61.038695],[-9.0059,60.859753]]]}},{"type":"Feature","properties":{"name":"E020N1260","e_km":20,"n_km":1260},"geometry":{"type":"Polygon","coordinates":[[[-9.044567,61.038695],[-8.676841,61.057465],[-8.714783,61.235811],[-9.084558,61.216902],[-9.044567,61.038695]]]}},{"type":"Feature","properties":{"name":"E020N1280","e_km":20,"n_km":1280},"geometry":{"type":"Polygon","coordinates":[[[-9.084558,61.216902],[-8.714783,61.235811],[-8.753223,61.414137],[-9.125072,61.39509],[-9.084558,61.216902]]]}},{"type":"Feature","properties":{"name":"E040N0000","e_km":40,"n_km":0},"geometry":{"type":"Polygon","coordinates":[[[-7.003938,49.79209],[-6.727043,49.803744],[-6.744627,49.983008],[-7.022541,49.971281],[-7.003938,49.79209]]]}},{"type":"Feature","properties":{"name":"E040N0020","e_km":40,"n_km":20},"geometry":{"type":"Polygon","coordinates":[[[-7.022541,49.971281],[-6.744627,49.983008],[-6.762389,50.162262],[-7.041333,50.150461],[-7.022541,49.971281]]]}},{"type":"Feature","properties":{"name":"E040N0040","e_km":40,"n_km":40},"geometry":{"type":"Polygon","coordinates":[[[-7.041333,50.150461],[-6.762389,50.162262],[-6.780331,50.341506],[-7.060315,50.32963],[-7.041333,50.150461]]]}},{"type":"Feature","properties":{"name":"E040N0060","e_km":40,"n_km":60},"geometry":{"type":"Polygon","coordinates":[[[-7.060315,50.32963],[-6.780331,50.341506],[-6.798455,50.52074],[-7.07949,50.508788],[-7.060315,50.32963]]]}},{"type":"Feature","properties":{"name":"E040N0080","e_km":40,"n_km":80},"geometry":{"type":"Polygon","coordinates":[[[-7.07949,50.508788],[-6.798455,50.52074],[-6.816764,50.699963],[-7.09886,50.687935],[-7.07949,50.508788]]]}},{"type":"Feature","properties":{"name":"E040N0100","e_km":40,"n_km":100},"geometry":{"type":"Polygon","coordinates":[[[-7.09886,50.687935],[-6.816764,50.699963],[-6.835261,50.879176],[-7.118429,50.867072],[-7.09886,50.687935]]]}},{"type":"Feature","properties":{"name":"E040N0120","e_km":40,"n_km":120},"geometry":{"type":"Polygon","coordinates":[[[-7.118429,50.867072],[-6.835261,50.879176],[-6.853947,51.058378],[-7.138198,51.046197],[-7.118429,50.867072]]]}},{"type":"Feature","properties":{"name":"E040N0140","e_km":40,"n_km":140},"geometry":{"type":"Polygon","coordinates":[[[-7.138198,51.046197],[-6.853947,51.058378],[-6.872826,51.23757],[-7.158171,51.225311],[-7.138198,51.046197]]]}},{"type":"Feature","properties":{"name":"E040N0160","e_km":40,"n_km":160},"geometry":{"type":"Polygon","coordinates":[[[-7.158171,51.225311],[-6.872826,51.23757],[-6.8919,51.416751],[-7.17835,51.404414],[-7.158171,51.225311]]]}},{"type":"Feature","properties":{"name":"E040N0180","e_km":40,"n_km":180},"geometry":{"type":"Polygon","coordinates":[[[-7.17835,51.404414],[-6.8919,51.416751],[-6.911172,51.595922],[-7.198738,51.583506],[-7.17835,51.404414]]]}},{"type":"Feature","properties":{"name":"E040N0200","e_km":40,"n_km":200},"geometry":{"type":"Polygon","coordinates":[[[-7.198738,51.583506],[-6.911172,51.595922],[-6.930644,51.775082],[-7.219338,51.762586],[-7.198738,51.583506]]]}},{"type":"Feature","properties":{"name":"E040N0220","e_km":40,"n_km":220},"geometry":{"type":"Polygon","coordinates":[[[-7.219338,51.762586],[-6.930644,51.775082],[-6.95032,51.954231],[-7.240153,51.941655],[-7.219338,51.762586]]]}},{"type":"Feature","properties":{"name":"E040N0240","e_km":40,"n_km":240},"geometry":{"type":"Polygon","coordinates":[[[-7.240153,51.941655],[-6.95032,51.954231],[-6.970201,52.13337],[-7.261186,52.120713],[-7.240153,51.941655]]]}},{"type":"Feature","properties":{"name":"E040N0260","e_km":40,"n_km":260},"geometry":{"type":"Polygon","coordinates":[[[-7.261186,52.120713],[-6.970201,52.13337],[-6.990292,52.312497],[-7.28244,52.299759],[-7.261186,52.120713]]]}},{"type":"Feature","properties":{"name":"E040N0280","e_km":40,"n_km":280},"geometry":{"type":"Polygon","coordinates":[[[-7.28244,52.299759],[-6.990292,52.312497],[-7.010594,52.491614],[-7.303917,52.478793],[-7.28244,52.299759]]]}},{"type":"Feature","properties":{"name":"E040N0300","e_km":40,"n_km":300},"geometry":{"type":"Polygon","coordinates":[[[-7.303917,52.478793],[-7.010594,52.491614],[-7.031111,52.670719],[-7.325622,52.657816],[-7.303917,52.478793]]]}},{"type":"Feature","properties":{"name":"E040N0320","e_km":40,"n_km":320},"geometry":{"type":"Polygon","coordinates":[[[-7.325622,52.657816],[-7.031111,52.670719],[-7.051846,52.849813],[-7.347557,52.836827],[-7.325622,52.657816]]]}},{"type":"Feature","properties":{"name":"E040N0340","e_km":40,"n_km":340},"geometry":{"type":"Polygon","coordinates":[[[-7.347557,52.836827],[-7.051846,52.849813],[-7.072802,53.028897],[-7.369726,53.015826],[-7.347557,52.836827]]]}},{"type":"Feature","properties":{"name":"E040N0360","e_km":40,"n_km":360},"geometry":{"type":"Polygon","coordinates":[[[-7.369726,53.015826],[-7.072802,53.028897],[-7.093982,53.207969],[-7.392131,53.194813],[-7.369726,53.015826]]]}},{"type":"Feature","properties":{"name":"E040N0380","e_km":40,"n_km":380},"geometry":{"type":"Polygon","coordinates":[[[-7.392131,53.194813],[-7.093982,53.207969],[-7.115389,53.387029],[-7.414777,53.373788],[-7.392131,53.194813]]]}},{"type":"Feature","properties":{"name":"E040N0400","e_km":40,"n_km":400},"geometry":{"type":"Polygon","coordinates":[[[-7.414777,53.373788],[-7.115389,53.387029],[-7.137027,53.566078],[-7.437666,53.552751],[-7.414777,53.373788]]]}},{"type":"Feature","properties":{"name":"E040N0420","e_km":40,"n_km":420},"geometry":{"type":"Polygon","coordinates":[[[-7.437666,53.552751],[-7.137027,53.566078],[-7.158899,53.745116],[-7.460803,53.731702],[-7.437666,53.552751]]]}},{"type":"Feature","properties":{"name":"E040N0440","e_km":40,"n_km":440},"geometry":{"type":"Polygon","coordinates":[[[-7.460803,53.731702],[-7.158899,53.745116],[-7.181008,53.924142],[-7.48419,53.91064],[-7.460803,53.731702]]]}},{"type":"Feature","properties":{"name":"E040N0460","e_km":40,"n_km":460},"geometry":{"type":"Polygon","coordinates":[[[-7.48419,53.91064],[-7.181008,53.924142],[-7.203358,54.103156],[-7.507832,54.089566],[-7.48419,53.91064]]]}},{"type":"Feature","properties":{"name":"E040N0480","e_km":40,"n_km":480},"geometry":{"type":"Polygon","coordinates":[[[-7.507832,54.089566],[-7.203358,54.103156],[-7.225953,54.282159],[-7.531733,54.268479],[-7.507832,54.089566]]]}},{"type":"Feature","properties":{"name":"E040N0500","e_km":40,"n_km":500},"geometry":{"type":"Polygon","coordinates":[[[-7.531733,54.268479],[-7.225953,54.282159],[-7.248795,54.461149],[-7.555895,54.44738],[-7.531733,54.268479]]]}},{"type":"Feature","properties":{"name":"E040N0520","e_km":40,"n_km":520},"geometry":{"type":"Polygon","coordinates":[[[-7.555895,54.44738],[-7.248795,54.461149],[-7.271889,54.640128],[-7.580324,54.626268],[-7.555895,54.44738]]]}},{"type":"Feature","properties":{"name":"E040N0540","e_km":40,"n_km":540},"geometry":{"type":"Polygon","coordinates":[[[-7.580324,54.626268],[-7.271889,54.640128],[-7.295239,54.819095],[-7.605023,54.805143],[-7.580324,54.626268]]]}},{"type":"Feature","properties":{"name":"E040N0560","e_km":40,"n_km":560},"geometry":{"type":"Polygon","coordinates":[[[-7.605023,54.805143],[-7.295239,54.819095],[-7.318847,54.99805],[-7.629995,54.984006],[-7.605023,54.805143]]]}},{"type":"Feature","properties":{"name":"E040N0580","e_km":40,"n_km":580},"geometry":{"type":"Polygon","coordinates":[[[-7.629995,54.984006],[-7.318847,54.99805],[-7.342719,55.176992],[-7.655246,55.162855],[-7.629995,54.984006]]]}},{"type":"Feature","properties":{"name":"E040N0600","e_km":40,"n_km":600},"geometry":{"type":"Polygon","coordinates":[[[-7.655246,55.162855],[-7.342719,55.176992],[-7.366859,55.355923],[-7.680779,55.341691],[-7.655246,55.162855]]]}},{"type":"Feature","properties":{"name":"E040N0620","e_km":40,"n_km":620},"geometry":{"type":"Polygon","coordinates":[[[-7.680779,55.341691],[-7.366859,55.355923],[-7.391269,55.53484],[-7.706599,55.520514],[-7.680779,55.341691]]]}},{"type":"Feature","properties":{"name":"E040N0640","e_km":40,"n_km":640},"geometry":{"type":"Polygon","coordinates":[[[-7.706599,55.520514],[-7.391269,55.53484],[-7.415955,55.713746],[-7.732711,55.699324],[-7.706599,55.520514]]]}},{"type":"Feature","properties":{"name":"E040N0660","e_km":40,"n_km":660},"geometry":{"type":"Polygon","coordinates":[[[-7.732711,55.699324],[-7.415955,55.713746],[-7.440921,55.892639],[-7.759117,55.87812],[-7.732711,55.699324]]]}},{"type":"Feature","properties":{"name":"E040N0680","e_km":40,"n_km":680},"geometry":{"type":"Polygon","coordinates":[[[-7.759117,55.87812],[-7.440921,55.892639],[-7.466171,56.071519],[-7.785824,56.056903],[-7.759117,55.87812]]]}},{"type":"Feature","properties":{"name":"E040N0700","e_km":40,"n_km":700},"geometry":{"type":"Polygon","coordinates":[[[-7.785824,56.056903],[-7.466171,56.071519],[-7.49171,56.250386],[-7.812836,56.235671],[-7.785824,56.056903]]]}},{"type":"Feature","properties":{"name":"E040N0720","e_km":40,"n_km":720},"geometry":{"type":"Polygon","coordinates":[[[-7.812836,56.235671],[-7.49171,56.250386],[-7.517541,56.42924],[-7.840158,56.414427],[-7.812836,56.235671]]]}},{"type":"Feature","properties":{"name":"E040N0740","e_km":40,"n_km":740},"geometry":{"type":"Polygon","coordinates":[[[-7.840158,56.414427],[-7.517541,56.42924],[-7.543671,56.608082],[-7.867794,56.593168],[-7.840158,56.414427]]]}},{"type":"Feature","properties":{"name":"E040N0760","e_km":40,"n_km":760},"geometry":{"type":"Polygon","coordinates":[[[-7.867794,56.593168],[-7.543671,56.608082],[-7.570102,56.78691],[-7.89575,56.771895],[-7.867794,56.593168]]]}},{"type":"Feature","properties":{"name":"E040N0780","e_km":40,"n_km":780},"geometry":{"type":"Polygon","coordinates":[[[-7.89575,56.771895],[-7.570102,56.78691],[-7.596841,56.965725],[-7.924031,56.950608],[-7.89575,56.771895]]]}},{"type":"Feature","properties":{"name":"E040N0800","e_km":40,"n_km":800},"geometry":{"type":"Polygon","coordinates":[[[-7.924031,56.950608],[-7.596841,56.965725],[-7.623893,57.144526],[-7.952641,57.129306],[-7.924031,56.950608]]]}},{"type":"Feature","properties":{"name":"E040N0820","e_km":40,"n_km":820},"geometry":{"type":"Polygon","coordinates":[[[-7.952641,57.129306],[-7.623893,57.144526],[-7.651261,57.323315],[-7.981587,57.30799],[-7.952641,57.129306]]]}},{"type":"Feature","properties":{"name":"E040N0840","e_km":40,"n_km":840},"geometry":{"type":"Polygon","coordinates":[[[-7.981587,57.30799],[-7.651261,57.323315],[-7.678952,57.502089],[-8.010873,57.486659],[-7.981587,57.30799]]]}},{"type":"Feature","properties":{"name":"E040N0860","e_km":40,"n_km":860},"geometry":{"type":"Polygon","coordinates":[[[-8.010873,57.486659],[-7.678952,57.502089],[-7.706971,57.68085],[-8.040506,57.665314],[-8.010873,57.486659]]]}},{"type":"Feature","properties":{"name":"E040N0880","e_km":40,"n_km":880},"geometry":{"type":"Polygon","coordinates":[[[-8.040506,57.665314],[-7.706971,57.68085],[-7.735323,57.859597],[-8.070491,57.843954],[-8.040506,57.665314]]]}},{"type":"Feature","properties":{"name":"E040N0900","e_km":40,"n_km":900},"geometry":{"type":"Polygon","coordinates":[[[-8.070491,57.843954],[-7.735323,57.859597],[-7.764013,58.03833],[-8.100833,58.022578],[-8.070491,57.843954]]]}},{"type":"Feature","properties":{"name":"E040N0920","e_km":40,"n_km":920},"geometry":{"type":"Polygon","coordinates":[[[-8.100833,58.022578],[-7.764013,58.03833],[-7.793048,58.217048],[-8.131539,58.201188],[-8.100833,58.022578]]]}},{"type":"Feature","properties":{"name":"E040N0940","e_km":40,"n_km":940},"geometry":{"type":"Polygon","coordinates":[[[-8.131539,58.201188],[-7.793048,58.217048],[-7.822432,58.395753],[-8.162615,58.379782],[-8.131539,58.201188]]]}},{"type":"Feature","properties":{"name":"E040N0960","e_km":40,"n_km":960},"geometry":{"type":"Polygon","coordinates":[[[-8.162615,58.379782],[-7.822432,58.395753],[-7.852173,58.574443],[-8.194066,58.558361],[-8.162615,58.379782]]]}},{"type":"Feature","properties":{"name":"E040N0980","e_km":40,"n_km":980},"geometry":{"type":"Polygon","coordinates":[[[-8.194066,58.558361],[-7.852173,58.574443],[-7.882275,58.753118],[-8.2259,58.736923],[-8.194066,58.558361]]]}},{"type":"Feature","properties":{"name":"E040N1000","e_km":40,"n_km":1000},"geometry":{"type":"Polygon","coordinates":[[[-8.2259,58.736923],[-7.882275,58.753118],[-7.912746,58.931779],[-8.258123,58.91547],[-8.2259,58.736923]]]}},{"type":"Feature","properties":{"name":"E040N1020","e_km":40,"n_km":1020},"geometry":{"type":"Polygon","coordinates":[[[-8.258123,58.91547],[-7.912746,58.931779],[-7.94359,59.110425],[-8.290741,59.094001],[-8.258123,58.91547]]]}},{"type":"Feature","properties":{"name":"E040N1040","e_km":40,"n_km":1040},"geometry":{"type":"Polygon","coordinates":[[[-8.290741,59.094001],[-7.94359,59.110425],[-7.974816,59.289056],[-8.323762,59.272516],[-8.290741,59.094001]]]}},{"type":"Feature","properties":{"name":"E040N1060","e_km":40,"n_km":1060},"geometry":{"type":"Polygon","coordinates":[[[-8.323762,59.272516],[-7.974816,59.289056],[-8.006429,59.467672],[-8.357191,59.451015],[-8.323762,59.272516]]]}},{"type":"Feature","properties":{"name":"E040N1080","e_km":40,"n_km":1080},"geometry":{"type":"Polygon","coordinates":[[[-8.357191,59.451015],[-8.006429,59.467672],[-8.038436,59.646272],[-8.391038,59.629496],[-8.357191,59.451015]]]}},{"type":"Feature","properties":{"name":"E040N1100","e_km":40,"n_km":1100},"geometry":{"type":"Polygon","coordinates":[[[-8.391038,59.629496],[-8.038436,59.646272],[-8.070844,59.824857],[-8.425307,59.807961],[-8.391038,59.629496]]]}},{"type":"Feature","properties":{"name":"E040N1120","e_km":40,"n_km":1120},"geometry":{"type":"Polygon","coordinates":[[[-8.425307,59.807961],[-8.070844,59.824857],[-8.103661,60.003426],[-8.460008,59.986409],[-8.425307,59.807961]]]}},{"type":"Feature","properties":{"name":"E040N1140","e_km":40,"n_km":1140},"geometry":{"type":"Polygon","coordinates":[[[-8.460008,59.986409],[-8.103661,60.003426],[-8.136892,60.18198],[-8.495148,60.16484],[-8.460008,59.986409]]]}},{"type":"Feature","properties":{"name":"E040N1160","e_km":40,"n_km":1160},"geometry":{"type":"Polygon","coordinates":[[[-8.495148,60.16484],[-8.136892,60.18198],[-8.170547,60.360517],[-8.530734,60.343254],[-8.495148,60.16484]]]}},{"type":"Feature","properties":{"name":"E040N1180","e_km":40,"n_km":1180},"geometry":{"type":"Polygon","coordinates":[[[-8.530734,60.343254],[-8.170547,60.360517],[-8.204632,60.539038],[-8.566774,60.52165],[-8.530734,60.343254]]]}},{"type":"Feature","properties":{"name":"E040N1200","e_km":40,"n_km":1200},"geometry":{"type":"Polygon","coordinates":[[[-8.566774,60.52165],[-8.204632,60.539038],[-8.239155,60.717543],[-8.603278,60.700028],[-8.566774,60.52165]]]}},{"type":"Feature","properties":{"name":"E040N1220","e_km":40,"n_km":1220},"geometry":{"type":"Polygon","coordinates":[[[-8.603278,60.700028],[-8.239155,60.717543],[-8.274124,60.896031],[-8.640252,60.878388],[-8.603278,60.700028]]]}},{"type":"Feature","properties":{"name":"E040N1240","e_km":40,"n_km":1240},"geometry":{"type":"Polygon","coordinates":[[[-8.640252,60.878388],[-8.274124,60.896031],[-8.308627,61.075236],[-8.676841,61.057465],[-8.640252,60.878388]]]}},{"type":"Feature","properties":{"name":"E040N1260","e_km":40,"n_km":1260},"geometry":{"type":"Polygon","coordinates":[[[-8.676841,61.057465],[-8.308627,61.075236],[-8.344512,61.253713],[-8.714783,61.235811],[-8.676841,61.057465]]]}},{"type":"Feature","properties":{"name":"E040N1280","e_km":40,"n_km":1280},"geometry":{"type":"Polygon","coordinates":[[[-8.714783,61.235811],[-8.344512,61.253713],[-8.380868,61.432172],[-8.753223,61.414137],[-8.714783,61.235811]]]}},{"type":"Feature","properties":{"name":"E060N0000","e_km":60,"n_km":0},"geometry":{"type":"Polygon","coordinates":[[[-6.727043,49.803744],[-6.449974,49.814737],[-6.466536,49.994071],[-6.744627,49.983008],[-6.727043,49.803744]]]}},{"type":"Feature","properties":{"name":"E060N0020","e_km":60,"n_km":20},"geometry":{"type":"Polygon","coordinates":[[[-6.744627,49.983008],[-6.466536,49.994071],[-6.483265,50.173395],[-6.762389,50.162262],[-6.744627,49.983008]]]}},{"type":"Feature","properties":{"name":"E060N0040","e_km":60,"n_km":40},"geometry":{"type":"Polygon","coordinates":[[[-6.762389,50.162262],[-6.483265,50.173395],[-6.500164,50.35271],[-6.780331,50.341506],[-6.762389,50.162262]]]}},{"type":"Feature","properties":{"name":"E060N0060","e_km":60,"n_km":60},"geometry":{"type":"Polygon","coordinates":[[[-6.780331,50.341506],[-6.500164,50.35271],[-6.517235,50.532014],[-6.798455,50.52074],[-6.780331,50.341506]]]}},{"type":"Feature","properties":{"name":"E060N0080","e_km":60,"n_km":80},"geometry":{"type":"Polygon","coordinates":[[[-6.798455,50.52074],[-6.517235,50.532014],[-6.534481,50.711309],[-6.816764,50.699963],[-6.798455,50.52074]]]}},{"type":"Feature","properties":{"name":"E060N0100","e_km":60,"n_km":100},"geometry":{"type":"Polygon","coordinates":[[[-6.816764,50.699963],[-6.534481,50.711309],[-6.551903,50.890595],[-6.835261,50.879176],[-6.816764,50.699963]]]}},{"type":"Feature","properties":{"name":"E060N0120","e_km":60,"n_km":120},"geometry":{"type":"Polygon","coordinates":[[[-6.835261,50.879176],[-6.551903,50.890595],[-6.569504,51.06987],[-6.853947,51.058378],[-6.835261,50.879176]]]}},{"type":"Feature","properties":{"name":"E060N0140","e_km":60,"n_km":140},"geometry":{"type":"Polygon","coordinates":[[[-6.853947,51.058378],[-6.569504,51.06987],[-6.587286,51.249135],[-6.872826,51.23757],[-6.853947,51.058378]]]}},{"type":"Feature","properties":{"name":"E060N0160","e_km":60,"n_km":160},"geometry":{"type":"Polygon","coordinates":[[[-6.872826,51.23757],[-6.587286,51.249135],[-6.605253,51.42839],[-6.8919,51.416751],[-6.872826,51.23757]]]}},{"type":"Feature","properties":{"name":"E060N0180","e_km":60,"n_km":180},"geometry":{"type":"Polygon","coordinates":[[[-6.8919,51.416751],[-6.605253,51.42839],[-6.623405,51.607635],[-6.911172,51.595922],[-6.8919,51.416751]]]}},{"type":"Feature","properties":{"name":"E060N0200","e_km":60,"n_km":200},"geometry":{"type":"Polygon","coordinates":[[[-6.911172,51.595922],[-6.623405,51.607635],[-6.641747,51.786871],[-6.930644,51.775082],[-6.911172,51.595922]]]}},{"type":"Feature","properties":{"name":"E060N0220","e_km":60,"n_km":220},"geometry":{"type":"Polygon","coordinates":[[[-6.930644,51.775082],[-6.641747,51.786871],[-6.66028,51.966095],[-6.95032,51.954231],[-6.930644,51.775082]]]}},{"type":"Feature","properties":{"name":"E060N0240","e_km":60,"n_km":240},"geometry":{"type":"Polygon","coordinates":[[[-6.95032,51.954231],[-6.66028,51.966095],[-6.679008,52.14531],[-6.970201,52.13337],[-6.95032,51.954231]]]}},{"type":"Feature","properties":{"name":"E060N0260","e_km":60,"n_km":260},"geometry":{"type":"Polygon","coordinates":[[[-6.970201,52.13337],[-6.679008,52.14531],[-6.697932,52.324514],[-6.990292,52.312497],[-6.970201,52.13337]]]}},{"type":"Feature","properties":{"name":"E060N0280","e_km":60,"n_km":280},"geometry":{"type":"Polygon","coordinates":[[[-6.990292,52.312497],[-6.697932,52.324514],[-6.717056,52.503708],[-7.010594,52.491614],[-6.990292,52.312497]]]}},{"type":"Feature","properties":{"name":"E060N0300","e_km":60,"n_km":300},"geometry":{"type":"Polygon","coordinates":[[[-7.010594,52.491614],[-6.717056,52.503708],[-6.736383,52.682892],[-7.031111,52.670719],[-7.010594,52.491614]]]}},{"type":"Feature","properties":{"name":"E060N0320","e_km":60,"n_km":320},"geometry":{"type":"Polygon","coordinates":[[[-7.031111,52.670719],[-6.736383,52.682892],[-6.755914,52.862065],[-7.051846,52.849813],[-7.031111,52.670719]]]}},{"type":"Feature","properties":{"name":"E060N0340","e_km":60,"n_km":340},"geometry":{"type":"Polygon","coordinates":[[[-7.051846,52.849813],[-6.755914,52.862065],[-6.775655,53.041228],[-7.072802,53.028897],[-7.051846,52.849813]]]}},{"type":"Feature","properties":{"name":"E060N0360","e_km":60,"n_km":360},"geometry":{"type":"Polygon","coordinates":[[[-7.072802,53.028897],[-6.775655,53.041228],[-6.795606,53.22038],[-7.093982,53.207969],[-7.072802,53.028897]]]}},{"type":"Feature","properties":{"name":"E060N0380","e_km":60,"n_km":380},"geometry":{"type":"Polygon","coordinates":[[[-7.093982,53.207969],[-6.795606,53.22038],[-6.815771,53.399521],[-7.115389,53.387029],[-7.093982,53.207969]]]}},{"type":"Feature","properties":{"name":"E060N0400","e_km":60,"n_km":400},"geometry":{"type":"Polygon","coordinates":[[[-7.115389,53.387029],[-6.815771,53.399521],[-6.836154,53.578651],[-7.137027,53.566078],[-7.115389,53.387029]]]}},{"type":"Feature","properties":{"name":"E060N0420","e_km":60,"n_km":420},"geometry":{"type":"Polygon","coordinates":[[[-7.137027,53.566078],[-6.836154,53.578651],[-6.856758,53.757771],[-7.158899,53.745116],[-7.137027,53.566078]]]}},{"type":"Feature","properties":{"name":"E060N0440","e_km":60,"n_km":440},"geometry":{"type":"Polygon","coordinates":[[[-7.158899,53.745116],[-6.856758,53.757771],[-6.877585,53.93688],[-7.181008,53.924142],[-7.158899,53.745116]]]}},{"type":"Feature","properties":{"name":"E060N0460","e_km":60,"n_km":460},"geometry":{"type":"Polygon","coordinates":[[[-7.181008,53.924142],[-6.877585,53.93688],[-6.89864,54.115978],[-7.203358,54.103156],[-7.181008,53.924142]]]}},{"type":"Feature","properties":{"name":"E060N0480","e_km":60,"n_km":480},"geometry":{"type":"Polygon","coordinates":[[[-7.203358,54.103156],[-6.89864,54.115978],[-6.919924,54.295065],[-7.225953,54.282159],[-7.203358,54.103156]]]}},{"type":"Feature","properties":{"name":"E060N0500","e_km":60,"n_km":500},"geometry":{"type":"Polygon","coordinates":[[[-7.225953,54.282159],[-6.919924,54.295065],[-6.941443,54.47414],[-7.248795,54.461149],[-7.225953,54.282159]]]}},{"type":"Feature","properties":{"name":"E060N0520","e_km":60,"n_km":520},"geometry":{"type":"Polygon","coordinates":[[[-7.248795,54.461149],[-6.941443,54.47414],[-6.963198,54.653205],[-7.271889,54.640128],[-7.248795,54.461149]]]}},{"type":"Feature","properties":{"name":"E060N0540","e_km":60,"n_km":540},"geometry":{"type":"Polygon","coordinates":[[[-7.271889,54.640128],[-6.963198,54.653205],[-6.985195,54.832258],[-7.295239,54.819095],[-7.271889,54.640128]]]}},{"type":"Feature","properties":{"name":"E060N0560","e_km":60,"n_km":560},"geometry":{"type":"Polygon","coordinates":[[[-7.295239,54.819095],[-6.985195,54.832258],[-7.007436,55.0113],[-7.318847,54.99805],[-7.295239,54.819095]]]}},{"type":"Feature","properties":{"name":"E060N0580","e_km":60,"n_km":580},"geometry":{"type":"Polygon","coordinates":[[[-7.318847,54.99805],[-7.007436,55.0113],[-7.029925,55.19033],[-7.342719,55.176992],[-7.318847,54.99805]]]}},{"type":"Feature","properties":{"name":"E060N0600","e_km":60,"n_km":600},"geometry":{"type":"Polygon","coordinates":[[[-7.342719,55.176992],[-7.029925,55.19033],[-7.052667,55.369349],[-7.366859,55.355923],[-7.342719,55.176992]]]}},{"type":"Feature","properties":{"name":"E060N0620","e_km":60,"n_km":620},"geometry":{"type":"Polygon","coordinates":[[[-7.366859,55.355923],[-7.052667,55.369349],[-7.075664,55.548357],[-7.391269,55.53484],[-7.366859,55.355923]]]}},{"type":"Feature","properties":{"name":"E060N0640","e_km":60,"n_km":640},"geometry":{"type":"Polygon","coordinates":[[[-7.391269,55.53484],[-7.075664,55.548357],[-7.09892,55.727353],[-7.415955,55.713746],[-7.391269,55.53484]]]}},{"type":"Feature","properties":{"name":"E060N0660","e_km":60,"n_km":660},"geometry":{"type":"Polygon","coordinates":[[[-7.415955,55.713746],[-7.09892,55.727353],[-7.122441,55.906337],[-7.440921,55.892639],[-7.415955,55.713746]]]}},{"type":"Feature","properties":{"name":"E060N0680","e_km":60,"n_km":680},"geometry":{"type":"Polygon","coordinates":[[[-7.440921,55.892639],[-7.122441,55.906337],[-7.14623,56.085309],[-7.466171,56.071519],[-7.440921,55.892639]]]}},{"type":"Feature","properties":{"name":"E060N0700","e_km":60,"n_km":700},"geometry":{"type":"Polygon","coordinates":[[[-7.466171,56.071519],[-7.14623,56.085309],[-7.17029,56.264269],[-7.49171,56.250386],[-7.466171,56.071519]]]}},{"type":"Feature","properties":{"name":"E060N0720","e_km":60,"n_km":720},"geometry":{"type":"Polygon","coordinates":[[[-7.49171,56.250386],[-7.17029,56.264269],[-7.194627,56.443217],[-7.517541,56.42924],[-7.49171,56.250386]]]}},{"type":"Feature","properties":{"name":"E060N0740","e_km":60,"n_km":740},"geometry":{"type":"Polygon","coordinates":[[[-7.517541,56.42924],[-7.194627,56.443217],[-7.219245,56.622153],[-7.543671,56.608082],[-7.517541,56.42924]]]}},{"type":"Feature","properties":{"name":"E060N0760","e_km":60,"n_km":760},"geometry":{"type":"Polygon","coordinates":[[[-7.543671,56.608082],[-7.219245,56.622153],[-7.244147,56.801077],[-7.570102,56.78691],[-7.543671,56.608082]]]}},{"type":"Feature","properties":{"name":"E060N0780","e_km":60,"n_km":780},"geometry":{"type":"Polygon","coordinates":[[[-7.570102,56.78691],[-7.244147,56.801077],[-7.26934,56.979988],[-7.596841,56.965725],[-7.570102,56.78691]]]}},{"type":"Feature","properties":{"name":"E060N0800","e_km":60,"n_km":800},"geometry":{"type":"Polygon","coordinates":[[[-7.596841,56.965725],[-7.26934,56.979988],[-7.294827,57.158887],[-7.623893,57.144526],[-7.596841,56.965725]]]}},{"type":"Feature","properties":{"name":"E060N0820","e_km":60,"n_km":820},"geometry":{"type":"Polygon","coordinates":[[[-7.623893,57.144526],[-7.294827,57.158887],[-7.320613,57.337773],[-7.651261,57.323315],[-7.623893,57.144526]]]}},{"type":"Feature","properties":{"name":"E060N0840","e_km":60,"n_km":840},"geometry":{"type":"Polygon","coordinates":[[[-7.651261,57.323315],[-7.320613,57.337773],[-7.346704,57.516647],[-7.678952,57.502089],[-7.651261,57.323315]]]}},{"type":"Feature","properties":{"name":"E060N0860","e_km":60,"n_km":860},"geometry":{"type":"Polygon","coordinates":[[[-7.678952,57.502089],[-7.346704,57.516647],[-7.373103,57.695508],[-7.706971,57.68085],[-7.678952,57.502089]]]}},{"type":"Feature","properties":{"name":"E060N0880","e_km":60,"n_km":880},"geometry":{"type":"Polygon","coordinates":[[[-7.706971,57.68085],[-7.373103,57.695508],[-7.399816,57.874356],[-7.735323,57.859597],[-7.706971,57.68085]]]}},{"type":"Feature","properties":{"name":"E060N0900","e_km":60,"n_km":900},"geometry":{"type":"Polygon","coordinates":[[[-7.735323,57.859597],[-7.399816,57.874356],[-7.426849,58.053191],[-7.764013,58.03833],[-7.735323,57.859597]]]}},{"type":"Feature","properties":{"name":"E060N0920","e_km":60,"n_km":920},"geometry":{"type":"Polygon","coordinates":[[[-7.764013,58.03833],[-7.426849,58.053191],[-7.454207,58.232013],[-7.793048,58.217048],[-7.764013,58.03833]]]}},{"type":"Feature","properties":{"name":"E060N0940","e_km":60,"n_km":940},"geometry":{"type":"Polygon","coordinates":[[[-7.793048,58.217048],[-7.454207,58.232013],[-7.481894,58.410822],[-7.822432,58.395753],[-7.793048,58.217048]]]}},{"type":"Feature","properties":{"name":"E060N0960","e_km":60,"n_km":960},"geometry":{"type":"Polygon","coordinates":[[[-7.822432,58.395753],[-7.481894,58.410822],[-7.509917,58.589617],[-7.852173,58.574443],[-7.822432,58.395753]]]}},{"type":"Feature","properties":{"name":"E060N0980","e_km":60,"n_km":980},"geometry":{"type":"Polygon","coordinates":[[[-7.852173,58.574443],[-7.509917,58.589617],[-7.538282,58.768399],[-7.882275,58.753118],[-7.852173,58.574443]]]}},{"type":"Feature","properties":{"name":"E060N1000","e_km":60,"n_km":1000},"geometry":{"type":"Polygon","coordinates":[[[-7.882275,58.753118],[-7.538282,58.768399],[-7.566994,58.947168],[-7.912746,58.931779],[-7.882275,58.753118]]]}},{"type":"Feature","properties":{"name":"E060N1020","e_km":60,"n_km":1020},"geometry":{"type":"Polygon","coordinates":[[[-7.912746,58.931779],[-7.566994,58.947168],[-7.596059,59.125922],[-7.94359,59.110425],[-7.912746,58.931779]]]}},{"type":"Feature","properties":{"name":"E060N1040","e_km":60,"n_km":1040},"geometry":{"type":"Polygon","coordinates":[[[-7.94359,59.110425],[-7.596059,59.125922],[-7.625483,59.304663],[-7.974816,59.289056],[-7.94359,59.110425]]]}},{"type":"Feature","properties":{"name":"E060N1060","e_km":60,"n_km":1060},"geometry":{"type":"Polygon","coordinates":[[[-7.974816,59.289056],[-7.625483,59.304663],[-7.655272,59.483389],[-8.006429,59.467672],[-7.974816,59.289056]]]}},{"type":"Feature","properties":{"name":"E060N1080","e_km":60,"n_km":1080},"geometry":{"type":"Polygon","coordinates":[[[-8.006429,59.467672],[-7.655272,59.483389],[-7.685433,59.662102],[-8.038436,59.646272],[-8.006429,59.467672]]]}},{"type":"Feature","properties":{"name":"E060N1100","e_km":60,"n_km":1100},"geometry":{"type":"Polygon","coordinates":[[[-8.038436,59.646272],[-7.685433,59.662102],[-7.715973,59.8408],[-8.070844,59.824857],[-8.038436,59.646272]]]}},{"type":"Feature","properties":{"name":"E060N1120","e_km":60,"n_km":1120},"geometry":{"type":"Polygon","coordinates":[[[-8.070844,59.824857],[-7.715973,59.8408],[-7.746898,60.019484],[-8.103661,60.003426],[-8.070844,59.824857]]]}},{"type":"Feature","properties":{"name":"E060N1140","e_km":60,"n_km":1140},"geometry":{"type":"Polygon","coordinates":[[[-8.103661,60.003426],[-7.746898,60.019484],[-7.778214,60.198153],[-8.136892,60.18198],[-8.103661,60.003426]]]}},{"type":"Feature","properties":{"name":"E060N1160","e_km":60,"n_km":1160},"geometry":{"type":"Polygon","coordinates":[[[-8.136892,60.18198],[-7.778214,60.198153],[-7.80993,60.376807],[-8.170547,60.360517],[-8.136892,60.18198]]]}},{"type":"Feature","properties":{"name":"E060N1180","e_km":60,"n_km":1180},"geometry":{"type":"Polygon","coordinates":[[[-8.170547,60.360517],[-7.80993,60.376807],[-7.842052,60.555446],[-8.204632,60.539038],[-8.170547,60.360517]]]}},{"type":"Feature","properties":{"name":"E060N1200","e_km":60,"n_km":1200},"geometry":{"type":"Polygon","coordinates":[[[-8.204632,60.539038],[-7.842052,60.555446],[-7.874587,60.73407],[-8.239155,60.717543],[-8.204632,60.539038]]]}},{"type":"Feature","properties":{"name":"E060N1220","e_km":60,"n_km":1220},"geometry":{"type":"Polygon","coordinates":[[[-8.239155,60.717543],[-7.874587,60.73407],[-7.907542,60.912679],[-8.274124,60.896031],[-8.239155,60.717543]]]}},{"type":"Feature","properties":{"name":"E060N1240","e_km":60,"n_km":1240},"geometry":{"type":"Polygon","coordinates":[[[-8.274124,60.896031],[-7.907542,60.912679],[-7.939949,61.092006],[-8.308627,61.075236],[-8.274124,60.896031]]]}},{"type":"Feature","properties":{"name":"E060N1260","e_km":60,"n_km":1260},"geometry":{"type":"Polygon","coordinates":[[[-8.308627,61.075236],[-7.939949,61.092006],[-7.973769,61.270606],[-8.344512,61.253713],[-8.308627,61.075236]]]}},{"type":"Feature","properties":{"name":"E060N1280","e_km":60,"n_km":1280},"geometry":{"type":"Polygon","coordinates":[[[-8.344512,61.253713],[-7.973769,61.270606],[-8.008033,61.44919],[-8.380868,61.432172],[-8.344512,61.253713]]]}},{"type":"Feature","properties":{"name":"E080N0000","e_km":80,"n_km":0},"geometry":{"type":"Polygon","coordinates":[[[-6.449974,49.814737],[-6.172738,49.825069],[-6.188276,50.004469],[-6.466536,49.994071],[-6.449974,49.814737]]]}},{"type":"Feature","properties":{"name":"E080N0020","e_km":80,"n_km":20},"geometry":{"type":"Polygon","coordinates":[[[-6.466536,49.994071],[-6.188276,50.004469],[-6.203971,50.183859],[-6.483265,50.173395],[-6.466536,49.994071]]]}},{"type":"Feature","properties":{"name":"E080N0040","e_km":80,"n_km":40},"geometry":{"type":"Polygon","coordinates":[[[-6.483265,50.173395],[-6.203971,50.183859],[-6.219826,50.36324],[-6.500164,50.35271],[-6.483265,50.173395]]]}},{"type":"Feature","properties":{"name":"E080N0060","e_km":80,"n_km":60},"geometry":{"type":"Polygon","coordinates":[[[-6.500164,50.35271],[-6.219826,50.36324],[-6.235841,50.542611],[-6.517235,50.532014],[-6.500164,50.35271]]]}},{"type":"Feature","properties":{"name":"E080N0080","e_km":80,"n_km":80},"geometry":{"type":"Polygon","coordinates":[[[-6.517235,50.532014],[-6.235841,50.542611],[-6.252021,50.721974],[-6.534481,50.711309],[-6.517235,50.532014]]]}},{"type":"Feature","properties":{"name":"E080N0100","e_km":80,"n_km":100},"geometry":{"type":"Polygon","coordinates":[[[-6.534481,50.711309],[-6.252021,50.721974],[-6.268366,50.901327],[-6.551903,50.890595],[-6.534481,50.711309]]]}},{"type":"Feature","properties":{"name":"E080N0120","e_km":80,"n_km":120},"geometry":{"type":"Polygon","coordinates":[[[-6.551903,50.890595],[-6.268366,50.901327],[-6.284879,51.080671],[-6.569504,51.06987],[-6.551903,50.890595]]]}},{"type":"Feature","properties":{"name":"E080N0140","e_km":80,"n_km":140},"geometry":{"type":"Polygon","coordinates":[[[-6.569504,51.06987],[-6.284879,51.080671],[-6.301563,51.260005],[-6.587286,51.249135],[-6.569504,51.06987]]]}},{"type":"Feature","properties":{"name":"E080N0160","e_km":80,"n_km":160},"geometry":{"type":"Polygon","coordinates":[[[-6.587286,51.249135],[-6.301563,51.260005],[-6.318419,51.43933],[-6.605253,51.42839],[-6.587286,51.249135]]]}},{"type":"Feature","properties":{"name":"E080N0180","e_km":80,"n_km":180},"geometry":{"type":"Polygon","coordinates":[[[-6.605253,51.42839],[-6.318419,51.43933],[-6.33545,51.618645],[-6.623405,51.607635],[-6.605253,51.42839]]]}},{"type":"Feature","properties":{"name":"E080N0200","e_km":80,"n_km":200},"geometry":{"type":"Polygon","coordinates":[[[-6.623405,51.607635],[-6.33545,51.618645],[-6.352658,51.79795],[-6.641747,51.786871],[-6.623405,51.607635]]]}},{"type":"Feature","properties":{"name":"E080N0220","e_km":80,"n_km":220},"geometry":{"type":"Polygon","coordinates":[[[-6.641747,51.786871],[-6.352658,51.79795],[-6.370047,51.977246],[-6.66028,51.966095],[-6.641747,51.786871]]]}},{"type":"Feature","properties":{"name":"E080N0240","e_km":80,"n_km":240},"geometry":{"type":"Polygon","coordinates":[[[-6.66028,51.966095],[-6.370047,51.977246],[-6.387617,52.156533],[-6.679008,52.14531],[-6.66028,51.966095]]]}},{"type":"Feature","properties":{"name":"E080N0260","e_km":80,"n_km":260},"geometry":{"type":"Polygon","coordinates":[[[-6.679008,52.14531],[-6.387617,52.156533],[-6.405373,52.33581],[-6.697932,52.324514],[-6.679008,52.14531]]]}},{"type":"Feature","properties":{"name":"E080N0280","e_km":80,"n_km":280},"geometry":{"type":"Polygon","coordinates":[[[-6.697932,52.324514],[-6.405373,52.33581],[-6.423316,52.515076],[-6.717056,52.503708],[-6.697932,52.324514]]]}},{"type":"Feature","properties":{"name":"E080N0300","e_km":80,"n_km":300},"geometry":{"type":"Polygon","coordinates":[[[-6.717056,52.503708],[-6.423316,52.515076],[-6.441449,52.694333],[-6.736383,52.682892],[-6.717056,52.503708]]]}},{"type":"Feature","properties":{"name":"E080N0320","e_km":80,"n_km":320},"geometry":{"type":"Polygon","coordinates":[[[-6.736383,52.682892],[-6.441449,52.694333],[-6.459774,52.873581],[-6.755914,52.862065],[-6.736383,52.682892]]]}},{"type":"Feature","properties":{"name":"E080N0340","e_km":80,"n_km":340},"geometry":{"type":"Polygon","coordinates":[[[-6.755914,52.862065],[-6.459774,52.873581],[-6.478296,53.052818],[-6.775655,53.041228],[-6.755914,52.862065]]]}},{"type":"Feature","properties":{"name":"E080N0360","e_km":80,"n_km":360},"geometry":{"type":"Polygon","coordinates":[[[-6.775655,53.041228],[-6.478296,53.052818],[-6.497015,53.232045],[-6.795606,53.22038],[-6.775655,53.041228]]]}},{"type":"Feature","properties":{"name":"E080N0380","e_km":80,"n_km":380},"geometry":{"type":"Polygon","coordinates":[[[-6.795606,53.22038],[-6.497015,53.232045],[-6.515936,53.411262],[-6.815771,53.399521],[-6.795606,53.22038]]]}},{"type":"Feature","properties":{"name":"E080N0400","e_km":80,"n_km":400},"geometry":{"type":"Polygon","coordinates":[[[-6.815771,53.399521],[-6.515936,53.411262],[-6.535061,53.590469],[-6.836154,53.578651],[-6.815771,53.399521]]]}},{"type":"Feature","properties":{"name":"E080N0420","e_km":80,"n_km":420},"geometry":{"type":"Polygon","coordinates":[[[-6.836154,53.578651],[-6.535061,53.590469],[-6.554393,53.769666],[-6.856758,53.757771],[-6.836154,53.578651]]]}},{"type":"Feature","properties":{"name":"E080N0440","e_km":80,"n_km":440},"geometry":{"type":"Polygon","coordinates":[[[-6.856758,53.757771],[-6.554393,53.769666],[-6.573935,53.948853],[-6.877585,53.93688],[-6.856758,53.757771]]]}},{"type":"Feature","properties":{"name":"E080N0460","e_km":80,"n_km":460},"geometry":{"type":"Polygon","coordinates":[[[-6.877585,53.93688],[-6.573935,53.948853],[-6.593691,54.128029],[-6.89864,54.115978],[-6.877585,53.93688]]]}},{"type":"Feature","properties":{"name":"E080N0480","e_km":80,"n_km":480},"geometry":{"type":"Polygon","coordinates":[[[-6.89864,54.115978],[-6.593691,54.128029],[-6.613662,54.307195],[-6.919924,54.295065],[-6.89864,54.115978]]]}},{"type":"Feature","properties":{"name":"E080N0500","e_km":80,"n_km":500},"geometry":{"type":"Polygon","coordinates":[[[-6.919924,54.295065],[-6.613662,54.307195],[-6.633853,54.486351],[-6.941443,54.47414],[-6.919924,54.295065]]]}},{"type":"Feature","properties":{"name":"E080N0520","e_km":80,"n_km":520},"geometry":{"type":"Polygon","coordinates":[[[-6.941443,54.47414],[-6.633853,54.486351],[-6.654267,54.665496],[-6.963198,54.653205],[-6.941443,54.47414]]]}},{"type":"Feature","properties":{"name":"E080N0540","e_km":80,"n_km":540},"geometry":{"type":"Polygon","coordinates":[[[-6.963198,54.653205],[-6.654267,54.665496],[-6.674907,54.844631],[-6.985195,54.832258],[-6.963198,54.653205]]]}},{"type":"Feature","properties":{"name":"E080N0560","e_km":80,"n_km":560},"geometry":{"type":"Polygon","coordinates":[[[-6.985195,54.832258],[-6.674907,54.844631],[-6.695777,55.023755],[-7.007436,55.0113],[-6.985195,54.832258]]]}},{"type":"Feature","properties":{"name":"E080N0580","e_km":80,"n_km":580},"geometry":{"type":"Polygon","coordinates":[[[-7.007436,55.0113],[-6.695777,55.023755],[-6.71688,55.202868],[-7.029925,55.19033],[-7.007436,55.0113]]]}},{"type":"Feature","properties":{"name":"E080N0600","e_km":80,"n_km":600},"geometry":{"type":"Polygon","coordinates":[[[-7.029925,55.19033],[-6.71688,55.202868],[-6.738219,55.38197],[-7.052667,55.369349],[-7.029925,55.19033]]]}},{"type":"Feature","properties":{"name":"E080N0620","e_km":80,"n_km":620},"geometry":{"type":"Polygon","coordinates":[[[-7.052667,55.369349],[-6.738219,55.38197],[-6.759798,55.561062],[-7.075664,55.548357],[-7.052667,55.369349]]]}},{"type":"Feature","properties":{"name":"E080N0640","e_km":80,"n_km":640},"geometry":{"type":"Polygon","coordinates":[[[-7.075664,55.548357],[-6.759798,55.561062],[-6.781622,55.740143],[-7.09892,55.727353],[-7.075664,55.548357]]]}},{"type":"Feature","properties":{"name":"E080N0660","e_km":80,"n_km":660},"geometry":{"type":"Polygon","coordinates":[[[-7.09892,55.727353],[-6.781622,55.740143],[-6.803693,55.919212],[-7.122441,55.906337],[-7.09892,55.727353]]]}},{"type":"Feature","properties":{"name":"E080N0680","e_km":80,"n_km":680},"geometry":{"type":"Polygon","coordinates":[[[-7.122441,55.906337],[-6.803693,55.919212],[-6.826016,56.098271],[-7.14623,56.085309],[-7.122441,55.906337]]]}},{"type":"Feature","properties":{"name":"E080N0700","e_km":80,"n_km":700},"geometry":{"type":"Polygon","coordinates":[[[-7.14623,56.085309],[-6.826016,56.098271],[-6.848594,56.277319],[-7.17029,56.264269],[-7.14623,56.085309]]]}},{"type":"Feature","properties":{"name":"E080N0720","e_km":80,"n_km":720},"geometry":{"type":"Polygon","coordinates":[[[-7.17029,56.264269],[-6.848594,56.277319],[-6.871432,56.456355],[-7.194627,56.443217],[-7.17029,56.264269]]]}},{"type":"Feature","properties":{"name":"E080N0740","e_km":80,"n_km":740},"geometry":{"type":"Polygon","coordinates":[[[-7.194627,56.443217],[-6.871432,56.456355],[-6.894533,56.63538],[-7.219245,56.622153],[-7.194627,56.443217]]]}},{"type":"Feature","properties":{"name":"E080N0760","e_km":80,"n_km":760},"geometry":{"type":"Polygon","coordinates":[[[-7.219245,56.622153],[-6.894533,56.63538],[-6.917903,56.814394],[-7.244147,56.801077],[-7.219245,56.622153]]]}},{"type":"Feature","properties":{"name":"E080N0780","e_km":80,"n_km":780},"geometry":{"type":"Polygon","coordinates":[[[-7.244147,56.801077],[-6.917903,56.814394],[-6.941544,56.993396],[-7.26934,56.979988],[-7.244147,56.801077]]]}},{"type":"Feature","properties":{"name":"E080N0800","e_km":80,"n_km":800},"geometry":{"type":"Polygon","coordinates":[[[-7.26934,56.979988],[-6.941544,56.993396],[-6.965462,57.172386],[-7.294827,57.158887],[-7.26934,56.979988]]]}},{"type":"Feature","properties":{"name":"E080N0820","e_km":80,"n_km":820},"geometry":{"type":"Polygon","coordinates":[[[-7.294827,57.158887],[-6.965462,57.172386],[-6.989661,57.351365],[-7.320613,57.337773],[-7.294827,57.158887]]]}},{"type":"Feature","properties":{"name":"E080N0840","e_km":80,"n_km":840},"geometry":{"type":"Polygon","coordinates":[[[-7.320613,57.337773],[-6.989661,57.351365],[-7.014146,57.530332],[-7.346704,57.516647],[-7.320613,57.337773]]]}},{"type":"Feature","properties":{"name":"E080N0860","e_km":80,"n_km":860},"geometry":{"type":"Polygon","coordinates":[[[-7.346704,57.516647],[-7.014146,57.530332],[-7.038921,57.709287],[-7.373103,57.695508],[-7.346704,57.516647]]]}},{"type":"Feature","properties":{"name":"E080N0880","e_km":80,"n_km":880},"geometry":{"type":"Polygon","coordinates":[[[-7.373103,57.695508],[-7.038921,57.709287],[-7.063991,57.888231],[-7.399816,57.874356],[-7.373103,57.695508]]]}},{"type":"Feature","properties":{"name":"E080N0900","e_km":80,"n_km":900},"geometry":{"type":"Polygon","coordinates":[[[-7.399816,57.874356],[-7.063991,57.888231],[-7.089361,58.067162],[-7.426849,58.053191],[-7.399816,57.874356]]]}},{"type":"Feature","properties":{"name":"E080N0920","e_km":80,"n_km":920},"geometry":{"type":"Polygon","coordinates":[[[-7.426849,58.053191],[-7.089361,58.067162],[-7.115035,58.246081],[-7.454207,58.232013],[-7.426849,58.053191]]]}},{"type":"Feature","properties":{"name":"E080N0940","e_km":80,"n_km":940},"geometry":{"type":"Polygon","coordinates":[[[-7.454207,58.232013],[-7.115035,58.246081],[-7.14102,58.424988],[-7.481894,58.410822],[-7.454207,58.232013]]]}},{"type":"Feature","properties":{"name":"E080N0960","e_km":80,"n_km":960},"geometry":{"type":"Polygon","coordinates":[[[-7.481894,58.410822],[-7.14102,58.424988],[-7.167321,58.603882],[-7.509917,58.589617],[-7.481894,58.410822]]]}},{"type":"Feature","properties":{"name":"E080N0980","e_km":80,"n_km":980},"geometry":{"type":"Polygon","coordinates":[[[-7.509917,58.589617],[-7.167321,58.603882],[-7.193942,58.782764],[-7.538282,58.768399],[-7.509917,58.589617]]]}},{"type":"Feature","properties":{"name":"E080N1000","e_km":80,"n_km":1000},"geometry":{"type":"Polygon","coordinates":[[[-7.538282,58.768399],[-7.193942,58.782764],[-7.220889,58.961634],[-7.566994,58.947168],[-7.538282,58.768399]]]}},{"type":"Feature","properties":{"name":"E080N1020","e_km":80,"n_km":1020},"geometry":{"type":"Polygon","coordinates":[[[-7.566994,58.947168],[-7.220889,58.961634],[-7.248168,59.140491],[-7.596059,59.125922],[-7.566994,58.947168]]]}},{"type":"Feature","properties":{"name":"E080N1040","e_km":80,"n_km":1040},"geometry":{"type":"Polygon","coordinates":[[[-7.596059,59.125922],[-7.248168,59.140491],[-7.275784,59.319334],[-7.625483,59.304663],[-7.596059,59.125922]]]}},{"type":"Feature","properties":{"name":"E080N1060","e_km":80,"n_km":1060},"geometry":{"type":"Polygon","coordinates":[[[-7.625483,59.304663],[-7.275784,59.319334],[-7.303744,59.498165],[-7.655272,59.483389],[-7.625483,59.304663]]]}},{"type":"Feature","properties":{"name":"E080N1080","e_km":80,"n_km":1080},"geometry":{"type":"Polygon","coordinates":[[[-7.655272,59.483389],[-7.303744,59.498165],[-7.332053,59.676983],[-7.685433,59.662102],[-7.655272,59.483389]]]}},{"type":"Feature","properties":{"name":"E080N1100","e_km":80,"n_km":1100},"geometry":{"type":"Polygon","coordinates":[[[-7.685433,59.662102],[-7.332053,59.676983],[-7.360717,59.855788],[-7.715973,59.8408],[-7.685433,59.662102]]]}},{"type":"Feature","properties":{"name":"E080N1120","e_km":80,"n_km":1120},"geometry":{"type":"Polygon","coordinates":[[[-7.715973,59.8408],[-7.360717,59.855788],[-7.389743,60.034579],[-7.746898,60.019484],[-7.715973,59.8408]]]}},{"type":"Feature","properties":{"name":"E080N1140","e_km":80,"n_km":1140},"geometry":{"type":"Polygon","coordinates":[[[-7.746898,60.019484],[-7.389743,60.034579],[-7.419138,60.213357],[-7.778214,60.198153],[-7.746898,60.019484]]]}},{"type":"Feature","properties":{"name":"E080N1160","e_km":80,"n_km":1160},"geometry":{"type":"Polygon","coordinates":[[[-7.778214,60.198153],[-7.419138,60.213357],[-7.448907,60.392121],[-7.80993,60.376807],[-7.778214,60.198153]]]}},{"type":"Feature","properties":{"name":"E080N1180","e_km":80,"n_km":1180},"geometry":{"type":"Polygon","coordinates":[[[-7.80993,60.376807],[-7.448907,60.392121],[-7.479058,60.570872],[-7.842052,60.555446],[-7.80993,60.376807]]]}},{"type":"Feature","properties":{"name":"E080N1200","e_km":80,"n_km":1200},"geometry":{"type":"Polygon","coordinates":[[[-7.842052,60.555446],[-7.479058,60.570872],[-7.509597,60.749608],[-7.874587,60.73407],[-7.842052,60.555446]]]}},{"type":"Feature","properties":{"name":"E080N1220","e_km":80,"n_km":1220},"geometry":{"type":"Polygon","coordinates":[[[-7.874587,60.73407],[-7.509597,60.749608],[-7.540532,60.928331],[-7.907542,60.912679],[-7.874587,60.73407]]]}},{"type":"Feature","properties":{"name":"E080N1240","e_km":80,"n_km":1240},"geometry":{"type":"Polygon","coordinates":[[[-7.907542,60.912679],[-7.540532,60.928331],[-7.570835,61.107771],[-7.939949,61.092006],[-7.907542,60.912679]]]}},{"type":"Feature","properties":{"name":"E080N1260","e_km":80,"n_km":1260},"geometry":{"type":"Polygon","coordinates":[[[-7.939949,61.092006],[-7.570835,61.107771],[-7.602581,61.286487],[-7.973769,61.270606],[-7.939949,61.092006]]]}},{"type":"Feature","properties":{"name":"E080N1280","e_km":80,"n_km":1280},"geometry":{"type":"Polygon","coordinates":[[[-7.973769,61.270606],[-7.602581,61.286487],[-7.634744,61.465189],[-8.008033,61.44919],[-7.973769,61.270606]]]}},{"type":"Feature","properties":{"name":"E100N0000","e_km":100,"n_km":0},"geometry":{"type":"Polygon","coordinates":[[[-6.172738,49.825069],[-5.895348,49.83474],[-5.90986,50.0142],[-6.188276,50.004469],[-6.172738,49.825069]]]}},{"type":"Feature","properties":{"name":"E100N0020","e_km":100,"n_km":20},"geometry":{"type":"Polygon","coordinates":[[[-6.188276,50.004469],[-5.90986,50.0142],[-5.924518,50.193652],[-6.203971,50.183859],[-6.188276,50.004469]]]}},{"type":"Feature","properties":{"name":"E100N0040","e_km":100,"n_km":40},"geometry":{"type":"Polygon","coordinates":[[[-6.203971,50.183859],[-5.924518,50.193652],[-5.939326,50.373095],[-6.219826,50.36324],[-6.203971,50.183859]]]}},{"type":"Feature","properties":{"name":"E100N0060","e_km":100,"n_km":60},"geometry":{"type":"Polygon","coordinates":[[[-6.219826,50.36324],[-5.939326,50.373095],[-5.954284,50.55253],[-6.235841,50.542611],[-6.219826,50.36324]]]}},{"type":"Feature","properties":{"name":"E100N0080","e_km":100,"n_km":80},"geometry":{"type":"Polygon","coordinates":[[[-6.235841,50.542611],[-5.954284,50.55253],[-5.969395,50.731955],[-6.252021,50.721974],[-6.235841,50.542611]]]}},{"type":"Feature","properties":{"name":"E100N0100","e_km":100,"n_km":100},"geometry":{"type":"Polygon","coordinates":[[[-6.252021,50.721974],[-5.969395,50.731955],[-5.984661,50.911372],[-6.268366,50.901327],[-6.252021,50.721974]]]}},{"type":"Feature","properties":{"name":"E100N0120","e_km":100,"n_km":120},"geometry":{"type":"Polygon","coordinates":[[[-6.268366,50.901327],[-5.984661,50.911372],[-6.000084,51.090779],[-6.284879,51.080671],[-6.268366,50.901327]]]}},{"type":"Feature","properties":{"name":"E100N0140","e_km":100,"n_km":140},"geometry":{"type":"Polygon","coordinates":[[[-6.284879,51.080671],[-6.000084,51.090779],[-6.015666,51.270178],[-6.301563,51.260005],[-6.284879,51.080671]]]}},{"type":"Feature","properties":{"name":"E100N0160","e_km":100,"n_km":160},"geometry":{"type":"Polygon","coordinates":[[[-6.301563,51.260005],[-6.015666,51.270178],[-6.03141,51.449568],[-6.318419,51.43933],[-6.301563,51.260005]]]}},{"type":"Feature","properties":{"name":"E100N0180","e_km":100,"n_km":180},"geometry":{"type":"Polygon","coordinates":[[[-6.318419,51.43933],[-6.03141,51.449568],[-6.047317,51.628949],[-6.33545,51.618645],[-6.318419,51.43933]]]}},{"type":"Feature","properties":{"name":"E100N0200","e_km":100,"n_km":200},"geometry":{"type":"Polygon","coordinates":[[[-6.33545,51.618645],[-6.047317,51.628949],[-6.06339,51.808321],[-6.352658,51.79795],[-6.33545,51.618645]]]}},{"type":"Feature","properties":{"name":"E100N0220","e_km":100,"n_km":220},"geometry":{"type":"Polygon","coordinates":[[[-6.352658,51.79795],[-6.06339,51.808321],[-6.079631,51.987683],[-6.370047,51.977246],[-6.352658,51.79795]]]}},{"type":"Feature","properties":{"name":"E100N0240","e_km":100,"n_km":240},"geometry":{"type":"Polygon","coordinates":[[[-6.370047,51.977246],[-6.079631,51.987683],[-6.096042,52.167037],[-6.387617,52.156533],[-6.370047,51.977246]]]}},{"type":"Feature","properties":{"name":"E100N0260","e_km":100,"n_km":260},"geometry":{"type":"Polygon","coordinates":[[[-6.387617,52.156533],[-6.096042,52.167037],[-6.112626,52.346381],[-6.405373,52.33581],[-6.387617,52.156533]]]}},{"type":"Feature","properties":{"name":"E100N0280","e_km":100,"n_km":280},"geometry":{"type":"Polygon","coordinates":[[[-6.405373,52.33581],[-6.112626,52.346381],[-6.129385,52.525716],[-6.423316,52.515076],[-6.405373,52.33581]]]}},{"type":"Feature","properties":{"name":"E100N0300","e_km":100,"n_km":300},"geometry":{"type":"Polygon","coordinates":[[[-6.423316,52.515076],[-6.129385,52.525716],[-6.146322,52.705042],[-6.441449,52.694333],[-6.423316,52.515076]]]}},{"type":"Feature","properties":{"name":"E100N0320","e_km":100,"n_km":320},"geometry":{"type":"Polygon","coordinates":[[[-6.441449,52.694333],[-6.146322,52.705042],[-6.163439,52.884359],[-6.459774,52.873581],[-6.441449,52.694333]]]}},{"type":"Feature","properties":{"name":"E100N0340","e_km":100,"n_km":340},"geometry":{"type":"Polygon","coordinates":[[[-6.459774,52.873581],[-6.163439,52.884359],[-6.180739,53.063666],[-6.478296,53.052818],[-6.459774,52.873581]]]}},{"type":"Feature","properties":{"name":"E100N0360","e_km":100,"n_km":360},"geometry":{"type":"Polygon","coordinates":[[[-6.478296,53.052818],[-6.180739,53.063666],[-6.198224,53.242964],[-6.497015,53.232045],[-6.478296,53.052818]]]}},{"type":"Feature","properties":{"name":"E100N0380","e_km":100,"n_km":380},"geometry":{"type":"Polygon","coordinates":[[[-6.497015,53.232045],[-6.198224,53.242964],[-6.215897,53.422252],[-6.515936,53.411262],[-6.497015,53.232045]]]}},{"type":"Feature","properties":{"name":"E100N0400","e_km":100,"n_km":400},"geometry":{"type":"Polygon","coordinates":[[[-6.515936,53.411262],[-6.215897,53.422252],[-6.233761,53.601531],[-6.535061,53.590469],[-6.515936,53.411262]]]}},{"type":"Feature","properties":{"name":"E100N0420","e_km":100,"n_km":420},"geometry":{"type":"Polygon","coordinates":[[[-6.535061,53.590469],[-6.233761,53.601531],[-6.251818,53.7808],[-6.554393,53.769666],[-6.535061,53.590469]]]}},{"type":"Feature","properties":{"name":"E100N0440","e_km":100,"n_km":440},"geometry":{"type":"Polygon","coordinates":[[[-6.554393,53.769666],[-6.251818,53.7808],[-6.270072,53.96006],[-6.573935,53.948853],[-6.554393,53.769666]]]}},{"type":"Feature","properties":{"name":"E100N0460","e_km":100,"n_km":460},"geometry":{"type":"Polygon","coordinates":[[[-6.573935,53.948853],[-6.270072,53.96006],[-6.288525,54.13931],[-6.593691,54.128029],[-6.573935,53.948853]]]}},{"type":"Feature","properties":{"name":"E100N0480","e_km":100,"n_km":480},"geometry":{"type":"Polygon","coordinates":[[[-6.593691,54.128029],[-6.288525,54.13931],[-6.307181,54.31855],[-6.613662,54.307195],[-6.593691,54.128029]]]}},{"type":"Feature","properties":{"name":"E100N0500","e_km":100,"n_km":500},"geometry":{"type":"Polygon","coordinates":[[[-6.613662,54.307195],[-6.307181,54.31855],[-6.326041,54.49778],[-6.633853,54.486351],[-6.613662,54.307195]]]}},{"type":"Feature","properties":{"name":"E100N0520","e_km":100,"n_km":520},"geometry":{"type":"Polygon","coordinates":[[[-6.633853,54.486351],[-6.326041,54.49778],[-6.34511,54.677001],[-6.654267,54.665496],[-6.633853,54.486351]]]}},{"type":"Feature","properties":{"name":"E100N0540","e_km":100,"n_km":540},"geometry":{"type":"Polygon","coordinates":[[[-6.654267,54.665496],[-6.34511,54.677001],[-6.36439,54.856211],[-6.674907,54.844631],[-6.654267,54.665496]]]}},{"type":"Feature","properties":{"name":"E100N0560","e_km":100,"n_km":560},"geometry":{"type":"Polygon","coordinates":[[[-6.674907,54.844631],[-6.36439,54.856211],[-6.383885,55.035412],[-6.695777,55.023755],[-6.674907,54.844631]]]}},{"type":"Feature","properties":{"name":"E100N0580","e_km":100,"n_km":580},"geometry":{"type":"Polygon","coordinates":[[[-6.695777,55.023755],[-6.383885,55.035412],[-6.403597,55.214603],[-6.71688,55.202868],[-6.695777,55.023755]]]}},{"type":"Feature","properties":{"name":"E100N0600","e_km":100,"n_km":600},"geometry":{"type":"Polygon","coordinates":[[[-6.71688,55.202868],[-6.403597,55.214603],[-6.423531,55.393784],[-6.738219,55.38197],[-6.71688,55.202868]]]}},{"type":"Feature","properties":{"name":"E100N0620","e_km":100,"n_km":620},"geometry":{"type":"Polygon","coordinates":[[[-6.738219,55.38197],[-6.423531,55.393784],[-6.443689,55.572954],[-6.759798,55.561062],[-6.738219,55.38197]]]}},{"type":"Feature","properties":{"name":"E100N0640","e_km":100,"n_km":640},"geometry":{"type":"Polygon","coordinates":[[[-6.759798,55.561062],[-6.443689,55.572954],[-6.464075,55.752115],[-6.781622,55.740143],[-6.759798,55.561062]]]}},{"type":"Feature","properties":{"name":"E100N0660","e_km":100,"n_km":660},"geometry":{"type":"Polygon","coordinates":[[[-6.781622,55.740143],[-6.464075,55.752115],[-6.484693,55.931265],[-6.803693,55.919212],[-6.781622,55.740143]]]}},{"type":"Feature","properties":{"name":"E100N0680","e_km":100,"n_km":680},"geometry":{"type":"Polygon","coordinates":[[[-6.803693,55.919212],[-6.484693,55.931265],[-6.505546,56.110404],[-6.826016,56.098271],[-6.803693,55.919212]]]}},{"type":"Feature","properties":{"name":"E100N0700","e_km":100,"n_km":700},"geometry":{"type":"Polygon","coordinates":[[[-6.826016,56.098271],[-6.505546,56.110404],[-6.526638,56.289534],[-6.848594,56.277319],[-6.826016,56.098271]]]}},{"type":"Feature","properties":{"name":"E100N0720","e_km":100,"n_km":720},"geometry":{"type":"Polygon","coordinates":[[[-6.848594,56.277319],[-6.526638,56.289534],[-6.547973,56.468653],[-6.871432,56.456355],[-6.848594,56.277319]]]}},{"type":"Feature","properties":{"name":"E100N0740","e_km":100,"n_km":740},"geometry":{"type":"Polygon","coordinates":[[[-6.871432,56.456355],[-6.547973,56.468653],[-6.569554,56.647761],[-6.894533,56.63538],[-6.871432,56.456355]]]}},{"type":"Feature","properties":{"name":"E100N0760","e_km":100,"n_km":760},"geometry":{"type":"Polygon","coordinates":[[[-6.894533,56.63538],[-6.569554,56.647761],[-6.591386,56.826859],[-6.917903,56.814394],[-6.894533,56.63538]]]}},{"type":"Feature","properties":{"name":"E100N0780","e_km":100,"n_km":780},"geometry":{"type":"Polygon","coordinates":[[[-6.917903,56.814394],[-6.591386,56.826859],[-6.613472,57.005946],[-6.941544,56.993396],[-6.917903,56.814394]]]}},{"type":"Feature","properties":{"name":"E100N0800","e_km":100,"n_km":800},"geometry":{"type":"Polygon","coordinates":[[[-6.941544,56.993396],[-6.613472,57.005946],[-6.635816,57.185022],[-6.965462,57.172386],[-6.941544,56.993396]]]}},{"type":"Feature","properties":{"name":"E100N0820","e_km":100,"n_km":820},"geometry":{"type":"Polygon","coordinates":[[[-6.965462,57.172386],[-6.635816,57.185022],[-6.658423,57.364088],[-6.989661,57.351365],[-6.965462,57.172386]]]}},{"type":"Feature","properties":{"name":"E100N0840","e_km":100,"n_km":840},"geometry":{"type":"Polygon","coordinates":[[[-6.989661,57.351365],[-6.658423,57.364088],[-6.681298,57.543142],[-7.014146,57.530332],[-6.989661,57.351365]]]}},{"type":"Feature","properties":{"name":"E100N0860","e_km":100,"n_km":860},"geometry":{"type":"Polygon","coordinates":[[[-7.014146,57.530332],[-6.681298,57.543142],[-6.704443,57.722186],[-7.038921,57.709287],[-7.014146,57.530332]]]}},{"type":"Feature","properties":{"name":"E100N0880","e_km":100,"n_km":880},"geometry":{"type":"Polygon","coordinates":[[[-7.038921,57.709287],[-6.704443,57.722186],[-6.727865,57.901218],[-7.063991,57.888231],[-7.038921,57.709287]]]}},{"type":"Feature","properties":{"name":"E100N0900","e_km":100,"n_km":900},"geometry":{"type":"Polygon","coordinates":[[[-7.063991,57.888231],[-6.727865,57.901218],[-6.751567,58.08024],[-7.089361,58.067162],[-7.063991,57.888231]]]}},{"type":"Feature","properties":{"name":"E100N0920","e_km":100,"n_km":920},"geometry":{"type":"Polygon","coordinates":[[[-7.089361,58.067162],[-6.751567,58.08024],[-6.775554,58.25925],[-7.115035,58.246081],[-7.089361,58.067162]]]}},{"type":"Feature","properties":{"name":"E100N0940","e_km":100,"n_km":940},"geometry":{"type":"Polygon","coordinates":[[[-7.115035,58.246081],[-6.775554,58.25925],[-6.799831,58.438249],[-7.14102,58.424988],[-7.115035,58.246081]]]}},{"type":"Feature","properties":{"name":"E100N0960","e_km":100,"n_km":960},"geometry":{"type":"Polygon","coordinates":[[[-7.14102,58.424988],[-6.799831,58.438249],[-6.824403,58.617236],[-7.167321,58.603882],[-7.14102,58.424988]]]}},{"type":"Feature","properties":{"name":"E100N0980","e_km":100,"n_km":980},"geometry":{"type":"Polygon","coordinates":[[[-7.167321,58.603882],[-6.824403,58.617236],[-6.849275,58.796212],[-7.193942,58.782764],[-7.167321,58.603882]]]}},{"type":"Feature","properties":{"name":"E100N1000","e_km":100,"n_km":1000},"geometry":{"type":"Polygon","coordinates":[[[-7.193942,58.782764],[-6.849275,58.796212],[-6.874452,58.975176],[-7.220889,58.961634],[-7.193942,58.782764]]]}},{"type":"Feature","properties":{"name":"E100N1020","e_km":100,"n_km":1020},"geometry":{"type":"Polygon","coordinates":[[[-7.220889,58.961634],[-6.874452,58.975176],[-6.899939,59.154128],[-7.248168,59.140491],[-7.220889,58.961634]]]}},{"type":"Feature","properties":{"name":"E100N1040","e_km":100,"n_km":1040},"geometry":{"type":"Polygon","coordinates":[[[-7.248168,59.140491],[-6.899939,59.154128],[-6.925742,59.333069],[-7.275784,59.319334],[-7.248168,59.140491]]]}},{"type":"Feature","properties":{"name":"E100N1060","e_km":100,"n_km":1060},"geometry":{"type":"Polygon","coordinates":[[[-7.275784,59.319334],[-6.925742,59.333069],[-6.951866,59.511997],[-7.303744,59.498165],[-7.275784,59.319334]]]}},{"type":"Feature","properties":{"name":"E100N1080","e_km":100,"n_km":1080},"geometry":{"type":"Polygon","coordinates":[[[-7.303744,59.498165],[-6.951866,59.511997],[-6.978316,59.690914],[-7.332053,59.676983],[-7.303744,59.498165]]]}},{"type":"Feature","properties":{"name":"E100N1100","e_km":100,"n_km":1100},"geometry":{"type":"Polygon","coordinates":[[[-7.332053,59.676983],[-6.978316,59.690914],[-7.005099,59.869819],[-7.360717,59.855788],[-7.332053,59.676983]]]}},{"type":"Feature","properties":{"name":"E100N1120","e_km":100,"n_km":1120},"geometry":{"type":"Polygon","coordinates":[[[-7.360717,59.855788],[-7.005099,59.869819],[-7.03222,60.048711],[-7.389743,60.034579],[-7.360717,59.855788]]]}},{"type":"Feature","properties":{"name":"E100N1140","e_km":100,"n_km":1140},"geometry":{"type":"Polygon","coordinates":[[[-7.389743,60.034579],[-7.03222,60.048711],[-7.059686,60.227591],[-7.419138,60.213357],[-7.389743,60.034579]]]}},{"type":"Feature","properties":{"name":"E100N1160","e_km":100,"n_km":1160},"geometry":{"type":"Polygon","coordinates":[[[-7.419138,60.213357],[-7.059686,60.227591],[-7.087502,60.406458],[-7.448907,60.392121],[-7.419138,60.213357]]]}},{"type":"Feature","properties":{"name":"E100N1180","e_km":100,"n_km":1180},"geometry":{"type":"Polygon","coordinates":[[[-7.448907,60.392121],[-7.087502,60.406458],[-7.115675,60.585313],[-7.479058,60.570872],[-7.448907,60.392121]]]}},{"type":"Feature","properties":{"name":"E100N1200","e_km":100,"n_km":1200},"geometry":{"type":"Polygon","coordinates":[[[-7.479058,60.570872],[-7.115675,60.585313],[-7.144212,60.764155],[-7.509597,60.749608],[-7.479058,60.570872]]]}},{"type":"Feature","properties":{"name":"E100N1220","e_km":100,"n_km":1220},"geometry":{"type":"Polygon","coordinates":[[[-7.509597,60.749608],[-7.144212,60.764155],[-7.173118,60.942984],[-7.540532,60.928331],[-7.509597,60.749608]]]}},{"type":"Feature","properties":{"name":"E100N1240","e_km":100,"n_km":1240},"geometry":{"type":"Polygon","coordinates":[[[-7.540532,60.928331],[-7.173118,60.942984],[-7.201311,61.12253],[-7.570835,61.107771],[-7.540532,60.928331]]]}},{"type":"Feature","properties":{"name":"E100N1260","e_km":100,"n_km":1260},"geometry":{"type":"Polygon","coordinates":[[[-7.570835,61.107771],[-7.201311,61.12253],[-7.230975,61.301355],[-7.602581,61.286487],[-7.570835,61.107771]]]}},{"type":"Feature","properties":{"name":"E100N1280","e_km":100,"n_km":1280},"geometry":{"type":"Polygon","coordinates":[[[-7.602581,61.286487],[-7.230975,61.301355],[-7.26103,61.480167],[-7.634744,61.465189],[-7.602581,61.286487]]]}},{"type":"Feature","properties":{"name":"E120N0000","e_km":120,"n_km":0},"geometry":{"type":"Polygon","coordinates":[[[-5.895348,49.83474],[-5.617813,49.843747],[-5.631296,50.023265],[-5.90986,50.0142],[-5.895348,49.83474]]]}},{"type":"Feature","properties":{"name":"E120N0020","e_km":120,"n_km":20},"geometry":{"type":"Polygon","coordinates":[[[-5.90986,50.0142],[-5.631296,50.023265],[-5.644916,50.202774],[-5.924518,50.193652],[-5.90986,50.0142]]]}},{"type":"Feature","properties":{"name":"E120N0040","e_km":120,"n_km":40},"geometry":{"type":"Polygon","coordinates":[[[-5.924518,50.193652],[-5.644916,50.202774],[-5.658675,50.382275],[-5.939326,50.373095],[-5.924518,50.193652]]]}},{"type":"Feature","properties":{"name":"E120N0060","e_km":120,"n_km":60},"geometry":{"type":"Polygon","coordinates":[[[-5.939326,50.373095],[-5.658675,50.382275],[-5.672573,50.561768],[-5.954284,50.55253],[-5.939326,50.373095]]]}},{"type":"Feature","properties":{"name":"E120N0080","e_km":120,"n_km":80},"geometry":{"type":"Polygon","coordinates":[[[-5.954284,50.55253],[-5.672573,50.561768],[-5.686614,50.741252],[-5.969395,50.731955],[-5.954284,50.55253]]]}},{"type":"Feature","properties":{"name":"E120N0100","e_km":120,"n_km":100},"geometry":{"type":"Polygon","coordinates":[[[-5.969395,50.731955],[-5.686614,50.741252],[-5.700799,50.920728],[-5.984661,50.911372],[-5.969395,50.731955]]]}},{"type":"Feature","properties":{"name":"E120N0120","e_km":120,"n_km":120},"geometry":{"type":"Polygon","coordinates":[[[-5.984661,50.911372],[-5.700799,50.920728],[-5.71513,51.100196],[-6.000084,51.090779],[-5.984661,50.911372]]]}},{"type":"Feature","properties":{"name":"E120N0140","e_km":120,"n_km":140},"geometry":{"type":"Polygon","coordinates":[[[-6.000084,51.090779],[-5.71513,51.100196],[-5.729609,51.279655],[-6.015666,51.270178],[-6.000084,51.090779]]]}},{"type":"Feature","properties":{"name":"E120N0160","e_km":120,"n_km":160},"geometry":{"type":"Polygon","coordinates":[[[-6.015666,51.270178],[-5.729609,51.279655],[-5.744237,51.459105],[-6.03141,51.449568],[-6.015666,51.270178]]]}},{"type":"Feature","properties":{"name":"E120N0180","e_km":120,"n_km":180},"geometry":{"type":"Polygon","coordinates":[[[-6.03141,51.449568],[-5.744237,51.459105],[-5.759018,51.638547],[-6.047317,51.628949],[-6.03141,51.449568]]]}},{"type":"Feature","properties":{"name":"E120N0200","e_km":120,"n_km":200},"geometry":{"type":"Polygon","coordinates":[[[-6.047317,51.628949],[-5.759018,51.638547],[-5.773953,51.81798],[-6.06339,51.808321],[-6.047317,51.628949]]]}},{"type":"Feature","properties":{"name":"E120N0220","e_km":120,"n_km":220},"geometry":{"type":"Polygon","coordinates":[[[-6.06339,51.808321],[-5.773953,51.81798],[-5.789044,51.997405],[-6.079631,51.987683],[-6.06339,51.808321]]]}},{"type":"Feature","properties":{"name":"E120N0240","e_km":120,"n_km":240},"geometry":{"type":"Polygon","coordinates":[[[-6.079631,51.987683],[-5.789044,51.997405],[-5.804294,52.176821],[-6.096042,52.167037],[-6.079631,51.987683]]]}},{"type":"Feature","properties":{"name":"E120N0260","e_km":120,"n_km":260},"geometry":{"type":"Polygon","coordinates":[[[-6.096042,52.167037],[-5.804294,52.176821],[-5.819704,52.356229],[-6.112626,52.346381],[-6.096042,52.167037]]]}},{"type":"Feature","properties":{"name":"E120N0280","e_km":120,"n_km":280},"geometry":{"type":"Polygon","coordinates":[[[-6.112626,52.346381],[-5.819704,52.356229],[-5.835277,52.535628],[-6.129385,52.525716],[-6.112626,52.346381]]]}},{"type":"Feature","properties":{"name":"E120N0300","e_km":120,"n_km":300},"geometry":{"type":"Polygon","coordinates":[[[-6.129385,52.525716],[-5.835277,52.535628],[-5.851015,52.715018],[-6.146322,52.705042],[-6.129385,52.525716]]]}},{"type":"Feature","properties":{"name":"E120N0320","e_km":120,"n_km":320},"geometry":{"type":"Polygon","coordinates":[[[-6.146322,52.705042],[-5.851015,52.715018],[-5.866921,52.894399],[-6.163439,52.884359],[-6.146322,52.705042]]]}},{"type":"Feature","properties":{"name":"E120N0340","e_km":120,"n_km":340},"geometry":{"type":"Polygon","coordinates":[[[-6.163439,52.884359],[-5.866921,52.894399],[-5.882996,53.073771],[-6.180739,53.063666],[-6.163439,52.884359]]]}},{"type":"Feature","properties":{"name":"E120N0360","e_km":120,"n_km":360},"geometry":{"type":"Polygon","coordinates":[[[-6.180739,53.063666],[-5.882996,53.073771],[-5.899244,53.253135],[-6.198224,53.242964],[-6.180739,53.063666]]]}},{"type":"Feature","properties":{"name":"E120N0380","e_km":120,"n_km":380},"geometry":{"type":"Polygon","coordinates":[[[-6.198224,53.242964],[-5.899244,53.253135],[-5.915667,53.432489],[-6.215897,53.422252],[-6.198224,53.242964]]]}},{"type":"Feature","properties":{"name":"E120N0400","e_km":120,"n_km":400},"geometry":{"type":"Polygon","coordinates":[[[-6.215897,53.422252],[-5.915667,53.432489],[-5.932267,53.611835],[-6.233761,53.601531],[-6.215897,53.422252]]]}},{"type":"Feature","properties":{"name":"E120N0420","e_km":120,"n_km":420},"geometry":{"type":"Polygon","coordinates":[[[-6.233761,53.601531],[-5.932267,53.611835],[-5.949047,53.791171],[-6.251818,53.7808],[-6.233761,53.601531]]]}},{"type":"Feature","properties":{"name":"E120N0440","e_km":120,"n_km":440},"geometry":{"type":"Polygon","coordinates":[[[-6.251818,53.7808],[-5.949047,53.791171],[-5.96601,53.970499],[-6.270072,53.96006],[-6.251818,53.7808]]]}},{"type":"Feature","properties":{"name":"E120N0460","e_km":120,"n_km":460},"geometry":{"type":"Polygon","coordinates":[[[-6.270072,53.96006],[-5.96601,53.970499],[-5.983158,54.149817],[-6.288525,54.13931],[-6.270072,53.96006]]]}},{"type":"Feature","properties":{"name":"E120N0480","e_km":120,"n_km":480},"geometry":{"type":"Polygon","coordinates":[[[-6.288525,54.13931],[-5.983158,54.149817],[-6.000494,54.329127],[-6.307181,54.31855],[-6.288525,54.13931]]]}},{"type":"Feature","properties":{"name":"E120N0500","e_km":120,"n_km":500},"geometry":{"type":"Polygon","coordinates":[[[-6.307181,54.31855],[-6.000494,54.329127],[-6.01802,54.508427],[-6.326041,54.49778],[-6.307181,54.31855]]]}},{"type":"Feature","properties":{"name":"E120N0520","e_km":120,"n_km":520},"geometry":{"type":"Polygon","coordinates":[[[-6.326041,54.49778],[-6.01802,54.508427],[-6.035741,54.687718],[-6.34511,54.677001],[-6.326041,54.49778]]]}},{"type":"Feature","properties":{"name":"E120N0540","e_km":120,"n_km":540},"geometry":{"type":"Polygon","coordinates":[[[-6.34511,54.677001],[-6.035741,54.687718],[-6.053658,54.866999],[-6.36439,54.856211],[-6.34511,54.677001]]]}},{"type":"Feature","properties":{"name":"E120N0560","e_km":120,"n_km":560},"geometry":{"type":"Polygon","coordinates":[[[-6.36439,54.856211],[-6.053658,54.866999],[-6.071774,55.046272],[-6.383885,55.035412],[-6.36439,54.856211]]]}},{"type":"Feature","properties":{"name":"E120N0580","e_km":120,"n_km":580},"geometry":{"type":"Polygon","coordinates":[[[-6.383885,55.035412],[-6.071774,55.046272],[-6.090094,55.225535],[-6.403597,55.214603],[-6.383885,55.035412]]]}},{"type":"Feature","properties":{"name":"E120N0600","e_km":120,"n_km":600},"geometry":{"type":"Polygon","coordinates":[[[-6.403597,55.214603],[-6.090094,55.225535],[-6.108618,55.404788],[-6.423531,55.393784],[-6.403597,55.214603]]]}},{"type":"Feature","properties":{"name":"E120N0620","e_km":120,"n_km":620},"geometry":{"type":"Polygon","coordinates":[[[-6.423531,55.393784],[-6.108618,55.404788],[-6.127352,55.584032],[-6.443689,55.572954],[-6.423531,55.393784]]]}},{"type":"Feature","properties":{"name":"E120N0640","e_km":120,"n_km":640},"geometry":{"type":"Polygon","coordinates":[[[-6.443689,55.572954],[-6.127352,55.584032],[-6.146298,55.763267],[-6.464075,55.752115],[-6.443689,55.572954]]]}},{"type":"Feature","properties":{"name":"E120N0660","e_km":120,"n_km":660},"geometry":{"type":"Polygon","coordinates":[[[-6.464075,55.752115],[-6.146298,55.763267],[-6.165459,55.942492],[-6.484693,55.931265],[-6.464075,55.752115]]]}},{"type":"Feature","properties":{"name":"E120N0680","e_km":120,"n_km":680},"geometry":{"type":"Polygon","coordinates":[[[-6.484693,55.931265],[-6.165459,55.942492],[-6.184838,56.121707],[-6.505546,56.110404],[-6.484693,55.931265]]]}},{"type":"Feature","properties":{"name":"E120N0700","e_km":120,"n_km":700},"geometry":{"type":"Polygon","coordinates":[[[-6.505546,56.110404],[-6.184838,56.121707],[-6.20444,56.300913],[-6.526638,56.289534],[-6.505546,56.110404]]]}},{"type":"Feature","properties":{"name":"E120N0720","e_km":120,"n_km":720},"geometry":{"type":"Polygon","coordinates":[[[-6.526638,56.289534],[-6.20444,56.300913],[-6.224268,56.480109],[-6.547973,56.468653],[-6.526638,56.289534]]]}},{"type":"Feature","properties":{"name":"E120N0740","e_km":120,"n_km":740},"geometry":{"type":"Polygon","coordinates":[[[-6.547973,56.468653],[-6.224268,56.480109],[-6.244325,56.659295],[-6.569554,56.647761],[-6.547973,56.468653]]]}},{"type":"Feature","properties":{"name":"E120N0760","e_km":120,"n_km":760},"geometry":{"type":"Polygon","coordinates":[[[-6.569554,56.647761],[-6.244325,56.659295],[-6.264614,56.838471],[-6.591386,56.826859],[-6.569554,56.647761]]]}},{"type":"Feature","properties":{"name":"E120N0780","e_km":120,"n_km":780},"geometry":{"type":"Polygon","coordinates":[[[-6.591386,56.826859],[-6.264614,56.838471],[-6.285141,57.017637],[-6.613472,57.005946],[-6.591386,56.826859]]]}},{"type":"Feature","properties":{"name":"E120N0800","e_km":120,"n_km":800},"geometry":{"type":"Polygon","coordinates":[[[-6.613472,57.005946],[-6.285141,57.017637],[-6.305907,57.196794],[-6.635816,57.185022],[-6.613472,57.005946]]]}},{"type":"Feature","properties":{"name":"E120N0820","e_km":120,"n_km":820},"geometry":{"type":"Polygon","coordinates":[[[-6.635816,57.185022],[-6.305907,57.196794],[-6.326919,57.37594],[-6.658423,57.364088],[-6.635816,57.185022]]]}},{"type":"Feature","properties":{"name":"E120N0840","e_km":120,"n_km":840},"geometry":{"type":"Polygon","coordinates":[[[-6.658423,57.364088],[-6.326919,57.37594],[-6.348178,57.555076],[-6.681298,57.543142],[-6.658423,57.364088]]]}},{"type":"Feature","properties":{"name":"E120N0860","e_km":120,"n_km":860},"geometry":{"type":"Polygon","coordinates":[[[-6.681298,57.543142],[-6.348178,57.555076],[-6.36969,57.734202],[-6.704443,57.722186],[-6.681298,57.543142]]]}},{"type":"Feature","properties":{"name":"E120N0880","e_km":120,"n_km":880},"geometry":{"type":"Polygon","coordinates":[[[-6.704443,57.722186],[-6.36969,57.734202],[-6.391459,57.913318],[-6.727865,57.901218],[-6.704443,57.722186]]]}},{"type":"Feature","properties":{"name":"E120N0900","e_km":120,"n_km":900},"geometry":{"type":"Polygon","coordinates":[[[-6.727865,57.901218],[-6.391459,57.913318],[-6.413488,58.092423],[-6.751567,58.08024],[-6.727865,57.901218]]]}},{"type":"Feature","properties":{"name":"E120N0920","e_km":120,"n_km":920},"geometry":{"type":"Polygon","coordinates":[[[-6.751567,58.08024],[-6.413488,58.092423],[-6.435783,58.271518],[-6.775554,58.25925],[-6.751567,58.08024]]]}},{"type":"Feature","properties":{"name":"E120N0940","e_km":120,"n_km":940},"geometry":{"type":"Polygon","coordinates":[[[-6.775554,58.25925],[-6.435783,58.271518],[-6.458348,58.450602],[-6.799831,58.438249],[-6.775554,58.25925]]]}},{"type":"Feature","properties":{"name":"E120N0960","e_km":120,"n_km":960},"geometry":{"type":"Polygon","coordinates":[[[-6.799831,58.438249],[-6.458348,58.450602],[-6.481186,58.629676],[-6.824403,58.617236],[-6.799831,58.438249]]]}},{"type":"Feature","properties":{"name":"E120N0980","e_km":120,"n_km":980},"geometry":{"type":"Polygon","coordinates":[[[-6.824403,58.617236],[-6.481186,58.629676],[-6.504304,58.808739],[-6.849275,58.796212],[-6.824403,58.617236]]]}},{"type":"Feature","properties":{"name":"E120N1000","e_km":120,"n_km":1000},"geometry":{"type":"Polygon","coordinates":[[[-6.849275,58.796212],[-6.504304,58.808739],[-6.527705,58.987792],[-6.874452,58.975176],[-6.849275,58.796212]]]}},{"type":"Feature","properties":{"name":"E120N1020","e_km":120,"n_km":1020},"geometry":{"type":"Polygon","coordinates":[[[-6.874452,58.975176],[-6.527705,58.987792],[-6.551395,59.166833],[-6.899939,59.154128],[-6.874452,58.975176]]]}},{"type":"Feature","properties":{"name":"E120N1040","e_km":120,"n_km":1040},"geometry":{"type":"Polygon","coordinates":[[[-6.899939,59.154128],[-6.551395,59.166833],[-6.575379,59.345864],[-6.925742,59.333069],[-6.899939,59.154128]]]}},{"type":"Feature","properties":{"name":"E120N1060","e_km":120,"n_km":1060},"geometry":{"type":"Polygon","coordinates":[[[-6.925742,59.333069],[-6.575379,59.345864],[-6.599661,59.524884],[-6.951866,59.511997],[-6.925742,59.333069]]]}},{"type":"Feature","properties":{"name":"E120N1080","e_km":120,"n_km":1080},"geometry":{"type":"Polygon","coordinates":[[[-6.951866,59.511997],[-6.599661,59.524884],[-6.624247,59.703893],[-6.978316,59.690914],[-6.951866,59.511997]]]}},{"type":"Feature","properties":{"name":"E120N1100","e_km":120,"n_km":1100},"geometry":{"type":"Polygon","coordinates":[[[-6.978316,59.690914],[-6.624247,59.703893],[-6.649143,59.88289],[-7.005099,59.869819],[-6.978316,59.690914]]]}},{"type":"Feature","properties":{"name":"E120N1120","e_km":120,"n_km":1120},"geometry":{"type":"Polygon","coordinates":[[[-7.005099,59.869819],[-6.649143,59.88289],[-6.674353,60.061877],[-7.03222,60.048711],[-7.005099,59.869819]]]}},{"type":"Feature","properties":{"name":"E120N1140","e_km":120,"n_km":1140},"geometry":{"type":"Polygon","coordinates":[[[-7.03222,60.048711],[-6.674353,60.061877],[-6.699884,60.240852],[-7.059686,60.227591],[-7.03222,60.048711]]]}},{"type":"Feature","properties":{"name":"E120N1160","e_km":120,"n_km":1160},"geometry":{"type":"Polygon","coordinates":[[[-7.059686,60.227591],[-6.699884,60.240852],[-6.725741,60.419815],[-7.087502,60.406458],[-7.059686,60.227591]]]}},{"type":"Feature","properties":{"name":"E120N1180","e_km":120,"n_km":1180},"geometry":{"type":"Polygon","coordinates":[[[-7.087502,60.406458],[-6.725741,60.419815],[-6.75193,60.598767],[-7.115675,60.585313],[-7.087502,60.406458]]]}},{"type":"Feature","properties":{"name":"E120N1200","e_km":120,"n_km":1200},"geometry":{"type":"Polygon","coordinates":[[[-7.115675,60.585313],[-6.75193,60.598767],[-6.778457,60.777707],[-7.144212,60.764155],[-7.115675,60.585313]]]}},{"type":"Feature","properties":{"name":"E120N1220","e_km":120,"n_km":1220},"geometry":{"type":"Polygon","coordinates":[[[-7.144212,60.764155],[-6.778457,60.777707],[-6.805328,60.956636],[-7.173118,60.942984],[-7.144212,60.764155]]]}},{"type":"Feature","properties":{"name":"E120N1240","e_km":120,"n_km":1240},"geometry":{"type":"Polygon","coordinates":[[[-7.173118,60.942984],[-6.805328,60.956636],[-6.831403,61.13628],[-7.201311,61.12253],[-7.173118,60.942984]]]}},{"type":"Feature","properties":{"name":"E120N1260","e_km":120,"n_km":1260},"geometry":{"type":"Polygon","coordinates":[[[-7.201311,61.12253],[-6.831403,61.13628],[-6.858979,61.315207],[-7.230975,61.301355],[-7.201311,61.12253]]]}},{"type":"Feature","properties":{"name":"E120N1280","e_km":120,"n_km":1280},"geometry":{"type":"Polygon","coordinates":[[[-7.230975,61.301355],[-6.858979,61.315207],[-6.886918,61.494122],[-7.26103,61.480167],[-7.230975,61.301355]]]}},{"type":"Feature","properties":{"name":"E140N0000","e_km":140,"n_km":0},"geometry":{"type":"Polygon","coordinates":[[[-5.617813,49.843747],[-5.340142,49.852091],[-5.352596,50.031661],[-5.631296,50.023265],[-5.617813,49.843747]]]}},{"type":"Feature","properties":{"name":"E140N0020","e_km":140,"n_km":20},"geometry":{"type":"Polygon","coordinates":[[[-5.631296,50.023265],[-5.352596,50.031661],[-5.365176,50.211224],[-5.644916,50.202774],[-5.631296,50.023265]]]}},{"type":"Feature","properties":{"name":"E140N0040","e_km":140,"n_km":40},"geometry":{"type":"Polygon","coordinates":[[[-5.644916,50.202774],[-5.365176,50.211224],[-5.377884,50.390779],[-5.658675,50.382275],[-5.644916,50.202774]]]}},{"type":"Feature","properties":{"name":"E140N0060","e_km":140,"n_km":60},"geometry":{"type":"Polygon","coordinates":[[[-5.658675,50.382275],[-5.377884,50.390779],[-5.390721,50.570326],[-5.672573,50.561768],[-5.658675,50.382275]]]}},{"type":"Feature","properties":{"name":"E140N0080","e_km":140,"n_km":80},"geometry":{"type":"Polygon","coordinates":[[[-5.672573,50.561768],[-5.390721,50.570326],[-5.403689,50.749864],[-5.686614,50.741252],[-5.672573,50.561768]]]}},{"type":"Feature","properties":{"name":"E140N0100","e_km":140,"n_km":100},"geometry":{"type":"Polygon","coordinates":[[[-5.686614,50.741252],[-5.403689,50.749864],[-5.416791,50.929395],[-5.700799,50.920728],[-5.686614,50.741252]]]}},{"type":"Feature","properties":{"name":"E140N0120","e_km":140,"n_km":120},"geometry":{"type":"Polygon","coordinates":[[[-5.700799,50.920728],[-5.416791,50.929395],[-5.430028,51.108918],[-5.71513,51.100196],[-5.700799,50.920728]]]}},{"type":"Feature","properties":{"name":"E140N0140","e_km":140,"n_km":140},"geometry":{"type":"Polygon","coordinates":[[[-5.71513,51.100196],[-5.430028,51.108918],[-5.443401,51.288433],[-5.729609,51.279655],[-5.71513,51.100196]]]}},{"type":"Feature","properties":{"name":"E140N0160","e_km":140,"n_km":160},"geometry":{"type":"Polygon","coordinates":[[[-5.729609,51.279655],[-5.443401,51.288433],[-5.456913,51.46794],[-5.744237,51.459105],[-5.729609,51.279655]]]}},{"type":"Feature","properties":{"name":"E140N0180","e_km":140,"n_km":180},"geometry":{"type":"Polygon","coordinates":[[[-5.744237,51.459105],[-5.456913,51.46794],[-5.470565,51.647438],[-5.759018,51.638547],[-5.744237,51.459105]]]}},{"type":"Feature","properties":{"name":"E140N0200","e_km":140,"n_km":200},"geometry":{"type":"Polygon","coordinates":[[[-5.759018,51.638547],[-5.470565,51.647438],[-5.48436,51.826929],[-5.773953,51.81798],[-5.759018,51.638547]]]}},{"type":"Feature","properties":{"name":"E140N0220","e_km":140,"n_km":220},"geometry":{"type":"Polygon","coordinates":[[[-5.773953,51.81798],[-5.48436,51.826929],[-5.498299,52.006411],[-5.789044,51.997405],[-5.773953,51.81798]]]}},{"type":"Feature","properties":{"name":"E140N0240","e_km":140,"n_km":240},"geometry":{"type":"Polygon","coordinates":[[[-5.789044,51.997405],[-5.498299,52.006411],[-5.512385,52.185885],[-5.804294,52.176821],[-5.789044,51.997405]]]}},{"type":"Feature","properties":{"name":"E140N0260","e_km":140,"n_km":260},"geometry":{"type":"Polygon","coordinates":[[[-5.804294,52.176821],[-5.512385,52.185885],[-5.526619,52.365351],[-5.819704,52.356229],[-5.804294,52.176821]]]}},{"type":"Feature","properties":{"name":"E140N0280","e_km":140,"n_km":280},"geometry":{"type":"Polygon","coordinates":[[[-5.819704,52.356229],[-5.526619,52.365351],[-5.541003,52.544809],[-5.835277,52.535628],[-5.819704,52.356229]]]}},{"type":"Feature","properties":{"name":"E140N0300","e_km":140,"n_km":300},"geometry":{"type":"Polygon","coordinates":[[[-5.835277,52.535628],[-5.541003,52.544809],[-5.55554,52.724258],[-5.851015,52.715018],[-5.835277,52.535628]]]}},{"type":"Feature","properties":{"name":"E140N0320","e_km":140,"n_km":320},"geometry":{"type":"Polygon","coordinates":[[[-5.851015,52.715018],[-5.55554,52.724258],[-5.570232,52.903699],[-5.866921,52.894399],[-5.851015,52.715018]]]}},{"type":"Feature","properties":{"name":"E140N0340","e_km":140,"n_km":340},"geometry":{"type":"Polygon","coordinates":[[[-5.866921,52.894399],[-5.570232,52.903699],[-5.585081,53.083132],[-5.882996,53.073771],[-5.866921,52.894399]]]}},{"type":"Feature","properties":{"name":"E140N0360","e_km":140,"n_km":360},"geometry":{"type":"Polygon","coordinates":[[[-5.882996,53.073771],[-5.585081,53.083132],[-5.60009,53.262556],[-5.899244,53.253135],[-5.882996,53.073771]]]}},{"type":"Feature","properties":{"name":"E140N0380","e_km":140,"n_km":380},"geometry":{"type":"Polygon","coordinates":[[[-5.899244,53.253135],[-5.60009,53.262556],[-5.61526,53.441972],[-5.915667,53.432489],[-5.899244,53.253135]]]}},{"type":"Feature","properties":{"name":"E140N0400","e_km":140,"n_km":400},"geometry":{"type":"Polygon","coordinates":[[[-5.915667,53.432489],[-5.61526,53.441972],[-5.630593,53.62138],[-5.932267,53.611835],[-5.915667,53.432489]]]}},{"type":"Feature","properties":{"name":"E140N0420","e_km":140,"n_km":420},"geometry":{"type":"Polygon","coordinates":[[[-5.932267,53.611835],[-5.630593,53.62138],[-5.646093,53.800779],[-5.949047,53.791171],[-5.932267,53.611835]]]}},{"type":"Feature","properties":{"name":"E140N0440","e_km":140,"n_km":440},"geometry":{"type":"Polygon","coordinates":[[[-5.949047,53.791171],[-5.646093,53.800779],[-5.661762,53.980169],[-5.96601,53.970499],[-5.949047,53.791171]]]}},{"type":"Feature","properties":{"name":"E140N0460","e_km":140,"n_km":460},"geometry":{"type":"Polygon","coordinates":[[[-5.96601,53.970499],[-5.661762,53.980169],[-5.677602,54.159551],[-5.983158,54.149817],[-5.96601,53.970499]]]}},{"type":"Feature","properties":{"name":"E140N0480","e_km":140,"n_km":480},"geometry":{"type":"Polygon","coordinates":[[[-5.983158,54.149817],[-5.677602,54.159551],[-5.693616,54.338925],[-6.000494,54.329127],[-5.983158,54.149817]]]}},{"type":"Feature","properties":{"name":"E140N0500","e_km":140,"n_km":500},"geometry":{"type":"Polygon","coordinates":[[[-6.000494,54.329127],[-5.693616,54.338925],[-5.709806,54.51829],[-6.01802,54.508427],[-6.000494,54.329127]]]}},{"type":"Feature","properties":{"name":"E140N0520","e_km":140,"n_km":520},"geometry":{"type":"Polygon","coordinates":[[[-6.01802,54.508427],[-5.709806,54.51829],[-5.726175,54.697646],[-6.035741,54.687718],[-6.01802,54.508427]]]}},{"type":"Feature","properties":{"name":"E140N0540","e_km":140,"n_km":540},"geometry":{"type":"Polygon","coordinates":[[[-6.035741,54.687718],[-5.726175,54.697646],[-5.742726,54.876993],[-6.053658,54.866999],[-6.035741,54.687718]]]}},{"type":"Feature","properties":{"name":"E140N0560","e_km":140,"n_km":560},"geometry":{"type":"Polygon","coordinates":[[[-6.053658,54.866999],[-5.742726,54.876993],[-5.759462,55.056332],[-6.071774,55.046272],[-6.053658,54.866999]]]}},{"type":"Feature","properties":{"name":"E140N0580","e_km":140,"n_km":580},"geometry":{"type":"Polygon","coordinates":[[[-6.071774,55.046272],[-5.759462,55.056332],[-5.776384,55.235662],[-6.090094,55.225535],[-6.071774,55.046272]]]}},{"type":"Feature","properties":{"name":"E140N0600","e_km":140,"n_km":600},"geometry":{"type":"Polygon","coordinates":[[[-6.090094,55.225535],[-5.776384,55.235662],[-5.793497,55.414983],[-6.108618,55.404788],[-6.090094,55.225535]]]}},{"type":"Feature","properties":{"name":"E140N0620","e_km":140,"n_km":620},"geometry":{"type":"Polygon","coordinates":[[[-6.108618,55.404788],[-5.793497,55.414983],[-5.810803,55.594295],[-6.127352,55.584032],[-6.108618,55.404788]]]}},{"type":"Feature","properties":{"name":"E140N0640","e_km":140,"n_km":640},"geometry":{"type":"Polygon","coordinates":[[[-6.127352,55.584032],[-5.810803,55.594295],[-5.828304,55.773599],[-6.146298,55.763267],[-6.127352,55.584032]]]}},{"type":"Feature","properties":{"name":"E140N0660","e_km":140,"n_km":660},"geometry":{"type":"Polygon","coordinates":[[[-6.146298,55.763267],[-5.828304,55.773599],[-5.846005,55.952893],[-6.165459,55.942492],[-6.146298,55.763267]]]}},{"type":"Feature","properties":{"name":"E140N0680","e_km":140,"n_km":680},"geometry":{"type":"Polygon","coordinates":[[[-6.165459,55.942492],[-5.846005,55.952893],[-5.863908,56.132178],[-6.184838,56.121707],[-6.165459,55.942492]]]}},{"type":"Feature","properties":{"name":"E140N0700","e_km":140,"n_km":700},"geometry":{"type":"Polygon","coordinates":[[[-6.184838,56.121707],[-5.863908,56.132178],[-5.882016,56.311455],[-6.20444,56.300913],[-6.184838,56.121707]]]}},{"type":"Feature","properties":{"name":"E140N0720","e_km":140,"n_km":720},"geometry":{"type":"Polygon","coordinates":[[[-6.20444,56.300913],[-5.882016,56.311455],[-5.900333,56.490722],[-6.224268,56.480109],[-6.20444,56.300913]]]}},{"type":"Feature","properties":{"name":"E140N0740","e_km":140,"n_km":740},"geometry":{"type":"Polygon","coordinates":[[[-6.224268,56.480109],[-5.900333,56.490722],[-5.918862,56.66998],[-6.244325,56.659295],[-6.224268,56.480109]]]}},{"type":"Feature","properties":{"name":"E140N0760","e_km":140,"n_km":760},"geometry":{"type":"Polygon","coordinates":[[[-6.244325,56.659295],[-5.918862,56.66998],[-5.937606,56.849229],[-6.264614,56.838471],[-6.244325,56.659295]]]}},{"type":"Feature","properties":{"name":"E140N0780","e_km":140,"n_km":780},"geometry":{"type":"Polygon","coordinates":[[[-6.264614,56.838471],[-5.937606,56.849229],[-5.956569,57.028469],[-6.285141,57.017637],[-6.264614,56.838471]]]}},{"type":"Feature","properties":{"name":"E140N0800","e_km":140,"n_km":800},"geometry":{"type":"Polygon","coordinates":[[[-6.285141,57.017637],[-5.956569,57.028469],[-5.975754,57.207699],[-6.305907,57.196794],[-6.285141,57.017637]]]}},{"type":"Feature","properties":{"name":"E140N0820","e_km":140,"n_km":820},"geometry":{"type":"Polygon","coordinates":[[[-6.305907,57.196794],[-5.975754,57.207699],[-5.995166,57.38692],[-6.326919,57.37594],[-6.305907,57.196794]]]}},{"type":"Feature","properties":{"name":"E140N0840","e_km":140,"n_km":840},"geometry":{"type":"Polygon","coordinates":[[[-6.326919,57.37594],[-5.995166,57.38692],[-6.014806,57.566132],[-6.348178,57.555076],[-6.326919,57.37594]]]}},{"type":"Feature","properties":{"name":"E140N0860","e_km":140,"n_km":860},"geometry":{"type":"Polygon","coordinates":[[[-6.348178,57.555076],[-6.014806,57.566132],[-6.03468,57.745334],[-6.36969,57.734202],[-6.348178,57.555076]]]}},{"type":"Feature","properties":{"name":"E140N0880","e_km":140,"n_km":880},"geometry":{"type":"Polygon","coordinates":[[[-6.36969,57.734202],[-6.03468,57.745334],[-6.054792,57.924527],[-6.391459,57.913318],[-6.36969,57.734202]]]}},{"type":"Feature","properties":{"name":"E140N0900","e_km":140,"n_km":900},"geometry":{"type":"Polygon","coordinates":[[[-6.391459,57.913318],[-6.054792,57.924527],[-6.075144,58.10371],[-6.413488,58.092423],[-6.391459,57.913318]]]}},{"type":"Feature","properties":{"name":"E140N0920","e_km":140,"n_km":920},"geometry":{"type":"Polygon","coordinates":[[[-6.413488,58.092423],[-6.075144,58.10371],[-6.095742,58.282884],[-6.435783,58.271518],[-6.413488,58.092423]]]}},{"type":"Feature","properties":{"name":"E140N0940","e_km":140,"n_km":940},"geometry":{"type":"Polygon","coordinates":[[[-6.435783,58.271518],[-6.095742,58.282884],[-6.116589,58.462048],[-6.458348,58.450602],[-6.435783,58.271518]]]}},{"type":"Feature","properties":{"name":"E140N0960","e_km":140,"n_km":960},"geometry":{"type":"Polygon","coordinates":[[[-6.458348,58.450602],[-6.116589,58.462048],[-6.13769,58.641202],[-6.481186,58.629676],[-6.458348,58.450602]]]}},{"type":"Feature","properties":{"name":"E140N0980","e_km":140,"n_km":980},"geometry":{"type":"Polygon","coordinates":[[[-6.481186,58.629676],[-6.13769,58.641202],[-6.159049,58.820346],[-6.504304,58.808739],[-6.481186,58.629676]]]}},{"type":"Feature","properties":{"name":"E140N1000","e_km":140,"n_km":1000},"geometry":{"type":"Polygon","coordinates":[[[-6.504304,58.808739],[-6.159049,58.820346],[-6.18067,58.99948],[-6.527705,58.987792],[-6.504304,58.808739]]]}},{"type":"Feature","properties":{"name":"E140N1020","e_km":140,"n_km":1020},"geometry":{"type":"Polygon","coordinates":[[[-6.527705,58.987792],[-6.18067,58.99948],[-6.202558,59.178605],[-6.551395,59.166833],[-6.527705,58.987792]]]}},{"type":"Feature","properties":{"name":"E140N1040","e_km":140,"n_km":1040},"geometry":{"type":"Polygon","coordinates":[[[-6.551395,59.166833],[-6.202558,59.178605],[-6.224717,59.357719],[-6.575379,59.345864],[-6.551395,59.166833]]]}},{"type":"Feature","properties":{"name":"E140N1060","e_km":140,"n_km":1060},"geometry":{"type":"Polygon","coordinates":[[[-6.575379,59.345864],[-6.224717,59.357719],[-6.247153,59.536823],[-6.599661,59.524884],[-6.575379,59.345864]]]}},{"type":"Feature","properties":{"name":"E140N1080","e_km":140,"n_km":1080},"geometry":{"type":"Polygon","coordinates":[[[-6.599661,59.524884],[-6.247153,59.536823],[-6.269869,59.715917],[-6.624247,59.703893],[-6.599661,59.524884]]]}},{"type":"Feature","properties":{"name":"E140N1100","e_km":140,"n_km":1100},"geometry":{"type":"Polygon","coordinates":[[[-6.624247,59.703893],[-6.269869,59.715917],[-6.292872,59.895001],[-6.649143,59.88289],[-6.624247,59.703893]]]}},{"type":"Feature","properties":{"name":"E140N1120","e_km":140,"n_km":1120},"geometry":{"type":"Polygon","coordinates":[[[-6.649143,59.88289],[-6.292872,59.895001],[-6.316166,60.074075],[-6.674353,60.061877],[-6.649143,59.88289]]]}},{"type":"Feature","properties":{"name":"E140N1140","e_km":140,"n_km":1140},"geometry":{"type":"Polygon","coordinates":[[[-6.674353,60.061877],[-6.316166,60.074075],[-6.339756,60.253138],[-6.699884,60.240852],[-6.674353,60.061877]]]}},{"type":"Feature","properties":{"name":"E140N1160","e_km":140,"n_km":1160},"geometry":{"type":"Polygon","coordinates":[[[-6.699884,60.240852],[-6.339756,60.253138],[-6.363647,60.432191],[-6.725741,60.419815],[-6.699884,60.240852]]]}},{"type":"Feature","properties":{"name":"E140N1180","e_km":140,"n_km":1180},"geometry":{"type":"Polygon","coordinates":[[[-6.725741,60.419815],[-6.363647,60.432191],[-6.387846,60.611233],[-6.75193,60.598767],[-6.725741,60.419815]]]}},{"type":"Feature","properties":{"name":"E140N1200","e_km":140,"n_km":1200},"geometry":{"type":"Polygon","coordinates":[[[-6.75193,60.598767],[-6.387846,60.611233],[-6.412358,60.790264],[-6.778457,60.777707],[-6.75193,60.598767]]]}},{"type":"Feature","properties":{"name":"E140N1220","e_km":140,"n_km":1220},"geometry":{"type":"Polygon","coordinates":[[[-6.778457,60.777707],[-6.412358,60.790264],[-6.437188,60.969285],[-6.805328,60.956636],[-6.778457,60.777707]]]}},{"type":"Feature","properties":{"name":"E140N1240","e_km":140,"n_km":1240},"geometry":{"type":"Polygon","coordinates":[[[-6.805328,60.956636],[-6.437188,60.969285],[-6.461138,61.14902],[-6.831403,61.13628],[-6.805328,60.956636]]]}},{"type":"Feature","properties":{"name":"E140N1260","e_km":140,"n_km":1260},"geometry":{"type":"Polygon","coordinates":[[[-6.831403,61.13628],[-6.461138,61.14902],[-6.486618,61.328041],[-6.858979,61.315207],[-6.831403,61.13628]]]}},{"type":"Feature","properties":{"name":"E140N1280","e_km":140,"n_km":1280},"geometry":{"type":"Polygon","coordinates":[[[-6.858979,61.315207],[-6.486618,61.328041],[-6.512435,61.507051],[-6.886918,61.494122],[-6.858979,61.315207]]]}},{"type":"Feature","properties":{"name":"E160N0000","e_km":160,"n_km":0},"geometry":{"type":"Polygon","coordinates":[[[-5.340142,49.852091],[-5.062348,49.85977],[-5.07377,50.039389],[-5.352596,50.031661],[-5.340142,49.852091]]]}},{"type":"Feature","properties":{"name":"E160N0020","e_km":160,"n_km":20},"geometry":{"type":"Polygon","coordinates":[[[-5.352596,50.031661],[-5.07377,50.039389],[-5.085308,50.219001],[-5.365176,50.211224],[-5.352596,50.031661]]]}},{"type":"Feature","properties":{"name":"E160N0040","e_km":160,"n_km":40},"geometry":{"type":"Polygon","coordinates":[[[-5.365176,50.211224],[-5.085308,50.219001],[-5.096963,50.398605],[-5.377884,50.390779],[-5.365176,50.211224]]]}},{"type":"Feature","properties":{"name":"E160N0060","e_km":160,"n_km":60},"geometry":{"type":"Polygon","coordinates":[[[-5.377884,50.390779],[-5.096963,50.398605],[-5.108737,50.578202],[-5.390721,50.570326],[-5.377884,50.390779]]]}},{"type":"Feature","properties":{"name":"E160N0080","e_km":160,"n_km":80},"geometry":{"type":"Polygon","coordinates":[[[-5.390721,50.570326],[-5.108737,50.578202],[-5.120632,50.757791],[-5.403689,50.749864],[-5.390721,50.570326]]]}},{"type":"Feature","properties":{"name":"E160N0100","e_km":160,"n_km":100},"geometry":{"type":"Polygon","coordinates":[[[-5.403689,50.749864],[-5.120632,50.757791],[-5.132648,50.937372],[-5.416791,50.929395],[-5.403689,50.749864]]]}},{"type":"Feature","properties":{"name":"E160N0120","e_km":160,"n_km":120},"geometry":{"type":"Polygon","coordinates":[[[-5.416791,50.929395],[-5.132648,50.937372],[-5.144789,51.116946],[-5.430028,51.108918],[-5.416791,50.929395]]]}},{"type":"Feature","properties":{"name":"E160N0140","e_km":160,"n_km":140},"geometry":{"type":"Polygon","coordinates":[[[-5.430028,51.108918],[-5.144789,51.116946],[-5.157055,51.296512],[-5.443401,51.288433],[-5.430028,51.108918]]]}},{"type":"Feature","properties":{"name":"E160N0160","e_km":160,"n_km":160},"geometry":{"type":"Polygon","coordinates":[[[-5.443401,51.288433],[-5.157055,51.296512],[-5.169448,51.476071],[-5.456913,51.46794],[-5.443401,51.288433]]]}},{"type":"Feature","properties":{"name":"E160N0180","e_km":160,"n_km":180},"geometry":{"type":"Polygon","coordinates":[[[-5.456913,51.46794],[-5.169448,51.476071],[-5.18197,51.655622],[-5.470565,51.647438],[-5.456913,51.46794]]]}},{"type":"Feature","properties":{"name":"E160N0200","e_km":160,"n_km":200},"geometry":{"type":"Polygon","coordinates":[[[-5.470565,51.647438],[-5.18197,51.655622],[-5.194623,51.835165],[-5.48436,51.826929],[-5.470565,51.647438]]]}},{"type":"Feature","properties":{"name":"E160N0220","e_km":160,"n_km":220},"geometry":{"type":"Polygon","coordinates":[[[-5.48436,51.826929],[-5.194623,51.835165],[-5.207408,52.0147],[-5.498299,52.006411],[-5.48436,51.826929]]]}},{"type":"Feature","properties":{"name":"E160N0240","e_km":160,"n_km":240},"geometry":{"type":"Polygon","coordinates":[[[-5.498299,52.006411],[-5.207408,52.0147],[-5.220328,52.194227],[-5.512385,52.185885],[-5.498299,52.006411]]]}},{"type":"Feature","properties":{"name":"E160N0260","e_km":160,"n_km":260},"geometry":{"type":"Polygon","coordinates":[[[-5.512385,52.185885],[-5.220328,52.194227],[-5.233383,52.373747],[-5.526619,52.365351],[-5.512385,52.185885]]]}},{"type":"Feature","properties":{"name":"E160N0280","e_km":160,"n_km":280},"geometry":{"type":"Polygon","coordinates":[[[-5.526619,52.365351],[-5.233383,52.373747],[-5.246577,52.553259],[-5.541003,52.544809],[-5.526619,52.365351]]]}},{"type":"Feature","properties":{"name":"E160N0300","e_km":160,"n_km":300},"geometry":{"type":"Polygon","coordinates":[[[-5.541003,52.544809],[-5.246577,52.553259],[-5.259911,52.732763],[-5.55554,52.724258],[-5.541003,52.544809]]]}},{"type":"Feature","properties":{"name":"E160N0320","e_km":160,"n_km":320},"geometry":{"type":"Polygon","coordinates":[[[-5.55554,52.724258],[-5.259911,52.732763],[-5.273387,52.912259],[-5.570232,52.903699],[-5.55554,52.724258]]]}},{"type":"Feature","properties":{"name":"E160N0340","e_km":160,"n_km":340},"geometry":{"type":"Polygon","coordinates":[[[-5.570232,52.903699],[-5.273387,52.912259],[-5.287007,53.091748],[-5.585081,53.083132],[-5.570232,52.903699]]]}},{"type":"Feature","properties":{"name":"E160N0360","e_km":160,"n_km":360},"geometry":{"type":"Polygon","coordinates":[[[-5.585081,53.083132],[-5.287007,53.091748],[-5.300774,53.271228],[-5.60009,53.262556],[-5.585081,53.083132]]]}},{"type":"Feature","properties":{"name":"E160N0380","e_km":160,"n_km":380},"geometry":{"type":"Polygon","coordinates":[[[-5.60009,53.262556],[-5.300774,53.271228],[-5.314688,53.450701],[-5.61526,53.441972],[-5.60009,53.262556]]]}},{"type":"Feature","properties":{"name":"E160N0400","e_km":160,"n_km":400},"geometry":{"type":"Polygon","coordinates":[[[-5.61526,53.441972],[-5.314688,53.450701],[-5.328753,53.630165],[-5.630593,53.62138],[-5.61526,53.441972]]]}},{"type":"Feature","properties":{"name":"E160N0420","e_km":160,"n_km":420},"geometry":{"type":"Polygon","coordinates":[[[-5.630593,53.62138],[-5.328753,53.630165],[-5.342971,53.809622],[-5.646093,53.800779],[-5.630593,53.62138]]]}},{"type":"Feature","properties":{"name":"E160N0440","e_km":160,"n_km":440},"geometry":{"type":"Polygon","coordinates":[[[-5.646093,53.800779],[-5.342971,53.809622],[-5.357343,53.98907],[-5.661762,53.980169],[-5.646093,53.800779]]]}},{"type":"Feature","properties":{"name":"E160N0460","e_km":160,"n_km":460},"geometry":{"type":"Polygon","coordinates":[[[-5.661762,53.980169],[-5.357343,53.98907],[-5.371873,54.168511],[-5.677602,54.159551],[-5.661762,53.980169]]]}},{"type":"Feature","properties":{"name":"E160N0480","e_km":160,"n_km":480},"geometry":{"type":"Polygon","coordinates":[[[-5.677602,54.159551],[-5.371873,54.168511],[-5.386562,54.347943],[-5.693616,54.338925],[-5.677602,54.159551]]]}},{"type":"Feature","properties":{"name":"E160N0500","e_km":160,"n_km":500},"geometry":{"type":"Polygon","coordinates":[[[-5.693616,54.338925],[-5.386562,54.347943],[-5.401413,54.527368],[-5.709806,54.51829],[-5.693616,54.338925]]]}},{"type":"Feature","properties":{"name":"E160N0520","e_km":160,"n_km":520},"geometry":{"type":"Polygon","coordinates":[[[-5.709806,54.51829],[-5.401413,54.527368],[-5.416428,54.706784],[-5.726175,54.697646],[-5.709806,54.51829]]]}},{"type":"Feature","properties":{"name":"E160N0540","e_km":160,"n_km":540},"geometry":{"type":"Polygon","coordinates":[[[-5.726175,54.697646],[-5.416428,54.706784],[-5.43161,54.886192],[-5.742726,54.876993],[-5.726175,54.697646]]]}},{"type":"Feature","properties":{"name":"E160N0560","e_km":160,"n_km":560},"geometry":{"type":"Polygon","coordinates":[[[-5.742726,54.876993],[-5.43161,54.886192],[-5.446962,55.065592],[-5.759462,55.056332],[-5.742726,54.876993]]]}},{"type":"Feature","properties":{"name":"E160N0580","e_km":160,"n_km":580},"geometry":{"type":"Polygon","coordinates":[[[-5.759462,55.056332],[-5.446962,55.065592],[-5.462485,55.244983],[-5.776384,55.235662],[-5.759462,55.056332]]]}},{"type":"Feature","properties":{"name":"E160N0600","e_km":160,"n_km":600},"geometry":{"type":"Polygon","coordinates":[[[-5.776384,55.235662],[-5.462485,55.244983],[-5.478182,55.424367],[-5.793497,55.414983],[-5.776384,55.235662]]]}},{"type":"Feature","properties":{"name":"E160N0620","e_km":160,"n_km":620},"geometry":{"type":"Polygon","coordinates":[[[-5.793497,55.414983],[-5.478182,55.424367],[-5.494057,55.603742],[-5.810803,55.594295],[-5.793497,55.414983]]]}},{"type":"Feature","properties":{"name":"E160N0640","e_km":160,"n_km":640},"geometry":{"type":"Polygon","coordinates":[[[-5.810803,55.594295],[-5.494057,55.603742],[-5.510112,55.783108],[-5.828304,55.773599],[-5.810803,55.594295]]]}},{"type":"Feature","properties":{"name":"E160N0660","e_km":160,"n_km":660},"geometry":{"type":"Polygon","coordinates":[[[-5.828304,55.773599],[-5.510112,55.783108],[-5.526349,55.962467],[-5.846005,55.952893],[-5.828304,55.773599]]]}},{"type":"Feature","properties":{"name":"E160N0680","e_km":160,"n_km":680},"geometry":{"type":"Polygon","coordinates":[[[-5.846005,55.952893],[-5.526349,55.962467],[-5.542772,56.141817],[-5.863908,56.132178],[-5.846005,55.952893]]]}},{"type":"Feature","properties":{"name":"E160N0700","e_km":160,"n_km":700},"geometry":{"type":"Polygon","coordinates":[[[-5.863908,56.132178],[-5.542772,56.141817],[-5.559384,56.321158],[-5.882016,56.311455],[-5.863908,56.132178]]]}},{"type":"Feature","properties":{"name":"E160N0720","e_km":160,"n_km":720},"geometry":{"type":"Polygon","coordinates":[[[-5.882016,56.311455],[-5.559384,56.321158],[-5.576187,56.500491],[-5.900333,56.490722],[-5.882016,56.311455]]]}},{"type":"Feature","properties":{"name":"E160N0740","e_km":160,"n_km":740},"geometry":{"type":"Polygon","coordinates":[[[-5.900333,56.490722],[-5.576187,56.500491],[-5.593184,56.679816],[-5.918862,56.66998],[-5.900333,56.490722]]]}},{"type":"Feature","properties":{"name":"E160N0760","e_km":160,"n_km":760},"geometry":{"type":"Polygon","coordinates":[[[-5.918862,56.66998],[-5.593184,56.679816],[-5.610379,56.859132],[-5.937606,56.849229],[-5.918862,56.66998]]]}},{"type":"Feature","properties":{"name":"E160N0780","e_km":160,"n_km":780},"geometry":{"type":"Polygon","coordinates":[[[-5.937606,56.849229],[-5.610379,56.859132],[-5.627775,57.038439],[-5.956569,57.028469],[-5.937606,56.849229]]]}},{"type":"Feature","properties":{"name":"E160N0800","e_km":160,"n_km":800},"geometry":{"type":"Polygon","coordinates":[[[-5.956569,57.028469],[-5.627775,57.038439],[-5.645375,57.217738],[-5.975754,57.207699],[-5.956569,57.028469]]]}},{"type":"Feature","properties":{"name":"E160N0820","e_km":160,"n_km":820},"geometry":{"type":"Polygon","coordinates":[[[-5.975754,57.207699],[-5.645375,57.217738],[-5.663183,57.397028],[-5.995166,57.38692],[-5.975754,57.207699]]]}},{"type":"Feature","properties":{"name":"E160N0840","e_km":160,"n_km":840},"geometry":{"type":"Polygon","coordinates":[[[-5.995166,57.38692],[-5.663183,57.397028],[-5.681201,57.576309],[-6.014806,57.566132],[-5.995166,57.38692]]]}},{"type":"Feature","properties":{"name":"E160N0860","e_km":160,"n_km":860},"geometry":{"type":"Polygon","coordinates":[[[-6.014806,57.566132],[-5.681201,57.576309],[-5.699433,57.755581],[-6.03468,57.745334],[-6.014806,57.566132]]]}},{"type":"Feature","properties":{"name":"E160N0880","e_km":160,"n_km":880},"geometry":{"type":"Polygon","coordinates":[[[-6.03468,57.745334],[-5.699433,57.755581],[-5.717884,57.934845],[-6.054792,57.924527],[-6.03468,57.745334]]]}},{"type":"Feature","properties":{"name":"E160N0900","e_km":160,"n_km":900},"geometry":{"type":"Polygon","coordinates":[[[-6.054792,57.924527],[-5.717884,57.934845],[-5.736555,58.1141],[-6.075144,58.10371],[-6.054792,57.924527]]]}},{"type":"Feature","properties":{"name":"E160N0920","e_km":160,"n_km":920},"geometry":{"type":"Polygon","coordinates":[[[-6.075144,58.10371],[-5.736555,58.1141],[-5.755452,58.293346],[-6.095742,58.282884],[-6.075144,58.10371]]]}},{"type":"Feature","properties":{"name":"E160N0940","e_km":160,"n_km":940},"geometry":{"type":"Polygon","coordinates":[[[-6.095742,58.282884],[-5.755452,58.293346],[-5.774578,58.472583],[-6.116589,58.462048],[-6.095742,58.282884]]]}},{"type":"Feature","properties":{"name":"E160N0960","e_km":160,"n_km":960},"geometry":{"type":"Polygon","coordinates":[[[-6.116589,58.462048],[-5.774578,58.472583],[-5.793936,58.651811],[-6.13769,58.641202],[-6.116589,58.462048]]]}},{"type":"Feature","properties":{"name":"E160N0980","e_km":160,"n_km":980},"geometry":{"type":"Polygon","coordinates":[[[-6.13769,58.641202],[-5.793936,58.651811],[-5.813532,58.83103],[-6.159049,58.820346],[-6.13769,58.641202]]]}},{"type":"Feature","properties":{"name":"E160N1000","e_km":160,"n_km":1000},"geometry":{"type":"Polygon","coordinates":[[[-6.159049,58.820346],[-5.813532,58.83103],[-5.833368,59.01024],[-6.18067,58.99948],[-6.159049,58.820346]]]}},{"type":"Feature","properties":{"name":"E160N1020","e_km":160,"n_km":1020},"geometry":{"type":"Polygon","coordinates":[[[-6.18067,58.99948],[-5.833368,59.01024],[-5.853449,59.18944],[-6.202558,59.178605],[-6.18067,58.99948]]]}},{"type":"Feature","properties":{"name":"E160N1040","e_km":160,"n_km":1040},"geometry":{"type":"Polygon","coordinates":[[[-6.202558,59.178605],[-5.853449,59.18944],[-5.873779,59.368632],[-6.224717,59.357719],[-6.202558,59.178605]]]}},{"type":"Feature","properties":{"name":"E160N1060","e_km":160,"n_km":1060},"geometry":{"type":"Polygon","coordinates":[[[-6.224717,59.357719],[-5.873779,59.368632],[-5.894363,59.547814],[-6.247153,59.536823],[-6.224717,59.357719]]]}},{"type":"Feature","properties":{"name":"E160N1080","e_km":160,"n_km":1080},"geometry":{"type":"Polygon","coordinates":[[[-6.247153,59.536823],[-5.894363,59.547814],[-5.915205,59.726987],[-6.269869,59.715917],[-6.247153,59.536823]]]}},{"type":"Feature","properties":{"name":"E160N1100","e_km":160,"n_km":1100},"geometry":{"type":"Polygon","coordinates":[[[-6.269869,59.715917],[-5.915205,59.726987],[-5.93631,59.90615],[-6.292872,59.895001],[-6.269869,59.715917]]]}},{"type":"Feature","properties":{"name":"E160N1120","e_km":160,"n_km":1120},"geometry":{"type":"Polygon","coordinates":[[[-6.292872,59.895001],[-5.93631,59.90615],[-5.957682,60.085304],[-6.316166,60.074075],[-6.292872,59.895001]]]}},{"type":"Feature","properties":{"name":"E160N1140","e_km":160,"n_km":1140},"geometry":{"type":"Polygon","coordinates":[[[-6.316166,60.074075],[-5.957682,60.085304],[-5.979326,60.264448],[-6.339756,60.253138],[-6.316166,60.074075]]]}},{"type":"Feature","properties":{"name":"E160N1160","e_km":160,"n_km":1160},"geometry":{"type":"Polygon","coordinates":[[[-6.339756,60.253138],[-5.979326,60.264448],[-6.001247,60.443583],[-6.363647,60.432191],[-6.339756,60.253138]]]}},{"type":"Feature","properties":{"name":"E160N1180","e_km":160,"n_km":1180},"geometry":{"type":"Polygon","coordinates":[[[-6.363647,60.432191],[-6.001247,60.443583],[-6.02345,60.622708],[-6.387846,60.611233],[-6.363647,60.432191]]]}},{"type":"Feature","properties":{"name":"E160N1200","e_km":160,"n_km":1200},"geometry":{"type":"Polygon","coordinates":[[[-6.387846,60.611233],[-6.02345,60.622708],[-6.04594,60.801823],[-6.412358,60.790264],[-6.387846,60.611233]]]}},{"type":"Feature","properties":{"name":"E160N1220","e_km":160,"n_km":1220},"geometry":{"type":"Polygon","coordinates":[[[-6.412358,60.790264],[-6.04594,60.801823],[-6.068723,60.980929],[-6.437188,60.969285],[-6.412358,60.790264]]]}},{"type":"Feature","properties":{"name":"E160N1240","e_km":160,"n_km":1240},"geometry":{"type":"Polygon","coordinates":[[[-6.437188,60.969285],[-6.068723,60.980929],[-6.090543,61.160747],[-6.461138,61.14902],[-6.437188,60.969285]]]}},{"type":"Feature","properties":{"name":"E160N1260","e_km":160,"n_km":1260},"geometry":{"type":"Polygon","coordinates":[[[-6.461138,61.14902],[-6.090543,61.160747],[-6.113922,61.339855],[-6.486618,61.328041],[-6.461138,61.14902]]]}},{"type":"Feature","properties":{"name":"E160N1280","e_km":160,"n_km":1280},"geometry":{"type":"Polygon","coordinates":[[[-6.486618,61.328041],[-6.113922,61.339855],[-6.137609,61.518953],[-6.512435,61.507051],[-6.486618,61.328041]]]}},{"type":"Feature","properties":{"name":"E180N0000","e_km":180,"n_km":0},"geometry":{"type":"Polygon","coordinates":[[[-5.062348,49.85977],[-4.784439,49.866784],[-4.794828,50.046448],[-5.07377,50.039389],[-5.062348,49.85977]]]}},{"type":"Feature","properties":{"name":"E180N0020","e_km":180,"n_km":20},"geometry":{"type":"Polygon","coordinates":[[[-5.07377,50.039389],[-4.794828,50.046448],[-4.805322,50.226105],[-5.085308,50.219001],[-5.07377,50.039389]]]}},{"type":"Feature","properties":{"name":"E180N0040","e_km":180,"n_km":40},"geometry":{"type":"Polygon","coordinates":[[[-5.085308,50.219001],[-4.805322,50.226105],[-4.815923,50.405754],[-5.096963,50.398605],[-5.085308,50.219001]]]}},{"type":"Feature","properties":{"name":"E180N0060","e_km":180,"n_km":60},"geometry":{"type":"Polygon","coordinates":[[[-5.096963,50.398605],[-4.815923,50.405754],[-4.826633,50.585396],[-5.108737,50.578202],[-5.096963,50.398605]]]}},{"type":"Feature","properties":{"name":"E180N0080","e_km":180,"n_km":80},"geometry":{"type":"Polygon","coordinates":[[[-5.108737,50.578202],[-4.826633,50.585396],[-4.837452,50.765031],[-5.120632,50.757791],[-5.108737,50.578202]]]}},{"type":"Feature","properties":{"name":"E180N0100","e_km":180,"n_km":100},"geometry":{"type":"Polygon","coordinates":[[[-5.120632,50.757791],[-4.837452,50.765031],[-4.848382,50.944659],[-5.132648,50.937372],[-5.120632,50.757791]]]}},{"type":"Feature","properties":{"name":"E180N0120","e_km":180,"n_km":120},"geometry":{"type":"Polygon","coordinates":[[[-5.132648,50.937372],[-4.848382,50.944659],[-4.859425,51.124279],[-5.144789,51.116946],[-5.132648,50.937372]]]}},{"type":"Feature","properties":{"name":"E180N0140","e_km":180,"n_km":140},"geometry":{"type":"Polygon","coordinates":[[[-5.144789,51.116946],[-4.859425,51.124279],[-4.870582,51.303892],[-5.157055,51.296512],[-5.144789,51.116946]]]}},{"type":"Feature","properties":{"name":"E180N0160","e_km":180,"n_km":160},"geometry":{"type":"Polygon","coordinates":[[[-5.157055,51.296512],[-4.870582,51.303892],[-4.881854,51.483498],[-5.169448,51.476071],[-5.157055,51.296512]]]}},{"type":"Feature","properties":{"name":"E180N0180","e_km":180,"n_km":180},"geometry":{"type":"Polygon","coordinates":[[[-5.169448,51.476071],[-4.881854,51.483498],[-4.893244,51.663096],[-5.18197,51.655622],[-5.169448,51.476071]]]}},{"type":"Feature","properties":{"name":"E180N0200","e_km":180,"n_km":200},"geometry":{"type":"Polygon","coordinates":[[[-5.18197,51.655622],[-4.893244,51.663096],[-4.904753,51.842687],[-5.194623,51.835165],[-5.18197,51.655622]]]}},{"type":"Feature","properties":{"name":"E180N0220","e_km":180,"n_km":220},"geometry":{"type":"Polygon","coordinates":[[[-5.194623,51.835165],[-4.904753,51.842687],[-4.916382,52.022271],[-5.207408,52.0147],[-5.194623,51.835165]]]}},{"type":"Feature","properties":{"name":"E180N0240","e_km":180,"n_km":240},"geometry":{"type":"Polygon","coordinates":[[[-5.207408,52.0147],[-4.916382,52.022271],[-4.928134,52.201847],[-5.220328,52.194227],[-5.207408,52.0147]]]}},{"type":"Feature","properties":{"name":"E180N0260","e_km":180,"n_km":260},"geometry":{"type":"Polygon","coordinates":[[[-5.220328,52.194227],[-4.928134,52.201847],[-4.94001,52.381416],[-5.233383,52.373747],[-5.220328,52.194227]]]}},{"type":"Feature","properties":{"name":"E180N0280","e_km":180,"n_km":280},"geometry":{"type":"Polygon","coordinates":[[[-5.233383,52.373747],[-4.94001,52.381416],[-4.952011,52.560978],[-5.246577,52.553259],[-5.233383,52.373747]]]}},{"type":"Feature","properties":{"name":"E180N0300","e_km":180,"n_km":300},"geometry":{"type":"Polygon","coordinates":[[[-5.246577,52.553259],[-4.952011,52.560978],[-4.96414,52.740532],[-5.259911,52.732763],[-5.246577,52.553259]]]}},{"type":"Feature","properties":{"name":"E180N0320","e_km":180,"n_km":320},"geometry":{"type":"Polygon","coordinates":[[[-5.259911,52.732763],[-4.96414,52.740532],[-4.976398,52.920079],[-5.273387,52.912259],[-5.259911,52.732763]]]}},{"type":"Feature","properties":{"name":"E180N0340","e_km":180,"n_km":340},"geometry":{"type":"Polygon","coordinates":[[[-5.273387,52.912259],[-4.976398,52.920079],[-4.988787,53.099618],[-5.287007,53.091748],[-5.273387,52.912259]]]}},{"type":"Feature","properties":{"name":"E180N0360","e_km":180,"n_km":360},"geometry":{"type":"Polygon","coordinates":[[[-5.287007,53.091748],[-4.988787,53.099618],[-5.001309,53.279149],[-5.300774,53.271228],[-5.287007,53.091748]]]}},{"type":"Feature","properties":{"name":"E180N0380","e_km":180,"n_km":380},"geometry":{"type":"Polygon","coordinates":[[[-5.300774,53.271228],[-5.001309,53.279149],[-5.013966,53.458674],[-5.314688,53.450701],[-5.300774,53.271228]]]}},{"type":"Feature","properties":{"name":"E180N0400","e_km":180,"n_km":400},"geometry":{"type":"Polygon","coordinates":[[[-5.314688,53.450701],[-5.013966,53.458674],[-5.026761,53.63819],[-5.328753,53.630165],[-5.314688,53.450701]]]}},{"type":"Feature","properties":{"name":"E180N0420","e_km":180,"n_km":420},"geometry":{"type":"Polygon","coordinates":[[[-5.328753,53.630165],[-5.026761,53.63819],[-5.039693,53.817699],[-5.342971,53.809622],[-5.328753,53.630165]]]}},{"type":"Feature","properties":{"name":"E180N0440","e_km":180,"n_km":440},"geometry":{"type":"Polygon","coordinates":[[[-5.342971,53.809622],[-5.039693,53.817699],[-5.052767,53.997201],[-5.357343,53.98907],[-5.342971,53.809622]]]}},{"type":"Feature","properties":{"name":"E180N0460","e_km":180,"n_km":460},"geometry":{"type":"Polygon","coordinates":[[[-5.357343,53.98907],[-5.052767,53.997201],[-5.065984,54.176695],[-5.371873,54.168511],[-5.357343,53.98907]]]}},{"type":"Feature","properties":{"name":"E180N0480","e_km":180,"n_km":480},"geometry":{"type":"Polygon","coordinates":[[[-5.371873,54.168511],[-5.065984,54.176695],[-5.079346,54.356181],[-5.386562,54.347943],[-5.371873,54.168511]]]}},{"type":"Feature","properties":{"name":"E180N0500","e_km":180,"n_km":500},"geometry":{"type":"Polygon","coordinates":[[[-5.386562,54.347943],[-5.079346,54.356181],[-5.092856,54.53566],[-5.401413,54.527368],[-5.386562,54.347943]]]}},{"type":"Feature","properties":{"name":"E180N0520","e_km":180,"n_km":520},"geometry":{"type":"Polygon","coordinates":[[[-5.401413,54.527368],[-5.092856,54.53566],[-5.106515,54.715131],[-5.416428,54.706784],[-5.401413,54.527368]]]}},{"type":"Feature","properties":{"name":"E180N0540","e_km":180,"n_km":540},"geometry":{"type":"Polygon","coordinates":[[[-5.416428,54.706784],[-5.106515,54.715131],[-5.120325,54.894594],[-5.43161,54.886192],[-5.416428,54.706784]]]}},{"type":"Feature","properties":{"name":"E180N0560","e_km":180,"n_km":560},"geometry":{"type":"Polygon","coordinates":[[[-5.43161,54.886192],[-5.120325,54.894594],[-5.13429,55.07405],[-5.446962,55.065592],[-5.43161,54.886192]]]}},{"type":"Feature","properties":{"name":"E180N0580","e_km":180,"n_km":580},"geometry":{"type":"Polygon","coordinates":[[[-5.446962,55.065592],[-5.13429,55.07405],[-5.148411,55.253498],[-5.462485,55.244983],[-5.446962,55.065592]]]}},{"type":"Feature","properties":{"name":"E180N0600","e_km":180,"n_km":600},"geometry":{"type":"Polygon","coordinates":[[[-5.462485,55.244983],[-5.148411,55.253498],[-5.162691,55.432938],[-5.478182,55.424367],[-5.462485,55.244983]]]}},{"type":"Feature","properties":{"name":"E180N0620","e_km":180,"n_km":620},"geometry":{"type":"Polygon","coordinates":[[[-5.478182,55.424367],[-5.162691,55.432938],[-5.177132,55.612371],[-5.494057,55.603742],[-5.478182,55.424367]]]}},{"type":"Feature","properties":{"name":"E180N0640","e_km":180,"n_km":640},"geometry":{"type":"Polygon","coordinates":[[[-5.494057,55.603742],[-5.177132,55.612371],[-5.191737,55.791795],[-5.510112,55.783108],[-5.494057,55.603742]]]}},{"type":"Feature","properties":{"name":"E180N0660","e_km":180,"n_km":660},"geometry":{"type":"Polygon","coordinates":[[[-5.510112,55.783108],[-5.191737,55.791795],[-5.206508,55.971212],[-5.526349,55.962467],[-5.510112,55.783108]]]}},{"type":"Feature","properties":{"name":"E180N0680","e_km":180,"n_km":680},"geometry":{"type":"Polygon","coordinates":[[[-5.526349,55.962467],[-5.206508,55.971212],[-5.221448,56.150621],[-5.542772,56.141817],[-5.526349,55.962467]]]}},{"type":"Feature","properties":{"name":"E180N0700","e_km":180,"n_km":700},"geometry":{"type":"Polygon","coordinates":[[[-5.542772,56.141817],[-5.221448,56.150621],[-5.23656,56.330022],[-5.559384,56.321158],[-5.542772,56.141817]]]}},{"type":"Feature","properties":{"name":"E180N0720","e_km":180,"n_km":720},"geometry":{"type":"Polygon","coordinates":[[[-5.559384,56.321158],[-5.23656,56.330022],[-5.251846,56.509415],[-5.576187,56.500491],[-5.559384,56.321158]]]}},{"type":"Feature","properties":{"name":"E180N0740","e_km":180,"n_km":740},"geometry":{"type":"Polygon","coordinates":[[[-5.576187,56.500491],[-5.251846,56.509415],[-5.267309,56.6888],[-5.593184,56.679816],[-5.576187,56.500491]]]}},{"type":"Feature","properties":{"name":"E180N0760","e_km":180,"n_km":760},"geometry":{"type":"Polygon","coordinates":[[[-5.593184,56.679816],[-5.267309,56.6888],[-5.282952,56.868177],[-5.610379,56.859132],[-5.593184,56.679816]]]}},{"type":"Feature","properties":{"name":"E180N0780","e_km":180,"n_km":780},"geometry":{"type":"Polygon","coordinates":[[[-5.610379,56.859132],[-5.282952,56.868177],[-5.298778,57.047546],[-5.627775,57.038439],[-5.610379,56.859132]]]}},{"type":"Feature","properties":{"name":"E180N0800","e_km":180,"n_km":800},"geometry":{"type":"Polygon","coordinates":[[[-5.627775,57.038439],[-5.298778,57.047546],[-5.314789,57.226907],[-5.645375,57.217738],[-5.627775,57.038439]]]}},{"type":"Feature","properties":{"name":"E180N0820","e_km":180,"n_km":820},"geometry":{"type":"Polygon","coordinates":[[[-5.645375,57.217738],[-5.314789,57.226907],[-5.330989,57.40626],[-5.663183,57.397028],[-5.645375,57.217738]]]}},{"type":"Feature","properties":{"name":"E180N0840","e_km":180,"n_km":840},"geometry":{"type":"Polygon","coordinates":[[[-5.663183,57.397028],[-5.330989,57.40626],[-5.347381,57.585605],[-5.681201,57.576309],[-5.663183,57.397028]]]}},{"type":"Feature","properties":{"name":"E180N0860","e_km":180,"n_km":860},"geometry":{"type":"Polygon","coordinates":[[[-5.681201,57.576309],[-5.347381,57.585605],[-5.363969,57.764942],[-5.699433,57.755581],[-5.681201,57.576309]]]}},{"type":"Feature","properties":{"name":"E180N0880","e_km":180,"n_km":880},"geometry":{"type":"Polygon","coordinates":[[[-5.699433,57.755581],[-5.363969,57.764942],[-5.380754,57.944271],[-5.717884,57.934845],[-5.699433,57.755581]]]}},{"type":"Feature","properties":{"name":"E180N0900","e_km":180,"n_km":900},"geometry":{"type":"Polygon","coordinates":[[[-5.717884,57.934845],[-5.380754,57.944271],[-5.397741,58.123591],[-5.736555,58.1141],[-5.717884,57.934845]]]}},{"type":"Feature","properties":{"name":"E180N0920","e_km":180,"n_km":920},"geometry":{"type":"Polygon","coordinates":[[[-5.736555,58.1141],[-5.397741,58.123591],[-5.414933,58.302903],[-5.755452,58.293346],[-5.736555,58.1141]]]}},{"type":"Feature","properties":{"name":"E180N0940","e_km":180,"n_km":940},"geometry":{"type":"Polygon","coordinates":[[[-5.755452,58.293346],[-5.414933,58.302903],[-5.432333,58.482207],[-5.774578,58.472583],[-5.755452,58.293346]]]}},{"type":"Feature","properties":{"name":"E180N0960","e_km":180,"n_km":960},"geometry":{"type":"Polygon","coordinates":[[[-5.774578,58.472583],[-5.432333,58.482207],[-5.449946,58.661503],[-5.793936,58.651811],[-5.774578,58.472583]]]}},{"type":"Feature","properties":{"name":"E180N0980","e_km":180,"n_km":980},"geometry":{"type":"Polygon","coordinates":[[[-5.793936,58.651811],[-5.449946,58.661503],[-5.467773,58.84079],[-5.813532,58.83103],[-5.793936,58.651811]]]}},{"type":"Feature","properties":{"name":"E180N1000","e_km":180,"n_km":1000},"geometry":{"type":"Polygon","coordinates":[[[-5.813532,58.83103],[-5.467773,58.84079],[-5.485821,59.020069],[-5.833368,59.01024],[-5.813532,58.83103]]]}},{"type":"Feature","properties":{"name":"E180N1020","e_km":180,"n_km":1020},"geometry":{"type":"Polygon","coordinates":[[[-5.833368,59.01024],[-5.485821,59.020069],[-5.504091,59.199339],[-5.853449,59.18944],[-5.833368,59.01024]]]}},{"type":"Feature","properties":{"name":"E180N1040","e_km":180,"n_km":1040},"geometry":{"type":"Polygon","coordinates":[[[-5.853449,59.18944],[-5.504091,59.199339],[-5.522588,59.378601],[-5.873779,59.368632],[-5.853449,59.18944]]]}},{"type":"Feature","properties":{"name":"E180N1060","e_km":180,"n_km":1060},"geometry":{"type":"Polygon","coordinates":[[[-5.873779,59.368632],[-5.522588,59.378601],[-5.541316,59.557854],[-5.894363,59.547814],[-5.873779,59.368632]]]}},{"type":"Feature","properties":{"name":"E180N1080","e_km":180,"n_km":1080},"geometry":{"type":"Polygon","coordinates":[[[-5.894363,59.547814],[-5.541316,59.557854],[-5.560279,59.737099],[-5.915205,59.726987],[-5.894363,59.547814]]]}},{"type":"Feature","properties":{"name":"E180N1100","e_km":180,"n_km":1100},"geometry":{"type":"Polygon","coordinates":[[[-5.915205,59.726987],[-5.560279,59.737099],[-5.579481,59.916335],[-5.93631,59.90615],[-5.915205,59.726987]]]}},{"type":"Feature","properties":{"name":"E180N1120","e_km":180,"n_km":1120},"geometry":{"type":"Polygon","coordinates":[[[-5.93631,59.90615],[-5.579481,59.916335],[-5.598926,60.095562],[-5.957682,60.085304],[-5.93631,59.90615]]]}},{"type":"Feature","properties":{"name":"E180N1140","e_km":180,"n_km":1140},"geometry":{"type":"Polygon","coordinates":[[[-5.957682,60.085304],[-5.598926,60.095562],[-5.618619,60.274781],[-5.979326,60.264448],[-5.957682,60.085304]]]}},{"type":"Feature","properties":{"name":"E180N1160","e_km":180,"n_km":1160},"geometry":{"type":"Polygon","coordinates":[[[-5.979326,60.264448],[-5.618619,60.274781],[-5.638564,60.45399],[-6.001247,60.443583],[-5.979326,60.264448]]]}},{"type":"Feature","properties":{"name":"E180N1180","e_km":180,"n_km":1180},"geometry":{"type":"Polygon","coordinates":[[[-6.001247,60.443583],[-5.638564,60.45399],[-5.658767,60.633191],[-6.02345,60.622708],[-6.001247,60.443583]]]}},{"type":"Feature","properties":{"name":"E180N1200","e_km":180,"n_km":1200},"geometry":{"type":"Polygon","coordinates":[[[-6.02345,60.622708],[-5.658767,60.633191],[-5.67923,60.812384],[-6.04594,60.801823],[-6.02345,60.622708]]]}},{"type":"Feature","properties":{"name":"E180N1220","e_km":180,"n_km":1220},"geometry":{"type":"Polygon","coordinates":[[[-6.04594,60.801823],[-5.67923,60.812384],[-5.69996,60.991567],[-6.068723,60.980929],[-6.04594,60.801823]]]}},{"type":"Feature","properties":{"name":"E180N1240","e_km":180,"n_km":1240},"geometry":{"type":"Polygon","coordinates":[[[-6.068723,60.980929],[-5.69996,60.991567],[-5.719645,61.171461],[-6.090543,61.160747],[-6.068723,60.980929]]]}},{"type":"Feature","properties":{"name":"E180N1260","e_km":180,"n_km":1260},"geometry":{"type":"Polygon","coordinates":[[[-6.090543,61.160747],[-5.719645,61.171461],[-5.740916,61.350648],[-6.113922,61.339855],[-6.090543,61.160747]]]}},{"type":"Feature","properties":{"name":"E180N1280","e_km":180,"n_km":1280},"geometry":{"type":"Polygon","coordinates":[[[-6.113922,61.339855],[-5.740916,61.350648],[-5.762469,61.529826],[-6.137609,61.518953],[-6.113922,61.339855]]]}},{"type":"Feature","properties":{"name":"E200N0000","e_km":200,"n_km":0},"geometry":{"type":"Polygon","coordinates":[[[-4.784439,49.866784],[-4.506425,49.873133],[-4.51578,50.052837],[-4.794828,50.046448],[-4.784439,49.866784]]]}},{"type":"Feature","properties":{"name":"E200N0020","e_km":200,"n_km":20},"geometry":{"type":"Polygon","coordinates":[[[-4.794828,50.046448],[-4.51578,50.052837],[-4.52523,50.232534],[-4.805322,50.226105],[-4.794828,50.046448]]]}},{"type":"Feature","properties":{"name":"E200N0040","e_km":200,"n_km":40},"geometry":{"type":"Polygon","coordinates":[[[-4.805322,50.226105],[-4.52523,50.232534],[-4.534775,50.412224],[-4.815923,50.405754],[-4.805322,50.226105]]]}},{"type":"Feature","properties":{"name":"E200N0060","e_km":200,"n_km":60},"geometry":{"type":"Polygon","coordinates":[[[-4.815923,50.405754],[-4.534775,50.412224],[-4.544419,50.591908],[-4.826633,50.585396],[-4.815923,50.405754]]]}},{"type":"Feature","properties":{"name":"E200N0080","e_km":200,"n_km":80},"geometry":{"type":"Polygon","coordinates":[[[-4.826633,50.585396],[-4.544419,50.591908],[-4.554161,50.771584],[-4.837452,50.765031],[-4.826633,50.585396]]]}},{"type":"Feature","properties":{"name":"E200N0100","e_km":200,"n_km":100},"geometry":{"type":"Polygon","coordinates":[[[-4.837452,50.765031],[-4.554161,50.771584],[-4.564003,50.951253],[-4.848382,50.944659],[-4.837452,50.765031]]]}},{"type":"Feature","properties":{"name":"E200N0120","e_km":200,"n_km":120},"geometry":{"type":"Polygon","coordinates":[[[-4.848382,50.944659],[-4.564003,50.951253],[-4.573946,51.130916],[-4.859425,51.124279],[-4.848382,50.944659]]]}},{"type":"Feature","properties":{"name":"E200N0140","e_km":200,"n_km":140},"geometry":{"type":"Polygon","coordinates":[[[-4.859425,51.124279],[-4.573946,51.130916],[-4.583993,51.310571],[-4.870582,51.303892],[-4.859425,51.124279]]]}},{"type":"Feature","properties":{"name":"E200N0160","e_km":200,"n_km":160},"geometry":{"type":"Polygon","coordinates":[[[-4.870582,51.303892],[-4.583993,51.310571],[-4.594143,51.49022],[-4.881854,51.483498],[-4.870582,51.303892]]]}},{"type":"Feature","properties":{"name":"E200N0180","e_km":200,"n_km":180},"geometry":{"type":"Polygon","coordinates":[[[-4.881854,51.483498],[-4.594143,51.49022],[-4.604399,51.669862],[-4.893244,51.663096],[-4.881854,51.483498]]]}},{"type":"Feature","properties":{"name":"E200N0200","e_km":200,"n_km":200},"geometry":{"type":"Polygon","coordinates":[[[-4.893244,51.663096],[-4.604399,51.669862],[-4.614763,51.849496],[-4.904753,51.842687],[-4.893244,51.663096]]]}},{"type":"Feature","properties":{"name":"E200N0220","e_km":200,"n_km":220},"geometry":{"type":"Polygon","coordinates":[[[-4.904753,51.842687],[-4.614763,51.849496],[-4.625235,52.029124],[-4.916382,52.022271],[-4.904753,51.842687]]]}},{"type":"Feature","properties":{"name":"E200N0240","e_km":200,"n_km":240},"geometry":{"type":"Polygon","coordinates":[[[-4.916382,52.022271],[-4.625235,52.029124],[-4.635817,52.208744],[-4.928134,52.201847],[-4.916382,52.022271]]]}},{"type":"Feature","properties":{"name":"E200N0260","e_km":200,"n_km":260},"geometry":{"type":"Polygon","coordinates":[[[-4.928134,52.201847],[-4.635817,52.208744],[-4.64651,52.388358],[-4.94001,52.381416],[-4.928134,52.201847]]]}},{"type":"Feature","properties":{"name":"E200N0280","e_km":200,"n_km":280},"geometry":{"type":"Polygon","coordinates":[[[-4.94001,52.381416],[-4.64651,52.388358],[-4.657317,52.567964],[-4.952011,52.560978],[-4.94001,52.381416]]]}},{"type":"Feature","properties":{"name":"E200N0300","e_km":200,"n_km":300},"geometry":{"type":"Polygon","coordinates":[[[-4.952011,52.560978],[-4.657317,52.567964],[-4.668239,52.747564],[-4.96414,52.740532],[-4.952011,52.560978]]]}},{"type":"Feature","properties":{"name":"E200N0320","e_km":200,"n_km":320},"geometry":{"type":"Polygon","coordinates":[[[-4.96414,52.740532],[-4.668239,52.747564],[-4.679277,52.927156],[-4.976398,52.920079],[-4.96414,52.740532]]]}},{"type":"Feature","properties":{"name":"E200N0340","e_km":200,"n_km":340},"geometry":{"type":"Polygon","coordinates":[[[-4.976398,52.920079],[-4.679277,52.927156],[-4.690434,53.106741],[-4.988787,53.099618],[-4.976398,52.920079]]]}},{"type":"Feature","properties":{"name":"E200N0360","e_km":200,"n_km":360},"geometry":{"type":"Polygon","coordinates":[[[-4.988787,53.099618],[-4.690434,53.106741],[-4.70171,53.286319],[-5.001309,53.279149],[-4.988787,53.099618]]]}},{"type":"Feature","properties":{"name":"E200N0380","e_km":200,"n_km":380},"geometry":{"type":"Polygon","coordinates":[[[-5.001309,53.279149],[-4.70171,53.286319],[-4.713108,53.46589],[-5.013966,53.458674],[-5.001309,53.279149]]]}},{"type":"Feature","properties":{"name":"E200N0400","e_km":200,"n_km":400},"geometry":{"type":"Polygon","coordinates":[[[-5.013966,53.458674],[-4.713108,53.46589],[-4.724629,53.645454],[-5.026761,53.63819],[-5.013966,53.458674]]]}},{"type":"Feature","properties":{"name":"E200N0420","e_km":200,"n_km":420},"geometry":{"type":"Polygon","coordinates":[[[-5.026761,53.63819],[-4.724629,53.645454],[-4.736275,53.825011],[-5.039693,53.817699],[-5.026761,53.63819]]]}},{"type":"Feature","properties":{"name":"E200N0440","e_km":200,"n_km":440},"geometry":{"type":"Polygon","coordinates":[[[-5.039693,53.817699],[-4.736275,53.825011],[-4.748048,54.00456],[-5.052767,53.997201],[-5.039693,53.817699]]]}},{"type":"Feature","properties":{"name":"E200N0460","e_km":200,"n_km":460},"geometry":{"type":"Polygon","coordinates":[[[-5.052767,53.997201],[-4.748048,54.00456],[-4.75995,54.184103],[-5.065984,54.176695],[-5.052767,53.997201]]]}},{"type":"Feature","properties":{"name":"E200N0480","e_km":200,"n_km":480},"geometry":{"type":"Polygon","coordinates":[[[-5.065984,54.176695],[-4.75995,54.184103],[-4.771983,54.363638],[-5.079346,54.356181],[-5.065984,54.176695]]]}},{"type":"Feature","properties":{"name":"E200N0500","e_km":200,"n_km":500},"geometry":{"type":"Polygon","coordinates":[[[-5.079346,54.356181],[-4.771983,54.363638],[-4.784149,54.543166],[-5.092856,54.53566],[-5.079346,54.356181]]]}},{"type":"Feature","properties":{"name":"E200N0520","e_km":200,"n_km":520},"geometry":{"type":"Polygon","coordinates":[[[-5.092856,54.53566],[-4.784149,54.543166],[-4.796449,54.722686],[-5.106515,54.715131],[-5.092856,54.53566]]]}},{"type":"Feature","properties":{"name":"E200N0540","e_km":200,"n_km":540},"geometry":{"type":"Polygon","coordinates":[[[-5.106515,54.715131],[-4.796449,54.722686],[-4.808886,54.9022],[-5.120325,54.894594],[-5.106515,54.715131]]]}},{"type":"Feature","properties":{"name":"E200N0560","e_km":200,"n_km":560},"geometry":{"type":"Polygon","coordinates":[[[-5.120325,54.894594],[-4.808886,54.9022],[-4.821462,55.081706],[-5.13429,55.07405],[-5.120325,54.894594]]]}},{"type":"Feature","properties":{"name":"E200N0580","e_km":200,"n_km":580},"geometry":{"type":"Polygon","coordinates":[[[-5.13429,55.07405],[-4.821462,55.081706],[-4.834178,55.261205],[-5.148411,55.253498],[-5.13429,55.07405]]]}},{"type":"Feature","properties":{"name":"E200N0600","e_km":200,"n_km":600},"geometry":{"type":"Polygon","coordinates":[[[-5.148411,55.253498],[-4.834178,55.261205],[-4.847038,55.440697],[-5.162691,55.432938],[-5.148411,55.253498]]]}},{"type":"Feature","properties":{"name":"E200N0620","e_km":200,"n_km":620},"geometry":{"type":"Polygon","coordinates":[[[-5.162691,55.432938],[-4.847038,55.440697],[-4.860043,55.620181],[-5.177132,55.612371],[-5.162691,55.432938]]]}},{"type":"Feature","properties":{"name":"E200N0640","e_km":200,"n_km":640},"geometry":{"type":"Polygon","coordinates":[[[-5.177132,55.612371],[-4.860043,55.620181],[-4.873196,55.799658],[-5.191737,55.791795],[-5.177132,55.612371]]]}},{"type":"Feature","properties":{"name":"E200N0660","e_km":200,"n_km":660},"geometry":{"type":"Polygon","coordinates":[[[-5.191737,55.791795],[-4.873196,55.799658],[-4.886498,55.979128],[-5.206508,55.971212],[-5.191737,55.791795]]]}},{"type":"Feature","properties":{"name":"E200N0680","e_km":200,"n_km":680},"geometry":{"type":"Polygon","coordinates":[[[-5.206508,55.971212],[-4.886498,55.979128],[-4.899953,56.15859],[-5.221448,56.150621],[-5.206508,55.971212]]]}},{"type":"Feature","properties":{"name":"E200N0700","e_km":200,"n_km":700},"geometry":{"type":"Polygon","coordinates":[[[-5.221448,56.150621],[-4.899953,56.15859],[-4.913562,56.338045],[-5.23656,56.330022],[-5.221448,56.150621]]]}},{"type":"Feature","properties":{"name":"E200N0720","e_km":200,"n_km":720},"geometry":{"type":"Polygon","coordinates":[[[-5.23656,56.330022],[-4.913562,56.338045],[-4.927328,56.517492],[-5.251846,56.509415],[-5.23656,56.330022]]]}},{"type":"Feature","properties":{"name":"E200N0740","e_km":200,"n_km":740},"geometry":{"type":"Polygon","coordinates":[[[-5.251846,56.509415],[-4.927328,56.517492],[-4.941254,56.696932],[-5.267309,56.6888],[-5.251846,56.509415]]]}},{"type":"Feature","properties":{"name":"E200N0760","e_km":200,"n_km":760},"geometry":{"type":"Polygon","coordinates":[[[-5.267309,56.6888],[-4.941254,56.696932],[-4.955342,56.876365],[-5.282952,56.868177],[-5.267309,56.6888]]]}},{"type":"Feature","properties":{"name":"E200N0780","e_km":200,"n_km":780},"geometry":{"type":"Polygon","coordinates":[[[-5.282952,56.868177],[-4.955342,56.876365],[-4.969594,57.05579],[-5.298778,57.047546],[-5.282952,56.868177]]]}},{"type":"Feature","properties":{"name":"E200N0800","e_km":200,"n_km":800},"geometry":{"type":"Polygon","coordinates":[[[-5.298778,57.047546],[-4.969594,57.05579],[-4.984014,57.235208],[-5.314789,57.226907],[-5.298778,57.047546]]]}},{"type":"Feature","properties":{"name":"E200N0820","e_km":200,"n_km":820},"geometry":{"type":"Polygon","coordinates":[[[-5.314789,57.226907],[-4.984014,57.235208],[-4.998604,57.414618],[-5.330989,57.40626],[-5.314789,57.226907]]]}},{"type":"Feature","properties":{"name":"E200N0840","e_km":200,"n_km":840},"geometry":{"type":"Polygon","coordinates":[[[-5.330989,57.40626],[-4.998604,57.414618],[-5.013367,57.59402],[-5.347381,57.585605],[-5.330989,57.40626]]]}},{"type":"Feature","properties":{"name":"E200N0860","e_km":200,"n_km":860},"geometry":{"type":"Polygon","coordinates":[[[-5.347381,57.585605],[-5.013367,57.59402],[-5.028306,57.773415],[-5.363969,57.764942],[-5.347381,57.585605]]]}},{"type":"Feature","properties":{"name":"E200N0880","e_km":200,"n_km":880},"geometry":{"type":"Polygon","coordinates":[[[-5.363969,57.764942],[-5.028306,57.773415],[-5.043423,57.952803],[-5.380754,57.944271],[-5.363969,57.764942]]]}},{"type":"Feature","properties":{"name":"E200N0900","e_km":200,"n_km":900},"geometry":{"type":"Polygon","coordinates":[[[-5.380754,57.944271],[-5.043423,57.952803],[-5.058722,58.132182],[-5.397741,58.123591],[-5.380754,57.944271]]]}},{"type":"Feature","properties":{"name":"E200N0920","e_km":200,"n_km":920},"geometry":{"type":"Polygon","coordinates":[[[-5.397741,58.123591],[-5.058722,58.132182],[-5.074205,58.311555],[-5.414933,58.302903],[-5.397741,58.123591]]]}},{"type":"Feature","properties":{"name":"E200N0940","e_km":200,"n_km":940},"geometry":{"type":"Polygon","coordinates":[[[-5.414933,58.302903],[-5.074205,58.311555],[-5.089877,58.490919],[-5.432333,58.482207],[-5.414933,58.302903]]]}},{"type":"Feature","properties":{"name":"E200N0960","e_km":200,"n_km":960},"geometry":{"type":"Polygon","coordinates":[[[-5.432333,58.482207],[-5.089877,58.490919],[-5.105739,58.670276],[-5.449946,58.661503],[-5.432333,58.482207]]]}},{"type":"Feature","properties":{"name":"E200N0980","e_km":200,"n_km":980},"geometry":{"type":"Polygon","coordinates":[[[-5.449946,58.661503],[-5.105739,58.670276],[-5.121796,58.849625],[-5.467773,58.84079],[-5.449946,58.661503]]]}},{"type":"Feature","properties":{"name":"E200N1000","e_km":200,"n_km":1000},"geometry":{"type":"Polygon","coordinates":[[[-5.467773,58.84079],[-5.121796,58.849625],[-5.13805,59.028966],[-5.485821,59.020069],[-5.467773,58.84079]]]}},{"type":"Feature","properties":{"name":"E200N1020","e_km":200,"n_km":1020},"geometry":{"type":"Polygon","coordinates":[[[-5.485821,59.020069],[-5.13805,59.028966],[-5.154506,59.208299],[-5.504091,59.199339],[-5.485821,59.020069]]]}},{"type":"Feature","properties":{"name":"E200N1040","e_km":200,"n_km":1040},"geometry":{"type":"Polygon","coordinates":[[[-5.504091,59.199339],[-5.154506,59.208299],[-5.171165,59.387625],[-5.522588,59.378601],[-5.504091,59.199339]]]}},{"type":"Feature","properties":{"name":"E200N1060","e_km":200,"n_km":1060},"geometry":{"type":"Polygon","coordinates":[[[-5.522588,59.378601],[-5.171165,59.387625],[-5.188033,59.566942],[-5.541316,59.557854],[-5.522588,59.378601]]]}},{"type":"Feature","properties":{"name":"E200N1080","e_km":200,"n_km":1080},"geometry":{"type":"Polygon","coordinates":[[[-5.541316,59.557854],[-5.188033,59.566942],[-5.205113,59.746252],[-5.560279,59.737099],[-5.541316,59.557854]]]}},{"type":"Feature","properties":{"name":"E200N1100","e_km":200,"n_km":1100},"geometry":{"type":"Polygon","coordinates":[[[-5.560279,59.737099],[-5.205113,59.746252],[-5.222408,59.925554],[-5.579481,59.916335],[-5.560279,59.737099]]]}},{"type":"Feature","properties":{"name":"E200N1120","e_km":200,"n_km":1120},"geometry":{"type":"Polygon","coordinates":[[[-5.579481,59.916335],[-5.222408,59.925554],[-5.239922,60.104848],[-5.598926,60.095562],[-5.579481,59.916335]]]}},{"type":"Feature","properties":{"name":"E200N1140","e_km":200,"n_km":1140},"geometry":{"type":"Polygon","coordinates":[[[-5.598926,60.095562],[-5.239922,60.104848],[-5.25766,60.284134],[-5.618619,60.274781],[-5.598926,60.095562]]]}},{"type":"Feature","properties":{"name":"E200N1160","e_km":200,"n_km":1160},"geometry":{"type":"Polygon","coordinates":[[[-5.618619,60.274781],[-5.25766,60.284134],[-5.275625,60.463412],[-5.638564,60.45399],[-5.618619,60.274781]]]}},{"type":"Feature","properties":{"name":"E200N1180","e_km":200,"n_km":1180},"geometry":{"type":"Polygon","coordinates":[[[-5.638564,60.45399],[-5.275625,60.463412],[-5.293822,60.642681],[-5.658767,60.633191],[-5.638564,60.45399]]]}},{"type":"Feature","properties":{"name":"E200N1200","e_km":200,"n_km":1200},"geometry":{"type":"Polygon","coordinates":[[[-5.658767,60.633191],[-5.293822,60.642681],[-5.312254,60.821943],[-5.67923,60.812384],[-5.658767,60.633191]]]}},{"type":"Feature","properties":{"name":"E200N1220","e_km":200,"n_km":1220},"geometry":{"type":"Polygon","coordinates":[[[-5.67923,60.812384],[-5.312254,60.821943],[-5.330926,61.001196],[-5.69996,60.991567],[-5.67923,60.812384]]]}},{"type":"Feature","properties":{"name":"E200N1240","e_km":200,"n_km":1240},"geometry":{"type":"Polygon","coordinates":[[[-5.69996,60.991567],[-5.330926,61.001196],[-5.34847,61.181158],[-5.719645,61.171461],[-5.69996,60.991567]]]}},{"type":"Feature","properties":{"name":"E200N1260","e_km":200,"n_km":1260},"geometry":{"type":"Polygon","coordinates":[[[-5.719645,61.171461],[-5.34847,61.181158],[-5.367629,61.360417],[-5.740916,61.350648],[-5.719645,61.171461]]]}},{"type":"Feature","properties":{"name":"E200N1280","e_km":200,"n_km":1280},"geometry":{"type":"Polygon","coordinates":[[[-5.740916,61.350648],[-5.367629,61.360417],[-5.387042,61.539668],[-5.762469,61.529826],[-5.740916,61.350648]]]}},{"type":"Feature","properties":{"name":"E220N0000","e_km":220,"n_km":0},"geometry":{"type":"Polygon","coordinates":[[[-4.506425,49.873133],[-4.228319,49.878815],[-4.236638,50.058555],[-4.51578,50.052837],[-4.506425,49.873133]]]}},{"type":"Feature","properties":{"name":"E220N0020","e_km":220,"n_km":20},"geometry":{"type":"Polygon","coordinates":[[[-4.51578,50.052837],[-4.236638,50.058555],[-4.245041,50.238289],[-4.52523,50.232534],[-4.51578,50.052837]]]}},{"type":"Feature","properties":{"name":"E220N0040","e_km":220,"n_km":40},"geometry":{"type":"Polygon","coordinates":[[[-4.52523,50.232534],[-4.245041,50.238289],[-4.25353,50.418015],[-4.534775,50.412224],[-4.52523,50.232534]]]}},{"type":"Feature","properties":{"name":"E220N0060","e_km":220,"n_km":60},"geometry":{"type":"Polygon","coordinates":[[[-4.534775,50.412224],[-4.25353,50.418015],[-4.262106,50.597736],[-4.544419,50.591908],[-4.534775,50.412224]]]}},{"type":"Feature","properties":{"name":"E220N0080","e_km":220,"n_km":80},"geometry":{"type":"Polygon","coordinates":[[[-4.544419,50.591908],[-4.262106,50.597736],[-4.270769,50.777449],[-4.554161,50.771584],[-4.544419,50.591908]]]}},{"type":"Feature","properties":{"name":"E220N0100","e_km":220,"n_km":100},"geometry":{"type":"Polygon","coordinates":[[[-4.554161,50.771584],[-4.270769,50.777449],[-4.279522,50.957156],[-4.564003,50.951253],[-4.554161,50.771584]]]}},{"type":"Feature","properties":{"name":"E220N0120","e_km":220,"n_km":120},"geometry":{"type":"Polygon","coordinates":[[[-4.564003,50.951253],[-4.279522,50.957156],[-4.288365,51.136856],[-4.573946,51.130916],[-4.564003,50.951253]]]}},{"type":"Feature","properties":{"name":"E220N0140","e_km":220,"n_km":140},"geometry":{"type":"Polygon","coordinates":[[[-4.573946,51.130916],[-4.288365,51.136856],[-4.297299,51.31655],[-4.583993,51.310571],[-4.573946,51.130916]]]}},{"type":"Feature","properties":{"name":"E220N0160","e_km":220,"n_km":160},"geometry":{"type":"Polygon","coordinates":[[[-4.583993,51.310571],[-4.297299,51.31655],[-4.306326,51.496237],[-4.594143,51.49022],[-4.583993,51.310571]]]}},{"type":"Feature","properties":{"name":"E220N0180","e_km":220,"n_km":180},"geometry":{"type":"Polygon","coordinates":[[[-4.594143,51.49022],[-4.306326,51.496237],[-4.315447,51.675917],[-4.604399,51.669862],[-4.594143,51.49022]]]}},{"type":"Feature","properties":{"name":"E220N0200","e_km":220,"n_km":200},"geometry":{"type":"Polygon","coordinates":[[[-4.604399,51.669862],[-4.315447,51.675917],[-4.324664,51.85559],[-4.614763,51.849496],[-4.604399,51.669862]]]}},{"type":"Feature","properties":{"name":"E220N0220","e_km":220,"n_km":220},"geometry":{"type":"Polygon","coordinates":[[[-4.614763,51.849496],[-4.324664,51.85559],[-4.333977,52.035257],[-4.625235,52.029124],[-4.614763,51.849496]]]}},{"type":"Feature","properties":{"name":"E220N0240","e_km":220,"n_km":240},"geometry":{"type":"Polygon","coordinates":[[[-4.625235,52.029124],[-4.333977,52.035257],[-4.343388,52.214917],[-4.635817,52.208744],[-4.625235,52.029124]]]}},{"type":"Feature","properties":{"name":"E220N0260","e_km":220,"n_km":260},"geometry":{"type":"Polygon","coordinates":[[[-4.635817,52.208744],[-4.343388,52.214917],[-4.352898,52.394571],[-4.64651,52.388358],[-4.635817,52.208744]]]}},{"type":"Feature","properties":{"name":"E220N0280","e_km":220,"n_km":280},"geometry":{"type":"Polygon","coordinates":[[[-4.64651,52.388358],[-4.352898,52.394571],[-4.362509,52.574217],[-4.657317,52.567964],[-4.64651,52.388358]]]}},{"type":"Feature","properties":{"name":"E220N0300","e_km":220,"n_km":300},"geometry":{"type":"Polygon","coordinates":[[[-4.657317,52.567964],[-4.362509,52.574217],[-4.372222,52.753857],[-4.668239,52.747564],[-4.657317,52.567964]]]}},{"type":"Feature","properties":{"name":"E220N0320","e_km":220,"n_km":320},"geometry":{"type":"Polygon","coordinates":[[[-4.668239,52.747564],[-4.372222,52.753857],[-4.382039,52.93349],[-4.679277,52.927156],[-4.668239,52.747564]]]}},{"type":"Feature","properties":{"name":"E220N0340","e_km":220,"n_km":340},"geometry":{"type":"Polygon","coordinates":[[[-4.679277,52.927156],[-4.382039,52.93349],[-4.391961,53.113117],[-4.690434,53.106741],[-4.679277,52.927156]]]}},{"type":"Feature","properties":{"name":"E220N0360","e_km":220,"n_km":360},"geometry":{"type":"Polygon","coordinates":[[[-4.690434,53.106741],[-4.391961,53.113117],[-4.401989,53.292736],[-4.70171,53.286319],[-4.690434,53.106741]]]}},{"type":"Feature","properties":{"name":"E220N0380","e_km":220,"n_km":380},"geometry":{"type":"Polygon","coordinates":[[[-4.70171,53.286319],[-4.401989,53.292736],[-4.412126,53.472349],[-4.713108,53.46589],[-4.70171,53.286319]]]}},{"type":"Feature","properties":{"name":"E220N0400","e_km":220,"n_km":400},"geometry":{"type":"Polygon","coordinates":[[[-4.713108,53.46589],[-4.412126,53.472349],[-4.422372,53.651955],[-4.724629,53.645454],[-4.713108,53.46589]]]}},{"type":"Feature","properties":{"name":"E220N0420","e_km":220,"n_km":420},"geometry":{"type":"Polygon","coordinates":[[[-4.724629,53.645454],[-4.422372,53.651955],[-4.43273,53.831555],[-4.736275,53.825011],[-4.724629,53.645454]]]}},{"type":"Feature","properties":{"name":"E220N0440","e_km":220,"n_km":440},"geometry":{"type":"Polygon","coordinates":[[[-4.736275,53.825011],[-4.43273,53.831555],[-4.443201,54.011147],[-4.748048,54.00456],[-4.736275,53.825011]]]}},{"type":"Feature","properties":{"name":"E220N0460","e_km":220,"n_km":460},"geometry":{"type":"Polygon","coordinates":[[[-4.748048,54.00456],[-4.443201,54.011147],[-4.453786,54.190733],[-4.75995,54.184103],[-4.748048,54.00456]]]}},{"type":"Feature","properties":{"name":"E220N0480","e_km":220,"n_km":480},"geometry":{"type":"Polygon","coordinates":[[[-4.75995,54.184103],[-4.453786,54.190733],[-4.464487,54.370312],[-4.771983,54.363638],[-4.75995,54.184103]]]}},{"type":"Feature","properties":{"name":"E220N0500","e_km":220,"n_km":500},"geometry":{"type":"Polygon","coordinates":[[[-4.771983,54.363638],[-4.464487,54.370312],[-4.475307,54.549884],[-4.784149,54.543166],[-4.771983,54.363638]]]}},{"type":"Feature","properties":{"name":"E220N0520","e_km":220,"n_km":520},"geometry":{"type":"Polygon","coordinates":[[[-4.784149,54.543166],[-4.475307,54.549884],[-4.486247,54.729449],[-4.796449,54.722686],[-4.784149,54.543166]]]}},{"type":"Feature","properties":{"name":"E220N0540","e_km":220,"n_km":540},"geometry":{"type":"Polygon","coordinates":[[[-4.796449,54.722686],[-4.486247,54.729449],[-4.497308,54.909007],[-4.808886,54.9022],[-4.796449,54.722686]]]}},{"type":"Feature","properties":{"name":"E220N0560","e_km":220,"n_km":560},"geometry":{"type":"Polygon","coordinates":[[[-4.808886,54.9022],[-4.497308,54.909007],[-4.508493,55.088559],[-4.821462,55.081706],[-4.808886,54.9022]]]}},{"type":"Feature","properties":{"name":"E220N0580","e_km":220,"n_km":580},"geometry":{"type":"Polygon","coordinates":[[[-4.821462,55.081706],[-4.508493,55.088559],[-4.519803,55.268104],[-4.834178,55.261205],[-4.821462,55.081706]]]}},{"type":"Feature","properties":{"name":"E220N0600","e_km":220,"n_km":600},"geometry":{"type":"Polygon","coordinates":[[[-4.834178,55.261205],[-4.519803,55.268104],[-4.53124,55.447641],[-4.847038,55.440697],[-4.834178,55.261205]]]}},{"type":"Feature","properties":{"name":"E220N0620","e_km":220,"n_km":620},"geometry":{"type":"Polygon","coordinates":[[[-4.847038,55.440697],[-4.53124,55.447641],[-4.542807,55.627172],[-4.860043,55.620181],[-4.847038,55.440697]]]}},{"type":"Feature","properties":{"name":"E220N0640","e_km":220,"n_km":640},"geometry":{"type":"Polygon","coordinates":[[[-4.860043,55.620181],[-4.542807,55.627172],[-4.554505,55.806696],[-4.873196,55.799658],[-4.860043,55.620181]]]}},{"type":"Feature","properties":{"name":"E220N0660","e_km":220,"n_km":660},"geometry":{"type":"Polygon","coordinates":[[[-4.873196,55.799658],[-4.554505,55.806696],[-4.566336,55.986213],[-4.886498,55.979128],[-4.873196,55.799658]]]}},{"type":"Feature","properties":{"name":"E220N0680","e_km":220,"n_km":680},"geometry":{"type":"Polygon","coordinates":[[[-4.886498,55.979128],[-4.566336,55.986213],[-4.578302,56.165723],[-4.899953,56.15859],[-4.886498,55.979128]]]}},{"type":"Feature","properties":{"name":"E220N0700","e_km":220,"n_km":700},"geometry":{"type":"Polygon","coordinates":[[[-4.899953,56.15859],[-4.578302,56.165723],[-4.590407,56.345226],[-4.913562,56.338045],[-4.899953,56.15859]]]}},{"type":"Feature","properties":{"name":"E220N0720","e_km":220,"n_km":720},"geometry":{"type":"Polygon","coordinates":[[[-4.913562,56.338045],[-4.590407,56.345226],[-4.602651,56.524723],[-4.927328,56.517492],[-4.913562,56.338045]]]}},{"type":"Feature","properties":{"name":"E220N0740","e_km":220,"n_km":740},"geometry":{"type":"Polygon","coordinates":[[[-4.927328,56.517492],[-4.602651,56.524723],[-4.615036,56.704212],[-4.941254,56.696932],[-4.927328,56.517492]]]}},{"type":"Feature","properties":{"name":"E220N0760","e_km":220,"n_km":760},"geometry":{"type":"Polygon","coordinates":[[[-4.941254,56.696932],[-4.615036,56.704212],[-4.627567,56.883694],[-4.955342,56.876365],[-4.941254,56.696932]]]}},{"type":"Feature","properties":{"name":"E220N0780","e_km":220,"n_km":780},"geometry":{"type":"Polygon","coordinates":[[[-4.955342,56.876365],[-4.627567,56.883694],[-4.640243,57.063169],[-4.969594,57.05579],[-4.955342,56.876365]]]}},{"type":"Feature","properties":{"name":"E220N0800","e_km":220,"n_km":800},"geometry":{"type":"Polygon","coordinates":[[[-4.969594,57.05579],[-4.640243,57.063169],[-4.653069,57.242638],[-4.984014,57.235208],[-4.969594,57.05579]]]}},{"type":"Feature","properties":{"name":"E220N0820","e_km":220,"n_km":820},"geometry":{"type":"Polygon","coordinates":[[[-4.984014,57.235208],[-4.653069,57.242638],[-4.666046,57.422099],[-4.998604,57.414618],[-4.984014,57.235208]]]}},{"type":"Feature","properties":{"name":"E220N0840","e_km":220,"n_km":840},"geometry":{"type":"Polygon","coordinates":[[[-4.998604,57.414618],[-4.666046,57.422099],[-4.679177,57.601553],[-5.013367,57.59402],[-4.998604,57.414618]]]}},{"type":"Feature","properties":{"name":"E220N0860","e_km":220,"n_km":860},"geometry":{"type":"Polygon","coordinates":[[[-5.013367,57.59402],[-4.679177,57.601553],[-4.692464,57.781],[-5.028306,57.773415],[-5.013367,57.59402]]]}},{"type":"Feature","properties":{"name":"E220N0880","e_km":220,"n_km":880},"geometry":{"type":"Polygon","coordinates":[[[-5.028306,57.773415],[-4.692464,57.781],[-4.70591,57.96044],[-5.043423,57.952803],[-5.028306,57.773415]]]}},{"type":"Feature","properties":{"name":"E220N0900","e_km":220,"n_km":900},"geometry":{"type":"Polygon","coordinates":[[[-5.043423,57.952803],[-4.70591,57.96044],[-4.719518,58.139873],[-5.058722,58.132182],[-5.043423,57.952803]]]}},{"type":"Feature","properties":{"name":"E220N0920","e_km":220,"n_km":920},"geometry":{"type":"Polygon","coordinates":[[[-5.058722,58.132182],[-4.719518,58.139873],[-4.73329,58.319299],[-5.074205,58.311555],[-5.058722,58.132182]]]}},{"type":"Feature","properties":{"name":"E220N0940","e_km":220,"n_km":940},"geometry":{"type":"Polygon","coordinates":[[[-5.074205,58.311555],[-4.73329,58.319299],[-4.74723,58.498717],[-5.089877,58.490919],[-5.074205,58.311555]]]}},{"type":"Feature","properties":{"name":"E220N0960","e_km":220,"n_km":960},"geometry":{"type":"Polygon","coordinates":[[[-5.089877,58.490919],[-4.74723,58.498717],[-4.761339,58.678129],[-5.105739,58.670276],[-5.089877,58.490919]]]}},{"type":"Feature","properties":{"name":"E220N0980","e_km":220,"n_km":980},"geometry":{"type":"Polygon","coordinates":[[[-5.105739,58.670276],[-4.761339,58.678129],[-4.775621,58.857533],[-5.121796,58.849625],[-5.105739,58.670276]]]}},{"type":"Feature","properties":{"name":"E220N1000","e_km":220,"n_km":1000},"geometry":{"type":"Polygon","coordinates":[[[-5.121796,58.849625],[-4.775621,58.857533],[-4.790079,59.03693],[-5.13805,59.028966],[-5.121796,58.849625]]]}},{"type":"Feature","properties":{"name":"E220N1020","e_km":220,"n_km":1020},"geometry":{"type":"Polygon","coordinates":[[[-5.13805,59.028966],[-4.790079,59.03693],[-4.804716,59.21632],[-5.154506,59.208299],[-5.13805,59.028966]]]}},{"type":"Feature","properties":{"name":"E220N1040","e_km":220,"n_km":1040},"geometry":{"type":"Polygon","coordinates":[[[-5.154506,59.208299],[-4.804716,59.21632],[-4.819535,59.395703],[-5.171165,59.387625],[-5.154506,59.208299]]]}},{"type":"Feature","properties":{"name":"E220N1060","e_km":220,"n_km":1060},"geometry":{"type":"Polygon","coordinates":[[[-5.171165,59.387625],[-4.819535,59.395703],[-4.834539,59.575078],[-5.188033,59.566942],[-5.171165,59.387625]]]}},{"type":"Feature","properties":{"name":"E220N1080","e_km":220,"n_km":1080},"geometry":{"type":"Polygon","coordinates":[[[-5.188033,59.566942],[-4.834539,59.575078],[-4.849732,59.754446],[-5.205113,59.746252],[-5.188033,59.566942]]]}},{"type":"Feature","properties":{"name":"E220N1100","e_km":220,"n_km":1100},"geometry":{"type":"Polygon","coordinates":[[[-5.205113,59.746252],[-4.849732,59.754446],[-4.865116,59.933807],[-5.222408,59.925554],[-5.205113,59.746252]]]}},{"type":"Feature","properties":{"name":"E220N1120","e_km":220,"n_km":1120},"geometry":{"type":"Polygon","coordinates":[[[-5.222408,59.925554],[-4.865116,59.933807],[-4.880696,60.113161],[-5.239922,60.104848],[-5.222408,59.925554]]]}},{"type":"Feature","properties":{"name":"E220N1140","e_km":220,"n_km":1140},"geometry":{"type":"Polygon","coordinates":[[[-5.239922,60.104848],[-4.880696,60.113161],[-4.896474,60.292507],[-5.25766,60.284134],[-5.239922,60.104848]]]}},{"type":"Feature","properties":{"name":"E220N1160","e_km":220,"n_km":1160},"geometry":{"type":"Polygon","coordinates":[[[-5.25766,60.284134],[-4.896474,60.292507],[-4.912455,60.471845],[-5.275625,60.463412],[-5.25766,60.284134]]]}},{"type":"Feature","properties":{"name":"E220N1180","e_km":220,"n_km":1180},"geometry":{"type":"Polygon","coordinates":[[[-5.275625,60.463412],[-4.912455,60.471845],[-4.928641,60.651177],[-5.293822,60.642681],[-5.275625,60.463412]]]}},{"type":"Feature","properties":{"name":"E220N1200","e_km":220,"n_km":1200},"geometry":{"type":"Polygon","coordinates":[[[-5.293822,60.642681],[-4.928641,60.651177],[-4.945038,60.830501],[-5.312254,60.821943],[-5.293822,60.642681]]]}},{"type":"Feature","properties":{"name":"E220N1220","e_km":220,"n_km":1220},"geometry":{"type":"Polygon","coordinates":[[[-5.312254,60.821943],[-4.945038,60.830501],[-4.961647,61.009817],[-5.330926,61.001196],[-5.312254,60.821943]]]}},{"type":"Feature","properties":{"name":"E220N1240","e_km":220,"n_km":1240},"geometry":{"type":"Polygon","coordinates":[[[-5.330926,61.001196],[-4.961647,61.009817],[-4.977047,61.189839],[-5.34847,61.181158],[-5.330926,61.001196]]]}},{"type":"Feature","properties":{"name":"E220N1260","e_km":220,"n_km":1260},"geometry":{"type":"Polygon","coordinates":[[[-5.34847,61.181158],[-4.977047,61.189839],[-4.994089,61.369162],[-5.367629,61.360417],[-5.34847,61.181158]]]}},{"type":"Feature","properties":{"name":"E220N1280","e_km":220,"n_km":1280},"geometry":{"type":"Polygon","coordinates":[[[-5.367629,61.360417],[-4.994089,61.369162],[-5.011356,61.548478],[-5.387042,61.539668],[-5.367629,61.360417]]]}},{"type":"Feature","properties":{"name":"E240N0000","e_km":240,"n_km":0},"geometry":{"type":"Polygon","coordinates":[[[-4.228319,49.878815],[-3.950128,49.88383],[-3.957411,50.063602],[-4.236638,50.058555],[-4.228319,49.878815]]]}},{"type":"Feature","properties":{"name":"E240N0020","e_km":240,"n_km":20},"geometry":{"type":"Polygon","coordinates":[[[-4.236638,50.058555],[-3.957411,50.063602],[-3.964767,50.243368],[-4.245041,50.238289],[-4.236638,50.058555]]]}},{"type":"Feature","properties":{"name":"E240N0040","e_km":240,"n_km":40},"geometry":{"type":"Polygon","coordinates":[[[-4.245041,50.238289],[-3.964767,50.243368],[-3.972198,50.423127],[-4.25353,50.418015],[-4.245041,50.238289]]]}},{"type":"Feature","properties":{"name":"E240N0060","e_km":240,"n_km":60},"geometry":{"type":"Polygon","coordinates":[[[-4.25353,50.418015],[-3.972198,50.423127],[-3.979705,50.60288],[-4.262106,50.597736],[-4.25353,50.418015]]]}},{"type":"Feature","properties":{"name":"E240N0080","e_km":240,"n_km":80},"geometry":{"type":"Polygon","coordinates":[[[-4.262106,50.597736],[-3.979705,50.60288],[-3.987289,50.782626],[-4.270769,50.777449],[-4.262106,50.597736]]]}},{"type":"Feature","properties":{"name":"E240N0100","e_km":240,"n_km":100},"geometry":{"type":"Polygon","coordinates":[[[-4.270769,50.777449],[-3.987289,50.782626],[-3.994951,50.962366],[-4.279522,50.957156],[-4.270769,50.777449]]]}},{"type":"Feature","properties":{"name":"E240N0120","e_km":240,"n_km":120},"geometry":{"type":"Polygon","coordinates":[[[-4.279522,50.957156],[-3.994951,50.962366],[-4.002692,51.1421],[-4.288365,51.136856],[-4.279522,50.957156]]]}},{"type":"Feature","properties":{"name":"E240N0140","e_km":240,"n_km":140},"geometry":{"type":"Polygon","coordinates":[[[-4.288365,51.136856],[-4.002692,51.1421],[-4.010513,51.321827],[-4.297299,51.31655],[-4.288365,51.136856]]]}},{"type":"Feature","properties":{"name":"E240N0160","e_km":240,"n_km":160},"geometry":{"type":"Polygon","coordinates":[[[-4.297299,51.31655],[-4.010513,51.321827],[-4.018416,51.501547],[-4.306326,51.496237],[-4.297299,51.31655]]]}},{"type":"Feature","properties":{"name":"E240N0180","e_km":240,"n_km":180},"geometry":{"type":"Polygon","coordinates":[[[-4.306326,51.496237],[-4.018416,51.501547],[-4.0264,51.681262],[-4.315447,51.675917],[-4.306326,51.496237]]]}},{"type":"Feature","properties":{"name":"E240N0200","e_km":240,"n_km":200},"geometry":{"type":"Polygon","coordinates":[[[-4.315447,51.675917],[-4.0264,51.681262],[-4.034468,51.86097],[-4.324664,51.85559],[-4.315447,51.675917]]]}},{"type":"Feature","properties":{"name":"E240N0220","e_km":240,"n_km":220},"geometry":{"type":"Polygon","coordinates":[[[-4.324664,51.85559],[-4.034468,51.86097],[-4.042621,52.040671],[-4.333977,52.035257],[-4.324664,51.85559]]]}},{"type":"Feature","properties":{"name":"E240N0240","e_km":240,"n_km":240},"geometry":{"type":"Polygon","coordinates":[[[-4.333977,52.035257],[-4.042621,52.040671],[-4.050859,52.220366],[-4.343388,52.214917],[-4.333977,52.035257]]]}},{"type":"Feature","properties":{"name":"E240N0260","e_km":240,"n_km":260},"geometry":{"type":"Polygon","coordinates":[[[-4.343388,52.214917],[-4.050859,52.220366],[-4.059185,52.400055],[-4.352898,52.394571],[-4.343388,52.214917]]]}},{"type":"Feature","properties":{"name":"E240N0280","e_km":240,"n_km":280},"geometry":{"type":"Polygon","coordinates":[[[-4.352898,52.394571],[-4.059185,52.400055],[-4.067598,52.579737],[-4.362509,52.574217],[-4.352898,52.394571]]]}},{"type":"Feature","properties":{"name":"E240N0300","e_km":240,"n_km":300},"geometry":{"type":"Polygon","coordinates":[[[-4.362509,52.574217],[-4.067598,52.579737],[-4.076101,52.759413],[-4.372222,52.753857],[-4.362509,52.574217]]]}},{"type":"Feature","properties":{"name":"E240N0320","e_km":240,"n_km":320},"geometry":{"type":"Polygon","coordinates":[[[-4.372222,52.753857],[-4.076101,52.759413],[-4.084695,52.939082],[-4.382039,52.93349],[-4.372222,52.753857]]]}},{"type":"Feature","properties":{"name":"E240N0340","e_km":240,"n_km":340},"geometry":{"type":"Polygon","coordinates":[[[-4.382039,52.93349],[-4.084695,52.939082],[-4.093381,53.118745],[-4.391961,53.113117],[-4.382039,52.93349]]]}},{"type":"Feature","properties":{"name":"E240N0360","e_km":240,"n_km":360},"geometry":{"type":"Polygon","coordinates":[[[-4.391961,53.113117],[-4.093381,53.118745],[-4.10216,53.298401],[-4.401989,53.292736],[-4.391961,53.113117]]]}},{"type":"Feature","properties":{"name":"E240N0380","e_km":240,"n_km":380},"geometry":{"type":"Polygon","coordinates":[[[-4.401989,53.292736],[-4.10216,53.298401],[-4.111034,53.478051],[-4.412126,53.472349],[-4.401989,53.292736]]]}},{"type":"Feature","properties":{"name":"E240N0400","e_km":240,"n_km":400},"geometry":{"type":"Polygon","coordinates":[[[-4.412126,53.472349],[-4.111034,53.478051],[-4.120004,53.657694],[-4.422372,53.651955],[-4.412126,53.472349]]]}},{"type":"Feature","properties":{"name":"E240N0420","e_km":240,"n_km":420},"geometry":{"type":"Polygon","coordinates":[[[-4.422372,53.651955],[-4.120004,53.657694],[-4.129072,53.837331],[-4.43273,53.831555],[-4.422372,53.651955]]]}},{"type":"Feature","properties":{"name":"E240N0440","e_km":240,"n_km":440},"geometry":{"type":"Polygon","coordinates":[[[-4.43273,53.831555],[-4.129072,53.837331],[-4.138238,54.016961],[-4.443201,54.011147],[-4.43273,53.831555]]]}},{"type":"Feature","properties":{"name":"E240N0460","e_km":240,"n_km":460},"geometry":{"type":"Polygon","coordinates":[[[-4.443201,54.011147],[-4.138238,54.016961],[-4.147505,54.196585],[-4.453786,54.190733],[-4.443201,54.011147]]]}},{"type":"Feature","properties":{"name":"E240N0480","e_km":240,"n_km":480},"geometry":{"type":"Polygon","coordinates":[[[-4.453786,54.190733],[-4.147505,54.196585],[-4.156874,54.376203],[-4.464487,54.370312],[-4.453786,54.190733]]]}},{"type":"Feature","properties":{"name":"E240N0500","e_km":240,"n_km":500},"geometry":{"type":"Polygon","coordinates":[[[-4.464487,54.370312],[-4.156874,54.376203],[-4.166346,54.555814],[-4.475307,54.549884],[-4.464487,54.370312]]]}},{"type":"Feature","properties":{"name":"E240N0520","e_km":240,"n_km":520},"geometry":{"type":"Polygon","coordinates":[[[-4.475307,54.549884],[-4.166346,54.555814],[-4.175923,54.735418],[-4.486247,54.729449],[-4.475307,54.549884]]]}},{"type":"Feature","properties":{"name":"E240N0540","e_km":240,"n_km":540},"geometry":{"type":"Polygon","coordinates":[[[-4.486247,54.729449],[-4.175923,54.735418],[-4.185606,54.915016],[-4.497308,54.909007],[-4.486247,54.729449]]]}},{"type":"Feature","properties":{"name":"E240N0560","e_km":240,"n_km":560},"geometry":{"type":"Polygon","coordinates":[[[-4.497308,54.909007],[-4.185606,54.915016],[-4.195398,55.094608],[-4.508493,55.088559],[-4.497308,54.909007]]]}},{"type":"Feature","properties":{"name":"E240N0580","e_km":240,"n_km":580},"geometry":{"type":"Polygon","coordinates":[[[-4.508493,55.088559],[-4.195398,55.094608],[-4.2053,55.274193],[-4.519803,55.268104],[-4.508493,55.088559]]]}},{"type":"Feature","properties":{"name":"E240N0600","e_km":240,"n_km":600},"geometry":{"type":"Polygon","coordinates":[[[-4.519803,55.268104],[-4.2053,55.274193],[-4.215313,55.453771],[-4.53124,55.447641],[-4.519803,55.268104]]]}},{"type":"Feature","properties":{"name":"E240N0620","e_km":240,"n_km":620},"geometry":{"type":"Polygon","coordinates":[[[-4.53124,55.447641],[-4.215313,55.453771],[-4.225439,55.633343],[-4.542807,55.627172],[-4.53124,55.447641]]]}},{"type":"Feature","properties":{"name":"E240N0640","e_km":240,"n_km":640},"geometry":{"type":"Polygon","coordinates":[[[-4.542807,55.627172],[-4.225439,55.633343],[-4.23568,55.812909],[-4.554505,55.806696],[-4.542807,55.627172]]]}},{"type":"Feature","properties":{"name":"E240N0660","e_km":240,"n_km":660},"geometry":{"type":"Polygon","coordinates":[[[-4.554505,55.806696],[-4.23568,55.812909],[-4.246038,55.992468],[-4.566336,55.986213],[-4.554505,55.806696]]]}},{"type":"Feature","properties":{"name":"E240N0680","e_km":240,"n_km":680},"geometry":{"type":"Polygon","coordinates":[[[-4.566336,55.986213],[-4.246038,55.992468],[-4.256515,56.17202],[-4.578302,56.165723],[-4.566336,55.986213]]]}},{"type":"Feature","properties":{"name":"E240N0700","e_km":240,"n_km":700},"geometry":{"type":"Polygon","coordinates":[[[-4.578302,56.165723],[-4.256515,56.17202],[-4.267112,56.351566],[-4.590407,56.345226],[-4.578302,56.165723]]]}},{"type":"Feature","properties":{"name":"E240N0720","e_km":240,"n_km":720},"geometry":{"type":"Polygon","coordinates":[[[-4.590407,56.345226],[-4.267112,56.351566],[-4.277831,56.531105],[-4.602651,56.524723],[-4.590407,56.345226]]]}},{"type":"Feature","properties":{"name":"E240N0740","e_km":240,"n_km":740},"geometry":{"type":"Polygon","coordinates":[[[-4.602651,56.524723],[-4.277831,56.531105],[-4.288675,56.710637],[-4.615036,56.704212],[-4.602651,56.524723]]]}},{"type":"Feature","properties":{"name":"E240N0760","e_km":240,"n_km":760},"geometry":{"type":"Polygon","coordinates":[[[-4.615036,56.704212],[-4.288675,56.710637],[-4.299645,56.890164],[-4.627567,56.883694],[-4.615036,56.704212]]]}},{"type":"Feature","properties":{"name":"E240N0780","e_km":240,"n_km":780},"geometry":{"type":"Polygon","coordinates":[[[-4.627567,56.883694],[-4.299645,56.890164],[-4.310743,57.069683],[-4.640243,57.063169],[-4.627567,56.883694]]]}},{"type":"Feature","properties":{"name":"E240N0800","e_km":240,"n_km":800},"geometry":{"type":"Polygon","coordinates":[[[-4.640243,57.063169],[-4.310743,57.069683],[-4.321972,57.249196],[-4.653069,57.242638],[-4.640243,57.063169]]]}},{"type":"Feature","properties":{"name":"E240N0820","e_km":240,"n_km":820},"geometry":{"type":"Polygon","coordinates":[[[-4.653069,57.242638],[-4.321972,57.249196],[-4.333334,57.428702],[-4.666046,57.422099],[-4.653069,57.242638]]]}},{"type":"Feature","properties":{"name":"E240N0840","e_km":240,"n_km":840},"geometry":{"type":"Polygon","coordinates":[[[-4.666046,57.422099],[-4.333334,57.428702],[-4.34483,57.608202],[-4.679177,57.601553],[-4.666046,57.422099]]]}},{"type":"Feature","properties":{"name":"E240N0860","e_km":240,"n_km":860},"geometry":{"type":"Polygon","coordinates":[[[-4.679177,57.601553],[-4.34483,57.608202],[-4.356463,57.787695],[-4.692464,57.781],[-4.679177,57.601553]]]}},{"type":"Feature","properties":{"name":"E240N0880","e_km":240,"n_km":880},"geometry":{"type":"Polygon","coordinates":[[[-4.692464,57.781],[-4.356463,57.787695],[-4.368236,57.967181],[-4.70591,57.96044],[-4.692464,57.781]]]}},{"type":"Feature","properties":{"name":"E240N0900","e_km":240,"n_km":900},"geometry":{"type":"Polygon","coordinates":[[[-4.70591,57.96044],[-4.368236,57.967181],[-4.38015,58.146661],[-4.719518,58.139873],[-4.70591,57.96044]]]}},{"type":"Feature","properties":{"name":"E240N0920","e_km":240,"n_km":920},"geometry":{"type":"Polygon","coordinates":[[[-4.719518,58.139873],[-4.38015,58.146661],[-4.392208,58.326135],[-4.73329,58.319299],[-4.719518,58.139873]]]}},{"type":"Feature","properties":{"name":"E240N0940","e_km":240,"n_km":940},"geometry":{"type":"Polygon","coordinates":[[[-4.73329,58.319299],[-4.392208,58.326135],[-4.404412,58.505601],[-4.74723,58.498717],[-4.73329,58.319299]]]}},{"type":"Feature","properties":{"name":"E240N0960","e_km":240,"n_km":960},"geometry":{"type":"Polygon","coordinates":[[[-4.74723,58.498717],[-4.404412,58.505601],[-4.416765,58.685061],[-4.761339,58.678129],[-4.74723,58.498717]]]}},{"type":"Feature","properties":{"name":"E240N0980","e_km":240,"n_km":980},"geometry":{"type":"Polygon","coordinates":[[[-4.761339,58.678129],[-4.416765,58.685061],[-4.42927,58.864514],[-4.775621,58.857533],[-4.761339,58.678129]]]}},{"type":"Feature","properties":{"name":"E240N1000","e_km":240,"n_km":1000},"geometry":{"type":"Polygon","coordinates":[[[-4.775621,58.857533],[-4.42927,58.864514],[-4.441929,59.043961],[-4.790079,59.03693],[-4.775621,58.857533]]]}},{"type":"Feature","properties":{"name":"E240N1020","e_km":240,"n_km":1020},"geometry":{"type":"Polygon","coordinates":[[[-4.790079,59.03693],[-4.441929,59.043961],[-4.454744,59.2234],[-4.804716,59.21632],[-4.790079,59.03693]]]}},{"type":"Feature","properties":{"name":"E240N1040","e_km":240,"n_km":1040},"geometry":{"type":"Polygon","coordinates":[[[-4.804716,59.21632],[-4.454744,59.2234],[-4.467719,59.402834],[-4.819535,59.395703],[-4.804716,59.21632]]]}},{"type":"Feature","properties":{"name":"E240N1060","e_km":240,"n_km":1060},"geometry":{"type":"Polygon","coordinates":[[[-4.819535,59.395703],[-4.467719,59.402834],[-4.480856,59.58226],[-4.834539,59.575078],[-4.819535,59.395703]]]}},{"type":"Feature","properties":{"name":"E240N1080","e_km":240,"n_km":1080},"geometry":{"type":"Polygon","coordinates":[[[-4.834539,59.575078],[-4.480856,59.58226],[-4.494159,59.76168],[-4.849732,59.754446],[-4.834539,59.575078]]]}},{"type":"Feature","properties":{"name":"E240N1100","e_km":240,"n_km":1100},"geometry":{"type":"Polygon","coordinates":[[[-4.849732,59.754446],[-4.494159,59.76168],[-4.507629,59.941092],[-4.865116,59.933807],[-4.849732,59.754446]]]}},{"type":"Feature","properties":{"name":"E240N1120","e_km":240,"n_km":1120},"geometry":{"type":"Polygon","coordinates":[[[-4.865116,59.933807],[-4.507629,59.941092],[-4.52127,60.120498],[-4.880696,60.113161],[-4.865116,59.933807]]]}},{"type":"Feature","properties":{"name":"E240N1140","e_km":240,"n_km":1140},"geometry":{"type":"Polygon","coordinates":[[[-4.880696,60.113161],[-4.52127,60.120498],[-4.535085,60.299898],[-4.896474,60.292507],[-4.880696,60.113161]]]}},{"type":"Feature","properties":{"name":"E240N1160","e_km":240,"n_km":1160},"geometry":{"type":"Polygon","coordinates":[[[-4.896474,60.292507],[-4.535085,60.299898],[-4.549078,60.47929],[-4.912455,60.471845],[-4.896474,60.292507]]]}},{"type":"Feature","properties":{"name":"E240N1180","e_km":240,"n_km":1180},"geometry":{"type":"Polygon","coordinates":[[[-4.912455,60.471845],[-4.549078,60.47929],[-4.563251,60.658676],[-4.928641,60.651177],[-4.912455,60.471845]]]}},{"type":"Feature","properties":{"name":"E240N1200","e_km":240,"n_km":1200},"geometry":{"type":"Polygon","coordinates":[[[-4.928641,60.651177],[-4.563251,60.658676],[-4.577608,60.838055],[-4.945038,60.830501],[-4.928641,60.651177]]]}},{"type":"Feature","properties":{"name":"E240N1220","e_km":240,"n_km":1220},"geometry":{"type":"Polygon","coordinates":[[[-4.945038,60.830501],[-4.577608,60.838055],[-4.592152,61.017427],[-4.961647,61.009817],[-4.945038,60.830501]]]}},{"type":"Feature","properties":{"name":"E240N1240","e_km":240,"n_km":1240},"geometry":{"type":"Polygon","coordinates":[[[-4.961647,61.009817],[-4.592152,61.017427],[-4.605401,61.197501],[-4.977047,61.189839],[-4.961647,61.009817]]]}},{"type":"Feature","properties":{"name":"E240N1260","e_km":240,"n_km":1260},"geometry":{"type":"Polygon","coordinates":[[[-4.977047,61.189839],[-4.605401,61.197501],[-4.620322,61.376882],[-4.994089,61.369162],[-4.977047,61.189839]]]}},{"type":"Feature","properties":{"name":"E240N1280","e_km":240,"n_km":1280},"geometry":{"type":"Polygon","coordinates":[[[-4.994089,61.369162],[-4.620322,61.376882],[-4.635441,61.556255],[-5.011356,61.548478],[-4.994089,61.369162]]]}},{"type":"Feature","properties":{"name":"E260N0000","e_km":260,"n_km":0},"geometry":{"type":"Polygon","coordinates":[[[-3.950128,49.88383],[-3.671865,49.888178],[-3.67811,50.067978],[-3.957411,50.063602],[-3.950128,49.88383]]]}},{"type":"Feature","properties":{"name":"E260N0020","e_km":260,"n_km":20},"geometry":{"type":"Polygon","coordinates":[[[-3.957411,50.063602],[-3.67811,50.067978],[-3.684418,50.247771],[-3.964767,50.243368],[-3.957411,50.063602]]]}},{"type":"Feature","properties":{"name":"E260N0040","e_km":260,"n_km":40},"geometry":{"type":"Polygon","coordinates":[[[-3.964767,50.243368],[-3.684418,50.247771],[-3.69079,50.427558],[-3.972198,50.423127],[-3.964767,50.243368]]]}},{"type":"Feature","properties":{"name":"E260N0060","e_km":260,"n_km":60},"geometry":{"type":"Polygon","coordinates":[[[-3.972198,50.423127],[-3.69079,50.427558],[-3.697228,50.607339],[-3.979705,50.60288],[-3.972198,50.423127]]]}},{"type":"Feature","properties":{"name":"E260N0080","e_km":260,"n_km":80},"geometry":{"type":"Polygon","coordinates":[[[-3.979705,50.60288],[-3.697228,50.607339],[-3.703731,50.787114],[-3.987289,50.782626],[-3.979705,50.60288]]]}},{"type":"Feature","properties":{"name":"E260N0100","e_km":260,"n_km":100},"geometry":{"type":"Polygon","coordinates":[[[-3.987289,50.782626],[-3.703731,50.787114],[-3.710301,50.966883],[-3.994951,50.962366],[-3.987289,50.782626]]]}},{"type":"Feature","properties":{"name":"E260N0120","e_km":260,"n_km":120},"geometry":{"type":"Polygon","coordinates":[[[-3.994951,50.962366],[-3.710301,50.966883],[-3.716939,51.146645],[-4.002692,51.1421],[-3.994951,50.962366]]]}},{"type":"Feature","properties":{"name":"E260N0140","e_km":260,"n_km":140},"geometry":{"type":"Polygon","coordinates":[[[-4.002692,51.1421],[-3.716939,51.146645],[-3.723646,51.326402],[-4.010513,51.321827],[-4.002692,51.1421]]]}},{"type":"Feature","properties":{"name":"E260N0160","e_km":260,"n_km":160},"geometry":{"type":"Polygon","coordinates":[[[-4.010513,51.321827],[-3.723646,51.326402],[-3.730423,51.506152],[-4.018416,51.501547],[-4.010513,51.321827]]]}},{"type":"Feature","properties":{"name":"E260N0180","e_km":260,"n_km":180},"geometry":{"type":"Polygon","coordinates":[[[-4.018416,51.501547],[-3.730423,51.506152],[-3.73727,51.685896],[-4.0264,51.681262],[-4.018416,51.501547]]]}},{"type":"Feature","properties":{"name":"E260N0200","e_km":260,"n_km":200},"geometry":{"type":"Polygon","coordinates":[[[-4.0264,51.681262],[-3.73727,51.685896],[-3.744188,51.865633],[-4.034468,51.86097],[-4.0264,51.681262]]]}},{"type":"Feature","properties":{"name":"E260N0220","e_km":260,"n_km":220},"geometry":{"type":"Polygon","coordinates":[[[-4.034468,51.86097],[-3.744188,51.865633],[-3.751179,52.045365],[-4.042621,52.040671],[-4.034468,51.86097]]]}},{"type":"Feature","properties":{"name":"E260N0240","e_km":260,"n_km":240},"geometry":{"type":"Polygon","coordinates":[[[-4.042621,52.040671],[-3.751179,52.045365],[-3.758244,52.22509],[-4.050859,52.220366],[-4.042621,52.040671]]]}},{"type":"Feature","properties":{"name":"E260N0260","e_km":260,"n_km":260},"geometry":{"type":"Polygon","coordinates":[[[-4.050859,52.220366],[-3.758244,52.22509],[-3.765383,52.404809],[-4.059185,52.400055],[-4.050859,52.220366]]]}},{"type":"Feature","properties":{"name":"E260N0280","e_km":260,"n_km":280},"geometry":{"type":"Polygon","coordinates":[[[-4.059185,52.400055],[-3.765383,52.404809],[-3.772598,52.584522],[-4.067598,52.579737],[-4.059185,52.400055]]]}},{"type":"Feature","properties":{"name":"E260N0300","e_km":260,"n_km":300},"geometry":{"type":"Polygon","coordinates":[[[-4.067598,52.579737],[-3.772598,52.584522],[-3.77989,52.764229],[-4.076101,52.759413],[-4.067598,52.579737]]]}},{"type":"Feature","properties":{"name":"E260N0320","e_km":260,"n_km":320},"geometry":{"type":"Polygon","coordinates":[[[-4.076101,52.759413],[-3.77989,52.764229],[-3.78726,52.943929],[-4.084695,52.939082],[-4.076101,52.759413]]]}},{"type":"Feature","properties":{"name":"E260N0340","e_km":260,"n_km":340},"geometry":{"type":"Polygon","coordinates":[[[-4.084695,52.939082],[-3.78726,52.943929],[-3.794708,53.123624],[-4.093381,53.118745],[-4.084695,52.939082]]]}},{"type":"Feature","properties":{"name":"E260N0360","e_km":260,"n_km":360},"geometry":{"type":"Polygon","coordinates":[[[-4.093381,53.118745],[-3.794708,53.123624],[-3.802237,53.303312],[-4.10216,53.298401],[-4.093381,53.118745]]]}},{"type":"Feature","properties":{"name":"E260N0380","e_km":260,"n_km":380},"geometry":{"type":"Polygon","coordinates":[[[-4.10216,53.298401],[-3.802237,53.303312],[-3.809846,53.482994],[-4.111034,53.478051],[-4.10216,53.298401]]]}},{"type":"Feature","properties":{"name":"E260N0400","e_km":260,"n_km":400},"geometry":{"type":"Polygon","coordinates":[[[-4.111034,53.478051],[-3.809846,53.482994],[-3.817539,53.662669],[-4.120004,53.657694],[-4.111034,53.478051]]]}},{"type":"Feature","properties":{"name":"E260N0420","e_km":260,"n_km":420},"geometry":{"type":"Polygon","coordinates":[[[-4.120004,53.657694],[-3.817539,53.662669],[-3.825315,53.842339],[-4.129072,53.837331],[-4.120004,53.657694]]]}},{"type":"Feature","properties":{"name":"E260N0440","e_km":260,"n_km":440},"geometry":{"type":"Polygon","coordinates":[[[-4.129072,53.837331],[-3.825315,53.842339],[-3.833175,54.022002],[-4.138238,54.016961],[-4.129072,53.837331]]]}},{"type":"Feature","properties":{"name":"E260N0460","e_km":260,"n_km":460},"geometry":{"type":"Polygon","coordinates":[[[-4.138238,54.016961],[-3.833175,54.022002],[-3.841122,54.201659],[-4.147505,54.196585],[-4.138238,54.016961]]]}},{"type":"Feature","properties":{"name":"E260N0480","e_km":260,"n_km":480},"geometry":{"type":"Polygon","coordinates":[[[-4.147505,54.196585],[-3.841122,54.201659],[-3.849156,54.38131],[-4.156874,54.376203],[-4.147505,54.196585]]]}},{"type":"Feature","properties":{"name":"E260N0500","e_km":260,"n_km":500},"geometry":{"type":"Polygon","coordinates":[[[-4.156874,54.376203],[-3.849156,54.38131],[-3.857279,54.560955],[-4.166346,54.555814],[-4.156874,54.376203]]]}},{"type":"Feature","properties":{"name":"E260N0520","e_km":260,"n_km":520},"geometry":{"type":"Polygon","coordinates":[[[-4.166346,54.555814],[-3.857279,54.560955],[-3.865492,54.740594],[-4.175923,54.735418],[-4.166346,54.555814]]]}},{"type":"Feature","properties":{"name":"E260N0540","e_km":260,"n_km":540},"geometry":{"type":"Polygon","coordinates":[[[-4.175923,54.735418],[-3.865492,54.740594],[-3.873797,54.920226],[-4.185606,54.915016],[-4.175923,54.735418]]]}},{"type":"Feature","properties":{"name":"E260N0560","e_km":260,"n_km":560},"geometry":{"type":"Polygon","coordinates":[[[-4.185606,54.915016],[-3.873797,54.920226],[-3.882194,55.099852],[-4.195398,55.094608],[-4.185606,54.915016]]]}},{"type":"Feature","properties":{"name":"E260N0580","e_km":260,"n_km":580},"geometry":{"type":"Polygon","coordinates":[[[-4.195398,55.094608],[-3.882194,55.099852],[-3.890685,55.279472],[-4.2053,55.274193],[-4.195398,55.094608]]]}},{"type":"Feature","properties":{"name":"E260N0600","e_km":260,"n_km":600},"geometry":{"type":"Polygon","coordinates":[[[-4.2053,55.274193],[-3.890685,55.279472],[-3.899272,55.459086],[-4.215313,55.453771],[-4.2053,55.274193]]]}},{"type":"Feature","properties":{"name":"E260N0620","e_km":260,"n_km":620},"geometry":{"type":"Polygon","coordinates":[[[-4.215313,55.453771],[-3.899272,55.459086],[-3.907956,55.638694],[-4.225439,55.633343],[-4.215313,55.453771]]]}},{"type":"Feature","properties":{"name":"E260N0640","e_km":260,"n_km":640},"geometry":{"type":"Polygon","coordinates":[[[-4.225439,55.633343],[-3.907956,55.638694],[-3.916739,55.818295],[-4.23568,55.812909],[-4.225439,55.633343]]]}},{"type":"Feature","properties":{"name":"E260N0660","e_km":260,"n_km":660},"geometry":{"type":"Polygon","coordinates":[[[-4.23568,55.812909],[-3.916739,55.818295],[-3.925622,55.99789],[-4.246038,55.992468],[-4.23568,55.812909]]]}},{"type":"Feature","properties":{"name":"E260N0680","e_km":260,"n_km":680},"geometry":{"type":"Polygon","coordinates":[[[-4.246038,55.992468],[-3.925622,55.99789],[-3.934606,56.177479],[-4.256515,56.17202],[-4.246038,55.992468]]]}},{"type":"Feature","properties":{"name":"E260N0700","e_km":260,"n_km":700},"geometry":{"type":"Polygon","coordinates":[[[-4.256515,56.17202],[-3.934606,56.177479],[-3.943694,56.357062],[-4.267112,56.351566],[-4.256515,56.17202]]]}},{"type":"Feature","properties":{"name":"E260N0720","e_km":260,"n_km":720},"geometry":{"type":"Polygon","coordinates":[[[-4.267112,56.351566],[-3.943694,56.357062],[-3.952887,56.536638],[-4.277831,56.531105],[-4.267112,56.351566]]]}},{"type":"Feature","properties":{"name":"E260N0740","e_km":260,"n_km":740},"geometry":{"type":"Polygon","coordinates":[[[-4.277831,56.531105],[-3.952887,56.536638],[-3.962187,56.716208],[-4.288675,56.710637],[-4.277831,56.531105]]]}},{"type":"Feature","properties":{"name":"E260N0760","e_km":260,"n_km":760},"geometry":{"type":"Polygon","coordinates":[[[-4.288675,56.710637],[-3.962187,56.716208],[-3.971595,56.895773],[-4.299645,56.890164],[-4.288675,56.710637]]]}},{"type":"Feature","properties":{"name":"E260N0780","e_km":260,"n_km":780},"geometry":{"type":"Polygon","coordinates":[[[-4.299645,56.890164],[-3.971595,56.895773],[-3.981113,57.07533],[-4.310743,57.069683],[-4.299645,56.890164]]]}},{"type":"Feature","properties":{"name":"E260N0800","e_km":260,"n_km":800},"geometry":{"type":"Polygon","coordinates":[[[-4.310743,57.069683],[-3.981113,57.07533],[-3.990743,57.254882],[-4.321972,57.249196],[-4.310743,57.069683]]]}},{"type":"Feature","properties":{"name":"E260N0820","e_km":260,"n_km":820},"geometry":{"type":"Polygon","coordinates":[[[-4.321972,57.249196],[-3.990743,57.254882],[-4.000487,57.434428],[-4.333334,57.428702],[-4.321972,57.249196]]]}},{"type":"Feature","properties":{"name":"E260N0840","e_km":260,"n_km":840},"geometry":{"type":"Polygon","coordinates":[[[-4.333334,57.428702],[-4.000487,57.434428],[-4.010346,57.613967],[-4.34483,57.608202],[-4.333334,57.428702]]]}},{"type":"Feature","properties":{"name":"E260N0860","e_km":260,"n_km":860},"geometry":{"type":"Polygon","coordinates":[[[-4.34483,57.608202],[-4.010346,57.613967],[-4.020323,57.7935],[-4.356463,57.787695],[-4.34483,57.608202]]]}},{"type":"Feature","properties":{"name":"E260N0880","e_km":260,"n_km":880},"geometry":{"type":"Polygon","coordinates":[[[-4.356463,57.787695],[-4.020323,57.7935],[-4.03042,57.973027],[-4.368236,57.967181],[-4.356463,57.787695]]]}},{"type":"Feature","properties":{"name":"E260N0900","e_km":260,"n_km":900},"geometry":{"type":"Polygon","coordinates":[[[-4.368236,57.967181],[-4.03042,57.973027],[-4.040638,58.152547],[-4.38015,58.146661],[-4.368236,57.967181]]]}},{"type":"Feature","properties":{"name":"E260N0920","e_km":260,"n_km":920},"geometry":{"type":"Polygon","coordinates":[[[-4.38015,58.146661],[-4.040638,58.152547],[-4.050979,58.332061],[-4.392208,58.326135],[-4.38015,58.146661]]]}},{"type":"Feature","properties":{"name":"E260N0940","e_km":260,"n_km":940},"geometry":{"type":"Polygon","coordinates":[[[-4.392208,58.326135],[-4.050979,58.332061],[-4.061446,58.511569],[-4.404412,58.505601],[-4.392208,58.326135]]]}},{"type":"Feature","properties":{"name":"E260N0960","e_km":260,"n_km":960},"geometry":{"type":"Polygon","coordinates":[[[-4.404412,58.505601],[-4.061446,58.511569],[-4.072041,58.691071],[-4.416765,58.685061],[-4.404412,58.505601]]]}},{"type":"Feature","properties":{"name":"E260N0980","e_km":260,"n_km":980},"geometry":{"type":"Polygon","coordinates":[[[-4.416765,58.685061],[-4.072041,58.691071],[-4.082765,58.870567],[-4.42927,58.864514],[-4.416765,58.685061]]]}},{"type":"Feature","properties":{"name":"E260N1000","e_km":260,"n_km":1000},"geometry":{"type":"Polygon","coordinates":[[[-4.42927,58.864514],[-4.082765,58.870567],[-4.093622,59.050056],[-4.441929,59.043961],[-4.42927,58.864514]]]}},{"type":"Feature","properties":{"name":"E260N1020","e_km":260,"n_km":1020},"geometry":{"type":"Polygon","coordinates":[[[-4.441929,59.043961],[-4.093622,59.050056],[-4.104613,59.229539],[-4.454744,59.2234],[-4.441929,59.043961]]]}},{"type":"Feature","properties":{"name":"E260N1040","e_km":260,"n_km":1040},"geometry":{"type":"Polygon","coordinates":[[[-4.454744,59.2234],[-4.104613,59.229539],[-4.115742,59.409016],[-4.467719,59.402834],[-4.454744,59.2234]]]}},{"type":"Feature","properties":{"name":"E260N1060","e_km":260,"n_km":1060},"geometry":{"type":"Polygon","coordinates":[[[-4.467719,59.402834],[-4.115742,59.409016],[-4.127009,59.588487],[-4.480856,59.58226],[-4.467719,59.402834]]]}},{"type":"Feature","properties":{"name":"E260N1080","e_km":260,"n_km":1080},"geometry":{"type":"Polygon","coordinates":[[[-4.480856,59.58226],[-4.127009,59.588487],[-4.138418,59.767951],[-4.494159,59.76168],[-4.480856,59.58226]]]}},{"type":"Feature","properties":{"name":"E260N1100","e_km":260,"n_km":1100},"geometry":{"type":"Polygon","coordinates":[[[-4.494159,59.76168],[-4.138418,59.767951],[-4.149971,59.947409],[-4.507629,59.941092],[-4.494159,59.76168]]]}},{"type":"Feature","properties":{"name":"E260N1120","e_km":260,"n_km":1120},"geometry":{"type":"Polygon","coordinates":[[[-4.507629,59.941092],[-4.149971,59.947409],[-4.161671,60.126861],[-4.52127,60.120498],[-4.507629,59.941092]]]}},{"type":"Feature","properties":{"name":"E260N1140","e_km":260,"n_km":1140},"geometry":{"type":"Polygon","coordinates":[[[-4.52127,60.120498],[-4.161671,60.126861],[-4.17352,60.306306],[-4.535085,60.299898],[-4.52127,60.120498]]]}},{"type":"Feature","properties":{"name":"E260N1160","e_km":260,"n_km":1160},"geometry":{"type":"Polygon","coordinates":[[[-4.535085,60.299898],[-4.17352,60.306306],[-4.185521,60.485745],[-4.549078,60.47929],[-4.535085,60.299898]]]}},{"type":"Feature","properties":{"name":"E260N1180","e_km":260,"n_km":1180},"geometry":{"type":"Polygon","coordinates":[[[-4.549078,60.47929],[-4.185521,60.485745],[-4.197677,60.665178],[-4.563251,60.658676],[-4.549078,60.47929]]]}},{"type":"Feature","properties":{"name":"E260N1200","e_km":260,"n_km":1200},"geometry":{"type":"Polygon","coordinates":[[[-4.563251,60.658676],[-4.197677,60.665178],[-4.209991,60.844605],[-4.577608,60.838055],[-4.563251,60.658676]]]}},{"type":"Feature","properties":{"name":"E260N1220","e_km":260,"n_km":1220},"geometry":{"type":"Polygon","coordinates":[[[-4.577608,60.838055],[-4.209991,60.844605],[-4.222465,61.024025],[-4.592152,61.017427],[-4.577608,60.838055]]]}},{"type":"Feature","properties":{"name":"E260N1240","e_km":260,"n_km":1240},"geometry":{"type":"Polygon","coordinates":[[[-4.592152,61.017427],[-4.222465,61.024025],[-4.233562,61.204144],[-4.605401,61.197501],[-4.592152,61.017427]]]}},{"type":"Feature","properties":{"name":"E260N1260","e_km":260,"n_km":1260},"geometry":{"type":"Polygon","coordinates":[[[-4.605401,61.197501],[-4.233562,61.204144],[-4.246359,61.383574],[-4.620322,61.376882],[-4.605401,61.197501]]]}},{"type":"Feature","properties":{"name":"E260N1280","e_km":260,"n_km":1280},"geometry":{"type":"Polygon","coordinates":[[[-4.620322,61.376882],[-4.246359,61.383574],[-4.259324,61.562997],[-4.635441,61.556255],[-4.620322,61.376882]]]}},{"type":"Feature","properties":{"name":"E280N0000","e_km":280,"n_km":0},"geometry":{"type":"Polygon","coordinates":[[[-3.671865,49.888178],[-3.39354,49.891859],[-3.398746,50.071682],[-3.67811,50.067978],[-3.671865,49.888178]]]}},{"type":"Feature","properties":{"name":"E280N0020","e_km":280,"n_km":20},"geometry":{"type":"Polygon","coordinates":[[[-3.67811,50.067978],[-3.398746,50.071682],[-3.404005,50.251499],[-3.684418,50.247771],[-3.67811,50.067978]]]}},{"type":"Feature","properties":{"name":"E280N0040","e_km":280,"n_km":40},"geometry":{"type":"Polygon","coordinates":[[[-3.684418,50.247771],[-3.404005,50.251499],[-3.409317,50.431309],[-3.69079,50.427558],[-3.684418,50.247771]]]}},{"type":"Feature","properties":{"name":"E280N0060","e_km":280,"n_km":60},"geometry":{"type":"Polygon","coordinates":[[[-3.69079,50.427558],[-3.409317,50.431309],[-3.414684,50.611114],[-3.697228,50.607339],[-3.69079,50.427558]]]}},{"type":"Feature","properties":{"name":"E280N0080","e_km":280,"n_km":80},"geometry":{"type":"Polygon","coordinates":[[[-3.697228,50.607339],[-3.414684,50.611114],[-3.420106,50.790913],[-3.703731,50.787114],[-3.697228,50.607339]]]}},{"type":"Feature","properties":{"name":"E280N0100","e_km":280,"n_km":100},"geometry":{"type":"Polygon","coordinates":[[[-3.703731,50.787114],[-3.420106,50.790913],[-3.425584,50.970706],[-3.710301,50.966883],[-3.703731,50.787114]]]}},{"type":"Feature","properties":{"name":"E280N0120","e_km":280,"n_km":120},"geometry":{"type":"Polygon","coordinates":[[[-3.710301,50.966883],[-3.425584,50.970706],[-3.431118,51.150493],[-3.716939,51.146645],[-3.710301,50.966883]]]}},{"type":"Feature","properties":{"name":"E280N0140","e_km":280,"n_km":140},"geometry":{"type":"Polygon","coordinates":[[[-3.716939,51.146645],[-3.431118,51.150493],[-3.436709,51.330274],[-3.723646,51.326402],[-3.716939,51.146645]]]}},{"type":"Feature","properties":{"name":"E280N0160","e_km":280,"n_km":160},"geometry":{"type":"Polygon","coordinates":[[[-3.723646,51.326402],[-3.436709,51.330274],[-3.442359,51.510049],[-3.730423,51.506152],[-3.723646,51.326402]]]}},{"type":"Feature","properties":{"name":"E280N0180","e_km":280,"n_km":180},"geometry":{"type":"Polygon","coordinates":[[[-3.730423,51.506152],[-3.442359,51.510049],[-3.448067,51.689818],[-3.73727,51.685896],[-3.730423,51.506152]]]}},{"type":"Feature","properties":{"name":"E280N0200","e_km":280,"n_km":200},"geometry":{"type":"Polygon","coordinates":[[[-3.73727,51.685896],[-3.448067,51.689818],[-3.453835,51.869581],[-3.744188,51.865633],[-3.73727,51.685896]]]}},{"type":"Feature","properties":{"name":"E280N0220","e_km":280,"n_km":220},"geometry":{"type":"Polygon","coordinates":[[[-3.744188,51.865633],[-3.453835,51.869581],[-3.459664,52.049338],[-3.751179,52.045365],[-3.744188,51.865633]]]}},{"type":"Feature","properties":{"name":"E280N0240","e_km":280,"n_km":240},"geometry":{"type":"Polygon","coordinates":[[[-3.751179,52.045365],[-3.459664,52.049338],[-3.465554,52.229089],[-3.758244,52.22509],[-3.751179,52.045365]]]}},{"type":"Feature","properties":{"name":"E280N0260","e_km":280,"n_km":260},"geometry":{"type":"Polygon","coordinates":[[[-3.758244,52.22509],[-3.465554,52.229089],[-3.471506,52.408834],[-3.765383,52.404809],[-3.758244,52.22509]]]}},{"type":"Feature","properties":{"name":"E280N0280","e_km":280,"n_km":280},"geometry":{"type":"Polygon","coordinates":[[[-3.765383,52.404809],[-3.471506,52.408834],[-3.477521,52.588573],[-3.772598,52.584522],[-3.765383,52.404809]]]}},{"type":"Feature","properties":{"name":"E280N0300","e_km":280,"n_km":300},"geometry":{"type":"Polygon","coordinates":[[[-3.772598,52.584522],[-3.477521,52.588573],[-3.483601,52.768306],[-3.77989,52.764229],[-3.772598,52.584522]]]}},{"type":"Feature","properties":{"name":"E280N0320","e_km":280,"n_km":320},"geometry":{"type":"Polygon","coordinates":[[[-3.77989,52.764229],[-3.483601,52.768306],[-3.489745,52.948033],[-3.78726,52.943929],[-3.77989,52.764229]]]}},{"type":"Feature","properties":{"name":"E280N0340","e_km":280,"n_km":340},"geometry":{"type":"Polygon","coordinates":[[[-3.78726,52.943929],[-3.489745,52.948033],[-3.495955,53.127754],[-3.794708,53.123624],[-3.78726,52.943929]]]}},{"type":"Feature","properties":{"name":"E280N0360","e_km":280,"n_km":360},"geometry":{"type":"Polygon","coordinates":[[[-3.794708,53.123624],[-3.495955,53.127754],[-3.502232,53.307469],[-3.802237,53.303312],[-3.794708,53.123624]]]}},{"type":"Feature","properties":{"name":"E280N0380","e_km":280,"n_km":380},"geometry":{"type":"Polygon","coordinates":[[[-3.802237,53.303312],[-3.502232,53.307469],[-3.508576,53.487178],[-3.809846,53.482994],[-3.802237,53.303312]]]}},{"type":"Feature","properties":{"name":"E280N0400","e_km":280,"n_km":400},"geometry":{"type":"Polygon","coordinates":[[[-3.809846,53.482994],[-3.508576,53.487178],[-3.51499,53.666881],[-3.817539,53.662669],[-3.809846,53.482994]]]}},{"type":"Feature","properties":{"name":"E280N0420","e_km":280,"n_km":420},"geometry":{"type":"Polygon","coordinates":[[[-3.817539,53.662669],[-3.51499,53.666881],[-3.521473,53.846578],[-3.825315,53.842339],[-3.817539,53.662669]]]}},{"type":"Feature","properties":{"name":"E280N0440","e_km":280,"n_km":440},"geometry":{"type":"Polygon","coordinates":[[[-3.825315,53.842339],[-3.521473,53.846578],[-3.528026,54.026269],[-3.833175,54.022002],[-3.825315,53.842339]]]}},{"type":"Feature","properties":{"name":"E280N0460","e_km":280,"n_km":460},"geometry":{"type":"Polygon","coordinates":[[[-3.833175,54.022002],[-3.528026,54.026269],[-3.534652,54.205954],[-3.841122,54.201659],[-3.833175,54.022002]]]}},{"type":"Feature","properties":{"name":"E280N0480","e_km":280,"n_km":480},"geometry":{"type":"Polygon","coordinates":[[[-3.841122,54.201659],[-3.534652,54.205954],[-3.54135,54.385634],[-3.849156,54.38131],[-3.841122,54.201659]]]}},{"type":"Feature","properties":{"name":"E280N0500","e_km":280,"n_km":500},"geometry":{"type":"Polygon","coordinates":[[[-3.849156,54.38131],[-3.54135,54.385634],[-3.548123,54.565307],[-3.857279,54.560955],[-3.849156,54.38131]]]}},{"type":"Feature","properties":{"name":"E280N0520","e_km":280,"n_km":520},"geometry":{"type":"Polygon","coordinates":[[[-3.857279,54.560955],[-3.548123,54.565307],[-3.55497,54.744975],[-3.865492,54.740594],[-3.857279,54.560955]]]}},{"type":"Feature","properties":{"name":"E280N0540","e_km":280,"n_km":540},"geometry":{"type":"Polygon","coordinates":[[[-3.865492,54.740594],[-3.55497,54.744975],[-3.561894,54.924636],[-3.873797,54.920226],[-3.865492,54.740594]]]}},{"type":"Feature","properties":{"name":"E280N0560","e_km":280,"n_km":560},"geometry":{"type":"Polygon","coordinates":[[[-3.873797,54.920226],[-3.561894,54.924636],[-3.568895,55.104291],[-3.882194,55.099852],[-3.873797,54.920226]]]}},{"type":"Feature","properties":{"name":"E280N0580","e_km":280,"n_km":580},"geometry":{"type":"Polygon","coordinates":[[[-3.882194,55.099852],[-3.568895,55.104291],[-3.575975,55.283941],[-3.890685,55.279472],[-3.882194,55.099852]]]}},{"type":"Feature","properties":{"name":"E280N0600","e_km":280,"n_km":600},"geometry":{"type":"Polygon","coordinates":[[[-3.890685,55.279472],[-3.575975,55.283941],[-3.583134,55.463585],[-3.899272,55.459086],[-3.890685,55.279472]]]}},{"type":"Feature","properties":{"name":"E280N0620","e_km":280,"n_km":620},"geometry":{"type":"Polygon","coordinates":[[[-3.899272,55.459086],[-3.583134,55.463585],[-3.590375,55.643222],[-3.907956,55.638694],[-3.899272,55.459086]]]}},{"type":"Feature","properties":{"name":"E280N0640","e_km":280,"n_km":640},"geometry":{"type":"Polygon","coordinates":[[[-3.907956,55.638694],[-3.590375,55.643222],[-3.597698,55.822854],[-3.916739,55.818295],[-3.907956,55.638694]]]}},{"type":"Feature","properties":{"name":"E280N0660","e_km":280,"n_km":660},"geometry":{"type":"Polygon","coordinates":[[[-3.916739,55.818295],[-3.597698,55.822854],[-3.605104,56.00248],[-3.925622,55.99789],[-3.916739,55.818295]]]}},{"type":"Feature","properties":{"name":"E280N0680","e_km":280,"n_km":680},"geometry":{"type":"Polygon","coordinates":[[[-3.925622,55.99789],[-3.605104,56.00248],[-3.612595,56.1821],[-3.934606,56.177479],[-3.925622,55.99789]]]}},{"type":"Feature","properties":{"name":"E280N0700","e_km":280,"n_km":700},"geometry":{"type":"Polygon","coordinates":[[[-3.934606,56.177479],[-3.612595,56.1821],[-3.620172,56.361714],[-3.943694,56.357062],[-3.934606,56.177479]]]}},{"type":"Feature","properties":{"name":"E280N0720","e_km":280,"n_km":720},"geometry":{"type":"Polygon","coordinates":[[[-3.943694,56.357062],[-3.620172,56.361714],[-3.627837,56.541322],[-3.952887,56.536638],[-3.943694,56.357062]]]}},{"type":"Feature","properties":{"name":"E280N0740","e_km":280,"n_km":740},"geometry":{"type":"Polygon","coordinates":[[[-3.952887,56.536638],[-3.627837,56.541322],[-3.635591,56.720924],[-3.962187,56.716208],[-3.952887,56.536638]]]}},{"type":"Feature","properties":{"name":"E280N0760","e_km":280,"n_km":760},"geometry":{"type":"Polygon","coordinates":[[[-3.962187,56.716208],[-3.635591,56.720924],[-3.643435,56.900521],[-3.971595,56.895773],[-3.962187,56.716208]]]}},{"type":"Feature","properties":{"name":"E280N0780","e_km":280,"n_km":780},"geometry":{"type":"Polygon","coordinates":[[[-3.971595,56.895773],[-3.643435,56.900521],[-3.651371,57.080111],[-3.981113,57.07533],[-3.971595,56.895773]]]}},{"type":"Feature","properties":{"name":"E280N0800","e_km":280,"n_km":800},"geometry":{"type":"Polygon","coordinates":[[[-3.981113,57.07533],[-3.651371,57.080111],[-3.6594,57.259695],[-3.990743,57.254882],[-3.981113,57.07533]]]}},{"type":"Feature","properties":{"name":"E280N0820","e_km":280,"n_km":820},"geometry":{"type":"Polygon","coordinates":[[[-3.990743,57.254882],[-3.6594,57.259695],[-3.667525,57.439274],[-4.000487,57.434428],[-3.990743,57.254882]]]}},{"type":"Feature","properties":{"name":"E280N0840","e_km":280,"n_km":840},"geometry":{"type":"Polygon","coordinates":[[[-4.000487,57.434428],[-3.667525,57.439274],[-3.675745,57.618847],[-4.010346,57.613967],[-4.000487,57.434428]]]}},{"type":"Feature","properties":{"name":"E280N0860","e_km":280,"n_km":860},"geometry":{"type":"Polygon","coordinates":[[[-4.010346,57.613967],[-3.675745,57.618847],[-3.684064,57.798413],[-4.020323,57.7935],[-4.010346,57.613967]]]}},{"type":"Feature","properties":{"name":"E280N0880","e_km":280,"n_km":880},"geometry":{"type":"Polygon","coordinates":[[[-4.020323,57.7935],[-3.684064,57.798413],[-3.692482,57.977974],[-4.03042,57.973027],[-4.020323,57.7935]]]}},{"type":"Feature","properties":{"name":"E280N0900","e_km":280,"n_km":900},"geometry":{"type":"Polygon","coordinates":[[[-4.03042,57.973027],[-3.692482,57.977974],[-3.701002,58.157529],[-4.040638,58.152547],[-4.03042,57.973027]]]}},{"type":"Feature","properties":{"name":"E280N0920","e_km":280,"n_km":920},"geometry":{"type":"Polygon","coordinates":[[[-4.040638,58.152547],[-3.701002,58.157529],[-3.709625,58.337079],[-4.050979,58.332061],[-4.040638,58.152547]]]}},{"type":"Feature","properties":{"name":"E280N0940","e_km":280,"n_km":940},"geometry":{"type":"Polygon","coordinates":[[[-4.050979,58.332061],[-3.709625,58.337079],[-3.718352,58.516622],[-4.061446,58.511569],[-4.050979,58.332061]]]}},{"type":"Feature","properties":{"name":"E280N0960","e_km":280,"n_km":960},"geometry":{"type":"Polygon","coordinates":[[[-4.061446,58.511569],[-3.718352,58.516622],[-3.727186,58.696159],[-4.072041,58.691071],[-4.061446,58.511569]]]}},{"type":"Feature","properties":{"name":"E280N0980","e_km":280,"n_km":980},"geometry":{"type":"Polygon","coordinates":[[[-4.072041,58.691071],[-3.727186,58.696159],[-3.736128,58.875691],[-4.082765,58.870567],[-4.072041,58.691071]]]}},{"type":"Feature","properties":{"name":"E280N1000","e_km":280,"n_km":1000},"geometry":{"type":"Polygon","coordinates":[[[-4.082765,58.870567],[-3.736128,58.875691],[-3.745181,59.055216],[-4.093622,59.050056],[-4.082765,58.870567]]]}},{"type":"Feature","properties":{"name":"E280N1020","e_km":280,"n_km":1020},"geometry":{"type":"Polygon","coordinates":[[[-4.093622,59.050056],[-3.745181,59.055216],[-3.754346,59.234736],[-4.104613,59.229539],[-4.093622,59.050056]]]}},{"type":"Feature","properties":{"name":"E280N1040","e_km":280,"n_km":1040},"geometry":{"type":"Polygon","coordinates":[[[-4.104613,59.229539],[-3.754346,59.234736],[-3.763624,59.41425],[-4.115742,59.409016],[-4.104613,59.229539]]]}},{"type":"Feature","properties":{"name":"E280N1060","e_km":280,"n_km":1060},"geometry":{"type":"Polygon","coordinates":[[[-4.115742,59.409016],[-3.763624,59.41425],[-3.773019,59.593758],[-4.127009,59.588487],[-4.115742,59.409016]]]}},{"type":"Feature","properties":{"name":"E280N1080","e_km":280,"n_km":1080},"geometry":{"type":"Polygon","coordinates":[[[-4.127009,59.588487],[-3.773019,59.593758],[-3.782533,59.77326],[-4.138418,59.767951],[-4.127009,59.588487]]]}},{"type":"Feature","properties":{"name":"E280N1100","e_km":280,"n_km":1100},"geometry":{"type":"Polygon","coordinates":[[[-4.138418,59.767951],[-3.782533,59.77326],[-3.792166,59.952756],[-4.149971,59.947409],[-4.138418,59.767951]]]}},{"type":"Feature","properties":{"name":"E280N1120","e_km":280,"n_km":1120},"geometry":{"type":"Polygon","coordinates":[[[-4.149971,59.947409],[-3.792166,59.952756],[-3.801922,60.132247],[-4.161671,60.126861],[-4.149971,59.947409]]]}},{"type":"Feature","properties":{"name":"E280N1140","e_km":280,"n_km":1140},"geometry":{"type":"Polygon","coordinates":[[[-4.161671,60.126861],[-3.801922,60.132247],[-3.811802,60.311731],[-4.17352,60.306306],[-4.161671,60.126861]]]}},{"type":"Feature","properties":{"name":"E280N1160","e_km":280,"n_km":1160},"geometry":{"type":"Polygon","coordinates":[[[-4.17352,60.306306],[-3.811802,60.311731],[-3.821809,60.49121],[-4.185521,60.485745],[-4.17352,60.306306]]]}},{"type":"Feature","properties":{"name":"E280N1180","e_km":280,"n_km":1180},"geometry":{"type":"Polygon","coordinates":[[[-4.185521,60.485745],[-3.821809,60.49121],[-3.831945,60.670683],[-4.197677,60.665178],[-4.185521,60.485745]]]}},{"type":"Feature","properties":{"name":"E280N1200","e_km":280,"n_km":1200},"geometry":{"type":"Polygon","coordinates":[[[-4.197677,60.665178],[-3.831945,60.670683],[-3.842213,60.85015],[-4.209991,60.844605],[-4.197677,60.665178]]]}},{"type":"Feature","properties":{"name":"E280N1220","e_km":280,"n_km":1220},"geometry":{"type":"Polygon","coordinates":[[[-4.209991,60.844605],[-3.842213,60.85015],[-3.852615,61.029611],[-4.222465,61.024025],[-4.209991,60.844605]]]}},{"type":"Feature","properties":{"name":"E280N1240","e_km":280,"n_km":1240},"geometry":{"type":"Polygon","coordinates":[[[-4.222465,61.024025],[-3.852615,61.029611],[-3.861557,61.209767],[-4.233562,61.204144],[-4.222465,61.024025]]]}},{"type":"Feature","properties":{"name":"E280N1260","e_km":280,"n_km":1260},"geometry":{"type":"Polygon","coordinates":[[[-4.233562,61.204144],[-3.861557,61.209767],[-3.872225,61.389238],[-4.246359,61.383574],[-4.233562,61.204144]]]}},{"type":"Feature","properties":{"name":"E280N1280","e_km":280,"n_km":1280},"geometry":{"type":"Polygon","coordinates":[[[-4.246359,61.383574],[-3.872225,61.389238],[-3.883035,61.568704],[-4.259324,61.562997],[-4.246359,61.383574]]]}},{"type":"Feature","properties":{"name":"E300N0000","e_km":300,"n_km":0},"geometry":{"type":"Polygon","coordinates":[[[-3.39354,49.891859],[-3.115162,49.894871],[-3.119329,50.074713],[-3.398746,50.071682],[-3.39354,49.891859]]]}},{"type":"Feature","properties":{"name":"E300N0020","e_km":300,"n_km":20},"geometry":{"type":"Polygon","coordinates":[[[-3.398746,50.071682],[-3.119329,50.074713],[-3.123538,50.254549],[-3.404005,50.251499],[-3.398746,50.071682]]]}},{"type":"Feature","properties":{"name":"E300N0040","e_km":300,"n_km":40},"geometry":{"type":"Polygon","coordinates":[[[-3.404005,50.251499],[-3.123538,50.254549],[-3.12779,50.43438],[-3.409317,50.431309],[-3.404005,50.251499]]]}},{"type":"Feature","properties":{"name":"E300N0060","e_km":300,"n_km":60},"geometry":{"type":"Polygon","coordinates":[[[-3.409317,50.431309],[-3.12779,50.43438],[-3.132086,50.614204],[-3.414684,50.611114],[-3.409317,50.431309]]]}},{"type":"Feature","properties":{"name":"E300N0080","e_km":300,"n_km":80},"geometry":{"type":"Polygon","coordinates":[[[-3.414684,50.611114],[-3.132086,50.614204],[-3.136425,50.794023],[-3.420106,50.790913],[-3.414684,50.611114]]]}},{"type":"Feature","properties":{"name":"E300N0100","e_km":300,"n_km":100},"geometry":{"type":"Polygon","coordinates":[[[-3.420106,50.790913],[-3.136425,50.794023],[-3.14081,50.973836],[-3.425584,50.970706],[-3.420106,50.790913]]]}},{"type":"Feature","properties":{"name":"E300N0120","e_km":300,"n_km":120},"geometry":{"type":"Polygon","coordinates":[[[-3.425584,50.970706],[-3.14081,50.973836],[-3.145239,51.153642],[-3.431118,51.150493],[-3.425584,50.970706]]]}},{"type":"Feature","properties":{"name":"E300N0140","e_km":300,"n_km":140},"geometry":{"type":"Polygon","coordinates":[[[-3.431118,51.150493],[-3.145239,51.153642],[-3.149715,51.333444],[-3.436709,51.330274],[-3.431118,51.150493]]]}},{"type":"Feature","properties":{"name":"E300N0160","e_km":300,"n_km":160},"geometry":{"type":"Polygon","coordinates":[[[-3.436709,51.330274],[-3.149715,51.333444],[-3.154236,51.513239],[-3.442359,51.510049],[-3.436709,51.330274]]]}},{"type":"Feature","properties":{"name":"E300N0180","e_km":300,"n_km":180},"geometry":{"type":"Polygon","coordinates":[[[-3.442359,51.510049],[-3.154236,51.513239],[-3.158805,51.693028],[-3.448067,51.689818],[-3.442359,51.510049]]]}},{"type":"Feature","properties":{"name":"E300N0200","e_km":300,"n_km":200},"geometry":{"type":"Polygon","coordinates":[[[-3.448067,51.689818],[-3.158805,51.693028],[-3.163422,51.872812],[-3.453835,51.869581],[-3.448067,51.689818]]]}},{"type":"Feature","properties":{"name":"E300N0220","e_km":300,"n_km":220},"geometry":{"type":"Polygon","coordinates":[[[-3.453835,51.869581],[-3.163422,51.872812],[-3.168087,52.05259],[-3.459664,52.049338],[-3.453835,51.869581]]]}},{"type":"Feature","properties":{"name":"E300N0240","e_km":300,"n_km":240},"geometry":{"type":"Polygon","coordinates":[[[-3.459664,52.049338],[-3.168087,52.05259],[-3.172802,52.232361],[-3.465554,52.229089],[-3.459664,52.049338]]]}},{"type":"Feature","properties":{"name":"E300N0260","e_km":300,"n_km":260},"geometry":{"type":"Polygon","coordinates":[[[-3.465554,52.229089],[-3.172802,52.232361],[-3.177566,52.412128],[-3.471506,52.408834],[-3.465554,52.229089]]]}},{"type":"Feature","properties":{"name":"E300N0280","e_km":300,"n_km":280},"geometry":{"type":"Polygon","coordinates":[[[-3.471506,52.408834],[-3.177566,52.412128],[-3.182381,52.591888],[-3.477521,52.588573],[-3.471506,52.408834]]]}},{"type":"Feature","properties":{"name":"E300N0300","e_km":300,"n_km":300},"geometry":{"type":"Polygon","coordinates":[[[-3.477521,52.588573],[-3.182381,52.591888],[-3.187247,52.771642],[-3.483601,52.768306],[-3.477521,52.588573]]]}},{"type":"Feature","properties":{"name":"E300N0320","e_km":300,"n_km":320},"geometry":{"type":"Polygon","coordinates":[[[-3.483601,52.768306],[-3.187247,52.771642],[-3.192164,52.951391],[-3.489745,52.948033],[-3.483601,52.768306]]]}},{"type":"Feature","properties":{"name":"E300N0340","e_km":300,"n_km":340},"geometry":{"type":"Polygon","coordinates":[[[-3.489745,52.948033],[-3.192164,52.951391],[-3.197135,53.131134],[-3.495955,53.127754],[-3.489745,52.948033]]]}},{"type":"Feature","properties":{"name":"E300N0360","e_km":300,"n_km":360},"geometry":{"type":"Polygon","coordinates":[[[-3.495955,53.127754],[-3.197135,53.131134],[-3.202159,53.310871],[-3.502232,53.307469],[-3.495955,53.127754]]]}},{"type":"Feature","properties":{"name":"E300N0380","e_km":300,"n_km":380},"geometry":{"type":"Polygon","coordinates":[[[-3.502232,53.307469],[-3.202159,53.310871],[-3.207237,53.490602],[-3.508576,53.487178],[-3.502232,53.307469]]]}},{"type":"Feature","properties":{"name":"E300N0400","e_km":300,"n_km":400},"geometry":{"type":"Polygon","coordinates":[[[-3.508576,53.487178],[-3.207237,53.490602],[-3.212371,53.670328],[-3.51499,53.666881],[-3.508576,53.487178]]]}},{"type":"Feature","properties":{"name":"E300N0420","e_km":300,"n_km":420},"geometry":{"type":"Polygon","coordinates":[[[-3.51499,53.666881],[-3.212371,53.670328],[-3.21756,53.850048],[-3.521473,53.846578],[-3.51499,53.666881]]]}},{"type":"Feature","properties":{"name":"E300N0440","e_km":300,"n_km":440},"geometry":{"type":"Polygon","coordinates":[[[-3.521473,53.846578],[-3.21756,53.850048],[-3.222806,54.029762],[-3.528026,54.026269],[-3.521473,53.846578]]]}},{"type":"Feature","properties":{"name":"E300N0460","e_km":300,"n_km":460},"geometry":{"type":"Polygon","coordinates":[[[-3.528026,54.026269],[-3.222806,54.029762],[-3.228109,54.20947],[-3.534652,54.205954],[-3.528026,54.026269]]]}},{"type":"Feature","properties":{"name":"E300N0480","e_km":300,"n_km":480},"geometry":{"type":"Polygon","coordinates":[[[-3.534652,54.205954],[-3.228109,54.20947],[-3.23347,54.389172],[-3.54135,54.385634],[-3.534652,54.205954]]]}},{"type":"Feature","properties":{"name":"E300N0500","e_km":300,"n_km":500},"geometry":{"type":"Polygon","coordinates":[[[-3.54135,54.385634],[-3.23347,54.389172],[-3.238891,54.568869],[-3.548123,54.565307],[-3.54135,54.385634]]]}},{"type":"Feature","properties":{"name":"E300N0520","e_km":300,"n_km":520},"geometry":{"type":"Polygon","coordinates":[[[-3.548123,54.565307],[-3.238891,54.568869],[-3.244372,54.74856],[-3.55497,54.744975],[-3.548123,54.565307]]]}},{"type":"Feature","properties":{"name":"E300N0540","e_km":300,"n_km":540},"geometry":{"type":"Polygon","coordinates":[[[-3.55497,54.744975],[-3.244372,54.74856],[-3.249914,54.928246],[-3.561894,54.924636],[-3.55497,54.744975]]]}},{"type":"Feature","properties":{"name":"E300N0560","e_km":300,"n_km":560},"geometry":{"type":"Polygon","coordinates":[[[-3.561894,54.924636],[-3.249914,54.928246],[-3.255518,55.107925],[-3.568895,55.104291],[-3.561894,54.924636]]]}},{"type":"Feature","properties":{"name":"E300N0580","e_km":300,"n_km":580},"geometry":{"type":"Polygon","coordinates":[[[-3.568895,55.104291],[-3.255518,55.107925],[-3.261185,55.287599],[-3.575975,55.283941],[-3.568895,55.104291]]]}},{"type":"Feature","properties":{"name":"E300N0600","e_km":300,"n_km":600},"geometry":{"type":"Polygon","coordinates":[[[-3.575975,55.283941],[-3.261185,55.287599],[-3.266916,55.467267],[-3.583134,55.463585],[-3.575975,55.283941]]]}},{"type":"Feature","properties":{"name":"E300N0620","e_km":300,"n_km":620},"geometry":{"type":"Polygon","coordinates":[[[-3.583134,55.463585],[-3.266916,55.467267],[-3.272711,55.646929],[-3.590375,55.643222],[-3.583134,55.463585]]]}},{"type":"Feature","properties":{"name":"E300N0640","e_km":300,"n_km":640},"geometry":{"type":"Polygon","coordinates":[[[-3.590375,55.643222],[-3.272711,55.646929],[-3.278573,55.826586],[-3.597698,55.822854],[-3.590375,55.643222]]]}},{"type":"Feature","properties":{"name":"E300N0660","e_km":300,"n_km":660},"geometry":{"type":"Polygon","coordinates":[[[-3.597698,55.822854],[-3.278573,55.826586],[-3.284501,56.006237],[-3.605104,56.00248],[-3.597698,55.822854]]]}},{"type":"Feature","properties":{"name":"E300N0680","e_km":300,"n_km":680},"geometry":{"type":"Polygon","coordinates":[[[-3.605104,56.00248],[-3.284501,56.006237],[-3.290497,56.185882],[-3.612595,56.1821],[-3.605104,56.00248]]]}},{"type":"Feature","properties":{"name":"E300N0700","e_km":300,"n_km":700},"geometry":{"type":"Polygon","coordinates":[[[-3.612595,56.1821],[-3.290497,56.185882],[-3.296562,56.365522],[-3.620172,56.361714],[-3.612595,56.1821]]]}},{"type":"Feature","properties":{"name":"E300N0720","e_km":300,"n_km":720},"geometry":{"type":"Polygon","coordinates":[[[-3.620172,56.361714],[-3.296562,56.365522],[-3.302698,56.545156],[-3.627837,56.541322],[-3.620172,56.361714]]]}},{"type":"Feature","properties":{"name":"E300N0740","e_km":300,"n_km":740},"geometry":{"type":"Polygon","coordinates":[[[-3.627837,56.541322],[-3.302698,56.545156],[-3.308904,56.724784],[-3.635591,56.720924],[-3.627837,56.541322]]]}},{"type":"Feature","properties":{"name":"E300N0760","e_km":300,"n_km":760},"geometry":{"type":"Polygon","coordinates":[[[-3.635591,56.720924],[-3.308904,56.724784],[-3.315183,56.904407],[-3.643435,56.900521],[-3.635591,56.720924]]]}},{"type":"Feature","properties":{"name":"E300N0780","e_km":300,"n_km":780},"geometry":{"type":"Polygon","coordinates":[[[-3.643435,56.900521],[-3.315183,56.904407],[-3.321535,57.084024],[-3.651371,57.080111],[-3.643435,56.900521]]]}},{"type":"Feature","properties":{"name":"E300N0800","e_km":300,"n_km":800},"geometry":{"type":"Polygon","coordinates":[[[-3.651371,57.080111],[-3.321535,57.084024],[-3.327963,57.263635],[-3.6594,57.259695],[-3.651371,57.080111]]]}},{"type":"Feature","properties":{"name":"E300N0820","e_km":300,"n_km":820},"geometry":{"type":"Polygon","coordinates":[[[-3.6594,57.259695],[-3.327963,57.263635],[-3.334466,57.443241],[-3.667525,57.439274],[-3.6594,57.259695]]]}},{"type":"Feature","properties":{"name":"E300N0840","e_km":300,"n_km":840},"geometry":{"type":"Polygon","coordinates":[[[-3.667525,57.439274],[-3.334466,57.443241],[-3.341046,57.622841],[-3.675745,57.618847],[-3.667525,57.439274]]]}},{"type":"Feature","properties":{"name":"E300N0860","e_km":300,"n_km":860},"geometry":{"type":"Polygon","coordinates":[[[-3.675745,57.618847],[-3.341046,57.622841],[-3.347705,57.802436],[-3.684064,57.798413],[-3.675745,57.618847]]]}},{"type":"Feature","properties":{"name":"E300N0880","e_km":300,"n_km":880},"geometry":{"type":"Polygon","coordinates":[[[-3.684064,57.798413],[-3.347705,57.802436],[-3.354444,57.982024],[-3.692482,57.977974],[-3.684064,57.798413]]]}},{"type":"Feature","properties":{"name":"E300N0900","e_km":300,"n_km":900},"geometry":{"type":"Polygon","coordinates":[[[-3.692482,57.977974],[-3.354444,57.982024],[-3.361263,58.161608],[-3.701002,58.157529],[-3.692482,57.977974]]]}},{"type":"Feature","properties":{"name":"E300N0920","e_km":300,"n_km":920},"geometry":{"type":"Polygon","coordinates":[[[-3.701002,58.157529],[-3.361263,58.161608],[-3.368165,58.341185],[-3.709625,58.337079],[-3.701002,58.157529]]]}},{"type":"Feature","properties":{"name":"E300N0940","e_km":300,"n_km":940},"geometry":{"type":"Polygon","coordinates":[[[-3.709625,58.337079],[-3.368165,58.341185],[-3.375152,58.520757],[-3.718352,58.516622],[-3.709625,58.337079]]]}},{"type":"Feature","properties":{"name":"E300N0960","e_km":300,"n_km":960},"geometry":{"type":"Polygon","coordinates":[[[-3.718352,58.516622],[-3.375152,58.520757],[-3.382223,58.700324],[-3.727186,58.696159],[-3.718352,58.516622]]]}},{"type":"Feature","properties":{"name":"E300N0980","e_km":300,"n_km":980},"geometry":{"type":"Polygon","coordinates":[[[-3.727186,58.696159],[-3.382223,58.700324],[-3.389381,58.879885],[-3.736128,58.875691],[-3.727186,58.696159]]]}},{"type":"Feature","properties":{"name":"E300N1000","e_km":300,"n_km":1000},"geometry":{"type":"Polygon","coordinates":[[[-3.736128,58.875691],[-3.389381,58.879885],[-3.396628,59.05944],[-3.745181,59.055216],[-3.736128,58.875691]]]}},{"type":"Feature","properties":{"name":"E300N1020","e_km":300,"n_km":1020},"geometry":{"type":"Polygon","coordinates":[[[-3.745181,59.055216],[-3.396628,59.05944],[-3.403964,59.23899],[-3.754346,59.234736],[-3.745181,59.055216]]]}},{"type":"Feature","properties":{"name":"E300N1040","e_km":300,"n_km":1040},"geometry":{"type":"Polygon","coordinates":[[[-3.754346,59.234736],[-3.403964,59.23899],[-3.411391,59.418534],[-3.763624,59.41425],[-3.754346,59.234736]]]}},{"type":"Feature","properties":{"name":"E300N1060","e_km":300,"n_km":1060},"geometry":{"type":"Polygon","coordinates":[[[-3.763624,59.41425],[-3.411391,59.418534],[-3.418912,59.598073],[-3.773019,59.593758],[-3.763624,59.41425]]]}},{"type":"Feature","properties":{"name":"E300N1080","e_km":300,"n_km":1080},"geometry":{"type":"Polygon","coordinates":[[[-3.773019,59.593758],[-3.418912,59.598073],[-3.426527,59.777606],[-3.782533,59.77326],[-3.773019,59.593758]]]}},{"type":"Feature","properties":{"name":"E300N1100","e_km":300,"n_km":1100},"geometry":{"type":"Polygon","coordinates":[[[-3.782533,59.77326],[-3.426527,59.777606],[-3.434239,59.957133],[-3.792166,59.952756],[-3.782533,59.77326]]]}},{"type":"Feature","properties":{"name":"E300N1120","e_km":300,"n_km":1120},"geometry":{"type":"Polygon","coordinates":[[[-3.792166,59.952756],[-3.434239,59.957133],[-3.442048,60.136655],[-3.801922,60.132247],[-3.792166,59.952756]]]}},{"type":"Feature","properties":{"name":"E300N1140","e_km":300,"n_km":1140},"geometry":{"type":"Polygon","coordinates":[[[-3.801922,60.132247],[-3.442048,60.136655],[-3.449957,60.316172],[-3.811802,60.311731],[-3.801922,60.132247]]]}},{"type":"Feature","properties":{"name":"E300N1160","e_km":300,"n_km":1160},"geometry":{"type":"Polygon","coordinates":[[[-3.811802,60.311731],[-3.449957,60.316172],[-3.457968,60.495683],[-3.821809,60.49121],[-3.811802,60.311731]]]}},{"type":"Feature","properties":{"name":"E300N1180","e_km":300,"n_km":1180},"geometry":{"type":"Polygon","coordinates":[[[-3.821809,60.49121],[-3.457968,60.495683],[-3.466082,60.675188],[-3.831945,60.670683],[-3.821809,60.49121]]]}},{"type":"Feature","properties":{"name":"E300N1200","e_km":300,"n_km":1200},"geometry":{"type":"Polygon","coordinates":[[[-3.831945,60.670683],[-3.466082,60.675188],[-3.474302,60.854688],[-3.842213,60.85015],[-3.831945,60.670683]]]}},{"type":"Feature","properties":{"name":"E300N1220","e_km":300,"n_km":1220},"geometry":{"type":"Polygon","coordinates":[[[-3.842213,60.85015],[-3.474302,60.854688],[-3.482629,61.034183],[-3.852615,61.029611],[-3.842213,60.85015]]]}},{"type":"Feature","properties":{"name":"E300N1240","e_km":300,"n_km":1240},"geometry":{"type":"Polygon","coordinates":[[[-3.852615,61.029611],[-3.482629,61.034183],[-3.489412,61.214368],[-3.861557,61.209767],[-3.852615,61.029611]]]}},{"type":"Feature","properties":{"name":"E300N1260","e_km":300,"n_km":1260},"geometry":{"type":"Polygon","coordinates":[[[-3.861557,61.209767],[-3.489412,61.214368],[-3.49795,61.393874],[-3.872225,61.389238],[-3.861557,61.209767]]]}},{"type":"Feature","properties":{"name":"E300N1280","e_km":300,"n_km":1280},"geometry":{"type":"Polygon","coordinates":[[[-3.872225,61.389238],[-3.49795,61.393874],[-3.506601,61.573374],[-3.883035,61.568704],[-3.872225,61.389238]]]}},{"type":"Feature","properties":{"name":"E320N0000","e_km":320,"n_km":0},"geometry":{"type":"Polygon","coordinates":[[[-3.115162,49.894871],[-2.836742,49.897215],[-2.839869,50.077072],[-3.119329,50.074713],[-3.115162,49.894871]]]}},{"type":"Feature","properties":{"name":"E320N0020","e_km":320,"n_km":20},"geometry":{"type":"Polygon","coordinates":[[[-3.119329,50.074713],[-2.839869,50.077072],[-2.843028,50.256923],[-3.123538,50.254549],[-3.119329,50.074713]]]}},{"type":"Feature","properties":{"name":"E320N0040","e_km":320,"n_km":40},"geometry":{"type":"Polygon","coordinates":[[[-3.123538,50.254549],[-2.843028,50.256923],[-2.846219,50.436769],[-3.12779,50.43438],[-3.123538,50.254549]]]}},{"type":"Feature","properties":{"name":"E320N0060","e_km":320,"n_km":60},"geometry":{"type":"Polygon","coordinates":[[[-3.12779,50.43438],[-2.846219,50.436769],[-2.849443,50.616608],[-3.132086,50.614204],[-3.12779,50.43438]]]}},{"type":"Feature","properties":{"name":"E320N0080","e_km":320,"n_km":80},"geometry":{"type":"Polygon","coordinates":[[[-3.132086,50.614204],[-2.849443,50.616608],[-2.8527,50.796442],[-3.136425,50.794023],[-3.132086,50.614204]]]}},{"type":"Feature","properties":{"name":"E320N0100","e_km":320,"n_km":100},"geometry":{"type":"Polygon","coordinates":[[[-3.136425,50.794023],[-2.8527,50.796442],[-2.85599,50.976271],[-3.14081,50.973836],[-3.136425,50.794023]]]}},{"type":"Feature","properties":{"name":"E320N0120","e_km":320,"n_km":120},"geometry":{"type":"Polygon","coordinates":[[[-3.14081,50.973836],[-2.85599,50.976271],[-2.859314,51.156093],[-3.145239,51.153642],[-3.14081,50.973836]]]}},{"type":"Feature","properties":{"name":"E320N0140","e_km":320,"n_km":140},"geometry":{"type":"Polygon","coordinates":[[[-3.145239,51.153642],[-2.859314,51.156093],[-2.862673,51.33591],[-3.149715,51.333444],[-3.145239,51.153642]]]}},{"type":"Feature","properties":{"name":"E320N0160","e_km":320,"n_km":160},"geometry":{"type":"Polygon","coordinates":[[[-3.149715,51.333444],[-2.862673,51.33591],[-2.866067,51.515721],[-3.154236,51.513239],[-3.149715,51.333444]]]}},{"type":"Feature","properties":{"name":"E320N0180","e_km":320,"n_km":180},"geometry":{"type":"Polygon","coordinates":[[[-3.154236,51.513239],[-2.866067,51.515721],[-2.869496,51.695526],[-3.158805,51.693028],[-3.154236,51.513239]]]}},{"type":"Feature","properties":{"name":"E320N0200","e_km":320,"n_km":200},"geometry":{"type":"Polygon","coordinates":[[[-3.158805,51.693028],[-2.869496,51.695526],[-2.872961,51.875326],[-3.163422,51.872812],[-3.158805,51.693028]]]}},{"type":"Feature","properties":{"name":"E320N0220","e_km":320,"n_km":220},"geometry":{"type":"Polygon","coordinates":[[[-3.163422,51.872812],[-2.872961,51.875326],[-2.876462,52.05512],[-3.168087,52.05259],[-3.163422,51.872812]]]}},{"type":"Feature","properties":{"name":"E320N0240","e_km":320,"n_km":240},"geometry":{"type":"Polygon","coordinates":[[[-3.168087,52.05259],[-2.876462,52.05512],[-2.88,52.234908],[-3.172802,52.232361],[-3.168087,52.05259]]]}},{"type":"Feature","properties":{"name":"E320N0260","e_km":320,"n_km":260},"geometry":{"type":"Polygon","coordinates":[[[-3.172802,52.232361],[-2.88,52.234908],[-2.883575,52.414691],[-3.177566,52.412128],[-3.172802,52.232361]]]}},{"type":"Feature","properties":{"name":"E320N0280","e_km":320,"n_km":280},"geometry":{"type":"Polygon","coordinates":[[[-3.177566,52.412128],[-2.883575,52.414691],[-2.887189,52.594468],[-3.182381,52.591888],[-3.177566,52.412128]]]}},{"type":"Feature","properties":{"name":"E320N0300","e_km":320,"n_km":300},"geometry":{"type":"Polygon","coordinates":[[[-3.182381,52.591888],[-2.887189,52.594468],[-2.890841,52.774239],[-3.187247,52.771642],[-3.182381,52.591888]]]}},{"type":"Feature","properties":{"name":"E320N0320","e_km":320,"n_km":320},"geometry":{"type":"Polygon","coordinates":[[[-3.187247,52.771642],[-2.890841,52.774239],[-2.894531,52.954005],[-3.192164,52.951391],[-3.187247,52.771642]]]}},{"type":"Feature","properties":{"name":"E320N0340","e_km":320,"n_km":340},"geometry":{"type":"Polygon","coordinates":[[[-3.192164,52.951391],[-2.894531,52.954005],[-2.898262,53.133764],[-3.197135,53.131134],[-3.192164,52.951391]]]}},{"type":"Feature","properties":{"name":"E320N0360","e_km":320,"n_km":360},"geometry":{"type":"Polygon","coordinates":[[[-3.197135,53.131134],[-2.898262,53.133764],[-2.902032,53.313519],[-3.202159,53.310871],[-3.197135,53.131134]]]}},{"type":"Feature","properties":{"name":"E320N0380","e_km":320,"n_km":380},"geometry":{"type":"Polygon","coordinates":[[[-3.202159,53.310871],[-2.902032,53.313519],[-2.905843,53.493267],[-3.207237,53.490602],[-3.202159,53.310871]]]}},{"type":"Feature","properties":{"name":"E320N0400","e_km":320,"n_km":400},"geometry":{"type":"Polygon","coordinates":[[[-3.207237,53.490602],[-2.905843,53.493267],[-2.909696,53.67301],[-3.212371,53.670328],[-3.207237,53.490602]]]}},{"type":"Feature","properties":{"name":"E320N0420","e_km":320,"n_km":420},"geometry":{"type":"Polygon","coordinates":[[[-3.212371,53.670328],[-2.909696,53.67301],[-2.91359,53.852748],[-3.21756,53.850048],[-3.212371,53.670328]]]}},{"type":"Feature","properties":{"name":"E320N0440","e_km":320,"n_km":440},"geometry":{"type":"Polygon","coordinates":[[[-3.21756,53.850048],[-2.91359,53.852748],[-2.917527,54.03248],[-3.222806,54.029762],[-3.21756,53.850048]]]}},{"type":"Feature","properties":{"name":"E320N0460","e_km":320,"n_km":460},"geometry":{"type":"Polygon","coordinates":[[[-3.222806,54.029762],[-2.917527,54.03248],[-2.921507,54.212206],[-3.228109,54.20947],[-3.222806,54.029762]]]}},{"type":"Feature","properties":{"name":"E320N0480","e_km":320,"n_km":480},"geometry":{"type":"Polygon","coordinates":[[[-3.228109,54.20947],[-2.921507,54.212206],[-2.925531,54.391926],[-3.23347,54.389172],[-3.228109,54.20947]]]}},{"type":"Feature","properties":{"name":"E320N0500","e_km":320,"n_km":500},"geometry":{"type":"Polygon","coordinates":[[[-3.23347,54.389172],[-2.925531,54.391926],[-2.9296,54.571641],[-3.238891,54.568869],[-3.23347,54.389172]]]}},{"type":"Feature","properties":{"name":"E320N0520","e_km":320,"n_km":520},"geometry":{"type":"Polygon","coordinates":[[[-3.238891,54.568869],[-2.9296,54.571641],[-2.933713,54.751351],[-3.244372,54.74856],[-3.238891,54.568869]]]}},{"type":"Feature","properties":{"name":"E320N0540","e_km":320,"n_km":540},"geometry":{"type":"Polygon","coordinates":[[[-3.244372,54.74856],[-2.933713,54.751351],[-2.937872,54.931054],[-3.249914,54.928246],[-3.244372,54.74856]]]}},{"type":"Feature","properties":{"name":"E320N0560","e_km":320,"n_km":560},"geometry":{"type":"Polygon","coordinates":[[[-3.249914,54.928246],[-2.937872,54.931054],[-2.942078,55.110753],[-3.255518,55.107925],[-3.249914,54.928246]]]}},{"type":"Feature","properties":{"name":"E320N0580","e_km":320,"n_km":580},"geometry":{"type":"Polygon","coordinates":[[[-3.255518,55.107925],[-2.942078,55.110753],[-2.946331,55.290445],[-3.261185,55.287599],[-3.255518,55.107925]]]}},{"type":"Feature","properties":{"name":"E320N0600","e_km":320,"n_km":600},"geometry":{"type":"Polygon","coordinates":[[[-3.261185,55.287599],[-2.946331,55.290445],[-2.950632,55.470132],[-3.266916,55.467267],[-3.261185,55.287599]]]}},{"type":"Feature","properties":{"name":"E320N0620","e_km":320,"n_km":620},"geometry":{"type":"Polygon","coordinates":[[[-3.266916,55.467267],[-2.950632,55.470132],[-2.954982,55.649814],[-3.272711,55.646929],[-3.266916,55.467267]]]}},{"type":"Feature","properties":{"name":"E320N0640","e_km":320,"n_km":640},"geometry":{"type":"Polygon","coordinates":[[[-3.272711,55.646929],[-2.954982,55.649814],[-2.959381,55.82949],[-3.278573,55.826586],[-3.272711,55.646929]]]}},{"type":"Feature","properties":{"name":"E320N0660","e_km":320,"n_km":660},"geometry":{"type":"Polygon","coordinates":[[[-3.278573,55.826586],[-2.959381,55.82949],[-2.96383,56.009161],[-3.284501,56.006237],[-3.278573,55.826586]]]}},{"type":"Feature","properties":{"name":"E320N0680","e_km":320,"n_km":680},"geometry":{"type":"Polygon","coordinates":[[[-3.284501,56.006237],[-2.96383,56.009161],[-2.96833,56.188826],[-3.290497,56.185882],[-3.284501,56.006237]]]}},{"type":"Feature","properties":{"name":"E320N0700","e_km":320,"n_km":700},"geometry":{"type":"Polygon","coordinates":[[[-3.290497,56.185882],[-2.96833,56.188826],[-2.972882,56.368485],[-3.296562,56.365522],[-3.290497,56.185882]]]}},{"type":"Feature","properties":{"name":"E320N0720","e_km":320,"n_km":720},"geometry":{"type":"Polygon","coordinates":[[[-3.296562,56.365522],[-2.972882,56.368485],[-2.977487,56.548139],[-3.302698,56.545156],[-3.296562,56.365522]]]}},{"type":"Feature","properties":{"name":"E320N0740","e_km":320,"n_km":740},"geometry":{"type":"Polygon","coordinates":[[[-3.302698,56.545156],[-2.977487,56.548139],[-2.982145,56.727788],[-3.308904,56.724784],[-3.302698,56.545156]]]}},{"type":"Feature","properties":{"name":"E320N0760","e_km":320,"n_km":760},"geometry":{"type":"Polygon","coordinates":[[[-3.308904,56.724784],[-2.982145,56.727788],[-2.986858,56.907431],[-3.315183,56.904407],[-3.308904,56.724784]]]}},{"type":"Feature","properties":{"name":"E320N0780","e_km":320,"n_km":780},"geometry":{"type":"Polygon","coordinates":[[[-3.315183,56.904407],[-2.986858,56.907431],[-2.991625,57.087069],[-3.321535,57.084024],[-3.315183,56.904407]]]}},{"type":"Feature","properties":{"name":"E320N0800","e_km":320,"n_km":800},"geometry":{"type":"Polygon","coordinates":[[[-3.321535,57.084024],[-2.991625,57.087069],[-2.996449,57.266701],[-3.327963,57.263635],[-3.321535,57.084024]]]}},{"type":"Feature","properties":{"name":"E320N0820","e_km":320,"n_km":820},"geometry":{"type":"Polygon","coordinates":[[[-3.327963,57.263635],[-2.996449,57.266701],[-3.00133,57.446328],[-3.334466,57.443241],[-3.327963,57.263635]]]}},{"type":"Feature","properties":{"name":"E320N0840","e_km":320,"n_km":840},"geometry":{"type":"Polygon","coordinates":[[[-3.334466,57.443241],[-3.00133,57.446328],[-3.006268,57.625949],[-3.341046,57.622841],[-3.334466,57.443241]]]}},{"type":"Feature","properties":{"name":"E320N0860","e_km":320,"n_km":860},"geometry":{"type":"Polygon","coordinates":[[[-3.341046,57.622841],[-3.006268,57.625949],[-3.011266,57.805565],[-3.347705,57.802436],[-3.341046,57.622841]]]}},{"type":"Feature","properties":{"name":"E320N0880","e_km":320,"n_km":880},"geometry":{"type":"Polygon","coordinates":[[[-3.347705,57.802436],[-3.011266,57.805565],[-3.016324,57.985176],[-3.354444,57.982024],[-3.347705,57.802436]]]}},{"type":"Feature","properties":{"name":"E320N0900","e_km":320,"n_km":900},"geometry":{"type":"Polygon","coordinates":[[[-3.354444,57.982024],[-3.016324,57.985176],[-3.021442,58.164781],[-3.361263,58.161608],[-3.354444,57.982024]]]}},{"type":"Feature","properties":{"name":"E320N0920","e_km":320,"n_km":920},"geometry":{"type":"Polygon","coordinates":[[[-3.361263,58.161608],[-3.021442,58.164781],[-3.026622,58.344381],[-3.368165,58.341185],[-3.361263,58.161608]]]}},{"type":"Feature","properties":{"name":"E320N0940","e_km":320,"n_km":940},"geometry":{"type":"Polygon","coordinates":[[[-3.368165,58.341185],[-3.026622,58.344381],[-3.031866,58.523976],[-3.375152,58.520757],[-3.368165,58.341185]]]}},{"type":"Feature","properties":{"name":"E320N0960","e_km":320,"n_km":960},"geometry":{"type":"Polygon","coordinates":[[[-3.375152,58.520757],[-3.031866,58.523976],[-3.037173,58.703565],[-3.382223,58.700324],[-3.375152,58.520757]]]}},{"type":"Feature","properties":{"name":"E320N0980","e_km":320,"n_km":980},"geometry":{"type":"Polygon","coordinates":[[[-3.382223,58.700324],[-3.037173,58.703565],[-3.042546,58.883148],[-3.389381,58.879885],[-3.382223,58.700324]]]}},{"type":"Feature","properties":{"name":"E320N1000","e_km":320,"n_km":1000},"geometry":{"type":"Polygon","coordinates":[[[-3.389381,58.879885],[-3.042546,58.883148],[-3.047984,59.062727],[-3.396628,59.05944],[-3.389381,58.879885]]]}},{"type":"Feature","properties":{"name":"E320N1020","e_km":320,"n_km":1020},"geometry":{"type":"Polygon","coordinates":[[[-3.396628,59.05944],[-3.047984,59.062727],[-3.053491,59.2423],[-3.403964,59.23899],[-3.396628,59.05944]]]}},{"type":"Feature","properties":{"name":"E320N1040","e_km":320,"n_km":1040},"geometry":{"type":"Polygon","coordinates":[[[-3.403964,59.23899],[-3.053491,59.2423],[-3.059065,59.421868],[-3.411391,59.418534],[-3.403964,59.23899]]]}},{"type":"Feature","properties":{"name":"E320N1060","e_km":320,"n_km":1060},"geometry":{"type":"Polygon","coordinates":[[[-3.411391,59.418534],[-3.059065,59.421868],[-3.06471,59.60143],[-3.418912,59.598073],[-3.411391,59.418534]]]}},{"type":"Feature","properties":{"name":"E320N1080","e_km":320,"n_km":1080},"geometry":{"type":"Polygon","coordinates":[[[-3.418912,59.598073],[-3.06471,59.60143],[-3.070425,59.780987],[-3.426527,59.777606],[-3.418912,59.598073]]]}},{"type":"Feature","properties":{"name":"E320N1100","e_km":320,"n_km":1100},"geometry":{"type":"Polygon","coordinates":[[[-3.426527,59.777606],[-3.070425,59.780987],[-3.076213,59.960539],[-3.434239,59.957133],[-3.426527,59.777606]]]}},{"type":"Feature","properties":{"name":"E320N1120","e_km":320,"n_km":1120},"geometry":{"type":"Polygon","coordinates":[[[-3.434239,59.957133],[-3.076213,59.960539],[-3.082075,60.140086],[-3.442048,60.136655],[-3.434239,59.957133]]]}},{"type":"Feature","properties":{"name":"E320N1140","e_km":320,"n_km":1140},"geometry":{"type":"Polygon","coordinates":[[[-3.442048,60.136655],[-3.082075,60.140086],[-3.088011,60.319628],[-3.449957,60.316172],[-3.442048,60.136655]]]}},{"type":"Feature","properties":{"name":"E320N1160","e_km":320,"n_km":1160},"geometry":{"type":"Polygon","coordinates":[[[-3.449957,60.316172],[-3.088011,60.319628],[-3.094024,60.499164],[-3.457968,60.495683],[-3.449957,60.316172]]]}},{"type":"Feature","properties":{"name":"E320N1180","e_km":320,"n_km":1180},"geometry":{"type":"Polygon","coordinates":[[[-3.457968,60.495683],[-3.094024,60.499164],[-3.100114,60.678695],[-3.466082,60.675188],[-3.457968,60.495683]]]}},{"type":"Feature","properties":{"name":"E320N1200","e_km":320,"n_km":1200},"geometry":{"type":"Polygon","coordinates":[[[-3.466082,60.675188],[-3.100114,60.678695],[-3.106283,60.858221],[-3.474302,60.854688],[-3.466082,60.675188]]]}},{"type":"Feature","properties":{"name":"E320N1220","e_km":320,"n_km":1220},"geometry":{"type":"Polygon","coordinates":[[[-3.474302,60.854688],[-3.106283,60.858221],[-3.112533,61.037741],[-3.482629,61.034183],[-3.474302,60.854688]]]}},{"type":"Feature","properties":{"name":"E320N1240","e_km":320,"n_km":1240},"geometry":{"type":"Polygon","coordinates":[[[-3.482629,61.034183],[-3.112533,61.037741],[-3.117156,61.217948],[-3.489412,61.214368],[-3.482629,61.034183]]]}},{"type":"Feature","properties":{"name":"E320N1260","e_km":320,"n_km":1260},"geometry":{"type":"Polygon","coordinates":[[[-3.489412,61.214368],[-3.117156,61.217948],[-3.123562,61.39748],[-3.49795,61.393874],[-3.489412,61.214368]]]}},{"type":"Feature","properties":{"name":"E320N1280","e_km":320,"n_km":1280},"geometry":{"type":"Polygon","coordinates":[[[-3.49795,61.393874],[-3.123562,61.39748],[-3.130052,61.577007],[-3.506601,61.573374],[-3.49795,61.393874]]]}},{"type":"Feature","properties":{"name":"E340N0000","e_km":340,"n_km":0},"geometry":{"type":"Polygon","coordinates":[[[-2.836742,49.897215],[-2.558291,49.898891],[-2.560378,50.078758],[-2.839869,50.077072],[-2.836742,49.897215]]]}},{"type":"Feature","properties":{"name":"E340N0020","e_km":340,"n_km":20},"geometry":{"type":"Polygon","coordinates":[[[-2.839869,50.077072],[-2.560378,50.078758],[-2.562486,50.25862],[-2.843028,50.256923],[-2.839869,50.077072]]]}},{"type":"Feature","properties":{"name":"E340N0040","e_km":340,"n_km":40},"geometry":{"type":"Polygon","coordinates":[[[-2.843028,50.256923],[-2.562486,50.25862],[-2.564616,50.438477],[-2.846219,50.436769],[-2.843028,50.256923]]]}},{"type":"Feature","properties":{"name":"E340N0060","e_km":340,"n_km":60},"geometry":{"type":"Polygon","coordinates":[[[-2.846219,50.436769],[-2.564616,50.438477],[-2.566767,50.618327],[-2.849443,50.616608],[-2.846219,50.436769]]]}},{"type":"Feature","properties":{"name":"E340N0080","e_km":340,"n_km":80},"geometry":{"type":"Polygon","coordinates":[[[-2.849443,50.616608],[-2.566767,50.618327],[-2.568941,50.798172],[-2.8527,50.796442],[-2.849443,50.616608]]]}},{"type":"Feature","properties":{"name":"E340N0100","e_km":340,"n_km":100},"geometry":{"type":"Polygon","coordinates":[[[-2.8527,50.796442],[-2.568941,50.798172],[-2.571137,50.978011],[-2.85599,50.976271],[-2.8527,50.796442]]]}},{"type":"Feature","properties":{"name":"E340N0120","e_km":340,"n_km":120},"geometry":{"type":"Polygon","coordinates":[[[-2.85599,50.976271],[-2.571137,50.978011],[-2.573355,51.157845],[-2.859314,51.156093],[-2.85599,50.976271]]]}},{"type":"Feature","properties":{"name":"E340N0140","e_km":340,"n_km":140},"geometry":{"type":"Polygon","coordinates":[[[-2.859314,51.156093],[-2.573355,51.157845],[-2.575597,51.337673],[-2.862673,51.33591],[-2.859314,51.156093]]]}},{"type":"Feature","properties":{"name":"E340N0160","e_km":340,"n_km":160},"geometry":{"type":"Polygon","coordinates":[[[-2.862673,51.33591],[-2.575597,51.337673],[-2.577862,51.517495],[-2.866067,51.515721],[-2.862673,51.33591]]]}},{"type":"Feature","properties":{"name":"E340N0180","e_km":340,"n_km":180},"geometry":{"type":"Polygon","coordinates":[[[-2.866067,51.515721],[-2.577862,51.517495],[-2.58015,51.697312],[-2.869496,51.695526],[-2.866067,51.515721]]]}},{"type":"Feature","properties":{"name":"E340N0200","e_km":340,"n_km":200},"geometry":{"type":"Polygon","coordinates":[[[-2.869496,51.695526],[-2.58015,51.697312],[-2.582463,51.877123],[-2.872961,51.875326],[-2.869496,51.695526]]]}},{"type":"Feature","properties":{"name":"E340N0220","e_km":340,"n_km":220},"geometry":{"type":"Polygon","coordinates":[[[-2.872961,51.875326],[-2.582463,51.877123],[-2.584799,52.056929],[-2.876462,52.05512],[-2.872961,51.875326]]]}},{"type":"Feature","properties":{"name":"E340N0240","e_km":340,"n_km":240},"geometry":{"type":"Polygon","coordinates":[[[-2.876462,52.05512],[-2.584799,52.056929],[-2.587161,52.236729],[-2.88,52.234908],[-2.876462,52.05512]]]}},{"type":"Feature","properties":{"name":"E340N0260","e_km":340,"n_km":260},"geometry":{"type":"Polygon","coordinates":[[[-2.88,52.234908],[-2.587161,52.236729],[-2.589547,52.416523],[-2.883575,52.414691],[-2.88,52.234908]]]}},{"type":"Feature","properties":{"name":"E340N0280","e_km":340,"n_km":280},"geometry":{"type":"Polygon","coordinates":[[[-2.883575,52.414691],[-2.589547,52.416523],[-2.591958,52.596312],[-2.887189,52.594468],[-2.883575,52.414691]]]}},{"type":"Feature","properties":{"name":"E340N0300","e_km":340,"n_km":300},"geometry":{"type":"Polygon","coordinates":[[[-2.887189,52.594468],[-2.591958,52.596312],[-2.594395,52.776095],[-2.890841,52.774239],[-2.887189,52.594468]]]}},{"type":"Feature","properties":{"name":"E340N0320","e_km":340,"n_km":320},"geometry":{"type":"Polygon","coordinates":[[[-2.890841,52.774239],[-2.594395,52.776095],[-2.596859,52.955873],[-2.894531,52.954005],[-2.890841,52.774239]]]}},{"type":"Feature","properties":{"name":"E340N0340","e_km":340,"n_km":340},"geometry":{"type":"Polygon","coordinates":[[[-2.894531,52.954005],[-2.596859,52.955873],[-2.599348,53.135645],[-2.898262,53.133764],[-2.894531,52.954005]]]}},{"type":"Feature","properties":{"name":"E340N0360","e_km":340,"n_km":360},"geometry":{"type":"Polygon","coordinates":[[[-2.898262,53.133764],[-2.599348,53.135645],[-2.601865,53.315411],[-2.902032,53.313519],[-2.898262,53.133764]]]}},{"type":"Feature","properties":{"name":"E340N0380","e_km":340,"n_km":380},"geometry":{"type":"Polygon","coordinates":[[[-2.902032,53.313519],[-2.601865,53.315411],[-2.604408,53.495172],[-2.905843,53.493267],[-2.902032,53.313519]]]}},{"type":"Feature","properties":{"name":"E340N0400","e_km":340,"n_km":400},"geometry":{"type":"Polygon","coordinates":[[[-2.905843,53.493267],[-2.604408,53.495172],[-2.606979,53.674928],[-2.909696,53.67301],[-2.905843,53.493267]]]}},{"type":"Feature","properties":{"name":"E340N0420","e_km":340,"n_km":420},"geometry":{"type":"Polygon","coordinates":[[[-2.909696,53.67301],[-2.606979,53.674928],[-2.609578,53.854678],[-2.91359,53.852748],[-2.909696,53.67301]]]}},{"type":"Feature","properties":{"name":"E340N0440","e_km":340,"n_km":440},"geometry":{"type":"Polygon","coordinates":[[[-2.91359,53.852748],[-2.609578,53.854678],[-2.612206,54.034422],[-2.917527,54.03248],[-2.91359,53.852748]]]}},{"type":"Feature","properties":{"name":"E340N0460","e_km":340,"n_km":460},"geometry":{"type":"Polygon","coordinates":[[[-2.917527,54.03248],[-2.612206,54.034422],[-2.614862,54.214161],[-2.921507,54.212206],[-2.917527,54.03248]]]}},{"type":"Feature","properties":{"name":"E340N0480","e_km":340,"n_km":480},"geometry":{"type":"Polygon","coordinates":[[[-2.921507,54.212206],[-2.614862,54.214161],[-2.617548,54.393895],[-2.925531,54.391926],[-2.921507,54.212206]]]}},{"type":"Feature","properties":{"name":"E340N0500","e_km":340,"n_km":500},"geometry":{"type":"Polygon","coordinates":[[[-2.925531,54.391926],[-2.617548,54.393895],[-2.620263,54.573623],[-2.9296,54.571641],[-2.925531,54.391926]]]}},{"type":"Feature","properties":{"name":"E340N0520","e_km":340,"n_km":520},"geometry":{"type":"Polygon","coordinates":[[[-2.9296,54.571641],[-2.620263,54.573623],[-2.623008,54.753345],[-2.933713,54.751351],[-2.9296,54.571641]]]}},{"type":"Feature","properties":{"name":"E340N0540","e_km":340,"n_km":540},"geometry":{"type":"Polygon","coordinates":[[[-2.933713,54.751351],[-2.623008,54.753345],[-2.625784,54.933062],[-2.937872,54.931054],[-2.933713,54.751351]]]}},{"type":"Feature","properties":{"name":"E340N0560","e_km":340,"n_km":560},"geometry":{"type":"Polygon","coordinates":[[[-2.937872,54.931054],[-2.625784,54.933062],[-2.628591,55.112774],[-2.942078,55.110753],[-2.937872,54.931054]]]}},{"type":"Feature","properties":{"name":"E340N0580","e_km":340,"n_km":580},"geometry":{"type":"Polygon","coordinates":[[[-2.942078,55.110753],[-2.628591,55.112774],[-2.63143,55.29248],[-2.946331,55.290445],[-2.942078,55.110753]]]}},{"type":"Feature","properties":{"name":"E340N0600","e_km":340,"n_km":600},"geometry":{"type":"Polygon","coordinates":[[[-2.946331,55.290445],[-2.63143,55.29248],[-2.6343,55.472181],[-2.950632,55.470132],[-2.946331,55.290445]]]}},{"type":"Feature","properties":{"name":"E340N0620","e_km":340,"n_km":620},"geometry":{"type":"Polygon","coordinates":[[[-2.950632,55.470132],[-2.6343,55.472181],[-2.637203,55.651876],[-2.954982,55.649814],[-2.950632,55.470132]]]}},{"type":"Feature","properties":{"name":"E340N0640","e_km":340,"n_km":640},"geometry":{"type":"Polygon","coordinates":[[[-2.954982,55.649814],[-2.637203,55.651876],[-2.640139,55.831566],[-2.959381,55.82949],[-2.954982,55.649814]]]}},{"type":"Feature","properties":{"name":"E340N0660","e_km":340,"n_km":660},"geometry":{"type":"Polygon","coordinates":[[[-2.959381,55.82949],[-2.640139,55.831566],[-2.643108,56.011251],[-2.96383,56.009161],[-2.959381,55.82949]]]}},{"type":"Feature","properties":{"name":"E340N0680","e_km":340,"n_km":680},"geometry":{"type":"Polygon","coordinates":[[[-2.96383,56.009161],[-2.643108,56.011251],[-2.646112,56.19093],[-2.96833,56.188826],[-2.96383,56.009161]]]}},{"type":"Feature","properties":{"name":"E340N0700","e_km":340,"n_km":700},"geometry":{"type":"Polygon","coordinates":[[[-2.96833,56.188826],[-2.646112,56.19093],[-2.64915,56.370604],[-2.972882,56.368485],[-2.96833,56.188826]]]}},{"type":"Feature","properties":{"name":"E340N0720","e_km":340,"n_km":720},"geometry":{"type":"Polygon","coordinates":[[[-2.972882,56.368485],[-2.64915,56.370604],[-2.652223,56.550272],[-2.977487,56.548139],[-2.972882,56.368485]]]}},{"type":"Feature","properties":{"name":"E340N0740","e_km":340,"n_km":740},"geometry":{"type":"Polygon","coordinates":[[[-2.977487,56.548139],[-2.652223,56.550272],[-2.655332,56.729935],[-2.982145,56.727788],[-2.977487,56.548139]]]}},{"type":"Feature","properties":{"name":"E340N0760","e_km":340,"n_km":760},"geometry":{"type":"Polygon","coordinates":[[[-2.982145,56.727788],[-2.655332,56.729935],[-2.658477,56.909593],[-2.986858,56.907431],[-2.982145,56.727788]]]}},{"type":"Feature","properties":{"name":"E340N0780","e_km":340,"n_km":780},"geometry":{"type":"Polygon","coordinates":[[[-2.986858,56.907431],[-2.658477,56.909593],[-2.661659,57.089246],[-2.991625,57.087069],[-2.986858,56.907431]]]}},{"type":"Feature","properties":{"name":"E340N0800","e_km":340,"n_km":800},"geometry":{"type":"Polygon","coordinates":[[[-2.991625,57.087069],[-2.661659,57.089246],[-2.664878,57.268893],[-2.996449,57.266701],[-2.991625,57.087069]]]}},{"type":"Feature","properties":{"name":"E340N0820","e_km":340,"n_km":820},"geometry":{"type":"Polygon","coordinates":[[[-2.996449,57.266701],[-2.664878,57.268893],[-2.668136,57.448535],[-3.00133,57.446328],[-2.996449,57.266701]]]}},{"type":"Feature","properties":{"name":"E340N0840","e_km":340,"n_km":840},"geometry":{"type":"Polygon","coordinates":[[[-3.00133,57.446328],[-2.668136,57.448535],[-2.671432,57.628171],[-3.006268,57.625949],[-3.00133,57.446328]]]}},{"type":"Feature","properties":{"name":"E340N0860","e_km":340,"n_km":860},"geometry":{"type":"Polygon","coordinates":[[[-3.006268,57.625949],[-2.671432,57.628171],[-2.674767,57.807803],[-3.011266,57.805565],[-3.006268,57.625949]]]}},{"type":"Feature","properties":{"name":"E340N0880","e_km":340,"n_km":880},"geometry":{"type":"Polygon","coordinates":[[[-3.011266,57.805565],[-2.674767,57.807803],[-2.678143,57.987429],[-3.016324,57.985176],[-3.011266,57.805565]]]}},{"type":"Feature","properties":{"name":"E340N0900","e_km":340,"n_km":900},"geometry":{"type":"Polygon","coordinates":[[[-3.016324,57.985176],[-2.678143,57.987429],[-2.681559,58.16705],[-3.021442,58.164781],[-3.016324,57.985176]]]}},{"type":"Feature","properties":{"name":"E340N0920","e_km":340,"n_km":920},"geometry":{"type":"Polygon","coordinates":[[[-3.021442,58.164781],[-2.681559,58.16705],[-2.685016,58.346666],[-3.026622,58.344381],[-3.021442,58.164781]]]}},{"type":"Feature","properties":{"name":"E340N0940","e_km":340,"n_km":940},"geometry":{"type":"Polygon","coordinates":[[[-3.026622,58.344381],[-2.685016,58.346666],[-2.688516,58.526276],[-3.031866,58.523976],[-3.026622,58.344381]]]}},{"type":"Feature","properties":{"name":"E340N0960","e_km":340,"n_km":960},"geometry":{"type":"Polygon","coordinates":[[[-3.031866,58.523976],[-2.688516,58.526276],[-2.692058,58.705881],[-3.037173,58.703565],[-3.031866,58.523976]]]}},{"type":"Feature","properties":{"name":"E340N0980","e_km":340,"n_km":980},"geometry":{"type":"Polygon","coordinates":[[[-3.037173,58.703565],[-2.692058,58.705881],[-2.695644,58.885481],[-3.042546,58.883148],[-3.037173,58.703565]]]}},{"type":"Feature","properties":{"name":"E340N1000","e_km":340,"n_km":1000},"geometry":{"type":"Polygon","coordinates":[[[-3.042546,58.883148],[-2.695644,58.885481],[-2.699274,59.065076],[-3.047984,59.062727],[-3.042546,58.883148]]]}},{"type":"Feature","properties":{"name":"E340N1020","e_km":340,"n_km":1020},"geometry":{"type":"Polygon","coordinates":[[[-3.047984,59.062727],[-2.699274,59.065076],[-2.702949,59.244666],[-3.053491,59.2423],[-3.047984,59.062727]]]}},{"type":"Feature","properties":{"name":"E340N1040","e_km":340,"n_km":1040},"geometry":{"type":"Polygon","coordinates":[[[-3.053491,59.2423],[-2.702949,59.244666],[-2.706669,59.424251],[-3.059065,59.421868],[-3.053491,59.2423]]]}},{"type":"Feature","properties":{"name":"E340N1060","e_km":340,"n_km":1060},"geometry":{"type":"Polygon","coordinates":[[[-3.059065,59.421868],[-2.706669,59.424251],[-2.710437,59.60383],[-3.06471,59.60143],[-3.059065,59.421868]]]}},{"type":"Feature","properties":{"name":"E340N1080","e_km":340,"n_km":1080},"geometry":{"type":"Polygon","coordinates":[[[-3.06471,59.60143],[-2.710437,59.60383],[-2.714251,59.783405],[-3.070425,59.780987],[-3.06471,59.60143]]]}},{"type":"Feature","properties":{"name":"E340N1100","e_km":340,"n_km":1100},"geometry":{"type":"Polygon","coordinates":[[[-3.070425,59.780987],[-2.714251,59.783405],[-2.718114,59.962974],[-3.076213,59.960539],[-3.070425,59.780987]]]}},{"type":"Feature","properties":{"name":"E340N1120","e_km":340,"n_km":1120},"geometry":{"type":"Polygon","coordinates":[[[-3.076213,59.960539],[-2.718114,59.962974],[-2.722026,60.142539],[-3.082075,60.140086],[-3.076213,59.960539]]]}},{"type":"Feature","properties":{"name":"E340N1140","e_km":340,"n_km":1140},"geometry":{"type":"Polygon","coordinates":[[[-3.082075,60.140086],[-2.722026,60.142539],[-2.725989,60.322098],[-3.088011,60.319628],[-3.082075,60.140086]]]}},{"type":"Feature","properties":{"name":"E340N1160","e_km":340,"n_km":1160},"geometry":{"type":"Polygon","coordinates":[[[-3.088011,60.319628],[-2.725989,60.322098],[-2.730002,60.501652],[-3.094024,60.499164],[-3.088011,60.319628]]]}},{"type":"Feature","properties":{"name":"E340N1180","e_km":340,"n_km":1180},"geometry":{"type":"Polygon","coordinates":[[[-3.094024,60.499164],[-2.730002,60.501652],[-2.734066,60.681201],[-3.100114,60.678695],[-3.094024,60.499164]]]}},{"type":"Feature","properties":{"name":"E340N1200","e_km":340,"n_km":1200},"geometry":{"type":"Polygon","coordinates":[[[-3.100114,60.678695],[-2.734066,60.681201],[-2.738184,60.860746],[-3.106283,60.858221],[-3.100114,60.678695]]]}},{"type":"Feature","properties":{"name":"E340N1220","e_km":340,"n_km":1220},"geometry":{"type":"Polygon","coordinates":[[[-3.106283,60.858221],[-2.738184,60.860746],[-2.742355,61.040285],[-3.112533,61.037741],[-3.106283,60.858221]]]}},{"type":"Feature","properties":{"name":"E340N1240","e_km":340,"n_km":1240},"geometry":{"type":"Polygon","coordinates":[[[-3.112533,61.037741],[-2.742355,61.040285],[-2.744817,61.220505],[-3.117156,61.217948],[-3.112533,61.037741]]]}},{"type":"Feature","properties":{"name":"E340N1260","e_km":340,"n_km":1260},"geometry":{"type":"Polygon","coordinates":[[[-3.117156,61.217948],[-2.744817,61.220505],[-2.749088,61.400056],[-3.123562,61.39748],[-3.117156,61.217948]]]}},{"type":"Feature","properties":{"name":"E340N1280","e_km":340,"n_km":1280},"geometry":{"type":"Polygon","coordinates":[[[-3.123562,61.39748],[-2.749088,61.400056],[-2.753416,61.579603],[-3.130052,61.577007],[-3.123562,61.39748]]]}},{"type":"Feature","properties":{"name":"E360N0000","e_km":360,"n_km":0},"geometry":{"type":"Polygon","coordinates":[[[-2.558291,49.898891],[-2.279819,49.899898],[-2.280866,50.079772],[-2.560378,50.078758],[-2.558291,49.898891]]]}},{"type":"Feature","properties":{"name":"E360N0020","e_km":360,"n_km":20},"geometry":{"type":"Polygon","coordinates":[[[-2.560378,50.078758],[-2.280866,50.079772],[-2.281923,50.25964],[-2.562486,50.25862],[-2.560378,50.078758]]]}},{"type":"Feature","properties":{"name":"E360N0040","e_km":360,"n_km":40},"geometry":{"type":"Polygon","coordinates":[[[-2.562486,50.25862],[-2.281923,50.25964],[-2.282991,50.439503],[-2.564616,50.438477],[-2.562486,50.25862]]]}},{"type":"Feature","properties":{"name":"E360N0060","e_km":360,"n_km":60},"geometry":{"type":"Polygon","coordinates":[[[-2.564616,50.438477],[-2.282991,50.439503],[-2.28407,50.61936],[-2.566767,50.618327],[-2.564616,50.438477]]]}},{"type":"Feature","properties":{"name":"E360N0080","e_km":360,"n_km":80},"geometry":{"type":"Polygon","coordinates":[[[-2.566767,50.618327],[-2.28407,50.61936],[-2.28516,50.799211],[-2.568941,50.798172],[-2.566767,50.618327]]]}},{"type":"Feature","properties":{"name":"E360N0100","e_km":360,"n_km":100},"geometry":{"type":"Polygon","coordinates":[[[-2.568941,50.798172],[-2.28516,50.799211],[-2.286261,50.979057],[-2.571137,50.978011],[-2.568941,50.798172]]]}},{"type":"Feature","properties":{"name":"E360N0120","e_km":360,"n_km":120},"geometry":{"type":"Polygon","coordinates":[[[-2.571137,50.978011],[-2.286261,50.979057],[-2.287373,51.158898],[-2.573355,51.157845],[-2.571137,50.978011]]]}},{"type":"Feature","properties":{"name":"E360N0140","e_km":360,"n_km":140},"geometry":{"type":"Polygon","coordinates":[[[-2.573355,51.157845],[-2.287373,51.158898],[-2.288497,51.338733],[-2.575597,51.337673],[-2.573355,51.157845]]]}},{"type":"Feature","properties":{"name":"E360N0160","e_km":360,"n_km":160},"geometry":{"type":"Polygon","coordinates":[[[-2.575597,51.337673],[-2.288497,51.338733],[-2.289633,51.518562],[-2.577862,51.517495],[-2.575597,51.337673]]]}},{"type":"Feature","properties":{"name":"E360N0180","e_km":360,"n_km":180},"geometry":{"type":"Polygon","coordinates":[[[-2.577862,51.517495],[-2.289633,51.518562],[-2.290781,51.698385],[-2.58015,51.697312],[-2.577862,51.517495]]]}},{"type":"Feature","properties":{"name":"E360N0200","e_km":360,"n_km":200},"geometry":{"type":"Polygon","coordinates":[[[-2.58015,51.697312],[-2.290781,51.698385],[-2.29194,51.878203],[-2.582463,51.877123],[-2.58015,51.697312]]]}},{"type":"Feature","properties":{"name":"E360N0220","e_km":360,"n_km":220},"geometry":{"type":"Polygon","coordinates":[[[-2.582463,51.877123],[-2.29194,51.878203],[-2.293112,52.058016],[-2.584799,52.056929],[-2.582463,51.877123]]]}},{"type":"Feature","properties":{"name":"E360N0240","e_km":360,"n_km":240},"geometry":{"type":"Polygon","coordinates":[[[-2.584799,52.056929],[-2.293112,52.058016],[-2.294296,52.237823],[-2.587161,52.236729],[-2.584799,52.056929]]]}},{"type":"Feature","properties":{"name":"E360N0260","e_km":360,"n_km":260},"geometry":{"type":"Polygon","coordinates":[[[-2.587161,52.236729],[-2.294296,52.237823],[-2.295493,52.417624],[-2.589547,52.416523],[-2.587161,52.236729]]]}},{"type":"Feature","properties":{"name":"E360N0280","e_km":360,"n_km":280},"geometry":{"type":"Polygon","coordinates":[[[-2.589547,52.416523],[-2.295493,52.417624],[-2.296702,52.59742],[-2.591958,52.596312],[-2.589547,52.416523]]]}},{"type":"Feature","properties":{"name":"E360N0300","e_km":360,"n_km":300},"geometry":{"type":"Polygon","coordinates":[[[-2.591958,52.596312],[-2.296702,52.59742],[-2.297924,52.777211],[-2.594395,52.776095],[-2.591958,52.596312]]]}},{"type":"Feature","properties":{"name":"E360N0320","e_km":360,"n_km":320},"geometry":{"type":"Polygon","coordinates":[[[-2.594395,52.776095],[-2.297924,52.777211],[-2.29916,52.956995],[-2.596859,52.955873],[-2.594395,52.776095]]]}},{"type":"Feature","properties":{"name":"E360N0340","e_km":360,"n_km":340},"geometry":{"type":"Polygon","coordinates":[[[-2.596859,52.955873],[-2.29916,52.956995],[-2.300408,53.136775],[-2.599348,53.135645],[-2.596859,52.955873]]]}},{"type":"Feature","properties":{"name":"E360N0360","e_km":360,"n_km":360},"geometry":{"type":"Polygon","coordinates":[[[-2.599348,53.135645],[-2.300408,53.136775],[-2.30167,53.316549],[-2.601865,53.315411],[-2.599348,53.135645]]]}},{"type":"Feature","properties":{"name":"E360N0380","e_km":360,"n_km":380},"geometry":{"type":"Polygon","coordinates":[[[-2.601865,53.315411],[-2.30167,53.316549],[-2.302945,53.496317],[-2.604408,53.495172],[-2.601865,53.315411]]]}},{"type":"Feature","properties":{"name":"E360N0400","e_km":360,"n_km":400},"geometry":{"type":"Polygon","coordinates":[[[-2.604408,53.495172],[-2.302945,53.496317],[-2.304235,53.67608],[-2.606979,53.674928],[-2.604408,53.495172]]]}},{"type":"Feature","properties":{"name":"E360N0420","e_km":360,"n_km":420},"geometry":{"type":"Polygon","coordinates":[[[-2.606979,53.674928],[-2.304235,53.67608],[-2.305538,53.855838],[-2.609578,53.854678],[-2.606979,53.674928]]]}},{"type":"Feature","properties":{"name":"E360N0440","e_km":360,"n_km":440},"geometry":{"type":"Polygon","coordinates":[[[-2.609578,53.854678],[-2.305538,53.855838],[-2.306856,54.03559],[-2.612206,54.034422],[-2.609578,53.854678]]]}},{"type":"Feature","properties":{"name":"E360N0460","e_km":360,"n_km":460},"geometry":{"type":"Polygon","coordinates":[[[-2.612206,54.034422],[-2.306856,54.03559],[-2.308188,54.215336],[-2.614862,54.214161],[-2.612206,54.034422]]]}},{"type":"Feature","properties":{"name":"E360N0480","e_km":360,"n_km":480},"geometry":{"type":"Polygon","coordinates":[[[-2.614862,54.214161],[-2.308188,54.215336],[-2.309535,54.395078],[-2.617548,54.393895],[-2.614862,54.214161]]]}},{"type":"Feature","properties":{"name":"E360N0500","e_km":360,"n_km":500},"geometry":{"type":"Polygon","coordinates":[[[-2.617548,54.393895],[-2.309535,54.395078],[-2.310896,54.574813],[-2.620263,54.573623],[-2.617548,54.393895]]]}},{"type":"Feature","properties":{"name":"E360N0520","e_km":360,"n_km":520},"geometry":{"type":"Polygon","coordinates":[[[-2.620263,54.573623],[-2.310896,54.574813],[-2.312273,54.754544],[-2.623008,54.753345],[-2.620263,54.573623]]]}},{"type":"Feature","properties":{"name":"E360N0540","e_km":360,"n_km":540},"geometry":{"type":"Polygon","coordinates":[[[-2.623008,54.753345],[-2.312273,54.754544],[-2.313665,54.934269],[-2.625784,54.933062],[-2.623008,54.753345]]]}},{"type":"Feature","properties":{"name":"E360N0560","e_km":360,"n_km":560},"geometry":{"type":"Polygon","coordinates":[[[-2.625784,54.933062],[-2.313665,54.934269],[-2.315072,55.113989],[-2.628591,55.112774],[-2.625784,54.933062]]]}},{"type":"Feature","properties":{"name":"E360N0580","e_km":360,"n_km":580},"geometry":{"type":"Polygon","coordinates":[[[-2.628591,55.112774],[-2.315072,55.113989],[-2.316496,55.293703],[-2.63143,55.29248],[-2.628591,55.112774]]]}},{"type":"Feature","properties":{"name":"E360N0600","e_km":360,"n_km":600},"geometry":{"type":"Polygon","coordinates":[[[-2.63143,55.29248],[-2.316496,55.293703],[-2.317935,55.473412],[-2.6343,55.472181],[-2.63143,55.29248]]]}},{"type":"Feature","properties":{"name":"E360N0620","e_km":360,"n_km":620},"geometry":{"type":"Polygon","coordinates":[[[-2.6343,55.472181],[-2.317935,55.473412],[-2.319391,55.653115],[-2.637203,55.651876],[-2.6343,55.472181]]]}},{"type":"Feature","properties":{"name":"E360N0640","e_km":360,"n_km":640},"geometry":{"type":"Polygon","coordinates":[[[-2.637203,55.651876],[-2.319391,55.653115],[-2.320863,55.832814],[-2.640139,55.831566],[-2.637203,55.651876]]]}},{"type":"Feature","properties":{"name":"E360N0660","e_km":360,"n_km":660},"geometry":{"type":"Polygon","coordinates":[[[-2.640139,55.831566],[-2.320863,55.832814],[-2.322352,56.012507],[-2.643108,56.011251],[-2.640139,55.831566]]]}},{"type":"Feature","properties":{"name":"E360N0680","e_km":360,"n_km":680},"geometry":{"type":"Polygon","coordinates":[[[-2.643108,56.011251],[-2.322352,56.012507],[-2.323859,56.192194],[-2.646112,56.19093],[-2.643108,56.011251]]]}},{"type":"Feature","properties":{"name":"E360N0700","e_km":360,"n_km":700},"geometry":{"type":"Polygon","coordinates":[[[-2.646112,56.19093],[-2.323859,56.192194],[-2.325382,56.371877],[-2.64915,56.370604],[-2.646112,56.19093]]]}},{"type":"Feature","properties":{"name":"E360N0720","e_km":360,"n_km":720},"geometry":{"type":"Polygon","coordinates":[[[-2.64915,56.370604],[-2.325382,56.371877],[-2.326923,56.551554],[-2.652223,56.550272],[-2.64915,56.370604]]]}},{"type":"Feature","properties":{"name":"E360N0740","e_km":360,"n_km":740},"geometry":{"type":"Polygon","coordinates":[[[-2.652223,56.550272],[-2.326923,56.551554],[-2.328482,56.731226],[-2.655332,56.729935],[-2.652223,56.550272]]]}},{"type":"Feature","properties":{"name":"E360N0760","e_km":360,"n_km":760},"geometry":{"type":"Polygon","coordinates":[[[-2.655332,56.729935],[-2.328482,56.731226],[-2.330059,56.910892],[-2.658477,56.909593],[-2.655332,56.729935]]]}},{"type":"Feature","properties":{"name":"E360N0780","e_km":360,"n_km":780},"geometry":{"type":"Polygon","coordinates":[[[-2.658477,56.909593],[-2.330059,56.910892],[-2.331655,57.090554],[-2.661659,57.089246],[-2.658477,56.909593]]]}},{"type":"Feature","properties":{"name":"E360N0800","e_km":360,"n_km":800},"geometry":{"type":"Polygon","coordinates":[[[-2.661659,57.089246],[-2.331655,57.090554],[-2.33327,57.27021],[-2.664878,57.268893],[-2.661659,57.089246]]]}},{"type":"Feature","properties":{"name":"E360N0820","e_km":360,"n_km":820},"geometry":{"type":"Polygon","coordinates":[[[-2.664878,57.268893],[-2.33327,57.27021],[-2.334903,57.449861],[-2.668136,57.448535],[-2.664878,57.268893]]]}},{"type":"Feature","properties":{"name":"E360N0840","e_km":360,"n_km":840},"geometry":{"type":"Polygon","coordinates":[[[-2.668136,57.448535],[-2.334903,57.449861],[-2.336556,57.629507],[-2.671432,57.628171],[-2.668136,57.448535]]]}},{"type":"Feature","properties":{"name":"E360N0860","e_km":360,"n_km":860},"geometry":{"type":"Polygon","coordinates":[[[-2.671432,57.628171],[-2.336556,57.629507],[-2.338229,57.809147],[-2.674767,57.807803],[-2.671432,57.628171]]]}},{"type":"Feature","properties":{"name":"E360N0880","e_km":360,"n_km":880},"geometry":{"type":"Polygon","coordinates":[[[-2.674767,57.807803],[-2.338229,57.809147],[-2.339921,57.988783],[-2.678143,57.987429],[-2.674767,57.807803]]]}},{"type":"Feature","properties":{"name":"E360N0900","e_km":360,"n_km":900},"geometry":{"type":"Polygon","coordinates":[[[-2.678143,57.987429],[-2.339921,57.988783],[-2.341635,58.168413],[-2.681559,58.16705],[-2.678143,57.987429]]]}},{"type":"Feature","properties":{"name":"E360N0920","e_km":360,"n_km":920},"geometry":{"type":"Polygon","coordinates":[[[-2.681559,58.16705],[-2.341635,58.168413],[-2.343368,58.348038],[-2.685016,58.346666],[-2.681559,58.16705]]]}},{"type":"Feature","properties":{"name":"E360N0940","e_km":360,"n_km":940},"geometry":{"type":"Polygon","coordinates":[[[-2.685016,58.346666],[-2.343368,58.348038],[-2.345123,58.527659],[-2.688516,58.526276],[-2.685016,58.346666]]]}},{"type":"Feature","properties":{"name":"E360N0960","e_km":360,"n_km":960},"geometry":{"type":"Polygon","coordinates":[[[-2.688516,58.526276],[-2.345123,58.527659],[-2.3469,58.707274],[-2.692058,58.705881],[-2.688516,58.526276]]]}},{"type":"Feature","properties":{"name":"E360N0980","e_km":360,"n_km":980},"geometry":{"type":"Polygon","coordinates":[[[-2.692058,58.705881],[-2.3469,58.707274],[-2.348698,58.886884],[-2.695644,58.885481],[-2.692058,58.705881]]]}},{"type":"Feature","properties":{"name":"E360N1000","e_km":360,"n_km":1000},"geometry":{"type":"Polygon","coordinates":[[[-2.695644,58.885481],[-2.348698,58.886884],[-2.350518,59.066488],[-2.699274,59.065076],[-2.695644,58.885481]]]}},{"type":"Feature","properties":{"name":"E360N1020","e_km":360,"n_km":1020},"geometry":{"type":"Polygon","coordinates":[[[-2.699274,59.065076],[-2.350518,59.066488],[-2.352361,59.246088],[-2.702949,59.244666],[-2.699274,59.065076]]]}},{"type":"Feature","properties":{"name":"E360N1040","e_km":360,"n_km":1040},"geometry":{"type":"Polygon","coordinates":[[[-2.702949,59.244666],[-2.352361,59.246088],[-2.354227,59.425683],[-2.706669,59.424251],[-2.702949,59.244666]]]}},{"type":"Feature","properties":{"name":"E360N1060","e_km":360,"n_km":1060},"geometry":{"type":"Polygon","coordinates":[[[-2.706669,59.424251],[-2.354227,59.425683],[-2.356116,59.605273],[-2.710437,59.60383],[-2.706669,59.424251]]]}},{"type":"Feature","properties":{"name":"E360N1080","e_km":360,"n_km":1080},"geometry":{"type":"Polygon","coordinates":[[[-2.710437,59.60383],[-2.356116,59.605273],[-2.358029,59.784858],[-2.714251,59.783405],[-2.710437,59.60383]]]}},{"type":"Feature","properties":{"name":"E360N1100","e_km":360,"n_km":1100},"geometry":{"type":"Polygon","coordinates":[[[-2.714251,59.783405],[-2.358029,59.784858],[-2.359966,59.964438],[-2.718114,59.962974],[-2.714251,59.783405]]]}},{"type":"Feature","properties":{"name":"E360N1120","e_km":360,"n_km":1120},"geometry":{"type":"Polygon","coordinates":[[[-2.718114,59.962974],[-2.359966,59.964438],[-2.361928,60.144013],[-2.722026,60.142539],[-2.718114,59.962974]]]}},{"type":"Feature","properties":{"name":"E360N1140","e_km":360,"n_km":1140},"geometry":{"type":"Polygon","coordinates":[[[-2.722026,60.142539],[-2.361928,60.144013],[-2.363915,60.323583],[-2.725989,60.322098],[-2.722026,60.142539]]]}},{"type":"Feature","properties":{"name":"E360N1160","e_km":360,"n_km":1160},"geometry":{"type":"Polygon","coordinates":[[[-2.725989,60.322098],[-2.363915,60.323583],[-2.365928,60.503148],[-2.730002,60.501652],[-2.725989,60.322098]]]}},{"type":"Feature","properties":{"name":"E360N1180","e_km":360,"n_km":1180},"geometry":{"type":"Polygon","coordinates":[[[-2.730002,60.501652],[-2.365928,60.503148],[-2.367966,60.682708],[-2.734066,60.681201],[-2.730002,60.501652]]]}},{"type":"Feature","properties":{"name":"E360N1200","e_km":360,"n_km":1200},"geometry":{"type":"Polygon","coordinates":[[[-2.734066,60.681201],[-2.367966,60.682708],[-2.370031,60.862263],[-2.738184,60.860746],[-2.734066,60.681201]]]}},{"type":"Feature","properties":{"name":"E360N1220","e_km":360,"n_km":1220},"geometry":{"type":"Polygon","coordinates":[[[-2.738184,60.860746],[-2.370031,60.862263],[-2.372123,61.041813],[-2.742355,61.040285],[-2.738184,60.860746]]]}},{"type":"Feature","properties":{"name":"E360N1240","e_km":360,"n_km":1240},"geometry":{"type":"Polygon","coordinates":[[[-2.742355,61.040285],[-2.372123,61.041813],[-2.372423,61.22204],[-2.744817,61.220505],[-2.742355,61.040285]]]}},{"type":"Feature","properties":{"name":"E360N1260","e_km":360,"n_km":1260},"geometry":{"type":"Polygon","coordinates":[[[-2.744817,61.220505],[-2.372423,61.22204],[-2.374558,61.401602],[-2.749088,61.400056],[-2.744817,61.220505]]]}},{"type":"Feature","properties":{"name":"E360N1280","e_km":360,"n_km":1280},"geometry":{"type":"Polygon","coordinates":[[[-2.749088,61.400056],[-2.374558,61.401602],[-2.376722,61.58116],[-2.753416,61.579603],[-2.749088,61.400056]]]}},{"type":"Feature","properties":{"name":"E380N0000","e_km":380,"n_km":0},"geometry":{"type":"Polygon","coordinates":[[[-2.279819,49.899898],[-2.001337,49.900236],[-2.001343,50.080112],[-2.280866,50.079772],[-2.279819,49.899898]]]}},{"type":"Feature","properties":{"name":"E380N0020","e_km":380,"n_km":20},"geometry":{"type":"Polygon","coordinates":[[[-2.280866,50.079772],[-2.001343,50.080112],[-2.001349,50.259983],[-2.281923,50.25964],[-2.280866,50.079772]]]}},{"type":"Feature","properties":{"name":"E380N0040","e_km":380,"n_km":40},"geometry":{"type":"Polygon","coordinates":[[[-2.281923,50.25964],[-2.001349,50.259983],[-2.001355,50.439848],[-2.282991,50.439503],[-2.281923,50.25964]]]}},{"type":"Feature","properties":{"name":"E380N0060","e_km":380,"n_km":60},"geometry":{"type":"Polygon","coordinates":[[[-2.282991,50.439503],[-2.001355,50.439848],[-2.001361,50.619707],[-2.28407,50.61936],[-2.282991,50.439503]]]}},{"type":"Feature","properties":{"name":"E380N0080","e_km":380,"n_km":80},"geometry":{"type":"Polygon","coordinates":[[[-2.28407,50.61936],[-2.001361,50.619707],[-2.001367,50.799561],[-2.28516,50.799211],[-2.28407,50.61936]]]}},{"type":"Feature","properties":{"name":"E380N0100","e_km":380,"n_km":100},"geometry":{"type":"Polygon","coordinates":[[[-2.28516,50.799211],[-2.001367,50.799561],[-2.001373,50.979409],[-2.286261,50.979057],[-2.28516,50.799211]]]}},{"type":"Feature","properties":{"name":"E380N0120","e_km":380,"n_km":120},"geometry":{"type":"Polygon","coordinates":[[[-2.286261,50.979057],[-2.001373,50.979409],[-2.00138,51.159251],[-2.287373,51.158898],[-2.286261,50.979057]]]}},{"type":"Feature","properties":{"name":"E380N0140","e_km":380,"n_km":140},"geometry":{"type":"Polygon","coordinates":[[[-2.287373,51.158898],[-2.00138,51.159251],[-2.001386,51.339088],[-2.288497,51.338733],[-2.287373,51.158898]]]}},{"type":"Feature","properties":{"name":"E380N0160","e_km":380,"n_km":160},"geometry":{"type":"Polygon","coordinates":[[[-2.288497,51.338733],[-2.001386,51.339088],[-2.001393,51.51892],[-2.289633,51.518562],[-2.288497,51.338733]]]}},{"type":"Feature","properties":{"name":"E380N0180","e_km":380,"n_km":180},"geometry":{"type":"Polygon","coordinates":[[[-2.289633,51.518562],[-2.001393,51.51892],[-2.001399,51.698746],[-2.290781,51.698385],[-2.289633,51.518562]]]}},{"type":"Feature","properties":{"name":"E380N0200","e_km":380,"n_km":200},"geometry":{"type":"Polygon","coordinates":[[[-2.290781,51.698385],[-2.001399,51.698746],[-2.001406,51.878566],[-2.29194,51.878203],[-2.290781,51.698385]]]}},{"type":"Feature","properties":{"name":"E380N0220","e_km":380,"n_km":220},"geometry":{"type":"Polygon","coordinates":[[[-2.29194,51.878203],[-2.001406,51.878566],[-2.001413,52.058381],[-2.293112,52.058016],[-2.29194,51.878203]]]}},{"type":"Feature","properties":{"name":"E380N0240","e_km":380,"n_km":240},"geometry":{"type":"Polygon","coordinates":[[[-2.293112,52.058016],[-2.001413,52.058381],[-2.001419,52.23819],[-2.294296,52.237823],[-2.293112,52.058016]]]}},{"type":"Feature","properties":{"name":"E380N0260","e_km":380,"n_km":260},"geometry":{"type":"Polygon","coordinates":[[[-2.294296,52.237823],[-2.001419,52.23819],[-2.001426,52.417994],[-2.295493,52.417624],[-2.294296,52.237823]]]}},{"type":"Feature","properties":{"name":"E380N0280","e_km":380,"n_km":280},"geometry":{"type":"Polygon","coordinates":[[[-2.295493,52.417624],[-2.001426,52.417994],[-2.001433,52.597792],[-2.296702,52.59742],[-2.295493,52.417624]]]}},{"type":"Feature","properties":{"name":"E380N0300","e_km":380,"n_km":300},"geometry":{"type":"Polygon","coordinates":[[[-2.296702,52.59742],[-2.001433,52.597792],[-2.00144,52.777585],[-2.297924,52.777211],[-2.296702,52.59742]]]}},{"type":"Feature","properties":{"name":"E380N0320","e_km":380,"n_km":320},"geometry":{"type":"Polygon","coordinates":[[[-2.297924,52.777211],[-2.00144,52.777585],[-2.001447,52.957373],[-2.29916,52.956995],[-2.297924,52.777211]]]}},{"type":"Feature","properties":{"name":"E380N0340","e_km":380,"n_km":340},"geometry":{"type":"Polygon","coordinates":[[[-2.29916,52.956995],[-2.001447,52.957373],[-2.001454,53.137154],[-2.300408,53.136775],[-2.29916,52.956995]]]}},{"type":"Feature","properties":{"name":"E380N0360","e_km":380,"n_km":360},"geometry":{"type":"Polygon","coordinates":[[[-2.300408,53.136775],[-2.001454,53.137154],[-2.001461,53.316931],[-2.30167,53.316549],[-2.300408,53.136775]]]}},{"type":"Feature","properties":{"name":"E380N0380","e_km":380,"n_km":380},"geometry":{"type":"Polygon","coordinates":[[[-2.30167,53.316549],[-2.001461,53.316931],[-2.001469,53.496702],[-2.302945,53.496317],[-2.30167,53.316549]]]}},{"type":"Feature","properties":{"name":"E380N0400","e_km":380,"n_km":400},"geometry":{"type":"Polygon","coordinates":[[[-2.302945,53.496317],[-2.001469,53.496702],[-2.001476,53.676467],[-2.304235,53.67608],[-2.302945,53.496317]]]}},{"type":"Feature","properties":{"name":"E380N0420","e_km":380,"n_km":420},"geometry":{"type":"Polygon","coordinates":[[[-2.304235,53.67608],[-2.001476,53.676467],[-2.001484,53.856227],[-2.305538,53.855838],[-2.304235,53.67608]]]}},{"type":"Feature","properties":{"name":"E380N0440","e_km":380,"n_km":440},"geometry":{"type":"Polygon","coordinates":[[[-2.305538,53.855838],[-2.001484,53.856227],[-2.001491,54.035982],[-2.306856,54.03559],[-2.305538,53.855838]]]}},{"type":"Feature","properties":{"name":"E380N0460","e_km":380,"n_km":460},"geometry":{"type":"Polygon","coordinates":[[[-2.306856,54.03559],[-2.001491,54.035982],[-2.001499,54.215731],[-2.308188,54.215336],[-2.306856,54.03559]]]}},{"type":"Feature","properties":{"name":"E380N0480","e_km":380,"n_km":480},"geometry":{"type":"Polygon","coordinates":[[[-2.308188,54.215336],[-2.001499,54.215731],[-2.001506,54.395475],[-2.309535,54.395078],[-2.308188,54.215336]]]}},{"type":"Feature","properties":{"name":"E380N0500","e_km":380,"n_km":500},"geometry":{"type":"Polygon","coordinates":[[[-2.309535,54.395078],[-2.001506,54.395475],[-2.001514,54.575213],[-2.310896,54.574813],[-2.309535,54.395078]]]}},{"type":"Feature","properties":{"name":"E380N0520","e_km":380,"n_km":520},"geometry":{"type":"Polygon","coordinates":[[[-2.310896,54.574813],[-2.001514,54.575213],[-2.001522,54.754946],[-2.312273,54.754544],[-2.310896,54.574813]]]}},{"type":"Feature","properties":{"name":"E380N0540","e_km":380,"n_km":540},"geometry":{"type":"Polygon","coordinates":[[[-2.312273,54.754544],[-2.001522,54.754946],[-2.00153,54.934674],[-2.313665,54.934269],[-2.312273,54.754544]]]}},{"type":"Feature","properties":{"name":"E380N0560","e_km":380,"n_km":560},"geometry":{"type":"Polygon","coordinates":[[[-2.313665,54.934269],[-2.00153,54.934674],[-2.001538,55.114397],[-2.315072,55.113989],[-2.313665,54.934269]]]}},{"type":"Feature","properties":{"name":"E380N0580","e_km":380,"n_km":580},"geometry":{"type":"Polygon","coordinates":[[[-2.315072,55.113989],[-2.001538,55.114397],[-2.001546,55.294114],[-2.316496,55.293703],[-2.315072,55.113989]]]}},{"type":"Feature","properties":{"name":"E380N0600","e_km":380,"n_km":600},"geometry":{"type":"Polygon","coordinates":[[[-2.316496,55.293703],[-2.001546,55.294114],[-2.001554,55.473825],[-2.317935,55.473412],[-2.316496,55.293703]]]}},{"type":"Feature","properties":{"name":"E380N0620","e_km":380,"n_km":620},"geometry":{"type":"Polygon","coordinates":[[[-2.317935,55.473412],[-2.001554,55.473825],[-2.001563,55.653532],[-2.319391,55.653115],[-2.317935,55.473412]]]}},{"type":"Feature","properties":{"name":"E380N0640","e_km":380,"n_km":640},"geometry":{"type":"Polygon","coordinates":[[[-2.319391,55.653115],[-2.001563,55.653532],[-2.001571,55.833233],[-2.320863,55.832814],[-2.319391,55.653115]]]}},{"type":"Feature","properties":{"name":"E380N0660","e_km":380,"n_km":660},"geometry":{"type":"Polygon","coordinates":[[[-2.320863,55.832814],[-2.001571,55.833233],[-2.00158,56.012929],[-2.322352,56.012507],[-2.320863,55.832814]]]}},{"type":"Feature","properties":{"name":"E380N0680","e_km":380,"n_km":680},"geometry":{"type":"Polygon","coordinates":[[[-2.322352,56.012507],[-2.00158,56.012929],[-2.001588,56.192619],[-2.323859,56.192194],[-2.322352,56.012507]]]}},{"type":"Feature","properties":{"name":"E380N0700","e_km":380,"n_km":700},"geometry":{"type":"Polygon","coordinates":[[[-2.323859,56.192194],[-2.001588,56.192619],[-2.001597,56.372304],[-2.325382,56.371877],[-2.323859,56.192194]]]}},{"type":"Feature","properties":{"name":"E380N0720","e_km":380,"n_km":720},"geometry":{"type":"Polygon","coordinates":[[[-2.325382,56.371877],[-2.001597,56.372304],[-2.001606,56.551984],[-2.326923,56.551554],[-2.325382,56.371877]]]}},{"type":"Feature","properties":{"name":"E380N0740","e_km":380,"n_km":740},"geometry":{"type":"Polygon","coordinates":[[[-2.326923,56.551554],[-2.001606,56.551984],[-2.001614,56.731659],[-2.328482,56.731226],[-2.326923,56.551554]]]}},{"type":"Feature","properties":{"name":"E380N0760","e_km":380,"n_km":760},"geometry":{"type":"Polygon","coordinates":[[[-2.328482,56.731226],[-2.001614,56.731659],[-2.001623,56.911329],[-2.330059,56.910892],[-2.328482,56.731226]]]}},{"type":"Feature","properties":{"name":"E380N0780","e_km":380,"n_km":780},"geometry":{"type":"Polygon","coordinates":[[[-2.330059,56.910892],[-2.001623,56.911329],[-2.001633,57.090993],[-2.331655,57.090554],[-2.330059,56.910892]]]}},{"type":"Feature","properties":{"name":"E380N0800","e_km":380,"n_km":800},"geometry":{"type":"Polygon","coordinates":[[[-2.331655,57.090554],[-2.001633,57.090993],[-2.001642,57.270652],[-2.33327,57.27021],[-2.331655,57.090554]]]}},{"type":"Feature","properties":{"name":"E380N0820","e_km":380,"n_km":820},"geometry":{"type":"Polygon","coordinates":[[[-2.33327,57.27021],[-2.001642,57.270652],[-2.001651,57.450306],[-2.334903,57.449861],[-2.33327,57.27021]]]}},{"type":"Feature","properties":{"name":"E380N0840","e_km":380,"n_km":840},"geometry":{"type":"Polygon","coordinates":[[[-2.334903,57.449861],[-2.001651,57.450306],[-2.001661,57.629955],[-2.336556,57.629507],[-2.334903,57.449861]]]}},{"type":"Feature","properties":{"name":"E380N0860","e_km":380,"n_km":860},"geometry":{"type":"Polygon","coordinates":[[[-2.336556,57.629507],[-2.001661,57.629955],[-2.00167,57.809599],[-2.338229,57.809147],[-2.336556,57.629507]]]}},{"type":"Feature","properties":{"name":"E380N0880","e_km":380,"n_km":880},"geometry":{"type":"Polygon","coordinates":[[[-2.338229,57.809147],[-2.00167,57.809599],[-2.00168,57.989238],[-2.339921,57.988783],[-2.338229,57.809147]]]}},{"type":"Feature","properties":{"name":"E380N0900","e_km":380,"n_km":900},"geometry":{"type":"Polygon","coordinates":[[[-2.339921,57.988783],[-2.00168,57.989238],[-2.001689,58.168871],[-2.341635,58.168413],[-2.339921,57.988783]]]}},{"type":"Feature","properties":{"name":"E380N0920","e_km":380,"n_km":920},"geometry":{"type":"Polygon","coordinates":[[[-2.341635,58.168413],[-2.001689,58.168871],[-2.001699,58.3485],[-2.343368,58.348038],[-2.341635,58.168413]]]}},{"type":"Feature","properties":{"name":"E380N0940","e_km":380,"n_km":940},"geometry":{"type":"Polygon","coordinates":[[[-2.343368,58.348038],[-2.001699,58.3485],[-2.001709,58.528123],[-2.345123,58.527659],[-2.343368,58.348038]]]}},{"type":"Feature","properties":{"name":"E380N0960","e_km":380,"n_km":960},"geometry":{"type":"Polygon","coordinates":[[[-2.345123,58.527659],[-2.001709,58.528123],[-2.001719,58.707741],[-2.3469,58.707274],[-2.345123,58.527659]]]}},{"type":"Feature","properties":{"name":"E380N0980","e_km":380,"n_km":980},"geometry":{"type":"Polygon","coordinates":[[[-2.3469,58.707274],[-2.001719,58.707741],[-2.00173,58.887355],[-2.348698,58.886884],[-2.3469,58.707274]]]}},{"type":"Feature","properties":{"name":"E380N1000","e_km":380,"n_km":1000},"geometry":{"type":"Polygon","coordinates":[[[-2.348698,58.886884],[-2.00173,58.887355],[-2.00174,59.066963],[-2.350518,59.066488],[-2.348698,58.886884]]]}},{"type":"Feature","properties":{"name":"E380N1020","e_km":380,"n_km":1020},"geometry":{"type":"Polygon","coordinates":[[[-2.350518,59.066488],[-2.00174,59.066963],[-2.001751,59.246566],[-2.352361,59.246088],[-2.350518,59.066488]]]}},{"type":"Feature","properties":{"name":"E380N1040","e_km":380,"n_km":1040},"geometry":{"type":"Polygon","coordinates":[[[-2.352361,59.246088],[-2.001751,59.246566],[-2.001761,59.426164],[-2.354227,59.425683],[-2.352361,59.246088]]]}},{"type":"Feature","properties":{"name":"E380N1060","e_km":380,"n_km":1060},"geometry":{"type":"Polygon","coordinates":[[[-2.354227,59.425683],[-2.001761,59.426164],[-2.001772,59.605757],[-2.356116,59.605273],[-2.354227,59.425683]]]}},{"type":"Feature","properties":{"name":"E380N1080","e_km":380,"n_km":1080},"geometry":{"type":"Polygon","coordinates":[[[-2.356116,59.605273],[-2.001772,59.605757],[-2.001783,59.785346],[-2.358029,59.784858],[-2.356116,59.605273]]]}},{"type":"Feature","properties":{"name":"E380N1100","e_km":380,"n_km":1100},"geometry":{"type":"Polygon","coordinates":[[[-2.358029,59.784858],[-2.001783,59.785346],[-2.001794,59.964929],[-2.359966,59.964438],[-2.358029,59.784858]]]}},{"type":"Feature","properties":{"name":"E380N1120","e_km":380,"n_km":1120},"geometry":{"type":"Polygon","coordinates":[[[-2.359966,59.964438],[-2.001794,59.964929],[-2.001805,60.144508],[-2.361928,60.144013],[-2.359966,59.964438]]]}},{"type":"Feature","properties":{"name":"E380N1140","e_km":380,"n_km":1140},"geometry":{"type":"Polygon","coordinates":[[[-2.361928,60.144013],[-2.001805,60.144508],[-2.001816,60.324081],[-2.363915,60.323583],[-2.361928,60.144013]]]}},{"type":"Feature","properties":{"name":"E380N1160","e_km":380,"n_km":1160},"geometry":{"type":"Polygon","coordinates":[[[-2.363915,60.323583],[-2.001816,60.324081],[-2.001828,60.50365],[-2.365928,60.503148],[-2.363915,60.323583]]]}},{"type":"Feature","properties":{"name":"E380N1180","e_km":380,"n_km":1180},"geometry":{"type":"Polygon","coordinates":[[[-2.365928,60.503148],[-2.001828,60.50365],[-2.001839,60.683214],[-2.367966,60.682708],[-2.365928,60.503148]]]}},{"type":"Feature","properties":{"name":"E380N1200","e_km":380,"n_km":1200},"geometry":{"type":"Polygon","coordinates":[[[-2.367966,60.682708],[-2.001839,60.683214],[-2.001851,60.862773],[-2.370031,60.862263],[-2.367966,60.682708]]]}},{"type":"Feature","properties":{"name":"E380N1220","e_km":380,"n_km":1220},"geometry":{"type":"Polygon","coordinates":[[[-2.370031,60.862263],[-2.001851,60.862773],[-2.001863,61.042327],[-2.372123,61.041813],[-2.370031,60.862263]]]}},{"type":"Feature","properties":{"name":"E380N1240","e_km":380,"n_km":1240},"geometry":{"type":"Polygon","coordinates":[[[-2.372123,61.041813],[-2.001863,61.042327],[-2.0,61.222551],[-2.372423,61.22204],[-2.372123,61.041813]]]}},{"type":"Feature","properties":{"name":"E380N1260","e_km":380,"n_km":1260},"geometry":{"type":"Polygon","coordinates":[[[-2.372423,61.22204],[-2.0,61.222551],[-2.0,61.402118],[-2.374558,61.401602],[-2.372423,61.22204]]]}},{"type":"Feature","properties":{"name":"E380N1280","e_km":380,"n_km":1280},"geometry":{"type":"Polygon","coordinates":[[[-2.374558,61.401602],[-2.0,61.402118],[-2.0,61.581679],[-2.376722,61.58116],[-2.374558,61.401602]]]}},{"type":"Feature","properties":{"name":"E400N0000","e_km":400,"n_km":0},"geometry":{"type":"Polygon","coordinates":[[[-2.001337,49.900236],[-1.722854,49.899905],[-1.721819,50.079779],[-2.001343,50.080112],[-2.001337,49.900236]]]}},{"type":"Feature","properties":{"name":"E400N0020","e_km":400,"n_km":20},"geometry":{"type":"Polygon","coordinates":[[[-2.001343,50.080112],[-1.721819,50.079779],[-1.720774,50.259648],[-2.001349,50.259983],[-2.001343,50.080112]]]}},{"type":"Feature","properties":{"name":"E400N0040","e_km":400,"n_km":40},"geometry":{"type":"Polygon","coordinates":[[[-2.001349,50.259983],[-1.720774,50.259648],[-1.719719,50.439511],[-2.001355,50.439848],[-2.001349,50.259983]]]}},{"type":"Feature","properties":{"name":"E400N0060","e_km":400,"n_km":60},"geometry":{"type":"Polygon","coordinates":[[[-2.001355,50.439848],[-1.719719,50.439511],[-1.718652,50.619368],[-2.001361,50.619707],[-2.001355,50.439848]]]}},{"type":"Feature","properties":{"name":"E400N0080","e_km":400,"n_km":80},"geometry":{"type":"Polygon","coordinates":[[[-2.001361,50.619707],[-1.718652,50.619368],[-1.717575,50.799219],[-2.001367,50.799561],[-2.001361,50.619707]]]}},{"type":"Feature","properties":{"name":"E400N0100","e_km":400,"n_km":100},"geometry":{"type":"Polygon","coordinates":[[[-2.001367,50.799561],[-1.717575,50.799219],[-1.716486,50.979065],[-2.001373,50.979409],[-2.001367,50.799561]]]}},{"type":"Feature","properties":{"name":"E400N0120","e_km":400,"n_km":120},"geometry":{"type":"Polygon","coordinates":[[[-2.001373,50.979409],[-1.716486,50.979065],[-1.715386,51.158906],[-2.00138,51.159251],[-2.001373,50.979409]]]}},{"type":"Feature","properties":{"name":"E400N0140","e_km":400,"n_km":140},"geometry":{"type":"Polygon","coordinates":[[[-2.00138,51.159251],[-1.715386,51.158906],[-1.714275,51.338741],[-2.001386,51.339088],[-2.00138,51.159251]]]}},{"type":"Feature","properties":{"name":"E400N0160","e_km":400,"n_km":160},"geometry":{"type":"Polygon","coordinates":[[[-2.001386,51.339088],[-1.714275,51.338741],[-1.713152,51.51857],[-2.001393,51.51892],[-2.001386,51.339088]]]}},{"type":"Feature","properties":{"name":"E400N0180","e_km":400,"n_km":180},"geometry":{"type":"Polygon","coordinates":[[[-2.001393,51.51892],[-1.713152,51.51857],[-1.712018,51.698394],[-2.001399,51.698746],[-2.001393,51.51892]]]}},{"type":"Feature","properties":{"name":"E400N0200","e_km":400,"n_km":200},"geometry":{"type":"Polygon","coordinates":[[[-2.001399,51.698746],[-1.712018,51.698394],[-1.710871,51.878212],[-2.001406,51.878566],[-2.001399,51.698746]]]}},{"type":"Feature","properties":{"name":"E400N0220","e_km":400,"n_km":220},"geometry":{"type":"Polygon","coordinates":[[[-2.001406,51.878566],[-1.710871,51.878212],[-1.709713,52.058024],[-2.001413,52.058381],[-2.001406,51.878566]]]}},{"type":"Feature","properties":{"name":"E400N0240","e_km":400,"n_km":240},"geometry":{"type":"Polygon","coordinates":[[[-2.001413,52.058381],[-1.709713,52.058024],[-1.708542,52.237831],[-2.001419,52.23819],[-2.001413,52.058381]]]}},{"type":"Feature","properties":{"name":"E400N0260","e_km":400,"n_km":260},"geometry":{"type":"Polygon","coordinates":[[[-2.001419,52.23819],[-1.708542,52.237831],[-1.70736,52.417633],[-2.001426,52.417994],[-2.001419,52.23819]]]}},{"type":"Feature","properties":{"name":"E400N0280","e_km":400,"n_km":280},"geometry":{"type":"Polygon","coordinates":[[[-2.001426,52.417994],[-1.70736,52.417633],[-1.706164,52.597429],[-2.001433,52.597792],[-2.001426,52.417994]]]}},{"type":"Feature","properties":{"name":"E400N0300","e_km":400,"n_km":300},"geometry":{"type":"Polygon","coordinates":[[[-2.001433,52.597792],[-1.706164,52.597429],[-1.704956,52.777219],[-2.00144,52.777585],[-2.001433,52.597792]]]}},{"type":"Feature","properties":{"name":"E400N0320","e_km":400,"n_km":320},"geometry":{"type":"Polygon","coordinates":[[[-2.00144,52.777585],[-1.704956,52.777219],[-1.703735,52.957004],[-2.001447,52.957373],[-2.00144,52.777585]]]}},{"type":"Feature","properties":{"name":"E400N0340","e_km":400,"n_km":340},"geometry":{"type":"Polygon","coordinates":[[[-2.001447,52.957373],[-1.703735,52.957004],[-1.702501,53.136783],[-2.001454,53.137154],[-2.001447,52.957373]]]}},{"type":"Feature","properties":{"name":"E400N0360","e_km":400,"n_km":360},"geometry":{"type":"Polygon","coordinates":[[[-2.001454,53.137154],[-1.702501,53.136783],[-1.701253,53.316557],[-2.001461,53.316931],[-2.001454,53.137154]]]}},{"type":"Feature","properties":{"name":"E400N0380","e_km":400,"n_km":380},"geometry":{"type":"Polygon","coordinates":[[[-2.001461,53.316931],[-1.701253,53.316557],[-1.699992,53.496326],[-2.001469,53.496702],[-2.001461,53.316931]]]}},{"type":"Feature","properties":{"name":"E400N0400","e_km":400,"n_km":400},"geometry":{"type":"Polygon","coordinates":[[[-2.001469,53.496702],[-1.699992,53.496326],[-1.698717,53.676089],[-2.001476,53.676467],[-2.001469,53.496702]]]}},{"type":"Feature","properties":{"name":"E400N0420","e_km":400,"n_km":420},"geometry":{"type":"Polygon","coordinates":[[[-2.001476,53.676467],[-1.698717,53.676089],[-1.697429,53.855847],[-2.001484,53.856227],[-2.001476,53.676467]]]}},{"type":"Feature","properties":{"name":"E400N0440","e_km":400,"n_km":440},"geometry":{"type":"Polygon","coordinates":[[[-2.001484,53.856227],[-1.697429,53.855847],[-1.696126,54.035599],[-2.001491,54.035982],[-2.001484,53.856227]]]}},{"type":"Feature","properties":{"name":"E400N0460","e_km":400,"n_km":460},"geometry":{"type":"Polygon","coordinates":[[[-2.001491,54.035982],[-1.696126,54.035599],[-1.69481,54.215345],[-2.001499,54.215731],[-2.001491,54.035982]]]}},{"type":"Feature","properties":{"name":"E400N0480","e_km":400,"n_km":480},"geometry":{"type":"Polygon","coordinates":[[[-2.001499,54.215731],[-1.69481,54.215345],[-1.693478,54.395087],[-2.001506,54.395475],[-2.001499,54.215731]]]}},{"type":"Feature","properties":{"name":"E400N0500","e_km":400,"n_km":500},"geometry":{"type":"Polygon","coordinates":[[[-2.001506,54.395475],[-1.693478,54.395087],[-1.692132,54.574823],[-2.001514,54.575213],[-2.001506,54.395475]]]}},{"type":"Feature","properties":{"name":"E400N0520","e_km":400,"n_km":520},"geometry":{"type":"Polygon","coordinates":[[[-2.001514,54.575213],[-1.692132,54.574823],[-1.690771,54.754553],[-2.001522,54.754946],[-2.001514,54.575213]]]}},{"type":"Feature","properties":{"name":"E400N0540","e_km":400,"n_km":540},"geometry":{"type":"Polygon","coordinates":[[[-2.001522,54.754946],[-1.690771,54.754553],[-1.689395,54.934278],[-2.00153,54.934674],[-2.001522,54.754946]]]}},{"type":"Feature","properties":{"name":"E400N0560","e_km":400,"n_km":560},"geometry":{"type":"Polygon","coordinates":[[[-2.00153,54.934674],[-1.689395,54.934278],[-1.688003,55.113998],[-2.001538,55.114397],[-2.00153,54.934674]]]}},{"type":"Feature","properties":{"name":"E400N0580","e_km":400,"n_km":580},"geometry":{"type":"Polygon","coordinates":[[[-2.001538,55.114397],[-1.688003,55.113998],[-1.686596,55.293712],[-2.001546,55.294114],[-2.001538,55.114397]]]}},{"type":"Feature","properties":{"name":"E400N0600","e_km":400,"n_km":600},"geometry":{"type":"Polygon","coordinates":[[[-2.001546,55.294114],[-1.686596,55.293712],[-1.685173,55.473421],[-2.001554,55.473825],[-2.001546,55.294114]]]}},{"type":"Feature","properties":{"name":"E400N0620","e_km":400,"n_km":620},"geometry":{"type":"Polygon","coordinates":[[[-2.001554,55.473825],[-1.685173,55.473421],[-1.683734,55.653125],[-2.001563,55.653532],[-2.001554,55.473825]]]}},{"type":"Feature","properties":{"name":"E400N0640","e_km":400,"n_km":640},"geometry":{"type":"Polygon","coordinates":[[[-2.001563,55.653532],[-1.683734,55.653125],[-1.682279,55.832823],[-2.001571,55.833233],[-2.001563,55.653532]]]}},{"type":"Feature","properties":{"name":"E400N0660","e_km":400,"n_km":660},"geometry":{"type":"Polygon","coordinates":[[[-2.001571,55.833233],[-1.682279,55.832823],[-1.680807,56.012516],[-2.00158,56.012929],[-2.001571,55.833233]]]}},{"type":"Feature","properties":{"name":"E400N0680","e_km":400,"n_km":680},"geometry":{"type":"Polygon","coordinates":[[[-2.00158,56.012929],[-1.680807,56.012516],[-1.679318,56.192204],[-2.001588,56.192619],[-2.00158,56.012929]]]}},{"type":"Feature","properties":{"name":"E400N0700","e_km":400,"n_km":700},"geometry":{"type":"Polygon","coordinates":[[[-2.001588,56.192619],[-1.679318,56.192204],[-1.677811,56.371886],[-2.001597,56.372304],[-2.001588,56.192619]]]}},{"type":"Feature","properties":{"name":"E400N0720","e_km":400,"n_km":720},"geometry":{"type":"Polygon","coordinates":[[[-2.001597,56.372304],[-1.677811,56.371886],[-1.676288,56.551564],[-2.001606,56.551984],[-2.001597,56.372304]]]}},{"type":"Feature","properties":{"name":"E400N0740","e_km":400,"n_km":740},"geometry":{"type":"Polygon","coordinates":[[[-2.001606,56.551984],[-1.676288,56.551564],[-1.674747,56.731236],[-2.001614,56.731659],[-2.001606,56.551984]]]}},{"type":"Feature","properties":{"name":"E400N0760","e_km":400,"n_km":760},"geometry":{"type":"Polygon","coordinates":[[[-2.001614,56.731659],[-1.674747,56.731236],[-1.673187,56.910902],[-2.001623,56.911329],[-2.001614,56.731659]]]}},{"type":"Feature","properties":{"name":"E400N0780","e_km":400,"n_km":780},"geometry":{"type":"Polygon","coordinates":[[[-2.001623,56.911329],[-1.673187,56.910902],[-1.67161,57.090564],[-2.001633,57.090993],[-2.001623,56.911329]]]}},{"type":"Feature","properties":{"name":"E400N0800","e_km":400,"n_km":800},"geometry":{"type":"Polygon","coordinates":[[[-2.001633,57.090993],[-1.67161,57.090564],[-1.670014,57.27022],[-2.001642,57.270652],[-2.001633,57.090993]]]}},{"type":"Feature","properties":{"name":"E400N0820","e_km":400,"n_km":820},"geometry":{"type":"Polygon","coordinates":[[[-2.001642,57.270652],[-1.670014,57.27022],[-1.668399,57.449871],[-2.001651,57.450306],[-2.001642,57.270652]]]}},{"type":"Feature","properties":{"name":"E400N0840","e_km":400,"n_km":840},"geometry":{"type":"Polygon","coordinates":[[[-2.001651,57.450306],[-1.668399,57.449871],[-1.666765,57.629517],[-2.001661,57.629955],[-2.001651,57.450306]]]}},{"type":"Feature","properties":{"name":"E400N0860","e_km":400,"n_km":860},"geometry":{"type":"Polygon","coordinates":[[[-2.001661,57.629955],[-1.666765,57.629517],[-1.665111,57.809158],[-2.00167,57.809599],[-2.001661,57.629955]]]}},{"type":"Feature","properties":{"name":"E400N0880","e_km":400,"n_km":880},"geometry":{"type":"Polygon","coordinates":[[[-2.00167,57.809599],[-1.665111,57.809158],[-1.663438,57.988793],[-2.00168,57.989238],[-2.00167,57.809599]]]}},{"type":"Feature","properties":{"name":"E400N0900","e_km":400,"n_km":900},"geometry":{"type":"Polygon","coordinates":[[[-2.00168,57.989238],[-1.663438,57.988793],[-1.661744,58.168424],[-2.001689,58.168871],[-2.00168,57.989238]]]}},{"type":"Feature","properties":{"name":"E400N0920","e_km":400,"n_km":920},"geometry":{"type":"Polygon","coordinates":[[[-2.001689,58.168871],[-1.661744,58.168424],[-1.66003,58.348049],[-2.001699,58.3485],[-2.001689,58.168871]]]}},{"type":"Feature","properties":{"name":"E400N0940","e_km":400,"n_km":940},"geometry":{"type":"Polygon","coordinates":[[[-2.001699,58.3485],[-1.66003,58.348049],[-1.658295,58.527669],[-2.001709,58.528123],[-2.001699,58.3485]]]}},{"type":"Feature","properties":{"name":"E400N0960","e_km":400,"n_km":960},"geometry":{"type":"Polygon","coordinates":[[[-2.001709,58.528123],[-1.658295,58.527669],[-1.656539,58.707284],[-2.001719,58.707741],[-2.001709,58.528123]]]}},{"type":"Feature","properties":{"name":"E400N0980","e_km":400,"n_km":980},"geometry":{"type":"Polygon","coordinates":[[[-2.001719,58.707741],[-1.656539,58.707284],[-1.654761,58.886894],[-2.00173,58.887355],[-2.001719,58.707741]]]}},{"type":"Feature","properties":{"name":"E400N1000","e_km":400,"n_km":1000},"geometry":{"type":"Polygon","coordinates":[[[-2.00173,58.887355],[-1.654761,58.886894],[-1.652962,59.066499],[-2.00174,59.066963],[-2.00173,58.887355]]]}},{"type":"Feature","properties":{"name":"E400N1020","e_km":400,"n_km":1020},"geometry":{"type":"Polygon","coordinates":[[[-2.00174,59.066963],[-1.652962,59.066499],[-1.65114,59.246099],[-2.001751,59.246566],[-2.00174,59.066963]]]}},{"type":"Feature","properties":{"name":"E400N1040","e_km":400,"n_km":1040},"geometry":{"type":"Polygon","coordinates":[[[-2.001751,59.246566],[-1.65114,59.246099],[-1.649295,59.425694],[-2.001761,59.426164],[-2.001751,59.246566]]]}},{"type":"Feature","properties":{"name":"E400N1060","e_km":400,"n_km":1060},"geometry":{"type":"Polygon","coordinates":[[[-2.001761,59.426164],[-1.649295,59.425694],[-1.647427,59.605284],[-2.001772,59.605757],[-2.001761,59.426164]]]}},{"type":"Feature","properties":{"name":"E400N1080","e_km":400,"n_km":1080},"geometry":{"type":"Polygon","coordinates":[[[-2.001772,59.605757],[-1.647427,59.605284],[-1.645536,59.784869],[-2.001783,59.785346],[-2.001772,59.605757]]]}},{"type":"Feature","properties":{"name":"E400N1100","e_km":400,"n_km":1100},"geometry":{"type":"Polygon","coordinates":[[[-2.001783,59.785346],[-1.645536,59.784869],[-1.643621,59.964449],[-2.001794,59.964929],[-2.001783,59.785346]]]}},{"type":"Feature","properties":{"name":"E400N1120","e_km":400,"n_km":1120},"geometry":{"type":"Polygon","coordinates":[[[-2.001794,59.964929],[-1.643621,59.964449],[-1.641682,60.144024],[-2.001805,60.144508],[-2.001794,59.964929]]]}},{"type":"Feature","properties":{"name":"E400N1140","e_km":400,"n_km":1140},"geometry":{"type":"Polygon","coordinates":[[[-2.001805,60.144508],[-1.641682,60.144024],[-1.639717,60.323594],[-2.001816,60.324081],[-2.001805,60.144508]]]}},{"type":"Feature","properties":{"name":"E400N1160","e_km":400,"n_km":1160},"geometry":{"type":"Polygon","coordinates":[[[-2.001816,60.324081],[-1.639717,60.323594],[-1.637728,60.503159],[-2.001828,60.50365],[-2.001816,60.324081]]]}},{"type":"Feature","properties":{"name":"E400N1180","e_km":400,"n_km":1180},"geometry":{"type":"Polygon","coordinates":[[[-2.001828,60.50365],[-1.637728,60.503159],[-1.635712,60.682719],[-2.001839,60.683214],[-2.001828,60.50365]]]}},{"type":"Feature","properties":{"name":"E400N1200","e_km":400,"n_km":1200},"geometry":{"type":"Polygon","coordinates":[[[-2.001839,60.683214],[-1.635712,60.682719],[-1.633671,60.862274],[-2.001851,60.862773],[-2.001839,60.683214]]]}},{"type":"Feature","properties":{"name":"E400N1220","e_km":400,"n_km":1220},"geometry":{"type":"Polygon","coordinates":[[[-2.001851,60.862773],[-1.633671,60.862274],[-1.631603,61.041825],[-2.001863,61.042327],[-2.001851,60.862773]]]}},{"type":"Feature","properties":{"name":"E400N1240","e_km":400,"n_km":1240},"geometry":{"type":"Polygon","coordinates":[[[-2.001863,61.042327],[-1.631603,61.041825],[-1.627577,61.22204],[-2.0,61.222551],[-2.001863,61.042327]]]}},{"type":"Feature","properties":{"name":"E400N1260","e_km":400,"n_km":1260},"geometry":{"type":"Polygon","coordinates":[[[-2.0,61.222551],[-1.627577,61.22204],[-1.625442,61.401602],[-2.0,61.402118],[-2.0,61.222551]]]}},{"type":"Feature","properties":{"name":"E400N1280","e_km":400,"n_km":1280},"geometry":{"type":"Polygon","coordinates":[[[-2.0,61.402118],[-1.625442,61.401602],[-1.623278,61.58116],[-2.0,61.581679],[-2.0,61.402118]]]}},{"type":"Feature","properties":{"name":"E420N0000","e_km":420,"n_km":0},"geometry":{"type":"Polygon","coordinates":[[[-1.722854,49.899905],[-1.444382,49.898906],[-1.442307,50.078774],[-1.721819,50.079779],[-1.722854,49.899905]]]}},{"type":"Feature","properties":{"name":"E420N0020","e_km":420,"n_km":20},"geometry":{"type":"Polygon","coordinates":[[[-1.721819,50.079779],[-1.442307,50.078774],[-1.440211,50.258636],[-1.720774,50.259648],[-1.721819,50.079779]]]}},{"type":"Feature","properties":{"name":"E420N0040","e_km":420,"n_km":40},"geometry":{"type":"Polygon","coordinates":[[[-1.720774,50.259648],[-1.440211,50.258636],[-1.438093,50.438492],[-1.719719,50.439511],[-1.720774,50.259648]]]}},{"type":"Feature","properties":{"name":"E420N0060","e_km":420,"n_km":60},"geometry":{"type":"Polygon","coordinates":[[[-1.719719,50.439511],[-1.438093,50.438492],[-1.435954,50.618343],[-1.718652,50.619368],[-1.719719,50.439511]]]}},{"type":"Feature","properties":{"name":"E420N0080","e_km":420,"n_km":80},"geometry":{"type":"Polygon","coordinates":[[[-1.718652,50.619368],[-1.435954,50.618343],[-1.433793,50.798188],[-1.717575,50.799219],[-1.718652,50.619368]]]}},{"type":"Feature","properties":{"name":"E420N0100","e_km":420,"n_km":100},"geometry":{"type":"Polygon","coordinates":[[[-1.717575,50.799219],[-1.433793,50.798188],[-1.43161,50.978027],[-1.716486,50.979065],[-1.717575,50.799219]]]}},{"type":"Feature","properties":{"name":"E420N0120","e_km":420,"n_km":120},"geometry":{"type":"Polygon","coordinates":[[[-1.716486,50.979065],[-1.43161,50.978027],[-1.429404,51.157861],[-1.715386,51.158906],[-1.716486,50.979065]]]}},{"type":"Feature","properties":{"name":"E420N0140","e_km":420,"n_km":140},"geometry":{"type":"Polygon","coordinates":[[[-1.715386,51.158906],[-1.429404,51.157861],[-1.427175,51.337689],[-1.714275,51.338741],[-1.715386,51.158906]]]}},{"type":"Feature","properties":{"name":"E420N0160","e_km":420,"n_km":160},"geometry":{"type":"Polygon","coordinates":[[[-1.714275,51.338741],[-1.427175,51.337689],[-1.424923,51.517512],[-1.713152,51.51857],[-1.714275,51.338741]]]}},{"type":"Feature","properties":{"name":"E420N0180","e_km":420,"n_km":180},"geometry":{"type":"Polygon","coordinates":[[[-1.713152,51.51857],[-1.424923,51.517512],[-1.422648,51.697329],[-1.712018,51.698394],[-1.713152,51.51857]]]}},{"type":"Feature","properties":{"name":"E420N0200","e_km":420,"n_km":200},"geometry":{"type":"Polygon","coordinates":[[[-1.712018,51.698394],[-1.422648,51.697329],[-1.420349,51.87714],[-1.710871,51.878212],[-1.712018,51.698394]]]}},{"type":"Feature","properties":{"name":"E420N0220","e_km":420,"n_km":220},"geometry":{"type":"Polygon","coordinates":[[[-1.710871,51.878212],[-1.420349,51.87714],[-1.418026,52.056945],[-1.709713,52.058024],[-1.710871,51.878212]]]}},{"type":"Feature","properties":{"name":"E420N0240","e_km":420,"n_km":240},"geometry":{"type":"Polygon","coordinates":[[[-1.709713,52.058024],[-1.418026,52.056945],[-1.415678,52.236745],[-1.708542,52.237831],[-1.709713,52.058024]]]}},{"type":"Feature","properties":{"name":"E420N0260","e_km":420,"n_km":260},"geometry":{"type":"Polygon","coordinates":[[[-1.708542,52.237831],[-1.415678,52.236745],[-1.413305,52.41654],[-1.70736,52.417633],[-1.708542,52.237831]]]}},{"type":"Feature","properties":{"name":"E420N0280","e_km":420,"n_km":280},"geometry":{"type":"Polygon","coordinates":[[[-1.70736,52.417633],[-1.413305,52.41654],[-1.410908,52.596329],[-1.706164,52.597429],[-1.70736,52.417633]]]}},{"type":"Feature","properties":{"name":"E420N0300","e_km":420,"n_km":300},"geometry":{"type":"Polygon","coordinates":[[[-1.706164,52.597429],[-1.410908,52.596329],[-1.408484,52.776112],[-1.704956,52.777219],[-1.706164,52.597429]]]}},{"type":"Feature","properties":{"name":"E420N0320","e_km":420,"n_km":320},"geometry":{"type":"Polygon","coordinates":[[[-1.704956,52.777219],[-1.408484,52.776112],[-1.406035,52.95589],[-1.703735,52.957004],[-1.704956,52.777219]]]}},{"type":"Feature","properties":{"name":"E420N0340","e_km":420,"n_km":340},"geometry":{"type":"Polygon","coordinates":[[[-1.703735,52.957004],[-1.406035,52.95589],[-1.40356,53.135662],[-1.702501,53.136783],[-1.703735,52.957004]]]}},{"type":"Feature","properties":{"name":"E420N0360","e_km":420,"n_km":360},"geometry":{"type":"Polygon","coordinates":[[[-1.702501,53.136783],[-1.40356,53.135662],[-1.401058,53.315429],[-1.701253,53.316557],[-1.702501,53.136783]]]}},{"type":"Feature","properties":{"name":"E420N0380","e_km":420,"n_km":380},"geometry":{"type":"Polygon","coordinates":[[[-1.701253,53.316557],[-1.401058,53.315429],[-1.398529,53.49519],[-1.699992,53.496326],[-1.701253,53.316557]]]}},{"type":"Feature","properties":{"name":"E420N0400","e_km":420,"n_km":400},"geometry":{"type":"Polygon","coordinates":[[[-1.699992,53.496326],[-1.398529,53.49519],[-1.395973,53.674945],[-1.698717,53.676089],[-1.699992,53.496326]]]}},{"type":"Feature","properties":{"name":"E420N0420","e_km":420,"n_km":420},"geometry":{"type":"Polygon","coordinates":[[[-1.698717,53.676089],[-1.395973,53.674945],[-1.393388,53.854695],[-1.697429,53.855847],[-1.698717,53.676089]]]}},{"type":"Feature","properties":{"name":"E420N0440","e_km":420,"n_km":440},"geometry":{"type":"Polygon","coordinates":[[[-1.697429,53.855847],[-1.393388,53.854695],[-1.390776,54.03444],[-1.696126,54.035599],[-1.697429,53.855847]]]}},{"type":"Feature","properties":{"name":"E420N0460","e_km":420,"n_km":460},"geometry":{"type":"Polygon","coordinates":[[[-1.696126,54.035599],[-1.390776,54.03444],[-1.388135,54.214179],[-1.69481,54.215345],[-1.696126,54.035599]]]}},{"type":"Feature","properties":{"name":"E420N0480","e_km":420,"n_km":480},"geometry":{"type":"Polygon","coordinates":[[[-1.69481,54.215345],[-1.388135,54.214179],[-1.385465,54.393913],[-1.693478,54.395087],[-1.69481,54.215345]]]}},{"type":"Feature","properties":{"name":"E420N0500","e_km":420,"n_km":500},"geometry":{"type":"Polygon","coordinates":[[[-1.693478,54.395087],[-1.385465,54.393913],[-1.382765,54.573641],[-1.692132,54.574823],[-1.693478,54.395087]]]}},{"type":"Feature","properties":{"name":"E420N0520","e_km":420,"n_km":520},"geometry":{"type":"Polygon","coordinates":[[[-1.692132,54.574823],[-1.382765,54.573641],[-1.380035,54.753363],[-1.690771,54.754553],[-1.692132,54.574823]]]}},{"type":"Feature","properties":{"name":"E420N0540","e_km":420,"n_km":540},"geometry":{"type":"Polygon","coordinates":[[[-1.690771,54.754553],[-1.380035,54.753363],[-1.377275,54.933081],[-1.689395,54.934278],[-1.690771,54.754553]]]}},{"type":"Feature","properties":{"name":"E420N0560","e_km":420,"n_km":560},"geometry":{"type":"Polygon","coordinates":[[[-1.689395,54.934278],[-1.377275,54.933081],[-1.374485,55.112792],[-1.688003,55.113998],[-1.689395,54.934278]]]}},{"type":"Feature","properties":{"name":"E420N0580","e_km":420,"n_km":580},"geometry":{"type":"Polygon","coordinates":[[[-1.688003,55.113998],[-1.374485,55.112792],[-1.371662,55.292499],[-1.686596,55.293712],[-1.688003,55.113998]]]}},{"type":"Feature","properties":{"name":"E420N0600","e_km":420,"n_km":600},"geometry":{"type":"Polygon","coordinates":[[[-1.686596,55.293712],[-1.371662,55.292499],[-1.368808,55.4722],[-1.685173,55.473421],[-1.686596,55.293712]]]}},{"type":"Feature","properties":{"name":"E420N0620","e_km":420,"n_km":620},"geometry":{"type":"Polygon","coordinates":[[[-1.685173,55.473421],[-1.368808,55.4722],[-1.365922,55.651895],[-1.683734,55.653125],[-1.685173,55.473421]]]}},{"type":"Feature","properties":{"name":"E420N0640","e_km":420,"n_km":640},"geometry":{"type":"Polygon","coordinates":[[[-1.683734,55.653125],[-1.365922,55.651895],[-1.363003,55.831585],[-1.682279,55.832823],[-1.683734,55.653125]]]}},{"type":"Feature","properties":{"name":"E420N0660","e_km":420,"n_km":660},"geometry":{"type":"Polygon","coordinates":[[[-1.682279,55.832823],[-1.363003,55.831585],[-1.36005,56.01127],[-1.680807,56.012516],[-1.682279,55.832823]]]}},{"type":"Feature","properties":{"name":"E420N0680","e_km":420,"n_km":680},"geometry":{"type":"Polygon","coordinates":[[[-1.680807,56.012516],[-1.36005,56.01127],[-1.357064,56.190949],[-1.679318,56.192204],[-1.680807,56.012516]]]}},{"type":"Feature","properties":{"name":"E420N0700","e_km":420,"n_km":700},"geometry":{"type":"Polygon","coordinates":[[[-1.679318,56.192204],[-1.357064,56.190949],[-1.354043,56.370623],[-1.677811,56.371886],[-1.679318,56.192204]]]}},{"type":"Feature","properties":{"name":"E420N0720","e_km":420,"n_km":720},"geometry":{"type":"Polygon","coordinates":[[[-1.677811,56.371886],[-1.354043,56.370623],[-1.350988,56.550292],[-1.676288,56.551564],[-1.677811,56.371886]]]}},{"type":"Feature","properties":{"name":"E420N0740","e_km":420,"n_km":740},"geometry":{"type":"Polygon","coordinates":[[[-1.676288,56.551564],[-1.350988,56.550292],[-1.347897,56.729955],[-1.674747,56.731236],[-1.676288,56.551564]]]}},{"type":"Feature","properties":{"name":"E420N0760","e_km":420,"n_km":760},"geometry":{"type":"Polygon","coordinates":[[[-1.674747,56.731236],[-1.347897,56.729955],[-1.34477,56.909613],[-1.673187,56.910902],[-1.674747,56.731236]]]}},{"type":"Feature","properties":{"name":"E420N0780","e_km":420,"n_km":780},"geometry":{"type":"Polygon","coordinates":[[[-1.673187,56.910902],[-1.34477,56.909613],[-1.341606,57.089266],[-1.67161,57.090564],[-1.673187,56.910902]]]}},{"type":"Feature","properties":{"name":"E420N0800","e_km":420,"n_km":800},"geometry":{"type":"Polygon","coordinates":[[[-1.67161,57.090564],[-1.341606,57.089266],[-1.338405,57.268913],[-1.670014,57.27022],[-1.67161,57.090564]]]}},{"type":"Feature","properties":{"name":"E420N0820","e_km":420,"n_km":820},"geometry":{"type":"Polygon","coordinates":[[[-1.670014,57.27022],[-1.338405,57.268913],[-1.335166,57.448555],[-1.668399,57.449871],[-1.670014,57.27022]]]}},{"type":"Feature","properties":{"name":"E420N0840","e_km":420,"n_km":840},"geometry":{"type":"Polygon","coordinates":[[[-1.668399,57.449871],[-1.335166,57.448555],[-1.331889,57.628192],[-1.666765,57.629517],[-1.668399,57.449871]]]}},{"type":"Feature","properties":{"name":"E420N0860","e_km":420,"n_km":860},"geometry":{"type":"Polygon","coordinates":[[[-1.666765,57.629517],[-1.331889,57.628192],[-1.328572,57.807823],[-1.665111,57.809158],[-1.666765,57.629517]]]}},{"type":"Feature","properties":{"name":"E420N0880","e_km":420,"n_km":880},"geometry":{"type":"Polygon","coordinates":[[[-1.665111,57.809158],[-1.328572,57.807823],[-1.325216,57.98745],[-1.663438,57.988793],[-1.665111,57.809158]]]}},{"type":"Feature","properties":{"name":"E420N0900","e_km":420,"n_km":900},"geometry":{"type":"Polygon","coordinates":[[[-1.663438,57.988793],[-1.325216,57.98745],[-1.321819,58.167071],[-1.661744,58.168424],[-1.663438,57.988793]]]}},{"type":"Feature","properties":{"name":"E420N0920","e_km":420,"n_km":920},"geometry":{"type":"Polygon","coordinates":[[[-1.661744,58.168424],[-1.321819,58.167071],[-1.318382,58.346686],[-1.66003,58.348049],[-1.661744,58.168424]]]}},{"type":"Feature","properties":{"name":"E420N0940","e_km":420,"n_km":940},"geometry":{"type":"Polygon","coordinates":[[[-1.66003,58.348049],[-1.318382,58.346686],[-1.314902,58.526297],[-1.658295,58.527669],[-1.66003,58.348049]]]}},{"type":"Feature","properties":{"name":"E420N0960","e_km":420,"n_km":960},"geometry":{"type":"Polygon","coordinates":[[[-1.658295,58.527669],[-1.314902,58.526297],[-1.31138,58.705903],[-1.656539,58.707284],[-1.658295,58.527669]]]}},{"type":"Feature","properties":{"name":"E420N0980","e_km":420,"n_km":980},"geometry":{"type":"Polygon","coordinates":[[[-1.656539,58.707284],[-1.31138,58.705903],[-1.307815,58.885503],[-1.654761,58.886894],[-1.656539,58.707284]]]}},{"type":"Feature","properties":{"name":"E420N1000","e_km":420,"n_km":1000},"geometry":{"type":"Polygon","coordinates":[[[-1.654761,58.886894],[-1.307815,58.885503],[-1.304206,59.065098],[-1.652962,59.066499],[-1.654761,58.886894]]]}},{"type":"Feature","properties":{"name":"E420N1020","e_km":420,"n_km":1020},"geometry":{"type":"Polygon","coordinates":[[[-1.652962,59.066499],[-1.304206,59.065098],[-1.300552,59.244688],[-1.65114,59.246099],[-1.652962,59.066499]]]}},{"type":"Feature","properties":{"name":"E420N1040","e_km":420,"n_km":1040},"geometry":{"type":"Polygon","coordinates":[[[-1.65114,59.246099],[-1.300552,59.244688],[-1.296852,59.424273],[-1.649295,59.425694],[-1.65114,59.246099]]]}},{"type":"Feature","properties":{"name":"E420N1060","e_km":420,"n_km":1060},"geometry":{"type":"Polygon","coordinates":[[[-1.649295,59.425694],[-1.296852,59.424273],[-1.293107,59.603852],[-1.647427,59.605284],[-1.649295,59.425694]]]}},{"type":"Feature","properties":{"name":"E420N1080","e_km":420,"n_km":1080},"geometry":{"type":"Polygon","coordinates":[[[-1.647427,59.605284],[-1.293107,59.603852],[-1.289314,59.783427],[-1.645536,59.784869],[-1.647427,59.605284]]]}},{"type":"Feature","properties":{"name":"E420N1100","e_km":420,"n_km":1100},"geometry":{"type":"Polygon","coordinates":[[[-1.645536,59.784869],[-1.289314,59.783427],[-1.285473,59.962997],[-1.643621,59.964449],[-1.645536,59.784869]]]}},{"type":"Feature","properties":{"name":"E420N1120","e_km":420,"n_km":1120},"geometry":{"type":"Polygon","coordinates":[[[-1.643621,59.964449],[-1.285473,59.962997],[-1.281583,60.142561],[-1.641682,60.144024],[-1.643621,59.964449]]]}},{"type":"Feature","properties":{"name":"E420N1140","e_km":420,"n_km":1140},"geometry":{"type":"Polygon","coordinates":[[[-1.641682,60.144024],[-1.281583,60.142561],[-1.277643,60.32212],[-1.639717,60.323594],[-1.641682,60.144024]]]}},{"type":"Feature","properties":{"name":"E420N1160","e_km":420,"n_km":1160},"geometry":{"type":"Polygon","coordinates":[[[-1.639717,60.323594],[-1.277643,60.32212],[-1.273653,60.501675],[-1.637728,60.503159],[-1.639717,60.323594]]]}},{"type":"Feature","properties":{"name":"E420N1180","e_km":420,"n_km":1180},"geometry":{"type":"Polygon","coordinates":[[[-1.637728,60.503159],[-1.273653,60.501675],[-1.269612,60.681224],[-1.635712,60.682719],[-1.637728,60.503159]]]}},{"type":"Feature","properties":{"name":"E420N1200","e_km":420,"n_km":1200},"geometry":{"type":"Polygon","coordinates":[[[-1.635712,60.682719],[-1.269612,60.681224],[-1.265518,60.860769],[-1.633671,60.862274],[-1.635712,60.682719]]]}},{"type":"Feature","properties":{"name":"E420N1220","e_km":420,"n_km":1220},"geometry":{"type":"Polygon","coordinates":[[[-1.633671,60.862274],[-1.265518,60.860769],[-1.26137,61.040308],[-1.631603,61.041825],[-1.633671,60.862274]]]}},{"type":"Feature","properties":{"name":"E420N1240","e_km":420,"n_km":1240},"geometry":{"type":"Polygon","coordinates":[[[-1.631603,61.041825],[-1.26137,61.040308],[-1.255183,61.220505],[-1.627577,61.22204],[-1.631603,61.041825]]]}},{"type":"Feature","properties":{"name":"E420N1260","e_km":420,"n_km":1260},"geometry":{"type":"Polygon","coordinates":[[[-1.627577,61.22204],[-1.255183,61.220505],[-1.250912,61.400056],[-1.625442,61.401602],[-1.627577,61.22204]]]}},{"type":"Feature","properties":{"name":"E420N1280","e_km":420,"n_km":1280},"geometry":{"type":"Polygon","coordinates":[[[-1.625442,61.401602],[-1.250912,61.400056],[-1.246584,61.579603],[-1.623278,61.58116],[-1.625442,61.401602]]]}},{"type":"Feature","properties":{"name":"E440N0000","e_km":440,"n_km":0},"geometry":{"type":"Polygon","coordinates":[[[-1.444382,49.898906],[-1.165931,49.897238],[-1.162815,50.077095],[-1.442307,50.078774],[-1.444382,49.898906]]]}},{"type":"Feature","properties":{"name":"E440N0020","e_km":440,"n_km":20},"geometry":{"type":"Polygon","coordinates":[[[-1.442307,50.078774],[-1.162815,50.077095],[-1.159669,50.256947],[-1.440211,50.258636],[-1.442307,50.078774]]]}},{"type":"Feature","properties":{"name":"E440N0040","e_km":440,"n_km":40},"geometry":{"type":"Polygon","coordinates":[[[-1.440211,50.258636],[-1.159669,50.256947],[-1.15649,50.436792],[-1.438093,50.438492],[-1.440211,50.258636]]]}},{"type":"Feature","properties":{"name":"E440N0060","e_km":440,"n_km":60},"geometry":{"type":"Polygon","coordinates":[[[-1.438093,50.438492],[-1.15649,50.436792],[-1.153278,50.616632],[-1.435954,50.618343],[-1.438093,50.438492]]]}},{"type":"Feature","properties":{"name":"E440N0080","e_km":440,"n_km":80},"geometry":{"type":"Polygon","coordinates":[[[-1.435954,50.618343],[-1.153278,50.616632],[-1.150034,50.796466],[-1.433793,50.798188],[-1.435954,50.618343]]]}},{"type":"Feature","properties":{"name":"E440N0100","e_km":440,"n_km":100},"geometry":{"type":"Polygon","coordinates":[[[-1.433793,50.798188],[-1.150034,50.796466],[-1.146756,50.976295],[-1.43161,50.978027],[-1.433793,50.798188]]]}},{"type":"Feature","properties":{"name":"E440N0120","e_km":440,"n_km":120},"geometry":{"type":"Polygon","coordinates":[[[-1.43161,50.978027],[-1.146756,50.976295],[-1.143445,51.156117],[-1.429404,51.157861],[-1.43161,50.978027]]]}},{"type":"Feature","properties":{"name":"E440N0140","e_km":440,"n_km":140},"geometry":{"type":"Polygon","coordinates":[[[-1.429404,51.157861],[-1.143445,51.156117],[-1.140099,51.335934],[-1.427175,51.337689],[-1.429404,51.157861]]]}},{"type":"Feature","properties":{"name":"E440N0160","e_km":440,"n_km":160},"geometry":{"type":"Polygon","coordinates":[[[-1.427175,51.337689],[-1.140099,51.335934],[-1.136718,51.515745],[-1.424923,51.517512],[-1.427175,51.337689]]]}},{"type":"Feature","properties":{"name":"E440N0180","e_km":440,"n_km":180},"geometry":{"type":"Polygon","coordinates":[[[-1.424923,51.517512],[-1.136718,51.515745],[-1.133302,51.695551],[-1.422648,51.697329],[-1.424923,51.517512]]]}},{"type":"Feature","properties":{"name":"E440N0200","e_km":440,"n_km":200},"geometry":{"type":"Polygon","coordinates":[[[-1.422648,51.697329],[-1.133302,51.695551],[-1.129851,51.875351],[-1.420349,51.87714],[-1.422648,51.697329]]]}},{"type":"Feature","properties":{"name":"E440N0220","e_km":440,"n_km":220},"geometry":{"type":"Polygon","coordinates":[[[-1.420349,51.87714],[-1.129851,51.875351],[-1.126363,52.055145],[-1.418026,52.056945],[-1.420349,51.87714]]]}},{"type":"Feature","properties":{"name":"E440N0240","e_km":440,"n_km":240},"geometry":{"type":"Polygon","coordinates":[[[-1.418026,52.056945],[-1.126363,52.055145],[-1.122838,52.234933],[-1.415678,52.236745],[-1.418026,52.056945]]]}},{"type":"Feature","properties":{"name":"E440N0260","e_km":440,"n_km":260},"geometry":{"type":"Polygon","coordinates":[[[-1.415678,52.236745],[-1.122838,52.234933],[-1.119276,52.414716],[-1.413305,52.41654],[-1.415678,52.236745]]]}},{"type":"Feature","properties":{"name":"E440N0280","e_km":440,"n_km":280},"geometry":{"type":"Polygon","coordinates":[[[-1.413305,52.41654],[-1.119276,52.414716],[-1.115677,52.594493],[-1.410908,52.596329],[-1.413305,52.41654]]]}},{"type":"Feature","properties":{"name":"E440N0300","e_km":440,"n_km":300},"geometry":{"type":"Polygon","coordinates":[[[-1.410908,52.596329],[-1.115677,52.594493],[-1.112039,52.774265],[-1.408484,52.776112],[-1.410908,52.596329]]]}},{"type":"Feature","properties":{"name":"E440N0320","e_km":440,"n_km":320},"geometry":{"type":"Polygon","coordinates":[[[-1.408484,52.776112],[-1.112039,52.774265],[-1.108362,52.95403],[-1.406035,52.95589],[-1.408484,52.776112]]]}},{"type":"Feature","properties":{"name":"E440N0340","e_km":440,"n_km":340},"geometry":{"type":"Polygon","coordinates":[[[-1.406035,52.95589],[-1.108362,52.95403],[-1.104646,53.13379],[-1.40356,53.135662],[-1.406035,52.95589]]]}},{"type":"Feature","properties":{"name":"E440N0360","e_km":440,"n_km":360},"geometry":{"type":"Polygon","coordinates":[[[-1.40356,53.135662],[-1.104646,53.13379],[-1.10089,53.313545],[-1.401058,53.315429],[-1.40356,53.135662]]]}},{"type":"Feature","properties":{"name":"E440N0380","e_km":440,"n_km":380},"geometry":{"type":"Polygon","coordinates":[[[-1.401058,53.315429],[-1.10089,53.313545],[-1.097093,53.493294],[-1.398529,53.49519],[-1.401058,53.315429]]]}},{"type":"Feature","properties":{"name":"E440N0400","e_km":440,"n_km":400},"geometry":{"type":"Polygon","coordinates":[[[-1.398529,53.49519],[-1.097093,53.493294],[-1.093256,53.673037],[-1.395973,53.674945],[-1.398529,53.49519]]]}},{"type":"Feature","properties":{"name":"E440N0420","e_km":440,"n_km":420},"geometry":{"type":"Polygon","coordinates":[[[-1.395973,53.674945],[-1.093256,53.673037],[-1.089376,53.852774],[-1.393388,53.854695],[-1.395973,53.674945]]]}},{"type":"Feature","properties":{"name":"E440N0440","e_km":440,"n_km":440},"geometry":{"type":"Polygon","coordinates":[[[-1.393388,53.854695],[-1.089376,53.852774],[-1.085454,54.032506],[-1.390776,54.03444],[-1.393388,53.854695]]]}},{"type":"Feature","properties":{"name":"E440N0460","e_km":440,"n_km":460},"geometry":{"type":"Polygon","coordinates":[[[-1.390776,54.03444],[-1.085454,54.032506],[-1.081489,54.212233],[-1.388135,54.214179],[-1.390776,54.03444]]]}},{"type":"Feature","properties":{"name":"E440N0480","e_km":440,"n_km":480},"geometry":{"type":"Polygon","coordinates":[[[-1.388135,54.214179],[-1.081489,54.212233],[-1.077481,54.391953],[-1.385465,54.393913],[-1.388135,54.214179]]]}},{"type":"Feature","properties":{"name":"E440N0500","e_km":440,"n_km":500},"geometry":{"type":"Polygon","coordinates":[[[-1.385465,54.393913],[-1.077481,54.391953],[-1.073428,54.571668],[-1.382765,54.573641],[-1.385465,54.393913]]]}},{"type":"Feature","properties":{"name":"E440N0520","e_km":440,"n_km":520},"geometry":{"type":"Polygon","coordinates":[[[-1.382765,54.573641],[-1.073428,54.571668],[-1.06933,54.751378],[-1.380035,54.753363],[-1.382765,54.573641]]]}},{"type":"Feature","properties":{"name":"E440N0540","e_km":440,"n_km":540},"geometry":{"type":"Polygon","coordinates":[[[-1.380035,54.753363],[-1.06933,54.751378],[-1.065187,54.931082],[-1.377275,54.933081],[-1.380035,54.753363]]]}},{"type":"Feature","properties":{"name":"E440N0560","e_km":440,"n_km":560},"geometry":{"type":"Polygon","coordinates":[[[-1.377275,54.933081],[-1.065187,54.931082],[-1.060997,55.11078],[-1.374485,55.112792],[-1.377275,54.933081]]]}},{"type":"Feature","properties":{"name":"E440N0580","e_km":440,"n_km":580},"geometry":{"type":"Polygon","coordinates":[[[-1.374485,55.112792],[-1.060997,55.11078],[-1.05676,55.290473],[-1.371662,55.292499],[-1.374485,55.112792]]]}},{"type":"Feature","properties":{"name":"E440N0600","e_km":440,"n_km":600},"geometry":{"type":"Polygon","coordinates":[[[-1.371662,55.292499],[-1.05676,55.290473],[-1.052476,55.470161],[-1.368808,55.4722],[-1.371662,55.292499]]]}},{"type":"Feature","properties":{"name":"E440N0620","e_km":440,"n_km":620},"geometry":{"type":"Polygon","coordinates":[[[-1.368808,55.4722],[-1.052476,55.470161],[-1.048143,55.649842],[-1.365922,55.651895],[-1.368808,55.4722]]]}},{"type":"Feature","properties":{"name":"E440N0640","e_km":440,"n_km":640},"geometry":{"type":"Polygon","coordinates":[[[-1.365922,55.651895],[-1.048143,55.649842],[-1.04376,55.829519],[-1.363003,55.831585],[-1.365922,55.651895]]]}},{"type":"Feature","properties":{"name":"E440N0660","e_km":440,"n_km":660},"geometry":{"type":"Polygon","coordinates":[[[-1.363003,55.831585],[-1.04376,55.829519],[-1.039328,56.009189],[-1.36005,56.01127],[-1.363003,55.831585]]]}},{"type":"Feature","properties":{"name":"E440N0680","e_km":440,"n_km":680},"geometry":{"type":"Polygon","coordinates":[[[-1.36005,56.01127],[-1.039328,56.009189],[-1.034845,56.188855],[-1.357064,56.190949],[-1.36005,56.01127]]]}},{"type":"Feature","properties":{"name":"E440N0700","e_km":440,"n_km":700},"geometry":{"type":"Polygon","coordinates":[[[-1.357064,56.190949],[-1.034845,56.188855],[-1.03031,56.368514],[-1.354043,56.370623],[-1.357064,56.190949]]]}},{"type":"Feature","properties":{"name":"E440N0720","e_km":440,"n_km":720},"geometry":{"type":"Polygon","coordinates":[[[-1.354043,56.370623],[-1.03031,56.368514],[-1.025723,56.548169],[-1.350988,56.550292],[-1.354043,56.370623]]]}},{"type":"Feature","properties":{"name":"E440N0740","e_km":440,"n_km":740},"geometry":{"type":"Polygon","coordinates":[[[-1.350988,56.550292],[-1.025723,56.548169],[-1.021083,56.727818],[-1.347897,56.729955],[-1.350988,56.550292]]]}},{"type":"Feature","properties":{"name":"E440N0760","e_km":440,"n_km":760},"geometry":{"type":"Polygon","coordinates":[[[-1.347897,56.729955],[-1.021083,56.727818],[-1.016388,56.907461],[-1.34477,56.909613],[-1.347897,56.729955]]]}},{"type":"Feature","properties":{"name":"E440N0780","e_km":440,"n_km":780},"geometry":{"type":"Polygon","coordinates":[[[-1.34477,56.909613],[-1.016388,56.907461],[-1.011639,57.087099],[-1.341606,57.089266],[-1.34477,56.909613]]]}},{"type":"Feature","properties":{"name":"E440N0800","e_km":440,"n_km":800},"geometry":{"type":"Polygon","coordinates":[[[-1.341606,57.089266],[-1.011639,57.087099],[-1.006834,57.266731],[-1.338405,57.268913],[-1.341606,57.089266]]]}},{"type":"Feature","properties":{"name":"E440N0820","e_km":440,"n_km":820},"geometry":{"type":"Polygon","coordinates":[[[-1.338405,57.268913],[-1.006834,57.266731],[-1.001971,57.446358],[-1.335166,57.448555],[-1.338405,57.268913]]]}},{"type":"Feature","properties":{"name":"E440N0840","e_km":440,"n_km":840},"geometry":{"type":"Polygon","coordinates":[[[-1.335166,57.448555],[-1.001971,57.446358],[-0.997052,57.62598],[-1.331889,57.628192],[-1.335166,57.448555]]]}},{"type":"Feature","properties":{"name":"E440N0860","e_km":440,"n_km":860},"geometry":{"type":"Polygon","coordinates":[[[-1.331889,57.628192],[-0.997052,57.62598],[-0.992073,57.805596],[-1.328572,57.807823],[-1.331889,57.628192]]]}},{"type":"Feature","properties":{"name":"E440N0880","e_km":440,"n_km":880},"geometry":{"type":"Polygon","coordinates":[[[-1.328572,57.807823],[-0.992073,57.805596],[-0.987035,57.985207],[-1.325216,57.98745],[-1.328572,57.807823]]]}},{"type":"Feature","properties":{"name":"E440N0900","e_km":440,"n_km":900},"geometry":{"type":"Polygon","coordinates":[[[-1.325216,57.98745],[-0.987035,57.985207],[-0.981936,58.164812],[-1.321819,58.167071],[-1.325216,57.98745]]]}},{"type":"Feature","properties":{"name":"E440N0920","e_km":440,"n_km":920},"geometry":{"type":"Polygon","coordinates":[[[-1.321819,58.167071],[-0.981936,58.164812],[-0.976775,58.344412],[-1.318382,58.346686],[-1.321819,58.167071]]]}},{"type":"Feature","properties":{"name":"E440N0940","e_km":440,"n_km":940},"geometry":{"type":"Polygon","coordinates":[[[-1.318382,58.346686],[-0.976775,58.344412],[-0.971552,58.524007],[-1.314902,58.526297],[-1.318382,58.346686]]]}},{"type":"Feature","properties":{"name":"E440N0960","e_km":440,"n_km":960},"geometry":{"type":"Polygon","coordinates":[[[-1.314902,58.526297],[-0.971552,58.524007],[-0.966265,58.703596],[-1.31138,58.705903],[-1.314902,58.526297]]]}},{"type":"Feature","properties":{"name":"E440N0980","e_km":440,"n_km":980},"geometry":{"type":"Polygon","coordinates":[[[-1.31138,58.705903],[-0.966265,58.703596],[-0.960913,58.88318],[-1.307815,58.885503],[-1.31138,58.705903]]]}},{"type":"Feature","properties":{"name":"E440N1000","e_km":440,"n_km":1000},"geometry":{"type":"Polygon","coordinates":[[[-1.307815,58.885503],[-0.960913,58.88318],[-0.955495,59.062759],[-1.304206,59.065098],[-1.307815,58.885503]]]}},{"type":"Feature","properties":{"name":"E440N1020","e_km":440,"n_km":1020},"geometry":{"type":"Polygon","coordinates":[[[-1.304206,59.065098],[-0.955495,59.062759],[-0.950009,59.242332],[-1.300552,59.244688],[-1.304206,59.065098]]]}},{"type":"Feature","properties":{"name":"E440N1040","e_km":440,"n_km":1040},"geometry":{"type":"Polygon","coordinates":[[[-1.300552,59.244688],[-0.950009,59.242332],[-0.944456,59.4219],[-1.296852,59.424273],[-1.300552,59.244688]]]}},{"type":"Feature","properties":{"name":"E440N1060","e_km":440,"n_km":1060},"geometry":{"type":"Polygon","coordinates":[[[-1.296852,59.424273],[-0.944456,59.4219],[-0.938833,59.601463],[-1.293107,59.603852],[-1.296852,59.424273]]]}},{"type":"Feature","properties":{"name":"E440N1080","e_km":440,"n_km":1080},"geometry":{"type":"Polygon","coordinates":[[[-1.293107,59.603852],[-0.938833,59.601463],[-0.933139,59.781021],[-1.289314,59.783427],[-1.293107,59.603852]]]}},{"type":"Feature","properties":{"name":"E440N1100","e_km":440,"n_km":1100},"geometry":{"type":"Polygon","coordinates":[[[-1.289314,59.783427],[-0.933139,59.781021],[-0.927373,59.960573],[-1.285473,59.962997],[-1.289314,59.783427]]]}},{"type":"Feature","properties":{"name":"E440N1120","e_km":440,"n_km":1120},"geometry":{"type":"Polygon","coordinates":[[[-1.285473,59.962997],[-0.927373,59.960573],[-0.921534,60.14012],[-1.281583,60.142561],[-1.285473,59.962997]]]}},{"type":"Feature","properties":{"name":"E440N1140","e_km":440,"n_km":1140},"geometry":{"type":"Polygon","coordinates":[[[-1.281583,60.142561],[-0.921534,60.14012],[-0.91562,60.319661],[-1.277643,60.32212],[-1.281583,60.142561]]]}},{"type":"Feature","properties":{"name":"E440N1160","e_km":440,"n_km":1160},"geometry":{"type":"Polygon","coordinates":[[[-1.277643,60.32212],[-0.91562,60.319661],[-0.909631,60.499198],[-1.273653,60.501675],[-1.277643,60.32212]]]}},{"type":"Feature","properties":{"name":"E440N1180","e_km":440,"n_km":1180},"geometry":{"type":"Polygon","coordinates":[[[-1.273653,60.501675],[-0.909631,60.499198],[-0.903563,60.678729],[-1.269612,60.681224],[-1.273653,60.501675]]]}},{"type":"Feature","properties":{"name":"E440N1200","e_km":440,"n_km":1200},"geometry":{"type":"Polygon","coordinates":[[[-1.269612,60.681224],[-0.903563,60.678729],[-0.897418,60.858255],[-1.265518,60.860769],[-1.269612,60.681224]]]}},{"type":"Feature","properties":{"name":"E440N1220","e_km":440,"n_km":1220},"geometry":{"type":"Polygon","coordinates":[[[-1.265518,60.860769],[-0.897418,60.858255],[-0.891192,61.037776],[-1.26137,61.040308],[-1.265518,60.860769]]]}},{"type":"Feature","properties":{"name":"E440N1240","e_km":440,"n_km":1240},"geometry":{"type":"Polygon","coordinates":[[[-1.26137,61.040308],[-0.891192,61.037776],[-0.882844,61.217948],[-1.255183,61.220505],[-1.26137,61.040308]]]}},{"type":"Feature","properties":{"name":"E440N1260","e_km":440,"n_km":1260},"geometry":{"type":"Polygon","coordinates":[[[-1.255183,61.220505],[-0.882844,61.217948],[-0.876438,61.39748],[-1.250912,61.400056],[-1.255183,61.220505]]]}},{"type":"Feature","properties":{"name":"E440N1280","e_km":440,"n_km":1280},"geometry":{"type":"Polygon","coordinates":[[[-1.250912,61.400056],[-0.876438,61.39748],[-0.869948,61.577007],[-1.246584,61.579603],[-1.250912,61.400056]]]}},{"type":"Feature","properties":{"name":"E460N0000","e_km":460,"n_km":0},"geometry":{"type":"Polygon","coordinates":[[[-1.165931,49.897238],[-0.88751,49.894902],[-0.883356,50.074744],[-1.162815,50.077095],[-1.165931,49.897238]]]}},{"type":"Feature","properties":{"name":"E460N0020","e_km":460,"n_km":20},"geometry":{"type":"Polygon","coordinates":[[[-1.162815,50.077095],[-0.883356,50.074744],[-0.879158,50.25458],[-1.159669,50.256947],[-1.162815,50.077095]]]}},{"type":"Feature","properties":{"name":"E460N0040","e_km":460,"n_km":40},"geometry":{"type":"Polygon","coordinates":[[[-1.159669,50.256947],[-0.879158,50.25458],[-0.874918,50.434411],[-1.15649,50.436792],[-1.159669,50.256947]]]}},{"type":"Feature","properties":{"name":"E460N0060","e_km":460,"n_km":60},"geometry":{"type":"Polygon","coordinates":[[[-1.15649,50.436792],[-0.874918,50.434411],[-0.870635,50.614236],[-1.153278,50.616632],[-1.15649,50.436792]]]}},{"type":"Feature","properties":{"name":"E460N0080","e_km":460,"n_km":80},"geometry":{"type":"Polygon","coordinates":[[[-1.153278,50.616632],[-0.870635,50.614236],[-0.866308,50.794055],[-1.150034,50.796466],[-1.153278,50.616632]]]}},{"type":"Feature","properties":{"name":"E460N0100","e_km":460,"n_km":100},"geometry":{"type":"Polygon","coordinates":[[[-1.150034,50.796466],[-0.866308,50.794055],[-0.861936,50.973867],[-1.146756,50.976295],[-1.150034,50.796466]]]}},{"type":"Feature","properties":{"name":"E460N0120","e_km":460,"n_km":120},"geometry":{"type":"Polygon","coordinates":[[[-1.146756,50.976295],[-0.861936,50.973867],[-0.857519,51.153675],[-1.143445,51.156117],[-1.146756,50.976295]]]}},{"type":"Feature","properties":{"name":"E460N0140","e_km":460,"n_km":140},"geometry":{"type":"Polygon","coordinates":[[[-1.143445,51.156117],[-0.857519,51.153675],[-0.853057,51.333476],[-1.140099,51.335934],[-1.143445,51.156117]]]}},{"type":"Feature","properties":{"name":"E460N0160","e_km":460,"n_km":160},"geometry":{"type":"Polygon","coordinates":[[[-1.140099,51.335934],[-0.853057,51.333476],[-0.848548,51.513271],[-1.136718,51.515745],[-1.140099,51.335934]]]}},{"type":"Feature","properties":{"name":"E460N0180","e_km":460,"n_km":180},"geometry":{"type":"Polygon","coordinates":[[[-1.136718,51.515745],[-0.848548,51.513271],[-0.843992,51.693061],[-1.133302,51.695551],[-1.136718,51.515745]]]}},{"type":"Feature","properties":{"name":"E460N0200","e_km":460,"n_km":200},"geometry":{"type":"Polygon","coordinates":[[[-1.133302,51.695551],[-0.843992,51.693061],[-0.839388,51.872845],[-1.129851,51.875351],[-1.133302,51.695551]]]}},{"type":"Feature","properties":{"name":"E460N0220","e_km":460,"n_km":220},"geometry":{"type":"Polygon","coordinates":[[[-1.129851,51.875351],[-0.839388,51.872845],[-0.834737,52.052623],[-1.126363,52.055145],[-1.129851,51.875351]]]}},{"type":"Feature","properties":{"name":"E460N0240","e_km":460,"n_km":240},"geometry":{"type":"Polygon","coordinates":[[[-1.126363,52.055145],[-0.834737,52.052623],[-0.830036,52.232395],[-1.122838,52.234933],[-1.126363,52.055145]]]}},{"type":"Feature","properties":{"name":"E460N0260","e_km":460,"n_km":260},"geometry":{"type":"Polygon","coordinates":[[[-1.122838,52.234933],[-0.830036,52.232395],[-0.825285,52.412161],[-1.119276,52.414716],[-1.122838,52.234933]]]}},{"type":"Feature","properties":{"name":"E460N0280","e_km":460,"n_km":280},"geometry":{"type":"Polygon","coordinates":[[[-1.119276,52.414716],[-0.825285,52.412161],[-0.820484,52.591922],[-1.115677,52.594493],[-1.119276,52.414716]]]}},{"type":"Feature","properties":{"name":"E460N0300","e_km":460,"n_km":300},"geometry":{"type":"Polygon","coordinates":[[[-1.115677,52.594493],[-0.820484,52.591922],[-0.815632,52.771676],[-1.112039,52.774265],[-1.115677,52.594493]]]}},{"type":"Feature","properties":{"name":"E460N0320","e_km":460,"n_km":320},"geometry":{"type":"Polygon","coordinates":[[[-1.112039,52.774265],[-0.815632,52.771676],[-0.810729,52.951425],[-1.108362,52.95403],[-1.112039,52.774265]]]}},{"type":"Feature","properties":{"name":"E460N0340","e_km":460,"n_km":340},"geometry":{"type":"Polygon","coordinates":[[[-1.108362,52.95403],[-0.810729,52.951425],[-0.805772,53.131168],[-1.104646,53.13379],[-1.108362,52.95403]]]}},{"type":"Feature","properties":{"name":"E460N0360","e_km":460,"n_km":360},"geometry":{"type":"Polygon","coordinates":[[[-1.104646,53.13379],[-0.805772,53.131168],[-0.800763,53.310906],[-1.10089,53.313545],[-1.104646,53.13379]]]}},{"type":"Feature","properties":{"name":"E460N0380","e_km":460,"n_km":380},"geometry":{"type":"Polygon","coordinates":[[[-1.10089,53.313545],[-0.800763,53.310906],[-0.795699,53.490637],[-1.097093,53.493294],[-1.10089,53.313545]]]}},{"type":"Feature","properties":{"name":"E460N0400","e_km":460,"n_km":400},"geometry":{"type":"Polygon","coordinates":[[[-1.097093,53.493294],[-0.795699,53.490637],[-0.79058,53.670363],[-1.093256,53.673037],[-1.097093,53.493294]]]}},{"type":"Feature","properties":{"name":"E460N0420","e_km":460,"n_km":420},"geometry":{"type":"Polygon","coordinates":[[[-1.093256,53.673037],[-0.79058,53.670363],[-0.785406,53.850083],[-1.089376,53.852774],[-1.093256,53.673037]]]}},{"type":"Feature","properties":{"name":"E460N0440","e_km":460,"n_km":440},"geometry":{"type":"Polygon","coordinates":[[[-1.089376,53.852774],[-0.785406,53.850083],[-0.780175,54.029797],[-1.085454,54.032506],[-1.089376,53.852774]]]}},{"type":"Feature","properties":{"name":"E460N0460","e_km":460,"n_km":460},"geometry":{"type":"Polygon","coordinates":[[[-1.085454,54.032506],[-0.780175,54.029797],[-0.774887,54.209506],[-1.081489,54.212233],[-1.085454,54.032506]]]}},{"type":"Feature","properties":{"name":"E460N0480","e_km":460,"n_km":480},"geometry":{"type":"Polygon","coordinates":[[[-1.081489,54.212233],[-0.774887,54.209506],[-0.769541,54.389209],[-1.077481,54.391953],[-1.081489,54.212233]]]}},{"type":"Feature","properties":{"name":"E460N0500","e_km":460,"n_km":500},"geometry":{"type":"Polygon","coordinates":[[[-1.077481,54.391953],[-0.769541,54.389209],[-0.764136,54.568906],[-1.073428,54.571668],[-1.077481,54.391953]]]}},{"type":"Feature","properties":{"name":"E460N0520","e_km":460,"n_km":520},"geometry":{"type":"Polygon","coordinates":[[[-1.073428,54.571668],[-0.764136,54.568906],[-0.75867,54.748597],[-1.06933,54.751378],[-1.073428,54.571668]]]}},{"type":"Feature","properties":{"name":"E460N0540","e_km":460,"n_km":540},"geometry":{"type":"Polygon","coordinates":[[[-1.06933,54.751378],[-0.75867,54.748597],[-0.753144,54.928282],[-1.065187,54.931082],[-1.06933,54.751378]]]}},{"type":"Feature","properties":{"name":"E460N0560","e_km":460,"n_km":560},"geometry":{"type":"Polygon","coordinates":[[[-1.065187,54.931082],[-0.753144,54.928282],[-0.747556,55.107962],[-1.060997,55.11078],[-1.065187,54.931082]]]}},{"type":"Feature","properties":{"name":"E460N0580","e_km":460,"n_km":580},"geometry":{"type":"Polygon","coordinates":[[[-1.060997,55.11078],[-0.747556,55.107962],[-0.741906,55.287636],[-1.05676,55.290473],[-1.060997,55.11078]]]}},{"type":"Feature","properties":{"name":"E460N0600","e_km":460,"n_km":600},"geometry":{"type":"Polygon","coordinates":[[[-1.05676,55.290473],[-0.741906,55.287636],[-0.736192,55.467305],[-1.052476,55.470161],[-1.05676,55.290473]]]}},{"type":"Feature","properties":{"name":"E460N0620","e_km":460,"n_km":620},"geometry":{"type":"Polygon","coordinates":[[[-1.052476,55.470161],[-0.736192,55.467305],[-0.730413,55.646967],[-1.048143,55.649842],[-1.052476,55.470161]]]}},{"type":"Feature","properties":{"name":"E460N0640","e_km":460,"n_km":640},"geometry":{"type":"Polygon","coordinates":[[[-1.048143,55.649842],[-0.730413,55.646967],[-0.724568,55.826624],[-1.04376,55.829519],[-1.048143,55.649842]]]}},{"type":"Feature","properties":{"name":"E460N0660","e_km":460,"n_km":660},"geometry":{"type":"Polygon","coordinates":[[[-1.04376,55.829519],[-0.724568,55.826624],[-0.718657,56.006275],[-1.039328,56.009189],[-1.04376,55.829519]]]}},{"type":"Feature","properties":{"name":"E460N0680","e_km":460,"n_km":680},"geometry":{"type":"Polygon","coordinates":[[[-1.039328,56.009189],[-0.718657,56.006275],[-0.712678,56.185921],[-1.034845,56.188855],[-1.039328,56.009189]]]}},{"type":"Feature","properties":{"name":"E460N0700","e_km":460,"n_km":700},"geometry":{"type":"Polygon","coordinates":[[[-1.034845,56.188855],[-0.712678,56.185921],[-0.70663,56.365561],[-1.03031,56.368514],[-1.034845,56.188855]]]}},{"type":"Feature","properties":{"name":"E460N0720","e_km":460,"n_km":720},"geometry":{"type":"Polygon","coordinates":[[[-1.03031,56.368514],[-0.70663,56.365561],[-0.700512,56.545195],[-1.025723,56.548169],[-1.03031,56.368514]]]}},{"type":"Feature","properties":{"name":"E460N0740","e_km":460,"n_km":740},"geometry":{"type":"Polygon","coordinates":[[[-1.025723,56.548169],[-0.700512,56.545195],[-0.694323,56.724824],[-1.021083,56.727818],[-1.025723,56.548169]]]}},{"type":"Feature","properties":{"name":"E460N0760","e_km":460,"n_km":760},"geometry":{"type":"Polygon","coordinates":[[[-1.021083,56.727818],[-0.694323,56.724824],[-0.688062,56.904447],[-1.016388,56.907461],[-1.021083,56.727818]]]}},{"type":"Feature","properties":{"name":"E460N0780","e_km":460,"n_km":780},"geometry":{"type":"Polygon","coordinates":[[[-1.016388,56.907461],[-0.688062,56.904447],[-0.681728,57.084064],[-1.011639,57.087099],[-1.016388,56.907461]]]}},{"type":"Feature","properties":{"name":"E460N0800","e_km":460,"n_km":800},"geometry":{"type":"Polygon","coordinates":[[[-1.011639,57.087099],[-0.681728,57.084064],[-0.675319,57.263675],[-1.006834,57.266731],[-1.011639,57.087099]]]}},{"type":"Feature","properties":{"name":"E460N0820","e_km":460,"n_km":820},"geometry":{"type":"Polygon","coordinates":[[[-1.006834,57.266731],[-0.675319,57.263675],[-0.668835,57.443281],[-1.001971,57.446358],[-1.006834,57.266731]]]}},{"type":"Feature","properties":{"name":"E460N0840","e_km":460,"n_km":840},"geometry":{"type":"Polygon","coordinates":[[[-1.001971,57.446358],[-0.668835,57.443281],[-0.662273,57.622882],[-0.997052,57.62598],[-1.001971,57.446358]]]}},{"type":"Feature","properties":{"name":"E460N0860","e_km":460,"n_km":860},"geometry":{"type":"Polygon","coordinates":[[[-0.997052,57.62598],[-0.662273,57.622882],[-0.655633,57.802476],[-0.992073,57.805596],[-0.997052,57.62598]]]}},{"type":"Feature","properties":{"name":"E460N0880","e_km":460,"n_km":880},"geometry":{"type":"Polygon","coordinates":[[[-0.992073,57.805596],[-0.655633,57.802476],[-0.648914,57.982066],[-0.987035,57.985207],[-0.992073,57.805596]]]}},{"type":"Feature","properties":{"name":"E460N0900","e_km":460,"n_km":900},"geometry":{"type":"Polygon","coordinates":[[[-0.987035,57.985207],[-0.648914,57.982066],[-0.642114,58.161649],[-0.981936,58.164812],[-0.987035,57.985207]]]}},{"type":"Feature","properties":{"name":"E460N0920","e_km":460,"n_km":920},"geometry":{"type":"Polygon","coordinates":[[[-0.981936,58.164812],[-0.642114,58.161649],[-0.635231,58.341227],[-0.976775,58.344412],[-0.981936,58.164812]]]}},{"type":"Feature","properties":{"name":"E460N0940","e_km":460,"n_km":940},"geometry":{"type":"Polygon","coordinates":[[[-0.976775,58.344412],[-0.635231,58.341227],[-0.628265,58.520799],[-0.971552,58.524007],[-0.976775,58.344412]]]}},{"type":"Feature","properties":{"name":"E460N0960","e_km":460,"n_km":960},"geometry":{"type":"Polygon","coordinates":[[[-0.971552,58.524007],[-0.628265,58.520799],[-0.621214,58.700366],[-0.966265,58.703596],[-0.971552,58.524007]]]}},{"type":"Feature","properties":{"name":"E460N0980","e_km":460,"n_km":980},"geometry":{"type":"Polygon","coordinates":[[[-0.966265,58.703596],[-0.621214,58.700366],[-0.614076,58.879927],[-0.960913,58.88318],[-0.966265,58.703596]]]}},{"type":"Feature","properties":{"name":"E460N1000","e_km":460,"n_km":1000},"geometry":{"type":"Polygon","coordinates":[[[-0.960913,58.88318],[-0.614076,58.879927],[-0.606851,59.059483],[-0.955495,59.062759],[-0.960913,58.88318]]]}},{"type":"Feature","properties":{"name":"E460N1020","e_km":460,"n_km":1020},"geometry":{"type":"Polygon","coordinates":[[[-0.955495,59.062759],[-0.606851,59.059483],[-0.599535,59.239033],[-0.950009,59.242332],[-0.955495,59.062759]]]}},{"type":"Feature","properties":{"name":"E460N1040","e_km":460,"n_km":1040},"geometry":{"type":"Polygon","coordinates":[[[-0.950009,59.242332],[-0.599535,59.239033],[-0.592129,59.418577],[-0.944456,59.4219],[-0.950009,59.242332]]]}},{"type":"Feature","properties":{"name":"E460N1060","e_km":460,"n_km":1060},"geometry":{"type":"Polygon","coordinates":[[[-0.944456,59.4219],[-0.592129,59.418577],[-0.58463,59.598116],[-0.938833,59.601463],[-0.944456,59.4219]]]}},{"type":"Feature","properties":{"name":"E460N1080","e_km":460,"n_km":1080},"geometry":{"type":"Polygon","coordinates":[[[-0.938833,59.601463],[-0.58463,59.598116],[-0.577036,59.77765],[-0.933139,59.781021],[-0.938833,59.601463]]]}},{"type":"Feature","properties":{"name":"E460N1100","e_km":460,"n_km":1100},"geometry":{"type":"Polygon","coordinates":[[[-0.933139,59.781021],[-0.577036,59.77765],[-0.569347,59.957178],[-0.927373,59.960573],[-0.933139,59.781021]]]}},{"type":"Feature","properties":{"name":"E460N1120","e_km":460,"n_km":1120},"geometry":{"type":"Polygon","coordinates":[[[-0.927373,59.960573],[-0.569347,59.957178],[-0.56156,60.1367],[-0.921534,60.14012],[-0.927373,59.960573]]]}},{"type":"Feature","properties":{"name":"E460N1140","e_km":460,"n_km":1140},"geometry":{"type":"Polygon","coordinates":[[[-0.921534,60.14012],[-0.56156,60.1367],[-0.553673,60.316217],[-0.91562,60.319661],[-0.921534,60.14012]]]}},{"type":"Feature","properties":{"name":"E460N1160","e_km":460,"n_km":1160},"geometry":{"type":"Polygon","coordinates":[[[-0.91562,60.319661],[-0.553673,60.316217],[-0.545685,60.495728],[-0.909631,60.499198],[-0.91562,60.319661]]]}},{"type":"Feature","properties":{"name":"E460N1180","e_km":460,"n_km":1180},"geometry":{"type":"Polygon","coordinates":[[[-0.909631,60.499198],[-0.545685,60.495728],[-0.537594,60.675234],[-0.903563,60.678729],[-0.909631,60.499198]]]}},{"type":"Feature","properties":{"name":"E460N1200","e_km":460,"n_km":1200},"geometry":{"type":"Polygon","coordinates":[[[-0.903563,60.678729],[-0.537594,60.675234],[-0.529398,60.854735],[-0.897418,60.858255],[-0.903563,60.678729]]]}},{"type":"Feature","properties":{"name":"E460N1220","e_km":460,"n_km":1220},"geometry":{"type":"Polygon","coordinates":[[[-0.897418,60.858255],[-0.529398,60.854735],[-0.521095,61.034229],[-0.891192,61.037776],[-0.897418,60.858255]]]}},{"type":"Feature","properties":{"name":"E460N1240","e_km":460,"n_km":1240},"geometry":{"type":"Polygon","coordinates":[[[-0.891192,61.037776],[-0.521095,61.034229],[-0.510588,61.214368],[-0.882844,61.217948],[-0.891192,61.037776]]]}},{"type":"Feature","properties":{"name":"E460N1260","e_km":460,"n_km":1260},"geometry":{"type":"Polygon","coordinates":[[[-0.882844,61.217948],[-0.510588,61.214368],[-0.50205,61.393874],[-0.876438,61.39748],[-0.882844,61.217948]]]}},{"type":"Feature","properties":{"name":"E460N1280","e_km":460,"n_km":1280},"geometry":{"type":"Polygon","coordinates":[[[-0.876438,61.39748],[-0.50205,61.393874],[-0.493399,61.573374],[-0.869948,61.577007],[-0.876438,61.39748]]]}},{"type":"Feature","properties":{"name":"E480N0000","e_km":480,"n_km":0},"geometry":{"type":"Polygon","coordinates":[[[-0.88751,49.894902],[-0.609132,49.891897],[-0.603938,50.07172],[-0.883356,50.074744],[-0.88751,49.894902]]]}},{"type":"Feature","properties":{"name":"E480N0020","e_km":480,"n_km":20},"geometry":{"type":"Polygon","coordinates":[[[-0.883356,50.074744],[-0.603938,50.07172],[-0.598691,50.251538],[-0.879158,50.25458],[-0.883356,50.074744]]]}},{"type":"Feature","properties":{"name":"E480N0040","e_km":480,"n_km":40},"geometry":{"type":"Polygon","coordinates":[[[-0.879158,50.25458],[-0.598691,50.251538],[-0.593391,50.431349],[-0.874918,50.434411],[-0.879158,50.25458]]]}},{"type":"Feature","properties":{"name":"E480N0060","e_km":480,"n_km":60},"geometry":{"type":"Polygon","coordinates":[[[-0.874918,50.434411],[-0.593391,50.431349],[-0.588036,50.611154],[-0.870635,50.614236],[-0.874918,50.434411]]]}},{"type":"Feature","properties":{"name":"E480N0080","e_km":480,"n_km":80},"geometry":{"type":"Polygon","coordinates":[[[-0.870635,50.614236],[-0.588036,50.611154],[-0.582627,50.790953],[-0.866308,50.794055],[-0.870635,50.614236]]]}},{"type":"Feature","properties":{"name":"E480N0100","e_km":480,"n_km":100},"geometry":{"type":"Polygon","coordinates":[[[-0.866308,50.794055],[-0.582627,50.790953],[-0.577162,50.970746],[-0.861936,50.973867],[-0.866308,50.794055]]]}},{"type":"Feature","properties":{"name":"E480N0120","e_km":480,"n_km":120},"geometry":{"type":"Polygon","coordinates":[[[-0.861936,50.973867],[-0.577162,50.970746],[-0.57164,51.150533],[-0.857519,51.153675],[-0.861936,50.973867]]]}},{"type":"Feature","properties":{"name":"E480N0140","e_km":480,"n_km":140},"geometry":{"type":"Polygon","coordinates":[[[-0.857519,51.153675],[-0.57164,51.150533],[-0.566061,51.330314],[-0.853057,51.333476],[-0.857519,51.153675]]]}},{"type":"Feature","properties":{"name":"E480N0160","e_km":480,"n_km":160},"geometry":{"type":"Polygon","coordinates":[[[-0.853057,51.333476],[-0.566061,51.330314],[-0.560425,51.51009],[-0.848548,51.513271],[-0.853057,51.333476]]]}},{"type":"Feature","properties":{"name":"E480N0180","e_km":480,"n_km":180},"geometry":{"type":"Polygon","coordinates":[[[-0.848548,51.513271],[-0.560425,51.51009],[-0.55473,51.689859],[-0.843992,51.693061],[-0.848548,51.513271]]]}},{"type":"Feature","properties":{"name":"E480N0200","e_km":480,"n_km":200},"geometry":{"type":"Polygon","coordinates":[[[-0.843992,51.693061],[-0.55473,51.689859],[-0.548975,51.869622],[-0.839388,51.872845],[-0.843992,51.693061]]]}},{"type":"Feature","properties":{"name":"E480N0220","e_km":480,"n_km":220},"geometry":{"type":"Polygon","coordinates":[[[-0.839388,51.872845],[-0.548975,51.869622],[-0.543159,52.049379],[-0.834737,52.052623],[-0.839388,51.872845]]]}},{"type":"Feature","properties":{"name":"E480N0240","e_km":480,"n_km":240},"geometry":{"type":"Polygon","coordinates":[[[-0.834737,52.052623],[-0.543159,52.049379],[-0.537283,52.22913],[-0.830036,52.232395],[-0.834737,52.052623]]]}},{"type":"Feature","properties":{"name":"E480N0260","e_km":480,"n_km":260},"geometry":{"type":"Polygon","coordinates":[[[-0.830036,52.232395],[-0.537283,52.22913],[-0.531344,52.408876],[-0.825285,52.412161],[-0.830036,52.232395]]]}},{"type":"Feature","properties":{"name":"E480N0280","e_km":480,"n_km":280},"geometry":{"type":"Polygon","coordinates":[[[-0.825285,52.412161],[-0.531344,52.408876],[-0.525343,52.588615],[-0.820484,52.591922],[-0.825285,52.412161]]]}},{"type":"Feature","properties":{"name":"E480N0300","e_km":480,"n_km":300},"geometry":{"type":"Polygon","coordinates":[[[-0.820484,52.591922],[-0.525343,52.588615],[-0.519278,52.768348],[-0.815632,52.771676],[-0.820484,52.591922]]]}},{"type":"Feature","properties":{"name":"E480N0320","e_km":480,"n_km":320},"geometry":{"type":"Polygon","coordinates":[[[-0.815632,52.771676],[-0.519278,52.768348],[-0.513148,52.948075],[-0.810729,52.951425],[-0.815632,52.771676]]]}},{"type":"Feature","properties":{"name":"E480N0340","e_km":480,"n_km":340},"geometry":{"type":"Polygon","coordinates":[[[-0.810729,52.951425],[-0.513148,52.948075],[-0.506952,53.127797],[-0.805772,53.131168],[-0.810729,52.951425]]]}},{"type":"Feature","properties":{"name":"E480N0360","e_km":480,"n_km":360},"geometry":{"type":"Polygon","coordinates":[[[-0.805772,53.131168],[-0.506952,53.127797],[-0.500689,53.307512],[-0.800763,53.310906],[-0.805772,53.131168]]]}},{"type":"Feature","properties":{"name":"E480N0380","e_km":480,"n_km":380},"geometry":{"type":"Polygon","coordinates":[[[-0.800763,53.310906],[-0.500689,53.307512],[-0.494359,53.487221],[-0.795699,53.490637],[-0.800763,53.310906]]]}},{"type":"Feature","properties":{"name":"E480N0400","e_km":480,"n_km":400},"geometry":{"type":"Polygon","coordinates":[[[-0.795699,53.490637],[-0.494359,53.487221],[-0.487961,53.666925],[-0.79058,53.670363],[-0.795699,53.490637]]]}},{"type":"Feature","properties":{"name":"E480N0420","e_km":480,"n_km":420},"geometry":{"type":"Polygon","coordinates":[[[-0.79058,53.670363],[-0.487961,53.666925],[-0.481493,53.846622],[-0.785406,53.850083],[-0.79058,53.670363]]]}},{"type":"Feature","properties":{"name":"E480N0440","e_km":480,"n_km":440},"geometry":{"type":"Polygon","coordinates":[[[-0.785406,53.850083],[-0.481493,53.846622],[-0.474954,54.026314],[-0.780175,54.029797],[-0.785406,53.850083]]]}},{"type":"Feature","properties":{"name":"E480N0460","e_km":480,"n_km":460},"geometry":{"type":"Polygon","coordinates":[[[-0.780175,54.029797],[-0.474954,54.026314],[-0.468343,54.205999],[-0.774887,54.209506],[-0.780175,54.029797]]]}},{"type":"Feature","properties":{"name":"E480N0480","e_km":480,"n_km":480},"geometry":{"type":"Polygon","coordinates":[[[-0.774887,54.209506],[-0.468343,54.205999],[-0.46166,54.385679],[-0.769541,54.389209],[-0.774887,54.209506]]]}},{"type":"Feature","properties":{"name":"E480N0500","e_km":480,"n_km":500},"geometry":{"type":"Polygon","coordinates":[[[-0.769541,54.389209],[-0.46166,54.385679],[-0.454903,54.565352],[-0.764136,54.568906],[-0.769541,54.389209]]]}},{"type":"Feature","properties":{"name":"E480N0520","e_km":480,"n_km":520},"geometry":{"type":"Polygon","coordinates":[[[-0.764136,54.568906],[-0.454903,54.565352],[-0.448072,54.74502],[-0.75867,54.748597],[-0.764136,54.568906]]]}},{"type":"Feature","properties":{"name":"E480N0540","e_km":480,"n_km":540},"geometry":{"type":"Polygon","coordinates":[[[-0.75867,54.748597],[-0.448072,54.74502],[-0.441164,54.924682],[-0.753144,54.928282],[-0.75867,54.748597]]]}},{"type":"Feature","properties":{"name":"E480N0560","e_km":480,"n_km":560},"geometry":{"type":"Polygon","coordinates":[[[-0.753144,54.928282],[-0.441164,54.924682],[-0.434179,55.104338],[-0.747556,55.107962],[-0.753144,54.928282]]]}},{"type":"Feature","properties":{"name":"E480N0580","e_km":480,"n_km":580},"geometry":{"type":"Polygon","coordinates":[[[-0.747556,55.107962],[-0.434179,55.104338],[-0.427115,55.283988],[-0.741906,55.287636],[-0.747556,55.107962]]]}},{"type":"Feature","properties":{"name":"E480N0600","e_km":480,"n_km":600},"geometry":{"type":"Polygon","coordinates":[[[-0.741906,55.287636],[-0.427115,55.283988],[-0.419972,55.463632],[-0.736192,55.467305],[-0.741906,55.287636]]]}},{"type":"Feature","properties":{"name":"E480N0620","e_km":480,"n_km":620},"geometry":{"type":"Polygon","coordinates":[[[-0.736192,55.467305],[-0.419972,55.463632],[-0.412748,55.64327],[-0.730413,55.646967],[-0.736192,55.467305]]]}},{"type":"Feature","properties":{"name":"E480N0640","e_km":480,"n_km":640},"geometry":{"type":"Polygon","coordinates":[[[-0.730413,55.646967],[-0.412748,55.64327],[-0.405442,55.822902],[-0.724568,55.826624],[-0.730413,55.646967]]]}},{"type":"Feature","properties":{"name":"E480N0660","e_km":480,"n_km":660},"geometry":{"type":"Polygon","coordinates":[[[-0.724568,55.826624],[-0.405442,55.822902],[-0.398053,56.002528],[-0.718657,56.006275],[-0.724568,55.826624]]]}},{"type":"Feature","properties":{"name":"E480N0680","e_km":480,"n_km":680},"geometry":{"type":"Polygon","coordinates":[[[-0.718657,56.006275],[-0.398053,56.002528],[-0.390579,56.182148],[-0.712678,56.185921],[-0.718657,56.006275]]]}},{"type":"Feature","properties":{"name":"E480N0700","e_km":480,"n_km":700},"geometry":{"type":"Polygon","coordinates":[[[-0.712678,56.185921],[-0.390579,56.182148],[-0.383019,56.361762],[-0.70663,56.365561],[-0.712678,56.185921]]]}},{"type":"Feature","properties":{"name":"E480N0720","e_km":480,"n_km":720},"geometry":{"type":"Polygon","coordinates":[[[-0.70663,56.365561],[-0.383019,56.361762],[-0.375372,56.541371],[-0.700512,56.545195],[-0.70663,56.365561]]]}},{"type":"Feature","properties":{"name":"E480N0740","e_km":480,"n_km":740},"geometry":{"type":"Polygon","coordinates":[[[-0.700512,56.545195],[-0.375372,56.541371],[-0.367636,56.720973],[-0.694323,56.724824],[-0.700512,56.545195]]]}},{"type":"Feature","properties":{"name":"E480N0760","e_km":480,"n_km":760},"geometry":{"type":"Polygon","coordinates":[[[-0.694323,56.724824],[-0.367636,56.720973],[-0.359809,56.90057],[-0.688062,56.904447],[-0.694323,56.724824]]]}},{"type":"Feature","properties":{"name":"E480N0780","e_km":480,"n_km":780},"geometry":{"type":"Polygon","coordinates":[[[-0.688062,56.904447],[-0.359809,56.90057],[-0.351892,57.080161],[-0.681728,57.084064],[-0.688062,56.904447]]]}},{"type":"Feature","properties":{"name":"E480N0800","e_km":480,"n_km":800},"geometry":{"type":"Polygon","coordinates":[[[-0.681728,57.084064],[-0.351892,57.080161],[-0.343881,57.259746],[-0.675319,57.263675],[-0.681728,57.084064]]]}},{"type":"Feature","properties":{"name":"E480N0820","e_km":480,"n_km":820},"geometry":{"type":"Polygon","coordinates":[[[-0.675319,57.263675],[-0.343881,57.259746],[-0.335775,57.439324],[-0.668835,57.443281],[-0.675319,57.263675]]]}},{"type":"Feature","properties":{"name":"E480N0840","e_km":480,"n_km":840},"geometry":{"type":"Polygon","coordinates":[[[-0.668835,57.443281],[-0.335775,57.439324],[-0.327573,57.618897],[-0.662273,57.622882],[-0.668835,57.443281]]]}},{"type":"Feature","properties":{"name":"E480N0860","e_km":480,"n_km":860},"geometry":{"type":"Polygon","coordinates":[[[-0.662273,57.622882],[-0.327573,57.618897],[-0.319273,57.798465],[-0.655633,57.802476],[-0.662273,57.622882]]]}},{"type":"Feature","properties":{"name":"E480N0880","e_km":480,"n_km":880},"geometry":{"type":"Polygon","coordinates":[[[-0.655633,57.802476],[-0.319273,57.798465],[-0.310874,57.978026],[-0.648914,57.982066],[-0.655633,57.802476]]]}},{"type":"Feature","properties":{"name":"E480N0900","e_km":480,"n_km":900},"geometry":{"type":"Polygon","coordinates":[[[-0.648914,57.982066],[-0.310874,57.978026],[-0.302374,58.157581],[-0.642114,58.161649],[-0.648914,57.982066]]]}},{"type":"Feature","properties":{"name":"E480N0920","e_km":480,"n_km":920},"geometry":{"type":"Polygon","coordinates":[[[-0.642114,58.161649],[-0.302374,58.157581],[-0.293771,58.337131],[-0.635231,58.341227],[-0.642114,58.161649]]]}},{"type":"Feature","properties":{"name":"E480N0940","e_km":480,"n_km":940},"geometry":{"type":"Polygon","coordinates":[[[-0.635231,58.341227],[-0.293771,58.337131],[-0.285064,58.516674],[-0.628265,58.520799],[-0.635231,58.341227]]]}},{"type":"Feature","properties":{"name":"E480N0960","e_km":480,"n_km":960},"geometry":{"type":"Polygon","coordinates":[[[-0.628265,58.520799],[-0.285064,58.516674],[-0.27625,58.696212],[-0.621214,58.700366],[-0.628265,58.520799]]]}},{"type":"Feature","properties":{"name":"E480N0980","e_km":480,"n_km":980},"geometry":{"type":"Polygon","coordinates":[[[-0.621214,58.700366],[-0.27625,58.696212],[-0.267328,58.875744],[-0.614076,58.879927],[-0.621214,58.700366]]]}},{"type":"Feature","properties":{"name":"E480N1000","e_km":480,"n_km":1000},"geometry":{"type":"Polygon","coordinates":[[[-0.614076,58.879927],[-0.267328,58.875744],[-0.258296,59.05527],[-0.606851,59.059483],[-0.614076,58.879927]]]}},{"type":"Feature","properties":{"name":"E480N1020","e_km":480,"n_km":1020},"geometry":{"type":"Polygon","coordinates":[[[-0.606851,59.059483],[-0.258296,59.05527],[-0.249152,59.23479],[-0.599535,59.239033],[-0.606851,59.059483]]]}},{"type":"Feature","properties":{"name":"E480N1040","e_km":480,"n_km":1040},"geometry":{"type":"Polygon","coordinates":[[[-0.599535,59.239033],[-0.249152,59.23479],[-0.239895,59.414304],[-0.592129,59.418577],[-0.599535,59.239033]]]}},{"type":"Feature","properties":{"name":"E480N1060","e_km":480,"n_km":1060},"geometry":{"type":"Polygon","coordinates":[[[-0.592129,59.418577],[-0.239895,59.414304],[-0.230521,59.593813],[-0.58463,59.598116],[-0.592129,59.418577]]]}},{"type":"Feature","properties":{"name":"E480N1080","e_km":480,"n_km":1080},"geometry":{"type":"Polygon","coordinates":[[[-0.58463,59.598116],[-0.230521,59.593813],[-0.22103,59.773315],[-0.577036,59.77765],[-0.58463,59.598116]]]}},{"type":"Feature","properties":{"name":"E480N1100","e_km":480,"n_km":1100},"geometry":{"type":"Polygon","coordinates":[[[-0.577036,59.77765],[-0.22103,59.773315],[-0.211418,59.952812],[-0.569347,59.957178],[-0.577036,59.77765]]]}},{"type":"Feature","properties":{"name":"E480N1120","e_km":480,"n_km":1120},"geometry":{"type":"Polygon","coordinates":[[[-0.569347,59.957178],[-0.211418,59.952812],[-0.201685,60.132303],[-0.56156,60.1367],[-0.569347,59.957178]]]}},{"type":"Feature","properties":{"name":"E480N1140","e_km":480,"n_km":1140},"geometry":{"type":"Polygon","coordinates":[[[-0.56156,60.1367],[-0.201685,60.132303],[-0.191827,60.311788],[-0.553673,60.316217],[-0.56156,60.1367]]]}},{"type":"Feature","properties":{"name":"E480N1160","e_km":480,"n_km":1160},"geometry":{"type":"Polygon","coordinates":[[[-0.553673,60.316217],[-0.191827,60.311788],[-0.181843,60.491267],[-0.545685,60.495728],[-0.553673,60.316217]]]}},{"type":"Feature","properties":{"name":"E480N1180","e_km":480,"n_km":1180},"geometry":{"type":"Polygon","coordinates":[[[-0.545685,60.495728],[-0.181843,60.491267],[-0.17173,60.67074],[-0.537594,60.675234],[-0.545685,60.495728]]]}},{"type":"Feature","properties":{"name":"E480N1200","e_km":480,"n_km":1200},"geometry":{"type":"Polygon","coordinates":[[[-0.537594,60.675234],[-0.17173,60.67074],[-0.161485,60.850207],[-0.529398,60.854735],[-0.537594,60.675234]]]}},{"type":"Feature","properties":{"name":"E480N1220","e_km":480,"n_km":1220},"geometry":{"type":"Polygon","coordinates":[[[-0.529398,60.854735],[-0.161485,60.850207],[-0.151107,61.029669],[-0.521095,61.034229],[-0.529398,60.854735]]]}},{"type":"Feature","properties":{"name":"E480N1240","e_km":480,"n_km":1240},"geometry":{"type":"Polygon","coordinates":[[[-0.521095,61.034229],[-0.151107,61.029669],[-0.138443,61.209767],[-0.510588,61.214368],[-0.521095,61.034229]]]}},{"type":"Feature","properties":{"name":"E480N1260","e_km":480,"n_km":1260},"geometry":{"type":"Polygon","coordinates":[[[-0.510588,61.214368],[-0.138443,61.209767],[-0.127775,61.389238],[-0.50205,61.393874],[-0.510588,61.214368]]]}},{"type":"Feature","properties":{"name":"E480N1280","e_km":480,"n_km":1280},"geometry":{"type":"Polygon","coordinates":[[[-0.50205,61.393874],[-0.127775,61.389238],[-0.116965,61.568704],[-0.493399,61.573374],[-0.50205,61.393874]]]}},{"type":"Feature","properties":{"name":"E500N0000","e_km":500,"n_km":0},"geometry":{"type":"Polygon","coordinates":[[[-0.609132,49.891897],[-0.330806,49.888225],[-0.324573,50.068024],[-0.603938,50.07172],[-0.609132,49.891897]]]}},{"type":"Feature","properties":{"name":"E500N0020","e_km":500,"n_km":20},"geometry":{"type":"Polygon","coordinates":[[[-0.603938,50.07172],[-0.324573,50.068024],[-0.318277,50.247818],[-0.598691,50.251538],[-0.603938,50.07172]]]}},{"type":"Feature","properties":{"name":"E500N0040","e_km":500,"n_km":40},"geometry":{"type":"Polygon","coordinates":[[[-0.598691,50.251538],[-0.318277,50.247818],[-0.311917,50.427606],[-0.593391,50.431349],[-0.598691,50.251538]]]}},{"type":"Feature","properties":{"name":"E500N0060","e_km":500,"n_km":60},"geometry":{"type":"Polygon","coordinates":[[[-0.593391,50.431349],[-0.311917,50.427606],[-0.305492,50.607387],[-0.588036,50.611154],[-0.593391,50.431349]]]}},{"type":"Feature","properties":{"name":"E500N0080","e_km":500,"n_km":80},"geometry":{"type":"Polygon","coordinates":[[[-0.588036,50.611154],[-0.305492,50.607387],[-0.299001,50.787162],[-0.582627,50.790953],[-0.588036,50.611154]]]}},{"type":"Feature","properties":{"name":"E500N0100","e_km":500,"n_km":100},"geometry":{"type":"Polygon","coordinates":[[[-0.582627,50.790953],[-0.299001,50.787162],[-0.292443,50.966931],[-0.577162,50.970746],[-0.582627,50.790953]]]}},{"type":"Feature","properties":{"name":"E500N0120","e_km":500,"n_km":120},"geometry":{"type":"Polygon","coordinates":[[[-0.577162,50.970746],[-0.292443,50.966931],[-0.285818,51.146694],[-0.57164,51.150533],[-0.577162,50.970746]]]}},{"type":"Feature","properties":{"name":"E500N0140","e_km":500,"n_km":140},"geometry":{"type":"Polygon","coordinates":[[[-0.57164,51.150533],[-0.285818,51.146694],[-0.279124,51.32645],[-0.566061,51.330314],[-0.57164,51.150533]]]}},{"type":"Feature","properties":{"name":"E500N0160","e_km":500,"n_km":160},"geometry":{"type":"Polygon","coordinates":[[[-0.566061,51.330314],[-0.279124,51.32645],[-0.27236,51.506201],[-0.560425,51.51009],[-0.566061,51.330314]]]}},{"type":"Feature","properties":{"name":"E500N0180","e_km":500,"n_km":180},"geometry":{"type":"Polygon","coordinates":[[[-0.560425,51.51009],[-0.27236,51.506201],[-0.265527,51.685945],[-0.55473,51.689859],[-0.560425,51.51009]]]}},{"type":"Feature","properties":{"name":"E500N0200","e_km":500,"n_km":200},"geometry":{"type":"Polygon","coordinates":[[[-0.55473,51.689859],[-0.265527,51.685945],[-0.258621,51.865683],[-0.548975,51.869622],[-0.55473,51.689859]]]}},{"type":"Feature","properties":{"name":"E500N0220","e_km":500,"n_km":220},"geometry":{"type":"Polygon","coordinates":[[[-0.548975,51.869622],[-0.258621,51.865683],[-0.251643,52.045414],[-0.543159,52.049379],[-0.548975,51.869622]]]}},{"type":"Feature","properties":{"name":"E500N0240","e_km":500,"n_km":240},"geometry":{"type":"Polygon","coordinates":[[[-0.543159,52.049379],[-0.251643,52.045414],[-0.244592,52.22514],[-0.537283,52.22913],[-0.543159,52.049379]]]}},{"type":"Feature","properties":{"name":"E500N0260","e_km":500,"n_km":260},"geometry":{"type":"Polygon","coordinates":[[[-0.537283,52.22913],[-0.244592,52.22514],[-0.237467,52.40486],[-0.531344,52.408876],[-0.537283,52.22913]]]}},{"type":"Feature","properties":{"name":"E500N0280","e_km":500,"n_km":280},"geometry":{"type":"Polygon","coordinates":[[[-0.531344,52.408876],[-0.237467,52.40486],[-0.230265,52.584573],[-0.525343,52.588615],[-0.531344,52.408876]]]}},{"type":"Feature","properties":{"name":"E500N0300","e_km":500,"n_km":300},"geometry":{"type":"Polygon","coordinates":[[[-0.525343,52.588615],[-0.230265,52.584573],[-0.222988,52.76428],[-0.519278,52.768348],[-0.525343,52.588615]]]}},{"type":"Feature","properties":{"name":"E500N0320","e_km":500,"n_km":320},"geometry":{"type":"Polygon","coordinates":[[[-0.519278,52.768348],[-0.222988,52.76428],[-0.215632,52.943981],[-0.513148,52.948075],[-0.519278,52.768348]]]}},{"type":"Feature","properties":{"name":"E500N0340","e_km":500,"n_km":340},"geometry":{"type":"Polygon","coordinates":[[[-0.513148,52.948075],[-0.215632,52.943981],[-0.208198,53.123675],[-0.506952,53.127797],[-0.513148,52.948075]]]}},{"type":"Feature","properties":{"name":"E500N0360","e_km":500,"n_km":360},"geometry":{"type":"Polygon","coordinates":[[[-0.506952,53.127797],[-0.208198,53.123675],[-0.200684,53.303364],[-0.500689,53.307512],[-0.506952,53.127797]]]}},{"type":"Feature","properties":{"name":"E500N0380","e_km":500,"n_km":380},"geometry":{"type":"Polygon","coordinates":[[[-0.500689,53.307512],[-0.200684,53.303364],[-0.193088,53.483046],[-0.494359,53.487221],[-0.500689,53.307512]]]}},{"type":"Feature","properties":{"name":"E500N0400","e_km":500,"n_km":400},"geometry":{"type":"Polygon","coordinates":[[[-0.494359,53.487221],[-0.193088,53.483046],[-0.185411,53.662722],[-0.487961,53.666925],[-0.494359,53.487221]]]}},{"type":"Feature","properties":{"name":"E500N0420","e_km":500,"n_km":420},"geometry":{"type":"Polygon","coordinates":[[[-0.487961,53.666925],[-0.185411,53.662722],[-0.17765,53.842392],[-0.481493,53.846622],[-0.487961,53.666925]]]}},{"type":"Feature","properties":{"name":"E500N0440","e_km":500,"n_km":440},"geometry":{"type":"Polygon","coordinates":[[[-0.481493,53.846622],[-0.17765,53.842392],[-0.169804,54.022056],[-0.474954,54.026314],[-0.481493,53.846622]]]}},{"type":"Feature","properties":{"name":"E500N0460","e_km":500,"n_km":460},"geometry":{"type":"Polygon","coordinates":[[[-0.474954,54.026314],[-0.169804,54.022056],[-0.161872,54.201713],[-0.468343,54.205999],[-0.474954,54.026314]]]}},{"type":"Feature","properties":{"name":"E500N0480","e_km":500,"n_km":480},"geometry":{"type":"Polygon","coordinates":[[[-0.468343,54.205999],[-0.161872,54.201713],[-0.153853,54.381365],[-0.46166,54.385679],[-0.468343,54.205999]]]}},{"type":"Feature","properties":{"name":"E500N0500","e_km":500,"n_km":500},"geometry":{"type":"Polygon","coordinates":[[[-0.46166,54.385679],[-0.153853,54.381365],[-0.145746,54.56101],[-0.454903,54.565352],[-0.46166,54.385679]]]}},{"type":"Feature","properties":{"name":"E500N0520","e_km":500,"n_km":520},"geometry":{"type":"Polygon","coordinates":[[[-0.454903,54.565352],[-0.145746,54.56101],[-0.137549,54.740649],[-0.448072,54.74502],[-0.454903,54.565352]]]}},{"type":"Feature","properties":{"name":"E500N0540","e_km":500,"n_km":540},"geometry":{"type":"Polygon","coordinates":[[[-0.448072,54.74502],[-0.137549,54.740649],[-0.12926,54.920281],[-0.441164,54.924682],[-0.448072,54.74502]]]}},{"type":"Feature","properties":{"name":"E500N0560","e_km":500,"n_km":560},"geometry":{"type":"Polygon","coordinates":[[[-0.441164,54.924682],[-0.12926,54.920281],[-0.120879,55.099908],[-0.434179,55.104338],[-0.441164,54.924682]]]}},{"type":"Feature","properties":{"name":"E500N0580","e_km":500,"n_km":580},"geometry":{"type":"Polygon","coordinates":[[[-0.434179,55.104338],[-0.120879,55.099908],[-0.112404,55.279528],[-0.427115,55.283988],[-0.434179,55.104338]]]}},{"type":"Feature","properties":{"name":"E500N0600","e_km":500,"n_km":600},"geometry":{"type":"Polygon","coordinates":[[[-0.427115,55.283988],[-0.112404,55.279528],[-0.103833,55.459142],[-0.419972,55.463632],[-0.427115,55.283988]]]}},{"type":"Feature","properties":{"name":"E500N0620","e_km":500,"n_km":620},"geometry":{"type":"Polygon","coordinates":[[[-0.419972,55.463632],[-0.103833,55.459142],[-0.095166,55.63875],[-0.412748,55.64327],[-0.419972,55.463632]]]}},{"type":"Feature","properties":{"name":"E500N0640","e_km":500,"n_km":640},"geometry":{"type":"Polygon","coordinates":[[[-0.412748,55.64327],[-0.095166,55.63875],[-0.0864,55.818352],[-0.405442,55.822902],[-0.412748,55.64327]]]}},{"type":"Feature","properties":{"name":"E500N0660","e_km":500,"n_km":660},"geometry":{"type":"Polygon","coordinates":[[[-0.405442,55.822902],[-0.0864,55.818352],[-0.077534,55.997947],[-0.398053,56.002528],[-0.405442,55.822902]]]}},{"type":"Feature","properties":{"name":"E500N0680","e_km":500,"n_km":680},"geometry":{"type":"Polygon","coordinates":[[[-0.398053,56.002528],[-0.077534,55.997947],[-0.068566,56.177537],[-0.390579,56.182148],[-0.398053,56.002528]]]}},{"type":"Feature","properties":{"name":"E500N0700","e_km":500,"n_km":700},"geometry":{"type":"Polygon","coordinates":[[[-0.390579,56.182148],[-0.068566,56.177537],[-0.059496,56.35712],[-0.383019,56.361762],[-0.390579,56.182148]]]}},{"type":"Feature","properties":{"name":"E500N0720","e_km":500,"n_km":720},"geometry":{"type":"Polygon","coordinates":[[[-0.383019,56.361762],[-0.059496,56.35712],[-0.05032,56.536697],[-0.375372,56.541371],[-0.383019,56.361762]]]}},{"type":"Feature","properties":{"name":"E500N0740","e_km":500,"n_km":740},"geometry":{"type":"Polygon","coordinates":[[[-0.375372,56.541371],[-0.05032,56.536697],[-0.041038,56.716267],[-0.367636,56.720973],[-0.375372,56.541371]]]}},{"type":"Feature","properties":{"name":"E500N0760","e_km":500,"n_km":760},"geometry":{"type":"Polygon","coordinates":[[[-0.367636,56.720973],[-0.041038,56.716267],[-0.031648,56.895832],[-0.359809,56.90057],[-0.367636,56.720973]]]}},{"type":"Feature","properties":{"name":"E500N0780","e_km":500,"n_km":780},"geometry":{"type":"Polygon","coordinates":[[[-0.359809,56.90057],[-0.031648,56.895832],[-0.022148,57.07539],[-0.351892,57.080161],[-0.359809,56.90057]]]}},{"type":"Feature","properties":{"name":"E500N0800","e_km":500,"n_km":800},"geometry":{"type":"Polygon","coordinates":[[[-0.351892,57.080161],[-0.022148,57.07539],[-0.012536,57.254942],[-0.343881,57.259746],[-0.351892,57.080161]]]}},{"type":"Feature","properties":{"name":"E500N0820","e_km":500,"n_km":820},"geometry":{"type":"Polygon","coordinates":[[[-0.343881,57.259746],[-0.012536,57.254942],[-0.002811,57.434488],[-0.335775,57.439324],[-0.343881,57.259746]]]}},{"type":"Feature","properties":{"name":"E500N0840","e_km":500,"n_km":840},"geometry":{"type":"Polygon","coordinates":[[[-0.335775,57.439324],[-0.002811,57.434488],[0.007029,57.614028],[-0.327573,57.618897],[-0.335775,57.439324]]]}},{"type":"Feature","properties":{"name":"E500N0860","e_km":500,"n_km":860},"geometry":{"type":"Polygon","coordinates":[[[-0.327573,57.618897],[0.007029,57.614028],[0.016987,57.793561],[-0.319273,57.798465],[-0.327573,57.618897]]]}},{"type":"Feature","properties":{"name":"E500N0880","e_km":500,"n_km":880},"geometry":{"type":"Polygon","coordinates":[[[-0.319273,57.798465],[0.016987,57.793561],[0.027064,57.973088],[-0.310874,57.978026],[-0.319273,57.798465]]]}},{"type":"Feature","properties":{"name":"E500N0900","e_km":500,"n_km":900},"geometry":{"type":"Polygon","coordinates":[[[-0.310874,57.978026],[0.027064,57.973088],[0.037263,58.152609],[-0.302374,58.157581],[-0.310874,57.978026]]]}},{"type":"Feature","properties":{"name":"E500N0920","e_km":500,"n_km":920},"geometry":{"type":"Polygon","coordinates":[[[-0.302374,58.157581],[0.037263,58.152609],[0.047585,58.332124],[-0.293771,58.337131],[-0.302374,58.157581]]]}},{"type":"Feature","properties":{"name":"E500N0940","e_km":500,"n_km":940},"geometry":{"type":"Polygon","coordinates":[[[-0.293771,58.337131],[0.047585,58.332124],[0.058032,58.511633],[-0.285064,58.516674],[-0.293771,58.337131]]]}},{"type":"Feature","properties":{"name":"E500N0960","e_km":500,"n_km":960},"geometry":{"type":"Polygon","coordinates":[[[-0.285064,58.516674],[0.058032,58.511633],[0.068606,58.691135],[-0.27625,58.696212],[-0.285064,58.516674]]]}},{"type":"Feature","properties":{"name":"E500N0980","e_km":500,"n_km":980},"geometry":{"type":"Polygon","coordinates":[[[-0.27625,58.696212],[0.068606,58.691135],[0.079311,58.870631],[-0.267328,58.875744],[-0.27625,58.696212]]]}},{"type":"Feature","properties":{"name":"E500N1000","e_km":500,"n_km":1000},"geometry":{"type":"Polygon","coordinates":[[[-0.267328,58.875744],[0.079311,58.870631],[0.090147,59.050121],[-0.258296,59.05527],[-0.267328,58.875744]]]}},{"type":"Feature","properties":{"name":"E500N1020","e_km":500,"n_km":1020},"geometry":{"type":"Polygon","coordinates":[[[-0.258296,59.05527],[0.090147,59.050121],[0.101117,59.229604],[-0.249152,59.23479],[-0.258296,59.05527]]]}},{"type":"Feature","properties":{"name":"E500N1040","e_km":500,"n_km":1040},"geometry":{"type":"Polygon","coordinates":[[[-0.249152,59.23479],[0.101117,59.229604],[0.112224,59.409081],[-0.239895,59.414304],[-0.249152,59.23479]]]}},{"type":"Feature","properties":{"name":"E500N1060","e_km":500,"n_km":1060},"geometry":{"type":"Polygon","coordinates":[[[-0.239895,59.414304],[0.112224,59.409081],[0.12347,59.588552],[-0.230521,59.593813],[-0.239895,59.414304]]]}},{"type":"Feature","properties":{"name":"E500N1080","e_km":500,"n_km":1080},"geometry":{"type":"Polygon","coordinates":[[[-0.230521,59.593813],[0.12347,59.588552],[0.134857,59.768017],[-0.22103,59.773315],[-0.230521,59.593813]]]}},{"type":"Feature","properties":{"name":"E500N1100","e_km":500,"n_km":1100},"geometry":{"type":"Polygon","coordinates":[[[-0.22103,59.773315],[0.134857,59.768017],[0.146388,59.947476],[-0.211418,59.952812],[-0.22103,59.773315]]]}},{"type":"Feature","properties":{"name":"E500N1120","e_km":500,"n_km":1120},"geometry":{"type":"Polygon","coordinates":[[[-0.211418,59.952812],[0.146388,59.947476],[0.158066,60.126928],[-0.201685,60.132303],[-0.211418,59.952812]]]}},{"type":"Feature","properties":{"name":"E500N1140","e_km":500,"n_km":1140},"geometry":{"type":"Polygon","coordinates":[[[-0.201685,60.132303],[0.158066,60.126928],[0.169892,60.306374],[-0.191827,60.311788],[-0.201685,60.132303]]]}},{"type":"Feature","properties":{"name":"E500N1160","e_km":500,"n_km":1160},"geometry":{"type":"Polygon","coordinates":[[[-0.191827,60.311788],[0.169892,60.306374],[0.181871,60.485814],[-0.181843,60.491267],[-0.191827,60.311788]]]}},{"type":"Feature","properties":{"name":"E500N1180","e_km":500,"n_km":1180},"geometry":{"type":"Polygon","coordinates":[[[-0.181843,60.491267],[0.181871,60.485814],[0.194004,60.665247],[-0.17173,60.67074],[-0.181843,60.491267]]]}},{"type":"Feature","properties":{"name":"E500N1200","e_km":500,"n_km":1200},"geometry":{"type":"Polygon","coordinates":[[[-0.17173,60.67074],[0.194004,60.665247],[0.206294,60.844674],[-0.161485,60.850207],[-0.17173,60.67074]]]}},{"type":"Feature","properties":{"name":"E500N1220","e_km":500,"n_km":1220},"geometry":{"type":"Polygon","coordinates":[[[-0.161485,60.850207],[0.206294,60.844674],[0.218745,61.024095],[-0.151107,61.029669],[-0.161485,60.850207]]]}},{"type":"Feature","properties":{"name":"E500N1240","e_km":500,"n_km":1240},"geometry":{"type":"Polygon","coordinates":[[[-0.151107,61.029669],[0.218745,61.024095],[0.233562,61.204144],[-0.138443,61.209767],[-0.151107,61.029669]]]}},{"type":"Feature","properties":{"name":"E500N1260","e_km":500,"n_km":1260},"geometry":{"type":"Polygon","coordinates":[[[-0.138443,61.209767],[0.233562,61.204144],[0.246359,61.383574],[-0.127775,61.389238],[-0.138443,61.209767]]]}},{"type":"Feature","properties":{"name":"E500N1280","e_km":500,"n_km":1280},"geometry":{"type":"Polygon","coordinates":[[[-0.127775,61.389238],[0.246359,61.383574],[0.259324,61.562997],[-0.116965,61.568704],[-0.127775,61.389238]]]}},{"type":"Feature","properties":{"name":"E520N0000","e_km":520,"n_km":0},"geometry":{"type":"Polygon","coordinates":[[[-0.330806,49.888225],[-0.052542,49.883884],[-0.045271,50.063656],[-0.324573,50.068024],[-0.330806,49.888225]]]}},{"type":"Feature","properties":{"name":"E520N0020","e_km":520,"n_km":20},"geometry":{"type":"Polygon","coordinates":[[[-0.324573,50.068024],[-0.045271,50.063656],[-0.037927,50.243422],[-0.318277,50.247818],[-0.324573,50.068024]]]}},{"type":"Feature","properties":{"name":"E520N0040","e_km":520,"n_km":40},"geometry":{"type":"Polygon","coordinates":[[[-0.318277,50.247818],[-0.037927,50.243422],[-0.030508,50.423182],[-0.311917,50.427606],[-0.318277,50.247818]]]}},{"type":"Feature","properties":{"name":"E520N0060","e_km":520,"n_km":60},"geometry":{"type":"Polygon","coordinates":[[[-0.311917,50.427606],[-0.030508,50.423182],[-0.023013,50.602935],[-0.305492,50.607387],[-0.311917,50.427606]]]}},{"type":"Feature","properties":{"name":"E520N0080","e_km":520,"n_km":80},"geometry":{"type":"Polygon","coordinates":[[[-0.305492,50.607387],[-0.023013,50.602935],[-0.015442,50.782682],[-0.299001,50.787162],[-0.305492,50.607387]]]}},{"type":"Feature","properties":{"name":"E520N0100","e_km":520,"n_km":100},"geometry":{"type":"Polygon","coordinates":[[[-0.299001,50.787162],[-0.015442,50.782682],[-0.007792,50.962422],[-0.292443,50.966931],[-0.299001,50.787162]]]}},{"type":"Feature","properties":{"name":"E520N0120","e_km":520,"n_km":120},"geometry":{"type":"Polygon","coordinates":[[[-0.292443,50.966931],[-0.007792,50.962422],[-6.4e-05,51.142156],[-0.285818,51.146694],[-0.292443,50.966931]]]}},{"type":"Feature","properties":{"name":"E520N0140","e_km":520,"n_km":140},"geometry":{"type":"Polygon","coordinates":[[[-0.285818,51.146694],[-6.4e-05,51.142156],[0.007744,51.321883],[-0.279124,51.32645],[-0.285818,51.146694]]]}},{"type":"Feature","properties":{"name":"E520N0160","e_km":520,"n_km":160},"geometry":{"type":"Polygon","coordinates":[[[-0.279124,51.32645],[0.007744,51.321883],[0.015633,51.501604],[-0.27236,51.506201],[-0.279124,51.32645]]]}},{"type":"Feature","properties":{"name":"E520N0180","e_km":520,"n_km":180},"geometry":{"type":"Polygon","coordinates":[[[-0.27236,51.506201],[0.015633,51.501604],[0.023605,51.681319],[-0.265527,51.685945],[-0.27236,51.506201]]]}},{"type":"Feature","properties":{"name":"E520N0200","e_km":520,"n_km":200},"geometry":{"type":"Polygon","coordinates":[[[-0.265527,51.685945],[0.023605,51.681319],[0.03166,51.861027],[-0.258621,51.865683],[-0.265527,51.685945]]]}},{"type":"Feature","properties":{"name":"E520N0220","e_km":520,"n_km":220},"geometry":{"type":"Polygon","coordinates":[[[-0.258621,51.865683],[0.03166,51.861027],[0.039799,52.040729],[-0.251643,52.045414],[-0.258621,51.865683]]]}},{"type":"Feature","properties":{"name":"E520N0240","e_km":520,"n_km":240},"geometry":{"type":"Polygon","coordinates":[[[-0.251643,52.045414],[0.039799,52.040729],[0.048024,52.220425],[-0.244592,52.22514],[-0.251643,52.045414]]]}},{"type":"Feature","properties":{"name":"E520N0260","e_km":520,"n_km":260},"geometry":{"type":"Polygon","coordinates":[[[-0.244592,52.22514],[0.048024,52.220425],[0.056336,52.400113],[-0.237467,52.40486],[-0.244592,52.22514]]]}},{"type":"Feature","properties":{"name":"E520N0280","e_km":520,"n_km":280},"geometry":{"type":"Polygon","coordinates":[[[-0.237467,52.40486],[0.056336,52.400113],[0.064736,52.579796],[-0.230265,52.584573],[-0.237467,52.40486]]]}},{"type":"Feature","properties":{"name":"E520N0300","e_km":520,"n_km":300},"geometry":{"type":"Polygon","coordinates":[[[-0.230265,52.584573],[0.064736,52.579796],[0.073225,52.759472],[-0.222988,52.76428],[-0.230265,52.584573]]]}},{"type":"Feature","properties":{"name":"E520N0320","e_km":520,"n_km":320},"geometry":{"type":"Polygon","coordinates":[[[-0.222988,52.76428],[0.073225,52.759472],[0.081805,52.939142],[-0.215632,52.943981],[-0.222988,52.76428]]]}},{"type":"Feature","properties":{"name":"E520N0340","e_km":520,"n_km":340},"geometry":{"type":"Polygon","coordinates":[[[-0.215632,52.943981],[0.081805,52.939142],[0.090476,53.118805],[-0.208198,53.123675],[-0.215632,52.943981]]]}},{"type":"Feature","properties":{"name":"E520N0360","e_km":520,"n_km":360},"geometry":{"type":"Polygon","coordinates":[[[-0.208198,53.123675],[0.090476,53.118805],[0.099241,53.298462],[-0.200684,53.303364],[-0.208198,53.123675]]]}},{"type":"Feature","properties":{"name":"E520N0380","e_km":520,"n_km":380},"geometry":{"type":"Polygon","coordinates":[[[-0.200684,53.303364],[0.099241,53.298462],[0.1081,53.478112],[-0.193088,53.483046],[-0.200684,53.303364]]]}},{"type":"Feature","properties":{"name":"E520N0400","e_km":520,"n_km":400},"geometry":{"type":"Polygon","coordinates":[[[-0.193088,53.483046],[0.1081,53.478112],[0.117056,53.657756],[-0.185411,53.662722],[-0.193088,53.483046]]]}},{"type":"Feature","properties":{"name":"E520N0420","e_km":520,"n_km":420},"geometry":{"type":"Polygon","coordinates":[[[-0.185411,53.662722],[0.117056,53.657756],[0.126108,53.837393],[-0.17765,53.842392],[-0.185411,53.662722]]]}},{"type":"Feature","properties":{"name":"E520N0440","e_km":520,"n_km":440},"geometry":{"type":"Polygon","coordinates":[[[-0.17765,53.842392],[0.126108,53.837393],[0.13526,54.017024],[-0.169804,54.022056],[-0.17765,53.842392]]]}},{"type":"Feature","properties":{"name":"E520N0460","e_km":520,"n_km":460},"geometry":{"type":"Polygon","coordinates":[[[-0.169804,54.022056],[0.13526,54.017024],[0.144512,54.196648],[-0.161872,54.201713],[-0.169804,54.022056]]]}},{"type":"Feature","properties":{"name":"E520N0480","e_km":520,"n_km":480},"geometry":{"type":"Polygon","coordinates":[[[-0.161872,54.201713],[0.144512,54.196648],[0.153865,54.376266],[-0.153853,54.381365],[-0.161872,54.201713]]]}},{"type":"Feature","properties":{"name":"E520N0500","e_km":520,"n_km":500},"geometry":{"type":"Polygon","coordinates":[[[-0.153853,54.381365],[0.153865,54.376266],[0.163322,54.555877],[-0.145746,54.56101],[-0.153853,54.381365]]]}},{"type":"Feature","properties":{"name":"E520N0520","e_km":520,"n_km":520},"geometry":{"type":"Polygon","coordinates":[[[-0.145746,54.56101],[0.163322,54.555877],[0.172883,54.735482],[-0.137549,54.740649],[-0.145746,54.56101]]]}},{"type":"Feature","properties":{"name":"E520N0540","e_km":520,"n_km":540},"geometry":{"type":"Polygon","coordinates":[[[-0.137549,54.740649],[0.172883,54.735482],[0.182551,54.915081],[-0.12926,54.920281],[-0.137549,54.740649]]]}},{"type":"Feature","properties":{"name":"E520N0560","e_km":520,"n_km":560},"geometry":{"type":"Polygon","coordinates":[[[-0.12926,54.920281],[0.182551,54.915081],[0.192326,55.094673],[-0.120879,55.099908],[-0.12926,54.920281]]]}},{"type":"Feature","properties":{"name":"E520N0580","e_km":520,"n_km":580},"geometry":{"type":"Polygon","coordinates":[[[-0.120879,55.099908],[0.192326,55.094673],[0.202212,55.274258],[-0.112404,55.279528],[-0.120879,55.099908]]]}},{"type":"Feature","properties":{"name":"E520N0600","e_km":520,"n_km":600},"geometry":{"type":"Polygon","coordinates":[[[-0.112404,55.279528],[0.202212,55.274258],[0.212208,55.453837],[-0.103833,55.459142],[-0.112404,55.279528]]]}},{"type":"Feature","properties":{"name":"E520N0620","e_km":520,"n_km":620},"geometry":{"type":"Polygon","coordinates":[[[-0.103833,55.459142],[0.212208,55.453837],[0.222318,55.633409],[-0.095166,55.63875],[-0.103833,55.459142]]]}},{"type":"Feature","properties":{"name":"E520N0640","e_km":520,"n_km":640},"geometry":{"type":"Polygon","coordinates":[[[-0.095166,55.63875],[0.222318,55.633409],[0.232543,55.812975],[-0.0864,55.818352],[-0.095166,55.63875]]]}},{"type":"Feature","properties":{"name":"E520N0660","e_km":520,"n_km":660},"geometry":{"type":"Polygon","coordinates":[[[-0.0864,55.818352],[0.232543,55.812975],[0.242884,55.992534],[-0.077534,55.997947],[-0.0864,55.818352]]]}},{"type":"Feature","properties":{"name":"E520N0680","e_km":520,"n_km":680},"geometry":{"type":"Polygon","coordinates":[[[-0.077534,55.997947],[0.242884,55.992534],[0.253343,56.172087],[-0.068566,56.177537],[-0.077534,55.997947]]]}},{"type":"Feature","properties":{"name":"E520N0700","e_km":520,"n_km":700},"geometry":{"type":"Polygon","coordinates":[[[-0.068566,56.177537],[0.253343,56.172087],[0.263923,56.351633],[-0.059496,56.35712],[-0.068566,56.177537]]]}},{"type":"Feature","properties":{"name":"E520N0720","e_km":520,"n_km":720},"geometry":{"type":"Polygon","coordinates":[[[-0.059496,56.35712],[0.263923,56.351633],[0.274625,56.531173],[-0.05032,56.536697],[-0.059496,56.35712]]]}},{"type":"Feature","properties":{"name":"E520N0740","e_km":520,"n_km":740},"geometry":{"type":"Polygon","coordinates":[[[-0.05032,56.536697],[0.274625,56.531173],[0.285451,56.710706],[-0.041038,56.716267],[-0.05032,56.536697]]]}},{"type":"Feature","properties":{"name":"E520N0760","e_km":520,"n_km":760},"geometry":{"type":"Polygon","coordinates":[[[-0.041038,56.716267],[0.285451,56.710706],[0.296403,56.890233],[-0.031648,56.895832],[-0.041038,56.716267]]]}},{"type":"Feature","properties":{"name":"E520N0780","e_km":520,"n_km":780},"geometry":{"type":"Polygon","coordinates":[[[-0.031648,56.895832],[0.296403,56.890233],[0.307483,57.069753],[-0.022148,57.07539],[-0.031648,56.895832]]]}},{"type":"Feature","properties":{"name":"E520N0800","e_km":520,"n_km":800},"geometry":{"type":"Polygon","coordinates":[[[-0.022148,57.07539],[0.307483,57.069753],[0.318694,57.249266],[-0.012536,57.254942],[-0.022148,57.07539]]]}},{"type":"Feature","properties":{"name":"E520N0820","e_km":520,"n_km":820},"geometry":{"type":"Polygon","coordinates":[[[-0.012536,57.254942],[0.318694,57.249266],[0.330037,57.428773],[-0.002811,57.434488],[-0.012536,57.254942]]]}},{"type":"Feature","properties":{"name":"E520N0840","e_km":520,"n_km":840},"geometry":{"type":"Polygon","coordinates":[[[-0.002811,57.434488],[0.330037,57.428773],[0.341514,57.608273],[0.007029,57.614028],[-0.002811,57.434488]]]}},{"type":"Feature","properties":{"name":"E520N0860","e_km":520,"n_km":860},"geometry":{"type":"Polygon","coordinates":[[[0.007029,57.614028],[0.341514,57.608273],[0.353129,57.787767],[0.016987,57.793561],[0.007029,57.614028]]]}},{"type":"Feature","properties":{"name":"E520N0880","e_km":520,"n_km":880},"geometry":{"type":"Polygon","coordinates":[[[0.016987,57.793561],[0.353129,57.787767],[0.364882,57.967254],[0.027064,57.973088],[0.016987,57.793561]]]}},{"type":"Feature","properties":{"name":"E520N0900","e_km":520,"n_km":900},"geometry":{"type":"Polygon","coordinates":[[[0.027064,57.973088],[0.364882,57.967254],[0.376777,58.146734],[0.037263,58.152609],[0.027064,57.973088]]]}},{"type":"Feature","properties":{"name":"E520N0920","e_km":520,"n_km":920},"geometry":{"type":"Polygon","coordinates":[[[0.037263,58.152609],[0.376777,58.146734],[0.388815,58.326208],[0.047585,58.332124],[0.037263,58.152609]]]}},{"type":"Feature","properties":{"name":"E520N0940","e_km":520,"n_km":940},"geometry":{"type":"Polygon","coordinates":[[[0.047585,58.332124],[0.388815,58.326208],[0.400999,58.505675],[0.058032,58.511633],[0.047585,58.332124]]]}},{"type":"Feature","properties":{"name":"E520N0960","e_km":520,"n_km":960},"geometry":{"type":"Polygon","coordinates":[[[0.058032,58.511633],[0.400999,58.505675],[0.413333,58.685135],[0.068606,58.691135],[0.058032,58.511633]]]}},{"type":"Feature","properties":{"name":"E520N0980","e_km":520,"n_km":980},"geometry":{"type":"Polygon","coordinates":[[[0.068606,58.691135],[0.413333,58.685135],[0.425817,58.864589],[0.079311,58.870631],[0.068606,58.691135]]]}},{"type":"Feature","properties":{"name":"E520N1000","e_km":520,"n_km":1000},"geometry":{"type":"Polygon","coordinates":[[[0.079311,58.870631],[0.425817,58.864589],[0.438455,59.044036],[0.090147,59.050121],[0.079311,58.870631]]]}},{"type":"Feature","properties":{"name":"E520N1020","e_km":520,"n_km":1020},"geometry":{"type":"Polygon","coordinates":[[[0.090147,59.050121],[0.438455,59.044036],[0.45125,59.223476],[0.101117,59.229604],[0.090147,59.050121]]]}},{"type":"Feature","properties":{"name":"E520N1040","e_km":520,"n_km":1040},"geometry":{"type":"Polygon","coordinates":[[[0.101117,59.229604],[0.45125,59.223476],[0.464203,59.40291],[0.112224,59.409081],[0.101117,59.229604]]]}},{"type":"Feature","properties":{"name":"E520N1060","e_km":520,"n_km":1060},"geometry":{"type":"Polygon","coordinates":[[[0.112224,59.409081],[0.464203,59.40291],[0.477319,59.582337],[0.12347,59.588552],[0.112224,59.409081]]]}},{"type":"Feature","properties":{"name":"E520N1080","e_km":520,"n_km":1080},"geometry":{"type":"Polygon","coordinates":[[[0.12347,59.588552],[0.477319,59.582337],[0.4906,59.761757],[0.134857,59.768017],[0.12347,59.588552]]]}},{"type":"Feature","properties":{"name":"E520N1100","e_km":520,"n_km":1100},"geometry":{"type":"Polygon","coordinates":[[[0.134857,59.768017],[0.4906,59.761757],[0.504048,59.94117],[0.146388,59.947476],[0.134857,59.768017]]]}},{"type":"Feature","properties":{"name":"E520N1120","e_km":520,"n_km":1120},"geometry":{"type":"Polygon","coordinates":[[[0.146388,59.947476],[0.504048,59.94117],[0.517667,60.120577],[0.158066,60.126928],[0.146388,59.947476]]]}},{"type":"Feature","properties":{"name":"E520N1140","e_km":520,"n_km":1140},"geometry":{"type":"Polygon","coordinates":[[[0.158066,60.126928],[0.517667,60.120577],[0.53146,60.299977],[0.169892,60.306374],[0.158066,60.126928]]]}},{"type":"Feature","properties":{"name":"E520N1160","e_km":520,"n_km":1160},"geometry":{"type":"Polygon","coordinates":[[[0.169892,60.306374],[0.53146,60.299977],[0.54543,60.47937],[0.181871,60.485814],[0.169892,60.306374]]]}},{"type":"Feature","properties":{"name":"E520N1180","e_km":520,"n_km":1180},"geometry":{"type":"Polygon","coordinates":[[[0.181871,60.485814],[0.54543,60.47937],[0.55958,60.658756],[0.194004,60.665247],[0.181871,60.485814]]]}},{"type":"Feature","properties":{"name":"E520N1200","e_km":520,"n_km":1200},"geometry":{"type":"Polygon","coordinates":[[[0.194004,60.665247],[0.55958,60.658756],[0.573913,60.838135],[0.206294,60.844674],[0.194004,60.665247]]]}},{"type":"Feature","properties":{"name":"E520N1220","e_km":520,"n_km":1220},"geometry":{"type":"Polygon","coordinates":[[[0.206294,60.844674],[0.573913,60.838135],[0.588433,61.017508],[0.218745,61.024095],[0.206294,60.844674]]]}},{"type":"Feature","properties":{"name":"E520N1240","e_km":520,"n_km":1240},"geometry":{"type":"Polygon","coordinates":[[[0.218745,61.024095],[0.588433,61.017508],[0.605401,61.197501],[0.233562,61.204144],[0.218745,61.024095]]]}},{"type":"Feature","properties":{"name":"E520N1260","e_km":520,"n_km":1260},"geometry":{"type":"Polygon","coordinates":[[[0.233562,61.204144],[0.605401,61.197501],[0.620322,61.376882],[0.246359,61.383574],[0.233562,61.204144]]]}},{"type":"Feature","properties":{"name":"E520N1280","e_km":520,"n_km":1280},"geometry":{"type":"Polygon","coordinates":[[[0.246359,61.383574],[0.620322,61.376882],[0.635441,61.556255],[0.259324,61.562997],[0.246359,61.383574]]]}},{"type":"Feature","properties":{"name":"E540N0000","e_km":540,"n_km":0},"geometry":{"type":"Polygon","coordinates":[[[-0.052542,49.883884],[0.225649,49.878877],[0.233956,50.058617],[-0.045271,50.063656],[-0.052542,49.883884]]]}},{"type":"Feature","properties":{"name":"E540N0020","e_km":540,"n_km":20},"geometry":{"type":"Polygon","coordinates":[[[-0.045271,50.063656],[0.233956,50.058617],[0.242348,50.238351],[-0.037927,50.243422],[-0.045271,50.063656]]]}},{"type":"Feature","properties":{"name":"E540N0040","e_km":540,"n_km":40},"geometry":{"type":"Polygon","coordinates":[[[-0.037927,50.243422],[0.242348,50.238351],[0.250825,50.418078],[-0.030508,50.423182],[-0.037927,50.243422]]]}},{"type":"Feature","properties":{"name":"E540N0060","e_km":540,"n_km":60},"geometry":{"type":"Polygon","coordinates":[[[-0.030508,50.423182],[0.250825,50.418078],[0.259388,50.597799],[-0.023013,50.602935],[-0.030508,50.423182]]]}},{"type":"Feature","properties":{"name":"E540N0080","e_km":540,"n_km":80},"geometry":{"type":"Polygon","coordinates":[[[-0.023013,50.602935],[0.259388,50.597799],[0.268039,50.777513],[-0.015442,50.782682],[-0.023013,50.602935]]]}},{"type":"Feature","properties":{"name":"E540N0100","e_km":540,"n_km":100},"geometry":{"type":"Polygon","coordinates":[[[-0.015442,50.782682],[0.268039,50.777513],[0.276779,50.95722],[-0.007792,50.962422],[-0.015442,50.782682]]]}},{"type":"Feature","properties":{"name":"E540N0120","e_km":540,"n_km":120},"geometry":{"type":"Polygon","coordinates":[[[-0.007792,50.962422],[0.276779,50.95722],[0.28561,51.136921],[-6.4e-05,51.142156],[-0.007792,50.962422]]]}},{"type":"Feature","properties":{"name":"E540N0140","e_km":540,"n_km":140},"geometry":{"type":"Polygon","coordinates":[[[-6.4e-05,51.142156],[0.28561,51.136921],[0.294531,51.316615],[0.007744,51.321883],[-6.4e-05,51.142156]]]}},{"type":"Feature","properties":{"name":"E540N0160","e_km":540,"n_km":160},"geometry":{"type":"Polygon","coordinates":[[[0.007744,51.321883],[0.294531,51.316615],[0.303545,51.496302],[0.015633,51.501604],[0.007744,51.321883]]]}},{"type":"Feature","properties":{"name":"E540N0180","e_km":540,"n_km":180},"geometry":{"type":"Polygon","coordinates":[[[0.015633,51.501604],[0.303545,51.496302],[0.312653,51.675982],[0.023605,51.681319],[0.015633,51.501604]]]}},{"type":"Feature","properties":{"name":"E540N0200","e_km":540,"n_km":200},"geometry":{"type":"Polygon","coordinates":[[[0.023605,51.681319],[0.312653,51.675982],[0.321856,51.855656],[0.03166,51.861027],[0.023605,51.681319]]]}},{"type":"Feature","properties":{"name":"E540N0220","e_km":540,"n_km":220},"geometry":{"type":"Polygon","coordinates":[[[0.03166,51.861027],[0.321856,51.855656],[0.331156,52.035324],[0.039799,52.040729],[0.03166,51.861027]]]}},{"type":"Feature","properties":{"name":"E540N0240","e_km":540,"n_km":240},"geometry":{"type":"Polygon","coordinates":[[[0.039799,52.040729],[0.331156,52.035324],[0.340553,52.214984],[0.048024,52.220425],[0.039799,52.040729]]]}},{"type":"Feature","properties":{"name":"E540N0260","e_km":540,"n_km":260},"geometry":{"type":"Polygon","coordinates":[[[0.048024,52.220425],[0.340553,52.214984],[0.35005,52.394638],[0.056336,52.400113],[0.048024,52.220425]]]}},{"type":"Feature","properties":{"name":"E540N0280","e_km":540,"n_km":280},"geometry":{"type":"Polygon","coordinates":[[[0.056336,52.400113],[0.35005,52.394638],[0.359647,52.574285],[0.064736,52.579796],[0.056336,52.400113]]]}},{"type":"Feature","properties":{"name":"E540N0300","e_km":540,"n_km":300},"geometry":{"type":"Polygon","coordinates":[[[0.064736,52.579796],[0.359647,52.574285],[0.369347,52.753925],[0.073225,52.759472],[0.064736,52.579796]]]}},{"type":"Feature","properties":{"name":"E540N0320","e_km":540,"n_km":320},"geometry":{"type":"Polygon","coordinates":[[[0.073225,52.759472],[0.369347,52.753925],[0.379149,52.933559],[0.081805,52.939142],[0.073225,52.759472]]]}},{"type":"Feature","properties":{"name":"E540N0340","e_km":540,"n_km":340},"geometry":{"type":"Polygon","coordinates":[[[0.081805,52.939142],[0.379149,52.933559],[0.389057,53.113186],[0.090476,53.118805],[0.081805,52.939142]]]}},{"type":"Feature","properties":{"name":"E540N0360","e_km":540,"n_km":360},"geometry":{"type":"Polygon","coordinates":[[[0.090476,53.118805],[0.389057,53.113186],[0.399071,53.292806],[0.099241,53.298462],[0.090476,53.118805]]]}},{"type":"Feature","properties":{"name":"E540N0380","e_km":540,"n_km":380},"geometry":{"type":"Polygon","coordinates":[[[0.099241,53.298462],[0.399071,53.292806],[0.409193,53.472419],[0.1081,53.478112],[0.099241,53.298462]]]}},{"type":"Feature","properties":{"name":"E540N0400","e_km":540,"n_km":400},"geometry":{"type":"Polygon","coordinates":[[[0.1081,53.478112],[0.409193,53.472419],[0.419425,53.652026],[0.117056,53.657756],[0.1081,53.478112]]]}},{"type":"Feature","properties":{"name":"E540N0420","e_km":540,"n_km":420},"geometry":{"type":"Polygon","coordinates":[[[0.117056,53.657756],[0.419425,53.652026],[0.429768,53.831625],[0.126108,53.837393],[0.117056,53.657756]]]}},{"type":"Feature","properties":{"name":"E540N0440","e_km":540,"n_km":440},"geometry":{"type":"Polygon","coordinates":[[[0.126108,53.837393],[0.429768,53.831625],[0.440224,54.011218],[0.13526,54.017024],[0.126108,53.837393]]]}},{"type":"Feature","properties":{"name":"E540N0460","e_km":540,"n_km":460},"geometry":{"type":"Polygon","coordinates":[[[0.13526,54.017024],[0.440224,54.011218],[0.450794,54.190805],[0.144512,54.196648],[0.13526,54.017024]]]}},{"type":"Feature","properties":{"name":"E540N0480","e_km":540,"n_km":480},"geometry":{"type":"Polygon","coordinates":[[[0.144512,54.196648],[0.450794,54.190805],[0.46148,54.370384],[0.153865,54.376266],[0.144512,54.196648]]]}},{"type":"Feature","properties":{"name":"E540N0500","e_km":540,"n_km":500},"geometry":{"type":"Polygon","coordinates":[[[0.153865,54.376266],[0.46148,54.370384],[0.472284,54.549956],[0.163322,54.555877],[0.153865,54.376266]]]}},{"type":"Feature","properties":{"name":"E540N0520","e_km":540,"n_km":520},"geometry":{"type":"Polygon","coordinates":[[[0.163322,54.555877],[0.472284,54.549956],[0.483208,54.729522],[0.172883,54.735482],[0.163322,54.555877]]]}},{"type":"Feature","properties":{"name":"E540N0540","e_km":540,"n_km":540},"geometry":{"type":"Polygon","coordinates":[[[0.172883,54.735482],[0.483208,54.729522],[0.494254,54.909081],[0.182551,54.915081],[0.172883,54.735482]]]}},{"type":"Feature","properties":{"name":"E540N0560","e_km":540,"n_km":560},"geometry":{"type":"Polygon","coordinates":[[[0.182551,54.915081],[0.494254,54.909081],[0.505422,55.088633],[0.192326,55.094673],[0.182551,54.915081]]]}},{"type":"Feature","properties":{"name":"E540N0580","e_km":540,"n_km":580},"geometry":{"type":"Polygon","coordinates":[[[0.192326,55.094673],[0.505422,55.088633],[0.516716,55.268178],[0.202212,55.274258],[0.192326,55.094673]]]}},{"type":"Feature","properties":{"name":"E540N0600","e_km":540,"n_km":600},"geometry":{"type":"Polygon","coordinates":[[[0.202212,55.274258],[0.516716,55.268178],[0.528137,55.447716],[0.212208,55.453837],[0.202212,55.274258]]]}},{"type":"Feature","properties":{"name":"E540N0620","e_km":540,"n_km":620},"geometry":{"type":"Polygon","coordinates":[[[0.212208,55.453837],[0.528137,55.447716],[0.539687,55.627248],[0.222318,55.633409],[0.212208,55.453837]]]}},{"type":"Feature","properties":{"name":"E540N0640","e_km":540,"n_km":640},"geometry":{"type":"Polygon","coordinates":[[[0.222318,55.633409],[0.539687,55.627248],[0.551369,55.806772],[0.232543,55.812975],[0.222318,55.633409]]]}},{"type":"Feature","properties":{"name":"E540N0660","e_km":540,"n_km":660},"geometry":{"type":"Polygon","coordinates":[[[0.232543,55.812975],[0.551369,55.806772],[0.563183,55.98629],[0.242884,55.992534],[0.232543,55.812975]]]}},{"type":"Feature","properties":{"name":"E540N0680","e_km":540,"n_km":680},"geometry":{"type":"Polygon","coordinates":[[[0.242884,55.992534],[0.563183,55.98629],[0.575132,56.1658],[0.253343,56.172087],[0.242884,55.992534]]]}},{"type":"Feature","properties":{"name":"E540N0700","e_km":540,"n_km":700},"geometry":{"type":"Polygon","coordinates":[[[0.253343,56.172087],[0.575132,56.1658],[0.587219,56.345304],[0.263923,56.351633],[0.253343,56.172087]]]}},{"type":"Feature","properties":{"name":"E540N0720","e_km":540,"n_km":720},"geometry":{"type":"Polygon","coordinates":[[[0.263923,56.351633],[0.587219,56.345304],[0.599446,56.524801],[0.274625,56.531173],[0.263923,56.351633]]]}},{"type":"Feature","properties":{"name":"E540N0740","e_km":540,"n_km":740},"geometry":{"type":"Polygon","coordinates":[[[0.274625,56.531173],[0.599446,56.524801],[0.611814,56.70429],[0.285451,56.710706],[0.274625,56.531173]]]}},{"type":"Feature","properties":{"name":"E540N0760","e_km":540,"n_km":760},"geometry":{"type":"Polygon","coordinates":[[[0.285451,56.710706],[0.611814,56.70429],[0.624326,56.883773],[0.296403,56.890233],[0.285451,56.710706]]]}},{"type":"Feature","properties":{"name":"E540N0780","e_km":540,"n_km":780},"geometry":{"type":"Polygon","coordinates":[[[0.296403,56.890233],[0.624326,56.883773],[0.636985,57.063249],[0.307483,57.069753],[0.296403,56.890233]]]}},{"type":"Feature","properties":{"name":"E540N0800","e_km":540,"n_km":800},"geometry":{"type":"Polygon","coordinates":[[[0.307483,57.069753],[0.636985,57.063249],[0.649792,57.242718],[0.318694,57.249266],[0.307483,57.069753]]]}},{"type":"Feature","properties":{"name":"E540N0820","e_km":540,"n_km":820},"geometry":{"type":"Polygon","coordinates":[[[0.318694,57.249266],[0.649792,57.242718],[0.662751,57.422179],[0.330037,57.428773],[0.318694,57.249266]]]}},{"type":"Feature","properties":{"name":"E540N0840","e_km":540,"n_km":840},"geometry":{"type":"Polygon","coordinates":[[[0.330037,57.428773],[0.662751,57.422179],[0.675863,57.601634],[0.341514,57.608273],[0.330037,57.428773]]]}},{"type":"Feature","properties":{"name":"E540N0860","e_km":540,"n_km":860},"geometry":{"type":"Polygon","coordinates":[[[0.341514,57.608273],[0.675863,57.601634],[0.689131,57.781082],[0.353129,57.787767],[0.341514,57.608273]]]}},{"type":"Feature","properties":{"name":"E540N0880","e_km":540,"n_km":880},"geometry":{"type":"Polygon","coordinates":[[[0.353129,57.787767],[0.689131,57.781082],[0.702558,57.960522],[0.364882,57.967254],[0.353129,57.787767]]]}},{"type":"Feature","properties":{"name":"E540N0900","e_km":540,"n_km":900},"geometry":{"type":"Polygon","coordinates":[[[0.364882,57.967254],[0.702558,57.960522],[0.716147,58.139956],[0.376777,58.146734],[0.364882,57.967254]]]}},{"type":"Feature","properties":{"name":"E540N0920","e_km":540,"n_km":920},"geometry":{"type":"Polygon","coordinates":[[[0.376777,58.146734],[0.716147,58.139956],[0.729899,58.319382],[0.388815,58.326208],[0.376777,58.146734]]]}},{"type":"Feature","properties":{"name":"E540N0940","e_km":540,"n_km":940},"geometry":{"type":"Polygon","coordinates":[[[0.388815,58.326208],[0.729899,58.319382],[0.743819,58.498801],[0.400999,58.505675],[0.388815,58.326208]]]}},{"type":"Feature","properties":{"name":"E540N0960","e_km":540,"n_km":960},"geometry":{"type":"Polygon","coordinates":[[[0.400999,58.505675],[0.743819,58.498801],[0.757908,58.678213],[0.413333,58.685135],[0.400999,58.505675]]]}},{"type":"Feature","properties":{"name":"E540N0980","e_km":540,"n_km":980},"geometry":{"type":"Polygon","coordinates":[[[0.413333,58.685135],[0.757908,58.678213],[0.77217,58.857618],[0.425817,58.864589],[0.413333,58.685135]]]}},{"type":"Feature","properties":{"name":"E540N1000","e_km":540,"n_km":1000},"geometry":{"type":"Polygon","coordinates":[[[0.425817,58.864589],[0.77217,58.857618],[0.786607,59.037016],[0.438455,59.044036],[0.425817,58.864589]]]}},{"type":"Feature","properties":{"name":"E540N1020","e_km":540,"n_km":1020},"geometry":{"type":"Polygon","coordinates":[[[0.438455,59.044036],[0.786607,59.037016],[0.801223,59.216406],[0.45125,59.223476],[0.438455,59.044036]]]}},{"type":"Feature","properties":{"name":"E540N1040","e_km":540,"n_km":1040},"geometry":{"type":"Polygon","coordinates":[[[0.45125,59.223476],[0.801223,59.216406],[0.816021,59.39579],[0.464203,59.40291],[0.45125,59.223476]]]}},{"type":"Feature","properties":{"name":"E540N1060","e_km":540,"n_km":1060},"geometry":{"type":"Polygon","coordinates":[[[0.464203,59.40291],[0.816021,59.39579],[0.831004,59.575166],[0.477319,59.582337],[0.464203,59.40291]]]}},{"type":"Feature","properties":{"name":"E540N1080","e_km":540,"n_km":1080},"geometry":{"type":"Polygon","coordinates":[[[0.477319,59.582337],[0.831004,59.575166],[0.846175,59.754535],[0.4906,59.761757],[0.477319,59.582337]]]}},{"type":"Feature","properties":{"name":"E540N1100","e_km":540,"n_km":1100},"geometry":{"type":"Polygon","coordinates":[[[0.4906,59.761757],[0.846175,59.754535],[0.861537,59.933896],[0.504048,59.94117],[0.4906,59.761757]]]}},{"type":"Feature","properties":{"name":"E540N1120","e_km":540,"n_km":1120},"geometry":{"type":"Polygon","coordinates":[[[0.504048,59.94117],[0.861537,59.933896],[0.877095,60.11325],[0.517667,60.120577],[0.504048,59.94117]]]}},{"type":"Feature","properties":{"name":"E540N1140","e_km":540,"n_km":1140},"geometry":{"type":"Polygon","coordinates":[[[0.517667,60.120577],[0.877095,60.11325],[0.892851,60.292597],[0.53146,60.299977],[0.517667,60.120577]]]}},{"type":"Feature","properties":{"name":"E540N1160","e_km":540,"n_km":1160},"geometry":{"type":"Polygon","coordinates":[[[0.53146,60.299977],[0.892851,60.292597],[0.908808,60.471936],[0.54543,60.47937],[0.53146,60.299977]]]}},{"type":"Feature","properties":{"name":"E540N1180","e_km":540,"n_km":1180},"geometry":{"type":"Polygon","coordinates":[[[0.54543,60.47937],[0.908808,60.471936],[0.924972,60.651268],[0.55958,60.658756],[0.54543,60.47937]]]}},{"type":"Feature","properties":{"name":"E540N1200","e_km":540,"n_km":1200},"geometry":{"type":"Polygon","coordinates":[[[0.55958,60.658756],[0.924972,60.651268],[0.941345,60.830593],[0.573913,60.838135],[0.55958,60.658756]]]}},{"type":"Feature","properties":{"name":"E540N1220","e_km":540,"n_km":1220},"geometry":{"type":"Polygon","coordinates":[[[0.573913,60.838135],[0.941345,60.830593],[0.957931,61.00991],[0.588433,61.017508],[0.573913,60.838135]]]}},{"type":"Feature","properties":{"name":"E540N1240","e_km":540,"n_km":1240},"geometry":{"type":"Polygon","coordinates":[[[0.588433,61.017508],[0.957931,61.00991],[0.977047,61.189839],[0.605401,61.197501],[0.588433,61.017508]]]}},{"type":"Feature","properties":{"name":"E540N1260","e_km":540,"n_km":1260},"geometry":{"type":"Polygon","coordinates":[[[0.605401,61.197501],[0.977047,61.189839],[0.994089,61.369162],[0.620322,61.376882],[0.605401,61.197501]]]}},{"type":"Feature","properties":{"name":"E540N1280","e_km":540,"n_km":1280},"geometry":{"type":"Polygon","coordinates":[[[0.620322,61.376882],[0.994089,61.369162],[1.011356,61.548478],[0.635441,61.556255],[0.620322,61.376882]]]}},{"type":"Feature","properties":{"name":"E560N0000","e_km":560,"n_km":0},"geometry":{"type":"Polygon","coordinates":[[[0.225649,49.878877],[0.503757,49.873202],[0.5131,50.052907],[0.233956,50.058617],[0.225649,49.878877]]]}},{"type":"Feature","properties":{"name":"E560N0020","e_km":560,"n_km":20},"geometry":{"type":"Polygon","coordinates":[[[0.233956,50.058617],[0.5131,50.052907],[0.522537,50.232604],[0.242348,50.238351],[0.233956,50.058617]]]}},{"type":"Feature","properties":{"name":"E560N0040","e_km":560,"n_km":40},"geometry":{"type":"Polygon","coordinates":[[[0.242348,50.238351],[0.522537,50.232604],[0.532071,50.412295],[0.250825,50.418078],[0.242348,50.238351]]]}},{"type":"Feature","properties":{"name":"E560N0060","e_km":560,"n_km":60},"geometry":{"type":"Polygon","coordinates":[[[0.250825,50.418078],[0.532071,50.412295],[0.541702,50.591979],[0.259388,50.597799],[0.250825,50.418078]]]}},{"type":"Feature","properties":{"name":"E560N0080","e_km":560,"n_km":80},"geometry":{"type":"Polygon","coordinates":[[[0.259388,50.597799],[0.541702,50.591979],[0.551431,50.771655],[0.268039,50.777513],[0.259388,50.597799]]]}},{"type":"Feature","properties":{"name":"E560N0100","e_km":560,"n_km":100},"geometry":{"type":"Polygon","coordinates":[[[0.268039,50.777513],[0.551431,50.771655],[0.561261,50.951325],[0.276779,50.95722],[0.268039,50.777513]]]}},{"type":"Feature","properties":{"name":"E560N0120","e_km":560,"n_km":120},"geometry":{"type":"Polygon","coordinates":[[[0.276779,50.95722],[0.561261,50.951325],[0.571192,51.130988],[0.28561,51.136921],[0.276779,50.95722]]]}},{"type":"Feature","properties":{"name":"E560N0140","e_km":560,"n_km":140},"geometry":{"type":"Polygon","coordinates":[[[0.28561,51.136921],[0.571192,51.130988],[0.581225,51.310644],[0.294531,51.316615],[0.28561,51.136921]]]}},{"type":"Feature","properties":{"name":"E560N0160","e_km":560,"n_km":160},"geometry":{"type":"Polygon","coordinates":[[[0.294531,51.316615],[0.581225,51.310644],[0.591363,51.490293],[0.303545,51.496302],[0.294531,51.316615]]]}},{"type":"Feature","properties":{"name":"E560N0180","e_km":560,"n_km":180},"geometry":{"type":"Polygon","coordinates":[[[0.303545,51.496302],[0.591363,51.490293],[0.601606,51.669935],[0.312653,51.675982],[0.303545,51.496302]]]}},{"type":"Feature","properties":{"name":"E560N0200","e_km":560,"n_km":200},"geometry":{"type":"Polygon","coordinates":[[[0.312653,51.675982],[0.601606,51.669935],[0.611956,51.84957],[0.321856,51.855656],[0.312653,51.675982]]]}},{"type":"Feature","properties":{"name":"E560N0220","e_km":560,"n_km":220},"geometry":{"type":"Polygon","coordinates":[[[0.321856,51.855656],[0.611956,51.84957],[0.622415,52.029198],[0.331156,52.035324],[0.321856,51.855656]]]}},{"type":"Feature","properties":{"name":"E560N0240","e_km":560,"n_km":240},"geometry":{"type":"Polygon","coordinates":[[[0.331156,52.035324],[0.622415,52.029198],[0.632984,52.208819],[0.340553,52.214984],[0.331156,52.035324]]]}},{"type":"Feature","properties":{"name":"E560N0260","e_km":560,"n_km":260},"geometry":{"type":"Polygon","coordinates":[[[0.340553,52.214984],[0.632984,52.208819],[0.643664,52.388433],[0.35005,52.394638],[0.340553,52.214984]]]}},{"type":"Feature","properties":{"name":"E560N0280","e_km":560,"n_km":280},"geometry":{"type":"Polygon","coordinates":[[[0.35005,52.394638],[0.643664,52.388433],[0.654457,52.56804],[0.359647,52.574285],[0.35005,52.394638]]]}},{"type":"Feature","properties":{"name":"E560N0300","e_km":560,"n_km":300},"geometry":{"type":"Polygon","coordinates":[[[0.359647,52.574285],[0.654457,52.56804],[0.665365,52.74764],[0.369347,52.753925],[0.359647,52.574285]]]}},{"type":"Feature","properties":{"name":"E560N0320","e_km":560,"n_km":320},"geometry":{"type":"Polygon","coordinates":[[[0.369347,52.753925],[0.665365,52.74764],[0.676389,52.927233],[0.379149,52.933559],[0.369347,52.753925]]]}},{"type":"Feature","properties":{"name":"E560N0340","e_km":560,"n_km":340},"geometry":{"type":"Polygon","coordinates":[[[0.379149,52.933559],[0.676389,52.927233],[0.687531,53.106819],[0.389057,53.113186],[0.379149,52.933559]]]}},{"type":"Feature","properties":{"name":"E560N0360","e_km":560,"n_km":360},"geometry":{"type":"Polygon","coordinates":[[[0.389057,53.113186],[0.687531,53.106819],[0.698793,53.286397],[0.399071,53.292806],[0.389057,53.113186]]]}},{"type":"Feature","properties":{"name":"E560N0380","e_km":560,"n_km":380},"geometry":{"type":"Polygon","coordinates":[[[0.399071,53.292806],[0.698793,53.286397],[0.710177,53.465969],[0.409193,53.472419],[0.399071,53.292806]]]}},{"type":"Feature","properties":{"name":"E560N0400","e_km":560,"n_km":400},"geometry":{"type":"Polygon","coordinates":[[[0.409193,53.472419],[0.710177,53.465969],[0.721683,53.645533],[0.419425,53.652026],[0.409193,53.472419]]]}},{"type":"Feature","properties":{"name":"E560N0420","e_km":560,"n_km":420},"geometry":{"type":"Polygon","coordinates":[[[0.419425,53.652026],[0.721683,53.645533],[0.733315,53.82509],[0.429768,53.831625],[0.419425,53.652026]]]}},{"type":"Feature","properties":{"name":"E560N0440","e_km":560,"n_km":440},"geometry":{"type":"Polygon","coordinates":[[[0.429768,53.831625],[0.733315,53.82509],[0.745073,54.00464],[0.440224,54.011218],[0.429768,53.831625]]]}},{"type":"Feature","properties":{"name":"E560N0460","e_km":560,"n_km":460},"geometry":{"type":"Polygon","coordinates":[[[0.440224,54.011218],[0.745073,54.00464],[0.75696,54.184183],[0.450794,54.190805],[0.440224,54.011218]]]}},{"type":"Feature","properties":{"name":"E560N0480","e_km":560,"n_km":480},"geometry":{"type":"Polygon","coordinates":[[[0.450794,54.190805],[0.75696,54.184183],[0.768977,54.363719],[0.46148,54.370384],[0.450794,54.190805]]]}},{"type":"Feature","properties":{"name":"E560N0500","e_km":560,"n_km":500},"geometry":{"type":"Polygon","coordinates":[[[0.46148,54.370384],[0.768977,54.363719],[0.781127,54.543247],[0.472284,54.549956],[0.46148,54.370384]]]}},{"type":"Feature","properties":{"name":"E560N0520","e_km":560,"n_km":520},"geometry":{"type":"Polygon","coordinates":[[[0.472284,54.549956],[0.781127,54.543247],[0.793412,54.722769],[0.483208,54.729522],[0.472284,54.549956]]]}},{"type":"Feature","properties":{"name":"E560N0540","e_km":560,"n_km":540},"geometry":{"type":"Polygon","coordinates":[[[0.483208,54.729522],[0.793412,54.722769],[0.805833,54.902283],[0.494254,54.909081],[0.483208,54.729522]]]}},{"type":"Feature","properties":{"name":"E560N0560","e_km":560,"n_km":560},"geometry":{"type":"Polygon","coordinates":[[[0.494254,54.909081],[0.805833,54.902283],[0.818393,55.081789],[0.505422,55.088633],[0.494254,54.909081]]]}},{"type":"Feature","properties":{"name":"E560N0580","e_km":560,"n_km":580},"geometry":{"type":"Polygon","coordinates":[[[0.505422,55.088633],[0.818393,55.081789],[0.831093,55.261289],[0.516716,55.268178],[0.505422,55.088633]]]}},{"type":"Feature","properties":{"name":"E560N0600","e_km":560,"n_km":600},"geometry":{"type":"Polygon","coordinates":[[[0.516716,55.268178],[0.831093,55.261289],[0.843937,55.440781],[0.528137,55.447716],[0.516716,55.268178]]]}},{"type":"Feature","properties":{"name":"E560N0620","e_km":560,"n_km":620},"geometry":{"type":"Polygon","coordinates":[[[0.528137,55.447716],[0.843937,55.440781],[0.856925,55.620266],[0.539687,55.627248],[0.528137,55.447716]]]}},{"type":"Feature","properties":{"name":"E560N0640","e_km":560,"n_km":640},"geometry":{"type":"Polygon","coordinates":[[[0.539687,55.627248],[0.856925,55.620266],[0.870061,55.799744],[0.551369,55.806772],[0.539687,55.627248]]]}},{"type":"Feature","properties":{"name":"E560N0660","e_km":560,"n_km":660},"geometry":{"type":"Polygon","coordinates":[[[0.551369,55.806772],[0.870061,55.799744],[0.883347,55.979214],[0.563183,55.98629],[0.551369,55.806772]]]}},{"type":"Feature","properties":{"name":"E560N0680","e_km":560,"n_km":680},"geometry":{"type":"Polygon","coordinates":[[[0.563183,55.98629],[0.883347,55.979214],[0.896784,56.158677],[0.575132,56.1658],[0.563183,55.98629]]]}},{"type":"Feature","properties":{"name":"E560N0700","e_km":560,"n_km":700},"geometry":{"type":"Polygon","coordinates":[[[0.575132,56.1658],[0.896784,56.158677],[0.910376,56.338132],[0.587219,56.345304],[0.575132,56.1658]]]}},{"type":"Feature","properties":{"name":"E560N0720","e_km":560,"n_km":720},"geometry":{"type":"Polygon","coordinates":[[[0.587219,56.345304],[0.910376,56.338132],[0.924125,56.51758],[0.599446,56.524801],[0.587219,56.345304]]]}},{"type":"Feature","properties":{"name":"E560N0740","e_km":560,"n_km":740},"geometry":{"type":"Polygon","coordinates":[[[0.599446,56.524801],[0.924125,56.51758],[0.938033,56.697021],[0.611814,56.70429],[0.599446,56.524801]]]}},{"type":"Feature","properties":{"name":"E560N0760","e_km":560,"n_km":760},"geometry":{"type":"Polygon","coordinates":[[[0.611814,56.70429],[0.938033,56.697021],[0.952103,56.876454],[0.624326,56.883773],[0.611814,56.70429]]]}},{"type":"Feature","properties":{"name":"E560N0780","e_km":560,"n_km":780},"geometry":{"type":"Polygon","coordinates":[[[0.624326,56.883773],[0.952103,56.876454],[0.966338,57.05588],[0.636985,57.063249],[0.624326,56.883773]]]}},{"type":"Feature","properties":{"name":"E560N0800","e_km":560,"n_km":800},"geometry":{"type":"Polygon","coordinates":[[[0.636985,57.063249],[0.966338,57.05588],[0.980739,57.235298],[0.649792,57.242718],[0.636985,57.063249]]]}},{"type":"Feature","properties":{"name":"E560N0820","e_km":560,"n_km":820},"geometry":{"type":"Polygon","coordinates":[[[0.649792,57.242718],[0.980739,57.235298],[0.995311,57.414709],[0.662751,57.422179],[0.649792,57.242718]]]}},{"type":"Feature","properties":{"name":"E560N0840","e_km":560,"n_km":840},"geometry":{"type":"Polygon","coordinates":[[[0.662751,57.422179],[0.995311,57.414709],[1.010055,57.594112],[0.675863,57.601634],[0.662751,57.422179]]]}},{"type":"Feature","properties":{"name":"E560N0860","e_km":560,"n_km":860},"geometry":{"type":"Polygon","coordinates":[[[0.675863,57.601634],[1.010055,57.594112],[1.024975,57.773507],[0.689131,57.781082],[0.675863,57.601634]]]}},{"type":"Feature","properties":{"name":"E560N0880","e_km":560,"n_km":880},"geometry":{"type":"Polygon","coordinates":[[[0.689131,57.781082],[1.024975,57.773507],[1.040073,57.952895],[0.702558,57.960522],[0.689131,57.781082]]]}},{"type":"Feature","properties":{"name":"E560N0900","e_km":560,"n_km":900},"geometry":{"type":"Polygon","coordinates":[[[0.702558,57.960522],[1.040073,57.952895],[1.055352,58.132276],[0.716147,58.139956],[0.702558,57.960522]]]}},{"type":"Feature","properties":{"name":"E560N0920","e_km":560,"n_km":920},"geometry":{"type":"Polygon","coordinates":[[[0.716147,58.139956],[1.055352,58.132276],[1.070816,58.311648],[0.729899,58.319382],[0.716147,58.139956]]]}},{"type":"Feature","properties":{"name":"E560N0940","e_km":560,"n_km":940},"geometry":{"type":"Polygon","coordinates":[[[0.729899,58.319382],[1.070816,58.311648],[1.086468,58.491013],[0.743819,58.498801],[0.729899,58.319382]]]}},{"type":"Feature","properties":{"name":"E560N0960","e_km":560,"n_km":960},"geometry":{"type":"Polygon","coordinates":[[[0.743819,58.498801],[1.086468,58.491013],[1.10231,58.670371],[0.757908,58.678213],[0.743819,58.498801]]]}},{"type":"Feature","properties":{"name":"E560N0980","e_km":560,"n_km":980},"geometry":{"type":"Polygon","coordinates":[[[0.757908,58.678213],[1.10231,58.670371],[1.118347,58.84972],[0.77217,58.857618],[0.757908,58.678213]]]}},{"type":"Feature","properties":{"name":"E560N1000","e_km":560,"n_km":1000},"geometry":{"type":"Polygon","coordinates":[[[0.77217,58.857618],[1.118347,58.84972],[1.134581,59.029062],[0.786607,59.037016],[0.77217,58.857618]]]}},{"type":"Feature","properties":{"name":"E560N1020","e_km":560,"n_km":1020},"geometry":{"type":"Polygon","coordinates":[[[0.786607,59.037016],[1.134581,59.029062],[1.151015,59.208396],[0.801223,59.216406],[0.786607,59.037016]]]}},{"type":"Feature","properties":{"name":"E560N1040","e_km":560,"n_km":1040},"geometry":{"type":"Polygon","coordinates":[[[0.801223,59.216406],[1.151015,59.208396],[1.167654,59.387723],[0.816021,59.39579],[0.801223,59.216406]]]}},{"type":"Feature","properties":{"name":"E560N1060","e_km":560,"n_km":1060},"geometry":{"type":"Polygon","coordinates":[[[0.816021,59.39579],[1.167654,59.387723],[1.1845,59.567041],[0.831004,59.575166],[0.816021,59.39579]]]}},{"type":"Feature","properties":{"name":"E560N1080","e_km":560,"n_km":1080},"geometry":{"type":"Polygon","coordinates":[[[0.831004,59.575166],[1.1845,59.567041],[1.201558,59.746352],[0.846175,59.754535],[0.831004,59.575166]]]}},{"type":"Feature","properties":{"name":"E560N1100","e_km":560,"n_km":1100},"geometry":{"type":"Polygon","coordinates":[[[0.846175,59.754535],[1.201558,59.746352],[1.218832,59.925654],[0.861537,59.933896],[0.846175,59.754535]]]}},{"type":"Feature","properties":{"name":"E560N1120","e_km":560,"n_km":1120},"geometry":{"type":"Polygon","coordinates":[[[0.861537,59.933896],[1.218832,59.925654],[1.236324,60.104949],[0.877095,60.11325],[0.861537,59.933896]]]}},{"type":"Feature","properties":{"name":"E560N1140","e_km":560,"n_km":1140},"geometry":{"type":"Polygon","coordinates":[[[0.877095,60.11325],[1.236324,60.104949],[1.254039,60.284235],[0.892851,60.292597],[0.877095,60.11325]]]}},{"type":"Feature","properties":{"name":"E560N1160","e_km":560,"n_km":1160},"geometry":{"type":"Polygon","coordinates":[[[0.892851,60.292597],[1.254039,60.284235],[1.271982,60.463514],[0.908808,60.471936],[0.892851,60.292597]]]}},{"type":"Feature","properties":{"name":"E560N1180","e_km":560,"n_km":1180},"geometry":{"type":"Polygon","coordinates":[[[0.908808,60.471936],[1.271982,60.463514],[1.290155,60.642784],[0.924972,60.651268],[0.908808,60.471936]]]}},{"type":"Feature","properties":{"name":"E560N1200","e_km":560,"n_km":1200},"geometry":{"type":"Polygon","coordinates":[[[0.924972,60.651268],[1.290155,60.642784],[1.308564,60.822047],[0.941345,60.830593],[0.924972,60.651268]]]}},{"type":"Feature","properties":{"name":"E560N1220","e_km":560,"n_km":1220},"geometry":{"type":"Polygon","coordinates":[[[0.941345,60.830593],[1.308564,60.822047],[1.327212,61.001301],[0.957931,61.00991],[0.941345,60.830593]]]}},{"type":"Feature","properties":{"name":"E560N1240","e_km":560,"n_km":1240},"geometry":{"type":"Polygon","coordinates":[[[0.957931,61.00991],[1.327212,61.001301],[1.34847,61.181158],[0.977047,61.189839],[0.957931,61.00991]]]}},{"type":"Feature","properties":{"name":"E560N1260","e_km":560,"n_km":1260},"geometry":{"type":"Polygon","coordinates":[[[0.977047,61.189839],[1.34847,61.181158],[1.367629,61.360417],[0.994089,61.369162],[0.977047,61.189839]]]}},{"type":"Feature","properties":{"name":"E560N1280","e_km":560,"n_km":1280},"geometry":{"type":"Polygon","coordinates":[[[0.994089,61.369162],[1.367629,61.360417],[1.387042,61.539668],[1.011356,61.548478],[0.994089,61.369162]]]}},{"type":"Feature","properties":{"name":"E580N0000","e_km":580,"n_km":0},"geometry":{"type":"Polygon","coordinates":[[[0.503757,49.873202],[0.781771,49.866861],[0.792148,50.046526],[0.5131,50.052907],[0.503757,49.873202]]]}},{"type":"Feature","properties":{"name":"E580N0020","e_km":580,"n_km":20},"geometry":{"type":"Polygon","coordinates":[[[0.5131,50.052907],[0.792148,50.046526],[0.802631,50.226183],[0.522537,50.232604],[0.5131,50.052907]]]}},{"type":"Feature","properties":{"name":"E580N0040","e_km":580,"n_km":40},"geometry":{"type":"Polygon","coordinates":[[[0.522537,50.232604],[0.802631,50.226183],[0.81322,50.405832],[0.532071,50.412295],[0.522537,50.232604]]]}},{"type":"Feature","properties":{"name":"E580N0060","e_km":580,"n_km":60},"geometry":{"type":"Polygon","coordinates":[[[0.532071,50.412295],[0.81322,50.405832],[0.823917,50.585475],[0.541702,50.591979],[0.532071,50.412295]]]}},{"type":"Feature","properties":{"name":"E580N0080","e_km":580,"n_km":80},"geometry":{"type":"Polygon","coordinates":[[[0.541702,50.591979],[0.823917,50.585475],[0.834724,50.76511],[0.551431,50.771655],[0.541702,50.591979]]]}},{"type":"Feature","properties":{"name":"E580N0100","e_km":580,"n_km":100},"geometry":{"type":"Polygon","coordinates":[[[0.551431,50.771655],[0.834724,50.76511],[0.845641,50.944738],[0.561261,50.951325],[0.551431,50.771655]]]}},{"type":"Feature","properties":{"name":"E580N0120","e_km":580,"n_km":120},"geometry":{"type":"Polygon","coordinates":[[[0.561261,50.951325],[0.845641,50.944738],[0.856672,51.124359],[0.571192,51.130988],[0.561261,50.951325]]]}},{"type":"Feature","properties":{"name":"E580N0140","e_km":580,"n_km":140},"geometry":{"type":"Polygon","coordinates":[[[0.571192,51.130988],[0.856672,51.124359],[0.867816,51.303973],[0.581225,51.310644],[0.571192,51.130988]]]}},{"type":"Feature","properties":{"name":"E580N0160","e_km":580,"n_km":160},"geometry":{"type":"Polygon","coordinates":[[[0.581225,51.310644],[0.867816,51.303973],[0.879075,51.483579],[0.591363,51.490293],[0.581225,51.310644]]]}},{"type":"Feature","properties":{"name":"E580N0180","e_km":580,"n_km":180},"geometry":{"type":"Polygon","coordinates":[[[0.591363,51.490293],[0.879075,51.483579],[0.890452,51.663178],[0.601606,51.669935],[0.591363,51.490293]]]}},{"type":"Feature","properties":{"name":"E580N0200","e_km":580,"n_km":200},"geometry":{"type":"Polygon","coordinates":[[[0.601606,51.669935],[0.890452,51.663178],[0.901948,51.84277],[0.611956,51.84957],[0.601606,51.669935]]]}},{"type":"Feature","properties":{"name":"E580N0220","e_km":580,"n_km":220},"geometry":{"type":"Polygon","coordinates":[[[0.611956,51.84957],[0.901948,51.84277],[0.913564,52.022354],[0.622415,52.029198],[0.611956,51.84957]]]}},{"type":"Feature","properties":{"name":"E580N0240","e_km":580,"n_km":240},"geometry":{"type":"Polygon","coordinates":[[[0.622415,52.029198],[0.913564,52.022354],[0.925302,52.201931],[0.632984,52.208819],[0.622415,52.029198]]]}},{"type":"Feature","properties":{"name":"E580N0260","e_km":580,"n_km":260},"geometry":{"type":"Polygon","coordinates":[[[0.632984,52.208819],[0.925302,52.201931],[0.937164,52.3815],[0.643664,52.388433],[0.632984,52.208819]]]}},{"type":"Feature","properties":{"name":"E580N0280","e_km":580,"n_km":280},"geometry":{"type":"Polygon","coordinates":[[[0.643664,52.388433],[0.937164,52.3815],[0.949152,52.561062],[0.654457,52.56804],[0.643664,52.388433]]]}},{"type":"Feature","properties":{"name":"E580N0300","e_km":580,"n_km":300},"geometry":{"type":"Polygon","coordinates":[[[0.654457,52.56804],[0.949152,52.561062],[0.961267,52.740617],[0.665365,52.74764],[0.654457,52.56804]]]}},{"type":"Feature","properties":{"name":"E580N0320","e_km":580,"n_km":320},"geometry":{"type":"Polygon","coordinates":[[[0.665365,52.74764],[0.961267,52.740617],[0.973511,52.920164],[0.676389,52.927233],[0.665365,52.74764]]]}},{"type":"Feature","properties":{"name":"E580N0340","e_km":580,"n_km":340},"geometry":{"type":"Polygon","coordinates":[[[0.676389,52.927233],[0.973511,52.920164],[0.985886,53.099704],[0.687531,53.106819],[0.676389,52.927233]]]}},{"type":"Feature","properties":{"name":"E580N0360","e_km":580,"n_km":360},"geometry":{"type":"Polygon","coordinates":[[[0.687531,53.106819],[0.985886,53.099704],[0.998394,53.279236],[0.698793,53.286397],[0.687531,53.106819]]]}},{"type":"Feature","properties":{"name":"E580N0380","e_km":580,"n_km":380},"geometry":{"type":"Polygon","coordinates":[[[0.698793,53.286397],[0.998394,53.279236],[1.011037,53.458761],[0.710177,53.465969],[0.698793,53.286397]]]}},{"type":"Feature","properties":{"name":"E580N0400","e_km":580,"n_km":400},"geometry":{"type":"Polygon","coordinates":[[[0.710177,53.465969],[1.011037,53.458761],[1.023816,53.638278],[0.721683,53.645533],[0.710177,53.465969]]]}},{"type":"Feature","properties":{"name":"E580N0420","e_km":580,"n_km":420},"geometry":{"type":"Polygon","coordinates":[[[0.721683,53.645533],[1.023816,53.638278],[1.036734,53.817788],[0.733315,53.82509],[0.721683,53.645533]]]}},{"type":"Feature","properties":{"name":"E580N0440","e_km":580,"n_km":440},"geometry":{"type":"Polygon","coordinates":[[[0.733315,53.82509],[1.036734,53.817788],[1.049793,53.99729],[0.745073,54.00464],[0.733315,53.82509]]]}},{"type":"Feature","properties":{"name":"E580N0460","e_km":580,"n_km":460},"geometry":{"type":"Polygon","coordinates":[[[0.745073,54.00464],[1.049793,53.99729],[1.062995,54.176784],[0.75696,54.184183],[0.745073,54.00464]]]}},{"type":"Feature","properties":{"name":"E580N0480","e_km":580,"n_km":480},"geometry":{"type":"Polygon","coordinates":[[[0.75696,54.184183],[1.062995,54.176784],[1.076342,54.356271],[0.768977,54.363719],[0.75696,54.184183]]]}},{"type":"Feature","properties":{"name":"E580N0500","e_km":580,"n_km":500},"geometry":{"type":"Polygon","coordinates":[[[0.768977,54.363719],[1.076342,54.356271],[1.089836,54.535751],[0.781127,54.543247],[0.768977,54.363719]]]}},{"type":"Feature","properties":{"name":"E580N0520","e_km":580,"n_km":520},"geometry":{"type":"Polygon","coordinates":[[[0.781127,54.543247],[1.089836,54.535751],[1.103479,54.715222],[0.793412,54.722769],[0.781127,54.543247]]]}},{"type":"Feature","properties":{"name":"E580N0540","e_km":580,"n_km":540},"geometry":{"type":"Polygon","coordinates":[[[0.793412,54.722769],[1.103479,54.715222],[1.117274,54.894686],[0.805833,54.902283],[0.793412,54.722769]]]}},{"type":"Feature","properties":{"name":"E580N0560","e_km":580,"n_km":560},"geometry":{"type":"Polygon","coordinates":[[[0.805833,54.902283],[1.117274,54.894686],[1.131223,55.074143],[0.818393,55.081789],[0.805833,54.902283]]]}},{"type":"Feature","properties":{"name":"E580N0580","e_km":580,"n_km":580},"geometry":{"type":"Polygon","coordinates":[[[0.818393,55.081789],[1.131223,55.074143],[1.145328,55.253591],[0.831093,55.261289],[0.818393,55.081789]]]}},{"type":"Feature","properties":{"name":"E580N0600","e_km":580,"n_km":600},"geometry":{"type":"Polygon","coordinates":[[[0.831093,55.261289],[1.145328,55.253591],[1.159591,55.433032],[0.843937,55.440781],[0.831093,55.261289]]]}},{"type":"Feature","properties":{"name":"E580N0620","e_km":580,"n_km":620},"geometry":{"type":"Polygon","coordinates":[[[0.843937,55.440781],[1.159591,55.433032],[1.174016,55.612465],[0.856925,55.620266],[0.843937,55.440781]]]}},{"type":"Feature","properties":{"name":"E580N0640","e_km":580,"n_km":640},"geometry":{"type":"Polygon","coordinates":[[[0.856925,55.620266],[1.174016,55.612465],[1.188604,55.79189],[0.870061,55.799744],[0.856925,55.620266]]]}},{"type":"Feature","properties":{"name":"E580N0660","e_km":580,"n_km":660},"geometry":{"type":"Polygon","coordinates":[[[0.870061,55.799744],[1.188604,55.79189],[1.203359,55.971307],[0.883347,55.979214],[0.870061,55.799744]]]}},{"type":"Feature","properties":{"name":"E580N0680","e_km":580,"n_km":680},"geometry":{"type":"Polygon","coordinates":[[[0.883347,55.979214],[1.203359,55.971307],[1.218282,56.150717],[0.896784,56.158677],[0.883347,55.979214]]]}},{"type":"Feature","properties":{"name":"E580N0700","e_km":580,"n_km":700},"geometry":{"type":"Polygon","coordinates":[[[0.896784,56.158677],[1.218282,56.150717],[1.233376,56.330119],[0.910376,56.338132],[0.896784,56.158677]]]}},{"type":"Feature","properties":{"name":"E580N0720","e_km":580,"n_km":720},"geometry":{"type":"Polygon","coordinates":[[[0.910376,56.338132],[1.233376,56.330119],[1.248645,56.509512],[0.924125,56.51758],[0.910376,56.338132]]]}},{"type":"Feature","properties":{"name":"E580N0740","e_km":580,"n_km":740},"geometry":{"type":"Polygon","coordinates":[[[0.924125,56.51758],[1.248645,56.509512],[1.26409,56.688898],[0.938033,56.697021],[0.924125,56.51758]]]}},{"type":"Feature","properties":{"name":"E580N0760","e_km":580,"n_km":760},"geometry":{"type":"Polygon","coordinates":[[[0.938033,56.697021],[1.26409,56.688898],[1.279715,56.868276],[0.952103,56.876454],[0.938033,56.697021]]]}},{"type":"Feature","properties":{"name":"E580N0780","e_km":580,"n_km":780},"geometry":{"type":"Polygon","coordinates":[[[0.952103,56.876454],[1.279715,56.868276],[1.295523,57.047646],[0.966338,57.05588],[0.952103,56.876454]]]}},{"type":"Feature","properties":{"name":"E580N0800","e_km":580,"n_km":800},"geometry":{"type":"Polygon","coordinates":[[[0.966338,57.05588],[1.295523,57.047646],[1.311516,57.227008],[0.980739,57.235298],[0.966338,57.05588]]]}},{"type":"Feature","properties":{"name":"E580N0820","e_km":580,"n_km":820},"geometry":{"type":"Polygon","coordinates":[[[0.980739,57.235298],[1.311516,57.227008],[1.327698,57.406361],[0.995311,57.414709],[0.980739,57.235298]]]}},{"type":"Feature","properties":{"name":"E580N0840","e_km":580,"n_km":840},"geometry":{"type":"Polygon","coordinates":[[[0.995311,57.414709],[1.327698,57.406361],[1.344072,57.585707],[1.010055,57.594112],[0.995311,57.414709]]]}},{"type":"Feature","properties":{"name":"E580N0860","e_km":580,"n_km":860},"geometry":{"type":"Polygon","coordinates":[[[1.010055,57.594112],[1.344072,57.585707],[1.36064,57.765044],[1.024975,57.773507],[1.010055,57.594112]]]}},{"type":"Feature","properties":{"name":"E580N0880","e_km":580,"n_km":880},"geometry":{"type":"Polygon","coordinates":[[[1.024975,57.773507],[1.36064,57.765044],[1.377406,57.944374],[1.040073,57.952895],[1.024975,57.773507]]]}},{"type":"Feature","properties":{"name":"E580N0900","e_km":580,"n_km":900},"geometry":{"type":"Polygon","coordinates":[[[1.040073,57.952895],[1.377406,57.944374],[1.394374,58.123695],[1.055352,58.132276],[1.040073,57.952895]]]}},{"type":"Feature","properties":{"name":"E580N0920","e_km":580,"n_km":920},"geometry":{"type":"Polygon","coordinates":[[[1.055352,58.132276],[1.394374,58.123695],[1.411546,58.303008],[1.070816,58.311648],[1.055352,58.132276]]]}},{"type":"Feature","properties":{"name":"E580N0940","e_km":580,"n_km":940},"geometry":{"type":"Polygon","coordinates":[[[1.070816,58.311648],[1.411546,58.303008],[1.428927,58.482312],[1.086468,58.491013],[1.070816,58.311648]]]}},{"type":"Feature","properties":{"name":"E580N0960","e_km":580,"n_km":960},"geometry":{"type":"Polygon","coordinates":[[[1.086468,58.491013],[1.428927,58.482312],[1.446519,58.661608],[1.10231,58.670371],[1.086468,58.491013]]]}},{"type":"Feature","properties":{"name":"E580N0980","e_km":580,"n_km":980},"geometry":{"type":"Polygon","coordinates":[[[1.10231,58.670371],[1.446519,58.661608],[1.464327,58.840896],[1.118347,58.84972],[1.10231,58.670371]]]}},{"type":"Feature","properties":{"name":"E580N1000","e_km":580,"n_km":1000},"geometry":{"type":"Polygon","coordinates":[[[1.118347,58.84972],[1.464327,58.840896],[1.482353,59.020176],[1.134581,59.029062],[1.118347,58.84972]]]}},{"type":"Feature","properties":{"name":"E580N1020","e_km":580,"n_km":1020},"geometry":{"type":"Polygon","coordinates":[[[1.134581,59.029062],[1.482353,59.020176],[1.500603,59.199447],[1.151015,59.208396],[1.134581,59.029062]]]}},{"type":"Feature","properties":{"name":"E580N1040","e_km":580,"n_km":1040},"geometry":{"type":"Polygon","coordinates":[[[1.151015,59.208396],[1.500603,59.199447],[1.519079,59.378709],[1.167654,59.387723],[1.151015,59.208396]]]}},{"type":"Feature","properties":{"name":"E580N1060","e_km":580,"n_km":1060},"geometry":{"type":"Polygon","coordinates":[[[1.167654,59.387723],[1.519079,59.378709],[1.537785,59.557963],[1.1845,59.567041],[1.167654,59.387723]]]}},{"type":"Feature","properties":{"name":"E580N1080","e_km":580,"n_km":1080},"geometry":{"type":"Polygon","coordinates":[[[1.1845,59.567041],[1.537785,59.557963],[1.556727,59.737209],[1.201558,59.746352],[1.1845,59.567041]]]}},{"type":"Feature","properties":{"name":"E580N1100","e_km":580,"n_km":1100},"geometry":{"type":"Polygon","coordinates":[[[1.201558,59.746352],[1.556727,59.737209],[1.575907,59.916446],[1.218832,59.925654],[1.201558,59.746352]]]}},{"type":"Feature","properties":{"name":"E580N1120","e_km":580,"n_km":1120},"geometry":{"type":"Polygon","coordinates":[[[1.218832,59.925654],[1.575907,59.916446],[1.59533,60.095674],[1.236324,60.104949],[1.218832,59.925654]]]}},{"type":"Feature","properties":{"name":"E580N1140","e_km":580,"n_km":1140},"geometry":{"type":"Polygon","coordinates":[[[1.236324,60.104949],[1.59533,60.095674],[1.615001,60.274893],[1.254039,60.284235],[1.236324,60.104949]]]}},{"type":"Feature","properties":{"name":"E580N1160","e_km":580,"n_km":1160},"geometry":{"type":"Polygon","coordinates":[[[1.254039,60.284235],[1.615001,60.274893],[1.634924,60.454104],[1.271982,60.463514],[1.254039,60.284235]]]}},{"type":"Feature","properties":{"name":"E580N1180","e_km":580,"n_km":1180},"geometry":{"type":"Polygon","coordinates":[[[1.271982,60.463514],[1.634924,60.454104],[1.655103,60.633306],[1.290155,60.642784],[1.271982,60.463514]]]}},{"type":"Feature","properties":{"name":"E580N1200","e_km":580,"n_km":1200},"geometry":{"type":"Polygon","coordinates":[[[1.290155,60.642784],[1.655103,60.633306],[1.675543,60.812499],[1.308564,60.822047],[1.290155,60.642784]]]}},{"type":"Feature","properties":{"name":"E580N1220","e_km":580,"n_km":1220},"geometry":{"type":"Polygon","coordinates":[[[1.308564,60.822047],[1.675543,60.812499],[1.696249,60.991683],[1.327212,61.001301],[1.308564,60.822047]]]}},{"type":"Feature","properties":{"name":"E580N1240","e_km":580,"n_km":1240},"geometry":{"type":"Polygon","coordinates":[[[1.327212,61.001301],[1.696249,60.991683],[1.719645,61.171461],[1.34847,61.181158],[1.327212,61.001301]]]}},{"type":"Feature","properties":{"name":"E580N1260","e_km":580,"n_km":1260},"geometry":{"type":"Polygon","coordinates":[[[1.34847,61.181158],[1.719645,61.171461],[1.740916,61.350648],[1.367629,61.360417],[1.34847,61.181158]]]}},{"type":"Feature","properties":{"name":"E580N1280","e_km":580,"n_km":1280},"geometry":{"type":"Polygon","coordinates":[[[1.367629,61.360417],[1.740916,61.350648],[1.762469,61.529826],[1.387042,61.539668],[1.367629,61.360417]]]}},{"type":"Feature","properties":{"name":"E600N0000","e_km":600,"n_km":0},"geometry":{"type":"Polygon","coordinates":[[[0.781771,49.866861],[1.059682,49.859855],[1.071092,50.039475],[0.792148,50.046526],[0.781771,49.866861]]]}},{"type":"Feature","properties":{"name":"E600N0020","e_km":600,"n_km":20},"geometry":{"type":"Polygon","coordinates":[[[0.792148,50.046526],[1.071092,50.039475],[1.082618,50.219087],[0.802631,50.226183],[0.792148,50.046526]]]}},{"type":"Feature","properties":{"name":"E600N0040","e_km":600,"n_km":40},"geometry":{"type":"Polygon","coordinates":[[[0.802631,50.226183],[1.082618,50.219087],[1.094261,50.398692],[0.81322,50.405832],[0.802631,50.226183]]]}},{"type":"Feature","properties":{"name":"E600N0060","e_km":600,"n_km":60},"geometry":{"type":"Polygon","coordinates":[[[0.81322,50.405832],[1.094261,50.398692],[1.106023,50.578289],[0.823917,50.585475],[0.81322,50.405832]]]}},{"type":"Feature","properties":{"name":"E600N0080","e_km":600,"n_km":80},"geometry":{"type":"Polygon","coordinates":[[[0.823917,50.585475],[1.106023,50.578289],[1.117905,50.757878],[0.834724,50.76511],[0.823917,50.585475]]]}},{"type":"Feature","properties":{"name":"E600N0100","e_km":600,"n_km":100},"geometry":{"type":"Polygon","coordinates":[[[0.834724,50.76511],[1.117905,50.757878],[1.129909,50.93746],[0.845641,50.944738],[0.834724,50.76511]]]}},{"type":"Feature","properties":{"name":"E600N0120","e_km":600,"n_km":120},"geometry":{"type":"Polygon","coordinates":[[[0.845641,50.944738],[1.129909,50.93746],[1.142037,51.117034],[0.856672,51.124359],[0.845641,50.944738]]]}},{"type":"Feature","properties":{"name":"E600N0140","e_km":600,"n_km":140},"geometry":{"type":"Polygon","coordinates":[[[0.856672,51.124359],[1.142037,51.117034],[1.15429,51.296601],[0.867816,51.303973],[0.856672,51.124359]]]}},{"type":"Feature","properties":{"name":"E600N0160","e_km":600,"n_km":160},"geometry":{"type":"Polygon","coordinates":[[[0.867816,51.303973],[1.15429,51.296601],[1.166671,51.47616],[0.879075,51.483579],[0.867816,51.303973]]]}},{"type":"Feature","properties":{"name":"E600N0180","e_km":600,"n_km":180},"geometry":{"type":"Polygon","coordinates":[[[0.879075,51.483579],[1.166671,51.47616],[1.17918,51.655712],[0.890452,51.663178],[0.879075,51.483579]]]}},{"type":"Feature","properties":{"name":"E600N0200","e_km":600,"n_km":200},"geometry":{"type":"Polygon","coordinates":[[[0.890452,51.663178],[1.17918,51.655712],[1.191819,51.835255],[0.901948,51.84277],[0.890452,51.663178]]]}},{"type":"Feature","properties":{"name":"E600N0220","e_km":600,"n_km":220},"geometry":{"type":"Polygon","coordinates":[[[0.901948,51.84277],[1.191819,51.835255],[1.204591,52.014791],[0.913564,52.022354],[0.901948,51.84277]]]}},{"type":"Feature","properties":{"name":"E600N0240","e_km":600,"n_km":240},"geometry":{"type":"Polygon","coordinates":[[[0.913564,52.022354],[1.204591,52.014791],[1.217497,52.194319],[0.925302,52.201931],[0.913564,52.022354]]]}},{"type":"Feature","properties":{"name":"E600N0260","e_km":600,"n_km":260},"geometry":{"type":"Polygon","coordinates":[[[0.925302,52.201931],[1.217497,52.194319],[1.23054,52.373839],[0.937164,52.3815],[0.925302,52.201931]]]}},{"type":"Feature","properties":{"name":"E600N0280","e_km":600,"n_km":280},"geometry":{"type":"Polygon","coordinates":[[[0.937164,52.3815],[1.23054,52.373839],[1.24372,52.553352],[0.949152,52.561062],[0.937164,52.3815]]]}},{"type":"Feature","properties":{"name":"E600N0300","e_km":600,"n_km":300},"geometry":{"type":"Polygon","coordinates":[[[0.949152,52.561062],[1.24372,52.553352],[1.25704,52.732857],[0.961267,52.740617],[0.949152,52.561062]]]}},{"type":"Feature","properties":{"name":"E600N0320","e_km":600,"n_km":320},"geometry":{"type":"Polygon","coordinates":[[[0.961267,52.740617],[1.25704,52.732857],[1.270502,52.912354],[0.973511,52.920164],[0.961267,52.740617]]]}},{"type":"Feature","properties":{"name":"E600N0340","e_km":600,"n_km":340},"geometry":{"type":"Polygon","coordinates":[[[0.973511,52.920164],[1.270502,52.912354],[1.284108,53.091843],[0.985886,53.099704],[0.973511,52.920164]]]}},{"type":"Feature","properties":{"name":"E600N0360","e_km":600,"n_km":360},"geometry":{"type":"Polygon","coordinates":[[[0.985886,53.099704],[1.284108,53.091843],[1.29786,53.271324],[0.998394,53.279236],[0.985886,53.099704]]]}},{"type":"Feature","properties":{"name":"E600N0380","e_km":600,"n_km":380},"geometry":{"type":"Polygon","coordinates":[[[0.998394,53.279236],[1.29786,53.271324],[1.31176,53.450797],[1.011037,53.458761],[0.998394,53.279236]]]}},{"type":"Feature","properties":{"name":"E600N0400","e_km":600,"n_km":400},"geometry":{"type":"Polygon","coordinates":[[[1.011037,53.458761],[1.31176,53.450797],[1.32581,53.630262],[1.023816,53.638278],[1.011037,53.458761]]]}},{"type":"Feature","properties":{"name":"E600N0420","e_km":600,"n_km":420},"geometry":{"type":"Polygon","coordinates":[[[1.023816,53.638278],[1.32581,53.630262],[1.340013,53.809719],[1.036734,53.817788],[1.023816,53.638278]]]}},{"type":"Feature","properties":{"name":"E600N0440","e_km":600,"n_km":440},"geometry":{"type":"Polygon","coordinates":[[[1.036734,53.817788],[1.340013,53.809719],[1.354371,53.989168],[1.049793,53.99729],[1.036734,53.817788]]]}},{"type":"Feature","properties":{"name":"E600N0460","e_km":600,"n_km":460},"geometry":{"type":"Polygon","coordinates":[[[1.049793,53.99729],[1.354371,53.989168],[1.368886,54.168609],[1.062995,54.176784],[1.049793,53.99729]]]}},{"type":"Feature","properties":{"name":"E600N0480","e_km":600,"n_km":480},"geometry":{"type":"Polygon","coordinates":[[[1.062995,54.176784],[1.368886,54.168609],[1.383559,54.348042],[1.076342,54.356271],[1.062995,54.176784]]]}},{"type":"Feature","properties":{"name":"E600N0500","e_km":600,"n_km":500},"geometry":{"type":"Polygon","coordinates":[[[1.076342,54.356271],[1.383559,54.348042],[1.398395,54.527467],[1.089836,54.535751],[1.076342,54.356271]]]}},{"type":"Feature","properties":{"name":"E600N0520","e_km":600,"n_km":520},"geometry":{"type":"Polygon","coordinates":[[[1.089836,54.535751],[1.398395,54.527467],[1.413395,54.706884],[1.103479,54.715222],[1.089836,54.535751]]]}},{"type":"Feature","properties":{"name":"E600N0540","e_km":600,"n_km":540},"geometry":{"type":"Polygon","coordinates":[[[1.103479,54.715222],[1.413395,54.706884],[1.428561,54.886293],[1.117274,54.894686],[1.103479,54.715222]]]}},{"type":"Feature","properties":{"name":"E600N0560","e_km":600,"n_km":560},"geometry":{"type":"Polygon","coordinates":[[[1.117274,54.894686],[1.428561,54.886293],[1.443896,55.065693],[1.131223,55.074143],[1.117274,54.894686]]]}},{"type":"Feature","properties":{"name":"E600N0580","e_km":600,"n_km":580},"geometry":{"type":"Polygon","coordinates":[[[1.131223,55.074143],[1.443896,55.065693],[1.459404,55.245086],[1.145328,55.253591],[1.131223,55.074143]]]}},{"type":"Feature","properties":{"name":"E600N0600","e_km":600,"n_km":600},"geometry":{"type":"Polygon","coordinates":[[[1.145328,55.253591],[1.459404,55.245086],[1.475085,55.42447],[1.159591,55.433032],[1.145328,55.253591]]]}},{"type":"Feature","properties":{"name":"E600N0620","e_km":600,"n_km":620},"geometry":{"type":"Polygon","coordinates":[[[1.159591,55.433032],[1.475085,55.42447],[1.490943,55.603845],[1.174016,55.612465],[1.159591,55.433032]]]}},{"type":"Feature","properties":{"name":"E600N0640","e_km":600,"n_km":640},"geometry":{"type":"Polygon","coordinates":[[[1.174016,55.612465],[1.490943,55.603845],[1.506981,55.783213],[1.188604,55.79189],[1.174016,55.612465]]]}},{"type":"Feature","properties":{"name":"E600N0660","e_km":600,"n_km":660},"geometry":{"type":"Polygon","coordinates":[[[1.188604,55.79189],[1.506981,55.783213],[1.523202,55.962572],[1.203359,55.971307],[1.188604,55.79189]]]}},{"type":"Feature","properties":{"name":"E600N0680","e_km":600,"n_km":680},"geometry":{"type":"Polygon","coordinates":[[[1.203359,55.971307],[1.523202,55.962572],[1.539608,56.141922],[1.218282,56.150717],[1.203359,55.971307]]]}},{"type":"Feature","properties":{"name":"E600N0700","e_km":600,"n_km":700},"geometry":{"type":"Polygon","coordinates":[[[1.218282,56.150717],[1.539608,56.141922],[1.556202,56.321265],[1.233376,56.330119],[1.218282,56.150717]]]}},{"type":"Feature","properties":{"name":"E600N0720","e_km":600,"n_km":720},"geometry":{"type":"Polygon","coordinates":[[[1.233376,56.330119],[1.556202,56.321265],[1.572988,56.500598],[1.248645,56.509512],[1.233376,56.330119]]]}},{"type":"Feature","properties":{"name":"E600N0740","e_km":600,"n_km":740},"geometry":{"type":"Polygon","coordinates":[[[1.248645,56.509512],[1.572988,56.500598],[1.589968,56.679923],[1.26409,56.688898],[1.248645,56.509512]]]}},{"type":"Feature","properties":{"name":"E600N0760","e_km":600,"n_km":760},"geometry":{"type":"Polygon","coordinates":[[[1.26409,56.688898],[1.589968,56.679923],[1.607145,56.85924],[1.279715,56.868276],[1.26409,56.688898]]]}},{"type":"Feature","properties":{"name":"E600N0780","e_km":600,"n_km":780},"geometry":{"type":"Polygon","coordinates":[[[1.279715,56.868276],[1.607145,56.85924],[1.624523,57.038548],[1.295523,57.047646],[1.279715,56.868276]]]}},{"type":"Feature","properties":{"name":"E600N0800","e_km":600,"n_km":800},"geometry":{"type":"Polygon","coordinates":[[[1.295523,57.047646],[1.624523,57.038548],[1.642105,57.217848],[1.311516,57.227008],[1.295523,57.047646]]]}},{"type":"Feature","properties":{"name":"E600N0820","e_km":600,"n_km":820},"geometry":{"type":"Polygon","coordinates":[[[1.311516,57.227008],[1.642105,57.217848],[1.659894,57.397138],[1.327698,57.406361],[1.311516,57.227008]]]}},{"type":"Feature","properties":{"name":"E600N0840","e_km":600,"n_km":840},"geometry":{"type":"Polygon","coordinates":[[[1.327698,57.406361],[1.659894,57.397138],[1.677893,57.57642],[1.344072,57.585707],[1.327698,57.406361]]]}},{"type":"Feature","properties":{"name":"E600N0860","e_km":600,"n_km":860},"geometry":{"type":"Polygon","coordinates":[[[1.344072,57.585707],[1.677893,57.57642],[1.696107,57.755694],[1.36064,57.765044],[1.344072,57.585707]]]}},{"type":"Feature","properties":{"name":"E600N0880","e_km":600,"n_km":880},"geometry":{"type":"Polygon","coordinates":[[[1.36064,57.765044],[1.696107,57.755694],[1.714538,57.934958],[1.377406,57.944374],[1.36064,57.765044]]]}},{"type":"Feature","properties":{"name":"E600N0900","e_km":600,"n_km":900},"geometry":{"type":"Polygon","coordinates":[[[1.377406,57.944374],[1.714538,57.934958],[1.733191,58.114214],[1.394374,58.123695],[1.377406,57.944374]]]}},{"type":"Feature","properties":{"name":"E600N0920","e_km":600,"n_km":920},"geometry":{"type":"Polygon","coordinates":[[[1.394374,58.123695],[1.733191,58.114214],[1.752068,58.293461],[1.411546,58.303008],[1.394374,58.123695]]]}},{"type":"Feature","properties":{"name":"E600N0940","e_km":600,"n_km":940},"geometry":{"type":"Polygon","coordinates":[[[1.411546,58.303008],[1.752068,58.293461],[1.771174,58.472698],[1.428927,58.482312],[1.411546,58.303008]]]}},{"type":"Feature","properties":{"name":"E600N0960","e_km":600,"n_km":960},"geometry":{"type":"Polygon","coordinates":[[[1.428927,58.482312],[1.771174,58.472698],[1.790512,58.651927],[1.446519,58.661608],[1.428927,58.482312]]]}},{"type":"Feature","properties":{"name":"E600N0980","e_km":600,"n_km":980},"geometry":{"type":"Polygon","coordinates":[[[1.446519,58.661608],[1.790512,58.651927],[1.810087,58.831147],[1.464327,58.840896],[1.446519,58.661608]]]}},{"type":"Feature","properties":{"name":"E600N1000","e_km":600,"n_km":1000},"geometry":{"type":"Polygon","coordinates":[[[1.464327,58.840896],[1.810087,58.831147],[1.829903,59.010357],[1.482353,59.020176],[1.464327,58.840896]]]}},{"type":"Feature","properties":{"name":"E600N1020","e_km":600,"n_km":1020},"geometry":{"type":"Polygon","coordinates":[[[1.482353,59.020176],[1.829903,59.010357],[1.849963,59.189559],[1.500603,59.199447],[1.482353,59.020176]]]}},{"type":"Feature","properties":{"name":"E600N1040","e_km":600,"n_km":1040},"geometry":{"type":"Polygon","coordinates":[[[1.500603,59.199447],[1.849963,59.189559],[1.870273,59.368751],[1.519079,59.378709],[1.500603,59.199447]]]}},{"type":"Feature","properties":{"name":"E600N1060","e_km":600,"n_km":1060},"geometry":{"type":"Polygon","coordinates":[[[1.519079,59.378709],[1.870273,59.368751],[1.890836,59.547934],[1.537785,59.557963],[1.519079,59.378709]]]}},{"type":"Feature","properties":{"name":"E600N1080","e_km":600,"n_km":1080},"geometry":{"type":"Polygon","coordinates":[[[1.537785,59.557963],[1.890836,59.547934],[1.911656,59.727108],[1.556727,59.737209],[1.537785,59.557963]]]}},{"type":"Feature","properties":{"name":"E600N1100","e_km":600,"n_km":1100},"geometry":{"type":"Polygon","coordinates":[[[1.556727,59.737209],[1.911656,59.727108],[1.932739,59.906272],[1.575907,59.916446],[1.556727,59.737209]]]}},{"type":"Feature","properties":{"name":"E600N1120","e_km":600,"n_km":1120},"geometry":{"type":"Polygon","coordinates":[[[1.575907,59.916446],[1.932739,59.906272],[1.954089,60.085427],[1.59533,60.095674],[1.575907,59.916446]]]}},{"type":"Feature","properties":{"name":"E600N1140","e_km":600,"n_km":1140},"geometry":{"type":"Polygon","coordinates":[[[1.59533,60.095674],[1.954089,60.085427],[1.975711,60.264572],[1.615001,60.274893],[1.59533,60.095674]]]}},{"type":"Feature","properties":{"name":"E600N1160","e_km":600,"n_km":1160},"geometry":{"type":"Polygon","coordinates":[[[1.615001,60.274893],[1.975711,60.264572],[1.997609,60.443708],[1.634924,60.454104],[1.615001,60.274893]]]}},{"type":"Feature","properties":{"name":"E600N1180","e_km":600,"n_km":1180},"geometry":{"type":"Polygon","coordinates":[[[1.634924,60.454104],[1.997609,60.443708],[2.019789,60.622834],[1.655103,60.633306],[1.634924,60.454104]]]}},{"type":"Feature","properties":{"name":"E600N1200","e_km":600,"n_km":1200},"geometry":{"type":"Polygon","coordinates":[[[1.655103,60.633306],[2.019789,60.622834],[2.042256,60.80195],[1.675543,60.812499],[1.655103,60.633306]]]}},{"type":"Feature","properties":{"name":"E600N1220","e_km":600,"n_km":1220},"geometry":{"type":"Polygon","coordinates":[[[1.675543,60.812499],[2.042256,60.80195],[2.065015,60.981056],[1.696249,60.991683],[1.675543,60.812499]]]}},{"type":"Feature","properties":{"name":"E600N1240","e_km":600,"n_km":1240},"geometry":{"type":"Polygon","coordinates":[[[1.696249,60.991683],[2.065015,60.981056],[2.090543,61.160747],[1.719645,61.171461],[1.696249,60.991683]]]}},{"type":"Feature","properties":{"name":"E600N1260","e_km":600,"n_km":1260},"geometry":{"type":"Polygon","coordinates":[[[1.719645,61.171461],[2.090543,61.160747],[2.113922,61.339855],[1.740916,61.350648],[1.719645,61.171461]]]}},{"type":"Feature","properties":{"name":"E600N1280","e_km":600,"n_km":1280},"geometry":{"type":"Polygon","coordinates":[[[1.740916,61.350648],[2.113922,61.339855],[2.137609,61.518953],[1.762469,61.529826],[1.740916,61.350648]]]}},{"type":"Feature","properties":{"name":"E620N0000","e_km":620,"n_km":0},"geometry":{"type":"Polygon","coordinates":[[[1.059682,49.859855],[1.337478,49.852183],[1.34992,50.031754],[1.071092,50.039475],[1.059682,49.859855]]]}},{"type":"Feature","properties":{"name":"E620N0020","e_km":620,"n_km":20},"geometry":{"type":"Polygon","coordinates":[[[1.071092,50.039475],[1.34992,50.031754],[1.362487,50.211317],[1.082618,50.219087],[1.071092,50.039475]]]}},{"type":"Feature","properties":{"name":"E620N0040","e_km":620,"n_km":40},"geometry":{"type":"Polygon","coordinates":[[[1.082618,50.219087],[1.362487,50.211317],[1.375183,50.390873],[1.094261,50.398692],[1.082618,50.219087]]]}},{"type":"Feature","properties":{"name":"E620N0060","e_km":620,"n_km":60},"geometry":{"type":"Polygon","coordinates":[[[1.094261,50.398692],[1.375183,50.390873],[1.388008,50.57042],[1.106023,50.578289],[1.094261,50.398692]]]}},{"type":"Feature","properties":{"name":"E620N0080","e_km":620,"n_km":80},"geometry":{"type":"Polygon","coordinates":[[[1.106023,50.578289],[1.388008,50.57042],[1.400964,50.74996],[1.117905,50.757878],[1.106023,50.578289]]]}},{"type":"Feature","properties":{"name":"E620N0100","e_km":620,"n_km":100},"geometry":{"type":"Polygon","coordinates":[[[1.117905,50.757878],[1.400964,50.74996],[1.414054,50.929491],[1.129909,50.93746],[1.117905,50.757878]]]}},{"type":"Feature","properties":{"name":"E620N0120","e_km":620,"n_km":120},"geometry":{"type":"Polygon","coordinates":[[[1.129909,50.93746],[1.414054,50.929491],[1.427278,51.109014],[1.142037,51.117034],[1.129909,50.93746]]]}},{"type":"Feature","properties":{"name":"E620N0140","e_km":620,"n_km":140},"geometry":{"type":"Polygon","coordinates":[[[1.142037,51.117034],[1.427278,51.109014],[1.440638,51.28853],[1.15429,51.296601],[1.142037,51.117034]]]}},{"type":"Feature","properties":{"name":"E620N0160","e_km":620,"n_km":160},"geometry":{"type":"Polygon","coordinates":[[[1.15429,51.296601],[1.440638,51.28853],[1.454137,51.468037],[1.166671,51.47616],[1.15429,51.296601]]]}},{"type":"Feature","properties":{"name":"E620N0180","e_km":620,"n_km":180},"geometry":{"type":"Polygon","coordinates":[[[1.166671,51.47616],[1.454137,51.468037],[1.467776,51.647536],[1.17918,51.655712],[1.166671,51.47616]]]}},{"type":"Feature","properties":{"name":"E620N0200","e_km":620,"n_km":200},"geometry":{"type":"Polygon","coordinates":[[[1.17918,51.655712],[1.467776,51.647536],[1.481558,51.827027],[1.191819,51.835255],[1.17918,51.655712]]]}},{"type":"Feature","properties":{"name":"E620N0220","e_km":620,"n_km":220},"geometry":{"type":"Polygon","coordinates":[[[1.191819,51.835255],[1.481558,51.827027],[1.495484,52.00651],[1.204591,52.014791],[1.191819,51.835255]]]}},{"type":"Feature","properties":{"name":"E620N0240","e_km":620,"n_km":240},"geometry":{"type":"Polygon","coordinates":[[[1.204591,52.014791],[1.495484,52.00651],[1.509556,52.185985],[1.217497,52.194319],[1.204591,52.014791]]]}},{"type":"Feature","properties":{"name":"E620N0260","e_km":620,"n_km":260},"geometry":{"type":"Polygon","coordinates":[[[1.217497,52.194319],[1.509556,52.185985],[1.523777,52.365452],[1.23054,52.373839],[1.217497,52.194319]]]}},{"type":"Feature","properties":{"name":"E620N0280","e_km":620,"n_km":280},"geometry":{"type":"Polygon","coordinates":[[[1.23054,52.373839],[1.523777,52.365452],[1.538147,52.54491],[1.24372,52.553352],[1.23054,52.373839]]]}},{"type":"Feature","properties":{"name":"E620N0300","e_km":620,"n_km":300},"geometry":{"type":"Polygon","coordinates":[[[1.24372,52.553352],[1.538147,52.54491],[1.552671,52.72436],[1.25704,52.732857],[1.24372,52.553352]]]}},{"type":"Feature","properties":{"name":"E620N0320","e_km":620,"n_km":320},"geometry":{"type":"Polygon","coordinates":[[[1.25704,52.732857],[1.552671,52.72436],[1.567349,52.903802],[1.270502,52.912354],[1.25704,52.732857]]]}},{"type":"Feature","properties":{"name":"E620N0340","e_km":620,"n_km":340},"geometry":{"type":"Polygon","coordinates":[[[1.270502,52.912354],[1.567349,52.903802],[1.582184,53.083235],[1.284108,53.091843],[1.270502,52.912354]]]}},{"type":"Feature","properties":{"name":"E620N0360","e_km":620,"n_km":360},"geometry":{"type":"Polygon","coordinates":[[[1.284108,53.091843],[1.582184,53.083235],[1.597178,53.26266],[1.29786,53.271324],[1.284108,53.091843]]]}},{"type":"Feature","properties":{"name":"E620N0380","e_km":620,"n_km":380},"geometry":{"type":"Polygon","coordinates":[[[1.29786,53.271324],[1.597178,53.26266],[1.612333,53.442077],[1.31176,53.450797],[1.29786,53.271324]]]}},{"type":"Feature","properties":{"name":"E620N0400","e_km":620,"n_km":400},"geometry":{"type":"Polygon","coordinates":[[[1.31176,53.450797],[1.612333,53.442077],[1.627652,53.621485],[1.32581,53.630262],[1.31176,53.450797]]]}},{"type":"Feature","properties":{"name":"E620N0420","e_km":620,"n_km":420},"geometry":{"type":"Polygon","coordinates":[[[1.32581,53.630262],[1.627652,53.621485],[1.643138,53.800885],[1.340013,53.809719],[1.32581,53.630262]]]}},{"type":"Feature","properties":{"name":"E620N0440","e_km":620,"n_km":440},"geometry":{"type":"Polygon","coordinates":[[[1.340013,53.809719],[1.643138,53.800885],[1.658792,53.980276],[1.354371,53.989168],[1.340013,53.809719]]]}},{"type":"Feature","properties":{"name":"E620N0460","e_km":620,"n_km":460},"geometry":{"type":"Polygon","coordinates":[[[1.354371,53.989168],[1.658792,53.980276],[1.674617,54.159659],[1.368886,54.168609],[1.354371,53.989168]]]}},{"type":"Feature","properties":{"name":"E620N0480","e_km":620,"n_km":480},"geometry":{"type":"Polygon","coordinates":[[[1.368886,54.168609],[1.674617,54.159659],[1.690615,54.339033],[1.383559,54.348042],[1.368886,54.168609]]]}},{"type":"Feature","properties":{"name":"E620N0500","e_km":620,"n_km":500},"geometry":{"type":"Polygon","coordinates":[[[1.383559,54.348042],[1.690615,54.339033],[1.70679,54.518398],[1.398395,54.527467],[1.383559,54.348042]]]}},{"type":"Feature","properties":{"name":"E620N0520","e_km":620,"n_km":520},"geometry":{"type":"Polygon","coordinates":[[[1.398395,54.527467],[1.70679,54.518398],[1.723144,54.697755],[1.413395,54.706884],[1.398395,54.527467]]]}},{"type":"Feature","properties":{"name":"E620N0540","e_km":620,"n_km":540},"geometry":{"type":"Polygon","coordinates":[[[1.413395,54.706884],[1.723144,54.697755],[1.739679,54.877103],[1.428561,54.886293],[1.413395,54.706884]]]}},{"type":"Feature","properties":{"name":"E620N0560","e_km":620,"n_km":560},"geometry":{"type":"Polygon","coordinates":[[[1.428561,54.886293],[1.739679,54.877103],[1.756398,55.056443],[1.443896,55.065693],[1.428561,54.886293]]]}},{"type":"Feature","properties":{"name":"E620N0580","e_km":620,"n_km":580},"geometry":{"type":"Polygon","coordinates":[[[1.443896,55.065693],[1.756398,55.056443],[1.773305,55.235773],[1.459404,55.245086],[1.443896,55.065693]]]}},{"type":"Feature","properties":{"name":"E620N0600","e_km":620,"n_km":600},"geometry":{"type":"Polygon","coordinates":[[[1.459404,55.245086],[1.773305,55.235773],[1.790401,55.415095],[1.475085,55.42447],[1.459404,55.245086]]]}},{"type":"Feature","properties":{"name":"E620N0620","e_km":620,"n_km":620},"geometry":{"type":"Polygon","coordinates":[[[1.475085,55.42447],[1.790401,55.415095],[1.807691,55.594408],[1.490943,55.603845],[1.475085,55.42447]]]}},{"type":"Feature","properties":{"name":"E620N0640","e_km":620,"n_km":640},"geometry":{"type":"Polygon","coordinates":[[[1.490943,55.603845],[1.807691,55.594408],[1.825176,55.773712],[1.506981,55.783213],[1.490943,55.603845]]]}},{"type":"Feature","properties":{"name":"E620N0660","e_km":620,"n_km":660},"geometry":{"type":"Polygon","coordinates":[[[1.506981,55.783213],[1.825176,55.773712],[1.84286,55.953008],[1.523202,55.962572],[1.506981,55.783213]]]}},{"type":"Feature","properties":{"name":"E620N0680","e_km":620,"n_km":680},"geometry":{"type":"Polygon","coordinates":[[[1.523202,55.962572],[1.84286,55.953008],[1.860746,56.132294],[1.539608,56.141922],[1.523202,55.962572]]]}},{"type":"Feature","properties":{"name":"E620N0700","e_km":620,"n_km":700},"geometry":{"type":"Polygon","coordinates":[[[1.539608,56.141922],[1.860746,56.132294],[1.878837,56.311571],[1.556202,56.321265],[1.539608,56.141922]]]}},{"type":"Feature","properties":{"name":"E620N0720","e_km":620,"n_km":720},"geometry":{"type":"Polygon","coordinates":[[[1.556202,56.321265],[1.878837,56.311571],[1.897137,56.490839],[1.572988,56.500598],[1.556202,56.321265]]]}},{"type":"Feature","properties":{"name":"E620N0740","e_km":620,"n_km":740},"geometry":{"type":"Polygon","coordinates":[[[1.572988,56.500598],[1.897137,56.490839],[1.915648,56.670098],[1.589968,56.679923],[1.572988,56.500598]]]}},{"type":"Feature","properties":{"name":"E620N0760","e_km":620,"n_km":760},"geometry":{"type":"Polygon","coordinates":[[[1.589968,56.679923],[1.915648,56.670098],[1.934374,56.849348],[1.607145,56.85924],[1.589968,56.679923]]]}},{"type":"Feature","properties":{"name":"E620N0780","e_km":620,"n_km":780},"geometry":{"type":"Polygon","coordinates":[[[1.607145,56.85924],[1.934374,56.849348],[1.953319,57.028588],[1.624523,57.038548],[1.607145,56.85924]]]}},{"type":"Feature","properties":{"name":"E620N0800","e_km":620,"n_km":800},"geometry":{"type":"Polygon","coordinates":[[[1.624523,57.038548],[1.953319,57.028588],[1.972486,57.207819],[1.642105,57.217848],[1.624523,57.038548]]]}},{"type":"Feature","properties":{"name":"E620N0820","e_km":620,"n_km":820},"geometry":{"type":"Polygon","coordinates":[[[1.642105,57.217848],[1.972486,57.207819],[1.991879,57.387041],[1.659894,57.397138],[1.642105,57.217848]]]}},{"type":"Feature","properties":{"name":"E620N0840","e_km":620,"n_km":840},"geometry":{"type":"Polygon","coordinates":[[[1.659894,57.397138],[1.991879,57.387041],[2.011501,57.566254],[1.677893,57.57642],[1.659894,57.397138]]]}},{"type":"Feature","properties":{"name":"E620N0860","e_km":620,"n_km":860},"geometry":{"type":"Polygon","coordinates":[[[1.677893,57.57642],[2.011501,57.566254],[2.031357,57.745457],[1.696107,57.755694],[1.677893,57.57642]]]}},{"type":"Feature","properties":{"name":"E620N0880","e_km":620,"n_km":880},"geometry":{"type":"Polygon","coordinates":[[[1.696107,57.755694],[2.031357,57.745457],[2.051449,57.92465],[1.714538,57.934958],[1.696107,57.755694]]]}},{"type":"Feature","properties":{"name":"E620N0900","e_km":620,"n_km":900},"geometry":{"type":"Polygon","coordinates":[[[1.714538,57.934958],[2.051449,57.92465],[2.071782,58.103834],[1.733191,58.114214],[1.714538,57.934958]]]}},{"type":"Feature","properties":{"name":"E620N0920","e_km":620,"n_km":920},"geometry":{"type":"Polygon","coordinates":[[[1.733191,58.114214],[2.071782,58.103834],[2.092361,58.283009],[1.752068,58.293461],[1.733191,58.114214]]]}},{"type":"Feature","properties":{"name":"E620N0940","e_km":620,"n_km":940},"geometry":{"type":"Polygon","coordinates":[[[1.752068,58.293461],[2.092361,58.283009],[2.113188,58.462173],[1.771174,58.472698],[1.752068,58.293461]]]}},{"type":"Feature","properties":{"name":"E620N0960","e_km":620,"n_km":960},"geometry":{"type":"Polygon","coordinates":[[[1.771174,58.472698],[2.113188,58.462173],[2.134269,58.641328],[1.790512,58.651927],[1.771174,58.472698]]]}},{"type":"Feature","properties":{"name":"E620N0980","e_km":620,"n_km":980},"geometry":{"type":"Polygon","coordinates":[[[1.790512,58.651927],[2.134269,58.641328],[2.155608,58.820473],[1.810087,58.831147],[1.790512,58.651927]]]}},{"type":"Feature","properties":{"name":"E620N1000","e_km":620,"n_km":1000},"geometry":{"type":"Polygon","coordinates":[[[1.810087,58.831147],[2.155608,58.820473],[2.177208,58.999609],[1.829903,59.010357],[1.810087,58.831147]]]}},{"type":"Feature","properties":{"name":"E620N1020","e_km":620,"n_km":1020},"geometry":{"type":"Polygon","coordinates":[[[1.829903,59.010357],[2.177208,58.999609],[2.199075,59.178734],[1.849963,59.189559],[1.829903,59.010357]]]}},{"type":"Feature","properties":{"name":"E620N1040","e_km":620,"n_km":1040},"geometry":{"type":"Polygon","coordinates":[[[1.849963,59.189559],[2.199075,59.178734],[2.221214,59.357849],[1.870273,59.368751],[1.849963,59.189559]]]}},{"type":"Feature","properties":{"name":"E620N1060","e_km":620,"n_km":1060},"geometry":{"type":"Polygon","coordinates":[[[1.870273,59.368751],[2.221214,59.357849],[2.243628,59.536955],[1.890836,59.547934],[1.870273,59.368751]]]}},{"type":"Feature","properties":{"name":"E620N1080","e_km":620,"n_km":1080},"geometry":{"type":"Polygon","coordinates":[[[1.890836,59.547934],[2.243628,59.536955],[2.266323,59.71605],[1.911656,59.727108],[1.890836,59.547934]]]}},{"type":"Feature","properties":{"name":"E620N1100","e_km":620,"n_km":1100},"geometry":{"type":"Polygon","coordinates":[[[1.911656,59.727108],[2.266323,59.71605],[2.289304,59.895134],[1.932739,59.906272],[1.911656,59.727108]]]}},{"type":"Feature","properties":{"name":"E620N1120","e_km":620,"n_km":1120},"geometry":{"type":"Polygon","coordinates":[[[1.932739,59.906272],[2.289304,59.895134],[2.312576,60.074209],[1.954089,60.085427],[1.932739,59.906272]]]}},{"type":"Feature","properties":{"name":"E620N1140","e_km":620,"n_km":1140},"geometry":{"type":"Polygon","coordinates":[[[1.954089,60.085427],[2.312576,60.074209],[2.336144,60.253273],[1.975711,60.264572],[1.954089,60.085427]]]}},{"type":"Feature","properties":{"name":"E620N1160","e_km":620,"n_km":1160},"geometry":{"type":"Polygon","coordinates":[[[1.975711,60.264572],[2.336144,60.253273],[2.360013,60.432327],[1.997609,60.443708],[1.975711,60.264572]]]}},{"type":"Feature","properties":{"name":"E620N1180","e_km":620,"n_km":1180},"geometry":{"type":"Polygon","coordinates":[[[1.997609,60.443708],[2.360013,60.432327],[2.384189,60.61137],[2.019789,60.622834],[1.997609,60.443708]]]}},{"type":"Feature","properties":{"name":"E620N1200","e_km":620,"n_km":1200},"geometry":{"type":"Polygon","coordinates":[[[2.019789,60.622834],[2.384189,60.61137],[2.408677,60.790402],[2.042256,60.80195],[2.019789,60.622834]]]}},{"type":"Feature","properties":{"name":"E620N1220","e_km":620,"n_km":1220},"geometry":{"type":"Polygon","coordinates":[[[2.042256,60.80195],[2.408677,60.790402],[2.433484,60.969424],[2.065015,60.981056],[2.042256,60.80195]]]}},{"type":"Feature","properties":{"name":"E620N1240","e_km":620,"n_km":1240},"geometry":{"type":"Polygon","coordinates":[[[2.065015,60.981056],[2.433484,60.969424],[2.461138,61.14902],[2.090543,61.160747],[2.065015,60.981056]]]}},{"type":"Feature","properties":{"name":"E620N1260","e_km":620,"n_km":1260},"geometry":{"type":"Polygon","coordinates":[[[2.090543,61.160747],[2.461138,61.14902],[2.486618,61.328041],[2.113922,61.339855],[2.090543,61.160747]]]}},{"type":"Feature","properties":{"name":"E620N1280","e_km":620,"n_km":1280},"geometry":{"type":"Polygon","coordinates":[[[2.113922,61.339855],[2.486618,61.328041],[2.512435,61.507051],[2.137609,61.518953],[2.113922,61.339855]]]}},{"type":"Feature","properties":{"name":"E640N0000","e_km":640,"n_km":0},"geometry":{"type":"Polygon","coordinates":[[[1.337478,49.852183],[1.61515,49.843847],[1.628621,50.023365],[1.34992,50.031754],[1.337478,49.852183]]]}},{"type":"Feature","properties":{"name":"E640N0020","e_km":640,"n_km":20},"geometry":{"type":"Polygon","coordinates":[[[1.34992,50.031754],[1.628621,50.023365],[1.642229,50.202875],[1.362487,50.211317],[1.34992,50.031754]]]}},{"type":"Feature","properties":{"name":"E640N0040","e_km":640,"n_km":40},"geometry":{"type":"Polygon","coordinates":[[[1.362487,50.211317],[1.642229,50.202875],[1.655976,50.382377],[1.375183,50.390873],[1.362487,50.211317]]]}},{"type":"Feature","properties":{"name":"E640N0060","e_km":640,"n_km":60},"geometry":{"type":"Polygon","coordinates":[[[1.375183,50.390873],[1.655976,50.382377],[1.669862,50.56187],[1.388008,50.57042],[1.375183,50.390873]]]}},{"type":"Feature","properties":{"name":"E640N0080","e_km":640,"n_km":80},"geometry":{"type":"Polygon","coordinates":[[[1.388008,50.57042],[1.669862,50.56187],[1.683891,50.741355],[1.400964,50.74996],[1.388008,50.57042]]]}},{"type":"Feature","properties":{"name":"E640N0100","e_km":640,"n_km":100},"geometry":{"type":"Polygon","coordinates":[[[1.400964,50.74996],[1.683891,50.741355],[1.698063,50.920832],[1.414054,50.929491],[1.400964,50.74996]]]}},{"type":"Feature","properties":{"name":"E640N0120","e_km":640,"n_km":120},"geometry":{"type":"Polygon","coordinates":[[[1.414054,50.929491],[1.698063,50.920832],[1.712381,51.1003],[1.427278,51.109014],[1.414054,50.929491]]]}},{"type":"Feature","properties":{"name":"E640N0140","e_km":640,"n_km":140},"geometry":{"type":"Polygon","coordinates":[[[1.427278,51.109014],[1.712381,51.1003],[1.726847,51.27976],[1.440638,51.28853],[1.427278,51.109014]]]}},{"type":"Feature","properties":{"name":"E640N0160","e_km":640,"n_km":160},"geometry":{"type":"Polygon","coordinates":[[[1.440638,51.28853],[1.726847,51.27976],[1.741463,51.459211],[1.454137,51.468037],[1.440638,51.28853]]]}},{"type":"Feature","properties":{"name":"E640N0180","e_km":640,"n_km":180},"geometry":{"type":"Polygon","coordinates":[[[1.454137,51.468037],[1.741463,51.459211],[1.756231,51.638653],[1.467776,51.647536],[1.454137,51.468037]]]}},{"type":"Feature","properties":{"name":"E640N0200","e_km":640,"n_km":200},"geometry":{"type":"Polygon","coordinates":[[[1.467776,51.647536],[1.756231,51.638653],[1.771153,51.818087],[1.481558,51.827027],[1.467776,51.647536]]]}},{"type":"Feature","properties":{"name":"E640N0220","e_km":640,"n_km":220},"geometry":{"type":"Polygon","coordinates":[[[1.481558,51.827027],[1.771153,51.818087],[1.786231,51.997513],[1.495484,52.00651],[1.481558,51.827027]]]}},{"type":"Feature","properties":{"name":"E640N0240","e_km":640,"n_km":240},"geometry":{"type":"Polygon","coordinates":[[[1.495484,52.00651],[1.786231,51.997513],[1.801467,52.17693],[1.509556,52.185985],[1.495484,52.00651]]]}},{"type":"Feature","properties":{"name":"E640N0260","e_km":640,"n_km":260},"geometry":{"type":"Polygon","coordinates":[[[1.509556,52.185985],[1.801467,52.17693],[1.816863,52.356338],[1.523777,52.365452],[1.509556,52.185985]]]}},{"type":"Feature","properties":{"name":"E640N0280","e_km":640,"n_km":280},"geometry":{"type":"Polygon","coordinates":[[[1.523777,52.365452],[1.816863,52.356338],[1.832423,52.535737],[1.538147,52.54491],[1.523777,52.365452]]]}},{"type":"Feature","properties":{"name":"E640N0300","e_km":640,"n_km":300},"geometry":{"type":"Polygon","coordinates":[[[1.538147,52.54491],[1.832423,52.535737],[1.848147,52.715128],[1.552671,52.72436],[1.538147,52.54491]]]}},{"type":"Feature","properties":{"name":"E640N0320","e_km":640,"n_km":320},"geometry":{"type":"Polygon","coordinates":[[[1.552671,52.72436],[1.848147,52.715128],[1.864039,52.89451],[1.567349,52.903802],[1.552671,52.72436]]]}},{"type":"Feature","properties":{"name":"E640N0340","e_km":640,"n_km":340},"geometry":{"type":"Polygon","coordinates":[[[1.567349,52.903802],[1.864039,52.89451],[1.8801,53.073883],[1.582184,53.083235],[1.567349,52.903802]]]}},{"type":"Feature","properties":{"name":"E640N0360","e_km":640,"n_km":360},"geometry":{"type":"Polygon","coordinates":[[[1.582184,53.083235],[1.8801,53.073883],[1.896334,53.253247],[1.597178,53.26266],[1.582184,53.083235]]]}},{"type":"Feature","properties":{"name":"E640N0380","e_km":640,"n_km":380},"geometry":{"type":"Polygon","coordinates":[[[1.597178,53.26266],[1.896334,53.253247],[1.912742,53.432602],[1.612333,53.442077],[1.597178,53.26266]]]}},{"type":"Feature","properties":{"name":"E640N0400","e_km":640,"n_km":400},"geometry":{"type":"Polygon","coordinates":[[[1.612333,53.442077],[1.912742,53.432602],[1.929328,53.611949],[1.627652,53.621485],[1.612333,53.442077]]]}},{"type":"Feature","properties":{"name":"E640N0420","e_km":640,"n_km":420},"geometry":{"type":"Polygon","coordinates":[[[1.627652,53.621485],[1.929328,53.611949],[1.946094,53.791286],[1.643138,53.800885],[1.627652,53.621485]]]}},{"type":"Feature","properties":{"name":"E640N0440","e_km":640,"n_km":440},"geometry":{"type":"Polygon","coordinates":[[[1.643138,53.800885],[1.946094,53.791286],[1.963041,53.970614],[1.658792,53.980276],[1.643138,53.800885]]]}},{"type":"Feature","properties":{"name":"E640N0460","e_km":640,"n_km":460},"geometry":{"type":"Polygon","coordinates":[[[1.658792,53.980276],[1.963041,53.970614],[1.980174,54.149933],[1.674617,54.159659],[1.658792,53.980276]]]}},{"type":"Feature","properties":{"name":"E640N0480","e_km":640,"n_km":480},"geometry":{"type":"Polygon","coordinates":[[[1.674617,54.159659],[1.980174,54.149933],[1.997495,54.329244],[1.690615,54.339033],[1.674617,54.159659]]]}},{"type":"Feature","properties":{"name":"E640N0500","e_km":640,"n_km":500},"geometry":{"type":"Polygon","coordinates":[[[1.690615,54.339033],[1.997495,54.329244],[2.015006,54.508544],[1.70679,54.518398],[1.690615,54.339033]]]}},{"type":"Feature","properties":{"name":"E640N0520","e_km":640,"n_km":520},"geometry":{"type":"Polygon","coordinates":[[[1.70679,54.518398],[2.015006,54.508544],[2.032711,54.687836],[1.723144,54.697755],[1.70679,54.518398]]]}},{"type":"Feature","properties":{"name":"E640N0540","e_km":640,"n_km":540},"geometry":{"type":"Polygon","coordinates":[[[1.723144,54.697755],[2.032711,54.687836],[2.050613,54.867119],[1.739679,54.877103],[1.723144,54.697755]]]}},{"type":"Feature","properties":{"name":"E640N0560","e_km":640,"n_km":560},"geometry":{"type":"Polygon","coordinates":[[[1.739679,54.877103],[2.050613,54.867119],[2.068713,55.046392],[1.756398,55.056443],[1.739679,54.877103]]]}},{"type":"Feature","properties":{"name":"E640N0580","e_km":640,"n_km":580},"geometry":{"type":"Polygon","coordinates":[[[1.756398,55.056443],[2.068713,55.046392],[2.087016,55.225656],[1.773305,55.235773],[1.756398,55.056443]]]}},{"type":"Feature","properties":{"name":"E640N0600","e_km":640,"n_km":600},"geometry":{"type":"Polygon","coordinates":[[[1.773305,55.235773],[2.087016,55.225656],[2.105525,55.40491],[1.790401,55.415095],[1.773305,55.235773]]]}},{"type":"Feature","properties":{"name":"E640N0620","e_km":640,"n_km":620},"geometry":{"type":"Polygon","coordinates":[[[1.790401,55.415095],[2.105525,55.40491],[2.124242,55.584155],[1.807691,55.594408],[1.790401,55.415095]]]}},{"type":"Feature","properties":{"name":"E640N0640","e_km":640,"n_km":640},"geometry":{"type":"Polygon","coordinates":[[[1.807691,55.594408],[2.124242,55.584155],[2.143171,55.76339],[1.825176,55.773712],[1.807691,55.594408]]]}},{"type":"Feature","properties":{"name":"E640N0660","e_km":640,"n_km":660},"geometry":{"type":"Polygon","coordinates":[[[1.825176,55.773712],[2.143171,55.76339],[2.162316,55.942616],[1.84286,55.953008],[1.825176,55.773712]]]}},{"type":"Feature","properties":{"name":"E640N0680","e_km":640,"n_km":680},"geometry":{"type":"Polygon","coordinates":[[[1.84286,55.953008],[2.162316,55.942616],[2.181679,56.121832],[1.860746,56.132294],[1.84286,55.953008]]]}},{"type":"Feature","properties":{"name":"E640N0700","e_km":640,"n_km":700},"geometry":{"type":"Polygon","coordinates":[[[1.860746,56.132294],[2.181679,56.121832],[2.201263,56.301039],[1.878837,56.311571],[1.860746,56.132294]]]}},{"type":"Feature","properties":{"name":"E640N0720","e_km":640,"n_km":720},"geometry":{"type":"Polygon","coordinates":[[[1.878837,56.311571],[2.201263,56.301039],[2.221074,56.480235],[1.897137,56.490839],[1.878837,56.311571]]]}},{"type":"Feature","properties":{"name":"E640N0740","e_km":640,"n_km":740},"geometry":{"type":"Polygon","coordinates":[[[1.897137,56.490839],[2.221074,56.480235],[2.241113,56.659422],[1.915648,56.670098],[1.897137,56.490839]]]}},{"type":"Feature","properties":{"name":"E640N0760","e_km":640,"n_km":760},"geometry":{"type":"Polygon","coordinates":[[[1.915648,56.670098],[2.241113,56.659422],[2.261385,56.838599],[1.934374,56.849348],[1.915648,56.670098]]]}},{"type":"Feature","properties":{"name":"E640N0780","e_km":640,"n_km":780},"geometry":{"type":"Polygon","coordinates":[[[1.934374,56.849348],[2.261385,56.838599],[2.281893,57.017767],[1.953319,57.028588],[1.934374,56.849348]]]}},{"type":"Feature","properties":{"name":"E640N0800","e_km":640,"n_km":800},"geometry":{"type":"Polygon","coordinates":[[[1.953319,57.028588],[2.281893,57.017767],[2.302642,57.196924],[1.972486,57.207819],[1.953319,57.028588]]]}},{"type":"Feature","properties":{"name":"E640N0820","e_km":640,"n_km":820},"geometry":{"type":"Polygon","coordinates":[[[1.972486,57.207819],[2.302642,57.196924],[2.323635,57.376071],[1.991879,57.387041],[1.972486,57.207819]]]}},{"type":"Feature","properties":{"name":"E640N0840","e_km":640,"n_km":840},"geometry":{"type":"Polygon","coordinates":[[[1.991879,57.387041],[2.323635,57.376071],[2.344876,57.555208],[2.011501,57.566254],[1.991879,57.387041]]]}},{"type":"Feature","properties":{"name":"E640N0860","e_km":640,"n_km":860},"geometry":{"type":"Polygon","coordinates":[[[2.011501,57.566254],[2.344876,57.555208],[2.366369,57.734335],[2.031357,57.745457],[2.011501,57.566254]]]}},{"type":"Feature","properties":{"name":"E640N0880","e_km":640,"n_km":880},"geometry":{"type":"Polygon","coordinates":[[[2.031357,57.745457],[2.366369,57.734335],[2.388119,57.913451],[2.051449,57.92465],[2.031357,57.745457]]]}},{"type":"Feature","properties":{"name":"E640N0900","e_km":640,"n_km":900},"geometry":{"type":"Polygon","coordinates":[[[2.051449,57.92465],[2.388119,57.913451],[2.410129,58.092557],[2.071782,58.103834],[2.051449,57.92465]]]}},{"type":"Feature","properties":{"name":"E640N0920","e_km":640,"n_km":920},"geometry":{"type":"Polygon","coordinates":[[[2.071782,58.103834],[2.410129,58.092557],[2.432404,58.271653],[2.092361,58.283009],[2.071782,58.103834]]]}},{"type":"Feature","properties":{"name":"E640N0940","e_km":640,"n_km":940},"geometry":{"type":"Polygon","coordinates":[[[2.092361,58.283009],[2.432404,58.271653],[2.454949,58.450739],[2.113188,58.462173],[2.092361,58.283009]]]}},{"type":"Feature","properties":{"name":"E640N0960","e_km":640,"n_km":960},"geometry":{"type":"Polygon","coordinates":[[[2.113188,58.462173],[2.454949,58.450739],[2.477768,58.629813],[2.134269,58.641328],[2.113188,58.462173]]]}},{"type":"Feature","properties":{"name":"E640N0980","e_km":640,"n_km":980},"geometry":{"type":"Polygon","coordinates":[[[2.134269,58.641328],[2.477768,58.629813],[2.500866,58.808877],[2.155608,58.820473],[2.134269,58.641328]]]}},{"type":"Feature","properties":{"name":"E640N1000","e_km":640,"n_km":1000},"geometry":{"type":"Polygon","coordinates":[[[2.155608,58.820473],[2.500866,58.808877],[2.524247,58.987931],[2.177208,58.999609],[2.155608,58.820473]]]}},{"type":"Feature","properties":{"name":"E640N1020","e_km":640,"n_km":1020},"geometry":{"type":"Polygon","coordinates":[[[2.177208,58.999609],[2.524247,58.987931],[2.547916,59.166974],[2.199075,59.178734],[2.177208,58.999609]]]}},{"type":"Feature","properties":{"name":"E640N1040","e_km":640,"n_km":1040},"geometry":{"type":"Polygon","coordinates":[[[2.199075,59.178734],[2.547916,59.166974],[2.571879,59.346005],[2.221214,59.357849],[2.199075,59.178734]]]}},{"type":"Feature","properties":{"name":"E640N1060","e_km":640,"n_km":1060},"geometry":{"type":"Polygon","coordinates":[[[2.221214,59.357849],[2.571879,59.346005],[2.59614,59.525026],[2.243628,59.536955],[2.221214,59.357849]]]}},{"type":"Feature","properties":{"name":"E640N1080","e_km":640,"n_km":1080},"geometry":{"type":"Polygon","coordinates":[[[2.243628,59.536955],[2.59614,59.525026],[2.620705,59.704036],[2.266323,59.71605],[2.243628,59.536955]]]}},{"type":"Feature","properties":{"name":"E640N1100","e_km":640,"n_km":1100},"geometry":{"type":"Polygon","coordinates":[[[2.266323,59.71605],[2.620705,59.704036],[2.645579,59.883034],[2.289304,59.895134],[2.266323,59.71605]]]}},{"type":"Feature","properties":{"name":"E640N1120","e_km":640,"n_km":1120},"geometry":{"type":"Polygon","coordinates":[[[2.289304,59.895134],[2.645579,59.883034],[2.670767,60.062022],[2.312576,60.074209],[2.289304,59.895134]]]}},{"type":"Feature","properties":{"name":"E640N1140","e_km":640,"n_km":1140},"geometry":{"type":"Polygon","coordinates":[[[2.312576,60.074209],[2.670767,60.062022],[2.696276,60.240998],[2.336144,60.253273],[2.312576,60.074209]]]}},{"type":"Feature","properties":{"name":"E640N1160","e_km":640,"n_km":1160},"geometry":{"type":"Polygon","coordinates":[[[2.336144,60.253273],[2.696276,60.240998],[2.72211,60.419962],[2.360013,60.432327],[2.336144,60.253273]]]}},{"type":"Feature","properties":{"name":"E640N1180","e_km":640,"n_km":1180},"geometry":{"type":"Polygon","coordinates":[[[2.360013,60.432327],[2.72211,60.419962],[2.748276,60.598915],[2.384189,60.61137],[2.360013,60.432327]]]}},{"type":"Feature","properties":{"name":"E640N1200","e_km":640,"n_km":1200},"geometry":{"type":"Polygon","coordinates":[[[2.384189,60.61137],[2.748276,60.598915],[2.77478,60.777857],[2.408677,60.790402],[2.384189,60.61137]]]}},{"type":"Feature","properties":{"name":"E640N1220","e_km":640,"n_km":1220},"geometry":{"type":"Polygon","coordinates":[[[2.408677,60.790402],[2.77478,60.777857],[2.801628,60.956786],[2.433484,60.969424],[2.408677,60.790402]]]}},{"type":"Feature","properties":{"name":"E640N1240","e_km":640,"n_km":1240},"geometry":{"type":"Polygon","coordinates":[[[2.433484,60.969424],[2.801628,60.956786],[2.831403,61.13628],[2.461138,61.14902],[2.433484,60.969424]]]}},{"type":"Feature","properties":{"name":"E640N1260","e_km":640,"n_km":1260},"geometry":{"type":"Polygon","coordinates":[[[2.461138,61.14902],[2.831403,61.13628],[2.858979,61.315207],[2.486618,61.328041],[2.461138,61.14902]]]}},{"type":"Feature","properties":{"name":"E640N1280","e_km":640,"n_km":1280},"geometry":{"type":"Polygon","coordinates":[[[2.486618,61.328041],[2.858979,61.315207],[2.886918,61.494122],[2.512435,61.507051],[2.486618,61.328041]]]}},{"type":"Feature","properties":{"name":"E660N0000","e_km":660,"n_km":0},"geometry":{"type":"Polygon","coordinates":[[[1.61515,49.843847],[1.892687,49.834847],[1.907186,50.014308],[1.628621,50.023365],[1.61515,49.843847]]]}},{"type":"Feature","properties":{"name":"E660N0020","e_km":660,"n_km":20},"geometry":{"type":"Polygon","coordinates":[[[1.628621,50.023365],[1.907186,50.014308],[1.921833,50.193761],[1.642229,50.202875],[1.628621,50.023365]]]}},{"type":"Feature","properties":{"name":"E660N0040","e_km":660,"n_km":40},"geometry":{"type":"Polygon","coordinates":[[[1.642229,50.202875],[1.921833,50.193761],[1.936628,50.373205],[1.655976,50.382377],[1.642229,50.202875]]]}},{"type":"Feature","properties":{"name":"E660N0060","e_km":660,"n_km":60},"geometry":{"type":"Polygon","coordinates":[[[1.655976,50.382377],[1.936628,50.373205],[1.951574,50.55264],[1.669862,50.56187],[1.655976,50.382377]]]}},{"type":"Feature","properties":{"name":"E660N0080","e_km":660,"n_km":80},"geometry":{"type":"Polygon","coordinates":[[[1.669862,50.56187],[1.951574,50.55264],[1.966673,50.732066],[1.683891,50.741355],[1.669862,50.56187]]]}},{"type":"Feature","properties":{"name":"E660N0100","e_km":660,"n_km":100},"geometry":{"type":"Polygon","coordinates":[[[1.683891,50.741355],[1.966673,50.732066],[1.981927,50.911483],[1.698063,50.920832],[1.683891,50.741355]]]}},{"type":"Feature","properties":{"name":"E660N0120","e_km":660,"n_km":120},"geometry":{"type":"Polygon","coordinates":[[[1.698063,50.920832],[1.981927,50.911483],[1.997337,51.090892],[1.712381,51.1003],[1.698063,50.920832]]]}},{"type":"Feature","properties":{"name":"E660N0140","e_km":660,"n_km":140},"geometry":{"type":"Polygon","coordinates":[[[1.712381,51.1003],[1.997337,51.090892],[2.012907,51.270291],[1.726847,51.27976],[1.712381,51.1003]]]}},{"type":"Feature","properties":{"name":"E660N0160","e_km":660,"n_km":160},"geometry":{"type":"Polygon","coordinates":[[[1.726847,51.27976],[2.012907,51.270291],[2.028637,51.449682],[1.741463,51.459211],[1.726847,51.27976]]]}},{"type":"Feature","properties":{"name":"E660N0180","e_km":660,"n_km":180},"geometry":{"type":"Polygon","coordinates":[[[1.741463,51.459211],[2.028637,51.449682],[2.044532,51.629063],[1.756231,51.638653],[1.741463,51.459211]]]}},{"type":"Feature","properties":{"name":"E660N0200","e_km":660,"n_km":200},"geometry":{"type":"Polygon","coordinates":[[[1.756231,51.638653],[2.044532,51.629063],[2.060591,51.808436],[1.771153,51.818087],[1.756231,51.638653]]]}},{"type":"Feature","properties":{"name":"E660N0220","e_km":660,"n_km":220},"geometry":{"type":"Polygon","coordinates":[[[1.771153,51.818087],[2.060591,51.808436],[2.076819,51.987799],[1.786231,51.997513],[1.771153,51.818087]]]}},{"type":"Feature","properties":{"name":"E660N0240","e_km":660,"n_km":240},"geometry":{"type":"Polygon","coordinates":[[[1.786231,51.997513],[2.076819,51.987799],[2.093217,52.167154],[1.801467,52.17693],[1.786231,51.997513]]]}},{"type":"Feature","properties":{"name":"E660N0260","e_km":660,"n_km":260},"geometry":{"type":"Polygon","coordinates":[[[1.801467,52.17693],[2.093217,52.167154],[2.109787,52.346499],[1.816863,52.356338],[1.801467,52.17693]]]}},{"type":"Feature","properties":{"name":"E660N0280","e_km":660,"n_km":280},"geometry":{"type":"Polygon","coordinates":[[[1.816863,52.356338],[2.109787,52.346499],[2.126533,52.525835],[1.832423,52.535737],[1.816863,52.356338]]]}},{"type":"Feature","properties":{"name":"E660N0300","e_km":660,"n_km":300},"geometry":{"type":"Polygon","coordinates":[[[1.832423,52.535737],[2.126533,52.525835],[2.143456,52.705161],[1.848147,52.715128],[1.832423,52.535737]]]}},{"type":"Feature","properties":{"name":"E660N0320","e_km":660,"n_km":320},"geometry":{"type":"Polygon","coordinates":[[[1.848147,52.715128],[2.143456,52.705161],[2.160559,52.884478],[1.864039,52.89451],[1.848147,52.715128]]]}},{"type":"Feature","properties":{"name":"E660N0340","e_km":660,"n_km":340},"geometry":{"type":"Polygon","coordinates":[[[1.864039,52.89451],[2.160559,52.884478],[2.177845,53.063786],[1.8801,53.073883],[1.864039,52.89451]]]}},{"type":"Feature","properties":{"name":"E660N0360","e_km":660,"n_km":360},"geometry":{"type":"Polygon","coordinates":[[[1.8801,53.073883],[2.177845,53.063786],[2.195316,53.243085],[1.896334,53.253247],[1.8801,53.073883]]]}},{"type":"Feature","properties":{"name":"E660N0380","e_km":660,"n_km":380},"geometry":{"type":"Polygon","coordinates":[[[1.896334,53.253247],[2.195316,53.243085],[2.212975,53.422374],[1.912742,53.432602],[1.896334,53.253247]]]}},{"type":"Feature","properties":{"name":"E660N0400","e_km":660,"n_km":400},"geometry":{"type":"Polygon","coordinates":[[[1.912742,53.432602],[2.212975,53.422374],[2.230824,53.601653],[1.929328,53.611949],[1.912742,53.432602]]]}},{"type":"Feature","properties":{"name":"E660N0420","e_km":660,"n_km":420},"geometry":{"type":"Polygon","coordinates":[[[1.929328,53.611949],[2.230824,53.601653],[2.248867,53.780923],[1.946094,53.791286],[1.929328,53.611949]]]}},{"type":"Feature","properties":{"name":"E660N0440","e_km":660,"n_km":440},"geometry":{"type":"Polygon","coordinates":[[[1.946094,53.791286],[2.248867,53.780923],[2.267106,53.960184],[1.963041,53.970614],[1.946094,53.791286]]]}},{"type":"Feature","properties":{"name":"E660N0460","e_km":660,"n_km":460},"geometry":{"type":"Polygon","coordinates":[[[1.963041,53.970614],[2.267106,53.960184],[2.285544,54.139435],[1.980174,54.149933],[1.963041,53.970614]]]}},{"type":"Feature","properties":{"name":"E660N0480","e_km":660,"n_km":480},"geometry":{"type":"Polygon","coordinates":[[[1.980174,54.149933],[2.285544,54.139435],[2.304184,54.318676],[1.997495,54.329244],[1.980174,54.149933]]]}},{"type":"Feature","properties":{"name":"E660N0500","e_km":660,"n_km":500},"geometry":{"type":"Polygon","coordinates":[[[1.997495,54.329244],[2.304184,54.318676],[2.323029,54.497907],[2.015006,54.508544],[1.997495,54.329244]]]}},{"type":"Feature","properties":{"name":"E660N0520","e_km":660,"n_km":520},"geometry":{"type":"Polygon","coordinates":[[[2.015006,54.508544],[2.323029,54.497907],[2.342083,54.677128],[2.032711,54.687836],[2.015006,54.508544]]]}},{"type":"Feature","properties":{"name":"E660N0540","e_km":660,"n_km":540},"geometry":{"type":"Polygon","coordinates":[[[2.032711,54.687836],[2.342083,54.677128],[2.361347,54.85634],[2.050613,54.867119],[2.032711,54.687836]]]}},{"type":"Feature","properties":{"name":"E660N0560","e_km":660,"n_km":560},"geometry":{"type":"Polygon","coordinates":[[[2.050613,54.867119],[2.361347,54.85634],[2.380826,55.035541],[2.068713,55.046392],[2.050613,54.867119]]]}},{"type":"Feature","properties":{"name":"E660N0580","e_km":660,"n_km":580},"geometry":{"type":"Polygon","coordinates":[[[2.068713,55.046392],[2.380826,55.035541],[2.400523,55.214733],[2.087016,55.225656],[2.068713,55.046392]]]}},{"type":"Feature","properties":{"name":"E660N0600","e_km":660,"n_km":600},"geometry":{"type":"Polygon","coordinates":[[[2.087016,55.225656],[2.400523,55.214733],[2.42044,55.393915],[2.105525,55.40491],[2.087016,55.225656]]]}},{"type":"Feature","properties":{"name":"E660N0620","e_km":660,"n_km":620},"geometry":{"type":"Polygon","coordinates":[[[2.105525,55.40491],[2.42044,55.393915],[2.440582,55.573086],[2.124242,55.584155],[2.105525,55.40491]]]}},{"type":"Feature","properties":{"name":"E660N0640","e_km":660,"n_km":640},"geometry":{"type":"Polygon","coordinates":[[[2.124242,55.584155],[2.440582,55.573086],[2.460952,55.752247],[2.143171,55.76339],[2.124242,55.584155]]]}},{"type":"Feature","properties":{"name":"E660N0660","e_km":660,"n_km":660},"geometry":{"type":"Polygon","coordinates":[[[2.143171,55.76339],[2.460952,55.752247],[2.481553,55.931398],[2.162316,55.942616],[2.143171,55.76339]]]}},{"type":"Feature","properties":{"name":"E660N0680","e_km":660,"n_km":680},"geometry":{"type":"Polygon","coordinates":[[[2.162316,55.942616],[2.481553,55.931398],[2.502389,56.110539],[2.181679,56.121832],[2.162316,55.942616]]]}},{"type":"Feature","properties":{"name":"E660N0700","e_km":660,"n_km":700},"geometry":{"type":"Polygon","coordinates":[[[2.181679,56.121832],[2.502389,56.110539],[2.523464,56.289669],[2.201263,56.301039],[2.181679,56.121832]]]}},{"type":"Feature","properties":{"name":"E660N0720","e_km":660,"n_km":720},"geometry":{"type":"Polygon","coordinates":[[[2.201263,56.301039],[2.523464,56.289669],[2.544782,56.468789],[2.221074,56.480235],[2.201263,56.301039]]]}},{"type":"Feature","properties":{"name":"E660N0740","e_km":660,"n_km":740},"geometry":{"type":"Polygon","coordinates":[[[2.221074,56.480235],[2.544782,56.468789],[2.566345,56.647898],[2.241113,56.659422],[2.221074,56.480235]]]}},{"type":"Feature","properties":{"name":"E660N0760","e_km":660,"n_km":760},"geometry":{"type":"Polygon","coordinates":[[[2.241113,56.659422],[2.566345,56.647898],[2.588159,56.826997],[2.261385,56.838599],[2.241113,56.659422]]]}},{"type":"Feature","properties":{"name":"E660N0780","e_km":660,"n_km":780},"geometry":{"type":"Polygon","coordinates":[[[2.261385,56.838599],[2.588159,56.826997],[2.610227,57.006085],[2.281893,57.017767],[2.261385,56.838599]]]}},{"type":"Feature","properties":{"name":"E660N0800","e_km":660,"n_km":800},"geometry":{"type":"Polygon","coordinates":[[[2.281893,57.017767],[2.610227,57.006085],[2.632554,57.185162],[2.302642,57.196924],[2.281893,57.017767]]]}},{"type":"Feature","properties":{"name":"E660N0820","e_km":660,"n_km":820},"geometry":{"type":"Polygon","coordinates":[[[2.302642,57.196924],[2.632554,57.185162],[2.655143,57.364229],[2.323635,57.376071],[2.302642,57.196924]]]}},{"type":"Feature","properties":{"name":"E660N0840","e_km":660,"n_km":840},"geometry":{"type":"Polygon","coordinates":[[[2.323635,57.376071],[2.655143,57.364229],[2.677998,57.543284],[2.344876,57.555208],[2.323635,57.376071]]]}},{"type":"Feature","properties":{"name":"E660N0860","e_km":660,"n_km":860},"geometry":{"type":"Polygon","coordinates":[[[2.344876,57.555208],[2.677998,57.543284],[2.701125,57.722329],[2.366369,57.734335],[2.344876,57.555208]]]}},{"type":"Feature","properties":{"name":"E660N0880","e_km":660,"n_km":880},"geometry":{"type":"Polygon","coordinates":[[[2.366369,57.734335],[2.701125,57.722329],[2.724528,57.901362],[2.388119,57.913451],[2.366369,57.734335]]]}},{"type":"Feature","properties":{"name":"E660N0900","e_km":660,"n_km":900},"geometry":{"type":"Polygon","coordinates":[[[2.388119,57.913451],[2.724528,57.901362],[2.748211,58.080384],[2.410129,58.092557],[2.388119,57.913451]]]}},{"type":"Feature","properties":{"name":"E660N0920","e_km":660,"n_km":920},"geometry":{"type":"Polygon","coordinates":[[[2.410129,58.092557],[2.748211,58.080384],[2.772179,58.259395],[2.432404,58.271653],[2.410129,58.092557]]]}},{"type":"Feature","properties":{"name":"E660N0940","e_km":660,"n_km":940},"geometry":{"type":"Polygon","coordinates":[[[2.432404,58.271653],[2.772179,58.259395],[2.796436,58.438395],[2.454949,58.450739],[2.432404,58.271653]]]}},{"type":"Feature","properties":{"name":"E660N0960","e_km":660,"n_km":960},"geometry":{"type":"Polygon","coordinates":[[[2.454949,58.450739],[2.796436,58.438395],[2.820989,58.617384],[2.477768,58.629813],[2.454949,58.450739]]]}},{"type":"Feature","properties":{"name":"E660N0980","e_km":660,"n_km":980},"geometry":{"type":"Polygon","coordinates":[[[2.477768,58.629813],[2.820989,58.617384],[2.84584,58.79636],[2.500866,58.808877],[2.477768,58.629813]]]}},{"type":"Feature","properties":{"name":"E660N1000","e_km":660,"n_km":1000},"geometry":{"type":"Polygon","coordinates":[[[2.500866,58.808877],[2.84584,58.79636],[2.870997,58.975325],[2.524247,58.987931],[2.500866,58.808877]]]}},{"type":"Feature","properties":{"name":"E660N1020","e_km":660,"n_km":1020},"geometry":{"type":"Polygon","coordinates":[[[2.524247,58.987931],[2.870997,58.975325],[2.896464,59.154279],[2.547916,59.166974],[2.524247,58.987931]]]}},{"type":"Feature","properties":{"name":"E660N1040","e_km":660,"n_km":1040},"geometry":{"type":"Polygon","coordinates":[[[2.547916,59.166974],[2.896464,59.154279],[2.922245,59.333221],[2.571879,59.346005],[2.547916,59.166974]]]}},{"type":"Feature","properties":{"name":"E660N1060","e_km":660,"n_km":1060},"geometry":{"type":"Polygon","coordinates":[[[2.571879,59.346005],[2.922245,59.333221],[2.948348,59.51215],[2.59614,59.525026],[2.571879,59.346005]]]}},{"type":"Feature","properties":{"name":"E660N1080","e_km":660,"n_km":1080},"geometry":{"type":"Polygon","coordinates":[[[2.59614,59.525026],[2.948348,59.51215],[2.974777,59.691068],[2.620705,59.704036],[2.59614,59.525026]]]}},{"type":"Feature","properties":{"name":"E660N1100","e_km":660,"n_km":1100},"geometry":{"type":"Polygon","coordinates":[[[2.620705,59.704036],[2.974777,59.691068],[3.001539,59.869974],[2.645579,59.883034],[2.620705,59.704036]]]}},{"type":"Feature","properties":{"name":"E660N1120","e_km":660,"n_km":1120},"geometry":{"type":"Polygon","coordinates":[[[2.645579,59.883034],[3.001539,59.869974],[3.028638,60.048867],[2.670767,60.062022],[2.645579,59.883034]]]}},{"type":"Feature","properties":{"name":"E660N1140","e_km":660,"n_km":1140},"geometry":{"type":"Polygon","coordinates":[[[2.670767,60.062022],[3.028638,60.048867],[3.056082,60.227748],[2.696276,60.240998],[2.670767,60.062022]]]}},{"type":"Feature","properties":{"name":"E660N1160","e_km":660,"n_km":1160},"geometry":{"type":"Polygon","coordinates":[[[2.696276,60.240998],[3.056082,60.227748],[3.083875,60.406616],[2.72211,60.419962],[2.696276,60.240998]]]}},{"type":"Feature","properties":{"name":"E660N1180","e_km":660,"n_km":1180},"geometry":{"type":"Polygon","coordinates":[[[2.72211,60.419962],[3.083875,60.406616],[3.112026,60.585472],[2.748276,60.598915],[2.72211,60.419962]]]}},{"type":"Feature","properties":{"name":"E660N1200","e_km":660,"n_km":1200},"geometry":{"type":"Polygon","coordinates":[[[2.748276,60.598915],[3.112026,60.585472],[3.140539,60.764316],[2.77478,60.777857],[2.748276,60.598915]]]}},{"type":"Feature","properties":{"name":"E660N1220","e_km":660,"n_km":1220},"geometry":{"type":"Polygon","coordinates":[[[2.77478,60.777857],[3.140539,60.764316],[3.169423,60.943146],[2.801628,60.956786],[2.77478,60.777857]]]}},{"type":"Feature","properties":{"name":"E660N1240","e_km":660,"n_km":1240},"geometry":{"type":"Polygon","coordinates":[[[2.801628,60.956786],[3.169423,60.943146],[3.201311,61.12253],[2.831403,61.13628],[2.801628,60.956786]]]}},{"type":"Feature","properties":{"name":"E660N1260","e_km":660,"n_km":1260},"geometry":{"type":"Polygon","coordinates":[[[2.831403,61.13628],[3.201311,61.12253],[3.230975,61.301355],[2.858979,61.315207],[2.831403,61.13628]]]}},{"type":"Feature","properties":{"name":"E660N1280","e_km":660,"n_km":1280},"geometry":{"type":"Polygon","coordinates":[[[2.858979,61.315207],[3.230975,61.301355],[3.26103,61.480167],[2.886918,61.494122],[2.858979,61.315207]]]}},{"type":"Feature","properties":{"name":"E680N0000","e_km":680,"n_km":0},"geometry":{"type":"Polygon","coordinates":[[[1.892687,49.834847],[2.17187,49.824442],[2.187405,50.003862],[1.907186,50.014308],[1.892687,49.834847]]]}},{"type":"Feature","properties":{"name":"E680N0020","e_km":680,"n_km":20},"geometry":{"type":"Polygon","coordinates":[[[1.907186,50.014308],[2.187405,50.003862],[2.203098,50.183273],[1.921833,50.193761],[1.907186,50.014308]]]}},{"type":"Feature","properties":{"name":"E680N0040","e_km":680,"n_km":40},"geometry":{"type":"Polygon","coordinates":[[[1.921833,50.193761],[2.203098,50.183273],[2.21895,50.362675],[1.936628,50.373205],[1.921833,50.193761]]]}},{"type":"Feature","properties":{"name":"E680N0060","e_km":680,"n_km":60},"geometry":{"type":"Polygon","coordinates":[[[1.936628,50.373205],[2.21895,50.362675],[2.234963,50.542068],[1.951574,50.55264],[1.936628,50.373205]]]}},{"type":"Feature","properties":{"name":"E680N0080","e_km":680,"n_km":80},"geometry":{"type":"Polygon","coordinates":[[[1.951574,50.55264],[2.234963,50.542068],[2.25114,50.721451],[1.966673,50.732066],[1.951574,50.55264]]]}},{"type":"Feature","properties":{"name":"E680N0100","e_km":680,"n_km":100},"geometry":{"type":"Polygon","coordinates":[[[1.966673,50.732066],[2.25114,50.721451],[2.267483,50.900825],[1.981927,50.911483],[1.966673,50.732066]]]}},{"type":"Feature","properties":{"name":"E680N0120","e_km":680,"n_km":120},"geometry":{"type":"Polygon","coordinates":[[[1.981927,50.911483],[2.267483,50.900825],[2.283993,51.08019],[1.997337,51.090892],[1.981927,50.911483]]]}},{"type":"Feature","properties":{"name":"E680N0140","e_km":680,"n_km":140},"geometry":{"type":"Polygon","coordinates":[[[1.997337,51.090892],[2.283993,51.08019],[2.300674,51.259545],[2.012907,51.270291],[1.997337,51.090892]]]}},{"type":"Feature","properties":{"name":"E680N0160","e_km":680,"n_km":160},"geometry":{"type":"Polygon","coordinates":[[[2.012907,51.270291],[2.300674,51.259545],[2.317528,51.438891],[2.028637,51.449682],[2.012907,51.270291]]]}},{"type":"Feature","properties":{"name":"E680N0180","e_km":680,"n_km":180},"geometry":{"type":"Polygon","coordinates":[[[2.028637,51.449682],[2.317528,51.438891],[2.334556,51.618227],[2.044532,51.629063],[2.028637,51.449682]]]}},{"type":"Feature","properties":{"name":"E680N0200","e_km":680,"n_km":200},"geometry":{"type":"Polygon","coordinates":[[[2.044532,51.629063],[2.334556,51.618227],[2.351762,51.797554],[2.060591,51.808436],[2.044532,51.629063]]]}},{"type":"Feature","properties":{"name":"E680N0220","e_km":680,"n_km":220},"geometry":{"type":"Polygon","coordinates":[[[2.060591,51.808436],[2.351762,51.797554],[2.369148,51.976872],[2.076819,51.987799],[2.060591,51.808436]]]}},{"type":"Feature","properties":{"name":"E680N0240","e_km":680,"n_km":240},"geometry":{"type":"Polygon","coordinates":[[[2.076819,51.987799],[2.369148,51.976872],[2.386716,52.156179],[2.093217,52.167154],[2.076819,51.987799]]]}},{"type":"Feature","properties":{"name":"E680N0260","e_km":680,"n_km":260},"geometry":{"type":"Polygon","coordinates":[[[2.093217,52.167154],[2.386716,52.156179],[2.404469,52.335477],[2.109787,52.346499],[2.093217,52.167154]]]}},{"type":"Feature","properties":{"name":"E680N0280","e_km":680,"n_km":280},"geometry":{"type":"Polygon","coordinates":[[[2.109787,52.346499],[2.404469,52.335477],[2.422409,52.514765],[2.126533,52.525835],[2.109787,52.346499]]]}},{"type":"Feature","properties":{"name":"E680N0300","e_km":680,"n_km":300},"geometry":{"type":"Polygon","coordinates":[[[2.126533,52.525835],[2.422409,52.514765],[2.44054,52.694043],[2.143456,52.705161],[2.126533,52.525835]]]}},{"type":"Feature","properties":{"name":"E680N0320","e_km":680,"n_km":320},"geometry":{"type":"Polygon","coordinates":[[[2.143456,52.705161],[2.44054,52.694043],[2.458863,52.873312],[2.160559,52.884478],[2.143456,52.705161]]]}},{"type":"Feature","properties":{"name":"E680N0340","e_km":680,"n_km":340},"geometry":{"type":"Polygon","coordinates":[[[2.160559,52.884478],[2.458863,52.873312],[2.477382,53.05257],[2.177845,53.063786],[2.160559,52.884478]]]}},{"type":"Feature","properties":{"name":"E680N0360","e_km":680,"n_km":360},"geometry":{"type":"Polygon","coordinates":[[[2.177845,53.063786],[2.477382,53.05257],[2.496099,53.231819],[2.195316,53.243085],[2.177845,53.063786]]]}},{"type":"Feature","properties":{"name":"E680N0380","e_km":680,"n_km":380},"geometry":{"type":"Polygon","coordinates":[[[2.195316,53.243085],[2.496099,53.231819],[2.515017,53.411057],[2.212975,53.422374],[2.195316,53.243085]]]}},{"type":"Feature","properties":{"name":"E680N0400","e_km":680,"n_km":400},"geometry":{"type":"Polygon","coordinates":[[[2.212975,53.422374],[2.515017,53.411057],[2.534139,53.590286],[2.230824,53.601653],[2.212975,53.422374]]]}},{"type":"Feature","properties":{"name":"E680N0420","e_km":680,"n_km":420},"geometry":{"type":"Polygon","coordinates":[[[2.230824,53.601653],[2.534139,53.590286],[2.553469,53.769504],[2.248867,53.780923],[2.230824,53.601653]]]}},{"type":"Feature","properties":{"name":"E680N0440","e_km":680,"n_km":440},"geometry":{"type":"Polygon","coordinates":[[[2.248867,53.780923],[2.553469,53.769504],[2.573008,53.948712],[2.267106,53.960184],[2.248867,53.780923]]]}},{"type":"Feature","properties":{"name":"E680N0460","e_km":680,"n_km":460},"geometry":{"type":"Polygon","coordinates":[[[2.267106,53.960184],[2.573008,53.948712],[2.592761,54.12791],[2.285544,54.139435],[2.267106,53.960184]]]}},{"type":"Feature","properties":{"name":"E680N0480","e_km":680,"n_km":480},"geometry":{"type":"Polygon","coordinates":[[[2.285544,54.139435],[2.592761,54.12791],[2.61273,54.307098],[2.304184,54.318676],[2.285544,54.139435]]]}},{"type":"Feature","properties":{"name":"E680N0500","e_km":680,"n_km":500},"geometry":{"type":"Polygon","coordinates":[[[2.304184,54.318676],[2.61273,54.307098],[2.632918,54.486275],[2.323029,54.497907],[2.304184,54.318676]]]}},{"type":"Feature","properties":{"name":"E680N0520","e_km":680,"n_km":520},"geometry":{"type":"Polygon","coordinates":[[[2.323029,54.497907],[2.632918,54.486275],[2.653329,54.665441],[2.342083,54.677128],[2.323029,54.497907]]]}},{"type":"Feature","properties":{"name":"E680N0540","e_km":680,"n_km":540},"geometry":{"type":"Polygon","coordinates":[[[2.342083,54.677128],[2.653329,54.665441],[2.673967,54.844597],[2.361347,54.85634],[2.342083,54.677128]]]}},{"type":"Feature","properties":{"name":"E680N0560","e_km":680,"n_km":560},"geometry":{"type":"Polygon","coordinates":[[[2.361347,54.85634],[2.673967,54.844597],[2.694834,55.023743],[2.380826,55.035541],[2.361347,54.85634]]]}},{"type":"Feature","properties":{"name":"E680N0580","e_km":680,"n_km":580},"geometry":{"type":"Polygon","coordinates":[[[2.380826,55.035541],[2.694834,55.023743],[2.715934,55.202878],[2.400523,55.214733],[2.380826,55.035541]]]}},{"type":"Feature","properties":{"name":"E680N0600","e_km":680,"n_km":600},"geometry":{"type":"Polygon","coordinates":[[[2.400523,55.214733],[2.715934,55.202878],[2.73727,55.382002],[2.42044,55.393915],[2.400523,55.214733]]]}},{"type":"Feature","properties":{"name":"E680N0620","e_km":680,"n_km":620},"geometry":{"type":"Polygon","coordinates":[[[2.42044,55.393915],[2.73727,55.382002],[2.758847,55.561115],[2.440582,55.573086],[2.42044,55.393915]]]}},{"type":"Feature","properties":{"name":"E680N0640","e_km":680,"n_km":640},"geometry":{"type":"Polygon","coordinates":[[[2.440582,55.573086],[2.758847,55.561115],[2.780668,55.740217],[2.460952,55.752247],[2.440582,55.573086]]]}},{"type":"Feature","properties":{"name":"E680N0660","e_km":680,"n_km":660},"geometry":{"type":"Polygon","coordinates":[[[2.460952,55.752247],[2.780668,55.740217],[2.802736,55.919309],[2.481553,55.931398],[2.460952,55.752247]]]}},{"type":"Feature","properties":{"name":"E680N0680","e_km":680,"n_km":680},"geometry":{"type":"Polygon","coordinates":[[[2.481553,55.931398],[2.802736,55.919309],[2.825056,56.098389],[2.502389,56.110539],[2.481553,55.931398]]]}},{"type":"Feature","properties":{"name":"E680N0700","e_km":680,"n_km":700},"geometry":{"type":"Polygon","coordinates":[[[2.502389,56.110539],[2.825056,56.098389],[2.847632,56.277458],[2.523464,56.289669],[2.502389,56.110539]]]}},{"type":"Feature","properties":{"name":"E680N0720","e_km":680,"n_km":720},"geometry":{"type":"Polygon","coordinates":[[[2.523464,56.289669],[2.847632,56.277458],[2.870467,56.456516],[2.544782,56.468789],[2.523464,56.289669]]]}},{"type":"Feature","properties":{"name":"E680N0740","e_km":680,"n_km":740},"geometry":{"type":"Polygon","coordinates":[[[2.544782,56.468789],[2.870467,56.456516],[2.893566,56.635563],[2.566345,56.647898],[2.544782,56.468789]]]}},{"type":"Feature","properties":{"name":"E680N0760","e_km":680,"n_km":760},"geometry":{"type":"Polygon","coordinates":[[[2.566345,56.647898],[2.893566,56.635563],[2.916932,56.814598],[2.588159,56.826997],[2.566345,56.647898]]]}},{"type":"Feature","properties":{"name":"E680N0780","e_km":680,"n_km":780},"geometry":{"type":"Polygon","coordinates":[[[2.588159,56.826997],[2.916932,56.814598],[2.940571,56.993622],[2.610227,57.006085],[2.588159,56.826997]]]}},{"type":"Feature","properties":{"name":"E680N0800","e_km":680,"n_km":800},"geometry":{"type":"Polygon","coordinates":[[[2.610227,57.006085],[2.940571,56.993622],[2.964486,57.172635],[2.632554,57.185162],[2.610227,57.006085]]]}},{"type":"Feature","properties":{"name":"E680N0820","e_km":680,"n_km":820},"geometry":{"type":"Polygon","coordinates":[[[2.632554,57.185162],[2.964486,57.172635],[2.988683,57.351635],[2.655143,57.364229],[2.632554,57.185162]]]}},{"type":"Feature","properties":{"name":"E680N0840","e_km":680,"n_km":840},"geometry":{"type":"Polygon","coordinates":[[[2.655143,57.364229],[2.988683,57.351635],[3.013164,57.530624],[2.677998,57.543284],[2.655143,57.364229]]]}},{"type":"Feature","properties":{"name":"E680N0860","e_km":680,"n_km":860},"geometry":{"type":"Polygon","coordinates":[[[2.677998,57.543284],[3.013164,57.530624],[3.037937,57.709601],[2.701125,57.722329],[2.677998,57.543284]]]}},{"type":"Feature","properties":{"name":"E680N0880","e_km":680,"n_km":880},"geometry":{"type":"Polygon","coordinates":[[[2.701125,57.722329],[3.037937,57.709601],[3.063004,57.888566],[2.724528,57.901362],[2.701125,57.722329]]]}},{"type":"Feature","properties":{"name":"E680N0900","e_km":680,"n_km":900},"geometry":{"type":"Polygon","coordinates":[[[2.724528,57.901362],[3.063004,57.888566],[3.088371,58.06752],[2.748211,58.080384],[2.724528,57.901362]]]}},{"type":"Feature","properties":{"name":"E680N0920","e_km":680,"n_km":920},"geometry":{"type":"Polygon","coordinates":[[[2.748211,58.080384],[3.088371,58.06752],[3.114043,58.246461],[2.772179,58.259395],[2.748211,58.080384]]]}},{"type":"Feature","properties":{"name":"E680N0940","e_km":680,"n_km":940},"geometry":{"type":"Polygon","coordinates":[[[2.772179,58.259395],[3.114043,58.246461],[3.140026,58.425389],[2.796436,58.438395],[2.772179,58.259395]]]}},{"type":"Feature","properties":{"name":"E680N0960","e_km":680,"n_km":960},"geometry":{"type":"Polygon","coordinates":[[[2.796436,58.438395],[3.140026,58.425389],[3.166323,58.604306],[2.820989,58.617384],[2.796436,58.438395]]]}},{"type":"Feature","properties":{"name":"E680N0980","e_km":680,"n_km":980},"geometry":{"type":"Polygon","coordinates":[[[2.820989,58.617384],[3.166323,58.604306],[3.192942,58.78321],[2.84584,58.79636],[2.820989,58.617384]]]}},{"type":"Feature","properties":{"name":"E680N1000","e_km":680,"n_km":1000},"geometry":{"type":"Polygon","coordinates":[[[2.84584,58.79636],[3.192942,58.78321],[3.219886,58.962101],[2.870997,58.975325],[2.84584,58.79636]]]}},{"type":"Feature","properties":{"name":"E680N1020","e_km":680,"n_km":1020},"geometry":{"type":"Polygon","coordinates":[[[2.870997,58.975325],[3.219886,58.962101],[3.247162,59.14098],[2.896464,59.154279],[2.870997,58.975325]]]}},{"type":"Feature","properties":{"name":"E680N1040","e_km":680,"n_km":1040},"geometry":{"type":"Polygon","coordinates":[[[2.896464,59.154279],[3.247162,59.14098],[3.274776,59.319845],[2.922245,59.333221],[2.896464,59.154279]]]}},{"type":"Feature","properties":{"name":"E680N1060","e_km":680,"n_km":1060},"geometry":{"type":"Polygon","coordinates":[[[2.922245,59.333221],[3.274776,59.319845],[3.302733,59.498698],[2.948348,59.51215],[2.922245,59.333221]]]}},{"type":"Feature","properties":{"name":"E680N1080","e_km":680,"n_km":1080},"geometry":{"type":"Polygon","coordinates":[[[2.948348,59.51215],[3.302733,59.498698],[3.331039,59.677538],[2.974777,59.691068],[2.948348,59.51215]]]}},{"type":"Feature","properties":{"name":"E680N1100","e_km":680,"n_km":1100},"geometry":{"type":"Polygon","coordinates":[[[2.974777,59.691068],[3.331039,59.677538],[3.359701,59.856365],[3.001539,59.869974],[2.974777,59.691068]]]}},{"type":"Feature","properties":{"name":"E680N1120","e_km":680,"n_km":1120},"geometry":{"type":"Polygon","coordinates":[[[3.001539,59.869974],[3.359701,59.856365],[3.388724,60.035178],[3.028638,60.048867],[3.001539,59.869974]]]}},{"type":"Feature","properties":{"name":"E680N1140","e_km":680,"n_km":1140},"geometry":{"type":"Polygon","coordinates":[[[3.028638,60.048867],[3.388724,60.035178],[3.418116,60.213978],[3.056082,60.227748],[3.028638,60.048867]]]}},{"type":"Feature","properties":{"name":"E680N1160","e_km":680,"n_km":1160},"geometry":{"type":"Polygon","coordinates":[[[3.056082,60.227748],[3.418116,60.213978],[3.447883,60.392765],[3.083875,60.406616],[3.056082,60.227748]]]}},{"type":"Feature","properties":{"name":"E680N1180","e_km":680,"n_km":1180},"geometry":{"type":"Polygon","coordinates":[[[3.083875,60.406616],[3.447883,60.392765],[3.478031,60.571537],[3.112026,60.585472],[3.083875,60.406616]]]}},{"type":"Feature","properties":{"name":"E680N1200","e_km":680,"n_km":1200},"geometry":{"type":"Polygon","coordinates":[[[3.112026,60.585472],[3.478031,60.571537],[3.508568,60.750296],[3.140539,60.764316],[3.112026,60.585472]]]}},{"type":"Feature","properties":{"name":"E680N1220","e_km":680,"n_km":1220},"geometry":{"type":"Polygon","coordinates":[[[3.140539,60.764316],[3.508568,60.750296],[3.5395,60.929041],[3.169423,60.943146],[3.140539,60.764316]]]}},{"type":"Feature","properties":{"name":"E680N1240","e_km":680,"n_km":1240},"geometry":{"type":"Polygon","coordinates":[[[3.169423,60.943146],[3.5395,60.929041],[3.570835,61.107771],[3.201311,61.12253],[3.169423,60.943146]]]}},{"type":"Feature","properties":{"name":"E680N1260","e_km":680,"n_km":1260},"geometry":{"type":"Polygon","coordinates":[[[3.201311,61.12253],[3.570835,61.107771],[3.602581,61.286487],[3.230975,61.301355],[3.201311,61.12253]]]}},{"type":"Feature","properties":{"name":"E680N1280","e_km":680,"n_km":1280},"geometry":{"type":"Polygon","coordinates":[[[3.230975,61.301355],[3.602581,61.286487],[3.634744,61.465189],[3.26103,61.480167],[3.230975,61.301355]]]}}]}